{
  "type": "FeatureCollection",
  "name": "felipe_peixoto",
  "features": [
    {
      "type": "Feature",
      "properties": {
        "ano": 2010,
        "nr_local": "1015",
        "label": "FELIPE PEIXOTO",
        "QT_VOTOS": 1186,
        "n_secoes": 25,
        "nm_local": "INSTITUTO JCA",
        "bairro": "SANTA BARBARA",
        "cargo": "DEPUTADO ESTADUAL"
      },
      "geometry": {
        "type": "Point",
        "coordinates": [
          -43.0585179,
          -22.882301
        ]
      }
    },
    {
      "type": "Feature",
      "properties": {
        "ano": 2010,
        "nr_local": "1023",
        "label": "FELIPE PEIXOTO",
        "QT_VOTOS": 338,
        "n_secoes": 12,
        "nm_local": "PAROQUIA DE SAO JOAO BATISTA",
        "bairro": "TENENTE JARDIM",
        "cargo": "DEPUTADO ESTADUAL"
      },
      "geometry": {
        "type": "Point",
        "coordinates": [
          -43.0827273,
          -22.8639855
        ]
      }
    },
    {
      "type": "Feature",
      "properties": {
        "ano": 2010,
        "nr_local": "1031",
        "label": "FELIPE PEIXOTO",
        "QT_VOTOS": 630,
        "n_secoes": 28,
        "nm_local": "(PRÉDIO NOVO) COLÉGIO PEDRO II UNIDADE NITERÓI",
        "bairro": "BARRETO",
        "cargo": "DEPUTADO ESTADUAL"
      },
      "geometry": {
        "type": "Point",
        "coordinates": [
          -43.1037833,
          -22.8685685
        ]
      }
    },
    {
      "type": "Feature",
      "properties": {
        "ano": 2010,
        "nr_local": "1040",
        "label": "FELIPE PEIXOTO",
        "QT_VOTOS": 696,
        "n_secoes": 30,
        "nm_local": "CIEP 447 - CARAMUJO",
        "bairro": "CARAMUJO",
        "cargo": "DEPUTADO ESTADUAL"
      },
      "geometry": {
        "type": "Point",
        "coordinates": [
          -43.065134,
          -22.8827294
        ]
      }
    },
    {
      "type": "Feature",
      "properties": {
        "ano": 2010,
        "nr_local": "1058",
        "label": "FELIPE PEIXOTO",
        "QT_VOTOS": 595,
        "n_secoes": 18,
        "nm_local": "INSTITUTO SÃO BENTO DE NITEROI",
        "bairro": null,
        "cargo": "DEPUTADO ESTADUAL"
      },
      "geometry": {
        "type": "Point",
        "coordinates": [
          -43.0985232,
          -22.8970069
        ]
      }
    },
    {
      "type": "Feature",
      "properties": {
        "ano": 2010,
        "nr_local": "1066",
        "label": "FELIPE PEIXOTO",
        "QT_VOTOS": 596,
        "n_secoes": 12,
        "nm_local": "ITACOATIARA PAMPO CLUBE",
        "bairro": "ITACOATIARA",
        "cargo": "DEPUTADO ESTADUAL"
      },
      "geometry": {
        "type": "Point",
        "coordinates": [
          -43.0332117,
          -22.9646939
        ]
      }
    },
    {
      "type": "Feature",
      "properties": {
        "ano": 2010,
        "nr_local": "1074",
        "label": "FELIPE PEIXOTO",
        "QT_VOTOS": 1145,
        "n_secoes": 29,
        "nm_local": "COLEGIO ESTADUAL PAULO ASSIS RIBEIRO",
        "bairro": "BADU",
        "cargo": "DEPUTADO ESTADUAL"
      },
      "geometry": {
        "type": "Point",
        "coordinates": [
          -43.0573891,
          -22.9068537
        ]
      }
    },
    {
      "type": "Feature",
      "properties": {
        "ano": 2010,
        "nr_local": "1082",
        "label": "FELIPE PEIXOTO",
        "QT_VOTOS": 1190,
        "n_secoes": 40,
        "nm_local": "UMEI DR PAULO CESAR DE ALMEIDA PIMENTEL",
        "bairro": "ITAIPU",
        "cargo": "DEPUTADO ESTADUAL"
      },
      "geometry": {
        "type": "Point",
        "coordinates": [
          -43.0327165,
          -22.9614459
        ]
      }
    },
    {
      "type": "Feature",
      "properties": {
        "ano": 2010,
        "nr_local": "1090",
        "label": "FELIPE PEIXOTO",
        "QT_VOTOS": 1352,
        "n_secoes": 47,
        "nm_local": "COLÉGIO ESTADUAL PROFESSORA ALCINA RODRIGUES LIMA",
        "bairro": "ITAIPU",
        "cargo": "DEPUTADO ESTADUAL"
      },
      "geometry": {
        "type": "Point",
        "coordinates": [
          -43.0285072,
          -22.9528491
        ]
      }
    },
    {
      "type": "Feature",
      "properties": {
        "ano": 2010,
        "nr_local": "1104",
        "label": "FELIPE PEIXOTO",
        "QT_VOTOS": 777,
        "n_secoes": 18,
        "nm_local": "ESCOLA MUNICIPAL ALTIVO CESAR",
        "bairro": "BARRETO",
        "cargo": "DEPUTADO ESTADUAL"
      },
      "geometry": {
        "type": "Point",
        "coordinates": [
          -43.0995714,
          -22.8645343
        ]
      }
    },
    {
      "type": "Feature",
      "properties": {
        "ano": 2010,
        "nr_local": "1112",
        "label": "FELIPE PEIXOTO",
        "QT_VOTOS": 1378,
        "n_secoes": 40,
        "nm_local": "COLÉGIO SALESIANO REGIÃO OCEÂNICA",
        "bairro": "PIRATININGA",
        "cargo": "DEPUTADO ESTADUAL"
      },
      "geometry": {
        "type": "Point",
        "coordinates": [
          -43.0618731,
          -22.9393022
        ]
      }
    },
    {
      "type": "Feature",
      "properties": {
        "ano": 2010,
        "nr_local": "1120",
        "label": "FELIPE PEIXOTO",
        "QT_VOTOS": 1046,
        "n_secoes": 36,
        "nm_local": "COLÉGIO ESTADUAL ALMIRANTE TAMANDARÉ",
        "bairro": "PIRATININGA",
        "cargo": "DEPUTADO ESTADUAL"
      },
      "geometry": {
        "type": "Point",
        "coordinates": [
          -43.0916732,
          -22.9512083
        ]
      }
    },
    {
      "type": "Feature",
      "properties": {
        "ano": 2010,
        "nr_local": "1139",
        "label": "FELIPE PEIXOTO",
        "QT_VOTOS": 776,
        "n_secoes": 26,
        "nm_local": "ESCOLA MUNICIPAL FRANCISCO PORTUGAL NEVES",
        "bairro": "PIRATININGA",
        "cargo": "DEPUTADO ESTADUAL"
      },
      "geometry": {
        "type": "Point",
        "coordinates": [
          -43.056665,
          -22.942363
        ]
      }
    },
    {
      "type": "Feature",
      "properties": {
        "ano": 2010,
        "nr_local": "1147",
        "label": "FELIPE PEIXOTO",
        "QT_VOTOS": 221,
        "n_secoes": 15,
        "nm_local": "ESCOLA MUNICIPAL VERA LUCIA MACHADO",
        "bairro": "BADU",
        "cargo": "DEPUTADO ESTADUAL"
      },
      "geometry": {
        "type": "Point",
        "coordinates": [
          -43.0500355,
          -22.9045
        ]
      }
    },
    {
      "type": "Feature",
      "properties": {
        "ano": 2010,
        "nr_local": "1155",
        "label": "FELIPE PEIXOTO",
        "QT_VOTOS": 889,
        "n_secoes": 27,
        "nm_local": "COLÉGIO ITAPUCA",
        "bairro": "PIRATININGA",
        "cargo": "DEPUTADO ESTADUAL"
      },
      "geometry": {
        "type": "Point",
        "coordinates": [
          -43.0593249,
          -22.9437854
        ]
      }
    },
    {
      "type": "Feature",
      "properties": {
        "ano": 2010,
        "nr_local": "1163",
        "label": "FELIPE PEIXOTO",
        "QT_VOTOS": 515,
        "n_secoes": 35,
        "nm_local": "COLÉGIO ESTADUAL CONSELHEIRO MACEDO SOARES",
        "bairro": "BARRETO",
        "cargo": "DEPUTADO ESTADUAL"
      },
      "geometry": {
        "type": "Point",
        "coordinates": [
          -43.0924035,
          -22.8622231
        ]
      }
    },
    {
      "type": "Feature",
      "properties": {
        "ano": 2010,
        "nr_local": "1171",
        "label": "FELIPE PEIXOTO",
        "QT_VOTOS": 339,
        "n_secoes": 29,
        "nm_local": "ESCOLA MUNICIPAL ANTONIO COUTINHO DE AZEVEDO",
        "bairro": "SANTA BARBARA",
        "cargo": "DEPUTADO ESTADUAL"
      },
      "geometry": {
        "type": "Point",
        "coordinates": [
          -43.04869,
          -22.8756043
        ]
      }
    },
    {
      "type": "Feature",
      "properties": {
        "ano": 2010,
        "nr_local": "1180",
        "label": "FELIPE PEIXOTO",
        "QT_VOTOS": 436,
        "n_secoes": 21,
        "nm_local": "ESCOLA MUNICIPAL RACHIDE DA GLORIA SALIM SAKER",
        "bairro": "SANTA BARBARA",
        "cargo": "DEPUTADO ESTADUAL"
      },
      "geometry": {
        "type": "Point",
        "coordinates": [
          -43.0488967,
          -22.8766134
        ]
      }
    },
    {
      "type": "Feature",
      "properties": {
        "ano": 2010,
        "nr_local": "1198",
        "label": "FELIPE PEIXOTO",
        "QT_VOTOS": 629,
        "n_secoes": 21,
        "nm_local": "CIEP 448 RUY FRAZÃO SOARES",
        "bairro": "ITAIPU",
        "cargo": "DEPUTADO ESTADUAL"
      },
      "geometry": {
        "type": "Point",
        "coordinates": [
          -43.0092644,
          -22.9356576
        ]
      }
    },
    {
      "type": "Feature",
      "properties": {
        "ano": 2010,
        "nr_local": "1201",
        "label": "FELIPE PEIXOTO",
        "QT_VOTOS": 392,
        "n_secoes": 16,
        "nm_local": "OFICINAS DO SENAI",
        "bairro": "BARRETO",
        "cargo": "DEPUTADO ESTADUAL"
      },
      "geometry": {
        "type": "Point",
        "coordinates": [
          -43.1026046,
          -22.8614396
        ]
      }
    },
    {
      "type": "Feature",
      "properties": {
        "ano": 2010,
        "nr_local": "1210",
        "label": "FELIPE PEIXOTO",
        "QT_VOTOS": 298,
        "n_secoes": 16,
        "nm_local": "TIO SAM ESPORTE CLUBE",
        "bairro": "BARRETO",
        "cargo": "DEPUTADO ESTADUAL"
      },
      "geometry": {
        "type": "Point",
        "coordinates": [
          -43.104502,
          -22.8719306
        ]
      }
    },
    {
      "type": "Feature",
      "properties": {
        "ano": 2010,
        "nr_local": "1236",
        "label": "FELIPE PEIXOTO",
        "QT_VOTOS": 357,
        "n_secoes": 37,
        "nm_local": "COLÉGIO ESTADUAL MULLULO DA VEIGA",
        "bairro": "ENGENHOCA",
        "cargo": "DEPUTADO ESTADUAL"
      },
      "geometry": {
        "type": "Point",
        "coordinates": [
          -43.0988892,
          -22.8708282
        ]
      }
    },
    {
      "type": "Feature",
      "properties": {
        "ano": 2010,
        "nr_local": "1244",
        "label": "FELIPE PEIXOTO",
        "QT_VOTOS": 947,
        "n_secoes": 30,
        "nm_local": "ESCOLA ESTADUAL MANUEL DE ABREU",
        "bairro": "ICARAÍ",
        "cargo": "DEPUTADO ESTADUAL"
      },
      "geometry": {
        "type": "Point",
        "coordinates": [
          -43.1071569,
          -22.9023086
        ]
      }
    },
    {
      "type": "Feature",
      "properties": {
        "ano": 2010,
        "nr_local": "1252",
        "label": "FELIPE PEIXOTO",
        "QT_VOTOS": 406,
        "n_secoes": 17,
        "nm_local": "ESCOLA MUNICIPAL ADELINO MAGALHÃES",
        "bairro": "ENGENHOCA",
        "cargo": "DEPUTADO ESTADUAL"
      },
      "geometry": {
        "type": "Point",
        "coordinates": [
          -43.0944571,
          -22.8739038
        ]
      }
    },
    {
      "type": "Feature",
      "properties": {
        "ano": 2010,
        "nr_local": "1260",
        "label": "FELIPE PEIXOTO",
        "QT_VOTOS": 643,
        "n_secoes": 20,
        "nm_local": "INSTITUTO ABEL",
        "bairro": "ICARAÍ",
        "cargo": "DEPUTADO ESTADUAL"
      },
      "geometry": {
        "type": "Point",
        "coordinates": [
          -43.1094942,
          -22.9004168
        ]
      }
    },
    {
      "type": "Feature",
      "properties": {
        "ano": 2010,
        "nr_local": "1279",
        "label": "FELIPE PEIXOTO",
        "QT_VOTOS": 204,
        "n_secoes": 9,
        "nm_local": "INSTITUTO FOKUS (ANTIGO INTERAÇÃO CRECHE ESCOLA)",
        "bairro": "CAMBOINHAS",
        "cargo": "DEPUTADO ESTADUAL"
      },
      "geometry": {
        "type": "Point",
        "coordinates": [
          -43.062822,
          -22.9542456
        ]
      }
    },
    {
      "type": "Feature",
      "properties": {
        "ano": 2010,
        "nr_local": "1287",
        "label": "FELIPE PEIXOTO",
        "QT_VOTOS": 12,
        "n_secoes": 1,
        "nm_local": "ESCOLA MUNICIPAL PROF MARCOS WALDEMAR DE FREITAS REIS",
        "bairro": "ITAIPU",
        "cargo": "DEPUTADO ESTADUAL"
      },
      "geometry": {
        "type": "Point",
        "coordinates": [
          -43.0330724,
          -22.9615628
        ]
      }
    },
    {
      "type": "Feature",
      "properties": {
        "ano": 2010,
        "nr_local": "1295",
        "label": "FELIPE PEIXOTO",
        "QT_VOTOS": 559,
        "n_secoes": 20,
        "nm_local": "UMEI PROFA ODETE ROSA DA MOTA",
        "bairro": "ITAIPU",
        "cargo": "DEPUTADO ESTADUAL"
      },
      "geometry": {
        "type": "Point",
        "coordinates": [
          -43.02859,
          -22.9532368
        ]
      }
    },
    {
      "type": "Feature",
      "properties": {
        "ano": 2010,
        "nr_local": "1309",
        "label": "FELIPE PEIXOTO",
        "QT_VOTOS": 414,
        "n_secoes": 16,
        "nm_local": "CURSO MARLY CURY",
        "bairro": "SANTA ROSA",
        "cargo": "DEPUTADO ESTADUAL"
      },
      "geometry": {
        "type": "Point",
        "coordinates": [
          -43.1019227,
          -22.9054777
        ]
      }
    },
    {
      "type": "Feature",
      "properties": {
        "ano": 2010,
        "nr_local": "1317",
        "label": "FELIPE PEIXOTO",
        "QT_VOTOS": 294,
        "n_secoes": 12,
        "nm_local": "ESCOLA ESTADUAL BALTAZAR BERNARDINO",
        "bairro": "SANTA ROSA",
        "cargo": "DEPUTADO ESTADUAL"
      },
      "geometry": {
        "type": "Point",
        "coordinates": [
          -43.1012931,
          -22.9032359
        ]
      }
    },
    {
      "type": "Feature",
      "properties": {
        "ano": 2010,
        "nr_local": "1325",
        "label": "FELIPE PEIXOTO",
        "QT_VOTOS": 506,
        "n_secoes": 19,
        "nm_local": "ESCOLA MUNICIPAL SÍTIO DO IPÊ",
        "bairro": "MARIA PAULA",
        "cargo": "DEPUTADO ESTADUAL"
      },
      "geometry": {
        "type": "Point",
        "coordinates": [
          -43.0267087,
          -22.8821134
        ]
      }
    },
    {
      "type": "Feature",
      "properties": {
        "ano": 2010,
        "nr_local": "1333",
        "label": "FELIPE PEIXOTO",
        "QT_VOTOS": 645,
        "n_secoes": 25,
        "nm_local": "ESCOLA ME NINAR",
        "bairro": "ITAIPU",
        "cargo": "DEPUTADO ESTADUAL"
      },
      "geometry": {
        "type": "Point",
        "coordinates": [
          -43.0442198,
          -22.9408099
        ]
      }
    },
    {
      "type": "Feature",
      "properties": {
        "ano": 2010,
        "nr_local": "1350",
        "label": "FELIPE PEIXOTO",
        "QT_VOTOS": 57,
        "n_secoes": 6,
        "nm_local": "ESCOLA MUNICIPAL MARALEGRE",
        "bairro": "CAFUBÁ",
        "cargo": "DEPUTADO ESTADUAL"
      },
      "geometry": {
        "type": "Point",
        "coordinates": [
          -43.0724233,
          -22.9362723
        ]
      }
    },
    {
      "type": "Feature",
      "properties": {
        "ano": 2010,
        "nr_local": "1368",
        "label": "FELIPE PEIXOTO",
        "QT_VOTOS": 555,
        "n_secoes": 18,
        "nm_local": "INSTITUTO SÃO JOSÉ",
        "bairro": "SANTA ROSA",
        "cargo": "DEPUTADO ESTADUAL"
      },
      "geometry": {
        "type": "Point",
        "coordinates": [
          -43.1018878,
          -22.901754
        ]
      }
    },
    {
      "type": "Feature",
      "properties": {
        "ano": 2010,
        "nr_local": "1376",
        "label": "FELIPE PEIXOTO",
        "QT_VOTOS": 104,
        "n_secoes": 10,
        "nm_local": "UNIVERSIDADE SALGADO DE OLIVEIRA - BL A",
        "bairro": null,
        "cargo": "DEPUTADO ESTADUAL"
      },
      "geometry": {
        "type": "Point",
        "coordinates": [
          -43.1221924,
          -22.8898672
        ]
      }
    },
    {
      "type": "Feature",
      "properties": {
        "ano": 2010,
        "nr_local": "1384",
        "label": "FELIPE PEIXOTO",
        "QT_VOTOS": 148,
        "n_secoes": 12,
        "nm_local": "UMEI OLGA BENÁRIO PRESTES",
        "bairro": "ENGENHO DO MATO",
        "cargo": "DEPUTADO ESTADUAL"
      },
      "geometry": {
        "type": "Point",
        "coordinates": [
          -43.0086653,
          -22.9354086
        ]
      }
    },
    {
      "type": "Feature",
      "properties": {
        "ano": 2010,
        "nr_local": "1392",
        "label": "FELIPE PEIXOTO",
        "QT_VOTOS": 487,
        "n_secoes": 13,
        "nm_local": "FACULDADE DE VETERINARIA DA UFF",
        "bairro": "VITAL BRASIL",
        "cargo": "DEPUTADO ESTADUAL"
      },
      "geometry": {
        "type": "Point",
        "coordinates": [
          -43.098407,
          -22.904908
        ]
      }
    },
    {
      "type": "Feature",
      "properties": {
        "ano": 2010,
        "nr_local": "1406",
        "label": "FELIPE PEIXOTO",
        "QT_VOTOS": 258,
        "n_secoes": 17,
        "nm_local": "COLÉGIO NITERÓI",
        "bairro": "ENGENHOCA",
        "cargo": "DEPUTADO ESTADUAL"
      },
      "geometry": {
        "type": "Point",
        "coordinates": [
          -43.1018717,
          -22.8706133
        ]
      }
    },
    {
      "type": "Feature",
      "properties": {
        "ano": 2010,
        "nr_local": "1414",
        "label": "FELIPE PEIXOTO",
        "QT_VOTOS": 73,
        "n_secoes": 7,
        "nm_local": "UNIVERSIDADE SALGADO DE OLIVEIRA - BL B (PRÓXIMO AO GUANABARA)",
        "bairro": "CENTRO",
        "cargo": "DEPUTADO ESTADUAL"
      },
      "geometry": {
        "type": "Point",
        "coordinates": [
          -43.1172001,
          -22.8893447
        ]
      }
    },
    {
      "type": "Feature",
      "properties": {
        "ano": 2010,
        "nr_local": "1422",
        "label": "FELIPE PEIXOTO",
        "QT_VOTOS": 33,
        "n_secoes": 5,
        "nm_local": "CLUBE PORTUGUES DE NITEROI",
        "bairro": "SÃO DOMINGOS",
        "cargo": "DEPUTADO ESTADUAL"
      },
      "geometry": {
        "type": "Point",
        "coordinates": [
          -43.1274594,
          -22.9021482
        ]
      }
    },
    {
      "type": "Feature",
      "properties": {
        "ano": 2010,
        "nr_local": "1449",
        "label": "FELIPE PEIXOTO",
        "QT_VOTOS": 381,
        "n_secoes": 18,
        "nm_local": "CIEP 450 - BADU",
        "bairro": "BADU",
        "cargo": "DEPUTADO ESTADUAL"
      },
      "geometry": {
        "type": "Point",
        "coordinates": [
          -43.0566124,
          -22.9071974
        ]
      }
    },
    {
      "type": "Feature",
      "properties": {
        "ano": 2010,
        "nr_local": "1457",
        "label": "FELIPE PEIXOTO",
        "QT_VOTOS": 127,
        "n_secoes": 11,
        "nm_local": "ÁGUAS DE NITEROI",
        "bairro": "CENTRO",
        "cargo": "DEPUTADO ESTADUAL"
      },
      "geometry": {
        "type": "Point",
        "coordinates": [
          -43.1141378,
          -22.8915411
        ]
      }
    },
    {
      "type": "Feature",
      "properties": {
        "ano": 2010,
        "nr_local": "1465",
        "label": "FELIPE PEIXOTO",
        "QT_VOTOS": 56,
        "n_secoes": 9,
        "nm_local": "CENTRO UNIVERSITÁRIO ANHANGUERA (ANTIGO PLÍNIO LEITE)",
        "bairro": "CENTRO",
        "cargo": "DEPUTADO ESTADUAL"
      },
      "geometry": {
        "type": "Point",
        "coordinates": [
          -43.1245632,
          -22.8869267
        ]
      }
    },
    {
      "type": "Feature",
      "properties": {
        "ano": 2010,
        "nr_local": "1473",
        "label": "FELIPE PEIXOTO",
        "QT_VOTOS": 282,
        "n_secoes": 19,
        "nm_local": "COLÉGIO FORUM CULTURAL",
        "bairro": "CANTAGALO",
        "cargo": "DEPUTADO ESTADUAL"
      },
      "geometry": {
        "type": "Point",
        "coordinates": [
          -43.0490094,
          -22.9163184
        ]
      }
    },
    {
      "type": "Feature",
      "properties": {
        "ano": 2010,
        "nr_local": "1481",
        "label": "FELIPE PEIXOTO",
        "QT_VOTOS": 96,
        "n_secoes": 9,
        "nm_local": "ESCOLA MUNICIPAL MAESTRO HEITOR VILLA-LOBOS (''COLÉGIO NOVO'')",
        "bairro": "ILHA DA CONCEIÇÃO",
        "cargo": "DEPUTADO ESTADUAL"
      },
      "geometry": {
        "type": "Point",
        "coordinates": [
          -43.1156463,
          -22.8731482
        ]
      }
    },
    {
      "type": "Feature",
      "properties": {
        "ano": 2010,
        "nr_local": "1490",
        "label": "FELIPE PEIXOTO",
        "QT_VOTOS": 119,
        "n_secoes": 6,
        "nm_local": "IGREJA BATISTA DO FONSECA",
        "bairro": "FONSECA",
        "cargo": "DEPUTADO ESTADUAL"
      },
      "geometry": {
        "type": "Point",
        "coordinates": [
          -43.0865383,
          -22.8810878
        ]
      }
    },
    {
      "type": "Feature",
      "properties": {
        "ano": 2010,
        "nr_local": "1503",
        "label": "FELIPE PEIXOTO",
        "QT_VOTOS": 66,
        "n_secoes": 5,
        "nm_local": "SERVICO DE ASSISTENCIA SOCIAL SAO DOMINGOS SAVIO",
        "bairro": "SANTA ROSA",
        "cargo": "DEPUTADO ESTADUAL"
      },
      "geometry": {
        "type": "Point",
        "coordinates": [
          -43.0928214,
          -22.8988024
        ]
      }
    },
    {
      "type": "Feature",
      "properties": {
        "ano": 2010,
        "nr_local": "1520",
        "label": "FELIPE PEIXOTO",
        "QT_VOTOS": 44,
        "n_secoes": 4,
        "nm_local": "ESCOLA MUNICIPAL LEVI CARNEIRO",
        "bairro": "SAPÊ",
        "cargo": "DEPUTADO ESTADUAL"
      },
      "geometry": {
        "type": "Point",
        "coordinates": [
          -43.0583864,
          -22.8961721
        ]
      }
    },
    {
      "type": "Feature",
      "properties": {
        "ano": 2010,
        "nr_local": "1538",
        "label": "FELIPE PEIXOTO",
        "QT_VOTOS": 130,
        "n_secoes": 7,
        "nm_local": "ESCOLA CATAVENTO ESPAÇO DE EDUCAÇÃO",
        "bairro": "SAPÊ",
        "cargo": "DEPUTADO ESTADUAL"
      },
      "geometry": {
        "type": "Point",
        "coordinates": [
          -43.0635188,
          -22.9024713
        ]
      }
    },
    {
      "type": "Feature",
      "properties": {
        "ano": 2010,
        "nr_local": "1546",
        "label": "FELIPE PEIXOTO",
        "QT_VOTOS": 105,
        "n_secoes": 5,
        "nm_local": "UNIVERSIDADE SALGADO DE OLIVEIRA - BL A",
        "bairro": "CENTRO",
        "cargo": "DEPUTADO ESTADUAL"
      },
      "geometry": {
        "type": "Point",
        "coordinates": [
          -43.1186087,
          -22.8894749
        ]
      }
    },
    {
      "type": "Feature",
      "properties": {
        "ano": 2010,
        "nr_local": "1554",
        "label": "FELIPE PEIXOTO",
        "QT_VOTOS": 46,
        "n_secoes": 7,
        "nm_local": "JARDIM ESCOLA GIRASSÓIS",
        "bairro": "LARGO DA BATALHA",
        "cargo": "DEPUTADO ESTADUAL"
      },
      "geometry": {
        "type": "Point",
        "coordinates": [
          -43.0652722,
          -22.9077414
        ]
      }
    },
    {
      "type": "Feature",
      "properties": {
        "ano": 2010,
        "nr_local": "1589",
        "label": "FELIPE PEIXOTO",
        "QT_VOTOS": 61,
        "n_secoes": 5,
        "nm_local": "COLÉGIO NOSSA SENHORA DAS MERCÊS",
        "bairro": "FONSECA",
        "cargo": "DEPUTADO ESTADUAL"
      },
      "geometry": {
        "type": "Point",
        "coordinates": [
          -43.1023535,
          -22.880345
        ]
      }
    },
    {
      "type": "Feature",
      "properties": {
        "ano": 2010,
        "nr_local": "1597",
        "label": "FELIPE PEIXOTO",
        "QT_VOTOS": 141,
        "n_secoes": 6,
        "nm_local": "COLÉGIO PONTO DE ENSINO",
        "bairro": "ICARAÍ",
        "cargo": "DEPUTADO ESTADUAL"
      },
      "geometry": {
        "type": "Point",
        "coordinates": [
          -43.1095209,
          -22.9092421
        ]
      }
    },
    {
      "type": "Feature",
      "properties": {
        "ano": 2010,
        "nr_local": "1600",
        "label": "FELIPE PEIXOTO",
        "QT_VOTOS": 233,
        "n_secoes": 8,
        "nm_local": "INSTITUTO DE EDUCAÇÃO PROFESSOR ISMAEL COUTINHO - IEPIC",
        "bairro": "SÃO DOMINGOS",
        "cargo": "DEPUTADO ESTADUAL"
      },
      "geometry": {
        "type": "Point",
        "coordinates": [
          -43.1271052,
          -22.8989767
        ]
      }
    },
    {
      "type": "Feature",
      "properties": {
        "ano": 2010,
        "nr_local": "1635",
        "label": "FELIPE PEIXOTO",
        "QT_VOTOS": 268,
        "n_secoes": 12,
        "nm_local": "ESCOLA MUNICIPAL DOM JOSÉ PEREIRA ALVES",
        "bairro": "FONSECA",
        "cargo": "DEPUTADO ESTADUAL"
      },
      "geometry": {
        "type": "Point",
        "coordinates": [
          -43.0920686,
          -22.8783038
        ]
      }
    },
    {
      "type": "Feature",
      "properties": {
        "ano": 2010,
        "nr_local": "1643",
        "label": "FELIPE PEIXOTO",
        "QT_VOTOS": 138,
        "n_secoes": 6,
        "nm_local": "CENTRO MODERNO ALZIRA BITTENCOURT",
        "bairro": "ICARAÍ",
        "cargo": "DEPUTADO ESTADUAL"
      },
      "geometry": {
        "type": "Point",
        "coordinates": [
          -43.110746,
          -22.9012326
        ]
      }
    },
    {
      "type": "Feature",
      "properties": {
        "ano": 2010,
        "nr_local": "1660",
        "label": "FELIPE PEIXOTO",
        "QT_VOTOS": 44,
        "n_secoes": 2,
        "nm_local": "CLUBE CENTRAL",
        "bairro": "ICARAÍ",
        "cargo": "DEPUTADO ESTADUAL"
      },
      "geometry": {
        "type": "Point",
        "coordinates": [
          -43.111789,
          -22.9075784
        ]
      }
    },
    {
      "type": "Feature",
      "properties": {
        "ano": 2010,
        "nr_local": "1716",
        "label": "FELIPE PEIXOTO",
        "QT_VOTOS": 134,
        "n_secoes": 6,
        "nm_local": "ESCOLA VIVINFÂNCIA",
        "bairro": "ICARAÍ",
        "cargo": "DEPUTADO ESTADUAL"
      },
      "geometry": {
        "type": "Point",
        "coordinates": [
          -43.1056898,
          -22.9079727
        ]
      }
    },
    {
      "type": "Feature",
      "properties": {
        "ano": 2010,
        "nr_local": "1732",
        "label": "FELIPE PEIXOTO",
        "QT_VOTOS": 42,
        "n_secoes": 3,
        "nm_local": "CLUBE NAVAL",
        "bairro": "JURUJUBA",
        "cargo": "DEPUTADO ESTADUAL"
      },
      "geometry": {
        "type": "Point",
        "coordinates": [
          -43.1068139,
          -22.935737
        ]
      }
    },
    {
      "type": "Feature",
      "properties": {
        "ano": 2012,
        "nr_local": "1015",
        "label": "FELIPE PEIXOTO",
        "QT_VOTOS": 7189,
        "n_secoes": 25,
        "nm_local": "INSTITUTO JCA",
        "bairro": "SANTA BARBARA",
        "cargo": "PREFEITO"
      },
      "geometry": {
        "type": "Point",
        "coordinates": [
          -43.0585179,
          -22.882301
        ]
      }
    },
    {
      "type": "Feature",
      "properties": {
        "ano": 2012,
        "nr_local": "1023",
        "label": "FELIPE PEIXOTO",
        "QT_VOTOS": 3106,
        "n_secoes": 12,
        "nm_local": "PAROQUIA DE SAO JOAO BATISTA",
        "bairro": "TENENTE JARDIM",
        "cargo": "PREFEITO"
      },
      "geometry": {
        "type": "Point",
        "coordinates": [
          -43.0827273,
          -22.8639855
        ]
      }
    },
    {
      "type": "Feature",
      "properties": {
        "ano": 2012,
        "nr_local": "1031",
        "label": "FELIPE PEIXOTO",
        "QT_VOTOS": 7641,
        "n_secoes": 28,
        "nm_local": "(PRÉDIO NOVO) COLÉGIO PEDRO II UNIDADE NITERÓI",
        "bairro": "BARRETO",
        "cargo": "PREFEITO"
      },
      "geometry": {
        "type": "Point",
        "coordinates": [
          -43.1037833,
          -22.8685685
        ]
      }
    },
    {
      "type": "Feature",
      "properties": {
        "ano": 2012,
        "nr_local": "1040",
        "label": "FELIPE PEIXOTO",
        "QT_VOTOS": 6002,
        "n_secoes": 31,
        "nm_local": "CIEP 447 - CARAMUJO",
        "bairro": "CARAMUJO",
        "cargo": "PREFEITO"
      },
      "geometry": {
        "type": "Point",
        "coordinates": [
          -43.065134,
          -22.8827294
        ]
      }
    },
    {
      "type": "Feature",
      "properties": {
        "ano": 2012,
        "nr_local": "1058",
        "label": "FELIPE PEIXOTO",
        "QT_VOTOS": 3938,
        "n_secoes": 19,
        "nm_local": "INSTITUTO SÃO BENTO DE NITEROI",
        "bairro": null,
        "cargo": "PREFEITO"
      },
      "geometry": {
        "type": "Point",
        "coordinates": [
          -43.0985232,
          -22.8970069
        ]
      }
    },
    {
      "type": "Feature",
      "properties": {
        "ano": 2012,
        "nr_local": "1066",
        "label": "FELIPE PEIXOTO",
        "QT_VOTOS": 2931,
        "n_secoes": 12,
        "nm_local": "ITACOATIARA PAMPO CLUBE",
        "bairro": "ITACOATIARA",
        "cargo": "PREFEITO"
      },
      "geometry": {
        "type": "Point",
        "coordinates": [
          -43.0332117,
          -22.9646939
        ]
      }
    },
    {
      "type": "Feature",
      "properties": {
        "ano": 2012,
        "nr_local": "1074",
        "label": "FELIPE PEIXOTO",
        "QT_VOTOS": 8429,
        "n_secoes": 30,
        "nm_local": "COLEGIO ESTADUAL PAULO ASSIS RIBEIRO",
        "bairro": "BADU",
        "cargo": "PREFEITO"
      },
      "geometry": {
        "type": "Point",
        "coordinates": [
          -43.0573891,
          -22.9068537
        ]
      }
    },
    {
      "type": "Feature",
      "properties": {
        "ano": 2012,
        "nr_local": "1082",
        "label": "FELIPE PEIXOTO",
        "QT_VOTOS": 9014,
        "n_secoes": 45,
        "nm_local": "UMEI DR PAULO CESAR DE ALMEIDA PIMENTEL",
        "bairro": "ITAIPU",
        "cargo": "PREFEITO"
      },
      "geometry": {
        "type": "Point",
        "coordinates": [
          -43.0327165,
          -22.9614459
        ]
      }
    },
    {
      "type": "Feature",
      "properties": {
        "ano": 2012,
        "nr_local": "1090",
        "label": "FELIPE PEIXOTO",
        "QT_VOTOS": 9315,
        "n_secoes": 48,
        "nm_local": "COLÉGIO ESTADUAL PROFESSORA ALCINA RODRIGUES LIMA",
        "bairro": "ITAIPU",
        "cargo": "PREFEITO"
      },
      "geometry": {
        "type": "Point",
        "coordinates": [
          -43.0285072,
          -22.9528491
        ]
      }
    },
    {
      "type": "Feature",
      "properties": {
        "ano": 2012,
        "nr_local": "1104",
        "label": "FELIPE PEIXOTO",
        "QT_VOTOS": 5169,
        "n_secoes": 18,
        "nm_local": "ESCOLA MUNICIPAL ALTIVO CESAR",
        "bairro": "BARRETO",
        "cargo": "PREFEITO"
      },
      "geometry": {
        "type": "Point",
        "coordinates": [
          -43.0995714,
          -22.8645343
        ]
      }
    },
    {
      "type": "Feature",
      "properties": {
        "ano": 2012,
        "nr_local": "1112",
        "label": "FELIPE PEIXOTO",
        "QT_VOTOS": 10065,
        "n_secoes": 42,
        "nm_local": "COLÉGIO SALESIANO REGIÃO OCEÂNICA",
        "bairro": "PIRATININGA",
        "cargo": "PREFEITO"
      },
      "geometry": {
        "type": "Point",
        "coordinates": [
          -43.0618731,
          -22.9393022
        ]
      }
    },
    {
      "type": "Feature",
      "properties": {
        "ano": 2012,
        "nr_local": "1120",
        "label": "FELIPE PEIXOTO",
        "QT_VOTOS": 8069,
        "n_secoes": 32,
        "nm_local": "COLÉGIO ESTADUAL ALMIRANTE TAMANDARÉ",
        "bairro": "PIRATININGA",
        "cargo": "PREFEITO"
      },
      "geometry": {
        "type": "Point",
        "coordinates": [
          -43.0916732,
          -22.9512083
        ]
      }
    },
    {
      "type": "Feature",
      "properties": {
        "ano": 2012,
        "nr_local": "1139",
        "label": "FELIPE PEIXOTO",
        "QT_VOTOS": 4796,
        "n_secoes": 26,
        "nm_local": "ESCOLA MUNICIPAL FRANCISCO PORTUGAL NEVES",
        "bairro": "PIRATININGA",
        "cargo": "PREFEITO"
      },
      "geometry": {
        "type": "Point",
        "coordinates": [
          -43.056665,
          -22.942363
        ]
      }
    },
    {
      "type": "Feature",
      "properties": {
        "ano": 2012,
        "nr_local": "1147",
        "label": "FELIPE PEIXOTO",
        "QT_VOTOS": 2845,
        "n_secoes": 15,
        "nm_local": "ESCOLA MUNICIPAL VERA LUCIA MACHADO",
        "bairro": "BADU",
        "cargo": "PREFEITO"
      },
      "geometry": {
        "type": "Point",
        "coordinates": [
          -43.0500355,
          -22.9045
        ]
      }
    },
    {
      "type": "Feature",
      "properties": {
        "ano": 2012,
        "nr_local": "1155",
        "label": "FELIPE PEIXOTO",
        "QT_VOTOS": 4685,
        "n_secoes": 27,
        "nm_local": "COLÉGIO ITAPUCA",
        "bairro": "PIRATININGA",
        "cargo": "PREFEITO"
      },
      "geometry": {
        "type": "Point",
        "coordinates": [
          -43.0593249,
          -22.9437854
        ]
      }
    },
    {
      "type": "Feature",
      "properties": {
        "ano": 2012,
        "nr_local": "1163",
        "label": "FELIPE PEIXOTO",
        "QT_VOTOS": 7288,
        "n_secoes": 35,
        "nm_local": "COLÉGIO ESTADUAL CONSELHEIRO MACEDO SOARES",
        "bairro": "BARRETO",
        "cargo": "PREFEITO"
      },
      "geometry": {
        "type": "Point",
        "coordinates": [
          -43.0924035,
          -22.8622231
        ]
      }
    },
    {
      "type": "Feature",
      "properties": {
        "ano": 2012,
        "nr_local": "1171",
        "label": "FELIPE PEIXOTO",
        "QT_VOTOS": 4915,
        "n_secoes": 29,
        "nm_local": "ESCOLA MUNICIPAL ANTONIO COUTINHO DE AZEVEDO",
        "bairro": "SANTA BARBARA",
        "cargo": "PREFEITO"
      },
      "geometry": {
        "type": "Point",
        "coordinates": [
          -43.04869,
          -22.8756043
        ]
      }
    },
    {
      "type": "Feature",
      "properties": {
        "ano": 2012,
        "nr_local": "1180",
        "label": "FELIPE PEIXOTO",
        "QT_VOTOS": 4571,
        "n_secoes": 22,
        "nm_local": "ESCOLA MUNICIPAL RACHIDE DA GLORIA SALIM SAKER",
        "bairro": "SANTA BARBARA",
        "cargo": "PREFEITO"
      },
      "geometry": {
        "type": "Point",
        "coordinates": [
          -43.0488967,
          -22.8766134
        ]
      }
    },
    {
      "type": "Feature",
      "properties": {
        "ano": 2012,
        "nr_local": "1198",
        "label": "FELIPE PEIXOTO",
        "QT_VOTOS": 4484,
        "n_secoes": 23,
        "nm_local": "CIEP 448 RUY FRAZÃO SOARES",
        "bairro": "ITAIPU",
        "cargo": "PREFEITO"
      },
      "geometry": {
        "type": "Point",
        "coordinates": [
          -43.0092644,
          -22.9356576
        ]
      }
    },
    {
      "type": "Feature",
      "properties": {
        "ano": 2012,
        "nr_local": "1201",
        "label": "FELIPE PEIXOTO",
        "QT_VOTOS": 2944,
        "n_secoes": 16,
        "nm_local": "OFICINAS DO SENAI",
        "bairro": "BARRETO",
        "cargo": "PREFEITO"
      },
      "geometry": {
        "type": "Point",
        "coordinates": [
          -43.1026046,
          -22.8614396
        ]
      }
    },
    {
      "type": "Feature",
      "properties": {
        "ano": 2012,
        "nr_local": "1210",
        "label": "FELIPE PEIXOTO",
        "QT_VOTOS": 3653,
        "n_secoes": 16,
        "nm_local": "TIO SAM ESPORTE CLUBE",
        "bairro": "BARRETO",
        "cargo": "PREFEITO"
      },
      "geometry": {
        "type": "Point",
        "coordinates": [
          -43.104502,
          -22.8719306
        ]
      }
    },
    {
      "type": "Feature",
      "properties": {
        "ano": 2012,
        "nr_local": "1236",
        "label": "FELIPE PEIXOTO",
        "QT_VOTOS": 6240,
        "n_secoes": 41,
        "nm_local": "COLÉGIO ESTADUAL MULLULO DA VEIGA",
        "bairro": "ENGENHOCA",
        "cargo": "PREFEITO"
      },
      "geometry": {
        "type": "Point",
        "coordinates": [
          -43.0988892,
          -22.8708282
        ]
      }
    },
    {
      "type": "Feature",
      "properties": {
        "ano": 2012,
        "nr_local": "1244",
        "label": "FELIPE PEIXOTO",
        "QT_VOTOS": 5887,
        "n_secoes": 30,
        "nm_local": "ESCOLA ESTADUAL MANUEL DE ABREU",
        "bairro": "ICARAÍ",
        "cargo": "PREFEITO"
      },
      "geometry": {
        "type": "Point",
        "coordinates": [
          -43.1071569,
          -22.9023086
        ]
      }
    },
    {
      "type": "Feature",
      "properties": {
        "ano": 2012,
        "nr_local": "1252",
        "label": "FELIPE PEIXOTO",
        "QT_VOTOS": 4481,
        "n_secoes": 17,
        "nm_local": "ESCOLA MUNICIPAL ADELINO MAGALHÃES",
        "bairro": "ENGENHOCA",
        "cargo": "PREFEITO"
      },
      "geometry": {
        "type": "Point",
        "coordinates": [
          -43.0944571,
          -22.8739038
        ]
      }
    },
    {
      "type": "Feature",
      "properties": {
        "ano": 2012,
        "nr_local": "1260",
        "label": "FELIPE PEIXOTO",
        "QT_VOTOS": 4536,
        "n_secoes": 22,
        "nm_local": "INSTITUTO ABEL",
        "bairro": "ICARAÍ",
        "cargo": "PREFEITO"
      },
      "geometry": {
        "type": "Point",
        "coordinates": [
          -43.1094942,
          -22.9004168
        ]
      }
    },
    {
      "type": "Feature",
      "properties": {
        "ano": 2012,
        "nr_local": "1279",
        "label": "FELIPE PEIXOTO",
        "QT_VOTOS": 1849,
        "n_secoes": 9,
        "nm_local": "INSTITUTO FOKUS (ANTIGO INTERAÇÃO CRECHE ESCOLA)",
        "bairro": "CAMBOINHAS",
        "cargo": "PREFEITO"
      },
      "geometry": {
        "type": "Point",
        "coordinates": [
          -43.062822,
          -22.9542456
        ]
      }
    },
    {
      "type": "Feature",
      "properties": {
        "ano": 2012,
        "nr_local": "1287",
        "label": "FELIPE PEIXOTO",
        "QT_VOTOS": 219,
        "n_secoes": 1,
        "nm_local": "ESCOLA MUNICIPAL PROF MARCOS WALDEMAR DE FREITAS REIS",
        "bairro": "ITAIPU",
        "cargo": "PREFEITO"
      },
      "geometry": {
        "type": "Point",
        "coordinates": [
          -43.0330724,
          -22.9615628
        ]
      }
    },
    {
      "type": "Feature",
      "properties": {
        "ano": 2012,
        "nr_local": "1295",
        "label": "FELIPE PEIXOTO",
        "QT_VOTOS": 4333,
        "n_secoes": 21,
        "nm_local": "UMEI PROFA ODETE ROSA DA MOTA",
        "bairro": "ITAIPU",
        "cargo": "PREFEITO"
      },
      "geometry": {
        "type": "Point",
        "coordinates": [
          -43.02859,
          -22.9532368
        ]
      }
    },
    {
      "type": "Feature",
      "properties": {
        "ano": 2012,
        "nr_local": "1309",
        "label": "FELIPE PEIXOTO",
        "QT_VOTOS": 4122,
        "n_secoes": 17,
        "nm_local": "CURSO MARLY CURY",
        "bairro": "SANTA ROSA",
        "cargo": "PREFEITO"
      },
      "geometry": {
        "type": "Point",
        "coordinates": [
          -43.1019227,
          -22.9054777
        ]
      }
    },
    {
      "type": "Feature",
      "properties": {
        "ano": 2012,
        "nr_local": "1317",
        "label": "FELIPE PEIXOTO",
        "QT_VOTOS": 2555,
        "n_secoes": 12,
        "nm_local": "ESCOLA ESTADUAL BALTAZAR BERNARDINO",
        "bairro": "SANTA ROSA",
        "cargo": "PREFEITO"
      },
      "geometry": {
        "type": "Point",
        "coordinates": [
          -43.1012931,
          -22.9032359
        ]
      }
    },
    {
      "type": "Feature",
      "properties": {
        "ano": 2012,
        "nr_local": "1325",
        "label": "FELIPE PEIXOTO",
        "QT_VOTOS": 4335,
        "n_secoes": 20,
        "nm_local": "ESCOLA MUNICIPAL SÍTIO DO IPÊ",
        "bairro": "MARIA PAULA",
        "cargo": "PREFEITO"
      },
      "geometry": {
        "type": "Point",
        "coordinates": [
          -43.0267087,
          -22.8821134
        ]
      }
    },
    {
      "type": "Feature",
      "properties": {
        "ano": 2012,
        "nr_local": "1333",
        "label": "FELIPE PEIXOTO",
        "QT_VOTOS": 4567,
        "n_secoes": 25,
        "nm_local": "ESCOLA ME NINAR",
        "bairro": "ITAIPU",
        "cargo": "PREFEITO"
      },
      "geometry": {
        "type": "Point",
        "coordinates": [
          -43.0442198,
          -22.9408099
        ]
      }
    },
    {
      "type": "Feature",
      "properties": {
        "ano": 2012,
        "nr_local": "1350",
        "label": "FELIPE PEIXOTO",
        "QT_VOTOS": 1234,
        "n_secoes": 6,
        "nm_local": "ESCOLA MUNICIPAL MARALEGRE",
        "bairro": "CAFUBÁ",
        "cargo": "PREFEITO"
      },
      "geometry": {
        "type": "Point",
        "coordinates": [
          -43.0724233,
          -22.9362723
        ]
      }
    },
    {
      "type": "Feature",
      "properties": {
        "ano": 2012,
        "nr_local": "1368",
        "label": "FELIPE PEIXOTO",
        "QT_VOTOS": 4005,
        "n_secoes": 18,
        "nm_local": "INSTITUTO SÃO JOSÉ",
        "bairro": "SANTA ROSA",
        "cargo": "PREFEITO"
      },
      "geometry": {
        "type": "Point",
        "coordinates": [
          -43.1018878,
          -22.901754
        ]
      }
    },
    {
      "type": "Feature",
      "properties": {
        "ano": 2012,
        "nr_local": "1376",
        "label": "FELIPE PEIXOTO",
        "QT_VOTOS": 1318,
        "n_secoes": 10,
        "nm_local": "UNIVERSIDADE SALGADO DE OLIVEIRA - BL A",
        "bairro": null,
        "cargo": "PREFEITO"
      },
      "geometry": {
        "type": "Point",
        "coordinates": [
          -43.1221924,
          -22.8898672
        ]
      }
    },
    {
      "type": "Feature",
      "properties": {
        "ano": 2012,
        "nr_local": "1384",
        "label": "FELIPE PEIXOTO",
        "QT_VOTOS": 1819,
        "n_secoes": 12,
        "nm_local": "UMEI OLGA BENÁRIO PRESTES",
        "bairro": "ENGENHO DO MATO",
        "cargo": "PREFEITO"
      },
      "geometry": {
        "type": "Point",
        "coordinates": [
          -43.0086653,
          -22.9354086
        ]
      }
    },
    {
      "type": "Feature",
      "properties": {
        "ano": 2012,
        "nr_local": "1392",
        "label": "FELIPE PEIXOTO",
        "QT_VOTOS": 2885,
        "n_secoes": 13,
        "nm_local": "FACULDADE DE VETERINARIA DA UFF",
        "bairro": "VITAL BRASIL",
        "cargo": "PREFEITO"
      },
      "geometry": {
        "type": "Point",
        "coordinates": [
          -43.098407,
          -22.904908
        ]
      }
    },
    {
      "type": "Feature",
      "properties": {
        "ano": 2012,
        "nr_local": "1406",
        "label": "FELIPE PEIXOTO",
        "QT_VOTOS": 3213,
        "n_secoes": 18,
        "nm_local": "COLÉGIO NITERÓI",
        "bairro": "ENGENHOCA",
        "cargo": "PREFEITO"
      },
      "geometry": {
        "type": "Point",
        "coordinates": [
          -43.1018717,
          -22.8706133
        ]
      }
    },
    {
      "type": "Feature",
      "properties": {
        "ano": 2012,
        "nr_local": "1414",
        "label": "FELIPE PEIXOTO",
        "QT_VOTOS": 1095,
        "n_secoes": 7,
        "nm_local": "UNIVERSIDADE SALGADO DE OLIVEIRA - BL B (PRÓXIMO AO GUANABARA)",
        "bairro": "CENTRO",
        "cargo": "PREFEITO"
      },
      "geometry": {
        "type": "Point",
        "coordinates": [
          -43.1172001,
          -22.8893447
        ]
      }
    },
    {
      "type": "Feature",
      "properties": {
        "ano": 2012,
        "nr_local": "1422",
        "label": "FELIPE PEIXOTO",
        "QT_VOTOS": 891,
        "n_secoes": 5,
        "nm_local": "CLUBE PORTUGUES DE NITEROI",
        "bairro": "SÃO DOMINGOS",
        "cargo": "PREFEITO"
      },
      "geometry": {
        "type": "Point",
        "coordinates": [
          -43.1274594,
          -22.9021482
        ]
      }
    },
    {
      "type": "Feature",
      "properties": {
        "ano": 2012,
        "nr_local": "1449",
        "label": "FELIPE PEIXOTO",
        "QT_VOTOS": 3770,
        "n_secoes": 18,
        "nm_local": "CIEP 450 - BADU",
        "bairro": "BADU",
        "cargo": "PREFEITO"
      },
      "geometry": {
        "type": "Point",
        "coordinates": [
          -43.0566124,
          -22.9071974
        ]
      }
    },
    {
      "type": "Feature",
      "properties": {
        "ano": 2012,
        "nr_local": "1457",
        "label": "FELIPE PEIXOTO",
        "QT_VOTOS": 1874,
        "n_secoes": 11,
        "nm_local": "ÁGUAS DE NITEROI",
        "bairro": "CENTRO",
        "cargo": "PREFEITO"
      },
      "geometry": {
        "type": "Point",
        "coordinates": [
          -43.1141378,
          -22.8915411
        ]
      }
    },
    {
      "type": "Feature",
      "properties": {
        "ano": 2012,
        "nr_local": "1465",
        "label": "FELIPE PEIXOTO",
        "QT_VOTOS": 1115,
        "n_secoes": 9,
        "nm_local": "CENTRO UNIVERSITÁRIO ANHANGUERA (ANTIGO PLÍNIO LEITE)",
        "bairro": "CENTRO",
        "cargo": "PREFEITO"
      },
      "geometry": {
        "type": "Point",
        "coordinates": [
          -43.1245632,
          -22.8869267
        ]
      }
    },
    {
      "type": "Feature",
      "properties": {
        "ano": 2012,
        "nr_local": "1473",
        "label": "FELIPE PEIXOTO",
        "QT_VOTOS": 3713,
        "n_secoes": 20,
        "nm_local": "COLÉGIO FORUM CULTURAL",
        "bairro": "CANTAGALO",
        "cargo": "PREFEITO"
      },
      "geometry": {
        "type": "Point",
        "coordinates": [
          -43.0490094,
          -22.9163184
        ]
      }
    },
    {
      "type": "Feature",
      "properties": {
        "ano": 2012,
        "nr_local": "1481",
        "label": "FELIPE PEIXOTO",
        "QT_VOTOS": 1910,
        "n_secoes": 9,
        "nm_local": "ESCOLA MUNICIPAL MAESTRO HEITOR VILLA-LOBOS (''COLÉGIO NOVO'')",
        "bairro": "ILHA DA CONCEIÇÃO",
        "cargo": "PREFEITO"
      },
      "geometry": {
        "type": "Point",
        "coordinates": [
          -43.1156463,
          -22.8731482
        ]
      }
    },
    {
      "type": "Feature",
      "properties": {
        "ano": 2012,
        "nr_local": "1490",
        "label": "FELIPE PEIXOTO",
        "QT_VOTOS": 1315,
        "n_secoes": 7,
        "nm_local": "IGREJA BATISTA DO FONSECA",
        "bairro": "FONSECA",
        "cargo": "PREFEITO"
      },
      "geometry": {
        "type": "Point",
        "coordinates": [
          -43.0865383,
          -22.8810878
        ]
      }
    },
    {
      "type": "Feature",
      "properties": {
        "ano": 2012,
        "nr_local": "1503",
        "label": "FELIPE PEIXOTO",
        "QT_VOTOS": 985,
        "n_secoes": 5,
        "nm_local": "SERVICO DE ASSISTENCIA SOCIAL SAO DOMINGOS SAVIO",
        "bairro": "SANTA ROSA",
        "cargo": "PREFEITO"
      },
      "geometry": {
        "type": "Point",
        "coordinates": [
          -43.0928214,
          -22.8988024
        ]
      }
    },
    {
      "type": "Feature",
      "properties": {
        "ano": 2012,
        "nr_local": "1520",
        "label": "FELIPE PEIXOTO",
        "QT_VOTOS": 436,
        "n_secoes": 4,
        "nm_local": "ESCOLA MUNICIPAL LEVI CARNEIRO",
        "bairro": "SAPÊ",
        "cargo": "PREFEITO"
      },
      "geometry": {
        "type": "Point",
        "coordinates": [
          -43.0583864,
          -22.8961721
        ]
      }
    },
    {
      "type": "Feature",
      "properties": {
        "ano": 2012,
        "nr_local": "1538",
        "label": "FELIPE PEIXOTO",
        "QT_VOTOS": 1383,
        "n_secoes": 7,
        "nm_local": "ESCOLA CATAVENTO ESPAÇO DE EDUCAÇÃO",
        "bairro": "SAPÊ",
        "cargo": "PREFEITO"
      },
      "geometry": {
        "type": "Point",
        "coordinates": [
          -43.0635188,
          -22.9024713
        ]
      }
    },
    {
      "type": "Feature",
      "properties": {
        "ano": 2012,
        "nr_local": "1546",
        "label": "FELIPE PEIXOTO",
        "QT_VOTOS": 856,
        "n_secoes": 5,
        "nm_local": "UNIVERSIDADE SALGADO DE OLIVEIRA - BL A",
        "bairro": "CENTRO",
        "cargo": "PREFEITO"
      },
      "geometry": {
        "type": "Point",
        "coordinates": [
          -43.1186087,
          -22.8894749
        ]
      }
    },
    {
      "type": "Feature",
      "properties": {
        "ano": 2012,
        "nr_local": "1554",
        "label": "FELIPE PEIXOTO",
        "QT_VOTOS": 871,
        "n_secoes": 7,
        "nm_local": "JARDIM ESCOLA GIRASSÓIS",
        "bairro": "LARGO DA BATALHA",
        "cargo": "PREFEITO"
      },
      "geometry": {
        "type": "Point",
        "coordinates": [
          -43.0652722,
          -22.9077414
        ]
      }
    },
    {
      "type": "Feature",
      "properties": {
        "ano": 2012,
        "nr_local": "1589",
        "label": "FELIPE PEIXOTO",
        "QT_VOTOS": 983,
        "n_secoes": 5,
        "nm_local": "COLÉGIO NOSSA SENHORA DAS MERCÊS",
        "bairro": "FONSECA",
        "cargo": "PREFEITO"
      },
      "geometry": {
        "type": "Point",
        "coordinates": [
          -43.1023535,
          -22.880345
        ]
      }
    },
    {
      "type": "Feature",
      "properties": {
        "ano": 2012,
        "nr_local": "1597",
        "label": "FELIPE PEIXOTO",
        "QT_VOTOS": 1159,
        "n_secoes": 6,
        "nm_local": "COLÉGIO PONTO DE ENSINO",
        "bairro": "ICARAÍ",
        "cargo": "PREFEITO"
      },
      "geometry": {
        "type": "Point",
        "coordinates": [
          -43.1095209,
          -22.9092421
        ]
      }
    },
    {
      "type": "Feature",
      "properties": {
        "ano": 2012,
        "nr_local": "1600",
        "label": "FELIPE PEIXOTO",
        "QT_VOTOS": 1646,
        "n_secoes": 8,
        "nm_local": "INSTITUTO DE EDUCAÇÃO PROFESSOR ISMAEL COUTINHO - IEPIC",
        "bairro": "SÃO DOMINGOS",
        "cargo": "PREFEITO"
      },
      "geometry": {
        "type": "Point",
        "coordinates": [
          -43.1271052,
          -22.8989767
        ]
      }
    },
    {
      "type": "Feature",
      "properties": {
        "ano": 2012,
        "nr_local": "1635",
        "label": "FELIPE PEIXOTO",
        "QT_VOTOS": 2139,
        "n_secoes": 12,
        "nm_local": "ESCOLA MUNICIPAL DOM JOSÉ PEREIRA ALVES",
        "bairro": "FONSECA",
        "cargo": "PREFEITO"
      },
      "geometry": {
        "type": "Point",
        "coordinates": [
          -43.0920686,
          -22.8783038
        ]
      }
    },
    {
      "type": "Feature",
      "properties": {
        "ano": 2012,
        "nr_local": "1643",
        "label": "FELIPE PEIXOTO",
        "QT_VOTOS": 997,
        "n_secoes": 6,
        "nm_local": "CENTRO MODERNO ALZIRA BITTENCOURT",
        "bairro": "ICARAÍ",
        "cargo": "PREFEITO"
      },
      "geometry": {
        "type": "Point",
        "coordinates": [
          -43.110746,
          -22.9012326
        ]
      }
    },
    {
      "type": "Feature",
      "properties": {
        "ano": 2012,
        "nr_local": "1660",
        "label": "FELIPE PEIXOTO",
        "QT_VOTOS": 420,
        "n_secoes": 4,
        "nm_local": "CLUBE CENTRAL",
        "bairro": "ICARAÍ",
        "cargo": "PREFEITO"
      },
      "geometry": {
        "type": "Point",
        "coordinates": [
          -43.111789,
          -22.9075784
        ]
      }
    },
    {
      "type": "Feature",
      "properties": {
        "ano": 2012,
        "nr_local": "1716",
        "label": "FELIPE PEIXOTO",
        "QT_VOTOS": 1146,
        "n_secoes": 6,
        "nm_local": "ESCOLA VIVINFÂNCIA",
        "bairro": "ICARAÍ",
        "cargo": "PREFEITO"
      },
      "geometry": {
        "type": "Point",
        "coordinates": [
          -43.1056898,
          -22.9079727
        ]
      }
    },
    {
      "type": "Feature",
      "properties": {
        "ano": 2012,
        "nr_local": "1732",
        "label": "FELIPE PEIXOTO",
        "QT_VOTOS": 514,
        "n_secoes": 3,
        "nm_local": "CLUBE NAVAL",
        "bairro": "JURUJUBA",
        "cargo": "PREFEITO"
      },
      "geometry": {
        "type": "Point",
        "coordinates": [
          -43.1068139,
          -22.935737
        ]
      }
    },
    {
      "type": "Feature",
      "properties": {
        "ano": 2016,
        "nr_local": "1015",
        "label": "FELIPE PEIXOTO",
        "QT_VOTOS": 5748,
        "n_secoes": 27,
        "nm_local": "INSTITUTO JCA",
        "bairro": "SANTA BARBARA",
        "cargo": "PREFEITO"
      },
      "geometry": {
        "type": "Point",
        "coordinates": [
          -43.0585179,
          -22.882301
        ]
      }
    },
    {
      "type": "Feature",
      "properties": {
        "ano": 2016,
        "nr_local": "1023",
        "label": "FELIPE PEIXOTO",
        "QT_VOTOS": 1618,
        "n_secoes": 10,
        "nm_local": "PAROQUIA DE SAO JOAO BATISTA",
        "bairro": "TENENTE JARDIM",
        "cargo": "PREFEITO"
      },
      "geometry": {
        "type": "Point",
        "coordinates": [
          -43.0827273,
          -22.8639855
        ]
      }
    },
    {
      "type": "Feature",
      "properties": {
        "ano": 2016,
        "nr_local": "1031",
        "label": "FELIPE PEIXOTO",
        "QT_VOTOS": 4093,
        "n_secoes": 27,
        "nm_local": "(PRÉDIO NOVO) COLÉGIO PEDRO II UNIDADE NITERÓI",
        "bairro": "BARRETO",
        "cargo": "PREFEITO"
      },
      "geometry": {
        "type": "Point",
        "coordinates": [
          -43.1037833,
          -22.8685685
        ]
      }
    },
    {
      "type": "Feature",
      "properties": {
        "ano": 2016,
        "nr_local": "1040",
        "label": "FELIPE PEIXOTO",
        "QT_VOTOS": 2124,
        "n_secoes": 18,
        "nm_local": "CIEP 447 - CARAMUJO",
        "bairro": "CARAMUJO",
        "cargo": "PREFEITO"
      },
      "geometry": {
        "type": "Point",
        "coordinates": [
          -43.065134,
          -22.8827294
        ]
      }
    },
    {
      "type": "Feature",
      "properties": {
        "ano": 2016,
        "nr_local": "1058",
        "label": "FELIPE PEIXOTO",
        "QT_VOTOS": 4230,
        "n_secoes": 25,
        "nm_local": "INSTITUTO SÃO BENTO DE NITEROI",
        "bairro": null,
        "cargo": "PREFEITO"
      },
      "geometry": {
        "type": "Point",
        "coordinates": [
          -43.0985232,
          -22.8970069
        ]
      }
    },
    {
      "type": "Feature",
      "properties": {
        "ano": 2016,
        "nr_local": "1066",
        "label": "FELIPE PEIXOTO",
        "QT_VOTOS": 1370,
        "n_secoes": 7,
        "nm_local": "ITACOATIARA PAMPO CLUBE",
        "bairro": "ITACOATIARA",
        "cargo": "PREFEITO"
      },
      "geometry": {
        "type": "Point",
        "coordinates": [
          -43.0332117,
          -22.9646939
        ]
      }
    },
    {
      "type": "Feature",
      "properties": {
        "ano": 2016,
        "nr_local": "1074",
        "label": "FELIPE PEIXOTO",
        "QT_VOTOS": 7143,
        "n_secoes": 33,
        "nm_local": "COLEGIO ESTADUAL PAULO ASSIS RIBEIRO",
        "bairro": "BADU",
        "cargo": "PREFEITO"
      },
      "geometry": {
        "type": "Point",
        "coordinates": [
          -43.0573891,
          -22.9068537
        ]
      }
    },
    {
      "type": "Feature",
      "properties": {
        "ano": 2016,
        "nr_local": "1082",
        "label": "FELIPE PEIXOTO",
        "QT_VOTOS": 6864,
        "n_secoes": 48,
        "nm_local": "UMEI DR PAULO CESAR DE ALMEIDA PIMENTEL",
        "bairro": "ITAIPU",
        "cargo": "PREFEITO"
      },
      "geometry": {
        "type": "Point",
        "coordinates": [
          -43.0327165,
          -22.9614459
        ]
      }
    },
    {
      "type": "Feature",
      "properties": {
        "ano": 2016,
        "nr_local": "1090",
        "label": "FELIPE PEIXOTO",
        "QT_VOTOS": 6979,
        "n_secoes": 49,
        "nm_local": "COLÉGIO ESTADUAL PROFESSORA ALCINA RODRIGUES LIMA",
        "bairro": "ITAIPU",
        "cargo": "PREFEITO"
      },
      "geometry": {
        "type": "Point",
        "coordinates": [
          -43.0285072,
          -22.9528491
        ]
      }
    },
    {
      "type": "Feature",
      "properties": {
        "ano": 2016,
        "nr_local": "1104",
        "label": "FELIPE PEIXOTO",
        "QT_VOTOS": 3450,
        "n_secoes": 18,
        "nm_local": "ESCOLA MUNICIPAL ALTIVO CESAR",
        "bairro": "BARRETO",
        "cargo": "PREFEITO"
      },
      "geometry": {
        "type": "Point",
        "coordinates": [
          -43.0995714,
          -22.8645343
        ]
      }
    },
    {
      "type": "Feature",
      "properties": {
        "ano": 2016,
        "nr_local": "1112",
        "label": "FELIPE PEIXOTO",
        "QT_VOTOS": 7895,
        "n_secoes": 47,
        "nm_local": "COLÉGIO SALESIANO REGIÃO OCEÂNICA",
        "bairro": "PIRATININGA",
        "cargo": "PREFEITO"
      },
      "geometry": {
        "type": "Point",
        "coordinates": [
          -43.0618731,
          -22.9393022
        ]
      }
    },
    {
      "type": "Feature",
      "properties": {
        "ano": 2016,
        "nr_local": "1120",
        "label": "FELIPE PEIXOTO",
        "QT_VOTOS": 6210,
        "n_secoes": 33,
        "nm_local": "COLÉGIO ESTADUAL ALMIRANTE TAMANDARÉ",
        "bairro": "PIRATININGA",
        "cargo": "PREFEITO"
      },
      "geometry": {
        "type": "Point",
        "coordinates": [
          -43.0916732,
          -22.9512083
        ]
      }
    },
    {
      "type": "Feature",
      "properties": {
        "ano": 2016,
        "nr_local": "1139",
        "label": "FELIPE PEIXOTO",
        "QT_VOTOS": 3025,
        "n_secoes": 25,
        "nm_local": "ESCOLA MUNICIPAL FRANCISCO PORTUGAL NEVES",
        "bairro": "PIRATININGA",
        "cargo": "PREFEITO"
      },
      "geometry": {
        "type": "Point",
        "coordinates": [
          -43.056665,
          -22.942363
        ]
      }
    },
    {
      "type": "Feature",
      "properties": {
        "ano": 2016,
        "nr_local": "1147",
        "label": "FELIPE PEIXOTO",
        "QT_VOTOS": 2969,
        "n_secoes": 23,
        "nm_local": "ESCOLA MUNICIPAL VERA LUCIA MACHADO",
        "bairro": "BADU",
        "cargo": "PREFEITO"
      },
      "geometry": {
        "type": "Point",
        "coordinates": [
          -43.0500355,
          -22.9045
        ]
      }
    },
    {
      "type": "Feature",
      "properties": {
        "ano": 2016,
        "nr_local": "1155",
        "label": "FELIPE PEIXOTO",
        "QT_VOTOS": 3564,
        "n_secoes": 36,
        "nm_local": "COLÉGIO ITAPUCA",
        "bairro": "PIRATININGA",
        "cargo": "PREFEITO"
      },
      "geometry": {
        "type": "Point",
        "coordinates": [
          -43.0593249,
          -22.9437854
        ]
      }
    },
    {
      "type": "Feature",
      "properties": {
        "ano": 2016,
        "nr_local": "1163",
        "label": "FELIPE PEIXOTO",
        "QT_VOTOS": 4543,
        "n_secoes": 31,
        "nm_local": "COLÉGIO ESTADUAL CONSELHEIRO MACEDO SOARES",
        "bairro": "BARRETO",
        "cargo": "PREFEITO"
      },
      "geometry": {
        "type": "Point",
        "coordinates": [
          -43.0924035,
          -22.8622231
        ]
      }
    },
    {
      "type": "Feature",
      "properties": {
        "ano": 2016,
        "nr_local": "1171",
        "label": "FELIPE PEIXOTO",
        "QT_VOTOS": 3328,
        "n_secoes": 29,
        "nm_local": "ESCOLA MUNICIPAL ANTONIO COUTINHO DE AZEVEDO",
        "bairro": "SANTA BARBARA",
        "cargo": "PREFEITO"
      },
      "geometry": {
        "type": "Point",
        "coordinates": [
          -43.04869,
          -22.8756043
        ]
      }
    },
    {
      "type": "Feature",
      "properties": {
        "ano": 2016,
        "nr_local": "1180",
        "label": "FELIPE PEIXOTO",
        "QT_VOTOS": 4360,
        "n_secoes": 27,
        "nm_local": "ESCOLA MUNICIPAL RACHIDE DA GLORIA SALIM SAKER",
        "bairro": "SANTA BARBARA",
        "cargo": "PREFEITO"
      },
      "geometry": {
        "type": "Point",
        "coordinates": [
          -43.0488967,
          -22.8766134
        ]
      }
    },
    {
      "type": "Feature",
      "properties": {
        "ano": 2016,
        "nr_local": "1198",
        "label": "FELIPE PEIXOTO",
        "QT_VOTOS": 3522,
        "n_secoes": 25,
        "nm_local": "CIEP 448 RUY FRAZÃO SOARES",
        "bairro": "ITAIPU",
        "cargo": "PREFEITO"
      },
      "geometry": {
        "type": "Point",
        "coordinates": [
          -43.0092644,
          -22.9356576
        ]
      }
    },
    {
      "type": "Feature",
      "properties": {
        "ano": 2016,
        "nr_local": "1201",
        "label": "FELIPE PEIXOTO",
        "QT_VOTOS": 1714,
        "n_secoes": 16,
        "nm_local": "OFICINAS DO SENAI",
        "bairro": "BARRETO",
        "cargo": "PREFEITO"
      },
      "geometry": {
        "type": "Point",
        "coordinates": [
          -43.1026046,
          -22.8614396
        ]
      }
    },
    {
      "type": "Feature",
      "properties": {
        "ano": 2016,
        "nr_local": "1210",
        "label": "FELIPE PEIXOTO",
        "QT_VOTOS": 2655,
        "n_secoes": 18,
        "nm_local": "TIO SAM ESPORTE CLUBE",
        "bairro": "BARRETO",
        "cargo": "PREFEITO"
      },
      "geometry": {
        "type": "Point",
        "coordinates": [
          -43.104502,
          -22.8719306
        ]
      }
    },
    {
      "type": "Feature",
      "properties": {
        "ano": 2016,
        "nr_local": "1236",
        "label": "FELIPE PEIXOTO",
        "QT_VOTOS": 3591,
        "n_secoes": 40,
        "nm_local": "COLÉGIO ESTADUAL MULLULO DA VEIGA",
        "bairro": "ENGENHOCA",
        "cargo": "PREFEITO"
      },
      "geometry": {
        "type": "Point",
        "coordinates": [
          -43.0988892,
          -22.8708282
        ]
      }
    },
    {
      "type": "Feature",
      "properties": {
        "ano": 2016,
        "nr_local": "1244",
        "label": "FELIPE PEIXOTO",
        "QT_VOTOS": 5403,
        "n_secoes": 33,
        "nm_local": "ESCOLA ESTADUAL MANUEL DE ABREU",
        "bairro": "ICARAÍ",
        "cargo": "PREFEITO"
      },
      "geometry": {
        "type": "Point",
        "coordinates": [
          -43.1071569,
          -22.9023086
        ]
      }
    },
    {
      "type": "Feature",
      "properties": {
        "ano": 2016,
        "nr_local": "1252",
        "label": "FELIPE PEIXOTO",
        "QT_VOTOS": 3627,
        "n_secoes": 23,
        "nm_local": "ESCOLA MUNICIPAL ADELINO MAGALHÃES",
        "bairro": "ENGENHOCA",
        "cargo": "PREFEITO"
      },
      "geometry": {
        "type": "Point",
        "coordinates": [
          -43.0944571,
          -22.8739038
        ]
      }
    },
    {
      "type": "Feature",
      "properties": {
        "ano": 2016,
        "nr_local": "1260",
        "label": "FELIPE PEIXOTO",
        "QT_VOTOS": 5578,
        "n_secoes": 33,
        "nm_local": "INSTITUTO ABEL",
        "bairro": "ICARAÍ",
        "cargo": "PREFEITO"
      },
      "geometry": {
        "type": "Point",
        "coordinates": [
          -43.1094942,
          -22.9004168
        ]
      }
    },
    {
      "type": "Feature",
      "properties": {
        "ano": 2016,
        "nr_local": "1279",
        "label": "FELIPE PEIXOTO",
        "QT_VOTOS": 2239,
        "n_secoes": 14,
        "nm_local": "INSTITUTO FOKUS (ANTIGO INTERAÇÃO CRECHE ESCOLA)",
        "bairro": "CAMBOINHAS",
        "cargo": "PREFEITO"
      },
      "geometry": {
        "type": "Point",
        "coordinates": [
          -43.062822,
          -22.9542456
        ]
      }
    },
    {
      "type": "Feature",
      "properties": {
        "ano": 2016,
        "nr_local": "1287",
        "label": "FELIPE PEIXOTO",
        "QT_VOTOS": 471,
        "n_secoes": 4,
        "nm_local": "ESCOLA MUNICIPAL PROF MARCOS WALDEMAR DE FREITAS REIS",
        "bairro": "ITAIPU",
        "cargo": "PREFEITO"
      },
      "geometry": {
        "type": "Point",
        "coordinates": [
          -43.0330724,
          -22.9615628
        ]
      }
    },
    {
      "type": "Feature",
      "properties": {
        "ano": 2016,
        "nr_local": "1295",
        "label": "FELIPE PEIXOTO",
        "QT_VOTOS": 4385,
        "n_secoes": 26,
        "nm_local": "UMEI PROFA ODETE ROSA DA MOTA",
        "bairro": "ITAIPU",
        "cargo": "PREFEITO"
      },
      "geometry": {
        "type": "Point",
        "coordinates": [
          -43.02859,
          -22.9532368
        ]
      }
    },
    {
      "type": "Feature",
      "properties": {
        "ano": 2016,
        "nr_local": "1309",
        "label": "FELIPE PEIXOTO",
        "QT_VOTOS": 3018,
        "n_secoes": 19,
        "nm_local": "CURSO MARLY CURY",
        "bairro": "SANTA ROSA",
        "cargo": "PREFEITO"
      },
      "geometry": {
        "type": "Point",
        "coordinates": [
          -43.1019227,
          -22.9054777
        ]
      }
    },
    {
      "type": "Feature",
      "properties": {
        "ano": 2016,
        "nr_local": "1317",
        "label": "FELIPE PEIXOTO",
        "QT_VOTOS": 3133,
        "n_secoes": 21,
        "nm_local": "ESCOLA ESTADUAL BALTAZAR BERNARDINO",
        "bairro": "SANTA ROSA",
        "cargo": "PREFEITO"
      },
      "geometry": {
        "type": "Point",
        "coordinates": [
          -43.1012931,
          -22.9032359
        ]
      }
    },
    {
      "type": "Feature",
      "properties": {
        "ano": 2016,
        "nr_local": "1325",
        "label": "FELIPE PEIXOTO",
        "QT_VOTOS": 3702,
        "n_secoes": 23,
        "nm_local": "ESCOLA MUNICIPAL SÍTIO DO IPÊ",
        "bairro": "MARIA PAULA",
        "cargo": "PREFEITO"
      },
      "geometry": {
        "type": "Point",
        "coordinates": [
          -43.0267087,
          -22.8821134
        ]
      }
    },
    {
      "type": "Feature",
      "properties": {
        "ano": 2016,
        "nr_local": "1333",
        "label": "FELIPE PEIXOTO",
        "QT_VOTOS": 2707,
        "n_secoes": 26,
        "nm_local": "ESCOLA ME NINAR",
        "bairro": "ITAIPU",
        "cargo": "PREFEITO"
      },
      "geometry": {
        "type": "Point",
        "coordinates": [
          -43.0442198,
          -22.9408099
        ]
      }
    },
    {
      "type": "Feature",
      "properties": {
        "ano": 2016,
        "nr_local": "1341",
        "label": "FELIPE PEIXOTO",
        "QT_VOTOS": 221,
        "n_secoes": 2,
        "nm_local": "SOPRECAM",
        "bairro": "CAMBOINHAS",
        "cargo": "PREFEITO"
      },
      "geometry": {
        "type": "Point",
        "coordinates": [
          -43.0584356,
          -22.9537053
        ]
      }
    },
    {
      "type": "Feature",
      "properties": {
        "ano": 2016,
        "nr_local": "1350",
        "label": "FELIPE PEIXOTO",
        "QT_VOTOS": 1039,
        "n_secoes": 8,
        "nm_local": "ESCOLA MUNICIPAL MARALEGRE",
        "bairro": "CAFUBÁ",
        "cargo": "PREFEITO"
      },
      "geometry": {
        "type": "Point",
        "coordinates": [
          -43.0724233,
          -22.9362723
        ]
      }
    },
    {
      "type": "Feature",
      "properties": {
        "ano": 2016,
        "nr_local": "1368",
        "label": "FELIPE PEIXOTO",
        "QT_VOTOS": 3372,
        "n_secoes": 22,
        "nm_local": "INSTITUTO SÃO JOSÉ",
        "bairro": "SANTA ROSA",
        "cargo": "PREFEITO"
      },
      "geometry": {
        "type": "Point",
        "coordinates": [
          -43.1018878,
          -22.901754
        ]
      }
    },
    {
      "type": "Feature",
      "properties": {
        "ano": 2016,
        "nr_local": "1376",
        "label": "FELIPE PEIXOTO",
        "QT_VOTOS": 852,
        "n_secoes": 10,
        "nm_local": "UNIVERSIDADE SALGADO DE OLIVEIRA - BL A",
        "bairro": null,
        "cargo": "PREFEITO"
      },
      "geometry": {
        "type": "Point",
        "coordinates": [
          -43.1221924,
          -22.8898672
        ]
      }
    },
    {
      "type": "Feature",
      "properties": {
        "ano": 2016,
        "nr_local": "1384",
        "label": "FELIPE PEIXOTO",
        "QT_VOTOS": 1363,
        "n_secoes": 12,
        "nm_local": "UMEI OLGA BENÁRIO PRESTES",
        "bairro": "ENGENHO DO MATO",
        "cargo": "PREFEITO"
      },
      "geometry": {
        "type": "Point",
        "coordinates": [
          -43.0086653,
          -22.9354086
        ]
      }
    },
    {
      "type": "Feature",
      "properties": {
        "ano": 2016,
        "nr_local": "1392",
        "label": "FELIPE PEIXOTO",
        "QT_VOTOS": 2519,
        "n_secoes": 14,
        "nm_local": "FACULDADE DE VETERINARIA DA UFF",
        "bairro": "VITAL BRASIL",
        "cargo": "PREFEITO"
      },
      "geometry": {
        "type": "Point",
        "coordinates": [
          -43.098407,
          -22.904908
        ]
      }
    },
    {
      "type": "Feature",
      "properties": {
        "ano": 2016,
        "nr_local": "1406",
        "label": "FELIPE PEIXOTO",
        "QT_VOTOS": 2547,
        "n_secoes": 19,
        "nm_local": "COLÉGIO NITERÓI",
        "bairro": "ENGENHOCA",
        "cargo": "PREFEITO"
      },
      "geometry": {
        "type": "Point",
        "coordinates": [
          -43.1018717,
          -22.8706133
        ]
      }
    },
    {
      "type": "Feature",
      "properties": {
        "ano": 2016,
        "nr_local": "1414",
        "label": "FELIPE PEIXOTO",
        "QT_VOTOS": 801,
        "n_secoes": 7,
        "nm_local": "UNIVERSIDADE SALGADO DE OLIVEIRA - BL B (PRÓXIMO AO GUANABARA)",
        "bairro": "CENTRO",
        "cargo": "PREFEITO"
      },
      "geometry": {
        "type": "Point",
        "coordinates": [
          -43.1172001,
          -22.8893447
        ]
      }
    },
    {
      "type": "Feature",
      "properties": {
        "ano": 2016,
        "nr_local": "1422",
        "label": "FELIPE PEIXOTO",
        "QT_VOTOS": 201,
        "n_secoes": 3,
        "nm_local": "CLUBE PORTUGUES DE NITEROI",
        "bairro": "SÃO DOMINGOS",
        "cargo": "PREFEITO"
      },
      "geometry": {
        "type": "Point",
        "coordinates": [
          -43.1274594,
          -22.9021482
        ]
      }
    },
    {
      "type": "Feature",
      "properties": {
        "ano": 2016,
        "nr_local": "1449",
        "label": "FELIPE PEIXOTO",
        "QT_VOTOS": 3051,
        "n_secoes": 19,
        "nm_local": "CIEP 450 - BADU",
        "bairro": "BADU",
        "cargo": "PREFEITO"
      },
      "geometry": {
        "type": "Point",
        "coordinates": [
          -43.0566124,
          -22.9071974
        ]
      }
    },
    {
      "type": "Feature",
      "properties": {
        "ano": 2016,
        "nr_local": "1457",
        "label": "FELIPE PEIXOTO",
        "QT_VOTOS": 1115,
        "n_secoes": 11,
        "nm_local": "ÁGUAS DE NITEROI",
        "bairro": "CENTRO",
        "cargo": "PREFEITO"
      },
      "geometry": {
        "type": "Point",
        "coordinates": [
          -43.1141378,
          -22.8915411
        ]
      }
    },
    {
      "type": "Feature",
      "properties": {
        "ano": 2016,
        "nr_local": "1465",
        "label": "FELIPE PEIXOTO",
        "QT_VOTOS": 824,
        "n_secoes": 9,
        "nm_local": "CENTRO UNIVERSITÁRIO ANHANGUERA (ANTIGO PLÍNIO LEITE)",
        "bairro": "CENTRO",
        "cargo": "PREFEITO"
      },
      "geometry": {
        "type": "Point",
        "coordinates": [
          -43.1245632,
          -22.8869267
        ]
      }
    },
    {
      "type": "Feature",
      "properties": {
        "ano": 2016,
        "nr_local": "1473",
        "label": "FELIPE PEIXOTO",
        "QT_VOTOS": 2684,
        "n_secoes": 21,
        "nm_local": "COLÉGIO FORUM CULTURAL",
        "bairro": "CANTAGALO",
        "cargo": "PREFEITO"
      },
      "geometry": {
        "type": "Point",
        "coordinates": [
          -43.0490094,
          -22.9163184
        ]
      }
    },
    {
      "type": "Feature",
      "properties": {
        "ano": 2016,
        "nr_local": "1481",
        "label": "FELIPE PEIXOTO",
        "QT_VOTOS": 891,
        "n_secoes": 9,
        "nm_local": "ESCOLA MUNICIPAL MAESTRO HEITOR VILLA-LOBOS (''COLÉGIO NOVO'')",
        "bairro": "ILHA DA CONCEIÇÃO",
        "cargo": "PREFEITO"
      },
      "geometry": {
        "type": "Point",
        "coordinates": [
          -43.1156463,
          -22.8731482
        ]
      }
    },
    {
      "type": "Feature",
      "properties": {
        "ano": 2016,
        "nr_local": "1490",
        "label": "FELIPE PEIXOTO",
        "QT_VOTOS": 362,
        "n_secoes": 3,
        "nm_local": "IGREJA BATISTA DO FONSECA",
        "bairro": "FONSECA",
        "cargo": "PREFEITO"
      },
      "geometry": {
        "type": "Point",
        "coordinates": [
          -43.0865383,
          -22.8810878
        ]
      }
    },
    {
      "type": "Feature",
      "properties": {
        "ano": 2016,
        "nr_local": "1503",
        "label": "FELIPE PEIXOTO",
        "QT_VOTOS": 713,
        "n_secoes": 5,
        "nm_local": "SERVICO DE ASSISTENCIA SOCIAL SAO DOMINGOS SAVIO",
        "bairro": "SANTA ROSA",
        "cargo": "PREFEITO"
      },
      "geometry": {
        "type": "Point",
        "coordinates": [
          -43.0928214,
          -22.8988024
        ]
      }
    },
    {
      "type": "Feature",
      "properties": {
        "ano": 2016,
        "nr_local": "1520",
        "label": "FELIPE PEIXOTO",
        "QT_VOTOS": 2552,
        "n_secoes": 15,
        "nm_local": "ESCOLA MUNICIPAL LEVI CARNEIRO",
        "bairro": "SAPÊ",
        "cargo": "PREFEITO"
      },
      "geometry": {
        "type": "Point",
        "coordinates": [
          -43.0583864,
          -22.8961721
        ]
      }
    },
    {
      "type": "Feature",
      "properties": {
        "ano": 2016,
        "nr_local": "1538",
        "label": "FELIPE PEIXOTO",
        "QT_VOTOS": 1614,
        "n_secoes": 10,
        "nm_local": "ESCOLA CATAVENTO ESPAÇO DE EDUCAÇÃO",
        "bairro": "SAPÊ",
        "cargo": "PREFEITO"
      },
      "geometry": {
        "type": "Point",
        "coordinates": [
          -43.0635188,
          -22.9024713
        ]
      }
    },
    {
      "type": "Feature",
      "properties": {
        "ano": 2016,
        "nr_local": "1546",
        "label": "FELIPE PEIXOTO",
        "QT_VOTOS": 1382,
        "n_secoes": 9,
        "nm_local": "UNIVERSIDADE SALGADO DE OLIVEIRA - BL A",
        "bairro": "CENTRO",
        "cargo": "PREFEITO"
      },
      "geometry": {
        "type": "Point",
        "coordinates": [
          -43.1186087,
          -22.8894749
        ]
      }
    },
    {
      "type": "Feature",
      "properties": {
        "ano": 2016,
        "nr_local": "1554",
        "label": "FELIPE PEIXOTO",
        "QT_VOTOS": 1512,
        "n_secoes": 13,
        "nm_local": "JARDIM ESCOLA GIRASSÓIS",
        "bairro": "LARGO DA BATALHA",
        "cargo": "PREFEITO"
      },
      "geometry": {
        "type": "Point",
        "coordinates": [
          -43.0652722,
          -22.9077414
        ]
      }
    },
    {
      "type": "Feature",
      "properties": {
        "ano": 2016,
        "nr_local": "1589",
        "label": "FELIPE PEIXOTO",
        "QT_VOTOS": 780,
        "n_secoes": 5,
        "nm_local": "COLÉGIO NOSSA SENHORA DAS MERCÊS",
        "bairro": "FONSECA",
        "cargo": "PREFEITO"
      },
      "geometry": {
        "type": "Point",
        "coordinates": [
          -43.1023535,
          -22.880345
        ]
      }
    },
    {
      "type": "Feature",
      "properties": {
        "ano": 2016,
        "nr_local": "1597",
        "label": "FELIPE PEIXOTO",
        "QT_VOTOS": 1858,
        "n_secoes": 13,
        "nm_local": "COLÉGIO PONTO DE ENSINO",
        "bairro": "ICARAÍ",
        "cargo": "PREFEITO"
      },
      "geometry": {
        "type": "Point",
        "coordinates": [
          -43.1095209,
          -22.9092421
        ]
      }
    },
    {
      "type": "Feature",
      "properties": {
        "ano": 2016,
        "nr_local": "1600",
        "label": "FELIPE PEIXOTO",
        "QT_VOTOS": 1037,
        "n_secoes": 8,
        "nm_local": "INSTITUTO DE EDUCAÇÃO PROFESSOR ISMAEL COUTINHO - IEPIC",
        "bairro": "SÃO DOMINGOS",
        "cargo": "PREFEITO"
      },
      "geometry": {
        "type": "Point",
        "coordinates": [
          -43.1271052,
          -22.8989767
        ]
      }
    },
    {
      "type": "Feature",
      "properties": {
        "ano": 2016,
        "nr_local": "1635",
        "label": "FELIPE PEIXOTO",
        "QT_VOTOS": 1579,
        "n_secoes": 12,
        "nm_local": "ESCOLA MUNICIPAL DOM JOSÉ PEREIRA ALVES",
        "bairro": "FONSECA",
        "cargo": "PREFEITO"
      },
      "geometry": {
        "type": "Point",
        "coordinates": [
          -43.0920686,
          -22.8783038
        ]
      }
    },
    {
      "type": "Feature",
      "properties": {
        "ano": 2016,
        "nr_local": "1643",
        "label": "FELIPE PEIXOTO",
        "QT_VOTOS": 740,
        "n_secoes": 6,
        "nm_local": "CENTRO MODERNO ALZIRA BITTENCOURT",
        "bairro": "ICARAÍ",
        "cargo": "PREFEITO"
      },
      "geometry": {
        "type": "Point",
        "coordinates": [
          -43.110746,
          -22.9012326
        ]
      }
    },
    {
      "type": "Feature",
      "properties": {
        "ano": 2016,
        "nr_local": "1660",
        "label": "FELIPE PEIXOTO",
        "QT_VOTOS": 193,
        "n_secoes": 4,
        "nm_local": "CLUBE CENTRAL",
        "bairro": "ICARAÍ",
        "cargo": "PREFEITO"
      },
      "geometry": {
        "type": "Point",
        "coordinates": [
          -43.111789,
          -22.9075784
        ]
      }
    },
    {
      "type": "Feature",
      "properties": {
        "ano": 2016,
        "nr_local": "1716",
        "label": "FELIPE PEIXOTO",
        "QT_VOTOS": 755,
        "n_secoes": 6,
        "nm_local": "ESCOLA VIVINFÂNCIA",
        "bairro": "ICARAÍ",
        "cargo": "PREFEITO"
      },
      "geometry": {
        "type": "Point",
        "coordinates": [
          -43.1056898,
          -22.9079727
        ]
      }
    },
    {
      "type": "Feature",
      "properties": {
        "ano": 2016,
        "nr_local": "1732",
        "label": "FELIPE PEIXOTO",
        "QT_VOTOS": 332,
        "n_secoes": 3,
        "nm_local": "CLUBE NAVAL",
        "bairro": "JURUJUBA",
        "cargo": "PREFEITO"
      },
      "geometry": {
        "type": "Point",
        "coordinates": [
          -43.1068139,
          -22.935737
        ]
      }
    },
    {
      "type": "Feature",
      "properties": {
        "ano": 2016,
        "nr_local": "1740",
        "label": "FELIPE PEIXOTO",
        "QT_VOTOS": 123,
        "n_secoes": 1,
        "nm_local": "ESCOLA MUNICIPAL PROFESSORA ELVIRA LÚCIA ESTEVES DE VASCONCELOS",
        "bairro": "ICARAÍ",
        "cargo": "PREFEITO"
      },
      "geometry": {
        "type": "Point",
        "coordinates": [
          -43.1073245,
          -22.9111671
        ]
      }
    },
    {
      "type": "Feature",
      "properties": {
        "ano": 2018,
        "nr_local": "1015",
        "label": "FELIPE PEIXOTO",
        "QT_VOTOS": 461,
        "n_secoes": 24,
        "nm_local": "INSTITUTO JCA",
        "bairro": "SANTA BARBARA",
        "cargo": "DEPUTADO ESTADUAL"
      },
      "geometry": {
        "type": "Point",
        "coordinates": [
          -43.0585179,
          -22.882301
        ]
      }
    },
    {
      "type": "Feature",
      "properties": {
        "ano": 2018,
        "nr_local": "1023",
        "label": "FELIPE PEIXOTO",
        "QT_VOTOS": 54,
        "n_secoes": 9,
        "nm_local": "PAROQUIA DE SAO JOAO BATISTA",
        "bairro": "TENENTE JARDIM",
        "cargo": "DEPUTADO ESTADUAL"
      },
      "geometry": {
        "type": "Point",
        "coordinates": [
          -43.0827273,
          -22.8639855
        ]
      }
    },
    {
      "type": "Feature",
      "properties": {
        "ano": 2018,
        "nr_local": "1031",
        "label": "FELIPE PEIXOTO",
        "QT_VOTOS": 118,
        "n_secoes": 19,
        "nm_local": "(PRÉDIO NOVO) COLÉGIO PEDRO II UNIDADE NITERÓI",
        "bairro": "BARRETO",
        "cargo": "DEPUTADO ESTADUAL"
      },
      "geometry": {
        "type": "Point",
        "coordinates": [
          -43.1037833,
          -22.8685685
        ]
      }
    },
    {
      "type": "Feature",
      "properties": {
        "ano": 2018,
        "nr_local": "1040",
        "label": "FELIPE PEIXOTO",
        "QT_VOTOS": 51,
        "n_secoes": 15,
        "nm_local": "CIEP 447 - CARAMUJO",
        "bairro": "CARAMUJO",
        "cargo": "DEPUTADO ESTADUAL"
      },
      "geometry": {
        "type": "Point",
        "coordinates": [
          -43.065134,
          -22.8827294
        ]
      }
    },
    {
      "type": "Feature",
      "properties": {
        "ano": 2018,
        "nr_local": "1066",
        "label": "FELIPE PEIXOTO",
        "QT_VOTOS": 183,
        "n_secoes": 7,
        "nm_local": "ITACOATIARA PAMPO CLUBE",
        "bairro": "ITACOATIARA",
        "cargo": "DEPUTADO ESTADUAL"
      },
      "geometry": {
        "type": "Point",
        "coordinates": [
          -43.0332117,
          -22.9646939
        ]
      }
    },
    {
      "type": "Feature",
      "properties": {
        "ano": 2018,
        "nr_local": "1074",
        "label": "FELIPE PEIXOTO",
        "QT_VOTOS": 250,
        "n_secoes": 25,
        "nm_local": "COLEGIO ESTADUAL PAULO ASSIS RIBEIRO",
        "bairro": "BADU",
        "cargo": "DEPUTADO ESTADUAL"
      },
      "geometry": {
        "type": "Point",
        "coordinates": [
          -43.0573891,
          -22.9068537
        ]
      }
    },
    {
      "type": "Feature",
      "properties": {
        "ano": 2018,
        "nr_local": "1082",
        "label": "FELIPE PEIXOTO",
        "QT_VOTOS": 127,
        "n_secoes": 13,
        "nm_local": "UMEI DR PAULO CESAR DE ALMEIDA PIMENTEL",
        "bairro": "ITAIPU",
        "cargo": "DEPUTADO ESTADUAL"
      },
      "geometry": {
        "type": "Point",
        "coordinates": [
          -43.0327165,
          -22.9614459
        ]
      }
    },
    {
      "type": "Feature",
      "properties": {
        "ano": 2018,
        "nr_local": "1090",
        "label": "FELIPE PEIXOTO",
        "QT_VOTOS": 205,
        "n_secoes": 24,
        "nm_local": "COLÉGIO ESTADUAL PROFESSORA ALCINA RODRIGUES LIMA",
        "bairro": "ITAIPU",
        "cargo": "DEPUTADO ESTADUAL"
      },
      "geometry": {
        "type": "Point",
        "coordinates": [
          -43.0285072,
          -22.9528491
        ]
      }
    },
    {
      "type": "Feature",
      "properties": {
        "ano": 2018,
        "nr_local": "1104",
        "label": "FELIPE PEIXOTO",
        "QT_VOTOS": 245,
        "n_secoes": 19,
        "nm_local": "ESCOLA MUNICIPAL ALTIVO CESAR",
        "bairro": "BARRETO",
        "cargo": "DEPUTADO ESTADUAL"
      },
      "geometry": {
        "type": "Point",
        "coordinates": [
          -43.0995714,
          -22.8645343
        ]
      }
    },
    {
      "type": "Feature",
      "properties": {
        "ano": 2018,
        "nr_local": "1112",
        "label": "FELIPE PEIXOTO",
        "QT_VOTOS": 421,
        "n_secoes": 36,
        "nm_local": "COLÉGIO SALESIANO REGIÃO OCEÂNICA",
        "bairro": "PIRATININGA",
        "cargo": "DEPUTADO ESTADUAL"
      },
      "geometry": {
        "type": "Point",
        "coordinates": [
          -43.0618731,
          -22.9393022
        ]
      }
    },
    {
      "type": "Feature",
      "properties": {
        "ano": 2018,
        "nr_local": "1120",
        "label": "FELIPE PEIXOTO",
        "QT_VOTOS": 162,
        "n_secoes": 11,
        "nm_local": "COLÉGIO ESTADUAL ALMIRANTE TAMANDARÉ",
        "bairro": "PIRATININGA",
        "cargo": "DEPUTADO ESTADUAL"
      },
      "geometry": {
        "type": "Point",
        "coordinates": [
          -43.0916732,
          -22.9512083
        ]
      }
    },
    {
      "type": "Feature",
      "properties": {
        "ano": 2018,
        "nr_local": "1139",
        "label": "FELIPE PEIXOTO",
        "QT_VOTOS": 140,
        "n_secoes": 10,
        "nm_local": "ESCOLA MUNICIPAL FRANCISCO PORTUGAL NEVES",
        "bairro": "PIRATININGA",
        "cargo": "DEPUTADO ESTADUAL"
      },
      "geometry": {
        "type": "Point",
        "coordinates": [
          -43.056665,
          -22.942363
        ]
      }
    },
    {
      "type": "Feature",
      "properties": {
        "ano": 2018,
        "nr_local": "1147",
        "label": "FELIPE PEIXOTO",
        "QT_VOTOS": 42,
        "n_secoes": 8,
        "nm_local": "ESCOLA MUNICIPAL VERA LUCIA MACHADO",
        "bairro": "BADU",
        "cargo": "DEPUTADO ESTADUAL"
      },
      "geometry": {
        "type": "Point",
        "coordinates": [
          -43.0500355,
          -22.9045
        ]
      }
    },
    {
      "type": "Feature",
      "properties": {
        "ano": 2018,
        "nr_local": "1155",
        "label": "FELIPE PEIXOTO",
        "QT_VOTOS": 202,
        "n_secoes": 15,
        "nm_local": "COLÉGIO ITAPUCA",
        "bairro": "PIRATININGA",
        "cargo": "DEPUTADO ESTADUAL"
      },
      "geometry": {
        "type": "Point",
        "coordinates": [
          -43.0593249,
          -22.9437854
        ]
      }
    },
    {
      "type": "Feature",
      "properties": {
        "ano": 2018,
        "nr_local": "1163",
        "label": "FELIPE PEIXOTO",
        "QT_VOTOS": 33,
        "n_secoes": 15,
        "nm_local": "COLÉGIO ESTADUAL CONSELHEIRO MACEDO SOARES",
        "bairro": "BARRETO",
        "cargo": "DEPUTADO ESTADUAL"
      },
      "geometry": {
        "type": "Point",
        "coordinates": [
          -43.0924035,
          -22.8622231
        ]
      }
    },
    {
      "type": "Feature",
      "properties": {
        "ano": 2018,
        "nr_local": "1171",
        "label": "FELIPE PEIXOTO",
        "QT_VOTOS": 76,
        "n_secoes": 17,
        "nm_local": "ESCOLA MUNICIPAL ANTONIO COUTINHO DE AZEVEDO",
        "bairro": "SANTA BARBARA",
        "cargo": "DEPUTADO ESTADUAL"
      },
      "geometry": {
        "type": "Point",
        "coordinates": [
          -43.04869,
          -22.8756043
        ]
      }
    },
    {
      "type": "Feature",
      "properties": {
        "ano": 2018,
        "nr_local": "1180",
        "label": "FELIPE PEIXOTO",
        "QT_VOTOS": 34,
        "n_secoes": 7,
        "nm_local": "ESCOLA MUNICIPAL RACHIDE DA GLORIA SALIM SAKER",
        "bairro": "SANTA BARBARA",
        "cargo": "DEPUTADO ESTADUAL"
      },
      "geometry": {
        "type": "Point",
        "coordinates": [
          -43.0488967,
          -22.8766134
        ]
      }
    },
    {
      "type": "Feature",
      "properties": {
        "ano": 2018,
        "nr_local": "1198",
        "label": "FELIPE PEIXOTO",
        "QT_VOTOS": 129,
        "n_secoes": 13,
        "nm_local": "CIEP 448 RUY FRAZÃO SOARES",
        "bairro": "ITAIPU",
        "cargo": "DEPUTADO ESTADUAL"
      },
      "geometry": {
        "type": "Point",
        "coordinates": [
          -43.0092644,
          -22.9356576
        ]
      }
    },
    {
      "type": "Feature",
      "properties": {
        "ano": 2018,
        "nr_local": "1201",
        "label": "FELIPE PEIXOTO",
        "QT_VOTOS": 6,
        "n_secoes": 3,
        "nm_local": "OFICINAS DO SENAI",
        "bairro": "BARRETO",
        "cargo": "DEPUTADO ESTADUAL"
      },
      "geometry": {
        "type": "Point",
        "coordinates": [
          -43.1026046,
          -22.8614396
        ]
      }
    },
    {
      "type": "Feature",
      "properties": {
        "ano": 2018,
        "nr_local": "1210",
        "label": "FELIPE PEIXOTO",
        "QT_VOTOS": 48,
        "n_secoes": 12,
        "nm_local": "TIO SAM ESPORTE CLUBE",
        "bairro": "BARRETO",
        "cargo": "DEPUTADO ESTADUAL"
      },
      "geometry": {
        "type": "Point",
        "coordinates": [
          -43.104502,
          -22.8719306
        ]
      }
    },
    {
      "type": "Feature",
      "properties": {
        "ano": 2018,
        "nr_local": "1236",
        "label": "FELIPE PEIXOTO",
        "QT_VOTOS": 48,
        "n_secoes": 11,
        "nm_local": "COLÉGIO ESTADUAL MULLULO DA VEIGA",
        "bairro": "ENGENHOCA",
        "cargo": "DEPUTADO ESTADUAL"
      },
      "geometry": {
        "type": "Point",
        "coordinates": [
          -43.0988892,
          -22.8708282
        ]
      }
    },
    {
      "type": "Feature",
      "properties": {
        "ano": 2018,
        "nr_local": "1244",
        "label": "FELIPE PEIXOTO",
        "QT_VOTOS": 235,
        "n_secoes": 18,
        "nm_local": "ESCOLA ESTADUAL MANUEL DE ABREU",
        "bairro": "ICARAÍ",
        "cargo": "DEPUTADO ESTADUAL"
      },
      "geometry": {
        "type": "Point",
        "coordinates": [
          -43.1071569,
          -22.9023086
        ]
      }
    },
    {
      "type": "Feature",
      "properties": {
        "ano": 2018,
        "nr_local": "1252",
        "label": "FELIPE PEIXOTO",
        "QT_VOTOS": 90,
        "n_secoes": 18,
        "nm_local": "ESCOLA MUNICIPAL ADELINO MAGALHÃES",
        "bairro": "ENGENHOCA",
        "cargo": "DEPUTADO ESTADUAL"
      },
      "geometry": {
        "type": "Point",
        "coordinates": [
          -43.0944571,
          -22.8739038
        ]
      }
    },
    {
      "type": "Feature",
      "properties": {
        "ano": 2018,
        "nr_local": "1260",
        "label": "FELIPE PEIXOTO",
        "QT_VOTOS": 339,
        "n_secoes": 26,
        "nm_local": "INSTITUTO ABEL",
        "bairro": "ICARAÍ",
        "cargo": "DEPUTADO ESTADUAL"
      },
      "geometry": {
        "type": "Point",
        "coordinates": [
          -43.1094942,
          -22.9004168
        ]
      }
    },
    {
      "type": "Feature",
      "properties": {
        "ano": 2018,
        "nr_local": "1279",
        "label": "FELIPE PEIXOTO",
        "QT_VOTOS": 66,
        "n_secoes": 4,
        "nm_local": "INSTITUTO FOKUS (ANTIGO INTERAÇÃO CRECHE ESCOLA)",
        "bairro": "CAMBOINHAS",
        "cargo": "DEPUTADO ESTADUAL"
      },
      "geometry": {
        "type": "Point",
        "coordinates": [
          -43.062822,
          -22.9542456
        ]
      }
    },
    {
      "type": "Feature",
      "properties": {
        "ano": 2018,
        "nr_local": "1287",
        "label": "FELIPE PEIXOTO",
        "QT_VOTOS": 44,
        "n_secoes": 4,
        "nm_local": "ESCOLA MUNICIPAL PROF MARCOS WALDEMAR DE FREITAS REIS",
        "bairro": "ITAIPU",
        "cargo": "DEPUTADO ESTADUAL"
      },
      "geometry": {
        "type": "Point",
        "coordinates": [
          -43.0330724,
          -22.9615628
        ]
      }
    },
    {
      "type": "Feature",
      "properties": {
        "ano": 2018,
        "nr_local": "1295",
        "label": "FELIPE PEIXOTO",
        "QT_VOTOS": 262,
        "n_secoes": 22,
        "nm_local": "UMEI PROFA ODETE ROSA DA MOTA",
        "bairro": "ITAIPU",
        "cargo": "DEPUTADO ESTADUAL"
      },
      "geometry": {
        "type": "Point",
        "coordinates": [
          -43.02859,
          -22.9532368
        ]
      }
    },
    {
      "type": "Feature",
      "properties": {
        "ano": 2018,
        "nr_local": "1309",
        "label": "FELIPE PEIXOTO",
        "QT_VOTOS": 102,
        "n_secoes": 11,
        "nm_local": "CURSO MARLY CURY",
        "bairro": "SANTA ROSA",
        "cargo": "DEPUTADO ESTADUAL"
      },
      "geometry": {
        "type": "Point",
        "coordinates": [
          -43.1019227,
          -22.9054777
        ]
      }
    },
    {
      "type": "Feature",
      "properties": {
        "ano": 2018,
        "nr_local": "1317",
        "label": "FELIPE PEIXOTO",
        "QT_VOTOS": 227,
        "n_secoes": 23,
        "nm_local": "ESCOLA ESTADUAL BALTAZAR BERNARDINO",
        "bairro": "SANTA ROSA",
        "cargo": "DEPUTADO ESTADUAL"
      },
      "geometry": {
        "type": "Point",
        "coordinates": [
          -43.1012931,
          -22.9032359
        ]
      }
    },
    {
      "type": "Feature",
      "properties": {
        "ano": 2018,
        "nr_local": "1325",
        "label": "FELIPE PEIXOTO",
        "QT_VOTOS": 145,
        "n_secoes": 18,
        "nm_local": "ESCOLA MUNICIPAL SÍTIO DO IPÊ",
        "bairro": "MARIA PAULA",
        "cargo": "DEPUTADO ESTADUAL"
      },
      "geometry": {
        "type": "Point",
        "coordinates": [
          -43.0267087,
          -22.8821134
        ]
      }
    },
    {
      "type": "Feature",
      "properties": {
        "ano": 2018,
        "nr_local": "1333",
        "label": "FELIPE PEIXOTO",
        "QT_VOTOS": 116,
        "n_secoes": 12,
        "nm_local": "ESCOLA ME NINAR",
        "bairro": "ITAIPU",
        "cargo": "DEPUTADO ESTADUAL"
      },
      "geometry": {
        "type": "Point",
        "coordinates": [
          -43.0442198,
          -22.9408099
        ]
      }
    },
    {
      "type": "Feature",
      "properties": {
        "ano": 2018,
        "nr_local": "1341",
        "label": "FELIPE PEIXOTO",
        "QT_VOTOS": 29,
        "n_secoes": 2,
        "nm_local": "SOPRECAM",
        "bairro": "CAMBOINHAS",
        "cargo": "DEPUTADO ESTADUAL"
      },
      "geometry": {
        "type": "Point",
        "coordinates": [
          -43.0584356,
          -22.9537053
        ]
      }
    },
    {
      "type": "Feature",
      "properties": {
        "ano": 2018,
        "nr_local": "1350",
        "label": "FELIPE PEIXOTO",
        "QT_VOTOS": 23,
        "n_secoes": 5,
        "nm_local": "ESCOLA MUNICIPAL MARALEGRE",
        "bairro": "CAFUBÁ",
        "cargo": "DEPUTADO ESTADUAL"
      },
      "geometry": {
        "type": "Point",
        "coordinates": [
          -43.0724233,
          -22.9362723
        ]
      }
    },
    {
      "type": "Feature",
      "properties": {
        "ano": 2018,
        "nr_local": "1368",
        "label": "FELIPE PEIXOTO",
        "QT_VOTOS": 213,
        "n_secoes": 23,
        "nm_local": "INSTITUTO SÃO JOSÉ",
        "bairro": "SANTA ROSA",
        "cargo": "DEPUTADO ESTADUAL"
      },
      "geometry": {
        "type": "Point",
        "coordinates": [
          -43.1018878,
          -22.901754
        ]
      }
    },
    {
      "type": "Feature",
      "properties": {
        "ano": 2018,
        "nr_local": "1392",
        "label": "FELIPE PEIXOTO",
        "QT_VOTOS": 130,
        "n_secoes": 14,
        "nm_local": "FACULDADE DE VETERINARIA DA UFF",
        "bairro": "VITAL BRASIL",
        "cargo": "DEPUTADO ESTADUAL"
      },
      "geometry": {
        "type": "Point",
        "coordinates": [
          -43.098407,
          -22.904908
        ]
      }
    },
    {
      "type": "Feature",
      "properties": {
        "ano": 2018,
        "nr_local": "1406",
        "label": "FELIPE PEIXOTO",
        "QT_VOTOS": 29,
        "n_secoes": 6,
        "nm_local": "COLÉGIO NITERÓI",
        "bairro": "ENGENHOCA",
        "cargo": "DEPUTADO ESTADUAL"
      },
      "geometry": {
        "type": "Point",
        "coordinates": [
          -43.1018717,
          -22.8706133
        ]
      }
    },
    {
      "type": "Feature",
      "properties": {
        "ano": 2018,
        "nr_local": "1414",
        "label": "FELIPE PEIXOTO",
        "QT_VOTOS": 21,
        "n_secoes": 8,
        "nm_local": "UNIVERSIDADE SALGADO DE OLIVEIRA - BL B (PRÓXIMO AO GUANABARA)",
        "bairro": "CENTRO",
        "cargo": "DEPUTADO ESTADUAL"
      },
      "geometry": {
        "type": "Point",
        "coordinates": [
          -43.1172001,
          -22.8893447
        ]
      }
    },
    {
      "type": "Feature",
      "properties": {
        "ano": 2018,
        "nr_local": "1422",
        "label": "FELIPE PEIXOTO",
        "QT_VOTOS": 72,
        "n_secoes": 6,
        "nm_local": "CLUBE PORTUGUES DE NITEROI",
        "bairro": "SÃO DOMINGOS",
        "cargo": "DEPUTADO ESTADUAL"
      },
      "geometry": {
        "type": "Point",
        "coordinates": [
          -43.1274594,
          -22.9021482
        ]
      }
    },
    {
      "type": "Feature",
      "properties": {
        "ano": 2018,
        "nr_local": "1430",
        "label": "FELIPE PEIXOTO",
        "QT_VOTOS": 108,
        "n_secoes": 24,
        "nm_local": "COLEGIO ESTADUAL AURELINO LEAL",
        "bairro": "INGÁ",
        "cargo": "DEPUTADO ESTADUAL"
      },
      "geometry": {
        "type": "Point",
        "coordinates": [
          -43.1254512,
          -22.9033321
        ]
      }
    },
    {
      "type": "Feature",
      "properties": {
        "ano": 2018,
        "nr_local": "1449",
        "label": "FELIPE PEIXOTO",
        "QT_VOTOS": 228,
        "n_secoes": 37,
        "nm_local": "CIEP 450 - BADU",
        "bairro": "BADU",
        "cargo": "DEPUTADO ESTADUAL"
      },
      "geometry": {
        "type": "Point",
        "coordinates": [
          -43.0566124,
          -22.9071974
        ]
      }
    },
    {
      "type": "Feature",
      "properties": {
        "ano": 2018,
        "nr_local": "1457",
        "label": "FELIPE PEIXOTO",
        "QT_VOTOS": 94,
        "n_secoes": 17,
        "nm_local": "ÁGUAS DE NITEROI",
        "bairro": "CENTRO",
        "cargo": "DEPUTADO ESTADUAL"
      },
      "geometry": {
        "type": "Point",
        "coordinates": [
          -43.1141378,
          -22.8915411
        ]
      }
    },
    {
      "type": "Feature",
      "properties": {
        "ano": 2018,
        "nr_local": "1465",
        "label": "FELIPE PEIXOTO",
        "QT_VOTOS": 50,
        "n_secoes": 14,
        "nm_local": "CENTRO UNIVERSITÁRIO ANHANGUERA (ANTIGO PLÍNIO LEITE)",
        "bairro": "CENTRO",
        "cargo": "DEPUTADO ESTADUAL"
      },
      "geometry": {
        "type": "Point",
        "coordinates": [
          -43.1245632,
          -22.8869267
        ]
      }
    },
    {
      "type": "Feature",
      "properties": {
        "ano": 2018,
        "nr_local": "1473",
        "label": "FELIPE PEIXOTO",
        "QT_VOTOS": 170,
        "n_secoes": 30,
        "nm_local": "COLÉGIO FORUM CULTURAL",
        "bairro": "CANTAGALO",
        "cargo": "DEPUTADO ESTADUAL"
      },
      "geometry": {
        "type": "Point",
        "coordinates": [
          -43.0490094,
          -22.9163184
        ]
      }
    },
    {
      "type": "Feature",
      "properties": {
        "ano": 2018,
        "nr_local": "1481",
        "label": "FELIPE PEIXOTO",
        "QT_VOTOS": 91,
        "n_secoes": 19,
        "nm_local": "ESCOLA MUNICIPAL MAESTRO HEITOR VILLA-LOBOS (''COLÉGIO NOVO'')",
        "bairro": "ILHA DA CONCEIÇÃO",
        "cargo": "DEPUTADO ESTADUAL"
      },
      "geometry": {
        "type": "Point",
        "coordinates": [
          -43.1156463,
          -22.8731482
        ]
      }
    },
    {
      "type": "Feature",
      "properties": {
        "ano": 2018,
        "nr_local": "1490",
        "label": "FELIPE PEIXOTO",
        "QT_VOTOS": 21,
        "n_secoes": 5,
        "nm_local": "IGREJA BATISTA DO FONSECA",
        "bairro": "FONSECA",
        "cargo": "DEPUTADO ESTADUAL"
      },
      "geometry": {
        "type": "Point",
        "coordinates": [
          -43.0865383,
          -22.8810878
        ]
      }
    },
    {
      "type": "Feature",
      "properties": {
        "ano": 2018,
        "nr_local": "1503",
        "label": "FELIPE PEIXOTO",
        "QT_VOTOS": 81,
        "n_secoes": 9,
        "nm_local": "SERVICO DE ASSISTENCIA SOCIAL SAO DOMINGOS SAVIO",
        "bairro": "SANTA ROSA",
        "cargo": "DEPUTADO ESTADUAL"
      },
      "geometry": {
        "type": "Point",
        "coordinates": [
          -43.0928214,
          -22.8988024
        ]
      }
    },
    {
      "type": "Feature",
      "properties": {
        "ano": 2018,
        "nr_local": "1511",
        "label": "FELIPE PEIXOTO",
        "QT_VOTOS": 76,
        "n_secoes": 17,
        "nm_local": "FACULDADE DE ADMINISTRAÇÃO E CIÊNCIAS CONTÁBEIS (VALONGUINHO)",
        "bairro": "CENTRO",
        "cargo": "DEPUTADO ESTADUAL"
      },
      "geometry": {
        "type": "Point",
        "coordinates": [
          -43.1252439,
          -22.8967413
        ]
      }
    },
    {
      "type": "Feature",
      "properties": {
        "ano": 2018,
        "nr_local": "1520",
        "label": "FELIPE PEIXOTO",
        "QT_VOTOS": 132,
        "n_secoes": 22,
        "nm_local": "ESCOLA MUNICIPAL LEVI CARNEIRO",
        "bairro": "SAPÊ",
        "cargo": "DEPUTADO ESTADUAL"
      },
      "geometry": {
        "type": "Point",
        "coordinates": [
          -43.0583864,
          -22.8961721
        ]
      }
    },
    {
      "type": "Feature",
      "properties": {
        "ano": 2018,
        "nr_local": "1538",
        "label": "FELIPE PEIXOTO",
        "QT_VOTOS": 56,
        "n_secoes": 13,
        "nm_local": "ESCOLA CATAVENTO ESPAÇO DE EDUCAÇÃO",
        "bairro": "SAPÊ",
        "cargo": "DEPUTADO ESTADUAL"
      },
      "geometry": {
        "type": "Point",
        "coordinates": [
          -43.0635188,
          -22.9024713
        ]
      }
    },
    {
      "type": "Feature",
      "properties": {
        "ano": 2018,
        "nr_local": "1546",
        "label": "FELIPE PEIXOTO",
        "QT_VOTOS": 133,
        "n_secoes": 23,
        "nm_local": "UNIVERSIDADE SALGADO DE OLIVEIRA - BL A",
        "bairro": "CENTRO",
        "cargo": "DEPUTADO ESTADUAL"
      },
      "geometry": {
        "type": "Point",
        "coordinates": [
          -43.1186087,
          -22.8894749
        ]
      }
    },
    {
      "type": "Feature",
      "properties": {
        "ano": 2018,
        "nr_local": "1554",
        "label": "FELIPE PEIXOTO",
        "QT_VOTOS": 181,
        "n_secoes": 32,
        "nm_local": "JARDIM ESCOLA GIRASSÓIS",
        "bairro": "LARGO DA BATALHA",
        "cargo": "DEPUTADO ESTADUAL"
      },
      "geometry": {
        "type": "Point",
        "coordinates": [
          -43.0652722,
          -22.9077414
        ]
      }
    },
    {
      "type": "Feature",
      "properties": {
        "ano": 2018,
        "nr_local": "1562",
        "label": "FELIPE PEIXOTO",
        "QT_VOTOS": 78,
        "n_secoes": 21,
        "nm_local": "COLEGIO ESTADUAL RAUL VIDAL",
        "bairro": "CENTRO",
        "cargo": "DEPUTADO ESTADUAL"
      },
      "geometry": {
        "type": "Point",
        "coordinates": [
          -43.1242688,
          -22.8862372
        ]
      }
    },
    {
      "type": "Feature",
      "properties": {
        "ano": 2018,
        "nr_local": "1570",
        "label": "FELIPE PEIXOTO",
        "QT_VOTOS": 131,
        "n_secoes": 24,
        "nm_local": "IGREJA DO SANTUARIO NACIONAL DAS ALMAS",
        "bairro": "ICARAÍ",
        "cargo": "DEPUTADO ESTADUAL"
      },
      "geometry": {
        "type": "Point",
        "coordinates": [
          -43.1107182,
          -22.9004522
        ]
      }
    },
    {
      "type": "Feature",
      "properties": {
        "ano": 2018,
        "nr_local": "1589",
        "label": "FELIPE PEIXOTO",
        "QT_VOTOS": 223,
        "n_secoes": 26,
        "nm_local": "COLÉGIO NOSSA SENHORA DAS MERCÊS",
        "bairro": "FONSECA",
        "cargo": "DEPUTADO ESTADUAL"
      },
      "geometry": {
        "type": "Point",
        "coordinates": [
          -43.1023535,
          -22.880345
        ]
      }
    },
    {
      "type": "Feature",
      "properties": {
        "ano": 2018,
        "nr_local": "1597",
        "label": "FELIPE PEIXOTO",
        "QT_VOTOS": 177,
        "n_secoes": 22,
        "nm_local": "COLÉGIO PONTO DE ENSINO",
        "bairro": "ICARAÍ",
        "cargo": "DEPUTADO ESTADUAL"
      },
      "geometry": {
        "type": "Point",
        "coordinates": [
          -43.1095209,
          -22.9092421
        ]
      }
    },
    {
      "type": "Feature",
      "properties": {
        "ano": 2018,
        "nr_local": "1600",
        "label": "FELIPE PEIXOTO",
        "QT_VOTOS": 52,
        "n_secoes": 19,
        "nm_local": "INSTITUTO DE EDUCAÇÃO PROFESSOR ISMAEL COUTINHO - IEPIC",
        "bairro": "SÃO DOMINGOS",
        "cargo": "DEPUTADO ESTADUAL"
      },
      "geometry": {
        "type": "Point",
        "coordinates": [
          -43.1271052,
          -22.8989767
        ]
      }
    },
    {
      "type": "Feature",
      "properties": {
        "ano": 2018,
        "nr_local": "1619",
        "label": "FELIPE PEIXOTO",
        "QT_VOTOS": 151,
        "n_secoes": 29,
        "nm_local": "COLEGIO ESTADUAL JOAQUIM TAVORA",
        "bairro": "ICARAÍ",
        "cargo": "DEPUTADO ESTADUAL"
      },
      "geometry": {
        "type": "Point",
        "coordinates": [
          -43.1081976,
          -22.9048788
        ]
      }
    },
    {
      "type": "Feature",
      "properties": {
        "ano": 2018,
        "nr_local": "1627",
        "label": "FELIPE PEIXOTO",
        "QT_VOTOS": 136,
        "n_secoes": 21,
        "nm_local": "ESCOLA ESTADUAL DOUTOR JAYME MEMORIA",
        "bairro": "CUBANGO",
        "cargo": "DEPUTADO ESTADUAL"
      },
      "geometry": {
        "type": "Point",
        "coordinates": [
          -43.0937712,
          -22.88949
        ]
      }
    },
    {
      "type": "Feature",
      "properties": {
        "ano": 2018,
        "nr_local": "1635",
        "label": "FELIPE PEIXOTO",
        "QT_VOTOS": 48,
        "n_secoes": 11,
        "nm_local": "ESCOLA MUNICIPAL DOM JOSÉ PEREIRA ALVES",
        "bairro": "FONSECA",
        "cargo": "DEPUTADO ESTADUAL"
      },
      "geometry": {
        "type": "Point",
        "coordinates": [
          -43.0920686,
          -22.8783038
        ]
      }
    },
    {
      "type": "Feature",
      "properties": {
        "ano": 2018,
        "nr_local": "1643",
        "label": "FELIPE PEIXOTO",
        "QT_VOTOS": 55,
        "n_secoes": 7,
        "nm_local": "CENTRO MODERNO ALZIRA BITTENCOURT",
        "bairro": "ICARAÍ",
        "cargo": "DEPUTADO ESTADUAL"
      },
      "geometry": {
        "type": "Point",
        "coordinates": [
          -43.110746,
          -22.9012326
        ]
      }
    },
    {
      "type": "Feature",
      "properties": {
        "ano": 2018,
        "nr_local": "1651",
        "label": "FELIPE PEIXOTO",
        "QT_VOTOS": 92,
        "n_secoes": 15,
        "nm_local": "PH COLÉGIO",
        "bairro": "ICARAÍ",
        "cargo": "DEPUTADO ESTADUAL"
      },
      "geometry": {
        "type": "Point",
        "coordinates": [
          -43.1110377,
          -22.9006508
        ]
      }
    },
    {
      "type": "Feature",
      "properties": {
        "ano": 2018,
        "nr_local": "1660",
        "label": "FELIPE PEIXOTO",
        "QT_VOTOS": 258,
        "n_secoes": 29,
        "nm_local": "CLUBE CENTRAL",
        "bairro": "ICARAÍ",
        "cargo": "DEPUTADO ESTADUAL"
      },
      "geometry": {
        "type": "Point",
        "coordinates": [
          -43.111789,
          -22.9075784
        ]
      }
    },
    {
      "type": "Feature",
      "properties": {
        "ano": 2018,
        "nr_local": "1678",
        "label": "FELIPE PEIXOTO",
        "QT_VOTOS": 108,
        "n_secoes": 23,
        "nm_local": "LICEU NILO PEÇANHA",
        "bairro": "CENTRO",
        "cargo": "DEPUTADO ESTADUAL"
      },
      "geometry": {
        "type": "Point",
        "coordinates": [
          -43.1165611,
          -22.8935707
        ]
      }
    },
    {
      "type": "Feature",
      "properties": {
        "ano": 2018,
        "nr_local": "1686",
        "label": "FELIPE PEIXOTO",
        "QT_VOTOS": 106,
        "n_secoes": 14,
        "nm_local": "COLÉGIO DA POLÍCIA MILITAR",
        "bairro": "FONSECA",
        "cargo": "DEPUTADO ESTADUAL"
      },
      "geometry": {
        "type": "Point",
        "coordinates": [
          -43.0820149,
          -22.8818063
        ]
      }
    },
    {
      "type": "Feature",
      "properties": {
        "ano": 2018,
        "nr_local": "1694",
        "label": "FELIPE PEIXOTO",
        "QT_VOTOS": 84,
        "n_secoes": 9,
        "nm_local": "RIO CRICKET",
        "bairro": "INGÁ",
        "cargo": "DEPUTADO ESTADUAL"
      },
      "geometry": {
        "type": "Point",
        "coordinates": [
          -43.1133665,
          -22.8997052
        ]
      }
    },
    {
      "type": "Feature",
      "properties": {
        "ano": 2018,
        "nr_local": "1708",
        "label": "FELIPE PEIXOTO",
        "QT_VOTOS": 114,
        "n_secoes": 21,
        "nm_local": "ESCOLA MUNICIPAL JÚLIA CORTINES",
        "bairro": "ICARAÍ",
        "cargo": "DEPUTADO ESTADUAL"
      },
      "geometry": {
        "type": "Point",
        "coordinates": [
          -43.1086717,
          -22.9043592
        ]
      }
    },
    {
      "type": "Feature",
      "properties": {
        "ano": 2018,
        "nr_local": "1716",
        "label": "FELIPE PEIXOTO",
        "QT_VOTOS": 31,
        "n_secoes": 4,
        "nm_local": "ESCOLA VIVINFÂNCIA",
        "bairro": "ICARAÍ",
        "cargo": "DEPUTADO ESTADUAL"
      },
      "geometry": {
        "type": "Point",
        "coordinates": [
          -43.1056898,
          -22.9079727
        ]
      }
    },
    {
      "type": "Feature",
      "properties": {
        "ano": 2018,
        "nr_local": "1724",
        "label": "FELIPE PEIXOTO",
        "QT_VOTOS": 71,
        "n_secoes": 8,
        "nm_local": "AABB",
        "bairro": "SÃO FRANCISCO",
        "cargo": "DEPUTADO ESTADUAL"
      },
      "geometry": {
        "type": "Point",
        "coordinates": [
          -43.0826083,
          -22.9172823
        ]
      }
    },
    {
      "type": "Feature",
      "properties": {
        "ano": 2018,
        "nr_local": "1732",
        "label": "FELIPE PEIXOTO",
        "QT_VOTOS": 94,
        "n_secoes": 20,
        "nm_local": "CLUBE NAVAL",
        "bairro": "JURUJUBA",
        "cargo": "DEPUTADO ESTADUAL"
      },
      "geometry": {
        "type": "Point",
        "coordinates": [
          -43.1068139,
          -22.935737
        ]
      }
    },
    {
      "type": "Feature",
      "properties": {
        "ano": 2018,
        "nr_local": "1740",
        "label": "FELIPE PEIXOTO",
        "QT_VOTOS": 90,
        "n_secoes": 9,
        "nm_local": "ESCOLA MUNICIPAL PROFESSORA ELVIRA LÚCIA ESTEVES DE VASCONCELOS",
        "bairro": "ICARAÍ",
        "cargo": "DEPUTADO ESTADUAL"
      },
      "geometry": {
        "type": "Point",
        "coordinates": [
          -43.1073245,
          -22.9111671
        ]
      }
    },
    {
      "type": "Feature",
      "properties": {
        "ano": 2018,
        "nr_local": "1759",
        "label": "FELIPE PEIXOTO",
        "QT_VOTOS": 137,
        "n_secoes": 18,
        "nm_local": "COLÉGIO MV1",
        "bairro": "ICARAÍ",
        "cargo": "DEPUTADO ESTADUAL"
      },
      "geometry": {
        "type": "Point",
        "coordinates": [
          -43.1058651,
          -22.9079111
        ]
      }
    },
    {
      "type": "Feature",
      "properties": {
        "ano": 2018,
        "nr_local": "1767",
        "label": "FELIPE PEIXOTO",
        "QT_VOTOS": 144,
        "n_secoes": 15,
        "nm_local": "COLÉGIO ASSUNÇÃO",
        "bairro": "SÃO FRANCISCO",
        "cargo": "DEPUTADO ESTADUAL"
      },
      "geometry": {
        "type": "Point",
        "coordinates": [
          -43.0926525,
          -22.9208239
        ]
      }
    },
    {
      "type": "Feature",
      "properties": {
        "ano": 2018,
        "nr_local": "1775",
        "label": "FELIPE PEIXOTO",
        "QT_VOTOS": 55,
        "n_secoes": 7,
        "nm_local": "ESCOLA ESTADUAL CIZÍNIO SOARES PINTO",
        "bairro": "SÃO FRANCISCO",
        "cargo": "DEPUTADO ESTADUAL"
      },
      "geometry": {
        "type": "Point",
        "coordinates": [
          -43.093934,
          -22.9147594
        ]
      }
    },
    {
      "type": "Feature",
      "properties": {
        "ano": 2018,
        "nr_local": "1783",
        "label": "FELIPE PEIXOTO",
        "QT_VOTOS": 43,
        "n_secoes": 4,
        "nm_local": "SOCIEDADE BRASILEIRA DE CULTURA INGLESA",
        "bairro": "ICARAÍ",
        "cargo": "DEPUTADO ESTADUAL"
      },
      "geometry": {
        "type": "Point",
        "coordinates": [
          -43.1111859,
          -22.9075527
        ]
      }
    },
    {
      "type": "Feature",
      "properties": {
        "ano": 2020,
        "nr_local": "1015",
        "label": "FELIPE PEIXOTO",
        "QT_VOTOS": 611,
        "n_secoes": 21,
        "nm_local": "INSTITUTO JCA",
        "bairro": "SANTA BARBARA",
        "cargo": "PREFEITO"
      },
      "geometry": {
        "type": "Point",
        "coordinates": [
          -43.0585179,
          -22.882301
        ]
      }
    },
    {
      "type": "Feature",
      "properties": {
        "ano": 2020,
        "nr_local": "1023",
        "label": "FELIPE PEIXOTO",
        "QT_VOTOS": 129,
        "n_secoes": 7,
        "nm_local": "PAROQUIA DE SAO JOAO BATISTA",
        "bairro": "TENENTE JARDIM",
        "cargo": "PREFEITO"
      },
      "geometry": {
        "type": "Point",
        "coordinates": [
          -43.0827273,
          -22.8639855
        ]
      }
    },
    {
      "type": "Feature",
      "properties": {
        "ano": 2020,
        "nr_local": "1031",
        "label": "FELIPE PEIXOTO",
        "QT_VOTOS": 483,
        "n_secoes": 26,
        "nm_local": "(PRÉDIO NOVO) COLÉGIO PEDRO II UNIDADE NITERÓI",
        "bairro": "BARRETO",
        "cargo": "PREFEITO"
      },
      "geometry": {
        "type": "Point",
        "coordinates": [
          -43.1037833,
          -22.8685685
        ]
      }
    },
    {
      "type": "Feature",
      "properties": {
        "ano": 2020,
        "nr_local": "1040",
        "label": "FELIPE PEIXOTO",
        "QT_VOTOS": 131,
        "n_secoes": 8,
        "nm_local": "CIEP 447 - CARAMUJO",
        "bairro": "CARAMUJO",
        "cargo": "PREFEITO"
      },
      "geometry": {
        "type": "Point",
        "coordinates": [
          -43.065134,
          -22.8827294
        ]
      }
    },
    {
      "type": "Feature",
      "properties": {
        "ano": 2020,
        "nr_local": "1066",
        "label": "FELIPE PEIXOTO",
        "QT_VOTOS": 178,
        "n_secoes": 7,
        "nm_local": "ITACOATIARA PAMPO CLUBE",
        "bairro": "ITACOATIARA",
        "cargo": "PREFEITO"
      },
      "geometry": {
        "type": "Point",
        "coordinates": [
          -43.0332117,
          -22.9646939
        ]
      }
    },
    {
      "type": "Feature",
      "properties": {
        "ano": 2020,
        "nr_local": "1074",
        "label": "FELIPE PEIXOTO",
        "QT_VOTOS": 531,
        "n_secoes": 25,
        "nm_local": "COLEGIO ESTADUAL PAULO ASSIS RIBEIRO",
        "bairro": "BADU",
        "cargo": "PREFEITO"
      },
      "geometry": {
        "type": "Point",
        "coordinates": [
          -43.0573891,
          -22.9068537
        ]
      }
    },
    {
      "type": "Feature",
      "properties": {
        "ano": 2020,
        "nr_local": "1082",
        "label": "FELIPE PEIXOTO",
        "QT_VOTOS": 165,
        "n_secoes": 6,
        "nm_local": "UMEI DR PAULO CESAR DE ALMEIDA PIMENTEL",
        "bairro": "ITAIPU",
        "cargo": "PREFEITO"
      },
      "geometry": {
        "type": "Point",
        "coordinates": [
          -43.0327165,
          -22.9614459
        ]
      }
    },
    {
      "type": "Feature",
      "properties": {
        "ano": 2020,
        "nr_local": "1090",
        "label": "FELIPE PEIXOTO",
        "QT_VOTOS": 296,
        "n_secoes": 15,
        "nm_local": "COLÉGIO ESTADUAL PROFESSORA ALCINA RODRIGUES LIMA",
        "bairro": "ITAIPU",
        "cargo": "PREFEITO"
      },
      "geometry": {
        "type": "Point",
        "coordinates": [
          -43.0285072,
          -22.9528491
        ]
      }
    },
    {
      "type": "Feature",
      "properties": {
        "ano": 2020,
        "nr_local": "1104",
        "label": "FELIPE PEIXOTO",
        "QT_VOTOS": 448,
        "n_secoes": 18,
        "nm_local": "ESCOLA MUNICIPAL ALTIVO CESAR",
        "bairro": "BARRETO",
        "cargo": "PREFEITO"
      },
      "geometry": {
        "type": "Point",
        "coordinates": [
          -43.0995714,
          -22.8645343
        ]
      }
    },
    {
      "type": "Feature",
      "properties": {
        "ano": 2020,
        "nr_local": "1112",
        "label": "FELIPE PEIXOTO",
        "QT_VOTOS": 748,
        "n_secoes": 36,
        "nm_local": "COLÉGIO SALESIANO REGIÃO OCEÂNICA",
        "bairro": "PIRATININGA",
        "cargo": "PREFEITO"
      },
      "geometry": {
        "type": "Point",
        "coordinates": [
          -43.0618731,
          -22.9393022
        ]
      }
    },
    {
      "type": "Feature",
      "properties": {
        "ano": 2020,
        "nr_local": "1120",
        "label": "FELIPE PEIXOTO",
        "QT_VOTOS": 185,
        "n_secoes": 10,
        "nm_local": "COLÉGIO ESTADUAL ALMIRANTE TAMANDARÉ",
        "bairro": "PIRATININGA",
        "cargo": "PREFEITO"
      },
      "geometry": {
        "type": "Point",
        "coordinates": [
          -43.0916732,
          -22.9512083
        ]
      }
    },
    {
      "type": "Feature",
      "properties": {
        "ano": 2020,
        "nr_local": "1139",
        "label": "FELIPE PEIXOTO",
        "QT_VOTOS": 128,
        "n_secoes": 10,
        "nm_local": "ESCOLA MUNICIPAL FRANCISCO PORTUGAL NEVES",
        "bairro": "PIRATININGA",
        "cargo": "PREFEITO"
      },
      "geometry": {
        "type": "Point",
        "coordinates": [
          -43.056665,
          -22.942363
        ]
      }
    },
    {
      "type": "Feature",
      "properties": {
        "ano": 2020,
        "nr_local": "1147",
        "label": "FELIPE PEIXOTO",
        "QT_VOTOS": 165,
        "n_secoes": 8,
        "nm_local": "ESCOLA MUNICIPAL VERA LUCIA MACHADO",
        "bairro": "BADU",
        "cargo": "PREFEITO"
      },
      "geometry": {
        "type": "Point",
        "coordinates": [
          -43.0500355,
          -22.9045
        ]
      }
    },
    {
      "type": "Feature",
      "properties": {
        "ano": 2020,
        "nr_local": "1155",
        "label": "FELIPE PEIXOTO",
        "QT_VOTOS": 276,
        "n_secoes": 15,
        "nm_local": "COLÉGIO ITAPUCA",
        "bairro": "PIRATININGA",
        "cargo": "PREFEITO"
      },
      "geometry": {
        "type": "Point",
        "coordinates": [
          -43.0593249,
          -22.9437854
        ]
      }
    },
    {
      "type": "Feature",
      "properties": {
        "ano": 2020,
        "nr_local": "1163",
        "label": "FELIPE PEIXOTO",
        "QT_VOTOS": 188,
        "n_secoes": 16,
        "nm_local": "COLÉGIO ESTADUAL CONSELHEIRO MACEDO SOARES",
        "bairro": "BARRETO",
        "cargo": "PREFEITO"
      },
      "geometry": {
        "type": "Point",
        "coordinates": [
          -43.0924035,
          -22.8622231
        ]
      }
    },
    {
      "type": "Feature",
      "properties": {
        "ano": 2020,
        "nr_local": "1171",
        "label": "FELIPE PEIXOTO",
        "QT_VOTOS": 265,
        "n_secoes": 16,
        "nm_local": "ESCOLA MUNICIPAL ANTONIO COUTINHO DE AZEVEDO",
        "bairro": "SANTA BARBARA",
        "cargo": "PREFEITO"
      },
      "geometry": {
        "type": "Point",
        "coordinates": [
          -43.04869,
          -22.8756043
        ]
      }
    },
    {
      "type": "Feature",
      "properties": {
        "ano": 2020,
        "nr_local": "1180",
        "label": "FELIPE PEIXOTO",
        "QT_VOTOS": 122,
        "n_secoes": 8,
        "nm_local": "ESCOLA MUNICIPAL RACHIDE DA GLORIA SALIM SAKER",
        "bairro": "SANTA BARBARA",
        "cargo": "PREFEITO"
      },
      "geometry": {
        "type": "Point",
        "coordinates": [
          -43.0488967,
          -22.8766134
        ]
      }
    },
    {
      "type": "Feature",
      "properties": {
        "ano": 2020,
        "nr_local": "1198",
        "label": "FELIPE PEIXOTO",
        "QT_VOTOS": 226,
        "n_secoes": 13,
        "nm_local": "CIEP 448 RUY FRAZÃO SOARES",
        "bairro": "ITAIPU",
        "cargo": "PREFEITO"
      },
      "geometry": {
        "type": "Point",
        "coordinates": [
          -43.0092644,
          -22.9356576
        ]
      }
    },
    {
      "type": "Feature",
      "properties": {
        "ano": 2020,
        "nr_local": "1201",
        "label": "FELIPE PEIXOTO",
        "QT_VOTOS": 38,
        "n_secoes": 2,
        "nm_local": "OFICINAS DO SENAI",
        "bairro": "BARRETO",
        "cargo": "PREFEITO"
      },
      "geometry": {
        "type": "Point",
        "coordinates": [
          -43.1026046,
          -22.8614396
        ]
      }
    },
    {
      "type": "Feature",
      "properties": {
        "ano": 2020,
        "nr_local": "1210",
        "label": "FELIPE PEIXOTO",
        "QT_VOTOS": 140,
        "n_secoes": 12,
        "nm_local": "TIO SAM ESPORTE CLUBE",
        "bairro": "BARRETO",
        "cargo": "PREFEITO"
      },
      "geometry": {
        "type": "Point",
        "coordinates": [
          -43.104502,
          -22.8719306
        ]
      }
    },
    {
      "type": "Feature",
      "properties": {
        "ano": 2020,
        "nr_local": "1236",
        "label": "FELIPE PEIXOTO",
        "QT_VOTOS": 112,
        "n_secoes": 9,
        "nm_local": "COLÉGIO ESTADUAL MULLULO DA VEIGA",
        "bairro": "ENGENHOCA",
        "cargo": "PREFEITO"
      },
      "geometry": {
        "type": "Point",
        "coordinates": [
          -43.0988892,
          -22.8708282
        ]
      }
    },
    {
      "type": "Feature",
      "properties": {
        "ano": 2020,
        "nr_local": "1244",
        "label": "FELIPE PEIXOTO",
        "QT_VOTOS": 297,
        "n_secoes": 17,
        "nm_local": "ESCOLA ESTADUAL MANUEL DE ABREU",
        "bairro": "ICARAÍ",
        "cargo": "PREFEITO"
      },
      "geometry": {
        "type": "Point",
        "coordinates": [
          -43.1071569,
          -22.9023086
        ]
      }
    },
    {
      "type": "Feature",
      "properties": {
        "ano": 2020,
        "nr_local": "1252",
        "label": "FELIPE PEIXOTO",
        "QT_VOTOS": 243,
        "n_secoes": 14,
        "nm_local": "ESCOLA MUNICIPAL ADELINO MAGALHÃES",
        "bairro": "ENGENHOCA",
        "cargo": "PREFEITO"
      },
      "geometry": {
        "type": "Point",
        "coordinates": [
          -43.0944571,
          -22.8739038
        ]
      }
    },
    {
      "type": "Feature",
      "properties": {
        "ano": 2020,
        "nr_local": "1260",
        "label": "FELIPE PEIXOTO",
        "QT_VOTOS": 448,
        "n_secoes": 28,
        "nm_local": "INSTITUTO ABEL",
        "bairro": "ICARAÍ",
        "cargo": "PREFEITO"
      },
      "geometry": {
        "type": "Point",
        "coordinates": [
          -43.1094942,
          -22.9004168
        ]
      }
    },
    {
      "type": "Feature",
      "properties": {
        "ano": 2020,
        "nr_local": "1279",
        "label": "FELIPE PEIXOTO",
        "QT_VOTOS": 82,
        "n_secoes": 4,
        "nm_local": "INSTITUTO FOKUS (ANTIGO INTERAÇÃO CRECHE ESCOLA)",
        "bairro": "CAMBOINHAS",
        "cargo": "PREFEITO"
      },
      "geometry": {
        "type": "Point",
        "coordinates": [
          -43.062822,
          -22.9542456
        ]
      }
    },
    {
      "type": "Feature",
      "properties": {
        "ano": 2020,
        "nr_local": "1287",
        "label": "FELIPE PEIXOTO",
        "QT_VOTOS": 72,
        "n_secoes": 3,
        "nm_local": "ESCOLA MUNICIPAL PROF MARCOS WALDEMAR DE FREITAS REIS",
        "bairro": "ITAIPU",
        "cargo": "PREFEITO"
      },
      "geometry": {
        "type": "Point",
        "coordinates": [
          -43.0330724,
          -22.9615628
        ]
      }
    },
    {
      "type": "Feature",
      "properties": {
        "ano": 2020,
        "nr_local": "1295",
        "label": "FELIPE PEIXOTO",
        "QT_VOTOS": 401,
        "n_secoes": 22,
        "nm_local": "UMEI PROFA ODETE ROSA DA MOTA",
        "bairro": "ITAIPU",
        "cargo": "PREFEITO"
      },
      "geometry": {
        "type": "Point",
        "coordinates": [
          -43.02859,
          -22.9532368
        ]
      }
    },
    {
      "type": "Feature",
      "properties": {
        "ano": 2020,
        "nr_local": "1309",
        "label": "FELIPE PEIXOTO",
        "QT_VOTOS": 181,
        "n_secoes": 11,
        "nm_local": "CURSO MARLY CURY",
        "bairro": "SANTA ROSA",
        "cargo": "PREFEITO"
      },
      "geometry": {
        "type": "Point",
        "coordinates": [
          -43.1019227,
          -22.9054777
        ]
      }
    },
    {
      "type": "Feature",
      "properties": {
        "ano": 2020,
        "nr_local": "1317",
        "label": "FELIPE PEIXOTO",
        "QT_VOTOS": 337,
        "n_secoes": 22,
        "nm_local": "ESCOLA ESTADUAL BALTAZAR BERNARDINO",
        "bairro": "SANTA ROSA",
        "cargo": "PREFEITO"
      },
      "geometry": {
        "type": "Point",
        "coordinates": [
          -43.1012931,
          -22.9032359
        ]
      }
    },
    {
      "type": "Feature",
      "properties": {
        "ano": 2020,
        "nr_local": "1325",
        "label": "FELIPE PEIXOTO",
        "QT_VOTOS": 450,
        "n_secoes": 18,
        "nm_local": "ESCOLA MUNICIPAL SÍTIO DO IPÊ",
        "bairro": "MARIA PAULA",
        "cargo": "PREFEITO"
      },
      "geometry": {
        "type": "Point",
        "coordinates": [
          -43.0267087,
          -22.8821134
        ]
      }
    },
    {
      "type": "Feature",
      "properties": {
        "ano": 2020,
        "nr_local": "1333",
        "label": "FELIPE PEIXOTO",
        "QT_VOTOS": 174,
        "n_secoes": 12,
        "nm_local": "ESCOLA ME NINAR",
        "bairro": "ITAIPU",
        "cargo": "PREFEITO"
      },
      "geometry": {
        "type": "Point",
        "coordinates": [
          -43.0442198,
          -22.9408099
        ]
      }
    },
    {
      "type": "Feature",
      "properties": {
        "ano": 2020,
        "nr_local": "1341",
        "label": "FELIPE PEIXOTO",
        "QT_VOTOS": 27,
        "n_secoes": 1,
        "nm_local": "SOPRECAM",
        "bairro": "CAMBOINHAS",
        "cargo": "PREFEITO"
      },
      "geometry": {
        "type": "Point",
        "coordinates": [
          -43.0584356,
          -22.9537053
        ]
      }
    },
    {
      "type": "Feature",
      "properties": {
        "ano": 2020,
        "nr_local": "1350",
        "label": "FELIPE PEIXOTO",
        "QT_VOTOS": 68,
        "n_secoes": 5,
        "nm_local": "ESCOLA MUNICIPAL MARALEGRE",
        "bairro": "CAFUBÁ",
        "cargo": "PREFEITO"
      },
      "geometry": {
        "type": "Point",
        "coordinates": [
          -43.0724233,
          -22.9362723
        ]
      }
    },
    {
      "type": "Feature",
      "properties": {
        "ano": 2020,
        "nr_local": "1368",
        "label": "FELIPE PEIXOTO",
        "QT_VOTOS": 411,
        "n_secoes": 23,
        "nm_local": "INSTITUTO SÃO JOSÉ",
        "bairro": "SANTA ROSA",
        "cargo": "PREFEITO"
      },
      "geometry": {
        "type": "Point",
        "coordinates": [
          -43.1018878,
          -22.901754
        ]
      }
    },
    {
      "type": "Feature",
      "properties": {
        "ano": 2020,
        "nr_local": "1384",
        "label": "FELIPE PEIXOTO",
        "QT_VOTOS": 14,
        "n_secoes": 1,
        "nm_local": "UMEI OLGA BENÁRIO PRESTES",
        "bairro": "ENGENHO DO MATO",
        "cargo": "PREFEITO"
      },
      "geometry": {
        "type": "Point",
        "coordinates": [
          -43.0086653,
          -22.9354086
        ]
      }
    },
    {
      "type": "Feature",
      "properties": {
        "ano": 2020,
        "nr_local": "1392",
        "label": "FELIPE PEIXOTO",
        "QT_VOTOS": 335,
        "n_secoes": 18,
        "nm_local": "FACULDADE DE VETERINARIA DA UFF",
        "bairro": "VITAL BRASIL",
        "cargo": "PREFEITO"
      },
      "geometry": {
        "type": "Point",
        "coordinates": [
          -43.098407,
          -22.904908
        ]
      }
    },
    {
      "type": "Feature",
      "properties": {
        "ano": 2020,
        "nr_local": "1406",
        "label": "FELIPE PEIXOTO",
        "QT_VOTOS": 82,
        "n_secoes": 5,
        "nm_local": "COLÉGIO NITERÓI",
        "bairro": "ENGENHOCA",
        "cargo": "PREFEITO"
      },
      "geometry": {
        "type": "Point",
        "coordinates": [
          -43.1018717,
          -22.8706133
        ]
      }
    },
    {
      "type": "Feature",
      "properties": {
        "ano": 2020,
        "nr_local": "1414",
        "label": "FELIPE PEIXOTO",
        "QT_VOTOS": 73,
        "n_secoes": 4,
        "nm_local": "UNIVERSIDADE SALGADO DE OLIVEIRA - BL B (PRÓXIMO AO GUANABARA)",
        "bairro": "CENTRO",
        "cargo": "PREFEITO"
      },
      "geometry": {
        "type": "Point",
        "coordinates": [
          -43.1172001,
          -22.8893447
        ]
      }
    },
    {
      "type": "Feature",
      "properties": {
        "ano": 2020,
        "nr_local": "1422",
        "label": "FELIPE PEIXOTO",
        "QT_VOTOS": 78,
        "n_secoes": 6,
        "nm_local": "CLUBE PORTUGUES DE NITEROI",
        "bairro": "SÃO DOMINGOS",
        "cargo": "PREFEITO"
      },
      "geometry": {
        "type": "Point",
        "coordinates": [
          -43.1274594,
          -22.9021482
        ]
      }
    },
    {
      "type": "Feature",
      "properties": {
        "ano": 2020,
        "nr_local": "1430",
        "label": "FELIPE PEIXOTO",
        "QT_VOTOS": 82,
        "n_secoes": 8,
        "nm_local": "COLEGIO ESTADUAL AURELINO LEAL",
        "bairro": "INGÁ",
        "cargo": "PREFEITO"
      },
      "geometry": {
        "type": "Point",
        "coordinates": [
          -43.1254512,
          -22.9033321
        ]
      }
    },
    {
      "type": "Feature",
      "properties": {
        "ano": 2020,
        "nr_local": "1449",
        "label": "FELIPE PEIXOTO",
        "QT_VOTOS": 639,
        "n_secoes": 37,
        "nm_local": "CIEP 450 - BADU",
        "bairro": "BADU",
        "cargo": "PREFEITO"
      },
      "geometry": {
        "type": "Point",
        "coordinates": [
          -43.0566124,
          -22.9071974
        ]
      }
    },
    {
      "type": "Feature",
      "properties": {
        "ano": 2020,
        "nr_local": "1457",
        "label": "FELIPE PEIXOTO",
        "QT_VOTOS": 264,
        "n_secoes": 17,
        "nm_local": "ÁGUAS DE NITEROI",
        "bairro": "CENTRO",
        "cargo": "PREFEITO"
      },
      "geometry": {
        "type": "Point",
        "coordinates": [
          -43.1141378,
          -22.8915411
        ]
      }
    },
    {
      "type": "Feature",
      "properties": {
        "ano": 2020,
        "nr_local": "1465",
        "label": "FELIPE PEIXOTO",
        "QT_VOTOS": 129,
        "n_secoes": 9,
        "nm_local": "CENTRO UNIVERSITÁRIO ANHANGUERA (ANTIGO PLÍNIO LEITE)",
        "bairro": "CENTRO",
        "cargo": "PREFEITO"
      },
      "geometry": {
        "type": "Point",
        "coordinates": [
          -43.1245632,
          -22.8869267
        ]
      }
    },
    {
      "type": "Feature",
      "properties": {
        "ano": 2020,
        "nr_local": "1473",
        "label": "FELIPE PEIXOTO",
        "QT_VOTOS": 361,
        "n_secoes": 24,
        "nm_local": "COLÉGIO FORUM CULTURAL",
        "bairro": "CANTAGALO",
        "cargo": "PREFEITO"
      },
      "geometry": {
        "type": "Point",
        "coordinates": [
          -43.0490094,
          -22.9163184
        ]
      }
    },
    {
      "type": "Feature",
      "properties": {
        "ano": 2020,
        "nr_local": "1481",
        "label": "FELIPE PEIXOTO",
        "QT_VOTOS": 206,
        "n_secoes": 14,
        "nm_local": "ESCOLA MUNICIPAL MAESTRO HEITOR VILLA-LOBOS (''COLÉGIO NOVO'')",
        "bairro": "ILHA DA CONCEIÇÃO",
        "cargo": "PREFEITO"
      },
      "geometry": {
        "type": "Point",
        "coordinates": [
          -43.1156463,
          -22.8731482
        ]
      }
    },
    {
      "type": "Feature",
      "properties": {
        "ano": 2020,
        "nr_local": "1490",
        "label": "FELIPE PEIXOTO",
        "QT_VOTOS": 62,
        "n_secoes": 5,
        "nm_local": "IGREJA BATISTA DO FONSECA",
        "bairro": "FONSECA",
        "cargo": "PREFEITO"
      },
      "geometry": {
        "type": "Point",
        "coordinates": [
          -43.0865383,
          -22.8810878
        ]
      }
    },
    {
      "type": "Feature",
      "properties": {
        "ano": 2020,
        "nr_local": "1503",
        "label": "FELIPE PEIXOTO",
        "QT_VOTOS": 128,
        "n_secoes": 7,
        "nm_local": "SERVICO DE ASSISTENCIA SOCIAL SAO DOMINGOS SAVIO",
        "bairro": "SANTA ROSA",
        "cargo": "PREFEITO"
      },
      "geometry": {
        "type": "Point",
        "coordinates": [
          -43.0928214,
          -22.8988024
        ]
      }
    },
    {
      "type": "Feature",
      "properties": {
        "ano": 2020,
        "nr_local": "1511",
        "label": "FELIPE PEIXOTO",
        "QT_VOTOS": 153,
        "n_secoes": 11,
        "nm_local": "FACULDADE DE ADMINISTRAÇÃO E CIÊNCIAS CONTÁBEIS (VALONGUINHO)",
        "bairro": "CENTRO",
        "cargo": "PREFEITO"
      },
      "geometry": {
        "type": "Point",
        "coordinates": [
          -43.1252439,
          -22.8967413
        ]
      }
    },
    {
      "type": "Feature",
      "properties": {
        "ano": 2020,
        "nr_local": "1520",
        "label": "FELIPE PEIXOTO",
        "QT_VOTOS": 352,
        "n_secoes": 21,
        "nm_local": "ESCOLA MUNICIPAL LEVI CARNEIRO",
        "bairro": "SAPÊ",
        "cargo": "PREFEITO"
      },
      "geometry": {
        "type": "Point",
        "coordinates": [
          -43.0583864,
          -22.8961721
        ]
      }
    },
    {
      "type": "Feature",
      "properties": {
        "ano": 2020,
        "nr_local": "1538",
        "label": "FELIPE PEIXOTO",
        "QT_VOTOS": 153,
        "n_secoes": 7,
        "nm_local": "ESCOLA CATAVENTO ESPAÇO DE EDUCAÇÃO",
        "bairro": "SAPÊ",
        "cargo": "PREFEITO"
      },
      "geometry": {
        "type": "Point",
        "coordinates": [
          -43.0635188,
          -22.9024713
        ]
      }
    },
    {
      "type": "Feature",
      "properties": {
        "ano": 2020,
        "nr_local": "1546",
        "label": "FELIPE PEIXOTO",
        "QT_VOTOS": 301,
        "n_secoes": 15,
        "nm_local": "UNIVERSIDADE SALGADO DE OLIVEIRA - BL A",
        "bairro": "CENTRO",
        "cargo": "PREFEITO"
      },
      "geometry": {
        "type": "Point",
        "coordinates": [
          -43.1186087,
          -22.8894749
        ]
      }
    },
    {
      "type": "Feature",
      "properties": {
        "ano": 2020,
        "nr_local": "1554",
        "label": "FELIPE PEIXOTO",
        "QT_VOTOS": 378,
        "n_secoes": 24,
        "nm_local": "JARDIM ESCOLA GIRASSÓIS",
        "bairro": "LARGO DA BATALHA",
        "cargo": "PREFEITO"
      },
      "geometry": {
        "type": "Point",
        "coordinates": [
          -43.0652722,
          -22.9077414
        ]
      }
    },
    {
      "type": "Feature",
      "properties": {
        "ano": 2020,
        "nr_local": "1562",
        "label": "FELIPE PEIXOTO",
        "QT_VOTOS": 269,
        "n_secoes": 15,
        "nm_local": "COLEGIO ESTADUAL RAUL VIDAL",
        "bairro": "CENTRO",
        "cargo": "PREFEITO"
      },
      "geometry": {
        "type": "Point",
        "coordinates": [
          -43.1242688,
          -22.8862372
        ]
      }
    },
    {
      "type": "Feature",
      "properties": {
        "ano": 2020,
        "nr_local": "1570",
        "label": "FELIPE PEIXOTO",
        "QT_VOTOS": 298,
        "n_secoes": 23,
        "nm_local": "IGREJA DO SANTUARIO NACIONAL DAS ALMAS",
        "bairro": "ICARAÍ",
        "cargo": "PREFEITO"
      },
      "geometry": {
        "type": "Point",
        "coordinates": [
          -43.1107182,
          -22.9004522
        ]
      }
    },
    {
      "type": "Feature",
      "properties": {
        "ano": 2020,
        "nr_local": "1589",
        "label": "FELIPE PEIXOTO",
        "QT_VOTOS": 281,
        "n_secoes": 21,
        "nm_local": "COLÉGIO NOSSA SENHORA DAS MERCÊS",
        "bairro": "FONSECA",
        "cargo": "PREFEITO"
      },
      "geometry": {
        "type": "Point",
        "coordinates": [
          -43.1023535,
          -22.880345
        ]
      }
    },
    {
      "type": "Feature",
      "properties": {
        "ano": 2020,
        "nr_local": "1597",
        "label": "FELIPE PEIXOTO",
        "QT_VOTOS": 272,
        "n_secoes": 16,
        "nm_local": "COLÉGIO PONTO DE ENSINO",
        "bairro": "ICARAÍ",
        "cargo": "PREFEITO"
      },
      "geometry": {
        "type": "Point",
        "coordinates": [
          -43.1095209,
          -22.9092421
        ]
      }
    },
    {
      "type": "Feature",
      "properties": {
        "ano": 2020,
        "nr_local": "1600",
        "label": "FELIPE PEIXOTO",
        "QT_VOTOS": 268,
        "n_secoes": 21,
        "nm_local": "INSTITUTO DE EDUCAÇÃO PROFESSOR ISMAEL COUTINHO - IEPIC",
        "bairro": "SÃO DOMINGOS",
        "cargo": "PREFEITO"
      },
      "geometry": {
        "type": "Point",
        "coordinates": [
          -43.1271052,
          -22.8989767
        ]
      }
    },
    {
      "type": "Feature",
      "properties": {
        "ano": 2020,
        "nr_local": "1619",
        "label": "FELIPE PEIXOTO",
        "QT_VOTOS": 306,
        "n_secoes": 17,
        "nm_local": "COLEGIO ESTADUAL JOAQUIM TAVORA",
        "bairro": "ICARAÍ",
        "cargo": "PREFEITO"
      },
      "geometry": {
        "type": "Point",
        "coordinates": [
          -43.1081976,
          -22.9048788
        ]
      }
    },
    {
      "type": "Feature",
      "properties": {
        "ano": 2020,
        "nr_local": "1627",
        "label": "FELIPE PEIXOTO",
        "QT_VOTOS": 353,
        "n_secoes": 21,
        "nm_local": "ESCOLA ESTADUAL DOUTOR JAYME MEMORIA",
        "bairro": "CUBANGO",
        "cargo": "PREFEITO"
      },
      "geometry": {
        "type": "Point",
        "coordinates": [
          -43.0937712,
          -22.88949
        ]
      }
    },
    {
      "type": "Feature",
      "properties": {
        "ano": 2020,
        "nr_local": "1635",
        "label": "FELIPE PEIXOTO",
        "QT_VOTOS": 152,
        "n_secoes": 6,
        "nm_local": "ESCOLA MUNICIPAL DOM JOSÉ PEREIRA ALVES",
        "bairro": "FONSECA",
        "cargo": "PREFEITO"
      },
      "geometry": {
        "type": "Point",
        "coordinates": [
          -43.0920686,
          -22.8783038
        ]
      }
    },
    {
      "type": "Feature",
      "properties": {
        "ano": 2020,
        "nr_local": "1643",
        "label": "FELIPE PEIXOTO",
        "QT_VOTOS": 122,
        "n_secoes": 6,
        "nm_local": "CENTRO MODERNO ALZIRA BITTENCOURT",
        "bairro": "ICARAÍ",
        "cargo": "PREFEITO"
      },
      "geometry": {
        "type": "Point",
        "coordinates": [
          -43.110746,
          -22.9012326
        ]
      }
    },
    {
      "type": "Feature",
      "properties": {
        "ano": 2020,
        "nr_local": "1651",
        "label": "FELIPE PEIXOTO",
        "QT_VOTOS": 199,
        "n_secoes": 9,
        "nm_local": "PH COLÉGIO",
        "bairro": "ICARAÍ",
        "cargo": "PREFEITO"
      },
      "geometry": {
        "type": "Point",
        "coordinates": [
          -43.1110377,
          -22.9006508
        ]
      }
    },
    {
      "type": "Feature",
      "properties": {
        "ano": 2020,
        "nr_local": "1660",
        "label": "FELIPE PEIXOTO",
        "QT_VOTOS": 498,
        "n_secoes": 29,
        "nm_local": "CLUBE CENTRAL",
        "bairro": "ICARAÍ",
        "cargo": "PREFEITO"
      },
      "geometry": {
        "type": "Point",
        "coordinates": [
          -43.111789,
          -22.9075784
        ]
      }
    },
    {
      "type": "Feature",
      "properties": {
        "ano": 2020,
        "nr_local": "1678",
        "label": "FELIPE PEIXOTO",
        "QT_VOTOS": 296,
        "n_secoes": 16,
        "nm_local": "LICEU NILO PEÇANHA",
        "bairro": "CENTRO",
        "cargo": "PREFEITO"
      },
      "geometry": {
        "type": "Point",
        "coordinates": [
          -43.1165611,
          -22.8935707
        ]
      }
    },
    {
      "type": "Feature",
      "properties": {
        "ano": 2020,
        "nr_local": "1686",
        "label": "FELIPE PEIXOTO",
        "QT_VOTOS": 187,
        "n_secoes": 10,
        "nm_local": "COLÉGIO DA POLÍCIA MILITAR",
        "bairro": "FONSECA",
        "cargo": "PREFEITO"
      },
      "geometry": {
        "type": "Point",
        "coordinates": [
          -43.0820149,
          -22.8818063
        ]
      }
    },
    {
      "type": "Feature",
      "properties": {
        "ano": 2020,
        "nr_local": "1694",
        "label": "FELIPE PEIXOTO",
        "QT_VOTOS": 156,
        "n_secoes": 9,
        "nm_local": "RIO CRICKET",
        "bairro": "INGÁ",
        "cargo": "PREFEITO"
      },
      "geometry": {
        "type": "Point",
        "coordinates": [
          -43.1133665,
          -22.8997052
        ]
      }
    },
    {
      "type": "Feature",
      "properties": {
        "ano": 2020,
        "nr_local": "1708",
        "label": "FELIPE PEIXOTO",
        "QT_VOTOS": 150,
        "n_secoes": 6,
        "nm_local": "ESCOLA MUNICIPAL JÚLIA CORTINES",
        "bairro": "ICARAÍ",
        "cargo": "PREFEITO"
      },
      "geometry": {
        "type": "Point",
        "coordinates": [
          -43.1086717,
          -22.9043592
        ]
      }
    },
    {
      "type": "Feature",
      "properties": {
        "ano": 2020,
        "nr_local": "1716",
        "label": "FELIPE PEIXOTO",
        "QT_VOTOS": 49,
        "n_secoes": 3,
        "nm_local": "ESCOLA VIVINFÂNCIA",
        "bairro": "ICARAÍ",
        "cargo": "PREFEITO"
      },
      "geometry": {
        "type": "Point",
        "coordinates": [
          -43.1056898,
          -22.9079727
        ]
      }
    },
    {
      "type": "Feature",
      "properties": {
        "ano": 2020,
        "nr_local": "1724",
        "label": "FELIPE PEIXOTO",
        "QT_VOTOS": 135,
        "n_secoes": 8,
        "nm_local": "AABB",
        "bairro": "SÃO FRANCISCO",
        "cargo": "PREFEITO"
      },
      "geometry": {
        "type": "Point",
        "coordinates": [
          -43.0826083,
          -22.9172823
        ]
      }
    },
    {
      "type": "Feature",
      "properties": {
        "ano": 2020,
        "nr_local": "1732",
        "label": "FELIPE PEIXOTO",
        "QT_VOTOS": 203,
        "n_secoes": 20,
        "nm_local": "CLUBE NAVAL",
        "bairro": "JURUJUBA",
        "cargo": "PREFEITO"
      },
      "geometry": {
        "type": "Point",
        "coordinates": [
          -43.1068139,
          -22.935737
        ]
      }
    },
    {
      "type": "Feature",
      "properties": {
        "ano": 2020,
        "nr_local": "1740",
        "label": "FELIPE PEIXOTO",
        "QT_VOTOS": 120,
        "n_secoes": 9,
        "nm_local": "ESCOLA MUNICIPAL PROFESSORA ELVIRA LÚCIA ESTEVES DE VASCONCELOS",
        "bairro": "ICARAÍ",
        "cargo": "PREFEITO"
      },
      "geometry": {
        "type": "Point",
        "coordinates": [
          -43.1073245,
          -22.9111671
        ]
      }
    },
    {
      "type": "Feature",
      "properties": {
        "ano": 2020,
        "nr_local": "1759",
        "label": "FELIPE PEIXOTO",
        "QT_VOTOS": 213,
        "n_secoes": 17,
        "nm_local": "COLÉGIO MV1",
        "bairro": "ICARAÍ",
        "cargo": "PREFEITO"
      },
      "geometry": {
        "type": "Point",
        "coordinates": [
          -43.1058651,
          -22.9079111
        ]
      }
    },
    {
      "type": "Feature",
      "properties": {
        "ano": 2020,
        "nr_local": "1767",
        "label": "FELIPE PEIXOTO",
        "QT_VOTOS": 211,
        "n_secoes": 15,
        "nm_local": "COLÉGIO ASSUNÇÃO",
        "bairro": "SÃO FRANCISCO",
        "cargo": "PREFEITO"
      },
      "geometry": {
        "type": "Point",
        "coordinates": [
          -43.0926525,
          -22.9208239
        ]
      }
    },
    {
      "type": "Feature",
      "properties": {
        "ano": 2020,
        "nr_local": "1775",
        "label": "FELIPE PEIXOTO",
        "QT_VOTOS": 128,
        "n_secoes": 7,
        "nm_local": "ESCOLA ESTADUAL CIZÍNIO SOARES PINTO",
        "bairro": "SÃO FRANCISCO",
        "cargo": "PREFEITO"
      },
      "geometry": {
        "type": "Point",
        "coordinates": [
          -43.093934,
          -22.9147594
        ]
      }
    },
    {
      "type": "Feature",
      "properties": {
        "ano": 2020,
        "nr_local": "1783",
        "label": "FELIPE PEIXOTO",
        "QT_VOTOS": 57,
        "n_secoes": 4,
        "nm_local": "SOCIEDADE BRASILEIRA DE CULTURA INGLESA",
        "bairro": "ICARAÍ",
        "cargo": "PREFEITO"
      },
      "geometry": {
        "type": "Point",
        "coordinates": [
          -43.1111859,
          -22.9075527
        ]
      }
    },
    {
      "type": "Feature",
      "properties": {
        "ano": 2022,
        "nr_local": "1015",
        "label": "FELIPE PEIXOTO",
        "QT_VOTOS": 317,
        "n_secoes": 20,
        "nm_local": "INSTITUTO JCA",
        "bairro": "SANTA BARBARA",
        "cargo": "DEPUTADO FEDERAL"
      },
      "geometry": {
        "type": "Point",
        "coordinates": [
          -43.0585179,
          -22.882301
        ]
      }
    },
    {
      "type": "Feature",
      "properties": {
        "ano": 2022,
        "nr_local": "1023",
        "label": "FELIPE PEIXOTO",
        "QT_VOTOS": 36,
        "n_secoes": 7,
        "nm_local": "PAROQUIA DE SAO JOAO BATISTA",
        "bairro": "TENENTE JARDIM",
        "cargo": "DEPUTADO FEDERAL"
      },
      "geometry": {
        "type": "Point",
        "coordinates": [
          -43.0827273,
          -22.8639855
        ]
      }
    },
    {
      "type": "Feature",
      "properties": {
        "ano": 2022,
        "nr_local": "1031",
        "label": "FELIPE PEIXOTO",
        "QT_VOTOS": 124,
        "n_secoes": 31,
        "nm_local": "(PRÉDIO NOVO) COLÉGIO PEDRO II UNIDADE NITERÓI",
        "bairro": "BARRETO",
        "cargo": "DEPUTADO FEDERAL"
      },
      "geometry": {
        "type": "Point",
        "coordinates": [
          -43.1037833,
          -22.8685685
        ]
      }
    },
    {
      "type": "Feature",
      "properties": {
        "ano": 2022,
        "nr_local": "1040",
        "label": "FELIPE PEIXOTO",
        "QT_VOTOS": 27,
        "n_secoes": 14,
        "nm_local": "CIEP 447 - CARAMUJO",
        "bairro": "CARAMUJO",
        "cargo": "DEPUTADO FEDERAL"
      },
      "geometry": {
        "type": "Point",
        "coordinates": [
          -43.065134,
          -22.8827294
        ]
      }
    },
    {
      "type": "Feature",
      "properties": {
        "ano": 2022,
        "nr_local": "1066",
        "label": "FELIPE PEIXOTO",
        "QT_VOTOS": 148,
        "n_secoes": 7,
        "nm_local": "ITACOATIARA PAMPO CLUBE",
        "bairro": "ITACOATIARA",
        "cargo": "DEPUTADO FEDERAL"
      },
      "geometry": {
        "type": "Point",
        "coordinates": [
          -43.0332117,
          -22.9646939
        ]
      }
    },
    {
      "type": "Feature",
      "properties": {
        "ano": 2022,
        "nr_local": "1074",
        "label": "FELIPE PEIXOTO",
        "QT_VOTOS": 182,
        "n_secoes": 25,
        "nm_local": "COLEGIO ESTADUAL PAULO ASSIS RIBEIRO",
        "bairro": "BADU",
        "cargo": "DEPUTADO FEDERAL"
      },
      "geometry": {
        "type": "Point",
        "coordinates": [
          -43.0573891,
          -22.9068537
        ]
      }
    },
    {
      "type": "Feature",
      "properties": {
        "ano": 2022,
        "nr_local": "1082",
        "label": "FELIPE PEIXOTO",
        "QT_VOTOS": 83,
        "n_secoes": 11,
        "nm_local": "UMEI DR PAULO CESAR DE ALMEIDA PIMENTEL",
        "bairro": "ITAIPU",
        "cargo": "DEPUTADO FEDERAL"
      },
      "geometry": {
        "type": "Point",
        "coordinates": [
          -43.0327165,
          -22.9614459
        ]
      }
    },
    {
      "type": "Feature",
      "properties": {
        "ano": 2022,
        "nr_local": "1090",
        "label": "FELIPE PEIXOTO",
        "QT_VOTOS": 127,
        "n_secoes": 20,
        "nm_local": "COLÉGIO ESTADUAL PROFESSORA ALCINA RODRIGUES LIMA",
        "bairro": "ITAIPU",
        "cargo": "DEPUTADO FEDERAL"
      },
      "geometry": {
        "type": "Point",
        "coordinates": [
          -43.0285072,
          -22.9528491
        ]
      }
    },
    {
      "type": "Feature",
      "properties": {
        "ano": 2022,
        "nr_local": "1104",
        "label": "FELIPE PEIXOTO",
        "QT_VOTOS": 211,
        "n_secoes": 20,
        "nm_local": "ESCOLA MUNICIPAL ALTIVO CESAR",
        "bairro": "BARRETO",
        "cargo": "DEPUTADO FEDERAL"
      },
      "geometry": {
        "type": "Point",
        "coordinates": [
          -43.0995714,
          -22.8645343
        ]
      }
    },
    {
      "type": "Feature",
      "properties": {
        "ano": 2022,
        "nr_local": "1112",
        "label": "FELIPE PEIXOTO",
        "QT_VOTOS": 273,
        "n_secoes": 36,
        "nm_local": "COLÉGIO SALESIANO REGIÃO OCEÂNICA",
        "bairro": "PIRATININGA",
        "cargo": "DEPUTADO FEDERAL"
      },
      "geometry": {
        "type": "Point",
        "coordinates": [
          -43.0618731,
          -22.9393022
        ]
      }
    },
    {
      "type": "Feature",
      "properties": {
        "ano": 2022,
        "nr_local": "1120",
        "label": "FELIPE PEIXOTO",
        "QT_VOTOS": 83,
        "n_secoes": 11,
        "nm_local": "COLÉGIO ESTADUAL ALMIRANTE TAMANDARÉ",
        "bairro": "PIRATININGA",
        "cargo": "DEPUTADO FEDERAL"
      },
      "geometry": {
        "type": "Point",
        "coordinates": [
          -43.0916732,
          -22.9512083
        ]
      }
    },
    {
      "type": "Feature",
      "properties": {
        "ano": 2022,
        "nr_local": "1139",
        "label": "FELIPE PEIXOTO",
        "QT_VOTOS": 82,
        "n_secoes": 10,
        "nm_local": "ESCOLA MUNICIPAL FRANCISCO PORTUGAL NEVES",
        "bairro": "PIRATININGA",
        "cargo": "DEPUTADO FEDERAL"
      },
      "geometry": {
        "type": "Point",
        "coordinates": [
          -43.056665,
          -22.942363
        ]
      }
    },
    {
      "type": "Feature",
      "properties": {
        "ano": 2022,
        "nr_local": "1147",
        "label": "FELIPE PEIXOTO",
        "QT_VOTOS": 13,
        "n_secoes": 7,
        "nm_local": "ESCOLA MUNICIPAL VERA LUCIA MACHADO",
        "bairro": "BADU",
        "cargo": "DEPUTADO FEDERAL"
      },
      "geometry": {
        "type": "Point",
        "coordinates": [
          -43.0500355,
          -22.9045
        ]
      }
    },
    {
      "type": "Feature",
      "properties": {
        "ano": 2022,
        "nr_local": "1155",
        "label": "FELIPE PEIXOTO",
        "QT_VOTOS": 166,
        "n_secoes": 15,
        "nm_local": "COLÉGIO ITAPUCA",
        "bairro": "PIRATININGA",
        "cargo": "DEPUTADO FEDERAL"
      },
      "geometry": {
        "type": "Point",
        "coordinates": [
          -43.0593249,
          -22.9437854
        ]
      }
    },
    {
      "type": "Feature",
      "properties": {
        "ano": 2022,
        "nr_local": "1163",
        "label": "FELIPE PEIXOTO",
        "QT_VOTOS": 49,
        "n_secoes": 17,
        "nm_local": "COLÉGIO ESTADUAL CONSELHEIRO MACEDO SOARES",
        "bairro": "BARRETO",
        "cargo": "DEPUTADO FEDERAL"
      },
      "geometry": {
        "type": "Point",
        "coordinates": [
          -43.0924035,
          -22.8622231
        ]
      }
    },
    {
      "type": "Feature",
      "properties": {
        "ano": 2022,
        "nr_local": "1171",
        "label": "FELIPE PEIXOTO",
        "QT_VOTOS": 55,
        "n_secoes": 15,
        "nm_local": "ESCOLA MUNICIPAL ANTONIO COUTINHO DE AZEVEDO",
        "bairro": "SANTA BARBARA",
        "cargo": "DEPUTADO FEDERAL"
      },
      "geometry": {
        "type": "Point",
        "coordinates": [
          -43.04869,
          -22.8756043
        ]
      }
    },
    {
      "type": "Feature",
      "properties": {
        "ano": 2022,
        "nr_local": "1180",
        "label": "FELIPE PEIXOTO",
        "QT_VOTOS": 10,
        "n_secoes": 7,
        "nm_local": "ESCOLA MUNICIPAL RACHIDE DA GLORIA SALIM SAKER",
        "bairro": "SANTA BARBARA",
        "cargo": "DEPUTADO FEDERAL"
      },
      "geometry": {
        "type": "Point",
        "coordinates": [
          -43.0488967,
          -22.8766134
        ]
      }
    },
    {
      "type": "Feature",
      "properties": {
        "ano": 2022,
        "nr_local": "1198",
        "label": "FELIPE PEIXOTO",
        "QT_VOTOS": 69,
        "n_secoes": 13,
        "nm_local": "CIEP 448 RUY FRAZÃO SOARES",
        "bairro": "ITAIPU",
        "cargo": "DEPUTADO FEDERAL"
      },
      "geometry": {
        "type": "Point",
        "coordinates": [
          -43.0092644,
          -22.9356576
        ]
      }
    },
    {
      "type": "Feature",
      "properties": {
        "ano": 2022,
        "nr_local": "1201",
        "label": "FELIPE PEIXOTO",
        "QT_VOTOS": 8,
        "n_secoes": 2,
        "nm_local": "OFICINAS DO SENAI",
        "bairro": "BARRETO",
        "cargo": "DEPUTADO FEDERAL"
      },
      "geometry": {
        "type": "Point",
        "coordinates": [
          -43.1026046,
          -22.8614396
        ]
      }
    },
    {
      "type": "Feature",
      "properties": {
        "ano": 2022,
        "nr_local": "1210",
        "label": "FELIPE PEIXOTO",
        "QT_VOTOS": 54,
        "n_secoes": 12,
        "nm_local": "TIO SAM ESPORTE CLUBE",
        "bairro": "BARRETO",
        "cargo": "DEPUTADO FEDERAL"
      },
      "geometry": {
        "type": "Point",
        "coordinates": [
          -43.104502,
          -22.8719306
        ]
      }
    },
    {
      "type": "Feature",
      "properties": {
        "ano": 2022,
        "nr_local": "1236",
        "label": "FELIPE PEIXOTO",
        "QT_VOTOS": 23,
        "n_secoes": 11,
        "nm_local": "COLÉGIO ESTADUAL MULLULO DA VEIGA",
        "bairro": "ENGENHOCA",
        "cargo": "DEPUTADO FEDERAL"
      },
      "geometry": {
        "type": "Point",
        "coordinates": [
          -43.0988892,
          -22.8708282
        ]
      }
    },
    {
      "type": "Feature",
      "properties": {
        "ano": 2022,
        "nr_local": "1244",
        "label": "FELIPE PEIXOTO",
        "QT_VOTOS": 188,
        "n_secoes": 17,
        "nm_local": "ESCOLA ESTADUAL MANUEL DE ABREU",
        "bairro": "ICARAÍ",
        "cargo": "DEPUTADO FEDERAL"
      },
      "geometry": {
        "type": "Point",
        "coordinates": [
          -43.1071569,
          -22.9023086
        ]
      }
    },
    {
      "type": "Feature",
      "properties": {
        "ano": 2022,
        "nr_local": "1252",
        "label": "FELIPE PEIXOTO",
        "QT_VOTOS": 82,
        "n_secoes": 14,
        "nm_local": "ESCOLA MUNICIPAL ADELINO MAGALHÃES",
        "bairro": "ENGENHOCA",
        "cargo": "DEPUTADO FEDERAL"
      },
      "geometry": {
        "type": "Point",
        "coordinates": [
          -43.0944571,
          -22.8739038
        ]
      }
    },
    {
      "type": "Feature",
      "properties": {
        "ano": 2022,
        "nr_local": "1260",
        "label": "FELIPE PEIXOTO",
        "QT_VOTOS": 272,
        "n_secoes": 30,
        "nm_local": "INSTITUTO ABEL",
        "bairro": "ICARAÍ",
        "cargo": "DEPUTADO FEDERAL"
      },
      "geometry": {
        "type": "Point",
        "coordinates": [
          -43.1094942,
          -22.9004168
        ]
      }
    },
    {
      "type": "Feature",
      "properties": {
        "ano": 2022,
        "nr_local": "1279",
        "label": "FELIPE PEIXOTO",
        "QT_VOTOS": 38,
        "n_secoes": 4,
        "nm_local": "INSTITUTO FOKUS (ANTIGO INTERAÇÃO CRECHE ESCOLA)",
        "bairro": "CAMBOINHAS",
        "cargo": "DEPUTADO FEDERAL"
      },
      "geometry": {
        "type": "Point",
        "coordinates": [
          -43.062822,
          -22.9542456
        ]
      }
    },
    {
      "type": "Feature",
      "properties": {
        "ano": 2022,
        "nr_local": "1287",
        "label": "FELIPE PEIXOTO",
        "QT_VOTOS": 44,
        "n_secoes": 4,
        "nm_local": "ESCOLA MUNICIPAL PROF MARCOS WALDEMAR DE FREITAS REIS",
        "bairro": "ITAIPU",
        "cargo": "DEPUTADO FEDERAL"
      },
      "geometry": {
        "type": "Point",
        "coordinates": [
          -43.0330724,
          -22.9615628
        ]
      }
    },
    {
      "type": "Feature",
      "properties": {
        "ano": 2022,
        "nr_local": "1295",
        "label": "FELIPE PEIXOTO",
        "QT_VOTOS": 195,
        "n_secoes": 23,
        "nm_local": "UMEI PROFA ODETE ROSA DA MOTA",
        "bairro": "ITAIPU",
        "cargo": "DEPUTADO FEDERAL"
      },
      "geometry": {
        "type": "Point",
        "coordinates": [
          -43.02859,
          -22.9532368
        ]
      }
    },
    {
      "type": "Feature",
      "properties": {
        "ano": 2022,
        "nr_local": "1309",
        "label": "FELIPE PEIXOTO",
        "QT_VOTOS": 103,
        "n_secoes": 11,
        "nm_local": "CURSO MARLY CURY",
        "bairro": "SANTA ROSA",
        "cargo": "DEPUTADO FEDERAL"
      },
      "geometry": {
        "type": "Point",
        "coordinates": [
          -43.1019227,
          -22.9054777
        ]
      }
    },
    {
      "type": "Feature",
      "properties": {
        "ano": 2022,
        "nr_local": "1317",
        "label": "FELIPE PEIXOTO",
        "QT_VOTOS": 172,
        "n_secoes": 25,
        "nm_local": "ESCOLA ESTADUAL BALTAZAR BERNARDINO",
        "bairro": "SANTA ROSA",
        "cargo": "DEPUTADO FEDERAL"
      },
      "geometry": {
        "type": "Point",
        "coordinates": [
          -43.1012931,
          -22.9032359
        ]
      }
    },
    {
      "type": "Feature",
      "properties": {
        "ano": 2022,
        "nr_local": "1325",
        "label": "FELIPE PEIXOTO",
        "QT_VOTOS": 113,
        "n_secoes": 19,
        "nm_local": "ESCOLA MUNICIPAL SÍTIO DO IPÊ",
        "bairro": "MARIA PAULA",
        "cargo": "DEPUTADO FEDERAL"
      },
      "geometry": {
        "type": "Point",
        "coordinates": [
          -43.0267087,
          -22.8821134
        ]
      }
    },
    {
      "type": "Feature",
      "properties": {
        "ano": 2022,
        "nr_local": "1333",
        "label": "FELIPE PEIXOTO",
        "QT_VOTOS": 81,
        "n_secoes": 13,
        "nm_local": "ESCOLA ME NINAR",
        "bairro": "ITAIPU",
        "cargo": "DEPUTADO FEDERAL"
      },
      "geometry": {
        "type": "Point",
        "coordinates": [
          -43.0442198,
          -22.9408099
        ]
      }
    },
    {
      "type": "Feature",
      "properties": {
        "ano": 2022,
        "nr_local": "1341",
        "label": "FELIPE PEIXOTO",
        "QT_VOTOS": 14,
        "n_secoes": 1,
        "nm_local": "SOPRECAM",
        "bairro": "CAMBOINHAS",
        "cargo": "DEPUTADO FEDERAL"
      },
      "geometry": {
        "type": "Point",
        "coordinates": [
          -43.0584356,
          -22.9537053
        ]
      }
    },
    {
      "type": "Feature",
      "properties": {
        "ano": 2022,
        "nr_local": "1350",
        "label": "FELIPE PEIXOTO",
        "QT_VOTOS": 41,
        "n_secoes": 6,
        "nm_local": "ESCOLA MUNICIPAL MARALEGRE",
        "bairro": "CAFUBÁ",
        "cargo": "DEPUTADO FEDERAL"
      },
      "geometry": {
        "type": "Point",
        "coordinates": [
          -43.0724233,
          -22.9362723
        ]
      }
    },
    {
      "type": "Feature",
      "properties": {
        "ano": 2022,
        "nr_local": "1368",
        "label": "FELIPE PEIXOTO",
        "QT_VOTOS": 163,
        "n_secoes": 25,
        "nm_local": "INSTITUTO SÃO JOSÉ",
        "bairro": "SANTA ROSA",
        "cargo": "DEPUTADO FEDERAL"
      },
      "geometry": {
        "type": "Point",
        "coordinates": [
          -43.1018878,
          -22.901754
        ]
      }
    },
    {
      "type": "Feature",
      "properties": {
        "ano": 2022,
        "nr_local": "1392",
        "label": "FELIPE PEIXOTO",
        "QT_VOTOS": 150,
        "n_secoes": 20,
        "nm_local": "FACULDADE DE VETERINARIA DA UFF",
        "bairro": "VITAL BRASIL",
        "cargo": "DEPUTADO FEDERAL"
      },
      "geometry": {
        "type": "Point",
        "coordinates": [
          -43.098407,
          -22.904908
        ]
      }
    },
    {
      "type": "Feature",
      "properties": {
        "ano": 2022,
        "nr_local": "1406",
        "label": "FELIPE PEIXOTO",
        "QT_VOTOS": 13,
        "n_secoes": 6,
        "nm_local": "COLÉGIO NITERÓI",
        "bairro": "ENGENHOCA",
        "cargo": "DEPUTADO FEDERAL"
      },
      "geometry": {
        "type": "Point",
        "coordinates": [
          -43.1018717,
          -22.8706133
        ]
      }
    },
    {
      "type": "Feature",
      "properties": {
        "ano": 2022,
        "nr_local": "1414",
        "label": "FELIPE PEIXOTO",
        "QT_VOTOS": 17,
        "n_secoes": 7,
        "nm_local": "UNIVERSIDADE SALGADO DE OLIVEIRA - BL B (PRÓXIMO AO GUANABARA)",
        "bairro": "CENTRO",
        "cargo": "DEPUTADO FEDERAL"
      },
      "geometry": {
        "type": "Point",
        "coordinates": [
          -43.1172001,
          -22.8893447
        ]
      }
    },
    {
      "type": "Feature",
      "properties": {
        "ano": 2022,
        "nr_local": "1422",
        "label": "FELIPE PEIXOTO",
        "QT_VOTOS": 36,
        "n_secoes": 6,
        "nm_local": "CLUBE PORTUGUES DE NITEROI",
        "bairro": "SÃO DOMINGOS",
        "cargo": "DEPUTADO FEDERAL"
      },
      "geometry": {
        "type": "Point",
        "coordinates": [
          -43.1274594,
          -22.9021482
        ]
      }
    },
    {
      "type": "Feature",
      "properties": {
        "ano": 2022,
        "nr_local": "1430",
        "label": "FELIPE PEIXOTO",
        "QT_VOTOS": 55,
        "n_secoes": 8,
        "nm_local": "COLEGIO ESTADUAL AURELINO LEAL",
        "bairro": "INGÁ",
        "cargo": "DEPUTADO FEDERAL"
      },
      "geometry": {
        "type": "Point",
        "coordinates": [
          -43.1254512,
          -22.9033321
        ]
      }
    },
    {
      "type": "Feature",
      "properties": {
        "ano": 2022,
        "nr_local": "1449",
        "label": "FELIPE PEIXOTO",
        "QT_VOTOS": 193,
        "n_secoes": 37,
        "nm_local": "CIEP 450 - BADU",
        "bairro": "BADU",
        "cargo": "DEPUTADO FEDERAL"
      },
      "geometry": {
        "type": "Point",
        "coordinates": [
          -43.0566124,
          -22.9071974
        ]
      }
    },
    {
      "type": "Feature",
      "properties": {
        "ano": 2022,
        "nr_local": "1457",
        "label": "FELIPE PEIXOTO",
        "QT_VOTOS": 55,
        "n_secoes": 15,
        "nm_local": "ÁGUAS DE NITEROI",
        "bairro": "CENTRO",
        "cargo": "DEPUTADO FEDERAL"
      },
      "geometry": {
        "type": "Point",
        "coordinates": [
          -43.1141378,
          -22.8915411
        ]
      }
    },
    {
      "type": "Feature",
      "properties": {
        "ano": 2022,
        "nr_local": "1465",
        "label": "FELIPE PEIXOTO",
        "QT_VOTOS": 48,
        "n_secoes": 13,
        "nm_local": "CENTRO UNIVERSITÁRIO ANHANGUERA (ANTIGO PLÍNIO LEITE)",
        "bairro": "CENTRO",
        "cargo": "DEPUTADO FEDERAL"
      },
      "geometry": {
        "type": "Point",
        "coordinates": [
          -43.1245632,
          -22.8869267
        ]
      }
    },
    {
      "type": "Feature",
      "properties": {
        "ano": 2022,
        "nr_local": "1473",
        "label": "FELIPE PEIXOTO",
        "QT_VOTOS": 110,
        "n_secoes": 24,
        "nm_local": "COLÉGIO FORUM CULTURAL",
        "bairro": "CANTAGALO",
        "cargo": "DEPUTADO FEDERAL"
      },
      "geometry": {
        "type": "Point",
        "coordinates": [
          -43.0490094,
          -22.9163184
        ]
      }
    },
    {
      "type": "Feature",
      "properties": {
        "ano": 2022,
        "nr_local": "1481",
        "label": "FELIPE PEIXOTO",
        "QT_VOTOS": 53,
        "n_secoes": 20,
        "nm_local": "ESCOLA MUNICIPAL MAESTRO HEITOR VILLA-LOBOS (''COLÉGIO NOVO'')",
        "bairro": "ILHA DA CONCEIÇÃO",
        "cargo": "DEPUTADO FEDERAL"
      },
      "geometry": {
        "type": "Point",
        "coordinates": [
          -43.1156463,
          -22.8731482
        ]
      }
    },
    {
      "type": "Feature",
      "properties": {
        "ano": 2022,
        "nr_local": "1490",
        "label": "FELIPE PEIXOTO",
        "QT_VOTOS": 18,
        "n_secoes": 5,
        "nm_local": "IGREJA BATISTA DO FONSECA",
        "bairro": "FONSECA",
        "cargo": "DEPUTADO FEDERAL"
      },
      "geometry": {
        "type": "Point",
        "coordinates": [
          -43.0865383,
          -22.8810878
        ]
      }
    },
    {
      "type": "Feature",
      "properties": {
        "ano": 2022,
        "nr_local": "1503",
        "label": "FELIPE PEIXOTO",
        "QT_VOTOS": 51,
        "n_secoes": 7,
        "nm_local": "SERVICO DE ASSISTENCIA SOCIAL SAO DOMINGOS SAVIO",
        "bairro": "SANTA ROSA",
        "cargo": "DEPUTADO FEDERAL"
      },
      "geometry": {
        "type": "Point",
        "coordinates": [
          -43.0928214,
          -22.8988024
        ]
      }
    },
    {
      "type": "Feature",
      "properties": {
        "ano": 2022,
        "nr_local": "1511",
        "label": "FELIPE PEIXOTO",
        "QT_VOTOS": 58,
        "n_secoes": 10,
        "nm_local": "FACULDADE DE ADMINISTRAÇÃO E CIÊNCIAS CONTÁBEIS (VALONGUINHO)",
        "bairro": "CENTRO",
        "cargo": "DEPUTADO FEDERAL"
      },
      "geometry": {
        "type": "Point",
        "coordinates": [
          -43.1252439,
          -22.8967413
        ]
      }
    },
    {
      "type": "Feature",
      "properties": {
        "ano": 2022,
        "nr_local": "1520",
        "label": "FELIPE PEIXOTO",
        "QT_VOTOS": 118,
        "n_secoes": 21,
        "nm_local": "ESCOLA MUNICIPAL LEVI CARNEIRO",
        "bairro": "SAPÊ",
        "cargo": "DEPUTADO FEDERAL"
      },
      "geometry": {
        "type": "Point",
        "coordinates": [
          -43.0583864,
          -22.8961721
        ]
      }
    },
    {
      "type": "Feature",
      "properties": {
        "ano": 2022,
        "nr_local": "1538",
        "label": "FELIPE PEIXOTO",
        "QT_VOTOS": 22,
        "n_secoes": 4,
        "nm_local": "ESCOLA CATAVENTO ESPAÇO DE EDUCAÇÃO",
        "bairro": "SAPÊ",
        "cargo": "DEPUTADO FEDERAL"
      },
      "geometry": {
        "type": "Point",
        "coordinates": [
          -43.0635188,
          -22.9024713
        ]
      }
    },
    {
      "type": "Feature",
      "properties": {
        "ano": 2022,
        "nr_local": "1546",
        "label": "FELIPE PEIXOTO",
        "QT_VOTOS": 73,
        "n_secoes": 16,
        "nm_local": "UNIVERSIDADE SALGADO DE OLIVEIRA - BL A",
        "bairro": "CENTRO",
        "cargo": "DEPUTADO FEDERAL"
      },
      "geometry": {
        "type": "Point",
        "coordinates": [
          -43.1186087,
          -22.8894749
        ]
      }
    },
    {
      "type": "Feature",
      "properties": {
        "ano": 2022,
        "nr_local": "1554",
        "label": "FELIPE PEIXOTO",
        "QT_VOTOS": 143,
        "n_secoes": 26,
        "nm_local": "JARDIM ESCOLA GIRASSÓIS",
        "bairro": "LARGO DA BATALHA",
        "cargo": "DEPUTADO FEDERAL"
      },
      "geometry": {
        "type": "Point",
        "coordinates": [
          -43.0652722,
          -22.9077414
        ]
      }
    },
    {
      "type": "Feature",
      "properties": {
        "ano": 2022,
        "nr_local": "1562",
        "label": "FELIPE PEIXOTO",
        "QT_VOTOS": 83,
        "n_secoes": 23,
        "nm_local": "COLEGIO ESTADUAL RAUL VIDAL",
        "bairro": "CENTRO",
        "cargo": "DEPUTADO FEDERAL"
      },
      "geometry": {
        "type": "Point",
        "coordinates": [
          -43.1242688,
          -22.8862372
        ]
      }
    },
    {
      "type": "Feature",
      "properties": {
        "ano": 2022,
        "nr_local": "1570",
        "label": "FELIPE PEIXOTO",
        "QT_VOTOS": 101,
        "n_secoes": 25,
        "nm_local": "IGREJA DO SANTUARIO NACIONAL DAS ALMAS",
        "bairro": "ICARAÍ",
        "cargo": "DEPUTADO FEDERAL"
      },
      "geometry": {
        "type": "Point",
        "coordinates": [
          -43.1107182,
          -22.9004522
        ]
      }
    },
    {
      "type": "Feature",
      "properties": {
        "ano": 2022,
        "nr_local": "1589",
        "label": "FELIPE PEIXOTO",
        "QT_VOTOS": 134,
        "n_secoes": 21,
        "nm_local": "COLÉGIO NOSSA SENHORA DAS MERCÊS",
        "bairro": "FONSECA",
        "cargo": "DEPUTADO FEDERAL"
      },
      "geometry": {
        "type": "Point",
        "coordinates": [
          -43.1023535,
          -22.880345
        ]
      }
    },
    {
      "type": "Feature",
      "properties": {
        "ano": 2022,
        "nr_local": "1597",
        "label": "FELIPE PEIXOTO",
        "QT_VOTOS": 120,
        "n_secoes": 22,
        "nm_local": "COLÉGIO PONTO DE ENSINO",
        "bairro": "ICARAÍ",
        "cargo": "DEPUTADO FEDERAL"
      },
      "geometry": {
        "type": "Point",
        "coordinates": [
          -43.1095209,
          -22.9092421
        ]
      }
    },
    {
      "type": "Feature",
      "properties": {
        "ano": 2022,
        "nr_local": "1600",
        "label": "FELIPE PEIXOTO",
        "QT_VOTOS": 81,
        "n_secoes": 23,
        "nm_local": "INSTITUTO DE EDUCAÇÃO PROFESSOR ISMAEL COUTINHO - IEPIC",
        "bairro": "SÃO DOMINGOS",
        "cargo": "DEPUTADO FEDERAL"
      },
      "geometry": {
        "type": "Point",
        "coordinates": [
          -43.1271052,
          -22.8989767
        ]
      }
    },
    {
      "type": "Feature",
      "properties": {
        "ano": 2022,
        "nr_local": "1619",
        "label": "FELIPE PEIXOTO",
        "QT_VOTOS": 174,
        "n_secoes": 20,
        "nm_local": "COLEGIO ESTADUAL JOAQUIM TAVORA",
        "bairro": "ICARAÍ",
        "cargo": "DEPUTADO FEDERAL"
      },
      "geometry": {
        "type": "Point",
        "coordinates": [
          -43.1081976,
          -22.9048788
        ]
      }
    },
    {
      "type": "Feature",
      "properties": {
        "ano": 2022,
        "nr_local": "1627",
        "label": "FELIPE PEIXOTO",
        "QT_VOTOS": 127,
        "n_secoes": 23,
        "nm_local": "ESCOLA ESTADUAL DOUTOR JAYME MEMORIA",
        "bairro": "CUBANGO",
        "cargo": "DEPUTADO FEDERAL"
      },
      "geometry": {
        "type": "Point",
        "coordinates": [
          -43.0937712,
          -22.88949
        ]
      }
    },
    {
      "type": "Feature",
      "properties": {
        "ano": 2022,
        "nr_local": "1635",
        "label": "FELIPE PEIXOTO",
        "QT_VOTOS": 32,
        "n_secoes": 7,
        "nm_local": "ESCOLA MUNICIPAL DOM JOSÉ PEREIRA ALVES",
        "bairro": "FONSECA",
        "cargo": "DEPUTADO FEDERAL"
      },
      "geometry": {
        "type": "Point",
        "coordinates": [
          -43.0920686,
          -22.8783038
        ]
      }
    },
    {
      "type": "Feature",
      "properties": {
        "ano": 2022,
        "nr_local": "1643",
        "label": "FELIPE PEIXOTO",
        "QT_VOTOS": 42,
        "n_secoes": 6,
        "nm_local": "CENTRO MODERNO ALZIRA BITTENCOURT",
        "bairro": "ICARAÍ",
        "cargo": "DEPUTADO FEDERAL"
      },
      "geometry": {
        "type": "Point",
        "coordinates": [
          -43.110746,
          -22.9012326
        ]
      }
    },
    {
      "type": "Feature",
      "properties": {
        "ano": 2022,
        "nr_local": "1651",
        "label": "FELIPE PEIXOTO",
        "QT_VOTOS": 95,
        "n_secoes": 12,
        "nm_local": "PH COLÉGIO",
        "bairro": "ICARAÍ",
        "cargo": "DEPUTADO FEDERAL"
      },
      "geometry": {
        "type": "Point",
        "coordinates": [
          -43.1110377,
          -22.9006508
        ]
      }
    },
    {
      "type": "Feature",
      "properties": {
        "ano": 2022,
        "nr_local": "1660",
        "label": "FELIPE PEIXOTO",
        "QT_VOTOS": 221,
        "n_secoes": 29,
        "nm_local": "CLUBE CENTRAL",
        "bairro": "ICARAÍ",
        "cargo": "DEPUTADO FEDERAL"
      },
      "geometry": {
        "type": "Point",
        "coordinates": [
          -43.111789,
          -22.9075784
        ]
      }
    },
    {
      "type": "Feature",
      "properties": {
        "ano": 2022,
        "nr_local": "1678",
        "label": "FELIPE PEIXOTO",
        "QT_VOTOS": 100,
        "n_secoes": 22,
        "nm_local": "LICEU NILO PEÇANHA",
        "bairro": "CENTRO",
        "cargo": "DEPUTADO FEDERAL"
      },
      "geometry": {
        "type": "Point",
        "coordinates": [
          -43.1165611,
          -22.8935707
        ]
      }
    },
    {
      "type": "Feature",
      "properties": {
        "ano": 2022,
        "nr_local": "1686",
        "label": "FELIPE PEIXOTO",
        "QT_VOTOS": 67,
        "n_secoes": 10,
        "nm_local": "COLÉGIO DA POLÍCIA MILITAR",
        "bairro": "FONSECA",
        "cargo": "DEPUTADO FEDERAL"
      },
      "geometry": {
        "type": "Point",
        "coordinates": [
          -43.0820149,
          -22.8818063
        ]
      }
    },
    {
      "type": "Feature",
      "properties": {
        "ano": 2022,
        "nr_local": "1694",
        "label": "FELIPE PEIXOTO",
        "QT_VOTOS": 73,
        "n_secoes": 9,
        "nm_local": "RIO CRICKET",
        "bairro": "INGÁ",
        "cargo": "DEPUTADO FEDERAL"
      },
      "geometry": {
        "type": "Point",
        "coordinates": [
          -43.1133665,
          -22.8997052
        ]
      }
    },
    {
      "type": "Feature",
      "properties": {
        "ano": 2022,
        "nr_local": "1708",
        "label": "FELIPE PEIXOTO",
        "QT_VOTOS": 73,
        "n_secoes": 8,
        "nm_local": "ESCOLA MUNICIPAL JÚLIA CORTINES",
        "bairro": "ICARAÍ",
        "cargo": "DEPUTADO FEDERAL"
      },
      "geometry": {
        "type": "Point",
        "coordinates": [
          -43.1086717,
          -22.9043592
        ]
      }
    },
    {
      "type": "Feature",
      "properties": {
        "ano": 2022,
        "nr_local": "1716",
        "label": "FELIPE PEIXOTO",
        "QT_VOTOS": 17,
        "n_secoes": 4,
        "nm_local": "ESCOLA VIVINFÂNCIA",
        "bairro": "ICARAÍ",
        "cargo": "DEPUTADO FEDERAL"
      },
      "geometry": {
        "type": "Point",
        "coordinates": [
          -43.1056898,
          -22.9079727
        ]
      }
    },
    {
      "type": "Feature",
      "properties": {
        "ano": 2022,
        "nr_local": "1724",
        "label": "FELIPE PEIXOTO",
        "QT_VOTOS": 65,
        "n_secoes": 8,
        "nm_local": "AABB",
        "bairro": "SÃO FRANCISCO",
        "cargo": "DEPUTADO FEDERAL"
      },
      "geometry": {
        "type": "Point",
        "coordinates": [
          -43.0826083,
          -22.9172823
        ]
      }
    },
    {
      "type": "Feature",
      "properties": {
        "ano": 2022,
        "nr_local": "1732",
        "label": "FELIPE PEIXOTO",
        "QT_VOTOS": 75,
        "n_secoes": 19,
        "nm_local": "CLUBE NAVAL",
        "bairro": "JURUJUBA",
        "cargo": "DEPUTADO FEDERAL"
      },
      "geometry": {
        "type": "Point",
        "coordinates": [
          -43.1068139,
          -22.935737
        ]
      }
    },
    {
      "type": "Feature",
      "properties": {
        "ano": 2022,
        "nr_local": "1740",
        "label": "FELIPE PEIXOTO",
        "QT_VOTOS": 61,
        "n_secoes": 9,
        "nm_local": "ESCOLA MUNICIPAL PROFESSORA ELVIRA LÚCIA ESTEVES DE VASCONCELOS",
        "bairro": "ICARAÍ",
        "cargo": "DEPUTADO FEDERAL"
      },
      "geometry": {
        "type": "Point",
        "coordinates": [
          -43.1073245,
          -22.9111671
        ]
      }
    },
    {
      "type": "Feature",
      "properties": {
        "ano": 2022,
        "nr_local": "1759",
        "label": "FELIPE PEIXOTO",
        "QT_VOTOS": 89,
        "n_secoes": 18,
        "nm_local": "COLÉGIO MV1",
        "bairro": "ICARAÍ",
        "cargo": "DEPUTADO FEDERAL"
      },
      "geometry": {
        "type": "Point",
        "coordinates": [
          -43.1058651,
          -22.9079111
        ]
      }
    },
    {
      "type": "Feature",
      "properties": {
        "ano": 2022,
        "nr_local": "1767",
        "label": "FELIPE PEIXOTO",
        "QT_VOTOS": 154,
        "n_secoes": 15,
        "nm_local": "COLÉGIO ASSUNÇÃO",
        "bairro": "SÃO FRANCISCO",
        "cargo": "DEPUTADO FEDERAL"
      },
      "geometry": {
        "type": "Point",
        "coordinates": [
          -43.0926525,
          -22.9208239
        ]
      }
    },
    {
      "type": "Feature",
      "properties": {
        "ano": 2022,
        "nr_local": "1775",
        "label": "FELIPE PEIXOTO",
        "QT_VOTOS": 45,
        "n_secoes": 7,
        "nm_local": "ESCOLA ESTADUAL CIZÍNIO SOARES PINTO",
        "bairro": "SÃO FRANCISCO",
        "cargo": "DEPUTADO FEDERAL"
      },
      "geometry": {
        "type": "Point",
        "coordinates": [
          -43.093934,
          -22.9147594
        ]
      }
    },
    {
      "type": "Feature",
      "properties": {
        "ano": 2022,
        "nr_local": "1783",
        "label": "FELIPE PEIXOTO",
        "QT_VOTOS": 31,
        "n_secoes": 4,
        "nm_local": "SOCIEDADE BRASILEIRA DE CULTURA INGLESA",
        "bairro": "ICARAÍ",
        "cargo": "DEPUTADO FEDERAL"
      },
      "geometry": {
        "type": "Point",
        "coordinates": [
          -43.1111859,
          -22.9075527
        ]
      }
    }
  ]
}