{
  "type": "FeatureCollection",
  "name": "hugo_leal",
  "features": [
    {
      "type": "Feature",
      "properties": {
        "ano": 2010,
        "nr_local": "1015",
        "label": "HUGO LEAL",
        "QT_VOTOS": 75,
        "n_secoes": 18,
        "nm_local": "INSTITUTO JCA",
        "bairro": "SANTA BARBARA",
        "cargo": "DEPUTADO FEDERAL",
        "total_eleitores": 12254,
        "pct_mulheres": 55.2,
        "pct_homens": 44.7,
        "pct_genero_nao_informado": 0.0,
        "pct_jovens_16_24": 10.6,
        "pct_adultos_25_59": 68.7,
        "pct_60_mais": 20.8,
        "pct_idade_nao_informado": 0.0,
        "pct_ate_fundamental": 32.5,
        "pct_ensino_medio": 41.6,
        "pct_ensino_superior": 25.8,
        "pct_escolaridade_nao_informado": 0.1,
        "top1_nome": "FRANCISCO RODRIGUES DE ALENCAR FILHO",
        "top1_partido": "50",
        "top1_votos": 946,
        "top2_nome": "SERGIO ZVEITER",
        "top2_partido": "12",
        "top2_votos": 713,
        "top3_nome": "ANTHONY WILLIAN GAROTINHO MATHEUS DE OLIVEIRA",
        "top3_partido": "22",
        "top3_votos": 465,
        "total_votos_validos": 8771
      },
      "geometry": {
        "type": "Point",
        "coordinates": [
          -43.0585179,
          -22.882301
        ]
      }
    },
    {
      "type": "Feature",
      "properties": {
        "ano": 2010,
        "nr_local": "1023",
        "label": "HUGO LEAL",
        "QT_VOTOS": 50,
        "n_secoes": 11,
        "nm_local": "PAROQUIA DE SAO JOAO BATISTA",
        "bairro": "TENENTE JARDIM",
        "cargo": "DEPUTADO FEDERAL",
        "total_eleitores": 5530,
        "pct_mulheres": 54.1,
        "pct_homens": 45.8,
        "pct_genero_nao_informado": 0.1,
        "pct_jovens_16_24": 10.3,
        "pct_adultos_25_59": 66.9,
        "pct_60_mais": 22.9,
        "pct_idade_nao_informado": 0.0,
        "pct_ate_fundamental": 32.2,
        "pct_ensino_medio": 41.6,
        "pct_ensino_superior": 25.9,
        "pct_escolaridade_nao_informado": 0.2,
        "top1_nome": "FRANCISCO RODRIGUES DE ALENCAR FILHO",
        "top1_partido": "50",
        "top1_votos": 413,
        "top2_nome": "SERGIO ZVEITER",
        "top2_partido": "12",
        "top2_votos": 374,
        "top3_nome": "DILSON MALHEIROS DRUMOND",
        "top3_partido": "12",
        "top3_votos": 215,
        "total_votos_validos": 3942
      },
      "geometry": {
        "type": "Point",
        "coordinates": [
          -43.0827273,
          -22.8639855
        ]
      }
    },
    {
      "type": "Feature",
      "properties": {
        "ano": 2010,
        "nr_local": "1031",
        "label": "HUGO LEAL",
        "QT_VOTOS": 126,
        "n_secoes": 26,
        "nm_local": "(PRÉDIO NOVO) COLÉGIO PEDRO II UNIDADE NITERÓI",
        "bairro": "BARRETO",
        "cargo": "DEPUTADO FEDERAL",
        "total_eleitores": 14011,
        "pct_mulheres": 53.9,
        "pct_homens": 46.0,
        "pct_genero_nao_informado": 0.2,
        "pct_jovens_16_24": 13.1,
        "pct_adultos_25_59": 67.4,
        "pct_60_mais": 19.5,
        "pct_idade_nao_informado": 0.0,
        "pct_ate_fundamental": 41.2,
        "pct_ensino_medio": 41.5,
        "pct_ensino_superior": 17.2,
        "pct_escolaridade_nao_informado": 0.1,
        "top1_nome": "SERGIO ZVEITER",
        "top1_partido": "12",
        "top1_votos": 1077,
        "top2_nome": "FRANCISCO RODRIGUES DE ALENCAR FILHO",
        "top2_partido": "50",
        "top2_votos": 736,
        "top3_nome": "ANTHONY WILLIAN GAROTINHO MATHEUS DE OLIVEIRA",
        "top3_partido": "22",
        "top3_votos": 586,
        "total_votos_validos": 10075
      },
      "geometry": {
        "type": "Point",
        "coordinates": [
          -43.1037833,
          -22.8685685
        ]
      }
    },
    {
      "type": "Feature",
      "properties": {
        "ano": 2010,
        "nr_local": "1040",
        "label": "HUGO LEAL",
        "QT_VOTOS": 57,
        "n_secoes": 25,
        "nm_local": "CIEP 447 - CARAMUJO",
        "bairro": "CARAMUJO",
        "cargo": "DEPUTADO FEDERAL",
        "total_eleitores": 12230,
        "pct_mulheres": 54.5,
        "pct_homens": 45.4,
        "pct_genero_nao_informado": 0.0,
        "pct_jovens_16_24": 19.5,
        "pct_adultos_25_59": 67.1,
        "pct_60_mais": 13.3,
        "pct_idade_nao_informado": 0.0,
        "pct_ate_fundamental": 54.2,
        "pct_ensino_medio": 39.3,
        "pct_ensino_superior": 6.5,
        "pct_escolaridade_nao_informado": 0.0,
        "top1_nome": "SERGIO ZVEITER",
        "top1_partido": "12",
        "top1_votos": 1049,
        "top2_nome": "ANTHONY WILLIAN GAROTINHO MATHEUS DE OLIVEIRA",
        "top2_partido": "22",
        "top2_votos": 790,
        "top3_nome": "FRANCISCO JOSE DANGELO PINTO",
        "top3_partido": "13",
        "top3_votos": 450,
        "total_votos_validos": 8923
      },
      "geometry": {
        "type": "Point",
        "coordinates": [
          -43.065134,
          -22.8827294
        ]
      }
    },
    {
      "type": "Feature",
      "properties": {
        "ano": 2010,
        "nr_local": "1058",
        "label": "HUGO LEAL",
        "QT_VOTOS": 67,
        "n_secoes": 17,
        "nm_local": "INSTITUTO SÃO BENTO DE NITEROI",
        "bairro": null,
        "cargo": "DEPUTADO FEDERAL",
        "total_eleitores": 7302,
        "pct_mulheres": 57.1,
        "pct_homens": 42.8,
        "pct_genero_nao_informado": 0.1,
        "pct_jovens_16_24": 12.3,
        "pct_adultos_25_59": 66.8,
        "pct_60_mais": 21.0,
        "pct_idade_nao_informado": 0.0,
        "pct_ate_fundamental": 19.7,
        "pct_ensino_medio": 48.2,
        "pct_ensino_superior": 31.9,
        "pct_escolaridade_nao_informado": 0.2,
        "top1_nome": "FRANCISCO RODRIGUES DE ALENCAR FILHO",
        "top1_partido": "50",
        "top1_votos": 692,
        "top2_nome": "SERGIO ZVEITER",
        "top2_partido": "12",
        "top2_votos": 437,
        "top3_nome": "FRANCISCO JOSE DANGELO PINTO",
        "top3_partido": "13",
        "top3_votos": 154,
        "total_votos_validos": 5133
      },
      "geometry": {
        "type": "Point",
        "coordinates": [
          -43.0985232,
          -22.8970069
        ]
      }
    },
    {
      "type": "Feature",
      "properties": {
        "ano": 2010,
        "nr_local": "1066",
        "label": "HUGO LEAL",
        "QT_VOTOS": 46,
        "n_secoes": 11,
        "nm_local": "ITACOATIARA PAMPO CLUBE",
        "bairro": "ITACOATIARA",
        "cargo": "DEPUTADO FEDERAL",
        "total_eleitores": 4549,
        "pct_mulheres": 52.1,
        "pct_homens": 47.9,
        "pct_genero_nao_informado": 0.0,
        "pct_jovens_16_24": 14.8,
        "pct_adultos_25_59": 67.3,
        "pct_60_mais": 17.9,
        "pct_idade_nao_informado": 0.0,
        "pct_ate_fundamental": 16.8,
        "pct_ensino_medio": 46.6,
        "pct_ensino_superior": 36.4,
        "pct_escolaridade_nao_informado": 0.1,
        "top1_nome": "FRANCISCO RODRIGUES DE ALENCAR FILHO",
        "top1_partido": "50",
        "top1_votos": 477,
        "top2_nome": "SERGIO ZVEITER",
        "top2_partido": "12",
        "top2_votos": 326,
        "top3_nome": "FRANCISCO JOSE DANGELO PINTO",
        "top3_partido": "13",
        "top3_votos": 142,
        "total_votos_validos": 3271
      },
      "geometry": {
        "type": "Point",
        "coordinates": [
          -43.0332117,
          -22.9646939
        ]
      }
    },
    {
      "type": "Feature",
      "properties": {
        "ano": 2010,
        "nr_local": "1074",
        "label": "HUGO LEAL",
        "QT_VOTOS": 129,
        "n_secoes": 27,
        "nm_local": "COLEGIO ESTADUAL PAULO ASSIS RIBEIRO",
        "bairro": "BADU",
        "cargo": "DEPUTADO FEDERAL",
        "total_eleitores": 15049,
        "pct_mulheres": 53.4,
        "pct_homens": 46.5,
        "pct_genero_nao_informado": 0.0,
        "pct_jovens_16_24": 18.1,
        "pct_adultos_25_59": 67.9,
        "pct_60_mais": 14.0,
        "pct_idade_nao_informado": 0.0,
        "pct_ate_fundamental": 37.5,
        "pct_ensino_medio": 44.4,
        "pct_ensino_superior": 18.1,
        "pct_escolaridade_nao_informado": 0.0,
        "top1_nome": "SERGIO ZVEITER",
        "top1_partido": "12",
        "top1_votos": 1395,
        "top2_nome": "FRANCISCO RODRIGUES DE ALENCAR FILHO",
        "top2_partido": "50",
        "top2_votos": 836,
        "top3_nome": "FRANCISCO JOSE DANGELO PINTO",
        "top3_partido": "13",
        "top3_votos": 582,
        "total_votos_validos": 10673
      },
      "geometry": {
        "type": "Point",
        "coordinates": [
          -43.0573891,
          -22.9068537
        ]
      }
    },
    {
      "type": "Feature",
      "properties": {
        "ano": 2010,
        "nr_local": "1082",
        "label": "HUGO LEAL",
        "QT_VOTOS": 114,
        "n_secoes": 33,
        "nm_local": "UMEI DR PAULO CESAR DE ALMEIDA PIMENTEL",
        "bairro": "ITAIPU",
        "cargo": "DEPUTADO FEDERAL",
        "total_eleitores": 14897,
        "pct_mulheres": 54.7,
        "pct_homens": 45.2,
        "pct_genero_nao_informado": 0.0,
        "pct_jovens_16_24": 14.8,
        "pct_adultos_25_59": 65.0,
        "pct_60_mais": 20.2,
        "pct_idade_nao_informado": 0.0,
        "pct_ate_fundamental": 24.5,
        "pct_ensino_medio": 47.9,
        "pct_ensino_superior": 27.4,
        "pct_escolaridade_nao_informado": 0.2,
        "top1_nome": "FRANCISCO RODRIGUES DE ALENCAR FILHO",
        "top1_partido": "50",
        "top1_votos": 1207,
        "top2_nome": "SERGIO ZVEITER",
        "top2_partido": "12",
        "top2_votos": 1057,
        "top3_nome": "ANTHONY WILLIAN GAROTINHO MATHEUS DE OLIVEIRA",
        "top3_partido": "22",
        "top3_votos": 497,
        "total_votos_validos": 11768
      },
      "geometry": {
        "type": "Point",
        "coordinates": [
          -43.0327165,
          -22.9614459
        ]
      }
    },
    {
      "type": "Feature",
      "properties": {
        "ano": 2010,
        "nr_local": "1090",
        "label": "HUGO LEAL",
        "QT_VOTOS": 126,
        "n_secoes": 45,
        "nm_local": "COLÉGIO ESTADUAL PROFESSORA ALCINA RODRIGUES LIMA",
        "bairro": "ITAIPU",
        "cargo": "DEPUTADO FEDERAL",
        "total_eleitores": 16635,
        "pct_mulheres": 55.2,
        "pct_homens": 44.7,
        "pct_genero_nao_informado": 0.1,
        "pct_jovens_16_24": 15.3,
        "pct_adultos_25_59": 64.8,
        "pct_60_mais": 19.9,
        "pct_idade_nao_informado": 0.0,
        "pct_ate_fundamental": 28.5,
        "pct_ensino_medio": 43.2,
        "pct_ensino_superior": 28.1,
        "pct_escolaridade_nao_informado": 0.2,
        "top1_nome": "FRANCISCO RODRIGUES DE ALENCAR FILHO",
        "top1_partido": "50",
        "top1_votos": 1279,
        "top2_nome": "SERGIO ZVEITER",
        "top2_partido": "12",
        "top2_votos": 1160,
        "top3_nome": "ANTHONY WILLIAN GAROTINHO MATHEUS DE OLIVEIRA",
        "top3_partido": "22",
        "top3_votos": 576,
        "total_votos_validos": 11803
      },
      "geometry": {
        "type": "Point",
        "coordinates": [
          -43.0285072,
          -22.9528491
        ]
      }
    },
    {
      "type": "Feature",
      "properties": {
        "ano": 2010,
        "nr_local": "1104",
        "label": "HUGO LEAL",
        "QT_VOTOS": 120,
        "n_secoes": 18,
        "nm_local": "ESCOLA MUNICIPAL ALTIVO CESAR",
        "bairro": "BARRETO",
        "cargo": "DEPUTADO FEDERAL",
        "total_eleitores": 8770,
        "pct_mulheres": 56.3,
        "pct_homens": 43.6,
        "pct_genero_nao_informado": 0.1,
        "pct_jovens_16_24": 12.1,
        "pct_adultos_25_59": 65.3,
        "pct_60_mais": 22.6,
        "pct_idade_nao_informado": 0.0,
        "pct_ate_fundamental": 23.6,
        "pct_ensino_medio": 46.7,
        "pct_ensino_superior": 29.6,
        "pct_escolaridade_nao_informado": 0.1,
        "top1_nome": "FRANCISCO RODRIGUES DE ALENCAR FILHO",
        "top1_partido": "50",
        "top1_votos": 735,
        "top2_nome": "SERGIO ZVEITER",
        "top2_partido": "12",
        "top2_votos": 632,
        "top3_nome": "ANTHONY WILLIAN GAROTINHO MATHEUS DE OLIVEIRA",
        "top3_partido": "22",
        "top3_votos": 245,
        "total_votos_validos": 6287
      },
      "geometry": {
        "type": "Point",
        "coordinates": [
          -43.0995714,
          -22.8645343
        ]
      }
    },
    {
      "type": "Feature",
      "properties": {
        "ano": 2010,
        "nr_local": "1112",
        "label": "HUGO LEAL",
        "QT_VOTOS": 139,
        "n_secoes": 39,
        "nm_local": "COLÉGIO SALESIANO REGIÃO OCEÂNICA",
        "bairro": "PIRATININGA",
        "cargo": "DEPUTADO FEDERAL",
        "total_eleitores": 15785,
        "pct_mulheres": 55.2,
        "pct_homens": 44.8,
        "pct_genero_nao_informado": 0.1,
        "pct_jovens_16_24": 12.9,
        "pct_adultos_25_59": 66.5,
        "pct_60_mais": 20.5,
        "pct_idade_nao_informado": 0.0,
        "pct_ate_fundamental": 45.5,
        "pct_ensino_medio": 38.0,
        "pct_ensino_superior": 16.3,
        "pct_escolaridade_nao_informado": 0.1,
        "top1_nome": "SERGIO ZVEITER",
        "top1_partido": "12",
        "top1_votos": 1404,
        "top2_nome": "FRANCISCO JOSE DANGELO PINTO",
        "top2_partido": "13",
        "top2_votos": 885,
        "top3_nome": "FRANCISCO RODRIGUES DE ALENCAR FILHO",
        "top3_partido": "50",
        "top3_votos": 790,
        "total_votos_validos": 12537
      },
      "geometry": {
        "type": "Point",
        "coordinates": [
          -43.0618731,
          -22.9393022
        ]
      }
    },
    {
      "type": "Feature",
      "properties": {
        "ano": 2010,
        "nr_local": "1120",
        "label": "HUGO LEAL",
        "QT_VOTOS": 97,
        "n_secoes": 35,
        "nm_local": "COLÉGIO ESTADUAL ALMIRANTE TAMANDARÉ",
        "bairro": "PIRATININGA",
        "cargo": "DEPUTADO FEDERAL",
        "total_eleitores": 15721,
        "pct_mulheres": 55.0,
        "pct_homens": 44.9,
        "pct_genero_nao_informado": 0.1,
        "pct_jovens_16_24": 13.2,
        "pct_adultos_25_59": 64.5,
        "pct_60_mais": 22.3,
        "pct_idade_nao_informado": 0.0,
        "pct_ate_fundamental": 26.8,
        "pct_ensino_medio": 42.9,
        "pct_ensino_superior": 30.1,
        "pct_escolaridade_nao_informado": 0.2,
        "top1_nome": "FRANCISCO RODRIGUES DE ALENCAR FILHO",
        "top1_partido": "50",
        "top1_votos": 1083,
        "top2_nome": "SERGIO ZVEITER",
        "top2_partido": "12",
        "top2_votos": 957,
        "top3_nome": "FRANCISCO JOSE DANGELO PINTO",
        "top3_partido": "13",
        "top3_votos": 543,
        "total_votos_validos": 11103
      },
      "geometry": {
        "type": "Point",
        "coordinates": [
          -43.0916732,
          -22.9512083
        ]
      }
    },
    {
      "type": "Feature",
      "properties": {
        "ano": 2010,
        "nr_local": "1139",
        "label": "HUGO LEAL",
        "QT_VOTOS": 68,
        "n_secoes": 24,
        "nm_local": "ESCOLA MUNICIPAL FRANCISCO PORTUGAL NEVES",
        "bairro": "PIRATININGA",
        "cargo": "DEPUTADO FEDERAL",
        "total_eleitores": 8619,
        "pct_mulheres": 55.7,
        "pct_homens": 44.3,
        "pct_genero_nao_informado": 0.1,
        "pct_jovens_16_24": 11.0,
        "pct_adultos_25_59": 61.3,
        "pct_60_mais": 27.7,
        "pct_idade_nao_informado": 0.0,
        "pct_ate_fundamental": 32.1,
        "pct_ensino_medio": 37.1,
        "pct_ensino_superior": 30.7,
        "pct_escolaridade_nao_informado": 0.2,
        "top1_nome": "FRANCISCO RODRIGUES DE ALENCAR FILHO",
        "top1_partido": "50",
        "top1_votos": 661,
        "top2_nome": "SERGIO ZVEITER",
        "top2_partido": "12",
        "top2_votos": 594,
        "top3_nome": "FRANCISCO JOSE DANGELO PINTO",
        "top3_partido": "13",
        "top3_votos": 393,
        "total_votos_validos": 6099
      },
      "geometry": {
        "type": "Point",
        "coordinates": [
          -43.056665,
          -22.942363
        ]
      }
    },
    {
      "type": "Feature",
      "properties": {
        "ano": 2010,
        "nr_local": "1147",
        "label": "HUGO LEAL",
        "QT_VOTOS": 40,
        "n_secoes": 15,
        "nm_local": "ESCOLA MUNICIPAL VERA LUCIA MACHADO",
        "bairro": "BADU",
        "cargo": "DEPUTADO FEDERAL",
        "total_eleitores": 5452,
        "pct_mulheres": 55.3,
        "pct_homens": 44.6,
        "pct_genero_nao_informado": 0.1,
        "pct_jovens_16_24": 15.2,
        "pct_adultos_25_59": 70.9,
        "pct_60_mais": 13.9,
        "pct_idade_nao_informado": 0.0,
        "pct_ate_fundamental": 47.5,
        "pct_ensino_medio": 42.3,
        "pct_ensino_superior": 10.2,
        "pct_escolaridade_nao_informado": 0.0,
        "top1_nome": "SERGIO ZVEITER",
        "top1_partido": "12",
        "top1_votos": 477,
        "top2_nome": "ANTHONY WILLIAN GAROTINHO MATHEUS DE OLIVEIRA",
        "top2_partido": "22",
        "top2_votos": 217,
        "top3_nome": "FRANCISCO RODRIGUES DE ALENCAR FILHO",
        "top3_partido": "50",
        "top3_votos": 207,
        "total_votos_validos": 3905
      },
      "geometry": {
        "type": "Point",
        "coordinates": [
          -43.0500355,
          -22.9045
        ]
      }
    },
    {
      "type": "Feature",
      "properties": {
        "ano": 2010,
        "nr_local": "1155",
        "label": "HUGO LEAL",
        "QT_VOTOS": 74,
        "n_secoes": 25,
        "nm_local": "COLÉGIO ITAPUCA",
        "bairro": "PIRATININGA",
        "cargo": "DEPUTADO FEDERAL",
        "total_eleitores": 8044,
        "pct_mulheres": 57.0,
        "pct_homens": 42.9,
        "pct_genero_nao_informado": 0.1,
        "pct_jovens_16_24": 13.7,
        "pct_adultos_25_59": 62.7,
        "pct_60_mais": 23.6,
        "pct_idade_nao_informado": 0.0,
        "pct_ate_fundamental": 18.8,
        "pct_ensino_medio": 43.8,
        "pct_ensino_superior": 37.1,
        "pct_escolaridade_nao_informado": 0.2,
        "top1_nome": "FRANCISCO RODRIGUES DE ALENCAR FILHO",
        "top1_partido": "50",
        "top1_votos": 732,
        "top2_nome": "SERGIO ZVEITER",
        "top2_partido": "12",
        "top2_votos": 469,
        "top3_nome": "FRANCISCO JOSE DANGELO PINTO",
        "top3_partido": "13",
        "top3_votos": 381,
        "total_votos_validos": 5785
      },
      "geometry": {
        "type": "Point",
        "coordinates": [
          -43.0593249,
          -22.9437854
        ]
      }
    },
    {
      "type": "Feature",
      "properties": {
        "ano": 2010,
        "nr_local": "1163",
        "label": "HUGO LEAL",
        "QT_VOTOS": 110,
        "n_secoes": 32,
        "nm_local": "COLÉGIO ESTADUAL CONSELHEIRO MACEDO SOARES",
        "bairro": "BARRETO",
        "cargo": "DEPUTADO FEDERAL",
        "total_eleitores": 12760,
        "pct_mulheres": 55.7,
        "pct_homens": 44.3,
        "pct_genero_nao_informado": 0.1,
        "pct_jovens_16_24": 12.6,
        "pct_adultos_25_59": 63.8,
        "pct_60_mais": 23.6,
        "pct_idade_nao_informado": 0.0,
        "pct_ate_fundamental": 33.8,
        "pct_ensino_medio": 46.3,
        "pct_ensino_superior": 19.9,
        "pct_escolaridade_nao_informado": 0.1,
        "top1_nome": "SERGIO ZVEITER",
        "top1_partido": "12",
        "top1_votos": 922,
        "top2_nome": "FRANCISCO RODRIGUES DE ALENCAR FILHO",
        "top2_partido": "50",
        "top2_votos": 734,
        "top3_nome": "DILSON MALHEIROS DRUMOND",
        "top3_partido": "12",
        "top3_votos": 539,
        "total_votos_validos": 9100
      },
      "geometry": {
        "type": "Point",
        "coordinates": [
          -43.0924035,
          -22.8622231
        ]
      }
    },
    {
      "type": "Feature",
      "properties": {
        "ano": 2010,
        "nr_local": "1171",
        "label": "HUGO LEAL",
        "QT_VOTOS": 39,
        "n_secoes": 24,
        "nm_local": "ESCOLA MUNICIPAL ANTONIO COUTINHO DE AZEVEDO",
        "bairro": "SANTA BARBARA",
        "cargo": "DEPUTADO FEDERAL",
        "total_eleitores": 8167,
        "pct_mulheres": 54.4,
        "pct_homens": 45.5,
        "pct_genero_nao_informado": 0.0,
        "pct_jovens_16_24": 11.9,
        "pct_adultos_25_59": 70.0,
        "pct_60_mais": 18.1,
        "pct_idade_nao_informado": 0.0,
        "pct_ate_fundamental": 45.7,
        "pct_ensino_medio": 44.2,
        "pct_ensino_superior": 10.0,
        "pct_escolaridade_nao_informado": 0.0,
        "top1_nome": "SERGIO ZVEITER",
        "top1_partido": "12",
        "top1_votos": 635,
        "top2_nome": "ANTHONY WILLIAN GAROTINHO MATHEUS DE OLIVEIRA",
        "top2_partido": "22",
        "top2_votos": 398,
        "top3_nome": "FERNANDO LOPES DE ALMEIDA",
        "top3_partido": "15",
        "top3_votos": 365,
        "total_votos_validos": 6025
      },
      "geometry": {
        "type": "Point",
        "coordinates": [
          -43.04869,
          -22.8756043
        ]
      }
    },
    {
      "type": "Feature",
      "properties": {
        "ano": 2010,
        "nr_local": "1180",
        "label": "HUGO LEAL",
        "QT_VOTOS": 60,
        "n_secoes": 20,
        "nm_local": "ESCOLA MUNICIPAL RACHIDE DA GLORIA SALIM SAKER",
        "bairro": "SANTA BARBARA",
        "cargo": "DEPUTADO FEDERAL",
        "total_eleitores": 7813,
        "pct_mulheres": 53.5,
        "pct_homens": 46.4,
        "pct_genero_nao_informado": 0.1,
        "pct_jovens_16_24": 18.1,
        "pct_adultos_25_59": 64.5,
        "pct_60_mais": 17.4,
        "pct_idade_nao_informado": 0.0,
        "pct_ate_fundamental": 51.7,
        "pct_ensino_medio": 40.3,
        "pct_ensino_superior": 7.9,
        "pct_escolaridade_nao_informado": 0.1,
        "top1_nome": "SERGIO ZVEITER",
        "top1_partido": "12",
        "top1_votos": 687,
        "top2_nome": "ANTHONY WILLIAN GAROTINHO MATHEUS DE OLIVEIRA",
        "top2_partido": "22",
        "top2_votos": 412,
        "top3_nome": "FERNANDO LOPES DE ALMEIDA",
        "top3_partido": "15",
        "top3_votos": 359,
        "total_votos_validos": 5799
      },
      "geometry": {
        "type": "Point",
        "coordinates": [
          -43.0488967,
          -22.8766134
        ]
      }
    },
    {
      "type": "Feature",
      "properties": {
        "ano": 2010,
        "nr_local": "1198",
        "label": "HUGO LEAL",
        "QT_VOTOS": 54,
        "n_secoes": 18,
        "nm_local": "CIEP 448 RUY FRAZÃO SOARES",
        "bairro": "ITAIPU",
        "cargo": "DEPUTADO FEDERAL",
        "total_eleitores": 8130,
        "pct_mulheres": 53.0,
        "pct_homens": 46.9,
        "pct_genero_nao_informado": 0.0,
        "pct_jovens_16_24": 19.1,
        "pct_adultos_25_59": 68.6,
        "pct_60_mais": 12.3,
        "pct_idade_nao_informado": 0.0,
        "pct_ate_fundamental": 43.3,
        "pct_ensino_medio": 42.3,
        "pct_ensino_superior": 14.4,
        "pct_escolaridade_nao_informado": 0.0,
        "top1_nome": "SERGIO ZVEITER",
        "top1_partido": "12",
        "top1_votos": 932,
        "top2_nome": "ANTHONY WILLIAN GAROTINHO MATHEUS DE OLIVEIRA",
        "top2_partido": "22",
        "top2_votos": 398,
        "top3_nome": "FRANCISCO RODRIGUES DE ALENCAR FILHO",
        "top3_partido": "50",
        "top3_votos": 390,
        "total_votos_validos": 5870
      },
      "geometry": {
        "type": "Point",
        "coordinates": [
          -43.0092644,
          -22.9356576
        ]
      }
    },
    {
      "type": "Feature",
      "properties": {
        "ano": 2010,
        "nr_local": "1201",
        "label": "HUGO LEAL",
        "QT_VOTOS": 46,
        "n_secoes": 14,
        "nm_local": "OFICINAS DO SENAI",
        "bairro": "BARRETO",
        "cargo": "DEPUTADO FEDERAL",
        "total_eleitores": 4688,
        "pct_mulheres": 53.8,
        "pct_homens": 46.2,
        "pct_genero_nao_informado": 0.1,
        "pct_jovens_16_24": 10.7,
        "pct_adultos_25_59": 69.2,
        "pct_60_mais": 20.1,
        "pct_idade_nao_informado": 0.0,
        "pct_ate_fundamental": 29.1,
        "pct_ensino_medio": 44.0,
        "pct_ensino_superior": 26.8,
        "pct_escolaridade_nao_informado": 0.1,
        "top1_nome": "FRANCISCO RODRIGUES DE ALENCAR FILHO",
        "top1_partido": "50",
        "top1_votos": 410,
        "top2_nome": "SERGIO ZVEITER",
        "top2_partido": "12",
        "top2_votos": 357,
        "top3_nome": "ANTHONY WILLIAN GAROTINHO MATHEUS DE OLIVEIRA",
        "top3_partido": "22",
        "top3_votos": 155,
        "total_votos_validos": 3821
      },
      "geometry": {
        "type": "Point",
        "coordinates": [
          -43.1026046,
          -22.8614396
        ]
      }
    },
    {
      "type": "Feature",
      "properties": {
        "ano": 2010,
        "nr_local": "1210",
        "label": "HUGO LEAL",
        "QT_VOTOS": 42,
        "n_secoes": 13,
        "nm_local": "TIO SAM ESPORTE CLUBE",
        "bairro": "BARRETO",
        "cargo": "DEPUTADO FEDERAL",
        "total_eleitores": 7142,
        "pct_mulheres": 53.9,
        "pct_homens": 45.9,
        "pct_genero_nao_informado": 0.2,
        "pct_jovens_16_24": 15.3,
        "pct_adultos_25_59": 68.2,
        "pct_60_mais": 16.5,
        "pct_idade_nao_informado": 0.0,
        "pct_ate_fundamental": 40.7,
        "pct_ensino_medio": 47.0,
        "pct_ensino_superior": 12.1,
        "pct_escolaridade_nao_informado": 0.2,
        "top1_nome": "SERGIO ZVEITER",
        "top1_partido": "12",
        "top1_votos": 695,
        "top2_nome": "ANTHONY WILLIAN GAROTINHO MATHEUS DE OLIVEIRA",
        "top2_partido": "22",
        "top2_votos": 342,
        "top3_nome": "FRANCISCO RODRIGUES DE ALENCAR FILHO",
        "top3_partido": "50",
        "top3_votos": 253,
        "total_votos_validos": 5075
      },
      "geometry": {
        "type": "Point",
        "coordinates": [
          -43.104502,
          -22.8719306
        ]
      }
    },
    {
      "type": "Feature",
      "properties": {
        "ano": 2010,
        "nr_local": "1236",
        "label": "HUGO LEAL",
        "QT_VOTOS": 85,
        "n_secoes": 35,
        "nm_local": "COLÉGIO ESTADUAL MULLULO DA VEIGA",
        "bairro": "ENGENHOCA",
        "cargo": "DEPUTADO FEDERAL",
        "total_eleitores": 10396,
        "pct_mulheres": 54.4,
        "pct_homens": 45.5,
        "pct_genero_nao_informado": 0.1,
        "pct_jovens_16_24": 11.2,
        "pct_adultos_25_59": 69.1,
        "pct_60_mais": 19.7,
        "pct_idade_nao_informado": 0.0,
        "pct_ate_fundamental": 45.5,
        "pct_ensino_medio": 44.7,
        "pct_ensino_superior": 9.7,
        "pct_escolaridade_nao_informado": 0.0,
        "top1_nome": "SERGIO ZVEITER",
        "top1_partido": "12",
        "top1_votos": 1344,
        "top2_nome": "ANTHONY WILLIAN GAROTINHO MATHEUS DE OLIVEIRA",
        "top2_partido": "22",
        "top2_votos": 464,
        "top3_nome": "FRANCISCO RODRIGUES DE ALENCAR FILHO",
        "top3_partido": "50",
        "top3_votos": 325,
        "total_votos_validos": 7516
      },
      "geometry": {
        "type": "Point",
        "coordinates": [
          -43.0988892,
          -22.8708282
        ]
      }
    },
    {
      "type": "Feature",
      "properties": {
        "ano": 2010,
        "nr_local": "1244",
        "label": "HUGO LEAL",
        "QT_VOTOS": 79,
        "n_secoes": 27,
        "nm_local": "ESCOLA ESTADUAL MANUEL DE ABREU",
        "bairro": "ICARAÍ",
        "cargo": "DEPUTADO FEDERAL",
        "total_eleitores": 10231,
        "pct_mulheres": 56.4,
        "pct_homens": 43.6,
        "pct_genero_nao_informado": 0.1,
        "pct_jovens_16_24": 12.6,
        "pct_adultos_25_59": 67.3,
        "pct_60_mais": 20.1,
        "pct_idade_nao_informado": 0.0,
        "pct_ate_fundamental": 20.1,
        "pct_ensino_medio": 42.7,
        "pct_ensino_superior": 37.1,
        "pct_escolaridade_nao_informado": 0.2,
        "top1_nome": "FRANCISCO RODRIGUES DE ALENCAR FILHO",
        "top1_partido": "50",
        "top1_votos": 1016,
        "top2_nome": "SERGIO ZVEITER",
        "top2_partido": "12",
        "top2_votos": 601,
        "top3_nome": "FRANCISCO JOSE DANGELO PINTO",
        "top3_partido": "13",
        "top3_votos": 404,
        "total_votos_validos": 7360
      },
      "geometry": {
        "type": "Point",
        "coordinates": [
          -43.1071569,
          -22.9023086
        ]
      }
    },
    {
      "type": "Feature",
      "properties": {
        "ano": 2010,
        "nr_local": "1252",
        "label": "HUGO LEAL",
        "QT_VOTOS": 60,
        "n_secoes": 15,
        "nm_local": "ESCOLA MUNICIPAL ADELINO MAGALHÃES",
        "bairro": "ENGENHOCA",
        "cargo": "DEPUTADO FEDERAL",
        "total_eleitores": 7507,
        "pct_mulheres": 53.9,
        "pct_homens": 46.0,
        "pct_genero_nao_informado": 0.1,
        "pct_jovens_16_24": 14.1,
        "pct_adultos_25_59": 67.6,
        "pct_60_mais": 18.3,
        "pct_idade_nao_informado": 0.0,
        "pct_ate_fundamental": 49.6,
        "pct_ensino_medio": 36.1,
        "pct_ensino_superior": 14.2,
        "pct_escolaridade_nao_informado": 0.1,
        "top1_nome": "SERGIO ZVEITER",
        "top1_partido": "12",
        "top1_votos": 856,
        "top2_nome": "DILSON MALHEIROS DRUMOND",
        "top2_partido": "12",
        "top2_votos": 501,
        "top3_nome": "ANTHONY WILLIAN GAROTINHO MATHEUS DE OLIVEIRA",
        "top3_partido": "22",
        "top3_votos": 391,
        "total_votos_validos": 5565
      },
      "geometry": {
        "type": "Point",
        "coordinates": [
          -43.0944571,
          -22.8739038
        ]
      }
    },
    {
      "type": "Feature",
      "properties": {
        "ano": 2010,
        "nr_local": "1260",
        "label": "HUGO LEAL",
        "QT_VOTOS": 50,
        "n_secoes": 19,
        "nm_local": "INSTITUTO ABEL",
        "bairro": "ICARAÍ",
        "cargo": "DEPUTADO FEDERAL",
        "total_eleitores": 7481,
        "pct_mulheres": 54.7,
        "pct_homens": 45.2,
        "pct_genero_nao_informado": 0.1,
        "pct_jovens_16_24": 14.0,
        "pct_adultos_25_59": 66.7,
        "pct_60_mais": 19.3,
        "pct_idade_nao_informado": 0.0,
        "pct_ate_fundamental": 12.4,
        "pct_ensino_medio": 47.4,
        "pct_ensino_superior": 40.2,
        "pct_escolaridade_nao_informado": 0.1,
        "top1_nome": "FRANCISCO RODRIGUES DE ALENCAR FILHO",
        "top1_partido": "50",
        "top1_votos": 881,
        "top2_nome": "SERGIO ZVEITER",
        "top2_partido": "12",
        "top2_votos": 389,
        "top3_nome": "FRANCISCO JOSE DANGELO PINTO",
        "top3_partido": "13",
        "top3_votos": 186,
        "total_votos_validos": 5365
      },
      "geometry": {
        "type": "Point",
        "coordinates": [
          -43.1094942,
          -22.9004168
        ]
      }
    },
    {
      "type": "Feature",
      "properties": {
        "ano": 2010,
        "nr_local": "1279",
        "label": "HUGO LEAL",
        "QT_VOTOS": 30,
        "n_secoes": 9,
        "nm_local": "INSTITUTO FOKUS (ANTIGO INTERAÇÃO CRECHE ESCOLA)",
        "bairro": "CAMBOINHAS",
        "cargo": "DEPUTADO FEDERAL",
        "total_eleitores": 2866,
        "pct_mulheres": 57.4,
        "pct_homens": 42.5,
        "pct_genero_nao_informado": 0.1,
        "pct_jovens_16_24": 19.2,
        "pct_adultos_25_59": 61.2,
        "pct_60_mais": 19.5,
        "pct_idade_nao_informado": 0.0,
        "pct_ate_fundamental": 22.7,
        "pct_ensino_medio": 41.7,
        "pct_ensino_superior": 35.5,
        "pct_escolaridade_nao_informado": 0.1,
        "top1_nome": "FRANCISCO RODRIGUES DE ALENCAR FILHO",
        "top1_partido": "50",
        "top1_votos": 249,
        "top2_nome": "SERGIO ZVEITER",
        "top2_partido": "12",
        "top2_votos": 182,
        "top3_nome": "JAIR MESSIAS BOLSONARO",
        "top3_partido": "11",
        "top3_votos": 78,
        "total_votos_validos": 2083
      },
      "geometry": {
        "type": "Point",
        "coordinates": [
          -43.062822,
          -22.9542456
        ]
      }
    },
    {
      "type": "Feature",
      "properties": {
        "ano": 2010,
        "nr_local": "1287",
        "label": "HUGO LEAL",
        "QT_VOTOS": 1,
        "n_secoes": 1,
        "nm_local": "ESCOLA MUNICIPAL PROF MARCOS WALDEMAR DE FREITAS REIS",
        "bairro": "ITAIPU",
        "cargo": "DEPUTADO FEDERAL",
        "total_eleitores": 78,
        "pct_mulheres": 55.1,
        "pct_homens": 44.9,
        "pct_genero_nao_informado": 0.0,
        "pct_jovens_16_24": 33.3,
        "pct_adultos_25_59": 64.1,
        "pct_60_mais": 2.6,
        "pct_idade_nao_informado": 0.0,
        "pct_ate_fundamental": 11.5,
        "pct_ensino_medio": 41.0,
        "pct_ensino_superior": 47.4,
        "pct_escolaridade_nao_informado": 0.0,
        "top1_nome": "SERGIO ZVEITER",
        "top1_partido": "12",
        "top1_votos": 8,
        "top2_nome": "FRANCISCO JOSE DANGELO PINTO",
        "top2_partido": "13",
        "top2_votos": 4,
        "top3_nome": "MARCELO ZATURANSKY NOGUEIRA ITAGIBA",
        "top3_partido": "45",
        "top3_votos": 4,
        "total_votos_validos": 65
      },
      "geometry": {
        "type": "Point",
        "coordinates": [
          -43.0330724,
          -22.9615628
        ]
      }
    },
    {
      "type": "Feature",
      "properties": {
        "ano": 2010,
        "nr_local": "1295",
        "label": "HUGO LEAL",
        "QT_VOTOS": 57,
        "n_secoes": 20,
        "nm_local": "UMEI PROFA ODETE ROSA DA MOTA",
        "bairro": "ITAIPU",
        "cargo": "DEPUTADO FEDERAL",
        "total_eleitores": 7899,
        "pct_mulheres": 55.2,
        "pct_homens": 44.7,
        "pct_genero_nao_informado": 0.1,
        "pct_jovens_16_24": 14.5,
        "pct_adultos_25_59": 63.6,
        "pct_60_mais": 21.9,
        "pct_idade_nao_informado": 0.0,
        "pct_ate_fundamental": 26.6,
        "pct_ensino_medio": 45.5,
        "pct_ensino_superior": 27.8,
        "pct_escolaridade_nao_informado": 0.1,
        "top1_nome": "FRANCISCO RODRIGUES DE ALENCAR FILHO",
        "top1_partido": "50",
        "top1_votos": 619,
        "top2_nome": "SERGIO ZVEITER",
        "top2_partido": "12",
        "top2_votos": 433,
        "top3_nome": "FRANCISCO JOSE DANGELO PINTO",
        "top3_partido": "13",
        "top3_votos": 249,
        "total_votos_validos": 5417
      },
      "geometry": {
        "type": "Point",
        "coordinates": [
          -43.02859,
          -22.9532368
        ]
      }
    },
    {
      "type": "Feature",
      "properties": {
        "ano": 2010,
        "nr_local": "1309",
        "label": "HUGO LEAL",
        "QT_VOTOS": 39,
        "n_secoes": 14,
        "nm_local": "CURSO MARLY CURY",
        "bairro": "SANTA ROSA",
        "cargo": "DEPUTADO FEDERAL",
        "total_eleitores": 6556,
        "pct_mulheres": 54.9,
        "pct_homens": 45.1,
        "pct_genero_nao_informado": 0.1,
        "pct_jovens_16_24": 13.9,
        "pct_adultos_25_59": 69.1,
        "pct_60_mais": 17.1,
        "pct_idade_nao_informado": 0.0,
        "pct_ate_fundamental": 31.1,
        "pct_ensino_medio": 45.6,
        "pct_ensino_superior": 23.2,
        "pct_escolaridade_nao_informado": 0.1,
        "top1_nome": "SERGIO ZVEITER",
        "top1_partido": "12",
        "top1_votos": 686,
        "top2_nome": "FRANCISCO RODRIGUES DE ALENCAR FILHO",
        "top2_partido": "50",
        "top2_votos": 524,
        "top3_nome": "JULIO LUIZ BAPTISTA LOPES",
        "top3_partido": "11",
        "top3_votos": 207,
        "total_votos_validos": 4834
      },
      "geometry": {
        "type": "Point",
        "coordinates": [
          -43.1019227,
          -22.9054777
        ]
      }
    },
    {
      "type": "Feature",
      "properties": {
        "ano": 2010,
        "nr_local": "1317",
        "label": "HUGO LEAL",
        "QT_VOTOS": 54,
        "n_secoes": 12,
        "nm_local": "ESCOLA ESTADUAL BALTAZAR BERNARDINO",
        "bairro": "SANTA ROSA",
        "cargo": "DEPUTADO FEDERAL",
        "total_eleitores": 4381,
        "pct_mulheres": 55.8,
        "pct_homens": 44.1,
        "pct_genero_nao_informado": 0.0,
        "pct_jovens_16_24": 13.6,
        "pct_adultos_25_59": 67.3,
        "pct_60_mais": 19.2,
        "pct_idade_nao_informado": 0.0,
        "pct_ate_fundamental": 25.0,
        "pct_ensino_medio": 47.5,
        "pct_ensino_superior": 27.4,
        "pct_escolaridade_nao_informado": 0.0,
        "top1_nome": "SERGIO ZVEITER",
        "top1_partido": "12",
        "top1_votos": 347,
        "top2_nome": "FRANCISCO RODRIGUES DE ALENCAR FILHO",
        "top2_partido": "50",
        "top2_votos": 329,
        "top3_nome": "FRANCISCO JOSE DANGELO PINTO",
        "top3_partido": "13",
        "top3_votos": 127,
        "total_votos_validos": 3227
      },
      "geometry": {
        "type": "Point",
        "coordinates": [
          -43.1012931,
          -22.9032359
        ]
      }
    },
    {
      "type": "Feature",
      "properties": {
        "ano": 2010,
        "nr_local": "1325",
        "label": "HUGO LEAL",
        "QT_VOTOS": 52,
        "n_secoes": 17,
        "nm_local": "ESCOLA MUNICIPAL SÍTIO DO IPÊ",
        "bairro": "MARIA PAULA",
        "cargo": "DEPUTADO FEDERAL",
        "total_eleitores": 7630,
        "pct_mulheres": 55.5,
        "pct_homens": 44.4,
        "pct_genero_nao_informado": 0.1,
        "pct_jovens_16_24": 16.0,
        "pct_adultos_25_59": 65.1,
        "pct_60_mais": 18.8,
        "pct_idade_nao_informado": 0.0,
        "pct_ate_fundamental": 44.6,
        "pct_ensino_medio": 42.5,
        "pct_ensino_superior": 12.8,
        "pct_escolaridade_nao_informado": 0.1,
        "top1_nome": "SERGIO ZVEITER",
        "top1_partido": "12",
        "top1_votos": 776,
        "top2_nome": "FRANCISCO RODRIGUES DE ALENCAR FILHO",
        "top2_partido": "50",
        "top2_votos": 354,
        "top3_nome": "ANTHONY WILLIAN GAROTINHO MATHEUS DE OLIVEIRA",
        "top3_partido": "22",
        "top3_votos": 286,
        "total_votos_validos": 5545
      },
      "geometry": {
        "type": "Point",
        "coordinates": [
          -43.0267087,
          -22.8821134
        ]
      }
    },
    {
      "type": "Feature",
      "properties": {
        "ano": 2010,
        "nr_local": "1333",
        "label": "HUGO LEAL",
        "QT_VOTOS": 71,
        "n_secoes": 24,
        "nm_local": "ESCOLA ME NINAR",
        "bairro": "ITAIPU",
        "cargo": "DEPUTADO FEDERAL",
        "total_eleitores": 7741,
        "pct_mulheres": 56.8,
        "pct_homens": 43.1,
        "pct_genero_nao_informado": 0.1,
        "pct_jovens_16_24": 8.9,
        "pct_adultos_25_59": 64.4,
        "pct_60_mais": 26.7,
        "pct_idade_nao_informado": 0.0,
        "pct_ate_fundamental": 18.1,
        "pct_ensino_medio": 43.0,
        "pct_ensino_superior": 38.6,
        "pct_escolaridade_nao_informado": 0.2,
        "top1_nome": "FRANCISCO RODRIGUES DE ALENCAR FILHO",
        "top1_partido": "50",
        "top1_votos": 824,
        "top2_nome": "SERGIO ZVEITER",
        "top2_partido": "12",
        "top2_votos": 403,
        "top3_nome": "FRANCISCO JOSE DANGELO PINTO",
        "top3_partido": "13",
        "top3_votos": 247,
        "total_votos_validos": 5586
      },
      "geometry": {
        "type": "Point",
        "coordinates": [
          -43.0442198,
          -22.9408099
        ]
      }
    },
    {
      "type": "Feature",
      "properties": {
        "ano": 2010,
        "nr_local": "1350",
        "label": "HUGO LEAL",
        "QT_VOTOS": 20,
        "n_secoes": 6,
        "nm_local": "ESCOLA MUNICIPAL MARALEGRE",
        "bairro": "CAFUBÁ",
        "cargo": "DEPUTADO FEDERAL",
        "total_eleitores": 2003,
        "pct_mulheres": 53.2,
        "pct_homens": 46.8,
        "pct_genero_nao_informado": 0.0,
        "pct_jovens_16_24": 11.4,
        "pct_adultos_25_59": 66.9,
        "pct_60_mais": 21.7,
        "pct_idade_nao_informado": 0.0,
        "pct_ate_fundamental": 46.7,
        "pct_ensino_medio": 45.2,
        "pct_ensino_superior": 8.0,
        "pct_escolaridade_nao_informado": 0.0,
        "top1_nome": "SERGIO ZVEITER",
        "top1_partido": "12",
        "top1_votos": 260,
        "top2_nome": "ANTHONY WILLIAN GAROTINHO MATHEUS DE OLIVEIRA",
        "top2_partido": "22",
        "top2_votos": 71,
        "top3_nome": "ALEXANDRE JOSE DOS SANTOS",
        "top3_partido": "15",
        "top3_votos": 66,
        "total_votos_validos": 1458
      },
      "geometry": {
        "type": "Point",
        "coordinates": [
          -43.0724233,
          -22.9362723
        ]
      }
    },
    {
      "type": "Feature",
      "properties": {
        "ano": 2010,
        "nr_local": "1368",
        "label": "HUGO LEAL",
        "QT_VOTOS": 63,
        "n_secoes": 18,
        "nm_local": "INSTITUTO SÃO JOSÉ",
        "bairro": "SANTA ROSA",
        "cargo": "DEPUTADO FEDERAL",
        "total_eleitores": 7383,
        "pct_mulheres": 55.8,
        "pct_homens": 44.1,
        "pct_genero_nao_informado": 0.1,
        "pct_jovens_16_24": 16.0,
        "pct_adultos_25_59": 67.8,
        "pct_60_mais": 16.3,
        "pct_idade_nao_informado": 0.0,
        "pct_ate_fundamental": 43.0,
        "pct_ensino_medio": 37.7,
        "pct_ensino_superior": 19.3,
        "pct_escolaridade_nao_informado": 0.0,
        "top1_nome": "SERGIO ZVEITER",
        "top1_partido": "12",
        "top1_votos": 852,
        "top2_nome": "FRANCISCO RODRIGUES DE ALENCAR FILHO",
        "top2_partido": "50",
        "top2_votos": 424,
        "top3_nome": "FRANCISCO JOSE DANGELO PINTO",
        "top3_partido": "13",
        "top3_votos": 365,
        "total_votos_validos": 5421
      },
      "geometry": {
        "type": "Point",
        "coordinates": [
          -43.1018878,
          -22.901754
        ]
      }
    },
    {
      "type": "Feature",
      "properties": {
        "ano": 2010,
        "nr_local": "1376",
        "label": "HUGO LEAL",
        "QT_VOTOS": 23,
        "n_secoes": 7,
        "nm_local": "UNIVERSIDADE SALGADO DE OLIVEIRA - BL A",
        "bairro": null,
        "cargo": "DEPUTADO FEDERAL",
        "total_eleitores": 2769,
        "pct_mulheres": 55.4,
        "pct_homens": 44.5,
        "pct_genero_nao_informado": 0.1,
        "pct_jovens_16_24": 12.1,
        "pct_adultos_25_59": 67.3,
        "pct_60_mais": 20.5,
        "pct_idade_nao_informado": 0.0,
        "pct_ate_fundamental": 41.0,
        "pct_ensino_medio": 42.7,
        "pct_ensino_superior": 16.2,
        "pct_escolaridade_nao_informado": 0.1,
        "top1_nome": "SERGIO ZVEITER",
        "top1_partido": "12",
        "top1_votos": 235,
        "top2_nome": "FRANCISCO RODRIGUES DE ALENCAR FILHO",
        "top2_partido": "50",
        "top2_votos": 123,
        "top3_nome": "ANTHONY WILLIAN GAROTINHO MATHEUS DE OLIVEIRA",
        "top3_partido": "22",
        "top3_votos": 121,
        "total_votos_validos": 1977
      },
      "geometry": {
        "type": "Point",
        "coordinates": [
          -43.1221924,
          -22.8898672
        ]
      }
    },
    {
      "type": "Feature",
      "properties": {
        "ano": 2010,
        "nr_local": "1384",
        "label": "HUGO LEAL",
        "QT_VOTOS": 23,
        "n_secoes": 10,
        "nm_local": "UMEI OLGA BENÁRIO PRESTES",
        "bairro": "ENGENHO DO MATO",
        "cargo": "DEPUTADO FEDERAL",
        "total_eleitores": 3806,
        "pct_mulheres": 54.3,
        "pct_homens": 45.7,
        "pct_genero_nao_informado": 0.0,
        "pct_jovens_16_24": 18.4,
        "pct_adultos_25_59": 65.2,
        "pct_60_mais": 16.4,
        "pct_idade_nao_informado": 0.0,
        "pct_ate_fundamental": 33.9,
        "pct_ensino_medio": 49.6,
        "pct_ensino_superior": 16.5,
        "pct_escolaridade_nao_informado": 0.0,
        "top1_nome": "SERGIO ZVEITER",
        "top1_partido": "12",
        "top1_votos": 267,
        "top2_nome": "FRANCISCO RODRIGUES DE ALENCAR FILHO",
        "top2_partido": "50",
        "top2_votos": 219,
        "top3_nome": "ANTHONY WILLIAN GAROTINHO MATHEUS DE OLIVEIRA",
        "top3_partido": "22",
        "top3_votos": 160,
        "total_votos_validos": 2673
      },
      "geometry": {
        "type": "Point",
        "coordinates": [
          -43.0086653,
          -22.9354086
        ]
      }
    },
    {
      "type": "Feature",
      "properties": {
        "ano": 2010,
        "nr_local": "1392",
        "label": "HUGO LEAL",
        "QT_VOTOS": 46,
        "n_secoes": 13,
        "nm_local": "FACULDADE DE VETERINARIA DA UFF",
        "bairro": "VITAL BRASIL",
        "cargo": "DEPUTADO FEDERAL",
        "total_eleitores": 5081,
        "pct_mulheres": 55.9,
        "pct_homens": 44.1,
        "pct_genero_nao_informado": 0.0,
        "pct_jovens_16_24": 11.7,
        "pct_adultos_25_59": 71.3,
        "pct_60_mais": 17.1,
        "pct_idade_nao_informado": 0.0,
        "pct_ate_fundamental": 22.0,
        "pct_ensino_medio": 45.8,
        "pct_ensino_superior": 32.2,
        "pct_escolaridade_nao_informado": 0.0,
        "top1_nome": "FRANCISCO RODRIGUES DE ALENCAR FILHO",
        "top1_partido": "50",
        "top1_votos": 444,
        "top2_nome": "SERGIO ZVEITER",
        "top2_partido": "12",
        "top2_votos": 274,
        "top3_nome": "FRANCISCO JOSE DANGELO PINTO",
        "top3_partido": "13",
        "top3_votos": 163,
        "total_votos_validos": 3598
      },
      "geometry": {
        "type": "Point",
        "coordinates": [
          -43.098407,
          -22.904908
        ]
      }
    },
    {
      "type": "Feature",
      "properties": {
        "ano": 2010,
        "nr_local": "1406",
        "label": "HUGO LEAL",
        "QT_VOTOS": 47,
        "n_secoes": 15,
        "nm_local": "COLÉGIO NITERÓI",
        "bairro": "ENGENHOCA",
        "cargo": "DEPUTADO FEDERAL",
        "total_eleitores": 5960,
        "pct_mulheres": 56.0,
        "pct_homens": 44.0,
        "pct_genero_nao_informado": 0.1,
        "pct_jovens_16_24": 16.8,
        "pct_adultos_25_59": 63.1,
        "pct_60_mais": 20.1,
        "pct_idade_nao_informado": 0.0,
        "pct_ate_fundamental": 29.0,
        "pct_ensino_medio": 49.8,
        "pct_ensino_superior": 21.2,
        "pct_escolaridade_nao_informado": 0.0,
        "top1_nome": "SERGIO ZVEITER",
        "top1_partido": "12",
        "top1_votos": 495,
        "top2_nome": "FRANCISCO RODRIGUES DE ALENCAR FILHO",
        "top2_partido": "50",
        "top2_votos": 437,
        "top3_nome": "ANTHONY WILLIAN GAROTINHO MATHEUS DE OLIVEIRA",
        "top3_partido": "22",
        "top3_votos": 195,
        "total_votos_validos": 4269
      },
      "geometry": {
        "type": "Point",
        "coordinates": [
          -43.1018717,
          -22.8706133
        ]
      }
    },
    {
      "type": "Feature",
      "properties": {
        "ano": 2010,
        "nr_local": "1414",
        "label": "HUGO LEAL",
        "QT_VOTOS": 19,
        "n_secoes": 6,
        "nm_local": "UNIVERSIDADE SALGADO DE OLIVEIRA - BL B (PRÓXIMO AO GUANABARA)",
        "bairro": "CENTRO",
        "cargo": "DEPUTADO FEDERAL",
        "total_eleitores": 2089,
        "pct_mulheres": 55.0,
        "pct_homens": 44.8,
        "pct_genero_nao_informado": 0.2,
        "pct_jovens_16_24": 11.4,
        "pct_adultos_25_59": 68.2,
        "pct_60_mais": 20.4,
        "pct_idade_nao_informado": 0.0,
        "pct_ate_fundamental": 33.4,
        "pct_ensino_medio": 51.4,
        "pct_ensino_superior": 15.2,
        "pct_escolaridade_nao_informado": 0.0,
        "top1_nome": "FRANCISCO JOSE DANGELO PINTO",
        "top1_partido": "13",
        "top1_votos": 139,
        "top2_nome": "SERGIO ZVEITER",
        "top2_partido": "12",
        "top2_votos": 132,
        "top3_nome": "ANTHONY WILLIAN GAROTINHO MATHEUS DE OLIVEIRA",
        "top3_partido": "22",
        "top3_votos": 95,
        "total_votos_validos": 1523
      },
      "geometry": {
        "type": "Point",
        "coordinates": [
          -43.1172001,
          -22.8893447
        ]
      }
    },
    {
      "type": "Feature",
      "properties": {
        "ano": 2010,
        "nr_local": "1422",
        "label": "HUGO LEAL",
        "QT_VOTOS": 12,
        "n_secoes": 3,
        "nm_local": "CLUBE PORTUGUES DE NITEROI",
        "bairro": "SÃO DOMINGOS",
        "cargo": "DEPUTADO FEDERAL",
        "total_eleitores": 1557,
        "pct_mulheres": 55.9,
        "pct_homens": 44.1,
        "pct_genero_nao_informado": 0.0,
        "pct_jovens_16_24": 11.4,
        "pct_adultos_25_59": 68.5,
        "pct_60_mais": 20.0,
        "pct_idade_nao_informado": 0.0,
        "pct_ate_fundamental": 48.0,
        "pct_ensino_medio": 44.4,
        "pct_ensino_superior": 7.6,
        "pct_escolaridade_nao_informado": 0.0,
        "top1_nome": "SERGIO ZVEITER",
        "top1_partido": "12",
        "top1_votos": 117,
        "top2_nome": "ANTHONY WILLIAN GAROTINHO MATHEUS DE OLIVEIRA",
        "top2_partido": "22",
        "top2_votos": 67,
        "top3_nome": "FRANCISCO JOSE DANGELO PINTO",
        "top3_partido": "13",
        "top3_votos": 64,
        "total_votos_validos": 1166
      },
      "geometry": {
        "type": "Point",
        "coordinates": [
          -43.1274594,
          -22.9021482
        ]
      }
    },
    {
      "type": "Feature",
      "properties": {
        "ano": 2010,
        "nr_local": "1449",
        "label": "HUGO LEAL",
        "QT_VOTOS": 51,
        "n_secoes": 16,
        "nm_local": "CIEP 450 - BADU",
        "bairro": "BADU",
        "cargo": "DEPUTADO FEDERAL",
        "total_eleitores": 6769,
        "pct_mulheres": 54.1,
        "pct_homens": 45.8,
        "pct_genero_nao_informado": 0.1,
        "pct_jovens_16_24": 12.8,
        "pct_adultos_25_59": 71.3,
        "pct_60_mais": 15.9,
        "pct_idade_nao_informado": 0.0,
        "pct_ate_fundamental": 60.5,
        "pct_ensino_medio": 33.2,
        "pct_ensino_superior": 6.1,
        "pct_escolaridade_nao_informado": 0.2,
        "top1_nome": "SERGIO ZVEITER",
        "top1_partido": "12",
        "top1_votos": 828,
        "top2_nome": "ANTHONY WILLIAN GAROTINHO MATHEUS DE OLIVEIRA",
        "top2_partido": "22",
        "top2_votos": 361,
        "top3_nome": "FRANCISCO JOSE DANGELO PINTO",
        "top3_partido": "13",
        "top3_votos": 287,
        "total_votos_validos": 4972
      },
      "geometry": {
        "type": "Point",
        "coordinates": [
          -43.0566124,
          -22.9071974
        ]
      }
    },
    {
      "type": "Feature",
      "properties": {
        "ano": 2010,
        "nr_local": "1457",
        "label": "HUGO LEAL",
        "QT_VOTOS": 16,
        "n_secoes": 8,
        "nm_local": "ÁGUAS DE NITEROI",
        "bairro": "CENTRO",
        "cargo": "DEPUTADO FEDERAL",
        "total_eleitores": 3403,
        "pct_mulheres": 53.3,
        "pct_homens": 46.7,
        "pct_genero_nao_informado": 0.0,
        "pct_jovens_16_24": 11.0,
        "pct_adultos_25_59": 75.0,
        "pct_60_mais": 13.9,
        "pct_idade_nao_informado": 0.0,
        "pct_ate_fundamental": 62.1,
        "pct_ensino_medio": 35.3,
        "pct_ensino_superior": 2.6,
        "pct_escolaridade_nao_informado": 0.0,
        "top1_nome": "ANTHONY WILLIAN GAROTINHO MATHEUS DE OLIVEIRA",
        "top1_partido": "22",
        "top1_votos": 285,
        "top2_nome": "SERGIO ZVEITER",
        "top2_partido": "12",
        "top2_votos": 257,
        "top3_nome": "FRANCISCO JOSE DANGELO PINTO",
        "top3_partido": "13",
        "top3_votos": 158,
        "total_votos_validos": 2470
      },
      "geometry": {
        "type": "Point",
        "coordinates": [
          -43.1141378,
          -22.8915411
        ]
      }
    },
    {
      "type": "Feature",
      "properties": {
        "ano": 2010,
        "nr_local": "1465",
        "label": "HUGO LEAL",
        "QT_VOTOS": 7,
        "n_secoes": 4,
        "nm_local": "CENTRO UNIVERSITÁRIO ANHANGUERA (ANTIGO PLÍNIO LEITE)",
        "bairro": "CENTRO",
        "cargo": "DEPUTADO FEDERAL",
        "total_eleitores": 2621,
        "pct_mulheres": 53.3,
        "pct_homens": 46.5,
        "pct_genero_nao_informado": 0.2,
        "pct_jovens_16_24": 14.9,
        "pct_adultos_25_59": 68.3,
        "pct_60_mais": 16.7,
        "pct_idade_nao_informado": 0.0,
        "pct_ate_fundamental": 52.5,
        "pct_ensino_medio": 43.1,
        "pct_ensino_superior": 4.5,
        "pct_escolaridade_nao_informado": 0.0,
        "top1_nome": "ANTHONY WILLIAN GAROTINHO MATHEUS DE OLIVEIRA",
        "top1_partido": "22",
        "top1_votos": 175,
        "top2_nome": "SERGIO ZVEITER",
        "top2_partido": "12",
        "top2_votos": 138,
        "top3_nome": "FRANCISCO JOSE DANGELO PINTO",
        "top3_partido": "13",
        "top3_votos": 110,
        "total_votos_validos": 1913
      },
      "geometry": {
        "type": "Point",
        "coordinates": [
          -43.1245632,
          -22.8869267
        ]
      }
    },
    {
      "type": "Feature",
      "properties": {
        "ano": 2010,
        "nr_local": "1473",
        "label": "HUGO LEAL",
        "QT_VOTOS": 34,
        "n_secoes": 14,
        "nm_local": "COLÉGIO FORUM CULTURAL",
        "bairro": "CANTAGALO",
        "cargo": "DEPUTADO FEDERAL",
        "total_eleitores": 6488,
        "pct_mulheres": 53.6,
        "pct_homens": 46.4,
        "pct_genero_nao_informado": 0.0,
        "pct_jovens_16_24": 14.3,
        "pct_adultos_25_59": 73.6,
        "pct_60_mais": 12.2,
        "pct_idade_nao_informado": 0.0,
        "pct_ate_fundamental": 51.1,
        "pct_ensino_medio": 42.0,
        "pct_ensino_superior": 6.8,
        "pct_escolaridade_nao_informado": 0.0,
        "top1_nome": "SERGIO ZVEITER",
        "top1_partido": "12",
        "top1_votos": 746,
        "top2_nome": "FRANCISCO JOSE DANGELO PINTO",
        "top2_partido": "13",
        "top2_votos": 413,
        "top3_nome": "ANTHONY WILLIAN GAROTINHO MATHEUS DE OLIVEIRA",
        "top3_partido": "22",
        "top3_votos": 302,
        "total_votos_validos": 4909
      },
      "geometry": {
        "type": "Point",
        "coordinates": [
          -43.0490094,
          -22.9163184
        ]
      }
    },
    {
      "type": "Feature",
      "properties": {
        "ano": 2010,
        "nr_local": "1481",
        "label": "HUGO LEAL",
        "QT_VOTOS": 13,
        "n_secoes": 7,
        "nm_local": "ESCOLA MUNICIPAL MAESTRO HEITOR VILLA-LOBOS (''COLÉGIO NOVO'')",
        "bairro": "ILHA DA CONCEIÇÃO",
        "cargo": "DEPUTADO FEDERAL",
        "total_eleitores": 2714,
        "pct_mulheres": 51.6,
        "pct_homens": 48.2,
        "pct_genero_nao_informado": 0.2,
        "pct_jovens_16_24": 13.8,
        "pct_adultos_25_59": 68.5,
        "pct_60_mais": 17.6,
        "pct_idade_nao_informado": 0.0,
        "pct_ate_fundamental": 59.5,
        "pct_ensino_medio": 37.2,
        "pct_ensino_superior": 3.2,
        "pct_escolaridade_nao_informado": 0.0,
        "top1_nome": "SERGIO ZVEITER",
        "top1_partido": "12",
        "top1_votos": 416,
        "top2_nome": "EDSON EZEQUIEL DE MATOS",
        "top2_partido": "15",
        "top2_votos": 156,
        "top3_nome": "ANTHONY WILLIAN GAROTINHO MATHEUS DE OLIVEIRA",
        "top3_partido": "22",
        "top3_votos": 142,
        "total_votos_validos": 2054
      },
      "geometry": {
        "type": "Point",
        "coordinates": [
          -43.1156463,
          -22.8731482
        ]
      }
    },
    {
      "type": "Feature",
      "properties": {
        "ano": 2010,
        "nr_local": "1490",
        "label": "HUGO LEAL",
        "QT_VOTOS": 9,
        "n_secoes": 5,
        "nm_local": "IGREJA BATISTA DO FONSECA",
        "bairro": "FONSECA",
        "cargo": "DEPUTADO FEDERAL",
        "total_eleitores": 2052,
        "pct_mulheres": 53.7,
        "pct_homens": 46.2,
        "pct_genero_nao_informado": 0.0,
        "pct_jovens_16_24": 21.0,
        "pct_adultos_25_59": 67.4,
        "pct_60_mais": 11.5,
        "pct_idade_nao_informado": 0.0,
        "pct_ate_fundamental": 45.2,
        "pct_ensino_medio": 45.3,
        "pct_ensino_superior": 9.5,
        "pct_escolaridade_nao_informado": 0.0,
        "top1_nome": "SERGIO ZVEITER",
        "top1_partido": "12",
        "top1_votos": 154,
        "top2_nome": "ANTHONY WILLIAN GAROTINHO MATHEUS DE OLIVEIRA",
        "top2_partido": "22",
        "top2_votos": 117,
        "top3_nome": "LUIZ SERGIO NOBREGA DE OLIVEIRA",
        "top3_partido": "13",
        "top3_votos": 95,
        "total_votos_validos": 1479
      },
      "geometry": {
        "type": "Point",
        "coordinates": [
          -43.0865383,
          -22.8810878
        ]
      }
    },
    {
      "type": "Feature",
      "properties": {
        "ano": 2010,
        "nr_local": "1503",
        "label": "HUGO LEAL",
        "QT_VOTOS": 18,
        "n_secoes": 5,
        "nm_local": "SERVICO DE ASSISTENCIA SOCIAL SAO DOMINGOS SAVIO",
        "bairro": "SANTA ROSA",
        "cargo": "DEPUTADO FEDERAL",
        "total_eleitores": 1919,
        "pct_mulheres": 56.0,
        "pct_homens": 44.0,
        "pct_genero_nao_informado": 0.0,
        "pct_jovens_16_24": 13.8,
        "pct_adultos_25_59": 66.4,
        "pct_60_mais": 19.7,
        "pct_idade_nao_informado": 0.0,
        "pct_ate_fundamental": 27.6,
        "pct_ensino_medio": 50.6,
        "pct_ensino_superior": 21.8,
        "pct_escolaridade_nao_informado": 0.0,
        "top1_nome": "SERGIO ZVEITER",
        "top1_partido": "12",
        "top1_votos": 121,
        "top2_nome": "FRANCISCO RODRIGUES DE ALENCAR FILHO",
        "top2_partido": "50",
        "top2_votos": 107,
        "top3_nome": "ANTHONY WILLIAN GAROTINHO MATHEUS DE OLIVEIRA",
        "top3_partido": "22",
        "top3_votos": 93,
        "total_votos_validos": 1352
      },
      "geometry": {
        "type": "Point",
        "coordinates": [
          -43.0928214,
          -22.8988024
        ]
      }
    },
    {
      "type": "Feature",
      "properties": {
        "ano": 2010,
        "nr_local": "1520",
        "label": "HUGO LEAL",
        "QT_VOTOS": 5,
        "n_secoes": 4,
        "nm_local": "ESCOLA MUNICIPAL LEVI CARNEIRO",
        "bairro": "SAPÊ",
        "cargo": "DEPUTADO FEDERAL",
        "total_eleitores": 976,
        "pct_mulheres": 51.0,
        "pct_homens": 48.8,
        "pct_genero_nao_informado": 0.2,
        "pct_jovens_16_24": 8.5,
        "pct_adultos_25_59": 71.5,
        "pct_60_mais": 20.0,
        "pct_idade_nao_informado": 0.0,
        "pct_ate_fundamental": 32.6,
        "pct_ensino_medio": 49.5,
        "pct_ensino_superior": 17.9,
        "pct_escolaridade_nao_informado": 0.0,
        "top1_nome": "FRANCISCO RODRIGUES DE ALENCAR FILHO",
        "top1_partido": "50",
        "top1_votos": 54,
        "top2_nome": "ANTHONY WILLIAN GAROTINHO MATHEUS DE OLIVEIRA",
        "top2_partido": "22",
        "top2_votos": 54,
        "top3_nome": "SERGIO ZVEITER",
        "top3_partido": "12",
        "top3_votos": 53,
        "total_votos_validos": 657
      },
      "geometry": {
        "type": "Point",
        "coordinates": [
          -43.0583864,
          -22.8961721
        ]
      }
    },
    {
      "type": "Feature",
      "properties": {
        "ano": 2010,
        "nr_local": "1538",
        "label": "HUGO LEAL",
        "QT_VOTOS": 26,
        "n_secoes": 6,
        "nm_local": "ESCOLA CATAVENTO ESPAÇO DE EDUCAÇÃO",
        "bairro": "SAPÊ",
        "cargo": "DEPUTADO FEDERAL",
        "total_eleitores": 2483,
        "pct_mulheres": 57.0,
        "pct_homens": 42.9,
        "pct_genero_nao_informado": 0.0,
        "pct_jovens_16_24": 13.6,
        "pct_adultos_25_59": 63.0,
        "pct_60_mais": 23.4,
        "pct_idade_nao_informado": 0.0,
        "pct_ate_fundamental": 24.2,
        "pct_ensino_medio": 46.7,
        "pct_ensino_superior": 28.7,
        "pct_escolaridade_nao_informado": 0.4,
        "top1_nome": "SERGIO ZVEITER",
        "top1_partido": "12",
        "top1_votos": 184,
        "top2_nome": "FRANCISCO RODRIGUES DE ALENCAR FILHO",
        "top2_partido": "50",
        "top2_votos": 171,
        "top3_nome": "ANTHONY WILLIAN GAROTINHO MATHEUS DE OLIVEIRA",
        "top3_partido": "22",
        "top3_votos": 88,
        "total_votos_validos": 1796
      },
      "geometry": {
        "type": "Point",
        "coordinates": [
          -43.0635188,
          -22.9024713
        ]
      }
    },
    {
      "type": "Feature",
      "properties": {
        "ano": 2010,
        "nr_local": "1546",
        "label": "HUGO LEAL",
        "QT_VOTOS": 7,
        "n_secoes": 4,
        "nm_local": "UNIVERSIDADE SALGADO DE OLIVEIRA - BL A",
        "bairro": "CENTRO",
        "cargo": "DEPUTADO FEDERAL",
        "total_eleitores": 1692,
        "pct_mulheres": 54.9,
        "pct_homens": 45.1,
        "pct_genero_nao_informado": 0.0,
        "pct_jovens_16_24": 14.9,
        "pct_adultos_25_59": 67.1,
        "pct_60_mais": 18.0,
        "pct_idade_nao_informado": 0.0,
        "pct_ate_fundamental": 23.1,
        "pct_ensino_medio": 41.2,
        "pct_ensino_superior": 35.5,
        "pct_escolaridade_nao_informado": 0.2,
        "top1_nome": "FRANCISCO RODRIGUES DE ALENCAR FILHO",
        "top1_partido": "50",
        "top1_votos": 133,
        "top2_nome": "SERGIO ZVEITER",
        "top2_partido": "12",
        "top2_votos": 109,
        "top3_nome": "JAIR MESSIAS BOLSONARO",
        "top3_partido": "11",
        "top3_votos": 62,
        "total_votos_validos": 1169
      },
      "geometry": {
        "type": "Point",
        "coordinates": [
          -43.1186087,
          -22.8894749
        ]
      }
    },
    {
      "type": "Feature",
      "properties": {
        "ano": 2010,
        "nr_local": "1554",
        "label": "HUGO LEAL",
        "QT_VOTOS": 16,
        "n_secoes": 6,
        "nm_local": "JARDIM ESCOLA GIRASSÓIS",
        "bairro": "LARGO DA BATALHA",
        "cargo": "DEPUTADO FEDERAL",
        "total_eleitores": 1891,
        "pct_mulheres": 55.1,
        "pct_homens": 44.8,
        "pct_genero_nao_informado": 0.2,
        "pct_jovens_16_24": 11.5,
        "pct_adultos_25_59": 68.1,
        "pct_60_mais": 20.4,
        "pct_idade_nao_informado": 0.0,
        "pct_ate_fundamental": 37.4,
        "pct_ensino_medio": 47.0,
        "pct_ensino_superior": 15.6,
        "pct_escolaridade_nao_informado": 0.1,
        "top1_nome": "FRANCISCO RODRIGUES DE ALENCAR FILHO",
        "top1_partido": "50",
        "top1_votos": 124,
        "top2_nome": "SERGIO ZVEITER",
        "top2_partido": "12",
        "top2_votos": 122,
        "top3_nome": "ANTHONY WILLIAN GAROTINHO MATHEUS DE OLIVEIRA",
        "top3_partido": "22",
        "top3_votos": 95,
        "total_votos_validos": 1384
      },
      "geometry": {
        "type": "Point",
        "coordinates": [
          -43.0652722,
          -22.9077414
        ]
      }
    },
    {
      "type": "Feature",
      "properties": {
        "ano": 2010,
        "nr_local": "1589",
        "label": "HUGO LEAL",
        "QT_VOTOS": 4,
        "n_secoes": 3,
        "nm_local": "COLÉGIO NOSSA SENHORA DAS MERCÊS",
        "bairro": "FONSECA",
        "cargo": "DEPUTADO FEDERAL",
        "total_eleitores": 1713,
        "pct_mulheres": 59.8,
        "pct_homens": 40.2,
        "pct_genero_nao_informado": 0.1,
        "pct_jovens_16_24": 19.5,
        "pct_adultos_25_59": 61.8,
        "pct_60_mais": 18.7,
        "pct_idade_nao_informado": 0.0,
        "pct_ate_fundamental": 58.0,
        "pct_ensino_medio": 37.6,
        "pct_ensino_superior": 4.4,
        "pct_escolaridade_nao_informado": 0.0,
        "top1_nome": "SERGIO ZVEITER",
        "top1_partido": "12",
        "top1_votos": 138,
        "top2_nome": "ANTHONY WILLIAN GAROTINHO MATHEUS DE OLIVEIRA",
        "top2_partido": "22",
        "top2_votos": 133,
        "top3_nome": "FRANCISCO JOSE DANGELO PINTO",
        "top3_partido": "13",
        "top3_votos": 90,
        "total_votos_validos": 1299
      },
      "geometry": {
        "type": "Point",
        "coordinates": [
          -43.1023535,
          -22.880345
        ]
      }
    },
    {
      "type": "Feature",
      "properties": {
        "ano": 2010,
        "nr_local": "1597",
        "label": "HUGO LEAL",
        "QT_VOTOS": 21,
        "n_secoes": 6,
        "nm_local": "COLÉGIO PONTO DE ENSINO",
        "bairro": "ICARAÍ",
        "cargo": "DEPUTADO FEDERAL",
        "total_eleitores": 2126,
        "pct_mulheres": 56.3,
        "pct_homens": 43.5,
        "pct_genero_nao_informado": 0.2,
        "pct_jovens_16_24": 11.4,
        "pct_adultos_25_59": 61.6,
        "pct_60_mais": 27.0,
        "pct_idade_nao_informado": 0.0,
        "pct_ate_fundamental": 16.8,
        "pct_ensino_medio": 40.0,
        "pct_ensino_superior": 42.7,
        "pct_escolaridade_nao_informado": 0.5,
        "top1_nome": "FRANCISCO RODRIGUES DE ALENCAR FILHO",
        "top1_partido": "50",
        "top1_votos": 216,
        "top2_nome": "SERGIO ZVEITER",
        "top2_partido": "12",
        "top2_votos": 111,
        "top3_nome": "JAIR MESSIAS BOLSONARO",
        "top3_partido": "11",
        "top3_votos": 61,
        "total_votos_validos": 1503
      },
      "geometry": {
        "type": "Point",
        "coordinates": [
          -43.1095209,
          -22.9092421
        ]
      }
    },
    {
      "type": "Feature",
      "properties": {
        "ano": 2010,
        "nr_local": "1600",
        "label": "HUGO LEAL",
        "QT_VOTOS": 25,
        "n_secoes": 8,
        "nm_local": "INSTITUTO DE EDUCAÇÃO PROFESSOR ISMAEL COUTINHO - IEPIC",
        "bairro": "SÃO DOMINGOS",
        "cargo": "DEPUTADO FEDERAL",
        "total_eleitores": 2936,
        "pct_mulheres": 57.7,
        "pct_homens": 42.2,
        "pct_genero_nao_informado": 0.1,
        "pct_jovens_16_24": 14.5,
        "pct_adultos_25_59": 61.4,
        "pct_60_mais": 24.1,
        "pct_idade_nao_informado": 0.0,
        "pct_ate_fundamental": 19.9,
        "pct_ensino_medio": 42.5,
        "pct_ensino_superior": 37.3,
        "pct_escolaridade_nao_informado": 0.3,
        "top1_nome": "FRANCISCO RODRIGUES DE ALENCAR FILHO",
        "top1_partido": "50",
        "top1_votos": 262,
        "top2_nome": "SERGIO ZVEITER",
        "top2_partido": "12",
        "top2_votos": 182,
        "top3_nome": "FRANCISCO JOSE DANGELO PINTO",
        "top3_partido": "13",
        "top3_votos": 110,
        "total_votos_validos": 2071
      },
      "geometry": {
        "type": "Point",
        "coordinates": [
          -43.1271052,
          -22.8989767
        ]
      }
    },
    {
      "type": "Feature",
      "properties": {
        "ano": 2010,
        "nr_local": "1635",
        "label": "HUGO LEAL",
        "QT_VOTOS": 27,
        "n_secoes": 11,
        "nm_local": "ESCOLA MUNICIPAL DOM JOSÉ PEREIRA ALVES",
        "bairro": "FONSECA",
        "cargo": "DEPUTADO FEDERAL",
        "total_eleitores": 4069,
        "pct_mulheres": 56.9,
        "pct_homens": 43.1,
        "pct_genero_nao_informado": 0.0,
        "pct_jovens_16_24": 11.0,
        "pct_adultos_25_59": 67.8,
        "pct_60_mais": 21.2,
        "pct_idade_nao_informado": 0.0,
        "pct_ate_fundamental": 23.4,
        "pct_ensino_medio": 38.6,
        "pct_ensino_superior": 37.7,
        "pct_escolaridade_nao_informado": 0.2,
        "top1_nome": "FRANCISCO RODRIGUES DE ALENCAR FILHO",
        "top1_partido": "50",
        "top1_votos": 408,
        "top2_nome": "SERGIO ZVEITER",
        "top2_partido": "12",
        "top2_votos": 252,
        "top3_nome": "FRANCISCO JOSE DANGELO PINTO",
        "top3_partido": "13",
        "top3_votos": 135,
        "total_votos_validos": 2899
      },
      "geometry": {
        "type": "Point",
        "coordinates": [
          -43.0920686,
          -22.8783038
        ]
      }
    },
    {
      "type": "Feature",
      "properties": {
        "ano": 2010,
        "nr_local": "1643",
        "label": "HUGO LEAL",
        "QT_VOTOS": 25,
        "n_secoes": 6,
        "nm_local": "CENTRO MODERNO ALZIRA BITTENCOURT",
        "bairro": "ICARAÍ",
        "cargo": "DEPUTADO FEDERAL",
        "total_eleitores": 1834,
        "pct_mulheres": 56.1,
        "pct_homens": 43.8,
        "pct_genero_nao_informado": 0.1,
        "pct_jovens_16_24": 12.4,
        "pct_adultos_25_59": 68.8,
        "pct_60_mais": 18.8,
        "pct_idade_nao_informado": 0.0,
        "pct_ate_fundamental": 11.3,
        "pct_ensino_medio": 41.5,
        "pct_ensino_superior": 46.7,
        "pct_escolaridade_nao_informado": 0.4,
        "top1_nome": "FRANCISCO RODRIGUES DE ALENCAR FILHO",
        "top1_partido": "50",
        "top1_votos": 207,
        "top2_nome": "SERGIO ZVEITER",
        "top2_partido": "12",
        "top2_votos": 83,
        "top3_nome": "JAIR MESSIAS BOLSONARO",
        "top3_partido": "11",
        "top3_votos": 58,
        "total_votos_validos": 1320
      },
      "geometry": {
        "type": "Point",
        "coordinates": [
          -43.110746,
          -22.9012326
        ]
      }
    },
    {
      "type": "Feature",
      "properties": {
        "ano": 2010,
        "nr_local": "1660",
        "label": "HUGO LEAL",
        "QT_VOTOS": 9,
        "n_secoes": 2,
        "nm_local": "CLUBE CENTRAL",
        "bairro": "ICARAÍ",
        "cargo": "DEPUTADO FEDERAL",
        "total_eleitores": 489,
        "pct_mulheres": 57.7,
        "pct_homens": 41.7,
        "pct_genero_nao_informado": 0.6,
        "pct_jovens_16_24": 5.3,
        "pct_adultos_25_59": 48.3,
        "pct_60_mais": 46.4,
        "pct_idade_nao_informado": 0.0,
        "pct_ate_fundamental": 25.8,
        "pct_ensino_medio": 29.9,
        "pct_ensino_superior": 43.8,
        "pct_escolaridade_nao_informado": 0.6,
        "top1_nome": "FRANCISCO RODRIGUES DE ALENCAR FILHO",
        "top1_partido": "50",
        "top1_votos": 69,
        "top2_nome": "SERGIO ZVEITER",
        "top2_partido": "12",
        "top2_votos": 43,
        "top3_nome": "FRANCISCO JOSE DANGELO PINTO",
        "top3_partido": "13",
        "top3_votos": 29,
        "total_votos_validos": 600
      },
      "geometry": {
        "type": "Point",
        "coordinates": [
          -43.111789,
          -22.9075784
        ]
      }
    },
    {
      "type": "Feature",
      "properties": {
        "ano": 2010,
        "nr_local": "1716",
        "label": "HUGO LEAL",
        "QT_VOTOS": 17,
        "n_secoes": 6,
        "nm_local": "ESCOLA VIVINFÂNCIA",
        "bairro": "ICARAÍ",
        "cargo": "DEPUTADO FEDERAL",
        "total_eleitores": 1999,
        "pct_mulheres": 54.6,
        "pct_homens": 45.3,
        "pct_genero_nao_informado": 0.1,
        "pct_jovens_16_24": 8.2,
        "pct_adultos_25_59": 65.8,
        "pct_60_mais": 26.0,
        "pct_idade_nao_informado": 0.0,
        "pct_ate_fundamental": 16.8,
        "pct_ensino_medio": 38.3,
        "pct_ensino_superior": 44.7,
        "pct_escolaridade_nao_informado": 0.3,
        "top1_nome": "FRANCISCO RODRIGUES DE ALENCAR FILHO",
        "top1_partido": "50",
        "top1_votos": 237,
        "top2_nome": "SERGIO ZVEITER",
        "top2_partido": "12",
        "top2_votos": 85,
        "top3_nome": "FRANCISCO JOSE DANGELO PINTO",
        "top3_partido": "13",
        "top3_votos": 59,
        "total_votos_validos": 1377
      },
      "geometry": {
        "type": "Point",
        "coordinates": [
          -43.1056898,
          -22.9079727
        ]
      }
    },
    {
      "type": "Feature",
      "properties": {
        "ano": 2010,
        "nr_local": "1732",
        "label": "HUGO LEAL",
        "QT_VOTOS": 11,
        "n_secoes": 3,
        "nm_local": "CLUBE NAVAL",
        "bairro": "JURUJUBA",
        "cargo": "DEPUTADO FEDERAL",
        "total_eleitores": 993,
        "pct_mulheres": 55.6,
        "pct_homens": 44.3,
        "pct_genero_nao_informado": 0.1,
        "pct_jovens_16_24": 10.5,
        "pct_adultos_25_59": 62.6,
        "pct_60_mais": 26.9,
        "pct_idade_nao_informado": 0.0,
        "pct_ate_fundamental": 30.6,
        "pct_ensino_medio": 40.0,
        "pct_ensino_superior": 29.1,
        "pct_escolaridade_nao_informado": 0.3,
        "top1_nome": "FRANCISCO RODRIGUES DE ALENCAR FILHO",
        "top1_partido": "50",
        "top1_votos": 75,
        "top2_nome": "SERGIO ZVEITER",
        "top2_partido": "12",
        "top2_votos": 51,
        "top3_nome": "ANTHONY WILLIAN GAROTINHO MATHEUS DE OLIVEIRA",
        "top3_partido": "22",
        "top3_votos": 36,
        "total_votos_validos": 699
      },
      "geometry": {
        "type": "Point",
        "coordinates": [
          -43.1068139,
          -22.935737
        ]
      }
    },
    {
      "type": "Feature",
      "properties": {
        "ano": 2014,
        "nr_local": "1015",
        "label": "HUGO LEAL",
        "QT_VOTOS": 93,
        "n_secoes": 26,
        "nm_local": "INSTITUTO JCA",
        "bairro": "SANTA BARBARA",
        "cargo": "DEPUTADO FEDERAL",
        "total_eleitores": 10414,
        "pct_mulheres": 55.6,
        "pct_homens": 44.4,
        "pct_genero_nao_informado": 0.0,
        "pct_jovens_16_24": 11.7,
        "pct_adultos_25_59": 67.9,
        "pct_60_mais": 20.4,
        "pct_idade_nao_informado": 0.0,
        "pct_ate_fundamental": 18.8,
        "pct_ensino_medio": 30.6,
        "pct_ensino_superior": 50.5,
        "pct_escolaridade_nao_informado": 0.0,
        "top1_nome": "PAULO EDUARDO GOMES",
        "top1_partido": "Partido Socialismo e Liberdade",
        "top1_votos": 779,
        "top2_nome": "JAIR MESSIAS BOLSONARO",
        "top2_partido": "Partido Progressista",
        "top2_votos": 747,
        "top3_nome": "FRANCISCO JOSÉ D ANGELO PINTO",
        "top3_partido": "Partido dos Trabalhadores",
        "top3_votos": 715,
        "total_votos_validos": 7829
      },
      "geometry": {
        "type": "Point",
        "coordinates": [
          -43.0585179,
          -22.882301
        ]
      }
    },
    {
      "type": "Feature",
      "properties": {
        "ano": 2014,
        "nr_local": "1023",
        "label": "HUGO LEAL",
        "QT_VOTOS": 31,
        "n_secoes": 9,
        "nm_local": "PAROQUIA DE SAO JOAO BATISTA",
        "bairro": "TENENTE JARDIM",
        "cargo": "DEPUTADO FEDERAL",
        "total_eleitores": 4466,
        "pct_mulheres": 56.4,
        "pct_homens": 43.6,
        "pct_genero_nao_informado": 0.0,
        "pct_jovens_16_24": 9.9,
        "pct_adultos_25_59": 65.2,
        "pct_60_mais": 24.9,
        "pct_idade_nao_informado": 0.0,
        "pct_ate_fundamental": 22.4,
        "pct_ensino_medio": 34.8,
        "pct_ensino_superior": 42.8,
        "pct_escolaridade_nao_informado": 0.0,
        "top1_nome": "JAIR MESSIAS BOLSONARO",
        "top1_partido": "Partido Progressista",
        "top1_votos": 305,
        "top2_nome": "PAULO EDUARDO GOMES",
        "top2_partido": "Partido Socialismo e Liberdade",
        "top2_votos": 258,
        "top3_nome": "FRANCISCO RODRIGUES DE ALENCAR FILHO",
        "top3_partido": "Partido Socialismo e Liberdade",
        "top3_votos": 234,
        "total_votos_validos": 3428
      },
      "geometry": {
        "type": "Point",
        "coordinates": [
          -43.0827273,
          -22.8639855
        ]
      }
    },
    {
      "type": "Feature",
      "properties": {
        "ano": 2014,
        "nr_local": "1031",
        "label": "HUGO LEAL",
        "QT_VOTOS": 40,
        "n_secoes": 17,
        "nm_local": "(PRÉDIO NOVO) COLÉGIO PEDRO II UNIDADE NITERÓI",
        "bairro": "BARRETO",
        "cargo": "DEPUTADO FEDERAL",
        "total_eleitores": 9656,
        "pct_mulheres": 55.1,
        "pct_homens": 44.9,
        "pct_genero_nao_informado": 0.0,
        "pct_jovens_16_24": 12.5,
        "pct_adultos_25_59": 66.3,
        "pct_60_mais": 21.2,
        "pct_idade_nao_informado": 0.0,
        "pct_ate_fundamental": 28.7,
        "pct_ensino_medio": 37.8,
        "pct_ensino_superior": 33.5,
        "pct_escolaridade_nao_informado": 0.0,
        "top1_nome": "JAIR MESSIAS BOLSONARO",
        "top1_partido": "Partido Progressista",
        "top1_votos": 574,
        "top2_nome": "FRANCISCO JOSÉ D ANGELO PINTO",
        "top2_partido": "Partido dos Trabalhadores",
        "top2_votos": 532,
        "top3_nome": "SERGIO ZVEITER",
        "top3_partido": "Partido Social Democrático",
        "top3_votos": 432,
        "total_votos_validos": 7110
      },
      "geometry": {
        "type": "Point",
        "coordinates": [
          -43.1037833,
          -22.8685685
        ]
      }
    },
    {
      "type": "Feature",
      "properties": {
        "ano": 2014,
        "nr_local": "1040",
        "label": "HUGO LEAL",
        "QT_VOTOS": 73,
        "n_secoes": 18,
        "nm_local": "CIEP 447 - CARAMUJO",
        "bairro": "CARAMUJO",
        "cargo": "DEPUTADO FEDERAL",
        "total_eleitores": 5167,
        "pct_mulheres": 54.9,
        "pct_homens": 45.1,
        "pct_genero_nao_informado": 0.0,
        "pct_jovens_16_24": 17.2,
        "pct_adultos_25_59": 64.2,
        "pct_60_mais": 18.6,
        "pct_idade_nao_informado": 0.0,
        "pct_ate_fundamental": 36.9,
        "pct_ensino_medio": 42.1,
        "pct_ensino_superior": 21.0,
        "pct_escolaridade_nao_informado": 0.0,
        "top1_nome": "FRANCISCO JOSÉ D ANGELO PINTO",
        "top1_partido": "Partido dos Trabalhadores",
        "top1_votos": 733,
        "top2_nome": "JAIR MESSIAS BOLSONARO",
        "top2_partido": "Partido Progressista",
        "top2_votos": 224,
        "top3_nome": "SERGIO ZVEITER",
        "top3_partido": "Partido Social Democrático",
        "top3_votos": 218,
        "total_votos_validos": 3619
      },
      "geometry": {
        "type": "Point",
        "coordinates": [
          -43.065134,
          -22.8827294
        ]
      }
    },
    {
      "type": "Feature",
      "properties": {
        "ano": 2014,
        "nr_local": "1058",
        "label": "HUGO LEAL",
        "QT_VOTOS": 47,
        "n_secoes": 20,
        "nm_local": "INSTITUTO SÃO BENTO DE NITEROI",
        "bairro": null,
        "cargo": "DEPUTADO FEDERAL",
        "total_eleitores": 8705,
        "pct_mulheres": 57.3,
        "pct_homens": 42.7,
        "pct_genero_nao_informado": 0.0,
        "pct_jovens_16_24": 12.3,
        "pct_adultos_25_59": 65.2,
        "pct_60_mais": 22.5,
        "pct_idade_nao_informado": 0.0,
        "pct_ate_fundamental": 12.3,
        "pct_ensino_medio": 30.2,
        "pct_ensino_superior": 57.5,
        "pct_escolaridade_nao_informado": 0.0,
        "top1_nome": "JAIR MESSIAS BOLSONARO",
        "top1_partido": "Partido Progressista",
        "top1_votos": 690,
        "top2_nome": "PAULO EDUARDO GOMES",
        "top2_partido": "Partido Socialismo e Liberdade",
        "top2_votos": 641,
        "top3_nome": "FRANCISCO RODRIGUES DE ALENCAR FILHO",
        "top3_partido": "Partido Socialismo e Liberdade",
        "top3_votos": 545,
        "total_votos_validos": 6280
      },
      "geometry": {
        "type": "Point",
        "coordinates": [
          -43.0985232,
          -22.8970069
        ]
      }
    },
    {
      "type": "Feature",
      "properties": {
        "ano": 2014,
        "nr_local": "1066",
        "label": "HUGO LEAL",
        "QT_VOTOS": 20,
        "n_secoes": 12,
        "nm_local": "ITACOATIARA PAMPO CLUBE",
        "bairro": "ITACOATIARA",
        "cargo": "DEPUTADO FEDERAL",
        "total_eleitores": 5155,
        "pct_mulheres": 53.4,
        "pct_homens": 46.6,
        "pct_genero_nao_informado": 0.0,
        "pct_jovens_16_24": 11.3,
        "pct_adultos_25_59": 68.0,
        "pct_60_mais": 20.7,
        "pct_idade_nao_informado": 0.0,
        "pct_ate_fundamental": 9.8,
        "pct_ensino_medio": 28.1,
        "pct_ensino_superior": 62.1,
        "pct_escolaridade_nao_informado": 0.0,
        "top1_nome": "JAIR MESSIAS BOLSONARO",
        "top1_partido": "Partido Progressista",
        "top1_votos": 408,
        "top2_nome": "PAULO EDUARDO GOMES",
        "top2_partido": "Partido Socialismo e Liberdade",
        "top2_votos": 378,
        "top3_nome": "FRANCISCO RODRIGUES DE ALENCAR FILHO",
        "top3_partido": "Partido Socialismo e Liberdade",
        "top3_votos": 301,
        "total_votos_validos": 3750
      },
      "geometry": {
        "type": "Point",
        "coordinates": [
          -43.0332117,
          -22.9646939
        ]
      }
    },
    {
      "type": "Feature",
      "properties": {
        "ano": 2014,
        "nr_local": "1074",
        "label": "HUGO LEAL",
        "QT_VOTOS": 66,
        "n_secoes": 26,
        "nm_local": "COLEGIO ESTADUAL PAULO ASSIS RIBEIRO",
        "bairro": "BADU",
        "cargo": "DEPUTADO FEDERAL",
        "total_eleitores": 14119,
        "pct_mulheres": 54.8,
        "pct_homens": 45.2,
        "pct_genero_nao_informado": 0.0,
        "pct_jovens_16_24": 14.0,
        "pct_adultos_25_59": 68.0,
        "pct_60_mais": 18.0,
        "pct_idade_nao_informado": 0.0,
        "pct_ate_fundamental": 24.5,
        "pct_ensino_medio": 37.0,
        "pct_ensino_superior": 38.5,
        "pct_escolaridade_nao_informado": 0.0,
        "top1_nome": "FRANCISCO JOSÉ D ANGELO PINTO",
        "top1_partido": "Partido dos Trabalhadores",
        "top1_votos": 821,
        "top2_nome": "JAIR MESSIAS BOLSONARO",
        "top2_partido": "Partido Progressista",
        "top2_votos": 808,
        "top3_nome": "PAULO EDUARDO GOMES",
        "top3_partido": "Partido Socialismo e Liberdade",
        "top3_votos": 615,
        "total_votos_validos": 9803
      },
      "geometry": {
        "type": "Point",
        "coordinates": [
          -43.0573891,
          -22.9068537
        ]
      }
    },
    {
      "type": "Feature",
      "properties": {
        "ano": 2014,
        "nr_local": "1082",
        "label": "HUGO LEAL",
        "QT_VOTOS": 104,
        "n_secoes": 38,
        "nm_local": "UMEI DR PAULO CESAR DE ALMEIDA PIMENTEL",
        "bairro": "ITAIPU",
        "cargo": "DEPUTADO FEDERAL",
        "total_eleitores": 11010,
        "pct_mulheres": 55.9,
        "pct_homens": 44.1,
        "pct_genero_nao_informado": 0.0,
        "pct_jovens_16_24": 11.4,
        "pct_adultos_25_59": 63.7,
        "pct_60_mais": 24.9,
        "pct_idade_nao_informado": 0.0,
        "pct_ate_fundamental": 16.7,
        "pct_ensino_medio": 34.1,
        "pct_ensino_superior": 49.2,
        "pct_escolaridade_nao_informado": 0.0,
        "top1_nome": "JAIR MESSIAS BOLSONARO",
        "top1_partido": "Partido Progressista",
        "top1_votos": 970,
        "top2_nome": "PAULO EDUARDO GOMES",
        "top2_partido": "Partido Socialismo e Liberdade",
        "top2_votos": 705,
        "top3_nome": "FRANCISCO RODRIGUES DE ALENCAR FILHO",
        "top3_partido": "Partido Socialismo e Liberdade",
        "top3_votos": 598,
        "total_votos_validos": 9199
      },
      "geometry": {
        "type": "Point",
        "coordinates": [
          -43.0327165,
          -22.9614459
        ]
      }
    },
    {
      "type": "Feature",
      "properties": {
        "ano": 2014,
        "nr_local": "1090",
        "label": "HUGO LEAL",
        "QT_VOTOS": 73,
        "n_secoes": 34,
        "nm_local": "COLÉGIO ESTADUAL PROFESSORA ALCINA RODRIGUES LIMA",
        "bairro": "ITAIPU",
        "cargo": "DEPUTADO FEDERAL",
        "total_eleitores": 14310,
        "pct_mulheres": 56.4,
        "pct_homens": 43.6,
        "pct_genero_nao_informado": 0.0,
        "pct_jovens_16_24": 11.9,
        "pct_adultos_25_59": 62.2,
        "pct_60_mais": 25.9,
        "pct_idade_nao_informado": 0.0,
        "pct_ate_fundamental": 17.3,
        "pct_ensino_medio": 30.2,
        "pct_ensino_superior": 52.5,
        "pct_escolaridade_nao_informado": 0.0,
        "top1_nome": "JAIR MESSIAS BOLSONARO",
        "top1_partido": "Partido Progressista",
        "top1_votos": 1105,
        "top2_nome": "PAULO EDUARDO GOMES",
        "top2_partido": "Partido Socialismo e Liberdade",
        "top2_votos": 888,
        "top3_nome": "FRANCISCO RODRIGUES DE ALENCAR FILHO",
        "top3_partido": "Partido Socialismo e Liberdade",
        "top3_votos": 715,
        "total_votos_validos": 10202
      },
      "geometry": {
        "type": "Point",
        "coordinates": [
          -43.0285072,
          -22.9528491
        ]
      }
    },
    {
      "type": "Feature",
      "properties": {
        "ano": 2014,
        "nr_local": "1104",
        "label": "HUGO LEAL",
        "QT_VOTOS": 51,
        "n_secoes": 17,
        "nm_local": "ESCOLA MUNICIPAL ALTIVO CESAR",
        "bairro": "BARRETO",
        "cargo": "DEPUTADO FEDERAL",
        "total_eleitores": 7807,
        "pct_mulheres": 56.4,
        "pct_homens": 43.6,
        "pct_genero_nao_informado": 0.0,
        "pct_jovens_16_24": 12.5,
        "pct_adultos_25_59": 67.8,
        "pct_60_mais": 19.7,
        "pct_idade_nao_informado": 0.0,
        "pct_ate_fundamental": 17.1,
        "pct_ensino_medio": 34.5,
        "pct_ensino_superior": 48.4,
        "pct_escolaridade_nao_informado": 0.0,
        "top1_nome": "JAIR MESSIAS BOLSONARO",
        "top1_partido": "Partido Progressista",
        "top1_votos": 585,
        "top2_nome": "FRANCISCO JOSÉ D ANGELO PINTO",
        "top2_partido": "Partido dos Trabalhadores",
        "top2_votos": 419,
        "top3_nome": "PAULO EDUARDO GOMES",
        "top3_partido": "Partido Socialismo e Liberdade",
        "top3_votos": 375,
        "total_votos_validos": 5486
      },
      "geometry": {
        "type": "Point",
        "coordinates": [
          -43.0995714,
          -22.8645343
        ]
      }
    },
    {
      "type": "Feature",
      "properties": {
        "ano": 2014,
        "nr_local": "1112",
        "label": "HUGO LEAL",
        "QT_VOTOS": 79,
        "n_secoes": 36,
        "nm_local": "COLÉGIO SALESIANO REGIÃO OCEÂNICA",
        "bairro": "PIRATININGA",
        "cargo": "DEPUTADO FEDERAL",
        "total_eleitores": 17207,
        "pct_mulheres": 57.2,
        "pct_homens": 42.8,
        "pct_genero_nao_informado": 0.0,
        "pct_jovens_16_24": 12.3,
        "pct_adultos_25_59": 66.6,
        "pct_60_mais": 21.2,
        "pct_idade_nao_informado": 0.0,
        "pct_ate_fundamental": 31.3,
        "pct_ensino_medio": 35.3,
        "pct_ensino_superior": 33.4,
        "pct_escolaridade_nao_informado": 0.0,
        "top1_nome": "FRANCISCO JOSÉ D ANGELO PINTO",
        "top1_partido": "Partido dos Trabalhadores",
        "top1_votos": 1230,
        "top2_nome": "JAIR MESSIAS BOLSONARO",
        "top2_partido": "Partido Progressista",
        "top2_votos": 1026,
        "top3_nome": "PAULO EDUARDO GOMES",
        "top3_partido": "Partido Socialismo e Liberdade",
        "top3_votos": 742,
        "total_votos_validos": 12635
      },
      "geometry": {
        "type": "Point",
        "coordinates": [
          -43.0618731,
          -22.9393022
        ]
      }
    },
    {
      "type": "Feature",
      "properties": {
        "ano": 2014,
        "nr_local": "1120",
        "label": "HUGO LEAL",
        "QT_VOTOS": 81,
        "n_secoes": 26,
        "nm_local": "COLÉGIO ESTADUAL ALMIRANTE TAMANDARÉ",
        "bairro": "PIRATININGA",
        "cargo": "DEPUTADO FEDERAL",
        "total_eleitores": 14198,
        "pct_mulheres": 56.1,
        "pct_homens": 43.9,
        "pct_genero_nao_informado": 0.0,
        "pct_jovens_16_24": 12.0,
        "pct_adultos_25_59": 61.2,
        "pct_60_mais": 26.8,
        "pct_idade_nao_informado": 0.0,
        "pct_ate_fundamental": 18.8,
        "pct_ensino_medio": 31.4,
        "pct_ensino_superior": 49.8,
        "pct_escolaridade_nao_informado": 0.0,
        "top1_nome": "JAIR MESSIAS BOLSONARO",
        "top1_partido": "Partido Progressista",
        "top1_votos": 1094,
        "top2_nome": "SERGIO ZVEITER",
        "top2_partido": "Partido Social Democrático",
        "top2_votos": 837,
        "top3_nome": "PAULO EDUARDO GOMES",
        "top3_partido": "Partido Socialismo e Liberdade",
        "top3_votos": 727,
        "total_votos_validos": 10081
      },
      "geometry": {
        "type": "Point",
        "coordinates": [
          -43.0916732,
          -22.9512083
        ]
      }
    },
    {
      "type": "Feature",
      "properties": {
        "ano": 2014,
        "nr_local": "1139",
        "label": "HUGO LEAL",
        "QT_VOTOS": 34,
        "n_secoes": 22,
        "nm_local": "ESCOLA MUNICIPAL FRANCISCO PORTUGAL NEVES",
        "bairro": "PIRATININGA",
        "cargo": "DEPUTADO FEDERAL",
        "total_eleitores": 6732,
        "pct_mulheres": 57.2,
        "pct_homens": 42.8,
        "pct_genero_nao_informado": 0.0,
        "pct_jovens_16_24": 10.7,
        "pct_adultos_25_59": 60.2,
        "pct_60_mais": 29.1,
        "pct_idade_nao_informado": 0.0,
        "pct_ate_fundamental": 25.1,
        "pct_ensino_medio": 30.2,
        "pct_ensino_superior": 44.7,
        "pct_escolaridade_nao_informado": 0.0,
        "top1_nome": "JAIR MESSIAS BOLSONARO",
        "top1_partido": "Partido Progressista",
        "top1_votos": 452,
        "top2_nome": "PAULO EDUARDO GOMES",
        "top2_partido": "Partido Socialismo e Liberdade",
        "top2_votos": 400,
        "top3_nome": "FRANCISCO JOSÉ D ANGELO PINTO",
        "top3_partido": "Partido dos Trabalhadores",
        "top3_votos": 399,
        "total_votos_validos": 4969
      },
      "geometry": {
        "type": "Point",
        "coordinates": [
          -43.056665,
          -22.942363
        ]
      }
    },
    {
      "type": "Feature",
      "properties": {
        "ano": 2014,
        "nr_local": "1147",
        "label": "HUGO LEAL",
        "QT_VOTOS": 46,
        "n_secoes": 17,
        "nm_local": "ESCOLA MUNICIPAL VERA LUCIA MACHADO",
        "bairro": "BADU",
        "cargo": "DEPUTADO FEDERAL",
        "total_eleitores": 6057,
        "pct_mulheres": 57.2,
        "pct_homens": 42.8,
        "pct_genero_nao_informado": 0.0,
        "pct_jovens_16_24": 14.0,
        "pct_adultos_25_59": 69.1,
        "pct_60_mais": 16.9,
        "pct_idade_nao_informado": 0.0,
        "pct_ate_fundamental": 36.2,
        "pct_ensino_medio": 43.4,
        "pct_ensino_superior": 20.4,
        "pct_escolaridade_nao_informado": 0.0,
        "top1_nome": "FRANCISCO JOSÉ D ANGELO PINTO",
        "top1_partido": "Partido dos Trabalhadores",
        "top1_votos": 324,
        "top2_nome": "LEONARDO CARNEIRO MONTEIRO PICCIANI",
        "top2_partido": "Partido do Movimento Democrático Brasileiro",
        "top2_votos": 216,
        "top3_nome": "JAIR MESSIAS BOLSONARO",
        "top3_partido": "Partido Progressista",
        "top3_votos": 204,
        "total_votos_validos": 4162
      },
      "geometry": {
        "type": "Point",
        "coordinates": [
          -43.0500355,
          -22.9045
        ]
      }
    },
    {
      "type": "Feature",
      "properties": {
        "ano": 2014,
        "nr_local": "1155",
        "label": "HUGO LEAL",
        "QT_VOTOS": 36,
        "n_secoes": 20,
        "nm_local": "COLÉGIO ITAPUCA",
        "bairro": "PIRATININGA",
        "cargo": "DEPUTADO FEDERAL",
        "total_eleitores": 6233,
        "pct_mulheres": 55.6,
        "pct_homens": 44.4,
        "pct_genero_nao_informado": 0.0,
        "pct_jovens_16_24": 11.9,
        "pct_adultos_25_59": 66.2,
        "pct_60_mais": 21.8,
        "pct_idade_nao_informado": 0.0,
        "pct_ate_fundamental": 17.7,
        "pct_ensino_medio": 29.4,
        "pct_ensino_superior": 52.9,
        "pct_escolaridade_nao_informado": 0.0,
        "top1_nome": "JAIR MESSIAS BOLSONARO",
        "top1_partido": "Partido Progressista",
        "top1_votos": 563,
        "top2_nome": "PAULO EDUARDO GOMES",
        "top2_partido": "Partido Socialismo e Liberdade",
        "top2_votos": 443,
        "top3_nome": "FRANCISCO JOSÉ D ANGELO PINTO",
        "top3_partido": "Partido dos Trabalhadores",
        "top3_votos": 362,
        "total_votos_validos": 5112
      },
      "geometry": {
        "type": "Point",
        "coordinates": [
          -43.0593249,
          -22.9437854
        ]
      }
    },
    {
      "type": "Feature",
      "properties": {
        "ano": 2014,
        "nr_local": "1163",
        "label": "HUGO LEAL",
        "QT_VOTOS": 66,
        "n_secoes": 27,
        "nm_local": "COLÉGIO ESTADUAL CONSELHEIRO MACEDO SOARES",
        "bairro": "BARRETO",
        "cargo": "DEPUTADO FEDERAL",
        "total_eleitores": 10887,
        "pct_mulheres": 56.0,
        "pct_homens": 44.0,
        "pct_genero_nao_informado": 0.0,
        "pct_jovens_16_24": 11.7,
        "pct_adultos_25_59": 61.8,
        "pct_60_mais": 26.5,
        "pct_idade_nao_informado": 0.0,
        "pct_ate_fundamental": 22.6,
        "pct_ensino_medio": 39.7,
        "pct_ensino_superior": 37.8,
        "pct_escolaridade_nao_informado": 0.0,
        "top1_nome": "JAIR MESSIAS BOLSONARO",
        "top1_partido": "Partido Progressista",
        "top1_votos": 587,
        "top2_nome": "FRANCISCO JOSÉ D ANGELO PINTO",
        "top2_partido": "Partido dos Trabalhadores",
        "top2_votos": 501,
        "top3_nome": "DILSON MALHEIROS DRUMOND",
        "top3_partido": "Partido Socialista Brasileiro",
        "top3_votos": 444,
        "total_votos_validos": 7657
      },
      "geometry": {
        "type": "Point",
        "coordinates": [
          -43.0924035,
          -22.8622231
        ]
      }
    },
    {
      "type": "Feature",
      "properties": {
        "ano": 2014,
        "nr_local": "1171",
        "label": "HUGO LEAL",
        "QT_VOTOS": 41,
        "n_secoes": 18,
        "nm_local": "ESCOLA MUNICIPAL ANTONIO COUTINHO DE AZEVEDO",
        "bairro": "SANTA BARBARA",
        "cargo": "DEPUTADO FEDERAL",
        "total_eleitores": 6733,
        "pct_mulheres": 56.1,
        "pct_homens": 43.9,
        "pct_genero_nao_informado": 0.0,
        "pct_jovens_16_24": 12.1,
        "pct_adultos_25_59": 69.4,
        "pct_60_mais": 18.4,
        "pct_idade_nao_informado": 0.0,
        "pct_ate_fundamental": 31.1,
        "pct_ensino_medio": 45.6,
        "pct_ensino_superior": 23.3,
        "pct_escolaridade_nao_informado": 0.0,
        "top1_nome": "FRANCISCO JOSÉ D ANGELO PINTO",
        "top1_partido": "Partido dos Trabalhadores",
        "top1_votos": 486,
        "top2_nome": "SERGIO ZVEITER",
        "top2_partido": "Partido Social Democrático",
        "top2_votos": 405,
        "top3_nome": "JAIR MESSIAS BOLSONARO",
        "top3_partido": "Partido Progressista",
        "top3_votos": 331,
        "total_votos_validos": 4888
      },
      "geometry": {
        "type": "Point",
        "coordinates": [
          -43.04869,
          -22.8756043
        ]
      }
    },
    {
      "type": "Feature",
      "properties": {
        "ano": 2014,
        "nr_local": "1180",
        "label": "HUGO LEAL",
        "QT_VOTOS": 33,
        "n_secoes": 20,
        "nm_local": "ESCOLA MUNICIPAL RACHIDE DA GLORIA SALIM SAKER",
        "bairro": "SANTA BARBARA",
        "cargo": "DEPUTADO FEDERAL",
        "total_eleitores": 8042,
        "pct_mulheres": 53.8,
        "pct_homens": 46.2,
        "pct_genero_nao_informado": 0.0,
        "pct_jovens_16_24": 15.7,
        "pct_adultos_25_59": 65.8,
        "pct_60_mais": 18.5,
        "pct_idade_nao_informado": 0.0,
        "pct_ate_fundamental": 33.9,
        "pct_ensino_medio": 40.8,
        "pct_ensino_superior": 25.2,
        "pct_escolaridade_nao_informado": 0.0,
        "top1_nome": "FRANCISCO JOSÉ D ANGELO PINTO",
        "top1_partido": "Partido dos Trabalhadores",
        "top1_votos": 852,
        "top2_nome": "JAIR MESSIAS BOLSONARO",
        "top2_partido": "Partido Progressista",
        "top2_votos": 358,
        "top3_nome": "PAULO EDUARDO GOMES",
        "top3_partido": "Partido Socialismo e Liberdade",
        "top3_votos": 255,
        "total_votos_validos": 5704
      },
      "geometry": {
        "type": "Point",
        "coordinates": [
          -43.0488967,
          -22.8766134
        ]
      }
    },
    {
      "type": "Feature",
      "properties": {
        "ano": 2014,
        "nr_local": "1198",
        "label": "HUGO LEAL",
        "QT_VOTOS": 24,
        "n_secoes": 15,
        "nm_local": "CIEP 448 RUY FRAZÃO SOARES",
        "bairro": "ITAIPU",
        "cargo": "DEPUTADO FEDERAL",
        "total_eleitores": 8192,
        "pct_mulheres": 55.7,
        "pct_homens": 44.3,
        "pct_genero_nao_informado": 0.0,
        "pct_jovens_16_24": 13.9,
        "pct_adultos_25_59": 70.7,
        "pct_60_mais": 15.4,
        "pct_idade_nao_informado": 0.0,
        "pct_ate_fundamental": 31.5,
        "pct_ensino_medio": 40.2,
        "pct_ensino_superior": 28.3,
        "pct_escolaridade_nao_informado": 0.0,
        "top1_nome": "FRANCISCO JOSÉ D ANGELO PINTO",
        "top1_partido": "Partido dos Trabalhadores",
        "top1_votos": 695,
        "top2_nome": "SERGIO ZVEITER",
        "top2_partido": "Partido Social Democrático",
        "top2_votos": 383,
        "top3_nome": "PAULO EDUARDO GOMES",
        "top3_partido": "Partido Socialismo e Liberdade",
        "top3_votos": 370,
        "total_votos_validos": 5716
      },
      "geometry": {
        "type": "Point",
        "coordinates": [
          -43.0092644,
          -22.9356576
        ]
      }
    },
    {
      "type": "Feature",
      "properties": {
        "ano": 2014,
        "nr_local": "1201",
        "label": "HUGO LEAL",
        "QT_VOTOS": 16,
        "n_secoes": 11,
        "nm_local": "OFICINAS DO SENAI",
        "bairro": "BARRETO",
        "cargo": "DEPUTADO FEDERAL",
        "total_eleitores": 3385,
        "pct_mulheres": 53.4,
        "pct_homens": 46.6,
        "pct_genero_nao_informado": 0.0,
        "pct_jovens_16_24": 9.0,
        "pct_adultos_25_59": 64.9,
        "pct_60_mais": 26.1,
        "pct_idade_nao_informado": 0.0,
        "pct_ate_fundamental": 19.4,
        "pct_ensino_medio": 33.6,
        "pct_ensino_superior": 47.1,
        "pct_escolaridade_nao_informado": 0.0,
        "top1_nome": "JAIR MESSIAS BOLSONARO",
        "top1_partido": "Partido Progressista",
        "top1_votos": 276,
        "top2_nome": "PAULO EDUARDO GOMES",
        "top2_partido": "Partido Socialismo e Liberdade",
        "top2_votos": 213,
        "top3_nome": "FRANCISCO RODRIGUES DE ALENCAR FILHO",
        "top3_partido": "Partido Socialismo e Liberdade",
        "top3_votos": 172,
        "total_votos_validos": 2729
      },
      "geometry": {
        "type": "Point",
        "coordinates": [
          -43.1026046,
          -22.8614396
        ]
      }
    },
    {
      "type": "Feature",
      "properties": {
        "ano": 2014,
        "nr_local": "1210",
        "label": "HUGO LEAL",
        "QT_VOTOS": 12,
        "n_secoes": 11,
        "nm_local": "TIO SAM ESPORTE CLUBE",
        "bairro": "BARRETO",
        "cargo": "DEPUTADO FEDERAL",
        "total_eleitores": 6358,
        "pct_mulheres": 56.2,
        "pct_homens": 43.8,
        "pct_genero_nao_informado": 0.0,
        "pct_jovens_16_24": 12.1,
        "pct_adultos_25_59": 70.5,
        "pct_60_mais": 17.4,
        "pct_idade_nao_informado": 0.0,
        "pct_ate_fundamental": 30.6,
        "pct_ensino_medio": 44.1,
        "pct_ensino_superior": 25.3,
        "pct_escolaridade_nao_informado": 0.0,
        "top1_nome": "JAIR MESSIAS BOLSONARO",
        "top1_partido": "Partido Progressista",
        "top1_votos": 323,
        "top2_nome": "SERGIO ZVEITER",
        "top2_partido": "Partido Social Democrático",
        "top2_votos": 322,
        "top3_nome": "FRANCISCO JOSÉ D ANGELO PINTO",
        "top3_partido": "Partido dos Trabalhadores",
        "top3_votos": 295,
        "total_votos_validos": 4507
      },
      "geometry": {
        "type": "Point",
        "coordinates": [
          -43.104502,
          -22.8719306
        ]
      }
    },
    {
      "type": "Feature",
      "properties": {
        "ano": 2014,
        "nr_local": "1236",
        "label": "HUGO LEAL",
        "QT_VOTOS": 44,
        "n_secoes": 23,
        "nm_local": "COLÉGIO ESTADUAL MULLULO DA VEIGA",
        "bairro": "ENGENHOCA",
        "cargo": "DEPUTADO FEDERAL",
        "total_eleitores": 8582,
        "pct_mulheres": 54.7,
        "pct_homens": 45.3,
        "pct_genero_nao_informado": 0.0,
        "pct_jovens_16_24": 12.6,
        "pct_adultos_25_59": 66.4,
        "pct_60_mais": 21.0,
        "pct_idade_nao_informado": 0.0,
        "pct_ate_fundamental": 29.9,
        "pct_ensino_medio": 46.1,
        "pct_ensino_superior": 23.9,
        "pct_escolaridade_nao_informado": 0.0,
        "top1_nome": "FRANCISCO JOSÉ D ANGELO PINTO",
        "top1_partido": "Partido dos Trabalhadores",
        "top1_votos": 647,
        "top2_nome": "SERGIO ZVEITER",
        "top2_partido": "Partido Social Democrático",
        "top2_votos": 624,
        "top3_nome": "JAIR MESSIAS BOLSONARO",
        "top3_partido": "Partido Progressista",
        "top3_votos": 328,
        "total_votos_validos": 6019
      },
      "geometry": {
        "type": "Point",
        "coordinates": [
          -43.0988892,
          -22.8708282
        ]
      }
    },
    {
      "type": "Feature",
      "properties": {
        "ano": 2014,
        "nr_local": "1244",
        "label": "HUGO LEAL",
        "QT_VOTOS": 67,
        "n_secoes": 25,
        "nm_local": "ESCOLA ESTADUAL MANUEL DE ABREU",
        "bairro": "ICARAÍ",
        "cargo": "DEPUTADO FEDERAL",
        "total_eleitores": 10698,
        "pct_mulheres": 56.4,
        "pct_homens": 43.6,
        "pct_genero_nao_informado": 0.0,
        "pct_jovens_16_24": 11.0,
        "pct_adultos_25_59": 67.5,
        "pct_60_mais": 21.5,
        "pct_idade_nao_informado": 0.0,
        "pct_ate_fundamental": 11.0,
        "pct_ensino_medio": 27.0,
        "pct_ensino_superior": 62.1,
        "pct_escolaridade_nao_informado": 0.0,
        "top1_nome": "PAULO EDUARDO GOMES",
        "top1_partido": "Partido Socialismo e Liberdade",
        "top1_votos": 907,
        "top2_nome": "JAIR MESSIAS BOLSONARO",
        "top2_partido": "Partido Progressista",
        "top2_votos": 889,
        "top3_nome": "FRANCISCO RODRIGUES DE ALENCAR FILHO",
        "top3_partido": "Partido Socialismo e Liberdade",
        "top3_votos": 603,
        "total_votos_validos": 7810
      },
      "geometry": {
        "type": "Point",
        "coordinates": [
          -43.1071569,
          -22.9023086
        ]
      }
    },
    {
      "type": "Feature",
      "properties": {
        "ano": 2014,
        "nr_local": "1252",
        "label": "HUGO LEAL",
        "QT_VOTOS": 28,
        "n_secoes": 17,
        "nm_local": "ESCOLA MUNICIPAL ADELINO MAGALHÃES",
        "bairro": "ENGENHOCA",
        "cargo": "DEPUTADO FEDERAL",
        "total_eleitores": 8121,
        "pct_mulheres": 55.5,
        "pct_homens": 44.5,
        "pct_genero_nao_informado": 0.0,
        "pct_jovens_16_24": 14.4,
        "pct_adultos_25_59": 66.8,
        "pct_60_mais": 18.9,
        "pct_idade_nao_informado": 0.0,
        "pct_ate_fundamental": 37.0,
        "pct_ensino_medio": 39.5,
        "pct_ensino_superior": 23.5,
        "pct_escolaridade_nao_informado": 0.0,
        "top1_nome": "FRANCISCO JOSÉ D ANGELO PINTO",
        "top1_partido": "Partido dos Trabalhadores",
        "top1_votos": 682,
        "top2_nome": "SERGIO ZVEITER",
        "top2_partido": "Partido Social Democrático",
        "top2_votos": 531,
        "top3_nome": "DILSON MALHEIROS DRUMOND",
        "top3_partido": "Partido Socialista Brasileiro",
        "top3_votos": 389,
        "total_votos_validos": 5699
      },
      "geometry": {
        "type": "Point",
        "coordinates": [
          -43.0944571,
          -22.8739038
        ]
      }
    },
    {
      "type": "Feature",
      "properties": {
        "ano": 2014,
        "nr_local": "1260",
        "label": "HUGO LEAL",
        "QT_VOTOS": 59,
        "n_secoes": 25,
        "nm_local": "INSTITUTO ABEL",
        "bairro": "ICARAÍ",
        "cargo": "DEPUTADO FEDERAL",
        "total_eleitores": 11497,
        "pct_mulheres": 55.7,
        "pct_homens": 44.3,
        "pct_genero_nao_informado": 0.0,
        "pct_jovens_16_24": 13.9,
        "pct_adultos_25_59": 66.1,
        "pct_60_mais": 20.0,
        "pct_idade_nao_informado": 0.0,
        "pct_ate_fundamental": 6.8,
        "pct_ensino_medio": 27.0,
        "pct_ensino_superior": 66.2,
        "pct_escolaridade_nao_informado": 0.0,
        "top1_nome": "JAIR MESSIAS BOLSONARO",
        "top1_partido": "Partido Progressista",
        "top1_votos": 1069,
        "top2_nome": "PAULO EDUARDO GOMES",
        "top2_partido": "Partido Socialismo e Liberdade",
        "top2_votos": 977,
        "top3_nome": "FRANCISCO RODRIGUES DE ALENCAR FILHO",
        "top3_partido": "Partido Socialismo e Liberdade",
        "top3_votos": 719,
        "total_votos_validos": 8237
      },
      "geometry": {
        "type": "Point",
        "coordinates": [
          -43.1094942,
          -22.9004168
        ]
      }
    },
    {
      "type": "Feature",
      "properties": {
        "ano": 2014,
        "nr_local": "1279",
        "label": "HUGO LEAL",
        "QT_VOTOS": 39,
        "n_secoes": 13,
        "nm_local": "INSTITUTO FOKUS (ANTIGO INTERAÇÃO CRECHE ESCOLA)",
        "bairro": "CAMBOINHAS",
        "cargo": "DEPUTADO FEDERAL",
        "total_eleitores": 4390,
        "pct_mulheres": 57.4,
        "pct_homens": 42.6,
        "pct_genero_nao_informado": 0.0,
        "pct_jovens_16_24": 15.0,
        "pct_adultos_25_59": 63.1,
        "pct_60_mais": 21.9,
        "pct_idade_nao_informado": 0.0,
        "pct_ate_fundamental": 14.1,
        "pct_ensino_medio": 27.0,
        "pct_ensino_superior": 58.9,
        "pct_escolaridade_nao_informado": 0.0,
        "top1_nome": "JAIR MESSIAS BOLSONARO",
        "top1_partido": "Partido Progressista",
        "top1_votos": 399,
        "top2_nome": "PAULO EDUARDO GOMES",
        "top2_partido": "Partido Socialismo e Liberdade",
        "top2_votos": 251,
        "top3_nome": "SERGIO ZVEITER",
        "top3_partido": "Partido Social Democrático",
        "top3_votos": 223,
        "total_votos_validos": 3370
      },
      "geometry": {
        "type": "Point",
        "coordinates": [
          -43.062822,
          -22.9542456
        ]
      }
    },
    {
      "type": "Feature",
      "properties": {
        "ano": 2014,
        "nr_local": "1287",
        "label": "HUGO LEAL",
        "QT_VOTOS": 5,
        "n_secoes": 3,
        "nm_local": "ESCOLA MUNICIPAL PROF MARCOS WALDEMAR DE FREITAS REIS",
        "bairro": "ITAIPU",
        "cargo": "DEPUTADO FEDERAL",
        "total_eleitores": 1008,
        "pct_mulheres": 52.4,
        "pct_homens": 47.6,
        "pct_genero_nao_informado": 0.0,
        "pct_jovens_16_24": 21.8,
        "pct_adultos_25_59": 66.1,
        "pct_60_mais": 12.1,
        "pct_idade_nao_informado": 0.0,
        "pct_ate_fundamental": 11.0,
        "pct_ensino_medio": 29.2,
        "pct_ensino_superior": 59.8,
        "pct_escolaridade_nao_informado": 0.0,
        "top1_nome": "JAIR MESSIAS BOLSONARO",
        "top1_partido": "Partido Progressista",
        "top1_votos": 78,
        "top2_nome": "FRANCISCO RODRIGUES DE ALENCAR FILHO",
        "top2_partido": "Partido Socialismo e Liberdade",
        "top2_votos": 58,
        "top3_nome": "PAULO EDUARDO GOMES",
        "top3_partido": "Partido Socialismo e Liberdade",
        "top3_votos": 57,
        "total_votos_validos": 716
      },
      "geometry": {
        "type": "Point",
        "coordinates": [
          -43.0330724,
          -22.9615628
        ]
      }
    },
    {
      "type": "Feature",
      "properties": {
        "ano": 2014,
        "nr_local": "1295",
        "label": "HUGO LEAL",
        "QT_VOTOS": 46,
        "n_secoes": 21,
        "nm_local": "UMEI PROFA ODETE ROSA DA MOTA",
        "bairro": "ITAIPU",
        "cargo": "DEPUTADO FEDERAL",
        "total_eleitores": 9396,
        "pct_mulheres": 55.2,
        "pct_homens": 44.8,
        "pct_genero_nao_informado": 0.0,
        "pct_jovens_16_24": 11.1,
        "pct_adultos_25_59": 66.9,
        "pct_60_mais": 22.0,
        "pct_idade_nao_informado": 0.0,
        "pct_ate_fundamental": 16.7,
        "pct_ensino_medio": 31.5,
        "pct_ensino_superior": 51.9,
        "pct_escolaridade_nao_informado": 0.0,
        "top1_nome": "JAIR MESSIAS BOLSONARO",
        "top1_partido": "Partido Progressista",
        "top1_votos": 737,
        "top2_nome": "PAULO EDUARDO GOMES",
        "top2_partido": "Partido Socialismo e Liberdade",
        "top2_votos": 593,
        "top3_nome": "FRANCISCO RODRIGUES DE ALENCAR FILHO",
        "top3_partido": "Partido Socialismo e Liberdade",
        "top3_votos": 507,
        "total_votos_validos": 6463
      },
      "geometry": {
        "type": "Point",
        "coordinates": [
          -43.02859,
          -22.9532368
        ]
      }
    },
    {
      "type": "Feature",
      "properties": {
        "ano": 2014,
        "nr_local": "1309",
        "label": "HUGO LEAL",
        "QT_VOTOS": 30,
        "n_secoes": 9,
        "nm_local": "CURSO MARLY CURY",
        "bairro": "SANTA ROSA",
        "cargo": "DEPUTADO FEDERAL",
        "total_eleitores": 6142,
        "pct_mulheres": 55.9,
        "pct_homens": 44.1,
        "pct_genero_nao_informado": 0.0,
        "pct_jovens_16_24": 11.0,
        "pct_adultos_25_59": 69.4,
        "pct_60_mais": 19.6,
        "pct_idade_nao_informado": 0.0,
        "pct_ate_fundamental": 16.9,
        "pct_ensino_medio": 31.6,
        "pct_ensino_superior": 51.5,
        "pct_escolaridade_nao_informado": 0.0,
        "top1_nome": "JAIR MESSIAS BOLSONARO",
        "top1_partido": "Partido Progressista",
        "top1_votos": 444,
        "top2_nome": "PAULO EDUARDO GOMES",
        "top2_partido": "Partido Socialismo e Liberdade",
        "top2_votos": 400,
        "top3_nome": "LEONARDO CARNEIRO MONTEIRO PICCIANI",
        "top3_partido": "Partido do Movimento Democrático Brasileiro",
        "top3_votos": 371,
        "total_votos_validos": 4509
      },
      "geometry": {
        "type": "Point",
        "coordinates": [
          -43.1019227,
          -22.9054777
        ]
      }
    },
    {
      "type": "Feature",
      "properties": {
        "ano": 2014,
        "nr_local": "1317",
        "label": "HUGO LEAL",
        "QT_VOTOS": 30,
        "n_secoes": 14,
        "nm_local": "ESCOLA ESTADUAL BALTAZAR BERNARDINO",
        "bairro": "SANTA ROSA",
        "cargo": "DEPUTADO FEDERAL",
        "total_eleitores": 6584,
        "pct_mulheres": 55.6,
        "pct_homens": 44.4,
        "pct_genero_nao_informado": 0.0,
        "pct_jovens_16_24": 12.6,
        "pct_adultos_25_59": 65.6,
        "pct_60_mais": 21.8,
        "pct_idade_nao_informado": 0.0,
        "pct_ate_fundamental": 16.6,
        "pct_ensino_medio": 32.3,
        "pct_ensino_superior": 51.1,
        "pct_escolaridade_nao_informado": 0.0,
        "top1_nome": "JAIR MESSIAS BOLSONARO",
        "top1_partido": "Partido Progressista",
        "top1_votos": 468,
        "top2_nome": "PAULO EDUARDO GOMES",
        "top2_partido": "Partido Socialismo e Liberdade",
        "top2_votos": 445,
        "top3_nome": "FRANCISCO JOSÉ D ANGELO PINTO",
        "top3_partido": "Partido dos Trabalhadores",
        "top3_votos": 331,
        "total_votos_validos": 4696
      },
      "geometry": {
        "type": "Point",
        "coordinates": [
          -43.1012931,
          -22.9032359
        ]
      }
    },
    {
      "type": "Feature",
      "properties": {
        "ano": 2014,
        "nr_local": "1325",
        "label": "HUGO LEAL",
        "QT_VOTOS": 36,
        "n_secoes": 19,
        "nm_local": "ESCOLA MUNICIPAL SÍTIO DO IPÊ",
        "bairro": "MARIA PAULA",
        "cargo": "DEPUTADO FEDERAL",
        "total_eleitores": 7536,
        "pct_mulheres": 56.9,
        "pct_homens": 43.1,
        "pct_genero_nao_informado": 0.0,
        "pct_jovens_16_24": 15.1,
        "pct_adultos_25_59": 65.2,
        "pct_60_mais": 19.7,
        "pct_idade_nao_informado": 0.0,
        "pct_ate_fundamental": 31.4,
        "pct_ensino_medio": 43.3,
        "pct_ensino_superior": 25.3,
        "pct_escolaridade_nao_informado": 0.0,
        "top1_nome": "FRANCISCO JOSÉ D ANGELO PINTO",
        "top1_partido": "Partido dos Trabalhadores",
        "top1_votos": 545,
        "top2_nome": "LEONARDO CARNEIRO MONTEIRO PICCIANI",
        "top2_partido": "Partido do Movimento Democrático Brasileiro",
        "top2_votos": 344,
        "top3_nome": "JAIR MESSIAS BOLSONARO",
        "top3_partido": "Partido Progressista",
        "top3_votos": 328,
        "total_votos_validos": 5060
      },
      "geometry": {
        "type": "Point",
        "coordinates": [
          -43.0267087,
          -22.8821134
        ]
      }
    },
    {
      "type": "Feature",
      "properties": {
        "ano": 2014,
        "nr_local": "1333",
        "label": "HUGO LEAL",
        "QT_VOTOS": 44,
        "n_secoes": 18,
        "nm_local": "ESCOLA ME NINAR",
        "bairro": "ITAIPU",
        "cargo": "DEPUTADO FEDERAL",
        "total_eleitores": 4412,
        "pct_mulheres": 57.0,
        "pct_homens": 43.0,
        "pct_genero_nao_informado": 0.0,
        "pct_jovens_16_24": 13.5,
        "pct_adultos_25_59": 63.2,
        "pct_60_mais": 23.3,
        "pct_idade_nao_informado": 0.0,
        "pct_ate_fundamental": 11.1,
        "pct_ensino_medio": 27.7,
        "pct_ensino_superior": 61.2,
        "pct_escolaridade_nao_informado": 0.0,
        "top1_nome": "JAIR MESSIAS BOLSONARO",
        "top1_partido": "Partido Progressista",
        "top1_votos": 440,
        "top2_nome": "PAULO EDUARDO GOMES",
        "top2_partido": "Partido Socialismo e Liberdade",
        "top2_votos": 425,
        "top3_nome": "FRANCISCO RODRIGUES DE ALENCAR FILHO",
        "top3_partido": "Partido Socialismo e Liberdade",
        "top3_votos": 321,
        "total_votos_validos": 3720
      },
      "geometry": {
        "type": "Point",
        "coordinates": [
          -43.0442198,
          -22.9408099
        ]
      }
    },
    {
      "type": "Feature",
      "properties": {
        "ano": 2014,
        "nr_local": "1350",
        "label": "HUGO LEAL",
        "QT_VOTOS": 19,
        "n_secoes": 6,
        "nm_local": "ESCOLA MUNICIPAL MARALEGRE",
        "bairro": "CAFUBÁ",
        "cargo": "DEPUTADO FEDERAL",
        "total_eleitores": 2239,
        "pct_mulheres": 57.0,
        "pct_homens": 43.0,
        "pct_genero_nao_informado": 0.0,
        "pct_jovens_16_24": 10.1,
        "pct_adultos_25_59": 65.1,
        "pct_60_mais": 24.8,
        "pct_idade_nao_informado": 0.0,
        "pct_ate_fundamental": 29.7,
        "pct_ensino_medio": 45.4,
        "pct_ensino_superior": 24.9,
        "pct_escolaridade_nao_informado": 0.0,
        "top1_nome": "SERGIO ZVEITER",
        "top1_partido": "Partido Social Democrático",
        "top1_votos": 172,
        "top2_nome": "JAIR MESSIAS BOLSONARO",
        "top2_partido": "Partido Progressista",
        "top2_votos": 129,
        "top3_nome": "FRANCISCO JOSÉ D ANGELO PINTO",
        "top3_partido": "Partido dos Trabalhadores",
        "top3_votos": 124,
        "total_votos_validos": 1523
      },
      "geometry": {
        "type": "Point",
        "coordinates": [
          -43.0724233,
          -22.9362723
        ]
      }
    },
    {
      "type": "Feature",
      "properties": {
        "ano": 2014,
        "nr_local": "1368",
        "label": "HUGO LEAL",
        "QT_VOTOS": 53,
        "n_secoes": 20,
        "nm_local": "INSTITUTO SÃO JOSÉ",
        "bairro": "SANTA ROSA",
        "cargo": "DEPUTADO FEDERAL",
        "total_eleitores": 6738,
        "pct_mulheres": 56.9,
        "pct_homens": 43.1,
        "pct_genero_nao_informado": 0.0,
        "pct_jovens_16_24": 14.0,
        "pct_adultos_25_59": 68.6,
        "pct_60_mais": 17.3,
        "pct_idade_nao_informado": 0.0,
        "pct_ate_fundamental": 30.2,
        "pct_ensino_medio": 32.7,
        "pct_ensino_superior": 37.1,
        "pct_escolaridade_nao_informado": 0.0,
        "top1_nome": "FRANCISCO JOSÉ D ANGELO PINTO",
        "top1_partido": "Partido dos Trabalhadores",
        "top1_votos": 494,
        "top2_nome": "JAIR MESSIAS BOLSONARO",
        "top2_partido": "Partido Progressista",
        "top2_votos": 371,
        "top3_nome": "PAULO EDUARDO GOMES",
        "top3_partido": "Partido Socialismo e Liberdade",
        "top3_votos": 328,
        "total_votos_validos": 4888
      },
      "geometry": {
        "type": "Point",
        "coordinates": [
          -43.1018878,
          -22.901754
        ]
      }
    },
    {
      "type": "Feature",
      "properties": {
        "ano": 2014,
        "nr_local": "1376",
        "label": "HUGO LEAL",
        "QT_VOTOS": 16,
        "n_secoes": 9,
        "nm_local": "UNIVERSIDADE SALGADO DE OLIVEIRA - BL A",
        "bairro": null,
        "cargo": "DEPUTADO FEDERAL",
        "total_eleitores": 1858,
        "pct_mulheres": 56.9,
        "pct_homens": 43.1,
        "pct_genero_nao_informado": 0.0,
        "pct_jovens_16_24": 11.1,
        "pct_adultos_25_59": 67.5,
        "pct_60_mais": 21.3,
        "pct_idade_nao_informado": 0.1,
        "pct_ate_fundamental": 22.1,
        "pct_ensino_medio": 39.2,
        "pct_ensino_superior": 38.7,
        "pct_escolaridade_nao_informado": 0.0,
        "top1_nome": "JAIR MESSIAS BOLSONARO",
        "top1_partido": "Partido Progressista",
        "top1_votos": 119,
        "top2_nome": "FRANCISCO JOSÉ D ANGELO PINTO",
        "top2_partido": "Partido dos Trabalhadores",
        "top2_votos": 77,
        "top3_nome": "PAULO EDUARDO GOMES",
        "top3_partido": "Partido Socialismo e Liberdade",
        "top3_votos": 76,
        "total_votos_validos": 1262
      },
      "geometry": {
        "type": "Point",
        "coordinates": [
          -43.1221924,
          -22.8898672
        ]
      }
    },
    {
      "type": "Feature",
      "properties": {
        "ano": 2014,
        "nr_local": "1384",
        "label": "HUGO LEAL",
        "QT_VOTOS": 9,
        "n_secoes": 7,
        "nm_local": "UMEI OLGA BENÁRIO PRESTES",
        "bairro": "ENGENHO DO MATO",
        "cargo": "DEPUTADO FEDERAL",
        "total_eleitores": 2902,
        "pct_mulheres": 57.0,
        "pct_homens": 43.0,
        "pct_genero_nao_informado": 0.0,
        "pct_jovens_16_24": 13.8,
        "pct_adultos_25_59": 67.5,
        "pct_60_mais": 18.7,
        "pct_idade_nao_informado": 0.0,
        "pct_ate_fundamental": 20.4,
        "pct_ensino_medio": 42.4,
        "pct_ensino_superior": 37.3,
        "pct_escolaridade_nao_informado": 0.0,
        "top1_nome": "JAIR MESSIAS BOLSONARO",
        "top1_partido": "Partido Progressista",
        "top1_votos": 179,
        "top2_nome": "FRANCISCO RODRIGUES DE ALENCAR FILHO",
        "top2_partido": "Partido Socialismo e Liberdade",
        "top2_votos": 119,
        "top3_nome": "FRANCISCO JOSÉ D ANGELO PINTO",
        "top3_partido": "Partido dos Trabalhadores",
        "top3_votos": 117,
        "total_votos_validos": 1959
      },
      "geometry": {
        "type": "Point",
        "coordinates": [
          -43.0086653,
          -22.9354086
        ]
      }
    },
    {
      "type": "Feature",
      "properties": {
        "ano": 2014,
        "nr_local": "1392",
        "label": "HUGO LEAL",
        "QT_VOTOS": 20,
        "n_secoes": 10,
        "nm_local": "FACULDADE DE VETERINARIA DA UFF",
        "bairro": "VITAL BRASIL",
        "cargo": "DEPUTADO FEDERAL",
        "total_eleitores": 4848,
        "pct_mulheres": 56.0,
        "pct_homens": 44.0,
        "pct_genero_nao_informado": 0.0,
        "pct_jovens_16_24": 10.9,
        "pct_adultos_25_59": 69.1,
        "pct_60_mais": 20.0,
        "pct_idade_nao_informado": 0.0,
        "pct_ate_fundamental": 10.8,
        "pct_ensino_medio": 26.8,
        "pct_ensino_superior": 62.4,
        "pct_escolaridade_nao_informado": 0.0,
        "top1_nome": "PAULO EDUARDO GOMES",
        "top1_partido": "Partido Socialismo e Liberdade",
        "top1_votos": 474,
        "top2_nome": "JAIR MESSIAS BOLSONARO",
        "top2_partido": "Partido Progressista",
        "top2_votos": 383,
        "top3_nome": "FRANCISCO RODRIGUES DE ALENCAR FILHO",
        "top3_partido": "Partido Socialismo e Liberdade",
        "top3_votos": 297,
        "total_votos_validos": 3532
      },
      "geometry": {
        "type": "Point",
        "coordinates": [
          -43.098407,
          -22.904908
        ]
      }
    },
    {
      "type": "Feature",
      "properties": {
        "ano": 2014,
        "nr_local": "1406",
        "label": "HUGO LEAL",
        "QT_VOTOS": 39,
        "n_secoes": 15,
        "nm_local": "COLÉGIO NITERÓI",
        "bairro": "ENGENHOCA",
        "cargo": "DEPUTADO FEDERAL",
        "total_eleitores": 6187,
        "pct_mulheres": 57.3,
        "pct_homens": 42.7,
        "pct_genero_nao_informado": 0.0,
        "pct_jovens_16_24": 13.5,
        "pct_adultos_25_59": 63.7,
        "pct_60_mais": 22.8,
        "pct_idade_nao_informado": 0.0,
        "pct_ate_fundamental": 18.8,
        "pct_ensino_medio": 37.8,
        "pct_ensino_superior": 43.4,
        "pct_escolaridade_nao_informado": 0.0,
        "top1_nome": "JAIR MESSIAS BOLSONARO",
        "top1_partido": "Partido Progressista",
        "top1_votos": 469,
        "top2_nome": "FRANCISCO JOSÉ D ANGELO PINTO",
        "top2_partido": "Partido dos Trabalhadores",
        "top2_votos": 294,
        "top3_nome": "FRANCISCO RODRIGUES DE ALENCAR FILHO",
        "top3_partido": "Partido Socialismo e Liberdade",
        "top3_votos": 288,
        "total_votos_validos": 4322
      },
      "geometry": {
        "type": "Point",
        "coordinates": [
          -43.1018717,
          -22.8706133
        ]
      }
    },
    {
      "type": "Feature",
      "properties": {
        "ano": 2014,
        "nr_local": "1414",
        "label": "HUGO LEAL",
        "QT_VOTOS": 15,
        "n_secoes": 6,
        "nm_local": "UNIVERSIDADE SALGADO DE OLIVEIRA - BL B (PRÓXIMO AO GUANABARA)",
        "bairro": "CENTRO",
        "cargo": "DEPUTADO FEDERAL",
        "total_eleitores": 1910,
        "pct_mulheres": 57.3,
        "pct_homens": 42.7,
        "pct_genero_nao_informado": 0.0,
        "pct_jovens_16_24": 12.1,
        "pct_adultos_25_59": 69.1,
        "pct_60_mais": 18.8,
        "pct_idade_nao_informado": 0.0,
        "pct_ate_fundamental": 19.7,
        "pct_ensino_medio": 43.1,
        "pct_ensino_superior": 37.2,
        "pct_escolaridade_nao_informado": 0.0,
        "top1_nome": "JAIR MESSIAS BOLSONARO",
        "top1_partido": "Partido Progressista",
        "top1_votos": 124,
        "top2_nome": "FRANCISCO JOSÉ D ANGELO PINTO",
        "top2_partido": "Partido dos Trabalhadores",
        "top2_votos": 112,
        "top3_nome": "FRANCISCO RODRIGUES DE ALENCAR FILHO",
        "top3_partido": "Partido Socialismo e Liberdade",
        "top3_votos": 88,
        "total_votos_validos": 1457
      },
      "geometry": {
        "type": "Point",
        "coordinates": [
          -43.1172001,
          -22.8893447
        ]
      }
    },
    {
      "type": "Feature",
      "properties": {
        "ano": 2014,
        "nr_local": "1422",
        "label": "HUGO LEAL",
        "QT_VOTOS": 3,
        "n_secoes": 2,
        "nm_local": "CLUBE PORTUGUES DE NITEROI",
        "bairro": "SÃO DOMINGOS",
        "cargo": "DEPUTADO FEDERAL",
        "total_eleitores": 383,
        "pct_mulheres": 56.9,
        "pct_homens": 43.1,
        "pct_genero_nao_informado": 0.0,
        "pct_jovens_16_24": 14.4,
        "pct_adultos_25_59": 55.1,
        "pct_60_mais": 30.5,
        "pct_idade_nao_informado": 0.0,
        "pct_ate_fundamental": 39.2,
        "pct_ensino_medio": 44.4,
        "pct_ensino_superior": 16.4,
        "pct_escolaridade_nao_informado": 0.0,
        "top1_nome": "AUREO LIDIO MOREIRA RIBEIRO",
        "top1_partido": "Solidariedade",
        "top1_votos": 54,
        "top2_nome": "LEONARDO CARNEIRO MONTEIRO PICCIANI",
        "top2_partido": "Partido do Movimento Democrático Brasileiro",
        "top2_votos": 45,
        "top3_nome": "FRANCISCO JOSÉ D ANGELO PINTO",
        "top3_partido": "Partido dos Trabalhadores",
        "top3_votos": 30,
        "total_votos_validos": 528
      },
      "geometry": {
        "type": "Point",
        "coordinates": [
          -43.1274594,
          -22.9021482
        ]
      }
    },
    {
      "type": "Feature",
      "properties": {
        "ano": 2014,
        "nr_local": "1449",
        "label": "HUGO LEAL",
        "QT_VOTOS": 12,
        "n_secoes": 8,
        "nm_local": "CIEP 450 - BADU",
        "bairro": "BADU",
        "cargo": "DEPUTADO FEDERAL",
        "total_eleitores": 6021,
        "pct_mulheres": 53.2,
        "pct_homens": 46.8,
        "pct_genero_nao_informado": 0.0,
        "pct_jovens_16_24": 11.1,
        "pct_adultos_25_59": 72.0,
        "pct_60_mais": 16.9,
        "pct_idade_nao_informado": 0.0,
        "pct_ate_fundamental": 40.9,
        "pct_ensino_medio": 34.8,
        "pct_ensino_superior": 24.2,
        "pct_escolaridade_nao_informado": 0.0,
        "top1_nome": "FRANCISCO JOSÉ D ANGELO PINTO",
        "top1_partido": "Partido dos Trabalhadores",
        "top1_votos": 405,
        "top2_nome": "SERGIO ZVEITER",
        "top2_partido": "Partido Social Democrático",
        "top2_votos": 247,
        "top3_nome": "JAIR MESSIAS BOLSONARO",
        "top3_partido": "Partido Progressista",
        "top3_votos": 241,
        "total_votos_validos": 4264
      },
      "geometry": {
        "type": "Point",
        "coordinates": [
          -43.0566124,
          -22.9071974
        ]
      }
    },
    {
      "type": "Feature",
      "properties": {
        "ano": 2014,
        "nr_local": "1457",
        "label": "HUGO LEAL",
        "QT_VOTOS": 18,
        "n_secoes": 9,
        "nm_local": "ÁGUAS DE NITEROI",
        "bairro": "CENTRO",
        "cargo": "DEPUTADO FEDERAL",
        "total_eleitores": 2281,
        "pct_mulheres": 56.5,
        "pct_homens": 43.5,
        "pct_genero_nao_informado": 0.0,
        "pct_jovens_16_24": 12.4,
        "pct_adultos_25_59": 71.6,
        "pct_60_mais": 16.0,
        "pct_idade_nao_informado": 0.0,
        "pct_ate_fundamental": 45.7,
        "pct_ensino_medio": 44.1,
        "pct_ensino_superior": 10.3,
        "pct_escolaridade_nao_informado": 0.0,
        "top1_nome": "FRANCISCO JOSÉ D ANGELO PINTO",
        "top1_partido": "Partido dos Trabalhadores",
        "top1_votos": 355,
        "top2_nome": "SERGIO ZVEITER",
        "top2_partido": "Partido Social Democrático",
        "top2_votos": 87,
        "top3_nome": "AUREO LIDIO MOREIRA RIBEIRO",
        "top3_partido": "Solidariedade",
        "top3_votos": 64,
        "total_votos_validos": 1738
      },
      "geometry": {
        "type": "Point",
        "coordinates": [
          -43.1141378,
          -22.8915411
        ]
      }
    },
    {
      "type": "Feature",
      "properties": {
        "ano": 2014,
        "nr_local": "1465",
        "label": "HUGO LEAL",
        "QT_VOTOS": 90,
        "n_secoes": 9,
        "nm_local": "CENTRO UNIVERSITÁRIO ANHANGUERA (ANTIGO PLÍNIO LEITE)",
        "bairro": "CENTRO",
        "cargo": "DEPUTADO FEDERAL",
        "total_eleitores": 2776,
        "pct_mulheres": 54.6,
        "pct_homens": 45.4,
        "pct_genero_nao_informado": 0.0,
        "pct_jovens_16_24": 16.0,
        "pct_adultos_25_59": 65.9,
        "pct_60_mais": 18.1,
        "pct_idade_nao_informado": 0.0,
        "pct_ate_fundamental": 34.7,
        "pct_ensino_medio": 49.9,
        "pct_ensino_superior": 15.3,
        "pct_escolaridade_nao_informado": 0.0,
        "top1_nome": "FRANCISCO JOSÉ D ANGELO PINTO",
        "top1_partido": "Partido dos Trabalhadores",
        "top1_votos": 292,
        "top2_nome": "JAIR MESSIAS BOLSONARO",
        "top2_partido": "Partido Progressista",
        "top2_votos": 103,
        "top3_nome": "HUGO LEAL MELO DA SILVA",
        "top3_partido": "Partido Republicano da Ordem Social",
        "top3_votos": 90,
        "total_votos_validos": 1921
      },
      "geometry": {
        "type": "Point",
        "coordinates": [
          -43.1245632,
          -22.8869267
        ]
      }
    },
    {
      "type": "Feature",
      "properties": {
        "ano": 2014,
        "nr_local": "1473",
        "label": "HUGO LEAL",
        "QT_VOTOS": 33,
        "n_secoes": 15,
        "nm_local": "COLÉGIO FORUM CULTURAL",
        "bairro": "CANTAGALO",
        "cargo": "DEPUTADO FEDERAL",
        "total_eleitores": 6106,
        "pct_mulheres": 54.0,
        "pct_homens": 46.0,
        "pct_genero_nao_informado": 0.0,
        "pct_jovens_16_24": 14.8,
        "pct_adultos_25_59": 69.5,
        "pct_60_mais": 15.7,
        "pct_idade_nao_informado": 0.0,
        "pct_ate_fundamental": 40.2,
        "pct_ensino_medio": 43.4,
        "pct_ensino_superior": 16.3,
        "pct_escolaridade_nao_informado": 0.0,
        "top1_nome": "FRANCISCO JOSÉ D ANGELO PINTO",
        "top1_partido": "Partido dos Trabalhadores",
        "top1_votos": 419,
        "top2_nome": "LEONARDO CARNEIRO MONTEIRO PICCIANI",
        "top2_partido": "Partido do Movimento Democrático Brasileiro",
        "top2_votos": 333,
        "top3_nome": "SERGIO ZVEITER",
        "top3_partido": "Partido Social Democrático",
        "top3_votos": 248,
        "total_votos_validos": 4274
      },
      "geometry": {
        "type": "Point",
        "coordinates": [
          -43.0490094,
          -22.9163184
        ]
      }
    },
    {
      "type": "Feature",
      "properties": {
        "ano": 2014,
        "nr_local": "1481",
        "label": "HUGO LEAL",
        "QT_VOTOS": 5,
        "n_secoes": 4,
        "nm_local": "ESCOLA MUNICIPAL MAESTRO HEITOR VILLA-LOBOS (''COLÉGIO NOVO'')",
        "bairro": "ILHA DA CONCEIÇÃO",
        "cargo": "DEPUTADO FEDERAL",
        "total_eleitores": 2149,
        "pct_mulheres": 54.4,
        "pct_homens": 45.6,
        "pct_genero_nao_informado": 0.0,
        "pct_jovens_16_24": 14.8,
        "pct_adultos_25_59": 67.1,
        "pct_60_mais": 18.0,
        "pct_idade_nao_informado": 0.0,
        "pct_ate_fundamental": 41.1,
        "pct_ensino_medio": 49.4,
        "pct_ensino_superior": 9.5,
        "pct_escolaridade_nao_informado": 0.0,
        "top1_nome": "SERGIO ZVEITER",
        "top1_partido": "Partido Social Democrático",
        "top1_votos": 179,
        "top2_nome": "FRANCISCO JOSÉ D ANGELO PINTO",
        "top2_partido": "Partido dos Trabalhadores",
        "top2_votos": 175,
        "top3_nome": "MARCELO NOVAES DE ANDRADE",
        "top3_partido": "Partido Republicano da Ordem Social",
        "top3_votos": 160,
        "total_votos_validos": 1649
      },
      "geometry": {
        "type": "Point",
        "coordinates": [
          -43.1156463,
          -22.8731482
        ]
      }
    },
    {
      "type": "Feature",
      "properties": {
        "ano": 2014,
        "nr_local": "1490",
        "label": "HUGO LEAL",
        "QT_VOTOS": 15,
        "n_secoes": 3,
        "nm_local": "IGREJA BATISTA DO FONSECA",
        "bairro": "FONSECA",
        "cargo": "DEPUTADO FEDERAL",
        "total_eleitores": 872,
        "pct_mulheres": 52.9,
        "pct_homens": 47.1,
        "pct_genero_nao_informado": 0.0,
        "pct_jovens_16_24": 11.2,
        "pct_adultos_25_59": 63.1,
        "pct_60_mais": 25.7,
        "pct_idade_nao_informado": 0.0,
        "pct_ate_fundamental": 25.3,
        "pct_ensino_medio": 42.1,
        "pct_ensino_superior": 32.6,
        "pct_escolaridade_nao_informado": 0.0,
        "top1_nome": "JAIR MESSIAS BOLSONARO",
        "top1_partido": "Partido Progressista",
        "top1_votos": 55,
        "top2_nome": "SERGIO ZVEITER",
        "top2_partido": "Partido Social Democrático",
        "top2_votos": 42,
        "top3_nome": "ALTINEU CORTES FREITAS COUTINHO",
        "top3_partido": "Partido da República",
        "top3_votos": 34,
        "total_votos_validos": 625
      },
      "geometry": {
        "type": "Point",
        "coordinates": [
          -43.0865383,
          -22.8810878
        ]
      }
    },
    {
      "type": "Feature",
      "properties": {
        "ano": 2014,
        "nr_local": "1503",
        "label": "HUGO LEAL",
        "QT_VOTOS": 10,
        "n_secoes": 5,
        "nm_local": "SERVICO DE ASSISTENCIA SOCIAL SAO DOMINGOS SAVIO",
        "bairro": "SANTA ROSA",
        "cargo": "DEPUTADO FEDERAL",
        "total_eleitores": 1701,
        "pct_mulheres": 55.7,
        "pct_homens": 44.3,
        "pct_genero_nao_informado": 0.0,
        "pct_jovens_16_24": 9.4,
        "pct_adultos_25_59": 65.7,
        "pct_60_mais": 24.9,
        "pct_idade_nao_informado": 0.0,
        "pct_ate_fundamental": 20.3,
        "pct_ensino_medio": 40.4,
        "pct_ensino_superior": 39.3,
        "pct_escolaridade_nao_informado": 0.0,
        "top1_nome": "JAIR MESSIAS BOLSONARO",
        "top1_partido": "Partido Progressista",
        "top1_votos": 119,
        "top2_nome": "FRANCISCO JOSÉ D ANGELO PINTO",
        "top2_partido": "Partido dos Trabalhadores",
        "top2_votos": 69,
        "top3_nome": "FRANCISCO RODRIGUES DE ALENCAR FILHO",
        "top3_partido": "Partido Socialismo e Liberdade",
        "top3_votos": 69,
        "total_votos_validos": 1171
      },
      "geometry": {
        "type": "Point",
        "coordinates": [
          -43.0928214,
          -22.8988024
        ]
      }
    },
    {
      "type": "Feature",
      "properties": {
        "ano": 2014,
        "nr_local": "1520",
        "label": "HUGO LEAL",
        "QT_VOTOS": 13,
        "n_secoes": 10,
        "nm_local": "ESCOLA MUNICIPAL LEVI CARNEIRO",
        "bairro": "SAPÊ",
        "cargo": "DEPUTADO FEDERAL",
        "total_eleitores": 5021,
        "pct_mulheres": 55.5,
        "pct_homens": 44.5,
        "pct_genero_nao_informado": 0.0,
        "pct_jovens_16_24": 12.0,
        "pct_adultos_25_59": 75.0,
        "pct_60_mais": 12.9,
        "pct_idade_nao_informado": 0.0,
        "pct_ate_fundamental": 39.9,
        "pct_ensino_medio": 42.3,
        "pct_ensino_superior": 17.8,
        "pct_escolaridade_nao_informado": 0.0,
        "top1_nome": "FRANCISCO JOSÉ D ANGELO PINTO",
        "top1_partido": "Partido dos Trabalhadores",
        "top1_votos": 274,
        "top2_nome": "LEONARDO CARNEIRO MONTEIRO PICCIANI",
        "top2_partido": "Partido do Movimento Democrático Brasileiro",
        "top2_votos": 232,
        "top3_nome": "AUREO LIDIO MOREIRA RIBEIRO",
        "top3_partido": "Solidariedade",
        "top3_votos": 220,
        "total_votos_validos": 3492
      },
      "geometry": {
        "type": "Point",
        "coordinates": [
          -43.0583864,
          -22.8961721
        ]
      }
    },
    {
      "type": "Feature",
      "properties": {
        "ano": 2014,
        "nr_local": "1538",
        "label": "HUGO LEAL",
        "QT_VOTOS": 29,
        "n_secoes": 6,
        "nm_local": "ESCOLA CATAVENTO ESPAÇO DE EDUCAÇÃO",
        "bairro": "SAPÊ",
        "cargo": "DEPUTADO FEDERAL",
        "total_eleitores": 3375,
        "pct_mulheres": 55.7,
        "pct_homens": 44.3,
        "pct_genero_nao_informado": 0.0,
        "pct_jovens_16_24": 18.8,
        "pct_adultos_25_59": 60.1,
        "pct_60_mais": 21.0,
        "pct_idade_nao_informado": 0.0,
        "pct_ate_fundamental": 18.7,
        "pct_ensino_medio": 39.7,
        "pct_ensino_superior": 41.6,
        "pct_escolaridade_nao_informado": 0.0,
        "top1_nome": "JAIR MESSIAS BOLSONARO",
        "top1_partido": "Partido Progressista",
        "top1_votos": 178,
        "top2_nome": "PAULO EDUARDO GOMES",
        "top2_partido": "Partido Socialismo e Liberdade",
        "top2_votos": 173,
        "top3_nome": "SERGIO ZVEITER",
        "top3_partido": "Partido Social Democrático",
        "top3_votos": 169,
        "total_votos_validos": 2371
      },
      "geometry": {
        "type": "Point",
        "coordinates": [
          -43.0635188,
          -22.9024713
        ]
      }
    },
    {
      "type": "Feature",
      "properties": {
        "ano": 2014,
        "nr_local": "1546",
        "label": "HUGO LEAL",
        "QT_VOTOS": 16,
        "n_secoes": 8,
        "nm_local": "UNIVERSIDADE SALGADO DE OLIVEIRA - BL A",
        "bairro": "CENTRO",
        "cargo": "DEPUTADO FEDERAL",
        "total_eleitores": 3731,
        "pct_mulheres": 57.1,
        "pct_homens": 42.9,
        "pct_genero_nao_informado": 0.0,
        "pct_jovens_16_24": 17.3,
        "pct_adultos_25_59": 68.5,
        "pct_60_mais": 14.2,
        "pct_idade_nao_informado": 0.0,
        "pct_ate_fundamental": 31.5,
        "pct_ensino_medio": 38.6,
        "pct_ensino_superior": 29.9,
        "pct_escolaridade_nao_informado": 0.0,
        "top1_nome": "FRANCISCO JOSÉ D ANGELO PINTO",
        "top1_partido": "Partido dos Trabalhadores",
        "top1_votos": 217,
        "top2_nome": "JAIR MESSIAS BOLSONARO",
        "top2_partido": "Partido Progressista",
        "top2_votos": 193,
        "top3_nome": "PAULO EDUARDO GOMES",
        "top3_partido": "Partido Socialismo e Liberdade",
        "top3_votos": 141,
        "total_votos_validos": 2450
      },
      "geometry": {
        "type": "Point",
        "coordinates": [
          -43.1186087,
          -22.8894749
        ]
      }
    },
    {
      "type": "Feature",
      "properties": {
        "ano": 2014,
        "nr_local": "1554",
        "label": "HUGO LEAL",
        "QT_VOTOS": 21,
        "n_secoes": 9,
        "nm_local": "JARDIM ESCOLA GIRASSÓIS",
        "bairro": "LARGO DA BATALHA",
        "cargo": "DEPUTADO FEDERAL",
        "total_eleitores": 2054,
        "pct_mulheres": 53.6,
        "pct_homens": 46.4,
        "pct_genero_nao_informado": 0.0,
        "pct_jovens_16_24": 12.3,
        "pct_adultos_25_59": 66.6,
        "pct_60_mais": 21.1,
        "pct_idade_nao_informado": 0.0,
        "pct_ate_fundamental": 30.8,
        "pct_ensino_medio": 43.2,
        "pct_ensino_superior": 26.0,
        "pct_escolaridade_nao_informado": 0.0,
        "top1_nome": "SERGIO ZVEITER",
        "top1_partido": "Partido Social Democrático",
        "top1_votos": 180,
        "top2_nome": "FRANCISCO JOSÉ D ANGELO PINTO",
        "top2_partido": "Partido dos Trabalhadores",
        "top2_votos": 144,
        "top3_nome": "JAIR MESSIAS BOLSONARO",
        "top3_partido": "Partido Progressista",
        "top3_votos": 106,
        "total_votos_validos": 1649
      },
      "geometry": {
        "type": "Point",
        "coordinates": [
          -43.0652722,
          -22.9077414
        ]
      }
    },
    {
      "type": "Feature",
      "properties": {
        "ano": 2014,
        "nr_local": "1589",
        "label": "HUGO LEAL",
        "QT_VOTOS": 15,
        "n_secoes": 5,
        "nm_local": "COLÉGIO NOSSA SENHORA DAS MERCÊS",
        "bairro": "FONSECA",
        "cargo": "DEPUTADO FEDERAL",
        "total_eleitores": 1672,
        "pct_mulheres": 60.2,
        "pct_homens": 39.8,
        "pct_genero_nao_informado": 0.0,
        "pct_jovens_16_24": 18.4,
        "pct_adultos_25_59": 62.1,
        "pct_60_mais": 19.5,
        "pct_idade_nao_informado": 0.0,
        "pct_ate_fundamental": 41.3,
        "pct_ensino_medio": 46.8,
        "pct_ensino_superior": 12.0,
        "pct_escolaridade_nao_informado": 0.0,
        "top1_nome": "FRANCISCO JOSÉ D ANGELO PINTO",
        "top1_partido": "Partido dos Trabalhadores",
        "top1_votos": 175,
        "top2_nome": "ROBERTO DA SILVA SALES",
        "top2_partido": "Partido Republicano Brasileiro",
        "top2_votos": 55,
        "top3_nome": "SERGIO ZVEITER",
        "top3_partido": "Partido Social Democrático",
        "top3_votos": 49,
        "total_votos_validos": 1136
      },
      "geometry": {
        "type": "Point",
        "coordinates": [
          -43.1023535,
          -22.880345
        ]
      }
    },
    {
      "type": "Feature",
      "properties": {
        "ano": 2014,
        "nr_local": "1597",
        "label": "HUGO LEAL",
        "QT_VOTOS": 33,
        "n_secoes": 12,
        "nm_local": "COLÉGIO PONTO DE ENSINO",
        "bairro": "ICARAÍ",
        "cargo": "DEPUTADO FEDERAL",
        "total_eleitores": 4069,
        "pct_mulheres": 54.7,
        "pct_homens": 45.3,
        "pct_genero_nao_informado": 0.0,
        "pct_jovens_16_24": 12.8,
        "pct_adultos_25_59": 66.1,
        "pct_60_mais": 21.1,
        "pct_idade_nao_informado": 0.0,
        "pct_ate_fundamental": 27.5,
        "pct_ensino_medio": 33.3,
        "pct_ensino_superior": 39.1,
        "pct_escolaridade_nao_informado": 0.0,
        "top1_nome": "JAIR MESSIAS BOLSONARO",
        "top1_partido": "Partido Progressista",
        "top1_votos": 241,
        "top2_nome": "FRANCISCO JOSÉ D ANGELO PINTO",
        "top2_partido": "Partido dos Trabalhadores",
        "top2_votos": 220,
        "top3_nome": "SERGIO ZVEITER",
        "top3_partido": "Partido Social Democrático",
        "top3_votos": 193,
        "total_votos_validos": 2829
      },
      "geometry": {
        "type": "Point",
        "coordinates": [
          -43.1095209,
          -22.9092421
        ]
      }
    },
    {
      "type": "Feature",
      "properties": {
        "ano": 2014,
        "nr_local": "1600",
        "label": "HUGO LEAL",
        "QT_VOTOS": 24,
        "n_secoes": 8,
        "nm_local": "INSTITUTO DE EDUCAÇÃO PROFESSOR ISMAEL COUTINHO - IEPIC",
        "bairro": "SÃO DOMINGOS",
        "cargo": "DEPUTADO FEDERAL",
        "total_eleitores": 2758,
        "pct_mulheres": 60.1,
        "pct_homens": 39.9,
        "pct_genero_nao_informado": 0.0,
        "pct_jovens_16_24": 13.5,
        "pct_adultos_25_59": 58.4,
        "pct_60_mais": 28.0,
        "pct_idade_nao_informado": 0.0,
        "pct_ate_fundamental": 15.8,
        "pct_ensino_medio": 28.5,
        "pct_ensino_superior": 55.8,
        "pct_escolaridade_nao_informado": 0.0,
        "top1_nome": "JAIR MESSIAS BOLSONARO",
        "top1_partido": "Partido Progressista",
        "top1_votos": 214,
        "top2_nome": "PAULO EDUARDO GOMES",
        "top2_partido": "Partido Socialismo e Liberdade",
        "top2_votos": 176,
        "top3_nome": "FRANCISCO RODRIGUES DE ALENCAR FILHO",
        "top3_partido": "Partido Socialismo e Liberdade",
        "top3_votos": 142,
        "total_votos_validos": 1902
      },
      "geometry": {
        "type": "Point",
        "coordinates": [
          -43.1271052,
          -22.8989767
        ]
      }
    },
    {
      "type": "Feature",
      "properties": {
        "ano": 2014,
        "nr_local": "1635",
        "label": "HUGO LEAL",
        "QT_VOTOS": 32,
        "n_secoes": 11,
        "nm_local": "ESCOLA MUNICIPAL DOM JOSÉ PEREIRA ALVES",
        "bairro": "FONSECA",
        "cargo": "DEPUTADO FEDERAL",
        "total_eleitores": 4079,
        "pct_mulheres": 57.7,
        "pct_homens": 42.3,
        "pct_genero_nao_informado": 0.0,
        "pct_jovens_16_24": 10.0,
        "pct_adultos_25_59": 65.1,
        "pct_60_mais": 24.9,
        "pct_idade_nao_informado": 0.0,
        "pct_ate_fundamental": 15.5,
        "pct_ensino_medio": 22.0,
        "pct_ensino_superior": 62.4,
        "pct_escolaridade_nao_informado": 0.0,
        "top1_nome": "FRANCISCO RODRIGUES DE ALENCAR FILHO",
        "top1_partido": "Partido Socialismo e Liberdade",
        "top1_votos": 301,
        "top2_nome": "JAIR MESSIAS BOLSONARO",
        "top2_partido": "Partido Progressista",
        "top2_votos": 282,
        "top3_nome": "PAULO EDUARDO GOMES",
        "top3_partido": "Partido Socialismo e Liberdade",
        "top3_votos": 242,
        "total_votos_validos": 2942
      },
      "geometry": {
        "type": "Point",
        "coordinates": [
          -43.0920686,
          -22.8783038
        ]
      }
    },
    {
      "type": "Feature",
      "properties": {
        "ano": 2014,
        "nr_local": "1643",
        "label": "HUGO LEAL",
        "QT_VOTOS": 18,
        "n_secoes": 5,
        "nm_local": "CENTRO MODERNO ALZIRA BITTENCOURT",
        "bairro": "ICARAÍ",
        "cargo": "DEPUTADO FEDERAL",
        "total_eleitores": 1389,
        "pct_mulheres": 55.4,
        "pct_homens": 44.6,
        "pct_genero_nao_informado": 0.0,
        "pct_jovens_16_24": 10.2,
        "pct_adultos_25_59": 66.5,
        "pct_60_mais": 23.3,
        "pct_idade_nao_informado": 0.0,
        "pct_ate_fundamental": 7.0,
        "pct_ensino_medio": 19.7,
        "pct_ensino_superior": 73.4,
        "pct_escolaridade_nao_informado": 0.0,
        "top1_nome": "JAIR MESSIAS BOLSONARO",
        "top1_partido": "Partido Progressista",
        "top1_votos": 134,
        "top2_nome": "FRANCISCO RODRIGUES DE ALENCAR FILHO",
        "top2_partido": "Partido Socialismo e Liberdade",
        "top2_votos": 133,
        "top3_nome": "PAULO EDUARDO GOMES",
        "top3_partido": "Partido Socialismo e Liberdade",
        "top3_votos": 123,
        "total_votos_validos": 1038
      },
      "geometry": {
        "type": "Point",
        "coordinates": [
          -43.110746,
          -22.9012326
        ]
      }
    },
    {
      "type": "Feature",
      "properties": {
        "ano": 2014,
        "nr_local": "1716",
        "label": "HUGO LEAL",
        "QT_VOTOS": 13,
        "n_secoes": 6,
        "nm_local": "ESCOLA VIVINFÂNCIA",
        "bairro": "ICARAÍ",
        "cargo": "DEPUTADO FEDERAL",
        "total_eleitores": 1658,
        "pct_mulheres": 54.9,
        "pct_homens": 45.1,
        "pct_genero_nao_informado": 0.0,
        "pct_jovens_16_24": 10.1,
        "pct_adultos_25_59": 61.9,
        "pct_60_mais": 27.9,
        "pct_idade_nao_informado": 0.0,
        "pct_ate_fundamental": 11.8,
        "pct_ensino_medio": 22.5,
        "pct_ensino_superior": 65.7,
        "pct_escolaridade_nao_informado": 0.0,
        "top1_nome": "FRANCISCO RODRIGUES DE ALENCAR FILHO",
        "top1_partido": "Partido Socialismo e Liberdade",
        "top1_votos": 131,
        "top2_nome": "JAIR MESSIAS BOLSONARO",
        "top2_partido": "Partido Progressista",
        "top2_votos": 125,
        "top3_nome": "PAULO EDUARDO GOMES",
        "top3_partido": "Partido Socialismo e Liberdade",
        "top3_votos": 104,
        "total_votos_validos": 1188
      },
      "geometry": {
        "type": "Point",
        "coordinates": [
          -43.1056898,
          -22.9079727
        ]
      }
    },
    {
      "type": "Feature",
      "properties": {
        "ano": 2014,
        "nr_local": "1732",
        "label": "HUGO LEAL",
        "QT_VOTOS": 4,
        "n_secoes": 1,
        "nm_local": "CLUBE NAVAL",
        "bairro": "JURUJUBA",
        "cargo": "DEPUTADO FEDERAL",
        "total_eleitores": 822,
        "pct_mulheres": 56.0,
        "pct_homens": 44.0,
        "pct_genero_nao_informado": 0.0,
        "pct_jovens_16_24": 11.3,
        "pct_adultos_25_59": 64.1,
        "pct_60_mais": 24.6,
        "pct_idade_nao_informado": 0.0,
        "pct_ate_fundamental": 21.3,
        "pct_ensino_medio": 33.1,
        "pct_ensino_superior": 45.6,
        "pct_escolaridade_nao_informado": 0.0,
        "top1_nome": "PAULO EDUARDO GOMES",
        "top1_partido": "Partido Socialismo e Liberdade",
        "top1_votos": 74,
        "top2_nome": "JAIR MESSIAS BOLSONARO",
        "top2_partido": "Partido Progressista",
        "top2_votos": 55,
        "top3_nome": "FRANCISCO RODRIGUES DE ALENCAR FILHO",
        "top3_partido": "Partido Socialismo e Liberdade",
        "top3_votos": 37,
        "total_votos_validos": 574
      },
      "geometry": {
        "type": "Point",
        "coordinates": [
          -43.1068139,
          -22.935737
        ]
      }
    },
    {
      "type": "Feature",
      "properties": {
        "ano": 2018,
        "nr_local": "1015",
        "label": "HUGO LEAL",
        "QT_VOTOS": 51,
        "n_secoes": 16,
        "nm_local": "INSTITUTO JCA",
        "bairro": "SANTA BARBARA",
        "cargo": "DEPUTADO FEDERAL",
        "total_eleitores": 9546,
        "pct_mulheres": 54.4,
        "pct_homens": 45.6,
        "pct_genero_nao_informado": 0.0,
        "pct_jovens_16_24": 12.0,
        "pct_adultos_25_59": 64.5,
        "pct_60_mais": 23.5,
        "pct_idade_nao_informado": 0.0,
        "pct_ate_fundamental": 19.9,
        "pct_ensino_medio": 34.4,
        "pct_ensino_superior": 45.7,
        "pct_escolaridade_nao_informado": 0.0,
        "top1_nome": "CARLOS ROBERTO COELHO DE MATTOS JÚNIOR",
        "top1_partido": "Partido Social Liberal",
        "top1_votos": 734,
        "top2_nome": "TALIRIA PETRONE SOARES",
        "top2_partido": "Partido Socialismo e Liberdade",
        "top2_votos": 446,
        "top3_nome": "MARCELO RIBEIRO FREIXO",
        "top3_partido": "Partido Socialismo e Liberdade",
        "top3_votos": 425,
        "total_votos_validos": 6982
      },
      "geometry": {
        "type": "Point",
        "coordinates": [
          -43.0585179,
          -22.882301
        ]
      }
    },
    {
      "type": "Feature",
      "properties": {
        "ano": 2018,
        "nr_local": "1023",
        "label": "HUGO LEAL",
        "QT_VOTOS": 3,
        "n_secoes": 2,
        "nm_local": "PAROQUIA DE SAO JOAO BATISTA",
        "bairro": "TENENTE JARDIM",
        "cargo": "DEPUTADO FEDERAL",
        "total_eleitores": 2911,
        "pct_mulheres": 54.7,
        "pct_homens": 45.3,
        "pct_genero_nao_informado": 0.0,
        "pct_jovens_16_24": 14.3,
        "pct_adultos_25_59": 60.6,
        "pct_60_mais": 25.1,
        "pct_idade_nao_informado": 0.0,
        "pct_ate_fundamental": 26.2,
        "pct_ensino_medio": 41.4,
        "pct_ensino_superior": 32.4,
        "pct_escolaridade_nao_informado": 0.0,
        "top1_nome": "CARLOS ROBERTO COELHO DE MATTOS JÚNIOR",
        "top1_partido": "Partido Social Liberal",
        "top1_votos": 223,
        "top2_nome": "MARCELO RIBEIRO FREIXO",
        "top2_partido": "Partido Socialismo e Liberdade",
        "top2_votos": 121,
        "top3_nome": "TALIRIA PETRONE SOARES",
        "top3_partido": "Partido Socialismo e Liberdade",
        "top3_votos": 104,
        "total_votos_validos": 2029
      },
      "geometry": {
        "type": "Point",
        "coordinates": [
          -43.0827273,
          -22.8639855
        ]
      }
    },
    {
      "type": "Feature",
      "properties": {
        "ano": 2018,
        "nr_local": "1031",
        "label": "HUGO LEAL",
        "QT_VOTOS": 26,
        "n_secoes": 14,
        "nm_local": "(PRÉDIO NOVO) COLÉGIO PEDRO II UNIDADE NITERÓI",
        "bairro": "BARRETO",
        "cargo": "DEPUTADO FEDERAL",
        "total_eleitores": 7038,
        "pct_mulheres": 55.3,
        "pct_homens": 44.7,
        "pct_genero_nao_informado": 0.0,
        "pct_jovens_16_24": 11.3,
        "pct_adultos_25_59": 65.7,
        "pct_60_mais": 23.0,
        "pct_idade_nao_informado": 0.0,
        "pct_ate_fundamental": 31.9,
        "pct_ensino_medio": 43.6,
        "pct_ensino_superior": 24.5,
        "pct_escolaridade_nao_informado": 0.0,
        "top1_nome": "CARLOS ROBERTO COELHO DE MATTOS JÚNIOR",
        "top1_partido": "Partido Social Liberal",
        "top1_votos": 530,
        "top2_nome": "WASHINGTON LUIZ CARDOSO SIQUEIRA",
        "top2_partido": "Partido dos Trabalhadores",
        "top2_votos": 361,
        "top3_nome": "FLORDELIS DOS SANTOS DE SOUZA",
        "top3_partido": "Partido Social Democrático",
        "top3_votos": 237,
        "total_votos_validos": 4871
      },
      "geometry": {
        "type": "Point",
        "coordinates": [
          -43.1037833,
          -22.8685685
        ]
      }
    },
    {
      "type": "Feature",
      "properties": {
        "ano": 2018,
        "nr_local": "1040",
        "label": "HUGO LEAL",
        "QT_VOTOS": 3,
        "n_secoes": 2,
        "nm_local": "CIEP 447 - CARAMUJO",
        "bairro": "CARAMUJO",
        "cargo": "DEPUTADO FEDERAL",
        "total_eleitores": 4340,
        "pct_mulheres": 54.8,
        "pct_homens": 45.2,
        "pct_genero_nao_informado": 0.0,
        "pct_jovens_16_24": 13.7,
        "pct_adultos_25_59": 67.7,
        "pct_60_mais": 18.6,
        "pct_idade_nao_informado": 0.0,
        "pct_ate_fundamental": 42.6,
        "pct_ensino_medio": 48.1,
        "pct_ensino_superior": 9.3,
        "pct_escolaridade_nao_informado": 0.0,
        "top1_nome": "FLORDELIS DOS SANTOS DE SOUZA",
        "top1_partido": "Partido Social Democrático",
        "top1_votos": 369,
        "top2_nome": "WASHINGTON LUIZ CARDOSO SIQUEIRA",
        "top2_partido": "Partido dos Trabalhadores",
        "top2_votos": 195,
        "top3_nome": "CARLOS ROBERTO COELHO DE MATTOS JÚNIOR",
        "top3_partido": "Partido Social Liberal",
        "top3_votos": 174,
        "total_votos_validos": 2844
      },
      "geometry": {
        "type": "Point",
        "coordinates": [
          -43.065134,
          -22.8827294
        ]
      }
    },
    {
      "type": "Feature",
      "properties": {
        "ano": 2018,
        "nr_local": "1066",
        "label": "HUGO LEAL",
        "QT_VOTOS": 7,
        "n_secoes": 3,
        "nm_local": "ITACOATIARA PAMPO CLUBE",
        "bairro": "ITACOATIARA",
        "cargo": "DEPUTADO FEDERAL",
        "total_eleitores": 2409,
        "pct_mulheres": 49.0,
        "pct_homens": 51.0,
        "pct_genero_nao_informado": 0.0,
        "pct_jovens_16_24": 4.3,
        "pct_adultos_25_59": 67.7,
        "pct_60_mais": 28.0,
        "pct_idade_nao_informado": 0.0,
        "pct_ate_fundamental": 4.4,
        "pct_ensino_medio": 21.2,
        "pct_ensino_superior": 74.4,
        "pct_escolaridade_nao_informado": 0.0,
        "top1_nome": "CARLOS ROBERTO COELHO DE MATTOS JÚNIOR",
        "top1_partido": "Partido Social Liberal",
        "top1_votos": 265,
        "top2_nome": "MARCELO RIBEIRO FREIXO",
        "top2_partido": "Partido Socialismo e Liberdade",
        "top2_votos": 145,
        "top3_nome": "TALIRIA PETRONE SOARES",
        "top3_partido": "Partido Socialismo e Liberdade",
        "top3_votos": 95,
        "total_votos_validos": 1871
      },
      "geometry": {
        "type": "Point",
        "coordinates": [
          -43.0332117,
          -22.9646939
        ]
      }
    },
    {
      "type": "Feature",
      "properties": {
        "ano": 2018,
        "nr_local": "1074",
        "label": "HUGO LEAL",
        "QT_VOTOS": 16,
        "n_secoes": 12,
        "nm_local": "COLEGIO ESTADUAL PAULO ASSIS RIBEIRO",
        "bairro": "BADU",
        "cargo": "DEPUTADO FEDERAL",
        "total_eleitores": 9305,
        "pct_mulheres": 53.1,
        "pct_homens": 46.9,
        "pct_genero_nao_informado": 0.0,
        "pct_jovens_16_24": 12.5,
        "pct_adultos_25_59": 67.7,
        "pct_60_mais": 19.8,
        "pct_idade_nao_informado": 0.0,
        "pct_ate_fundamental": 21.4,
        "pct_ensino_medio": 41.0,
        "pct_ensino_superior": 37.6,
        "pct_escolaridade_nao_informado": 0.0,
        "top1_nome": "CARLOS ROBERTO COELHO DE MATTOS JÚNIOR",
        "top1_partido": "Partido Social Liberal",
        "top1_votos": 820,
        "top2_nome": "FLORDELIS DOS SANTOS DE SOUZA",
        "top2_partido": "Partido Social Democrático",
        "top2_votos": 411,
        "top3_nome": "TALIRIA PETRONE SOARES",
        "top3_partido": "Partido Socialismo e Liberdade",
        "top3_votos": 302,
        "total_votos_validos": 6688
      },
      "geometry": {
        "type": "Point",
        "coordinates": [
          -43.0573891,
          -22.9068537
        ]
      }
    },
    {
      "type": "Feature",
      "properties": {
        "ano": 2018,
        "nr_local": "1082",
        "label": "HUGO LEAL",
        "QT_VOTOS": 8,
        "n_secoes": 7,
        "nm_local": "UMEI DR PAULO CESAR DE ALMEIDA PIMENTEL",
        "bairro": "ITAIPU",
        "cargo": "DEPUTADO FEDERAL",
        "total_eleitores": 3222,
        "pct_mulheres": 52.1,
        "pct_homens": 47.9,
        "pct_genero_nao_informado": 0.0,
        "pct_jovens_16_24": 10.1,
        "pct_adultos_25_59": 66.9,
        "pct_60_mais": 23.0,
        "pct_idade_nao_informado": 0.0,
        "pct_ate_fundamental": 13.9,
        "pct_ensino_medio": 35.3,
        "pct_ensino_superior": 50.8,
        "pct_escolaridade_nao_informado": 0.0,
        "top1_nome": "CARLOS ROBERTO COELHO DE MATTOS JÚNIOR",
        "top1_partido": "Partido Social Liberal",
        "top1_votos": 363,
        "top2_nome": "MARCELO RIBEIRO FREIXO",
        "top2_partido": "Partido Socialismo e Liberdade",
        "top2_votos": 151,
        "top3_nome": "HELIO FERNANDO BARBOSA LOPES",
        "top3_partido": "Partido Social Liberal",
        "top3_votos": 99,
        "total_votos_validos": 2326
      },
      "geometry": {
        "type": "Point",
        "coordinates": [
          -43.0327165,
          -22.9614459
        ]
      }
    },
    {
      "type": "Feature",
      "properties": {
        "ano": 2018,
        "nr_local": "1090",
        "label": "HUGO LEAL",
        "QT_VOTOS": 28,
        "n_secoes": 15,
        "nm_local": "COLÉGIO ESTADUAL PROFESSORA ALCINA RODRIGUES LIMA",
        "bairro": "ITAIPU",
        "cargo": "DEPUTADO FEDERAL",
        "total_eleitores": 7312,
        "pct_mulheres": 53.0,
        "pct_homens": 47.0,
        "pct_genero_nao_informado": 0.0,
        "pct_jovens_16_24": 12.2,
        "pct_adultos_25_59": 62.1,
        "pct_60_mais": 25.7,
        "pct_idade_nao_informado": 0.0,
        "pct_ate_fundamental": 18.7,
        "pct_ensino_medio": 40.3,
        "pct_ensino_superior": 40.9,
        "pct_escolaridade_nao_informado": 0.0,
        "top1_nome": "CARLOS ROBERTO COELHO DE MATTOS JÚNIOR",
        "top1_partido": "Partido Social Liberal",
        "top1_votos": 649,
        "top2_nome": "MARCELO RIBEIRO FREIXO",
        "top2_partido": "Partido Socialismo e Liberdade",
        "top2_votos": 364,
        "top3_nome": "TALIRIA PETRONE SOARES",
        "top3_partido": "Partido Socialismo e Liberdade",
        "top3_votos": 278,
        "total_votos_validos": 5222
      },
      "geometry": {
        "type": "Point",
        "coordinates": [
          -43.0285072,
          -22.9528491
        ]
      }
    },
    {
      "type": "Feature",
      "properties": {
        "ano": 2018,
        "nr_local": "1104",
        "label": "HUGO LEAL",
        "QT_VOTOS": 26,
        "n_secoes": 11,
        "nm_local": "ESCOLA MUNICIPAL ALTIVO CESAR",
        "bairro": "BARRETO",
        "cargo": "DEPUTADO FEDERAL",
        "total_eleitores": 8300,
        "pct_mulheres": 56.3,
        "pct_homens": 43.7,
        "pct_genero_nao_informado": 0.0,
        "pct_jovens_16_24": 10.5,
        "pct_adultos_25_59": 65.5,
        "pct_60_mais": 24.0,
        "pct_idade_nao_informado": 0.0,
        "pct_ate_fundamental": 15.7,
        "pct_ensino_medio": 35.9,
        "pct_ensino_superior": 48.4,
        "pct_escolaridade_nao_informado": 0.0,
        "top1_nome": "CARLOS ROBERTO COELHO DE MATTOS JÚNIOR",
        "top1_partido": "Partido Social Liberal",
        "top1_votos": 784,
        "top2_nome": "MARCELO RIBEIRO FREIXO",
        "top2_partido": "Partido Socialismo e Liberdade",
        "top2_votos": 412,
        "top3_nome": "TALIRIA PETRONE SOARES",
        "top3_partido": "Partido Socialismo e Liberdade",
        "top3_votos": 400,
        "total_votos_validos": 6045
      },
      "geometry": {
        "type": "Point",
        "coordinates": [
          -43.0995714,
          -22.8645343
        ]
      }
    },
    {
      "type": "Feature",
      "properties": {
        "ano": 2018,
        "nr_local": "1112",
        "label": "HUGO LEAL",
        "QT_VOTOS": 23,
        "n_secoes": 20,
        "nm_local": "COLÉGIO SALESIANO REGIÃO OCEÂNICA",
        "bairro": "PIRATININGA",
        "cargo": "DEPUTADO FEDERAL",
        "total_eleitores": 12946,
        "pct_mulheres": 56.3,
        "pct_homens": 43.7,
        "pct_genero_nao_informado": 0.0,
        "pct_jovens_16_24": 11.7,
        "pct_adultos_25_59": 63.2,
        "pct_60_mais": 25.1,
        "pct_idade_nao_informado": 0.0,
        "pct_ate_fundamental": 36.3,
        "pct_ensino_medio": 40.3,
        "pct_ensino_superior": 23.3,
        "pct_escolaridade_nao_informado": 0.0,
        "top1_nome": "CARLOS ROBERTO COELHO DE MATTOS JÚNIOR",
        "top1_partido": "Partido Social Liberal",
        "top1_votos": 979,
        "top2_nome": "FRANCISCO JOSE D ANGELO PINTO",
        "top2_partido": "Partido Democrático Trabalhista",
        "top2_votos": 602,
        "top3_nome": "FLORDELIS DOS SANTOS DE SOUZA",
        "top3_partido": "Partido Social Democrático",
        "top3_votos": 522,
        "total_votos_validos": 9109
      },
      "geometry": {
        "type": "Point",
        "coordinates": [
          -43.0618731,
          -22.9393022
        ]
      }
    },
    {
      "type": "Feature",
      "properties": {
        "ano": 2018,
        "nr_local": "1120",
        "label": "HUGO LEAL",
        "QT_VOTOS": 11,
        "n_secoes": 6,
        "nm_local": "COLÉGIO ESTADUAL ALMIRANTE TAMANDARÉ",
        "bairro": "PIRATININGA",
        "cargo": "DEPUTADO FEDERAL",
        "total_eleitores": 3503,
        "pct_mulheres": 52.8,
        "pct_homens": 47.2,
        "pct_genero_nao_informado": 0.0,
        "pct_jovens_16_24": 6.1,
        "pct_adultos_25_59": 65.9,
        "pct_60_mais": 28.1,
        "pct_idade_nao_informado": 0.0,
        "pct_ate_fundamental": 24.0,
        "pct_ensino_medio": 35.2,
        "pct_ensino_superior": 40.8,
        "pct_escolaridade_nao_informado": 0.0,
        "top1_nome": "CARLOS ROBERTO COELHO DE MATTOS JÚNIOR",
        "top1_partido": "Partido Social Liberal",
        "top1_votos": 355,
        "top2_nome": "FRANCISCO JOSE D ANGELO PINTO",
        "top2_partido": "Partido Democrático Trabalhista",
        "top2_votos": 131,
        "top3_nome": "PAULO SERGIO RAMOS BARBOZA",
        "top3_partido": "Partido Democrático Trabalhista",
        "top3_votos": 128,
        "total_votos_validos": 2559
      },
      "geometry": {
        "type": "Point",
        "coordinates": [
          -43.0916732,
          -22.9512083
        ]
      }
    },
    {
      "type": "Feature",
      "properties": {
        "ano": 2018,
        "nr_local": "1139",
        "label": "HUGO LEAL",
        "QT_VOTOS": 13,
        "n_secoes": 8,
        "nm_local": "ESCOLA MUNICIPAL FRANCISCO PORTUGAL NEVES",
        "bairro": "PIRATININGA",
        "cargo": "DEPUTADO FEDERAL",
        "total_eleitores": 3435,
        "pct_mulheres": 55.8,
        "pct_homens": 44.2,
        "pct_genero_nao_informado": 0.0,
        "pct_jovens_16_24": 12.2,
        "pct_adultos_25_59": 61.7,
        "pct_60_mais": 26.1,
        "pct_idade_nao_informado": 0.0,
        "pct_ate_fundamental": 39.4,
        "pct_ensino_medio": 37.1,
        "pct_ensino_superior": 23.5,
        "pct_escolaridade_nao_informado": 0.0,
        "top1_nome": "CARLOS ROBERTO COELHO DE MATTOS JÚNIOR",
        "top1_partido": "Partido Social Liberal",
        "top1_votos": 302,
        "top2_nome": "VERONICA DOS SANTOS LIMA",
        "top2_partido": "Partido dos Trabalhadores",
        "top2_votos": 179,
        "top3_nome": "FRANCISCO JOSE D ANGELO PINTO",
        "top3_partido": "Partido Democrático Trabalhista",
        "top3_votos": 177,
        "total_votos_validos": 2427
      },
      "geometry": {
        "type": "Point",
        "coordinates": [
          -43.056665,
          -22.942363
        ]
      }
    },
    {
      "type": "Feature",
      "properties": {
        "ano": 2018,
        "nr_local": "1147",
        "label": "HUGO LEAL",
        "QT_VOTOS": 1,
        "n_secoes": 1,
        "nm_local": "ESCOLA MUNICIPAL VERA LUCIA MACHADO",
        "bairro": "BADU",
        "cargo": "DEPUTADO FEDERAL",
        "total_eleitores": 2513,
        "pct_mulheres": 56.0,
        "pct_homens": 44.0,
        "pct_genero_nao_informado": 0.0,
        "pct_jovens_16_24": 10.8,
        "pct_adultos_25_59": 69.8,
        "pct_60_mais": 19.3,
        "pct_idade_nao_informado": 0.0,
        "pct_ate_fundamental": 38.7,
        "pct_ensino_medio": 43.2,
        "pct_ensino_superior": 18.1,
        "pct_escolaridade_nao_informado": 0.0,
        "top1_nome": "CARLOS ROBERTO COELHO DE MATTOS JÚNIOR",
        "top1_partido": "Partido Social Liberal",
        "top1_votos": 156,
        "top2_nome": "FLORDELIS DOS SANTOS DE SOUZA",
        "top2_partido": "Partido Social Democrático",
        "top2_votos": 138,
        "top3_nome": "SORAYA ALENCAR DOS SANTOS",
        "top3_partido": "Partido da República",
        "top3_votos": 81,
        "total_votos_validos": 1711
      },
      "geometry": {
        "type": "Point",
        "coordinates": [
          -43.0500355,
          -22.9045
        ]
      }
    },
    {
      "type": "Feature",
      "properties": {
        "ano": 2018,
        "nr_local": "1155",
        "label": "HUGO LEAL",
        "QT_VOTOS": 13,
        "n_secoes": 10,
        "nm_local": "COLÉGIO ITAPUCA",
        "bairro": "PIRATININGA",
        "cargo": "DEPUTADO FEDERAL",
        "total_eleitores": 5101,
        "pct_mulheres": 54.9,
        "pct_homens": 45.1,
        "pct_genero_nao_informado": 0.0,
        "pct_jovens_16_24": 5.1,
        "pct_adultos_25_59": 68.7,
        "pct_60_mais": 26.2,
        "pct_idade_nao_informado": 0.0,
        "pct_ate_fundamental": 19.3,
        "pct_ensino_medio": 30.4,
        "pct_ensino_superior": 50.2,
        "pct_escolaridade_nao_informado": 0.0,
        "top1_nome": "CARLOS ROBERTO COELHO DE MATTOS JÚNIOR",
        "top1_partido": "Partido Social Liberal",
        "top1_votos": 499,
        "top2_nome": "MARCELO RIBEIRO FREIXO",
        "top2_partido": "Partido Socialismo e Liberdade",
        "top2_votos": 210,
        "top3_nome": "FRANCISCO JOSE D ANGELO PINTO",
        "top3_partido": "Partido Democrático Trabalhista",
        "top3_votos": 204,
        "total_votos_validos": 3813
      },
      "geometry": {
        "type": "Point",
        "coordinates": [
          -43.0593249,
          -22.9437854
        ]
      }
    },
    {
      "type": "Feature",
      "properties": {
        "ano": 2018,
        "nr_local": "1163",
        "label": "HUGO LEAL",
        "QT_VOTOS": 8,
        "n_secoes": 4,
        "nm_local": "COLÉGIO ESTADUAL CONSELHEIRO MACEDO SOARES",
        "bairro": "BARRETO",
        "cargo": "DEPUTADO FEDERAL",
        "total_eleitores": 5156,
        "pct_mulheres": 54.2,
        "pct_homens": 45.8,
        "pct_genero_nao_informado": 0.0,
        "pct_jovens_16_24": 13.7,
        "pct_adultos_25_59": 63.6,
        "pct_60_mais": 22.7,
        "pct_idade_nao_informado": 0.0,
        "pct_ate_fundamental": 29.1,
        "pct_ensino_medio": 48.8,
        "pct_ensino_superior": 22.1,
        "pct_escolaridade_nao_informado": 0.0,
        "top1_nome": "CARLOS ROBERTO COELHO DE MATTOS JÚNIOR",
        "top1_partido": "Partido Social Liberal",
        "top1_votos": 339,
        "top2_nome": "FLORDELIS DOS SANTOS DE SOUZA",
        "top2_partido": "Partido Social Democrático",
        "top2_votos": 227,
        "top3_nome": "WASHINGTON LUIZ CARDOSO SIQUEIRA",
        "top3_partido": "Partido dos Trabalhadores",
        "top3_votos": 184,
        "total_votos_validos": 3631
      },
      "geometry": {
        "type": "Point",
        "coordinates": [
          -43.0924035,
          -22.8622231
        ]
      }
    },
    {
      "type": "Feature",
      "properties": {
        "ano": 2018,
        "nr_local": "1171",
        "label": "HUGO LEAL",
        "QT_VOTOS": 13,
        "n_secoes": 8,
        "nm_local": "ESCOLA MUNICIPAL ANTONIO COUTINHO DE AZEVEDO",
        "bairro": "SANTA BARBARA",
        "cargo": "DEPUTADO FEDERAL",
        "total_eleitores": 4787,
        "pct_mulheres": 56.3,
        "pct_homens": 43.7,
        "pct_genero_nao_informado": 0.0,
        "pct_jovens_16_24": 13.7,
        "pct_adultos_25_59": 64.8,
        "pct_60_mais": 21.5,
        "pct_idade_nao_informado": 0.0,
        "pct_ate_fundamental": 32.2,
        "pct_ensino_medio": 50.2,
        "pct_ensino_superior": 17.7,
        "pct_escolaridade_nao_informado": 0.0,
        "top1_nome": "CARLOS ROBERTO COELHO DE MATTOS JÚNIOR",
        "top1_partido": "Partido Social Liberal",
        "top1_votos": 332,
        "top2_nome": "FLORDELIS DOS SANTOS DE SOUZA",
        "top2_partido": "Partido Social Democrático",
        "top2_votos": 211,
        "top3_nome": "FRANCISCO JOSE D ANGELO PINTO",
        "top3_partido": "Partido Democrático Trabalhista",
        "top3_votos": 203,
        "total_votos_validos": 3546
      },
      "geometry": {
        "type": "Point",
        "coordinates": [
          -43.04869,
          -22.8756043
        ]
      }
    },
    {
      "type": "Feature",
      "properties": {
        "ano": 2018,
        "nr_local": "1180",
        "label": "HUGO LEAL",
        "QT_VOTOS": 9,
        "n_secoes": 4,
        "nm_local": "ESCOLA MUNICIPAL RACHIDE DA GLORIA SALIM SAKER",
        "bairro": "SANTA BARBARA",
        "cargo": "DEPUTADO FEDERAL",
        "total_eleitores": 2968,
        "pct_mulheres": 53.8,
        "pct_homens": 46.2,
        "pct_genero_nao_informado": 0.0,
        "pct_jovens_16_24": 18.0,
        "pct_adultos_25_59": 64.0,
        "pct_60_mais": 18.0,
        "pct_idade_nao_informado": 0.0,
        "pct_ate_fundamental": 30.6,
        "pct_ensino_medio": 52.0,
        "pct_ensino_superior": 17.4,
        "pct_escolaridade_nao_informado": 0.0,
        "top1_nome": "CARLOS ROBERTO COELHO DE MATTOS JÚNIOR",
        "top1_partido": "Partido Social Liberal",
        "top1_votos": 265,
        "top2_nome": "FRANCISCO JOSE D ANGELO PINTO",
        "top2_partido": "Partido Democrático Trabalhista",
        "top2_votos": 145,
        "top3_nome": "FERNANDO LOPES DE ALMEIDA",
        "top3_partido": "Partido Democrático Trabalhista",
        "top3_votos": 109,
        "total_votos_validos": 2079
      },
      "geometry": {
        "type": "Point",
        "coordinates": [
          -43.0488967,
          -22.8766134
        ]
      }
    },
    {
      "type": "Feature",
      "properties": {
        "ano": 2018,
        "nr_local": "1198",
        "label": "HUGO LEAL",
        "QT_VOTOS": 11,
        "n_secoes": 8,
        "nm_local": "CIEP 448 RUY FRAZÃO SOARES",
        "bairro": "ITAIPU",
        "cargo": "DEPUTADO FEDERAL",
        "total_eleitores": 4290,
        "pct_mulheres": 54.8,
        "pct_homens": 45.2,
        "pct_genero_nao_informado": 0.0,
        "pct_jovens_16_24": 11.3,
        "pct_adultos_25_59": 70.1,
        "pct_60_mais": 18.6,
        "pct_idade_nao_informado": 0.0,
        "pct_ate_fundamental": 32.1,
        "pct_ensino_medio": 40.3,
        "pct_ensino_superior": 27.6,
        "pct_escolaridade_nao_informado": 0.0,
        "top1_nome": "CARLOS ROBERTO COELHO DE MATTOS JÚNIOR",
        "top1_partido": "Partido Social Liberal",
        "top1_votos": 394,
        "top2_nome": "MARCELO RIBEIRO FREIXO",
        "top2_partido": "Partido Socialismo e Liberdade",
        "top2_votos": 139,
        "top3_nome": "ALTINEU CORTES FREITAS COUTINHO",
        "top3_partido": "Partido da República",
        "top3_votos": 129,
        "total_votos_validos": 3061
      },
      "geometry": {
        "type": "Point",
        "coordinates": [
          -43.0092644,
          -22.9356576
        ]
      }
    },
    {
      "type": "Feature",
      "properties": {
        "ano": 2018,
        "nr_local": "1201",
        "label": "HUGO LEAL",
        "QT_VOTOS": 1,
        "n_secoes": 1,
        "nm_local": "OFICINAS DO SENAI",
        "bairro": "BARRETO",
        "cargo": "DEPUTADO FEDERAL",
        "total_eleitores": 352,
        "pct_mulheres": 49.1,
        "pct_homens": 50.9,
        "pct_genero_nao_informado": 0.0,
        "pct_jovens_16_24": 3.1,
        "pct_adultos_25_59": 56.0,
        "pct_60_mais": 40.9,
        "pct_idade_nao_informado": 0.0,
        "pct_ate_fundamental": 23.3,
        "pct_ensino_medio": 44.3,
        "pct_ensino_superior": 32.4,
        "pct_escolaridade_nao_informado": 0.0,
        "top1_nome": "CARLOS ROBERTO COELHO DE MATTOS JÚNIOR",
        "top1_partido": "Partido Social Liberal",
        "top1_votos": 62,
        "top2_nome": "MARCELO RIBEIRO FREIXO",
        "top2_partido": "Partido Socialismo e Liberdade",
        "top2_votos": 48,
        "top3_nome": "HELIO FERNANDO BARBOSA LOPES",
        "top3_partido": "Partido Social Liberal",
        "top3_votos": 36,
        "total_votos_validos": 626
      },
      "geometry": {
        "type": "Point",
        "coordinates": [
          -43.1026046,
          -22.8614396
        ]
      }
    },
    {
      "type": "Feature",
      "properties": {
        "ano": 2018,
        "nr_local": "1210",
        "label": "HUGO LEAL",
        "QT_VOTOS": 11,
        "n_secoes": 7,
        "nm_local": "TIO SAM ESPORTE CLUBE",
        "bairro": "BARRETO",
        "cargo": "DEPUTADO FEDERAL",
        "total_eleitores": 3854,
        "pct_mulheres": 56.3,
        "pct_homens": 43.7,
        "pct_genero_nao_informado": 0.0,
        "pct_jovens_16_24": 5.1,
        "pct_adultos_25_59": 69.1,
        "pct_60_mais": 25.8,
        "pct_idade_nao_informado": 0.0,
        "pct_ate_fundamental": 20.5,
        "pct_ensino_medio": 45.9,
        "pct_ensino_superior": 33.6,
        "pct_escolaridade_nao_informado": 0.0,
        "top1_nome": "CARLOS ROBERTO COELHO DE MATTOS JÚNIOR",
        "top1_partido": "Partido Social Liberal",
        "top1_votos": 277,
        "top2_nome": "MARCELO RIBEIRO FREIXO",
        "top2_partido": "Partido Socialismo e Liberdade",
        "top2_votos": 170,
        "top3_nome": "ALESSANDRO LUCCIOLA MOLON",
        "top3_partido": "Partido Socialista Brasileiro",
        "top3_votos": 124,
        "total_votos_validos": 2698
      },
      "geometry": {
        "type": "Point",
        "coordinates": [
          -43.104502,
          -22.8719306
        ]
      }
    },
    {
      "type": "Feature",
      "properties": {
        "ano": 2018,
        "nr_local": "1236",
        "label": "HUGO LEAL",
        "QT_VOTOS": 16,
        "n_secoes": 9,
        "nm_local": "COLÉGIO ESTADUAL MULLULO DA VEIGA",
        "bairro": "ENGENHOCA",
        "cargo": "DEPUTADO FEDERAL",
        "total_eleitores": 3064,
        "pct_mulheres": 53.9,
        "pct_homens": 46.1,
        "pct_genero_nao_informado": 0.0,
        "pct_jovens_16_24": 18.8,
        "pct_adultos_25_59": 57.0,
        "pct_60_mais": 24.2,
        "pct_idade_nao_informado": 0.0,
        "pct_ate_fundamental": 36.1,
        "pct_ensino_medio": 50.8,
        "pct_ensino_superior": 13.1,
        "pct_escolaridade_nao_informado": 0.0,
        "top1_nome": "FRANCISCO JOSE D ANGELO PINTO",
        "top1_partido": "Partido Democrático Trabalhista",
        "top1_votos": 160,
        "top2_nome": "CARLOS ROBERTO COELHO DE MATTOS JÚNIOR",
        "top2_partido": "Partido Social Liberal",
        "top2_votos": 144,
        "top3_nome": "ANDRÉ LUIZ LAZARONI DE MORAES",
        "top3_partido": "Movimento Democrático Brasileiro",
        "top3_votos": 111,
        "total_votos_validos": 2028
      },
      "geometry": {
        "type": "Point",
        "coordinates": [
          -43.0988892,
          -22.8708282
        ]
      }
    },
    {
      "type": "Feature",
      "properties": {
        "ano": 2018,
        "nr_local": "1244",
        "label": "HUGO LEAL",
        "QT_VOTOS": 10,
        "n_secoes": 8,
        "nm_local": "ESCOLA ESTADUAL MANUEL DE ABREU",
        "bairro": "ICARAÍ",
        "cargo": "DEPUTADO FEDERAL",
        "total_eleitores": 6662,
        "pct_mulheres": 55.7,
        "pct_homens": 44.3,
        "pct_genero_nao_informado": 0.0,
        "pct_jovens_16_24": 10.2,
        "pct_adultos_25_59": 65.5,
        "pct_60_mais": 24.4,
        "pct_idade_nao_informado": 0.0,
        "pct_ate_fundamental": 12.3,
        "pct_ensino_medio": 31.2,
        "pct_ensino_superior": 56.6,
        "pct_escolaridade_nao_informado": 0.0,
        "top1_nome": "CARLOS ROBERTO COELHO DE MATTOS JÚNIOR",
        "top1_partido": "Partido Social Liberal",
        "top1_votos": 746,
        "top2_nome": "MARCELO RIBEIRO FREIXO",
        "top2_partido": "Partido Socialismo e Liberdade",
        "top2_votos": 313,
        "top3_nome": "TALIRIA PETRONE SOARES",
        "top3_partido": "Partido Socialismo e Liberdade",
        "top3_votos": 279,
        "total_votos_validos": 5086
      },
      "geometry": {
        "type": "Point",
        "coordinates": [
          -43.1071569,
          -22.9023086
        ]
      }
    },
    {
      "type": "Feature",
      "properties": {
        "ano": 2018,
        "nr_local": "1252",
        "label": "HUGO LEAL",
        "QT_VOTOS": 26,
        "n_secoes": 13,
        "nm_local": "ESCOLA MUNICIPAL ADELINO MAGALHÃES",
        "bairro": "ENGENHOCA",
        "cargo": "DEPUTADO FEDERAL",
        "total_eleitores": 6482,
        "pct_mulheres": 54.4,
        "pct_homens": 45.6,
        "pct_genero_nao_informado": 0.0,
        "pct_jovens_16_24": 11.7,
        "pct_adultos_25_59": 66.7,
        "pct_60_mais": 21.6,
        "pct_idade_nao_informado": 0.0,
        "pct_ate_fundamental": 36.7,
        "pct_ensino_medio": 44.3,
        "pct_ensino_superior": 19.0,
        "pct_escolaridade_nao_informado": 0.0,
        "top1_nome": "CARLOS ROBERTO COELHO DE MATTOS JÚNIOR",
        "top1_partido": "Partido Social Liberal",
        "top1_votos": 370,
        "top2_nome": "FRANCISCO JOSE D ANGELO PINTO",
        "top2_partido": "Partido Democrático Trabalhista",
        "top2_votos": 259,
        "top3_nome": "ANDRÉ LUIZ LAZARONI DE MORAES",
        "top3_partido": "Movimento Democrático Brasileiro",
        "top3_votos": 243,
        "total_votos_validos": 4498
      },
      "geometry": {
        "type": "Point",
        "coordinates": [
          -43.0944571,
          -22.8739038
        ]
      }
    },
    {
      "type": "Feature",
      "properties": {
        "ano": 2018,
        "nr_local": "1260",
        "label": "HUGO LEAL",
        "QT_VOTOS": 29,
        "n_secoes": 18,
        "nm_local": "INSTITUTO ABEL",
        "bairro": "ICARAÍ",
        "cargo": "DEPUTADO FEDERAL",
        "total_eleitores": 9937,
        "pct_mulheres": 55.5,
        "pct_homens": 44.5,
        "pct_genero_nao_informado": 0.0,
        "pct_jovens_16_24": 12.2,
        "pct_adultos_25_59": 64.3,
        "pct_60_mais": 23.5,
        "pct_idade_nao_informado": 0.0,
        "pct_ate_fundamental": 6.2,
        "pct_ensino_medio": 30.9,
        "pct_ensino_superior": 62.9,
        "pct_escolaridade_nao_informado": 0.0,
        "top1_nome": "CARLOS ROBERTO COELHO DE MATTOS JÚNIOR",
        "top1_partido": "Partido Social Liberal",
        "top1_votos": 1065,
        "top2_nome": "MARCELO RIBEIRO FREIXO",
        "top2_partido": "Partido Socialismo e Liberdade",
        "top2_votos": 663,
        "top3_nome": "TALIRIA PETRONE SOARES",
        "top3_partido": "Partido Socialismo e Liberdade",
        "top3_votos": 572,
        "total_votos_validos": 7596
      },
      "geometry": {
        "type": "Point",
        "coordinates": [
          -43.1094942,
          -22.9004168
        ]
      }
    },
    {
      "type": "Feature",
      "properties": {
        "ano": 2018,
        "nr_local": "1279",
        "label": "HUGO LEAL",
        "QT_VOTOS": 5,
        "n_secoes": 3,
        "nm_local": "INSTITUTO FOKUS (ANTIGO INTERAÇÃO CRECHE ESCOLA)",
        "bairro": "CAMBOINHAS",
        "cargo": "DEPUTADO FEDERAL",
        "total_eleitores": 1383,
        "pct_mulheres": 53.7,
        "pct_homens": 46.3,
        "pct_genero_nao_informado": 0.0,
        "pct_jovens_16_24": 8.6,
        "pct_adultos_25_59": 65.4,
        "pct_60_mais": 26.0,
        "pct_idade_nao_informado": 0.0,
        "pct_ate_fundamental": 2.3,
        "pct_ensino_medio": 20.9,
        "pct_ensino_superior": 76.8,
        "pct_escolaridade_nao_informado": 0.0,
        "top1_nome": "CARLOS ROBERTO COELHO DE MATTOS JÚNIOR",
        "top1_partido": "Partido Social Liberal",
        "top1_votos": 147,
        "top2_nome": "MARCELO RIBEIRO FREIXO",
        "top2_partido": "Partido Socialismo e Liberdade",
        "top2_votos": 63,
        "top3_nome": "HELIO FERNANDO BARBOSA LOPES",
        "top3_partido": "Partido Social Liberal",
        "top3_votos": 61,
        "total_votos_validos": 1105
      },
      "geometry": {
        "type": "Point",
        "coordinates": [
          -43.062822,
          -22.9542456
        ]
      }
    },
    {
      "type": "Feature",
      "properties": {
        "ano": 2018,
        "nr_local": "1287",
        "label": "HUGO LEAL",
        "QT_VOTOS": 3,
        "n_secoes": 2,
        "nm_local": "ESCOLA MUNICIPAL PROF MARCOS WALDEMAR DE FREITAS REIS",
        "bairro": "ITAIPU",
        "cargo": "DEPUTADO FEDERAL",
        "total_eleitores": 1156,
        "pct_mulheres": 52.7,
        "pct_homens": 47.3,
        "pct_genero_nao_informado": 0.0,
        "pct_jovens_16_24": 19.4,
        "pct_adultos_25_59": 63.1,
        "pct_60_mais": 17.6,
        "pct_idade_nao_informado": 0.0,
        "pct_ate_fundamental": 11.7,
        "pct_ensino_medio": 32.3,
        "pct_ensino_superior": 56.1,
        "pct_escolaridade_nao_informado": 0.0,
        "top1_nome": "CARLOS ROBERTO COELHO DE MATTOS JÚNIOR",
        "top1_partido": "Partido Social Liberal",
        "top1_votos": 118,
        "top2_nome": "TALIRIA PETRONE SOARES",
        "top2_partido": "Partido Socialismo e Liberdade",
        "top2_votos": 63,
        "top3_nome": "MARCELO RIBEIRO FREIXO",
        "top3_partido": "Partido Socialismo e Liberdade",
        "top3_votos": 60,
        "total_votos_validos": 855
      },
      "geometry": {
        "type": "Point",
        "coordinates": [
          -43.0330724,
          -22.9615628
        ]
      }
    },
    {
      "type": "Feature",
      "properties": {
        "ano": 2018,
        "nr_local": "1295",
        "label": "HUGO LEAL",
        "QT_VOTOS": 30,
        "n_secoes": 18,
        "nm_local": "UMEI PROFA ODETE ROSA DA MOTA",
        "bairro": "ITAIPU",
        "cargo": "DEPUTADO FEDERAL",
        "total_eleitores": 8890,
        "pct_mulheres": 55.1,
        "pct_homens": 44.9,
        "pct_genero_nao_informado": 0.0,
        "pct_jovens_16_24": 12.3,
        "pct_adultos_25_59": 61.2,
        "pct_60_mais": 26.5,
        "pct_idade_nao_informado": 0.0,
        "pct_ate_fundamental": 13.4,
        "pct_ensino_medio": 33.1,
        "pct_ensino_superior": 53.4,
        "pct_escolaridade_nao_informado": 0.0,
        "top1_nome": "CARLOS ROBERTO COELHO DE MATTOS JÚNIOR",
        "top1_partido": "Partido Social Liberal",
        "top1_votos": 836,
        "top2_nome": "TALIRIA PETRONE SOARES",
        "top2_partido": "Partido Socialismo e Liberdade",
        "top2_votos": 497,
        "top3_nome": "MARCELO RIBEIRO FREIXO",
        "top3_partido": "Partido Socialismo e Liberdade",
        "top3_votos": 494,
        "total_votos_validos": 6489
      },
      "geometry": {
        "type": "Point",
        "coordinates": [
          -43.02859,
          -22.9532368
        ]
      }
    },
    {
      "type": "Feature",
      "properties": {
        "ano": 2018,
        "nr_local": "1309",
        "label": "HUGO LEAL",
        "QT_VOTOS": 10,
        "n_secoes": 6,
        "nm_local": "CURSO MARLY CURY",
        "bairro": "SANTA ROSA",
        "cargo": "DEPUTADO FEDERAL",
        "total_eleitores": 4070,
        "pct_mulheres": 57.5,
        "pct_homens": 42.5,
        "pct_genero_nao_informado": 0.0,
        "pct_jovens_16_24": 9.3,
        "pct_adultos_25_59": 65.1,
        "pct_60_mais": 25.6,
        "pct_idade_nao_informado": 0.0,
        "pct_ate_fundamental": 4.1,
        "pct_ensino_medio": 22.6,
        "pct_ensino_superior": 73.3,
        "pct_escolaridade_nao_informado": 0.0,
        "top1_nome": "CARLOS ROBERTO COELHO DE MATTOS JÚNIOR",
        "top1_partido": "Partido Social Liberal",
        "top1_votos": 417,
        "top2_nome": "TALIRIA PETRONE SOARES",
        "top2_partido": "Partido Socialismo e Liberdade",
        "top2_votos": 299,
        "top3_nome": "MARCELO RIBEIRO FREIXO",
        "top3_partido": "Partido Socialismo e Liberdade",
        "top3_votos": 272,
        "total_votos_validos": 3250
      },
      "geometry": {
        "type": "Point",
        "coordinates": [
          -43.1019227,
          -22.9054777
        ]
      }
    },
    {
      "type": "Feature",
      "properties": {
        "ano": 2018,
        "nr_local": "1317",
        "label": "HUGO LEAL",
        "QT_VOTOS": 22,
        "n_secoes": 12,
        "nm_local": "ESCOLA ESTADUAL BALTAZAR BERNARDINO",
        "bairro": "SANTA ROSA",
        "cargo": "DEPUTADO FEDERAL",
        "total_eleitores": 7796,
        "pct_mulheres": 55.0,
        "pct_homens": 45.0,
        "pct_genero_nao_informado": 0.0,
        "pct_jovens_16_24": 14.4,
        "pct_adultos_25_59": 61.8,
        "pct_60_mais": 23.8,
        "pct_idade_nao_informado": 0.0,
        "pct_ate_fundamental": 15.6,
        "pct_ensino_medio": 36.0,
        "pct_ensino_superior": 48.4,
        "pct_escolaridade_nao_informado": 0.0,
        "top1_nome": "CARLOS ROBERTO COELHO DE MATTOS JÚNIOR",
        "top1_partido": "Partido Social Liberal",
        "top1_votos": 765,
        "top2_nome": "MARCELO RIBEIRO FREIXO",
        "top2_partido": "Partido Socialismo e Liberdade",
        "top2_votos": 382,
        "top3_nome": "TALIRIA PETRONE SOARES",
        "top3_partido": "Partido Socialismo e Liberdade",
        "top3_votos": 364,
        "total_votos_validos": 5686
      },
      "geometry": {
        "type": "Point",
        "coordinates": [
          -43.1012931,
          -22.9032359
        ]
      }
    },
    {
      "type": "Feature",
      "properties": {
        "ano": 2018,
        "nr_local": "1325",
        "label": "HUGO LEAL",
        "QT_VOTOS": 13,
        "n_secoes": 8,
        "nm_local": "ESCOLA MUNICIPAL SÍTIO DO IPÊ",
        "bairro": "MARIA PAULA",
        "cargo": "DEPUTADO FEDERAL",
        "total_eleitores": 6358,
        "pct_mulheres": 57.5,
        "pct_homens": 42.5,
        "pct_genero_nao_informado": 0.0,
        "pct_jovens_16_24": 18.2,
        "pct_adultos_25_59": 60.2,
        "pct_60_mais": 21.6,
        "pct_idade_nao_informado": 0.0,
        "pct_ate_fundamental": 28.2,
        "pct_ensino_medio": 44.6,
        "pct_ensino_superior": 27.2,
        "pct_escolaridade_nao_informado": 0.0,
        "top1_nome": "CARLOS ROBERTO COELHO DE MATTOS JÚNIOR",
        "top1_partido": "Partido Social Liberal",
        "top1_votos": 377,
        "top2_nome": "FRANCISCO JOSE D ANGELO PINTO",
        "top2_partido": "Partido Democrático Trabalhista",
        "top2_votos": 261,
        "top3_nome": "TALIRIA PETRONE SOARES",
        "top3_partido": "Partido Socialismo e Liberdade",
        "top3_votos": 254,
        "total_votos_validos": 4298
      },
      "geometry": {
        "type": "Point",
        "coordinates": [
          -43.0267087,
          -22.8821134
        ]
      }
    },
    {
      "type": "Feature",
      "properties": {
        "ano": 2018,
        "nr_local": "1333",
        "label": "HUGO LEAL",
        "QT_VOTOS": 8,
        "n_secoes": 6,
        "nm_local": "ESCOLA ME NINAR",
        "bairro": "ITAIPU",
        "cargo": "DEPUTADO FEDERAL",
        "total_eleitores": 3612,
        "pct_mulheres": 57.3,
        "pct_homens": 42.7,
        "pct_genero_nao_informado": 0.0,
        "pct_jovens_16_24": 16.3,
        "pct_adultos_25_59": 62.0,
        "pct_60_mais": 21.8,
        "pct_idade_nao_informado": 0.0,
        "pct_ate_fundamental": 11.6,
        "pct_ensino_medio": 35.2,
        "pct_ensino_superior": 53.2,
        "pct_escolaridade_nao_informado": 0.0,
        "top1_nome": "CARLOS ROBERTO COELHO DE MATTOS JÚNIOR",
        "top1_partido": "Partido Social Liberal",
        "top1_votos": 344,
        "top2_nome": "TALIRIA PETRONE SOARES",
        "top2_partido": "Partido Socialismo e Liberdade",
        "top2_votos": 254,
        "top3_nome": "MARCELO RIBEIRO FREIXO",
        "top3_partido": "Partido Socialismo e Liberdade",
        "top3_votos": 243,
        "total_votos_validos": 2739
      },
      "geometry": {
        "type": "Point",
        "coordinates": [
          -43.0442198,
          -22.9408099
        ]
      }
    },
    {
      "type": "Feature",
      "properties": {
        "ano": 2018,
        "nr_local": "1341",
        "label": "HUGO LEAL",
        "QT_VOTOS": 2,
        "n_secoes": 1,
        "nm_local": "SOPRECAM",
        "bairro": "CAMBOINHAS",
        "cargo": "DEPUTADO FEDERAL",
        "total_eleitores": 524,
        "pct_mulheres": 53.6,
        "pct_homens": 46.4,
        "pct_genero_nao_informado": 0.0,
        "pct_jovens_16_24": 9.2,
        "pct_adultos_25_59": 54.0,
        "pct_60_mais": 36.8,
        "pct_idade_nao_informado": 0.0,
        "pct_ate_fundamental": 2.5,
        "pct_ensino_medio": 22.5,
        "pct_ensino_superior": 75.0,
        "pct_escolaridade_nao_informado": 0.0,
        "top1_nome": "CARLOS ROBERTO COELHO DE MATTOS JÚNIOR",
        "top1_partido": "Partido Social Liberal",
        "top1_votos": 48,
        "top2_nome": "MARCELO RIBEIRO FREIXO",
        "top2_partido": "Partido Socialismo e Liberdade",
        "top2_votos": 27,
        "top3_nome": "ALESSANDRO LUCCIOLA MOLON",
        "top3_partido": "Partido Socialista Brasileiro",
        "top3_votos": 22,
        "total_votos_validos": 424
      },
      "geometry": {
        "type": "Point",
        "coordinates": [
          -43.0584356,
          -22.9537053
        ]
      }
    },
    {
      "type": "Feature",
      "properties": {
        "ano": 2018,
        "nr_local": "1350",
        "label": "HUGO LEAL",
        "QT_VOTOS": 3,
        "n_secoes": 2,
        "nm_local": "ESCOLA MUNICIPAL MARALEGRE",
        "bairro": "CAFUBÁ",
        "cargo": "DEPUTADO FEDERAL",
        "total_eleitores": 1311,
        "pct_mulheres": 58.4,
        "pct_homens": 41.6,
        "pct_genero_nao_informado": 0.0,
        "pct_jovens_16_24": 18.5,
        "pct_adultos_25_59": 55.8,
        "pct_60_mais": 25.7,
        "pct_idade_nao_informado": 0.0,
        "pct_ate_fundamental": 31.1,
        "pct_ensino_medio": 48.1,
        "pct_ensino_superior": 20.8,
        "pct_escolaridade_nao_informado": 0.0,
        "top1_nome": "CARLOS ROBERTO COELHO DE MATTOS JÚNIOR",
        "top1_partido": "Partido Social Liberal",
        "top1_votos": 85,
        "top2_nome": "MARCELO RIBEIRO FREIXO",
        "top2_partido": "Partido Socialismo e Liberdade",
        "top2_votos": 53,
        "top3_nome": "FRANCISCO JOSE D ANGELO PINTO",
        "top3_partido": "Partido Democrático Trabalhista",
        "top3_votos": 47,
        "total_votos_validos": 857
      },
      "geometry": {
        "type": "Point",
        "coordinates": [
          -43.0724233,
          -22.9362723
        ]
      }
    },
    {
      "type": "Feature",
      "properties": {
        "ano": 2018,
        "nr_local": "1368",
        "label": "HUGO LEAL",
        "QT_VOTOS": 30,
        "n_secoes": 17,
        "nm_local": "INSTITUTO SÃO JOSÉ",
        "bairro": "SANTA ROSA",
        "cargo": "DEPUTADO FEDERAL",
        "total_eleitores": 7954,
        "pct_mulheres": 56.4,
        "pct_homens": 43.6,
        "pct_genero_nao_informado": 0.0,
        "pct_jovens_16_24": 14.9,
        "pct_adultos_25_59": 65.2,
        "pct_60_mais": 19.9,
        "pct_idade_nao_informado": 0.0,
        "pct_ate_fundamental": 28.0,
        "pct_ensino_medio": 36.1,
        "pct_ensino_superior": 35.9,
        "pct_escolaridade_nao_informado": 0.0,
        "top1_nome": "CARLOS ROBERTO COELHO DE MATTOS JÚNIOR",
        "top1_partido": "Partido Social Liberal",
        "top1_votos": 600,
        "top2_nome": "TALIRIA PETRONE SOARES",
        "top2_partido": "Partido Socialismo e Liberdade",
        "top2_votos": 334,
        "top3_nome": "MARCELO RIBEIRO FREIXO",
        "top3_partido": "Partido Socialismo e Liberdade",
        "top3_votos": 287,
        "total_votos_validos": 5711
      },
      "geometry": {
        "type": "Point",
        "coordinates": [
          -43.1018878,
          -22.901754
        ]
      }
    },
    {
      "type": "Feature",
      "properties": {
        "ano": 2018,
        "nr_local": "1392",
        "label": "HUGO LEAL",
        "QT_VOTOS": 4,
        "n_secoes": 4,
        "nm_local": "FACULDADE DE VETERINARIA DA UFF",
        "bairro": "VITAL BRASIL",
        "cargo": "DEPUTADO FEDERAL",
        "total_eleitores": 5149,
        "pct_mulheres": 56.0,
        "pct_homens": 44.0,
        "pct_genero_nao_informado": 0.0,
        "pct_jovens_16_24": 8.7,
        "pct_adultos_25_59": 67.1,
        "pct_60_mais": 24.2,
        "pct_idade_nao_informado": 0.0,
        "pct_ate_fundamental": 10.1,
        "pct_ensino_medio": 28.9,
        "pct_ensino_superior": 60.9,
        "pct_escolaridade_nao_informado": 0.0,
        "top1_nome": "CARLOS ROBERTO COELHO DE MATTOS JÚNIOR",
        "top1_partido": "Partido Social Liberal",
        "top1_votos": 459,
        "top2_nome": "MARCELO RIBEIRO FREIXO",
        "top2_partido": "Partido Socialismo e Liberdade",
        "top2_votos": 311,
        "top3_nome": "TALIRIA PETRONE SOARES",
        "top3_partido": "Partido Socialismo e Liberdade",
        "top3_votos": 292,
        "total_votos_validos": 3945
      },
      "geometry": {
        "type": "Point",
        "coordinates": [
          -43.098407,
          -22.904908
        ]
      }
    },
    {
      "type": "Feature",
      "properties": {
        "ano": 2018,
        "nr_local": "1406",
        "label": "HUGO LEAL",
        "QT_VOTOS": 2,
        "n_secoes": 2,
        "nm_local": "COLÉGIO NITERÓI",
        "bairro": "ENGENHOCA",
        "cargo": "DEPUTADO FEDERAL",
        "total_eleitores": 1830,
        "pct_mulheres": 55.6,
        "pct_homens": 44.4,
        "pct_genero_nao_informado": 0.0,
        "pct_jovens_16_24": 17.5,
        "pct_adultos_25_59": 58.8,
        "pct_60_mais": 23.7,
        "pct_idade_nao_informado": 0.0,
        "pct_ate_fundamental": 36.1,
        "pct_ensino_medio": 50.4,
        "pct_ensino_superior": 13.6,
        "pct_escolaridade_nao_informado": 0.0,
        "top1_nome": "CARLOS ROBERTO COELHO DE MATTOS JÚNIOR",
        "top1_partido": "Partido Social Liberal",
        "top1_votos": 87,
        "top2_nome": "FLORDELIS DOS SANTOS DE SOUZA",
        "top2_partido": "Partido Social Democrático",
        "top2_votos": 85,
        "top3_nome": "VERONICA DOS SANTOS LIMA",
        "top3_partido": "Partido dos Trabalhadores",
        "top3_votos": 84,
        "total_votos_validos": 1254
      },
      "geometry": {
        "type": "Point",
        "coordinates": [
          -43.1018717,
          -22.8706133
        ]
      }
    },
    {
      "type": "Feature",
      "properties": {
        "ano": 2018,
        "nr_local": "1414",
        "label": "HUGO LEAL",
        "QT_VOTOS": 5,
        "n_secoes": 3,
        "nm_local": "UNIVERSIDADE SALGADO DE OLIVEIRA - BL B (PRÓXIMO AO GUANABARA)",
        "bairro": "CENTRO",
        "cargo": "DEPUTADO FEDERAL",
        "total_eleitores": 1942,
        "pct_mulheres": 55.7,
        "pct_homens": 44.3,
        "pct_genero_nao_informado": 0.0,
        "pct_jovens_16_24": 14.1,
        "pct_adultos_25_59": 67.0,
        "pct_60_mais": 18.8,
        "pct_idade_nao_informado": 0.0,
        "pct_ate_fundamental": 22.1,
        "pct_ensino_medio": 42.1,
        "pct_ensino_superior": 35.8,
        "pct_escolaridade_nao_informado": 0.0,
        "top1_nome": "CARLOS ROBERTO COELHO DE MATTOS JÚNIOR",
        "top1_partido": "Partido Social Liberal",
        "top1_votos": 138,
        "top2_nome": "MARCELO RIBEIRO FREIXO",
        "top2_partido": "Partido Socialismo e Liberdade",
        "top2_votos": 91,
        "top3_nome": "TALIRIA PETRONE SOARES",
        "top3_partido": "Partido Socialismo e Liberdade",
        "top3_votos": 71,
        "total_votos_validos": 1315
      },
      "geometry": {
        "type": "Point",
        "coordinates": [
          -43.1172001,
          -22.8893447
        ]
      }
    },
    {
      "type": "Feature",
      "properties": {
        "ano": 2018,
        "nr_local": "1422",
        "label": "HUGO LEAL",
        "QT_VOTOS": 7,
        "n_secoes": 4,
        "nm_local": "CLUBE PORTUGUES DE NITEROI",
        "bairro": "SÃO DOMINGOS",
        "cargo": "DEPUTADO FEDERAL",
        "total_eleitores": 1977,
        "pct_mulheres": 54.6,
        "pct_homens": 45.4,
        "pct_genero_nao_informado": 0.0,
        "pct_jovens_16_24": 5.9,
        "pct_adultos_25_59": 59.0,
        "pct_60_mais": 35.1,
        "pct_idade_nao_informado": 0.0,
        "pct_ate_fundamental": 10.7,
        "pct_ensino_medio": 23.8,
        "pct_ensino_superior": 65.5,
        "pct_escolaridade_nao_informado": 0.0,
        "top1_nome": "CARLOS ROBERTO COELHO DE MATTOS JÚNIOR",
        "top1_partido": "Partido Social Liberal",
        "top1_votos": 188,
        "top2_nome": "TALIRIA PETRONE SOARES",
        "top2_partido": "Partido Socialismo e Liberdade",
        "top2_votos": 115,
        "top3_nome": "MARCELO RIBEIRO FREIXO",
        "top3_partido": "Partido Socialismo e Liberdade",
        "top3_votos": 112,
        "total_votos_validos": 1501
      },
      "geometry": {
        "type": "Point",
        "coordinates": [
          -43.1274594,
          -22.9021482
        ]
      }
    },
    {
      "type": "Feature",
      "properties": {
        "ano": 2018,
        "nr_local": "1430",
        "label": "HUGO LEAL",
        "QT_VOTOS": 28,
        "n_secoes": 14,
        "nm_local": "COLEGIO ESTADUAL AURELINO LEAL",
        "bairro": "INGÁ",
        "cargo": "DEPUTADO FEDERAL",
        "total_eleitores": 6469,
        "pct_mulheres": 56.7,
        "pct_homens": 43.3,
        "pct_genero_nao_informado": 0.0,
        "pct_jovens_16_24": 12.5,
        "pct_adultos_25_59": 63.0,
        "pct_60_mais": 24.5,
        "pct_idade_nao_informado": 0.0,
        "pct_ate_fundamental": 24.8,
        "pct_ensino_medio": 43.1,
        "pct_ensino_superior": 32.1,
        "pct_escolaridade_nao_informado": 0.0,
        "top1_nome": "CARLOS ROBERTO COELHO DE MATTOS JÚNIOR",
        "top1_partido": "Partido Social Liberal",
        "top1_votos": 411,
        "top2_nome": "FRANCISCO JOSE D ANGELO PINTO",
        "top2_partido": "Partido Democrático Trabalhista",
        "top2_votos": 262,
        "top3_nome": "MARCELO RIBEIRO FREIXO",
        "top3_partido": "Partido Socialismo e Liberdade",
        "top3_votos": 243,
        "total_votos_validos": 4420
      },
      "geometry": {
        "type": "Point",
        "coordinates": [
          -43.1254512,
          -22.9033321
        ]
      }
    },
    {
      "type": "Feature",
      "properties": {
        "ano": 2018,
        "nr_local": "1449",
        "label": "HUGO LEAL",
        "QT_VOTOS": 25,
        "n_secoes": 15,
        "nm_local": "CIEP 450 - BADU",
        "bairro": "BADU",
        "cargo": "DEPUTADO FEDERAL",
        "total_eleitores": 13104,
        "pct_mulheres": 53.7,
        "pct_homens": 46.3,
        "pct_genero_nao_informado": 0.0,
        "pct_jovens_16_24": 12.2,
        "pct_adultos_25_59": 66.6,
        "pct_60_mais": 21.2,
        "pct_idade_nao_informado": 0.0,
        "pct_ate_fundamental": 29.7,
        "pct_ensino_medio": 40.9,
        "pct_ensino_superior": 29.4,
        "pct_escolaridade_nao_informado": 0.0,
        "top1_nome": "CARLOS ROBERTO COELHO DE MATTOS JÚNIOR",
        "top1_partido": "Partido Social Liberal",
        "top1_votos": 993,
        "top2_nome": "TALIRIA PETRONE SOARES",
        "top2_partido": "Partido Socialismo e Liberdade",
        "top2_votos": 472,
        "top3_nome": "MARCELO RIBEIRO FREIXO",
        "top3_partido": "Partido Socialismo e Liberdade",
        "top3_votos": 460,
        "total_votos_validos": 9084
      },
      "geometry": {
        "type": "Point",
        "coordinates": [
          -43.0566124,
          -22.9071974
        ]
      }
    },
    {
      "type": "Feature",
      "properties": {
        "ano": 2018,
        "nr_local": "1457",
        "label": "HUGO LEAL",
        "QT_VOTOS": 2,
        "n_secoes": 2,
        "nm_local": "ÁGUAS DE NITEROI",
        "bairro": "CENTRO",
        "cargo": "DEPUTADO FEDERAL",
        "total_eleitores": 5810,
        "pct_mulheres": 56.5,
        "pct_homens": 43.5,
        "pct_genero_nao_informado": 0.0,
        "pct_jovens_16_24": 12.3,
        "pct_adultos_25_59": 62.3,
        "pct_60_mais": 25.4,
        "pct_idade_nao_informado": 0.0,
        "pct_ate_fundamental": 20.7,
        "pct_ensino_medio": 41.8,
        "pct_ensino_superior": 37.4,
        "pct_escolaridade_nao_informado": 0.0,
        "top1_nome": "CARLOS ROBERTO COELHO DE MATTOS JÚNIOR",
        "top1_partido": "Partido Social Liberal",
        "top1_votos": 460,
        "top2_nome": "MARCELO RIBEIRO FREIXO",
        "top2_partido": "Partido Socialismo e Liberdade",
        "top2_votos": 250,
        "top3_nome": "TALIRIA PETRONE SOARES",
        "top3_partido": "Partido Socialismo e Liberdade",
        "top3_votos": 219,
        "total_votos_validos": 3960
      },
      "geometry": {
        "type": "Point",
        "coordinates": [
          -43.1141378,
          -22.8915411
        ]
      }
    },
    {
      "type": "Feature",
      "properties": {
        "ano": 2018,
        "nr_local": "1465",
        "label": "HUGO LEAL",
        "QT_VOTOS": 11,
        "n_secoes": 7,
        "nm_local": "CENTRO UNIVERSITÁRIO ANHANGUERA (ANTIGO PLÍNIO LEITE)",
        "bairro": "CENTRO",
        "cargo": "DEPUTADO FEDERAL",
        "total_eleitores": 3775,
        "pct_mulheres": 54.1,
        "pct_homens": 45.9,
        "pct_genero_nao_informado": 0.0,
        "pct_jovens_16_24": 12.0,
        "pct_adultos_25_59": 62.5,
        "pct_60_mais": 25.5,
        "pct_idade_nao_informado": 0.0,
        "pct_ate_fundamental": 16.3,
        "pct_ensino_medio": 41.6,
        "pct_ensino_superior": 42.1,
        "pct_escolaridade_nao_informado": 0.0,
        "top1_nome": "CARLOS ROBERTO COELHO DE MATTOS JÚNIOR",
        "top1_partido": "Partido Social Liberal",
        "top1_votos": 291,
        "top2_nome": "MARCELO RIBEIRO FREIXO",
        "top2_partido": "Partido Socialismo e Liberdade",
        "top2_votos": 183,
        "top3_nome": "TALIRIA PETRONE SOARES",
        "top3_partido": "Partido Socialismo e Liberdade",
        "top3_votos": 171,
        "total_votos_validos": 2647
      },
      "geometry": {
        "type": "Point",
        "coordinates": [
          -43.1245632,
          -22.8869267
        ]
      }
    },
    {
      "type": "Feature",
      "properties": {
        "ano": 2018,
        "nr_local": "1473",
        "label": "HUGO LEAL",
        "QT_VOTOS": 32,
        "n_secoes": 18,
        "nm_local": "COLÉGIO FORUM CULTURAL",
        "bairro": "CANTAGALO",
        "cargo": "DEPUTADO FEDERAL",
        "total_eleitores": 10305,
        "pct_mulheres": 54.3,
        "pct_homens": 45.7,
        "pct_genero_nao_informado": 0.0,
        "pct_jovens_16_24": 14.6,
        "pct_adultos_25_59": 65.6,
        "pct_60_mais": 19.7,
        "pct_idade_nao_informado": 0.0,
        "pct_ate_fundamental": 31.2,
        "pct_ensino_medio": 39.3,
        "pct_ensino_superior": 29.5,
        "pct_escolaridade_nao_informado": 0.0,
        "top1_nome": "CARLOS ROBERTO COELHO DE MATTOS JÚNIOR",
        "top1_partido": "Partido Social Liberal",
        "top1_votos": 782,
        "top2_nome": "VERONICA DOS SANTOS LIMA",
        "top2_partido": "Partido dos Trabalhadores",
        "top2_votos": 464,
        "top3_nome": "MARCELO RIBEIRO FREIXO",
        "top3_partido": "Partido Socialismo e Liberdade",
        "top3_votos": 377,
        "total_votos_validos": 7250
      },
      "geometry": {
        "type": "Point",
        "coordinates": [
          -43.0490094,
          -22.9163184
        ]
      }
    },
    {
      "type": "Feature",
      "properties": {
        "ano": 2018,
        "nr_local": "1481",
        "label": "HUGO LEAL",
        "QT_VOTOS": 15,
        "n_secoes": 10,
        "nm_local": "ESCOLA MUNICIPAL MAESTRO HEITOR VILLA-LOBOS (''COLÉGIO NOVO'')",
        "bairro": "ILHA DA CONCEIÇÃO",
        "cargo": "DEPUTADO FEDERAL",
        "total_eleitores": 5890,
        "pct_mulheres": 53.6,
        "pct_homens": 46.4,
        "pct_genero_nao_informado": 0.0,
        "pct_jovens_16_24": 12.2,
        "pct_adultos_25_59": 64.9,
        "pct_60_mais": 22.9,
        "pct_idade_nao_informado": 0.0,
        "pct_ate_fundamental": 30.8,
        "pct_ensino_medio": 49.5,
        "pct_ensino_superior": 19.6,
        "pct_escolaridade_nao_informado": 0.0,
        "top1_nome": "CARLOS ROBERTO COELHO DE MATTOS JÚNIOR",
        "top1_partido": "Partido Social Liberal",
        "top1_votos": 360,
        "top2_nome": "WASHINGTON LUIZ CARDOSO SIQUEIRA",
        "top2_partido": "Partido dos Trabalhadores",
        "top2_votos": 304,
        "top3_nome": "FRANCISCO JOSE D ANGELO PINTO",
        "top3_partido": "Partido Democrático Trabalhista",
        "top3_votos": 233,
        "total_votos_validos": 3973
      },
      "geometry": {
        "type": "Point",
        "coordinates": [
          -43.1156463,
          -22.8731482
        ]
      }
    },
    {
      "type": "Feature",
      "properties": {
        "ano": 2018,
        "nr_local": "1490",
        "label": "HUGO LEAL",
        "QT_VOTOS": 3,
        "n_secoes": 2,
        "nm_local": "IGREJA BATISTA DO FONSECA",
        "bairro": "FONSECA",
        "cargo": "DEPUTADO FEDERAL",
        "total_eleitores": 1929,
        "pct_mulheres": 56.2,
        "pct_homens": 43.8,
        "pct_genero_nao_informado": 0.0,
        "pct_jovens_16_24": 8.6,
        "pct_adultos_25_59": 61.8,
        "pct_60_mais": 29.6,
        "pct_idade_nao_informado": 0.0,
        "pct_ate_fundamental": 18.8,
        "pct_ensino_medio": 42.0,
        "pct_ensino_superior": 39.2,
        "pct_escolaridade_nao_informado": 0.0,
        "top1_nome": "CARLOS ROBERTO COELHO DE MATTOS JÚNIOR",
        "top1_partido": "Partido Social Liberal",
        "top1_votos": 151,
        "top2_nome": "MARCELO RIBEIRO FREIXO",
        "top2_partido": "Partido Socialismo e Liberdade",
        "top2_votos": 93,
        "top3_nome": "HELIO FERNANDO BARBOSA LOPES",
        "top3_partido": "Partido Social Liberal",
        "top3_votos": 69,
        "total_votos_validos": 1345
      },
      "geometry": {
        "type": "Point",
        "coordinates": [
          -43.0865383,
          -22.8810878
        ]
      }
    },
    {
      "type": "Feature",
      "properties": {
        "ano": 2018,
        "nr_local": "1503",
        "label": "HUGO LEAL",
        "QT_VOTOS": 18,
        "n_secoes": 7,
        "nm_local": "SERVICO DE ASSISTENCIA SOCIAL SAO DOMINGOS SAVIO",
        "bairro": "SANTA ROSA",
        "cargo": "DEPUTADO FEDERAL",
        "total_eleitores": 2841,
        "pct_mulheres": 55.2,
        "pct_homens": 44.8,
        "pct_genero_nao_informado": 0.0,
        "pct_jovens_16_24": 16.5,
        "pct_adultos_25_59": 61.4,
        "pct_60_mais": 22.1,
        "pct_idade_nao_informado": 0.0,
        "pct_ate_fundamental": 18.0,
        "pct_ensino_medio": 37.1,
        "pct_ensino_superior": 44.9,
        "pct_escolaridade_nao_informado": 0.0,
        "top1_nome": "CARLOS ROBERTO COELHO DE MATTOS JÚNIOR",
        "top1_partido": "Partido Social Liberal",
        "top1_votos": 259,
        "top2_nome": "TALIRIA PETRONE SOARES",
        "top2_partido": "Partido Socialismo e Liberdade",
        "top2_votos": 204,
        "top3_nome": "MARCELO RIBEIRO FREIXO",
        "top3_partido": "Partido Socialismo e Liberdade",
        "top3_votos": 144,
        "total_votos_validos": 2128
      },
      "geometry": {
        "type": "Point",
        "coordinates": [
          -43.0928214,
          -22.8988024
        ]
      }
    },
    {
      "type": "Feature",
      "properties": {
        "ano": 2018,
        "nr_local": "1511",
        "label": "HUGO LEAL",
        "QT_VOTOS": 10,
        "n_secoes": 7,
        "nm_local": "FACULDADE DE ADMINISTRAÇÃO E CIÊNCIAS CONTÁBEIS (VALONGUINHO)",
        "bairro": "CENTRO",
        "cargo": "DEPUTADO FEDERAL",
        "total_eleitores": 4880,
        "pct_mulheres": 56.3,
        "pct_homens": 43.7,
        "pct_genero_nao_informado": 0.0,
        "pct_jovens_16_24": 11.1,
        "pct_adultos_25_59": 66.4,
        "pct_60_mais": 22.5,
        "pct_idade_nao_informado": 0.0,
        "pct_ate_fundamental": 31.3,
        "pct_ensino_medio": 41.7,
        "pct_ensino_superior": 27.0,
        "pct_escolaridade_nao_informado": 0.0,
        "top1_nome": "CARLOS ROBERTO COELHO DE MATTOS JÚNIOR",
        "top1_partido": "Partido Social Liberal",
        "top1_votos": 289,
        "top2_nome": "VERONICA DOS SANTOS LIMA",
        "top2_partido": "Partido dos Trabalhadores",
        "top2_votos": 199,
        "top3_nome": "TALIRIA PETRONE SOARES",
        "top3_partido": "Partido Socialismo e Liberdade",
        "top3_votos": 189,
        "total_votos_validos": 3242
      },
      "geometry": {
        "type": "Point",
        "coordinates": [
          -43.1252439,
          -22.8967413
        ]
      }
    },
    {
      "type": "Feature",
      "properties": {
        "ano": 2018,
        "nr_local": "1520",
        "label": "HUGO LEAL",
        "QT_VOTOS": 12,
        "n_secoes": 9,
        "nm_local": "ESCOLA MUNICIPAL LEVI CARNEIRO",
        "bairro": "SAPÊ",
        "cargo": "DEPUTADO FEDERAL",
        "total_eleitores": 7330,
        "pct_mulheres": 54.8,
        "pct_homens": 45.2,
        "pct_genero_nao_informado": 0.0,
        "pct_jovens_16_24": 11.9,
        "pct_adultos_25_59": 68.2,
        "pct_60_mais": 19.9,
        "pct_idade_nao_informado": 0.0,
        "pct_ate_fundamental": 36.0,
        "pct_ensino_medio": 45.3,
        "pct_ensino_superior": 18.6,
        "pct_escolaridade_nao_informado": 0.0,
        "top1_nome": "CARLOS ROBERTO COELHO DE MATTOS JÚNIOR",
        "top1_partido": "Partido Social Liberal",
        "top1_votos": 517,
        "top2_nome": "FLORDELIS DOS SANTOS DE SOUZA",
        "top2_partido": "Partido Social Democrático",
        "top2_votos": 392,
        "top3_nome": "CARLOS ALBERTO DE MACEDO",
        "top3_partido": "Partido Republicano Progressista",
        "top3_votos": 317,
        "total_votos_validos": 5398
      },
      "geometry": {
        "type": "Point",
        "coordinates": [
          -43.0583864,
          -22.8961721
        ]
      }
    },
    {
      "type": "Feature",
      "properties": {
        "ano": 2018,
        "nr_local": "1538",
        "label": "HUGO LEAL",
        "QT_VOTOS": 7,
        "n_secoes": 5,
        "nm_local": "ESCOLA CATAVENTO ESPAÇO DE EDUCAÇÃO",
        "bairro": "SAPÊ",
        "cargo": "DEPUTADO FEDERAL",
        "total_eleitores": 2740,
        "pct_mulheres": 53.0,
        "pct_homens": 47.0,
        "pct_genero_nao_informado": 0.0,
        "pct_jovens_16_24": 15.6,
        "pct_adultos_25_59": 61.4,
        "pct_60_mais": 23.0,
        "pct_idade_nao_informado": 0.0,
        "pct_ate_fundamental": 17.9,
        "pct_ensino_medio": 41.9,
        "pct_ensino_superior": 40.2,
        "pct_escolaridade_nao_informado": 0.0,
        "top1_nome": "CARLOS ROBERTO COELHO DE MATTOS JÚNIOR",
        "top1_partido": "Partido Social Liberal",
        "top1_votos": 291,
        "top2_nome": "MARCELO RIBEIRO FREIXO",
        "top2_partido": "Partido Socialismo e Liberdade",
        "top2_votos": 152,
        "top3_nome": "TALIRIA PETRONE SOARES",
        "top3_partido": "Partido Socialismo e Liberdade",
        "top3_votos": 133,
        "total_votos_validos": 2196
      },
      "geometry": {
        "type": "Point",
        "coordinates": [
          -43.0635188,
          -22.9024713
        ]
      }
    },
    {
      "type": "Feature",
      "properties": {
        "ano": 2018,
        "nr_local": "1546",
        "label": "HUGO LEAL",
        "QT_VOTOS": 14,
        "n_secoes": 10,
        "nm_local": "UNIVERSIDADE SALGADO DE OLIVEIRA - BL A",
        "bairro": "CENTRO",
        "cargo": "DEPUTADO FEDERAL",
        "total_eleitores": 5902,
        "pct_mulheres": 56.2,
        "pct_homens": 43.8,
        "pct_genero_nao_informado": 0.0,
        "pct_jovens_16_24": 10.3,
        "pct_adultos_25_59": 64.5,
        "pct_60_mais": 25.2,
        "pct_idade_nao_informado": 0.0,
        "pct_ate_fundamental": 24.7,
        "pct_ensino_medio": 42.3,
        "pct_ensino_superior": 33.0,
        "pct_escolaridade_nao_informado": 0.0,
        "top1_nome": "CARLOS ROBERTO COELHO DE MATTOS JÚNIOR",
        "top1_partido": "Partido Social Liberal",
        "top1_votos": 448,
        "top2_nome": "MARCELO RIBEIRO FREIXO",
        "top2_partido": "Partido Socialismo e Liberdade",
        "top2_votos": 321,
        "top3_nome": "TALIRIA PETRONE SOARES",
        "top3_partido": "Partido Socialismo e Liberdade",
        "top3_votos": 225,
        "total_votos_validos": 4408
      },
      "geometry": {
        "type": "Point",
        "coordinates": [
          -43.1186087,
          -22.8894749
        ]
      }
    },
    {
      "type": "Feature",
      "properties": {
        "ano": 2018,
        "nr_local": "1554",
        "label": "HUGO LEAL",
        "QT_VOTOS": 28,
        "n_secoes": 14,
        "nm_local": "JARDIM ESCOLA GIRASSÓIS",
        "bairro": "LARGO DA BATALHA",
        "cargo": "DEPUTADO FEDERAL",
        "total_eleitores": 9990,
        "pct_mulheres": 55.6,
        "pct_homens": 44.4,
        "pct_genero_nao_informado": 0.0,
        "pct_jovens_16_24": 17.3,
        "pct_adultos_25_59": 61.7,
        "pct_60_mais": 21.0,
        "pct_idade_nao_informado": 0.0,
        "pct_ate_fundamental": 24.9,
        "pct_ensino_medio": 44.1,
        "pct_ensino_superior": 31.0,
        "pct_escolaridade_nao_informado": 0.0,
        "top1_nome": "CARLOS ROBERTO COELHO DE MATTOS JÚNIOR",
        "top1_partido": "Partido Social Liberal",
        "top1_votos": 621,
        "top2_nome": "TALIRIA PETRONE SOARES",
        "top2_partido": "Partido Socialismo e Liberdade",
        "top2_votos": 394,
        "top3_nome": "MARCELO RIBEIRO FREIXO",
        "top3_partido": "Partido Socialismo e Liberdade",
        "top3_votos": 388,
        "total_votos_validos": 6878
      },
      "geometry": {
        "type": "Point",
        "coordinates": [
          -43.0652722,
          -22.9077414
        ]
      }
    },
    {
      "type": "Feature",
      "properties": {
        "ano": 2018,
        "nr_local": "1562",
        "label": "HUGO LEAL",
        "QT_VOTOS": 27,
        "n_secoes": 16,
        "nm_local": "COLEGIO ESTADUAL RAUL VIDAL",
        "bairro": "CENTRO",
        "cargo": "DEPUTADO FEDERAL",
        "total_eleitores": 6426,
        "pct_mulheres": 56.2,
        "pct_homens": 43.8,
        "pct_genero_nao_informado": 0.0,
        "pct_jovens_16_24": 12.6,
        "pct_adultos_25_59": 65.3,
        "pct_60_mais": 22.1,
        "pct_idade_nao_informado": 0.0,
        "pct_ate_fundamental": 26.2,
        "pct_ensino_medio": 43.5,
        "pct_ensino_superior": 30.3,
        "pct_escolaridade_nao_informado": 0.0,
        "top1_nome": "CARLOS ROBERTO COELHO DE MATTOS JÚNIOR",
        "top1_partido": "Partido Social Liberal",
        "top1_votos": 426,
        "top2_nome": "MARCELO RIBEIRO FREIXO",
        "top2_partido": "Partido Socialismo e Liberdade",
        "top2_votos": 275,
        "top3_nome": "TALIRIA PETRONE SOARES",
        "top3_partido": "Partido Socialismo e Liberdade",
        "top3_votos": 235,
        "total_votos_validos": 4411
      },
      "geometry": {
        "type": "Point",
        "coordinates": [
          -43.1242688,
          -22.8862372
        ]
      }
    },
    {
      "type": "Feature",
      "properties": {
        "ano": 2018,
        "nr_local": "1570",
        "label": "HUGO LEAL",
        "QT_VOTOS": 16,
        "n_secoes": 11,
        "nm_local": "IGREJA DO SANTUARIO NACIONAL DAS ALMAS",
        "bairro": "ICARAÍ",
        "cargo": "DEPUTADO FEDERAL",
        "total_eleitores": 6854,
        "pct_mulheres": 56.2,
        "pct_homens": 43.8,
        "pct_genero_nao_informado": 0.0,
        "pct_jovens_16_24": 8.1,
        "pct_adultos_25_59": 57.0,
        "pct_60_mais": 35.0,
        "pct_idade_nao_informado": 0.0,
        "pct_ate_fundamental": 13.0,
        "pct_ensino_medio": 32.5,
        "pct_ensino_superior": 54.5,
        "pct_escolaridade_nao_informado": 0.0,
        "top1_nome": "CARLOS ROBERTO COELHO DE MATTOS JÚNIOR",
        "top1_partido": "Partido Social Liberal",
        "top1_votos": 621,
        "top2_nome": "MARCELO RIBEIRO FREIXO",
        "top2_partido": "Partido Socialismo e Liberdade",
        "top2_votos": 335,
        "top3_nome": "TALIRIA PETRONE SOARES",
        "top3_partido": "Partido Socialismo e Liberdade",
        "top3_votos": 292,
        "total_votos_validos": 4913
      },
      "geometry": {
        "type": "Point",
        "coordinates": [
          -43.1107182,
          -22.9004522
        ]
      }
    },
    {
      "type": "Feature",
      "properties": {
        "ano": 2018,
        "nr_local": "1589",
        "label": "HUGO LEAL",
        "QT_VOTOS": 47,
        "n_secoes": 17,
        "nm_local": "COLÉGIO NOSSA SENHORA DAS MERCÊS",
        "bairro": "FONSECA",
        "cargo": "DEPUTADO FEDERAL",
        "total_eleitores": 9159,
        "pct_mulheres": 56.0,
        "pct_homens": 44.0,
        "pct_genero_nao_informado": 0.0,
        "pct_jovens_16_24": 10.9,
        "pct_adultos_25_59": 61.1,
        "pct_60_mais": 28.0,
        "pct_idade_nao_informado": 0.0,
        "pct_ate_fundamental": 8.2,
        "pct_ensino_medio": 31.3,
        "pct_ensino_superior": 60.5,
        "pct_escolaridade_nao_informado": 0.0,
        "top1_nome": "CARLOS ROBERTO COELHO DE MATTOS JÚNIOR",
        "top1_partido": "Partido Social Liberal",
        "top1_votos": 821,
        "top2_nome": "MARCELO RIBEIRO FREIXO",
        "top2_partido": "Partido Socialismo e Liberdade",
        "top2_votos": 551,
        "top3_nome": "TALIRIA PETRONE SOARES",
        "top3_partido": "Partido Socialismo e Liberdade",
        "top3_votos": 471,
        "total_votos_validos": 6816
      },
      "geometry": {
        "type": "Point",
        "coordinates": [
          -43.1023535,
          -22.880345
        ]
      }
    },
    {
      "type": "Feature",
      "properties": {
        "ano": 2018,
        "nr_local": "1597",
        "label": "HUGO LEAL",
        "QT_VOTOS": 31,
        "n_secoes": 17,
        "nm_local": "COLÉGIO PONTO DE ENSINO",
        "bairro": "ICARAÍ",
        "cargo": "DEPUTADO FEDERAL",
        "total_eleitores": 6877,
        "pct_mulheres": 56.5,
        "pct_homens": 43.5,
        "pct_genero_nao_informado": 0.0,
        "pct_jovens_16_24": 11.8,
        "pct_adultos_25_59": 57.2,
        "pct_60_mais": 31.0,
        "pct_idade_nao_informado": 0.0,
        "pct_ate_fundamental": 13.2,
        "pct_ensino_medio": 33.7,
        "pct_ensino_superior": 53.1,
        "pct_escolaridade_nao_informado": 0.0,
        "top1_nome": "CARLOS ROBERTO COELHO DE MATTOS JÚNIOR",
        "top1_partido": "Partido Social Liberal",
        "top1_votos": 789,
        "top2_nome": "MARCELO RIBEIRO FREIXO",
        "top2_partido": "Partido Socialismo e Liberdade",
        "top2_votos": 408,
        "top3_nome": "TALIRIA PETRONE SOARES",
        "top3_partido": "Partido Socialismo e Liberdade",
        "top3_votos": 364,
        "total_votos_validos": 5954
      },
      "geometry": {
        "type": "Point",
        "coordinates": [
          -43.1095209,
          -22.9092421
        ]
      }
    },
    {
      "type": "Feature",
      "properties": {
        "ano": 2018,
        "nr_local": "1600",
        "label": "HUGO LEAL",
        "QT_VOTOS": 9,
        "n_secoes": 6,
        "nm_local": "INSTITUTO DE EDUCAÇÃO PROFESSOR ISMAEL COUTINHO - IEPIC",
        "bairro": "SÃO DOMINGOS",
        "cargo": "DEPUTADO FEDERAL",
        "total_eleitores": 5118,
        "pct_mulheres": 54.0,
        "pct_homens": 46.0,
        "pct_genero_nao_informado": 0.0,
        "pct_jovens_16_24": 14.2,
        "pct_adultos_25_59": 62.4,
        "pct_60_mais": 23.4,
        "pct_idade_nao_informado": 0.0,
        "pct_ate_fundamental": 27.3,
        "pct_ensino_medio": 38.1,
        "pct_ensino_superior": 34.6,
        "pct_escolaridade_nao_informado": 0.0,
        "top1_nome": "CARLOS ROBERTO COELHO DE MATTOS JÚNIOR",
        "top1_partido": "Partido Social Liberal",
        "top1_votos": 319,
        "top2_nome": "FRANCISCO JOSE D ANGELO PINTO",
        "top2_partido": "Partido Democrático Trabalhista",
        "top2_votos": 205,
        "top3_nome": "MARCELO RIBEIRO FREIXO",
        "top3_partido": "Partido Socialismo e Liberdade",
        "top3_votos": 185,
        "total_votos_validos": 3487
      },
      "geometry": {
        "type": "Point",
        "coordinates": [
          -43.1271052,
          -22.8989767
        ]
      }
    },
    {
      "type": "Feature",
      "properties": {
        "ano": 2018,
        "nr_local": "1619",
        "label": "HUGO LEAL",
        "QT_VOTOS": 24,
        "n_secoes": 15,
        "nm_local": "COLEGIO ESTADUAL JOAQUIM TAVORA",
        "bairro": "ICARAÍ",
        "cargo": "DEPUTADO FEDERAL",
        "total_eleitores": 5571,
        "pct_mulheres": 56.2,
        "pct_homens": 43.8,
        "pct_genero_nao_informado": 0.0,
        "pct_jovens_16_24": 11.7,
        "pct_adultos_25_59": 55.0,
        "pct_60_mais": 33.3,
        "pct_idade_nao_informado": 0.0,
        "pct_ate_fundamental": 5.6,
        "pct_ensino_medio": 25.7,
        "pct_ensino_superior": 68.7,
        "pct_escolaridade_nao_informado": 0.0,
        "top1_nome": "CARLOS ROBERTO COELHO DE MATTOS JÚNIOR",
        "top1_partido": "Partido Social Liberal",
        "top1_votos": 594,
        "top2_nome": "TALIRIA PETRONE SOARES",
        "top2_partido": "Partido Socialismo e Liberdade",
        "top2_votos": 333,
        "top3_nome": "MARCELO RIBEIRO FREIXO",
        "top3_partido": "Partido Socialismo e Liberdade",
        "top3_votos": 322,
        "total_votos_validos": 4198
      },
      "geometry": {
        "type": "Point",
        "coordinates": [
          -43.1081976,
          -22.9048788
        ]
      }
    },
    {
      "type": "Feature",
      "properties": {
        "ano": 2018,
        "nr_local": "1627",
        "label": "HUGO LEAL",
        "QT_VOTOS": 15,
        "n_secoes": 11,
        "nm_local": "ESCOLA ESTADUAL DOUTOR JAYME MEMORIA",
        "bairro": "CUBANGO",
        "cargo": "DEPUTADO FEDERAL",
        "total_eleitores": 7722,
        "pct_mulheres": 55.1,
        "pct_homens": 44.9,
        "pct_genero_nao_informado": 0.0,
        "pct_jovens_16_24": 11.6,
        "pct_adultos_25_59": 65.1,
        "pct_60_mais": 23.3,
        "pct_idade_nao_informado": 0.0,
        "pct_ate_fundamental": 32.5,
        "pct_ensino_medio": 42.9,
        "pct_ensino_superior": 24.6,
        "pct_escolaridade_nao_informado": 0.0,
        "top1_nome": "CARLOS ROBERTO COELHO DE MATTOS JÚNIOR",
        "top1_partido": "Partido Social Liberal",
        "top1_votos": 520,
        "top2_nome": "VERONICA DOS SANTOS LIMA",
        "top2_partido": "Partido dos Trabalhadores",
        "top2_votos": 434,
        "top3_nome": "FRANCISCO JOSE D ANGELO PINTO",
        "top3_partido": "Partido Democrático Trabalhista",
        "top3_votos": 338,
        "total_votos_validos": 5145
      },
      "geometry": {
        "type": "Point",
        "coordinates": [
          -43.0937712,
          -22.88949
        ]
      }
    },
    {
      "type": "Feature",
      "properties": {
        "ano": 2018,
        "nr_local": "1635",
        "label": "HUGO LEAL",
        "QT_VOTOS": 5,
        "n_secoes": 4,
        "nm_local": "ESCOLA MUNICIPAL DOM JOSÉ PEREIRA ALVES",
        "bairro": "FONSECA",
        "cargo": "DEPUTADO FEDERAL",
        "total_eleitores": 3212,
        "pct_mulheres": 56.8,
        "pct_homens": 43.2,
        "pct_genero_nao_informado": 0.0,
        "pct_jovens_16_24": 11.4,
        "pct_adultos_25_59": 65.8,
        "pct_60_mais": 22.9,
        "pct_idade_nao_informado": 0.0,
        "pct_ate_fundamental": 35.3,
        "pct_ensino_medio": 42.2,
        "pct_ensino_superior": 22.5,
        "pct_escolaridade_nao_informado": 0.0,
        "top1_nome": "FRANCISCO JOSE D ANGELO PINTO",
        "top1_partido": "Partido Democrático Trabalhista",
        "top1_votos": 189,
        "top2_nome": "CARLOS ROBERTO COELHO DE MATTOS JÚNIOR",
        "top2_partido": "Partido Social Liberal",
        "top2_votos": 170,
        "top3_nome": "VERONICA DOS SANTOS LIMA",
        "top3_partido": "Partido dos Trabalhadores",
        "top3_votos": 128,
        "total_votos_validos": 2181
      },
      "geometry": {
        "type": "Point",
        "coordinates": [
          -43.0920686,
          -22.8783038
        ]
      }
    },
    {
      "type": "Feature",
      "properties": {
        "ano": 2018,
        "nr_local": "1643",
        "label": "HUGO LEAL",
        "QT_VOTOS": 10,
        "n_secoes": 4,
        "nm_local": "CENTRO MODERNO ALZIRA BITTENCOURT",
        "bairro": "ICARAÍ",
        "cargo": "DEPUTADO FEDERAL",
        "total_eleitores": 2565,
        "pct_mulheres": 54.5,
        "pct_homens": 45.5,
        "pct_genero_nao_informado": 0.0,
        "pct_jovens_16_24": 12.2,
        "pct_adultos_25_59": 59.6,
        "pct_60_mais": 28.3,
        "pct_idade_nao_informado": 0.0,
        "pct_ate_fundamental": 13.9,
        "pct_ensino_medio": 36.8,
        "pct_ensino_superior": 49.2,
        "pct_escolaridade_nao_informado": 0.0,
        "top1_nome": "CARLOS ROBERTO COELHO DE MATTOS JÚNIOR",
        "top1_partido": "Partido Social Liberal",
        "top1_votos": 219,
        "top2_nome": "MARCELO RIBEIRO FREIXO",
        "top2_partido": "Partido Socialismo e Liberdade",
        "top2_votos": 140,
        "top3_nome": "TALIRIA PETRONE SOARES",
        "top3_partido": "Partido Socialismo e Liberdade",
        "top3_votos": 137,
        "total_votos_validos": 1878
      },
      "geometry": {
        "type": "Point",
        "coordinates": [
          -43.110746,
          -22.9012326
        ]
      }
    },
    {
      "type": "Feature",
      "properties": {
        "ano": 2018,
        "nr_local": "1651",
        "label": "HUGO LEAL",
        "QT_VOTOS": 23,
        "n_secoes": 11,
        "nm_local": "PH COLÉGIO",
        "bairro": "ICARAÍ",
        "cargo": "DEPUTADO FEDERAL",
        "total_eleitores": 5087,
        "pct_mulheres": 55.2,
        "pct_homens": 44.8,
        "pct_genero_nao_informado": 0.0,
        "pct_jovens_16_24": 11.2,
        "pct_adultos_25_59": 61.9,
        "pct_60_mais": 26.9,
        "pct_idade_nao_informado": 0.0,
        "pct_ate_fundamental": 18.5,
        "pct_ensino_medio": 36.5,
        "pct_ensino_superior": 45.0,
        "pct_escolaridade_nao_informado": 0.0,
        "top1_nome": "CARLOS ROBERTO COELHO DE MATTOS JÚNIOR",
        "top1_partido": "Partido Social Liberal",
        "top1_votos": 432,
        "top2_nome": "MARCELO RIBEIRO FREIXO",
        "top2_partido": "Partido Socialismo e Liberdade",
        "top2_votos": 267,
        "top3_nome": "TALIRIA PETRONE SOARES",
        "top3_partido": "Partido Socialismo e Liberdade",
        "top3_votos": 245,
        "total_votos_validos": 3908
      },
      "geometry": {
        "type": "Point",
        "coordinates": [
          -43.1110377,
          -22.9006508
        ]
      }
    },
    {
      "type": "Feature",
      "properties": {
        "ano": 2018,
        "nr_local": "1660",
        "label": "HUGO LEAL",
        "QT_VOTOS": 53,
        "n_secoes": 25,
        "nm_local": "CLUBE CENTRAL",
        "bairro": "ICARAÍ",
        "cargo": "DEPUTADO FEDERAL",
        "total_eleitores": 12496,
        "pct_mulheres": 57.4,
        "pct_homens": 42.6,
        "pct_genero_nao_informado": 0.0,
        "pct_jovens_16_24": 6.8,
        "pct_adultos_25_59": 59.5,
        "pct_60_mais": 33.6,
        "pct_idade_nao_informado": 0.0,
        "pct_ate_fundamental": 15.3,
        "pct_ensino_medio": 29.3,
        "pct_ensino_superior": 55.4,
        "pct_escolaridade_nao_informado": 0.0,
        "top1_nome": "CARLOS ROBERTO COELHO DE MATTOS JÚNIOR",
        "top1_partido": "Partido Social Liberal",
        "top1_votos": 1177,
        "top2_nome": "MARCELO RIBEIRO FREIXO",
        "top2_partido": "Partido Socialismo e Liberdade",
        "top2_votos": 527,
        "top3_nome": "TALIRIA PETRONE SOARES",
        "top3_partido": "Partido Socialismo e Liberdade",
        "top3_votos": 448,
        "total_votos_validos": 9048
      },
      "geometry": {
        "type": "Point",
        "coordinates": [
          -43.111789,
          -22.9075784
        ]
      }
    },
    {
      "type": "Feature",
      "properties": {
        "ano": 2018,
        "nr_local": "1678",
        "label": "HUGO LEAL",
        "QT_VOTOS": 15,
        "n_secoes": 9,
        "nm_local": "LICEU NILO PEÇANHA",
        "bairro": "CENTRO",
        "cargo": "DEPUTADO FEDERAL",
        "total_eleitores": 6621,
        "pct_mulheres": 55.4,
        "pct_homens": 44.6,
        "pct_genero_nao_informado": 0.0,
        "pct_jovens_16_24": 12.4,
        "pct_adultos_25_59": 62.0,
        "pct_60_mais": 25.6,
        "pct_idade_nao_informado": 0.0,
        "pct_ate_fundamental": 24.6,
        "pct_ensino_medio": 40.7,
        "pct_ensino_superior": 34.8,
        "pct_escolaridade_nao_informado": 0.0,
        "top1_nome": "CARLOS ROBERTO COELHO DE MATTOS JÚNIOR",
        "top1_partido": "Partido Social Liberal",
        "top1_votos": 442,
        "top2_nome": "MARCELO RIBEIRO FREIXO",
        "top2_partido": "Partido Socialismo e Liberdade",
        "top2_votos": 282,
        "top3_nome": "TALIRIA PETRONE SOARES",
        "top3_partido": "Partido Socialismo e Liberdade",
        "top3_votos": 223,
        "total_votos_validos": 4417
      },
      "geometry": {
        "type": "Point",
        "coordinates": [
          -43.1165611,
          -22.8935707
        ]
      }
    },
    {
      "type": "Feature",
      "properties": {
        "ano": 2018,
        "nr_local": "1686",
        "label": "HUGO LEAL",
        "QT_VOTOS": 15,
        "n_secoes": 9,
        "nm_local": "COLÉGIO DA POLÍCIA MILITAR",
        "bairro": "FONSECA",
        "cargo": "DEPUTADO FEDERAL",
        "total_eleitores": 5316,
        "pct_mulheres": 57.5,
        "pct_homens": 42.5,
        "pct_genero_nao_informado": 0.0,
        "pct_jovens_16_24": 8.1,
        "pct_adultos_25_59": 57.6,
        "pct_60_mais": 34.2,
        "pct_idade_nao_informado": 0.0,
        "pct_ate_fundamental": 20.9,
        "pct_ensino_medio": 34.5,
        "pct_ensino_superior": 44.6,
        "pct_escolaridade_nao_informado": 0.0,
        "top1_nome": "CARLOS ROBERTO COELHO DE MATTOS JÚNIOR",
        "top1_partido": "Partido Social Liberal",
        "top1_votos": 428,
        "top2_nome": "FRANCISCO JOSE D ANGELO PINTO",
        "top2_partido": "Partido Democrático Trabalhista",
        "top2_votos": 276,
        "top3_nome": "MARCELO RIBEIRO FREIXO",
        "top3_partido": "Partido Socialismo e Liberdade",
        "top3_votos": 220,
        "total_votos_validos": 3833
      },
      "geometry": {
        "type": "Point",
        "coordinates": [
          -43.0820149,
          -22.8818063
        ]
      }
    },
    {
      "type": "Feature",
      "properties": {
        "ano": 2018,
        "nr_local": "1694",
        "label": "HUGO LEAL",
        "QT_VOTOS": 11,
        "n_secoes": 8,
        "nm_local": "RIO CRICKET",
        "bairro": "INGÁ",
        "cargo": "DEPUTADO FEDERAL",
        "total_eleitores": 2933,
        "pct_mulheres": 57.4,
        "pct_homens": 42.6,
        "pct_genero_nao_informado": 0.0,
        "pct_jovens_16_24": 14.5,
        "pct_adultos_25_59": 61.0,
        "pct_60_mais": 24.5,
        "pct_idade_nao_informado": 0.0,
        "pct_ate_fundamental": 11.4,
        "pct_ensino_medio": 30.1,
        "pct_ensino_superior": 58.5,
        "pct_escolaridade_nao_informado": 0.0,
        "top1_nome": "CARLOS ROBERTO COELHO DE MATTOS JÚNIOR",
        "top1_partido": "Partido Social Liberal",
        "top1_votos": 317,
        "top2_nome": "MARCELO RIBEIRO FREIXO",
        "top2_partido": "Partido Socialismo e Liberdade",
        "top2_votos": 165,
        "top3_nome": "TALIRIA PETRONE SOARES",
        "top3_partido": "Partido Socialismo e Liberdade",
        "top3_votos": 159,
        "total_votos_validos": 2190
      },
      "geometry": {
        "type": "Point",
        "coordinates": [
          -43.1133665,
          -22.8997052
        ]
      }
    },
    {
      "type": "Feature",
      "properties": {
        "ano": 2018,
        "nr_local": "1708",
        "label": "HUGO LEAL",
        "QT_VOTOS": 14,
        "n_secoes": 9,
        "nm_local": "ESCOLA MUNICIPAL JÚLIA CORTINES",
        "bairro": "ICARAÍ",
        "cargo": "DEPUTADO FEDERAL",
        "total_eleitores": 3159,
        "pct_mulheres": 60.6,
        "pct_homens": 39.4,
        "pct_genero_nao_informado": 0.0,
        "pct_jovens_16_24": 8.1,
        "pct_adultos_25_59": 51.9,
        "pct_60_mais": 40.0,
        "pct_idade_nao_informado": 0.0,
        "pct_ate_fundamental": 5.9,
        "pct_ensino_medio": 25.2,
        "pct_ensino_superior": 68.9,
        "pct_escolaridade_nao_informado": 0.0,
        "top1_nome": "CARLOS ROBERTO COELHO DE MATTOS JÚNIOR",
        "top1_partido": "Partido Social Liberal",
        "top1_votos": 364,
        "top2_nome": "MARCELO RIBEIRO FREIXO",
        "top2_partido": "Partido Socialismo e Liberdade",
        "top2_votos": 177,
        "top3_nome": "TALIRIA PETRONE SOARES",
        "top3_partido": "Partido Socialismo e Liberdade",
        "top3_votos": 160,
        "total_votos_validos": 2370
      },
      "geometry": {
        "type": "Point",
        "coordinates": [
          -43.1086717,
          -22.9043592
        ]
      }
    },
    {
      "type": "Feature",
      "properties": {
        "ano": 2018,
        "nr_local": "1716",
        "label": "HUGO LEAL",
        "QT_VOTOS": 3,
        "n_secoes": 2,
        "nm_local": "ESCOLA VIVINFÂNCIA",
        "bairro": "ICARAÍ",
        "cargo": "DEPUTADO FEDERAL",
        "total_eleitores": 1198,
        "pct_mulheres": 60.9,
        "pct_homens": 39.1,
        "pct_genero_nao_informado": 0.0,
        "pct_jovens_16_24": 4.8,
        "pct_adultos_25_59": 58.2,
        "pct_60_mais": 37.1,
        "pct_idade_nao_informado": 0.0,
        "pct_ate_fundamental": 7.4,
        "pct_ensino_medio": 24.4,
        "pct_ensino_superior": 68.2,
        "pct_escolaridade_nao_informado": 0.0,
        "top1_nome": "CARLOS ROBERTO COELHO DE MATTOS JÚNIOR",
        "top1_partido": "Partido Social Liberal",
        "top1_votos": 162,
        "top2_nome": "MARCELO RIBEIRO FREIXO",
        "top2_partido": "Partido Socialismo e Liberdade",
        "top2_votos": 68,
        "top3_nome": "ALESSANDRO LUCCIOLA MOLON",
        "top3_partido": "Partido Socialista Brasileiro",
        "top3_votos": 50,
        "total_votos_validos": 904
      },
      "geometry": {
        "type": "Point",
        "coordinates": [
          -43.1056898,
          -22.9079727
        ]
      }
    },
    {
      "type": "Feature",
      "properties": {
        "ano": 2018,
        "nr_local": "1724",
        "label": "HUGO LEAL",
        "QT_VOTOS": 1,
        "n_secoes": 1,
        "nm_local": "AABB",
        "bairro": "SÃO FRANCISCO",
        "cargo": "DEPUTADO FEDERAL",
        "total_eleitores": 2522,
        "pct_mulheres": 52.4,
        "pct_homens": 47.6,
        "pct_genero_nao_informado": 0.0,
        "pct_jovens_16_24": 8.8,
        "pct_adultos_25_59": 64.2,
        "pct_60_mais": 27.1,
        "pct_idade_nao_informado": 0.0,
        "pct_ate_fundamental": 18.2,
        "pct_ensino_medio": 33.6,
        "pct_ensino_superior": 48.1,
        "pct_escolaridade_nao_informado": 0.0,
        "top1_nome": "CARLOS ROBERTO COELHO DE MATTOS JÚNIOR",
        "top1_partido": "Partido Social Liberal",
        "top1_votos": 205,
        "top2_nome": "MARCELO RIBEIRO FREIXO",
        "top2_partido": "Partido Socialismo e Liberdade",
        "top2_votos": 129,
        "top3_nome": "TALIRIA PETRONE SOARES",
        "top3_partido": "Partido Socialismo e Liberdade",
        "top3_votos": 87,
        "total_votos_validos": 1805
      },
      "geometry": {
        "type": "Point",
        "coordinates": [
          -43.0826083,
          -22.9172823
        ]
      }
    },
    {
      "type": "Feature",
      "properties": {
        "ano": 2018,
        "nr_local": "1732",
        "label": "HUGO LEAL",
        "QT_VOTOS": 7,
        "n_secoes": 5,
        "nm_local": "CLUBE NAVAL",
        "bairro": "JURUJUBA",
        "cargo": "DEPUTADO FEDERAL",
        "total_eleitores": 6280,
        "pct_mulheres": 53.4,
        "pct_homens": 46.6,
        "pct_genero_nao_informado": 0.0,
        "pct_jovens_16_24": 14.8,
        "pct_adultos_25_59": 65.9,
        "pct_60_mais": 19.3,
        "pct_idade_nao_informado": 0.0,
        "pct_ate_fundamental": 42.4,
        "pct_ensino_medio": 43.6,
        "pct_ensino_superior": 14.1,
        "pct_escolaridade_nao_informado": 0.0,
        "top1_nome": "VERONICA DOS SANTOS LIMA",
        "top1_partido": "Partido dos Trabalhadores",
        "top1_votos": 598,
        "top2_nome": "FLORDELIS DOS SANTOS DE SOUZA",
        "top2_partido": "Partido Social Democrático",
        "top2_votos": 395,
        "top3_nome": "CARLOS ROBERTO COELHO DE MATTOS JÚNIOR",
        "top3_partido": "Partido Social Liberal",
        "top3_votos": 306,
        "total_votos_validos": 4263
      },
      "geometry": {
        "type": "Point",
        "coordinates": [
          -43.1068139,
          -22.935737
        ]
      }
    },
    {
      "type": "Feature",
      "properties": {
        "ano": 2018,
        "nr_local": "1740",
        "label": "HUGO LEAL",
        "QT_VOTOS": 7,
        "n_secoes": 5,
        "nm_local": "ESCOLA MUNICIPAL PROFESSORA ELVIRA LÚCIA ESTEVES DE VASCONCELOS",
        "bairro": "ICARAÍ",
        "cargo": "DEPUTADO FEDERAL",
        "total_eleitores": 3071,
        "pct_mulheres": 59.5,
        "pct_homens": 40.5,
        "pct_genero_nao_informado": 0.0,
        "pct_jovens_16_24": 4.3,
        "pct_adultos_25_59": 61.5,
        "pct_60_mais": 34.2,
        "pct_idade_nao_informado": 0.0,
        "pct_ate_fundamental": 6.5,
        "pct_ensino_medio": 20.8,
        "pct_ensino_superior": 72.7,
        "pct_escolaridade_nao_informado": 0.0,
        "top1_nome": "CARLOS ROBERTO COELHO DE MATTOS JÚNIOR",
        "top1_partido": "Partido Social Liberal",
        "top1_votos": 385,
        "top2_nome": "MARCELO RIBEIRO FREIXO",
        "top2_partido": "Partido Socialismo e Liberdade",
        "top2_votos": 180,
        "top3_nome": "TALIRIA PETRONE SOARES",
        "top3_partido": "Partido Socialismo e Liberdade",
        "top3_votos": 143,
        "total_votos_validos": 2352
      },
      "geometry": {
        "type": "Point",
        "coordinates": [
          -43.1073245,
          -22.9111671
        ]
      }
    },
    {
      "type": "Feature",
      "properties": {
        "ano": 2018,
        "nr_local": "1759",
        "label": "HUGO LEAL",
        "QT_VOTOS": 10,
        "n_secoes": 8,
        "nm_local": "COLÉGIO MV1",
        "bairro": "ICARAÍ",
        "cargo": "DEPUTADO FEDERAL",
        "total_eleitores": 5568,
        "pct_mulheres": 57.1,
        "pct_homens": 42.9,
        "pct_genero_nao_informado": 0.0,
        "pct_jovens_16_24": 11.4,
        "pct_adultos_25_59": 58.3,
        "pct_60_mais": 30.4,
        "pct_idade_nao_informado": 0.0,
        "pct_ate_fundamental": 7.3,
        "pct_ensino_medio": 28.6,
        "pct_ensino_superior": 64.2,
        "pct_escolaridade_nao_informado": 0.0,
        "top1_nome": "CARLOS ROBERTO COELHO DE MATTOS JÚNIOR",
        "top1_partido": "Partido Social Liberal",
        "top1_votos": 618,
        "top2_nome": "TALIRIA PETRONE SOARES",
        "top2_partido": "Partido Socialismo e Liberdade",
        "top2_votos": 371,
        "top3_nome": "MARCELO RIBEIRO FREIXO",
        "top3_partido": "Partido Socialismo e Liberdade",
        "top3_votos": 352,
        "total_votos_validos": 4231
      },
      "geometry": {
        "type": "Point",
        "coordinates": [
          -43.1058651,
          -22.9079111
        ]
      }
    },
    {
      "type": "Feature",
      "properties": {
        "ano": 2018,
        "nr_local": "1767",
        "label": "HUGO LEAL",
        "QT_VOTOS": 18,
        "n_secoes": 11,
        "nm_local": "COLÉGIO ASSUNÇÃO",
        "bairro": "SÃO FRANCISCO",
        "cargo": "DEPUTADO FEDERAL",
        "total_eleitores": 5066,
        "pct_mulheres": 56.5,
        "pct_homens": 43.5,
        "pct_genero_nao_informado": 0.0,
        "pct_jovens_16_24": 10.5,
        "pct_adultos_25_59": 60.4,
        "pct_60_mais": 29.1,
        "pct_idade_nao_informado": 0.0,
        "pct_ate_fundamental": 8.3,
        "pct_ensino_medio": 26.3,
        "pct_ensino_superior": 65.4,
        "pct_escolaridade_nao_informado": 0.0,
        "top1_nome": "CARLOS ROBERTO COELHO DE MATTOS JÚNIOR",
        "top1_partido": "Partido Social Liberal",
        "top1_votos": 507,
        "top2_nome": "MARCELO RIBEIRO FREIXO",
        "top2_partido": "Partido Socialismo e Liberdade",
        "top2_votos": 284,
        "top3_nome": "TALIRIA PETRONE SOARES",
        "top3_partido": "Partido Socialismo e Liberdade",
        "top3_votos": 237,
        "total_votos_validos": 3902
      },
      "geometry": {
        "type": "Point",
        "coordinates": [
          -43.0926525,
          -22.9208239
        ]
      }
    },
    {
      "type": "Feature",
      "properties": {
        "ano": 2018,
        "nr_local": "1775",
        "label": "HUGO LEAL",
        "QT_VOTOS": 4,
        "n_secoes": 2,
        "nm_local": "ESCOLA ESTADUAL CIZÍNIO SOARES PINTO",
        "bairro": "SÃO FRANCISCO",
        "cargo": "DEPUTADO FEDERAL",
        "total_eleitores": 2213,
        "pct_mulheres": 55.9,
        "pct_homens": 44.1,
        "pct_genero_nao_informado": 0.0,
        "pct_jovens_16_24": 13.8,
        "pct_adultos_25_59": 60.2,
        "pct_60_mais": 26.0,
        "pct_idade_nao_informado": 0.0,
        "pct_ate_fundamental": 31.0,
        "pct_ensino_medio": 34.6,
        "pct_ensino_superior": 34.4,
        "pct_escolaridade_nao_informado": 0.0,
        "top1_nome": "CARLOS ROBERTO COELHO DE MATTOS JÚNIOR",
        "top1_partido": "Partido Social Liberal",
        "top1_votos": 134,
        "top2_nome": "VERONICA DOS SANTOS LIMA",
        "top2_partido": "Partido dos Trabalhadores",
        "top2_votos": 130,
        "top3_nome": "FLORDELIS DOS SANTOS DE SOUZA",
        "top3_partido": "Partido Social Democrático",
        "top3_votos": 97,
        "total_votos_validos": 1519
      },
      "geometry": {
        "type": "Point",
        "coordinates": [
          -43.093934,
          -22.9147594
        ]
      }
    },
    {
      "type": "Feature",
      "properties": {
        "ano": 2018,
        "nr_local": "1783",
        "label": "HUGO LEAL",
        "QT_VOTOS": 2,
        "n_secoes": 1,
        "nm_local": "SOCIEDADE BRASILEIRA DE CULTURA INGLESA",
        "bairro": "ICARAÍ",
        "cargo": "DEPUTADO FEDERAL",
        "total_eleitores": 1340,
        "pct_mulheres": 61.5,
        "pct_homens": 38.5,
        "pct_genero_nao_informado": 0.0,
        "pct_jovens_16_24": 3.1,
        "pct_adultos_25_59": 58.0,
        "pct_60_mais": 38.9,
        "pct_idade_nao_informado": 0.0,
        "pct_ate_fundamental": 4.3,
        "pct_ensino_medio": 16.5,
        "pct_ensino_superior": 79.3,
        "pct_escolaridade_nao_informado": 0.0,
        "top1_nome": "CARLOS ROBERTO COELHO DE MATTOS JÚNIOR",
        "top1_partido": "Partido Social Liberal",
        "top1_votos": 170,
        "top2_nome": "MARCELO RIBEIRO FREIXO",
        "top2_partido": "Partido Socialismo e Liberdade",
        "top2_votos": 72,
        "top3_nome": "TALIRIA PETRONE SOARES",
        "top3_partido": "Partido Socialismo e Liberdade",
        "top3_votos": 67,
        "total_votos_validos": 1009
      },
      "geometry": {
        "type": "Point",
        "coordinates": [
          -43.1111859,
          -22.9075527
        ]
      }
    },
    {
      "type": "Feature",
      "properties": {
        "ano": 2022,
        "nr_local": "1015",
        "label": "HUGO LEAL",
        "QT_VOTOS": 17,
        "n_secoes": 12,
        "nm_local": "INSTITUTO JCA",
        "bairro": "SANTA BARBARA",
        "cargo": "DEPUTADO FEDERAL",
        "total_eleitores": 8577,
        "pct_mulheres": 54.6,
        "pct_homens": 45.4,
        "pct_genero_nao_informado": 0.0,
        "pct_jovens_16_24": 11.7,
        "pct_adultos_25_59": 61.4,
        "pct_60_mais": 27.0,
        "pct_idade_nao_informado": 0.0,
        "pct_ate_fundamental": 14.6,
        "pct_ensino_medio": 34.9,
        "pct_ensino_superior": 50.6,
        "pct_escolaridade_nao_informado": 0.0,
        "top1_nome": "TALÍRIA PETRONE SOARES",
        "top1_partido": "Partido Socialismo e Liberdade",
        "top1_votos": 654,
        "top2_nome": "CARLOS ROBERTO COELHO DE MATTOS JUNIOR",
        "top2_partido": "Partido Liberal",
        "top2_votos": 553,
        "top3_nome": "WASHINGTON LUIZ CARDOSO SIQUEIRA",
        "top3_partido": "Partido dos Trabalhadores",
        "top3_votos": 390,
        "total_votos_validos": 7488
      },
      "geometry": {
        "type": "Point",
        "coordinates": [
          -43.0585179,
          -22.882301
        ]
      }
    },
    {
      "type": "Feature",
      "properties": {
        "ano": 2022,
        "nr_local": "1023",
        "label": "HUGO LEAL",
        "QT_VOTOS": 6,
        "n_secoes": 3,
        "nm_local": "PAROQUIA DE SAO JOAO BATISTA",
        "bairro": "TENENTE JARDIM",
        "cargo": "DEPUTADO FEDERAL",
        "total_eleitores": 3080,
        "pct_mulheres": 55.4,
        "pct_homens": 44.6,
        "pct_genero_nao_informado": 0.0,
        "pct_jovens_16_24": 12.7,
        "pct_adultos_25_59": 59.5,
        "pct_60_mais": 27.8,
        "pct_idade_nao_informado": 0.0,
        "pct_ate_fundamental": 23.9,
        "pct_ensino_medio": 45.8,
        "pct_ensino_superior": 30.3,
        "pct_escolaridade_nao_informado": 0.0,
        "top1_nome": "RENATO FERREIRA DE OLIVEIRA CARIELLO",
        "top1_partido": "Partido Democrático Trabalhista",
        "top1_votos": 220,
        "top2_nome": "CARLOS ROBERTO COELHO DE MATTOS JUNIOR",
        "top2_partido": "Partido Liberal",
        "top2_votos": 140,
        "top3_nome": "TALÍRIA PETRONE SOARES",
        "top3_partido": "Partido Socialismo e Liberdade",
        "top3_votos": 135,
        "total_votos_validos": 2299
      },
      "geometry": {
        "type": "Point",
        "coordinates": [
          -43.0827273,
          -22.8639855
        ]
      }
    },
    {
      "type": "Feature",
      "properties": {
        "ano": 2022,
        "nr_local": "1031",
        "label": "HUGO LEAL",
        "QT_VOTOS": 17,
        "n_secoes": 13,
        "nm_local": "(PRÉDIO NOVO) COLÉGIO PEDRO II UNIDADE NITERÓI",
        "bairro": "BARRETO",
        "cargo": "DEPUTADO FEDERAL",
        "total_eleitores": 10962,
        "pct_mulheres": 55.1,
        "pct_homens": 44.9,
        "pct_genero_nao_informado": 0.0,
        "pct_jovens_16_24": 9.9,
        "pct_adultos_25_59": 65.0,
        "pct_60_mais": 25.1,
        "pct_idade_nao_informado": 0.0,
        "pct_ate_fundamental": 29.2,
        "pct_ensino_medio": 49.2,
        "pct_ensino_superior": 21.6,
        "pct_escolaridade_nao_informado": 0.0,
        "top1_nome": "RENATO FERREIRA DE OLIVEIRA CARIELLO",
        "top1_partido": "Partido Democrático Trabalhista",
        "top1_votos": 1339,
        "top2_nome": "TALÍRIA PETRONE SOARES",
        "top2_partido": "Partido Socialismo e Liberdade",
        "top2_votos": 411,
        "top3_nome": "CARLOS ROBERTO COELHO DE MATTOS JUNIOR",
        "top3_partido": "Partido Liberal",
        "top3_votos": 362,
        "total_votos_validos": 8185
      },
      "geometry": {
        "type": "Point",
        "coordinates": [
          -43.1037833,
          -22.8685685
        ]
      }
    },
    {
      "type": "Feature",
      "properties": {
        "ano": 2022,
        "nr_local": "1040",
        "label": "HUGO LEAL",
        "QT_VOTOS": 4,
        "n_secoes": 3,
        "nm_local": "CIEP 447 - CARAMUJO",
        "bairro": "CARAMUJO",
        "cargo": "DEPUTADO FEDERAL",
        "total_eleitores": 4469,
        "pct_mulheres": 55.2,
        "pct_homens": 44.8,
        "pct_genero_nao_informado": 0.0,
        "pct_jovens_16_24": 12.2,
        "pct_adultos_25_59": 66.4,
        "pct_60_mais": 21.5,
        "pct_idade_nao_informado": 0.0,
        "pct_ate_fundamental": 40.5,
        "pct_ensino_medio": 51.0,
        "pct_ensino_superior": 8.4,
        "pct_escolaridade_nao_informado": 0.0,
        "top1_nome": "WASHINGTON LUIZ CARDOSO SIQUEIRA",
        "top1_partido": "Partido dos Trabalhadores",
        "top1_votos": 449,
        "top2_nome": "WALDECK CARNEIRO DA SILVA",
        "top2_partido": "Partido Socialista Brasileiro",
        "top2_votos": 252,
        "top3_nome": "CRISTIANE PEREIRA DE SOUZA",
        "top3_partido": "Partido Social Democrático",
        "top3_votos": 142,
        "total_votos_validos": 3164
      },
      "geometry": {
        "type": "Point",
        "coordinates": [
          -43.065134,
          -22.8827294
        ]
      }
    },
    {
      "type": "Feature",
      "properties": {
        "ano": 2022,
        "nr_local": "1066",
        "label": "HUGO LEAL",
        "QT_VOTOS": 1,
        "n_secoes": 1,
        "nm_local": "ITACOATIARA PAMPO CLUBE",
        "bairro": "ITACOATIARA",
        "cargo": "DEPUTADO FEDERAL",
        "total_eleitores": 2284,
        "pct_mulheres": 49.6,
        "pct_homens": 50.4,
        "pct_genero_nao_informado": 0.0,
        "pct_jovens_16_24": 1.4,
        "pct_adultos_25_59": 63.9,
        "pct_60_mais": 34.7,
        "pct_idade_nao_informado": 0.0,
        "pct_ate_fundamental": 4.3,
        "pct_ensino_medio": 21.6,
        "pct_ensino_superior": 74.0,
        "pct_escolaridade_nao_informado": 0.0,
        "top1_nome": "CARLOS ROBERTO COELHO DE MATTOS JUNIOR",
        "top1_partido": "Partido Liberal",
        "top1_votos": 205,
        "top2_nome": "TALÍRIA PETRONE SOARES",
        "top2_partido": "Partido Socialismo e Liberdade",
        "top2_votos": 140,
        "top3_nome": "EDUARDO PAZUELLO",
        "top3_partido": "Partido Liberal",
        "top3_votos": 109,
        "total_votos_validos": 1741
      },
      "geometry": {
        "type": "Point",
        "coordinates": [
          -43.0332117,
          -22.9646939
        ]
      }
    },
    {
      "type": "Feature",
      "properties": {
        "ano": 2022,
        "nr_local": "1074",
        "label": "HUGO LEAL",
        "QT_VOTOS": 20,
        "n_secoes": 12,
        "nm_local": "COLEGIO ESTADUAL PAULO ASSIS RIBEIRO",
        "bairro": "BADU",
        "cargo": "DEPUTADO FEDERAL",
        "total_eleitores": 8905,
        "pct_mulheres": 52.8,
        "pct_homens": 47.2,
        "pct_genero_nao_informado": 0.0,
        "pct_jovens_16_24": 7.5,
        "pct_adultos_25_59": 68.2,
        "pct_60_mais": 24.3,
        "pct_idade_nao_informado": 0.0,
        "pct_ate_fundamental": 20.4,
        "pct_ensino_medio": 42.7,
        "pct_ensino_superior": 36.9,
        "pct_escolaridade_nao_informado": 0.0,
        "top1_nome": "CARLOS ROBERTO COELHO DE MATTOS JUNIOR",
        "top1_partido": "Partido Liberal",
        "top1_votos": 520,
        "top2_nome": "TALÍRIA PETRONE SOARES",
        "top2_partido": "Partido Socialismo e Liberdade",
        "top2_votos": 376,
        "top3_nome": "LUIZ ANTONIO DE SOUZA TEIXEIRA JUNIOR",
        "top3_partido": "PROGRESSISTAS",
        "top3_votos": 251,
        "total_votos_validos": 6553
      },
      "geometry": {
        "type": "Point",
        "coordinates": [
          -43.0573891,
          -22.9068537
        ]
      }
    },
    {
      "type": "Feature",
      "properties": {
        "ano": 2022,
        "nr_local": "1082",
        "label": "HUGO LEAL",
        "QT_VOTOS": 6,
        "n_secoes": 4,
        "nm_local": "UMEI DR PAULO CESAR DE ALMEIDA PIMENTEL",
        "bairro": "ITAIPU",
        "cargo": "DEPUTADO FEDERAL",
        "total_eleitores": 2584,
        "pct_mulheres": 50.9,
        "pct_homens": 49.1,
        "pct_genero_nao_informado": 0.0,
        "pct_jovens_16_24": 7.3,
        "pct_adultos_25_59": 63.3,
        "pct_60_mais": 29.4,
        "pct_idade_nao_informado": 0.0,
        "pct_ate_fundamental": 14.2,
        "pct_ensino_medio": 36.4,
        "pct_ensino_superior": 49.4,
        "pct_escolaridade_nao_informado": 0.0,
        "top1_nome": "CARLOS ROBERTO COELHO DE MATTOS JUNIOR",
        "top1_partido": "Partido Liberal",
        "top1_votos": 255,
        "top2_nome": "EDUARDO PAZUELLO",
        "top2_partido": "Partido Liberal",
        "top2_votos": 134,
        "top3_nome": "TALÍRIA PETRONE SOARES",
        "top3_partido": "Partido Socialismo e Liberdade",
        "top3_votos": 120,
        "total_votos_validos": 2171
      },
      "geometry": {
        "type": "Point",
        "coordinates": [
          -43.0327165,
          -22.9614459
        ]
      }
    },
    {
      "type": "Feature",
      "properties": {
        "ano": 2022,
        "nr_local": "1090",
        "label": "HUGO LEAL",
        "QT_VOTOS": 19,
        "n_secoes": 13,
        "nm_local": "COLÉGIO ESTADUAL PROFESSORA ALCINA RODRIGUES LIMA",
        "bairro": "ITAIPU",
        "cargo": "DEPUTADO FEDERAL",
        "total_eleitores": 5328,
        "pct_mulheres": 53.5,
        "pct_homens": 46.5,
        "pct_genero_nao_informado": 0.0,
        "pct_jovens_16_24": 6.7,
        "pct_adultos_25_59": 61.5,
        "pct_60_mais": 31.8,
        "pct_idade_nao_informado": 0.0,
        "pct_ate_fundamental": 19.1,
        "pct_ensino_medio": 39.7,
        "pct_ensino_superior": 41.2,
        "pct_escolaridade_nao_informado": 0.0,
        "top1_nome": "CARLOS ROBERTO COELHO DE MATTOS JUNIOR",
        "top1_partido": "Partido Liberal",
        "top1_votos": 422,
        "top2_nome": "TALÍRIA PETRONE SOARES",
        "top2_partido": "Partido Socialismo e Liberdade",
        "top2_votos": 390,
        "top3_nome": "RENATO FERREIRA DE OLIVEIRA CARIELLO",
        "top3_partido": "Partido Democrático Trabalhista",
        "top3_votos": 230,
        "total_votos_validos": 5020
      },
      "geometry": {
        "type": "Point",
        "coordinates": [
          -43.0285072,
          -22.9528491
        ]
      }
    },
    {
      "type": "Feature",
      "properties": {
        "ano": 2022,
        "nr_local": "1104",
        "label": "HUGO LEAL",
        "QT_VOTOS": 20,
        "n_secoes": 13,
        "nm_local": "ESCOLA MUNICIPAL ALTIVO CESAR",
        "bairro": "BARRETO",
        "cargo": "DEPUTADO FEDERAL",
        "total_eleitores": 9257,
        "pct_mulheres": 56.1,
        "pct_homens": 43.9,
        "pct_genero_nao_informado": 0.0,
        "pct_jovens_16_24": 10.7,
        "pct_adultos_25_59": 63.2,
        "pct_60_mais": 26.2,
        "pct_idade_nao_informado": 0.0,
        "pct_ate_fundamental": 14.0,
        "pct_ensino_medio": 38.7,
        "pct_ensino_superior": 47.3,
        "pct_escolaridade_nao_informado": 0.0,
        "top1_nome": "CARLOS ROBERTO COELHO DE MATTOS JUNIOR",
        "top1_partido": "Partido Liberal",
        "top1_votos": 584,
        "top2_nome": "TALÍRIA PETRONE SOARES",
        "top2_partido": "Partido Socialismo e Liberdade",
        "top2_votos": 537,
        "top3_nome": "RENATO FERREIRA DE OLIVEIRA CARIELLO",
        "top3_partido": "Partido Democrático Trabalhista",
        "top3_votos": 446,
        "total_votos_validos": 6962
      },
      "geometry": {
        "type": "Point",
        "coordinates": [
          -43.0995714,
          -22.8645343
        ]
      }
    },
    {
      "type": "Feature",
      "properties": {
        "ano": 2022,
        "nr_local": "1112",
        "label": "HUGO LEAL",
        "QT_VOTOS": 22,
        "n_secoes": 15,
        "nm_local": "COLÉGIO SALESIANO REGIÃO OCEÂNICA",
        "bairro": "PIRATININGA",
        "cargo": "DEPUTADO FEDERAL",
        "total_eleitores": 13205,
        "pct_mulheres": 56.4,
        "pct_homens": 43.6,
        "pct_genero_nao_informado": 0.0,
        "pct_jovens_16_24": 10.0,
        "pct_adultos_25_59": 60.6,
        "pct_60_mais": 29.3,
        "pct_idade_nao_informado": 0.0,
        "pct_ate_fundamental": 35.3,
        "pct_ensino_medio": 43.0,
        "pct_ensino_superior": 21.7,
        "pct_escolaridade_nao_informado": 0.0,
        "top1_nome": "CARLOS ROBERTO COELHO DE MATTOS JUNIOR",
        "top1_partido": "Partido Liberal",
        "top1_votos": 604,
        "top2_nome": "TALÍRIA PETRONE SOARES",
        "top2_partido": "Partido Socialismo e Liberdade",
        "top2_votos": 495,
        "top3_nome": "RENATO FERREIRA DE OLIVEIRA CARIELLO",
        "top3_partido": "Partido Democrático Trabalhista",
        "top3_votos": 460,
        "total_votos_validos": 9443
      },
      "geometry": {
        "type": "Point",
        "coordinates": [
          -43.0618731,
          -22.9393022
        ]
      }
    },
    {
      "type": "Feature",
      "properties": {
        "ano": 2022,
        "nr_local": "1120",
        "label": "HUGO LEAL",
        "QT_VOTOS": 11,
        "n_secoes": 6,
        "nm_local": "COLÉGIO ESTADUAL ALMIRANTE TAMANDARÉ",
        "bairro": "PIRATININGA",
        "cargo": "DEPUTADO FEDERAL",
        "total_eleitores": 3214,
        "pct_mulheres": 53.3,
        "pct_homens": 46.7,
        "pct_genero_nao_informado": 0.0,
        "pct_jovens_16_24": 0.6,
        "pct_adultos_25_59": 63.6,
        "pct_60_mais": 35.8,
        "pct_idade_nao_informado": 0.0,
        "pct_ate_fundamental": 24.0,
        "pct_ensino_medio": 35.7,
        "pct_ensino_superior": 40.3,
        "pct_escolaridade_nao_informado": 0.0,
        "top1_nome": "CARLOS ROBERTO COELHO DE MATTOS JUNIOR",
        "top1_partido": "Partido Liberal",
        "top1_votos": 219,
        "top2_nome": "EDUARDO PAZUELLO",
        "top2_partido": "Partido Liberal",
        "top2_votos": 139,
        "top3_nome": "ANDRÉ LUIZ LAZARONI DE MORAES",
        "top3_partido": "Partido Verde",
        "top3_votos": 138,
        "total_votos_validos": 2340
      },
      "geometry": {
        "type": "Point",
        "coordinates": [
          -43.0916732,
          -22.9512083
        ]
      }
    },
    {
      "type": "Feature",
      "properties": {
        "ano": 2022,
        "nr_local": "1139",
        "label": "HUGO LEAL",
        "QT_VOTOS": 16,
        "n_secoes": 9,
        "nm_local": "ESCOLA MUNICIPAL FRANCISCO PORTUGAL NEVES",
        "bairro": "PIRATININGA",
        "cargo": "DEPUTADO FEDERAL",
        "total_eleitores": 3273,
        "pct_mulheres": 56.0,
        "pct_homens": 44.0,
        "pct_genero_nao_informado": 0.0,
        "pct_jovens_16_24": 7.5,
        "pct_adultos_25_59": 59.9,
        "pct_60_mais": 32.6,
        "pct_idade_nao_informado": 0.0,
        "pct_ate_fundamental": 38.2,
        "pct_ensino_medio": 38.2,
        "pct_ensino_superior": 23.6,
        "pct_escolaridade_nao_informado": 0.0,
        "top1_nome": "CARLOS ROBERTO COELHO DE MATTOS JUNIOR",
        "top1_partido": "Partido Liberal",
        "top1_votos": 165,
        "top2_nome": "ANDRÉ LUIZ LAZARONI DE MORAES",
        "top2_partido": "Partido Verde",
        "top2_votos": 149,
        "top3_nome": "WALDECK CARNEIRO DA SILVA",
        "top3_partido": "Partido Socialista Brasileiro",
        "top3_votos": 129,
        "total_votos_validos": 2350
      },
      "geometry": {
        "type": "Point",
        "coordinates": [
          -43.056665,
          -22.942363
        ]
      }
    },
    {
      "type": "Feature",
      "properties": {
        "ano": 2022,
        "nr_local": "1147",
        "label": "HUGO LEAL",
        "QT_VOTOS": 8,
        "n_secoes": 4,
        "nm_local": "ESCOLA MUNICIPAL VERA LUCIA MACHADO",
        "bairro": "BADU",
        "cargo": "DEPUTADO FEDERAL",
        "total_eleitores": 2575,
        "pct_mulheres": 56.1,
        "pct_homens": 43.9,
        "pct_genero_nao_informado": 0.0,
        "pct_jovens_16_24": 9.9,
        "pct_adultos_25_59": 68.3,
        "pct_60_mais": 21.9,
        "pct_idade_nao_informado": 0.0,
        "pct_ate_fundamental": 36.7,
        "pct_ensino_medio": 46.2,
        "pct_ensino_superior": 17.1,
        "pct_escolaridade_nao_informado": 0.0,
        "top1_nome": "LUIZ ANTONIO DE SOUZA TEIXEIRA JUNIOR",
        "top1_partido": "PROGRESSISTAS",
        "top1_votos": 133,
        "top2_nome": "CARLOS ROBERTO COELHO DE MATTOS JUNIOR",
        "top2_partido": "Partido Liberal",
        "top2_votos": 97,
        "top3_nome": "RENATO CORDEIRO JUNIOR",
        "top3_partido": "Podemos",
        "top3_votos": 80,
        "total_votos_validos": 1887
      },
      "geometry": {
        "type": "Point",
        "coordinates": [
          -43.0500355,
          -22.9045
        ]
      }
    },
    {
      "type": "Feature",
      "properties": {
        "ano": 2022,
        "nr_local": "1155",
        "label": "HUGO LEAL",
        "QT_VOTOS": 15,
        "n_secoes": 7,
        "nm_local": "COLÉGIO ITAPUCA",
        "bairro": "PIRATININGA",
        "cargo": "DEPUTADO FEDERAL",
        "total_eleitores": 4678,
        "pct_mulheres": 54.9,
        "pct_homens": 45.1,
        "pct_genero_nao_informado": 0.0,
        "pct_jovens_16_24": 0.1,
        "pct_adultos_25_59": 66.3,
        "pct_60_mais": 33.6,
        "pct_idade_nao_informado": 0.0,
        "pct_ate_fundamental": 19.2,
        "pct_ensino_medio": 30.2,
        "pct_ensino_superior": 50.6,
        "pct_escolaridade_nao_informado": 0.0,
        "top1_nome": "CARLOS ROBERTO COELHO DE MATTOS JUNIOR",
        "top1_partido": "Partido Liberal",
        "top1_votos": 328,
        "top2_nome": "EDUARDO PAZUELLO",
        "top2_partido": "Partido Liberal",
        "top2_votos": 231,
        "top3_nome": "TALÍRIA PETRONE SOARES",
        "top3_partido": "Partido Socialismo e Liberdade",
        "top3_votos": 145,
        "total_votos_validos": 3508
      },
      "geometry": {
        "type": "Point",
        "coordinates": [
          -43.0593249,
          -22.9437854
        ]
      }
    },
    {
      "type": "Feature",
      "properties": {
        "ano": 2022,
        "nr_local": "1163",
        "label": "HUGO LEAL",
        "QT_VOTOS": 6,
        "n_secoes": 6,
        "nm_local": "COLÉGIO ESTADUAL CONSELHEIRO MACEDO SOARES",
        "bairro": "BARRETO",
        "cargo": "DEPUTADO FEDERAL",
        "total_eleitores": 5679,
        "pct_mulheres": 54.9,
        "pct_homens": 45.1,
        "pct_genero_nao_informado": 0.0,
        "pct_jovens_16_24": 14.5,
        "pct_adultos_25_59": 61.3,
        "pct_60_mais": 24.2,
        "pct_idade_nao_informado": 0.0,
        "pct_ate_fundamental": 26.7,
        "pct_ensino_medio": 51.4,
        "pct_ensino_superior": 21.9,
        "pct_escolaridade_nao_informado": 0.0,
        "top1_nome": "RENATO FERREIRA DE OLIVEIRA CARIELLO",
        "top1_partido": "Partido Democrático Trabalhista",
        "top1_votos": 396,
        "top2_nome": "RENATO CORDEIRO JUNIOR",
        "top2_partido": "Podemos",
        "top2_votos": 269,
        "top3_nome": "CARLOS ROBERTO COELHO DE MATTOS JUNIOR",
        "top3_partido": "Partido Liberal",
        "top3_votos": 219,
        "total_votos_validos": 4087
      },
      "geometry": {
        "type": "Point",
        "coordinates": [
          -43.0924035,
          -22.8622231
        ]
      }
    },
    {
      "type": "Feature",
      "properties": {
        "ano": 2022,
        "nr_local": "1171",
        "label": "HUGO LEAL",
        "QT_VOTOS": 10,
        "n_secoes": 8,
        "nm_local": "ESCOLA MUNICIPAL ANTONIO COUTINHO DE AZEVEDO",
        "bairro": "SANTA BARBARA",
        "cargo": "DEPUTADO FEDERAL",
        "total_eleitores": 5234,
        "pct_mulheres": 55.9,
        "pct_homens": 44.1,
        "pct_genero_nao_informado": 0.0,
        "pct_jovens_16_24": 16.1,
        "pct_adultos_25_59": 61.5,
        "pct_60_mais": 22.4,
        "pct_idade_nao_informado": 0.0,
        "pct_ate_fundamental": 29.5,
        "pct_ensino_medio": 54.1,
        "pct_ensino_superior": 16.4,
        "pct_escolaridade_nao_informado": 0.0,
        "top1_nome": "RENATO FERREIRA DE OLIVEIRA CARIELLO",
        "top1_partido": "Partido Democrático Trabalhista",
        "top1_votos": 395,
        "top2_nome": "CARLOS ROBERTO COELHO DE MATTOS JUNIOR",
        "top2_partido": "Partido Liberal",
        "top2_votos": 230,
        "top3_nome": "FABIANO GONÇALVES",
        "top3_partido": "Cidadania",
        "top3_votos": 222,
        "total_votos_validos": 4023
      },
      "geometry": {
        "type": "Point",
        "coordinates": [
          -43.04869,
          -22.8756043
        ]
      }
    },
    {
      "type": "Feature",
      "properties": {
        "ano": 2022,
        "nr_local": "1180",
        "label": "HUGO LEAL",
        "QT_VOTOS": 3,
        "n_secoes": 3,
        "nm_local": "ESCOLA MUNICIPAL RACHIDE DA GLORIA SALIM SAKER",
        "bairro": "SANTA BARBARA",
        "cargo": "DEPUTADO FEDERAL",
        "total_eleitores": 2761,
        "pct_mulheres": 53.5,
        "pct_homens": 46.5,
        "pct_genero_nao_informado": 0.0,
        "pct_jovens_16_24": 7.8,
        "pct_adultos_25_59": 68.9,
        "pct_60_mais": 23.3,
        "pct_idade_nao_informado": 0.0,
        "pct_ate_fundamental": 29.2,
        "pct_ensino_medio": 53.6,
        "pct_ensino_superior": 17.2,
        "pct_escolaridade_nao_informado": 0.0,
        "top1_nome": "FABIANO GONÇALVES",
        "top1_partido": "Cidadania",
        "top1_votos": 204,
        "top2_nome": "CARLOS ROBERTO COELHO DE MATTOS JUNIOR",
        "top2_partido": "Partido Liberal",
        "top2_votos": 170,
        "top3_nome": "ALTINEU CORTES FREITAS COUTINHO",
        "top3_partido": "Partido Liberal",
        "top3_votos": 114,
        "total_votos_validos": 2007
      },
      "geometry": {
        "type": "Point",
        "coordinates": [
          -43.0488967,
          -22.8766134
        ]
      }
    },
    {
      "type": "Feature",
      "properties": {
        "ano": 2022,
        "nr_local": "1198",
        "label": "HUGO LEAL",
        "QT_VOTOS": 4,
        "n_secoes": 3,
        "nm_local": "CIEP 448 RUY FRAZÃO SOARES",
        "bairro": "ITAIPU",
        "cargo": "DEPUTADO FEDERAL",
        "total_eleitores": 3949,
        "pct_mulheres": 55.4,
        "pct_homens": 44.6,
        "pct_genero_nao_informado": 0.0,
        "pct_jovens_16_24": 6.3,
        "pct_adultos_25_59": 68.9,
        "pct_60_mais": 24.8,
        "pct_idade_nao_informado": 0.0,
        "pct_ate_fundamental": 31.7,
        "pct_ensino_medio": 41.3,
        "pct_ensino_superior": 27.0,
        "pct_escolaridade_nao_informado": 0.0,
        "top1_nome": "CARLOS ROBERTO COELHO DE MATTOS JUNIOR",
        "top1_partido": "Partido Liberal",
        "top1_votos": 233,
        "top2_nome": "TALÍRIA PETRONE SOARES",
        "top2_partido": "Partido Socialismo e Liberdade",
        "top2_votos": 151,
        "top3_nome": "PEDRO PAULO CARVALHO TEIXEIRA",
        "top3_partido": "Partido Social Democrático",
        "top3_votos": 141,
        "total_votos_validos": 2858
      },
      "geometry": {
        "type": "Point",
        "coordinates": [
          -43.0092644,
          -22.9356576
        ]
      }
    },
    {
      "type": "Feature",
      "properties": {
        "ano": 2022,
        "nr_local": "1201",
        "label": "HUGO LEAL",
        "QT_VOTOS": 2,
        "n_secoes": 1,
        "nm_local": "OFICINAS DO SENAI",
        "bairro": "BARRETO",
        "cargo": "DEPUTADO FEDERAL",
        "total_eleitores": 224,
        "pct_mulheres": 50.0,
        "pct_homens": 50.0,
        "pct_genero_nao_informado": 0.0,
        "pct_jovens_16_24": 0.4,
        "pct_adultos_25_59": 69.2,
        "pct_60_mais": 30.4,
        "pct_idade_nao_informado": 0.0,
        "pct_ate_fundamental": 14.3,
        "pct_ensino_medio": 43.3,
        "pct_ensino_superior": 42.4,
        "pct_escolaridade_nao_informado": 0.0,
        "top1_nome": "RENATO FERREIRA DE OLIVEIRA CARIELLO",
        "top1_partido": "Partido Democrático Trabalhista",
        "top1_votos": 63,
        "top2_nome": "WASHINGTON LUIZ CARDOSO SIQUEIRA",
        "top2_partido": "Partido dos Trabalhadores",
        "top2_votos": 32,
        "top3_nome": "CARLOS ROBERTO COELHO DE MATTOS JUNIOR",
        "top3_partido": "Partido Liberal",
        "top3_votos": 32,
        "total_votos_validos": 605
      },
      "geometry": {
        "type": "Point",
        "coordinates": [
          -43.1026046,
          -22.8614396
        ]
      }
    },
    {
      "type": "Feature",
      "properties": {
        "ano": 2022,
        "nr_local": "1210",
        "label": "HUGO LEAL",
        "QT_VOTOS": 14,
        "n_secoes": 8,
        "nm_local": "TIO SAM ESPORTE CLUBE",
        "bairro": "BARRETO",
        "cargo": "DEPUTADO FEDERAL",
        "total_eleitores": 3854,
        "pct_mulheres": 56.3,
        "pct_homens": 43.7,
        "pct_genero_nao_informado": 0.0,
        "pct_jovens_16_24": 4.5,
        "pct_adultos_25_59": 65.3,
        "pct_60_mais": 30.2,
        "pct_idade_nao_informado": 0.0,
        "pct_ate_fundamental": 19.2,
        "pct_ensino_medio": 47.6,
        "pct_ensino_superior": 33.3,
        "pct_escolaridade_nao_informado": 0.0,
        "top1_nome": "RENATO FERREIRA DE OLIVEIRA CARIELLO",
        "top1_partido": "Partido Democrático Trabalhista",
        "top1_votos": 464,
        "top2_nome": "CARLOS ROBERTO COELHO DE MATTOS JUNIOR",
        "top2_partido": "Partido Liberal",
        "top2_votos": 183,
        "top3_nome": "TALÍRIA PETRONE SOARES",
        "top3_partido": "Partido Socialismo e Liberdade",
        "top3_votos": 159,
        "total_votos_validos": 2850
      },
      "geometry": {
        "type": "Point",
        "coordinates": [
          -43.104502,
          -22.8719306
        ]
      }
    },
    {
      "type": "Feature",
      "properties": {
        "ano": 2022,
        "nr_local": "1236",
        "label": "HUGO LEAL",
        "QT_VOTOS": 4,
        "n_secoes": 3,
        "nm_local": "COLÉGIO ESTADUAL MULLULO DA VEIGA",
        "bairro": "ENGENHOCA",
        "cargo": "DEPUTADO FEDERAL",
        "total_eleitores": 3663,
        "pct_mulheres": 54.1,
        "pct_homens": 45.9,
        "pct_genero_nao_informado": 0.0,
        "pct_jovens_16_24": 24.4,
        "pct_adultos_25_59": 52.4,
        "pct_60_mais": 23.2,
        "pct_idade_nao_informado": 0.0,
        "pct_ate_fundamental": 33.8,
        "pct_ensino_medio": 54.4,
        "pct_ensino_superior": 11.8,
        "pct_escolaridade_nao_informado": 0.0,
        "top1_nome": "RENATO FERREIRA DE OLIVEIRA CARIELLO",
        "top1_partido": "Partido Democrático Trabalhista",
        "top1_votos": 1032,
        "top2_nome": "FRANCISCO JOSE D ANGELO",
        "top2_partido": "Partido Democrático Trabalhista",
        "top2_votos": 97,
        "top3_nome": "ANDRÉ LUIZ LAZARONI DE MORAES",
        "top3_partido": "Partido Verde",
        "top3_votos": 89,
        "total_votos_validos": 2684
      },
      "geometry": {
        "type": "Point",
        "coordinates": [
          -43.0988892,
          -22.8708282
        ]
      }
    },
    {
      "type": "Feature",
      "properties": {
        "ano": 2022,
        "nr_local": "1244",
        "label": "HUGO LEAL",
        "QT_VOTOS": 24,
        "n_secoes": 13,
        "nm_local": "ESCOLA ESTADUAL MANUEL DE ABREU",
        "bairro": "ICARAÍ",
        "cargo": "DEPUTADO FEDERAL",
        "total_eleitores": 6415,
        "pct_mulheres": 55.6,
        "pct_homens": 44.4,
        "pct_genero_nao_informado": 0.0,
        "pct_jovens_16_24": 6.3,
        "pct_adultos_25_59": 65.5,
        "pct_60_mais": 28.2,
        "pct_idade_nao_informado": 0.0,
        "pct_ate_fundamental": 11.1,
        "pct_ensino_medio": 31.9,
        "pct_ensino_superior": 56.9,
        "pct_escolaridade_nao_informado": 0.0,
        "top1_nome": "CARLOS ROBERTO COELHO DE MATTOS JUNIOR",
        "top1_partido": "Partido Liberal",
        "top1_votos": 515,
        "top2_nome": "TALÍRIA PETRONE SOARES",
        "top2_partido": "Partido Socialismo e Liberdade",
        "top2_votos": 388,
        "top3_nome": "EDUARDO PAZUELLO",
        "top3_partido": "Partido Liberal",
        "top3_votos": 241,
        "total_votos_validos": 5030
      },
      "geometry": {
        "type": "Point",
        "coordinates": [
          -43.1071569,
          -22.9023086
        ]
      }
    },
    {
      "type": "Feature",
      "properties": {
        "ano": 2022,
        "nr_local": "1252",
        "label": "HUGO LEAL",
        "QT_VOTOS": 13,
        "n_secoes": 8,
        "nm_local": "ESCOLA MUNICIPAL ADELINO MAGALHÃES",
        "bairro": "ENGENHOCA",
        "cargo": "DEPUTADO FEDERAL",
        "total_eleitores": 5094,
        "pct_mulheres": 53.8,
        "pct_homens": 46.2,
        "pct_genero_nao_informado": 0.0,
        "pct_jovens_16_24": 11.8,
        "pct_adultos_25_59": 63.0,
        "pct_60_mais": 25.2,
        "pct_idade_nao_informado": 0.0,
        "pct_ate_fundamental": 33.5,
        "pct_ensino_medio": 47.2,
        "pct_ensino_superior": 19.3,
        "pct_escolaridade_nao_informado": 0.0,
        "top1_nome": "RENATO FERREIRA DE OLIVEIRA CARIELLO",
        "top1_partido": "Partido Democrático Trabalhista",
        "top1_votos": 646,
        "top2_nome": "CARLOS ROBERTO COELHO DE MATTOS JUNIOR",
        "top2_partido": "Partido Liberal",
        "top2_votos": 249,
        "top3_nome": "AUREO LIDIO MOREIRA RIBEIRO",
        "top3_partido": "Solidariedade",
        "top3_votos": 223,
        "total_votos_validos": 4460
      },
      "geometry": {
        "type": "Point",
        "coordinates": [
          -43.0944571,
          -22.8739038
        ]
      }
    },
    {
      "type": "Feature",
      "properties": {
        "ano": 2022,
        "nr_local": "1260",
        "label": "HUGO LEAL",
        "QT_VOTOS": 26,
        "n_secoes": 19,
        "nm_local": "INSTITUTO ABEL",
        "bairro": "ICARAÍ",
        "cargo": "DEPUTADO FEDERAL",
        "total_eleitores": 11652,
        "pct_mulheres": 55.3,
        "pct_homens": 44.7,
        "pct_genero_nao_informado": 0.0,
        "pct_jovens_16_24": 14.0,
        "pct_adultos_25_59": 60.5,
        "pct_60_mais": 25.5,
        "pct_idade_nao_informado": 0.0,
        "pct_ate_fundamental": 6.1,
        "pct_ensino_medio": 35.1,
        "pct_ensino_superior": 58.8,
        "pct_escolaridade_nao_informado": 0.0,
        "top1_nome": "TALÍRIA PETRONE SOARES",
        "top1_partido": "Partido Socialismo e Liberdade",
        "top1_votos": 992,
        "top2_nome": "CARLOS ROBERTO COELHO DE MATTOS JUNIOR",
        "top2_partido": "Partido Liberal",
        "top2_votos": 819,
        "top3_nome": "EDUARDO PAZUELLO",
        "top3_partido": "Partido Liberal",
        "top3_votos": 405,
        "total_votos_validos": 8897
      },
      "geometry": {
        "type": "Point",
        "coordinates": [
          -43.1094942,
          -22.9004168
        ]
      }
    },
    {
      "type": "Feature",
      "properties": {
        "ano": 2022,
        "nr_local": "1279",
        "label": "HUGO LEAL",
        "QT_VOTOS": 6,
        "n_secoes": 3,
        "nm_local": "INSTITUTO FOKUS (ANTIGO INTERAÇÃO CRECHE ESCOLA)",
        "bairro": "CAMBOINHAS",
        "cargo": "DEPUTADO FEDERAL",
        "total_eleitores": 1297,
        "pct_mulheres": 53.8,
        "pct_homens": 46.2,
        "pct_genero_nao_informado": 0.0,
        "pct_jovens_16_24": 1.1,
        "pct_adultos_25_59": 62.7,
        "pct_60_mais": 36.2,
        "pct_idade_nao_informado": 0.0,
        "pct_ate_fundamental": 2.3,
        "pct_ensino_medio": 20.8,
        "pct_ensino_superior": 76.9,
        "pct_escolaridade_nao_informado": 0.0,
        "top1_nome": "CARLOS ROBERTO COELHO DE MATTOS JUNIOR",
        "top1_partido": "Partido Liberal",
        "top1_votos": 114,
        "top2_nome": "EDUARDO PAZUELLO",
        "top2_partido": "Partido Liberal",
        "top2_votos": 83,
        "top3_nome": "TALÍRIA PETRONE SOARES",
        "top3_partido": "Partido Socialismo e Liberdade",
        "top3_votos": 52,
        "total_votos_validos": 998
      },
      "geometry": {
        "type": "Point",
        "coordinates": [
          -43.062822,
          -22.9542456
        ]
      }
    },
    {
      "type": "Feature",
      "properties": {
        "ano": 2022,
        "nr_local": "1287",
        "label": "HUGO LEAL",
        "QT_VOTOS": 1,
        "n_secoes": 1,
        "nm_local": "ESCOLA MUNICIPAL PROF MARCOS WALDEMAR DE FREITAS REIS",
        "bairro": "ITAIPU",
        "cargo": "DEPUTADO FEDERAL",
        "total_eleitores": 1349,
        "pct_mulheres": 53.2,
        "pct_homens": 46.8,
        "pct_genero_nao_informado": 0.0,
        "pct_jovens_16_24": 12.6,
        "pct_adultos_25_59": 66.3,
        "pct_60_mais": 21.1,
        "pct_idade_nao_informado": 0.0,
        "pct_ate_fundamental": 10.0,
        "pct_ensino_medio": 35.5,
        "pct_ensino_superior": 54.5,
        "pct_escolaridade_nao_informado": 0.0,
        "top1_nome": "CARLOS ROBERTO COELHO DE MATTOS JUNIOR",
        "top1_partido": "Partido Liberal",
        "top1_votos": 107,
        "top2_nome": "TALÍRIA PETRONE SOARES",
        "top2_partido": "Partido Socialismo e Liberdade",
        "top2_votos": 97,
        "top3_nome": "EDUARDO PAZUELLO",
        "top3_partido": "Partido Liberal",
        "top3_votos": 53,
        "total_votos_validos": 1026
      },
      "geometry": {
        "type": "Point",
        "coordinates": [
          -43.0330724,
          -22.9615628
        ]
      }
    },
    {
      "type": "Feature",
      "properties": {
        "ano": 2022,
        "nr_local": "1295",
        "label": "HUGO LEAL",
        "QT_VOTOS": 27,
        "n_secoes": 15,
        "nm_local": "UMEI PROFA ODETE ROSA DA MOTA",
        "bairro": "ITAIPU",
        "cargo": "DEPUTADO FEDERAL",
        "total_eleitores": 9179,
        "pct_mulheres": 55.0,
        "pct_homens": 45.0,
        "pct_genero_nao_informado": 0.0,
        "pct_jovens_16_24": 9.8,
        "pct_adultos_25_59": 59.6,
        "pct_60_mais": 30.6,
        "pct_idade_nao_informado": 0.0,
        "pct_ate_fundamental": 12.2,
        "pct_ensino_medio": 35.1,
        "pct_ensino_superior": 52.7,
        "pct_escolaridade_nao_informado": 0.0,
        "top1_nome": "CARLOS ROBERTO COELHO DE MATTOS JUNIOR",
        "top1_partido": "Partido Liberal",
        "top1_votos": 687,
        "top2_nome": "TALÍRIA PETRONE SOARES",
        "top2_partido": "Partido Socialismo e Liberdade",
        "top2_votos": 610,
        "top3_nome": "EDUARDO PAZUELLO",
        "top3_partido": "Partido Liberal",
        "top3_votos": 289,
        "total_votos_validos": 6636
      },
      "geometry": {
        "type": "Point",
        "coordinates": [
          -43.02859,
          -22.9532368
        ]
      }
    },
    {
      "type": "Feature",
      "properties": {
        "ano": 2022,
        "nr_local": "1309",
        "label": "HUGO LEAL",
        "QT_VOTOS": 11,
        "n_secoes": 7,
        "nm_local": "CURSO MARLY CURY",
        "bairro": "SANTA ROSA",
        "cargo": "DEPUTADO FEDERAL",
        "total_eleitores": 4292,
        "pct_mulheres": 57.7,
        "pct_homens": 42.3,
        "pct_genero_nao_informado": 0.0,
        "pct_jovens_16_24": 9.8,
        "pct_adultos_25_59": 61.2,
        "pct_60_mais": 29.1,
        "pct_idade_nao_informado": 0.0,
        "pct_ate_fundamental": 3.8,
        "pct_ensino_medio": 24.4,
        "pct_ensino_superior": 71.7,
        "pct_escolaridade_nao_informado": 0.0,
        "top1_nome": "TALÍRIA PETRONE SOARES",
        "top1_partido": "Partido Socialismo e Liberdade",
        "top1_votos": 423,
        "top2_nome": "CARLOS ROBERTO COELHO DE MATTOS JUNIOR",
        "top2_partido": "Partido Liberal",
        "top2_votos": 332,
        "top3_nome": "FRANCISCO RODRIGUES DE ALENCAR FILHO",
        "top3_partido": "Partido Socialismo e Liberdade",
        "top3_votos": 162,
        "total_votos_validos": 3374
      },
      "geometry": {
        "type": "Point",
        "coordinates": [
          -43.1019227,
          -22.9054777
        ]
      }
    },
    {
      "type": "Feature",
      "properties": {
        "ano": 2022,
        "nr_local": "1317",
        "label": "HUGO LEAL",
        "QT_VOTOS": 31,
        "n_secoes": 15,
        "nm_local": "ESCOLA ESTADUAL BALTAZAR BERNARDINO",
        "bairro": "SANTA ROSA",
        "cargo": "DEPUTADO FEDERAL",
        "total_eleitores": 9450,
        "pct_mulheres": 55.2,
        "pct_homens": 44.8,
        "pct_genero_nao_informado": 0.0,
        "pct_jovens_16_24": 15.6,
        "pct_adultos_25_59": 58.9,
        "pct_60_mais": 25.5,
        "pct_idade_nao_informado": 0.0,
        "pct_ate_fundamental": 13.6,
        "pct_ensino_medio": 39.4,
        "pct_ensino_superior": 47.0,
        "pct_escolaridade_nao_informado": 0.0,
        "top1_nome": "TALÍRIA PETRONE SOARES",
        "top1_partido": "Partido Socialismo e Liberdade",
        "top1_votos": 667,
        "top2_nome": "CARLOS ROBERTO COELHO DE MATTOS JUNIOR",
        "top2_partido": "Partido Liberal",
        "top2_votos": 624,
        "top3_nome": "RENATO FERREIRA DE OLIVEIRA CARIELLO",
        "top3_partido": "Partido Democrático Trabalhista",
        "top3_votos": 424,
        "total_votos_validos": 7119
      },
      "geometry": {
        "type": "Point",
        "coordinates": [
          -43.1012931,
          -22.9032359
        ]
      }
    },
    {
      "type": "Feature",
      "properties": {
        "ano": 2022,
        "nr_local": "1325",
        "label": "HUGO LEAL",
        "QT_VOTOS": 14,
        "n_secoes": 8,
        "nm_local": "ESCOLA MUNICIPAL SÍTIO DO IPÊ",
        "bairro": "MARIA PAULA",
        "cargo": "DEPUTADO FEDERAL",
        "total_eleitores": 6983,
        "pct_mulheres": 56.8,
        "pct_homens": 43.2,
        "pct_genero_nao_informado": 0.0,
        "pct_jovens_16_24": 17.1,
        "pct_adultos_25_59": 60.5,
        "pct_60_mais": 22.4,
        "pct_idade_nao_informado": 0.0,
        "pct_ate_fundamental": 25.8,
        "pct_ensino_medio": 48.5,
        "pct_ensino_superior": 25.8,
        "pct_escolaridade_nao_informado": 0.0,
        "top1_nome": "TALÍRIA PETRONE SOARES",
        "top1_partido": "Partido Socialismo e Liberdade",
        "top1_votos": 365,
        "top2_nome": "CARLOS ROBERTO COELHO DE MATTOS JUNIOR",
        "top2_partido": "Partido Liberal",
        "top2_votos": 291,
        "top3_nome": "WALDECK CARNEIRO DA SILVA",
        "top3_partido": "Partido Socialista Brasileiro",
        "top3_votos": 199,
        "total_votos_validos": 4953
      },
      "geometry": {
        "type": "Point",
        "coordinates": [
          -43.0267087,
          -22.8821134
        ]
      }
    },
    {
      "type": "Feature",
      "properties": {
        "ano": 2022,
        "nr_local": "1333",
        "label": "HUGO LEAL",
        "QT_VOTOS": 11,
        "n_secoes": 7,
        "nm_local": "ESCOLA ME NINAR",
        "bairro": "ITAIPU",
        "cargo": "DEPUTADO FEDERAL",
        "total_eleitores": 4571,
        "pct_mulheres": 57.3,
        "pct_homens": 42.7,
        "pct_genero_nao_informado": 0.0,
        "pct_jovens_16_24": 15.8,
        "pct_adultos_25_59": 61.0,
        "pct_60_mais": 23.3,
        "pct_idade_nao_informado": 0.0,
        "pct_ate_fundamental": 9.6,
        "pct_ensino_medio": 37.6,
        "pct_ensino_superior": 52.7,
        "pct_escolaridade_nao_informado": 0.0,
        "top1_nome": "TALÍRIA PETRONE SOARES",
        "top1_partido": "Partido Socialismo e Liberdade",
        "top1_votos": 402,
        "top2_nome": "CARLOS ROBERTO COELHO DE MATTOS JUNIOR",
        "top2_partido": "Partido Liberal",
        "top2_votos": 323,
        "top3_nome": "EDUARDO PAZUELLO",
        "top3_partido": "Partido Liberal",
        "top3_votos": 123,
        "total_votos_validos": 3562
      },
      "geometry": {
        "type": "Point",
        "coordinates": [
          -43.0442198,
          -22.9408099
        ]
      }
    },
    {
      "type": "Feature",
      "properties": {
        "ano": 2022,
        "nr_local": "1341",
        "label": "HUGO LEAL",
        "QT_VOTOS": 5,
        "n_secoes": 1,
        "nm_local": "SOPRECAM",
        "bairro": "CAMBOINHAS",
        "cargo": "DEPUTADO FEDERAL",
        "total_eleitores": 357,
        "pct_mulheres": 56.9,
        "pct_homens": 43.1,
        "pct_genero_nao_informado": 0.0,
        "pct_jovens_16_24": 0.3,
        "pct_adultos_25_59": 51.5,
        "pct_60_mais": 48.2,
        "pct_idade_nao_informado": 0.0,
        "pct_ate_fundamental": 2.8,
        "pct_ensino_medio": 18.2,
        "pct_ensino_superior": 79.0,
        "pct_escolaridade_nao_informado": 0.0,
        "top1_nome": "CARLOS ROBERTO COELHO DE MATTOS JUNIOR",
        "top1_partido": "Partido Liberal",
        "top1_votos": 39,
        "top2_nome": "EDUARDO PAZUELLO",
        "top2_partido": "Partido Liberal",
        "top2_votos": 29,
        "top3_nome": "TALÍRIA PETRONE SOARES",
        "top3_partido": "Partido Socialismo e Liberdade",
        "top3_votos": 22,
        "total_votos_validos": 356
      },
      "geometry": {
        "type": "Point",
        "coordinates": [
          -43.0584356,
          -22.9537053
        ]
      }
    },
    {
      "type": "Feature",
      "properties": {
        "ano": 2022,
        "nr_local": "1350",
        "label": "HUGO LEAL",
        "QT_VOTOS": 11,
        "n_secoes": 4,
        "nm_local": "ESCOLA MUNICIPAL MARALEGRE",
        "bairro": "CAFUBÁ",
        "cargo": "DEPUTADO FEDERAL",
        "total_eleitores": 2126,
        "pct_mulheres": 56.5,
        "pct_homens": 43.5,
        "pct_genero_nao_informado": 0.0,
        "pct_jovens_16_24": 26.7,
        "pct_adultos_25_59": 53.2,
        "pct_60_mais": 20.1,
        "pct_idade_nao_informado": 0.0,
        "pct_ate_fundamental": 25.5,
        "pct_ensino_medio": 51.2,
        "pct_ensino_superior": 23.3,
        "pct_escolaridade_nao_informado": 0.0,
        "top1_nome": "RENATO FERREIRA DE OLIVEIRA CARIELLO",
        "top1_partido": "Partido Democrático Trabalhista",
        "top1_votos": 251,
        "top2_nome": "TALÍRIA PETRONE SOARES",
        "top2_partido": "Partido Socialismo e Liberdade",
        "top2_votos": 90,
        "top3_nome": "WALDECK CARNEIRO DA SILVA",
        "top3_partido": "Partido Socialista Brasileiro",
        "top3_votos": 80,
        "total_votos_validos": 1548
      },
      "geometry": {
        "type": "Point",
        "coordinates": [
          -43.0724233,
          -22.9362723
        ]
      }
    },
    {
      "type": "Feature",
      "properties": {
        "ano": 2022,
        "nr_local": "1368",
        "label": "HUGO LEAL",
        "QT_VOTOS": 29,
        "n_secoes": 17,
        "nm_local": "INSTITUTO SÃO JOSÉ",
        "bairro": "SANTA ROSA",
        "cargo": "DEPUTADO FEDERAL",
        "total_eleitores": 9244,
        "pct_mulheres": 56.4,
        "pct_homens": 43.6,
        "pct_genero_nao_informado": 0.0,
        "pct_jovens_16_24": 15.2,
        "pct_adultos_25_59": 62.8,
        "pct_60_mais": 22.0,
        "pct_idade_nao_informado": 0.0,
        "pct_ate_fundamental": 24.8,
        "pct_ensino_medio": 39.0,
        "pct_ensino_superior": 36.2,
        "pct_escolaridade_nao_informado": 0.0,
        "top1_nome": "TALÍRIA PETRONE SOARES",
        "top1_partido": "Partido Socialismo e Liberdade",
        "top1_votos": 570,
        "top2_nome": "CARLOS ROBERTO COELHO DE MATTOS JUNIOR",
        "top2_partido": "Partido Liberal",
        "top2_votos": 483,
        "top3_nome": "LEONARDO CARNEIRO MONTEIRO PICCIANI",
        "top3_partido": "Movimento Democrático Brasileiro",
        "top3_votos": 469,
        "total_votos_validos": 6897
      },
      "geometry": {
        "type": "Point",
        "coordinates": [
          -43.1018878,
          -22.901754
        ]
      }
    },
    {
      "type": "Feature",
      "properties": {
        "ano": 2022,
        "nr_local": "1392",
        "label": "HUGO LEAL",
        "QT_VOTOS": 22,
        "n_secoes": 12,
        "nm_local": "FACULDADE DE VETERINARIA DA UFF",
        "bairro": "VITAL BRASIL",
        "cargo": "DEPUTADO FEDERAL",
        "total_eleitores": 7853,
        "pct_mulheres": 55.5,
        "pct_homens": 44.5,
        "pct_genero_nao_informado": 0.0,
        "pct_jovens_16_24": 19.3,
        "pct_adultos_25_59": 58.4,
        "pct_60_mais": 22.3,
        "pct_idade_nao_informado": 0.0,
        "pct_ate_fundamental": 10.5,
        "pct_ensino_medio": 37.1,
        "pct_ensino_superior": 52.4,
        "pct_escolaridade_nao_informado": 0.0,
        "top1_nome": "TALÍRIA PETRONE SOARES",
        "top1_partido": "Partido Socialismo e Liberdade",
        "top1_votos": 625,
        "top2_nome": "CARLOS ROBERTO COELHO DE MATTOS JUNIOR",
        "top2_partido": "Partido Liberal",
        "top2_votos": 481,
        "top3_nome": "EDUARDO PAZUELLO",
        "top3_partido": "Partido Liberal",
        "top3_votos": 239,
        "total_votos_validos": 5994
      },
      "geometry": {
        "type": "Point",
        "coordinates": [
          -43.098407,
          -22.904908
        ]
      }
    },
    {
      "type": "Feature",
      "properties": {
        "ano": 2022,
        "nr_local": "1406",
        "label": "HUGO LEAL",
        "QT_VOTOS": 4,
        "n_secoes": 3,
        "nm_local": "COLÉGIO NITERÓI",
        "bairro": "ENGENHOCA",
        "cargo": "DEPUTADO FEDERAL",
        "total_eleitores": 1765,
        "pct_mulheres": 56.3,
        "pct_homens": 43.7,
        "pct_genero_nao_informado": 0.0,
        "pct_jovens_16_24": 12.3,
        "pct_adultos_25_59": 59.8,
        "pct_60_mais": 27.9,
        "pct_idade_nao_informado": 0.0,
        "pct_ate_fundamental": 35.0,
        "pct_ensino_medio": 51.7,
        "pct_ensino_superior": 13.3,
        "pct_escolaridade_nao_informado": 0.0,
        "top1_nome": "RENATO FERREIRA DE OLIVEIRA CARIELLO",
        "top1_partido": "Partido Democrático Trabalhista",
        "top1_votos": 324,
        "top2_nome": "ANDRÉ LUIZ LAZARONI DE MORAES",
        "top2_partido": "Partido Verde",
        "top2_votos": 58,
        "top3_nome": "CARLOS ROBERTO COELHO DE MATTOS JUNIOR",
        "top3_partido": "Partido Liberal",
        "top3_votos": 53,
        "total_votos_validos": 1309
      },
      "geometry": {
        "type": "Point",
        "coordinates": [
          -43.1018717,
          -22.8706133
        ]
      }
    },
    {
      "type": "Feature",
      "properties": {
        "ano": 2022,
        "nr_local": "1414",
        "label": "HUGO LEAL",
        "QT_VOTOS": 6,
        "n_secoes": 5,
        "nm_local": "UNIVERSIDADE SALGADO DE OLIVEIRA - BL B (PRÓXIMO AO GUANABARA)",
        "bairro": "CENTRO",
        "cargo": "DEPUTADO FEDERAL",
        "total_eleitores": 2064,
        "pct_mulheres": 56.4,
        "pct_homens": 43.6,
        "pct_genero_nao_informado": 0.0,
        "pct_jovens_16_24": 11.9,
        "pct_adultos_25_59": 66.0,
        "pct_60_mais": 22.1,
        "pct_idade_nao_informado": 0.0,
        "pct_ate_fundamental": 21.0,
        "pct_ensino_medio": 43.8,
        "pct_ensino_superior": 35.3,
        "pct_escolaridade_nao_informado": 0.0,
        "top1_nome": "TALÍRIA PETRONE SOARES",
        "top1_partido": "Partido Socialismo e Liberdade",
        "top1_votos": 106,
        "top2_nome": "CARLOS ROBERTO COELHO DE MATTOS JUNIOR",
        "top2_partido": "Partido Liberal",
        "top2_votos": 83,
        "top3_nome": "RENATO FERREIRA DE OLIVEIRA CARIELLO",
        "top3_partido": "Partido Democrático Trabalhista",
        "top3_votos": 70,
        "total_votos_validos": 1481
      },
      "geometry": {
        "type": "Point",
        "coordinates": [
          -43.1172001,
          -22.8893447
        ]
      }
    },
    {
      "type": "Feature",
      "properties": {
        "ano": 2022,
        "nr_local": "1422",
        "label": "HUGO LEAL",
        "QT_VOTOS": 2,
        "n_secoes": 1,
        "nm_local": "CLUBE PORTUGUES DE NITEROI",
        "bairro": "SÃO DOMINGOS",
        "cargo": "DEPUTADO FEDERAL",
        "total_eleitores": 2373,
        "pct_mulheres": 54.3,
        "pct_homens": 45.7,
        "pct_genero_nao_informado": 0.0,
        "pct_jovens_16_24": 10.1,
        "pct_adultos_25_59": 55.0,
        "pct_60_mais": 34.9,
        "pct_idade_nao_informado": 0.0,
        "pct_ate_fundamental": 9.5,
        "pct_ensino_medio": 27.2,
        "pct_ensino_superior": 63.3,
        "pct_escolaridade_nao_informado": 0.0,
        "top1_nome": "TALÍRIA PETRONE SOARES",
        "top1_partido": "Partido Socialismo e Liberdade",
        "top1_votos": 228,
        "top2_nome": "CARLOS ROBERTO COELHO DE MATTOS JUNIOR",
        "top2_partido": "Partido Liberal",
        "top2_votos": 150,
        "top3_nome": "FRANCISCO RODRIGUES DE ALENCAR FILHO",
        "top3_partido": "Partido Socialismo e Liberdade",
        "top3_votos": 89,
        "total_votos_validos": 1827
      },
      "geometry": {
        "type": "Point",
        "coordinates": [
          -43.1274594,
          -22.9021482
        ]
      }
    },
    {
      "type": "Feature",
      "properties": {
        "ano": 2022,
        "nr_local": "1430",
        "label": "HUGO LEAL",
        "QT_VOTOS": 5,
        "n_secoes": 4,
        "nm_local": "COLEGIO ESTADUAL AURELINO LEAL",
        "bairro": "INGÁ",
        "cargo": "DEPUTADO FEDERAL",
        "total_eleitores": 3175,
        "pct_mulheres": 59.7,
        "pct_homens": 40.3,
        "pct_genero_nao_informado": 0.0,
        "pct_jovens_16_24": 11.1,
        "pct_adultos_25_59": 57.3,
        "pct_60_mais": 31.7,
        "pct_idade_nao_informado": 0.0,
        "pct_ate_fundamental": 13.3,
        "pct_ensino_medio": 31.2,
        "pct_ensino_superior": 55.5,
        "pct_escolaridade_nao_informado": 0.0,
        "top1_nome": "TALÍRIA PETRONE SOARES",
        "top1_partido": "Partido Socialismo e Liberdade",
        "top1_votos": 273,
        "top2_nome": "CARLOS ROBERTO COELHO DE MATTOS JUNIOR",
        "top2_partido": "Partido Liberal",
        "top2_votos": 183,
        "top3_nome": "EDUARDO PAZUELLO",
        "top3_partido": "Partido Liberal",
        "top3_votos": 103,
        "total_votos_validos": 2291
      },
      "geometry": {
        "type": "Point",
        "coordinates": [
          -43.1254512,
          -22.9033321
        ]
      }
    },
    {
      "type": "Feature",
      "properties": {
        "ano": 2022,
        "nr_local": "1449",
        "label": "HUGO LEAL",
        "QT_VOTOS": 41,
        "n_secoes": 24,
        "nm_local": "CIEP 450 - BADU",
        "bairro": "BADU",
        "cargo": "DEPUTADO FEDERAL",
        "total_eleitores": 14024,
        "pct_mulheres": 54.2,
        "pct_homens": 45.8,
        "pct_genero_nao_informado": 0.0,
        "pct_jovens_16_24": 12.8,
        "pct_adultos_25_59": 63.5,
        "pct_60_mais": 23.7,
        "pct_idade_nao_informado": 0.0,
        "pct_ate_fundamental": 27.0,
        "pct_ensino_medio": 44.2,
        "pct_ensino_superior": 28.8,
        "pct_escolaridade_nao_informado": 0.0,
        "top1_nome": "TALÍRIA PETRONE SOARES",
        "top1_partido": "Partido Socialismo e Liberdade",
        "top1_votos": 717,
        "top2_nome": "CARLOS ROBERTO COELHO DE MATTOS JUNIOR",
        "top2_partido": "Partido Liberal",
        "top2_votos": 689,
        "top3_nome": "RENATO FERREIRA DE OLIVEIRA CARIELLO",
        "top3_partido": "Partido Democrático Trabalhista",
        "top3_votos": 447,
        "total_votos_validos": 9954
      },
      "geometry": {
        "type": "Point",
        "coordinates": [
          -43.0566124,
          -22.9071974
        ]
      }
    },
    {
      "type": "Feature",
      "properties": {
        "ano": 2022,
        "nr_local": "1457",
        "label": "HUGO LEAL",
        "QT_VOTOS": 13,
        "n_secoes": 9,
        "nm_local": "ÁGUAS DE NITEROI",
        "bairro": "CENTRO",
        "cargo": "DEPUTADO FEDERAL",
        "total_eleitores": 6238,
        "pct_mulheres": 56.3,
        "pct_homens": 43.7,
        "pct_genero_nao_informado": 0.0,
        "pct_jovens_16_24": 13.0,
        "pct_adultos_25_59": 59.7,
        "pct_60_mais": 27.3,
        "pct_idade_nao_informado": 0.0,
        "pct_ate_fundamental": 19.4,
        "pct_ensino_medio": 45.3,
        "pct_ensino_superior": 35.2,
        "pct_escolaridade_nao_informado": 0.0,
        "top1_nome": "TALÍRIA PETRONE SOARES",
        "top1_partido": "Partido Socialismo e Liberdade",
        "top1_votos": 323,
        "top2_nome": "CARLOS ROBERTO COELHO DE MATTOS JUNIOR",
        "top2_partido": "Partido Liberal",
        "top2_votos": 302,
        "top3_nome": "WALDECK CARNEIRO DA SILVA",
        "top3_partido": "Partido Socialista Brasileiro",
        "top3_votos": 175,
        "total_votos_validos": 4300
      },
      "geometry": {
        "type": "Point",
        "coordinates": [
          -43.1141378,
          -22.8915411
        ]
      }
    },
    {
      "type": "Feature",
      "properties": {
        "ano": 2022,
        "nr_local": "1465",
        "label": "HUGO LEAL",
        "QT_VOTOS": 7,
        "n_secoes": 6,
        "nm_local": "CENTRO UNIVERSITÁRIO ANHANGUERA (ANTIGO PLÍNIO LEITE)",
        "bairro": "CENTRO",
        "cargo": "DEPUTADO FEDERAL",
        "total_eleitores": 4095,
        "pct_mulheres": 54.4,
        "pct_homens": 45.6,
        "pct_genero_nao_informado": 0.0,
        "pct_jovens_16_24": 10.5,
        "pct_adultos_25_59": 62.2,
        "pct_60_mais": 27.3,
        "pct_idade_nao_informado": 0.0,
        "pct_ate_fundamental": 14.0,
        "pct_ensino_medio": 41.7,
        "pct_ensino_superior": 44.3,
        "pct_escolaridade_nao_informado": 0.0,
        "top1_nome": "TALÍRIA PETRONE SOARES",
        "top1_partido": "Partido Socialismo e Liberdade",
        "top1_votos": 276,
        "top2_nome": "CARLOS ROBERTO COELHO DE MATTOS JUNIOR",
        "top2_partido": "Partido Liberal",
        "top2_votos": 224,
        "top3_nome": "RENATO FERREIRA DE OLIVEIRA CARIELLO",
        "top3_partido": "Partido Democrático Trabalhista",
        "top3_votos": 94,
        "total_votos_validos": 2991
      },
      "geometry": {
        "type": "Point",
        "coordinates": [
          -43.1245632,
          -22.8869267
        ]
      }
    },
    {
      "type": "Feature",
      "properties": {
        "ano": 2022,
        "nr_local": "1473",
        "label": "HUGO LEAL",
        "QT_VOTOS": 12,
        "n_secoes": 6,
        "nm_local": "COLÉGIO FORUM CULTURAL",
        "bairro": "CANTAGALO",
        "cargo": "DEPUTADO FEDERAL",
        "total_eleitores": 8413,
        "pct_mulheres": 54.5,
        "pct_homens": 45.5,
        "pct_genero_nao_informado": 0.0,
        "pct_jovens_16_24": 11.0,
        "pct_adultos_25_59": 66.8,
        "pct_60_mais": 22.2,
        "pct_idade_nao_informado": 0.0,
        "pct_ate_fundamental": 34.9,
        "pct_ensino_medio": 44.9,
        "pct_ensino_superior": 20.2,
        "pct_escolaridade_nao_informado": 0.0,
        "top1_nome": "ALTINEU CORTES FREITAS COUTINHO",
        "top1_partido": "Partido Liberal",
        "top1_votos": 300,
        "top2_nome": "CARLOS ROBERTO COELHO DE MATTOS JUNIOR",
        "top2_partido": "Partido Liberal",
        "top2_votos": 291,
        "top3_nome": "TALÍRIA PETRONE SOARES",
        "top3_partido": "Partido Socialismo e Liberdade",
        "top3_votos": 277,
        "total_votos_validos": 6034
      },
      "geometry": {
        "type": "Point",
        "coordinates": [
          -43.0490094,
          -22.9163184
        ]
      }
    },
    {
      "type": "Feature",
      "properties": {
        "ano": 2022,
        "nr_local": "1481",
        "label": "HUGO LEAL",
        "QT_VOTOS": 15,
        "n_secoes": 10,
        "nm_local": "ESCOLA MUNICIPAL MAESTRO HEITOR VILLA-LOBOS (''COLÉGIO NOVO'')",
        "bairro": "ILHA DA CONCEIÇÃO",
        "cargo": "DEPUTADO FEDERAL",
        "total_eleitores": 5763,
        "pct_mulheres": 53.9,
        "pct_homens": 46.1,
        "pct_genero_nao_informado": 0.0,
        "pct_jovens_16_24": 9.3,
        "pct_adultos_25_59": 62.8,
        "pct_60_mais": 27.9,
        "pct_idade_nao_informado": 0.0,
        "pct_ate_fundamental": 28.2,
        "pct_ensino_medio": 52.2,
        "pct_ensino_superior": 19.5,
        "pct_escolaridade_nao_informado": 0.0,
        "top1_nome": "RENATO FERREIRA DE OLIVEIRA CARIELLO",
        "top1_partido": "Partido Democrático Trabalhista",
        "top1_votos": 352,
        "top2_nome": "WASHINGTON LUIZ CARDOSO SIQUEIRA",
        "top2_partido": "Partido dos Trabalhadores",
        "top2_votos": 264,
        "top3_nome": "CARLOS ROBERTO COELHO DE MATTOS JUNIOR",
        "top3_partido": "Partido Liberal",
        "top3_votos": 230,
        "total_votos_validos": 4109
      },
      "geometry": {
        "type": "Point",
        "coordinates": [
          -43.1156463,
          -22.8731482
        ]
      }
    },
    {
      "type": "Feature",
      "properties": {
        "ano": 2022,
        "nr_local": "1490",
        "label": "HUGO LEAL",
        "QT_VOTOS": 4,
        "n_secoes": 3,
        "nm_local": "IGREJA BATISTA DO FONSECA",
        "bairro": "FONSECA",
        "cargo": "DEPUTADO FEDERAL",
        "total_eleitores": 1890,
        "pct_mulheres": 56.7,
        "pct_homens": 43.3,
        "pct_genero_nao_informado": 0.0,
        "pct_jovens_16_24": 7.3,
        "pct_adultos_25_59": 59.1,
        "pct_60_mais": 33.6,
        "pct_idade_nao_informado": 0.0,
        "pct_ate_fundamental": 17.2,
        "pct_ensino_medio": 42.8,
        "pct_ensino_superior": 40.0,
        "pct_escolaridade_nao_informado": 0.0,
        "top1_nome": "TALÍRIA PETRONE SOARES",
        "top1_partido": "Partido Socialismo e Liberdade",
        "top1_votos": 88,
        "top2_nome": "CARLOS ROBERTO COELHO DE MATTOS JUNIOR",
        "top2_partido": "Partido Liberal",
        "top2_votos": 81,
        "top3_nome": "WALDECK CARNEIRO DA SILVA",
        "top3_partido": "Partido Socialista Brasileiro",
        "top3_votos": 68,
        "total_votos_validos": 1322
      },
      "geometry": {
        "type": "Point",
        "coordinates": [
          -43.0865383,
          -22.8810878
        ]
      }
    },
    {
      "type": "Feature",
      "properties": {
        "ano": 2022,
        "nr_local": "1503",
        "label": "HUGO LEAL",
        "QT_VOTOS": 11,
        "n_secoes": 6,
        "nm_local": "SERVICO DE ASSISTENCIA SOCIAL SAO DOMINGOS SAVIO",
        "bairro": "SANTA ROSA",
        "cargo": "DEPUTADO FEDERAL",
        "total_eleitores": 2352,
        "pct_mulheres": 55.6,
        "pct_homens": 44.4,
        "pct_genero_nao_informado": 0.0,
        "pct_jovens_16_24": 8.6,
        "pct_adultos_25_59": 61.4,
        "pct_60_mais": 29.9,
        "pct_idade_nao_informado": 0.0,
        "pct_ate_fundamental": 20.1,
        "pct_ensino_medio": 38.1,
        "pct_ensino_superior": 41.9,
        "pct_escolaridade_nao_informado": 0.0,
        "top1_nome": "TALÍRIA PETRONE SOARES",
        "top1_partido": "Partido Socialismo e Liberdade",
        "top1_votos": 173,
        "top2_nome": "CARLOS ROBERTO COELHO DE MATTOS JUNIOR",
        "top2_partido": "Partido Liberal",
        "top2_votos": 108,
        "top3_nome": "FRANCISCO JOSE D ANGELO",
        "top3_partido": "Partido Democrático Trabalhista",
        "top3_votos": 107,
        "total_votos_validos": 1698
      },
      "geometry": {
        "type": "Point",
        "coordinates": [
          -43.0928214,
          -22.8988024
        ]
      }
    },
    {
      "type": "Feature",
      "properties": {
        "ano": 2022,
        "nr_local": "1511",
        "label": "HUGO LEAL",
        "QT_VOTOS": 16,
        "n_secoes": 8,
        "nm_local": "FACULDADE DE ADMINISTRAÇÃO E CIÊNCIAS CONTÁBEIS (VALONGUINHO)",
        "bairro": "CENTRO",
        "cargo": "DEPUTADO FEDERAL",
        "total_eleitores": 3321,
        "pct_mulheres": 56.0,
        "pct_homens": 44.0,
        "pct_genero_nao_informado": 0.0,
        "pct_jovens_16_24": 11.7,
        "pct_adultos_25_59": 62.4,
        "pct_60_mais": 25.9,
        "pct_idade_nao_informado": 0.0,
        "pct_ate_fundamental": 27.3,
        "pct_ensino_medio": 45.1,
        "pct_ensino_superior": 27.7,
        "pct_escolaridade_nao_informado": 0.0,
        "top1_nome": "TALÍRIA PETRONE SOARES",
        "top1_partido": "Partido Socialismo e Liberdade",
        "top1_votos": 304,
        "top2_nome": "WALDECK CARNEIRO DA SILVA",
        "top2_partido": "Partido Socialista Brasileiro",
        "top2_votos": 173,
        "top3_nome": "CARLOS ROBERTO COELHO DE MATTOS JUNIOR",
        "top3_partido": "Partido Liberal",
        "top3_votos": 143,
        "total_votos_validos": 3330
      },
      "geometry": {
        "type": "Point",
        "coordinates": [
          -43.1252439,
          -22.8967413
        ]
      }
    },
    {
      "type": "Feature",
      "properties": {
        "ano": 2022,
        "nr_local": "1520",
        "label": "HUGO LEAL",
        "QT_VOTOS": 14,
        "n_secoes": 8,
        "nm_local": "ESCOLA MUNICIPAL LEVI CARNEIRO",
        "bairro": "SAPÊ",
        "cargo": "DEPUTADO FEDERAL",
        "total_eleitores": 7076,
        "pct_mulheres": 54.6,
        "pct_homens": 45.4,
        "pct_genero_nao_informado": 0.0,
        "pct_jovens_16_24": 9.3,
        "pct_adultos_25_59": 67.5,
        "pct_60_mais": 23.2,
        "pct_idade_nao_informado": 0.0,
        "pct_ate_fundamental": 34.3,
        "pct_ensino_medio": 46.6,
        "pct_ensino_superior": 19.1,
        "pct_escolaridade_nao_informado": 0.0,
        "top1_nome": "LUIZ ANTONIO DE SOUZA TEIXEIRA JUNIOR",
        "top1_partido": "PROGRESSISTAS",
        "top1_votos": 339,
        "top2_nome": "CARLOS ROBERTO COELHO DE MATTOS JUNIOR",
        "top2_partido": "Partido Liberal",
        "top2_votos": 329,
        "top3_nome": "TALÍRIA PETRONE SOARES",
        "top3_partido": "Partido Socialismo e Liberdade",
        "top3_votos": 238,
        "total_votos_validos": 5492
      },
      "geometry": {
        "type": "Point",
        "coordinates": [
          -43.0583864,
          -22.8961721
        ]
      }
    },
    {
      "type": "Feature",
      "properties": {
        "ano": 2022,
        "nr_local": "1538",
        "label": "HUGO LEAL",
        "QT_VOTOS": 2,
        "n_secoes": 2,
        "nm_local": "ESCOLA CATAVENTO ESPAÇO DE EDUCAÇÃO",
        "bairro": "SAPÊ",
        "cargo": "DEPUTADO FEDERAL",
        "total_eleitores": 1323,
        "pct_mulheres": 55.5,
        "pct_homens": 44.5,
        "pct_genero_nao_informado": 0.0,
        "pct_jovens_16_24": 13.8,
        "pct_adultos_25_59": 72.0,
        "pct_60_mais": 14.1,
        "pct_idade_nao_informado": 0.0,
        "pct_ate_fundamental": 22.4,
        "pct_ensino_medio": 53.8,
        "pct_ensino_superior": 23.7,
        "pct_escolaridade_nao_informado": 0.0,
        "top1_nome": "CARLOS ROBERTO COELHO DE MATTOS JUNIOR",
        "top1_partido": "Partido Liberal",
        "top1_votos": 84,
        "top2_nome": "TALÍRIA PETRONE SOARES",
        "top2_partido": "Partido Socialismo e Liberdade",
        "top2_votos": 79,
        "top3_nome": "LUIZ ANTONIO DE SOUZA TEIXEIRA JUNIOR",
        "top3_partido": "PROGRESSISTAS",
        "top3_votos": 66,
        "total_votos_validos": 1167
      },
      "geometry": {
        "type": "Point",
        "coordinates": [
          -43.0635188,
          -22.9024713
        ]
      }
    },
    {
      "type": "Feature",
      "properties": {
        "ano": 2022,
        "nr_local": "1546",
        "label": "HUGO LEAL",
        "QT_VOTOS": 22,
        "n_secoes": 14,
        "nm_local": "UNIVERSIDADE SALGADO DE OLIVEIRA - BL A",
        "bairro": "CENTRO",
        "cargo": "DEPUTADO FEDERAL",
        "total_eleitores": 4684,
        "pct_mulheres": 56.6,
        "pct_homens": 43.4,
        "pct_genero_nao_informado": 0.0,
        "pct_jovens_16_24": 12.1,
        "pct_adultos_25_59": 61.2,
        "pct_60_mais": 26.7,
        "pct_idade_nao_informado": 0.0,
        "pct_ate_fundamental": 23.8,
        "pct_ensino_medio": 47.6,
        "pct_ensino_superior": 28.6,
        "pct_escolaridade_nao_informado": 0.0,
        "top1_nome": "TALÍRIA PETRONE SOARES",
        "top1_partido": "Partido Socialismo e Liberdade",
        "top1_votos": 365,
        "top2_nome": "CARLOS ROBERTO COELHO DE MATTOS JUNIOR",
        "top2_partido": "Partido Liberal",
        "top2_votos": 294,
        "top3_nome": "WALDECK CARNEIRO DA SILVA",
        "top3_partido": "Partido Socialista Brasileiro",
        "top3_votos": 160,
        "total_votos_validos": 4662
      },
      "geometry": {
        "type": "Point",
        "coordinates": [
          -43.1186087,
          -22.8894749
        ]
      }
    },
    {
      "type": "Feature",
      "properties": {
        "ano": 2022,
        "nr_local": "1554",
        "label": "HUGO LEAL",
        "QT_VOTOS": 13,
        "n_secoes": 12,
        "nm_local": "JARDIM ESCOLA GIRASSÓIS",
        "bairro": "LARGO DA BATALHA",
        "cargo": "DEPUTADO FEDERAL",
        "total_eleitores": 7943,
        "pct_mulheres": 55.7,
        "pct_homens": 44.3,
        "pct_genero_nao_informado": 0.0,
        "pct_jovens_16_24": 14.2,
        "pct_adultos_25_59": 61.9,
        "pct_60_mais": 23.9,
        "pct_idade_nao_informado": 0.0,
        "pct_ate_fundamental": 21.6,
        "pct_ensino_medio": 45.7,
        "pct_ensino_superior": 32.7,
        "pct_escolaridade_nao_informado": 0.0,
        "top1_nome": "TALÍRIA PETRONE SOARES",
        "top1_partido": "Partido Socialismo e Liberdade",
        "top1_votos": 493,
        "top2_nome": "CARLOS ROBERTO COELHO DE MATTOS JUNIOR",
        "top2_partido": "Partido Liberal",
        "top2_votos": 378,
        "top3_nome": "WALDECK CARNEIRO DA SILVA",
        "top3_partido": "Partido Socialista Brasileiro",
        "top3_votos": 333,
        "total_votos_validos": 6836
      },
      "geometry": {
        "type": "Point",
        "coordinates": [
          -43.0652722,
          -22.9077414
        ]
      }
    },
    {
      "type": "Feature",
      "properties": {
        "ano": 2022,
        "nr_local": "1562",
        "label": "HUGO LEAL",
        "QT_VOTOS": 18,
        "n_secoes": 10,
        "nm_local": "COLEGIO ESTADUAL RAUL VIDAL",
        "bairro": "CENTRO",
        "cargo": "DEPUTADO FEDERAL",
        "total_eleitores": 7030,
        "pct_mulheres": 56.4,
        "pct_homens": 43.6,
        "pct_genero_nao_informado": 0.0,
        "pct_jovens_16_24": 12.2,
        "pct_adultos_25_59": 63.4,
        "pct_60_mais": 24.4,
        "pct_idade_nao_informado": 0.0,
        "pct_ate_fundamental": 24.0,
        "pct_ensino_medio": 45.8,
        "pct_ensino_superior": 30.3,
        "pct_escolaridade_nao_informado": 0.0,
        "top1_nome": "TALÍRIA PETRONE SOARES",
        "top1_partido": "Partido Socialismo e Liberdade",
        "top1_votos": 372,
        "top2_nome": "CARLOS ROBERTO COELHO DE MATTOS JUNIOR",
        "top2_partido": "Partido Liberal",
        "top2_votos": 303,
        "top3_nome": "RENATO FERREIRA DE OLIVEIRA CARIELLO",
        "top3_partido": "Partido Democrático Trabalhista",
        "top3_votos": 267,
        "total_votos_validos": 5086
      },
      "geometry": {
        "type": "Point",
        "coordinates": [
          -43.1242688,
          -22.8862372
        ]
      }
    },
    {
      "type": "Feature",
      "properties": {
        "ano": 2022,
        "nr_local": "1570",
        "label": "HUGO LEAL",
        "QT_VOTOS": 17,
        "n_secoes": 11,
        "nm_local": "IGREJA DO SANTUARIO NACIONAL DAS ALMAS",
        "bairro": "ICARAÍ",
        "cargo": "DEPUTADO FEDERAL",
        "total_eleitores": 7707,
        "pct_mulheres": 55.9,
        "pct_homens": 44.1,
        "pct_genero_nao_informado": 0.0,
        "pct_jovens_16_24": 9.8,
        "pct_adultos_25_59": 55.1,
        "pct_60_mais": 35.1,
        "pct_idade_nao_informado": 0.0,
        "pct_ate_fundamental": 12.0,
        "pct_ensino_medio": 35.8,
        "pct_ensino_superior": 52.3,
        "pct_escolaridade_nao_informado": 0.0,
        "top1_nome": "TALÍRIA PETRONE SOARES",
        "top1_partido": "Partido Socialismo e Liberdade",
        "top1_votos": 561,
        "top2_nome": "CARLOS ROBERTO COELHO DE MATTOS JUNIOR",
        "top2_partido": "Partido Liberal",
        "top2_votos": 516,
        "top3_nome": "EDUARDO PAZUELLO",
        "top3_partido": "Partido Liberal",
        "top3_votos": 222,
        "total_votos_validos": 5666
      },
      "geometry": {
        "type": "Point",
        "coordinates": [
          -43.1107182,
          -22.9004522
        ]
      }
    },
    {
      "type": "Feature",
      "properties": {
        "ano": 2022,
        "nr_local": "1589",
        "label": "HUGO LEAL",
        "QT_VOTOS": 18,
        "n_secoes": 11,
        "nm_local": "COLÉGIO NOSSA SENHORA DAS MERCÊS",
        "bairro": "FONSECA",
        "cargo": "DEPUTADO FEDERAL",
        "total_eleitores": 7444,
        "pct_mulheres": 55.9,
        "pct_homens": 44.1,
        "pct_genero_nao_informado": 0.0,
        "pct_jovens_16_24": 8.4,
        "pct_adultos_25_59": 60.7,
        "pct_60_mais": 30.8,
        "pct_idade_nao_informado": 0.0,
        "pct_ate_fundamental": 8.2,
        "pct_ensino_medio": 34.9,
        "pct_ensino_superior": 56.9,
        "pct_escolaridade_nao_informado": 0.0,
        "top1_nome": "TALÍRIA PETRONE SOARES",
        "top1_partido": "Partido Socialismo e Liberdade",
        "top1_votos": 508,
        "top2_nome": "CARLOS ROBERTO COELHO DE MATTOS JUNIOR",
        "top2_partido": "Partido Liberal",
        "top2_votos": 444,
        "top3_nome": "EDUARDO PAZUELLO",
        "top3_partido": "Partido Liberal",
        "top3_votos": 240,
        "total_votos_validos": 5416
      },
      "geometry": {
        "type": "Point",
        "coordinates": [
          -43.1023535,
          -22.880345
        ]
      }
    },
    {
      "type": "Feature",
      "properties": {
        "ano": 2022,
        "nr_local": "1597",
        "label": "HUGO LEAL",
        "QT_VOTOS": 7,
        "n_secoes": 5,
        "nm_local": "COLÉGIO PONTO DE ENSINO",
        "bairro": "ICARAÍ",
        "cargo": "DEPUTADO FEDERAL",
        "total_eleitores": 6536,
        "pct_mulheres": 56.4,
        "pct_homens": 43.6,
        "pct_genero_nao_informado": 0.0,
        "pct_jovens_16_24": 9.2,
        "pct_adultos_25_59": 56.3,
        "pct_60_mais": 34.5,
        "pct_idade_nao_informado": 0.0,
        "pct_ate_fundamental": 12.4,
        "pct_ensino_medio": 35.0,
        "pct_ensino_superior": 52.6,
        "pct_escolaridade_nao_informado": 0.0,
        "top1_nome": "CARLOS ROBERTO COELHO DE MATTOS JUNIOR",
        "top1_partido": "Partido Liberal",
        "top1_votos": 533,
        "top2_nome": "TALÍRIA PETRONE SOARES",
        "top2_partido": "Partido Socialismo e Liberdade",
        "top2_votos": 451,
        "top3_nome": "EDUARDO PAZUELLO",
        "top3_partido": "Partido Liberal",
        "top3_votos": 246,
        "total_votos_validos": 5838
      },
      "geometry": {
        "type": "Point",
        "coordinates": [
          -43.1095209,
          -22.9092421
        ]
      }
    },
    {
      "type": "Feature",
      "properties": {
        "ano": 2022,
        "nr_local": "1600",
        "label": "HUGO LEAL",
        "QT_VOTOS": 27,
        "n_secoes": 12,
        "nm_local": "INSTITUTO DE EDUCAÇÃO PROFESSOR ISMAEL COUTINHO - IEPIC",
        "bairro": "SÃO DOMINGOS",
        "cargo": "DEPUTADO FEDERAL",
        "total_eleitores": 6871,
        "pct_mulheres": 55.2,
        "pct_homens": 44.8,
        "pct_genero_nao_informado": 0.0,
        "pct_jovens_16_24": 12.9,
        "pct_adultos_25_59": 60.0,
        "pct_60_mais": 27.1,
        "pct_idade_nao_informado": 0.0,
        "pct_ate_fundamental": 20.5,
        "pct_ensino_medio": 36.9,
        "pct_ensino_superior": 42.6,
        "pct_escolaridade_nao_informado": 0.0,
        "top1_nome": "TALÍRIA PETRONE SOARES",
        "top1_partido": "Partido Socialismo e Liberdade",
        "top1_votos": 560,
        "top2_nome": "CARLOS ROBERTO COELHO DE MATTOS JUNIOR",
        "top2_partido": "Partido Liberal",
        "top2_votos": 415,
        "top3_nome": "LEONARDO CARNEIRO MONTEIRO PICCIANI",
        "top3_partido": "Movimento Democrático Brasileiro",
        "top3_votos": 259,
        "total_votos_validos": 6000
      },
      "geometry": {
        "type": "Point",
        "coordinates": [
          -43.1271052,
          -22.8989767
        ]
      }
    },
    {
      "type": "Feature",
      "properties": {
        "ano": 2022,
        "nr_local": "1619",
        "label": "HUGO LEAL",
        "QT_VOTOS": 16,
        "n_secoes": 13,
        "nm_local": "COLEGIO ESTADUAL JOAQUIM TAVORA",
        "bairro": "ICARAÍ",
        "cargo": "DEPUTADO FEDERAL",
        "total_eleitores": 4680,
        "pct_mulheres": 56.0,
        "pct_homens": 44.0,
        "pct_genero_nao_informado": 0.0,
        "pct_jovens_16_24": 10.0,
        "pct_adultos_25_59": 51.9,
        "pct_60_mais": 38.1,
        "pct_idade_nao_informado": 0.0,
        "pct_ate_fundamental": 5.6,
        "pct_ensino_medio": 26.8,
        "pct_ensino_superior": 67.6,
        "pct_escolaridade_nao_informado": 0.0,
        "top1_nome": "CARLOS ROBERTO COELHO DE MATTOS JUNIOR",
        "top1_partido": "Partido Liberal",
        "top1_votos": 657,
        "top2_nome": "TALÍRIA PETRONE SOARES",
        "top2_partido": "Partido Socialismo e Liberdade",
        "top2_votos": 656,
        "top3_nome": "EDUARDO PAZUELLO",
        "top3_partido": "Partido Liberal",
        "top3_votos": 247,
        "total_votos_validos": 5966
      },
      "geometry": {
        "type": "Point",
        "coordinates": [
          -43.1081976,
          -22.9048788
        ]
      }
    },
    {
      "type": "Feature",
      "properties": {
        "ano": 2022,
        "nr_local": "1627",
        "label": "HUGO LEAL",
        "QT_VOTOS": 28,
        "n_secoes": 17,
        "nm_local": "ESCOLA ESTADUAL DOUTOR JAYME MEMORIA",
        "bairro": "CUBANGO",
        "cargo": "DEPUTADO FEDERAL",
        "total_eleitores": 8595,
        "pct_mulheres": 55.5,
        "pct_homens": 44.5,
        "pct_genero_nao_informado": 0.0,
        "pct_jovens_16_24": 12.8,
        "pct_adultos_25_59": 61.8,
        "pct_60_mais": 25.4,
        "pct_idade_nao_informado": 0.0,
        "pct_ate_fundamental": 29.1,
        "pct_ensino_medio": 46.0,
        "pct_ensino_superior": 24.9,
        "pct_escolaridade_nao_informado": 0.0,
        "top1_nome": "WALDECK CARNEIRO DA SILVA",
        "top1_partido": "Partido Socialista Brasileiro",
        "top1_votos": 436,
        "top2_nome": "CARLOS ROBERTO COELHO DE MATTOS JUNIOR",
        "top2_partido": "Partido Liberal",
        "top2_votos": 374,
        "top3_nome": "TALÍRIA PETRONE SOARES",
        "top3_partido": "Partido Socialismo e Liberdade",
        "top3_votos": 370,
        "total_votos_validos": 6070
      },
      "geometry": {
        "type": "Point",
        "coordinates": [
          -43.0937712,
          -22.88949
        ]
      }
    },
    {
      "type": "Feature",
      "properties": {
        "ano": 2022,
        "nr_local": "1635",
        "label": "HUGO LEAL",
        "QT_VOTOS": 7,
        "n_secoes": 3,
        "nm_local": "ESCOLA MUNICIPAL DOM JOSÉ PEREIRA ALVES",
        "bairro": "FONSECA",
        "cargo": "DEPUTADO FEDERAL",
        "total_eleitores": 2325,
        "pct_mulheres": 56.6,
        "pct_homens": 43.4,
        "pct_genero_nao_informado": 0.0,
        "pct_jovens_16_24": 14.8,
        "pct_adultos_25_59": 58.7,
        "pct_60_mais": 26.5,
        "pct_idade_nao_informado": 0.0,
        "pct_ate_fundamental": 24.9,
        "pct_ensino_medio": 42.1,
        "pct_ensino_superior": 33.0,
        "pct_escolaridade_nao_informado": 0.0,
        "top1_nome": "WALDECK CARNEIRO DA SILVA",
        "top1_partido": "Partido Socialista Brasileiro",
        "top1_votos": 200,
        "top2_nome": "RENATO FERREIRA DE OLIVEIRA CARIELLO",
        "top2_partido": "Partido Democrático Trabalhista",
        "top2_votos": 166,
        "top3_nome": "TALÍRIA PETRONE SOARES",
        "top3_partido": "Partido Socialismo e Liberdade",
        "top3_votos": 148,
        "total_votos_validos": 2439
      },
      "geometry": {
        "type": "Point",
        "coordinates": [
          -43.0920686,
          -22.8783038
        ]
      }
    },
    {
      "type": "Feature",
      "properties": {
        "ano": 2022,
        "nr_local": "1643",
        "label": "HUGO LEAL",
        "QT_VOTOS": 8,
        "n_secoes": 5,
        "nm_local": "CENTRO MODERNO ALZIRA BITTENCOURT",
        "bairro": "ICARAÍ",
        "cargo": "DEPUTADO FEDERAL",
        "total_eleitores": 2522,
        "pct_mulheres": 55.3,
        "pct_homens": 44.7,
        "pct_genero_nao_informado": 0.0,
        "pct_jovens_16_24": 13.7,
        "pct_adultos_25_59": 58.2,
        "pct_60_mais": 28.1,
        "pct_idade_nao_informado": 0.0,
        "pct_ate_fundamental": 10.7,
        "pct_ensino_medio": 36.8,
        "pct_ensino_superior": 52.6,
        "pct_escolaridade_nao_informado": 0.0,
        "top1_nome": "TALÍRIA PETRONE SOARES",
        "top1_partido": "Partido Socialismo e Liberdade",
        "top1_votos": 222,
        "top2_nome": "CARLOS ROBERTO COELHO DE MATTOS JUNIOR",
        "top2_partido": "Partido Liberal",
        "top2_votos": 165,
        "top3_nome": "FRANCISCO RODRIGUES DE ALENCAR FILHO",
        "top3_partido": "Partido Socialismo e Liberdade",
        "top3_votos": 86,
        "total_votos_validos": 2103
      },
      "geometry": {
        "type": "Point",
        "coordinates": [
          -43.110746,
          -22.9012326
        ]
      }
    },
    {
      "type": "Feature",
      "properties": {
        "ano": 2022,
        "nr_local": "1651",
        "label": "HUGO LEAL",
        "QT_VOTOS": 12,
        "n_secoes": 8,
        "nm_local": "PH COLÉGIO",
        "bairro": "ICARAÍ",
        "cargo": "DEPUTADO FEDERAL",
        "total_eleitores": 3662,
        "pct_mulheres": 56.1,
        "pct_homens": 43.9,
        "pct_genero_nao_informado": 0.0,
        "pct_jovens_16_24": 11.4,
        "pct_adultos_25_59": 59.0,
        "pct_60_mais": 29.6,
        "pct_idade_nao_informado": 0.0,
        "pct_ate_fundamental": 13.8,
        "pct_ensino_medio": 36.0,
        "pct_ensino_superior": 50.2,
        "pct_escolaridade_nao_informado": 0.0,
        "top1_nome": "TALÍRIA PETRONE SOARES",
        "top1_partido": "Partido Socialismo e Liberdade",
        "top1_votos": 347,
        "top2_nome": "CARLOS ROBERTO COELHO DE MATTOS JUNIOR",
        "top2_partido": "Partido Liberal",
        "top2_votos": 301,
        "top3_nome": "RENATO FERREIRA DE OLIVEIRA CARIELLO",
        "top3_partido": "Partido Democrático Trabalhista",
        "top3_votos": 127,
        "total_votos_validos": 3931
      },
      "geometry": {
        "type": "Point",
        "coordinates": [
          -43.1110377,
          -22.9006508
        ]
      }
    },
    {
      "type": "Feature",
      "properties": {
        "ano": 2022,
        "nr_local": "1660",
        "label": "HUGO LEAL",
        "QT_VOTOS": 36,
        "n_secoes": 20,
        "nm_local": "CLUBE CENTRAL",
        "bairro": "ICARAÍ",
        "cargo": "DEPUTADO FEDERAL",
        "total_eleitores": 13529,
        "pct_mulheres": 57.4,
        "pct_homens": 42.6,
        "pct_genero_nao_informado": 0.0,
        "pct_jovens_16_24": 8.8,
        "pct_adultos_25_59": 56.4,
        "pct_60_mais": 34.8,
        "pct_idade_nao_informado": 0.0,
        "pct_ate_fundamental": 14.2,
        "pct_ensino_medio": 31.5,
        "pct_ensino_superior": 54.4,
        "pct_escolaridade_nao_informado": 0.0,
        "top1_nome": "CARLOS ROBERTO COELHO DE MATTOS JUNIOR",
        "top1_partido": "Partido Liberal",
        "top1_votos": 1043,
        "top2_nome": "TALÍRIA PETRONE SOARES",
        "top2_partido": "Partido Socialismo e Liberdade",
        "top2_votos": 862,
        "top3_nome": "EDUARDO PAZUELLO",
        "top3_partido": "Partido Liberal",
        "top3_votos": 385,
        "total_votos_validos": 10008
      },
      "geometry": {
        "type": "Point",
        "coordinates": [
          -43.111789,
          -22.9075784
        ]
      }
    },
    {
      "type": "Feature",
      "properties": {
        "ano": 2022,
        "nr_local": "1678",
        "label": "HUGO LEAL",
        "QT_VOTOS": 17,
        "n_secoes": 11,
        "nm_local": "LICEU NILO PEÇANHA",
        "bairro": "CENTRO",
        "cargo": "DEPUTADO FEDERAL",
        "total_eleitores": 6371,
        "pct_mulheres": 55.9,
        "pct_homens": 44.1,
        "pct_genero_nao_informado": 0.0,
        "pct_jovens_16_24": 10.9,
        "pct_adultos_25_59": 60.1,
        "pct_60_mais": 29.0,
        "pct_idade_nao_informado": 0.0,
        "pct_ate_fundamental": 22.7,
        "pct_ensino_medio": 42.0,
        "pct_ensino_superior": 35.3,
        "pct_escolaridade_nao_informado": 0.0,
        "top1_nome": "TALÍRIA PETRONE SOARES",
        "top1_partido": "Partido Socialismo e Liberdade",
        "top1_votos": 504,
        "top2_nome": "CARLOS ROBERTO COELHO DE MATTOS JUNIOR",
        "top2_partido": "Partido Liberal",
        "top2_votos": 433,
        "top3_nome": "WALDECK CARNEIRO DA SILVA",
        "top3_partido": "Partido Socialista Brasileiro",
        "top3_votos": 284,
        "total_votos_validos": 6124
      },
      "geometry": {
        "type": "Point",
        "coordinates": [
          -43.1165611,
          -22.8935707
        ]
      }
    },
    {
      "type": "Feature",
      "properties": {
        "ano": 2022,
        "nr_local": "1686",
        "label": "HUGO LEAL",
        "QT_VOTOS": 7,
        "n_secoes": 6,
        "nm_local": "COLÉGIO DA POLÍCIA MILITAR",
        "bairro": "FONSECA",
        "cargo": "DEPUTADO FEDERAL",
        "total_eleitores": 3709,
        "pct_mulheres": 59.0,
        "pct_homens": 41.0,
        "pct_genero_nao_informado": 0.0,
        "pct_jovens_16_24": 5.5,
        "pct_adultos_25_59": 51.4,
        "pct_60_mais": 43.1,
        "pct_idade_nao_informado": 0.0,
        "pct_ate_fundamental": 15.9,
        "pct_ensino_medio": 32.0,
        "pct_ensino_superior": 52.1,
        "pct_escolaridade_nao_informado": 0.0,
        "top1_nome": "CARLOS ROBERTO COELHO DE MATTOS JUNIOR",
        "top1_partido": "Partido Liberal",
        "top1_votos": 307,
        "top2_nome": "TALÍRIA PETRONE SOARES",
        "top2_partido": "Partido Socialismo e Liberdade",
        "top2_votos": 204,
        "top3_nome": "ALTINEU CORTES FREITAS COUTINHO",
        "top3_partido": "Partido Liberal",
        "top3_votos": 201,
        "total_votos_validos": 3395
      },
      "geometry": {
        "type": "Point",
        "coordinates": [
          -43.0820149,
          -22.8818063
        ]
      }
    },
    {
      "type": "Feature",
      "properties": {
        "ano": 2022,
        "nr_local": "1694",
        "label": "HUGO LEAL",
        "QT_VOTOS": 12,
        "n_secoes": 6,
        "nm_local": "RIO CRICKET",
        "bairro": "INGÁ",
        "cargo": "DEPUTADO FEDERAL",
        "total_eleitores": 3299,
        "pct_mulheres": 57.9,
        "pct_homens": 42.1,
        "pct_genero_nao_informado": 0.0,
        "pct_jovens_16_24": 12.8,
        "pct_adultos_25_59": 60.4,
        "pct_60_mais": 26.8,
        "pct_idade_nao_informado": 0.0,
        "pct_ate_fundamental": 10.2,
        "pct_ensino_medio": 32.1,
        "pct_ensino_superior": 57.7,
        "pct_escolaridade_nao_informado": 0.0,
        "top1_nome": "CARLOS ROBERTO COELHO DE MATTOS JUNIOR",
        "top1_partido": "Partido Liberal",
        "top1_votos": 256,
        "top2_nome": "TALÍRIA PETRONE SOARES",
        "top2_partido": "Partido Socialismo e Liberdade",
        "top2_votos": 222,
        "top3_nome": "EDUARDO PAZUELLO",
        "top3_partido": "Partido Liberal",
        "top3_votos": 108,
        "total_votos_validos": 2439
      },
      "geometry": {
        "type": "Point",
        "coordinates": [
          -43.1133665,
          -22.8997052
        ]
      }
    },
    {
      "type": "Feature",
      "properties": {
        "ano": 2022,
        "nr_local": "1708",
        "label": "HUGO LEAL",
        "QT_VOTOS": 5,
        "n_secoes": 3,
        "nm_local": "ESCOLA MUNICIPAL JÚLIA CORTINES",
        "bairro": "ICARAÍ",
        "cargo": "DEPUTADO FEDERAL",
        "total_eleitores": 1189,
        "pct_mulheres": 60.4,
        "pct_homens": 39.6,
        "pct_genero_nao_informado": 0.0,
        "pct_jovens_16_24": 6.3,
        "pct_adultos_25_59": 41.0,
        "pct_60_mais": 52.6,
        "pct_idade_nao_informado": 0.0,
        "pct_ate_fundamental": 6.6,
        "pct_ensino_medio": 27.2,
        "pct_ensino_superior": 66.2,
        "pct_escolaridade_nao_informado": 0.0,
        "top1_nome": "CARLOS ROBERTO COELHO DE MATTOS JUNIOR",
        "top1_partido": "Partido Liberal",
        "top1_votos": 297,
        "top2_nome": "TALÍRIA PETRONE SOARES",
        "top2_partido": "Partido Socialismo e Liberdade",
        "top2_votos": 241,
        "top3_nome": "EDUARDO PAZUELLO",
        "top3_partido": "Partido Liberal",
        "top3_votos": 122,
        "total_votos_validos": 2302
      },
      "geometry": {
        "type": "Point",
        "coordinates": [
          -43.1086717,
          -22.9043592
        ]
      }
    },
    {
      "type": "Feature",
      "properties": {
        "ano": 2022,
        "nr_local": "1716",
        "label": "HUGO LEAL",
        "QT_VOTOS": 4,
        "n_secoes": 2,
        "nm_local": "ESCOLA VIVINFÂNCIA",
        "bairro": "ICARAÍ",
        "cargo": "DEPUTADO FEDERAL",
        "total_eleitores": 1101,
        "pct_mulheres": 62.0,
        "pct_homens": 38.0,
        "pct_genero_nao_informado": 0.0,
        "pct_jovens_16_24": 3.7,
        "pct_adultos_25_59": 54.9,
        "pct_60_mais": 41.4,
        "pct_idade_nao_informado": 0.0,
        "pct_ate_fundamental": 6.7,
        "pct_ensino_medio": 25.0,
        "pct_ensino_superior": 68.3,
        "pct_escolaridade_nao_informado": 0.0,
        "top1_nome": "CARLOS ROBERTO COELHO DE MATTOS JUNIOR",
        "top1_partido": "Partido Liberal",
        "top1_votos": 127,
        "top2_nome": "TALÍRIA PETRONE SOARES",
        "top2_partido": "Partido Socialismo e Liberdade",
        "top2_votos": 75,
        "top3_nome": "EDUARDO PAZUELLO",
        "top3_partido": "Partido Liberal",
        "top3_votos": 40,
        "total_votos_validos": 820
      },
      "geometry": {
        "type": "Point",
        "coordinates": [
          -43.1056898,
          -22.9079727
        ]
      }
    },
    {
      "type": "Feature",
      "properties": {
        "ano": 2022,
        "nr_local": "1724",
        "label": "HUGO LEAL",
        "QT_VOTOS": 10,
        "n_secoes": 4,
        "nm_local": "AABB",
        "bairro": "SÃO FRANCISCO",
        "cargo": "DEPUTADO FEDERAL",
        "total_eleitores": 2892,
        "pct_mulheres": 51.7,
        "pct_homens": 48.3,
        "pct_genero_nao_informado": 0.0,
        "pct_jovens_16_24": 12.6,
        "pct_adultos_25_59": 59.6,
        "pct_60_mais": 27.8,
        "pct_idade_nao_informado": 0.0,
        "pct_ate_fundamental": 15.9,
        "pct_ensino_medio": 36.8,
        "pct_ensino_superior": 47.3,
        "pct_escolaridade_nao_informado": 0.0,
        "top1_nome": "CARLOS ROBERTO COELHO DE MATTOS JUNIOR",
        "top1_partido": "Partido Liberal",
        "top1_votos": 176,
        "top2_nome": "TALÍRIA PETRONE SOARES",
        "top2_partido": "Partido Socialismo e Liberdade",
        "top2_votos": 155,
        "top3_nome": "EDUARDO PAZUELLO",
        "top3_partido": "Partido Liberal",
        "top3_votos": 72,
        "total_votos_validos": 2134
      },
      "geometry": {
        "type": "Point",
        "coordinates": [
          -43.0826083,
          -22.9172823
        ]
      }
    },
    {
      "type": "Feature",
      "properties": {
        "ano": 2022,
        "nr_local": "1732",
        "label": "HUGO LEAL",
        "QT_VOTOS": 30,
        "n_secoes": 17,
        "nm_local": "CLUBE NAVAL",
        "bairro": "JURUJUBA",
        "cargo": "DEPUTADO FEDERAL",
        "total_eleitores": 6524,
        "pct_mulheres": 53.8,
        "pct_homens": 46.2,
        "pct_genero_nao_informado": 0.0,
        "pct_jovens_16_24": 12.7,
        "pct_adultos_25_59": 65.6,
        "pct_60_mais": 21.7,
        "pct_idade_nao_informado": 0.0,
        "pct_ate_fundamental": 39.6,
        "pct_ensino_medio": 46.9,
        "pct_ensino_superior": 13.5,
        "pct_escolaridade_nao_informado": 0.0,
        "top1_nome": "WALDECK CARNEIRO DA SILVA",
        "top1_partido": "Partido Socialista Brasileiro",
        "top1_votos": 742,
        "top2_nome": "CARLOS ROBERTO COELHO DE MATTOS JUNIOR",
        "top2_partido": "Partido Liberal",
        "top2_votos": 219,
        "top3_nome": "SORAYA ALENCAR DOS SANTOS",
        "top3_partido": "Partido Liberal",
        "top3_votos": 207,
        "total_votos_validos": 4597
      },
      "geometry": {
        "type": "Point",
        "coordinates": [
          -43.1068139,
          -22.935737
        ]
      }
    },
    {
      "type": "Feature",
      "properties": {
        "ano": 2022,
        "nr_local": "1740",
        "label": "HUGO LEAL",
        "QT_VOTOS": 9,
        "n_secoes": 5,
        "nm_local": "ESCOLA MUNICIPAL PROFESSORA ELVIRA LÚCIA ESTEVES DE VASCONCELOS",
        "bairro": "ICARAÍ",
        "cargo": "DEPUTADO FEDERAL",
        "total_eleitores": 2862,
        "pct_mulheres": 59.5,
        "pct_homens": 40.5,
        "pct_genero_nao_informado": 0.0,
        "pct_jovens_16_24": 2.2,
        "pct_adultos_25_59": 57.6,
        "pct_60_mais": 40.2,
        "pct_idade_nao_informado": 0.0,
        "pct_ate_fundamental": 6.5,
        "pct_ensino_medio": 22.2,
        "pct_ensino_superior": 71.3,
        "pct_escolaridade_nao_informado": 0.0,
        "top1_nome": "CARLOS ROBERTO COELHO DE MATTOS JUNIOR",
        "top1_partido": "Partido Liberal",
        "top1_votos": 261,
        "top2_nome": "TALÍRIA PETRONE SOARES",
        "top2_partido": "Partido Socialismo e Liberdade",
        "top2_votos": 182,
        "top3_nome": "EDUARDO PAZUELLO",
        "top3_partido": "Partido Liberal",
        "top3_votos": 105,
        "total_votos_validos": 2138
      },
      "geometry": {
        "type": "Point",
        "coordinates": [
          -43.1073245,
          -22.9111671
        ]
      }
    },
    {
      "type": "Feature",
      "properties": {
        "ano": 2022,
        "nr_local": "1759",
        "label": "HUGO LEAL",
        "QT_VOTOS": 14,
        "n_secoes": 9,
        "nm_local": "COLÉGIO MV1",
        "bairro": "ICARAÍ",
        "cargo": "DEPUTADO FEDERAL",
        "total_eleitores": 5611,
        "pct_mulheres": 57.0,
        "pct_homens": 43.0,
        "pct_genero_nao_informado": 0.0,
        "pct_jovens_16_24": 10.2,
        "pct_adultos_25_59": 56.3,
        "pct_60_mais": 33.5,
        "pct_idade_nao_informado": 0.0,
        "pct_ate_fundamental": 6.5,
        "pct_ensino_medio": 30.5,
        "pct_ensino_superior": 62.9,
        "pct_escolaridade_nao_informado": 0.0,
        "top1_nome": "TALÍRIA PETRONE SOARES",
        "top1_partido": "Partido Socialismo e Liberdade",
        "top1_votos": 477,
        "top2_nome": "CARLOS ROBERTO COELHO DE MATTOS JUNIOR",
        "top2_partido": "Partido Liberal",
        "top2_votos": 447,
        "top3_nome": "EDUARDO PAZUELLO",
        "top3_partido": "Partido Liberal",
        "top3_votos": 204,
        "total_votos_validos": 4239
      },
      "geometry": {
        "type": "Point",
        "coordinates": [
          -43.1058651,
          -22.9079111
        ]
      }
    },
    {
      "type": "Feature",
      "properties": {
        "ano": 2022,
        "nr_local": "1767",
        "label": "HUGO LEAL",
        "QT_VOTOS": 10,
        "n_secoes": 8,
        "nm_local": "COLÉGIO ASSUNÇÃO",
        "bairro": "SÃO FRANCISCO",
        "cargo": "DEPUTADO FEDERAL",
        "total_eleitores": 5265,
        "pct_mulheres": 56.7,
        "pct_homens": 43.3,
        "pct_genero_nao_informado": 0.0,
        "pct_jovens_16_24": 9.6,
        "pct_adultos_25_59": 57.6,
        "pct_60_mais": 32.8,
        "pct_idade_nao_informado": 0.0,
        "pct_ate_fundamental": 7.8,
        "pct_ensino_medio": 29.4,
        "pct_ensino_superior": 62.8,
        "pct_escolaridade_nao_informado": 0.0,
        "top1_nome": "CARLOS ROBERTO COELHO DE MATTOS JUNIOR",
        "top1_partido": "Partido Liberal",
        "top1_votos": 381,
        "top2_nome": "TALÍRIA PETRONE SOARES",
        "top2_partido": "Partido Socialismo e Liberdade",
        "top2_votos": 370,
        "top3_nome": "EDUARDO PAZUELLO",
        "top3_partido": "Partido Liberal",
        "top3_votos": 181,
        "total_votos_validos": 3967
      },
      "geometry": {
        "type": "Point",
        "coordinates": [
          -43.0926525,
          -22.9208239
        ]
      }
    },
    {
      "type": "Feature",
      "properties": {
        "ano": 2022,
        "nr_local": "1775",
        "label": "HUGO LEAL",
        "QT_VOTOS": 7,
        "n_secoes": 3,
        "nm_local": "ESCOLA ESTADUAL CIZÍNIO SOARES PINTO",
        "bairro": "SÃO FRANCISCO",
        "cargo": "DEPUTADO FEDERAL",
        "total_eleitores": 2239,
        "pct_mulheres": 56.1,
        "pct_homens": 43.9,
        "pct_genero_nao_informado": 0.0,
        "pct_jovens_16_24": 11.3,
        "pct_adultos_25_59": 58.2,
        "pct_60_mais": 30.5,
        "pct_idade_nao_informado": 0.0,
        "pct_ate_fundamental": 29.9,
        "pct_ensino_medio": 36.8,
        "pct_ensino_superior": 33.3,
        "pct_escolaridade_nao_informado": 0.0,
        "top1_nome": "WALDECK CARNEIRO DA SILVA",
        "top1_partido": "Partido Socialista Brasileiro",
        "top1_votos": 132,
        "top2_nome": "CARLOS ROBERTO COELHO DE MATTOS JUNIOR",
        "top2_partido": "Partido Liberal",
        "top2_votos": 120,
        "top3_nome": "TALÍRIA PETRONE SOARES",
        "top3_partido": "Partido Socialismo e Liberdade",
        "top3_votos": 71,
        "total_votos_validos": 1659
      },
      "geometry": {
        "type": "Point",
        "coordinates": [
          -43.093934,
          -22.9147594
        ]
      }
    },
    {
      "type": "Feature",
      "properties": {
        "ano": 2022,
        "nr_local": "1783",
        "label": "HUGO LEAL",
        "QT_VOTOS": 2,
        "n_secoes": 2,
        "nm_local": "SOCIEDADE BRASILEIRA DE CULTURA INGLESA",
        "bairro": "ICARAÍ",
        "cargo": "DEPUTADO FEDERAL",
        "total_eleitores": 1303,
        "pct_mulheres": 61.8,
        "pct_homens": 38.2,
        "pct_genero_nao_informado": 0.0,
        "pct_jovens_16_24": 1.8,
        "pct_adultos_25_59": 53.6,
        "pct_60_mais": 44.5,
        "pct_idade_nao_informado": 0.0,
        "pct_ate_fundamental": 4.2,
        "pct_ensino_medio": 17.9,
        "pct_ensino_superior": 77.9,
        "pct_escolaridade_nao_informado": 0.0,
        "top1_nome": "CARLOS ROBERTO COELHO DE MATTOS JUNIOR",
        "top1_partido": "Partido Liberal",
        "top1_votos": 143,
        "top2_nome": "TALÍRIA PETRONE SOARES",
        "top2_partido": "Partido Socialismo e Liberdade",
        "top2_votos": 101,
        "top3_nome": "EDUARDO PAZUELLO",
        "top3_partido": "Partido Liberal",
        "top3_votos": 45,
        "total_votos_validos": 965
      },
      "geometry": {
        "type": "Point",
        "coordinates": [
          -43.1111859,
          -22.9075527
        ]
      }
    }
  ]
}