zona,secao,nr_local,nm_local,endereco,bairro,cep,lat,lon,qt_eleitores_secao
144,250,1589,COLÉGIO NOSSA SENHORA DAS MERCÊS,ALAMEDA SAO BOAVENTURA 297,FONSECA,24130000,-22.880345,-43.1023535,366
144,249,1589,COLÉGIO NOSSA SENHORA DAS MERCÊS,ALAMEDA SAO BOAVENTURA 297,FONSECA,24130000,-22.880345,-43.1023535,370
72,156,1368,ESCOLA MUNICIPAL VILA COSTA MONTEIRO,RUA ITITIOCA S/N,ITITIOCA,24310410,-22.8963335,-43.077802,382
72,6,1015,INSTITUTO JCA,"RODOVIA PREFEITO JOÃO SAMPAIO, 2501",SANTA BARBARA,24141380,-22.882301,-43.0585179,223
71,319,1678,LICEU NILO PEÇANHA,AV ERNANI DO AMARAL PEIXOTO 707,CENTRO,24020073,-22.8935707,-43.1165611,149
199,117,1155,COLÉGIO ITAPUCA,"AV. ERNANI DE FARIAS ALVES, N 124 TREVO DE PIRATININGA",PIRATININGA,24350680,-22.9437854,-43.0593249,289
72,319,1651,PH COLÉGIO,RUA ALVARES DE AZEVEDO 237,ICARAÍ,24220020,-22.9006508,-43.1110377,281
71,400,1643,JARDIM DE INFÂNCIA ALBERTO DE OLIVEIRA,RUA EVARISTO DA VEIGA 108,CENTRO,24020280,-22.8927568,-43.11592,151
144,116,1210,UMEI THEREZINHA KALIL PETRUS (ANTIGO TIO SAM),RUA BENJAMIM CONSTANT 562,BARRETO,24110002,-22.8719306,-43.104502,311
71,266,1600,INSTITUTO DE EDUCAÇÃO PROFESSOR ISMAEL COUTINHO - IEPIC,"TRAVESSA MANOEL CONTINENTINO, 31",SÃO DOMINGOS,24210150,-22.8989767,-43.1271052,315
72,136,1112,ESCOLA ESTADUAL LEOPOLDO FROES,RUA REVERENDO ARMANDO FERREIRA  S/N,LARGO DA BATALHA,24310400,-22.9100474,-43.0677553,343
71,320,1678,LICEU NILO PEÇANHA,AV ERNANI DO AMARAL PEIXOTO 707,CENTRO,24020073,-22.8935707,-43.1165611,151
72,162,1171,ESCOLA MUNICIPAL ANTONIO COUTINHO DE AZEVEDO,AV DES NESTOR RODRIGUES PERLINGEIRO S/N,SANTA BARBARA,24141330,-22.8756043,-43.04869,359
72,292,1619,COLEGIO ESTADUAL JOAQUIM TAVORA,PRAÇA PREF.FERRAZ-CAMPO DE SAO BENTO S/N,ICARAÍ,24230160,-22.9048788,-43.1081976,238
144,149,1457,ESCOLA ESTADUAL MACHADO DE ASSIS,RUA DESEMBARGADOR LIMA CASTRO 97,FONSECA,24120350,-22.8836374,-43.0857092,359
71,295,1511,FACULDADE DE ADMINISTRAÇÃO E CIÊNCIAS CONTÁBEIS (VALONGUINHO),RUA MÁRIO SANTOS BRAGA S/N,CENTRO,24020140,-22.8967413,-43.1252439,242
71,171,1295,COLEGIO SALESIANO SANTA ROSA,RUA SANTA ROSA 207,SANTA ROSA,24240220,-22.9016745,-43.0996973,367
144,316,1694,ESPAÇO DO SABER,ALAMEDA SÃO BOAVENTURA 887,FONSECA,24130223,-22.8810443,-43.087791,290
71,271,1481,ESCOLA MUNICIPAL MAESTRO HEITOR VILLA-LOBOS (''COLÉGIO NOVO''),RUA SALO BRAND S/N,ILHA DA CONCEIÇÃO,24050070,-22.8731482,-43.1156463,306
199,214,1465,COLÉGIO CURSO PENSI - ITAIPU,"RUA JORNALISTA NEWTON BRAGA MELO, QD 1, LT 3,4 E 5",ITAIPU,24342320,-22.9421824,-43.03776,376
199,195,1074,COLÉGIO CURSO ZEROHUM ( ANT GAUSS),"AV. FREI FABIANO, 155 - ITAIPU",ITAIPU,24355250,-22.9427133,-43.0519956,307
144,126,1252,ESCOLA MUNICIPAL ADELINO MAGALHÃES,"RUA DR. NELSON PENA, 17",ENGENHOCA,24110520,-22.8739038,-43.0944571,241
71,274,1481,ESCOLA MUNICIPAL MAESTRO HEITOR VILLA-LOBOS (''COLÉGIO NOVO''),RUA SALO BRAND S/N,ILHA DA CONCEIÇÃO,24050070,-22.8731482,-43.1156463,304
144,45,1163,COLÉGIO ESTADUAL CONSELHEIRO MACEDO SOARES,RUA DR. MARCH 392,BARRETO,24110650,-22.8622231,-43.0924035,363
144,272,1597,ESCOLA ESTADUAL HILARIO RIBEIRO,ALAMEDA SAO BOAVENTURA 794,FONSECA,24120191,-22.8813893,-43.0901745,350
199,124,1406,CANADIAN SCHOOL OF NITERÓI - EXPANSÃO ITACOATIARA,"RUA ANTONIO NASCIMENTO COTTAS, QD 16, LT 7,R.N 122",ITACOATIARA,24346020,-22.9619895,-43.0348161,243
144,104,1031,(PRÉDIO NOVO) COLÉGIO PEDRO II UNIDADE NITERÓI,RUA ASSIS DE VASCONCELOS S/N,BARRETO,24210000,-22.8685685,-43.1037833,261
72,326,1660,CLUBE CENTRAL,"AVENIDA JORNALISTA ALBERTO FRANCISCO TORRES,  335",ICARAÍ,24230005,-22.9075784,-43.111789,350
72,399,1732,CLUBE NAVAL,AVENIDA CARLOS ERMELINDO MARINS 68,JURUJUBA,24370195,-22.935737,-43.1068139,334
72,273,1589,COLÉGIO GAY-LUSSAC,RUA MARIA CALDAS 35,SÃO FRANCISCO,24365050,-22.9168331,-43.0892838,334
144,30,1104,ESCOLA MUNICIPAL ALTIVO CESAR,"RUA DR. LUIZ PALMIER, 25",BARRETO,24110310,-22.8645343,-43.0995714,336
72,221,1449,CIEP 450 - BADU,ESTRADA CAETANO MONTEIRO S/N,BADU,24320570,-22.9071974,-43.0566124,356
72,225,1520,ESCOLA MUNICIPAL LEVI CARNEIRO,ESTRADA WASHINGTON LUIS 488,SAPÊ,24315115,-22.8961721,-43.0583864,346
72,146,1171,ESCOLA MUNICIPAL ANTONIO COUTINHO DE AZEVEDO,AV DES NESTOR RODRIGUES PERLINGEIRO S/N,SANTA BARBARA,24141330,-22.8756043,-43.04869,358
199,231,1112,COLÉGIO SALESIANO REGIÃO OCEÂNICA,"RUA DOUTOR CORNÉLIO DE MELLO JÚNIOR, 117",PIRATININGA,24350280,-22.9393022,-43.0618731,317
71,83,1260,INSTITUTO ABEL,AV. ROBERTO SILVEIRA 29,ICARAÍ,24230150,-22.9004168,-43.1094942,388
72,203,1449,CIEP 450 - BADU,ESTRADA CAETANO MONTEIRO S/N,BADU,24320570,-22.9071974,-43.0566124,376
199,73,1163,ANDEF (EX FAETEC),ESTRADA VELHA DE MARICA 4830,RIO DO OURO,24330000,-22.8896379,-42.9978497,313
72,307,1627,ESCOLA MUNICIPAL PROFESSORA LUCIA MARIA SILVEIRA ROCHA,"AV. CARLOS ERMELINDO MARINS, 34",JURUJUBA,24370195,-22.9317575,-43.1166302,343
144,151,1457,ESCOLA ESTADUAL MACHADO DE ASSIS,RUA DESEMBARGADOR LIMA CASTRO 97,FONSECA,24120350,-22.8836374,-43.0857092,355
144,70,1236,COLÉGIO ESTADUAL MULLULO DA VEIGA,RUA CORONEL GUIMARÃES 505,ENGENHOCA,24110130,-22.8708282,-43.0988892,347
72,3,1015,INSTITUTO JCA,"RODOVIA PREFEITO JOÃO SAMPAIO, 2501",SANTA BARBARA,24141380,-22.882301,-43.0585179,224
144,26,1090,ESCOLA TÉCNICA ESTADUAL HENRIQUE LAGE,RUA GUIMARÃES JUNIOR 182,BARRETO,24110300,-22.8621355,-43.0979546,245
199,87,1252,CIEP 307 DJANIRA,AV. EWERTON XAVIER S/N - PRACA,VÁRZEA DAS MOÇAS,24330280,-22.910323,-42.9852487,333
199,37,1090,COLÉGIO ESTADUAL PROFESSORA ALCINA RODRIGUES LIMA,"ESTRADA FRANCISCO DA CRUZ NUNES, S/N",ITAIPU,24310340,-22.9528491,-43.0285072,259
199,97,1074,COLÉGIO CURSO ZEROHUM ( ANT GAUSS),"AV. FREI FABIANO, 155 - ITAIPU",ITAIPU,24355250,-22.9427133,-43.0519956,301
71,107,1325,ESCOLA ESTADUAL GUILHERME BRIGGS,RUA MARIO VIANNA 625,SANTA ROSA,24241001,-22.9053667,-43.0895767,383
144,311,1635,ESCOLA MUNICIPAL DOM JOSÉ PEREIRA ALVES,"RUA TENENTE OSORIO, 73",FONSECA,24130200,-22.8783038,-43.0920686,220
199,61,1120,COLÉGIO ESTADUAL ALMIRANTE TAMANDARÉ,AV. ACURCIO TORRES S/N,PIRATININGA,24358080,-22.9512083,-43.0916732,291
72,442,1767,COLÉGIO ASSUNÇÃO,RUA GENERAL RONDON 842,SÃO FRANCISCO,24360100,-22.9208239,-43.0926525,351
199,57,1139,ESCOLA MUNICIPAL FRANCISCO PORTUGAL NEVES,"RUA MANOEL PACHECO DE CARVALHO, N 14 TREVO DE PIRATININGA",PIRATININGA,24350310,-22.942363,-43.056665,350
72,218,1180,ESCOLA MUNICIPAL RACHIDE DA GLORIA SALIM SAKER,RUA JANDIRA PEREIRA 620,SANTA BARBARA,24141400,-22.8766134,-43.0488967,341
71,435,1678,LICEU NILO PEÇANHA,AV ERNANI DO AMARAL PEIXOTO 707,CENTRO,24020073,-22.8935707,-43.1165611,234
71,429,1678,LICEU NILO PEÇANHA,AV ERNANI DO AMARAL PEIXOTO 707,CENTRO,24020073,-22.8935707,-43.1165611,235
199,135,1090,COLÉGIO ESTADUAL PROFESSORA ALCINA RODRIGUES LIMA,"ESTRADA FRANCISCO DA CRUZ NUNES, S/N",ITAIPU,24310340,-22.9528491,-43.0285072,245
72,327,1660,CLUBE CENTRAL,"AVENIDA JORNALISTA ALBERTO FRANCISCO TORRES,  335",ICARAÍ,24230005,-22.9075784,-43.111789,351
144,323,1651,INSTITUTO EDUCACIONAL TAURUS,"ALAMEDA SÃO BOAVENTURA, 15",FONSECA,24130000,-22.8806664,-43.1093503,209
72,323,1651,PH COLÉGIO,RUA ALVARES DE AZEVEDO 237,ICARAÍ,24220020,-22.9006508,-43.1110377,281
71,389,1619,COLEGIO SAO VICENTE DE PAULO,RUA MIGUEL DE FRIAS 123,ICARAÍ,24220001,-22.902041,-43.1146235,226
144,109,1236,COLÉGIO ESTADUAL MULLULO DA VEIGA,RUA CORONEL GUIMARÃES 505,ENGENHOCA,24110130,-22.8708282,-43.0988892,347
71,260,1465,CENTRO UNIVERSITÁRIO ANHANGUERA (ANTIGO PLÍNIO LEITE),RUA VISCONDE DO RIO BRANCO 123,CENTRO,24020000,-22.8869267,-43.1245632,326
144,327,1651,INSTITUTO EDUCACIONAL TAURUS,"ALAMEDA SÃO BOAVENTURA, 15",FONSECA,24130000,-22.8806664,-43.1093503,229
144,201,1511,COLÉGIO OPÇÃO - NITERÓI,"ALAMEDA SÃO BOAVENTURA, 824",FONSECA,24130001,-22.8814198,-43.0895121,386
144,166,1473,ESCOLA ESTADUAL JOSE BONIFACIO,RUA CARLOS MAXIMIANO 20,FONSECA,24120000,-22.8831949,-43.1060172,331
72,296,1619,COLEGIO ESTADUAL JOAQUIM TAVORA,PRAÇA PREF.FERRAZ-CAMPO DE SAO BENTO S/N,ICARAÍ,24230160,-22.9048788,-43.1081976,236
144,262,1597,ESCOLA ESTADUAL HILARIO RIBEIRO,ALAMEDA SAO BOAVENTURA 794,FONSECA,24120191,-22.8813893,-43.0901745,350
72,17,1015,INSTITUTO JCA,"RODOVIA PREFEITO JOÃO SAMPAIO, 2501",SANTA BARBARA,24141380,-22.882301,-43.0585179,223
144,301,1627,ESCOLA ESTADUAL DOUTOR JAYME MEMORIA,RUA NORONHA TORREZAO 625,CUBANGO,24240181,-22.88949,-43.0937712,364
72,278,1597,COLÉGIO PONTO DE ENSINO,RUA OSWALDO CRUZ 32,ICARAÍ,24230210,-22.9092421,-43.1095209,346
199,247,1317,COLÉGIO PAULO FREIRE,"AVENIDA IRENE LOPES SODRÉ, N22",ENGENHO DO MATO,24346040,-22.9500178,-43.0246246,381
71,419,1660,FACULDADE DE DIREITO DA UFF - UFF - DIREITO 1,RUA PRESIDENTE PEDREIRA 62,INGÁ,24210470,-22.9035832,-43.1258853,356
144,172,1473,ESCOLA ESTADUAL JOSE BONIFACIO,RUA CARLOS MAXIMIANO 20,FONSECA,24120000,-22.8831949,-43.1060172,330
72,349,1686,CAIXA ECONÔMICA FEDERAL - AGÊNCIA ICARAÍ,"RUA GAVIÃO PEIXOTO, 226",ICARAÍ,24230102,-22.9052069,-43.1087149,325
71,135,1392,FACULDADE DE VETERINARIA DA UFF,RUA VITAL BRASIL FILHO 64,VITAL BRASIL,24230340,-22.904908,-43.098407,387
144,102,1031,(PRÉDIO NOVO) COLÉGIO PEDRO II UNIDADE NITERÓI,RUA ASSIS DE VASCONCELOS S/N,BARRETO,24210000,-22.8685685,-43.1037833,262
72,147,1074,COLEGIO ESTADUAL PAULO ASSIS RIBEIRO,ESTRADA CAETANO MONTEIRO 814,BADU,24320570,-22.9068537,-43.0573891,347
71,291,1511,FACULDADE DE ADMINISTRAÇÃO E CIÊNCIAS CONTÁBEIS (VALONGUINHO),RUA MÁRIO SANTOS BRAGA S/N,CENTRO,24020140,-22.8967413,-43.1252439,246
199,35,1090,COLÉGIO ESTADUAL PROFESSORA ALCINA RODRIGUES LIMA,"ESTRADA FRANCISCO DA CRUZ NUNES, S/N",ITAIPU,24310340,-22.9528491,-43.0285072,250
199,199,1244,COLÉGIO LAPLACE,"RUA MANOEL PACHECO DE CARVALHO, N 80",PIRATININGA,24350400,-22.9425434,-43.05605,330
144,99,1031,(PRÉDIO NOVO) COLÉGIO PEDRO II UNIDADE NITERÓI,RUA ASSIS DE VASCONCELOS S/N,BARRETO,24210000,-22.8685685,-43.1037833,262
72,269,1589,COLÉGIO GAY-LUSSAC,RUA MARIA CALDAS 35,SÃO FRANCISCO,24365050,-22.9168331,-43.0892838,336
71,204,1295,COLEGIO SALESIANO SANTA ROSA,RUA SANTA ROSA 207,SANTA ROSA,24240220,-22.9016745,-43.0996973,372
144,348,1686,COLÉGIO DA POLÍCIA MILITAR,"ALAMEDA SÃO BOAVENTURA, 1134",FONSECA,24120297,-22.8818063,-43.0820149,233
72,372,1708,ESCOLA MUNICIPAL JÚLIA CORTINES,RUA LOPES TROVAO 1-CAMPO DE SÃO BENTO S/N,ICARAÍ,24220070,-22.9043592,-43.1086717,276
144,282,1600,CIEP 251 - DONA MARIA PORTUGAL,RODOVIA AMARAL PEIXOTO KM 3,BALDEADOR,24140580,-22.877013,-43.0557658,356
72,461,1783,SOCIEDADE BRASILEIRA DE CULTURA INGLESA,RUA OTAVIO CARNEIRO 23,ICARAÍ,24230190,-22.9075527,-43.1111859,336
199,138,1112,COLÉGIO SALESIANO REGIÃO OCEÂNICA,"RUA DOUTOR CORNÉLIO DE MELLO JÚNIOR, 117",PIRATININGA,24350280,-22.9393022,-43.0618731,339
199,73,1163,ANDEF (EX FAETEC),ESTRADA VELHA DE MARICA 4830,RIO DO OURO,24330000,-22.8896379,-42.9978497,313
71,83,1260,INSTITUTO ABEL,AV. ROBERTO SILVEIRA 29,ICARAÍ,24230150,-22.9004168,-43.1094942,388
144,191,1490,IGREJA BATISTA DO FONSECA,ALAMEDA SAO BOAVENTURA  937,FONSECA,24130001,-22.8810878,-43.0865383,354
144,242,1570,SECRETARIA DE ESTADO DE AGRICULTURA E ABASTECIMENTO,ALAMEDA SAO BOAVENTURA 770,FONSECA,24120191,-22.8823618,-43.0907682,306
199,252,1430,ACANTO ESPAÇO ESCOLA,"RUA ROBERTO PEIXOTO, 38",ITAIPU,24346050,-22.9530379,-43.0261348,281
72,11,1040,CIEP 447 - CARAMUJO,RODOVIA AMARAL PEIXOTO KM 2,CARAMUJO,24140390,-22.8827294,-43.065134,266
144,283,1600,CIEP 251 - DONA MARIA PORTUGAL,RODOVIA AMARAL PEIXOTO KM 3,BALDEADOR,24140580,-22.877013,-43.0557658,354
144,8,1031,(PRÉDIO NOVO) COLÉGIO PEDRO II UNIDADE NITERÓI,RUA ASSIS DE VASCONCELOS S/N,BARRETO,24210000,-22.8685685,-43.1037833,269
72,417,1740,COLÉGIO ZEROHUM,"RUA ARY PARREIRAS, 73",ICARAÍ,24230058,-22.9111671,-43.1073245,325
199,87,1252,CIEP 307 DJANIRA,AV. EWERTON XAVIER S/N - PRACA,VÁRZEA DAS MOÇAS,24330280,-22.910323,-42.9852487,333
144,92,1252,ESCOLA MUNICIPAL ADELINO MAGALHÃES,"RUA DR. NELSON PENA, 17",ENGENHOCA,24110520,-22.8739038,-43.0944571,236
144,42,1090,ESCOLA TÉCNICA ESTADUAL HENRIQUE LAGE,RUA GUIMARÃES JUNIOR 182,BARRETO,24110300,-22.8621355,-43.0979546,246
199,72,1163,ANDEF (EX FAETEC),ESTRADA VELHA DE MARICA 4830,RIO DO OURO,24330000,-22.8896379,-42.9978497,316
71,343,1562,COLEGIO ESTADUAL RAUL VIDAL,AVENIDA FELICIANO SODRE 21,CENTRO,24030013,-22.8862372,-43.1242688,299
199,165,1090,COLÉGIO ESTADUAL PROFESSORA ALCINA RODRIGUES LIMA,"ESTRADA FRANCISCO DA CRUZ NUNES, S/N",ITAIPU,24310340,-22.9528491,-43.0285072,258
71,102,1309,CURSO MARLY CURY,AV. SETE DE SETEMBRO 165,SANTA ROSA,24230251,-22.9054777,-43.1019227,375
71,242,1449,COLÉGIO ESTADUAL ZULEIKA RAPÔSO VALLADARES (''COLÉGIO VELHO''),RUA SALO BRAND S/N,ILHA DA CONCEIÇÃO,24050070,-22.8729269,-43.1147506,367
71,234,1430,COLEGIO ESTADUAL AURELINO LEAL,RUA PRESIDENTE PEDREIRA 79,INGÁ,24210470,-22.9033321,-43.1254512,393
144,154,1457,ESCOLA ESTADUAL MACHADO DE ASSIS,RUA DESEMBARGADOR LIMA CASTRO 97,FONSECA,24120350,-22.8836374,-43.0857092,353
72,162,1171,ESCOLA MUNICIPAL ANTONIO COUTINHO DE AZEVEDO,AV DES NESTOR RODRIGUES PERLINGEIRO S/N,SANTA BARBARA,24141330,-22.8756043,-43.04869,359
71,380,1619,COLEGIO SAO VICENTE DE PAULO,RUA MIGUEL DE FRIAS 123,ICARAÍ,24220001,-22.902041,-43.1146235,225
144,134,1163,COLÉGIO ESTADUAL CONSELHEIRO MACEDO SOARES,RUA DR. MARCH 392,BARRETO,24110650,-22.8622231,-43.0924035,364
199,22,1066,COLÉGIO CENECISTA JULIO CESAR SOUZA BALTHAREJO,"ESTRADA FRANCISCO DA CRUZ NUNES , 7245 - ITAIPU",ITAIPU,24340000,-22.9646939,-43.0332117,346
72,227,1520,ESCOLA MUNICIPAL LEVI CARNEIRO,ESTRADA WASHINGTON LUIS 488,SAPÊ,24315115,-22.8961721,-43.0583864,355
144,287,1554,ESCOLA MUNICIPAL PROFESSOR PAULO FREIRE,RUA SOARES DE MIRANDA 77,FONSECA,24120307,-22.8828529,-43.0824987,282
144,150,1457,ESCOLA ESTADUAL MACHADO DE ASSIS,RUA DESEMBARGADOR LIMA CASTRO 97,FONSECA,24120350,-22.8836374,-43.0857092,359
72,139,1171,ESCOLA MUNICIPAL ANTONIO COUTINHO DE AZEVEDO,AV DES NESTOR RODRIGUES PERLINGEIRO S/N,SANTA BARBARA,24141330,-22.8756043,-43.04869,355
72,261,1570,IGREJA DO SANTUARIO NACIONAL DAS ALMAS,RUA ALVARES DE AZEVEDO 237,ICARAÍ,24220020,-22.9004522,-43.1107182,302
144,234,1562,LBV LEGIÃO DA BOA VONTADE,ALAMEDA SÃO BOAVENTURA 474,FONSECA,24120191,-22.8811009,-43.0979899,346
144,108,1031,(PRÉDIO NOVO) COLÉGIO PEDRO II UNIDADE NITERÓI,RUA ASSIS DE VASCONCELOS S/N,BARRETO,24210000,-22.8685685,-43.1037833,264
71,89,1295,COLEGIO SALESIANO SANTA ROSA,RUA SANTA ROSA 207,SANTA ROSA,24240220,-22.9016745,-43.0996973,367
72,338,1660,CLUBE CENTRAL,"AVENIDA JORNALISTA ALBERTO FRANCISCO TORRES,  335",ICARAÍ,24230005,-22.9075784,-43.111789,353
72,266,1589,COLÉGIO GAY-LUSSAC,RUA MARIA CALDAS 35,SÃO FRANCISCO,24365050,-22.9168331,-43.0892838,335
71,313,1678,LICEU NILO PEÇANHA,AV ERNANI DO AMARAL PEIXOTO 707,CENTRO,24020073,-22.8935707,-43.1165611,150
72,357,1708,ESCOLA MUNICIPAL JÚLIA CORTINES,RUA LOPES TROVAO 1-CAMPO DE SÃO BENTO S/N,ICARAÍ,24220070,-22.9043592,-43.1086717,177
144,111,1236,COLÉGIO ESTADUAL MULLULO DA VEIGA,RUA CORONEL GUIMARÃES 505,ENGENHOCA,24110130,-22.8708282,-43.0988892,321
144,122,1023,PAROQUIA DE SAO JOAO BATISTA,RUA DR. MARCH 666,TENENTE JARDIM,24110160,-22.8639855,-43.0827273,344
72,12,1040,CIEP 447 - CARAMUJO,RODOVIA AMARAL PEIXOTO KM 2,CARAMUJO,24140390,-22.8827294,-43.065134,269
144,82,1031,(PRÉDIO NOVO) COLÉGIO PEDRO II UNIDADE NITERÓI,RUA ASSIS DE VASCONCELOS S/N,BARRETO,24210000,-22.8685685,-43.1037833,258
71,415,1660,FACULDADE DE DIREITO DA UFF - UFF - DIREITO 1,RUA PRESIDENTE PEDREIRA 62,INGÁ,24210470,-22.9035832,-43.1258853,362
71,88,1295,COLEGIO SALESIANO SANTA ROSA,RUA SANTA ROSA 207,SANTA ROSA,24240220,-22.9016745,-43.0996973,365
71,92,1295,COLEGIO SALESIANO SANTA ROSA,RUA SANTA ROSA 207,SANTA ROSA,24240220,-22.9016745,-43.0996973,406
72,210,1074,COLEGIO ESTADUAL PAULO ASSIS RIBEIRO,ESTRADA CAETANO MONTEIRO 814,BADU,24320570,-22.9068537,-43.0573891,344
72,436,1759,COLÉGIO MV1,RUA GAVIÃO PEIXOTO 398,ICARAÍ,24230103,-22.9079111,-43.1058651,311
71,216,1368,INSTITUTO SÃO JOSÉ,RUA GERALDO MARTINS 166,SANTA ROSA,24220381,-22.901754,-43.1018878,364
72,426,1759,COLÉGIO MV1,RUA GAVIÃO PEIXOTO 398,ICARAÍ,24230103,-22.9079111,-43.1058651,312
72,356,1694,ESCOLA MUNICIPAL PROFESSOR PAULO DE ALMEIDA CAMPOS,"RUA PEREIRA DA SILVA, 50",ICARAÍ,24220031,-22.9047439,-43.1131555,360
144,241,1570,SECRETARIA DE ESTADO DE AGRICULTURA E ABASTECIMENTO,ALAMEDA SAO BOAVENTURA 770,FONSECA,24120191,-22.8823618,-43.0907682,308
144,48,1163,COLÉGIO ESTADUAL CONSELHEIRO MACEDO SOARES,RUA DR. MARCH 392,BARRETO,24110650,-22.8622231,-43.0924035,358
72,4,1015,INSTITUTO JCA,"RODOVIA PREFEITO JOÃO SAMPAIO, 2501",SANTA BARBARA,24141380,-22.882301,-43.0585179,223
72,308,1627,ESCOLA MUNICIPAL PROFESSORA LUCIA MARIA SILVEIRA ROCHA,"AV. CARLOS ERMELINDO MARINS, 34",JURUJUBA,24370195,-22.9317575,-43.1166302,343
71,377,1619,COLEGIO SAO VICENTE DE PAULO,RUA MIGUEL DE FRIAS 123,ICARAÍ,24220001,-22.902041,-43.1146235,224
199,29,1074,COLÉGIO CURSO ZEROHUM ( ANT GAUSS),"AV. FREI FABIANO, 155 - ITAIPU",ITAIPU,24355250,-22.9427133,-43.0519956,298
71,287,1546,UNIVERSIDADE SALGADO DE OLIVEIRA - BL A,RUA MARECHAL DEODORO 217,CENTRO,24030060,-22.8894749,-43.1186087,175
199,256,1406,CANADIAN SCHOOL OF NITERÓI - EXPANSÃO ITACOATIARA,"RUA ANTONIO NASCIMENTO COTTAS, QD 16, LT 7,R.N 122",ITACOATIARA,24346020,-22.9619895,-43.0348161,130
71,73,1260,INSTITUTO ABEL,AV. ROBERTO SILVEIRA 29,ICARAÍ,24230150,-22.9004168,-43.1094942,389
144,29,1104,ESCOLA MUNICIPAL ALTIVO CESAR,"RUA DR. LUIZ PALMIER, 25",BARRETO,24110310,-22.8645343,-43.0995714,336
71,366,1600,INSTITUTO DE EDUCAÇÃO PROFESSOR ISMAEL COUTINHO - IEPIC,"TRAVESSA MANOEL CONTINENTINO, 31",SÃO DOMINGOS,24210150,-22.8989767,-43.1271052,155
72,235,1520,ESCOLA MUNICIPAL LEVI CARNEIRO,ESTRADA WASHINGTON LUIS 488,SAPÊ,24315115,-22.8961721,-43.0583864,352
144,259,1589,COLÉGIO NOSSA SENHORA DAS MERCÊS,ALAMEDA SAO BOAVENTURA 297,FONSECA,24130000,-22.880345,-43.1023535,364
71,383,1619,COLEGIO SAO VICENTE DE PAULO,RUA MIGUEL DE FRIAS 123,ICARAÍ,24220001,-22.902041,-43.1146235,224
72,130,1147,ESCOLA MUNICIPAL VERA LUCIA MACHADO,RUA ALDEMAR DE PAIVA LOTE 7 E 8,BADU,24320230,-22.9045,-43.0500355,330
199,224,1368,UMEI PROFESSORA NINA RITA TORRES,"AVENIDA DOUTOR ACÚRCIO TORRES, 691",PIRATININGA,24358080,-22.9519115,-43.0861872,381
72,321,1651,PH COLÉGIO,RUA ALVARES DE AZEVEDO 237,ICARAÍ,24220020,-22.9006508,-43.1110377,280
71,121,1333,PARÓQUIA NOSSA SENHORA AUXILIADORA - CENTRO COMUNITÁRIO,"RUA SANTA ROSA, 216",SANTA ROSA,24240225,-22.9020239,-43.0994239,357
71,28,1104,INSTITUTO MAIA VINAGRE,RUA NORONHA TORREZÃO 68,SANTA ROSA,24240182,-22.8976844,-43.1021103,387
144,332,1660,COLÉGIO ESTADUAL CONSELHEIRO JOSINO,"RUA TEIXEIRA DE FREITAS, 421",FONSECA,24130610,-22.8734262,-43.0749723,374
72,390,1732,CLUBE NAVAL,AVENIDA CARLOS ERMELINDO MARINS 68,JURUJUBA,24370195,-22.935737,-43.1068139,336
144,230,1562,LBV LEGIÃO DA BOA VONTADE,ALAMEDA SÃO BOAVENTURA 474,FONSECA,24120191,-22.8811009,-43.0979899,344
144,320,1651,INSTITUTO EDUCACIONAL TAURUS,"ALAMEDA SÃO BOAVENTURA, 15",FONSECA,24130000,-22.8806664,-43.1093503,190
199,55,1139,ESCOLA MUNICIPAL FRANCISCO PORTUGAL NEVES,"RUA MANOEL PACHECO DE CARVALHO, N 14 TREVO DE PIRATININGA",PIRATININGA,24350310,-22.942363,-43.056665,348
71,348,1562,COLEGIO ESTADUAL RAUL VIDAL,AVENIDA FELICIANO SODRE 21,CENTRO,24030013,-22.8862372,-43.1242688,298
199,226,1295,UMEI PROFA ODETE ROSA DA MOTA,ESTRADA FRANCISCO DA CRUZ NUNES S/N (PRÓXIMO AO CORPO DE BOMBEIROS),ITAIPU,24340000,-22.9532368,-43.02859,357
71,106,1325,ESCOLA ESTADUAL GUILHERME BRIGGS,RUA MARIO VIANNA 625,SANTA ROSA,24241001,-22.9053667,-43.0895767,373
72,15,1040,CIEP 447 - CARAMUJO,RODOVIA AMARAL PEIXOTO KM 2,CARAMUJO,24140390,-22.8827294,-43.065134,266
144,9,1031,(PRÉDIO NOVO) COLÉGIO PEDRO II UNIDADE NITERÓI,RUA ASSIS DE VASCONCELOS S/N,BARRETO,24210000,-22.8685685,-43.1037833,276
72,275,1597,COLÉGIO PONTO DE ENSINO,RUA OSWALDO CRUZ 32,ICARAÍ,24230210,-22.9092421,-43.1095209,345
144,110,1031,(PRÉDIO NOVO) COLÉGIO PEDRO II UNIDADE NITERÓI,RUA ASSIS DE VASCONCELOS S/N,BARRETO,24210000,-22.8685685,-43.1037833,260
199,260,1139,ESCOLA MUNICIPAL FRANCISCO PORTUGAL NEVES,"RUA MANOEL PACHECO DE CARVALHO, N 14 TREVO DE PIRATININGA",PIRATININGA,24350310,-22.942363,-43.056665,6
71,2,1015,CENTRO EDUCACIONAL DE NITEROI - CENTRINHO,RUA ITAGUAI 173,SANTA ROSA,24240130,-22.8965191,-43.1018339,350
144,127,1210,UMEI THEREZINHA KALIL PETRUS (ANTIGO TIO SAM),RUA BENJAMIM CONSTANT 562,BARRETO,24110002,-22.8719306,-43.104502,311
71,306,1520,LOJA MAÇÔNICA EVOLUÇÃO 2,RUA SANTA CLARA 77,PONTA D'AREIA,24040050,-22.8825872,-43.122934,364
71,94,1295,COLEGIO SALESIANO SANTA ROSA,RUA SANTA ROSA 207,SANTA ROSA,24240220,-22.9016745,-43.0996973,365
72,24,1074,COLEGIO ESTADUAL PAULO ASSIS RIBEIRO,ESTRADA CAETANO MONTEIRO 814,BADU,24320570,-22.9068537,-43.0573891,346
72,6,1015,INSTITUTO JCA,"RODOVIA PREFEITO JOÃO SAMPAIO, 2501",SANTA BARBARA,24141380,-22.882301,-43.0585179,223
72,146,1171,ESCOLA MUNICIPAL ANTONIO COUTINHO DE AZEVEDO,AV DES NESTOR RODRIGUES PERLINGEIRO S/N,SANTA BARBARA,24141330,-22.8756043,-43.04869,358
71,212,1260,INSTITUTO ABEL,AV. ROBERTO SILVEIRA 29,ICARAÍ,24230150,-22.9004168,-43.1094942,393
144,145,1449,INSTITUTO SÃO BENTO DE NITEROI,RUA VEREADOR DUQUE ESTRADA 28,SANTA ROSA,24240210,-22.8968349,-43.1000967,386
71,426,1678,LICEU NILO PEÇANHA,AV ERNANI DO AMARAL PEIXOTO 707,CENTRO,24020073,-22.8935707,-43.1165611,237
71,192,1392,FACULDADE DE VETERINARIA DA UFF,RUA VITAL BRASIL FILHO 64,VITAL BRASIL,24230340,-22.904908,-43.098407,389
199,29,1074,COLÉGIO CURSO ZEROHUM ( ANT GAUSS),"AV. FREI FABIANO, 155 - ITAIPU",ITAIPU,24355250,-22.9427133,-43.0519956,298
72,265,1570,IGREJA DO SANTUARIO NACIONAL DAS ALMAS,RUA ALVARES DE AZEVEDO 237,ICARAÍ,24220020,-22.9004522,-43.1107182,306
72,288,1619,COLEGIO ESTADUAL JOAQUIM TAVORA,PRAÇA PREF.FERRAZ-CAMPO DE SAO BENTO S/N,ICARAÍ,24230160,-22.9048788,-43.1081976,238
144,238,1570,SECRETARIA DE ESTADO DE AGRICULTURA E ABASTECIMENTO,ALAMEDA SAO BOAVENTURA 770,FONSECA,24120191,-22.8823618,-43.0907682,311
144,93,1252,ESCOLA MUNICIPAL ADELINO MAGALHÃES,"RUA DR. NELSON PENA, 17",ENGENHOCA,24110520,-22.8739038,-43.0944571,243
72,319,1651,PH COLÉGIO,RUA ALVARES DE AZEVEDO 237,ICARAÍ,24220020,-22.9006508,-43.1110377,281
199,212,1317,COLÉGIO PAULO FREIRE,"AVENIDA IRENE LOPES SODRÉ, N22",ENGENHO DO MATO,24346040,-22.9500178,-43.0246246,380
71,237,1430,COLEGIO ESTADUAL AURELINO LEAL,RUA PRESIDENTE PEDREIRA 79,INGÁ,24210470,-22.9033321,-43.1254512,393
144,123,1171,ESCOLA ESTADUAL MENEZES VIEIRA,RUA GENERAL CASTRIOTO S/N,BARRETO,24110000,-22.8693286,-43.1032004,279
71,108,1325,ESCOLA ESTADUAL GUILHERME BRIGGS,RUA MARIO VIANNA 625,SANTA ROSA,24241001,-22.9053667,-43.0895767,373
199,148,1031,ESCOLA MUNICIPAL HONORINA DE CARVALHO,RUA PROF. JOSE PECANHA S/N,MARIA PAULA,24325310,-22.882289,-43.0265693,293
199,219,1317,COLÉGIO PAULO FREIRE,"AVENIDA IRENE LOPES SODRÉ, N22",ENGENHO DO MATO,24346040,-22.9500178,-43.0246246,379
72,431,1759,COLÉGIO MV1,RUA GAVIÃO PEIXOTO 398,ICARAÍ,24230103,-22.9079111,-43.1058651,311
71,432,1678,LICEU NILO PEÇANHA,AV ERNANI DO AMARAL PEIXOTO 707,CENTRO,24020073,-22.8935707,-43.1165611,239
71,296,1511,FACULDADE DE ADMINISTRAÇÃO E CIÊNCIAS CONTÁBEIS (VALONGUINHO),RUA MÁRIO SANTOS BRAGA S/N,CENTRO,24020140,-22.8967413,-43.1252439,246
71,316,1678,LICEU NILO PEÇANHA,AV ERNANI DO AMARAL PEIXOTO 707,CENTRO,24020073,-22.8935707,-43.1165611,151
144,253,1589,COLÉGIO NOSSA SENHORA DAS MERCÊS,ALAMEDA SAO BOAVENTURA 297,FONSECA,24130000,-22.880345,-43.1023535,372
144,204,1511,COLÉGIO OPÇÃO - NITERÓI,"ALAMEDA SÃO BOAVENTURA, 824",FONSECA,24130001,-22.8814198,-43.0895121,386
71,114,1325,ESCOLA ESTADUAL GUILHERME BRIGGS,RUA MARIO VIANNA 625,SANTA ROSA,24241001,-22.9053667,-43.0895767,375
199,124,1406,CANADIAN SCHOOL OF NITERÓI - EXPANSÃO ITACOATIARA,"RUA ANTONIO NASCIMENTO COTTAS, QD 16, LT 7,R.N 122",ITACOATIARA,24346020,-22.9619895,-43.0348161,243
72,293,1619,COLEGIO ESTADUAL JOAQUIM TAVORA,PRAÇA PREF.FERRAZ-CAMPO DE SAO BENTO S/N,ICARAÍ,24230160,-22.9048788,-43.1081976,236
144,341,1678,ESCOLA MUNICIPAL JACINTA MEDELA,"RUA TENENTE OSORIO, 10",FONSECA,24130200,-22.8789902,-43.0919052,375
144,103,1031,(PRÉDIO NOVO) COLÉGIO PEDRO II UNIDADE NITERÓI,RUA ASSIS DE VASCONCELOS S/N,BARRETO,24210000,-22.8685685,-43.1037833,268
72,457,1775,ESCOLA ESTADUAL CIZÍNIO SOARES PINTO,RUA PRESIDENTE ROOSEVELT 2,SÃO FRANCISCO,24360066,-22.9147594,-43.093934,325
199,242,1350,ESCOLA MUNICIPAL MARALEGRE,"RUA DR. WALDIR COSTA, LOTES 10 E 11",CAFUBÁ,24350015,-22.9362723,-43.0724233,359
72,343,1678,ÁGUAS DE NITERÓI,RUA LEMOS CUNHA 510,ICARAÍ,24230136,-22.908792,-43.1031066,377
71,232,1430,COLEGIO ESTADUAL AURELINO LEAL,RUA PRESIDENTE PEDREIRA 79,INGÁ,24210470,-22.9033321,-43.1254512,394
72,307,1627,ESCOLA MUNICIPAL PROFESSORA LUCIA MARIA SILVEIRA ROCHA,"AV. CARLOS ERMELINDO MARINS, 34",JURUJUBA,24370195,-22.9317575,-43.1166302,343
71,223,1414,UNIVERSIDADE SALGADO DE OLIVEIRA - BL B (PRÓXIMO AO GUANABARA),RUA MARECHAL DEODORO 263,CENTRO,24030060,-22.8893447,-43.1172001,268
71,140,1244,ESCOLA ESTADUAL MANUEL DE ABREU,RUA LOPES TROVAO 287-A,ICARAÍ,24220070,-22.9023086,-43.1071569,375
199,167,1112,COLÉGIO SALESIANO REGIÃO OCEÂNICA,"RUA DOUTOR CORNÉLIO DE MELLO JÚNIOR, 117",PIRATININGA,24350280,-22.9393022,-43.0618731,352
71,70,1244,ESCOLA ESTADUAL MANUEL DE ABREU,RUA LOPES TROVAO 287-A,ICARAÍ,24220070,-22.9023086,-43.1071569,381
144,35,1112,ESCOLA MUNICIPAL TIRADENTES,"RUA DR. MARCH, 628",TENENTE JARDIM,24110650,-22.8634427,-43.0844313,353
71,222,1414,UNIVERSIDADE SALGADO DE OLIVEIRA - BL B (PRÓXIMO AO GUANABARA),RUA MARECHAL DEODORO 263,CENTRO,24030060,-22.8893447,-43.1172001,267
71,388,1619,COLEGIO SAO VICENTE DE PAULO,RUA MIGUEL DE FRIAS 123,ICARAÍ,24220001,-22.902041,-43.1146235,220
144,264,1597,ESCOLA ESTADUAL HILARIO RIBEIRO,ALAMEDA SAO BOAVENTURA 794,FONSECA,24120191,-22.8813893,-43.0901745,350
72,218,1180,ESCOLA MUNICIPAL RACHIDE DA GLORIA SALIM SAKER,RUA JANDIRA PEREIRA 620,SANTA BARBARA,24141400,-22.8766134,-43.0488967,341
144,54,1171,ESCOLA ESTADUAL MENEZES VIEIRA,RUA GENERAL CASTRIOTO S/N,BARRETO,24110000,-22.8693286,-43.1032004,279
144,345,1686,COLÉGIO DA POLÍCIA MILITAR,"ALAMEDA SÃO BOAVENTURA, 1134",FONSECA,24120297,-22.8818063,-43.0820149,232
144,300,1627,ESCOLA ESTADUAL DOUTOR JAYME MEMORIA,RUA NORONHA TORREZAO 625,CUBANGO,24240181,-22.88949,-43.0937712,373
72,285,1635,BANCO BRADESCO,RUA GAVIAO PEIXOTO 108,ICARAÍ,24230101,-22.9031207,-43.1110165,358
144,74,1236,COLÉGIO ESTADUAL MULLULO DA VEIGA,RUA CORONEL GUIMARÃES 505,ENGENHOCA,24110130,-22.8708282,-43.0988892,348
144,57,1104,ESCOLA MUNICIPAL ALTIVO CESAR,"RUA DR. LUIZ PALMIER, 25",BARRETO,24110310,-22.8645343,-43.0995714,336
72,126,1180,ESCOLA MUNICIPAL RACHIDE DA GLORIA SALIM SAKER,RUA JANDIRA PEREIRA 620,SANTA BARBARA,24141400,-22.8766134,-43.0488967,354
72,438,1767,COLÉGIO ASSUNÇÃO,RUA GENERAL RONDON 842,SÃO FRANCISCO,24360100,-22.9208239,-43.0926525,344
144,52,1171,ESCOLA ESTADUAL MENEZES VIEIRA,RUA GENERAL CASTRIOTO S/N,BARRETO,24110000,-22.8693286,-43.1032004,278
144,213,1597,ESCOLA ESTADUAL HILARIO RIBEIRO,ALAMEDA SAO BOAVENTURA 794,FONSECA,24120191,-22.8813893,-43.0901745,363
199,83,1252,CIEP 307 DJANIRA,AV. EWERTON XAVIER S/N - PRACA,VÁRZEA DAS MOÇAS,24330280,-22.910323,-42.9852487,336
144,188,1481,GRUPO ESCOLAR EMBAIXADOR RAUL FERNANDES,"RUA RIODADES, 253",FONSECA,24130241,-22.8767501,-43.0821505,274
199,240,1392,CULTURA INGLESA EM ITAIPU,"ESTRADA FRANCISCO DA CRUZ NUNES, N 6956",ITAIPU,24350310,-22.9413685,-43.0533061,388
144,214,1597,ESCOLA ESTADUAL HILARIO RIBEIRO,ALAMEDA SAO BOAVENTURA 794,FONSECA,24120191,-22.8813893,-43.0901745,387
144,80,1406,COLÉGIO NITERÓI,"RUA  VEREADOR JOSÉ VICENTE SOBRINHO, 269",ENGENHOCA,24110130,-22.8706133,-43.1018717,310
199,143,1155,COLÉGIO ITAPUCA,"AV. ERNANI DE FARIAS ALVES, N 124 TREVO DE PIRATININGA",PIRATININGA,24350680,-22.9437854,-43.0593249,293
72,150,1449,CIEP 450 - BADU,ESTRADA CAETANO MONTEIRO S/N,BADU,24320570,-22.9071974,-43.0566124,359
199,186,1031,ESCOLA MUNICIPAL HONORINA DE CARVALHO,RUA PROF. JOSE PECANHA S/N,MARIA PAULA,24325310,-22.882289,-43.0265693,313
72,214,1473,COLÉGIO FORUM CULTURAL,ESTRADA FRANCISCO DA CRUZ NUNES 2454,CANTAGALO,24310410,-22.9163184,-43.0490094,347
144,146,1449,INSTITUTO SÃO BENTO DE NITEROI,RUA VEREADOR DUQUE ESTRADA 28,SANTA ROSA,24240210,-22.8968349,-43.1000967,385
71,113,1325,ESCOLA ESTADUAL GUILHERME BRIGGS,RUA MARIO VIANNA 625,SANTA ROSA,24241001,-22.9053667,-43.0895767,375
199,202,1317,COLÉGIO PAULO FREIRE,"AVENIDA IRENE LOPES SODRÉ, N22",ENGENHO DO MATO,24346040,-22.9500178,-43.0246246,387
144,224,1554,ESCOLA MUNICIPAL PROFESSOR PAULO FREIRE,RUA SOARES DE MIRANDA 77,FONSECA,24120307,-22.8828529,-43.0824987,242
144,334,1660,COLÉGIO ESTADUAL CONSELHEIRO JOSINO,"RUA TEIXEIRA DE FREITAS, 421",FONSECA,24130610,-22.8734262,-43.0749723,368
72,418,1740,COLÉGIO ZEROHUM,"RUA ARY PARREIRAS, 73",ICARAÍ,24230058,-22.9111671,-43.1073245,323
199,114,1198,CIEP 448 RUY FRAZÃO SOARES,ESTRADA DO ENGENHO DO MATO S/N - PRACA,ITAIPU,24346040,-22.9356576,-43.0092644,291
72,235,1520,ESCOLA MUNICIPAL LEVI CARNEIRO,ESTRADA WASHINGTON LUIS 488,SAPÊ,24315115,-22.8961721,-43.0583864,352
72,295,1619,COLEGIO ESTADUAL JOAQUIM TAVORA,PRAÇA PREF.FERRAZ-CAMPO DE SAO BENTO S/N,ICARAÍ,24230160,-22.9048788,-43.1081976,236
199,150,1066,COLÉGIO CENECISTA JULIO CESAR SOUZA BALTHAREJO,"ESTRADA FRANCISCO DA CRUZ NUNES , 7245 - ITAIPU",ITAIPU,24340000,-22.9646939,-43.0332117,345
72,440,1767,COLÉGIO ASSUNÇÃO,RUA GENERAL RONDON 842,SÃO FRANCISCO,24360100,-22.9208239,-43.0926525,352
199,161,1260,COLÉGIO PLUZ,"RUA NICARÁGUA, 20",SERRA GRANDE,24342740,-22.9287514,-43.0124453,377
71,322,1678,LICEU NILO PEÇANHA,AV ERNANI DO AMARAL PEIXOTO 707,CENTRO,24020073,-22.8935707,-43.1165611,149
72,36,1112,ESCOLA ESTADUAL LEOPOLDO FROES,RUA REVERENDO ARMANDO FERREIRA  S/N,LARGO DA BATALHA,24310400,-22.9100474,-43.0677553,345
199,132,1155,COLÉGIO ITAPUCA,"AV. ERNANI DE FARIAS ALVES, N 124 TREVO DE PIRATININGA",PIRATININGA,24350680,-22.9437854,-43.0593249,289
71,249,1457,ÁGUAS DE NITEROI,RUA MARQUÊS DO PARANÁ 108/110,CENTRO,24030211,-22.8915411,-43.1141378,370
72,282,1597,COLÉGIO PONTO DE ENSINO,RUA OSWALDO CRUZ 32,ICARAÍ,24230210,-22.9092421,-43.1095209,343
71,156,1309,CURSO MARLY CURY,AV. SETE DE SETEMBRO 165,SANTA ROSA,24230251,-22.9054777,-43.1019227,378
144,309,1635,ESCOLA MUNICIPAL DOM JOSÉ PEREIRA ALVES,"RUA TENENTE OSORIO, 73",FONSECA,24130200,-22.8783038,-43.0920686,214
71,297,1511,FACULDADE DE ADMINISTRAÇÃO E CIÊNCIAS CONTÁBEIS (VALONGUINHO),RUA MÁRIO SANTOS BRAGA S/N,CENTRO,24020140,-22.8967413,-43.1252439,245
72,301,1619,COLEGIO ESTADUAL JOAQUIM TAVORA,PRAÇA PREF.FERRAZ-CAMPO DE SAO BENTO S/N,ICARAÍ,24230160,-22.9048788,-43.1081976,238
199,8,1023,ESCOLA MUNICIPAL FELISBERTO DE CARVALHO,ESTRADA CAETANO MONTEIRO 896,VILA PROGRESSO,24320570,-22.8970371,-43.0392212,309
71,207,1325,ESCOLA ESTADUAL GUILHERME BRIGGS,RUA MARIO VIANNA 625,SANTA ROSA,24241001,-22.9053667,-43.0895767,370
71,325,1546,UNIVERSIDADE SALGADO DE OLIVEIRA - BL A,RUA MARECHAL DEODORO 217,CENTRO,24030060,-22.8894749,-43.1186087,178
199,43,1082,UMEI DR PAULO CESAR DE ALMEIDA PIMENTEL,RUA ANTONIO LUIZ SAIÃO CAMPO BELO,ITAIPU,24348000,-22.9614459,-43.0327165,233
72,238,1538,ESCOLA CATAVENTO ESPAÇO DE EDUCAÇÃO,"ESTRADA WASHINGTON LUIZ, 224",SAPÊ,24315375,-22.9024713,-43.0635188,352
144,279,1600,CIEP 251 - DONA MARIA PORTUGAL,RODOVIA AMARAL PEIXOTO KM 3,BALDEADOR,24140580,-22.877013,-43.0557658,360
72,302,1627,ESCOLA MUNICIPAL PROFESSORA LUCIA MARIA SILVEIRA ROCHA,"AV. CARLOS ERMELINDO MARINS, 34",JURUJUBA,24370195,-22.9317575,-43.1166302,345
72,190,1074,COLEGIO ESTADUAL PAULO ASSIS RIBEIRO,ESTRADA CAETANO MONTEIRO 814,BADU,24320570,-22.9068537,-43.0573891,349
144,43,1090,ESCOLA TÉCNICA ESTADUAL HENRIQUE LAGE,RUA GUIMARÃES JUNIOR 182,BARRETO,24110300,-22.8621355,-43.0979546,245
199,234,1325,ESCOLA MUNICIPAL SÍTIO DO IPÊ,RUA PROF. JOSÉ PEÇANHA,MARIA PAULA,24325310,-22.8821134,-43.0267087,362
144,79,1406,COLÉGIO NITERÓI,"RUA  VEREADOR JOSÉ VICENTE SOBRINHO, 269",ENGENHOCA,24110130,-22.8706133,-43.1018717,310
72,444,1767,COLÉGIO ASSUNÇÃO,RUA GENERAL RONDON 842,SÃO FRANCISCO,24360100,-22.9208239,-43.0926525,352
72,432,1759,COLÉGIO MV1,RUA GAVIÃO PEIXOTO 398,ICARAÍ,24230103,-22.9079111,-43.1058651,312
199,190,1341,COLÉGIO OBJETIVO CAMBOINHAS,"RUA PROFESSOR ÁLVARO CAETANO, 908",CAMBOINHAS,24358640,-22.9537053,-43.0584356,347
72,70,1180,ESCOLA MUNICIPAL RACHIDE DA GLORIA SALIM SAKER,RUA JANDIRA PEREIRA 620,SANTA BARBARA,24141400,-22.8766134,-43.0488967,346
144,183,1481,GRUPO ESCOLAR EMBAIXADOR RAUL FERNANDES,"RUA RIODADES, 253",FONSECA,24130241,-22.8767501,-43.0821505,275
144,7,1031,(PRÉDIO NOVO) COLÉGIO PEDRO II UNIDADE NITERÓI,RUA ASSIS DE VASCONCELOS S/N,BARRETO,24210000,-22.8685685,-43.1037833,267
72,418,1740,COLÉGIO ZEROHUM,"RUA ARY PARREIRAS, 73",ICARAÍ,24230058,-22.9111671,-43.1073245,323
72,331,1660,CLUBE CENTRAL,"AVENIDA JORNALISTA ALBERTO FRANCISCO TORRES,  335",ICARAÍ,24230005,-22.9075784,-43.111789,349
199,185,1155,COLÉGIO ITAPUCA,"AV. ERNANI DE FARIAS ALVES, N 124 TREVO DE PIRATININGA",PIRATININGA,24350680,-22.9437854,-43.0593249,312
71,414,1660,FACULDADE DE DIREITO DA UFF - UFF - DIREITO 1,RUA PRESIDENTE PEDREIRA 62,INGÁ,24210470,-22.9035832,-43.1258853,360
72,69,1180,ESCOLA MUNICIPAL RACHIDE DA GLORIA SALIM SAKER,RUA JANDIRA PEREIRA 620,SANTA BARBARA,24141400,-22.8766134,-43.0488967,343
72,402,1732,CLUBE NAVAL,AVENIDA CARLOS ERMELINDO MARINS 68,JURUJUBA,24370195,-22.935737,-43.1068139,332
71,275,1481,ESCOLA MUNICIPAL MAESTRO HEITOR VILLA-LOBOS (''COLÉGIO NOVO''),RUA SALO BRAND S/N,ILHA DA CONCEIÇÃO,24050070,-22.8731482,-43.1156463,303
71,420,1660,FACULDADE DE DIREITO DA UFF - UFF - DIREITO 1,RUA PRESIDENTE PEDREIRA 62,INGÁ,24210470,-22.9035832,-43.1258853,354
71,413,1660,FACULDADE DE DIREITO DA UFF - UFF - DIREITO 1,RUA PRESIDENTE PEDREIRA 62,INGÁ,24210470,-22.9035832,-43.1258853,360
144,251,1589,COLÉGIO NOSSA SENHORA DAS MERCÊS,ALAMEDA SAO BOAVENTURA 297,FONSECA,24130000,-22.880345,-43.1023535,372
72,173,1449,CIEP 450 - BADU,ESTRADA CAETANO MONTEIRO S/N,BADU,24320570,-22.9071974,-43.0566124,368
71,168,1244,ESCOLA ESTADUAL MANUEL DE ABREU,RUA LOPES TROVAO 287-A,ICARAÍ,24220070,-22.9023086,-43.1071569,378
72,463,1554,JARDIM ESCOLA GIRASSÓIS,"ESTRADA CAETANO MONTEIRO, 820",LARGO DA BATALHA,24320570,-22.9077414,-43.0652722,382
72,243,1473,COLÉGIO FORUM CULTURAL,ESTRADA FRANCISCO DA CRUZ NUNES 2454,CANTAGALO,24310410,-22.9163184,-43.0490094,345
199,31,1082,UMEI DR PAULO CESAR DE ALMEIDA PIMENTEL,RUA ANTONIO LUIZ SAIÃO CAMPO BELO,ITAIPU,24348000,-22.9614459,-43.0327165,246
72,403,1732,CLUBE NAVAL,AVENIDA CARLOS ERMELINDO MARINS 68,JURUJUBA,24370195,-22.935737,-43.1068139,335
72,143,1015,INSTITUTO JCA,"RODOVIA PREFEITO JOÃO SAMPAIO, 2501",SANTA BARBARA,24141380,-22.882301,-43.0585179,227
144,146,1449,INSTITUTO SÃO BENTO DE NITEROI,RUA VEREADOR DUQUE ESTRADA 28,SANTA ROSA,24240210,-22.8968349,-43.1000967,385
71,116,1333,PARÓQUIA NOSSA SENHORA AUXILIADORA - CENTRO COMUNITÁRIO,"RUA SANTA ROSA, 216",SANTA ROSA,24240225,-22.9020239,-43.0994239,358
144,32,1104,ESCOLA MUNICIPAL ALTIVO CESAR,"RUA DR. LUIZ PALMIER, 25",BARRETO,24110310,-22.8645343,-43.0995714,338
72,299,1619,COLEGIO ESTADUAL JOAQUIM TAVORA,PRAÇA PREF.FERRAZ-CAMPO DE SAO BENTO S/N,ICARAÍ,24230160,-22.9048788,-43.1081976,244
71,406,1651,FACULDADE DE ENFERMAGEM DA UFF,RUA DR CELESTINO 74,CENTRO,24020091,-22.895302,-43.1167706,161
144,5,1031,(PRÉDIO NOVO) COLÉGIO PEDRO II UNIDADE NITERÓI,RUA ASSIS DE VASCONCELOS S/N,BARRETO,24210000,-22.8685685,-43.1037833,276
72,304,1627,ESCOLA MUNICIPAL PROFESSORA LUCIA MARIA SILVEIRA ROCHA,"AV. CARLOS ERMELINDO MARINS, 34",JURUJUBA,24370195,-22.9317575,-43.1166302,344
199,22,1066,COLÉGIO CENECISTA JULIO CESAR SOUZA BALTHAREJO,"ESTRADA FRANCISCO DA CRUZ NUNES , 7245 - ITAIPU",ITAIPU,24340000,-22.9646939,-43.0332117,346
144,2,1023,PAROQUIA DE SAO JOAO BATISTA,RUA DR. MARCH 666,TENENTE JARDIM,24110160,-22.8639855,-43.0827273,338
71,344,1562,COLEGIO ESTADUAL RAUL VIDAL,AVENIDA FELICIANO SODRE 21,CENTRO,24030013,-22.8862372,-43.1242688,298
144,60,1201,OFICINAS DO SENAI,RUA GALVAO S/N,BARRETO,24110260,-22.8614396,-43.1026046,330
71,239,1449,COLÉGIO ESTADUAL ZULEIKA RAPÔSO VALLADARES (''COLÉGIO VELHO''),RUA SALO BRAND S/N,ILHA DA CONCEIÇÃO,24050070,-22.8729269,-43.1147506,374
144,160,1457,ESCOLA ESTADUAL MACHADO DE ASSIS,RUA DESEMBARGADOR LIMA CASTRO 97,FONSECA,24120350,-22.8836374,-43.0857092,356
144,130,1104,ESCOLA MUNICIPAL ALTIVO CESAR,"RUA DR. LUIZ PALMIER, 25",BARRETO,24110310,-22.8645343,-43.0995714,334
71,324,1546,UNIVERSIDADE SALGADO DE OLIVEIRA - BL A,RUA MARECHAL DEODORO 217,CENTRO,24030060,-22.8894749,-43.1186087,178
71,381,1619,COLEGIO SAO VICENTE DE PAULO,RUA MIGUEL DE FRIAS 123,ICARAÍ,24220001,-22.902041,-43.1146235,225
144,90,1317,IGREJA BATISTA BETEL DE NITERÓI,RUA DANIEL TORRES 72,ENGENHOCA,24110460,-22.8716138,-43.096026,281
71,450,1104,INSTITUTO MAIA VINAGRE,RUA NORONHA TORREZÃO 68,SANTA ROSA,24240182,-22.8976844,-43.1021103,133
144,344,1686,COLÉGIO DA POLÍCIA MILITAR,"ALAMEDA SÃO BOAVENTURA, 1134",FONSECA,24120297,-22.8818063,-43.0820149,231
199,244,1317,COLÉGIO PAULO FREIRE,"AVENIDA IRENE LOPES SODRÉ, N22",ENGENHO DO MATO,24346040,-22.9500178,-43.0246246,380
72,397,1732,CLUBE NAVAL,AVENIDA CARLOS ERMELINDO MARINS 68,JURUJUBA,24370195,-22.935737,-43.1068139,335
72,137,1015,INSTITUTO JCA,"RODOVIA PREFEITO JOÃO SAMPAIO, 2501",SANTA BARBARA,24141380,-22.882301,-43.0585179,224
72,429,1759,COLÉGIO MV1,RUA GAVIÃO PEIXOTO 398,ICARAÍ,24230103,-22.9079111,-43.1058651,311
144,255,1589,COLÉGIO NOSSA SENHORA DAS MERCÊS,ALAMEDA SAO BOAVENTURA 297,FONSECA,24130000,-22.880345,-43.1023535,369
144,107,1236,COLÉGIO ESTADUAL MULLULO DA VEIGA,RUA CORONEL GUIMARÃES 505,ENGENHOCA,24110130,-22.8708282,-43.0988892,319
71,191,1309,CURSO MARLY CURY,AV. SETE DE SETEMBRO 165,SANTA ROSA,24230251,-22.9054777,-43.1019227,377
71,404,1651,FACULDADE DE ENFERMAGEM DA UFF,RUA DR CELESTINO 74,CENTRO,24020091,-22.895302,-43.1167706,162
199,128,1473,COLÉGIO COLABORE,"ESTRADA MARINO NUNES VIEIRA, 340",VÁRZEA DAS MOÇAS,24330325,-22.9131583,-42.9846125,208
71,309,1678,LICEU NILO PEÇANHA,AV ERNANI DO AMARAL PEIXOTO 707,CENTRO,24020073,-22.8935707,-43.1165611,152
144,339,1678,ESCOLA MUNICIPAL JACINTA MEDELA,"RUA TENENTE OSORIO, 10",FONSECA,24130200,-22.8789902,-43.0919052,373
144,180,1481,GRUPO ESCOLAR EMBAIXADOR RAUL FERNANDES,"RUA RIODADES, 253",FONSECA,24130241,-22.8767501,-43.0821505,274
71,422,1678,LICEU NILO PEÇANHA,AV ERNANI DO AMARAL PEIXOTO 707,CENTRO,24020073,-22.8935707,-43.1165611,242
144,197,1503,SERVICO DE ASSISTENCIA SOCIAL SAO DOMINGOS SAVIO,RUA MARTINS TORRES 223,SANTA ROSA,24240705,-22.8988024,-43.0928214,341
144,97,1031,(PRÉDIO NOVO) COLÉGIO PEDRO II UNIDADE NITERÓI,RUA ASSIS DE VASCONCELOS S/N,BARRETO,24210000,-22.8685685,-43.1037833,264
71,29,1104,INSTITUTO MAIA VINAGRE,RUA NORONHA TORREZÃO 68,SANTA ROSA,24240182,-22.8976844,-43.1021103,387
71,399,1643,JARDIM DE INFÂNCIA ALBERTO DE OLIVEIRA,RUA EVARISTO DA VEIGA 108,CENTRO,24020280,-22.8927568,-43.11592,151
71,78,1244,ESCOLA ESTADUAL MANUEL DE ABREU,RUA LOPES TROVAO 287-A,ICARAÍ,24220070,-22.9023086,-43.1071569,377
199,88,1015,COUNTRY CLUB DE NITEROI,RUA CHILE 135,VILA PROGRESSO,24322000,-22.8970192,-43.0347113,387
72,366,1708,ESCOLA MUNICIPAL JÚLIA CORTINES,RUA LOPES TROVAO 1-CAMPO DE SÃO BENTO S/N,ICARAÍ,24220070,-22.9043592,-43.1086717,274
199,21,1066,COLÉGIO CENECISTA JULIO CESAR SOUZA BALTHAREJO,"ESTRADA FRANCISCO DA CRUZ NUNES , 7245 - ITAIPU",ITAIPU,24340000,-22.9646939,-43.0332117,344
72,325,1660,CLUBE CENTRAL,"AVENIDA JORNALISTA ALBERTO FRANCISCO TORRES,  335",ICARAÍ,24230005,-22.9075784,-43.111789,351
72,438,1767,COLÉGIO ASSUNÇÃO,RUA GENERAL RONDON 842,SÃO FRANCISCO,24360100,-22.9208239,-43.0926525,344
144,233,1562,LBV LEGIÃO DA BOA VONTADE,ALAMEDA SÃO BOAVENTURA 474,FONSECA,24120191,-22.8811009,-43.0979899,344
199,252,1430,ACANTO ESPAÇO ESCOLA,"RUA ROBERTO PEIXOTO, 38",ITAIPU,24346050,-22.9530379,-43.0261348,281
144,65,1210,UMEI THEREZINHA KALIL PETRUS (ANTIGO TIO SAM),RUA BENJAMIM CONSTANT 562,BARRETO,24110002,-22.8719306,-43.104502,317
71,418,1660,FACULDADE DE DIREITO DA UFF - UFF - DIREITO 1,RUA PRESIDENTE PEDREIRA 62,INGÁ,24210470,-22.9035832,-43.1258853,363
199,260,1139,ESCOLA MUNICIPAL FRANCISCO PORTUGAL NEVES,"RUA MANOEL PACHECO DE CARVALHO, N 14 TREVO DE PIRATININGA",PIRATININGA,24350310,-22.942363,-43.056665,6
71,230,1422,CLUBE PORTUGUES DE NITEROI,RUA PROFESSOR LARA VILELA 176,SÃO DOMINGOS,24210590,-22.9021482,-43.1274594,385
199,28,1074,COLÉGIO CURSO ZEROHUM ( ANT GAUSS),"AV. FREI FABIANO, 155 - ITAIPU",ITAIPU,24355250,-22.9427133,-43.0519956,299
199,114,1198,CIEP 448 RUY FRAZÃO SOARES,ESTRADA DO ENGENHO DO MATO S/N - PRACA,ITAIPU,24346040,-22.9356576,-43.0092644,291
71,249,1457,ÁGUAS DE NITEROI,RUA MARQUÊS DO PARANÁ 108/110,CENTRO,24030211,-22.8915411,-43.1141378,370
72,174,1473,COLÉGIO FORUM CULTURAL,ESTRADA FRANCISCO DA CRUZ NUNES 2454,CANTAGALO,24310410,-22.9163184,-43.0490094,343
71,3,1015,CENTRO EDUCACIONAL DE NITEROI - CENTRINHO,RUA ITAGUAI 173,SANTA ROSA,24240130,-22.8965191,-43.1018339,348
144,165,1473,ESCOLA ESTADUAL JOSE BONIFACIO,RUA CARLOS MAXIMIANO 20,FONSECA,24120000,-22.8831949,-43.1060172,331
71,157,1260,INSTITUTO ABEL,AV. ROBERTO SILVEIRA 29,ICARAÍ,24230150,-22.9004168,-43.1094942,390
72,374,1708,ESCOLA MUNICIPAL JÚLIA CORTINES,RUA LOPES TROVAO 1-CAMPO DE SÃO BENTO S/N,ICARAÍ,24220070,-22.9043592,-43.1086717,277
71,448,1295,COLEGIO SALESIANO SANTA ROSA,RUA SANTA ROSA 207,SANTA ROSA,24240220,-22.9016745,-43.0996973,348
144,226,1554,ESCOLA MUNICIPAL PROFESSOR PAULO FREIRE,RUA SOARES DE MIRANDA 77,FONSECA,24120307,-22.8828529,-43.0824987,244
199,75,1198,CIEP 448 RUY FRAZÃO SOARES,ESTRADA DO ENGENHO DO MATO S/N - PRACA,ITAIPU,24346040,-22.9356576,-43.0092644,299
144,148,1449,INSTITUTO SÃO BENTO DE NITEROI,RUA VEREADOR DUQUE ESTRADA 28,SANTA ROSA,24240210,-22.8968349,-43.1000967,386
144,155,1457,ESCOLA ESTADUAL MACHADO DE ASSIS,RUA DESEMBARGADOR LIMA CASTRO 97,FONSECA,24120350,-22.8836374,-43.0857092,349
199,90,1082,UMEI DR PAULO CESAR DE ALMEIDA PIMENTEL,RUA ANTONIO LUIZ SAIÃO CAMPO BELO,ITAIPU,24348000,-22.9614459,-43.0327165,233
71,362,1597,ESCOLA MUNICIPAL SANTOS DUMONT,RUA MANOEL CORREIA S/N,FÁTIMA,24070100,-22.8954125,-43.1094692,290
72,246,1147,ESCOLA MUNICIPAL VERA LUCIA MACHADO,RUA ALDEMAR DE PAIVA LOTE 7 E 8,BADU,24320230,-22.9045,-43.0500355,331
144,305,1635,ESCOLA MUNICIPAL DOM JOSÉ PEREIRA ALVES,"RUA TENENTE OSORIO, 73",FONSECA,24130200,-22.8783038,-43.0920686,219
71,379,1619,COLEGIO SAO VICENTE DE PAULO,RUA MIGUEL DE FRIAS 123,ICARAÍ,24220001,-22.902041,-43.1146235,225
72,396,1732,CLUBE NAVAL,AVENIDA CARLOS ERMELINDO MARINS 68,JURUJUBA,24370195,-22.935737,-43.1068139,329
71,335,1554,FACULDADE DE ENGENHARIA DA UFF,RUA PASSO DA PATRIA 156,SÃO DOMINGOS,24210240,-22.903848,-43.1302712,330
72,264,1570,IGREJA DO SANTUARIO NACIONAL DAS ALMAS,RUA ALVARES DE AZEVEDO 237,ICARAÍ,24220020,-22.9004522,-43.1107182,298
71,251,1465,CENTRO UNIVERSITÁRIO ANHANGUERA (ANTIGO PLÍNIO LEITE),RUA VISCONDE DO RIO BRANCO 123,CENTRO,24020000,-22.8869267,-43.1245632,327
72,255,1562,ESCOLA MUNICIPAL HELENA ANTIPOFF,RUA RUI BARBOSA 710,SÃO FRANCISCO,24360440,-22.9129237,-43.0786396,330
71,407,1651,FACULDADE DE ENFERMAGEM DA UFF,RUA DR CELESTINO 74,CENTRO,24020091,-22.895302,-43.1167706,163
199,45,1112,COLÉGIO SALESIANO REGIÃO OCEÂNICA,"RUA DOUTOR CORNÉLIO DE MELLO JÚNIOR, 117",PIRATININGA,24350280,-22.9393022,-43.0618731,337
71,286,1546,UNIVERSIDADE SALGADO DE OLIVEIRA - BL A,RUA MARECHAL DEODORO 217,CENTRO,24030060,-22.8894749,-43.1186087,177
71,297,1511,FACULDADE DE ADMINISTRAÇÃO E CIÊNCIAS CONTÁBEIS (VALONGUINHO),RUA MÁRIO SANTOS BRAGA S/N,CENTRO,24020140,-22.8967413,-43.1252439,245
72,42,1112,ESCOLA ESTADUAL LEOPOLDO FROES,RUA REVERENDO ARMANDO FERREIRA  S/N,LARGO DA BATALHA,24310400,-22.9100474,-43.0677553,351
72,409,1732,CLUBE NAVAL,AVENIDA CARLOS ERMELINDO MARINS 68,JURUJUBA,24370195,-22.935737,-43.1068139,331
144,62,1210,UMEI THEREZINHA KALIL PETRUS (ANTIGO TIO SAM),RUA BENJAMIM CONSTANT 562,BARRETO,24110002,-22.8719306,-43.104502,317
71,317,1678,LICEU NILO PEÇANHA,AV ERNANI DO AMARAL PEIXOTO 707,CENTRO,24020073,-22.8935707,-43.1165611,148
144,17,1112,ESCOLA MUNICIPAL TIRADENTES,"RUA DR. MARCH, 628",TENENTE JARDIM,24110650,-22.8634427,-43.0844313,351
71,255,1465,CENTRO UNIVERSITÁRIO ANHANGUERA (ANTIGO PLÍNIO LEITE),RUA VISCONDE DO RIO BRANCO 123,CENTRO,24020000,-22.8869267,-43.1245632,328
72,37,1112,ESCOLA ESTADUAL LEOPOLDO FROES,RUA REVERENDO ARMANDO FERREIRA  S/N,LARGO DA BATALHA,24310400,-22.9100474,-43.0677553,346
71,367,1600,INSTITUTO DE EDUCAÇÃO PROFESSOR ISMAEL COUTINHO - IEPIC,"TRAVESSA MANOEL CONTINENTINO, 31",SÃO DOMINGOS,24210150,-22.8989767,-43.1271052,156
72,341,1678,ÁGUAS DE NITERÓI,RUA LEMOS CUNHA 510,ICARAÍ,24230136,-22.908792,-43.1031066,384
72,404,1732,CLUBE NAVAL,AVENIDA CARLOS ERMELINDO MARINS 68,JURUJUBA,24370195,-22.935737,-43.1068139,337
144,192,1490,IGREJA BATISTA DO FONSECA,ALAMEDA SAO BOAVENTURA  937,FONSECA,24130001,-22.8810878,-43.0865383,364
72,329,1660,CLUBE CENTRAL,"AVENIDA JORNALISTA ALBERTO FRANCISCO TORRES,  335",ICARAÍ,24230005,-22.9075784,-43.111789,346
199,3,1015,COUNTRY CLUB DE NITEROI,RUA CHILE 135,VILA PROGRESSO,24322000,-22.8970192,-43.0347113,391
72,226,1520,ESCOLA MUNICIPAL LEVI CARNEIRO,ESTRADA WASHINGTON LUIS 488,SAPÊ,24315115,-22.8961721,-43.0583864,351
144,290,1554,ESCOLA MUNICIPAL PROFESSOR PAULO FREIRE,RUA SOARES DE MIRANDA 77,FONSECA,24120307,-22.8828529,-43.0824987,293
72,268,1589,COLÉGIO GAY-LUSSAC,RUA MARIA CALDAS 35,SÃO FRANCISCO,24365050,-22.9168331,-43.0892838,334
144,131,1031,(PRÉDIO NOVO) COLÉGIO PEDRO II UNIDADE NITERÓI,RUA ASSIS DE VASCONCELOS S/N,BARRETO,24210000,-22.8685685,-43.1037833,335
144,59,1104,ESCOLA MUNICIPAL ALTIVO CESAR,"RUA DR. LUIZ PALMIER, 25",BARRETO,24110310,-22.8645343,-43.0995714,338
72,41,1112,ESCOLA ESTADUAL LEOPOLDO FROES,RUA REVERENDO ARMANDO FERREIRA  S/N,LARGO DA BATALHA,24310400,-22.9100474,-43.0677553,344
72,185,1368,ESCOLA MUNICIPAL VILA COSTA MONTEIRO,RUA ITITIOCA S/N,ITITIOCA,24310410,-22.8963335,-43.077802,387
199,81,1244,COLÉGIO LAPLACE,"RUA MANOEL PACHECO DE CARVALHO, N 80",PIRATININGA,24350400,-22.9425434,-43.05605,330
71,206,1260,INSTITUTO ABEL,AV. ROBERTO SILVEIRA 29,ICARAÍ,24230150,-22.9004168,-43.1094942,400
144,27,1104,ESCOLA MUNICIPAL ALTIVO CESAR,"RUA DR. LUIZ PALMIER, 25",BARRETO,24110310,-22.8645343,-43.0995714,339
199,249,1260,COLÉGIO PLUZ,"RUA NICARÁGUA, 20",SERRA GRANDE,24342740,-22.9287514,-43.0124453,383
144,289,1554,ESCOLA MUNICIPAL PROFESSOR PAULO FREIRE,RUA SOARES DE MIRANDA 77,FONSECA,24120307,-22.8828529,-43.0824987,297
72,211,1368,ESCOLA MUNICIPAL VILA COSTA MONTEIRO,RUA ITITIOCA S/N,ITITIOCA,24310410,-22.8963335,-43.077802,387
144,305,1635,ESCOLA MUNICIPAL DOM JOSÉ PEREIRA ALVES,"RUA TENENTE OSORIO, 73",FONSECA,24130200,-22.8783038,-43.0920686,219
72,394,1732,CLUBE NAVAL,AVENIDA CARLOS ERMELINDO MARINS 68,JURUJUBA,24370195,-22.935737,-43.1068139,336
72,1,1015,INSTITUTO JCA,"RODOVIA PREFEITO JOÃO SAMPAIO, 2501",SANTA BARBARA,24141380,-22.882301,-43.0585179,224
71,416,1660,FACULDADE DE DIREITO DA UFF - UFF - DIREITO 1,RUA PRESIDENTE PEDREIRA 62,INGÁ,24210470,-22.9035832,-43.1258853,362
72,413,1740,COLÉGIO ZEROHUM,"RUA ARY PARREIRAS, 73",ICARAÍ,24230058,-22.9111671,-43.1073245,325
71,362,1597,ESCOLA MUNICIPAL SANTOS DUMONT,RUA MANOEL CORREIA S/N,FÁTIMA,24070100,-22.8954125,-43.1094692,290
72,195,1449,CIEP 450 - BADU,ESTRADA CAETANO MONTEIRO S/N,BADU,24320570,-22.9071974,-43.0566124,371
71,197,1015,CENTRO EDUCACIONAL DE NITEROI - CENTRINHO,RUA ITAGUAI 173,SANTA ROSA,24240130,-22.8965191,-43.1018339,348
199,251,1384,UMEI OLGA BENÁRIO PRESTES,"PRAÇA IRENE DE MATOS, S/N",ENGENHO DO MATO,24340000,-22.9354086,-43.0086653,300
199,210,1295,UMEI PROFA ODETE ROSA DA MOTA,ESTRADA FRANCISCO DA CRUZ NUNES S/N (PRÓXIMO AO CORPO DE BOMBEIROS),ITAIPU,24340000,-22.9532368,-43.02859,349
72,391,1732,CLUBE NAVAL,AVENIDA CARLOS ERMELINDO MARINS 68,JURUJUBA,24370195,-22.935737,-43.1068139,336
144,217,1554,ESCOLA MUNICIPAL PROFESSOR PAULO FREIRE,RUA SOARES DE MIRANDA 77,FONSECA,24120307,-22.8828529,-43.0824987,244
144,179,1481,GRUPO ESCOLAR EMBAIXADOR RAUL FERNANDES,"RUA RIODADES, 253",FONSECA,24130241,-22.8767501,-43.0821505,276
144,307,1635,ESCOLA MUNICIPAL DOM JOSÉ PEREIRA ALVES,"RUA TENENTE OSORIO, 73",FONSECA,24130200,-22.8783038,-43.0920686,220
72,312,1635,BANCO BRADESCO,RUA GAVIAO PEIXOTO 108,ICARAÍ,24230101,-22.9031207,-43.1110165,358
71,245,1449,COLÉGIO ESTADUAL ZULEIKA RAPÔSO VALLADARES (''COLÉGIO VELHO''),RUA SALO BRAND S/N,ILHA DA CONCEIÇÃO,24050070,-22.8729269,-43.1147506,369
71,236,1430,COLEGIO ESTADUAL AURELINO LEAL,RUA PRESIDENTE PEDREIRA 79,INGÁ,24210470,-22.9033321,-43.1254512,393
71,344,1562,COLEGIO ESTADUAL RAUL VIDAL,AVENIDA FELICIANO SODRE 21,CENTRO,24030013,-22.8862372,-43.1242688,298
71,306,1520,LOJA MAÇÔNICA EVOLUÇÃO 2,RUA SANTA CLARA 77,PONTA D'AREIA,24040050,-22.8825872,-43.122934,364
71,294,1511,FACULDADE DE ADMINISTRAÇÃO E CIÊNCIAS CONTÁBEIS (VALONGUINHO),RUA MÁRIO SANTOS BRAGA S/N,CENTRO,24020140,-22.8967413,-43.1252439,244
71,405,1651,FACULDADE DE ENFERMAGEM DA UFF,RUA DR CELESTINO 74,CENTRO,24020091,-22.895302,-43.1167706,163
72,415,1740,COLÉGIO ZEROHUM,"RUA ARY PARREIRAS, 73",ICARAÍ,24230058,-22.9111671,-43.1073245,324
72,274,1597,COLÉGIO PONTO DE ENSINO,RUA OSWALDO CRUZ 32,ICARAÍ,24230210,-22.9092421,-43.1095209,342
144,88,1317,IGREJA BATISTA BETEL DE NITERÓI,RUA DANIEL TORRES 72,ENGENHOCA,24110460,-22.8716138,-43.096026,282
199,84,1252,CIEP 307 DJANIRA,AV. EWERTON XAVIER S/N - PRACA,VÁRZEA DAS MOÇAS,24330280,-22.910323,-42.9852487,332
144,59,1104,ESCOLA MUNICIPAL ALTIVO CESAR,"RUA DR. LUIZ PALMIER, 25",BARRETO,24110310,-22.8645343,-43.0995714,338
72,334,1660,CLUBE CENTRAL,"AVENIDA JORNALISTA ALBERTO FRANCISCO TORRES,  335",ICARAÍ,24230005,-22.9075784,-43.111789,349
144,94,1031,(PRÉDIO NOVO) COLÉGIO PEDRO II UNIDADE NITERÓI,RUA ASSIS DE VASCONCELOS S/N,BARRETO,24210000,-22.8685685,-43.1037833,265
72,242,1538,ESCOLA CATAVENTO ESPAÇO DE EDUCAÇÃO,"ESTRADA WASHINGTON LUIZ, 224",SAPÊ,24315375,-22.9024713,-43.0635188,351
144,41,1090,ESCOLA TÉCNICA ESTADUAL HENRIQUE LAGE,RUA GUIMARÃES JUNIOR 182,BARRETO,24110300,-22.8621355,-43.0979546,242
71,30,1104,INSTITUTO MAIA VINAGRE,RUA NORONHA TORREZÃO 68,SANTA ROSA,24240182,-22.8976844,-43.1021103,392
144,350,1686,COLÉGIO DA POLÍCIA MILITAR,"ALAMEDA SÃO BOAVENTURA, 1134",FONSECA,24120297,-22.8818063,-43.0820149,230
199,243,1465,COLÉGIO CURSO PENSI - ITAIPU,"RUA JORNALISTA NEWTON BRAGA MELO, QD 1, LT 3,4 E 5",ITAIPU,24342320,-22.9421824,-43.03776,348
72,204,1040,CIEP 447 - CARAMUJO,RODOVIA AMARAL PEIXOTO KM 2,CARAMUJO,24140390,-22.8827294,-43.065134,268
71,97,1295,COLEGIO SALESIANO SANTA ROSA,RUA SANTA ROSA 207,SANTA ROSA,24240220,-22.9016745,-43.0996973,369
71,385,1619,COLEGIO SAO VICENTE DE PAULO,RUA MIGUEL DE FRIAS 123,ICARAÍ,24220001,-22.902041,-43.1146235,225
144,263,1597,ESCOLA ESTADUAL HILARIO RIBEIRO,ALAMEDA SAO BOAVENTURA 794,FONSECA,24120191,-22.8813893,-43.0901745,350
71,117,1333,PARÓQUIA NOSSA SENHORA AUXILIADORA - CENTRO COMUNITÁRIO,"RUA SANTA ROSA, 216",SANTA ROSA,24240225,-22.9020239,-43.0994239,360
199,258,1325,ESCOLA MUNICIPAL SÍTIO DO IPÊ,RUA PROF. JOSÉ PEÇANHA,MARIA PAULA,24325310,-22.8821134,-43.0267087,95
71,242,1449,COLÉGIO ESTADUAL ZULEIKA RAPÔSO VALLADARES (''COLÉGIO VELHO''),RUA SALO BRAND S/N,ILHA DA CONCEIÇÃO,24050070,-22.8729269,-43.1147506,367
71,202,1325,ESCOLA ESTADUAL GUILHERME BRIGGS,RUA MARIO VIANNA 625,SANTA ROSA,24241001,-22.9053667,-43.0895767,373
144,323,1651,INSTITUTO EDUCACIONAL TAURUS,"ALAMEDA SÃO BOAVENTURA, 15",FONSECA,24130000,-22.8806664,-43.1093503,209
199,254,1422,CANADIAN SCHOOL OF NITERÓI - PIRATININGA,"RUA AMÉRICO ALVES DA COSTA, 363",PIRATININGA,24350350,-22.9385068,-43.0658055,195
72,422,1759,COLÉGIO MV1,RUA GAVIÃO PEIXOTO 398,ICARAÍ,24230103,-22.9079111,-43.1058651,309
199,204,1260,COLÉGIO PLUZ,"RUA NICARÁGUA, 20",SERRA GRANDE,24342740,-22.9287514,-43.0124453,375
199,68,1163,ANDEF (EX FAETEC),ESTRADA VELHA DE MARICA 4830,RIO DO OURO,24330000,-22.8896379,-42.9978497,310
72,451,1767,COLÉGIO ASSUNÇÃO,RUA GENERAL RONDON 842,SÃO FRANCISCO,24360100,-22.9208239,-43.0926525,350
72,26,1074,COLEGIO ESTADUAL PAULO ASSIS RIBEIRO,ESTRADA CAETANO MONTEIRO 814,BADU,24320570,-22.9068537,-43.0573891,347
71,388,1619,COLEGIO SAO VICENTE DE PAULO,RUA MIGUEL DE FRIAS 123,ICARAÍ,24220001,-22.902041,-43.1146235,220
71,123,1368,INSTITUTO SÃO JOSÉ,RUA GERALDO MARTINS 166,SANTA ROSA,24220381,-22.901754,-43.1018878,370
72,9,1040,CIEP 447 - CARAMUJO,RODOVIA AMARAL PEIXOTO KM 2,CARAMUJO,24140390,-22.8827294,-43.065134,267
71,224,1414,UNIVERSIDADE SALGADO DE OLIVEIRA - BL B (PRÓXIMO AO GUANABARA),RUA MARECHAL DEODORO 263,CENTRO,24030060,-22.8893447,-43.1172001,270
144,152,1457,ESCOLA ESTADUAL MACHADO DE ASSIS,RUA DESEMBARGADOR LIMA CASTRO 97,FONSECA,24120350,-22.8836374,-43.0857092,355
71,244,1449,COLÉGIO ESTADUAL ZULEIKA RAPÔSO VALLADARES (''COLÉGIO VELHO''),RUA SALO BRAND S/N,ILHA DA CONCEIÇÃO,24050070,-22.8729269,-43.1147506,370
72,224,1520,ESCOLA MUNICIPAL LEVI CARNEIRO,ESTRADA WASHINGTON LUIS 488,SAPÊ,24315115,-22.8961721,-43.0583864,364
144,199,1503,SERVICO DE ASSISTENCIA SOCIAL SAO DOMINGOS SAVIO,RUA MARTINS TORRES 223,SANTA ROSA,24240705,-22.8988024,-43.0928214,344
71,246,1457,ÁGUAS DE NITEROI,RUA MARQUÊS DO PARANÁ 108/110,CENTRO,24030211,-22.8915411,-43.1141378,374
199,238,1368,UMEI PROFESSORA NINA RITA TORRES,"AVENIDA DOUTOR ACÚRCIO TORRES, 691",PIRATININGA,24358080,-22.9519115,-43.0861872,379
199,33,1082,UMEI DR PAULO CESAR DE ALMEIDA PIMENTEL,RUA ANTONIO LUIZ SAIÃO CAMPO BELO,ITAIPU,24348000,-22.9614459,-43.0327165,243
199,203,1287,ESCOLA MUNICIPAL PROF MARCOS WALDEMAR DE FREITAS REIS,"RUA ANTONIO LUIZ SAIÃO, S/N ITAIPU",ITAIPU,24346087,-22.9615628,-43.0330724,342
72,344,1678,ÁGUAS DE NITERÓI,RUA LEMOS CUNHA 510,ICARAÍ,24230136,-22.908792,-43.1031066,379
72,52,1147,ESCOLA MUNICIPAL VERA LUCIA MACHADO,RUA ALDEMAR DE PAIVA LOTE 7 E 8,BADU,24320230,-22.9045,-43.0500355,335
199,97,1074,COLÉGIO CURSO ZEROHUM ( ANT GAUSS),"AV. FREI FABIANO, 155 - ITAIPU",ITAIPU,24355250,-22.9427133,-43.0519956,301
144,120,1210,UMEI THEREZINHA KALIL PETRUS (ANTIGO TIO SAM),RUA BENJAMIM CONSTANT 562,BARRETO,24110002,-22.8719306,-43.104502,313
71,259,1465,CENTRO UNIVERSITÁRIO ANHANGUERA (ANTIGO PLÍNIO LEITE),RUA VISCONDE DO RIO BRANCO 123,CENTRO,24020000,-22.8869267,-43.1245632,330
71,301,1511,FACULDADE DE ADMINISTRAÇÃO E CIÊNCIAS CONTÁBEIS (VALONGUINHO),RUA MÁRIO SANTOS BRAGA S/N,CENTRO,24020140,-22.8967413,-43.1252439,246
199,166,1031,ESCOLA MUNICIPAL HONORINA DE CARVALHO,RUA PROF. JOSE PECANHA S/N,MARIA PAULA,24325310,-22.882289,-43.0265693,281
71,381,1619,COLEGIO SAO VICENTE DE PAULO,RUA MIGUEL DE FRIAS 123,ICARAÍ,24220001,-22.902041,-43.1146235,225
71,334,1554,FACULDADE DE ENGENHARIA DA UFF,RUA PASSO DA PATRIA 156,SÃO DOMINGOS,24210240,-22.903848,-43.1302712,337
199,76,1198,CIEP 448 RUY FRAZÃO SOARES,ESTRADA DO ENGENHO DO MATO S/N - PRACA,ITAIPU,24346040,-22.9356576,-43.0092644,290
144,298,1627,ESCOLA ESTADUAL DOUTOR JAYME MEMORIA,RUA NORONHA TORREZAO 625,CUBANGO,24240181,-22.88949,-43.0937712,383
144,244,1570,SECRETARIA DE ESTADO DE AGRICULTURA E ABASTECIMENTO,ALAMEDA SAO BOAVENTURA 770,FONSECA,24120191,-22.8823618,-43.0907682,309
71,157,1260,INSTITUTO ABEL,AV. ROBERTO SILVEIRA 29,ICARAÍ,24230150,-22.9004168,-43.1094942,390
71,378,1619,COLEGIO SAO VICENTE DE PAULO,RUA MIGUEL DE FRIAS 123,ICARAÍ,24220001,-22.902041,-43.1146235,224
72,396,1732,CLUBE NAVAL,AVENIDA CARLOS ERMELINDO MARINS 68,JURUJUBA,24370195,-22.935737,-43.1068139,329
71,195,1368,INSTITUTO SÃO JOSÉ,RUA GERALDO MARTINS 166,SANTA ROSA,24220381,-22.901754,-43.1018878,367
199,243,1465,COLÉGIO CURSO PENSI - ITAIPU,"RUA JORNALISTA NEWTON BRAGA MELO, QD 1, LT 3,4 E 5",ITAIPU,24342320,-22.9421824,-43.03776,348
71,227,1422,CLUBE PORTUGUES DE NITEROI,RUA PROFESSOR LARA VILELA 176,SÃO DOMINGOS,24210590,-22.9021482,-43.1274594,390
72,342,1678,ÁGUAS DE NITERÓI,RUA LEMOS CUNHA 510,ICARAÍ,24230136,-22.908792,-43.1031066,379
71,366,1600,INSTITUTO DE EDUCAÇÃO PROFESSOR ISMAEL COUTINHO - IEPIC,"TRAVESSA MANOEL CONTINENTINO, 31",SÃO DOMINGOS,24210150,-22.8989767,-43.1271052,155
144,138,1449,INSTITUTO SÃO BENTO DE NITEROI,RUA VEREADOR DUQUE ESTRADA 28,SANTA ROSA,24240210,-22.8968349,-43.1000967,386
71,411,1660,FACULDADE DE DIREITO DA UFF - UFF - DIREITO 1,RUA PRESIDENTE PEDREIRA 62,INGÁ,24210470,-22.9035832,-43.1258853,356
71,414,1660,FACULDADE DE DIREITO DA UFF - UFF - DIREITO 1,RUA PRESIDENTE PEDREIRA 62,INGÁ,24210470,-22.9035832,-43.1258853,360
144,149,1457,ESCOLA ESTADUAL MACHADO DE ASSIS,RUA DESEMBARGADOR LIMA CASTRO 97,FONSECA,24120350,-22.8836374,-43.0857092,359
144,308,1635,ESCOLA MUNICIPAL DOM JOSÉ PEREIRA ALVES,"RUA TENENTE OSORIO, 73",FONSECA,24130200,-22.8783038,-43.0920686,222
199,148,1031,ESCOLA MUNICIPAL HONORINA DE CARVALHO,RUA PROF. JOSE PECANHA S/N,MARIA PAULA,24325310,-22.882289,-43.0265693,293
199,67,1155,COLÉGIO ITAPUCA,"AV. ERNANI DE FARIAS ALVES, N 124 TREVO DE PIRATININGA",PIRATININGA,24350680,-22.9437854,-43.0593249,291
72,8,1040,CIEP 447 - CARAMUJO,RODOVIA AMARAL PEIXOTO KM 2,CARAMUJO,24140390,-22.8827294,-43.065134,262
72,309,1627,ESCOLA MUNICIPAL PROFESSORA LUCIA MARIA SILVEIRA ROCHA,"AV. CARLOS ERMELINDO MARINS, 34",JURUJUBA,24370195,-22.9317575,-43.1166302,341
199,151,1090,COLÉGIO ESTADUAL PROFESSORA ALCINA RODRIGUES LIMA,"ESTRADA FRANCISCO DA CRUZ NUNES, S/N",ITAIPU,24310340,-22.9528491,-43.0285072,249
72,181,1473,COLÉGIO FORUM CULTURAL,ESTRADA FRANCISCO DA CRUZ NUNES 2454,CANTAGALO,24310410,-22.9163184,-43.0490094,348
199,141,1406,CANADIAN SCHOOL OF NITERÓI - EXPANSÃO ITACOATIARA,"RUA ANTONIO NASCIMENTO COTTAS, QD 16, LT 7,R.N 122",ITACOATIARA,24346020,-22.9619895,-43.0348161,241
71,112,1325,ESCOLA ESTADUAL GUILHERME BRIGGS,RUA MARIO VIANNA 625,SANTA ROSA,24241001,-22.9053667,-43.0895767,378
72,223,1520,ESCOLA MUNICIPAL LEVI CARNEIRO,ESTRADA WASHINGTON LUIS 488,SAPÊ,24315115,-22.8961721,-43.0583864,349
72,177,1015,INSTITUTO JCA,"RODOVIA PREFEITO JOÃO SAMPAIO, 2501",SANTA BARBARA,24141380,-22.882301,-43.0585179,222
72,113,1368,ESCOLA MUNICIPAL VILA COSTA MONTEIRO,RUA ITITIOCA S/N,ITITIOCA,24310410,-22.8963335,-43.077802,388
144,310,1635,ESCOLA MUNICIPAL DOM JOSÉ PEREIRA ALVES,"RUA TENENTE OSORIO, 73",FONSECA,24130200,-22.8783038,-43.0920686,216
72,20,1449,CIEP 450 - BADU,ESTRADA CAETANO MONTEIRO S/N,BADU,24320570,-22.9071974,-43.0566124,362
72,291,1619,COLEGIO ESTADUAL JOAQUIM TAVORA,PRAÇA PREF.FERRAZ-CAMPO DE SAO BENTO S/N,ICARAÍ,24230160,-22.9048788,-43.1081976,238
72,467,1449,CIEP 450 - BADU,ESTRADA CAETANO MONTEIRO S/N,BADU,24320570,-22.9071974,-43.0566124,119
72,13,1040,CIEP 447 - CARAMUJO,RODOVIA AMARAL PEIXOTO KM 2,CARAMUJO,24140390,-22.8827294,-43.065134,267
144,236,1570,SECRETARIA DE ESTADO DE AGRICULTURA E ABASTECIMENTO,ALAMEDA SAO BOAVENTURA 770,FONSECA,24120191,-22.8823618,-43.0907682,311
71,334,1554,FACULDADE DE ENGENHARIA DA UFF,RUA PASSO DA PATRIA 156,SÃO DOMINGOS,24210240,-22.903848,-43.1302712,337
72,193,1473,COLÉGIO FORUM CULTURAL,ESTRADA FRANCISCO DA CRUZ NUNES 2454,CANTAGALO,24310410,-22.9163184,-43.0490094,344
71,280,1546,UNIVERSIDADE SALGADO DE OLIVEIRA - BL A,RUA MARECHAL DEODORO 217,CENTRO,24030060,-22.8894749,-43.1186087,175
72,239,1546,COLÉGIO GOMES PEREIRA,AVENIDA RUI BARBOSA 1250,LARGO DA BATALHA,24310005,-22.9081863,-43.0665152,392
72,445,1767,COLÉGIO ASSUNÇÃO,RUA GENERAL RONDON 842,SÃO FRANCISCO,24360100,-22.9208239,-43.0926525,352
71,349,1562,COLEGIO ESTADUAL RAUL VIDAL,AVENIDA FELICIANO SODRE 21,CENTRO,24030013,-22.8862372,-43.1242688,298
199,69,1163,ANDEF (EX FAETEC),ESTRADA VELHA DE MARICA 4830,RIO DO OURO,24330000,-22.8896379,-42.9978497,312
199,191,1295,UMEI PROFA ODETE ROSA DA MOTA,ESTRADA FRANCISCO DA CRUZ NUNES S/N (PRÓXIMO AO CORPO DE BOMBEIROS),ITAIPU,24340000,-22.9532368,-43.02859,359
72,144,1112,ESCOLA ESTADUAL LEOPOLDO FROES,RUA REVERENDO ARMANDO FERREIRA  S/N,LARGO DA BATALHA,24310400,-22.9100474,-43.0677553,346
144,68,1236,COLÉGIO ESTADUAL MULLULO DA VEIGA,RUA CORONEL GUIMARÃES 505,ENGENHOCA,24110130,-22.8708282,-43.0988892,346
144,295,1627,ESCOLA ESTADUAL DOUTOR JAYME MEMORIA,RUA NORONHA TORREZAO 625,CUBANGO,24240181,-22.88949,-43.0937712,365
71,409,1660,FACULDADE DE DIREITO DA UFF - UFF - DIREITO 1,RUA PRESIDENTE PEDREIRA 62,INGÁ,24210470,-22.9035832,-43.1258853,365
144,266,1597,ESCOLA ESTADUAL HILARIO RIBEIRO,ALAMEDA SAO BOAVENTURA 794,FONSECA,24120191,-22.8813893,-43.0901745,350
144,284,1600,CIEP 251 - DONA MARIA PORTUGAL,RODOVIA AMARAL PEIXOTO KM 3,BALDEADOR,24140580,-22.877013,-43.0557658,349
199,39,1090,COLÉGIO ESTADUAL PROFESSORA ALCINA RODRIGUES LIMA,"ESTRADA FRANCISCO DA CRUZ NUNES, S/N",ITAIPU,24310340,-22.9528491,-43.0285072,258
71,412,1660,FACULDADE DE DIREITO DA UFF - UFF - DIREITO 1,RUA PRESIDENTE PEDREIRA 62,INGÁ,24210470,-22.9035832,-43.1258853,362
71,214,1309,CURSO MARLY CURY,AV. SETE DE SETEMBRO 165,SANTA ROSA,24230251,-22.9054777,-43.1019227,376
71,233,1430,COLEGIO ESTADUAL AURELINO LEAL,RUA PRESIDENTE PEDREIRA 79,INGÁ,24210470,-22.9033321,-43.1254512,392
71,98,1295,COLEGIO SALESIANO SANTA ROSA,RUA SANTA ROSA 207,SANTA ROSA,24240220,-22.9016745,-43.0996973,371
72,262,1570,IGREJA DO SANTUARIO NACIONAL DAS ALMAS,RUA ALVARES DE AZEVEDO 237,ICARAÍ,24220020,-22.9004522,-43.1107182,298
72,25,1074,COLEGIO ESTADUAL PAULO ASSIS RIBEIRO,ESTRADA CAETANO MONTEIRO 814,BADU,24320570,-22.9068537,-43.0573891,349
71,336,1554,FACULDADE DE ENGENHARIA DA UFF,RUA PASSO DA PATRIA 156,SÃO DOMINGOS,24210240,-22.903848,-43.1302712,332
199,183,1473,COLÉGIO COLABORE,"ESTRADA MARINO NUNES VIEIRA, 340",VÁRZEA DAS MOÇAS,24330325,-22.9131583,-42.9846125,329
72,250,1554,JARDIM ESCOLA GIRASSÓIS,"ESTRADA CAETANO MONTEIRO, 820",LARGO DA BATALHA,24320570,-22.9077414,-43.0652722,381
199,171,1260,COLÉGIO PLUZ,"RUA NICARÁGUA, 20",SERRA GRANDE,24342740,-22.9287514,-43.0124453,380
71,213,1295,COLEGIO SALESIANO SANTA ROSA,RUA SANTA ROSA 207,SANTA ROSA,24240220,-22.9016745,-43.0996973,365
71,210,1309,CURSO MARLY CURY,AV. SETE DE SETEMBRO 165,SANTA ROSA,24230251,-22.9054777,-43.1019227,373
199,194,1295,UMEI PROFA ODETE ROSA DA MOTA,ESTRADA FRANCISCO DA CRUZ NUNES S/N (PRÓXIMO AO CORPO DE BOMBEIROS),ITAIPU,24340000,-22.9532368,-43.02859,369
72,66,1171,ESCOLA MUNICIPAL ANTONIO COUTINHO DE AZEVEDO,AV DES NESTOR RODRIGUES PERLINGEIRO S/N,SANTA BARBARA,24141330,-22.8756043,-43.04869,354
71,262,1465,CENTRO UNIVERSITÁRIO ANHANGUERA (ANTIGO PLÍNIO LEITE),RUA VISCONDE DO RIO BRANCO 123,CENTRO,24020000,-22.8869267,-43.1245632,329
144,196,1503,SERVICO DE ASSISTENCIA SOCIAL SAO DOMINGOS SAVIO,RUA MARTINS TORRES 223,SANTA ROSA,24240705,-22.8988024,-43.0928214,345
199,130,1198,CIEP 448 RUY FRAZÃO SOARES,ESTRADA DO ENGENHO DO MATO S/N - PRACA,ITAIPU,24346040,-22.9356576,-43.0092644,291
199,152,1260,COLÉGIO PLUZ,"RUA NICARÁGUA, 20",SERRA GRANDE,24342740,-22.9287514,-43.0124453,381
71,120,1333,PARÓQUIA NOSSA SENHORA AUXILIADORA - CENTRO COMUNITÁRIO,"RUA SANTA ROSA, 216",SANTA ROSA,24240225,-22.9020239,-43.0994239,359
71,318,1678,LICEU NILO PEÇANHA,AV ERNANI DO AMARAL PEIXOTO 707,CENTRO,24020073,-22.8935707,-43.1165611,149
144,23,1090,ESCOLA TÉCNICA ESTADUAL HENRIQUE LAGE,RUA GUIMARÃES JUNIOR 182,BARRETO,24110300,-22.8621355,-43.0979546,245
72,189,1074,COLEGIO ESTADUAL PAULO ASSIS RIBEIRO,ESTRADA CAETANO MONTEIRO 814,BADU,24320570,-22.9068537,-43.0573891,347
71,402,1651,FACULDADE DE ENFERMAGEM DA UFF,RUA DR CELESTINO 74,CENTRO,24020091,-22.895302,-43.1167706,161
199,136,1244,COLÉGIO LAPLACE,"RUA MANOEL PACHECO DE CARVALHO, N 80",PIRATININGA,24350400,-22.9425434,-43.05605,341
72,406,1732,CLUBE NAVAL,AVENIDA CARLOS ERMELINDO MARINS 68,JURUJUBA,24370195,-22.935737,-43.1068139,333
71,223,1414,UNIVERSIDADE SALGADO DE OLIVEIRA - BL B (PRÓXIMO AO GUANABARA),RUA MARECHAL DEODORO 263,CENTRO,24030060,-22.8893447,-43.1172001,268
199,160,1120,COLÉGIO ESTADUAL ALMIRANTE TAMANDARÉ,AV. ACURCIO TORRES S/N,PIRATININGA,24358080,-22.9512083,-43.0916732,297
72,289,1619,COLEGIO ESTADUAL JOAQUIM TAVORA,PRAÇA PREF.FERRAZ-CAMPO DE SAO BENTO S/N,ICARAÍ,24230160,-22.9048788,-43.1081976,237
71,259,1465,CENTRO UNIVERSITÁRIO ANHANGUERA (ANTIGO PLÍNIO LEITE),RUA VISCONDE DO RIO BRANCO 123,CENTRO,24020000,-22.8869267,-43.1245632,330
144,186,1481,GRUPO ESCOLAR EMBAIXADOR RAUL FERNANDES,"RUA RIODADES, 253",FONSECA,24130241,-22.8767501,-43.0821505,275
72,323,1651,PH COLÉGIO,RUA ALVARES DE AZEVEDO 237,ICARAÍ,24220020,-22.9006508,-43.1110377,281
72,17,1015,INSTITUTO JCA,"RODOVIA PREFEITO JOÃO SAMPAIO, 2501",SANTA BARBARA,24141380,-22.882301,-43.0585179,223
199,23,1066,COLÉGIO CENECISTA JULIO CESAR SOUZA BALTHAREJO,"ESTRADA FRANCISCO DA CRUZ NUNES , 7245 - ITAIPU",ITAIPU,24340000,-22.9646939,-43.0332117,343
199,99,1082,UMEI DR PAULO CESAR DE ALMEIDA PIMENTEL,RUA ANTONIO LUIZ SAIÃO CAMPO BELO,ITAIPU,24348000,-22.9614459,-43.0327165,242
71,247,1457,ÁGUAS DE NITEROI,RUA MARQUÊS DO PARANÁ 108/110,CENTRO,24030211,-22.8915411,-43.1141378,348
144,171,1473,ESCOLA ESTADUAL JOSE BONIFACIO,RUA CARLOS MAXIMIANO 20,FONSECA,24120000,-22.8831949,-43.1060172,332
71,375,1600,INSTITUTO DE EDUCAÇÃO PROFESSOR ISMAEL COUTINHO - IEPIC,"TRAVESSA MANOEL CONTINENTINO, 31",SÃO DOMINGOS,24210150,-22.8989767,-43.1271052,155
199,177,1295,UMEI PROFA ODETE ROSA DA MOTA,ESTRADA FRANCISCO DA CRUZ NUNES S/N (PRÓXIMO AO CORPO DE BOMBEIROS),ITAIPU,24340000,-22.9532368,-43.02859,359
71,312,1678,LICEU NILO PEÇANHA,AV ERNANI DO AMARAL PEIXOTO 707,CENTRO,24020073,-22.8935707,-43.1165611,149
72,191,1473,COLÉGIO FORUM CULTURAL,ESTRADA FRANCISCO DA CRUZ NUNES 2454,CANTAGALO,24310410,-22.9163184,-43.0490094,348
72,355,1694,ESCOLA MUNICIPAL PROFESSOR PAULO DE ALMEIDA CAMPOS,"RUA PEREIRA DA SILVA, 50",ICARAÍ,24220031,-22.9047439,-43.1131555,362
71,198,1260,INSTITUTO ABEL,AV. ROBERTO SILVEIRA 29,ICARAÍ,24230150,-22.9004168,-43.1094942,390
144,312,1635,ESCOLA MUNICIPAL DOM JOSÉ PEREIRA ALVES,"RUA TENENTE OSORIO, 73",FONSECA,24130200,-22.8783038,-43.0920686,220
71,337,1554,FACULDADE DE ENGENHARIA DA UFF,RUA PASSO DA PATRIA 156,SÃO DOMINGOS,24210240,-22.903848,-43.1302712,336
144,185,1481,GRUPO ESCOLAR EMBAIXADOR RAUL FERNANDES,"RUA RIODADES, 253",FONSECA,24130241,-22.8767501,-43.0821505,279
199,138,1112,COLÉGIO SALESIANO REGIÃO OCEÂNICA,"RUA DOUTOR CORNÉLIO DE MELLO JÚNIOR, 117",PIRATININGA,24350280,-22.9393022,-43.0618731,339
72,64,1171,ESCOLA MUNICIPAL ANTONIO COUTINHO DE AZEVEDO,AV DES NESTOR RODRIGUES PERLINGEIRO S/N,SANTA BARBARA,24141330,-22.8756043,-43.04869,356
72,247,1554,JARDIM ESCOLA GIRASSÓIS,"ESTRADA CAETANO MONTEIRO, 820",LARGO DA BATALHA,24320570,-22.9077414,-43.0652722,377
71,133,1392,FACULDADE DE VETERINARIA DA UFF,RUA VITAL BRASIL FILHO 64,VITAL BRASIL,24230340,-22.904908,-43.098407,386
71,130,1392,FACULDADE DE VETERINARIA DA UFF,RUA VITAL BRASIL FILHO 64,VITAL BRASIL,24230340,-22.904908,-43.098407,383
72,259,1570,IGREJA DO SANTUARIO NACIONAL DAS ALMAS,RUA ALVARES DE AZEVEDO 237,ICARAÍ,24220020,-22.9004522,-43.1107182,299
144,331,1660,COLÉGIO ESTADUAL CONSELHEIRO JOSINO,"RUA TEIXEIRA DE FREITAS, 421",FONSECA,24130610,-22.8734262,-43.0749723,372
71,120,1333,PARÓQUIA NOSSA SENHORA AUXILIADORA - CENTRO COMUNITÁRIO,"RUA SANTA ROSA, 216",SANTA ROSA,24240225,-22.9020239,-43.0994239,359
199,234,1325,ESCOLA MUNICIPAL SÍTIO DO IPÊ,RUA PROF. JOSÉ PEÇANHA,MARIA PAULA,24325310,-22.8821134,-43.0267087,362
199,185,1155,COLÉGIO ITAPUCA,"AV. ERNANI DE FARIAS ALVES, N 124 TREVO DE PIRATININGA",PIRATININGA,24350680,-22.9437854,-43.0593249,312
71,409,1660,FACULDADE DE DIREITO DA UFF - UFF - DIREITO 1,RUA PRESIDENTE PEDREIRA 62,INGÁ,24210470,-22.9035832,-43.1258853,365
71,122,1333,PARÓQUIA NOSSA SENHORA AUXILIADORA - CENTRO COMUNITÁRIO,"RUA SANTA ROSA, 216",SANTA ROSA,24240225,-22.9020239,-43.0994239,359
199,34,1090,COLÉGIO ESTADUAL PROFESSORA ALCINA RODRIGUES LIMA,"ESTRADA FRANCISCO DA CRUZ NUNES, S/N",ITAIPU,24310340,-22.9528491,-43.0285072,250
71,75,1368,INSTITUTO SÃO JOSÉ,RUA GERALDO MARTINS 166,SANTA ROSA,24220381,-22.901754,-43.1018878,370
71,280,1546,UNIVERSIDADE SALGADO DE OLIVEIRA - BL A,RUA MARECHAL DEODORO 217,CENTRO,24030060,-22.8894749,-43.1186087,175
72,35,1112,ESCOLA ESTADUAL LEOPOLDO FROES,RUA REVERENDO ARMANDO FERREIRA  S/N,LARGO DA BATALHA,24310400,-22.9100474,-43.0677553,349
199,152,1260,COLÉGIO PLUZ,"RUA NICARÁGUA, 20",SERRA GRANDE,24342740,-22.9287514,-43.0124453,381
144,169,1473,ESCOLA ESTADUAL JOSE BONIFACIO,RUA CARLOS MAXIMIANO 20,FONSECA,24120000,-22.8831949,-43.1060172,329
71,293,1511,FACULDADE DE ADMINISTRAÇÃO E CIÊNCIAS CONTÁBEIS (VALONGUINHO),RUA MÁRIO SANTOS BRAGA S/N,CENTRO,24020140,-22.8967413,-43.1252439,245
71,218,1414,UNIVERSIDADE SALGADO DE OLIVEIRA - BL B (PRÓXIMO AO GUANABARA),RUA MARECHAL DEODORO 263,CENTRO,24030060,-22.8893447,-43.1172001,265
71,442,1694,RIO CRICKET,RUA FAGUNDES VARELA 637,INGÁ,24210520,-22.8997052,-43.1133665,375
71,27,1104,INSTITUTO MAIA VINAGRE,RUA NORONHA TORREZÃO 68,SANTA ROSA,24240182,-22.8976844,-43.1021103,388
144,158,1457,ESCOLA ESTADUAL MACHADO DE ASSIS,RUA DESEMBARGADOR LIMA CASTRO 97,FONSECA,24120350,-22.8836374,-43.0857092,355
72,22,1449,CIEP 450 - BADU,ESTRADA CAETANO MONTEIRO S/N,BADU,24320570,-22.9071974,-43.0566124,369
199,38,1090,COLÉGIO ESTADUAL PROFESSORA ALCINA RODRIGUES LIMA,"ESTRADA FRANCISCO DA CRUZ NUNES, S/N",ITAIPU,24310340,-22.9528491,-43.0285072,264
71,80,1317,ESCOLA ESTADUAL BALTAZAR BERNARDINO,RUA MARIZ E BARROS 444,SANTA ROSA,24220121,-22.9032359,-43.1012931,386
71,97,1295,COLEGIO SALESIANO SANTA ROSA,RUA SANTA ROSA 207,SANTA ROSA,24240220,-22.9016745,-43.0996973,369
72,263,1570,IGREJA DO SANTUARIO NACIONAL DAS ALMAS,RUA ALVARES DE AZEVEDO 237,ICARAÍ,24220020,-22.9004522,-43.1107182,302
199,224,1368,UMEI PROFESSORA NINA RITA TORRES,"AVENIDA DOUTOR ACÚRCIO TORRES, 691",PIRATININGA,24358080,-22.9519115,-43.0861872,381
144,6,1031,(PRÉDIO NOVO) COLÉGIO PEDRO II UNIDADE NITERÓI,RUA ASSIS DE VASCONCELOS S/N,BARRETO,24210000,-22.8685685,-43.1037833,268
72,443,1767,COLÉGIO ASSUNÇÃO,RUA GENERAL RONDON 842,SÃO FRANCISCO,24360100,-22.9208239,-43.0926525,351
72,434,1759,COLÉGIO MV1,RUA GAVIÃO PEIXOTO 398,ICARAÍ,24230103,-22.9079111,-43.1058651,312
72,25,1074,COLEGIO ESTADUAL PAULO ASSIS RIBEIRO,ESTRADA CAETANO MONTEIRO 814,BADU,24320570,-22.9068537,-43.0573891,349
144,272,1597,ESCOLA ESTADUAL HILARIO RIBEIRO,ALAMEDA SAO BOAVENTURA 794,FONSECA,24120191,-22.8813893,-43.0901745,350
72,464,1538,ESCOLA CATAVENTO ESPAÇO DE EDUCAÇÃO,"ESTRADA WASHINGTON LUIZ, 224",SAPÊ,24315375,-22.9024713,-43.0635188,348
144,161,1457,ESCOLA ESTADUAL MACHADO DE ASSIS,RUA DESEMBARGADOR LIMA CASTRO 97,FONSECA,24120350,-22.8836374,-43.0857092,355
71,413,1660,FACULDADE DE DIREITO DA UFF - UFF - DIREITO 1,RUA PRESIDENTE PEDREIRA 62,INGÁ,24210470,-22.9035832,-43.1258853,360
71,205,1317,ESCOLA ESTADUAL BALTAZAR BERNARDINO,RUA MARIZ E BARROS 444,SANTA ROSA,24220121,-22.9032359,-43.1012931,382
71,360,1597,ESCOLA MUNICIPAL SANTOS DUMONT,RUA MANOEL CORREIA S/N,FÁTIMA,24070100,-22.8954125,-43.1094692,291
199,129,1155,COLÉGIO ITAPUCA,"AV. ERNANI DE FARIAS ALVES, N 124 TREVO DE PIRATININGA",PIRATININGA,24350680,-22.9437854,-43.0593249,310
72,230,1520,ESCOLA MUNICIPAL LEVI CARNEIRO,ESTRADA WASHINGTON LUIS 488,SAPÊ,24315115,-22.8961721,-43.0583864,346
72,123,1112,ESCOLA ESTADUAL LEOPOLDO FROES,RUA REVERENDO ARMANDO FERREIRA  S/N,LARGO DA BATALHA,24310400,-22.9100474,-43.0677553,341
144,141,1449,INSTITUTO SÃO BENTO DE NITEROI,RUA VEREADOR DUQUE ESTRADA 28,SANTA ROSA,24240210,-22.8968349,-43.1000967,384
71,392,1627,REITORIA DA UFF,RUA MIGUEL DE FRIAS 9,ICARAÍ,24220900,-22.9031771,-43.1164314,387
199,240,1392,CULTURA INGLESA EM ITAIPU,"ESTRADA FRANCISCO DA CRUZ NUNES, N 6956",ITAIPU,24350310,-22.9413685,-43.0533061,388
144,184,1481,GRUPO ESCOLAR EMBAIXADOR RAUL FERNANDES,"RUA RIODADES, 253",FONSECA,24130241,-22.8767501,-43.0821505,274
144,49,1163,COLÉGIO ESTADUAL CONSELHEIRO MACEDO SOARES,RUA DR. MARCH 392,BARRETO,24110650,-22.8622231,-43.0924035,355
71,192,1392,FACULDADE DE VETERINARIA DA UFF,RUA VITAL BRASIL FILHO 64,VITAL BRASIL,24230340,-22.904908,-43.098407,389
144,200,1503,SERVICO DE ASSISTENCIA SOCIAL SAO DOMINGOS SAVIO,RUA MARTINS TORRES 223,SANTA ROSA,24240705,-22.8988024,-43.0928214,339
72,362,1708,ESCOLA MUNICIPAL JÚLIA CORTINES,RUA LOPES TROVAO 1-CAMPO DE SÃO BENTO S/N,ICARAÍ,24220070,-22.9043592,-43.1086717,303
72,118,1040,CIEP 447 - CARAMUJO,RODOVIA AMARAL PEIXOTO KM 2,CARAMUJO,24140390,-22.8827294,-43.065134,269
72,286,1635,BANCO BRADESCO,RUA GAVIAO PEIXOTO 108,ICARAÍ,24230101,-22.9031207,-43.1110165,355
72,413,1740,COLÉGIO ZEROHUM,"RUA ARY PARREIRAS, 73",ICARAÍ,24230058,-22.9111671,-43.1073245,325
144,286,1554,ESCOLA MUNICIPAL PROFESSOR PAULO FREIRE,RUA SOARES DE MIRANDA 77,FONSECA,24120307,-22.8828529,-43.0824987,283
199,127,1090,COLÉGIO ESTADUAL PROFESSORA ALCINA RODRIGUES LIMA,"ESTRADA FRANCISCO DA CRUZ NUNES, S/N",ITAIPU,24310340,-22.9528491,-43.0285072,257
144,12,1201,OFICINAS DO SENAI,RUA GALVAO S/N,BARRETO,24110260,-22.8614396,-43.1026046,335
199,157,1015,COUNTRY CLUB DE NITEROI,RUA CHILE 135,VILA PROGRESSO,24322000,-22.8970192,-43.0347113,386
199,62,1120,COLÉGIO ESTADUAL ALMIRANTE TAMANDARÉ,AV. ACURCIO TORRES S/N,PIRATININGA,24358080,-22.9512083,-43.0916732,293
144,173,1473,ESCOLA ESTADUAL JOSE BONIFACIO,RUA CARLOS MAXIMIANO 20,FONSECA,24120000,-22.8831949,-43.1060172,327
144,52,1171,ESCOLA ESTADUAL MENEZES VIEIRA,RUA GENERAL CASTRIOTO S/N,BARRETO,24110000,-22.8693286,-43.1032004,278
144,229,1554,ESCOLA MUNICIPAL PROFESSOR PAULO FREIRE,RUA SOARES DE MIRANDA 77,FONSECA,24120307,-22.8828529,-43.0824987,239
144,25,1090,ESCOLA TÉCNICA ESTADUAL HENRIQUE LAGE,RUA GUIMARÃES JUNIOR 182,BARRETO,24110300,-22.8621355,-43.0979546,244
199,38,1090,COLÉGIO ESTADUAL PROFESSORA ALCINA RODRIGUES LIMA,"ESTRADA FRANCISCO DA CRUZ NUNES, S/N",ITAIPU,24310340,-22.9528491,-43.0285072,264
144,153,1457,ESCOLA ESTADUAL MACHADO DE ASSIS,RUA DESEMBARGADOR LIMA CASTRO 97,FONSECA,24120350,-22.8836374,-43.0857092,358
71,6,1015,CENTRO EDUCACIONAL DE NITEROI - CENTRINHO,RUA ITAGUAI 173,SANTA ROSA,24240130,-22.8965191,-43.1018339,347
199,174,1287,ESCOLA MUNICIPAL PROF MARCOS WALDEMAR DE FREITAS REIS,"RUA ANTONIO LUIZ SAIÃO, S/N ITAIPU",ITAIPU,24346087,-22.9615628,-43.0330724,339
144,222,1554,ESCOLA MUNICIPAL PROFESSOR PAULO FREIRE,RUA SOARES DE MIRANDA 77,FONSECA,24120307,-22.8828529,-43.0824987,239
71,72,1260,INSTITUTO ABEL,AV. ROBERTO SILVEIRA 29,ICARAÍ,24230150,-22.9004168,-43.1094942,391
71,314,1678,LICEU NILO PEÇANHA,AV ERNANI DO AMARAL PEIXOTO 707,CENTRO,24020073,-22.8935707,-43.1165611,150
71,432,1678,LICEU NILO PEÇANHA,AV ERNANI DO AMARAL PEIXOTO 707,CENTRO,24020073,-22.8935707,-43.1165611,239
144,240,1570,SECRETARIA DE ESTADO DE AGRICULTURA E ABASTECIMENTO,ALAMEDA SAO BOAVENTURA 770,FONSECA,24120191,-22.8823618,-43.0907682,308
72,461,1783,SOCIEDADE BRASILEIRA DE CULTURA INGLESA,RUA OTAVIO CARNEIRO 23,ICARAÍ,24230190,-22.9075527,-43.1111859,336
71,307,1520,LOJA MAÇÔNICA EVOLUÇÃO 2,RUA SANTA CLARA 77,PONTA D'AREIA,24040050,-22.8825872,-43.122934,363
199,211,1104,CURSO CNA- PIRATININGA,RUA ERNANI DE FARIAS ALVES 152,PIRATININGA,24350135,-22.9441523,-43.0589254,369
144,145,1449,INSTITUTO SÃO BENTO DE NITEROI,RUA VEREADOR DUQUE ESTRADA 28,SANTA ROSA,24240210,-22.8968349,-43.1000967,386
71,361,1597,ESCOLA MUNICIPAL SANTOS DUMONT,RUA MANOEL CORREIA S/N,FÁTIMA,24070100,-22.8954125,-43.1094692,292
144,154,1457,ESCOLA ESTADUAL MACHADO DE ASSIS,RUA DESEMBARGADOR LIMA CASTRO 97,FONSECA,24120350,-22.8836374,-43.0857092,353
72,2,1015,INSTITUTO JCA,"RODOVIA PREFEITO JOÃO SAMPAIO, 2501",SANTA BARBARA,24141380,-22.882301,-43.0585179,225
71,1,1015,CENTRO EDUCACIONAL DE NITEROI - CENTRINHO,RUA ITAGUAI 173,SANTA ROSA,24240130,-22.8965191,-43.1018339,349
144,96,1031,(PRÉDIO NOVO) COLÉGIO PEDRO II UNIDADE NITERÓI,RUA ASSIS DE VASCONCELOS S/N,BARRETO,24210000,-22.8685685,-43.1037833,267
144,317,1651,INSTITUTO EDUCACIONAL TAURUS,"ALAMEDA SÃO BOAVENTURA, 15",FONSECA,24130000,-22.8806664,-43.1093503,191
144,239,1570,SECRETARIA DE ESTADO DE AGRICULTURA E ABASTECIMENTO,ALAMEDA SAO BOAVENTURA 770,FONSECA,24120191,-22.8823618,-43.0907682,309
144,205,1694,ESPAÇO DO SABER,ALAMEDA SÃO BOAVENTURA 887,FONSECA,24130223,-22.8810443,-43.087791,338
72,325,1660,CLUBE CENTRAL,"AVENIDA JORNALISTA ALBERTO FRANCISCO TORRES,  335",ICARAÍ,24230005,-22.9075784,-43.111789,351
71,443,1694,RIO CRICKET,RUA FAGUNDES VARELA 637,INGÁ,24210520,-22.8997052,-43.1133665,374
144,243,1570,SECRETARIA DE ESTADO DE AGRICULTURA E ABASTECIMENTO,ALAMEDA SAO BOAVENTURA 770,FONSECA,24120191,-22.8823618,-43.0907682,309
71,117,1333,PARÓQUIA NOSSA SENHORA AUXILIADORA - CENTRO COMUNITÁRIO,"RUA SANTA ROSA, 216",SANTA ROSA,24240225,-22.9020239,-43.0994239,360
71,303,1511,FACULDADE DE ADMINISTRAÇÃO E CIÊNCIAS CONTÁBEIS (VALONGUINHO),RUA MÁRIO SANTOS BRAGA S/N,CENTRO,24020140,-22.8967413,-43.1252439,244
71,200,1392,FACULDADE DE VETERINARIA DA UFF,RUA VITAL BRASIL FILHO 64,VITAL BRASIL,24230340,-22.904908,-43.098407,387
71,202,1325,ESCOLA ESTADUAL GUILHERME BRIGGS,RUA MARIO VIANNA 625,SANTA ROSA,24241001,-22.9053667,-43.0895767,373
199,94,1031,ESCOLA MUNICIPAL HONORINA DE CARVALHO,RUA PROF. JOSE PECANHA S/N,MARIA PAULA,24325310,-22.882289,-43.0265693,297
72,351,1686,CAIXA ECONÔMICA FEDERAL - AGÊNCIA ICARAÍ,"RUA GAVIÃO PEIXOTO, 226",ICARAÍ,24230102,-22.9052069,-43.1087149,325
199,141,1406,CANADIAN SCHOOL OF NITERÓI - EXPANSÃO ITACOATIARA,"RUA ANTONIO NASCIMENTO COTTAS, QD 16, LT 7,R.N 122",ITACOATIARA,24346020,-22.9619895,-43.0348161,241
72,118,1040,CIEP 447 - CARAMUJO,RODOVIA AMARAL PEIXOTO KM 2,CARAMUJO,24140390,-22.8827294,-43.065134,269
71,213,1295,COLEGIO SALESIANO SANTA ROSA,RUA SANTA ROSA 207,SANTA ROSA,24240220,-22.9016745,-43.0996973,365
199,201,1473,COLÉGIO COLABORE,"ESTRADA MARINO NUNES VIEIRA, 340",VÁRZEA DAS MOÇAS,24330325,-22.9131583,-42.9846125,335
144,337,1678,ESCOLA MUNICIPAL JACINTA MEDELA,"RUA TENENTE OSORIO, 10",FONSECA,24130200,-22.8789902,-43.0919052,369
144,171,1473,ESCOLA ESTADUAL JOSE BONIFACIO,RUA CARLOS MAXIMIANO 20,FONSECA,24120000,-22.8831949,-43.1060172,332
199,225,1465,COLÉGIO CURSO PENSI - ITAIPU,"RUA JORNALISTA NEWTON BRAGA MELO, QD 1, LT 3,4 E 5",ITAIPU,24342320,-22.9421824,-43.03776,369
72,428,1759,COLÉGIO MV1,RUA GAVIÃO PEIXOTO 398,ICARAÍ,24230103,-22.9079111,-43.1058651,309
199,215,1350,ESCOLA MUNICIPAL MARALEGRE,"RUA DR. WALDIR COSTA, LOTES 10 E 11",CAFUBÁ,24350015,-22.9362723,-43.0724233,387
71,445,1600,INSTITUTO DE EDUCAÇÃO PROFESSOR ISMAEL COUTINHO - IEPIC,"TRAVESSA MANOEL CONTINENTINO, 31",SÃO DOMINGOS,24210150,-22.8989767,-43.1271052,167
71,282,1546,UNIVERSIDADE SALGADO DE OLIVEIRA - BL A,RUA MARECHAL DEODORO 217,CENTRO,24030060,-22.8894749,-43.1186087,178
72,160,1147,ESCOLA MUNICIPAL VERA LUCIA MACHADO,RUA ALDEMAR DE PAIVA LOTE 7 E 8,BADU,24320230,-22.9045,-43.0500355,333
72,244,1554,JARDIM ESCOLA GIRASSÓIS,"ESTRADA CAETANO MONTEIRO, 820",LARGO DA BATALHA,24320570,-22.9077414,-43.0652722,377
72,401,1732,CLUBE NAVAL,AVENIDA CARLOS ERMELINDO MARINS 68,JURUJUBA,24370195,-22.935737,-43.1068139,333
144,222,1554,ESCOLA MUNICIPAL PROFESSOR PAULO FREIRE,RUA SOARES DE MIRANDA 77,FONSECA,24120307,-22.8828529,-43.0824987,239
144,98,1031,(PRÉDIO NOVO) COLÉGIO PEDRO II UNIDADE NITERÓI,RUA ASSIS DE VASCONCELOS S/N,BARRETO,24210000,-22.8685685,-43.1037833,269
71,73,1260,INSTITUTO ABEL,AV. ROBERTO SILVEIRA 29,ICARAÍ,24230150,-22.9004168,-43.1094942,389
71,28,1104,INSTITUTO MAIA VINAGRE,RUA NORONHA TORREZÃO 68,SANTA ROSA,24240182,-22.8976844,-43.1021103,387
71,87,1015,CENTRO EDUCACIONAL DE NITEROI - CENTRINHO,RUA ITAGUAI 173,SANTA ROSA,24240130,-22.8965191,-43.1018339,350
72,248,1546,COLÉGIO GOMES PEREIRA,AVENIDA RUI BARBOSA 1250,LARGO DA BATALHA,24310005,-22.9081863,-43.0665152,388
71,241,1449,COLÉGIO ESTADUAL ZULEIKA RAPÔSO VALLADARES (''COLÉGIO VELHO''),RUA SALO BRAND S/N,ILHA DA CONCEIÇÃO,24050070,-22.8729269,-43.1147506,370
144,231,1562,LBV LEGIÃO DA BOA VONTADE,ALAMEDA SÃO BOAVENTURA 474,FONSECA,24120191,-22.8811009,-43.0979899,347
71,263,1600,INSTITUTO DE EDUCAÇÃO PROFESSOR ISMAEL COUTINHO - IEPIC,"TRAVESSA MANOEL CONTINENTINO, 31",SÃO DOMINGOS,24210150,-22.8989767,-43.1271052,317
144,160,1457,ESCOLA ESTADUAL MACHADO DE ASSIS,RUA DESEMBARGADOR LIMA CASTRO 97,FONSECA,24120350,-22.8836374,-43.0857092,356
144,260,1589,COLÉGIO NOSSA SENHORA DAS MERCÊS,ALAMEDA SAO BOAVENTURA 297,FONSECA,24130000,-22.880345,-43.1023535,366
72,435,1759,COLÉGIO MV1,RUA GAVIÃO PEIXOTO 398,ICARAÍ,24230103,-22.9079111,-43.1058651,310
72,425,1759,COLÉGIO MV1,RUA GAVIÃO PEIXOTO 398,ICARAÍ,24230103,-22.9079111,-43.1058651,312
199,227,1112,COLÉGIO SALESIANO REGIÃO OCEÂNICA,"RUA DOUTOR CORNÉLIO DE MELLO JÚNIOR, 117",PIRATININGA,24350280,-22.9393022,-43.0618731,344
199,183,1473,COLÉGIO COLABORE,"ESTRADA MARINO NUNES VIEIRA, 340",VÁRZEA DAS MOÇAS,24330325,-22.9131583,-42.9846125,329
72,383,1724,AABB,RUA HÉLIO DA SILVA CARNEIRO 78,SÃO FRANCISCO,24360540,-22.9172823,-43.0826083,361
199,84,1252,CIEP 307 DJANIRA,AV. EWERTON XAVIER S/N - PRACA,VÁRZEA DAS MOÇAS,24330280,-22.910323,-42.9852487,332
144,261,1589,COLÉGIO NOSSA SENHORA DAS MERCÊS,ALAMEDA SAO BOAVENTURA 297,FONSECA,24130000,-22.880345,-43.1023535,370
72,193,1473,COLÉGIO FORUM CULTURAL,ESTRADA FRANCISCO DA CRUZ NUNES 2454,CANTAGALO,24310410,-22.9163184,-43.0490094,344
71,283,1546,UNIVERSIDADE SALGADO DE OLIVEIRA - BL A,RUA MARECHAL DEODORO 217,CENTRO,24030060,-22.8894749,-43.1186087,177
144,291,1554,ESCOLA MUNICIPAL PROFESSOR PAULO FREIRE,RUA SOARES DE MIRANDA 77,FONSECA,24120307,-22.8828529,-43.0824987,241
72,18,1449,CIEP 450 - BADU,ESTRADA CAETANO MONTEIRO S/N,BADU,24320570,-22.9071974,-43.0566124,362
199,190,1341,COLÉGIO OBJETIVO CAMBOINHAS,"RUA PROFESSOR ÁLVARO CAETANO, 908",CAMBOINHAS,24358640,-22.9537053,-43.0584356,347
144,322,1651,INSTITUTO EDUCACIONAL TAURUS,"ALAMEDA SÃO BOAVENTURA, 15",FONSECA,24130000,-22.8806664,-43.1093503,233
72,421,1759,COLÉGIO MV1,RUA GAVIÃO PEIXOTO 398,ICARAÍ,24230103,-22.9079111,-43.1058651,310
144,310,1635,ESCOLA MUNICIPAL DOM JOSÉ PEREIRA ALVES,"RUA TENENTE OSORIO, 73",FONSECA,24130200,-22.8783038,-43.0920686,216
199,140,1074,COLÉGIO CURSO ZEROHUM ( ANT GAUSS),"AV. FREI FABIANO, 155 - ITAIPU",ITAIPU,24355250,-22.9427133,-43.0519956,300
71,370,1600,INSTITUTO DE EDUCAÇÃO PROFESSOR ISMAEL COUTINHO - IEPIC,"TRAVESSA MANOEL CONTINENTINO, 31",SÃO DOMINGOS,24210150,-22.8989767,-43.1271052,156
144,189,1490,IGREJA BATISTA DO FONSECA,ALAMEDA SAO BOAVENTURA  937,FONSECA,24130001,-22.8810878,-43.0865383,360
144,306,1635,ESCOLA MUNICIPAL DOM JOSÉ PEREIRA ALVES,"RUA TENENTE OSORIO, 73",FONSECA,24130200,-22.8783038,-43.0920686,219
144,223,1554,ESCOLA MUNICIPAL PROFESSOR PAULO FREIRE,RUA SOARES DE MIRANDA 77,FONSECA,24120307,-22.8828529,-43.0824987,243
71,95,1295,COLEGIO SALESIANO SANTA ROSA,RUA SANTA ROSA 207,SANTA ROSA,24240220,-22.9016745,-43.0996973,378
72,38,1112,ESCOLA ESTADUAL LEOPOLDO FROES,RUA REVERENDO ARMANDO FERREIRA  S/N,LARGO DA BATALHA,24310400,-22.9100474,-43.0677553,344
71,196,1392,FACULDADE DE VETERINARIA DA UFF,RUA VITAL BRASIL FILHO 64,VITAL BRASIL,24230340,-22.904908,-43.098407,386
72,252,1554,JARDIM ESCOLA GIRASSÓIS,"ESTRADA CAETANO MONTEIRO, 820",LARGO DA BATALHA,24320570,-22.9077414,-43.0652722,373
144,216,1554,ESCOLA MUNICIPAL PROFESSOR PAULO FREIRE,RUA SOARES DE MIRANDA 77,FONSECA,24120307,-22.8828529,-43.0824987,242
71,355,1619,COLEGIO SAO VICENTE DE PAULO,RUA MIGUEL DE FRIAS 123,ICARAÍ,24220001,-22.902041,-43.1146235,276
72,459,1783,SOCIEDADE BRASILEIRA DE CULTURA INGLESA,RUA OTAVIO CARNEIRO 23,ICARAÍ,24230190,-22.9075527,-43.1111859,335
71,433,1678,LICEU NILO PEÇANHA,AV ERNANI DO AMARAL PEIXOTO 707,CENTRO,24020073,-22.8935707,-43.1165611,236
71,415,1660,FACULDADE DE DIREITO DA UFF - UFF - DIREITO 1,RUA PRESIDENTE PEDREIRA 62,INGÁ,24210470,-22.9035832,-43.1258853,362
144,86,1252,ESCOLA MUNICIPAL ADELINO MAGALHÃES,"RUA DR. NELSON PENA, 17",ENGENHOCA,24110520,-22.8739038,-43.0944571,239
144,88,1317,IGREJA BATISTA BETEL DE NITERÓI,RUA DANIEL TORRES 72,ENGENHOCA,24110460,-22.8716138,-43.096026,282
144,4,1023,PAROQUIA DE SAO JOAO BATISTA,RUA DR. MARCH 666,TENENTE JARDIM,24110160,-22.8639855,-43.0827273,339
199,163,1260,COLÉGIO PLUZ,"RUA NICARÁGUA, 20",SERRA GRANDE,24342740,-22.9287514,-43.0124453,379
199,40,1090,COLÉGIO ESTADUAL PROFESSORA ALCINA RODRIGUES LIMA,"ESTRADA FRANCISCO DA CRUZ NUNES, S/N",ITAIPU,24310340,-22.9528491,-43.0285072,257
144,41,1090,ESCOLA TÉCNICA ESTADUAL HENRIQUE LAGE,RUA GUIMARÃES JUNIOR 182,BARRETO,24110300,-22.8621355,-43.0979546,242
71,221,1414,UNIVERSIDADE SALGADO DE OLIVEIRA - BL B (PRÓXIMO AO GUANABARA),RUA MARECHAL DEODORO 263,CENTRO,24030060,-22.8893447,-43.1172001,270
72,324,1660,CLUBE CENTRAL,"AVENIDA JORNALISTA ALBERTO FRANCISCO TORRES,  335",ICARAÍ,24230005,-22.9075784,-43.111789,353
71,356,1619,COLEGIO SAO VICENTE DE PAULO,RUA MIGUEL DE FRIAS 123,ICARAÍ,24220001,-22.902041,-43.1146235,281
199,119,1066,COLÉGIO CENECISTA JULIO CESAR SOUZA BALTHAREJO,"ESTRADA FRANCISCO DA CRUZ NUNES , 7245 - ITAIPU",ITAIPU,24340000,-22.9646939,-43.0332117,343
71,253,1465,CENTRO UNIVERSITÁRIO ANHANGUERA (ANTIGO PLÍNIO LEITE),RUA VISCONDE DO RIO BRANCO 123,CENTRO,24020000,-22.8869267,-43.1245632,330
199,248,1368,UMEI PROFESSORA NINA RITA TORRES,"AVENIDA DOUTOR ACÚRCIO TORRES, 691",PIRATININGA,24358080,-22.9519115,-43.0861872,308
72,405,1732,CLUBE NAVAL,AVENIDA CARLOS ERMELINDO MARINS 68,JURUJUBA,24370195,-22.935737,-43.1068139,337
199,30,1082,UMEI DR PAULO CESAR DE ALMEIDA PIMENTEL,RUA ANTONIO LUIZ SAIÃO CAMPO BELO,ITAIPU,24348000,-22.9614459,-43.0327165,232
72,149,1015,INSTITUTO JCA,"RODOVIA PREFEITO JOÃO SAMPAIO, 2501",SANTA BARBARA,24141380,-22.882301,-43.0585179,224
72,354,1694,ESCOLA MUNICIPAL PROFESSOR PAULO DE ALMEIDA CAMPOS,"RUA PEREIRA DA SILVA, 50",ICARAÍ,24220031,-22.9047439,-43.1131555,358
71,4,1015,CENTRO EDUCACIONAL DE NITEROI - CENTRINHO,RUA ITAGUAI 173,SANTA ROSA,24240130,-22.8965191,-43.1018339,347
71,402,1651,FACULDADE DE ENFERMAGEM DA UFF,RUA DR CELESTINO 74,CENTRO,24020091,-22.895302,-43.1167706,161
71,353,1570,COLÉGIO UNIVERSÍTÁRIO DA UFF (CIEP GRAGOATÁ),RUA ALEXANDRE MOURA 8,SÃO DOMINGOS,24210200,-22.900281,-43.1316649,323
71,304,1511,FACULDADE DE ADMINISTRAÇÃO E CIÊNCIAS CONTÁBEIS (VALONGUINHO),RUA MÁRIO SANTOS BRAGA S/N,CENTRO,24020140,-22.8967413,-43.1252439,242
144,263,1597,ESCOLA ESTADUAL HILARIO RIBEIRO,ALAMEDA SAO BOAVENTURA 794,FONSECA,24120191,-22.8813893,-43.0901745,350
72,352,1686,CAIXA ECONÔMICA FEDERAL - AGÊNCIA ICARAÍ,"RUA GAVIÃO PEIXOTO, 226",ICARAÍ,24230102,-22.9052069,-43.1087149,323
144,297,1627,ESCOLA ESTADUAL DOUTOR JAYME MEMORIA,RUA NORONHA TORREZAO 625,CUBANGO,24240181,-22.88949,-43.0937712,363
72,321,1651,PH COLÉGIO,RUA ALVARES DE AZEVEDO 237,ICARAÍ,24220020,-22.9006508,-43.1110377,280
71,387,1619,COLEGIO SAO VICENTE DE PAULO,RUA MIGUEL DE FRIAS 123,ICARAÍ,24220001,-22.902041,-43.1146235,223
71,298,1511,FACULDADE DE ADMINISTRAÇÃO E CIÊNCIAS CONTÁBEIS (VALONGUINHO),RUA MÁRIO SANTOS BRAGA S/N,CENTRO,24020140,-22.8967413,-43.1252439,248
72,430,1759,COLÉGIO MV1,RUA GAVIÃO PEIXOTO 398,ICARAÍ,24230103,-22.9079111,-43.1058651,313
144,183,1481,GRUPO ESCOLAR EMBAIXADOR RAUL FERNANDES,"RUA RIODADES, 253",FONSECA,24130241,-22.8767501,-43.0821505,275
71,333,1554,FACULDADE DE ENGENHARIA DA UFF,RUA PASSO DA PATRIA 156,SÃO DOMINGOS,24210240,-22.903848,-43.1302712,338
144,50,1163,COLÉGIO ESTADUAL CONSELHEIRO MACEDO SOARES,RUA DR. MARCH 392,BARRETO,24110650,-22.8622231,-43.0924035,359
144,45,1163,COLÉGIO ESTADUAL CONSELHEIRO MACEDO SOARES,RUA DR. MARCH 392,BARRETO,24110650,-22.8622231,-43.0924035,363
71,348,1562,COLEGIO ESTADUAL RAUL VIDAL,AVENIDA FELICIANO SODRE 21,CENTRO,24030013,-22.8862372,-43.1242688,298
71,255,1465,CENTRO UNIVERSITÁRIO ANHANGUERA (ANTIGO PLÍNIO LEITE),RUA VISCONDE DO RIO BRANCO 123,CENTRO,24020000,-22.8869267,-43.1245632,328
72,67,1171,ESCOLA MUNICIPAL ANTONIO COUTINHO DE AZEVEDO,AV DES NESTOR RODRIGUES PERLINGEIRO S/N,SANTA BARBARA,24141330,-22.8756043,-43.04869,356
72,339,1660,CLUBE CENTRAL,"AVENIDA JORNALISTA ALBERTO FRANCISCO TORRES,  335",ICARAÍ,24230005,-22.9075784,-43.111789,354
144,143,1449,INSTITUTO SÃO BENTO DE NITEROI,RUA VEREADOR DUQUE ESTRADA 28,SANTA ROSA,24240210,-22.8968349,-43.1000967,387
71,107,1325,ESCOLA ESTADUAL GUILHERME BRIGGS,RUA MARIO VIANNA 625,SANTA ROSA,24241001,-22.9053667,-43.0895767,383
199,71,1473,COLÉGIO COLABORE,"ESTRADA MARINO NUNES VIEIRA, 340",VÁRZEA DAS MOÇAS,24330325,-22.9131583,-42.9846125,206
144,167,1473,ESCOLA ESTADUAL JOSE BONIFACIO,RUA CARLOS MAXIMIANO 20,FONSECA,24120000,-22.8831949,-43.1060172,332
72,229,1520,ESCOLA MUNICIPAL LEVI CARNEIRO,ESTRADA WASHINGTON LUIS 488,SAPÊ,24315115,-22.8961721,-43.0583864,356
72,70,1180,ESCOLA MUNICIPAL RACHIDE DA GLORIA SALIM SAKER,RUA JANDIRA PEREIRA 620,SANTA BARBARA,24141400,-22.8766134,-43.0488967,346
71,311,1678,LICEU NILO PEÇANHA,AV ERNANI DO AMARAL PEIXOTO 707,CENTRO,24020073,-22.8935707,-43.1165611,147
199,65,1155,COLÉGIO ITAPUCA,"AV. ERNANI DE FARIAS ALVES, N 124 TREVO DE PIRATININGA",PIRATININGA,24350680,-22.9437854,-43.0593249,302
71,321,1678,LICEU NILO PEÇANHA,AV ERNANI DO AMARAL PEIXOTO 707,CENTRO,24020073,-22.8935707,-43.1165611,143
72,191,1473,COLÉGIO FORUM CULTURAL,ESTRADA FRANCISCO DA CRUZ NUNES 2454,CANTAGALO,24310410,-22.9163184,-43.0490094,348
72,405,1732,CLUBE NAVAL,AVENIDA CARLOS ERMELINDO MARINS 68,JURUJUBA,24370195,-22.935737,-43.1068139,337
71,417,1660,FACULDADE DE DIREITO DA UFF - UFF - DIREITO 1,RUA PRESIDENTE PEDREIRA 62,INGÁ,24210470,-22.9035832,-43.1258853,360
144,300,1627,ESCOLA ESTADUAL DOUTOR JAYME MEMORIA,RUA NORONHA TORREZAO 625,CUBANGO,24240181,-22.88949,-43.0937712,373
71,69,1244,ESCOLA ESTADUAL MANUEL DE ABREU,RUA LOPES TROVAO 287-A,ICARAÍ,24220070,-22.9023086,-43.1071569,379
71,99,1295,COLEGIO SALESIANO SANTA ROSA,RUA SANTA ROSA 207,SANTA ROSA,24240220,-22.9016745,-43.0996973,378
144,85,1252,ESCOLA MUNICIPAL ADELINO MAGALHÃES,"RUA DR. NELSON PENA, 17",ENGENHOCA,24110520,-22.8739038,-43.0944571,241
72,122,1074,COLEGIO ESTADUAL PAULO ASSIS RIBEIRO,ESTRADA CAETANO MONTEIRO 814,BADU,24320570,-22.9068537,-43.0573891,346
144,13,1031,(PRÉDIO NOVO) COLÉGIO PEDRO II UNIDADE NITERÓI,RUA ASSIS DE VASCONCELOS S/N,BARRETO,24210000,-22.8685685,-43.1037833,268
71,424,1678,LICEU NILO PEÇANHA,AV ERNANI DO AMARAL PEIXOTO 707,CENTRO,24020073,-22.8935707,-43.1165611,229
71,245,1449,COLÉGIO ESTADUAL ZULEIKA RAPÔSO VALLADARES (''COLÉGIO VELHO''),RUA SALO BRAND S/N,ILHA DA CONCEIÇÃO,24050070,-22.8729269,-43.1147506,369
71,390,1619,COLEGIO SAO VICENTE DE PAULO,RUA MIGUEL DE FRIAS 123,ICARAÍ,24220001,-22.902041,-43.1146235,225
71,151,1104,INSTITUTO MAIA VINAGRE,RUA NORONHA TORREZÃO 68,SANTA ROSA,24240182,-22.8976844,-43.1021103,388
72,194,1368,ESCOLA MUNICIPAL VILA COSTA MONTEIRO,RUA ITITIOCA S/N,ITITIOCA,24310410,-22.8963335,-43.077802,381
144,256,1589,COLÉGIO NOSSA SENHORA DAS MERCÊS,ALAMEDA SAO BOAVENTURA 297,FONSECA,24130000,-22.880345,-43.1023535,372
199,247,1317,COLÉGIO PAULO FREIRE,"AVENIDA IRENE LOPES SODRÉ, N22",ENGENHO DO MATO,24346040,-22.9500178,-43.0246246,381
71,93,1295,COLEGIO SALESIANO SANTA ROSA,RUA SANTA ROSA 207,SANTA ROSA,24240220,-22.9016745,-43.0996973,369
144,15,1031,(PRÉDIO NOVO) COLÉGIO PEDRO II UNIDADE NITERÓI,RUA ASSIS DE VASCONCELOS S/N,BARRETO,24210000,-22.8685685,-43.1037833,269
144,199,1503,SERVICO DE ASSISTENCIA SOCIAL SAO DOMINGOS SAVIO,RUA MARTINS TORRES 223,SANTA ROSA,24240705,-22.8988024,-43.0928214,344
144,122,1023,PAROQUIA DE SAO JOAO BATISTA,RUA DR. MARCH 666,TENENTE JARDIM,24110160,-22.8639855,-43.0827273,344
71,300,1511,FACULDADE DE ADMINISTRAÇÃO E CIÊNCIAS CONTÁBEIS (VALONGUINHO),RUA MÁRIO SANTOS BRAGA S/N,CENTRO,24020140,-22.8967413,-43.1252439,244
144,281,1600,CIEP 251 - DONA MARIA PORTUGAL,RODOVIA AMARAL PEIXOTO KM 3,BALDEADOR,24140580,-22.877013,-43.0557658,349
199,200,1341,COLÉGIO OBJETIVO CAMBOINHAS,"RUA PROFESSOR ÁLVARO CAETANO, 908",CAMBOINHAS,24358640,-22.9537053,-43.0584356,346
144,221,1554,ESCOLA MUNICIPAL PROFESSOR PAULO FREIRE,RUA SOARES DE MIRANDA 77,FONSECA,24120307,-22.8828529,-43.0824987,243
71,238,1430,COLEGIO ESTADUAL AURELINO LEAL,RUA PRESIDENTE PEDREIRA 79,INGÁ,24210470,-22.9033321,-43.1254512,393
144,167,1473,ESCOLA ESTADUAL JOSE BONIFACIO,RUA CARLOS MAXIMIANO 20,FONSECA,24120000,-22.8831949,-43.1060172,332
71,423,1678,LICEU NILO PEÇANHA,AV ERNANI DO AMARAL PEIXOTO 707,CENTRO,24020073,-22.8935707,-43.1165611,241
144,161,1457,ESCOLA ESTADUAL MACHADO DE ASSIS,RUA DESEMBARGADOR LIMA CASTRO 97,FONSECA,24120350,-22.8836374,-43.0857092,355
144,264,1597,ESCOLA ESTADUAL HILARIO RIBEIRO,ALAMEDA SAO BOAVENTURA 794,FONSECA,24120191,-22.8813893,-43.0901745,350
144,168,1473,ESCOLA ESTADUAL JOSE BONIFACIO,RUA CARLOS MAXIMIANO 20,FONSECA,24120000,-22.8831949,-43.1060172,327
71,256,1465,CENTRO UNIVERSITÁRIO ANHANGUERA (ANTIGO PLÍNIO LEITE),RUA VISCONDE DO RIO BRANCO 123,CENTRO,24020000,-22.8869267,-43.1245632,330
71,436,1600,INSTITUTO DE EDUCAÇÃO PROFESSOR ISMAEL COUTINHO - IEPIC,"TRAVESSA MANOEL CONTINENTINO, 31",SÃO DOMINGOS,24210150,-22.8989767,-43.1271052,156
71,304,1511,FACULDADE DE ADMINISTRAÇÃO E CIÊNCIAS CONTÁBEIS (VALONGUINHO),RUA MÁRIO SANTOS BRAGA S/N,CENTRO,24020140,-22.8967413,-43.1252439,242
144,77,1406,COLÉGIO NITERÓI,"RUA  VEREADOR JOSÉ VICENTE SOBRINHO, 269",ENGENHOCA,24110130,-22.8706133,-43.1018717,314
72,383,1724,AABB,RUA HÉLIO DA SILVA CARNEIRO 78,SÃO FRANCISCO,24360540,-22.9172823,-43.0826083,361
199,46,1112,COLÉGIO SALESIANO REGIÃO OCEÂNICA,"RUA DOUTOR CORNÉLIO DE MELLO JÚNIOR, 117",PIRATININGA,24350280,-22.9393022,-43.0618731,318
144,118,1210,UMEI THEREZINHA KALIL PETRUS (ANTIGO TIO SAM),RUA BENJAMIM CONSTANT 562,BARRETO,24110002,-22.8719306,-43.104502,307
71,118,1309,CURSO MARLY CURY,AV. SETE DE SETEMBRO 165,SANTA ROSA,24230251,-22.9054777,-43.1019227,377
144,306,1635,ESCOLA MUNICIPAL DOM JOSÉ PEREIRA ALVES,"RUA TENENTE OSORIO, 73",FONSECA,24130200,-22.8783038,-43.0920686,219
72,183,1015,INSTITUTO JCA,"RODOVIA PREFEITO JOÃO SAMPAIO, 2501",SANTA BARBARA,24141380,-22.882301,-43.0585179,222
71,178,1104,INSTITUTO MAIA VINAGRE,RUA NORONHA TORREZÃO 68,SANTA ROSA,24240182,-22.8976844,-43.1021103,388
72,188,1040,CIEP 447 - CARAMUJO,RODOVIA AMARAL PEIXOTO KM 2,CARAMUJO,24140390,-22.8827294,-43.065134,262
144,124,1090,ESCOLA TÉCNICA ESTADUAL HENRIQUE LAGE,RUA GUIMARÃES JUNIOR 182,BARRETO,24110300,-22.8621355,-43.0979546,243
72,159,1449,CIEP 450 - BADU,ESTRADA CAETANO MONTEIRO S/N,BADU,24320570,-22.9071974,-43.0566124,368
144,151,1457,ESCOLA ESTADUAL MACHADO DE ASSIS,RUA DESEMBARGADOR LIMA CASTRO 97,FONSECA,24120350,-22.8836374,-43.0857092,355
144,190,1490,IGREJA BATISTA DO FONSECA,ALAMEDA SAO BOAVENTURA  937,FONSECA,24130001,-22.8810878,-43.0865383,366
72,8,1040,CIEP 447 - CARAMUJO,RODOVIA AMARAL PEIXOTO KM 2,CARAMUJO,24140390,-22.8827294,-43.065134,262
199,11,1031,ESCOLA MUNICIPAL HONORINA DE CARVALHO,RUA PROF. JOSE PECANHA S/N,MARIA PAULA,24325310,-22.882289,-43.0265693,301
199,236,1384,UMEI OLGA BENÁRIO PRESTES,"PRAÇA IRENE DE MATOS, S/N",ENGENHO DO MATO,24340000,-22.9354086,-43.0086653,396
72,340,1660,CLUBE CENTRAL,"AVENIDA JORNALISTA ALBERTO FRANCISCO TORRES,  335",ICARAÍ,24230005,-22.9075784,-43.111789,349
199,50,1120,COLÉGIO ESTADUAL ALMIRANTE TAMANDARÉ,AV. ACURCIO TORRES S/N,PIRATININGA,24358080,-22.9512083,-43.0916732,301
199,23,1066,COLÉGIO CENECISTA JULIO CESAR SOUZA BALTHAREJO,"ESTRADA FRANCISCO DA CRUZ NUNES , 7245 - ITAIPU",ITAIPU,24340000,-22.9646939,-43.0332117,343
72,426,1759,COLÉGIO MV1,RUA GAVIÃO PEIXOTO 398,ICARAÍ,24230103,-22.9079111,-43.1058651,312
71,81,1317,ESCOLA ESTADUAL BALTAZAR BERNARDINO,RUA MARIZ E BARROS 444,SANTA ROSA,24220121,-22.9032359,-43.1012931,382
144,173,1473,ESCOLA ESTADUAL JOSE BONIFACIO,RUA CARLOS MAXIMIANO 20,FONSECA,24120000,-22.8831949,-43.1060172,327
199,157,1015,COUNTRY CLUB DE NITEROI,RUA CHILE 135,VILA PROGRESSO,24322000,-22.8970192,-43.0347113,386
199,168,1139,ESCOLA MUNICIPAL FRANCISCO PORTUGAL NEVES,"RUA MANOEL PACHECO DE CARVALHO, N 14 TREVO DE PIRATININGA",PIRATININGA,24350310,-22.942363,-43.056665,349
72,387,1724,AABB,RUA HÉLIO DA SILVA CARNEIRO 78,SÃO FRANCISCO,24360540,-22.9172823,-43.0826083,362
72,4,1015,INSTITUTO JCA,"RODOVIA PREFEITO JOÃO SAMPAIO, 2501",SANTA BARBARA,24141380,-22.882301,-43.0585179,223
71,72,1260,INSTITUTO ABEL,AV. ROBERTO SILVEIRA 29,ICARAÍ,24230150,-22.9004168,-43.1094942,391
144,343,1686,COLÉGIO DA POLÍCIA MILITAR,"ALAMEDA SÃO BOAVENTURA, 1134",FONSECA,24120297,-22.8818063,-43.0820149,233
71,277,1481,ESCOLA MUNICIPAL MAESTRO HEITOR VILLA-LOBOS (''COLÉGIO NOVO''),RUA SALO BRAND S/N,ILHA DA CONCEIÇÃO,24050070,-22.8731482,-43.1156463,303
144,304,1635,ESCOLA MUNICIPAL DOM JOSÉ PEREIRA ALVES,"RUA TENENTE OSORIO, 73",FONSECA,24130200,-22.8783038,-43.0920686,217
71,373,1600,INSTITUTO DE EDUCAÇÃO PROFESSOR ISMAEL COUTINHO - IEPIC,"TRAVESSA MANOEL CONTINENTINO, 31",SÃO DOMINGOS,24210150,-22.8989767,-43.1271052,155
72,462,1783,SOCIEDADE BRASILEIRA DE CULTURA INGLESA,RUA OTAVIO CARNEIRO 23,ICARAÍ,24230190,-22.9075527,-43.1111859,335
71,209,1368,INSTITUTO SÃO JOSÉ,RUA GERALDO MARTINS 166,SANTA ROSA,24220381,-22.901754,-43.1018878,368
72,257,1562,ESCOLA MUNICIPAL HELENA ANTIPOFF,RUA RUI BARBOSA 710,SÃO FRANCISCO,24360440,-22.9129237,-43.0786396,323
71,300,1511,FACULDADE DE ADMINISTRAÇÃO E CIÊNCIAS CONTÁBEIS (VALONGUINHO),RUA MÁRIO SANTOS BRAGA S/N,CENTRO,24020140,-22.8967413,-43.1252439,244
71,377,1619,COLEGIO SAO VICENTE DE PAULO,RUA MIGUEL DE FRIAS 123,ICARAÍ,24220001,-22.902041,-43.1146235,224
72,220,1368,ESCOLA MUNICIPAL VILA COSTA MONTEIRO,RUA ITITIOCA S/N,ITITIOCA,24310410,-22.8963335,-43.077802,386
144,316,1694,ESPAÇO DO SABER,ALAMEDA SÃO BOAVENTURA 887,FONSECA,24130223,-22.8810443,-43.087791,290
199,64,1155,COLÉGIO ITAPUCA,"AV. ERNANI DE FARIAS ALVES, N 124 TREVO DE PIRATININGA",PIRATININGA,24350680,-22.9437854,-43.0593249,292
144,156,1457,ESCOLA ESTADUAL MACHADO DE ASSIS,RUA DESEMBARGADOR LIMA CASTRO 97,FONSECA,24120350,-22.8836374,-43.0857092,355
144,353,1597,ESCOLA ESTADUAL HILARIO RIBEIRO,ALAMEDA SAO BOAVENTURA 794,FONSECA,24120191,-22.8813893,-43.0901745,347
72,23,1074,COLEGIO ESTADUAL PAULO ASSIS RIBEIRO,ESTRADA CAETANO MONTEIRO 814,BADU,24320570,-22.9068537,-43.0573891,348
71,215,1260,INSTITUTO ABEL,AV. ROBERTO SILVEIRA 29,ICARAÍ,24230150,-22.9004168,-43.1094942,389
72,381,1716,ESCOLA VIVINFÂNCIA,RUA GAVIÃO PEIXOTO 384,ICARAÍ,24230103,-22.9079727,-43.1056898,285
144,137,1090,ESCOLA TÉCNICA ESTADUAL HENRIQUE LAGE,RUA GUIMARÃES JUNIOR 182,BARRETO,24110300,-22.8621355,-43.0979546,244
72,455,1775,ESCOLA ESTADUAL CIZÍNIO SOARES PINTO,RUA PRESIDENTE ROOSEVELT 2,SÃO FRANCISCO,24360066,-22.9147594,-43.093934,328
72,350,1686,CAIXA ECONÔMICA FEDERAL - AGÊNCIA ICARAÍ,"RUA GAVIÃO PEIXOTO, 226",ICARAÍ,24230102,-22.9052069,-43.1087149,325
144,148,1449,INSTITUTO SÃO BENTO DE NITEROI,RUA VEREADOR DUQUE ESTRADA 28,SANTA ROSA,24240210,-22.8968349,-43.1000967,386
71,441,1694,RIO CRICKET,RUA FAGUNDES VARELA 637,INGÁ,24210520,-22.8997052,-43.1133665,367
71,379,1619,COLEGIO SAO VICENTE DE PAULO,RUA MIGUEL DE FRIAS 123,ICARAÍ,24220001,-22.902041,-43.1146235,225
144,18,1171,ESCOLA ESTADUAL MENEZES VIEIRA,RUA GENERAL CASTRIOTO S/N,BARRETO,24110000,-22.8693286,-43.1032004,275
144,319,1651,INSTITUTO EDUCACIONAL TAURUS,"ALAMEDA SÃO BOAVENTURA, 15",FONSECA,24130000,-22.8806664,-43.1093503,215
144,25,1090,ESCOLA TÉCNICA ESTADUAL HENRIQUE LAGE,RUA GUIMARÃES JUNIOR 182,BARRETO,24110300,-22.8621355,-43.0979546,244
144,100,1031,(PRÉDIO NOVO) COLÉGIO PEDRO II UNIDADE NITERÓI,RUA ASSIS DE VASCONCELOS S/N,BARRETO,24210000,-22.8685685,-43.1037833,266
71,427,1678,LICEU NILO PEÇANHA,AV ERNANI DO AMARAL PEIXOTO 707,CENTRO,24020073,-22.8935707,-43.1165611,237
72,302,1627,ESCOLA MUNICIPAL PROFESSORA LUCIA MARIA SILVEIRA ROCHA,"AV. CARLOS ERMELINDO MARINS, 34",JURUJUBA,24370195,-22.9317575,-43.1166302,345
144,129,1236,COLÉGIO ESTADUAL MULLULO DA VEIGA,RUA CORONEL GUIMARÃES 505,ENGENHOCA,24110130,-22.8708282,-43.0988892,347
199,230,1104,CURSO CNA- PIRATININGA,RUA ERNANI DE FARIAS ALVES 152,PIRATININGA,24350135,-22.9441523,-43.0589254,353
71,428,1678,LICEU NILO PEÇANHA,AV ERNANI DO AMARAL PEIXOTO 707,CENTRO,24020073,-22.8935707,-43.1165611,245
71,5,1015,CENTRO EDUCACIONAL DE NITEROI - CENTRINHO,RUA ITAGUAI 173,SANTA ROSA,24240130,-22.8965191,-43.1018339,349
72,344,1678,ÁGUAS DE NITERÓI,RUA LEMOS CUNHA 510,ICARAÍ,24230136,-22.908792,-43.1031066,379
71,222,1414,UNIVERSIDADE SALGADO DE OLIVEIRA - BL B (PRÓXIMO AO GUANABARA),RUA MARECHAL DEODORO 263,CENTRO,24030060,-22.8893447,-43.1172001,267
199,3,1015,COUNTRY CLUB DE NITEROI,RUA CHILE 135,VILA PROGRESSO,24322000,-22.8970192,-43.0347113,391
72,460,1783,SOCIEDADE BRASILEIRA DE CULTURA INGLESA,RUA OTAVIO CARNEIRO 23,ICARAÍ,24230190,-22.9075527,-43.1111859,335
71,79,1244,ESCOLA ESTADUAL MANUEL DE ABREU,RUA LOPES TROVAO 287-A,ICARAÍ,24220070,-22.9023086,-43.1071569,375
144,80,1406,COLÉGIO NITERÓI,"RUA  VEREADOR JOSÉ VICENTE SOBRINHO, 269",ENGENHOCA,24110130,-22.8706133,-43.1018717,310
72,315,1643,CENTRO MODERNO ALZIRA BITTENCOURT,"RUA MEM DE SÁ, 71",ICARAÍ,24220260,-22.9012326,-43.110746,356
144,4,1023,PAROQUIA DE SAO JOAO BATISTA,RUA DR. MARCH 666,TENENTE JARDIM,24110160,-22.8639855,-43.0827273,339
71,174,1333,PARÓQUIA NOSSA SENHORA AUXILIADORA - CENTRO COMUNITÁRIO,"RUA SANTA ROSA, 216",SANTA ROSA,24240225,-22.9020239,-43.0994239,355
72,425,1759,COLÉGIO MV1,RUA GAVIÃO PEIXOTO 398,ICARAÍ,24230103,-22.9079111,-43.1058651,312
199,42,1082,UMEI DR PAULO CESAR DE ALMEIDA PIMENTEL,RUA ANTONIO LUIZ SAIÃO CAMPO BELO,ITAIPU,24348000,-22.9614459,-43.0327165,225
72,420,1759,COLÉGIO MV1,RUA GAVIÃO PEIXOTO 398,ICARAÍ,24230103,-22.9079111,-43.1058651,311
72,55,1074,COLEGIO ESTADUAL PAULO ASSIS RIBEIRO,ESTRADA CAETANO MONTEIRO 814,BADU,24320570,-22.9068537,-43.0573891,344
144,335,1660,COLÉGIO ESTADUAL CONSELHEIRO JOSINO,"RUA TEIXEIRA DE FREITAS, 421",FONSECA,24130610,-22.8734262,-43.0749723,374
71,254,1465,CENTRO UNIVERSITÁRIO ANHANGUERA (ANTIGO PLÍNIO LEITE),RUA VISCONDE DO RIO BRANCO 123,CENTRO,24020000,-22.8869267,-43.1245632,330
199,261,1465,COLÉGIO CURSO PENSI - ITAIPU,"RUA JORNALISTA NEWTON BRAGA MELO, QD 1, LT 3,4 E 5",ITAIPU,24342320,-22.9421824,-43.03776,107
199,198,1104,CURSO CNA- PIRATININGA,RUA ERNANI DE FARIAS ALVES 152,PIRATININGA,24350135,-22.9441523,-43.0589254,380
71,292,1511,FACULDADE DE ADMINISTRAÇÃO E CIÊNCIAS CONTÁBEIS (VALONGUINHO),RUA MÁRIO SANTOS BRAGA S/N,CENTRO,24020140,-22.8967413,-43.1252439,253
144,304,1635,ESCOLA MUNICIPAL DOM JOSÉ PEREIRA ALVES,"RUA TENENTE OSORIO, 73",FONSECA,24130200,-22.8783038,-43.0920686,217
72,333,1660,CLUBE CENTRAL,"AVENIDA JORNALISTA ALBERTO FRANCISCO TORRES,  335",ICARAÍ,24230005,-22.9075784,-43.111789,351
72,311,1635,BANCO BRADESCO,RUA GAVIAO PEIXOTO 108,ICARAÍ,24230101,-22.9031207,-43.1110165,355
199,50,1120,COLÉGIO ESTADUAL ALMIRANTE TAMANDARÉ,AV. ACURCIO TORRES S/N,PIRATININGA,24358080,-22.9512083,-43.0916732,301
144,220,1554,ESCOLA MUNICIPAL PROFESSOR PAULO FREIRE,RUA SOARES DE MIRANDA 77,FONSECA,24120307,-22.8828529,-43.0824987,241
71,367,1600,INSTITUTO DE EDUCAÇÃO PROFESSOR ISMAEL COUTINHO - IEPIC,"TRAVESSA MANOEL CONTINENTINO, 31",SÃO DOMINGOS,24210150,-22.8989767,-43.1271052,156
71,143,1317,ESCOLA ESTADUAL BALTAZAR BERNARDINO,RUA MARIZ E BARROS 444,SANTA ROSA,24220121,-22.9032359,-43.1012931,383
71,404,1651,FACULDADE DE ENFERMAGEM DA UFF,RUA DR CELESTINO 74,CENTRO,24020091,-22.895302,-43.1167706,162
199,63,1120,COLÉGIO ESTADUAL ALMIRANTE TAMANDARÉ,AV. ACURCIO TORRES S/N,PIRATININGA,24358080,-22.9512083,-43.0916732,291
199,181,1015,COUNTRY CLUB DE NITEROI,RUA CHILE 135,VILA PROGRESSO,24322000,-22.8970192,-43.0347113,388
72,173,1449,CIEP 450 - BADU,ESTRADA CAETANO MONTEIRO S/N,BADU,24320570,-22.9071974,-43.0566124,368
71,361,1597,ESCOLA MUNICIPAL SANTOS DUMONT,RUA MANOEL CORREIA S/N,FÁTIMA,24070100,-22.8954125,-43.1094692,292
71,142,1295,COLEGIO SALESIANO SANTA ROSA,RUA SANTA ROSA 207,SANTA ROSA,24240220,-22.9016745,-43.0996973,377
199,48,1112,COLÉGIO SALESIANO REGIÃO OCEÂNICA,"RUA DOUTOR CORNÉLIO DE MELLO JÚNIOR, 117",PIRATININGA,24350280,-22.9393022,-43.0618731,353
72,159,1449,CIEP 450 - BADU,ESTRADA CAETANO MONTEIRO S/N,BADU,24320570,-22.9071974,-43.0566124,368
199,116,1090,COLÉGIO ESTADUAL PROFESSORA ALCINA RODRIGUES LIMA,"ESTRADA FRANCISCO DA CRUZ NUNES, S/N",ITAIPU,24310340,-22.9528491,-43.0285072,239
71,424,1678,LICEU NILO PEÇANHA,AV ERNANI DO AMARAL PEIXOTO 707,CENTRO,24020073,-22.8935707,-43.1165611,229
71,375,1600,INSTITUTO DE EDUCAÇÃO PROFESSOR ISMAEL COUTINHO - IEPIC,"TRAVESSA MANOEL CONTINENTINO, 31",SÃO DOMINGOS,24210150,-22.8989767,-43.1271052,155
71,119,1309,CURSO MARLY CURY,AV. SETE DE SETEMBRO 165,SANTA ROSA,24230251,-22.9054777,-43.1019227,380
71,201,1260,INSTITUTO ABEL,AV. ROBERTO SILVEIRA 29,ICARAÍ,24230150,-22.9004168,-43.1094942,387
71,292,1511,FACULDADE DE ADMINISTRAÇÃO E CIÊNCIAS CONTÁBEIS (VALONGUINHO),RUA MÁRIO SANTOS BRAGA S/N,CENTRO,24020140,-22.8967413,-43.1252439,253
199,75,1198,CIEP 448 RUY FRAZÃO SOARES,ESTRADA DO ENGENHO DO MATO S/N - PRACA,ITAIPU,24346040,-22.9356576,-43.0092644,299
199,104,1155,COLÉGIO ITAPUCA,"AV. ERNANI DE FARIAS ALVES, N 124 TREVO DE PIRATININGA",PIRATININGA,24350680,-22.9437854,-43.0593249,294
144,252,1589,COLÉGIO NOSSA SENHORA DAS MERCÊS,ALAMEDA SAO BOAVENTURA 297,FONSECA,24130000,-22.880345,-43.1023535,366
144,106,1317,IGREJA BATISTA BETEL DE NITERÓI,RUA DANIEL TORRES 72,ENGENHOCA,24110460,-22.8716138,-43.096026,281
71,331,1546,UNIVERSIDADE SALGADO DE OLIVEIRA - BL A,RUA MARECHAL DEODORO 217,CENTRO,24030060,-22.8894749,-43.1186087,179
71,401,1651,FACULDADE DE ENFERMAGEM DA UFF,RUA DR CELESTINO 74,CENTRO,24020091,-22.895302,-43.1167706,162
72,408,1732,CLUBE NAVAL,AVENIDA CARLOS ERMELINDO MARINS 68,JURUJUBA,24370195,-22.935737,-43.1068139,335
144,276,1597,ESCOLA ESTADUAL HILARIO RIBEIRO,ALAMEDA SAO BOAVENTURA 794,FONSECA,24120191,-22.8813893,-43.0901745,353
72,202,1074,COLEGIO ESTADUAL PAULO ASSIS RIBEIRO,ESTRADA CAETANO MONTEIRO 814,BADU,24320570,-22.9068537,-43.0573891,345
71,144,1325,ESCOLA ESTADUAL GUILHERME BRIGGS,RUA MARIO VIANNA 625,SANTA ROSA,24241001,-22.9053667,-43.0895767,374
199,95,1031,ESCOLA MUNICIPAL HONORINA DE CARVALHO,RUA PROF. JOSE PECANHA S/N,MARIA PAULA,24325310,-22.882289,-43.0265693,288
144,238,1570,SECRETARIA DE ESTADO DE AGRICULTURA E ABASTECIMENTO,ALAMEDA SAO BOAVENTURA 770,FONSECA,24120191,-22.8823618,-43.0907682,311
199,236,1384,UMEI OLGA BENÁRIO PRESTES,"PRAÇA IRENE DE MATOS, S/N",ENGENHO DO MATO,24340000,-22.9354086,-43.0086653,396
71,374,1600,INSTITUTO DE EDUCAÇÃO PROFESSOR ISMAEL COUTINHO - IEPIC,"TRAVESSA MANOEL CONTINENTINO, 31",SÃO DOMINGOS,24210150,-22.8989767,-43.1271052,157
144,100,1031,(PRÉDIO NOVO) COLÉGIO PEDRO II UNIDADE NITERÓI,RUA ASSIS DE VASCONCELOS S/N,BARRETO,24210000,-22.8685685,-43.1037833,266
71,421,1678,LICEU NILO PEÇANHA,AV ERNANI DO AMARAL PEIXOTO 707,CENTRO,24020073,-22.8935707,-43.1165611,240
144,217,1554,ESCOLA MUNICIPAL PROFESSOR PAULO FREIRE,RUA SOARES DE MIRANDA 77,FONSECA,24120307,-22.8828529,-43.0824987,244
71,427,1678,LICEU NILO PEÇANHA,AV ERNANI DO AMARAL PEIXOTO 707,CENTRO,24020073,-22.8935707,-43.1165611,237
72,343,1678,ÁGUAS DE NITERÓI,RUA LEMOS CUNHA 510,ICARAÍ,24230136,-22.908792,-43.1031066,377
144,123,1171,ESCOLA ESTADUAL MENEZES VIEIRA,RUA GENERAL CASTRIOTO S/N,BARRETO,24110000,-22.8693286,-43.1032004,279
144,44,1163,COLÉGIO ESTADUAL CONSELHEIRO MACEDO SOARES,RUA DR. MARCH 392,BARRETO,24110650,-22.8622231,-43.0924035,358
71,138,1260,INSTITUTO ABEL,AV. ROBERTO SILVEIRA 29,ICARAÍ,24230150,-22.9004168,-43.1094942,393
72,412,1740,COLÉGIO ZEROHUM,"RUA ARY PARREIRAS, 73",ICARAÍ,24230058,-22.9111671,-43.1073245,323
199,226,1295,UMEI PROFA ODETE ROSA DA MOTA,ESTRADA FRANCISCO DA CRUZ NUNES S/N (PRÓXIMO AO CORPO DE BOMBEIROS),ITAIPU,24340000,-22.9532368,-43.02859,357
72,353,1694,ESCOLA MUNICIPAL PROFESSOR PAULO DE ALMEIDA CAMPOS,"RUA PEREIRA DA SILVA, 50",ICARAÍ,24220031,-22.9047439,-43.1131555,364
71,450,1104,INSTITUTO MAIA VINAGRE,RUA NORONHA TORREZÃO 68,SANTA ROSA,24240182,-22.8976844,-43.1021103,133
72,26,1074,COLEGIO ESTADUAL PAULO ASSIS RIBEIRO,ESTRADA CAETANO MONTEIRO 814,BADU,24320570,-22.9068537,-43.0573891,347
72,2,1015,INSTITUTO JCA,"RODOVIA PREFEITO JOÃO SAMPAIO, 2501",SANTA BARBARA,24141380,-22.882301,-43.0585179,225
71,264,1600,INSTITUTO DE EDUCAÇÃO PROFESSOR ISMAEL COUTINHO - IEPIC,"TRAVESSA MANOEL CONTINENTINO, 31",SÃO DOMINGOS,24210150,-22.8989767,-43.1271052,321
72,427,1759,COLÉGIO MV1,RUA GAVIÃO PEIXOTO 398,ICARAÍ,24230103,-22.9079111,-43.1058651,312
144,81,1031,(PRÉDIO NOVO) COLÉGIO PEDRO II UNIDADE NITERÓI,RUA ASSIS DE VASCONCELOS S/N,BARRETO,24210000,-22.8685685,-43.1037833,269
71,252,1465,CENTRO UNIVERSITÁRIO ANHANGUERA (ANTIGO PLÍNIO LEITE),RUA VISCONDE DO RIO BRANCO 123,CENTRO,24020000,-22.8869267,-43.1245632,330
72,279,1597,COLÉGIO PONTO DE ENSINO,RUA OSWALDO CRUZ 32,ICARAÍ,24230210,-22.9092421,-43.1095209,345
144,76,1406,COLÉGIO NITERÓI,"RUA  VEREADOR JOSÉ VICENTE SOBRINHO, 269",ENGENHOCA,24110130,-22.8706133,-43.1018717,313
71,121,1333,PARÓQUIA NOSSA SENHORA AUXILIADORA - CENTRO COMUNITÁRIO,"RUA SANTA ROSA, 216",SANTA ROSA,24240225,-22.9020239,-43.0994239,357
72,368,1708,ESCOLA MUNICIPAL JÚLIA CORTINES,RUA LOPES TROVAO 1-CAMPO DE SÃO BENTO S/N,ICARAÍ,24220070,-22.9043592,-43.1086717,277
71,374,1600,INSTITUTO DE EDUCAÇÃO PROFESSOR ISMAEL COUTINHO - IEPIC,"TRAVESSA MANOEL CONTINENTINO, 31",SÃO DOMINGOS,24210150,-22.8989767,-43.1271052,157
144,46,1163,COLÉGIO ESTADUAL CONSELHEIRO MACEDO SOARES,RUA DR. MARCH 392,BARRETO,24110650,-22.8622231,-43.0924035,356
72,403,1732,CLUBE NAVAL,AVENIDA CARLOS ERMELINDO MARINS 68,JURUJUBA,24370195,-22.935737,-43.1068139,335
199,8,1023,ESCOLA MUNICIPAL FELISBERTO DE CARVALHO,ESTRADA CAETANO MONTEIRO 896,VILA PROGRESSO,24320570,-22.8970371,-43.0392212,309
199,171,1260,COLÉGIO PLUZ,"RUA NICARÁGUA, 20",SERRA GRANDE,24342740,-22.9287514,-43.0124453,380
144,227,1554,ESCOLA MUNICIPAL PROFESSOR PAULO FREIRE,RUA SOARES DE MIRANDA 77,FONSECA,24120307,-22.8828529,-43.0824987,244
71,286,1546,UNIVERSIDADE SALGADO DE OLIVEIRA - BL A,RUA MARECHAL DEODORO 217,CENTRO,24030060,-22.8894749,-43.1186087,177
144,128,1031,(PRÉDIO NOVO) COLÉGIO PEDRO II UNIDADE NITERÓI,RUA ASSIS DE VASCONCELOS S/N,BARRETO,24210000,-22.8685685,-43.1037833,264
144,318,1651,INSTITUTO EDUCACIONAL TAURUS,"ALAMEDA SÃO BOAVENTURA, 15",FONSECA,24130000,-22.8806664,-43.1093503,218
72,66,1171,ESCOLA MUNICIPAL ANTONIO COUTINHO DE AZEVEDO,AV DES NESTOR RODRIGUES PERLINGEIRO S/N,SANTA BARBARA,24141330,-22.8756043,-43.04869,354
72,314,1643,CENTRO MODERNO ALZIRA BITTENCOURT,"RUA MEM DE SÁ, 71",ICARAÍ,24220260,-22.9012326,-43.110746,350
144,340,1678,ESCOLA MUNICIPAL JACINTA MEDELA,"RUA TENENTE OSORIO, 10",FONSECA,24130200,-22.8789902,-43.0919052,372
199,142,1317,COLÉGIO PAULO FREIRE,"AVENIDA IRENE LOPES SODRÉ, N22",ENGENHO DO MATO,24346040,-22.9500178,-43.0246246,385
72,163,1449,CIEP 450 - BADU,ESTRADA CAETANO MONTEIRO S/N,BADU,24320570,-22.9071974,-43.0566124,372
199,176,1260,COLÉGIO PLUZ,"RUA NICARÁGUA, 20",SERRA GRANDE,24342740,-22.9287514,-43.0124453,379
72,437,1767,COLÉGIO ASSUNÇÃO,RUA GENERAL RONDON 842,SÃO FRANCISCO,24360100,-22.9208239,-43.0926525,352
199,41,1090,COLÉGIO ESTADUAL PROFESSORA ALCINA RODRIGUES LIMA,"ESTRADA FRANCISCO DA CRUZ NUNES, S/N",ITAIPU,24310340,-22.9528491,-43.0285072,253
199,60,1120,COLÉGIO ESTADUAL ALMIRANTE TAMANDARÉ,AV. ACURCIO TORRES S/N,PIRATININGA,24358080,-22.9512083,-43.0916732,291
144,21,1090,ESCOLA TÉCNICA ESTADUAL HENRIQUE LAGE,RUA GUIMARÃES JUNIOR 182,BARRETO,24110300,-22.8621355,-43.0979546,245
199,158,1287,ESCOLA MUNICIPAL PROF MARCOS WALDEMAR DE FREITAS REIS,"RUA ANTONIO LUIZ SAIÃO, S/N ITAIPU",ITAIPU,24346087,-22.9615628,-43.0330724,344
72,463,1554,JARDIM ESCOLA GIRASSÓIS,"ESTRADA CAETANO MONTEIRO, 820",LARGO DA BATALHA,24320570,-22.9077414,-43.0652722,382
72,192,1449,CIEP 450 - BADU,ESTRADA CAETANO MONTEIRO S/N,BADU,24320570,-22.9071974,-43.0566124,371
72,249,1554,JARDIM ESCOLA GIRASSÓIS,"ESTRADA CAETANO MONTEIRO, 820",LARGO DA BATALHA,24320570,-22.9077414,-43.0652722,377
144,203,1511,COLÉGIO OPÇÃO - NITERÓI,"ALAMEDA SÃO BOAVENTURA, 824",FONSECA,24130001,-22.8814198,-43.0895121,386
72,366,1708,ESCOLA MUNICIPAL JÚLIA CORTINES,RUA LOPES TROVAO 1-CAMPO DE SÃO BENTO S/N,ICARAÍ,24220070,-22.9043592,-43.1086717,274
144,248,1570,SECRETARIA DE ESTADO DE AGRICULTURA E ABASTECIMENTO,ALAMEDA SAO BOAVENTURA 770,FONSECA,24120191,-22.8823618,-43.0907682,318
144,302,1627,ESCOLA ESTADUAL DOUTOR JAYME MEMORIA,RUA NORONHA TORREZAO 625,CUBANGO,24240181,-22.88949,-43.0937712,359
144,247,1570,SECRETARIA DE ESTADO DE AGRICULTURA E ABASTECIMENTO,ALAMEDA SAO BOAVENTURA 770,FONSECA,24120191,-22.8823618,-43.0907682,306
71,69,1244,ESCOLA ESTADUAL MANUEL DE ABREU,RUA LOPES TROVAO 287-A,ICARAÍ,24220070,-22.9023086,-43.1071569,379
72,231,1520,ESCOLA MUNICIPAL LEVI CARNEIRO,ESTRADA WASHINGTON LUIS 488,SAPÊ,24315115,-22.8961721,-43.0583864,343
199,64,1155,COLÉGIO ITAPUCA,"AV. ERNANI DE FARIAS ALVES, N 124 TREVO DE PIRATININGA",PIRATININGA,24350680,-22.9437854,-43.0593249,292
71,260,1465,CENTRO UNIVERSITÁRIO ANHANGUERA (ANTIGO PLÍNIO LEITE),RUA VISCONDE DO RIO BRANCO 123,CENTRO,24020000,-22.8869267,-43.1245632,326
72,392,1732,CLUBE NAVAL,AVENIDA CARLOS ERMELINDO MARINS 68,JURUJUBA,24370195,-22.935737,-43.1068139,337
72,209,1074,COLEGIO ESTADUAL PAULO ASSIS RIBEIRO,ESTRADA CAETANO MONTEIRO 814,BADU,24320570,-22.9068537,-43.0573891,346
72,459,1783,SOCIEDADE BRASILEIRA DE CULTURA INGLESA,RUA OTAVIO CARNEIRO 23,ICARAÍ,24230190,-22.9075527,-43.1111859,335
71,272,1481,ESCOLA MUNICIPAL MAESTRO HEITOR VILLA-LOBOS (''COLÉGIO NOVO''),RUA SALO BRAND S/N,ILHA DA CONCEIÇÃO,24050070,-22.8731482,-43.1156463,306
72,131,1449,CIEP 450 - BADU,ESTRADA CAETANO MONTEIRO S/N,BADU,24320570,-22.9071974,-43.0566124,374
199,158,1287,ESCOLA MUNICIPAL PROF MARCOS WALDEMAR DE FREITAS REIS,"RUA ANTONIO LUIZ SAIÃO, S/N ITAIPU",ITAIPU,24346087,-22.9615628,-43.0330724,344
72,267,1589,COLÉGIO GAY-LUSSAC,RUA MARIA CALDAS 35,SÃO FRANCISCO,24365050,-22.9168331,-43.0892838,336
72,192,1449,CIEP 450 - BADU,ESTRADA CAETANO MONTEIRO S/N,BADU,24320570,-22.9071974,-43.0566124,371
71,313,1678,LICEU NILO PEÇANHA,AV ERNANI DO AMARAL PEIXOTO 707,CENTRO,24020073,-22.8935707,-43.1165611,150
199,53,1139,ESCOLA MUNICIPAL FRANCISCO PORTUGAL NEVES,"RUA MANOEL PACHECO DE CARVALHO, N 14 TREVO DE PIRATININGA",PIRATININGA,24350310,-22.942363,-43.056665,350
71,281,1546,UNIVERSIDADE SALGADO DE OLIVEIRA - BL A,RUA MARECHAL DEODORO 217,CENTRO,24030060,-22.8894749,-43.1186087,177
72,328,1660,CLUBE CENTRAL,"AVENIDA JORNALISTA ALBERTO FRANCISCO TORRES,  335",ICARAÍ,24230005,-22.9075784,-43.111789,353
144,239,1570,SECRETARIA DE ESTADO DE AGRICULTURA E ABASTECIMENTO,ALAMEDA SAO BOAVENTURA 770,FONSECA,24120191,-22.8823618,-43.0907682,309
144,193,1490,IGREJA BATISTA DO FONSECA,ALAMEDA SAO BOAVENTURA  937,FONSECA,24130001,-22.8810878,-43.0865383,368
72,257,1562,ESCOLA MUNICIPAL HELENA ANTIPOFF,RUA RUI BARBOSA 710,SÃO FRANCISCO,24360440,-22.9129237,-43.0786396,323
71,123,1368,INSTITUTO SÃO JOSÉ,RUA GERALDO MARTINS 166,SANTA ROSA,24220381,-22.901754,-43.1018878,370
72,268,1589,COLÉGIO GAY-LUSSAC,RUA MARIA CALDAS 35,SÃO FRANCISCO,24365050,-22.9168331,-43.0892838,334
144,108,1031,(PRÉDIO NOVO) COLÉGIO PEDRO II UNIDADE NITERÓI,RUA ASSIS DE VASCONCELOS S/N,BARRETO,24210000,-22.8685685,-43.1037833,264
144,120,1210,UMEI THEREZINHA KALIL PETRUS (ANTIGO TIO SAM),RUA BENJAMIM CONSTANT 562,BARRETO,24110002,-22.8719306,-43.104502,313
71,378,1619,COLEGIO SAO VICENTE DE PAULO,RUA MIGUEL DE FRIAS 123,ICARAÍ,24220001,-22.902041,-43.1146235,224
72,346,1686,CAIXA ECONÔMICA FEDERAL - AGÊNCIA ICARAÍ,"RUA GAVIÃO PEIXOTO, 226",ICARAÍ,24230102,-22.9052069,-43.1087149,325
199,11,1031,ESCOLA MUNICIPAL HONORINA DE CARVALHO,RUA PROF. JOSE PECANHA S/N,MARIA PAULA,24325310,-22.882289,-43.0265693,301
199,98,1244,COLÉGIO LAPLACE,"RUA MANOEL PACHECO DE CARVALHO, N 80",PIRATININGA,24350400,-22.9425434,-43.05605,340
199,201,1473,COLÉGIO COLABORE,"ESTRADA MARINO NUNES VIEIRA, 340",VÁRZEA DAS MOÇAS,24330325,-22.9131583,-42.9846125,335
71,211,1392,FACULDADE DE VETERINARIA DA UFF,RUA VITAL BRASIL FILHO 64,VITAL BRASIL,24230340,-22.904908,-43.098407,384
144,179,1481,GRUPO ESCOLAR EMBAIXADOR RAUL FERNANDES,"RUA RIODADES, 253",FONSECA,24130241,-22.8767501,-43.0821505,276
72,290,1619,COLEGIO ESTADUAL JOAQUIM TAVORA,PRAÇA PREF.FERRAZ-CAMPO DE SAO BENTO S/N,ICARAÍ,24230160,-22.9048788,-43.1081976,237
71,278,1546,UNIVERSIDADE SALGADO DE OLIVEIRA - BL A,RUA MARECHAL DEODORO 217,CENTRO,24030060,-22.8894749,-43.1186087,176
144,254,1589,COLÉGIO NOSSA SENHORA DAS MERCÊS,ALAMEDA SAO BOAVENTURA 297,FONSECA,24130000,-22.880345,-43.1023535,372
71,290,1600,INSTITUTO DE EDUCAÇÃO PROFESSOR ISMAEL COUTINHO - IEPIC,"TRAVESSA MANOEL CONTINENTINO, 31",SÃO DOMINGOS,24210150,-22.8989767,-43.1271052,311
72,312,1635,BANCO BRADESCO,RUA GAVIAO PEIXOTO 108,ICARAÍ,24230101,-22.9031207,-43.1110165,358
72,217,1040,CIEP 447 - CARAMUJO,RODOVIA AMARAL PEIXOTO KM 2,CARAMUJO,24140390,-22.8827294,-43.065134,265
71,236,1430,COLEGIO ESTADUAL AURELINO LEAL,RUA PRESIDENTE PEDREIRA 79,INGÁ,24210470,-22.9033321,-43.1254512,393
72,298,1619,COLEGIO ESTADUAL JOAQUIM TAVORA,PRAÇA PREF.FERRAZ-CAMPO DE SAO BENTO S/N,ICARAÍ,24230160,-22.9048788,-43.1081976,238
72,340,1660,CLUBE CENTRAL,"AVENIDA JORNALISTA ALBERTO FRANCISCO TORRES,  335",ICARAÍ,24230005,-22.9075784,-43.111789,349
71,200,1392,FACULDADE DE VETERINARIA DA UFF,RUA VITAL BRASIL FILHO 64,VITAL BRASIL,24230340,-22.904908,-43.098407,387
71,398,1643,JARDIM DE INFÂNCIA ALBERTO DE OLIVEIRA,RUA EVARISTO DA VEIGA 108,CENTRO,24020280,-22.8927568,-43.11592,166
199,165,1090,COLÉGIO ESTADUAL PROFESSORA ALCINA RODRIGUES LIMA,"ESTRADA FRANCISCO DA CRUZ NUNES, S/N",ITAIPU,24310340,-22.9528491,-43.0285072,258
144,33,1104,ESCOLA MUNICIPAL ALTIVO CESAR,"RUA DR. LUIZ PALMIER, 25",BARRETO,24110310,-22.8645343,-43.0995714,335
72,202,1074,COLEGIO ESTADUAL PAULO ASSIS RIBEIRO,ESTRADA CAETANO MONTEIRO 814,BADU,24320570,-22.9068537,-43.0573891,345
144,182,1481,GRUPO ESCOLAR EMBAIXADOR RAUL FERNANDES,"RUA RIODADES, 253",FONSECA,24130241,-22.8767501,-43.0821505,274
72,121,1015,INSTITUTO JCA,"RODOVIA PREFEITO JOÃO SAMPAIO, 2501",SANTA BARBARA,24141380,-22.882301,-43.0585179,225
144,261,1589,COLÉGIO NOSSA SENHORA DAS MERCÊS,ALAMEDA SAO BOAVENTURA 297,FONSECA,24130000,-22.880345,-43.1023535,370
199,219,1317,COLÉGIO PAULO FREIRE,"AVENIDA IRENE LOPES SODRÉ, N22",ENGENHO DO MATO,24346040,-22.9500178,-43.0246246,379
71,246,1457,ÁGUAS DE NITEROI,RUA MARQUÊS DO PARANÁ 108/110,CENTRO,24030211,-22.8915411,-43.1141378,374
71,444,1694,RIO CRICKET,RUA FAGUNDES VARELA 637,INGÁ,24210520,-22.8997052,-43.1133665,372
199,142,1317,COLÉGIO PAULO FREIRE,"AVENIDA IRENE LOPES SODRÉ, N22",ENGENHO DO MATO,24346040,-22.9500178,-43.0246246,385
199,5,1023,ESCOLA MUNICIPAL FELISBERTO DE CARVALHO,ESTRADA CAETANO MONTEIRO 896,VILA PROGRESSO,24320570,-22.8970371,-43.0392212,311
72,269,1589,COLÉGIO GAY-LUSSAC,RUA MARIA CALDAS 35,SÃO FRANCISCO,24365050,-22.9168331,-43.0892838,336
72,456,1775,ESCOLA ESTADUAL CIZÍNIO SOARES PINTO,RUA PRESIDENTE ROOSEVELT 2,SÃO FRANCISCO,24360066,-22.9147594,-43.093934,328
72,342,1678,ÁGUAS DE NITERÓI,RUA LEMOS CUNHA 510,ICARAÍ,24230136,-22.908792,-43.1031066,379
199,180,1198,CIEP 448 RUY FRAZÃO SOARES,ESTRADA DO ENGENHO DO MATO S/N - PRACA,ITAIPU,24346040,-22.9356576,-43.0092644,293
199,66,1155,COLÉGIO ITAPUCA,"AV. ERNANI DE FARIAS ALVES, N 124 TREVO DE PIRATININGA",PIRATININGA,24350680,-22.9437854,-43.0593249,290
71,371,1600,INSTITUTO DE EDUCAÇÃO PROFESSOR ISMAEL COUTINHO - IEPIC,"TRAVESSA MANOEL CONTINENTINO, 31",SÃO DOMINGOS,24210150,-22.8989767,-43.1271052,157
71,209,1368,INSTITUTO SÃO JOSÉ,RUA GERALDO MARTINS 166,SANTA ROSA,24220381,-22.901754,-43.1018878,368
72,411,1740,COLÉGIO ZEROHUM,"RUA ARY PARREIRAS, 73",ICARAÍ,24230058,-22.9111671,-43.1073245,329
71,360,1597,ESCOLA MUNICIPAL SANTOS DUMONT,RUA MANOEL CORREIA S/N,FÁTIMA,24070100,-22.8954125,-43.1094692,291
199,80,1244,COLÉGIO LAPLACE,"RUA MANOEL PACHECO DE CARVALHO, N 80",PIRATININGA,24350400,-22.9425434,-43.05605,330
72,7,1040,CIEP 447 - CARAMUJO,RODOVIA AMARAL PEIXOTO KM 2,CARAMUJO,24140390,-22.8827294,-43.065134,270
71,179,1392,FACULDADE DE VETERINARIA DA UFF,RUA VITAL BRASIL FILHO 64,VITAL BRASIL,24230340,-22.904908,-43.098407,382
71,91,1295,COLEGIO SALESIANO SANTA ROSA,RUA SANTA ROSA 207,SANTA ROSA,24240220,-22.9016745,-43.0996973,367
72,215,1074,COLEGIO ESTADUAL PAULO ASSIS RIBEIRO,ESTRADA CAETANO MONTEIRO 814,BADU,24320570,-22.9068537,-43.0573891,346
71,145,1317,ESCOLA ESTADUAL BALTAZAR BERNARDINO,RUA MARIZ E BARROS 444,SANTA ROSA,24220121,-22.9032359,-43.1012931,377
144,136,1210,UMEI THEREZINHA KALIL PETRUS (ANTIGO TIO SAM),RUA BENJAMIM CONSTANT 562,BARRETO,24110002,-22.8719306,-43.104502,315
144,188,1481,GRUPO ESCOLAR EMBAIXADOR RAUL FERNANDES,"RUA RIODADES, 253",FONSECA,24130241,-22.8767501,-43.0821505,274
144,95,1236,COLÉGIO ESTADUAL MULLULO DA VEIGA,RUA CORONEL GUIMARÃES 505,ENGENHOCA,24110130,-22.8708282,-43.0988892,348
144,127,1210,UMEI THEREZINHA KALIL PETRUS (ANTIGO TIO SAM),RUA BENJAMIM CONSTANT 562,BARRETO,24110002,-22.8719306,-43.104502,311
144,302,1627,ESCOLA ESTADUAL DOUTOR JAYME MEMORIA,RUA NORONHA TORREZAO 625,CUBANGO,24240181,-22.88949,-43.0937712,359
144,78,1406,COLÉGIO NITERÓI,"RUA  VEREADOR JOSÉ VICENTE SOBRINHO, 269",ENGENHOCA,24110130,-22.8706133,-43.1018717,314
144,328,1660,COLÉGIO ESTADUAL CONSELHEIRO JOSINO,"RUA TEIXEIRA DE FREITAS, 421",FONSECA,24130610,-22.8734262,-43.0749723,367
199,48,1112,COLÉGIO SALESIANO REGIÃO OCEÂNICA,"RUA DOUTOR CORNÉLIO DE MELLO JÚNIOR, 117",PIRATININGA,24350280,-22.9393022,-43.0618731,353
71,172,1325,ESCOLA ESTADUAL GUILHERME BRIGGS,RUA MARIO VIANNA 625,SANTA ROSA,24241001,-22.9053667,-43.0895767,380
144,296,1627,ESCOLA ESTADUAL DOUTOR JAYME MEMORIA,RUA NORONHA TORREZAO 625,CUBANGO,24240181,-22.88949,-43.0937712,363
71,182,1333,PARÓQUIA NOSSA SENHORA AUXILIADORA - CENTRO COMUNITÁRIO,"RUA SANTA ROSA, 216",SANTA ROSA,24240225,-22.9020239,-43.0994239,355
199,229,1317,COLÉGIO PAULO FREIRE,"AVENIDA IRENE LOPES SODRÉ, N22",ENGENHO DO MATO,24346040,-22.9500178,-43.0246246,375
72,386,1724,AABB,RUA HÉLIO DA SILVA CARNEIRO 78,SÃO FRANCISCO,24360540,-22.9172823,-43.0826083,362
71,438,1600,INSTITUTO DE EDUCAÇÃO PROFESSOR ISMAEL COUTINHO - IEPIC,"TRAVESSA MANOEL CONTINENTINO, 31",SÃO DOMINGOS,24210150,-22.8989767,-43.1271052,154
199,41,1090,COLÉGIO ESTADUAL PROFESSORA ALCINA RODRIGUES LIMA,"ESTRADA FRANCISCO DA CRUZ NUNES, S/N",ITAIPU,24310340,-22.9528491,-43.0285072,253
72,41,1112,ESCOLA ESTADUAL LEOPOLDO FROES,RUA REVERENDO ARMANDO FERREIRA  S/N,LARGO DA BATALHA,24310400,-22.9100474,-43.0677553,344
72,427,1759,COLÉGIO MV1,RUA GAVIÃO PEIXOTO 398,ICARAÍ,24230103,-22.9079111,-43.1058651,312
199,217,1341,COLÉGIO OBJETIVO CAMBOINHAS,"RUA PROFESSOR ÁLVARO CAETANO, 908",CAMBOINHAS,24358640,-22.9537053,-43.0584356,347
71,263,1600,INSTITUTO DE EDUCAÇÃO PROFESSOR ISMAEL COUTINHO - IEPIC,"TRAVESSA MANOEL CONTINENTINO, 31",SÃO DOMINGOS,24210150,-22.8989767,-43.1271052,317
71,329,1546,UNIVERSIDADE SALGADO DE OLIVEIRA - BL A,RUA MARECHAL DEODORO 217,CENTRO,24030060,-22.8894749,-43.1186087,175
72,244,1554,JARDIM ESCOLA GIRASSÓIS,"ESTRADA CAETANO MONTEIRO, 820",LARGO DA BATALHA,24320570,-22.9077414,-43.0652722,377
72,410,1740,COLÉGIO ZEROHUM,"RUA ARY PARREIRAS, 73",ICARAÍ,24230058,-22.9111671,-43.1073245,326
72,424,1759,COLÉGIO MV1,RUA GAVIÃO PEIXOTO 398,ICARAÍ,24230103,-22.9079111,-43.1058651,312
144,114,1252,ESCOLA MUNICIPAL ADELINO MAGALHÃES,"RUA DR. NELSON PENA, 17",ENGENHOCA,24110520,-22.8739038,-43.0944571,236
71,144,1325,ESCOLA ESTADUAL GUILHERME BRIGGS,RUA MARIO VIANNA 625,SANTA ROSA,24241001,-22.9053667,-43.0895767,374
199,81,1244,COLÉGIO LAPLACE,"RUA MANOEL PACHECO DE CARVALHO, N 80",PIRATININGA,24350400,-22.9425434,-43.05605,330
71,443,1694,RIO CRICKET,RUA FAGUNDES VARELA 637,INGÁ,24210520,-22.8997052,-43.1133665,374
199,166,1031,ESCOLA MUNICIPAL HONORINA DE CARVALHO,RUA PROF. JOSE PECANHA S/N,MARIA PAULA,24325310,-22.882289,-43.0265693,281
71,240,1449,COLÉGIO ESTADUAL ZULEIKA RAPÔSO VALLADARES (''COLÉGIO VELHO''),RUA SALO BRAND S/N,ILHA DA CONCEIÇÃO,24050070,-22.8729269,-43.1147506,369
71,339,1562,COLEGIO ESTADUAL RAUL VIDAL,AVENIDA FELICIANO SODRE 21,CENTRO,24030013,-22.8862372,-43.1242688,295
199,189,1120,COLÉGIO ESTADUAL ALMIRANTE TAMANDARÉ,AV. ACURCIO TORRES S/N,PIRATININGA,24358080,-22.9512083,-43.0916732,292
144,169,1473,ESCOLA ESTADUAL JOSE BONIFACIO,RUA CARLOS MAXIMIANO 20,FONSECA,24120000,-22.8831949,-43.1060172,329
72,431,1759,COLÉGIO MV1,RUA GAVIÃO PEIXOTO 398,ICARAÍ,24230103,-22.9079111,-43.1058651,311
199,120,1015,COUNTRY CLUB DE NITEROI,RUA CHILE 135,VILA PROGRESSO,24322000,-22.8970192,-43.0347113,388
71,323,1546,UNIVERSIDADE SALGADO DE OLIVEIRA - BL A,RUA MARECHAL DEODORO 217,CENTRO,24030060,-22.8894749,-43.1186087,178
144,117,1210,UMEI THEREZINHA KALIL PETRUS (ANTIGO TIO SAM),RUA BENJAMIM CONSTANT 562,BARRETO,24110002,-22.8719306,-43.104502,313
199,245,1392,CULTURA INGLESA EM ITAIPU,"ESTRADA FRANCISCO DA CRUZ NUNES, N 6956",ITAIPU,24350310,-22.9413685,-43.0533061,389
144,293,1627,ESCOLA ESTADUAL DOUTOR JAYME MEMORIA,RUA NORONHA TORREZAO 625,CUBANGO,24240181,-22.88949,-43.0937712,359
144,71,1236,COLÉGIO ESTADUAL MULLULO DA VEIGA,RUA CORONEL GUIMARÃES 505,ENGENHOCA,24110130,-22.8708282,-43.0988892,344
72,222,1520,ESCOLA MUNICIPAL LEVI CARNEIRO,ESTRADA WASHINGTON LUIS 488,SAPÊ,24315115,-22.8961721,-43.0583864,347
199,59,1120,COLÉGIO ESTADUAL ALMIRANTE TAMANDARÉ,AV. ACURCIO TORRES S/N,PIRATININGA,24358080,-22.9512083,-43.0916732,292
144,125,1031,(PRÉDIO NOVO) COLÉGIO PEDRO II UNIDADE NITERÓI,RUA ASSIS DE VASCONCELOS S/N,BARRETO,24210000,-22.8685685,-43.1037833,263
199,228,1317,COLÉGIO PAULO FREIRE,"AVENIDA IRENE LOPES SODRÉ, N22",ENGENHO DO MATO,24346040,-22.9500178,-43.0246246,386
199,104,1155,COLÉGIO ITAPUCA,"AV. ERNANI DE FARIAS ALVES, N 124 TREVO DE PIRATININGA",PIRATININGA,24350680,-22.9437854,-43.0593249,294
71,401,1651,FACULDADE DE ENFERMAGEM DA UFF,RUA DR CELESTINO 74,CENTRO,24020091,-22.895302,-43.1167706,162
199,255,1457,COLÉGIO CURSO INTELLECTUS - REGIÃO OCEÂNICA,"ESTRADA FRANCISCO DA CRUZ NUNES , 224 A",PIRATININGA,24350310,-22.9356743,-43.0621595,203
72,163,1449,CIEP 450 - BADU,ESTRADA CAETANO MONTEIRO S/N,BADU,24320570,-22.9071974,-43.0566124,372
72,310,1635,BANCO BRADESCO,RUA GAVIAO PEIXOTO 108,ICARAÍ,24230101,-22.9031207,-43.1110165,349
199,139,1198,CIEP 448 RUY FRAZÃO SOARES,ESTRADA DO ENGENHO DO MATO S/N - PRACA,ITAIPU,24346040,-22.9356576,-43.0092644,289
71,320,1678,LICEU NILO PEÇANHA,AV ERNANI DO AMARAL PEIXOTO 707,CENTRO,24020073,-22.8935707,-43.1165611,151
71,327,1546,UNIVERSIDADE SALGADO DE OLIVEIRA - BL A,RUA MARECHAL DEODORO 217,CENTRO,24030060,-22.8894749,-43.1186087,174
71,103,1309,CURSO MARLY CURY,AV. SETE DE SETEMBRO 165,SANTA ROSA,24230251,-22.9054777,-43.1019227,374
71,175,1309,CURSO MARLY CURY,AV. SETE DE SETEMBRO 165,SANTA ROSA,24230251,-22.9054777,-43.1019227,381
199,54,1139,ESCOLA MUNICIPAL FRANCISCO PORTUGAL NEVES,"RUA MANOEL PACHECO DE CARVALHO, N 14 TREVO DE PIRATININGA",PIRATININGA,24350310,-22.942363,-43.056665,350
72,212,1040,CIEP 447 - CARAMUJO,RODOVIA AMARAL PEIXOTO KM 2,CARAMUJO,24140390,-22.8827294,-43.065134,266
71,423,1678,LICEU NILO PEÇANHA,AV ERNANI DO AMARAL PEIXOTO 707,CENTRO,24020073,-22.8935707,-43.1165611,241
144,182,1481,GRUPO ESCOLAR EMBAIXADOR RAUL FERNANDES,"RUA RIODADES, 253",FONSECA,24130241,-22.8767501,-43.0821505,274
71,429,1678,LICEU NILO PEÇANHA,AV ERNANI DO AMARAL PEIXOTO 707,CENTRO,24020073,-22.8935707,-43.1165611,235
71,312,1678,LICEU NILO PEÇANHA,AV ERNANI DO AMARAL PEIXOTO 707,CENTRO,24020073,-22.8935707,-43.1165611,149
71,153,1015,CENTRO EDUCACIONAL DE NITEROI - CENTRINHO,RUA ITAGUAI 173,SANTA ROSA,24240130,-22.8965191,-43.1018339,348
71,240,1449,COLÉGIO ESTADUAL ZULEIKA RAPÔSO VALLADARES (''COLÉGIO VELHO''),RUA SALO BRAND S/N,ILHA DA CONCEIÇÃO,24050070,-22.8729269,-43.1147506,369
199,51,1139,ESCOLA MUNICIPAL FRANCISCO PORTUGAL NEVES,"RUA MANOEL PACHECO DE CARVALHO, N 14 TREVO DE PIRATININGA",PIRATININGA,24350310,-22.942363,-43.056665,346
71,421,1678,LICEU NILO PEÇANHA,AV ERNANI DO AMARAL PEIXOTO 707,CENTRO,24020073,-22.8935707,-43.1165611,240
144,44,1163,COLÉGIO ESTADUAL CONSELHEIRO MACEDO SOARES,RUA DR. MARCH 392,BARRETO,24110650,-22.8622231,-43.0924035,358
71,359,1619,COLEGIO SAO VICENTE DE PAULO,RUA MIGUEL DE FRIAS 123,ICARAÍ,24220001,-22.902041,-43.1146235,225
72,152,1040,CIEP 447 - CARAMUJO,RODOVIA AMARAL PEIXOTO KM 2,CARAMUJO,24140390,-22.8827294,-43.065134,265
71,171,1295,COLEGIO SALESIANO SANTA ROSA,RUA SANTA ROSA 207,SANTA ROSA,24240220,-22.9016745,-43.0996973,367
72,356,1694,ESCOLA MUNICIPAL PROFESSOR PAULO DE ALMEIDA CAMPOS,"RUA PEREIRA DA SILVA, 50",ICARAÍ,24220031,-22.9047439,-43.1131555,360
71,294,1511,FACULDADE DE ADMINISTRAÇÃO E CIÊNCIAS CONTÁBEIS (VALONGUINHO),RUA MÁRIO SANTOS BRAGA S/N,CENTRO,24020140,-22.8967413,-43.1252439,244
144,215,1554,ESCOLA MUNICIPAL PROFESSOR PAULO FREIRE,RUA SOARES DE MIRANDA 77,FONSECA,24120307,-22.8828529,-43.0824987,239
144,249,1589,COLÉGIO NOSSA SENHORA DAS MERCÊS,ALAMEDA SAO BOAVENTURA 297,FONSECA,24130000,-22.880345,-43.1023535,370
72,27,1449,CIEP 450 - BADU,ESTRADA CAETANO MONTEIRO S/N,BADU,24320570,-22.9071974,-43.0566124,367
144,294,1627,ESCOLA ESTADUAL DOUTOR JAYME MEMORIA,RUA NORONHA TORREZAO 625,CUBANGO,24240181,-22.88949,-43.0937712,363
72,53,1147,ESCOLA MUNICIPAL VERA LUCIA MACHADO,RUA ALDEMAR DE PAIVA LOTE 7 E 8,BADU,24320230,-22.9045,-43.0500355,334
144,329,1660,COLÉGIO ESTADUAL CONSELHEIRO JOSINO,"RUA TEIXEIRA DE FREITAS, 421",FONSECA,24130610,-22.8734262,-43.0749723,371
144,24,1090,ESCOLA TÉCNICA ESTADUAL HENRIQUE LAGE,RUA GUIMARÃES JUNIOR 182,BARRETO,24110300,-22.8621355,-43.0979546,242
199,27,1074,COLÉGIO CURSO ZEROHUM ( ANT GAUSS),"AV. FREI FABIANO, 155 - ITAIPU",ITAIPU,24355250,-22.9427133,-43.0519956,302
199,102,1198,CIEP 448 RUY FRAZÃO SOARES,ESTRADA DO ENGENHO DO MATO S/N - PRACA,ITAIPU,24346040,-22.9356576,-43.0092644,283
71,272,1481,ESCOLA MUNICIPAL MAESTRO HEITOR VILLA-LOBOS (''COLÉGIO NOVO''),RUA SALO BRAND S/N,ILHA DA CONCEIÇÃO,24050070,-22.8731482,-43.1156463,306
72,345,1686,CAIXA ECONÔMICA FEDERAL - AGÊNCIA ICARAÍ,"RUA GAVIÃO PEIXOTO, 226",ICARAÍ,24230102,-22.9052069,-43.1087149,324
71,357,1619,COLEGIO SAO VICENTE DE PAULO,RUA MIGUEL DE FRIAS 123,ICARAÍ,24220001,-22.902041,-43.1146235,281
71,160,1333,PARÓQUIA NOSSA SENHORA AUXILIADORA - CENTRO COMUNITÁRIO,"RUA SANTA ROSA, 216",SANTA ROSA,24240225,-22.9020239,-43.0994239,357
144,220,1554,ESCOLA MUNICIPAL PROFESSOR PAULO FREIRE,RUA SOARES DE MIRANDA 77,FONSECA,24120307,-22.8828529,-43.0824987,241
72,194,1368,ESCOLA MUNICIPAL VILA COSTA MONTEIRO,RUA ITITIOCA S/N,ITITIOCA,24310410,-22.8963335,-43.077802,381
72,454,1775,ESCOLA ESTADUAL CIZÍNIO SOARES PINTO,RUA PRESIDENTE ROOSEVELT 2,SÃO FRANCISCO,24360066,-22.9147594,-43.093934,328
72,451,1767,COLÉGIO ASSUNÇÃO,RUA GENERAL RONDON 842,SÃO FRANCISCO,24360100,-22.9208239,-43.0926525,350
71,210,1309,CURSO MARLY CURY,AV. SETE DE SETEMBRO 165,SANTA ROSA,24230251,-22.9054777,-43.1019227,373
71,351,1570,COLÉGIO UNIVERSÍTÁRIO DA UFF (CIEP GRAGOATÁ),RUA ALEXANDRE MOURA 8,SÃO DOMINGOS,24210200,-22.900281,-43.1316649,323
199,53,1139,ESCOLA MUNICIPAL FRANCISCO PORTUGAL NEVES,"RUA MANOEL PACHECO DE CARVALHO, N 14 TREVO DE PIRATININGA",PIRATININGA,24350310,-22.942363,-43.056665,350
72,299,1619,COLEGIO ESTADUAL JOAQUIM TAVORA,PRAÇA PREF.FERRAZ-CAMPO DE SAO BENTO S/N,ICARAÍ,24230160,-22.9048788,-43.1081976,244
144,162,1627,ESCOLA ESTADUAL DOUTOR JAYME MEMORIA,RUA NORONHA TORREZAO 625,CUBANGO,24240181,-22.88949,-43.0937712,361
71,279,1546,UNIVERSIDADE SALGADO DE OLIVEIRA - BL A,RUA MARECHAL DEODORO 217,CENTRO,24030060,-22.8894749,-43.1186087,177
144,43,1090,ESCOLA TÉCNICA ESTADUAL HENRIQUE LAGE,RUA GUIMARÃES JUNIOR 182,BARRETO,24110300,-22.8621355,-43.0979546,245
72,281,1597,COLÉGIO PONTO DE ENSINO,RUA OSWALDO CRUZ 32,ICARAÍ,24230210,-22.9092421,-43.1095209,346
199,179,1341,COLÉGIO OBJETIVO CAMBOINHAS,"RUA PROFESSOR ÁLVARO CAETANO, 908",CAMBOINHAS,24358640,-22.9537053,-43.0584356,345
72,364,1708,ESCOLA MUNICIPAL JÚLIA CORTINES,RUA LOPES TROVAO 1-CAMPO DE SÃO BENTO S/N,ICARAÍ,24220070,-22.9043592,-43.1086717,279
144,335,1660,COLÉGIO ESTADUAL CONSELHEIRO JOSINO,"RUA TEIXEIRA DE FREITAS, 421",FONSECA,24130610,-22.8734262,-43.0749723,374
72,275,1597,COLÉGIO PONTO DE ENSINO,RUA OSWALDO CRUZ 32,ICARAÍ,24230210,-22.9092421,-43.1095209,345
72,270,1589,COLÉGIO GAY-LUSSAC,RUA MARIA CALDAS 35,SÃO FRANCISCO,24365050,-22.9168331,-43.0892838,335
199,110,1155,COLÉGIO ITAPUCA,"AV. ERNANI DE FARIAS ALVES, N 124 TREVO DE PIRATININGA",PIRATININGA,24350680,-22.9437854,-43.0593249,292
71,430,1678,LICEU NILO PEÇANHA,AV ERNANI DO AMARAL PEIXOTO 707,CENTRO,24020073,-22.8935707,-43.1165611,238
71,305,1520,LOJA MAÇÔNICA EVOLUÇÃO 2,RUA SANTA CLARA 77,PONTA D'AREIA,24040050,-22.8825872,-43.122934,367
71,186,1392,FACULDADE DE VETERINARIA DA UFF,RUA VITAL BRASIL FILHO 64,VITAL BRASIL,24230340,-22.904908,-43.098407,386
144,136,1210,UMEI THEREZINHA KALIL PETRUS (ANTIGO TIO SAM),RUA BENJAMIM CONSTANT 562,BARRETO,24110002,-22.8719306,-43.104502,315
199,237,1392,CULTURA INGLESA EM ITAIPU,"ESTRADA FRANCISCO DA CRUZ NUNES, N 6956",ITAIPU,24350310,-22.9413685,-43.0533061,384
199,155,1112,COLÉGIO SALESIANO REGIÃO OCEÂNICA,"RUA DOUTOR CORNÉLIO DE MELLO JÚNIOR, 117",PIRATININGA,24350280,-22.9393022,-43.0618731,347
199,1,1015,COUNTRY CLUB DE NITEROI,RUA CHILE 135,VILA PROGRESSO,24322000,-22.8970192,-43.0347113,389
72,59,1112,ESCOLA ESTADUAL LEOPOLDO FROES,RUA REVERENDO ARMANDO FERREIRA  S/N,LARGO DA BATALHA,24310400,-22.9100474,-43.0677553,348
71,347,1562,COLEGIO ESTADUAL RAUL VIDAL,AVENIDA FELICIANO SODRE 21,CENTRO,24030013,-22.8862372,-43.1242688,297
199,56,1139,ESCOLA MUNICIPAL FRANCISCO PORTUGAL NEVES,"RUA MANOEL PACHECO DE CARVALHO, N 14 TREVO DE PIRATININGA",PIRATININGA,24350310,-22.942363,-43.056665,344
144,350,1686,COLÉGIO DA POLÍCIA MILITAR,"ALAMEDA SÃO BOAVENTURA, 1134",FONSECA,24120297,-22.8818063,-43.0820149,230
199,78,1163,ANDEF (EX FAETEC),ESTRADA VELHA DE MARICA 4830,RIO DO OURO,24330000,-22.8896379,-42.9978497,313
144,187,1481,GRUPO ESCOLAR EMBAIXADOR RAUL FERNANDES,"RUA RIODADES, 253",FONSECA,24130241,-22.8767501,-43.0821505,275
199,200,1341,COLÉGIO OBJETIVO CAMBOINHAS,"RUA PROFESSOR ÁLVARO CAETANO, 908",CAMBOINHAS,24358640,-22.9537053,-43.0584356,346
71,384,1619,COLEGIO SAO VICENTE DE PAULO,RUA MIGUEL DE FRIAS 123,ICARAÍ,24220001,-22.902041,-43.1146235,224
144,170,1473,ESCOLA ESTADUAL JOSE BONIFACIO,RUA CARLOS MAXIMIANO 20,FONSECA,24120000,-22.8831949,-43.1060172,329
71,403,1651,FACULDADE DE ENFERMAGEM DA UFF,RUA DR CELESTINO 74,CENTRO,24020091,-22.895302,-43.1167706,161
144,221,1554,ESCOLA MUNICIPAL PROFESSOR PAULO FREIRE,RUA SOARES DE MIRANDA 77,FONSECA,24120307,-22.8828529,-43.0824987,243
71,269,1481,ESCOLA MUNICIPAL MAESTRO HEITOR VILLA-LOBOS (''COLÉGIO NOVO''),RUA SALO BRAND S/N,ILHA DA CONCEIÇÃO,24050070,-22.8731482,-43.1156463,304
71,369,1600,INSTITUTO DE EDUCAÇÃO PROFESSOR ISMAEL COUTINHO - IEPIC,"TRAVESSA MANOEL CONTINENTINO, 31",SÃO DOMINGOS,24210150,-22.8989767,-43.1271052,157
71,211,1392,FACULDADE DE VETERINARIA DA UFF,RUA VITAL BRASIL FILHO 64,VITAL BRASIL,24230340,-22.904908,-43.098407,384
71,30,1104,INSTITUTO MAIA VINAGRE,RUA NORONHA TORREZÃO 68,SANTA ROSA,24240182,-22.8976844,-43.1021103,392
144,5,1031,(PRÉDIO NOVO) COLÉGIO PEDRO II UNIDADE NITERÓI,RUA ASSIS DE VASCONCELOS S/N,BARRETO,24210000,-22.8685685,-43.1037833,276
199,195,1074,COLÉGIO CURSO ZEROHUM ( ANT GAUSS),"AV. FREI FABIANO, 155 - ITAIPU",ITAIPU,24355250,-22.9427133,-43.0519956,307
71,214,1309,CURSO MARLY CURY,AV. SETE DE SETEMBRO 165,SANTA ROSA,24230251,-22.9054777,-43.1019227,376
72,317,1651,PH COLÉGIO,RUA ALVARES DE AZEVEDO 237,ICARAÍ,24220020,-22.9006508,-43.1110377,281
199,187,1104,CURSO CNA- PIRATININGA,RUA ERNANI DE FARIAS ALVES 152,PIRATININGA,24350135,-22.9441523,-43.0589254,372
71,274,1481,ESCOLA MUNICIPAL MAESTRO HEITOR VILLA-LOBOS (''COLÉGIO NOVO''),RUA SALO BRAND S/N,ILHA DA CONCEIÇÃO,24050070,-22.8731482,-43.1156463,304
72,306,1627,ESCOLA MUNICIPAL PROFESSORA LUCIA MARIA SILVEIRA ROCHA,"AV. CARLOS ERMELINDO MARINS, 34",JURUJUBA,24370195,-22.9317575,-43.1166302,345
72,243,1473,COLÉGIO FORUM CULTURAL,ESTRADA FRANCISCO DA CRUZ NUNES 2454,CANTAGALO,24310410,-22.9163184,-43.0490094,345
72,208,1180,ESCOLA MUNICIPAL RACHIDE DA GLORIA SALIM SAKER,RUA JANDIRA PEREIRA 620,SANTA BARBARA,24141400,-22.8766134,-43.0488967,337
199,149,1198,CIEP 448 RUY FRAZÃO SOARES,ESTRADA DO ENGENHO DO MATO S/N - PRACA,ITAIPU,24346040,-22.9356576,-43.0092644,278
72,374,1708,ESCOLA MUNICIPAL JÚLIA CORTINES,RUA LOPES TROVAO 1-CAMPO DE SÃO BENTO S/N,ICARAÍ,24220070,-22.9043592,-43.1086717,277
199,109,1074,COLÉGIO CURSO ZEROHUM ( ANT GAUSS),"AV. FREI FABIANO, 155 - ITAIPU",ITAIPU,24355250,-22.9427133,-43.0519956,298
199,85,1252,CIEP 307 DJANIRA,AV. EWERTON XAVIER S/N - PRACA,VÁRZEA DAS MOÇAS,24330280,-22.910323,-42.9852487,321
72,144,1112,ESCOLA ESTADUAL LEOPOLDO FROES,RUA REVERENDO ARMANDO FERREIRA  S/N,LARGO DA BATALHA,24310400,-22.9100474,-43.0677553,346
72,388,1724,AABB,RUA HÉLIO DA SILVA CARNEIRO 78,SÃO FRANCISCO,24360540,-22.9172823,-43.0826083,362
72,133,1074,COLEGIO ESTADUAL PAULO ASSIS RIBEIRO,ESTRADA CAETANO MONTEIRO 814,BADU,24320570,-22.9068537,-43.0573891,344
144,85,1252,ESCOLA MUNICIPAL ADELINO MAGALHÃES,"RUA DR. NELSON PENA, 17",ENGENHOCA,24110520,-22.8739038,-43.0944571,241
144,34,1112,ESCOLA MUNICIPAL TIRADENTES,"RUA DR. MARCH, 628",TENENTE JARDIM,24110650,-22.8634427,-43.0844313,357
71,338,1554,FACULDADE DE ENGENHARIA DA UFF,RUA PASSO DA PATRIA 156,SÃO DOMINGOS,24210240,-22.903848,-43.1302712,334
71,398,1643,JARDIM DE INFÂNCIA ALBERTO DE OLIVEIRA,RUA EVARISTO DA VEIGA 108,CENTRO,24020280,-22.8927568,-43.11592,166
71,79,1244,ESCOLA ESTADUAL MANUEL DE ABREU,RUA LOPES TROVAO 287-A,ICARAÍ,24220070,-22.9023086,-43.1071569,375
199,13,1031,ESCOLA MUNICIPAL HONORINA DE CARVALHO,RUA PROF. JOSE PECANHA S/N,MARIA PAULA,24325310,-22.882289,-43.0265693,302
71,273,1481,ESCOLA MUNICIPAL MAESTRO HEITOR VILLA-LOBOS (''COLÉGIO NOVO''),RUA SALO BRAND S/N,ILHA DA CONCEIÇÃO,24050070,-22.8731482,-43.1156463,304
199,44,1082,UMEI DR PAULO CESAR DE ALMEIDA PIMENTEL,RUA ANTONIO LUIZ SAIÃO CAMPO BELO,ITAIPU,24348000,-22.9614459,-43.0327165,163
72,187,1473,COLÉGIO FORUM CULTURAL,ESTRADA FRANCISCO DA CRUZ NUNES 2454,CANTAGALO,24310410,-22.9163184,-43.0490094,346
199,80,1244,COLÉGIO LAPLACE,"RUA MANOEL PACHECO DE CARVALHO, N 80",PIRATININGA,24350400,-22.9425434,-43.05605,330
71,74,1260,INSTITUTO ABEL,AV. ROBERTO SILVEIRA 29,ICARAÍ,24230150,-22.9004168,-43.1094942,390
72,15,1040,CIEP 447 - CARAMUJO,RODOVIA AMARAL PEIXOTO KM 2,CARAMUJO,24140390,-22.8827294,-43.065134,266
72,68,1180,ESCOLA MUNICIPAL RACHIDE DA GLORIA SALIM SAKER,RUA JANDIRA PEREIRA 620,SANTA BARBARA,24141400,-22.8766134,-43.0488967,345
71,447,1422,CLUBE PORTUGUES DE NITEROI,RUA PROFESSOR LARA VILELA 176,SÃO DOMINGOS,24210590,-22.9021482,-43.1274594,329
72,183,1015,INSTITUTO JCA,"RODOVIA PREFEITO JOÃO SAMPAIO, 2501",SANTA BARBARA,24141380,-22.882301,-43.0585179,222
72,271,1589,COLÉGIO GAY-LUSSAC,RUA MARIA CALDAS 35,SÃO FRANCISCO,24365050,-22.9168331,-43.0892838,334
72,228,1520,ESCOLA MUNICIPAL LEVI CARNEIRO,ESTRADA WASHINGTON LUIS 488,SAPÊ,24315115,-22.8961721,-43.0583864,356
72,30,1449,CIEP 450 - BADU,ESTRADA CAETANO MONTEIRO S/N,BADU,24320570,-22.9071974,-43.0566124,357
71,307,1520,LOJA MAÇÔNICA EVOLUÇÃO 2,RUA SANTA CLARA 77,PONTA D'AREIA,24040050,-22.8825872,-43.122934,363
144,212,1597,ESCOLA ESTADUAL HILARIO RIBEIRO,ALAMEDA SAO BOAVENTURA 794,FONSECA,24120191,-22.8813893,-43.0901745,357
199,103,1023,ESCOLA MUNICIPAL FELISBERTO DE CARVALHO,ESTRADA CAETANO MONTEIRO 896,VILA PROGRESSO,24320570,-22.8970371,-43.0392212,306
71,399,1643,JARDIM DE INFÂNCIA ALBERTO DE OLIVEIRA,RUA EVARISTO DA VEIGA 108,CENTRO,24020280,-22.8927568,-43.11592,151
72,240,1546,COLÉGIO GOMES PEREIRA,AVENIDA RUI BARBOSA 1250,LARGO DA BATALHA,24310005,-22.9081863,-43.0665152,393
72,178,1171,ESCOLA MUNICIPAL ANTONIO COUTINHO DE AZEVEDO,AV DES NESTOR RODRIGUES PERLINGEIRO S/N,SANTA BARBARA,24141330,-22.8756043,-43.04869,361
72,14,1040,CIEP 447 - CARAMUJO,RODOVIA AMARAL PEIXOTO KM 2,CARAMUJO,24140390,-22.8827294,-43.065134,268
199,191,1295,UMEI PROFA ODETE ROSA DA MOTA,ESTRADA FRANCISCO DA CRUZ NUNES S/N (PRÓXIMO AO CORPO DE BOMBEIROS),ITAIPU,24340000,-22.9532368,-43.02859,359
199,121,1198,CIEP 448 RUY FRAZÃO SOARES,ESTRADA DO ENGENHO DO MATO S/N - PRACA,ITAIPU,24346040,-22.9356576,-43.0092644,286
144,295,1627,ESCOLA ESTADUAL DOUTOR JAYME MEMORIA,RUA NORONHA TORREZAO 625,CUBANGO,24240181,-22.88949,-43.0937712,365
72,420,1759,COLÉGIO MV1,RUA GAVIÃO PEIXOTO 398,ICARAÍ,24230103,-22.9079111,-43.1058651,311
199,145,1090,COLÉGIO ESTADUAL PROFESSORA ALCINA RODRIGUES LIMA,"ESTRADA FRANCISCO DA CRUZ NUNES, S/N",ITAIPU,24310340,-22.9528491,-43.0285072,252
71,233,1430,COLEGIO ESTADUAL AURELINO LEAL,RUA PRESIDENTE PEDREIRA 79,INGÁ,24210470,-22.9033321,-43.1254512,392
144,121,1210,UMEI THEREZINHA KALIL PETRUS (ANTIGO TIO SAM),RUA BENJAMIM CONSTANT 562,BARRETO,24110002,-22.8719306,-43.104502,305
144,157,1457,ESCOLA ESTADUAL MACHADO DE ASSIS,RUA DESEMBARGADOR LIMA CASTRO 97,FONSECA,24120350,-22.8836374,-43.0857092,358
199,180,1198,CIEP 448 RUY FRAZÃO SOARES,ESTRADA DO ENGENHO DO MATO S/N - PRACA,ITAIPU,24346040,-22.9356576,-43.0092644,293
72,198,1180,ESCOLA MUNICIPAL RACHIDE DA GLORIA SALIM SAKER,RUA JANDIRA PEREIRA 620,SANTA BARBARA,24141400,-22.8766134,-43.0488967,341
144,77,1406,COLÉGIO NITERÓI,"RUA  VEREADOR JOSÉ VICENTE SOBRINHO, 269",ENGENHOCA,24110130,-22.8706133,-43.1018717,314
72,62,1112,ESCOLA ESTADUAL LEOPOLDO FROES,RUA REVERENDO ARMANDO FERREIRA  S/N,LARGO DA BATALHA,24310400,-22.9100474,-43.0677553,348
199,4,1023,ESCOLA MUNICIPAL FELISBERTO DE CARVALHO,ESTRADA CAETANO MONTEIRO 896,VILA PROGRESSO,24320570,-22.8970371,-43.0392212,307
144,283,1600,CIEP 251 - DONA MARIA PORTUGAL,RODOVIA AMARAL PEIXOTO KM 3,BALDEADOR,24140580,-22.877013,-43.0557658,354
71,226,1422,CLUBE PORTUGUES DE NITEROI,RUA PROFESSOR LARA VILELA 176,SÃO DOMINGOS,24210590,-22.9021482,-43.1274594,379
72,324,1660,CLUBE CENTRAL,"AVENIDA JORNALISTA ALBERTO FRANCISCO TORRES,  335",ICARAÍ,24230005,-22.9075784,-43.111789,353
144,345,1686,COLÉGIO DA POLÍCIA MILITAR,"ALAMEDA SÃO BOAVENTURA, 1134",FONSECA,24120297,-22.8818063,-43.0820149,232
199,100,1155,COLÉGIO ITAPUCA,"AV. ERNANI DE FARIAS ALVES, N 124 TREVO DE PIRATININGA",PIRATININGA,24350680,-22.9437854,-43.0593249,317
144,121,1210,UMEI THEREZINHA KALIL PETRUS (ANTIGO TIO SAM),RUA BENJAMIM CONSTANT 562,BARRETO,24110002,-22.8719306,-43.104502,305
72,224,1520,ESCOLA MUNICIPAL LEVI CARNEIRO,ESTRADA WASHINGTON LUIS 488,SAPÊ,24315115,-22.8961721,-43.0583864,364
72,388,1724,AABB,RUA HÉLIO DA SILVA CARNEIRO 78,SÃO FRANCISCO,24360540,-22.9172823,-43.0826083,362
71,224,1414,UNIVERSIDADE SALGADO DE OLIVEIRA - BL B (PRÓXIMO AO GUANABARA),RUA MARECHAL DEODORO 263,CENTRO,24030060,-22.8893447,-43.1172001,270
199,7,1023,ESCOLA MUNICIPAL FELISBERTO DE CARVALHO,ESTRADA CAETANO MONTEIRO 896,VILA PROGRESSO,24320570,-22.8970371,-43.0392212,309
72,335,1660,CLUBE CENTRAL,"AVENIDA JORNALISTA ALBERTO FRANCISCO TORRES,  335",ICARAÍ,24230005,-22.9075784,-43.111789,349
144,11,1031,(PRÉDIO NOVO) COLÉGIO PEDRO II UNIDADE NITERÓI,RUA ASSIS DE VASCONCELOS S/N,BARRETO,24210000,-22.8685685,-43.1037833,273
144,338,1678,ESCOLA MUNICIPAL JACINTA MEDELA,"RUA TENENTE OSORIO, 10",FONSECA,24130200,-22.8789902,-43.0919052,376
199,259,1015,COUNTRY CLUB DE NITEROI,RUA CHILE 135,VILA PROGRESSO,24322000,-22.8970192,-43.0347113,70
144,282,1600,CIEP 251 - DONA MARIA PORTUGAL,RODOVIA AMARAL PEIXOTO KM 3,BALDEADOR,24140580,-22.877013,-43.0557658,356
72,280,1597,COLÉGIO PONTO DE ENSINO,RUA OSWALDO CRUZ 32,ICARAÍ,24230210,-22.9092421,-43.1095209,345
72,241,1546,COLÉGIO GOMES PEREIRA,AVENIDA RUI BARBOSA 1250,LARGO DA BATALHA,24310005,-22.9081863,-43.0665152,388
199,167,1112,COLÉGIO SALESIANO REGIÃO OCEÂNICA,"RUA DOUTOR CORNÉLIO DE MELLO JÚNIOR, 117",PIRATININGA,24350280,-22.9393022,-43.0618731,352
144,181,1481,GRUPO ESCOLAR EMBAIXADOR RAUL FERNANDES,"RUA RIODADES, 253",FONSECA,24130241,-22.8767501,-43.0821505,275
71,199,1317,ESCOLA ESTADUAL BALTAZAR BERNARDINO,RUA MARIZ E BARROS 444,SANTA ROSA,24220121,-22.9032359,-43.1012931,381
71,130,1392,FACULDADE DE VETERINARIA DA UFF,RUA VITAL BRASIL FILHO 64,VITAL BRASIL,24230340,-22.904908,-43.098407,383
72,249,1554,JARDIM ESCOLA GIRASSÓIS,"ESTRADA CAETANO MONTEIRO, 820",LARGO DA BATALHA,24320570,-22.9077414,-43.0652722,377
71,243,1449,COLÉGIO ESTADUAL ZULEIKA RAPÔSO VALLADARES (''COLÉGIO VELHO''),RUA SALO BRAND S/N,ILHA DA CONCEIÇÃO,24050070,-22.8729269,-43.1147506,371
144,215,1554,ESCOLA MUNICIPAL PROFESSOR PAULO FREIRE,RUA SOARES DE MIRANDA 77,FONSECA,24120307,-22.8828529,-43.0824987,239
71,351,1570,COLÉGIO UNIVERSÍTÁRIO DA UFF (CIEP GRAGOATÁ),RUA ALEXANDRE MOURA 8,SÃO DOMINGOS,24210200,-22.900281,-43.1316649,323
71,197,1015,CENTRO EDUCACIONAL DE NITEROI - CENTRINHO,RUA ITAGUAI 173,SANTA ROSA,24240130,-22.8965191,-43.1018339,348
199,77,1317,COLÉGIO PAULO FREIRE,"AVENIDA IRENE LOPES SODRÉ, N22",ENGENHO DO MATO,24346040,-22.9500178,-43.0246246,378
199,178,1155,COLÉGIO ITAPUCA,"AV. ERNANI DE FARIAS ALVES, N 124 TREVO DE PIRATININGA",PIRATININGA,24350680,-22.9437854,-43.0593249,315
72,220,1368,ESCOLA MUNICIPAL VILA COSTA MONTEIRO,RUA ITITIOCA S/N,ITITIOCA,24310410,-22.8963335,-43.077802,386
72,330,1660,CLUBE CENTRAL,"AVENIDA JORNALISTA ALBERTO FRANCISCO TORRES,  335",ICARAÍ,24230005,-22.9075784,-43.111789,349
72,434,1759,COLÉGIO MV1,RUA GAVIÃO PEIXOTO 398,ICARAÍ,24230103,-22.9079111,-43.1058651,312
72,36,1112,ESCOLA ESTADUAL LEOPOLDO FROES,RUA REVERENDO ARMANDO FERREIRA  S/N,LARGO DA BATALHA,24310400,-22.9100474,-43.0677553,345
72,430,1759,COLÉGIO MV1,RUA GAVIÃO PEIXOTO 398,ICARAÍ,24230103,-22.9079111,-43.1058651,313
144,298,1627,ESCOLA ESTADUAL DOUTOR JAYME MEMORIA,RUA NORONHA TORREZAO 625,CUBANGO,24240181,-22.88949,-43.0937712,383
199,25,1074,COLÉGIO CURSO ZEROHUM ( ANT GAUSS),"AV. FREI FABIANO, 155 - ITAIPU",ITAIPU,24355250,-22.9427133,-43.0519956,307
144,309,1635,ESCOLA MUNICIPAL DOM JOSÉ PEREIRA ALVES,"RUA TENENTE OSORIO, 73",FONSECA,24130200,-22.8783038,-43.0920686,214
72,195,1449,CIEP 450 - BADU,ESTRADA CAETANO MONTEIRO S/N,BADU,24320570,-22.9071974,-43.0566124,371
72,296,1619,COLEGIO ESTADUAL JOAQUIM TAVORA,PRAÇA PREF.FERRAZ-CAMPO DE SAO BENTO S/N,ICARAÍ,24230160,-22.9048788,-43.1081976,236
72,9,1040,CIEP 447 - CARAMUJO,RODOVIA AMARAL PEIXOTO KM 2,CARAMUJO,24140390,-22.8827294,-43.065134,267
72,357,1708,ESCOLA MUNICIPAL JÚLIA CORTINES,RUA LOPES TROVAO 1-CAMPO DE SÃO BENTO S/N,ICARAÍ,24220070,-22.9043592,-43.1086717,177
72,207,1473,COLÉGIO FORUM CULTURAL,ESTRADA FRANCISCO DA CRUZ NUNES 2454,CANTAGALO,24310410,-22.9163184,-43.0490094,348
71,352,1570,COLÉGIO UNIVERSÍTÁRIO DA UFF (CIEP GRAGOATÁ),RUA ALEXANDRE MOURA 8,SÃO DOMINGOS,24210200,-22.900281,-43.1316649,325
199,207,1104,CURSO CNA- PIRATININGA,RUA ERNANI DE FARIAS ALVES 152,PIRATININGA,24350135,-22.9441523,-43.0589254,368
72,287,1619,COLEGIO ESTADUAL JOAQUIM TAVORA,PRAÇA PREF.FERRAZ-CAMPO DE SAO BENTO S/N,ICARAÍ,24230160,-22.9048788,-43.1081976,239
72,279,1597,COLÉGIO PONTO DE ENSINO,RUA OSWALDO CRUZ 32,ICARAÍ,24230210,-22.9092421,-43.1095209,345
144,336,1660,COLÉGIO ESTADUAL CONSELHEIRO JOSINO,"RUA TEIXEIRA DE FREITAS, 421",FONSECA,24130610,-22.8734262,-43.0749723,366
72,132,1368,ESCOLA MUNICIPAL VILA COSTA MONTEIRO,RUA ITITIOCA S/N,ITITIOCA,24310410,-22.8963335,-43.077802,389
72,240,1546,COLÉGIO GOMES PEREIRA,AVENIDA RUI BARBOSA 1250,LARGO DA BATALHA,24310005,-22.9081863,-43.0665152,393
144,278,1600,CIEP 251 - DONA MARIA PORTUGAL,RODOVIA AMARAL PEIXOTO KM 3,BALDEADOR,24140580,-22.877013,-43.0557658,355
144,96,1031,(PRÉDIO NOVO) COLÉGIO PEDRO II UNIDADE NITERÓI,RUA ASSIS DE VASCONCELOS S/N,BARRETO,24210000,-22.8685685,-43.1037833,267
199,132,1155,COLÉGIO ITAPUCA,"AV. ERNANI DE FARIAS ALVES, N 124 TREVO DE PIRATININGA",PIRATININGA,24350680,-22.9437854,-43.0593249,289
72,351,1686,CAIXA ECONÔMICA FEDERAL - AGÊNCIA ICARAÍ,"RUA GAVIÃO PEIXOTO, 226",ICARAÍ,24230102,-22.9052069,-43.1087149,325
199,216,1287,ESCOLA MUNICIPAL PROF MARCOS WALDEMAR DE FREITAS REIS,"RUA ANTONIO LUIZ SAIÃO, S/N ITAIPU",ITAIPU,24346087,-22.9615628,-43.0330724,336
144,313,1635,ESCOLA MUNICIPAL DOM JOSÉ PEREIRA ALVES,"RUA TENENTE OSORIO, 73",FONSECA,24130200,-22.8783038,-43.0920686,218
71,228,1422,CLUBE PORTUGUES DE NITEROI,RUA PROFESSOR LARA VILELA 176,SÃO DOMINGOS,24210590,-22.9021482,-43.1274594,392
199,218,1368,UMEI PROFESSORA NINA RITA TORRES,"AVENIDA DOUTOR ACÚRCIO TORRES, 691",PIRATININGA,24358080,-22.9519115,-43.0861872,375
71,104,1317,ESCOLA ESTADUAL BALTAZAR BERNARDINO,RUA MARIZ E BARROS 444,SANTA ROSA,24220121,-22.9032359,-43.1012931,386
199,134,1244,COLÉGIO LAPLACE,"RUA MANOEL PACHECO DE CARVALHO, N 80",PIRATININGA,24350400,-22.9425434,-43.05605,186
71,161,1392,FACULDADE DE VETERINARIA DA UFF,RUA VITAL BRASIL FILHO 64,VITAL BRASIL,24230340,-22.904908,-43.098407,384
144,135,1252,ESCOLA MUNICIPAL ADELINO MAGALHÃES,"RUA DR. NELSON PENA, 17",ENGENHOCA,24110520,-22.8739038,-43.0944571,241
199,147,1112,COLÉGIO SALESIANO REGIÃO OCEÂNICA,"RUA DOUTOR CORNÉLIO DE MELLO JÚNIOR, 117",PIRATININGA,24350280,-22.9393022,-43.0618731,332
144,214,1597,ESCOLA ESTADUAL HILARIO RIBEIRO,ALAMEDA SAO BOAVENTURA 794,FONSECA,24120191,-22.8813893,-43.0901745,387
72,306,1627,ESCOLA MUNICIPAL PROFESSORA LUCIA MARIA SILVEIRA ROCHA,"AV. CARLOS ERMELINDO MARINS, 34",JURUJUBA,24370195,-22.9317575,-43.1166302,345
72,314,1643,CENTRO MODERNO ALZIRA BITTENCOURT,"RUA MEM DE SÁ, 71",ICARAÍ,24220260,-22.9012326,-43.110746,350
144,142,1449,INSTITUTO SÃO BENTO DE NITEROI,RUA VEREADOR DUQUE ESTRADA 28,SANTA ROSA,24240210,-22.8968349,-43.1000967,381
144,192,1490,IGREJA BATISTA DO FONSECA,ALAMEDA SAO BOAVENTURA  937,FONSECA,24130001,-22.8810878,-43.0865383,364
71,227,1422,CLUBE PORTUGUES DE NITEROI,RUA PROFESSOR LARA VILELA 176,SÃO DOMINGOS,24210590,-22.9021482,-43.1274594,390
71,231,1430,COLEGIO ESTADUAL AURELINO LEAL,RUA PRESIDENTE PEDREIRA 79,INGÁ,24210470,-22.9033321,-43.1254512,395
199,197,1295,UMEI PROFA ODETE ROSA DA MOTA,ESTRADA FRANCISCO DA CRUZ NUNES S/N (PRÓXIMO AO CORPO DE BOMBEIROS),ITAIPU,24340000,-22.9532368,-43.02859,362
71,315,1678,LICEU NILO PEÇANHA,AV ERNANI DO AMARAL PEIXOTO 707,CENTRO,24020073,-22.8935707,-43.1165611,151
71,293,1511,FACULDADE DE ADMINISTRAÇÃO E CIÊNCIAS CONTÁBEIS (VALONGUINHO),RUA MÁRIO SANTOS BRAGA S/N,CENTRO,24020140,-22.8967413,-43.1252439,245
71,408,1651,FACULDADE DE ENFERMAGEM DA UFF,RUA DR CELESTINO 74,CENTRO,24020091,-22.895302,-43.1167706,161
72,258,1570,IGREJA DO SANTUARIO NACIONAL DAS ALMAS,RUA ALVARES DE AZEVEDO 237,ICARAÍ,24220020,-22.9004522,-43.1107182,298
71,376,1600,INSTITUTO DE EDUCAÇÃO PROFESSOR ISMAEL COUTINHO - IEPIC,"TRAVESSA MANOEL CONTINENTINO, 31",SÃO DOMINGOS,24210150,-22.8989767,-43.1271052,155
199,257,1457,COLÉGIO CURSO INTELLECTUS - REGIÃO OCEÂNICA,"ESTRADA FRANCISCO DA CRUZ NUNES , 224 A",PIRATININGA,24350310,-22.9356743,-43.0621595,98
144,353,1597,ESCOLA ESTADUAL HILARIO RIBEIRO,ALAMEDA SAO BOAVENTURA 794,FONSECA,24120191,-22.8813893,-43.0901745,347
72,423,1759,COLÉGIO MV1,RUA GAVIÃO PEIXOTO 398,ICARAÍ,24230103,-22.9079111,-43.1058651,312
199,133,1198,CIEP 448 RUY FRAZÃO SOARES,ESTRADA DO ENGENHO DO MATO S/N - PRACA,ITAIPU,24346040,-22.9356576,-43.0092644,293
72,52,1147,ESCOLA MUNICIPAL VERA LUCIA MACHADO,RUA ALDEMAR DE PAIVA LOTE 7 E 8,BADU,24320230,-22.9045,-43.0500355,335
144,317,1651,INSTITUTO EDUCACIONAL TAURUS,"ALAMEDA SÃO BOAVENTURA, 15",FONSECA,24130000,-22.8806664,-43.1093503,191
72,29,1449,CIEP 450 - BADU,ESTRADA CAETANO MONTEIRO S/N,BADU,24320570,-22.9071974,-43.0566124,373
71,257,1465,CENTRO UNIVERSITÁRIO ANHANGUERA (ANTIGO PLÍNIO LEITE),RUA VISCONDE DO RIO BRANCO 123,CENTRO,24020000,-22.8869267,-43.1245632,330
72,27,1449,CIEP 450 - BADU,ESTRADA CAETANO MONTEIRO S/N,BADU,24320570,-22.9071974,-43.0566124,367
71,358,1619,COLEGIO SAO VICENTE DE PAULO,RUA MIGUEL DE FRIAS 123,ICARAÍ,24220001,-22.902041,-43.1146235,273
72,462,1783,SOCIEDADE BRASILEIRA DE CULTURA INGLESA,RUA OTAVIO CARNEIRO 23,ICARAÍ,24230190,-22.9075527,-43.1111859,335
144,243,1570,SECRETARIA DE ESTADO DE AGRICULTURA E ABASTECIMENTO,ALAMEDA SAO BOAVENTURA 770,FONSECA,24120191,-22.8823618,-43.0907682,309
144,294,1627,ESCOLA ESTADUAL DOUTOR JAYME MEMORIA,RUA NORONHA TORREZAO 625,CUBANGO,24240181,-22.88949,-43.0937712,363
144,175,1473,ESCOLA ESTADUAL JOSE BONIFACIO,RUA CARLOS MAXIMIANO 20,FONSECA,24120000,-22.8831949,-43.1060172,328
144,162,1627,ESCOLA ESTADUAL DOUTOR JAYME MEMORIA,RUA NORONHA TORREZAO 625,CUBANGO,24240181,-22.88949,-43.0937712,361
71,221,1414,UNIVERSIDADE SALGADO DE OLIVEIRA - BL B (PRÓXIMO AO GUANABARA),RUA MARECHAL DEODORO 263,CENTRO,24030060,-22.8893447,-43.1172001,270
71,445,1600,INSTITUTO DE EDUCAÇÃO PROFESSOR ISMAEL COUTINHO - IEPIC,"TRAVESSA MANOEL CONTINENTINO, 31",SÃO DOMINGOS,24210150,-22.8989767,-43.1271052,167
144,42,1090,ESCOLA TÉCNICA ESTADUAL HENRIQUE LAGE,RUA GUIMARÃES JUNIOR 182,BARRETO,24110300,-22.8621355,-43.0979546,246
72,350,1686,CAIXA ECONÔMICA FEDERAL - AGÊNCIA ICARAÍ,"RUA GAVIÃO PEIXOTO, 226",ICARAÍ,24230102,-22.9052069,-43.1087149,325
71,419,1660,FACULDADE DE DIREITO DA UFF - UFF - DIREITO 1,RUA PRESIDENTE PEDREIRA 62,INGÁ,24210470,-22.9035832,-43.1258853,356
144,204,1511,COLÉGIO OPÇÃO - NITERÓI,"ALAMEDA SÃO BOAVENTURA, 824",FONSECA,24130001,-22.8814198,-43.0895121,386
144,6,1031,(PRÉDIO NOVO) COLÉGIO PEDRO II UNIDADE NITERÓI,RUA ASSIS DE VASCONCELOS S/N,BARRETO,24210000,-22.8685685,-43.1037833,268
199,91,1244,COLÉGIO LAPLACE,"RUA MANOEL PACHECO DE CARVALHO, N 80",PIRATININGA,24350400,-22.9425434,-43.05605,327
72,288,1619,COLEGIO ESTADUAL JOAQUIM TAVORA,PRAÇA PREF.FERRAZ-CAMPO DE SAO BENTO S/N,ICARAÍ,24230160,-22.9048788,-43.1081976,238
71,296,1511,FACULDADE DE ADMINISTRAÇÃO E CIÊNCIAS CONTÁBEIS (VALONGUINHO),RUA MÁRIO SANTOS BRAGA S/N,CENTRO,24020140,-22.8967413,-43.1252439,246
71,434,1678,LICEU NILO PEÇANHA,AV ERNANI DO AMARAL PEIXOTO 707,CENTRO,24020073,-22.8935707,-43.1165611,227
71,441,1694,RIO CRICKET,RUA FAGUNDES VARELA 637,INGÁ,24210520,-22.8997052,-43.1133665,367
144,81,1031,(PRÉDIO NOVO) COLÉGIO PEDRO II UNIDADE NITERÓI,RUA ASSIS DE VASCONCELOS S/N,BARRETO,24210000,-22.8685685,-43.1037833,269
72,35,1112,ESCOLA ESTADUAL LEOPOLDO FROES,RUA REVERENDO ARMANDO FERREIRA  S/N,LARGO DA BATALHA,24310400,-22.9100474,-43.0677553,349
144,131,1031,(PRÉDIO NOVO) COLÉGIO PEDRO II UNIDADE NITERÓI,RUA ASSIS DE VASCONCELOS S/N,BARRETO,24210000,-22.8685685,-43.1037833,335
144,280,1600,CIEP 251 - DONA MARIA PORTUGAL,RODOVIA AMARAL PEIXOTO KM 3,BALDEADOR,24140580,-22.877013,-43.0557658,352
199,246,1104,CURSO CNA- PIRATININGA,RUA ERNANI DE FARIAS ALVES 152,PIRATININGA,24350135,-22.9441523,-43.0589254,305
72,186,1473,COLÉGIO FORUM CULTURAL,ESTRADA FRANCISCO DA CRUZ NUNES 2454,CANTAGALO,24310410,-22.9163184,-43.0490094,344
144,14,1031,(PRÉDIO NOVO) COLÉGIO PEDRO II UNIDADE NITERÓI,RUA ASSIS DE VASCONCELOS S/N,BARRETO,24210000,-22.8685685,-43.1037833,274
71,382,1619,COLEGIO SAO VICENTE DE PAULO,RUA MIGUEL DE FRIAS 123,ICARAÍ,24220001,-22.902041,-43.1146235,224
71,425,1678,LICEU NILO PEÇANHA,AV ERNANI DO AMARAL PEIXOTO 707,CENTRO,24020073,-22.8935707,-43.1165611,233
144,51,1163,COLÉGIO ESTADUAL CONSELHEIRO MACEDO SOARES,RUA DR. MARCH 392,BARRETO,24110650,-22.8622231,-43.0924035,352
72,252,1554,JARDIM ESCOLA GIRASSÓIS,"ESTRADA CAETANO MONTEIRO, 820",LARGO DA BATALHA,24320570,-22.9077414,-43.0652722,373
71,340,1562,COLEGIO ESTADUAL RAUL VIDAL,AVENIDA FELICIANO SODRE 21,CENTRO,24030013,-22.8862372,-43.1242688,298
72,320,1651,PH COLÉGIO,RUA ALVARES DE AZEVEDO 237,ICARAÍ,24220020,-22.9006508,-43.1110377,281
72,417,1740,COLÉGIO ZEROHUM,"RUA ARY PARREIRAS, 73",ICARAÍ,24230058,-22.9111671,-43.1073245,325
144,343,1686,COLÉGIO DA POLÍCIA MILITAR,"ALAMEDA SÃO BOAVENTURA, 1134",FONSECA,24120297,-22.8818063,-43.0820149,233
144,203,1511,COLÉGIO OPÇÃO - NITERÓI,"ALAMEDA SÃO BOAVENTURA, 824",FONSECA,24130001,-22.8814198,-43.0895121,386
144,115,1252,ESCOLA MUNICIPAL ADELINO MAGALHÃES,"RUA DR. NELSON PENA, 17",ENGENHOCA,24110520,-22.8739038,-43.0944571,237
144,3,1023,PAROQUIA DE SAO JOAO BATISTA,RUA DR. MARCH 666,TENENTE JARDIM,24110160,-22.8639855,-43.0827273,340
72,39,1112,ESCOLA ESTADUAL LEOPOLDO FROES,RUA REVERENDO ARMANDO FERREIRA  S/N,LARGO DA BATALHA,24310400,-22.9100474,-43.0677553,344
71,393,1627,REITORIA DA UFF,RUA MIGUEL DE FRIAS 9,ICARAÍ,24220900,-22.9031771,-43.1164314,385
71,119,1309,CURSO MARLY CURY,AV. SETE DE SETEMBRO 165,SANTA ROSA,24230251,-22.9054777,-43.1019227,380
72,297,1619,COLEGIO ESTADUAL JOAQUIM TAVORA,PRAÇA PREF.FERRAZ-CAMPO DE SAO BENTO S/N,ICARAÍ,24230160,-22.9048788,-43.1081976,237
71,2,1015,CENTRO EDUCACIONAL DE NITEROI - CENTRINHO,RUA ITAGUAI 173,SANTA ROSA,24240130,-22.8965191,-43.1018339,350
199,6,1023,ESCOLA MUNICIPAL FELISBERTO DE CARVALHO,ESTRADA CAETANO MONTEIRO 896,VILA PROGRESSO,24320570,-22.8970371,-43.0392212,310
71,194,1295,COLEGIO SALESIANO SANTA ROSA,RUA SANTA ROSA 207,SANTA ROSA,24240220,-22.9016745,-43.0996973,379
144,290,1554,ESCOLA MUNICIPAL PROFESSOR PAULO FREIRE,RUA SOARES DE MIRANDA 77,FONSECA,24120307,-22.8828529,-43.0824987,293
71,131,1392,FACULDADE DE VETERINARIA DA UFF,RUA VITAL BRASIL FILHO 64,VITAL BRASIL,24230340,-22.904908,-43.098407,388
144,211,1597,ESCOLA ESTADUAL HILARIO RIBEIRO,ALAMEDA SAO BOAVENTURA 794,FONSECA,24120191,-22.8813893,-43.0901745,364
71,372,1600,INSTITUTO DE EDUCAÇÃO PROFESSOR ISMAEL COUTINHO - IEPIC,"TRAVESSA MANOEL CONTINENTINO, 31",SÃO DOMINGOS,24210150,-22.8989767,-43.1271052,156
144,73,1236,COLÉGIO ESTADUAL MULLULO DA VEIGA,RUA CORONEL GUIMARÃES 505,ENGENHOCA,24110130,-22.8708282,-43.0988892,346
72,389,1724,AABB,RUA HÉLIO DA SILVA CARNEIRO 78,SÃO FRANCISCO,24360540,-22.9172823,-43.0826083,363
144,111,1236,COLÉGIO ESTADUAL MULLULO DA VEIGA,RUA CORONEL GUIMARÃES 505,ENGENHOCA,24110130,-22.8708282,-43.0988892,321
71,101,1309,CURSO MARLY CURY,AV. SETE DE SETEMBRO 165,SANTA ROSA,24230251,-22.9054777,-43.1019227,387
144,258,1589,COLÉGIO NOSSA SENHORA DAS MERCÊS,ALAMEDA SAO BOAVENTURA 297,FONSECA,24130000,-22.880345,-43.1023535,371
71,167,1368,INSTITUTO SÃO JOSÉ,RUA GERALDO MARTINS 166,SANTA ROSA,24220381,-22.901754,-43.1018878,368
144,194,1503,SERVICO DE ASSISTENCIA SOCIAL SAO DOMINGOS SAVIO,RUA MARTINS TORRES 223,SANTA ROSA,24240705,-22.8988024,-43.0928214,343
199,227,1112,COLÉGIO SALESIANO REGIÃO OCEÂNICA,"RUA DOUTOR CORNÉLIO DE MELLO JÚNIOR, 117",PIRATININGA,24350280,-22.9393022,-43.0618731,344
72,139,1171,ESCOLA MUNICIPAL ANTONIO COUTINHO DE AZEVEDO,AV DES NESTOR RODRIGUES PERLINGEIRO S/N,SANTA BARBARA,24141330,-22.8756043,-43.04869,355
72,150,1449,CIEP 450 - BADU,ESTRADA CAETANO MONTEIRO S/N,BADU,24320570,-22.9071974,-43.0566124,359
71,193,1325,ESCOLA ESTADUAL GUILHERME BRIGGS,RUA MARIO VIANNA 625,SANTA ROSA,24241001,-22.9053667,-43.0895767,371
71,341,1562,COLEGIO ESTADUAL RAUL VIDAL,AVENIDA FELICIANO SODRE 21,CENTRO,24030013,-22.8862372,-43.1242688,294
199,139,1198,CIEP 448 RUY FRAZÃO SOARES,ESTRADA DO ENGENHO DO MATO S/N - PRACA,ITAIPU,24346040,-22.9356576,-43.0092644,289
199,129,1155,COLÉGIO ITAPUCA,"AV. ERNANI DE FARIAS ALVES, N 124 TREVO DE PIRATININGA",PIRATININGA,24350680,-22.9437854,-43.0593249,310
72,447,1767,COLÉGIO ASSUNÇÃO,RUA GENERAL RONDON 842,SÃO FRANCISCO,24360100,-22.9208239,-43.0926525,348
199,205,1295,UMEI PROFA ODETE ROSA DA MOTA,ESTRADA FRANCISCO DA CRUZ NUNES S/N (PRÓXIMO AO CORPO DE BOMBEIROS),ITAIPU,24340000,-22.9532368,-43.02859,362
199,150,1066,COLÉGIO CENECISTA JULIO CESAR SOUZA BALTHAREJO,"ESTRADA FRANCISCO DA CRUZ NUNES , 7245 - ITAIPU",ITAIPU,24340000,-22.9646939,-43.0332117,345
71,333,1554,FACULDADE DE ENGENHARIA DA UFF,RUA PASSO DA PATRIA 156,SÃO DOMINGOS,24210240,-22.903848,-43.1302712,338
72,414,1740,COLÉGIO ZEROHUM,"RUA ARY PARREIRAS, 73",ICARAÍ,24230058,-22.9111671,-43.1073245,323
72,58,1112,ESCOLA ESTADUAL LEOPOLDO FROES,RUA REVERENDO ARMANDO FERREIRA  S/N,LARGO DA BATALHA,24310400,-22.9100474,-43.0677553,345
199,24,1066,COLÉGIO CENECISTA JULIO CESAR SOUZA BALTHAREJO,"ESTRADA FRANCISCO DA CRUZ NUNES , 7245 - ITAIPU",ITAIPU,24340000,-22.9646939,-43.0332117,345
144,159,1457,ESCOLA ESTADUAL MACHADO DE ASSIS,RUA DESEMBARGADOR LIMA CASTRO 97,FONSECA,24120350,-22.8836374,-43.0857092,357
71,76,1368,INSTITUTO SÃO JOSÉ,RUA GERALDO MARTINS 166,SANTA ROSA,24220381,-22.901754,-43.1018878,370
144,53,1171,ESCOLA ESTADUAL MENEZES VIEIRA,RUA GENERAL CASTRIOTO S/N,BARRETO,24110000,-22.8693286,-43.1032004,277
199,79,1244,COLÉGIO LAPLACE,"RUA MANOEL PACHECO DE CARVALHO, N 80",PIRATININGA,24350400,-22.9425434,-43.05605,326
71,303,1511,FACULDADE DE ADMINISTRAÇÃO E CIÊNCIAS CONTÁBEIS (VALONGUINHO),RUA MÁRIO SANTOS BRAGA S/N,CENTRO,24020140,-22.8967413,-43.1252439,244
144,164,1473,ESCOLA ESTADUAL JOSE BONIFACIO,RUA CARLOS MAXIMIANO 20,FONSECA,24120000,-22.8831949,-43.1060172,331
71,328,1546,UNIVERSIDADE SALGADO DE OLIVEIRA - BL A,RUA MARECHAL DEODORO 217,CENTRO,24030060,-22.8894749,-43.1186087,178
71,115,1325,ESCOLA ESTADUAL GUILHERME BRIGGS,RUA MARIO VIANNA 625,SANTA ROSA,24241001,-22.9053667,-43.0895767,376
199,206,1325,ESCOLA MUNICIPAL SÍTIO DO IPÊ,RUA PROF. JOSÉ PEÇANHA,MARIA PAULA,24325310,-22.8821134,-43.0267087,361
71,291,1511,FACULDADE DE ADMINISTRAÇÃO E CIÊNCIAS CONTÁBEIS (VALONGUINHO),RUA MÁRIO SANTOS BRAGA S/N,CENTRO,24020140,-22.8967413,-43.1252439,246
72,333,1660,CLUBE CENTRAL,"AVENIDA JORNALISTA ALBERTO FRANCISCO TORRES,  335",ICARAÍ,24230005,-22.9075784,-43.111789,351
72,380,1716,ESCOLA VIVINFÂNCIA,RUA GAVIÃO PEIXOTO 384,ICARAÍ,24230103,-22.9079727,-43.1056898,279
71,76,1368,INSTITUTO SÃO JOSÉ,RUA GERALDO MARTINS 166,SANTA ROSA,24220381,-22.901754,-43.1018878,370
71,339,1562,COLEGIO ESTADUAL RAUL VIDAL,AVENIDA FELICIANO SODRE 21,CENTRO,24030013,-22.8862372,-43.1242688,295
71,335,1554,FACULDADE DE ENGENHARIA DA UFF,RUA PASSO DA PATRIA 156,SÃO DOMINGOS,24210240,-22.903848,-43.1302712,330
71,85,1333,PARÓQUIA NOSSA SENHORA AUXILIADORA - CENTRO COMUNITÁRIO,"RUA SANTA ROSA, 216",SANTA ROSA,24240225,-22.9020239,-43.0994239,360
144,40,1090,ESCOLA TÉCNICA ESTADUAL HENRIQUE LAGE,RUA GUIMARÃES JUNIOR 182,BARRETO,24110300,-22.8621355,-43.0979546,244
144,11,1031,(PRÉDIO NOVO) COLÉGIO PEDRO II UNIDADE NITERÓI,RUA ASSIS DE VASCONCELOS S/N,BARRETO,24210000,-22.8685685,-43.1037833,273
72,311,1635,BANCO BRADESCO,RUA GAVIAO PEIXOTO 108,ICARAÍ,24230101,-22.9031207,-43.1110165,355
72,247,1554,JARDIM ESCOLA GIRASSÓIS,"ESTRADA CAETANO MONTEIRO, 820",LARGO DA BATALHA,24320570,-22.9077414,-43.0652722,377
71,289,1600,INSTITUTO DE EDUCAÇÃO PROFESSOR ISMAEL COUTINHO - IEPIC,"TRAVESSA MANOEL CONTINENTINO, 31",SÃO DOMINGOS,24210150,-22.8989767,-43.1271052,157
71,145,1317,ESCOLA ESTADUAL BALTAZAR BERNARDINO,RUA MARIZ E BARROS 444,SANTA ROSA,24220121,-22.9032359,-43.1012931,377
72,19,1449,CIEP 450 - BADU,ESTRADA CAETANO MONTEIRO S/N,BADU,24320570,-22.9071974,-43.0566124,360
144,53,1171,ESCOLA ESTADUAL MENEZES VIEIRA,RUA GENERAL CASTRIOTO S/N,BARRETO,24110000,-22.8693286,-43.1032004,277
72,414,1740,COLÉGIO ZEROHUM,"RUA ARY PARREIRAS, 73",ICARAÍ,24230058,-22.9111671,-43.1073245,323
71,115,1325,ESCOLA ESTADUAL GUILHERME BRIGGS,RUA MARIO VIANNA 625,SANTA ROSA,24241001,-22.9053667,-43.0895767,376
199,250,1350,ESCOLA MUNICIPAL MARALEGRE,"RUA DR. WALDIR COSTA, LOTES 10 E 11",CAFUBÁ,24350015,-22.9362723,-43.0724233,203
72,332,1660,CLUBE CENTRAL,"AVENIDA JORNALISTA ALBERTO FRANCISCO TORRES,  335",ICARAÍ,24230005,-22.9075784,-43.111789,350
71,226,1422,CLUBE PORTUGUES DE NITEROI,RUA PROFESSOR LARA VILELA 176,SÃO DOMINGOS,24210590,-22.9021482,-43.1274594,379
72,223,1520,ESCOLA MUNICIPAL LEVI CARNEIRO,ESTRADA WASHINGTON LUIS 488,SAPÊ,24315115,-22.8961721,-43.0583864,349
72,113,1368,ESCOLA MUNICIPAL VILA COSTA MONTEIRO,RUA ITITIOCA S/N,ITITIOCA,24310410,-22.8963335,-43.077802,388
72,256,1562,ESCOLA MUNICIPAL HELENA ANTIPOFF,RUA RUI BARBOSA 710,SÃO FRANCISCO,24360440,-22.9129237,-43.0786396,327
144,20,1090,ESCOLA TÉCNICA ESTADUAL HENRIQUE LAGE,RUA GUIMARÃES JUNIOR 182,BARRETO,24110300,-22.8621355,-43.0979546,243
199,91,1244,COLÉGIO LAPLACE,"RUA MANOEL PACHECO DE CARVALHO, N 80",PIRATININGA,24350400,-22.9425434,-43.05605,327
71,262,1465,CENTRO UNIVERSITÁRIO ANHANGUERA (ANTIGO PLÍNIO LEITE),RUA VISCONDE DO RIO BRANCO 123,CENTRO,24020000,-22.8869267,-43.1245632,329
144,63,1210,UMEI THEREZINHA KALIL PETRUS (ANTIGO TIO SAM),RUA BENJAMIM CONSTANT 562,BARRETO,24110002,-22.8719306,-43.104502,311
72,177,1015,INSTITUTO JCA,"RODOVIA PREFEITO JOÃO SAMPAIO, 2501",SANTA BARBARA,24141380,-22.882301,-43.0585179,222
72,253,1562,ESCOLA MUNICIPAL HELENA ANTIPOFF,RUA RUI BARBOSA 710,SÃO FRANCISCO,24360440,-22.9129237,-43.0786396,326
199,235,1392,CULTURA INGLESA EM ITAIPU,"ESTRADA FRANCISCO DA CRUZ NUNES, N 6956",ITAIPU,24350310,-22.9413685,-43.0533061,388
144,293,1627,ESCOLA ESTADUAL DOUTOR JAYME MEMORIA,RUA NORONHA TORREZAO 625,CUBANGO,24240181,-22.88949,-43.0937712,359
71,440,1694,RIO CRICKET,RUA FAGUNDES VARELA 637,INGÁ,24210520,-22.8997052,-43.1133665,373
72,433,1759,COLÉGIO MV1,RUA GAVIÃO PEIXOTO 398,ICARAÍ,24230103,-22.9079111,-43.1058651,312
71,99,1295,COLEGIO SALESIANO SANTA ROSA,RUA SANTA ROSA 207,SANTA ROSA,24240220,-22.9016745,-43.0996973,378
199,90,1082,UMEI DR PAULO CESAR DE ALMEIDA PIMENTEL,RUA ANTONIO LUIZ SAIÃO CAMPO BELO,ITAIPU,24348000,-22.9614459,-43.0327165,233
72,54,1074,COLEGIO ESTADUAL PAULO ASSIS RIBEIRO,ESTRADA CAETANO MONTEIRO 814,BADU,24320570,-22.9068537,-43.0573891,343
71,405,1651,FACULDADE DE ENFERMAGEM DA UFF,RUA DR CELESTINO 74,CENTRO,24020091,-22.895302,-43.1167706,163
71,337,1554,FACULDADE DE ENGENHARIA DA UFF,RUA PASSO DA PATRIA 156,SÃO DOMINGOS,24210240,-22.903848,-43.1302712,336
144,155,1457,ESCOLA ESTADUAL MACHADO DE ASSIS,RUA DESEMBARGADOR LIMA CASTRO 97,FONSECA,24120350,-22.8836374,-43.0857092,349
71,330,1546,UNIVERSIDADE SALGADO DE OLIVEIRA - BL A,RUA MARECHAL DEODORO 217,CENTRO,24030060,-22.8894749,-43.1186087,177
71,98,1295,COLEGIO SALESIANO SANTA ROSA,RUA SANTA ROSA 207,SANTA ROSA,24240220,-22.9016745,-43.0996973,371
71,220,1414,UNIVERSIDADE SALGADO DE OLIVEIRA - BL B (PRÓXIMO AO GUANABARA),RUA MARECHAL DEODORO 263,CENTRO,24030060,-22.8893447,-43.1172001,268
144,280,1600,CIEP 251 - DONA MARIA PORTUGAL,RODOVIA AMARAL PEIXOTO KM 3,BALDEADOR,24140580,-22.877013,-43.0557658,352
144,258,1589,COLÉGIO NOSSA SENHORA DAS MERCÊS,ALAMEDA SAO BOAVENTURA 297,FONSECA,24130000,-22.880345,-43.1023535,371
71,132,1392,FACULDADE DE VETERINARIA DA UFF,RUA VITAL BRASIL FILHO 64,VITAL BRASIL,24230340,-22.904908,-43.098407,389
144,83,1252,ESCOLA MUNICIPAL ADELINO MAGALHÃES,"RUA DR. NELSON PENA, 17",ENGENHOCA,24110520,-22.8739038,-43.0944571,241
71,314,1678,LICEU NILO PEÇANHA,AV ERNANI DO AMARAL PEIXOTO 707,CENTRO,24020073,-22.8935707,-43.1165611,150
144,91,1252,ESCOLA MUNICIPAL ADELINO MAGALHÃES,"RUA DR. NELSON PENA, 17",ENGENHOCA,24110520,-22.8739038,-43.0944571,239
144,198,1503,SERVICO DE ASSISTENCIA SOCIAL SAO DOMINGOS SAVIO,RUA MARTINS TORRES 223,SANTA ROSA,24240705,-22.8988024,-43.0928214,342
71,290,1600,INSTITUTO DE EDUCAÇÃO PROFESSOR ISMAEL COUTINHO - IEPIC,"TRAVESSA MANOEL CONTINENTINO, 31",SÃO DOMINGOS,24210150,-22.8989767,-43.1271052,311
144,104,1031,(PRÉDIO NOVO) COLÉGIO PEDRO II UNIDADE NITERÓI,RUA ASSIS DE VASCONCELOS S/N,BARRETO,24210000,-22.8685685,-43.1037833,261
144,62,1210,UMEI THEREZINHA KALIL PETRUS (ANTIGO TIO SAM),RUA BENJAMIM CONSTANT 562,BARRETO,24110002,-22.8719306,-43.104502,317
144,116,1210,UMEI THEREZINHA KALIL PETRUS (ANTIGO TIO SAM),RUA BENJAMIM CONSTANT 562,BARRETO,24110002,-22.8719306,-43.104502,311
71,207,1325,ESCOLA ESTADUAL GUILHERME BRIGGS,RUA MARIO VIANNA 625,SANTA ROSA,24241001,-22.9053667,-43.0895767,370
71,235,1430,COLEGIO ESTADUAL AURELINO LEAL,RUA PRESIDENTE PEDREIRA 79,INGÁ,24210470,-22.9033321,-43.1254512,390
199,99,1082,UMEI DR PAULO CESAR DE ALMEIDA PIMENTEL,RUA ANTONIO LUIZ SAIÃO CAMPO BELO,ITAIPU,24348000,-22.9614459,-43.0327165,242
72,456,1775,ESCOLA ESTADUAL CIZÍNIO SOARES PINTO,RUA PRESIDENTE ROOSEVELT 2,SÃO FRANCISCO,24360066,-22.9147594,-43.093934,328
144,118,1210,UMEI THEREZINHA KALIL PETRUS (ANTIGO TIO SAM),RUA BENJAMIM CONSTANT 562,BARRETO,24110002,-22.8719306,-43.104502,307
144,285,1554,ESCOLA MUNICIPAL PROFESSOR PAULO FREIRE,RUA SOARES DE MIRANDA 77,FONSECA,24120307,-22.8828529,-43.0824987,242
144,141,1449,INSTITUTO SÃO BENTO DE NITEROI,RUA VEREADOR DUQUE ESTRADA 28,SANTA ROSA,24240210,-22.8968349,-43.1000967,384
71,324,1546,UNIVERSIDADE SALGADO DE OLIVEIRA - BL A,RUA MARECHAL DEODORO 217,CENTRO,24030060,-22.8894749,-43.1186087,178
72,416,1740,COLÉGIO ZEROHUM,"RUA ARY PARREIRAS, 73",ICARAÍ,24230058,-22.9111671,-43.1073245,325
71,194,1295,COLEGIO SALESIANO SANTA ROSA,RUA SANTA ROSA 207,SANTA ROSA,24240220,-22.9016745,-43.0996973,379
199,123,1139,ESCOLA MUNICIPAL FRANCISCO PORTUGAL NEVES,"RUA MANOEL PACHECO DE CARVALHO, N 14 TREVO DE PIRATININGA",PIRATININGA,24350310,-22.942363,-43.056665,347
199,127,1090,COLÉGIO ESTADUAL PROFESSORA ALCINA RODRIGUES LIMA,"ESTRADA FRANCISCO DA CRUZ NUNES, S/N",ITAIPU,24310340,-22.9528491,-43.0285072,257
144,286,1554,ESCOLA MUNICIPAL PROFESSOR PAULO FREIRE,RUA SOARES DE MIRANDA 77,FONSECA,24120307,-22.8828529,-43.0824987,283
71,345,1562,COLEGIO ESTADUAL RAUL VIDAL,AVENIDA FELICIANO SODRE 21,CENTRO,24030013,-22.8862372,-43.1242688,299
71,216,1368,INSTITUTO SÃO JOSÉ,RUA GERALDO MARTINS 166,SANTA ROSA,24220381,-22.901754,-43.1018878,364
72,458,1775,ESCOLA ESTADUAL CIZÍNIO SOARES PINTO,RUA PRESIDENTE ROOSEVELT 2,SÃO FRANCISCO,24360066,-22.9147594,-43.093934,332
71,448,1295,COLEGIO SALESIANO SANTA ROSA,RUA SANTA ROSA 207,SANTA ROSA,24240220,-22.9016745,-43.0996973,348
144,303,1635,ESCOLA MUNICIPAL DOM JOSÉ PEREIRA ALVES,"RUA TENENTE OSORIO, 73",FONSECA,24130200,-22.8783038,-43.0920686,217
72,264,1570,IGREJA DO SANTUARIO NACIONAL DAS ALMAS,RUA ALVARES DE AZEVEDO 237,ICARAÍ,24220020,-22.9004522,-43.1107182,298
199,217,1341,COLÉGIO OBJETIVO CAMBOINHAS,"RUA PROFESSOR ÁLVARO CAETANO, 908",CAMBOINHAS,24358640,-22.9537053,-43.0584356,347
71,203,1260,INSTITUTO ABEL,AV. ROBERTO SILVEIRA 29,ICARAÍ,24230150,-22.9004168,-43.1094942,393
199,106,1082,UMEI DR PAULO CESAR DE ALMEIDA PIMENTEL,RUA ANTONIO LUIZ SAIÃO CAMPO BELO,ITAIPU,24348000,-22.9614459,-43.0327165,161
71,278,1546,UNIVERSIDADE SALGADO DE OLIVEIRA - BL A,RUA MARECHAL DEODORO 217,CENTRO,24030060,-22.8894749,-43.1186087,176
72,181,1473,COLÉGIO FORUM CULTURAL,ESTRADA FRANCISCO DA CRUZ NUNES 2454,CANTAGALO,24310410,-22.9163184,-43.0490094,348
144,202,1511,COLÉGIO OPÇÃO - NITERÓI,"ALAMEDA SÃO BOAVENTURA, 824",FONSECA,24130001,-22.8814198,-43.0895121,385
144,98,1031,(PRÉDIO NOVO) COLÉGIO PEDRO II UNIDADE NITERÓI,RUA ASSIS DE VASCONCELOS S/N,BARRETO,24210000,-22.8685685,-43.1037833,269
71,267,1600,INSTITUTO DE EDUCAÇÃO PROFESSOR ISMAEL COUTINHO - IEPIC,"TRAVESSA MANOEL CONTINENTINO, 31",SÃO DOMINGOS,24210150,-22.8989767,-43.1271052,313
72,284,1635,BANCO BRADESCO,RUA GAVIAO PEIXOTO 108,ICARAÍ,24230101,-22.9031207,-43.1110165,357
199,76,1198,CIEP 448 RUY FRAZÃO SOARES,ESTRADA DO ENGENHO DO MATO S/N - PRACA,ITAIPU,24346040,-22.9356576,-43.0092644,290
71,244,1449,COLÉGIO ESTADUAL ZULEIKA RAPÔSO VALLADARES (''COLÉGIO VELHO''),RUA SALO BRAND S/N,ILHA DA CONCEIÇÃO,24050070,-22.8729269,-43.1147506,370
71,212,1260,INSTITUTO ABEL,AV. ROBERTO SILVEIRA 29,ICARAÍ,24230150,-22.9004168,-43.1094942,393
72,419,1759,COLÉGIO MV1,RUA GAVIÃO PEIXOTO 398,ICARAÍ,24230103,-22.9079111,-43.1058651,312
144,245,1570,SECRETARIA DE ESTADO DE AGRICULTURA E ABASTECIMENTO,ALAMEDA SAO BOAVENTURA 770,FONSECA,24120191,-22.8823618,-43.0907682,308
199,52,1139,ESCOLA MUNICIPAL FRANCISCO PORTUGAL NEVES,"RUA MANOEL PACHECO DE CARVALHO, N 14 TREVO DE PIRATININGA",PIRATININGA,24350310,-22.942363,-43.056665,349
144,89,1317,IGREJA BATISTA BETEL DE NITERÓI,RUA DANIEL TORRES 72,ENGENHOCA,24110460,-22.8716138,-43.096026,281
144,128,1031,(PRÉDIO NOVO) COLÉGIO PEDRO II UNIDADE NITERÓI,RUA ASSIS DE VASCONCELOS S/N,BARRETO,24210000,-22.8685685,-43.1037833,264
71,150,1333,PARÓQUIA NOSSA SENHORA AUXILIADORA - CENTRO COMUNITÁRIO,"RUA SANTA ROSA, 216",SANTA ROSA,24240225,-22.9020239,-43.0994239,360
199,253,1465,COLÉGIO CURSO PENSI - ITAIPU,"RUA JORNALISTA NEWTON BRAGA MELO, QD 1, LT 3,4 E 5",ITAIPU,24342320,-22.9421824,-43.03776,350
72,248,1546,COLÉGIO GOMES PEREIRA,AVENIDA RUI BARBOSA 1250,LARGO DA BATALHA,24310005,-22.9081863,-43.0665152,388
199,58,1120,COLÉGIO ESTADUAL ALMIRANTE TAMANDARÉ,AV. ACURCIO TORRES S/N,PIRATININGA,24358080,-22.9512083,-43.0916732,293
72,227,1520,ESCOLA MUNICIPAL LEVI CARNEIRO,ESTRADA WASHINGTON LUIS 488,SAPÊ,24315115,-22.8961721,-43.0583864,355
144,69,1236,COLÉGIO ESTADUAL MULLULO DA VEIGA,RUA CORONEL GUIMARÃES 505,ENGENHOCA,24110130,-22.8708282,-43.0988892,341
72,228,1520,ESCOLA MUNICIPAL LEVI CARNEIRO,ESTRADA WASHINGTON LUIS 488,SAPÊ,24315115,-22.8961721,-43.0583864,356
144,150,1457,ESCOLA ESTADUAL MACHADO DE ASSIS,RUA DESEMBARGADOR LIMA CASTRO 97,FONSECA,24120350,-22.8836374,-43.0857092,359
71,102,1309,CURSO MARLY CURY,AV. SETE DE SETEMBRO 165,SANTA ROSA,24230251,-22.9054777,-43.1019227,375
199,60,1120,COLÉGIO ESTADUAL ALMIRANTE TAMANDARÉ,AV. ACURCIO TORRES S/N,PIRATININGA,24358080,-22.9512083,-43.0916732,291
72,295,1619,COLEGIO ESTADUAL JOAQUIM TAVORA,PRAÇA PREF.FERRAZ-CAMPO DE SAO BENTO S/N,ICARAÍ,24230160,-22.9048788,-43.1081976,236
144,235,1562,LBV LEGIÃO DA BOA VONTADE,ALAMEDA SÃO BOAVENTURA 474,FONSECA,24120191,-22.8811009,-43.0979899,343
199,113,1031,ESCOLA MUNICIPAL HONORINA DE CARVALHO,RUA PROF. JOSE PECANHA S/N,MARIA PAULA,24325310,-22.882289,-43.0265693,266
199,125,1031,ESCOLA MUNICIPAL HONORINA DE CARVALHO,RUA PROF. JOSE PECANHA S/N,MARIA PAULA,24325310,-22.882289,-43.0265693,266
144,244,1570,SECRETARIA DE ESTADO DE AGRICULTURA E ABASTECIMENTO,ALAMEDA SAO BOAVENTURA 770,FONSECA,24120191,-22.8823618,-43.0907682,309
72,245,1368,ESCOLA MUNICIPAL VILA COSTA MONTEIRO,RUA ITITIOCA S/N,ITITIOCA,24310410,-22.8963335,-43.077802,383
199,106,1082,UMEI DR PAULO CESAR DE ALMEIDA PIMENTEL,RUA ANTONIO LUIZ SAIÃO CAMPO BELO,ITAIPU,24348000,-22.9614459,-43.0327165,161
144,237,1570,SECRETARIA DE ESTADO DE AGRICULTURA E ABASTECIMENTO,ALAMEDA SAO BOAVENTURA 770,FONSECA,24120191,-22.8823618,-43.0907682,309
144,87,1252,ESCOLA MUNICIPAL ADELINO MAGALHÃES,"RUA DR. NELSON PENA, 17",ENGENHOCA,24110520,-22.8739038,-43.0944571,239
72,283,1597,COLÉGIO PONTO DE ENSINO,RUA OSWALDO CRUZ 32,ICARAÍ,24230210,-22.9092421,-43.1095209,345
71,183,1104,INSTITUTO MAIA VINAGRE,RUA NORONHA TORREZÃO 68,SANTA ROSA,24240182,-22.8976844,-43.1021103,387
199,65,1155,COLÉGIO ITAPUCA,"AV. ERNANI DE FARIAS ALVES, N 124 TREVO DE PIRATININGA",PIRATININGA,24350680,-22.9437854,-43.0593249,302
199,109,1074,COLÉGIO CURSO ZEROHUM ( ANT GAUSS),"AV. FREI FABIANO, 155 - ITAIPU",ITAIPU,24355250,-22.9427133,-43.0519956,298
72,149,1015,INSTITUTO JCA,"RODOVIA PREFEITO JOÃO SAMPAIO, 2501",SANTA BARBARA,24141380,-22.882301,-43.0585179,224
72,123,1112,ESCOLA ESTADUAL LEOPOLDO FROES,RUA REVERENDO ARMANDO FERREIRA  S/N,LARGO DA BATALHA,24310400,-22.9100474,-43.0677553,341
72,114,1368,ESCOLA MUNICIPAL VILA COSTA MONTEIRO,RUA ITITIOCA S/N,ITITIOCA,24310410,-22.8963335,-43.077802,387
144,301,1627,ESCOLA ESTADUAL DOUTOR JAYME MEMORIA,RUA NORONHA TORREZAO 625,CUBANGO,24240181,-22.88949,-43.0937712,364
71,308,1520,LOJA MAÇÔNICA EVOLUÇÃO 2,RUA SANTA CLARA 77,PONTA D'AREIA,24040050,-22.8825872,-43.122934,368
144,190,1490,IGREJA BATISTA DO FONSECA,ALAMEDA SAO BOAVENTURA  937,FONSECA,24130001,-22.8810878,-43.0865383,366
144,327,1651,INSTITUTO EDUCACIONAL TAURUS,"ALAMEDA SÃO BOAVENTURA, 15",FONSECA,24130000,-22.8806664,-43.1093503,229
71,185,1244,ESCOLA ESTADUAL MANUEL DE ABREU,RUA LOPES TROVAO 287-A,ICARAÍ,24220070,-22.9023086,-43.1071569,374
144,250,1589,COLÉGIO NOSSA SENHORA DAS MERCÊS,ALAMEDA SAO BOAVENTURA 297,FONSECA,24130000,-22.880345,-43.1023535,366
144,26,1090,ESCOLA TÉCNICA ESTADUAL HENRIQUE LAGE,RUA GUIMARÃES JUNIOR 182,BARRETO,24110300,-22.8621355,-43.0979546,245
144,279,1600,CIEP 251 - DONA MARIA PORTUGAL,RODOVIA AMARAL PEIXOTO KM 3,BALDEADOR,24140580,-22.877013,-43.0557658,360
144,14,1031,(PRÉDIO NOVO) COLÉGIO PEDRO II UNIDADE NITERÓI,RUA ASSIS DE VASCONCELOS S/N,BARRETO,24210000,-22.8685685,-43.1037833,274
72,13,1040,CIEP 447 - CARAMUJO,RODOVIA AMARAL PEIXOTO KM 2,CARAMUJO,24140390,-22.8827294,-43.065134,267
71,105,1317,ESCOLA ESTADUAL BALTAZAR BERNARDINO,RUA MARIZ E BARROS 444,SANTA ROSA,24220121,-22.9032359,-43.1012931,387
71,150,1333,PARÓQUIA NOSSA SENHORA AUXILIADORA - CENTRO COMUNITÁRIO,"RUA SANTA ROSA, 216",SANTA ROSA,24240225,-22.9020239,-43.0994239,360
71,372,1600,INSTITUTO DE EDUCAÇÃO PROFESSOR ISMAEL COUTINHO - IEPIC,"TRAVESSA MANOEL CONTINENTINO, 31",SÃO DOMINGOS,24210150,-22.8989767,-43.1271052,156
144,72,1236,COLÉGIO ESTADUAL MULLULO DA VEIGA,RUA CORONEL GUIMARÃES 505,ENGENHOCA,24110130,-22.8708282,-43.0988892,348
199,220,1163,ANDEF (EX FAETEC),ESTRADA VELHA DE MARICA 4830,RIO DO OURO,24330000,-22.8896379,-42.9978497,301
72,297,1619,COLEGIO ESTADUAL JOAQUIM TAVORA,PRAÇA PREF.FERRAZ-CAMPO DE SAO BENTO S/N,ICARAÍ,24230160,-22.9048788,-43.1081976,237
72,439,1767,COLÉGIO ASSUNÇÃO,RUA GENERAL RONDON 842,SÃO FRANCISCO,24360100,-22.9208239,-43.0926525,353
199,6,1023,ESCOLA MUNICIPAL FELISBERTO DE CARVALHO,ESTRADA CAETANO MONTEIRO 896,VILA PROGRESSO,24320570,-22.8970371,-43.0392212,310
144,273,1597,ESCOLA ESTADUAL HILARIO RIBEIRO,ALAMEDA SAO BOAVENTURA 794,FONSECA,24120191,-22.8813893,-43.0901745,351
72,326,1660,CLUBE CENTRAL,"AVENIDA JORNALISTA ALBERTO FRANCISCO TORRES,  335",ICARAÍ,24230005,-22.9075784,-43.111789,350
71,88,1295,COLEGIO SALESIANO SANTA ROSA,RUA SANTA ROSA 207,SANTA ROSA,24240220,-22.9016745,-43.0996973,365
72,63,1171,ESCOLA MUNICIPAL ANTONIO COUTINHO DE AZEVEDO,AV DES NESTOR RODRIGUES PERLINGEIRO S/N,SANTA BARBARA,24141330,-22.8756043,-43.04869,360
199,117,1155,COLÉGIO ITAPUCA,"AV. ERNANI DE FARIAS ALVES, N 124 TREVO DE PIRATININGA",PIRATININGA,24350680,-22.9437854,-43.0593249,289
72,190,1074,COLEGIO ESTADUAL PAULO ASSIS RIBEIRO,ESTRADA CAETANO MONTEIRO 814,BADU,24320570,-22.9068537,-43.0573891,349
144,181,1481,GRUPO ESCOLAR EMBAIXADOR RAUL FERNANDES,"RUA RIODADES, 253",FONSECA,24130241,-22.8767501,-43.0821505,275
199,7,1023,ESCOLA MUNICIPAL FELISBERTO DE CARVALHO,ESTRADA CAETANO MONTEIRO 896,VILA PROGRESSO,24320570,-22.8970371,-43.0392212,309
71,446,1260,INSTITUTO ABEL,AV. ROBERTO SILVEIRA 29,ICARAÍ,24230150,-22.9004168,-43.1094942,390
71,437,1600,INSTITUTO DE EDUCAÇÃO PROFESSOR ISMAEL COUTINHO - IEPIC,"TRAVESSA MANOEL CONTINENTINO, 31",SÃO DOMINGOS,24210150,-22.8989767,-43.1271052,156
199,98,1244,COLÉGIO LAPLACE,"RUA MANOEL PACHECO DE CARVALHO, N 80",PIRATININGA,24350400,-22.9425434,-43.05605,340
72,336,1660,CLUBE CENTRAL,"AVENIDA JORNALISTA ALBERTO FRANCISCO TORRES,  335",ICARAÍ,24230005,-22.9075784,-43.111789,349
71,91,1295,COLEGIO SALESIANO SANTA ROSA,RUA SANTA ROSA 207,SANTA ROSA,24240220,-22.9016745,-43.0996973,367
199,108,1406,CANADIAN SCHOOL OF NITERÓI - EXPANSÃO ITACOATIARA,"RUA ANTONIO NASCIMENTO COTTAS, QD 16, LT 7,R.N 122",ITACOATIARA,24346020,-22.9619895,-43.0348161,162
71,92,1295,COLEGIO SALESIANO SANTA ROSA,RUA SANTA ROSA 207,SANTA ROSA,24240220,-22.9016745,-43.0996973,406
72,245,1368,ESCOLA MUNICIPAL VILA COSTA MONTEIRO,RUA ITITIOCA S/N,ITITIOCA,24310410,-22.8963335,-43.077802,383
72,444,1767,COLÉGIO ASSUNÇÃO,RUA GENERAL RONDON 842,SÃO FRANCISCO,24360100,-22.9208239,-43.0926525,352
144,163,1473,ESCOLA ESTADUAL JOSE BONIFACIO,RUA CARLOS MAXIMIANO 20,FONSECA,24120000,-22.8831949,-43.1060172,330
199,101,1112,COLÉGIO SALESIANO REGIÃO OCEÂNICA,"RUA DOUTOR CORNÉLIO DE MELLO JÚNIOR, 117",PIRATININGA,24350280,-22.9393022,-43.0618731,336
144,342,1686,COLÉGIO DA POLÍCIA MILITAR,"ALAMEDA SÃO BOAVENTURA, 1134",FONSECA,24120297,-22.8818063,-43.0820149,235
144,107,1236,COLÉGIO ESTADUAL MULLULO DA VEIGA,RUA CORONEL GUIMARÃES 505,ENGENHOCA,24110130,-22.8708282,-43.0988892,319
72,398,1732,CLUBE NAVAL,AVENIDA CARLOS ERMELINDO MARINS 68,JURUJUBA,24370195,-22.935737,-43.1068139,336
72,130,1147,ESCOLA MUNICIPAL VERA LUCIA MACHADO,RUA ALDEMAR DE PAIVA LOTE 7 E 8,BADU,24320230,-22.9045,-43.0500355,330
72,411,1740,COLÉGIO ZEROHUM,"RUA ARY PARREIRAS, 73",ICARAÍ,24230058,-22.9111671,-43.1073245,329
71,116,1333,PARÓQUIA NOSSA SENHORA AUXILIADORA - CENTRO COMUNITÁRIO,"RUA SANTA ROSA, 216",SANTA ROSA,24240225,-22.9020239,-43.0994239,358
71,425,1678,LICEU NILO PEÇANHA,AV ERNANI DO AMARAL PEIXOTO 707,CENTRO,24020073,-22.8935707,-43.1165611,233
71,124,1368,INSTITUTO SÃO JOSÉ,RUA GERALDO MARTINS 166,SANTA ROSA,24220381,-22.901754,-43.1018878,369
144,314,1694,ESPAÇO DO SABER,ALAMEDA SÃO BOAVENTURA 887,FONSECA,24130223,-22.8810443,-43.087791,304
72,254,1562,ESCOLA MUNICIPAL HELENA ANTIPOFF,RUA RUI BARBOSA 710,SÃO FRANCISCO,24360440,-22.9129237,-43.0786396,325
144,51,1163,COLÉGIO ESTADUAL CONSELHEIRO MACEDO SOARES,RUA DR. MARCH 392,BARRETO,24110650,-22.8622231,-43.0924035,352
72,196,1147,ESCOLA MUNICIPAL VERA LUCIA MACHADO,RUA ALDEMAR DE PAIVA LOTE 7 E 8,BADU,24320230,-22.9045,-43.0500355,330
144,230,1562,LBV LEGIÃO DA BOA VONTADE,ALAMEDA SÃO BOAVENTURA 474,FONSECA,24120191,-22.8811009,-43.0979899,344
144,30,1104,ESCOLA MUNICIPAL ALTIVO CESAR,"RUA DR. LUIZ PALMIER, 25",BARRETO,24110310,-22.8645343,-43.0995714,336
144,349,1686,COLÉGIO DA POLÍCIA MILITAR,"ALAMEDA SÃO BOAVENTURA, 1134",FONSECA,24120297,-22.8818063,-43.0820149,231
199,44,1082,UMEI DR PAULO CESAR DE ALMEIDA PIMENTEL,RUA ANTONIO LUIZ SAIÃO CAMPO BELO,ITAIPU,24348000,-22.9614459,-43.0327165,163
144,119,1210,UMEI THEREZINHA KALIL PETRUS (ANTIGO TIO SAM),RUA BENJAMIM CONSTANT 562,BARRETO,24110002,-22.8719306,-43.104502,311
71,338,1554,FACULDADE DE ENGENHARIA DA UFF,RUA PASSO DA PATRIA 156,SÃO DOMINGOS,24210240,-22.903848,-43.1302712,334
144,76,1406,COLÉGIO NITERÓI,"RUA  VEREADOR JOSÉ VICENTE SOBRINHO, 269",ENGENHOCA,24110130,-22.8706133,-43.1018717,313
72,428,1759,COLÉGIO MV1,RUA GAVIÃO PEIXOTO 398,ICARAÍ,24230103,-22.9079111,-43.1058651,309
71,353,1570,COLÉGIO UNIVERSÍTÁRIO DA UFF (CIEP GRAGOATÁ),RUA ALEXANDRE MOURA 8,SÃO DOMINGOS,24210200,-22.900281,-43.1316649,323
72,63,1171,ESCOLA MUNICIPAL ANTONIO COUTINHO DE AZEVEDO,AV DES NESTOR RODRIGUES PERLINGEIRO S/N,SANTA BARBARA,24141330,-22.8756043,-43.04869,360
144,50,1163,COLÉGIO ESTADUAL CONSELHEIRO MACEDO SOARES,RUA DR. MARCH 392,BARRETO,24110650,-22.8622231,-43.0924035,359
199,225,1465,COLÉGIO CURSO PENSI - ITAIPU,"RUA JORNALISTA NEWTON BRAGA MELO, QD 1, LT 3,4 E 5",ITAIPU,24342320,-22.9421824,-43.03776,369
72,468,1546,COLÉGIO GOMES PEREIRA,AVENIDA RUI BARBOSA 1250,LARGO DA BATALHA,24310005,-22.9081863,-43.0665152,134
72,266,1589,COLÉGIO GAY-LUSSAC,RUA MARIA CALDAS 35,SÃO FRANCISCO,24365050,-22.9168331,-43.0892838,335
144,54,1171,ESCOLA ESTADUAL MENEZES VIEIRA,RUA GENERAL CASTRIOTO S/N,BARRETO,24110000,-22.8693286,-43.1032004,279
144,140,1449,INSTITUTO SÃO BENTO DE NITEROI,RUA VEREADOR DUQUE ESTRADA 28,SANTA ROSA,24240210,-22.8968349,-43.1000967,384
71,235,1430,COLEGIO ESTADUAL AURELINO LEAL,RUA PRESIDENTE PEDREIRA 79,INGÁ,24210470,-22.9033321,-43.1254512,390
71,305,1520,LOJA MAÇÔNICA EVOLUÇÃO 2,RUA SANTA CLARA 77,PONTA D'AREIA,24040050,-22.8825872,-43.122934,367
199,210,1295,UMEI PROFA ODETE ROSA DA MOTA,ESTRADA FRANCISCO DA CRUZ NUNES S/N (PRÓXIMO AO CORPO DE BOMBEIROS),ITAIPU,24340000,-22.9532368,-43.02859,349
144,318,1651,INSTITUTO EDUCACIONAL TAURUS,"ALAMEDA SÃO BOAVENTURA, 15",FONSECA,24130000,-22.8806664,-43.1093503,218
199,233,1260,COLÉGIO PLUZ,"RUA NICARÁGUA, 20",SERRA GRANDE,24342740,-22.9287514,-43.0124453,378
144,325,1651,INSTITUTO EDUCACIONAL TAURUS,"ALAMEDA SÃO BOAVENTURA, 15",FONSECA,24130000,-22.8806664,-43.1093503,193
71,248,1457,ÁGUAS DE NITEROI,RUA MARQUÊS DO PARANÁ 108/110,CENTRO,24030211,-22.8915411,-43.1141378,369
72,446,1767,COLÉGIO ASSUNÇÃO,RUA GENERAL RONDON 842,SÃO FRANCISCO,24360100,-22.9208239,-43.0926525,350
144,112,1236,COLÉGIO ESTADUAL MULLULO DA VEIGA,RUA CORONEL GUIMARÃES 505,ENGENHOCA,24110130,-22.8708282,-43.0988892,322
72,53,1147,ESCOLA MUNICIPAL VERA LUCIA MACHADO,RUA ALDEMAR DE PAIVA LOTE 7 E 8,BADU,24320230,-22.9045,-43.0500355,334
199,86,1252,CIEP 307 DJANIRA,AV. EWERTON XAVIER S/N - PRACA,VÁRZEA DAS MOÇAS,24330280,-22.910323,-42.9852487,334
199,176,1260,COLÉGIO PLUZ,"RUA NICARÁGUA, 20",SERRA GRANDE,24342740,-22.9287514,-43.0124453,379
199,149,1198,CIEP 448 RUY FRAZÃO SOARES,ESTRADA DO ENGENHO DO MATO S/N - PRACA,ITAIPU,24346040,-22.9356576,-43.0092644,278
144,216,1554,ESCOLA MUNICIPAL PROFESSOR PAULO FREIRE,RUA SOARES DE MIRANDA 77,FONSECA,24120307,-22.8828529,-43.0824987,242
72,379,1716,ESCOLA VIVINFÂNCIA,RUA GAVIÃO PEIXOTO 384,ICARAÍ,24230103,-22.9079727,-43.1056898,277
71,81,1317,ESCOLA ESTADUAL BALTAZAR BERNARDINO,RUA MARIZ E BARROS 444,SANTA ROSA,24220121,-22.9032359,-43.1012931,382
71,75,1368,INSTITUTO SÃO JOSÉ,RUA GERALDO MARTINS 166,SANTA ROSA,24220381,-22.901754,-43.1018878,370
71,158,1392,FACULDADE DE VETERINARIA DA UFF,RUA VITAL BRASIL FILHO 64,VITAL BRASIL,24230340,-22.904908,-43.098407,385
71,156,1309,CURSO MARLY CURY,AV. SETE DE SETEMBRO 165,SANTA ROSA,24230251,-22.9054777,-43.1019227,378
71,311,1678,LICEU NILO PEÇANHA,AV ERNANI DO AMARAL PEIXOTO 707,CENTRO,24020073,-22.8935707,-43.1165611,147
72,67,1171,ESCOLA MUNICIPAL ANTONIO COUTINHO DE AZEVEDO,AV DES NESTOR RODRIGUES PERLINGEIRO S/N,SANTA BARBARA,24141330,-22.8756043,-43.04869,356
72,185,1368,ESCOLA MUNICIPAL VILA COSTA MONTEIRO,RUA ITITIOCA S/N,ITITIOCA,24310410,-22.8963335,-43.077802,387
199,202,1317,COLÉGIO PAULO FREIRE,"AVENIDA IRENE LOPES SODRÉ, N22",ENGENHO DO MATO,24346040,-22.9500178,-43.0246246,387
72,421,1759,COLÉGIO MV1,RUA GAVIÃO PEIXOTO 398,ICARAÍ,24230103,-22.9079111,-43.1058651,310
144,285,1554,ESCOLA MUNICIPAL PROFESSOR PAULO FREIRE,RUA SOARES DE MIRANDA 77,FONSECA,24120307,-22.8828529,-43.0824987,242
144,27,1104,ESCOLA MUNICIPAL ALTIVO CESAR,"RUA DR. LUIZ PALMIER, 25",BARRETO,24110310,-22.8645343,-43.0995714,339
71,327,1546,UNIVERSIDADE SALGADO DE OLIVEIRA - BL A,RUA MARECHAL DEODORO 217,CENTRO,24030060,-22.8894749,-43.1186087,174
144,253,1589,COLÉGIO NOSSA SENHORA DAS MERCÊS,ALAMEDA SAO BOAVENTURA 297,FONSECA,24130000,-22.880345,-43.1023535,372
71,439,1600,INSTITUTO DE EDUCAÇÃO PROFESSOR ISMAEL COUTINHO - IEPIC,"TRAVESSA MANOEL CONTINENTINO, 31",SÃO DOMINGOS,24210150,-22.8989767,-43.1271052,156
144,170,1473,ESCOLA ESTADUAL JOSE BONIFACIO,RUA CARLOS MAXIMIANO 20,FONSECA,24120000,-22.8831949,-43.1060172,329
144,63,1210,UMEI THEREZINHA KALIL PETRUS (ANTIGO TIO SAM),RUA BENJAMIM CONSTANT 562,BARRETO,24110002,-22.8719306,-43.104502,311
71,136,1015,CENTRO EDUCACIONAL DE NITEROI - CENTRINHO,RUA ITAGUAI 173,SANTA ROSA,24240130,-22.8965191,-43.1018339,349
72,282,1597,COLÉGIO PONTO DE ENSINO,RUA OSWALDO CRUZ 32,ICARAÍ,24230210,-22.9092421,-43.1095209,343
71,431,1678,LICEU NILO PEÇANHA,AV ERNANI DO AMARAL PEIXOTO 707,CENTRO,24020073,-22.8935707,-43.1165611,236
199,100,1155,COLÉGIO ITAPUCA,"AV. ERNANI DE FARIAS ALVES, N 124 TREVO DE PIRATININGA",PIRATININGA,24350680,-22.9437854,-43.0593249,317
199,59,1120,COLÉGIO ESTADUAL ALMIRANTE TAMANDARÉ,AV. ACURCIO TORRES S/N,PIRATININGA,24358080,-22.9512083,-43.0916732,292
72,71,1180,ESCOLA MUNICIPAL RACHIDE DA GLORIA SALIM SAKER,RUA JANDIRA PEREIRA 620,SANTA BARBARA,24141400,-22.8766134,-43.0488967,342
72,132,1368,ESCOLA MUNICIPAL VILA COSTA MONTEIRO,RUA ITITIOCA S/N,ITITIOCA,24310410,-22.8963335,-43.077802,389
199,256,1406,CANADIAN SCHOOL OF NITERÓI - EXPANSÃO ITACOATIARA,"RUA ANTONIO NASCIMENTO COTTAS, QD 16, LT 7,R.N 122",ITACOATIARA,24346020,-22.9619895,-43.0348161,130
72,204,1040,CIEP 447 - CARAMUJO,RODOVIA AMARAL PEIXOTO KM 2,CARAMUJO,24140390,-22.8827294,-43.065134,268
199,21,1066,COLÉGIO CENECISTA JULIO CESAR SOUZA BALTHAREJO,"ESTRADA FRANCISCO DA CRUZ NUNES , 7245 - ITAIPU",ITAIPU,24340000,-22.9646939,-43.0332117,344
72,379,1716,ESCOLA VIVINFÂNCIA,RUA GAVIÃO PEIXOTO 384,ICARAÍ,24230103,-22.9079727,-43.1056898,277
144,344,1686,COLÉGIO DA POLÍCIA MILITAR,"ALAMEDA SÃO BOAVENTURA, 1134",FONSECA,24120297,-22.8818063,-43.0820149,231
72,197,1040,CIEP 447 - CARAMUJO,RODOVIA AMARAL PEIXOTO KM 2,CARAMUJO,24140390,-22.8827294,-43.065134,267
144,333,1660,COLÉGIO ESTADUAL CONSELHEIRO JOSINO,"RUA TEIXEIRA DE FREITAS, 421",FONSECA,24130610,-22.8734262,-43.0749723,359
71,131,1392,FACULDADE DE VETERINARIA DA UFF,RUA VITAL BRASIL FILHO 64,VITAL BRASIL,24230340,-22.904908,-43.098407,388
199,153,1252,CIEP 307 DJANIRA,AV. EWERTON XAVIER S/N - PRACA,VÁRZEA DAS MOÇAS,24330280,-22.910323,-42.9852487,323
71,77,1244,ESCOLA ESTADUAL MANUEL DE ABREU,RUA LOPES TROVAO 287-A,ICARAÍ,24220070,-22.9023086,-43.1071569,377
72,57,1112,ESCOLA ESTADUAL LEOPOLDO FROES,RUA REVERENDO ARMANDO FERREIRA  S/N,LARGO DA BATALHA,24310400,-22.9100474,-43.0677553,344
72,7,1040,CIEP 447 - CARAMUJO,RODOVIA AMARAL PEIXOTO KM 2,CARAMUJO,24140390,-22.8827294,-43.065134,270
71,118,1309,CURSO MARLY CURY,AV. SETE DE SETEMBRO 165,SANTA ROSA,24230251,-22.9054777,-43.1019227,377
72,267,1589,COLÉGIO GAY-LUSSAC,RUA MARIA CALDAS 35,SÃO FRANCISCO,24365050,-22.9168331,-43.0892838,336
144,164,1473,ESCOLA ESTADUAL JOSE BONIFACIO,RUA CARLOS MAXIMIANO 20,FONSECA,24120000,-22.8831949,-43.1060172,331
72,277,1597,COLÉGIO PONTO DE ENSINO,RUA OSWALDO CRUZ 32,ICARAÍ,24230210,-22.9092421,-43.1095209,345
71,428,1678,LICEU NILO PEÇANHA,AV ERNANI DO AMARAL PEIXOTO 707,CENTRO,24020073,-22.8935707,-43.1165611,245
144,15,1031,(PRÉDIO NOVO) COLÉGIO PEDRO II UNIDADE NITERÓI,RUA ASSIS DE VASCONCELOS S/N,BARRETO,24210000,-22.8685685,-43.1037833,269
199,246,1104,CURSO CNA- PIRATININGA,RUA ERNANI DE FARIAS ALVES 152,PIRATININGA,24350135,-22.9441523,-43.0589254,305
144,114,1252,ESCOLA MUNICIPAL ADELINO MAGALHÃES,"RUA DR. NELSON PENA, 17",ENGENHOCA,24110520,-22.8739038,-43.0944571,236
72,322,1651,PH COLÉGIO,RUA ALVARES DE AZEVEDO 237,ICARAÍ,24220020,-22.9006508,-43.1110377,283
72,65,1171,ESCOLA MUNICIPAL ANTONIO COUTINHO DE AZEVEDO,AV DES NESTOR RODRIGUES PERLINGEIRO S/N,SANTA BARBARA,24141330,-22.8756043,-43.04869,357
199,197,1295,UMEI PROFA ODETE ROSA DA MOTA,ESTRADA FRANCISCO DA CRUZ NUNES S/N (PRÓXIMO AO CORPO DE BOMBEIROS),ITAIPU,24340000,-22.9532368,-43.02859,362
72,232,1520,ESCOLA MUNICIPAL LEVI CARNEIRO,ESTRADA WASHINGTON LUIS 488,SAPÊ,24315115,-22.8961721,-43.0583864,352
144,328,1660,COLÉGIO ESTADUAL CONSELHEIRO JOSINO,"RUA TEIXEIRA DE FREITAS, 421",FONSECA,24130610,-22.8734262,-43.0749723,367
71,420,1660,FACULDADE DE DIREITO DA UFF - UFF - DIREITO 1,RUA PRESIDENTE PEDREIRA 62,INGÁ,24210470,-22.9035832,-43.1258853,354
72,304,1627,ESCOLA MUNICIPAL PROFESSORA LUCIA MARIA SILVEIRA ROCHA,"AV. CARLOS ERMELINDO MARINS, 34",JURUJUBA,24370195,-22.9317575,-43.1166302,344
72,330,1660,CLUBE CENTRAL,"AVENIDA JORNALISTA ALBERTO FRANCISCO TORRES,  335",ICARAÍ,24230005,-22.9075784,-43.111789,349
71,247,1457,ÁGUAS DE NITEROI,RUA MARQUÊS DO PARANÁ 108/110,CENTRO,24030211,-22.8915411,-43.1141378,348
144,60,1201,OFICINAS DO SENAI,RUA GALVAO S/N,BARRETO,24110260,-22.8614396,-43.1026046,330
72,203,1449,CIEP 450 - BADU,ESTRADA CAETANO MONTEIRO S/N,BADU,24320570,-22.9071974,-43.0566124,376
199,113,1031,ESCOLA MUNICIPAL HONORINA DE CARVALHO,RUA PROF. JOSE PECANHA S/N,MARIA PAULA,24325310,-22.882289,-43.0265693,266
71,329,1546,UNIVERSIDADE SALGADO DE OLIVEIRA - BL A,RUA MARECHAL DEODORO 217,CENTRO,24030060,-22.8894749,-43.1186087,175
199,42,1082,UMEI DR PAULO CESAR DE ALMEIDA PIMENTEL,RUA ANTONIO LUIZ SAIÃO CAMPO BELO,ITAIPU,24348000,-22.9614459,-43.0327165,225
144,115,1252,ESCOLA MUNICIPAL ADELINO MAGALHÃES,"RUA DR. NELSON PENA, 17",ENGENHOCA,24110520,-22.8739038,-43.0944571,237
71,267,1600,INSTITUTO DE EDUCAÇÃO PROFESSOR ISMAEL COUTINHO - IEPIC,"TRAVESSA MANOEL CONTINENTINO, 31",SÃO DOMINGOS,24210150,-22.8989767,-43.1271052,313
144,232,1562,LBV LEGIÃO DA BOA VONTADE,ALAMEDA SÃO BOAVENTURA 474,FONSECA,24120191,-22.8811009,-43.0979899,346
71,418,1660,FACULDADE DE DIREITO DA UFF - UFF - DIREITO 1,RUA PRESIDENTE PEDREIRA 62,INGÁ,24210470,-22.9035832,-43.1258853,363
144,266,1597,ESCOLA ESTADUAL HILARIO RIBEIRO,ALAMEDA SAO BOAVENTURA 794,FONSECA,24120191,-22.8813893,-43.0901745,350
199,25,1074,COLÉGIO CURSO ZEROHUM ( ANT GAUSS),"AV. FREI FABIANO, 155 - ITAIPU",ITAIPU,24355250,-22.9427133,-43.0519956,307
72,397,1732,CLUBE NAVAL,AVENIDA CARLOS ERMELINDO MARINS 68,JURUJUBA,24370195,-22.935737,-43.1068139,335
199,178,1155,COLÉGIO ITAPUCA,"AV. ERNANI DE FARIAS ALVES, N 124 TREVO DE PIRATININGA",PIRATININGA,24350680,-22.9437854,-43.0593249,315
72,318,1651,PH COLÉGIO,RUA ALVARES DE AZEVEDO 237,ICARAÍ,24220020,-22.9006508,-43.1110377,280
71,268,1600,INSTITUTO DE EDUCAÇÃO PROFESSOR ISMAEL COUTINHO - IEPIC,"TRAVESSA MANOEL CONTINENTINO, 31",SÃO DOMINGOS,24210150,-22.8989767,-43.1271052,160
144,105,1317,IGREJA BATISTA BETEL DE NITERÓI,RUA DANIEL TORRES 72,ENGENHOCA,24110460,-22.8716138,-43.096026,281
199,174,1287,ESCOLA MUNICIPAL PROF MARCOS WALDEMAR DE FREITAS REIS,"RUA ANTONIO LUIZ SAIÃO, S/N ITAIPU",ITAIPU,24346087,-22.9615628,-43.0330724,339
144,19,1171,ESCOLA ESTADUAL MENEZES VIEIRA,RUA GENERAL CASTRIOTO S/N,BARRETO,24110000,-22.8693286,-43.1032004,281
72,452,1775,ESCOLA ESTADUAL CIZÍNIO SOARES PINTO,RUA PRESIDENTE ROOSEVELT 2,SÃO FRANCISCO,24360066,-22.9147594,-43.093934,334
71,439,1600,INSTITUTO DE EDUCAÇÃO PROFESSOR ISMAEL COUTINHO - IEPIC,"TRAVESSA MANOEL CONTINENTINO, 31",SÃO DOMINGOS,24210150,-22.8989767,-43.1271052,156
72,39,1112,ESCOLA ESTADUAL LEOPOLDO FROES,RUA REVERENDO ARMANDO FERREIRA  S/N,LARGO DA BATALHA,24310400,-22.9100474,-43.0677553,344
144,186,1481,GRUPO ESCOLAR EMBAIXADOR RAUL FERNANDES,"RUA RIODADES, 253",FONSECA,24130241,-22.8767501,-43.0821505,275
199,196,1015,COUNTRY CLUB DE NITEROI,RUA CHILE 135,VILA PROGRESSO,24322000,-22.8970192,-43.0347113,383
199,147,1112,COLÉGIO SALESIANO REGIÃO OCEÂNICA,"RUA DOUTOR CORNÉLIO DE MELLO JÚNIOR, 117",PIRATININGA,24350280,-22.9393022,-43.0618731,332
144,125,1031,(PRÉDIO NOVO) COLÉGIO PEDRO II UNIDADE NITERÓI,RUA ASSIS DE VASCONCELOS S/N,BARRETO,24210000,-22.8685685,-43.1037833,263
72,199,1368,ESCOLA MUNICIPAL VILA COSTA MONTEIRO,RUA ITITIOCA S/N,ITITIOCA,24310410,-22.8963335,-43.077802,394
72,186,1473,COLÉGIO FORUM CULTURAL,ESTRADA FRANCISCO DA CRUZ NUNES 2454,CANTAGALO,24310410,-22.9163184,-43.0490094,344
71,349,1562,COLEGIO ESTADUAL RAUL VIDAL,AVENIDA FELICIANO SODRE 21,CENTRO,24030013,-22.8862372,-43.1242688,298
71,256,1465,CENTRO UNIVERSITÁRIO ANHANGUERA (ANTIGO PLÍNIO LEITE),RUA VISCONDE DO RIO BRANCO 123,CENTRO,24020000,-22.8869267,-43.1245632,330
144,346,1686,COLÉGIO DA POLÍCIA MILITAR,"ALAMEDA SÃO BOAVENTURA, 1134",FONSECA,24120297,-22.8818063,-43.0820149,232
144,13,1031,(PRÉDIO NOVO) COLÉGIO PEDRO II UNIDADE NITERÓI,RUA ASSIS DE VASCONCELOS S/N,BARRETO,24210000,-22.8685685,-43.1037833,268
199,82,1252,CIEP 307 DJANIRA,AV. EWERTON XAVIER S/N - PRACA,VÁRZEA DAS MOÇAS,24330280,-22.910323,-42.9852487,335
72,292,1619,COLEGIO ESTADUAL JOAQUIM TAVORA,PRAÇA PREF.FERRAZ-CAMPO DE SAO BENTO S/N,ICARAÍ,24230160,-22.9048788,-43.1081976,238
144,228,1554,ESCOLA MUNICIPAL PROFESSOR PAULO FREIRE,RUA SOARES DE MIRANDA 77,FONSECA,24120307,-22.8828529,-43.0824987,242
71,323,1546,UNIVERSIDADE SALGADO DE OLIVEIRA - BL A,RUA MARECHAL DEODORO 217,CENTRO,24030060,-22.8894749,-43.1186087,178
72,276,1597,COLÉGIO PONTO DE ENSINO,RUA OSWALDO CRUZ 32,ICARAÍ,24230210,-22.9092421,-43.1095209,346
199,9,1031,ESCOLA MUNICIPAL HONORINA DE CARVALHO,RUA PROF. JOSE PECANHA S/N,MARIA PAULA,24325310,-22.882289,-43.0265693,284
72,280,1597,COLÉGIO PONTO DE ENSINO,RUA OSWALDO CRUZ 32,ICARAÍ,24230210,-22.9092421,-43.1095209,345
199,47,1112,COLÉGIO SALESIANO REGIÃO OCEÂNICA,"RUA DOUTOR CORNÉLIO DE MELLO JÚNIOR, 117",PIRATININGA,24350280,-22.9393022,-43.0618731,357
199,52,1139,ESCOLA MUNICIPAL FRANCISCO PORTUGAL NEVES,"RUA MANOEL PACHECO DE CARVALHO, N 14 TREVO DE PIRATININGA",PIRATININGA,24350310,-22.942363,-43.056665,349
199,231,1112,COLÉGIO SALESIANO REGIÃO OCEÂNICA,"RUA DOUTOR CORNÉLIO DE MELLO JÚNIOR, 117",PIRATININGA,24350280,-22.9393022,-43.0618731,317
72,255,1562,ESCOLA MUNICIPAL HELENA ANTIPOFF,RUA RUI BARBOSA 710,SÃO FRANCISCO,24360440,-22.9129237,-43.0786396,330
144,70,1236,COLÉGIO ESTADUAL MULLULO DA VEIGA,RUA CORONEL GUIMARÃES 505,ENGENHOCA,24110130,-22.8708282,-43.0988892,347
71,340,1562,COLEGIO ESTADUAL RAUL VIDAL,AVENIDA FELICIANO SODRE 21,CENTRO,24030013,-22.8862372,-43.1242688,298
144,174,1473,ESCOLA ESTADUAL JOSE BONIFACIO,RUA CARLOS MAXIMIANO 20,FONSECA,24120000,-22.8831949,-43.1060172,326
199,177,1295,UMEI PROFA ODETE ROSA DA MOTA,ESTRADA FRANCISCO DA CRUZ NUNES S/N (PRÓXIMO AO CORPO DE BOMBEIROS),ITAIPU,24340000,-22.9532368,-43.02859,359
144,9,1031,(PRÉDIO NOVO) COLÉGIO PEDRO II UNIDADE NITERÓI,RUA ASSIS DE VASCONCELOS S/N,BARRETO,24210000,-22.8685685,-43.1037833,276
144,254,1589,COLÉGIO NOSSA SENHORA DAS MERCÊS,ALAMEDA SAO BOAVENTURA 297,FONSECA,24130000,-22.880345,-43.1023535,372
144,256,1589,COLÉGIO NOSSA SENHORA DAS MERCÊS,ALAMEDA SAO BOAVENTURA 297,FONSECA,24130000,-22.880345,-43.1023535,372
144,36,1112,ESCOLA MUNICIPAL TIRADENTES,"RUA DR. MARCH, 628",TENENTE JARDIM,24110650,-22.8634427,-43.0844313,349
72,290,1619,COLEGIO ESTADUAL JOAQUIM TAVORA,PRAÇA PREF.FERRAZ-CAMPO DE SAO BENTO S/N,ICARAÍ,24230160,-22.9048788,-43.1081976,237
144,320,1651,INSTITUTO EDUCACIONAL TAURUS,"ALAMEDA SÃO BOAVENTURA, 15",FONSECA,24130000,-22.8806664,-43.1093503,190
71,397,1643,JARDIM DE INFÂNCIA ALBERTO DE OLIVEIRA,RUA EVARISTO DA VEIGA 108,CENTRO,24020280,-22.8927568,-43.11592,175
144,113,1252,ESCOLA MUNICIPAL ADELINO MAGALHÃES,"RUA DR. NELSON PENA, 17",ENGENHOCA,24110520,-22.8739038,-43.0944571,238
71,317,1678,LICEU NILO PEÇANHA,AV ERNANI DO AMARAL PEIXOTO 707,CENTRO,24020073,-22.8935707,-43.1165611,148
72,360,1708,ESCOLA MUNICIPAL JÚLIA CORTINES,RUA LOPES TROVAO 1-CAMPO DE SÃO BENTO S/N,ICARAÍ,24220070,-22.9043592,-43.1086717,330
71,31,1104,INSTITUTO MAIA VINAGRE,RUA NORONHA TORREZÃO 68,SANTA ROSA,24240182,-22.8976844,-43.1021103,393
71,390,1619,COLEGIO SAO VICENTE DE PAULO,RUA MIGUEL DE FRIAS 123,ICARAÍ,24220001,-22.902041,-43.1146235,225
72,441,1767,COLÉGIO ASSUNÇÃO,RUA GENERAL RONDON 842,SÃO FRANCISCO,24360100,-22.9208239,-43.0926525,350
144,237,1570,SECRETARIA DE ESTADO DE AGRICULTURA E ABASTECIMENTO,ALAMEDA SAO BOAVENTURA 770,FONSECA,24120191,-22.8823618,-43.0907682,309
72,447,1767,COLÉGIO ASSUNÇÃO,RUA GENERAL RONDON 842,SÃO FRANCISCO,24360100,-22.9208239,-43.0926525,348
144,339,1678,ESCOLA MUNICIPAL JACINTA MEDELA,"RUA TENENTE OSORIO, 10",FONSECA,24130200,-22.8789902,-43.0919052,373
71,168,1244,ESCOLA ESTADUAL MANUEL DE ABREU,RUA LOPES TROVAO 287-A,ICARAÍ,24220070,-22.9023086,-43.1071569,378
144,336,1660,COLÉGIO ESTADUAL CONSELHEIRO JOSINO,"RUA TEIXEIRA DE FREITAS, 421",FONSECA,24130610,-22.8734262,-43.0749723,366
72,21,1449,CIEP 450 - BADU,ESTRADA CAETANO MONTEIRO S/N,BADU,24320570,-22.9071974,-43.0566124,371
71,225,1422,CLUBE PORTUGUES DE NITEROI,RUA PROFESSOR LARA VILELA 176,SÃO DOMINGOS,24210590,-22.9021482,-43.1274594,385
71,275,1481,ESCOLA MUNICIPAL MAESTRO HEITOR VILLA-LOBOS (''COLÉGIO NOVO''),RUA SALO BRAND S/N,ILHA DA CONCEIÇÃO,24050070,-22.8731482,-43.1156463,303
72,151,1040,CIEP 447 - CARAMUJO,RODOVIA AMARAL PEIXOTO KM 2,CARAMUJO,24140390,-22.8827294,-43.065134,267
71,29,1104,INSTITUTO MAIA VINAGRE,RUA NORONHA TORREZÃO 68,SANTA ROSA,24240182,-22.8976844,-43.1021103,387
71,257,1465,CENTRO UNIVERSITÁRIO ANHANGUERA (ANTIGO PLÍNIO LEITE),RUA VISCONDE DO RIO BRANCO 123,CENTRO,24020000,-22.8869267,-43.1245632,330
72,234,1520,ESCOLA MUNICIPAL LEVI CARNEIRO,ESTRADA WASHINGTON LUIS 488,SAPÊ,24315115,-22.8961721,-43.0583864,349
144,64,1210,UMEI THEREZINHA KALIL PETRUS (ANTIGO TIO SAM),RUA BENJAMIM CONSTANT 562,BARRETO,24110002,-22.8719306,-43.104502,315
71,365,1597,ESCOLA MUNICIPAL SANTOS DUMONT,RUA MANOEL CORREIA S/N,FÁTIMA,24070100,-22.8954125,-43.1094692,292
72,392,1732,CLUBE NAVAL,AVENIDA CARLOS ERMELINDO MARINS 68,JURUJUBA,24370195,-22.935737,-43.1068139,337
71,134,1392,FACULDADE DE VETERINARIA DA UFF,RUA VITAL BRASIL FILHO 64,VITAL BRASIL,24230340,-22.904908,-43.098407,387
71,391,1619,COLEGIO SAO VICENTE DE PAULO,RUA MIGUEL DE FRIAS 123,ICARAÍ,24220001,-22.902041,-43.1146235,225
199,126,1198,CIEP 448 RUY FRAZÃO SOARES,ESTRADA DO ENGENHO DO MATO S/N - PRACA,ITAIPU,24346040,-22.9356576,-43.0092644,289
199,198,1104,CURSO CNA- PIRATININGA,RUA ERNANI DE FARIAS ALVES 152,PIRATININGA,24350135,-22.9441523,-43.0589254,380
144,29,1104,ESCOLA MUNICIPAL ALTIVO CESAR,"RUA DR. LUIZ PALMIER, 25",BARRETO,24110310,-22.8645343,-43.0995714,336
71,392,1627,REITORIA DA UFF,RUA MIGUEL DE FRIAS 9,ICARAÍ,24220900,-22.9031771,-43.1164314,387
144,197,1503,SERVICO DE ASSISTENCIA SOCIAL SAO DOMINGOS SAVIO,RUA MARTINS TORRES 223,SANTA ROSA,24240705,-22.8988024,-43.0928214,341
199,93,1317,COLÉGIO PAULO FREIRE,"AVENIDA IRENE LOPES SODRÉ, N22",ENGENHO DO MATO,24346040,-22.9500178,-43.0246246,383
144,2,1023,PAROQUIA DE SAO JOAO BATISTA,RUA DR. MARCH 666,TENENTE JARDIM,24110160,-22.8639855,-43.0827273,338
144,130,1104,ESCOLA MUNICIPAL ALTIVO CESAR,"RUA DR. LUIZ PALMIER, 25",BARRETO,24110310,-22.8645343,-43.0995714,334
72,273,1589,COLÉGIO GAY-LUSSAC,RUA MARIA CALDAS 35,SÃO FRANCISCO,24365050,-22.9168331,-43.0892838,334
72,189,1074,COLEGIO ESTADUAL PAULO ASSIS RIBEIRO,ESTRADA CAETANO MONTEIRO 814,BADU,24320570,-22.9068537,-43.0573891,347
199,254,1422,CANADIAN SCHOOL OF NITERÓI - PIRATININGA,"RUA AMÉRICO ALVES DA COSTA, 363",PIRATININGA,24350350,-22.9385068,-43.0658055,195
71,217,1414,UNIVERSIDADE SALGADO DE OLIVEIRA - BL B (PRÓXIMO AO GUANABARA),RUA MARECHAL DEODORO 263,CENTRO,24030060,-22.8893447,-43.1172001,270
199,244,1317,COLÉGIO PAULO FREIRE,"AVENIDA IRENE LOPES SODRÉ, N22",ENGENHO DO MATO,24346040,-22.9500178,-43.0246246,380
199,105,1244,COLÉGIO LAPLACE,"RUA MANOEL PACHECO DE CARVALHO, N 80",PIRATININGA,24350400,-22.9425434,-43.05605,341
144,75,1406,COLÉGIO NITERÓI,"RUA  VEREADOR JOSÉ VICENTE SOBRINHO, 269",ENGENHOCA,24110130,-22.8706133,-43.1018717,311
199,92,1120,COLÉGIO ESTADUAL ALMIRANTE TAMANDARÉ,AV. ACURCIO TORRES S/N,PIRATININGA,24358080,-22.9512083,-43.0916732,301
71,96,1295,COLEGIO SALESIANO SANTA ROSA,RUA SANTA ROSA 207,SANTA ROSA,24240220,-22.9016745,-43.0996973,376
144,281,1600,CIEP 251 - DONA MARIA PORTUGAL,RODOVIA AMARAL PEIXOTO KM 3,BALDEADOR,24140580,-22.877013,-43.0557658,349
72,460,1783,SOCIEDADE BRASILEIRA DE CULTURA INGLESA,RUA OTAVIO CARNEIRO 23,ICARAÍ,24230190,-22.9075527,-43.1111859,335
71,295,1511,FACULDADE DE ADMINISTRAÇÃO E CIÊNCIAS CONTÁBEIS (VALONGUINHO),RUA MÁRIO SANTOS BRAGA S/N,CENTRO,24020140,-22.8967413,-43.1252439,242
71,412,1660,FACULDADE DE DIREITO DA UFF - UFF - DIREITO 1,RUA PRESIDENTE PEDREIRA 62,INGÁ,24210470,-22.9035832,-43.1258853,362
72,242,1538,ESCOLA CATAVENTO ESPAÇO DE EDUCAÇÃO,"ESTRADA WASHINGTON LUIZ, 224",SAPÊ,24315375,-22.9024713,-43.0635188,351
199,118,1112,COLÉGIO SALESIANO REGIÃO OCEÂNICA,"RUA DOUTOR CORNÉLIO DE MELLO JÚNIOR, 117",PIRATININGA,24350280,-22.9393022,-43.0618731,337
199,58,1120,COLÉGIO ESTADUAL ALMIRANTE TAMANDARÉ,AV. ACURCIO TORRES S/N,PIRATININGA,24358080,-22.9512083,-43.0916732,293
72,389,1724,AABB,RUA HÉLIO DA SILVA CARNEIRO 78,SÃO FRANCISCO,24360540,-22.9172823,-43.0826083,363
199,151,1090,COLÉGIO ESTADUAL PROFESSORA ALCINA RODRIGUES LIMA,"ESTRADA FRANCISCO DA CRUZ NUNES, S/N",ITAIPU,24310340,-22.9528491,-43.0285072,249
199,205,1295,UMEI PROFA ODETE ROSA DA MOTA,ESTRADA FRANCISCO DA CRUZ NUNES S/N (PRÓXIMO AO CORPO DE BOMBEIROS),ITAIPU,24340000,-22.9532368,-43.02859,362
72,331,1660,CLUBE CENTRAL,"AVENIDA JORNALISTA ALBERTO FRANCISCO TORRES,  335",ICARAÍ,24230005,-22.9075784,-43.111789,349
71,93,1295,COLEGIO SALESIANO SANTA ROSA,RUA SANTA ROSA 207,SANTA ROSA,24240220,-22.9016745,-43.0996973,369
144,67,1236,COLÉGIO ESTADUAL MULLULO DA VEIGA,RUA CORONEL GUIMARÃES 505,ENGENHOCA,24110130,-22.8708282,-43.0988892,348
71,435,1678,LICEU NILO PEÇANHA,AV ERNANI DO AMARAL PEIXOTO 707,CENTRO,24020073,-22.8935707,-43.1165611,234
72,283,1597,COLÉGIO PONTO DE ENSINO,RUA OSWALDO CRUZ 32,ICARAÍ,24230210,-22.9092421,-43.1095209,345
199,120,1015,COUNTRY CLUB DE NITEROI,RUA CHILE 135,VILA PROGRESSO,24322000,-22.8970192,-43.0347113,388
72,246,1147,ESCOLA MUNICIPAL VERA LUCIA MACHADO,RUA ALDEMAR DE PAIVA LOTE 7 E 8,BADU,24320230,-22.9045,-43.0500355,331
144,245,1570,SECRETARIA DE ESTADO DE AGRICULTURA E ABASTECIMENTO,ALAMEDA SAO BOAVENTURA 770,FONSECA,24120191,-22.8823618,-43.0907682,308
199,43,1082,UMEI DR PAULO CESAR DE ALMEIDA PIMENTEL,RUA ANTONIO LUIZ SAIÃO CAMPO BELO,ITAIPU,24348000,-22.9614459,-43.0327165,233
72,205,1368,ESCOLA MUNICIPAL VILA COSTA MONTEIRO,RUA ITITIOCA S/N,ITITIOCA,24310410,-22.8963335,-43.077802,386
144,284,1600,CIEP 251 - DONA MARIA PORTUGAL,RODOVIA AMARAL PEIXOTO KM 3,BALDEADOR,24140580,-22.877013,-43.0557658,349
72,450,1767,COLÉGIO ASSUNÇÃO,RUA GENERAL RONDON 842,SÃO FRANCISCO,24360100,-22.9208239,-43.0926525,350
199,125,1031,ESCOLA MUNICIPAL HONORINA DE CARVALHO,RUA PROF. JOSE PECANHA S/N,MARIA PAULA,24325310,-22.882289,-43.0265693,266
72,287,1619,COLEGIO ESTADUAL JOAQUIM TAVORA,PRAÇA PREF.FERRAZ-CAMPO DE SAO BENTO S/N,ICARAÍ,24230160,-22.9048788,-43.1081976,239
72,409,1732,CLUBE NAVAL,AVENIDA CARLOS ERMELINDO MARINS 68,JURUJUBA,24370195,-22.935737,-43.1068139,331
71,82,1260,INSTITUTO ABEL,AV. ROBERTO SILVEIRA 29,ICARAÍ,24230150,-22.9004168,-43.1094942,393
71,422,1678,LICEU NILO PEÇANHA,AV ERNANI DO AMARAL PEIXOTO 707,CENTRO,24020073,-22.8935707,-43.1165611,242
71,3,1015,CENTRO EDUCACIONAL DE NITEROI - CENTRINHO,RUA ITAGUAI 173,SANTA ROSA,24240130,-22.8965191,-43.1018339,348
144,33,1104,ESCOLA MUNICIPAL ALTIVO CESAR,"RUA DR. LUIZ PALMIER, 25",BARRETO,24110310,-22.8645343,-43.0995714,335
71,394,1627,REITORIA DA UFF,RUA MIGUEL DE FRIAS 9,ICARAÍ,24220900,-22.9031771,-43.1164314,385
72,334,1660,CLUBE CENTRAL,"AVENIDA JORNALISTA ALBERTO FRANCISCO TORRES,  335",ICARAÍ,24230005,-22.9075784,-43.111789,349
199,213,1325,ESCOLA MUNICIPAL SÍTIO DO IPÊ,RUA PROF. JOSÉ PEÇANHA,MARIA PAULA,24325310,-22.8821134,-43.0267087,362
144,16,1112,ESCOLA MUNICIPAL TIRADENTES,"RUA DR. MARCH, 628",TENENTE JARDIM,24110650,-22.8634427,-43.0844313,351
72,122,1074,COLEGIO ESTADUAL PAULO ASSIS RIBEIRO,ESTRADA CAETANO MONTEIRO 814,BADU,24320570,-22.9068537,-43.0573891,346
71,193,1325,ESCOLA ESTADUAL GUILHERME BRIGGS,RUA MARIO VIANNA 625,SANTA ROSA,24241001,-22.9053667,-43.0895767,371
72,328,1660,CLUBE CENTRAL,"AVENIDA JORNALISTA ALBERTO FRANCISCO TORRES,  335",ICARAÍ,24230005,-22.9075784,-43.111789,353
71,328,1546,UNIVERSIDADE SALGADO DE OLIVEIRA - BL A,RUA MARECHAL DEODORO 217,CENTRO,24030060,-22.8894749,-43.1186087,178
144,330,1660,COLÉGIO ESTADUAL CONSELHEIRO JOSINO,"RUA TEIXEIRA DE FREITAS, 421",FONSECA,24130610,-22.8734262,-43.0749723,370
199,130,1198,CIEP 448 RUY FRAZÃO SOARES,ESTRADA DO ENGENHO DO MATO S/N - PRACA,ITAIPU,24346040,-22.9356576,-43.0092644,291
71,302,1511,FACULDADE DE ADMINISTRAÇÃO E CIÊNCIAS CONTÁBEIS (VALONGUINHO),RUA MÁRIO SANTOS BRAGA S/N,CENTRO,24020140,-22.8967413,-43.1252439,244
144,101,1031,(PRÉDIO NOVO) COLÉGIO PEDRO II UNIDADE NITERÓI,RUA ASSIS DE VASCONCELOS S/N,BARRETO,24210000,-22.8685685,-43.1037833,264
72,446,1767,COLÉGIO ASSUNÇÃO,RUA GENERAL RONDON 842,SÃO FRANCISCO,24360100,-22.9208239,-43.0926525,350
71,138,1260,INSTITUTO ABEL,AV. ROBERTO SILVEIRA 29,ICARAÍ,24230150,-22.9004168,-43.1094942,393
199,216,1287,ESCOLA MUNICIPAL PROF MARCOS WALDEMAR DE FREITAS REIS,"RUA ANTONIO LUIZ SAIÃO, S/N ITAIPU",ITAIPU,24346087,-22.9615628,-43.0330724,336
71,190,1260,INSTITUTO ABEL,AV. ROBERTO SILVEIRA 29,ICARAÍ,24230150,-22.9004168,-43.1094942,399
144,325,1651,INSTITUTO EDUCACIONAL TAURUS,"ALAMEDA SÃO BOAVENTURA, 15",FONSECA,24130000,-22.8806664,-43.1093503,193
71,376,1600,INSTITUTO DE EDUCAÇÃO PROFESSOR ISMAEL COUTINHO - IEPIC,"TRAVESSA MANOEL CONTINENTINO, 31",SÃO DOMINGOS,24210150,-22.8989767,-43.1271052,155
144,349,1686,COLÉGIO DA POLÍCIA MILITAR,"ALAMEDA SÃO BOAVENTURA, 1134",FONSECA,24120297,-22.8818063,-43.0820149,231
144,47,1163,COLÉGIO ESTADUAL CONSELHEIRO MACEDO SOARES,RUA DR. MARCH 392,BARRETO,24110650,-22.8622231,-43.0924035,360
144,255,1589,COLÉGIO NOSSA SENHORA DAS MERCÊS,ALAMEDA SAO BOAVENTURA 297,FONSECA,24130000,-22.880345,-43.1023535,369
144,119,1210,UMEI THEREZINHA KALIL PETRUS (ANTIGO TIO SAM),RUA BENJAMIM CONSTANT 562,BARRETO,24110002,-22.8719306,-43.104502,311
71,319,1678,LICEU NILO PEÇANHA,AV ERNANI DO AMARAL PEIXOTO 707,CENTRO,24020073,-22.8935707,-43.1165611,149
199,255,1457,COLÉGIO CURSO INTELLECTUS - REGIÃO OCEÂNICA,"ESTRADA FRANCISCO DA CRUZ NUNES , 224 A",PIRATININGA,24350310,-22.9356743,-43.0621595,203
72,120,1449,CIEP 450 - BADU,ESTRADA CAETANO MONTEIRO S/N,BADU,24320570,-22.9071974,-43.0566124,365
199,28,1074,COLÉGIO CURSO ZEROHUM ( ANT GAUSS),"AV. FREI FABIANO, 155 - ITAIPU",ITAIPU,24355250,-22.9427133,-43.0519956,299
199,253,1465,COLÉGIO CURSO PENSI - ITAIPU,"RUA JORNALISTA NEWTON BRAGA MELO, QD 1, LT 3,4 E 5",ITAIPU,24342320,-22.9421824,-43.03776,350
71,208,1244,ESCOLA ESTADUAL MANUEL DE ABREU,RUA LOPES TROVAO 287-A,ICARAÍ,24220070,-22.9023086,-43.1071569,373
71,350,1562,COLEGIO ESTADUAL RAUL VIDAL,AVENIDA FELICIANO SODRE 21,CENTRO,24030013,-22.8862372,-43.1242688,296
199,223,1350,ESCOLA MUNICIPAL MARALEGRE,"RUA DR. WALDIR COSTA, LOTES 10 E 11",CAFUBÁ,24350015,-22.9362723,-43.0724233,385
144,332,1660,COLÉGIO ESTADUAL CONSELHEIRO JOSINO,"RUA TEIXEIRA DE FREITAS, 421",FONSECA,24130610,-22.8734262,-43.0749723,374
71,281,1546,UNIVERSIDADE SALGADO DE OLIVEIRA - BL A,RUA MARECHAL DEODORO 217,CENTRO,24030060,-22.8894749,-43.1186087,177
144,292,1627,ESCOLA ESTADUAL DOUTOR JAYME MEMORIA,RUA NORONHA TORREZAO 625,CUBANGO,24240181,-22.88949,-43.0937712,360
72,131,1449,CIEP 450 - BADU,ESTRADA CAETANO MONTEIRO S/N,BADU,24320570,-22.9071974,-43.0566124,374
199,233,1260,COLÉGIO PLUZ,"RUA NICARÁGUA, 20",SERRA GRANDE,24342740,-22.9287514,-43.0124453,378
72,442,1767,COLÉGIO ASSUNÇÃO,RUA GENERAL RONDON 842,SÃO FRANCISCO,24360100,-22.9208239,-43.0926525,351
71,199,1317,ESCOLA ESTADUAL BALTAZAR BERNARDINO,RUA MARIZ E BARROS 444,SANTA ROSA,24220121,-22.9032359,-43.1012931,381
199,257,1457,COLÉGIO CURSO INTELLECTUS - REGIÃO OCEÂNICA,"ESTRADA FRANCISCO DA CRUZ NUNES , 224 A",PIRATININGA,24350310,-22.9356743,-43.0621595,98
72,121,1015,INSTITUTO JCA,"RODOVIA PREFEITO JOÃO SAMPAIO, 2501",SANTA BARBARA,24141380,-22.882301,-43.0585179,225
71,358,1619,COLEGIO SAO VICENTE DE PAULO,RUA MIGUEL DE FRIAS 123,ICARAÍ,24220001,-22.902041,-43.1146235,273
144,299,1627,ESCOLA ESTADUAL DOUTOR JAYME MEMORIA,RUA NORONHA TORREZAO 625,CUBANGO,24240181,-22.88949,-43.0937712,357
71,383,1619,COLEGIO SAO VICENTE DE PAULO,RUA MIGUEL DE FRIAS 123,ICARAÍ,24220001,-22.902041,-43.1146235,224
72,43,1112,ESCOLA ESTADUAL LEOPOLDO FROES,RUA REVERENDO ARMANDO FERREIRA  S/N,LARGO DA BATALHA,24310400,-22.9100474,-43.0677553,343
72,406,1732,CLUBE NAVAL,AVENIDA CARLOS ERMELINDO MARINS 68,JURUJUBA,24370195,-22.935737,-43.1068139,333
71,228,1422,CLUBE PORTUGUES DE NITEROI,RUA PROFESSOR LARA VILELA 176,SÃO DOMINGOS,24210590,-22.9021482,-43.1274594,392
72,407,1732,CLUBE NAVAL,AVENIDA CARLOS ERMELINDO MARINS 68,JURUJUBA,24370195,-22.935737,-43.1068139,334
72,272,1589,COLÉGIO GAY-LUSSAC,RUA MARIA CALDAS 35,SÃO FRANCISCO,24365050,-22.9168331,-43.0892838,331
144,211,1597,ESCOLA ESTADUAL HILARIO RIBEIRO,ALAMEDA SAO BOAVENTURA 794,FONSECA,24120191,-22.8813893,-43.0901745,364
71,408,1651,FACULDADE DE ENFERMAGEM DA UFF,RUA DR CELESTINO 74,CENTRO,24020091,-22.895302,-43.1167706,161
144,71,1236,COLÉGIO ESTADUAL MULLULO DA VEIGA,RUA CORONEL GUIMARÃES 505,ENGENHOCA,24110130,-22.8708282,-43.0988892,344
72,251,1538,ESCOLA CATAVENTO ESPAÇO DE EDUCAÇÃO,"ESTRADA WASHINGTON LUIZ, 224",SAPÊ,24315375,-22.9024713,-43.0635188,346
72,188,1040,CIEP 447 - CARAMUJO,RODOVIA AMARAL PEIXOTO KM 2,CARAMUJO,24140390,-22.8827294,-43.065134,262
71,243,1449,COLÉGIO ESTADUAL ZULEIKA RAPÔSO VALLADARES (''COLÉGIO VELHO''),RUA SALO BRAND S/N,ILHA DA CONCEIÇÃO,24050070,-22.8729269,-43.1147506,371
144,177,1473,ESCOLA ESTADUAL JOSE BONIFACIO,RUA CARLOS MAXIMIANO 20,FONSECA,24120000,-22.8831949,-43.1060172,327
71,315,1678,LICEU NILO PEÇANHA,AV ERNANI DO AMARAL PEIXOTO 707,CENTRO,24020073,-22.8935707,-43.1165611,151
199,175,1066,COLÉGIO CENECISTA JULIO CESAR SOUZA BALTHAREJO,"ESTRADA FRANCISCO DA CRUZ NUNES , 7245 - ITAIPU",ITAIPU,24340000,-22.9646939,-43.0332117,345
71,332,1546,UNIVERSIDADE SALGADO DE OLIVEIRA - BL A,RUA MARECHAL DEODORO 217,CENTRO,24030060,-22.8894749,-43.1186087,176
72,258,1570,IGREJA DO SANTUARIO NACIONAL DAS ALMAS,RUA ALVARES DE AZEVEDO 237,ICARAÍ,24220020,-22.9004522,-43.1107182,298
144,219,1554,ESCOLA MUNICIPAL PROFESSOR PAULO FREIRE,RUA SOARES DE MIRANDA 77,FONSECA,24120307,-22.8828529,-43.0824987,241
144,22,1090,ESCOLA TÉCNICA ESTADUAL HENRIQUE LAGE,RUA GUIMARÃES JUNIOR 182,BARRETO,24110300,-22.8621355,-43.0979546,243
199,133,1198,CIEP 448 RUY FRAZÃO SOARES,ESTRADA DO ENGENHO DO MATO S/N - PRACA,ITAIPU,24346040,-22.9356576,-43.0092644,293
199,74,1163,ANDEF (EX FAETEC),ESTRADA VELHA DE MARICA 4830,RIO DO OURO,24330000,-22.8896379,-42.9978497,312
72,241,1546,COLÉGIO GOMES PEREIRA,AVENIDA RUI BARBOSA 1250,LARGO DA BATALHA,24310005,-22.9081863,-43.0665152,388
144,218,1554,ESCOLA MUNICIPAL PROFESSOR PAULO FREIRE,RUA SOARES DE MIRANDA 77,FONSECA,24120307,-22.8828529,-43.0824987,244
144,69,1236,COLÉGIO ESTADUAL MULLULO DA VEIGA,RUA CORONEL GUIMARÃES 505,ENGENHOCA,24110130,-22.8708282,-43.0988892,341
71,104,1317,ESCOLA ESTADUAL BALTAZAR BERNARDINO,RUA MARIZ E BARROS 444,SANTA ROSA,24220121,-22.9032359,-43.1012931,386
71,393,1627,REITORIA DA UFF,RUA MIGUEL DE FRIAS 9,ICARAÍ,24220900,-22.9031771,-43.1164314,385
144,84,1252,ESCOLA MUNICIPAL ADELINO MAGALHÃES,"RUA DR. NELSON PENA, 17",ENGENHOCA,24110520,-22.8739038,-43.0944571,241
144,95,1236,COLÉGIO ESTADUAL MULLULO DA VEIGA,RUA CORONEL GUIMARÃES 505,ENGENHOCA,24110130,-22.8708282,-43.0988892,348
72,298,1619,COLEGIO ESTADUAL JOAQUIM TAVORA,PRAÇA PREF.FERRAZ-CAMPO DE SAO BENTO S/N,ICARAÍ,24230160,-22.9048788,-43.1081976,238
144,139,1449,INSTITUTO SÃO BENTO DE NITEROI,RUA VEREADOR DUQUE ESTRADA 28,SANTA ROSA,24240210,-22.8968349,-43.1000967,387
72,236,1520,ESCOLA MUNICIPAL LEVI CARNEIRO,ESTRADA WASHINGTON LUIS 488,SAPÊ,24315115,-22.8961721,-43.0583864,350
72,289,1619,COLEGIO ESTADUAL JOAQUIM TAVORA,PRAÇA PREF.FERRAZ-CAMPO DE SAO BENTO S/N,ICARAÍ,24230160,-22.9048788,-43.1081976,237
144,17,1112,ESCOLA MUNICIPAL TIRADENTES,"RUA DR. MARCH, 628",TENENTE JARDIM,24110650,-22.8634427,-43.0844313,351
71,364,1597,ESCOLA MUNICIPAL SANTOS DUMONT,RUA MANOEL CORREIA S/N,FÁTIMA,24070100,-22.8954125,-43.1094692,290
144,147,1449,INSTITUTO SÃO BENTO DE NITEROI,RUA VEREADOR DUQUE ESTRADA 28,SANTA ROSA,24240210,-22.8968349,-43.1000967,384
144,38,1201,OFICINAS DO SENAI,RUA GALVAO S/N,BARRETO,24110260,-22.8614396,-43.1026046,226
144,184,1481,GRUPO ESCOLAR EMBAIXADOR RAUL FERNANDES,"RUA RIODADES, 253",FONSECA,24130241,-22.8767501,-43.0821505,274
72,29,1449,CIEP 450 - BADU,ESTRADA CAETANO MONTEIRO S/N,BADU,24320570,-22.9071974,-43.0566124,373
71,354,1570,COLÉGIO UNIVERSÍTÁRIO DA UFF (CIEP GRAGOATÁ),RUA ALEXANDRE MOURA 8,SÃO DOMINGOS,24210200,-22.900281,-43.1316649,320
144,278,1600,CIEP 251 - DONA MARIA PORTUGAL,RODOVIA AMARAL PEIXOTO KM 3,BALDEADOR,24140580,-22.877013,-43.0557658,355
72,221,1449,CIEP 450 - BADU,ESTRADA CAETANO MONTEIRO S/N,BADU,24320570,-22.9071974,-43.0566124,356
71,326,1546,UNIVERSIDADE SALGADO DE OLIVEIRA - BL A,RUA MARECHAL DEODORO 217,CENTRO,24030060,-22.8894749,-43.1186087,176
72,348,1686,CAIXA ECONÔMICA FEDERAL - AGÊNCIA ICARAÍ,"RUA GAVIÃO PEIXOTO, 226",ICARAÍ,24230102,-22.9052069,-43.1087149,325
72,468,1546,COLÉGIO GOMES PEREIRA,AVENIDA RUI BARBOSA 1250,LARGO DA BATALHA,24310005,-22.9081863,-43.0665152,134
144,268,1597,ESCOLA ESTADUAL HILARIO RIBEIRO,ALAMEDA SAO BOAVENTURA 794,FONSECA,24120191,-22.8813893,-43.0901745,351
199,218,1368,UMEI PROFESSORA NINA RITA TORRES,"AVENIDA DOUTOR ACÚRCIO TORRES, 691",PIRATININGA,24358080,-22.9519115,-43.0861872,375
71,410,1660,FACULDADE DE DIREITO DA UFF - UFF - DIREITO 1,RUA PRESIDENTE PEDREIRA 62,INGÁ,24210470,-22.9035832,-43.1258853,356
72,393,1732,CLUBE NAVAL,AVENIDA CARLOS ERMELINDO MARINS 68,JURUJUBA,24370195,-22.935737,-43.1068139,338
71,185,1244,ESCOLA ESTADUAL MANUEL DE ABREU,RUA LOPES TROVAO 287-A,ICARAÍ,24220070,-22.9023086,-43.1071569,374
144,251,1589,COLÉGIO NOSSA SENHORA DAS MERCÊS,ALAMEDA SAO BOAVENTURA 297,FONSECA,24130000,-22.880345,-43.1023535,372
199,86,1252,CIEP 307 DJANIRA,AV. EWERTON XAVIER S/N - PRACA,VÁRZEA DAS MOÇAS,24330280,-22.910323,-42.9852487,334
144,241,1570,SECRETARIA DE ESTADO DE AGRICULTURA E ABASTECIMENTO,ALAMEDA SAO BOAVENTURA 770,FONSECA,24120191,-22.8823618,-43.0907682,308
71,385,1619,COLEGIO SAO VICENTE DE PAULO,RUA MIGUEL DE FRIAS 123,ICARAÍ,24220001,-22.902041,-43.1146235,225
199,36,1090,COLÉGIO ESTADUAL PROFESSORA ALCINA RODRIGUES LIMA,"ESTRADA FRANCISCO DA CRUZ NUNES, S/N",ITAIPU,24310340,-22.9528491,-43.0285072,236
71,285,1546,UNIVERSIDADE SALGADO DE OLIVEIRA - BL A,RUA MARECHAL DEODORO 217,CENTRO,24030060,-22.8894749,-43.1186087,173
72,391,1732,CLUBE NAVAL,AVENIDA CARLOS ERMELINDO MARINS 68,JURUJUBA,24370195,-22.935737,-43.1068139,336
71,203,1260,INSTITUTO ABEL,AV. ROBERTO SILVEIRA 29,ICARAÍ,24230150,-22.9004168,-43.1094942,393
199,1,1015,COUNTRY CLUB DE NITEROI,RUA CHILE 135,VILA PROGRESSO,24322000,-22.8970192,-43.0347113,389
144,178,1481,GRUPO ESCOLAR EMBAIXADOR RAUL FERNANDES,"RUA RIODADES, 253",FONSECA,24130241,-22.8767501,-43.0821505,274
72,303,1627,ESCOLA MUNICIPAL PROFESSORA LUCIA MARIA SILVEIRA ROCHA,"AV. CARLOS ERMELINDO MARINS, 34",JURUJUBA,24370195,-22.9317575,-43.1166302,343
72,372,1708,ESCOLA MUNICIPAL JÚLIA CORTINES,RUA LOPES TROVAO 1-CAMPO DE SÃO BENTO S/N,ICARAÍ,24220070,-22.9043592,-43.1086717,276
72,59,1112,ESCOLA ESTADUAL LEOPOLDO FROES,RUA REVERENDO ARMANDO FERREIRA  S/N,LARGO DA BATALHA,24310400,-22.9100474,-43.0677553,348
144,315,1694,ESPAÇO DO SABER,ALAMEDA SÃO BOAVENTURA 887,FONSECA,24130223,-22.8810443,-43.087791,226
144,268,1597,ESCOLA ESTADUAL HILARIO RIBEIRO,ALAMEDA SAO BOAVENTURA 794,FONSECA,24120191,-22.8813893,-43.0901745,351
71,96,1295,COLEGIO SALESIANO SANTA ROSA,RUA SANTA ROSA 207,SANTA ROSA,24240220,-22.9016745,-43.0996973,376
71,449,1260,INSTITUTO ABEL,AV. ROBERTO SILVEIRA 29,ICARAÍ,24230150,-22.9004168,-43.1094942,231
71,269,1481,ESCOLA MUNICIPAL MAESTRO HEITOR VILLA-LOBOS (''COLÉGIO NOVO''),RUA SALO BRAND S/N,ILHA DA CONCEIÇÃO,24050070,-22.8731482,-43.1156463,304
199,72,1163,ANDEF (EX FAETEC),ESTRADA VELHA DE MARICA 4830,RIO DO OURO,24330000,-22.8896379,-42.9978497,316
144,346,1686,COLÉGIO DA POLÍCIA MILITAR,"ALAMEDA SÃO BOAVENTURA, 1134",FONSECA,24120297,-22.8818063,-43.0820149,232
144,314,1694,ESPAÇO DO SABER,ALAMEDA SÃO BOAVENTURA 887,FONSECA,24130223,-22.8810443,-43.087791,304
71,446,1260,INSTITUTO ABEL,AV. ROBERTO SILVEIRA 29,ICARAÍ,24230150,-22.9004168,-43.1094942,390
72,395,1732,CLUBE NAVAL,AVENIDA CARLOS ERMELINDO MARINS 68,JURUJUBA,24370195,-22.935737,-43.1068139,333
144,64,1210,UMEI THEREZINHA KALIL PETRUS (ANTIGO TIO SAM),RUA BENJAMIM CONSTANT 562,BARRETO,24110002,-22.8719306,-43.104502,315
144,75,1406,COLÉGIO NITERÓI,"RUA  VEREADOR JOSÉ VICENTE SOBRINHO, 269",ENGENHOCA,24110130,-22.8706133,-43.1018717,311
71,132,1392,FACULDADE DE VETERINARIA DA UFF,RUA VITAL BRASIL FILHO 64,VITAL BRASIL,24230340,-22.904908,-43.098407,389
71,234,1430,COLEGIO ESTADUAL AURELINO LEAL,RUA PRESIDENTE PEDREIRA 79,INGÁ,24210470,-22.9033321,-43.1254512,393
72,416,1740,COLÉGIO ZEROHUM,"RUA ARY PARREIRAS, 73",ICARAÍ,24230058,-22.9111671,-43.1073245,325
71,4,1015,CENTRO EDUCACIONAL DE NITEROI - CENTRINHO,RUA ITAGUAI 173,SANTA ROSA,24240130,-22.8965191,-43.1018339,347
71,268,1600,INSTITUTO DE EDUCAÇÃO PROFESSOR ISMAEL COUTINHO - IEPIC,"TRAVESSA MANOEL CONTINENTINO, 31",SÃO DOMINGOS,24210150,-22.8989767,-43.1271052,160
72,24,1074,COLEGIO ESTADUAL PAULO ASSIS RIBEIRO,ESTRADA CAETANO MONTEIRO 814,BADU,24320570,-22.9068537,-43.0573891,346
72,435,1759,COLÉGIO MV1,RUA GAVIÃO PEIXOTO 398,ICARAÍ,24230103,-22.9079111,-43.1058651,310
72,256,1562,ESCOLA MUNICIPAL HELENA ANTIPOFF,RUA RUI BARBOSA 710,SÃO FRANCISCO,24360440,-22.9129237,-43.0786396,327
72,205,1368,ESCOLA MUNICIPAL VILA COSTA MONTEIRO,RUA ITITIOCA S/N,ITITIOCA,24310410,-22.8963335,-43.077802,386
144,331,1660,COLÉGIO ESTADUAL CONSELHEIRO JOSINO,"RUA TEIXEIRA DE FREITAS, 421",FONSECA,24130610,-22.8734262,-43.0749723,372
72,294,1619,COLEGIO ESTADUAL JOAQUIM TAVORA,PRAÇA PREF.FERRAZ-CAMPO DE SAO BENTO S/N,ICARAÍ,24230160,-22.9048788,-43.1081976,235
72,22,1449,CIEP 450 - BADU,ESTRADA CAETANO MONTEIRO S/N,BADU,24320570,-22.9071974,-43.0566124,369
144,46,1163,COLÉGIO ESTADUAL CONSELHEIRO MACEDO SOARES,RUA DR. MARCH 392,BARRETO,24110650,-22.8622231,-43.0924035,356
71,380,1619,COLEGIO SAO VICENTE DE PAULO,RUA MIGUEL DE FRIAS 123,ICARAÍ,24220001,-22.902041,-43.1146235,225
71,279,1546,UNIVERSIDADE SALGADO DE OLIVEIRA - BL A,RUA MARECHAL DEODORO 217,CENTRO,24030060,-22.8894749,-43.1186087,177
144,246,1570,SECRETARIA DE ESTADO DE AGRICULTURA E ABASTECIMENTO,ALAMEDA SAO BOAVENTURA 770,FONSECA,24120191,-22.8823618,-43.0907682,312
71,431,1678,LICEU NILO PEÇANHA,AV ERNANI DO AMARAL PEIXOTO 707,CENTRO,24020073,-22.8935707,-43.1165611,236
144,84,1252,ESCOLA MUNICIPAL ADELINO MAGALHÃES,"RUA DR. NELSON PENA, 17",ENGENHOCA,24110520,-22.8739038,-43.0944571,241
72,385,1724,AABB,RUA HÉLIO DA SILVA CARNEIRO 78,SÃO FRANCISCO,24360540,-22.9172823,-43.0826083,364
72,23,1074,COLEGIO ESTADUAL PAULO ASSIS RIBEIRO,ESTRADA CAETANO MONTEIRO 814,BADU,24320570,-22.9068537,-43.0573891,348
199,193,1260,COLÉGIO PLUZ,"RUA NICARÁGUA, 20",SERRA GRANDE,24342740,-22.9287514,-43.0124453,383
144,19,1171,ESCOLA ESTADUAL MENEZES VIEIRA,RUA GENERAL CASTRIOTO S/N,BARRETO,24110000,-22.8693286,-43.1032004,281
71,283,1546,UNIVERSIDADE SALGADO DE OLIVEIRA - BL A,RUA MARECHAL DEODORO 217,CENTRO,24030060,-22.8894749,-43.1186087,177
71,208,1244,ESCOLA ESTADUAL MANUEL DE ABREU,RUA LOPES TROVAO 287-A,ICARAÍ,24220070,-22.9023086,-43.1071569,373
72,384,1724,AABB,RUA HÉLIO DA SILVA CARNEIRO 78,SÃO FRANCISCO,24360540,-22.9172823,-43.0826083,361
144,109,1236,COLÉGIO ESTADUAL MULLULO DA VEIGA,RUA CORONEL GUIMARÃES 505,ENGENHOCA,24110130,-22.8708282,-43.0988892,347
71,229,1422,CLUBE PORTUGUES DE NITEROI,RUA PROFESSOR LARA VILELA 176,SÃO DOMINGOS,24210590,-22.9021482,-43.1274594,382
72,120,1449,CIEP 450 - BADU,ESTRADA CAETANO MONTEIRO S/N,BADU,24320570,-22.9071974,-43.0566124,365
71,105,1317,ESCOLA ESTADUAL BALTAZAR BERNARDINO,RUA MARIZ E BARROS 444,SANTA ROSA,24220121,-22.9032359,-43.1012931,387
144,333,1660,COLÉGIO ESTADUAL CONSELHEIRO JOSINO,"RUA TEIXEIRA DE FREITAS, 421",FONSECA,24130610,-22.8734262,-43.0749723,359
72,259,1570,IGREJA DO SANTUARIO NACIONAL DAS ALMAS,RUA ALVARES DE AZEVEDO 237,ICARAÍ,24220020,-22.9004522,-43.1107182,299
144,86,1252,ESCOLA MUNICIPAL ADELINO MAGALHÃES,"RUA DR. NELSON PENA, 17",ENGENHOCA,24110520,-22.8739038,-43.0944571,239
71,189,1317,ESCOLA ESTADUAL BALTAZAR BERNARDINO,RUA MARIZ E BARROS 444,SANTA ROSA,24220121,-22.9032359,-43.1012931,385
71,437,1600,INSTITUTO DE EDUCAÇÃO PROFESSOR ISMAEL COUTINHO - IEPIC,"TRAVESSA MANOEL CONTINENTINO, 31",SÃO DOMINGOS,24210150,-22.8989767,-43.1271052,156
71,345,1562,COLEGIO ESTADUAL RAUL VIDAL,AVENIDA FELICIANO SODRE 21,CENTRO,24030013,-22.8862372,-43.1242688,299
199,199,1244,COLÉGIO LAPLACE,"RUA MANOEL PACHECO DE CARVALHO, N 80",PIRATININGA,24350400,-22.9425434,-43.05605,330
71,114,1325,ESCOLA ESTADUAL GUILHERME BRIGGS,RUA MARIO VIANNA 625,SANTA ROSA,24241001,-22.9053667,-43.0895767,375
144,92,1252,ESCOLA MUNICIPAL ADELINO MAGALHÃES,"RUA DR. NELSON PENA, 17",ENGENHOCA,24110520,-22.8739038,-43.0944571,236
199,34,1090,COLÉGIO ESTADUAL PROFESSORA ALCINA RODRIGUES LIMA,"ESTRADA FRANCISCO DA CRUZ NUNES, S/N",ITAIPU,24310340,-22.9528491,-43.0285072,250
72,160,1147,ESCOLA MUNICIPAL VERA LUCIA MACHADO,RUA ALDEMAR DE PAIVA LOTE 7 E 8,BADU,24320230,-22.9045,-43.0500355,333
72,316,1643,CENTRO MODERNO ALZIRA BITTENCOURT,"RUA MEM DE SÁ, 71",ICARAÍ,24220260,-22.9012326,-43.110746,352
72,277,1597,COLÉGIO PONTO DE ENSINO,RUA OSWALDO CRUZ 32,ICARAÍ,24230210,-22.9092421,-43.1095209,345
71,354,1570,COLÉGIO UNIVERSÍTÁRIO DA UFF (CIEP GRAGOATÁ),RUA ALEXANDRE MOURA 8,SÃO DOMINGOS,24210200,-22.900281,-43.1316649,320
72,251,1538,ESCOLA CATAVENTO ESPAÇO DE EDUCAÇÃO,"ESTRADA WASHINGTON LUIZ, 224",SAPÊ,24315375,-22.9024713,-43.0635188,346
72,305,1627,ESCOLA MUNICIPAL PROFESSORA LUCIA MARIA SILVEIRA ROCHA,"AV. CARLOS ERMELINDO MARINS, 34",JURUJUBA,24370195,-22.9317575,-43.1166302,342
199,145,1090,COLÉGIO ESTADUAL PROFESSORA ALCINA RODRIGUES LIMA,"ESTRADA FRANCISCO DA CRUZ NUNES, S/N",ITAIPU,24310340,-22.9528491,-43.0285072,252
144,39,1090,ESCOLA TÉCNICA ESTADUAL HENRIQUE LAGE,RUA GUIMARÃES JUNIOR 182,BARRETO,24110300,-22.8621355,-43.0979546,240
72,234,1520,ESCOLA MUNICIPAL LEVI CARNEIRO,ESTRADA WASHINGTON LUIS 488,SAPÊ,24315115,-22.8961721,-43.0583864,349
71,160,1333,PARÓQUIA NOSSA SENHORA AUXILIADORA - CENTRO COMUNITÁRIO,"RUA SANTA ROSA, 216",SANTA ROSA,24240225,-22.9020239,-43.0994239,357
72,322,1651,PH COLÉGIO,RUA ALVARES DE AZEVEDO 237,ICARAÍ,24220020,-22.9006508,-43.1110377,283
72,187,1473,COLÉGIO FORUM CULTURAL,ESTRADA FRANCISCO DA CRUZ NUNES 2454,CANTAGALO,24310410,-22.9163184,-43.0490094,346
199,36,1090,COLÉGIO ESTADUAL PROFESSORA ALCINA RODRIGUES LIMA,"ESTRADA FRANCISCO DA CRUZ NUNES, S/N",ITAIPU,24310340,-22.9528491,-43.0285072,236
199,33,1082,UMEI DR PAULO CESAR DE ALMEIDA PIMENTEL,RUA ANTONIO LUIZ SAIÃO CAMPO BELO,ITAIPU,24348000,-22.9614459,-43.0327165,243
199,168,1139,ESCOLA MUNICIPAL FRANCISCO PORTUGAL NEVES,"RUA MANOEL PACHECO DE CARVALHO, N 14 TREVO DE PIRATININGA",PIRATININGA,24350310,-22.942363,-43.056665,349
144,18,1171,ESCOLA ESTADUAL MENEZES VIEIRA,RUA GENERAL CASTRIOTO S/N,BARRETO,24110000,-22.8693286,-43.1032004,275
144,252,1589,COLÉGIO NOSSA SENHORA DAS MERCÊS,ALAMEDA SAO BOAVENTURA 297,FONSECA,24130000,-22.880345,-43.1023535,366
144,330,1660,COLÉGIO ESTADUAL CONSELHEIRO JOSINO,"RUA TEIXEIRA DE FREITAS, 421",FONSECA,24130610,-22.8734262,-43.0749723,370
71,218,1414,UNIVERSIDADE SALGADO DE OLIVEIRA - BL B (PRÓXIMO AO GUANABARA),RUA MARECHAL DEODORO 263,CENTRO,24030060,-22.8893447,-43.1172001,265
144,137,1090,ESCOLA TÉCNICA ESTADUAL HENRIQUE LAGE,RUA GUIMARÃES JUNIOR 182,BARRETO,24110300,-22.8621355,-43.0979546,244
72,18,1449,CIEP 450 - BADU,ESTRADA CAETANO MONTEIRO S/N,BADU,24320570,-22.9071974,-43.0566124,362
71,433,1678,LICEU NILO PEÇANHA,AV ERNANI DO AMARAL PEIXOTO 707,CENTRO,24020073,-22.8935707,-43.1165611,236
144,174,1473,ESCOLA ESTADUAL JOSE BONIFACIO,RUA CARLOS MAXIMIANO 20,FONSECA,24120000,-22.8831949,-43.1060172,326
72,10,1040,CIEP 447 - CARAMUJO,RODOVIA AMARAL PEIXOTO KM 2,CARAMUJO,24140390,-22.8827294,-43.065134,269
72,233,1520,ESCOLA MUNICIPAL LEVI CARNEIRO,ESTRADA WASHINGTON LUIS 488,SAPÊ,24315115,-22.8961721,-43.0583864,343
72,355,1694,ESCOLA MUNICIPAL PROFESSOR PAULO DE ALMEIDA CAMPOS,"RUA PEREIRA DA SILVA, 50",ICARAÍ,24220031,-22.9047439,-43.1131555,362
144,31,1104,ESCOLA MUNICIPAL ALTIVO CESAR,"RUA DR. LUIZ PALMIER, 25",BARRETO,24110310,-22.8645343,-43.0995714,337
72,143,1015,INSTITUTO JCA,"RODOVIA PREFEITO JOÃO SAMPAIO, 2501",SANTA BARBARA,24141380,-22.882301,-43.0585179,227
72,320,1651,PH COLÉGIO,RUA ALVARES DE AZEVEDO 237,ICARAÍ,24220020,-22.9006508,-43.1110377,281
199,192,1155,COLÉGIO ITAPUCA,"AV. ERNANI DE FARIAS ALVES, N 124 TREVO DE PIRATININGA",PIRATININGA,24350680,-22.9437854,-43.0593249,302
71,172,1325,ESCOLA ESTADUAL GUILHERME BRIGGS,RUA MARIO VIANNA 625,SANTA ROSA,24241001,-22.9053667,-43.0895767,380
199,39,1090,COLÉGIO ESTADUAL PROFESSORA ALCINA RODRIGUES LIMA,"ESTRADA FRANCISCO DA CRUZ NUNES, S/N",ITAIPU,24310340,-22.9528491,-43.0285072,258
72,384,1724,AABB,RUA HÉLIO DA SILVA CARNEIRO 78,SÃO FRANCISCO,24360540,-22.9172823,-43.0826083,361
71,341,1562,COLEGIO ESTADUAL RAUL VIDAL,AVENIDA FELICIANO SODRE 21,CENTRO,24030013,-22.8862372,-43.1242688,294
72,424,1759,COLÉGIO MV1,RUA GAVIÃO PEIXOTO 398,ICARAÍ,24230103,-22.9079111,-43.1058651,312
71,417,1660,FACULDADE DE DIREITO DA UFF - UFF - DIREITO 1,RUA PRESIDENTE PEDREIRA 62,INGÁ,24210470,-22.9035832,-43.1258853,360
144,10,1031,(PRÉDIO NOVO) COLÉGIO PEDRO II UNIDADE NITERÓI,RUA ASSIS DE VASCONCELOS S/N,BARRETO,24210000,-22.8685685,-43.1037833,268
199,204,1260,COLÉGIO PLUZ,"RUA NICARÁGUA, 20",SERRA GRANDE,24342740,-22.9287514,-43.0124453,375
199,68,1163,ANDEF (EX FAETEC),ESTRADA VELHA DE MARICA 4830,RIO DO OURO,24330000,-22.8896379,-42.9978497,310
144,229,1554,ESCOLA MUNICIPAL PROFESSOR PAULO FREIRE,RUA SOARES DE MIRANDA 77,FONSECA,24120307,-22.8828529,-43.0824987,239
71,436,1600,INSTITUTO DE EDUCAÇÃO PROFESSOR ISMAEL COUTINHO - IEPIC,"TRAVESSA MANOEL CONTINENTINO, 31",SÃO DOMINGOS,24210150,-22.8989767,-43.1271052,156
199,115,1244,COLÉGIO LAPLACE,"RUA MANOEL PACHECO DE CARVALHO, N 80",PIRATININGA,24350400,-22.9425434,-43.05605,191
71,434,1678,LICEU NILO PEÇANHA,AV ERNANI DO AMARAL PEIXOTO 707,CENTRO,24020073,-22.8935707,-43.1165611,227
199,144,1139,ESCOLA MUNICIPAL FRANCISCO PORTUGAL NEVES,"RUA MANOEL PACHECO DE CARVALHO, N 14 TREVO DE PIRATININGA",PIRATININGA,24350310,-22.942363,-43.056665,344
144,94,1031,(PRÉDIO NOVO) COLÉGIO PEDRO II UNIDADE NITERÓI,RUA ASSIS DE VASCONCELOS S/N,BARRETO,24210000,-22.8685685,-43.1037833,265
72,445,1767,COLÉGIO ASSUNÇÃO,RUA GENERAL RONDON 842,SÃO FRANCISCO,24360100,-22.9208239,-43.0926525,352
144,39,1090,ESCOLA TÉCNICA ESTADUAL HENRIQUE LAGE,RUA GUIMARÃES JUNIOR 182,BARRETO,24110300,-22.8621355,-43.0979546,240
72,284,1635,BANCO BRADESCO,RUA GAVIAO PEIXOTO 108,ICARAÍ,24230101,-22.9031207,-43.1110165,357
72,260,1570,IGREJA DO SANTUARIO NACIONAL DAS ALMAS,RUA ALVARES DE AZEVEDO 237,ICARAÍ,24220020,-22.9004522,-43.1107182,300
144,176,1473,ESCOLA ESTADUAL JOSE BONIFACIO,RUA CARLOS MAXIMIANO 20,FONSECA,24120000,-22.8831949,-43.1060172,329
144,296,1627,ESCOLA ESTADUAL DOUTOR JAYME MEMORIA,RUA NORONHA TORREZAO 625,CUBANGO,24240181,-22.88949,-43.0937712,363
199,189,1120,COLÉGIO ESTADUAL ALMIRANTE TAMANDARÉ,AV. ACURCIO TORRES S/N,PIRATININGA,24358080,-22.9512083,-43.0916732,292
71,32,1104,INSTITUTO MAIA VINAGRE,RUA NORONHA TORREZÃO 68,SANTA ROSA,24240182,-22.8976844,-43.1021103,393
71,151,1104,INSTITUTO MAIA VINAGRE,RUA NORONHA TORREZÃO 68,SANTA ROSA,24240182,-22.8976844,-43.1021103,388
72,467,1449,CIEP 450 - BADU,ESTRADA CAETANO MONTEIRO S/N,BADU,24320570,-22.9071974,-43.0566124,119
144,168,1473,ESCOLA ESTADUAL JOSE BONIFACIO,RUA CARLOS MAXIMIANO 20,FONSECA,24120000,-22.8831949,-43.1060172,327
144,135,1252,ESCOLA MUNICIPAL ADELINO MAGALHÃES,"RUA DR. NELSON PENA, 17",ENGENHOCA,24110520,-22.8739038,-43.0944571,241
71,178,1104,INSTITUTO MAIA VINAGRE,RUA NORONHA TORREZÃO 68,SANTA ROSA,24240182,-22.8976844,-43.1021103,388
72,466,1546,COLÉGIO GOMES PEREIRA,AVENIDA RUI BARBOSA 1250,LARGO DA BATALHA,24310005,-22.9081863,-43.0665152,346
71,110,1325,ESCOLA ESTADUAL GUILHERME BRIGGS,RUA MARIO VIANNA 625,SANTA ROSA,24241001,-22.9053667,-43.0895767,377
71,266,1600,INSTITUTO DE EDUCAÇÃO PROFESSOR ISMAEL COUTINHO - IEPIC,"TRAVESSA MANOEL CONTINENTINO, 31",SÃO DOMINGOS,24210150,-22.8989767,-43.1271052,315
72,58,1112,ESCOLA ESTADUAL LEOPOLDO FROES,RUA REVERENDO ARMANDO FERREIRA  S/N,LARGO DA BATALHA,24310400,-22.9100474,-43.0677553,345
72,5,1015,INSTITUTO JCA,"RODOVIA PREFEITO JOÃO SAMPAIO, 2501",SANTA BARBARA,24141380,-22.882301,-43.0585179,222
199,154,1341,COLÉGIO OBJETIVO CAMBOINHAS,"RUA PROFESSOR ÁLVARO CAETANO, 908",CAMBOINHAS,24358640,-22.9537053,-43.0584356,347
144,313,1635,ESCOLA MUNICIPAL DOM JOSÉ PEREIRA ALVES,"RUA TENENTE OSORIO, 73",FONSECA,24130200,-22.8783038,-43.0920686,218
199,111,1112,COLÉGIO SALESIANO REGIÃO OCEÂNICA,"RUA DOUTOR CORNÉLIO DE MELLO JÚNIOR, 117",PIRATININGA,24350280,-22.9393022,-43.0618731,337
144,87,1252,ESCOLA MUNICIPAL ADELINO MAGALHÃES,"RUA DR. NELSON PENA, 17",ENGENHOCA,24110520,-22.8739038,-43.0944571,239
71,276,1481,ESCOLA MUNICIPAL MAESTRO HEITOR VILLA-LOBOS (''COLÉGIO NOVO''),RUA SALO BRAND S/N,ILHA DA CONCEIÇÃO,24050070,-22.8731482,-43.1156463,304
144,124,1090,ESCOLA TÉCNICA ESTADUAL HENRIQUE LAGE,RUA GUIMARÃES JUNIOR 182,BARRETO,24110300,-22.8621355,-43.0979546,243
71,143,1317,ESCOLA ESTADUAL BALTAZAR BERNARDINO,RUA MARIZ E BARROS 444,SANTA ROSA,24220121,-22.9032359,-43.1012931,383
71,331,1546,UNIVERSIDADE SALGADO DE OLIVEIRA - BL A,RUA MARECHAL DEODORO 217,CENTRO,24030060,-22.8894749,-43.1186087,179
144,83,1252,ESCOLA MUNICIPAL ADELINO MAGALHÃES,"RUA DR. NELSON PENA, 17",ENGENHOCA,24110520,-22.8739038,-43.0944571,241
144,172,1473,ESCOLA ESTADUAL JOSE BONIFACIO,RUA CARLOS MAXIMIANO 20,FONSECA,24120000,-22.8831949,-43.1060172,330
72,353,1694,ESCOLA MUNICIPAL PROFESSOR PAULO DE ALMEIDA CAMPOS,"RUA PEREIRA DA SILVA, 50",ICARAÍ,24220031,-22.9047439,-43.1131555,364
144,143,1449,INSTITUTO SÃO BENTO DE NITEROI,RUA VEREADOR DUQUE ESTRADA 28,SANTA ROSA,24240210,-22.8968349,-43.1000967,387
72,14,1040,CIEP 447 - CARAMUJO,RODOVIA AMARAL PEIXOTO KM 2,CARAMUJO,24140390,-22.8827294,-43.065134,268
71,109,1325,ESCOLA ESTADUAL GUILHERME BRIGGS,RUA MARIO VIANNA 625,SANTA ROSA,24241001,-22.9053667,-43.0895767,378
199,169,1317,COLÉGIO PAULO FREIRE,"AVENIDA IRENE LOPES SODRÉ, N22",ENGENHO DO MATO,24346040,-22.9500178,-43.0246246,384
144,163,1473,ESCOLA ESTADUAL JOSE BONIFACIO,RUA CARLOS MAXIMIANO 20,FONSECA,24120000,-22.8831949,-43.1060172,330
71,250,1465,CENTRO UNIVERSITÁRIO ANHANGUERA (ANTIGO PLÍNIO LEITE),RUA VISCONDE DO RIO BRANCO 123,CENTRO,24020000,-22.8869267,-43.1245632,331
199,248,1368,UMEI PROFESSORA NINA RITA TORRES,"AVENIDA DOUTOR ACÚRCIO TORRES, 691",PIRATININGA,24358080,-22.9519115,-43.0861872,308
199,95,1031,ESCOLA MUNICIPAL HONORINA DE CARVALHO,RUA PROF. JOSE PECANHA S/N,MARIA PAULA,24325310,-22.882289,-43.0265693,288
199,103,1023,ESCOLA MUNICIPAL FELISBERTO DE CARVALHO,ESTRADA CAETANO MONTEIRO 896,VILA PROGRESSO,24320570,-22.8970371,-43.0392212,306
71,232,1430,COLEGIO ESTADUAL AURELINO LEAL,RUA PRESIDENTE PEDREIRA 79,INGÁ,24210470,-22.9033321,-43.1254512,394
71,84,1260,INSTITUTO ABEL,AV. ROBERTO SILVEIRA 29,ICARAÍ,24230150,-22.9004168,-43.1094942,388
72,198,1180,ESCOLA MUNICIPAL RACHIDE DA GLORIA SALIM SAKER,RUA JANDIRA PEREIRA 620,SANTA BARBARA,24141400,-22.8766134,-43.0488967,341
72,339,1660,CLUBE CENTRAL,"AVENIDA JORNALISTA ALBERTO FRANCISCO TORRES,  335",ICARAÍ,24230005,-22.9075784,-43.111789,354
144,308,1635,ESCOLA MUNICIPAL DOM JOSÉ PEREIRA ALVES,"RUA TENENTE OSORIO, 73",FONSECA,24130200,-22.8783038,-43.0920686,222
72,254,1562,ESCOLA MUNICIPAL HELENA ANTIPOFF,RUA RUI BARBOSA 710,SÃO FRANCISCO,24360440,-22.9129237,-43.0786396,325
199,221,1325,ESCOLA MUNICIPAL SÍTIO DO IPÊ,RUA PROF. JOSÉ PEÇANHA,MARIA PAULA,24325310,-22.8821134,-43.0267087,364
72,272,1589,COLÉGIO GAY-LUSSAC,RUA MARIA CALDAS 35,SÃO FRANCISCO,24365050,-22.9168331,-43.0892838,331
71,122,1333,PARÓQUIA NOSSA SENHORA AUXILIADORA - CENTRO COMUNITÁRIO,"RUA SANTA ROSA, 216",SANTA ROSA,24240225,-22.9020239,-43.0994239,359
144,138,1449,INSTITUTO SÃO BENTO DE NITEROI,RUA VEREADOR DUQUE ESTRADA 28,SANTA ROSA,24240210,-22.8968349,-43.1000967,386
71,175,1309,CURSO MARLY CURY,AV. SETE DE SETEMBRO 165,SANTA ROSA,24230251,-22.9054777,-43.1019227,381
71,252,1465,CENTRO UNIVERSITÁRIO ANHANGUERA (ANTIGO PLÍNIO LEITE),RUA VISCONDE DO RIO BRANCO 123,CENTRO,24020000,-22.8869267,-43.1245632,330
71,370,1600,INSTITUTO DE EDUCAÇÃO PROFESSOR ISMAEL COUTINHO - IEPIC,"TRAVESSA MANOEL CONTINENTINO, 31",SÃO DOMINGOS,24210150,-22.8989767,-43.1271052,156
72,376,1708,ESCOLA MUNICIPAL JÚLIA CORTINES,RUA LOPES TROVAO 1-CAMPO DE SÃO BENTO S/N,ICARAÍ,24220070,-22.9043592,-43.1086717,277
71,322,1678,LICEU NILO PEÇANHA,AV ERNANI DO AMARAL PEIXOTO 707,CENTRO,24020073,-22.8935707,-43.1165611,149
144,103,1031,(PRÉDIO NOVO) COLÉGIO PEDRO II UNIDADE NITERÓI,RUA ASSIS DE VASCONCELOS S/N,BARRETO,24210000,-22.8685685,-43.1037833,268
71,301,1511,FACULDADE DE ADMINISTRAÇÃO E CIÊNCIAS CONTÁBEIS (VALONGUINHO),RUA MÁRIO SANTOS BRAGA S/N,CENTRO,24020140,-22.8967413,-43.1252439,246
199,235,1392,CULTURA INGLESA EM ITAIPU,"ESTRADA FRANCISCO DA CRUZ NUNES, N 6956",ITAIPU,24350310,-22.9413685,-43.0533061,388
72,10,1040,CIEP 447 - CARAMUJO,RODOVIA AMARAL PEIXOTO KM 2,CARAMUJO,24140390,-22.8827294,-43.065134,269
71,195,1368,INSTITUTO SÃO JOSÉ,RUA GERALDO MARTINS 166,SANTA ROSA,24220381,-22.901754,-43.1018878,367
144,213,1597,ESCOLA ESTADUAL HILARIO RIBEIRO,ALAMEDA SAO BOAVENTURA 794,FONSECA,24120191,-22.8813893,-43.0901745,363
71,430,1678,LICEU NILO PEÇANHA,AV ERNANI DO AMARAL PEIXOTO 707,CENTRO,24020073,-22.8935707,-43.1165611,238
144,47,1163,COLÉGIO ESTADUAL CONSELHEIRO MACEDO SOARES,RUA DR. MARCH 392,BARRETO,24110650,-22.8622231,-43.0924035,360
72,232,1520,ESCOLA MUNICIPAL LEVI CARNEIRO,ESTRADA WASHINGTON LUIS 488,SAPÊ,24315115,-22.8961721,-43.0583864,352
72,253,1562,ESCOLA MUNICIPAL HELENA ANTIPOFF,RUA RUI BARBOSA 710,SÃO FRANCISCO,24360440,-22.9129237,-43.0786396,326
71,86,1015,CENTRO EDUCACIONAL DE NITEROI - CENTRINHO,RUA ITAGUAI 173,SANTA ROSA,24240130,-22.8965191,-43.1018339,349
72,449,1767,COLÉGIO ASSUNÇÃO,RUA GENERAL RONDON 842,SÃO FRANCISCO,24360100,-22.9208239,-43.0926525,348
144,10,1031,(PRÉDIO NOVO) COLÉGIO PEDRO II UNIDADE NITERÓI,RUA ASSIS DE VASCONCELOS S/N,BARRETO,24210000,-22.8685685,-43.1037833,268
144,234,1562,LBV LEGIÃO DA BOA VONTADE,ALAMEDA SÃO BOAVENTURA 474,FONSECA,24120191,-22.8811009,-43.0979899,346
71,100,1309,CURSO MARLY CURY,AV. SETE DE SETEMBRO 165,SANTA ROSA,24230251,-22.9054777,-43.1019227,376
144,247,1570,SECRETARIA DE ESTADO DE AGRICULTURA E ABASTECIMENTO,ALAMEDA SAO BOAVENTURA 770,FONSECA,24120191,-22.8823618,-43.0907682,306
72,230,1520,ESCOLA MUNICIPAL LEVI CARNEIRO,ESTRADA WASHINGTON LUIS 488,SAPÊ,24315115,-22.8961721,-43.0583864,346
199,105,1244,COLÉGIO LAPLACE,"RUA MANOEL PACHECO DE CARVALHO, N 80",PIRATININGA,24350400,-22.9425434,-43.05605,341
199,223,1350,ESCOLA MUNICIPAL MARALEGRE,"RUA DR. WALDIR COSTA, LOTES 10 E 11",CAFUBÁ,24350015,-22.9362723,-43.0724233,385
72,407,1732,CLUBE NAVAL,AVENIDA CARLOS ERMELINDO MARINS 68,JURUJUBA,24370195,-22.935737,-43.1068139,334
72,441,1767,COLÉGIO ASSUNÇÃO,RUA GENERAL RONDON 842,SÃO FRANCISCO,24360100,-22.9208239,-43.0926525,350
72,433,1759,COLÉGIO MV1,RUA GAVIÃO PEIXOTO 398,ICARAÍ,24230103,-22.9079111,-43.1058651,312
199,115,1244,COLÉGIO LAPLACE,"RUA MANOEL PACHECO DE CARVALHO, N 80",PIRATININGA,24350400,-22.9425434,-43.05605,191
72,5,1015,INSTITUTO JCA,"RODOVIA PREFEITO JOÃO SAMPAIO, 2501",SANTA BARBARA,24141380,-22.882301,-43.0585179,222
72,40,1112,ESCOLA ESTADUAL LEOPOLDO FROES,RUA REVERENDO ARMANDO FERREIRA  S/N,LARGO DA BATALHA,24310400,-22.9100474,-43.0677553,342
72,394,1732,CLUBE NAVAL,AVENIDA CARLOS ERMELINDO MARINS 68,JURUJUBA,24370195,-22.935737,-43.1068139,336
71,386,1619,COLEGIO SAO VICENTE DE PAULO,RUA MIGUEL DE FRIAS 123,ICARAÍ,24220001,-22.902041,-43.1146235,225
72,345,1686,CAIXA ECONÔMICA FEDERAL - AGÊNCIA ICARAÍ,"RUA GAVIÃO PEIXOTO, 226",ICARAÍ,24230102,-22.9052069,-43.1087149,324
72,408,1732,CLUBE NAVAL,AVENIDA CARLOS ERMELINDO MARINS 68,JURUJUBA,24370195,-22.935737,-43.1068139,335
199,250,1350,ESCOLA MUNICIPAL MARALEGRE,"RUA DR. WALDIR COSTA, LOTES 10 E 11",CAFUBÁ,24350015,-22.9362723,-43.0724233,203
72,263,1570,IGREJA DO SANTUARIO NACIONAL DAS ALMAS,RUA ALVARES DE AZEVEDO 237,ICARAÍ,24220020,-22.9004522,-43.1107182,302
71,403,1651,FACULDADE DE ENFERMAGEM DA UFF,RUA DR CELESTINO 74,CENTRO,24020091,-22.895302,-43.1167706,161
144,36,1112,ESCOLA MUNICIPAL TIRADENTES,"RUA DR. MARCH, 628",TENENTE JARDIM,24110650,-22.8634427,-43.0844313,349
71,261,1465,CENTRO UNIVERSITÁRIO ANHANGUERA (ANTIGO PLÍNIO LEITE),RUA VISCONDE DO RIO BRANCO 123,CENTRO,24020000,-22.8869267,-43.1245632,329
144,321,1651,INSTITUTO EDUCACIONAL TAURUS,"ALAMEDA SÃO BOAVENTURA, 15",FONSECA,24130000,-22.8806664,-43.1093503,215
199,2,1015,COUNTRY CLUB DE NITEROI,RUA CHILE 135,VILA PROGRESSO,24322000,-22.8970192,-43.0347113,385
199,26,1074,COLÉGIO CURSO ZEROHUM ( ANT GAUSS),"AV. FREI FABIANO, 155 - ITAIPU",ITAIPU,24355250,-22.9427133,-43.0519956,298
72,358,1708,ESCOLA MUNICIPAL JÚLIA CORTINES,RUA LOPES TROVAO 1-CAMPO DE SÃO BENTO S/N,ICARAÍ,24220070,-22.9043592,-43.1086717,330
71,265,1600,INSTITUTO DE EDUCAÇÃO PROFESSOR ISMAEL COUTINHO - IEPIC,"TRAVESSA MANOEL CONTINENTINO, 31",SÃO DOMINGOS,24210150,-22.8989767,-43.1271052,319
199,92,1120,COLÉGIO ESTADUAL ALMIRANTE TAMANDARÉ,AV. ACURCIO TORRES S/N,PIRATININGA,24358080,-22.9512083,-43.0916732,301
72,285,1635,BANCO BRADESCO,RUA GAVIAO PEIXOTO 108,ICARAÍ,24230101,-22.9031207,-43.1110165,358
199,32,1082,UMEI DR PAULO CESAR DE ALMEIDA PIMENTEL,RUA ANTONIO LUIZ SAIÃO CAMPO BELO,ITAIPU,24348000,-22.9614459,-43.0327165,163
144,40,1090,ESCOLA TÉCNICA ESTADUAL HENRIQUE LAGE,RUA GUIMARÃES JUNIOR 182,BARRETO,24110300,-22.8621355,-43.0979546,244
144,348,1686,COLÉGIO DA POLÍCIA MILITAR,"ALAMEDA SÃO BOAVENTURA, 1134",FONSECA,24120297,-22.8818063,-43.0820149,233
71,363,1597,ESCOLA MUNICIPAL SANTOS DUMONT,RUA MANOEL CORREIA S/N,FÁTIMA,24070100,-22.8954125,-43.1094692,290
71,80,1317,ESCOLA ESTADUAL BALTAZAR BERNARDINO,RUA MARIZ E BARROS 444,SANTA ROSA,24220121,-22.9032359,-43.1012931,386
71,140,1244,ESCOLA ESTADUAL MANUEL DE ABREU,RUA LOPES TROVAO 287-A,ICARAÍ,24220070,-22.9023086,-43.1071569,375
71,302,1511,FACULDADE DE ADMINISTRAÇÃO E CIÊNCIAS CONTÁBEIS (VALONGUINHO),RUA MÁRIO SANTOS BRAGA S/N,CENTRO,24020140,-22.8967413,-43.1252439,244
72,293,1619,COLEGIO ESTADUAL JOAQUIM TAVORA,PRAÇA PREF.FERRAZ-CAMPO DE SAO BENTO S/N,ICARAÍ,24230160,-22.9048788,-43.1081976,236
71,94,1295,COLEGIO SALESIANO SANTA ROSA,RUA SANTA ROSA 207,SANTA ROSA,24240220,-22.9016745,-43.0996973,365
144,129,1236,COLÉGIO ESTADUAL MULLULO DA VEIGA,RUA CORONEL GUIMARÃES 505,ENGENHOCA,24110130,-22.8708282,-43.0988892,347
71,310,1678,LICEU NILO PEÇANHA,AV ERNANI DO AMARAL PEIXOTO 707,CENTRO,24020073,-22.8935707,-43.1165611,151
72,237,1538,ESCOLA CATAVENTO ESPAÇO DE EDUCAÇÃO,"ESTRADA WASHINGTON LUIZ, 224",SAPÊ,24315375,-22.9024713,-43.0635188,348
144,342,1686,COLÉGIO DA POLÍCIA MILITAR,"ALAMEDA SÃO BOAVENTURA, 1134",FONSECA,24120297,-22.8818063,-43.0820149,235
71,373,1600,INSTITUTO DE EDUCAÇÃO PROFESSOR ISMAEL COUTINHO - IEPIC,"TRAVESSA MANOEL CONTINENTINO, 31",SÃO DOMINGOS,24210150,-22.8989767,-43.1271052,155
144,12,1201,OFICINAS DO SENAI,RUA GALVAO S/N,BARRETO,24110260,-22.8614396,-43.1026046,335
144,153,1457,ESCOLA ESTADUAL MACHADO DE ASSIS,RUA DESEMBARGADOR LIMA CASTRO 97,FONSECA,24120350,-22.8836374,-43.0857092,358
71,136,1015,CENTRO EDUCACIONAL DE NITEROI - CENTRINHO,RUA ITAGUAI 173,SANTA ROSA,24240130,-22.8965191,-43.1018339,349
144,324,1651,INSTITUTO EDUCACIONAL TAURUS,"ALAMEDA SÃO BOAVENTURA, 15",FONSECA,24130000,-22.8806664,-43.1093503,231
199,173,1112,COLÉGIO SALESIANO REGIÃO OCEÂNICA,"RUA DOUTOR CORNÉLIO DE MELLO JÚNIOR, 117",PIRATININGA,24350280,-22.9393022,-43.0618731,328
72,337,1660,CLUBE CENTRAL,"AVENIDA JORNALISTA ALBERTO FRANCISCO TORRES,  335",ICARAÍ,24230005,-22.9075784,-43.111789,351
199,245,1392,CULTURA INGLESA EM ITAIPU,"ESTRADA FRANCISCO DA CRUZ NUNES, N 6956",ITAIPU,24350310,-22.9413685,-43.0533061,389
199,107,1198,CIEP 448 RUY FRAZÃO SOARES,ESTRADA DO ENGENHO DO MATO S/N - PRACA,ITAIPU,24346040,-22.9356576,-43.0092644,283
72,423,1759,COLÉGIO MV1,RUA GAVIÃO PEIXOTO 398,ICARAÍ,24230103,-22.9079111,-43.1058651,312
71,346,1562,COLEGIO ESTADUAL RAUL VIDAL,AVENIDA FELICIANO SODRE 21,CENTRO,24030013,-22.8862372,-43.1242688,297
199,45,1112,COLÉGIO SALESIANO REGIÃO OCEÂNICA,"RUA DOUTOR CORNÉLIO DE MELLO JÚNIOR, 117",PIRATININGA,24350280,-22.9393022,-43.0618731,337
71,161,1392,FACULDADE DE VETERINARIA DA UFF,RUA VITAL BRASIL FILHO 64,VITAL BRASIL,24230340,-22.904908,-43.098407,384
144,159,1457,ESCOLA ESTADUAL MACHADO DE ASSIS,RUA DESEMBARGADOR LIMA CASTRO 97,FONSECA,24120350,-22.8836374,-43.0857092,357
72,316,1643,CENTRO MODERNO ALZIRA BITTENCOURT,"RUA MEM DE SÁ, 71",ICARAÍ,24220260,-22.9012326,-43.110746,352
144,165,1473,ESCOLA ESTADUAL JOSE BONIFACIO,RUA CARLOS MAXIMIANO 20,FONSECA,24120000,-22.8831949,-43.1060172,331
144,144,1449,INSTITUTO SÃO BENTO DE NITEROI,RUA VEREADOR DUQUE ESTRADA 28,SANTA ROSA,24240210,-22.8968349,-43.1000967,389
199,208,1260,COLÉGIO PLUZ,"RUA NICARÁGUA, 20",SERRA GRANDE,24342740,-22.9287514,-43.0124453,378
199,193,1260,COLÉGIO PLUZ,"RUA NICARÁGUA, 20",SERRA GRANDE,24342740,-22.9287514,-43.0124453,383
72,215,1074,COLEGIO ESTADUAL PAULO ASSIS RIBEIRO,ESTRADA CAETANO MONTEIRO 814,BADU,24320570,-22.9068537,-43.0573891,346
144,240,1570,SECRETARIA DE ESTADO DE AGRICULTURA E ABASTECIMENTO,ALAMEDA SAO BOAVENTURA 770,FONSECA,24120191,-22.8823618,-43.0907682,308
144,185,1481,GRUPO ESCOLAR EMBAIXADOR RAUL FERNANDES,"RUA RIODADES, 253",FONSECA,24130241,-22.8767501,-43.0821505,279
71,238,1430,COLEGIO ESTADUAL AURELINO LEAL,RUA PRESIDENTE PEDREIRA 79,INGÁ,24210470,-22.9033321,-43.1254512,393
199,230,1104,CURSO CNA- PIRATININGA,RUA ERNANI DE FARIAS ALVES 152,PIRATININGA,24350135,-22.9441523,-43.0589254,353
199,222,1473,COLÉGIO COLABORE,"ESTRADA MARINO NUNES VIEIRA, 340",VÁRZEA DAS MOÇAS,24330325,-22.9131583,-42.9846125,324
144,48,1163,COLÉGIO ESTADUAL CONSELHEIRO MACEDO SOARES,RUA DR. MARCH 392,BARRETO,24110650,-22.8622231,-43.0924035,358
144,312,1635,ESCOLA MUNICIPAL DOM JOSÉ PEREIRA ALVES,"RUA TENENTE OSORIO, 73",FONSECA,24130200,-22.8783038,-43.0920686,220
72,301,1619,COLEGIO ESTADUAL JOAQUIM TAVORA,PRAÇA PREF.FERRAZ-CAMPO DE SAO BENTO S/N,ICARAÍ,24230160,-22.9048788,-43.1081976,238
144,126,1252,ESCOLA MUNICIPAL ADELINO MAGALHÃES,"RUA DR. NELSON PENA, 17",ENGENHOCA,24110520,-22.8739038,-43.0944571,241
72,347,1686,CAIXA ECONÔMICA FEDERAL - AGÊNCIA ICARAÍ,"RUA GAVIÃO PEIXOTO, 226",ICARAÍ,24230102,-22.9052069,-43.1087149,322
71,265,1600,INSTITUTO DE EDUCAÇÃO PROFESSOR ISMAEL COUTINHO - IEPIC,"TRAVESSA MANOEL CONTINENTINO, 31",SÃO DOMINGOS,24210150,-22.8989767,-43.1271052,319
199,55,1139,ESCOLA MUNICIPAL FRANCISCO PORTUGAL NEVES,"RUA MANOEL PACHECO DE CARVALHO, N 14 TREVO DE PIRATININGA",PIRATININGA,24350310,-22.942363,-43.056665,348
71,189,1317,ESCOLA ESTADUAL BALTAZAR BERNARDINO,RUA MARIZ E BARROS 444,SANTA ROSA,24220121,-22.9032359,-43.1012931,385
72,453,1775,ESCOLA ESTADUAL CIZÍNIO SOARES PINTO,RUA PRESIDENTE ROOSEVELT 2,SÃO FRANCISCO,24360066,-22.9147594,-43.093934,330
199,221,1325,ESCOLA MUNICIPAL SÍTIO DO IPÊ,RUA PROF. JOSÉ PEÇANHA,MARIA PAULA,24325310,-22.8821134,-43.0267087,364
144,338,1678,ESCOLA MUNICIPAL JACINTA MEDELA,"RUA TENENTE OSORIO, 10",FONSECA,24130200,-22.8789902,-43.0919052,376
72,55,1074,COLEGIO ESTADUAL PAULO ASSIS RIBEIRO,ESTRADA CAETANO MONTEIRO 814,BADU,24320570,-22.9068537,-43.0573891,344
199,32,1082,UMEI DR PAULO CESAR DE ALMEIDA PIMENTEL,RUA ANTONIO LUIZ SAIÃO CAMPO BELO,ITAIPU,24348000,-22.9614459,-43.0327165,163
71,368,1600,INSTITUTO DE EDUCAÇÃO PROFESSOR ISMAEL COUTINHO - IEPIC,"TRAVESSA MANOEL CONTINENTINO, 31",SÃO DOMINGOS,24210150,-22.8989767,-43.1271052,154
72,114,1368,ESCOLA MUNICIPAL VILA COSTA MONTEIRO,RUA ITITIOCA S/N,ITITIOCA,24310410,-22.8963335,-43.077802,387
71,191,1309,CURSO MARLY CURY,AV. SETE DE SETEMBRO 165,SANTA ROSA,24230251,-22.9054777,-43.1019227,377
72,219,1074,COLEGIO ESTADUAL PAULO ASSIS RIBEIRO,ESTRADA CAETANO MONTEIRO 814,BADU,24320570,-22.9068537,-43.0573891,342
71,190,1260,INSTITUTO ABEL,AV. ROBERTO SILVEIRA 29,ICARAÍ,24230150,-22.9004168,-43.1094942,399
199,213,1325,ESCOLA MUNICIPAL SÍTIO DO IPÊ,RUA PROF. JOSÉ PEÇANHA,MARIA PAULA,24325310,-22.8821134,-43.0267087,362
199,249,1260,COLÉGIO PLUZ,"RUA NICARÁGUA, 20",SERRA GRANDE,24342740,-22.9287514,-43.0124453,383
144,260,1589,COLÉGIO NOSSA SENHORA DAS MERCÊS,ALAMEDA SAO BOAVENTURA 297,FONSECA,24130000,-22.880345,-43.1023535,366
144,189,1490,IGREJA BATISTA DO FONSECA,ALAMEDA SAO BOAVENTURA  937,FONSECA,24130001,-22.8810878,-43.0865383,360
144,144,1449,INSTITUTO SÃO BENTO DE NITEROI,RUA VEREADOR DUQUE ESTRADA 28,SANTA ROSA,24240210,-22.8968349,-43.1000967,389
72,393,1732,CLUBE NAVAL,AVENIDA CARLOS ERMELINDO MARINS 68,JURUJUBA,24370195,-22.935737,-43.1068139,338
199,85,1252,CIEP 307 DJANIRA,AV. EWERTON XAVIER S/N - PRACA,VÁRZEA DAS MOÇAS,24330280,-22.910323,-42.9852487,321
71,77,1244,ESCOLA ESTADUAL MANUEL DE ABREU,RUA LOPES TROVAO 287-A,ICARAÍ,24220070,-22.9023086,-43.1071569,377
199,121,1198,CIEP 448 RUY FRAZÃO SOARES,ESTRADA DO ENGENHO DO MATO S/N - PRACA,ITAIPU,24346040,-22.9356576,-43.0092644,286
72,65,1171,ESCOLA MUNICIPAL ANTONIO COUTINHO DE AZEVEDO,AV DES NESTOR RODRIGUES PERLINGEIRO S/N,SANTA BARBARA,24141330,-22.8756043,-43.04869,357
71,237,1430,COLEGIO ESTADUAL AURELINO LEAL,RUA PRESIDENTE PEDREIRA 79,INGÁ,24210470,-22.9033321,-43.1254512,393
72,226,1520,ESCOLA MUNICIPAL LEVI CARNEIRO,ESTRADA WASHINGTON LUIS 488,SAPÊ,24315115,-22.8961721,-43.0583864,351
144,187,1481,GRUPO ESCOLAR EMBAIXADOR RAUL FERNANDES,"RUA RIODADES, 253",FONSECA,24130241,-22.8767501,-43.0821505,275
71,215,1260,INSTITUTO ABEL,AV. ROBERTO SILVEIRA 29,ICARAÍ,24230150,-22.9004168,-43.1094942,389
144,287,1554,ESCOLA MUNICIPAL PROFESSOR PAULO FREIRE,RUA SOARES DE MIRANDA 77,FONSECA,24120307,-22.8828529,-43.0824987,282
71,95,1295,COLEGIO SALESIANO SANTA ROSA,RUA SANTA ROSA 207,SANTA ROSA,24240220,-22.9016745,-43.0996973,378
144,158,1457,ESCOLA ESTADUAL MACHADO DE ASSIS,RUA DESEMBARGADOR LIMA CASTRO 97,FONSECA,24120350,-22.8836374,-43.0857092,355
71,219,1414,UNIVERSIDADE SALGADO DE OLIVEIRA - BL B (PRÓXIMO AO GUANABARA),RUA MARECHAL DEODORO 263,CENTRO,24030060,-22.8893447,-43.1172001,271
199,47,1112,COLÉGIO SALESIANO REGIÃO OCEÂNICA,"RUA DOUTOR CORNÉLIO DE MELLO JÚNIOR, 117",PIRATININGA,24350280,-22.9393022,-43.0618731,357
199,238,1368,UMEI PROFESSORA NINA RITA TORRES,"AVENIDA DOUTOR ACÚRCIO TORRES, 691",PIRATININGA,24358080,-22.9519115,-43.0861872,379
144,191,1490,IGREJA BATISTA DO FONSECA,ALAMEDA SAO BOAVENTURA  937,FONSECA,24130001,-22.8810878,-43.0865383,354
199,196,1015,COUNTRY CLUB DE NITEROI,RUA CHILE 135,VILA PROGRESSO,24322000,-22.8970192,-43.0347113,383
72,236,1520,ESCOLA MUNICIPAL LEVI CARNEIRO,ESTRADA WASHINGTON LUIS 488,SAPÊ,24315115,-22.8961721,-43.0583864,350
72,1,1015,INSTITUTO JCA,"RODOVIA PREFEITO JOÃO SAMPAIO, 2501",SANTA BARBARA,24141380,-22.882301,-43.0585179,224
71,196,1392,FACULDADE DE VETERINARIA DA UFF,RUA VITAL BRASIL FILHO 64,VITAL BRASIL,24230340,-22.904908,-43.098407,386
144,341,1678,ESCOLA MUNICIPAL JACINTA MEDELA,"RUA TENENTE OSORIO, 10",FONSECA,24130200,-22.8789902,-43.0919052,375
72,147,1074,COLEGIO ESTADUAL PAULO ASSIS RIBEIRO,ESTRADA CAETANO MONTEIRO 814,BADU,24320570,-22.9068537,-43.0573891,347
144,101,1031,(PRÉDIO NOVO) COLÉGIO PEDRO II UNIDADE NITERÓI,RUA ASSIS DE VASCONCELOS S/N,BARRETO,24210000,-22.8685685,-43.1037833,264
71,387,1619,COLEGIO SAO VICENTE DE PAULO,RUA MIGUEL DE FRIAS 123,ICARAÍ,24220001,-22.902041,-43.1146235,223
71,253,1465,CENTRO UNIVERSITÁRIO ANHANGUERA (ANTIGO PLÍNIO LEITE),RUA VISCONDE DO RIO BRANCO 123,CENTRO,24020000,-22.8869267,-43.1245632,330
144,292,1627,ESCOLA ESTADUAL DOUTOR JAYME MEMORIA,RUA NORONHA TORREZAO 625,CUBANGO,24240181,-22.88949,-43.0937712,360
71,365,1597,ESCOLA MUNICIPAL SANTOS DUMONT,RUA MANOEL CORREIA S/N,FÁTIMA,24070100,-22.8954125,-43.1094692,292
71,410,1660,FACULDADE DE DIREITO DA UFF - UFF - DIREITO 1,RUA PRESIDENTE PEDREIRA 62,INGÁ,24210470,-22.9035832,-43.1258853,356
144,218,1554,ESCOLA MUNICIPAL PROFESSOR PAULO FREIRE,RUA SOARES DE MIRANDA 77,FONSECA,24120307,-22.8828529,-43.0824987,244
144,291,1554,ESCOLA MUNICIPAL PROFESSOR PAULO FREIRE,RUA SOARES DE MIRANDA 77,FONSECA,24120307,-22.8828529,-43.0824987,241
71,391,1619,COLEGIO SAO VICENTE DE PAULO,RUA MIGUEL DE FRIAS 123,ICARAÍ,24220001,-22.902041,-43.1146235,225
72,151,1040,CIEP 447 - CARAMUJO,RODOVIA AMARAL PEIXOTO KM 2,CARAMUJO,24140390,-22.8827294,-43.065134,267
71,289,1600,INSTITUTO DE EDUCAÇÃO PROFESSOR ISMAEL COUTINHO - IEPIC,"TRAVESSA MANOEL CONTINENTINO, 31",SÃO DOMINGOS,24210150,-22.8989767,-43.1271052,157
199,154,1341,COLÉGIO OBJETIVO CAMBOINHAS,"RUA PROFESSOR ÁLVARO CAETANO, 908",CAMBOINHAS,24358640,-22.9537053,-43.0584356,347
71,326,1546,UNIVERSIDADE SALGADO DE OLIVEIRA - BL A,RUA MARECHAL DEODORO 217,CENTRO,24030060,-22.8894749,-43.1186087,176
144,276,1597,ESCOLA ESTADUAL HILARIO RIBEIRO,ALAMEDA SAO BOAVENTURA 794,FONSECA,24120191,-22.8813893,-43.0901745,353
72,437,1767,COLÉGIO ASSUNÇÃO,RUA GENERAL RONDON 842,SÃO FRANCISCO,24360100,-22.9208239,-43.0926525,352
72,300,1619,COLEGIO ESTADUAL JOAQUIM TAVORA,PRAÇA PREF.FERRAZ-CAMPO DE SAO BENTO S/N,ICARAÍ,24230160,-22.9048788,-43.1081976,236
199,118,1112,COLÉGIO SALESIANO REGIÃO OCEÂNICA,"RUA DOUTOR CORNÉLIO DE MELLO JÚNIOR, 117",PIRATININGA,24350280,-22.9393022,-43.0618731,337
144,177,1473,ESCOLA ESTADUAL JOSE BONIFACIO,RUA CARLOS MAXIMIANO 20,FONSECA,24120000,-22.8831949,-43.1060172,327
199,187,1104,CURSO CNA- PIRATININGA,RUA ERNANI DE FARIAS ALVES 152,PIRATININGA,24350135,-22.9441523,-43.0589254,372
144,307,1635,ESCOLA MUNICIPAL DOM JOSÉ PEREIRA ALVES,"RUA TENENTE OSORIO, 73",FONSECA,24130200,-22.8783038,-43.0920686,220
199,12,1031,ESCOLA MUNICIPAL HONORINA DE CARVALHO,RUA PROF. JOSE PECANHA S/N,MARIA PAULA,24325310,-22.882289,-43.0265693,288
71,85,1333,PARÓQUIA NOSSA SENHORA AUXILIADORA - CENTRO COMUNITÁRIO,"RUA SANTA ROSA, 216",SANTA ROSA,24240225,-22.9020239,-43.0994239,360
72,412,1740,COLÉGIO ZEROHUM,"RUA ARY PARREIRAS, 73",ICARAÍ,24230058,-22.9111671,-43.1073245,323
71,70,1244,ESCOLA ESTADUAL MANUEL DE ABREU,RUA LOPES TROVAO 287-A,ICARAÍ,24220070,-22.9023086,-43.1071569,381
72,348,1686,CAIXA ECONÔMICA FEDERAL - AGÊNCIA ICARAÍ,"RUA GAVIÃO PEIXOTO, 226",ICARAÍ,24230102,-22.9052069,-43.1087149,325
199,143,1155,COLÉGIO ITAPUCA,"AV. ERNANI DE FARIAS ALVES, N 124 TREVO DE PIRATININGA",PIRATININGA,24350680,-22.9437854,-43.0593249,293
71,356,1619,COLEGIO SAO VICENTE DE PAULO,RUA MIGUEL DE FRIAS 123,ICARAÍ,24220001,-22.902041,-43.1146235,281
199,107,1198,CIEP 448 RUY FRAZÃO SOARES,ESTRADA DO ENGENHO DO MATO S/N - PRACA,ITAIPU,24346040,-22.9356576,-43.0092644,283
144,347,1686,COLÉGIO DA POLÍCIA MILITAR,"ALAMEDA SÃO BOAVENTURA, 1134",FONSECA,24120297,-22.8818063,-43.0820149,235
199,35,1090,COLÉGIO ESTADUAL PROFESSORA ALCINA RODRIGUES LIMA,"ESTRADA FRANCISCO DA CRUZ NUNES, S/N",ITAIPU,24310340,-22.9528491,-43.0285072,250
199,181,1015,COUNTRY CLUB DE NITEROI,RUA CHILE 135,VILA PROGRESSO,24322000,-22.8970192,-43.0347113,388
144,91,1252,ESCOLA MUNICIPAL ADELINO MAGALHÃES,"RUA DR. NELSON PENA, 17",ENGENHOCA,24110520,-22.8739038,-43.0944571,239
71,71,1260,INSTITUTO ABEL,AV. ROBERTO SILVEIRA 29,ICARAÍ,24230150,-22.9004168,-43.1094942,397
199,54,1139,ESCOLA MUNICIPAL FRANCISCO PORTUGAL NEVES,"RUA MANOEL PACHECO DE CARVALHO, N 14 TREVO DE PIRATININGA",PIRATININGA,24350310,-22.942363,-43.056665,350
71,332,1546,UNIVERSIDADE SALGADO DE OLIVEIRA - BL A,RUA MARECHAL DEODORO 217,CENTRO,24030060,-22.8894749,-43.1186087,176
72,453,1775,ESCOLA ESTADUAL CIZÍNIO SOARES PINTO,RUA PRESIDENTE ROOSEVELT 2,SÃO FRANCISCO,24360066,-22.9147594,-43.093934,330
199,140,1074,COLÉGIO CURSO ZEROHUM ( ANT GAUSS),"AV. FREI FABIANO, 155 - ITAIPU",ITAIPU,24355250,-22.9427133,-43.0519956,300
144,212,1597,ESCOLA ESTADUAL HILARIO RIBEIRO,ALAMEDA SAO BOAVENTURA 794,FONSECA,24120191,-22.8813893,-43.0901745,357
71,124,1368,INSTITUTO SÃO JOSÉ,RUA GERALDO MARTINS 166,SANTA ROSA,24220381,-22.901754,-43.1018878,369
71,201,1260,INSTITUTO ABEL,AV. ROBERTO SILVEIRA 29,ICARAÍ,24230150,-22.9004168,-43.1094942,387
199,173,1112,COLÉGIO SALESIANO REGIÃO OCEÂNICA,"RUA DOUTOR CORNÉLIO DE MELLO JÚNIOR, 117",PIRATININGA,24350280,-22.9393022,-43.0618731,328
72,380,1716,ESCOLA VIVINFÂNCIA,RUA GAVIÃO PEIXOTO 384,ICARAÍ,24230103,-22.9079727,-43.1056898,279
71,134,1392,FACULDADE DE VETERINARIA DA UFF,RUA VITAL BRASIL FILHO 64,VITAL BRASIL,24230340,-22.904908,-43.098407,387
199,123,1139,ESCOLA MUNICIPAL FRANCISCO PORTUGAL NEVES,"RUA MANOEL PACHECO DE CARVALHO, N 14 TREVO DE PIRATININGA",PIRATININGA,24350310,-22.942363,-43.056665,347
71,411,1660,FACULDADE DE DIREITO DA UFF - UFF - DIREITO 1,RUA PRESIDENTE PEDREIRA 62,INGÁ,24210470,-22.9035832,-43.1258853,356
72,398,1732,CLUBE NAVAL,AVENIDA CARLOS ERMELINDO MARINS 68,JURUJUBA,24370195,-22.935737,-43.1068139,336
144,22,1090,ESCOLA TÉCNICA ESTADUAL HENRIQUE LAGE,RUA GUIMARÃES JUNIOR 182,BARRETO,24110300,-22.8621355,-43.0979546,243
71,264,1600,INSTITUTO DE EDUCAÇÃO PROFESSOR ISMAEL COUTINHO - IEPIC,"TRAVESSA MANOEL CONTINENTINO, 31",SÃO DOMINGOS,24210150,-22.8989767,-43.1271052,321
144,105,1317,IGREJA BATISTA BETEL DE NITERÓI,RUA DANIEL TORRES 72,ENGENHOCA,24110460,-22.8716138,-43.096026,281
144,232,1562,LBV LEGIÃO DA BOA VONTADE,ALAMEDA SÃO BOAVENTURA 474,FONSECA,24120191,-22.8811009,-43.0979899,346
72,38,1112,ESCOLA ESTADUAL LEOPOLDO FROES,RUA REVERENDO ARMANDO FERREIRA  S/N,LARGO DA BATALHA,24310400,-22.9100474,-43.0677553,344
199,108,1406,CANADIAN SCHOOL OF NITERÓI - EXPANSÃO ITACOATIARA,"RUA ANTONIO NASCIMENTO COTTAS, QD 16, LT 7,R.N 122",ITACOATIARA,24346020,-22.9619895,-43.0348161,162
144,288,1554,ESCOLA MUNICIPAL PROFESSOR PAULO FREIRE,RUA SOARES DE MIRANDA 77,FONSECA,24120307,-22.8828529,-43.0824987,281
199,209,1317,COLÉGIO PAULO FREIRE,"AVENIDA IRENE LOPES SODRÉ, N22",ENGENHO DO MATO,24346040,-22.9500178,-43.0246246,377
199,82,1252,CIEP 307 DJANIRA,AV. EWERTON XAVIER S/N - PRACA,VÁRZEA DAS MOÇAS,24330280,-22.910323,-42.9852487,335
72,28,1449,CIEP 450 - BADU,ESTRADA CAETANO MONTEIRO S/N,BADU,24320570,-22.9071974,-43.0566124,356
144,156,1457,ESCOLA ESTADUAL MACHADO DE ASSIS,RUA DESEMBARGADOR LIMA CASTRO 97,FONSECA,24120350,-22.8836374,-43.0857092,355
144,16,1112,ESCOLA MUNICIPAL TIRADENTES,"RUA DR. MARCH, 628",TENENTE JARDIM,24110650,-22.8634427,-43.0844313,351
71,442,1694,RIO CRICKET,RUA FAGUNDES VARELA 637,INGÁ,24210520,-22.8997052,-43.1133665,375
144,324,1651,INSTITUTO EDUCACIONAL TAURUS,"ALAMEDA SÃO BOAVENTURA, 15",FONSECA,24130000,-22.8806664,-43.1093503,231
199,163,1260,COLÉGIO PLUZ,"RUA NICARÁGUA, 20",SERRA GRANDE,24342740,-22.9287514,-43.0124453,379
72,197,1040,CIEP 447 - CARAMUJO,RODOVIA AMARAL PEIXOTO KM 2,CARAMUJO,24140390,-22.8827294,-43.065134,267
72,336,1660,CLUBE CENTRAL,"AVENIDA JORNALISTA ALBERTO FRANCISCO TORRES,  335",ICARAÍ,24230005,-22.9075784,-43.111789,349
71,217,1414,UNIVERSIDADE SALGADO DE OLIVEIRA - BL B (PRÓXIMO AO GUANABARA),RUA MARECHAL DEODORO 263,CENTRO,24030060,-22.8893447,-43.1172001,270
72,152,1040,CIEP 447 - CARAMUJO,RODOVIA AMARAL PEIXOTO KM 2,CARAMUJO,24140390,-22.8827294,-43.065134,265
72,270,1589,COLÉGIO GAY-LUSSAC,RUA MARIA CALDAS 35,SÃO FRANCISCO,24365050,-22.9168331,-43.0892838,335
144,74,1236,COLÉGIO ESTADUAL MULLULO DA VEIGA,RUA CORONEL GUIMARÃES 505,ENGENHOCA,24110130,-22.8708282,-43.0988892,348
199,222,1473,COLÉGIO COLABORE,"ESTRADA MARINO NUNES VIEIRA, 340",VÁRZEA DAS MOÇAS,24330325,-22.9131583,-42.9846125,324
144,227,1554,ESCOLA MUNICIPAL PROFESSOR PAULO FREIRE,RUA SOARES DE MIRANDA 77,FONSECA,24120307,-22.8828529,-43.0824987,244
199,56,1139,ESCOLA MUNICIPAL FRANCISCO PORTUGAL NEVES,"RUA MANOEL PACHECO DE CARVALHO, N 14 TREVO DE PIRATININGA",PIRATININGA,24350310,-22.942363,-43.056665,344
71,31,1104,INSTITUTO MAIA VINAGRE,RUA NORONHA TORREZÃO 68,SANTA ROSA,24240182,-22.8976844,-43.1021103,393
71,110,1325,ESCOLA ESTADUAL GUILHERME BRIGGS,RUA MARIO VIANNA 625,SANTA ROSA,24241001,-22.9053667,-43.0895767,377
144,99,1031,(PRÉDIO NOVO) COLÉGIO PEDRO II UNIDADE NITERÓI,RUA ASSIS DE VASCONCELOS S/N,BARRETO,24210000,-22.8685685,-43.1037833,262
144,319,1651,INSTITUTO EDUCACIONAL TAURUS,"ALAMEDA SÃO BOAVENTURA, 15",FONSECA,24130000,-22.8806664,-43.1093503,215
72,208,1180,ESCOLA MUNICIPAL RACHIDE DA GLORIA SALIM SAKER,RUA JANDIRA PEREIRA 620,SANTA BARBARA,24141400,-22.8766134,-43.0488967,337
144,289,1554,ESCOLA MUNICIPAL PROFESSOR PAULO FREIRE,RUA SOARES DE MIRANDA 77,FONSECA,24120307,-22.8828529,-43.0824987,297
71,426,1678,LICEU NILO PEÇANHA,AV ERNANI DO AMARAL PEIXOTO 707,CENTRO,24020073,-22.8935707,-43.1165611,237
71,342,1562,COLEGIO ESTADUAL RAUL VIDAL,AVENIDA FELICIANO SODRE 21,CENTRO,24030013,-22.8862372,-43.1242688,297
144,322,1651,INSTITUTO EDUCACIONAL TAURUS,"ALAMEDA SÃO BOAVENTURA, 15",FONSECA,24130000,-22.8806664,-43.1093503,233
71,205,1317,ESCOLA ESTADUAL BALTAZAR BERNARDINO,RUA MARIZ E BARROS 444,SANTA ROSA,24220121,-22.9032359,-43.1012931,382
72,260,1570,IGREJA DO SANTUARIO NACIONAL DAS ALMAS,RUA ALVARES DE AZEVEDO 237,ICARAÍ,24220020,-22.9004522,-43.1107182,300
199,27,1074,COLÉGIO CURSO ZEROHUM ( ANT GAUSS),"AV. FREI FABIANO, 155 - ITAIPU",ITAIPU,24355250,-22.9427133,-43.0519956,302
72,400,1732,CLUBE NAVAL,AVENIDA CARLOS ERMELINDO MARINS 68,JURUJUBA,24370195,-22.935737,-43.1068139,336
71,330,1546,UNIVERSIDADE SALGADO DE OLIVEIRA - BL A,RUA MARECHAL DEODORO 217,CENTRO,24030060,-22.8894749,-43.1186087,177
199,239,1392,CULTURA INGLESA EM ITAIPU,"ESTRADA FRANCISCO DA CRUZ NUNES, N 6956",ITAIPU,24350310,-22.9413685,-43.0533061,394
72,349,1686,CAIXA ECONÔMICA FEDERAL - AGÊNCIA ICARAÍ,"RUA GAVIÃO PEIXOTO, 226",ICARAÍ,24230102,-22.9052069,-43.1087149,325
199,144,1139,ESCOLA MUNICIPAL FRANCISCO PORTUGAL NEVES,"RUA MANOEL PACHECO DE CARVALHO, N 14 TREVO DE PIRATININGA",PIRATININGA,24350310,-22.942363,-43.056665,344
71,206,1260,INSTITUTO ABEL,AV. ROBERTO SILVEIRA 29,ICARAÍ,24230150,-22.9004168,-43.1094942,400
199,220,1163,ANDEF (EX FAETEC),ESTRADA VELHA DE MARICA 4830,RIO DO OURO,24330000,-22.8896379,-42.9978497,301
72,233,1520,ESCOLA MUNICIPAL LEVI CARNEIRO,ESTRADA WASHINGTON LUIS 488,SAPÊ,24315115,-22.8961721,-43.0583864,343
144,67,1236,COLÉGIO ESTADUAL MULLULO DA VEIGA,RUA CORONEL GUIMARÃES 505,ENGENHOCA,24110130,-22.8708282,-43.0988892,348
71,204,1295,COLEGIO SALESIANO SANTA ROSA,RUA SANTA ROSA 207,SANTA ROSA,24240220,-22.9016745,-43.0996973,372
72,327,1660,CLUBE CENTRAL,"AVENIDA JORNALISTA ALBERTO FRANCISCO TORRES,  335",ICARAÍ,24230005,-22.9075784,-43.111789,351
144,248,1570,SECRETARIA DE ESTADO DE AGRICULTURA E ABASTECIMENTO,ALAMEDA SAO BOAVENTURA 770,FONSECA,24120191,-22.8823618,-43.0907682,318
144,176,1473,ESCOLA ESTADUAL JOSE BONIFACIO,RUA CARLOS MAXIMIANO 20,FONSECA,24120000,-22.8831949,-43.1060172,329
199,232,1392,CULTURA INGLESA EM ITAIPU,"ESTRADA FRANCISCO DA CRUZ NUNES, N 6956",ITAIPU,24350310,-22.9413685,-43.0533061,376
71,186,1392,FACULDADE DE VETERINARIA DA UFF,RUA VITAL BRASIL FILHO 64,VITAL BRASIL,24230340,-22.904908,-43.098407,386
199,93,1317,COLÉGIO PAULO FREIRE,"AVENIDA IRENE LOPES SODRÉ, N22",ENGENHO DO MATO,24346040,-22.9500178,-43.0246246,383
72,457,1775,ESCOLA ESTADUAL CIZÍNIO SOARES PINTO,RUA PRESIDENTE ROOSEVELT 2,SÃO FRANCISCO,24360066,-22.9147594,-43.093934,325
72,315,1643,CENTRO MODERNO ALZIRA BITTENCOURT,"RUA MEM DE SÁ, 71",ICARAÍ,24220260,-22.9012326,-43.110746,356
72,378,1716,ESCOLA VIVINFÂNCIA,RUA GAVIÃO PEIXOTO 384,ICARAÍ,24230103,-22.9079727,-43.1056898,243
199,2,1015,COUNTRY CLUB DE NITEROI,RUA CHILE 135,VILA PROGRESSO,24322000,-22.8970192,-43.0347113,385
144,112,1236,COLÉGIO ESTADUAL MULLULO DA VEIGA,RUA CORONEL GUIMARÃES 505,ENGENHOCA,24110130,-22.8708282,-43.0988892,322
199,136,1244,COLÉGIO LAPLACE,"RUA MANOEL PACHECO DE CARVALHO, N 80",PIRATININGA,24350400,-22.9425434,-43.05605,341
71,288,1546,UNIVERSIDADE SALGADO DE OLIVEIRA - BL A,RUA MARECHAL DEODORO 217,CENTRO,24030060,-22.8894749,-43.1186087,176
144,202,1511,COLÉGIO OPÇÃO - NITERÓI,"ALAMEDA SÃO BOAVENTURA, 824",FONSECA,24130001,-22.8814198,-43.0895121,385
199,156,1155,COLÉGIO ITAPUCA,"AV. ERNANI DE FARIAS ALVES, N 124 TREVO DE PIRATININGA",PIRATININGA,24350680,-22.9437854,-43.0593249,303
144,326,1651,INSTITUTO EDUCACIONAL TAURUS,"ALAMEDA SÃO BOAVENTURA, 15",FONSECA,24130000,-22.8806664,-43.1093503,212
71,407,1651,FACULDADE DE ENFERMAGEM DA UFF,RUA DR CELESTINO 74,CENTRO,24020091,-22.895302,-43.1167706,163
72,20,1449,CIEP 450 - BADU,ESTRADA CAETANO MONTEIRO S/N,BADU,24320570,-22.9071974,-43.0566124,362
199,12,1031,ESCOLA MUNICIPAL HONORINA DE CARVALHO,RUA PROF. JOSE PECANHA S/N,MARIA PAULA,24325310,-22.882289,-43.0265693,288
71,146,1368,INSTITUTO SÃO JOSÉ,RUA GERALDO MARTINS 166,SANTA ROSA,24220381,-22.901754,-43.1018878,367
199,184,1260,COLÉGIO PLUZ,"RUA NICARÁGUA, 20",SERRA GRANDE,24342740,-22.9287514,-43.0124453,380
71,109,1325,ESCOLA ESTADUAL GUILHERME BRIGGS,RUA MARIO VIANNA 625,SANTA ROSA,24241001,-22.9053667,-43.0895767,378
71,101,1309,CURSO MARLY CURY,AV. SETE DE SETEMBRO 165,SANTA ROSA,24230251,-22.9054777,-43.1019227,387
144,117,1210,UMEI THEREZINHA KALIL PETRUS (ANTIGO TIO SAM),RUA BENJAMIM CONSTANT 562,BARRETO,24110002,-22.8719306,-43.104502,313
71,86,1015,CENTRO EDUCACIONAL DE NITEROI - CENTRINHO,RUA ITAGUAI 173,SANTA ROSA,24240130,-22.8965191,-43.1018339,349
144,82,1031,(PRÉDIO NOVO) COLÉGIO PEDRO II UNIDADE NITERÓI,RUA ASSIS DE VASCONCELOS S/N,BARRETO,24210000,-22.8685685,-43.1037833,258
199,239,1392,CULTURA INGLESA EM ITAIPU,"ESTRADA FRANCISCO DA CRUZ NUNES, N 6956",ITAIPU,24350310,-22.9413685,-43.0533061,394
71,352,1570,COLÉGIO UNIVERSÍTÁRIO DA UFF (CIEP GRAGOATÁ),RUA ALEXANDRE MOURA 8,SÃO DOMINGOS,24210200,-22.900281,-43.1316649,325
72,303,1627,ESCOLA MUNICIPAL PROFESSORA LUCIA MARIA SILVEIRA ROCHA,"AV. CARLOS ERMELINDO MARINS, 34",JURUJUBA,24370195,-22.9317575,-43.1166302,343
199,188,1260,COLÉGIO PLUZ,"RUA NICARÁGUA, 20",SERRA GRANDE,24342740,-22.9287514,-43.0124453,386
72,250,1554,JARDIM ESCOLA GIRASSÓIS,"ESTRADA CAETANO MONTEIRO, 820",LARGO DA BATALHA,24320570,-22.9077414,-43.0652722,381
72,217,1040,CIEP 447 - CARAMUJO,RODOVIA AMARAL PEIXOTO KM 2,CARAMUJO,24140390,-22.8827294,-43.065134,265
144,195,1503,SERVICO DE ASSISTENCIA SOCIAL SAO DOMINGOS SAVIO,RUA MARTINS TORRES 223,SANTA ROSA,24240705,-22.8988024,-43.0928214,341
72,64,1171,ESCOLA MUNICIPAL ANTONIO COUTINHO DE AZEVEDO,AV DES NESTOR RODRIGUES PERLINGEIRO S/N,SANTA BARBARA,24141330,-22.8756043,-43.04869,356
72,448,1767,COLÉGIO ASSUNÇÃO,RUA GENERAL RONDON 842,SÃO FRANCISCO,24360100,-22.9208239,-43.0926525,348
144,142,1449,INSTITUTO SÃO BENTO DE NITEROI,RUA VEREADOR DUQUE ESTRADA 28,SANTA ROSA,24240210,-22.8968349,-43.1000967,381
71,6,1015,CENTRO EDUCACIONAL DE NITEROI - CENTRINHO,RUA ITAGUAI 173,SANTA ROSA,24240130,-22.8965191,-43.1018339,347
72,294,1619,COLEGIO ESTADUAL JOAQUIM TAVORA,PRAÇA PREF.FERRAZ-CAMPO DE SAO BENTO S/N,ICARAÍ,24230160,-22.9048788,-43.1081976,235
71,350,1562,COLEGIO ESTADUAL RAUL VIDAL,AVENIDA FELICIANO SODRE 21,CENTRO,24030013,-22.8862372,-43.1242688,296
199,182,1112,COLÉGIO SALESIANO REGIÃO OCEÂNICA,"RUA DOUTOR CORNÉLIO DE MELLO JÚNIOR, 117",PIRATININGA,24350280,-22.9393022,-43.0618731,352
199,102,1198,CIEP 448 RUY FRAZÃO SOARES,ESTRADA DO ENGENHO DO MATO S/N - PRACA,ITAIPU,24346040,-22.9356576,-43.0092644,283
199,13,1031,ESCOLA MUNICIPAL HONORINA DE CARVALHO,RUA PROF. JOSE PECANHA S/N,MARIA PAULA,24325310,-22.882289,-43.0265693,302
72,126,1180,ESCOLA MUNICIPAL RACHIDE DA GLORIA SALIM SAKER,RUA JANDIRA PEREIRA 620,SANTA BARBARA,24141400,-22.8766134,-43.0488967,354
72,332,1660,CLUBE CENTRAL,"AVENIDA JORNALISTA ALBERTO FRANCISCO TORRES,  335",ICARAÍ,24230005,-22.9075784,-43.111789,350
72,450,1767,COLÉGIO ASSUNÇÃO,RUA GENERAL RONDON 842,SÃO FRANCISCO,24360100,-22.9208239,-43.0926525,350
72,212,1040,CIEP 447 - CARAMUJO,RODOVIA AMARAL PEIXOTO KM 2,CARAMUJO,24140390,-22.8827294,-43.065134,266
72,164,1015,INSTITUTO JCA,"RODOVIA PREFEITO JOÃO SAMPAIO, 2501",SANTA BARBARA,24141380,-22.882301,-43.0585179,225
144,147,1449,INSTITUTO SÃO BENTO DE NITEROI,RUA VEREADOR DUQUE ESTRADA 28,SANTA ROSA,24240210,-22.8968349,-43.1000967,384
71,384,1619,COLEGIO SAO VICENTE DE PAULO,RUA MIGUEL DE FRIAS 123,ICARAÍ,24220001,-22.902041,-43.1146235,224
144,102,1031,(PRÉDIO NOVO) COLÉGIO PEDRO II UNIDADE NITERÓI,RUA ASSIS DE VASCONCELOS S/N,BARRETO,24210000,-22.8685685,-43.1037833,262
72,318,1651,PH COLÉGIO,RUA ALVARES DE AZEVEDO 237,ICARAÍ,24220020,-22.9006508,-43.1110377,280
199,161,1260,COLÉGIO PLUZ,"RUA NICARÁGUA, 20",SERRA GRANDE,24342740,-22.9287514,-43.0124453,377
144,58,1104,ESCOLA MUNICIPAL ALTIVO CESAR,"RUA DR. LUIZ PALMIER, 25",BARRETO,24110310,-22.8645343,-43.0995714,339
144,20,1090,ESCOLA TÉCNICA ESTADUAL HENRIQUE LAGE,RUA GUIMARÃES JUNIOR 182,BARRETO,24110300,-22.8621355,-43.0979546,243
72,19,1449,CIEP 450 - BADU,ESTRADA CAETANO MONTEIRO S/N,BADU,24320570,-22.9071974,-43.0566124,360
71,142,1295,COLEGIO SALESIANO SANTA ROSA,RUA SANTA ROSA 207,SANTA ROSA,24240220,-22.9016745,-43.0996973,377
144,329,1660,COLÉGIO ESTADUAL CONSELHEIRO JOSINO,"RUA TEIXEIRA DE FREITAS, 421",FONSECA,24130610,-22.8734262,-43.0749723,371
144,242,1570,SECRETARIA DE ESTADO DE AGRICULTURA E ABASTECIMENTO,ALAMEDA SAO BOAVENTURA 770,FONSECA,24120191,-22.8823618,-43.0907682,306
72,62,1112,ESCOLA ESTADUAL LEOPOLDO FROES,RUA REVERENDO ARMANDO FERREIRA  S/N,LARGO DA BATALHA,24310400,-22.9100474,-43.0677553,348
72,455,1775,ESCOLA ESTADUAL CIZÍNIO SOARES PINTO,RUA PRESIDENTE ROOSEVELT 2,SÃO FRANCISCO,24360066,-22.9147594,-43.093934,328
71,416,1660,FACULDADE DE DIREITO DA UFF - UFF - DIREITO 1,RUA PRESIDENTE PEDREIRA 62,INGÁ,24210470,-22.9035832,-43.1258853,362
71,220,1414,UNIVERSIDADE SALGADO DE OLIVEIRA - BL B (PRÓXIMO AO GUANABARA),RUA MARECHAL DEODORO 263,CENTRO,24030060,-22.8893447,-43.1172001,268
71,273,1481,ESCOLA MUNICIPAL MAESTRO HEITOR VILLA-LOBOS (''COLÉGIO NOVO''),RUA SALO BRAND S/N,ILHA DA CONCEIÇÃO,24050070,-22.8731482,-43.1156463,304
72,382,1724,AABB,RUA HÉLIO DA SILVA CARNEIRO 78,SÃO FRANCISCO,24360540,-22.9172823,-43.0826083,361
72,211,1368,ESCOLA MUNICIPAL VILA COSTA MONTEIRO,RUA ITITIOCA S/N,ITITIOCA,24310410,-22.8963335,-43.077802,387
144,35,1112,ESCOLA MUNICIPAL TIRADENTES,"RUA DR. MARCH, 628",TENENTE JARDIM,24110650,-22.8634427,-43.0844313,353
72,338,1660,CLUBE CENTRAL,"AVENIDA JORNALISTA ALBERTO FRANCISCO TORRES,  335",ICARAÍ,24230005,-22.9075784,-43.111789,353
71,1,1015,CENTRO EDUCACIONAL DE NITEROI - CENTRINHO,RUA ITAGUAI 173,SANTA ROSA,24240130,-22.8965191,-43.1018339,349
72,201,1473,COLÉGIO FORUM CULTURAL,ESTRADA FRANCISCO DA CRUZ NUNES 2454,CANTAGALO,24310410,-22.9163184,-43.0490094,346
144,303,1635,ESCOLA MUNICIPAL DOM JOSÉ PEREIRA ALVES,"RUA TENENTE OSORIO, 73",FONSECA,24130200,-22.8783038,-43.0920686,217
72,354,1694,ESCOLA MUNICIPAL PROFESSOR PAULO DE ALMEIDA CAMPOS,"RUA PEREIRA DA SILVA, 50",ICARAÍ,24220031,-22.9047439,-43.1131555,358
71,32,1104,INSTITUTO MAIA VINAGRE,RUA NORONHA TORREZÃO 68,SANTA ROSA,24240182,-22.8976844,-43.1021103,393
71,270,1481,ESCOLA MUNICIPAL MAESTRO HEITOR VILLA-LOBOS (''COLÉGIO NOVO''),RUA SALO BRAND S/N,ILHA DA CONCEIÇÃO,24050070,-22.8731482,-43.1156463,305
199,83,1252,CIEP 307 DJANIRA,AV. EWERTON XAVIER S/N - PRACA,VÁRZEA DAS MOÇAS,24330280,-22.910323,-42.9852487,336
71,241,1449,COLÉGIO ESTADUAL ZULEIKA RAPÔSO VALLADARES (''COLÉGIO VELHO''),RUA SALO BRAND S/N,ILHA DA CONCEIÇÃO,24050070,-22.8729269,-43.1147506,370
72,360,1708,ESCOLA MUNICIPAL JÚLIA CORTINES,RUA LOPES TROVAO 1-CAMPO DE SÃO BENTO S/N,ICARAÍ,24220070,-22.9043592,-43.1086717,330
144,1,1171,ESCOLA ESTADUAL MENEZES VIEIRA,RUA GENERAL CASTRIOTO S/N,BARRETO,24110000,-22.8693286,-43.1032004,278
72,378,1716,ESCOLA VIVINFÂNCIA,RUA GAVIÃO PEIXOTO 384,ICARAÍ,24230103,-22.9079727,-43.1056898,243
72,57,1112,ESCOLA ESTADUAL LEOPOLDO FROES,RUA REVERENDO ARMANDO FERREIRA  S/N,LARGO DA BATALHA,24310400,-22.9100474,-43.0677553,344
144,334,1660,COLÉGIO ESTADUAL CONSELHEIRO JOSINO,"RUA TEIXEIRA DE FREITAS, 421",FONSECA,24130610,-22.8734262,-43.0749723,368
144,57,1104,ESCOLA MUNICIPAL ALTIVO CESAR,"RUA DR. LUIZ PALMIER, 25",BARRETO,24110310,-22.8645343,-43.0995714,336
71,321,1678,LICEU NILO PEÇANHA,AV ERNANI DO AMARAL PEIXOTO 707,CENTRO,24020073,-22.8935707,-43.1165611,143
144,205,1694,ESPAÇO DO SABER,ALAMEDA SÃO BOAVENTURA 887,FONSECA,24130223,-22.8810443,-43.087791,338
72,364,1708,ESCOLA MUNICIPAL JÚLIA CORTINES,RUA LOPES TROVAO 1-CAMPO DE SÃO BENTO S/N,ICARAÍ,24220070,-22.9043592,-43.1086717,279
199,30,1082,UMEI DR PAULO CESAR DE ALMEIDA PIMENTEL,RUA ANTONIO LUIZ SAIÃO CAMPO BELO,ITAIPU,24348000,-22.9614459,-43.0327165,232
199,208,1260,COLÉGIO PLUZ,"RUA NICARÁGUA, 20",SERRA GRANDE,24342740,-22.9287514,-43.0124453,378
72,11,1040,CIEP 447 - CARAMUJO,RODOVIA AMARAL PEIXOTO KM 2,CARAMUJO,24140390,-22.8827294,-43.065134,266
199,215,1350,ESCOLA MUNICIPAL MARALEGRE,"RUA DR. WALDIR COSTA, LOTES 10 E 11",CAFUBÁ,24350015,-22.9362723,-43.0724233,387
72,60,1112,ESCOLA ESTADUAL LEOPOLDO FROES,RUA REVERENDO ARMANDO FERREIRA  S/N,LARGO DA BATALHA,24310400,-22.9100474,-43.0677553,350
72,16,1015,INSTITUTO JCA,"RODOVIA PREFEITO JOÃO SAMPAIO, 2501",SANTA BARBARA,24141380,-22.882301,-43.0585179,226
144,224,1554,ESCOLA MUNICIPAL PROFESSOR PAULO FREIRE,RUA SOARES DE MIRANDA 77,FONSECA,24120307,-22.8828529,-43.0824987,242
71,27,1104,INSTITUTO MAIA VINAGRE,RUA NORONHA TORREZÃO 68,SANTA ROSA,24240182,-22.8976844,-43.1021103,388
71,108,1325,ESCOLA ESTADUAL GUILHERME BRIGGS,RUA MARIO VIANNA 625,SANTA ROSA,24241001,-22.9053667,-43.0895767,373
144,337,1678,ESCOLA MUNICIPAL JACINTA MEDELA,"RUA TENENTE OSORIO, 10",FONSECA,24130200,-22.8789902,-43.0919052,369
71,125,1368,INSTITUTO SÃO JOSÉ,RUA GERALDO MARTINS 166,SANTA ROSA,24220381,-22.901754,-43.1018878,367
72,317,1651,PH COLÉGIO,RUA ALVARES DE AZEVEDO 237,ICARAÍ,24220020,-22.9006508,-43.1110377,281
144,201,1511,COLÉGIO OPÇÃO - NITERÓI,"ALAMEDA SÃO BOAVENTURA, 824",FONSECA,24130001,-22.8814198,-43.0895121,386
71,74,1260,INSTITUTO ABEL,AV. ROBERTO SILVEIRA 29,ICARAÍ,24230150,-22.9004168,-43.1094942,390
144,225,1554,ESCOLA MUNICIPAL PROFESSOR PAULO FREIRE,RUA SOARES DE MIRANDA 77,FONSECA,24120307,-22.8828529,-43.0824987,242
199,78,1163,ANDEF (EX FAETEC),ESTRADA VELHA DE MARICA 4830,RIO DO OURO,24330000,-22.8896379,-42.9978497,313
144,166,1473,ESCOLA ESTADUAL JOSE BONIFACIO,RUA CARLOS MAXIMIANO 20,FONSECA,24120000,-22.8831949,-43.1060172,331
71,87,1015,CENTRO EDUCACIONAL DE NITEROI - CENTRINHO,RUA ITAGUAI 173,SANTA ROSA,24240130,-22.8965191,-43.1018339,350
71,284,1546,UNIVERSIDADE SALGADO DE OLIVEIRA - BL A,RUA MARECHAL DEODORO 217,CENTRO,24030060,-22.8894749,-43.1186087,174
72,219,1074,COLEGIO ESTADUAL PAULO ASSIS RIBEIRO,ESTRADA CAETANO MONTEIRO 814,BADU,24320570,-22.9068537,-43.0573891,342
71,276,1481,ESCOLA MUNICIPAL MAESTRO HEITOR VILLA-LOBOS (''COLÉGIO NOVO''),RUA SALO BRAND S/N,ILHA DA CONCEIÇÃO,24050070,-22.8731482,-43.1156463,304
71,389,1619,COLEGIO SAO VICENTE DE PAULO,RUA MIGUEL DE FRIAS 123,ICARAÍ,24220001,-22.902041,-43.1146235,226
72,370,1708,ESCOLA MUNICIPAL JÚLIA CORTINES,RUA LOPES TROVAO 1-CAMPO DE SÃO BENTO S/N,ICARAÍ,24220070,-22.9043592,-43.1086717,277
71,113,1325,ESCOLA ESTADUAL GUILHERME BRIGGS,RUA MARIO VIANNA 625,SANTA ROSA,24241001,-22.9053667,-43.0895767,375
144,195,1503,SERVICO DE ASSISTENCIA SOCIAL SAO DOMINGOS SAVIO,RUA MARTINS TORRES 223,SANTA ROSA,24240705,-22.8988024,-43.0928214,341
144,38,1201,OFICINAS DO SENAI,RUA GALVAO S/N,BARRETO,24110260,-22.8614396,-43.1026046,226
144,228,1554,ESCOLA MUNICIPAL PROFESSOR PAULO FREIRE,RUA SOARES DE MIRANDA 77,FONSECA,24120307,-22.8828529,-43.0824987,242
199,170,1341,COLÉGIO OBJETIVO CAMBOINHAS,"RUA PROFESSOR ÁLVARO CAETANO, 908",CAMBOINHAS,24358640,-22.9537053,-43.0584356,346
199,111,1112,COLÉGIO SALESIANO REGIÃO OCEÂNICA,"RUA DOUTOR CORNÉLIO DE MELLO JÚNIOR, 117",PIRATININGA,24350280,-22.9393022,-43.0618731,337
72,30,1449,CIEP 450 - BADU,ESTRADA CAETANO MONTEIRO S/N,BADU,24320570,-22.9071974,-43.0566124,357
144,8,1031,(PRÉDIO NOVO) COLÉGIO PEDRO II UNIDADE NITERÓI,RUA ASSIS DE VASCONCELOS S/N,BARRETO,24210000,-22.8685685,-43.1037833,269
199,101,1112,COLÉGIO SALESIANO REGIÃO OCEÂNICA,"RUA DOUTOR CORNÉLIO DE MELLO JÚNIOR, 117",PIRATININGA,24350280,-22.9393022,-43.0618731,336
71,369,1600,INSTITUTO DE EDUCAÇÃO PROFESSOR ISMAEL COUTINHO - IEPIC,"TRAVESSA MANOEL CONTINENTINO, 31",SÃO DOMINGOS,24210150,-22.8989767,-43.1271052,157
72,443,1767,COLÉGIO ASSUNÇÃO,RUA GENERAL RONDON 842,SÃO FRANCISCO,24360100,-22.9208239,-43.0926525,351
72,68,1180,ESCOLA MUNICIPAL RACHIDE DA GLORIA SALIM SAKER,RUA JANDIRA PEREIRA 620,SANTA BARBARA,24141400,-22.8766134,-43.0488967,345
144,93,1252,ESCOLA MUNICIPAL ADELINO MAGALHÃES,"RUA DR. NELSON PENA, 17",ENGENHOCA,24110520,-22.8739038,-43.0944571,243
72,56,1074,COLEGIO ESTADUAL PAULO ASSIS RIBEIRO,ESTRADA CAETANO MONTEIRO 814,BADU,24320570,-22.9068537,-43.0573891,348
72,214,1473,COLÉGIO FORUM CULTURAL,ESTRADA FRANCISCO DA CRUZ NUNES 2454,CANTAGALO,24310410,-22.9163184,-43.0490094,347
199,126,1198,CIEP 448 RUY FRAZÃO SOARES,ESTRADA DO ENGENHO DO MATO S/N - PRACA,ITAIPU,24346040,-22.9356576,-43.0092644,289
199,241,1260,COLÉGIO PLUZ,"RUA NICARÁGUA, 20",SERRA GRANDE,24342740,-22.9287514,-43.0124453,379
199,251,1384,UMEI OLGA BENÁRIO PRESTES,"PRAÇA IRENE DE MATOS, S/N",ENGENHO DO MATO,24340000,-22.9354086,-43.0086653,300
199,184,1260,COLÉGIO PLUZ,"RUA NICARÁGUA, 20",SERRA GRANDE,24342740,-22.9287514,-43.0124453,380
199,188,1260,COLÉGIO PLUZ,"RUA NICARÁGUA, 20",SERRA GRANDE,24342740,-22.9287514,-43.0124453,386
72,133,1074,COLEGIO ESTADUAL PAULO ASSIS RIBEIRO,ESTRADA CAETANO MONTEIRO 814,BADU,24320570,-22.9068537,-43.0573891,344
72,237,1538,ESCOLA CATAVENTO ESPAÇO DE EDUCAÇÃO,"ESTRADA WASHINGTON LUIZ, 224",SAPÊ,24315375,-22.9024713,-43.0635188,348
144,65,1210,UMEI THEREZINHA KALIL PETRUS (ANTIGO TIO SAM),RUA BENJAMIM CONSTANT 562,BARRETO,24110002,-22.8719306,-43.104502,317
71,336,1554,FACULDADE DE ENGENHARIA DA UFF,RUA PASSO DA PATRIA 156,SÃO DOMINGOS,24210240,-22.903848,-43.1302712,332
72,313,1643,CENTRO MODERNO ALZIRA BITTENCOURT,"RUA MEM DE SÁ, 71",ICARAÍ,24220260,-22.9012326,-43.110746,352
199,160,1120,COLÉGIO ESTADUAL ALMIRANTE TAMANDARÉ,AV. ACURCIO TORRES S/N,PIRATININGA,24358080,-22.9512083,-43.0916732,297
144,90,1317,IGREJA BATISTA BETEL DE NITERÓI,RUA DANIEL TORRES 72,ENGENHOCA,24110460,-22.8716138,-43.096026,281
199,5,1023,ESCOLA MUNICIPAL FELISBERTO DE CARVALHO,ESTRADA CAETANO MONTEIRO 896,VILA PROGRESSO,24320570,-22.8970371,-43.0392212,311
199,31,1082,UMEI DR PAULO CESAR DE ALMEIDA PIMENTEL,RUA ANTONIO LUIZ SAIÃO CAMPO BELO,ITAIPU,24348000,-22.9614459,-43.0327165,246
72,40,1112,ESCOLA ESTADUAL LEOPOLDO FROES,RUA REVERENDO ARMANDO FERREIRA  S/N,LARGO DA BATALHA,24310400,-22.9100474,-43.0677553,342
71,299,1511,FACULDADE DE ADMINISTRAÇÃO E CIÊNCIAS CONTÁBEIS (VALONGUINHO),RUA MÁRIO SANTOS BRAGA S/N,CENTRO,24020140,-22.8967413,-43.1252439,247
72,28,1449,CIEP 450 - BADU,ESTRADA CAETANO MONTEIRO S/N,BADU,24320570,-22.9071974,-43.0566124,356
72,56,1074,COLEGIO ESTADUAL PAULO ASSIS RIBEIRO,ESTRADA CAETANO MONTEIRO 814,BADU,24320570,-22.9068537,-43.0573891,348
72,213,1147,ESCOLA MUNICIPAL VERA LUCIA MACHADO,RUA ALDEMAR DE PAIVA LOTE 7 E 8,BADU,24320230,-22.9045,-43.0500355,331
144,315,1694,ESPAÇO DO SABER,ALAMEDA SÃO BOAVENTURA 887,FONSECA,24130223,-22.8810443,-43.087791,226
144,311,1635,ESCOLA MUNICIPAL DOM JOSÉ PEREIRA ALVES,"RUA TENENTE OSORIO, 73",FONSECA,24130200,-22.8783038,-43.0920686,220
72,184,1147,ESCOLA MUNICIPAL VERA LUCIA MACHADO,RUA ALDEMAR DE PAIVA LOTE 7 E 8,BADU,24320230,-22.9045,-43.0500355,332
72,362,1708,ESCOLA MUNICIPAL JÚLIA CORTINES,RUA LOPES TROVAO 1-CAMPO DE SÃO BENTO S/N,ICARAÍ,24220070,-22.9043592,-43.1086717,303
144,78,1406,COLÉGIO NITERÓI,"RUA  VEREADOR JOSÉ VICENTE SOBRINHO, 269",ENGENHOCA,24110130,-22.8706133,-43.1018717,314
199,182,1112,COLÉGIO SALESIANO REGIÃO OCEÂNICA,"RUA DOUTOR CORNÉLIO DE MELLO JÚNIOR, 117",PIRATININGA,24350280,-22.9393022,-43.0618731,352
71,342,1562,COLEGIO ESTADUAL RAUL VIDAL,AVENIDA FELICIANO SODRE 21,CENTRO,24030013,-22.8862372,-43.1242688,297
144,288,1554,ESCOLA MUNICIPAL PROFESSOR PAULO FREIRE,RUA SOARES DE MIRANDA 77,FONSECA,24120307,-22.8828529,-43.0824987,281
71,231,1430,COLEGIO ESTADUAL AURELINO LEAL,RUA PRESIDENTE PEDREIRA 79,INGÁ,24210470,-22.9033321,-43.1254512,395
199,211,1104,CURSO CNA- PIRATININGA,RUA ERNANI DE FARIAS ALVES 152,PIRATININGA,24350135,-22.9441523,-43.0589254,369
72,12,1040,CIEP 447 - CARAMUJO,RODOVIA AMARAL PEIXOTO KM 2,CARAMUJO,24140390,-22.8827294,-43.065134,269
71,254,1465,CENTRO UNIVERSITÁRIO ANHANGUERA (ANTIGO PLÍNIO LEITE),RUA VISCONDE DO RIO BRANCO 123,CENTRO,24020000,-22.8869267,-43.1245632,330
72,286,1635,BANCO BRADESCO,RUA GAVIAO PEIXOTO 108,ICARAÍ,24230101,-22.9031207,-43.1110165,355
199,24,1066,COLÉGIO CENECISTA JULIO CESAR SOUZA BALTHAREJO,"ESTRADA FRANCISCO DA CRUZ NUNES , 7245 - ITAIPU",ITAIPU,24340000,-22.9646939,-43.0332117,345
199,128,1473,COLÉGIO COLABORE,"ESTRADA MARINO NUNES VIEIRA, 340",VÁRZEA DAS MOÇAS,24330325,-22.9131583,-42.9846125,208
71,251,1465,CENTRO UNIVERSITÁRIO ANHANGUERA (ANTIGO PLÍNIO LEITE),RUA VISCONDE DO RIO BRANCO 123,CENTRO,24020000,-22.8869267,-43.1245632,327
144,178,1481,GRUPO ESCOLAR EMBAIXADOR RAUL FERNANDES,"RUA RIODADES, 253",FONSECA,24130241,-22.8767501,-43.0821505,274
144,351,1627,ESCOLA ESTADUAL DOUTOR JAYME MEMORIA,RUA NORONHA TORREZAO 625,CUBANGO,24240181,-22.88949,-43.0937712,360
144,32,1104,ESCOLA MUNICIPAL ALTIVO CESAR,"RUA DR. LUIZ PALMIER, 25",BARRETO,24110310,-22.8645343,-43.0995714,338
71,167,1368,INSTITUTO SÃO JOSÉ,RUA GERALDO MARTINS 166,SANTA ROSA,24220381,-22.901754,-43.1018878,368
199,37,1090,COLÉGIO ESTADUAL PROFESSORA ALCINA RODRIGUES LIMA,"ESTRADA FRANCISCO DA CRUZ NUNES, S/N",ITAIPU,24310340,-22.9528491,-43.0285072,259
72,376,1708,ESCOLA MUNICIPAL JÚLIA CORTINES,RUA LOPES TROVAO 1-CAMPO DE SÃO BENTO S/N,ICARAÍ,24220070,-22.9043592,-43.1086717,277
144,7,1031,(PRÉDIO NOVO) COLÉGIO PEDRO II UNIDADE NITERÓI,RUA ASSIS DE VASCONCELOS S/N,BARRETO,24210000,-22.8685685,-43.1037833,267
72,69,1180,ESCOLA MUNICIPAL RACHIDE DA GLORIA SALIM SAKER,RUA JANDIRA PEREIRA 620,SANTA BARBARA,24141400,-22.8766134,-43.0488967,343
144,140,1449,INSTITUTO SÃO BENTO DE NITEROI,RUA VEREADOR DUQUE ESTRADA 28,SANTA ROSA,24240210,-22.8968349,-43.1000967,384
199,61,1120,COLÉGIO ESTADUAL ALMIRANTE TAMANDARÉ,AV. ACURCIO TORRES S/N,PIRATININGA,24358080,-22.9512083,-43.0916732,291
144,194,1503,SERVICO DE ASSISTENCIA SOCIAL SAO DOMINGOS SAVIO,RUA MARTINS TORRES 223,SANTA ROSA,24240705,-22.8988024,-43.0928214,343
199,206,1325,ESCOLA MUNICIPAL SÍTIO DO IPÊ,RUA PROF. JOSÉ PEÇANHA,MARIA PAULA,24325310,-22.8821134,-43.0267087,361
72,168,1074,COLEGIO ESTADUAL PAULO ASSIS RIBEIRO,ESTRADA CAETANO MONTEIRO 814,BADU,24320570,-22.9068537,-43.0573891,347
72,222,1520,ESCOLA MUNICIPAL LEVI CARNEIRO,ESTRADA WASHINGTON LUIS 488,SAPÊ,24315115,-22.8961721,-43.0583864,347
144,49,1163,COLÉGIO ESTADUAL CONSELHEIRO MACEDO SOARES,RUA DR. MARCH 392,BARRETO,24110650,-22.8622231,-43.0924035,355
72,209,1074,COLEGIO ESTADUAL PAULO ASSIS RIBEIRO,ESTRADA CAETANO MONTEIRO 814,BADU,24320570,-22.9068537,-43.0573891,346
144,207,1694,ESPAÇO DO SABER,ALAMEDA SÃO BOAVENTURA 887,FONSECA,24130223,-22.8810443,-43.087791,321
199,259,1015,COUNTRY CLUB DE NITEROI,RUA CHILE 135,VILA PROGRESSO,24322000,-22.8970192,-43.0347113,70
71,84,1260,INSTITUTO ABEL,AV. ROBERTO SILVEIRA 29,ICARAÍ,24230150,-22.9004168,-43.1094942,388
144,23,1090,ESCOLA TÉCNICA ESTADUAL HENRIQUE LAGE,RUA GUIMARÃES JUNIOR 182,BARRETO,24110300,-22.8621355,-43.0979546,245
71,309,1678,LICEU NILO PEÇANHA,AV ERNANI DO AMARAL PEIXOTO 707,CENTRO,24020073,-22.8935707,-43.1165611,152
144,200,1503,SERVICO DE ASSISTENCIA SOCIAL SAO DOMINGOS SAVIO,RUA MARTINS TORRES 223,SANTA ROSA,24240705,-22.8988024,-43.0928214,339
144,58,1104,ESCOLA MUNICIPAL ALTIVO CESAR,"RUA DR. LUIZ PALMIER, 25",BARRETO,24110310,-22.8645343,-43.0995714,339
199,10,1031,ESCOLA MUNICIPAL HONORINA DE CARVALHO,RUA PROF. JOSE PECANHA S/N,MARIA PAULA,24325310,-22.882289,-43.0265693,279
72,429,1759,COLÉGIO MV1,RUA GAVIÃO PEIXOTO 398,ICARAÍ,24230103,-22.9079111,-43.1058651,311
144,180,1481,GRUPO ESCOLAR EMBAIXADOR RAUL FERNANDES,"RUA RIODADES, 253",FONSECA,24130241,-22.8767501,-43.0821505,274
71,182,1333,PARÓQUIA NOSSA SENHORA AUXILIADORA - CENTRO COMUNITÁRIO,"RUA SANTA ROSA, 216",SANTA ROSA,24240225,-22.9020239,-43.0994239,355
199,70,1163,ANDEF (EX FAETEC),ESTRADA VELHA DE MARICA 4830,RIO DO OURO,24330000,-22.8896379,-42.9978497,311
71,400,1643,JARDIM DE INFÂNCIA ALBERTO DE OLIVEIRA,RUA EVARISTO DA VEIGA 108,CENTRO,24020280,-22.8927568,-43.11592,151
71,371,1600,INSTITUTO DE EDUCAÇÃO PROFESSOR ISMAEL COUTINHO - IEPIC,"TRAVESSA MANOEL CONTINENTINO, 31",SÃO DOMINGOS,24210150,-22.8989767,-43.1271052,157
72,390,1732,CLUBE NAVAL,AVENIDA CARLOS ERMELINDO MARINS 68,JURUJUBA,24370195,-22.935737,-43.1068139,336
71,250,1465,CENTRO UNIVERSITÁRIO ANHANGUERA (ANTIGO PLÍNIO LEITE),RUA VISCONDE DO RIO BRANCO 123,CENTRO,24020000,-22.8869267,-43.1245632,331
199,134,1244,COLÉGIO LAPLACE,"RUA MANOEL PACHECO DE CARVALHO, N 80",PIRATININGA,24350400,-22.9425434,-43.05605,186
144,196,1503,SERVICO DE ASSISTENCIA SOCIAL SAO DOMINGOS SAVIO,RUA MARTINS TORRES 223,SANTA ROSA,24240705,-22.8988024,-43.0928214,345
144,73,1236,COLÉGIO ESTADUAL MULLULO DA VEIGA,RUA CORONEL GUIMARÃES 505,ENGENHOCA,24110130,-22.8708282,-43.0988892,346
199,69,1163,ANDEF (EX FAETEC),ESTRADA VELHA DE MARICA 4830,RIO DO OURO,24330000,-22.8896379,-42.9978497,312
71,382,1619,COLEGIO SAO VICENTE DE PAULO,RUA MIGUEL DE FRIAS 123,ICARAÍ,24220001,-22.902041,-43.1146235,224
72,156,1368,ESCOLA MUNICIPAL VILA COSTA MONTEIRO,RUA ITITIOCA S/N,ITITIOCA,24310410,-22.8963335,-43.077802,382
72,210,1074,COLEGIO ESTADUAL PAULO ASSIS RIBEIRO,ESTRADA CAETANO MONTEIRO 814,BADU,24320570,-22.9068537,-43.0573891,344
71,258,1465,CENTRO UNIVERSITÁRIO ANHANGUERA (ANTIGO PLÍNIO LEITE),RUA VISCONDE DO RIO BRANCO 123,CENTRO,24020000,-22.8869267,-43.1245632,330
71,406,1651,FACULDADE DE ENFERMAGEM DA UFF,RUA DR CELESTINO 74,CENTRO,24020091,-22.895302,-43.1167706,161
72,395,1732,CLUBE NAVAL,AVENIDA CARLOS ERMELINDO MARINS 68,JURUJUBA,24370195,-22.935737,-43.1068139,333
71,261,1465,CENTRO UNIVERSITÁRIO ANHANGUERA (ANTIGO PLÍNIO LEITE),RUA VISCONDE DO RIO BRANCO 123,CENTRO,24020000,-22.8869267,-43.1245632,329
72,385,1724,AABB,RUA HÉLIO DA SILVA CARNEIRO 78,SÃO FRANCISCO,24360540,-22.9172823,-43.0826083,364
72,436,1759,COLÉGIO MV1,RUA GAVIÃO PEIXOTO 398,ICARAÍ,24230103,-22.9079111,-43.1058651,311
71,308,1520,LOJA MAÇÔNICA EVOLUÇÃO 2,RUA SANTA CLARA 77,PONTA D'AREIA,24040050,-22.8825872,-43.122934,368
144,28,1104,ESCOLA MUNICIPAL ALTIVO CESAR,"RUA DR. LUIZ PALMIER, 25",BARRETO,24110310,-22.8645343,-43.0995714,337
72,239,1546,COLÉGIO GOMES PEREIRA,AVENIDA RUI BARBOSA 1250,LARGO DA BATALHA,24310005,-22.9081863,-43.0665152,392
144,235,1562,LBV LEGIÃO DA BOA VONTADE,ALAMEDA SÃO BOAVENTURA 474,FONSECA,24120191,-22.8811009,-43.0979899,343
199,229,1317,COLÉGIO PAULO FREIRE,"AVENIDA IRENE LOPES SODRÉ, N22",ENGENHO DO MATO,24346040,-22.9500178,-43.0246246,375
144,110,1031,(PRÉDIO NOVO) COLÉGIO PEDRO II UNIDADE NITERÓI,RUA ASSIS DE VASCONCELOS S/N,BARRETO,24210000,-22.8685685,-43.1037833,260
72,399,1732,CLUBE NAVAL,AVENIDA CARLOS ERMELINDO MARINS 68,JURUJUBA,24370195,-22.935737,-43.1068139,334
71,219,1414,UNIVERSIDADE SALGADO DE OLIVEIRA - BL B (PRÓXIMO AO GUANABARA),RUA MARECHAL DEODORO 263,CENTRO,24030060,-22.8893447,-43.1172001,271
72,3,1015,INSTITUTO JCA,"RODOVIA PREFEITO JOÃO SAMPAIO, 2501",SANTA BARBARA,24141380,-22.882301,-43.0585179,224
199,214,1465,COLÉGIO CURSO PENSI - ITAIPU,"RUA JORNALISTA NEWTON BRAGA MELO, QD 1, LT 3,4 E 5",ITAIPU,24342320,-22.9421824,-43.03776,376
144,97,1031,(PRÉDIO NOVO) COLÉGIO PEDRO II UNIDADE NITERÓI,RUA ASSIS DE VASCONCELOS S/N,BARRETO,24210000,-22.8685685,-43.1037833,264
144,89,1317,IGREJA BATISTA BETEL DE NITERÓI,RUA DANIEL TORRES 72,ENGENHOCA,24110460,-22.8716138,-43.096026,281
71,444,1694,RIO CRICKET,RUA FAGUNDES VARELA 637,INGÁ,24210520,-22.8997052,-43.1133665,372
72,415,1740,COLÉGIO ZEROHUM,"RUA ARY PARREIRAS, 73",ICARAÍ,24230058,-22.9111671,-43.1073245,324
71,179,1392,FACULDADE DE VETERINARIA DA UFF,RUA VITAL BRASIL FILHO 64,VITAL BRASIL,24230340,-22.904908,-43.098407,382
72,201,1473,COLÉGIO FORUM CULTURAL,ESTRADA FRANCISCO DA CRUZ NUNES 2454,CANTAGALO,24310410,-22.9163184,-43.0490094,346
144,246,1570,SECRETARIA DE ESTADO DE AGRICULTURA E ABASTECIMENTO,ALAMEDA SAO BOAVENTURA 770,FONSECA,24120191,-22.8823618,-43.0907682,312
144,225,1554,ESCOLA MUNICIPAL PROFESSOR PAULO FREIRE,RUA SOARES DE MIRANDA 77,FONSECA,24120307,-22.8828529,-43.0824987,242
72,432,1759,COLÉGIO MV1,RUA GAVIÃO PEIXOTO 398,ICARAÍ,24230103,-22.9079111,-43.1058651,312
71,230,1422,CLUBE PORTUGUES DE NITEROI,RUA PROFESSOR LARA VILELA 176,SÃO DOMINGOS,24210590,-22.9021482,-43.1274594,385
72,300,1619,COLEGIO ESTADUAL JOAQUIM TAVORA,PRAÇA PREF.FERRAZ-CAMPO DE SAO BENTO S/N,ICARAÍ,24230160,-22.9048788,-43.1081976,236
144,193,1490,IGREJA BATISTA DO FONSECA,ALAMEDA SAO BOAVENTURA  937,FONSECA,24130001,-22.8810878,-43.0865383,368
71,229,1422,CLUBE PORTUGUES DE NITEROI,RUA PROFESSOR LARA VILELA 176,SÃO DOMINGOS,24210590,-22.9021482,-43.1274594,382
72,305,1627,ESCOLA MUNICIPAL PROFESSORA LUCIA MARIA SILVEIRA ROCHA,"AV. CARLOS ERMELINDO MARINS, 34",JURUJUBA,24370195,-22.9317575,-43.1166302,342
72,61,1112,ESCOLA ESTADUAL LEOPOLDO FROES,RUA REVERENDO ARMANDO FERREIRA  S/N,LARGO DA BATALHA,24310400,-22.9100474,-43.0677553,349
72,60,1112,ESCOLA ESTADUAL LEOPOLDO FROES,RUA REVERENDO ARMANDO FERREIRA  S/N,LARGO DA BATALHA,24310400,-22.9100474,-43.0677553,350
72,309,1627,ESCOLA MUNICIPAL PROFESSORA LUCIA MARIA SILVEIRA ROCHA,"AV. CARLOS ERMELINDO MARINS, 34",JURUJUBA,24370195,-22.9317575,-43.1166302,341
144,233,1562,LBV LEGIÃO DA BOA VONTADE,ALAMEDA SÃO BOAVENTURA 474,FONSECA,24120191,-22.8811009,-43.0979899,344
71,284,1546,UNIVERSIDADE SALGADO DE OLIVEIRA - BL A,RUA MARECHAL DEODORO 217,CENTRO,24030060,-22.8894749,-43.1186087,174
199,261,1465,COLÉGIO CURSO PENSI - ITAIPU,"RUA JORNALISTA NEWTON BRAGA MELO, QD 1, LT 3,4 E 5",ITAIPU,24342320,-22.9421824,-43.03776,107
71,285,1546,UNIVERSIDADE SALGADO DE OLIVEIRA - BL A,RUA MARECHAL DEODORO 217,CENTRO,24030060,-22.8894749,-43.1186087,173
199,169,1317,COLÉGIO PAULO FREIRE,"AVENIDA IRENE LOPES SODRÉ, N22",ENGENHO DO MATO,24346040,-22.9500178,-43.0246246,384
72,238,1538,ESCOLA CATAVENTO ESPAÇO DE EDUCAÇÃO,"ESTRADA WASHINGTON LUIZ, 224",SAPÊ,24315375,-22.9024713,-43.0635188,352
71,287,1546,UNIVERSIDADE SALGADO DE OLIVEIRA - BL A,RUA MARECHAL DEODORO 217,CENTRO,24030060,-22.8894749,-43.1186087,175
71,248,1457,ÁGUAS DE NITEROI,RUA MARQUÊS DO PARANÁ 108/110,CENTRO,24030211,-22.8915411,-43.1141378,369
72,382,1724,AABB,RUA HÉLIO DA SILVA CARNEIRO 78,SÃO FRANCISCO,24360540,-22.9172823,-43.0826083,361
71,183,1104,INSTITUTO MAIA VINAGRE,RUA NORONHA TORREZÃO 68,SANTA ROSA,24240182,-22.8976844,-43.1021103,387
199,49,1120,COLÉGIO ESTADUAL ALMIRANTE TAMANDARÉ,AV. ACURCIO TORRES S/N,PIRATININGA,24358080,-22.9512083,-43.0916732,290
199,232,1392,CULTURA INGLESA EM ITAIPU,"ESTRADA FRANCISCO DA CRUZ NUNES, N 6956",ITAIPU,24350310,-22.9413685,-43.0533061,376
144,236,1570,SECRETARIA DE ESTADO DE AGRICULTURA E ABASTECIMENTO,ALAMEDA SAO BOAVENTURA 770,FONSECA,24120191,-22.8823618,-43.0907682,311
144,79,1406,COLÉGIO NITERÓI,"RUA  VEREADOR JOSÉ VICENTE SOBRINHO, 269",ENGENHOCA,24110130,-22.8706133,-43.1018717,310
199,66,1155,COLÉGIO ITAPUCA,"AV. ERNANI DE FARIAS ALVES, N 124 TREVO DE PIRATININGA",PIRATININGA,24350680,-22.9437854,-43.0593249,290
199,46,1112,COLÉGIO SALESIANO REGIÃO OCEÂNICA,"RUA DOUTOR CORNÉLIO DE MELLO JÚNIOR, 117",PIRATININGA,24350280,-22.9393022,-43.0618731,318
71,386,1619,COLEGIO SAO VICENTE DE PAULO,RUA MIGUEL DE FRIAS 123,ICARAÍ,24220001,-22.902041,-43.1146235,225
72,308,1627,ESCOLA MUNICIPAL PROFESSORA LUCIA MARIA SILVEIRA ROCHA,"AV. CARLOS ERMELINDO MARINS, 34",JURUJUBA,24370195,-22.9317575,-43.1166302,343
144,321,1651,INSTITUTO EDUCACIONAL TAURUS,"ALAMEDA SÃO BOAVENTURA, 15",FONSECA,24130000,-22.8806664,-43.1093503,215
71,71,1260,INSTITUTO ABEL,AV. ROBERTO SILVEIRA 29,ICARAÍ,24230150,-22.9004168,-43.1094942,397
72,419,1759,COLÉGIO MV1,RUA GAVIÃO PEIXOTO 398,ICARAÍ,24230103,-22.9079111,-43.1058651,312
199,207,1104,CURSO CNA- PIRATININGA,RUA ERNANI DE FARIAS ALVES 152,PIRATININGA,24350135,-22.9441523,-43.0589254,368
71,111,1325,ESCOLA ESTADUAL GUILHERME BRIGGS,RUA MARIO VIANNA 625,SANTA ROSA,24241001,-22.9053667,-43.0895767,376
144,259,1589,COLÉGIO NOSSA SENHORA DAS MERCÊS,ALAMEDA SAO BOAVENTURA 297,FONSECA,24130000,-22.880345,-43.1023535,364
199,194,1295,UMEI PROFA ODETE ROSA DA MOTA,ESTRADA FRANCISCO DA CRUZ NUNES S/N (PRÓXIMO AO CORPO DE BOMBEIROS),ITAIPU,24340000,-22.9532368,-43.02859,369
71,125,1368,INSTITUTO SÃO JOSÉ,RUA GERALDO MARTINS 166,SANTA ROSA,24220381,-22.901754,-43.1018878,367
199,88,1015,COUNTRY CLUB DE NITEROI,RUA CHILE 135,VILA PROGRESSO,24322000,-22.8970192,-43.0347113,387
199,162,1198,CIEP 448 RUY FRAZÃO SOARES,ESTRADA DO ENGENHO DO MATO S/N - PRACA,ITAIPU,24346040,-22.9356576,-43.0092644,292
71,158,1392,FACULDADE DE VETERINARIA DA UFF,RUA VITAL BRASIL FILHO 64,VITAL BRASIL,24230340,-22.904908,-43.098407,385
199,26,1074,COLÉGIO CURSO ZEROHUM ( ANT GAUSS),"AV. FREI FABIANO, 155 - ITAIPU",ITAIPU,24355250,-22.9427133,-43.0519956,298
72,335,1660,CLUBE CENTRAL,"AVENIDA JORNALISTA ALBERTO FRANCISCO TORRES,  335",ICARAÍ,24230005,-22.9075784,-43.111789,349
71,270,1481,ESCOLA MUNICIPAL MAESTRO HEITOR VILLA-LOBOS (''COLÉGIO NOVO''),RUA SALO BRAND S/N,ILHA DA CONCEIÇÃO,24050070,-22.8731482,-43.1156463,305
72,16,1015,INSTITUTO JCA,"RODOVIA PREFEITO JOÃO SAMPAIO, 2501",SANTA BARBARA,24141380,-22.882301,-43.0585179,226
199,67,1155,COLÉGIO ITAPUCA,"AV. ERNANI DE FARIAS ALVES, N 124 TREVO DE PIRATININGA",PIRATININGA,24350680,-22.9437854,-43.0593249,291
72,341,1678,ÁGUAS DE NITERÓI,RUA LEMOS CUNHA 510,ICARAÍ,24230136,-22.908792,-43.1031066,384
72,422,1759,COLÉGIO MV1,RUA GAVIÃO PEIXOTO 398,ICARAÍ,24230103,-22.9079111,-43.1058651,309
72,174,1473,COLÉGIO FORUM CULTURAL,ESTRADA FRANCISCO DA CRUZ NUNES 2454,CANTAGALO,24310410,-22.9163184,-43.0490094,343
71,153,1015,CENTRO EDUCACIONAL DE NITEROI - CENTRINHO,RUA ITAGUAI 173,SANTA ROSA,24240130,-22.8965191,-43.1018339,348
72,278,1597,COLÉGIO PONTO DE ENSINO,RUA OSWALDO CRUZ 32,ICARAÍ,24230210,-22.9092421,-43.1095209,346
199,116,1090,COLÉGIO ESTADUAL PROFESSORA ALCINA RODRIGUES LIMA,"ESTRADA FRANCISCO DA CRUZ NUNES, S/N",ITAIPU,24310340,-22.9528491,-43.0285072,239
72,448,1767,COLÉGIO ASSUNÇÃO,RUA GENERAL RONDON 842,SÃO FRANCISCO,24360100,-22.9208239,-43.0926525,348
71,364,1597,ESCOLA MUNICIPAL SANTOS DUMONT,RUA MANOEL CORREIA S/N,FÁTIMA,24070100,-22.8954125,-43.1094692,290
71,359,1619,COLEGIO SAO VICENTE DE PAULO,RUA MIGUEL DE FRIAS 123,ICARAÍ,24220001,-22.902041,-43.1146235,225
71,357,1619,COLEGIO SAO VICENTE DE PAULO,RUA MIGUEL DE FRIAS 123,ICARAÍ,24220001,-22.902041,-43.1146235,281
199,51,1139,ESCOLA MUNICIPAL FRANCISCO PORTUGAL NEVES,"RUA MANOEL PACHECO DE CARVALHO, N 14 TREVO DE PIRATININGA",PIRATININGA,24350310,-22.942363,-43.056665,346
72,368,1708,ESCOLA MUNICIPAL JÚLIA CORTINES,RUA LOPES TROVAO 1-CAMPO DE SÃO BENTO S/N,ICARAÍ,24220070,-22.9043592,-43.1086717,277
199,237,1392,CULTURA INGLESA EM ITAIPU,"ESTRADA FRANCISCO DA CRUZ NUNES, N 6956",ITAIPU,24350310,-22.9413685,-43.0533061,384
71,135,1392,FACULDADE DE VETERINARIA DA UFF,RUA VITAL BRASIL FILHO 64,VITAL BRASIL,24230340,-22.904908,-43.098407,387
71,355,1619,COLEGIO SAO VICENTE DE PAULO,RUA MIGUEL DE FRIAS 123,ICARAÍ,24220001,-22.902041,-43.1146235,276
199,153,1252,CIEP 307 DJANIRA,AV. EWERTON XAVIER S/N - PRACA,VÁRZEA DAS MOÇAS,24330280,-22.910323,-42.9852487,323
72,261,1570,IGREJA DO SANTUARIO NACIONAL DAS ALMAS,RUA ALVARES DE AZEVEDO 237,ICARAÍ,24220020,-22.9004522,-43.1107182,302
144,231,1562,LBV LEGIÃO DA BOA VONTADE,ALAMEDA SÃO BOAVENTURA 474,FONSECA,24120191,-22.8811009,-43.0979899,347
71,282,1546,UNIVERSIDADE SALGADO DE OLIVEIRA - BL A,RUA MARECHAL DEODORO 217,CENTRO,24030060,-22.8894749,-43.1186087,178
199,110,1155,COLÉGIO ITAPUCA,"AV. ERNANI DE FARIAS ALVES, N 124 TREVO DE PIRATININGA",PIRATININGA,24350680,-22.9437854,-43.0593249,292
199,49,1120,COLÉGIO ESTADUAL ALMIRANTE TAMANDARÉ,AV. ACURCIO TORRES S/N,PIRATININGA,24358080,-22.9512083,-43.0916732,290
72,387,1724,AABB,RUA HÉLIO DA SILVA CARNEIRO 78,SÃO FRANCISCO,24360540,-22.9172823,-43.0826083,362
72,271,1589,COLÉGIO GAY-LUSSAC,RUA MARIA CALDAS 35,SÃO FRANCISCO,24365050,-22.9168331,-43.0892838,334
72,178,1171,ESCOLA MUNICIPAL ANTONIO COUTINHO DE AZEVEDO,AV DES NESTOR RODRIGUES PERLINGEIRO S/N,SANTA BARBARA,24141330,-22.8756043,-43.04869,361
199,192,1155,COLÉGIO ITAPUCA,"AV. ERNANI DE FARIAS ALVES, N 124 TREVO DE PIRATININGA",PIRATININGA,24350680,-22.9437854,-43.0593249,302
72,21,1449,CIEP 450 - BADU,ESTRADA CAETANO MONTEIRO S/N,BADU,24320570,-22.9071974,-43.0566124,371
72,61,1112,ESCOLA ESTADUAL LEOPOLDO FROES,RUA REVERENDO ARMANDO FERREIRA  S/N,LARGO DA BATALHA,24310400,-22.9100474,-43.0677553,349
71,343,1562,COLEGIO ESTADUAL RAUL VIDAL,AVENIDA FELICIANO SODRE 21,CENTRO,24030013,-22.8862372,-43.1242688,299
71,298,1511,FACULDADE DE ADMINISTRAÇÃO E CIÊNCIAS CONTÁBEIS (VALONGUINHO),RUA MÁRIO SANTOS BRAGA S/N,CENTRO,24020140,-22.8967413,-43.1252439,248
71,346,1562,COLEGIO ESTADUAL RAUL VIDAL,AVENIDA FELICIANO SODRE 21,CENTRO,24030013,-22.8862372,-43.1242688,297
72,347,1686,CAIXA ECONÔMICA FEDERAL - AGÊNCIA ICARAÍ,"RUA GAVIÃO PEIXOTO, 226",ICARAÍ,24230102,-22.9052069,-43.1087149,322
71,133,1392,FACULDADE DE VETERINARIA DA UFF,RUA VITAL BRASIL FILHO 64,VITAL BRASIL,24230340,-22.904908,-43.098407,386
72,329,1660,CLUBE CENTRAL,"AVENIDA JORNALISTA ALBERTO FRANCISCO TORRES,  335",ICARAÍ,24230005,-22.9075784,-43.111789,346
72,281,1597,COLÉGIO PONTO DE ENSINO,RUA OSWALDO CRUZ 32,ICARAÍ,24230210,-22.9092421,-43.1095209,346
72,454,1775,ESCOLA ESTADUAL CIZÍNIO SOARES PINTO,RUA PRESIDENTE ROOSEVELT 2,SÃO FRANCISCO,24360066,-22.9147594,-43.093934,328
72,352,1686,CAIXA ECONÔMICA FEDERAL - AGÊNCIA ICARAÍ,"RUA GAVIÃO PEIXOTO, 226",ICARAÍ,24230102,-22.9052069,-43.1087149,323
144,340,1678,ESCOLA MUNICIPAL JACINTA MEDELA,"RUA TENENTE OSORIO, 10",FONSECA,24130200,-22.8789902,-43.0919052,372
71,258,1465,CENTRO UNIVERSITÁRIO ANHANGUERA (ANTIGO PLÍNIO LEITE),RUA VISCONDE DO RIO BRANCO 123,CENTRO,24020000,-22.8869267,-43.1245632,330
72,381,1716,ESCOLA VIVINFÂNCIA,RUA GAVIÃO PEIXOTO 384,ICARAÍ,24230103,-22.9079727,-43.1056898,285
144,24,1090,ESCOLA TÉCNICA ESTADUAL HENRIQUE LAGE,RUA GUIMARÃES JUNIOR 182,BARRETO,24110300,-22.8621355,-43.0979546,242
71,316,1678,LICEU NILO PEÇANHA,AV ERNANI DO AMARAL PEIXOTO 707,CENTRO,24020073,-22.8935707,-43.1165611,151
144,139,1449,INSTITUTO SÃO BENTO DE NITEROI,RUA VEREADOR DUQUE ESTRADA 28,SANTA ROSA,24240210,-22.8968349,-43.1000967,387
71,277,1481,ESCOLA MUNICIPAL MAESTRO HEITOR VILLA-LOBOS (''COLÉGIO NOVO''),RUA SALO BRAND S/N,ILHA DA CONCEIÇÃO,24050070,-22.8731482,-43.1156463,303
72,43,1112,ESCOLA ESTADUAL LEOPOLDO FROES,RUA REVERENDO ARMANDO FERREIRA  S/N,LARGO DA BATALHA,24310400,-22.9100474,-43.0677553,343
71,440,1694,RIO CRICKET,RUA FAGUNDES VARELA 637,INGÁ,24210520,-22.8997052,-43.1133665,373
144,207,1694,ESPAÇO DO SABER,ALAMEDA SÃO BOAVENTURA 887,FONSECA,24130223,-22.8810443,-43.087791,321
72,199,1368,ESCOLA MUNICIPAL VILA COSTA MONTEIRO,RUA ITITIOCA S/N,ITITIOCA,24310410,-22.8963335,-43.077802,394
72,404,1732,CLUBE NAVAL,AVENIDA CARLOS ERMELINDO MARINS 68,JURUJUBA,24370195,-22.935737,-43.1068139,337
199,71,1473,COLÉGIO COLABORE,"ESTRADA MARINO NUNES VIEIRA, 340",VÁRZEA DAS MOÇAS,24330325,-22.9131583,-42.9846125,206
71,397,1643,JARDIM DE INFÂNCIA ALBERTO DE OLIVEIRA,RUA EVARISTO DA VEIGA 108,CENTRO,24020280,-22.8927568,-43.11592,175
199,155,1112,COLÉGIO SALESIANO REGIÃO OCEÂNICA,"RUA DOUTOR CORNÉLIO DE MELLO JÚNIOR, 117",PIRATININGA,24350280,-22.9393022,-43.0618731,347
144,223,1554,ESCOLA MUNICIPAL PROFESSOR PAULO FREIRE,RUA SOARES DE MIRANDA 77,FONSECA,24120307,-22.8828529,-43.0824987,243
199,203,1287,ESCOLA MUNICIPAL PROF MARCOS WALDEMAR DE FREITAS REIS,"RUA ANTONIO LUIZ SAIÃO, S/N ITAIPU",ITAIPU,24346087,-22.9615628,-43.0330724,342
72,54,1074,COLEGIO ESTADUAL PAULO ASSIS RIBEIRO,ESTRADA CAETANO MONTEIRO 814,BADU,24320570,-22.9068537,-43.0573891,343
144,28,1104,ESCOLA MUNICIPAL ALTIVO CESAR,"RUA DR. LUIZ PALMIER, 25",BARRETO,24110310,-22.8645343,-43.0995714,337
199,94,1031,ESCOLA MUNICIPAL HONORINA DE CARVALHO,RUA PROF. JOSE PECANHA S/N,MARIA PAULA,24325310,-22.882289,-43.0265693,297
71,225,1422,CLUBE PORTUGUES DE NITEROI,RUA PROFESSOR LARA VILELA 176,SÃO DOMINGOS,24210590,-22.9021482,-43.1274594,385
71,111,1325,ESCOLA ESTADUAL GUILHERME BRIGGS,RUA MARIO VIANNA 625,SANTA ROSA,24241001,-22.9053667,-43.0895767,376
72,231,1520,ESCOLA MUNICIPAL LEVI CARNEIRO,ESTRADA WASHINGTON LUIS 488,SAPÊ,24315115,-22.8961721,-43.0583864,343
144,257,1589,COLÉGIO NOSSA SENHORA DAS MERCÊS,ALAMEDA SAO BOAVENTURA 297,FONSECA,24130000,-22.880345,-43.1023535,374
71,368,1600,INSTITUTO DE EDUCAÇÃO PROFESSOR ISMAEL COUTINHO - IEPIC,"TRAVESSA MANOEL CONTINENTINO, 31",SÃO DOMINGOS,24210150,-22.8989767,-43.1271052,154
144,31,1104,ESCOLA MUNICIPAL ALTIVO CESAR,"RUA DR. LUIZ PALMIER, 25",BARRETO,24110310,-22.8645343,-43.0995714,337
71,103,1309,CURSO MARLY CURY,AV. SETE DE SETEMBRO 165,SANTA ROSA,24230251,-22.9054777,-43.1019227,374
144,113,1252,ESCOLA MUNICIPAL ADELINO MAGALHÃES,"RUA DR. NELSON PENA, 17",ENGENHOCA,24110520,-22.8739038,-43.0944571,238
72,401,1732,CLUBE NAVAL,AVENIDA CARLOS ERMELINDO MARINS 68,JURUJUBA,24370195,-22.935737,-43.1068139,333
144,273,1597,ESCOLA ESTADUAL HILARIO RIBEIRO,ALAMEDA SAO BOAVENTURA 794,FONSECA,24120191,-22.8813893,-43.0901745,351
199,175,1066,COLÉGIO CENECISTA JULIO CESAR SOUZA BALTHAREJO,"ESTRADA FRANCISCO DA CRUZ NUNES , 7245 - ITAIPU",ITAIPU,24340000,-22.9646939,-43.0332117,345
199,162,1198,CIEP 448 RUY FRAZÃO SOARES,ESTRADA DO ENGENHO DO MATO S/N - PRACA,ITAIPU,24346040,-22.9356576,-43.0092644,292
199,74,1163,ANDEF (EX FAETEC),ESTRADA VELHA DE MARICA 4830,RIO DO OURO,24330000,-22.8896379,-42.9978497,312
199,9,1031,ESCOLA MUNICIPAL HONORINA DE CARVALHO,RUA PROF. JOSE PECANHA S/N,MARIA PAULA,24325310,-22.882289,-43.0265693,284
199,119,1066,COLÉGIO CENECISTA JULIO CESAR SOUZA BALTHAREJO,"ESTRADA FRANCISCO DA CRUZ NUNES , 7245 - ITAIPU",ITAIPU,24340000,-22.9646939,-43.0332117,343
144,262,1597,ESCOLA ESTADUAL HILARIO RIBEIRO,ALAMEDA SAO BOAVENTURA 794,FONSECA,24120191,-22.8813893,-43.0901745,350
72,229,1520,ESCOLA MUNICIPAL LEVI CARNEIRO,ESTRADA WASHINGTON LUIS 488,SAPÊ,24315115,-22.8961721,-43.0583864,356
71,447,1422,CLUBE PORTUGUES DE NITEROI,RUA PROFESSOR LARA VILELA 176,SÃO DOMINGOS,24210590,-22.9021482,-43.1274594,329
144,351,1627,ESCOLA ESTADUAL DOUTOR JAYME MEMORIA,RUA NORONHA TORREZAO 625,CUBANGO,24240181,-22.88949,-43.0937712,360
72,458,1775,ESCOLA ESTADUAL CIZÍNIO SOARES PINTO,RUA PRESIDENTE ROOSEVELT 2,SÃO FRANCISCO,24360066,-22.9147594,-43.093934,332
199,40,1090,COLÉGIO ESTADUAL PROFESSORA ALCINA RODRIGUES LIMA,"ESTRADA FRANCISCO DA CRUZ NUNES, S/N",ITAIPU,24310340,-22.9528491,-43.0285072,257
71,288,1546,UNIVERSIDADE SALGADO DE OLIVEIRA - BL A,RUA MARECHAL DEODORO 217,CENTRO,24030060,-22.8894749,-43.1186087,176
144,34,1112,ESCOLA MUNICIPAL TIRADENTES,"RUA DR. MARCH, 628",TENENTE JARDIM,24110650,-22.8634427,-43.0844313,357
71,82,1260,INSTITUTO ABEL,AV. ROBERTO SILVEIRA 29,ICARAÍ,24230150,-22.9004168,-43.1094942,393
199,4,1023,ESCOLA MUNICIPAL FELISBERTO DE CARVALHO,ESTRADA CAETANO MONTEIRO 896,VILA PROGRESSO,24320570,-22.8970371,-43.0392212,307
72,168,1074,COLEGIO ESTADUAL PAULO ASSIS RIBEIRO,ESTRADA CAETANO MONTEIRO 814,BADU,24320570,-22.9068537,-43.0573891,347
71,89,1295,COLEGIO SALESIANO SANTA ROSA,RUA SANTA ROSA 207,SANTA ROSA,24240220,-22.9016745,-43.0996973,367
199,186,1031,ESCOLA MUNICIPAL HONORINA DE CARVALHO,RUA PROF. JOSE PECANHA S/N,MARIA PAULA,24325310,-22.882289,-43.0265693,313
72,276,1597,COLÉGIO PONTO DE ENSINO,RUA OSWALDO CRUZ 32,ICARAÍ,24230210,-22.9092421,-43.1095209,346
72,439,1767,COLÉGIO ASSUNÇÃO,RUA GENERAL RONDON 842,SÃO FRANCISCO,24360100,-22.9208239,-43.0926525,353
199,70,1163,ANDEF (EX FAETEC),ESTRADA VELHA DE MARICA 4830,RIO DO OURO,24330000,-22.8896379,-42.9978497,311
72,449,1767,COLÉGIO ASSUNÇÃO,RUA GENERAL RONDON 842,SÃO FRANCISCO,24360100,-22.9208239,-43.0926525,348
144,226,1554,ESCOLA MUNICIPAL PROFESSOR PAULO FREIRE,RUA SOARES DE MIRANDA 77,FONSECA,24120307,-22.8828529,-43.0824987,244
71,112,1325,ESCOLA ESTADUAL GUILHERME BRIGGS,RUA MARIO VIANNA 625,SANTA ROSA,24241001,-22.9053667,-43.0895767,378
71,174,1333,PARÓQUIA NOSSA SENHORA AUXILIADORA - CENTRO COMUNITÁRIO,"RUA SANTA ROSA, 216",SANTA ROSA,24240225,-22.9020239,-43.0994239,355
71,90,1295,COLEGIO SALESIANO SANTA ROSA,RUA SANTA ROSA 207,SANTA ROSA,24240220,-22.9016745,-43.0996973,363
144,347,1686,COLÉGIO DA POLÍCIA MILITAR,"ALAMEDA SÃO BOAVENTURA, 1134",FONSECA,24120297,-22.8818063,-43.0820149,235
72,42,1112,ESCOLA ESTADUAL LEOPOLDO FROES,RUA REVERENDO ARMANDO FERREIRA  S/N,LARGO DA BATALHA,24310400,-22.9100474,-43.0677553,351
72,136,1112,ESCOLA ESTADUAL LEOPOLDO FROES,RUA REVERENDO ARMANDO FERREIRA  S/N,LARGO DA BATALHA,24310400,-22.9100474,-43.0677553,343
199,79,1244,COLÉGIO LAPLACE,"RUA MANOEL PACHECO DE CARVALHO, N 80",PIRATININGA,24350400,-22.9425434,-43.05605,326
72,225,1520,ESCOLA MUNICIPAL LEVI CARNEIRO,ESTRADA WASHINGTON LUIS 488,SAPÊ,24315115,-22.8961721,-43.0583864,346
144,257,1589,COLÉGIO NOSSA SENHORA DAS MERCÊS,ALAMEDA SAO BOAVENTURA 297,FONSECA,24130000,-22.880345,-43.1023535,374
71,363,1597,ESCOLA MUNICIPAL SANTOS DUMONT,RUA MANOEL CORREIA S/N,FÁTIMA,24070100,-22.8954125,-43.1094692,290
72,370,1708,ESCOLA MUNICIPAL JÚLIA CORTINES,RUA LOPES TROVAO 1-CAMPO DE SÃO BENTO S/N,ICARAÍ,24220070,-22.9043592,-43.1086717,277
72,37,1112,ESCOLA ESTADUAL LEOPOLDO FROES,RUA REVERENDO ARMANDO FERREIRA  S/N,LARGO DA BATALHA,24310400,-22.9100474,-43.0677553,346
72,410,1740,COLÉGIO ZEROHUM,"RUA ARY PARREIRAS, 73",ICARAÍ,24230058,-22.9111671,-43.1073245,326
199,241,1260,COLÉGIO PLUZ,"RUA NICARÁGUA, 20",SERRA GRANDE,24342740,-22.9287514,-43.0124453,379
72,402,1732,CLUBE NAVAL,AVENIDA CARLOS ERMELINDO MARINS 68,JURUJUBA,24370195,-22.935737,-43.1068139,332
72,400,1732,CLUBE NAVAL,AVENIDA CARLOS ERMELINDO MARINS 68,JURUJUBA,24370195,-22.935737,-43.1068139,336
72,291,1619,COLEGIO ESTADUAL JOAQUIM TAVORA,PRAÇA PREF.FERRAZ-CAMPO DE SAO BENTO S/N,ICARAÍ,24230160,-22.9048788,-43.1081976,238
71,239,1449,COLÉGIO ESTADUAL ZULEIKA RAPÔSO VALLADARES (''COLÉGIO VELHO''),RUA SALO BRAND S/N,ILHA DA CONCEIÇÃO,24050070,-22.8729269,-43.1147506,374
199,209,1317,COLÉGIO PAULO FREIRE,"AVENIDA IRENE LOPES SODRÉ, N22",ENGENHO DO MATO,24346040,-22.9500178,-43.0246246,377
199,57,1139,ESCOLA MUNICIPAL FRANCISCO PORTUGAL NEVES,"RUA MANOEL PACHECO DE CARVALHO, N 14 TREVO DE PIRATININGA",PIRATININGA,24350310,-22.942363,-43.056665,350
71,325,1546,UNIVERSIDADE SALGADO DE OLIVEIRA - BL A,RUA MARECHAL DEODORO 217,CENTRO,24030060,-22.8894749,-43.1186087,178
71,5,1015,CENTRO EDUCACIONAL DE NITEROI - CENTRINHO,RUA ITAGUAI 173,SANTA ROSA,24240130,-22.8965191,-43.1018339,349
71,198,1260,INSTITUTO ABEL,AV. ROBERTO SILVEIRA 29,ICARAÍ,24230150,-22.9004168,-43.1094942,390
199,62,1120,COLÉGIO ESTADUAL ALMIRANTE TAMANDARÉ,AV. ACURCIO TORRES S/N,PIRATININGA,24358080,-22.9512083,-43.0916732,293
199,228,1317,COLÉGIO PAULO FREIRE,"AVENIDA IRENE LOPES SODRÉ, N22",ENGENHO DO MATO,24346040,-22.9500178,-43.0246246,386
71,438,1600,INSTITUTO DE EDUCAÇÃO PROFESSOR ISMAEL COUTINHO - IEPIC,"TRAVESSA MANOEL CONTINENTINO, 31",SÃO DOMINGOS,24210150,-22.8989767,-43.1271052,154
144,68,1236,COLÉGIO ESTADUAL MULLULO DA VEIGA,RUA CORONEL GUIMARÃES 505,ENGENHOCA,24110130,-22.8708282,-43.0988892,346
71,106,1325,ESCOLA ESTADUAL GUILHERME BRIGGS,RUA MARIO VIANNA 625,SANTA ROSA,24241001,-22.9053667,-43.0895767,373
72,164,1015,INSTITUTO JCA,"RODOVIA PREFEITO JOÃO SAMPAIO, 2501",SANTA BARBARA,24141380,-22.882301,-43.0585179,225
72,346,1686,CAIXA ECONÔMICA FEDERAL - AGÊNCIA ICARAÍ,"RUA GAVIÃO PEIXOTO, 226",ICARAÍ,24230102,-22.9052069,-43.1087149,325
71,318,1678,LICEU NILO PEÇANHA,AV ERNANI DO AMARAL PEIXOTO 707,CENTRO,24020073,-22.8935707,-43.1165611,149
72,262,1570,IGREJA DO SANTUARIO NACIONAL DAS ALMAS,RUA ALVARES DE AZEVEDO 237,ICARAÍ,24220020,-22.9004522,-43.1107182,298
72,207,1473,COLÉGIO FORUM CULTURAL,ESTRADA FRANCISCO DA CRUZ NUNES 2454,CANTAGALO,24310410,-22.9163184,-43.0490094,348
144,1,1171,ESCOLA ESTADUAL MENEZES VIEIRA,RUA GENERAL CASTRIOTO S/N,BARRETO,24110000,-22.8693286,-43.1032004,278
71,271,1481,ESCOLA MUNICIPAL MAESTRO HEITOR VILLA-LOBOS (''COLÉGIO NOVO''),RUA SALO BRAND S/N,ILHA DA CONCEIÇÃO,24050070,-22.8731482,-43.1156463,306
199,77,1317,COLÉGIO PAULO FREIRE,"AVENIDA IRENE LOPES SODRÉ, N22",ENGENHO DO MATO,24346040,-22.9500178,-43.0246246,378
199,170,1341,COLÉGIO OBJETIVO CAMBOINHAS,"RUA PROFESSOR ÁLVARO CAETANO, 908",CAMBOINHAS,24358640,-22.9537053,-43.0584356,346
144,3,1023,PAROQUIA DE SAO JOAO BATISTA,RUA DR. MARCH 666,TENENTE JARDIM,24110160,-22.8639855,-43.0827273,340
71,100,1309,CURSO MARLY CURY,AV. SETE DE SETEMBRO 165,SANTA ROSA,24230251,-22.9054777,-43.1019227,376
144,175,1473,ESCOLA ESTADUAL JOSE BONIFACIO,RUA CARLOS MAXIMIANO 20,FONSECA,24120000,-22.8831949,-43.1060172,328
72,310,1635,BANCO BRADESCO,RUA GAVIAO PEIXOTO 108,ICARAÍ,24230101,-22.9031207,-43.1110165,349
72,137,1015,INSTITUTO JCA,"RODOVIA PREFEITO JOÃO SAMPAIO, 2501",SANTA BARBARA,24141380,-22.882301,-43.0585179,224
71,78,1244,ESCOLA ESTADUAL MANUEL DE ABREU,RUA LOPES TROVAO 287-A,ICARAÍ,24220070,-22.9023086,-43.1071569,377
199,258,1325,ESCOLA MUNICIPAL SÍTIO DO IPÊ,RUA PROF. JOSÉ PEÇANHA,MARIA PAULA,24325310,-22.8821134,-43.0267087,95
72,386,1724,AABB,RUA HÉLIO DA SILVA CARNEIRO 78,SÃO FRANCISCO,24360540,-22.9172823,-43.0826083,362
72,274,1597,COLÉGIO PONTO DE ENSINO,RUA OSWALDO CRUZ 32,ICARAÍ,24230210,-22.9092421,-43.1095209,342
71,449,1260,INSTITUTO ABEL,AV. ROBERTO SILVEIRA 29,ICARAÍ,24230150,-22.9004168,-43.1094942,231
72,358,1708,ESCOLA MUNICIPAL JÚLIA CORTINES,RUA LOPES TROVAO 1-CAMPO DE SÃO BENTO S/N,ICARAÍ,24220070,-22.9043592,-43.1086717,330
71,310,1678,LICEU NILO PEÇANHA,AV ERNANI DO AMARAL PEIXOTO 707,CENTRO,24020073,-22.8935707,-43.1165611,151
144,326,1651,INSTITUTO EDUCACIONAL TAURUS,"ALAMEDA SÃO BOAVENTURA, 15",FONSECA,24130000,-22.8806664,-43.1093503,212
72,337,1660,CLUBE CENTRAL,"AVENIDA JORNALISTA ALBERTO FRANCISCO TORRES,  335",ICARAÍ,24230005,-22.9075784,-43.111789,351
72,196,1147,ESCOLA MUNICIPAL VERA LUCIA MACHADO,RUA ALDEMAR DE PAIVA LOTE 7 E 8,BADU,24320230,-22.9045,-43.0500355,330
144,106,1317,IGREJA BATISTA BETEL DE NITERÓI,RUA DANIEL TORRES 72,ENGENHOCA,24110460,-22.8716138,-43.096026,281
144,72,1236,COLÉGIO ESTADUAL MULLULO DA VEIGA,RUA CORONEL GUIMARÃES 505,ENGENHOCA,24110130,-22.8708282,-43.0988892,348
144,219,1554,ESCOLA MUNICIPAL PROFESSOR PAULO FREIRE,RUA SOARES DE MIRANDA 77,FONSECA,24120307,-22.8828529,-43.0824987,241
72,71,1180,ESCOLA MUNICIPAL RACHIDE DA GLORIA SALIM SAKER,RUA JANDIRA PEREIRA 620,SANTA BARBARA,24141400,-22.8766134,-43.0488967,342
71,299,1511,FACULDADE DE ADMINISTRAÇÃO E CIÊNCIAS CONTÁBEIS (VALONGUINHO),RUA MÁRIO SANTOS BRAGA S/N,CENTRO,24020140,-22.8967413,-43.1252439,247
72,213,1147,ESCOLA MUNICIPAL VERA LUCIA MACHADO,RUA ALDEMAR DE PAIVA LOTE 7 E 8,BADU,24320230,-22.9045,-43.0500355,331
72,464,1538,ESCOLA CATAVENTO ESPAÇO DE EDUCAÇÃO,"ESTRADA WASHINGTON LUIZ, 224",SAPÊ,24315375,-22.9024713,-43.0635188,348
144,157,1457,ESCOLA ESTADUAL MACHADO DE ASSIS,RUA DESEMBARGADOR LIMA CASTRO 97,FONSECA,24120350,-22.8836374,-43.0857092,358
144,297,1627,ESCOLA ESTADUAL DOUTOR JAYME MEMORIA,RUA NORONHA TORREZAO 625,CUBANGO,24240181,-22.88949,-43.0937712,363
144,299,1627,ESCOLA ESTADUAL DOUTOR JAYME MEMORIA,RUA NORONHA TORREZAO 625,CUBANGO,24240181,-22.88949,-43.0937712,357
72,313,1643,CENTRO MODERNO ALZIRA BITTENCOURT,"RUA MEM DE SÁ, 71",ICARAÍ,24220260,-22.9012326,-43.110746,352
71,90,1295,COLEGIO SALESIANO SANTA ROSA,RUA SANTA ROSA 207,SANTA ROSA,24240220,-22.9016745,-43.0996973,363
199,212,1317,COLÉGIO PAULO FREIRE,"AVENIDA IRENE LOPES SODRÉ, N22",ENGENHO DO MATO,24346040,-22.9500178,-43.0246246,380
144,134,1163,COLÉGIO ESTADUAL CONSELHEIRO MACEDO SOARES,RUA DR. MARCH 392,BARRETO,24110650,-22.8622231,-43.0924035,364
72,440,1767,COLÉGIO ASSUNÇÃO,RUA GENERAL RONDON 842,SÃO FRANCISCO,24360100,-22.9208239,-43.0926525,352
72,452,1775,ESCOLA ESTADUAL CIZÍNIO SOARES PINTO,RUA PRESIDENTE ROOSEVELT 2,SÃO FRANCISCO,24360066,-22.9147594,-43.093934,334
72,265,1570,IGREJA DO SANTUARIO NACIONAL DAS ALMAS,RUA ALVARES DE AZEVEDO 237,ICARAÍ,24220020,-22.9004522,-43.1107182,306
72,466,1546,COLÉGIO GOMES PEREIRA,AVENIDA RUI BARBOSA 1250,LARGO DA BATALHA,24310005,-22.9081863,-43.0665152,346
199,135,1090,COLÉGIO ESTADUAL PROFESSORA ALCINA RODRIGUES LIMA,"ESTRADA FRANCISCO DA CRUZ NUNES, S/N",ITAIPU,24310340,-22.9528491,-43.0285072,245
199,179,1341,COLÉGIO OBJETIVO CAMBOINHAS,"RUA PROFESSOR ÁLVARO CAETANO, 908",CAMBOINHAS,24358640,-22.9537053,-43.0584356,345
72,184,1147,ESCOLA MUNICIPAL VERA LUCIA MACHADO,RUA ALDEMAR DE PAIVA LOTE 7 E 8,BADU,24320230,-22.9045,-43.0500355,332
199,156,1155,COLÉGIO ITAPUCA,"AV. ERNANI DE FARIAS ALVES, N 124 TREVO DE PIRATININGA",PIRATININGA,24350680,-22.9437854,-43.0593249,303
144,198,1503,SERVICO DE ASSISTENCIA SOCIAL SAO DOMINGOS SAVIO,RUA MARTINS TORRES 223,SANTA ROSA,24240705,-22.8988024,-43.0928214,342
144,21,1090,ESCOLA TÉCNICA ESTADUAL HENRIQUE LAGE,RUA GUIMARÃES JUNIOR 182,BARRETO,24110300,-22.8621355,-43.0979546,245
199,242,1350,ESCOLA MUNICIPAL MARALEGRE,"RUA DR. WALDIR COSTA, LOTES 10 E 11",CAFUBÁ,24350015,-22.9362723,-43.0724233,359
71,347,1562,COLEGIO ESTADUAL RAUL VIDAL,AVENIDA FELICIANO SODRE 21,CENTRO,24030013,-22.8862372,-43.1242688,297
144,152,1457,ESCOLA ESTADUAL MACHADO DE ASSIS,RUA DESEMBARGADOR LIMA CASTRO 97,FONSECA,24120350,-22.8836374,-43.0857092,355
71,146,1368,INSTITUTO SÃO JOSÉ,RUA GERALDO MARTINS 166,SANTA ROSA,24220381,-22.901754,-43.1018878,367
199,10,1031,ESCOLA MUNICIPAL HONORINA DE CARVALHO,RUA PROF. JOSE PECANHA S/N,MARIA PAULA,24325310,-22.882289,-43.0265693,279
199,63,1120,COLÉGIO ESTADUAL ALMIRANTE TAMANDARÉ,AV. ACURCIO TORRES S/N,PIRATININGA,24358080,-22.9512083,-43.0916732,291
71,394,1627,REITORIA DA UFF,RUA MIGUEL DE FRIAS 9,ICARAÍ,24220900,-22.9031771,-43.1164314,385
