{
  "type": "FeatureCollection",
  "name": "voter_profile",
  "features": [
    {
      "type": "Feature",
      "properties": {
        "ano": 2010,
        "nr_local": "1015",
        "nm_local": "INSTITUTO JCA",
        "bairro": "SANTA BARBARA",
        "total_eleitores": 12254,
        "pct_mulheres": 55.2,
        "pct_homens": 44.7,
        "pct_genero_nao_informado": 0,
        "pct_jovens_16_24": 10.6,
        "pct_adultos_25_59": 68.7,
        "pct_60_mais": 20.8,
        "pct_idade_nao_informado": 0,
        "pct_ate_fundamental": 32.5,
        "pct_ensino_medio": 41.6,
        "pct_ensino_superior": 25.8,
        "pct_escolaridade_nao_informado": 0.1
      },
      "geometry": {
        "type": "Point",
        "coordinates": [
          -43.0585179,
          -22.882301
        ]
      }
    },
    {
      "type": "Feature",
      "properties": {
        "ano": 2010,
        "nr_local": "1023",
        "nm_local": "PAROQUIA DE SAO JOAO BATISTA",
        "bairro": "TENENTE JARDIM",
        "total_eleitores": 5530,
        "pct_mulheres": 54.1,
        "pct_homens": 45.8,
        "pct_genero_nao_informado": 0.1,
        "pct_jovens_16_24": 10.3,
        "pct_adultos_25_59": 66.9,
        "pct_60_mais": 22.9,
        "pct_idade_nao_informado": 0,
        "pct_ate_fundamental": 32.2,
        "pct_ensino_medio": 41.6,
        "pct_ensino_superior": 25.9,
        "pct_escolaridade_nao_informado": 0.2
      },
      "geometry": {
        "type": "Point",
        "coordinates": [
          -43.0827273,
          -22.8639855
        ]
      }
    },
    {
      "type": "Feature",
      "properties": {
        "ano": 2010,
        "nr_local": "1031",
        "nm_local": "(PRÉDIO NOVO) COLÉGIO PEDRO II UNIDADE NITERÓI",
        "bairro": "BARRETO",
        "total_eleitores": 14011,
        "pct_mulheres": 53.9,
        "pct_homens": 46,
        "pct_genero_nao_informado": 0.2,
        "pct_jovens_16_24": 13.1,
        "pct_adultos_25_59": 67.4,
        "pct_60_mais": 19.5,
        "pct_idade_nao_informado": 0,
        "pct_ate_fundamental": 41.2,
        "pct_ensino_medio": 41.5,
        "pct_ensino_superior": 17.2,
        "pct_escolaridade_nao_informado": 0.1
      },
      "geometry": {
        "type": "Point",
        "coordinates": [
          -43.1037833,
          -22.8685685
        ]
      }
    },
    {
      "type": "Feature",
      "properties": {
        "ano": 2010,
        "nr_local": "1040",
        "nm_local": "CIEP 447 - CARAMUJO",
        "bairro": "CARAMUJO",
        "total_eleitores": 12230,
        "pct_mulheres": 54.5,
        "pct_homens": 45.4,
        "pct_genero_nao_informado": 0,
        "pct_jovens_16_24": 19.5,
        "pct_adultos_25_59": 67.1,
        "pct_60_mais": 13.3,
        "pct_idade_nao_informado": 0,
        "pct_ate_fundamental": 54.2,
        "pct_ensino_medio": 39.3,
        "pct_ensino_superior": 6.5,
        "pct_escolaridade_nao_informado": 0
      },
      "geometry": {
        "type": "Point",
        "coordinates": [
          -43.065134,
          -22.8827294
        ]
      }
    },
    {
      "type": "Feature",
      "properties": {
        "ano": 2010,
        "nr_local": "1058",
        "nm_local": "INSTITUTO SÃO BENTO DE NITEROI",
        "bairro": null,
        "total_eleitores": 7302,
        "pct_mulheres": 57.1,
        "pct_homens": 42.8,
        "pct_genero_nao_informado": 0.1,
        "pct_jovens_16_24": 12.3,
        "pct_adultos_25_59": 66.8,
        "pct_60_mais": 21,
        "pct_idade_nao_informado": 0,
        "pct_ate_fundamental": 19.7,
        "pct_ensino_medio": 48.2,
        "pct_ensino_superior": 31.9,
        "pct_escolaridade_nao_informado": 0.2
      },
      "geometry": {
        "type": "Point",
        "coordinates": [
          -43.0985232,
          -22.8970069
        ]
      }
    },
    {
      "type": "Feature",
      "properties": {
        "ano": 2010,
        "nr_local": "1066",
        "nm_local": "ITACOATIARA PAMPO CLUBE",
        "bairro": "ITACOATIARA",
        "total_eleitores": 4549,
        "pct_mulheres": 52.1,
        "pct_homens": 47.9,
        "pct_genero_nao_informado": 0,
        "pct_jovens_16_24": 14.8,
        "pct_adultos_25_59": 67.3,
        "pct_60_mais": 17.9,
        "pct_idade_nao_informado": 0,
        "pct_ate_fundamental": 16.8,
        "pct_ensino_medio": 46.6,
        "pct_ensino_superior": 36.4,
        "pct_escolaridade_nao_informado": 0.1
      },
      "geometry": {
        "type": "Point",
        "coordinates": [
          -43.0332117,
          -22.9646939
        ]
      }
    },
    {
      "type": "Feature",
      "properties": {
        "ano": 2010,
        "nr_local": "1074",
        "nm_local": "COLEGIO ESTADUAL PAULO ASSIS RIBEIRO",
        "bairro": "BADU",
        "total_eleitores": 15049,
        "pct_mulheres": 53.4,
        "pct_homens": 46.5,
        "pct_genero_nao_informado": 0,
        "pct_jovens_16_24": 18.1,
        "pct_adultos_25_59": 67.9,
        "pct_60_mais": 14,
        "pct_idade_nao_informado": 0,
        "pct_ate_fundamental": 37.5,
        "pct_ensino_medio": 44.4,
        "pct_ensino_superior": 18.1,
        "pct_escolaridade_nao_informado": 0
      },
      "geometry": {
        "type": "Point",
        "coordinates": [
          -43.0573891,
          -22.9068537
        ]
      }
    },
    {
      "type": "Feature",
      "properties": {
        "ano": 2010,
        "nr_local": "1082",
        "nm_local": "UMEI DR PAULO CESAR DE ALMEIDA PIMENTEL",
        "bairro": "ITAIPU",
        "total_eleitores": 14897,
        "pct_mulheres": 54.7,
        "pct_homens": 45.2,
        "pct_genero_nao_informado": 0,
        "pct_jovens_16_24": 14.8,
        "pct_adultos_25_59": 65,
        "pct_60_mais": 20.2,
        "pct_idade_nao_informado": 0,
        "pct_ate_fundamental": 24.5,
        "pct_ensino_medio": 47.9,
        "pct_ensino_superior": 27.4,
        "pct_escolaridade_nao_informado": 0.2
      },
      "geometry": {
        "type": "Point",
        "coordinates": [
          -43.0327165,
          -22.9614459
        ]
      }
    },
    {
      "type": "Feature",
      "properties": {
        "ano": 2010,
        "nr_local": "1090",
        "nm_local": "COLÉGIO ESTADUAL PROFESSORA ALCINA RODRIGUES LIMA",
        "bairro": "ITAIPU",
        "total_eleitores": 16635,
        "pct_mulheres": 55.2,
        "pct_homens": 44.7,
        "pct_genero_nao_informado": 0.1,
        "pct_jovens_16_24": 15.3,
        "pct_adultos_25_59": 64.8,
        "pct_60_mais": 19.9,
        "pct_idade_nao_informado": 0,
        "pct_ate_fundamental": 28.5,
        "pct_ensino_medio": 43.2,
        "pct_ensino_superior": 28.1,
        "pct_escolaridade_nao_informado": 0.2
      },
      "geometry": {
        "type": "Point",
        "coordinates": [
          -43.0285072,
          -22.9528491
        ]
      }
    },
    {
      "type": "Feature",
      "properties": {
        "ano": 2010,
        "nr_local": "1104",
        "nm_local": "ESCOLA MUNICIPAL ALTIVO CESAR",
        "bairro": "BARRETO",
        "total_eleitores": 8770,
        "pct_mulheres": 56.3,
        "pct_homens": 43.6,
        "pct_genero_nao_informado": 0.1,
        "pct_jovens_16_24": 12.1,
        "pct_adultos_25_59": 65.3,
        "pct_60_mais": 22.6,
        "pct_idade_nao_informado": 0,
        "pct_ate_fundamental": 23.6,
        "pct_ensino_medio": 46.7,
        "pct_ensino_superior": 29.6,
        "pct_escolaridade_nao_informado": 0.1
      },
      "geometry": {
        "type": "Point",
        "coordinates": [
          -43.0995714,
          -22.8645343
        ]
      }
    },
    {
      "type": "Feature",
      "properties": {
        "ano": 2010,
        "nr_local": "1112",
        "nm_local": "COLÉGIO SALESIANO REGIÃO OCEÂNICA",
        "bairro": "PIRATININGA",
        "total_eleitores": 15785,
        "pct_mulheres": 55.2,
        "pct_homens": 44.8,
        "pct_genero_nao_informado": 0.1,
        "pct_jovens_16_24": 12.9,
        "pct_adultos_25_59": 66.5,
        "pct_60_mais": 20.5,
        "pct_idade_nao_informado": 0,
        "pct_ate_fundamental": 45.5,
        "pct_ensino_medio": 38,
        "pct_ensino_superior": 16.3,
        "pct_escolaridade_nao_informado": 0.1
      },
      "geometry": {
        "type": "Point",
        "coordinates": [
          -43.0618731,
          -22.9393022
        ]
      }
    },
    {
      "type": "Feature",
      "properties": {
        "ano": 2010,
        "nr_local": "1120",
        "nm_local": "COLÉGIO ESTADUAL ALMIRANTE TAMANDARÉ",
        "bairro": "PIRATININGA",
        "total_eleitores": 15721,
        "pct_mulheres": 55,
        "pct_homens": 44.9,
        "pct_genero_nao_informado": 0.1,
        "pct_jovens_16_24": 13.2,
        "pct_adultos_25_59": 64.5,
        "pct_60_mais": 22.3,
        "pct_idade_nao_informado": 0,
        "pct_ate_fundamental": 26.8,
        "pct_ensino_medio": 42.9,
        "pct_ensino_superior": 30.1,
        "pct_escolaridade_nao_informado": 0.2
      },
      "geometry": {
        "type": "Point",
        "coordinates": [
          -43.0916732,
          -22.9512083
        ]
      }
    },
    {
      "type": "Feature",
      "properties": {
        "ano": 2010,
        "nr_local": "1139",
        "nm_local": "ESCOLA MUNICIPAL FRANCISCO PORTUGAL NEVES",
        "bairro": "PIRATININGA",
        "total_eleitores": 8619,
        "pct_mulheres": 55.7,
        "pct_homens": 44.3,
        "pct_genero_nao_informado": 0.1,
        "pct_jovens_16_24": 11,
        "pct_adultos_25_59": 61.3,
        "pct_60_mais": 27.7,
        "pct_idade_nao_informado": 0,
        "pct_ate_fundamental": 32.1,
        "pct_ensino_medio": 37.1,
        "pct_ensino_superior": 30.7,
        "pct_escolaridade_nao_informado": 0.2
      },
      "geometry": {
        "type": "Point",
        "coordinates": [
          -43.056665,
          -22.942363
        ]
      }
    },
    {
      "type": "Feature",
      "properties": {
        "ano": 2010,
        "nr_local": "1147",
        "nm_local": "ESCOLA MUNICIPAL VERA LUCIA MACHADO",
        "bairro": "BADU",
        "total_eleitores": 5452,
        "pct_mulheres": 55.3,
        "pct_homens": 44.6,
        "pct_genero_nao_informado": 0.1,
        "pct_jovens_16_24": 15.2,
        "pct_adultos_25_59": 70.9,
        "pct_60_mais": 13.9,
        "pct_idade_nao_informado": 0,
        "pct_ate_fundamental": 47.5,
        "pct_ensino_medio": 42.3,
        "pct_ensino_superior": 10.2,
        "pct_escolaridade_nao_informado": 0
      },
      "geometry": {
        "type": "Point",
        "coordinates": [
          -43.0500355,
          -22.9045
        ]
      }
    },
    {
      "type": "Feature",
      "properties": {
        "ano": 2010,
        "nr_local": "1155",
        "nm_local": "COLÉGIO ITAPUCA",
        "bairro": "PIRATININGA",
        "total_eleitores": 8044,
        "pct_mulheres": 57,
        "pct_homens": 42.9,
        "pct_genero_nao_informado": 0.1,
        "pct_jovens_16_24": 13.7,
        "pct_adultos_25_59": 62.7,
        "pct_60_mais": 23.6,
        "pct_idade_nao_informado": 0,
        "pct_ate_fundamental": 18.8,
        "pct_ensino_medio": 43.8,
        "pct_ensino_superior": 37.1,
        "pct_escolaridade_nao_informado": 0.2
      },
      "geometry": {
        "type": "Point",
        "coordinates": [
          -43.0593249,
          -22.9437854
        ]
      }
    },
    {
      "type": "Feature",
      "properties": {
        "ano": 2010,
        "nr_local": "1163",
        "nm_local": "COLÉGIO ESTADUAL CONSELHEIRO MACEDO SOARES",
        "bairro": "BARRETO",
        "total_eleitores": 12760,
        "pct_mulheres": 55.7,
        "pct_homens": 44.3,
        "pct_genero_nao_informado": 0.1,
        "pct_jovens_16_24": 12.6,
        "pct_adultos_25_59": 63.8,
        "pct_60_mais": 23.6,
        "pct_idade_nao_informado": 0,
        "pct_ate_fundamental": 33.8,
        "pct_ensino_medio": 46.3,
        "pct_ensino_superior": 19.9,
        "pct_escolaridade_nao_informado": 0.1
      },
      "geometry": {
        "type": "Point",
        "coordinates": [
          -43.0924035,
          -22.8622231
        ]
      }
    },
    {
      "type": "Feature",
      "properties": {
        "ano": 2010,
        "nr_local": "1171",
        "nm_local": "ESCOLA MUNICIPAL ANTONIO COUTINHO DE AZEVEDO",
        "bairro": "SANTA BARBARA",
        "total_eleitores": 8167,
        "pct_mulheres": 54.4,
        "pct_homens": 45.5,
        "pct_genero_nao_informado": 0,
        "pct_jovens_16_24": 11.9,
        "pct_adultos_25_59": 70,
        "pct_60_mais": 18.1,
        "pct_idade_nao_informado": 0,
        "pct_ate_fundamental": 45.7,
        "pct_ensino_medio": 44.2,
        "pct_ensino_superior": 10,
        "pct_escolaridade_nao_informado": 0
      },
      "geometry": {
        "type": "Point",
        "coordinates": [
          -43.04869,
          -22.8756043
        ]
      }
    },
    {
      "type": "Feature",
      "properties": {
        "ano": 2010,
        "nr_local": "1180",
        "nm_local": "ESCOLA MUNICIPAL RACHIDE DA GLORIA SALIM SAKER",
        "bairro": "SANTA BARBARA",
        "total_eleitores": 7813,
        "pct_mulheres": 53.5,
        "pct_homens": 46.4,
        "pct_genero_nao_informado": 0.1,
        "pct_jovens_16_24": 18.1,
        "pct_adultos_25_59": 64.5,
        "pct_60_mais": 17.4,
        "pct_idade_nao_informado": 0,
        "pct_ate_fundamental": 51.7,
        "pct_ensino_medio": 40.3,
        "pct_ensino_superior": 7.9,
        "pct_escolaridade_nao_informado": 0.1
      },
      "geometry": {
        "type": "Point",
        "coordinates": [
          -43.0488967,
          -22.8766134
        ]
      }
    },
    {
      "type": "Feature",
      "properties": {
        "ano": 2010,
        "nr_local": "1198",
        "nm_local": "CIEP 448 RUY FRAZÃO SOARES",
        "bairro": "ITAIPU",
        "total_eleitores": 8130,
        "pct_mulheres": 53,
        "pct_homens": 46.9,
        "pct_genero_nao_informado": 0,
        "pct_jovens_16_24": 19.1,
        "pct_adultos_25_59": 68.6,
        "pct_60_mais": 12.3,
        "pct_idade_nao_informado": 0,
        "pct_ate_fundamental": 43.3,
        "pct_ensino_medio": 42.3,
        "pct_ensino_superior": 14.4,
        "pct_escolaridade_nao_informado": 0
      },
      "geometry": {
        "type": "Point",
        "coordinates": [
          -43.0092644,
          -22.9356576
        ]
      }
    },
    {
      "type": "Feature",
      "properties": {
        "ano": 2010,
        "nr_local": "1201",
        "nm_local": "OFICINAS DO SENAI",
        "bairro": "BARRETO",
        "total_eleitores": 4688,
        "pct_mulheres": 53.8,
        "pct_homens": 46.2,
        "pct_genero_nao_informado": 0.1,
        "pct_jovens_16_24": 10.7,
        "pct_adultos_25_59": 69.2,
        "pct_60_mais": 20.1,
        "pct_idade_nao_informado": 0,
        "pct_ate_fundamental": 29.1,
        "pct_ensino_medio": 44,
        "pct_ensino_superior": 26.8,
        "pct_escolaridade_nao_informado": 0.1
      },
      "geometry": {
        "type": "Point",
        "coordinates": [
          -43.1026046,
          -22.8614396
        ]
      }
    },
    {
      "type": "Feature",
      "properties": {
        "ano": 2010,
        "nr_local": "1210",
        "nm_local": "TIO SAM ESPORTE CLUBE",
        "bairro": "BARRETO",
        "total_eleitores": 7142,
        "pct_mulheres": 53.9,
        "pct_homens": 45.9,
        "pct_genero_nao_informado": 0.2,
        "pct_jovens_16_24": 15.3,
        "pct_adultos_25_59": 68.2,
        "pct_60_mais": 16.5,
        "pct_idade_nao_informado": 0,
        "pct_ate_fundamental": 40.7,
        "pct_ensino_medio": 47,
        "pct_ensino_superior": 12.1,
        "pct_escolaridade_nao_informado": 0.2
      },
      "geometry": {
        "type": "Point",
        "coordinates": [
          -43.104502,
          -22.8719306
        ]
      }
    },
    {
      "type": "Feature",
      "properties": {
        "ano": 2010,
        "nr_local": "1236",
        "nm_local": "COLÉGIO ESTADUAL MULLULO DA VEIGA",
        "bairro": "ENGENHOCA",
        "total_eleitores": 10396,
        "pct_mulheres": 54.4,
        "pct_homens": 45.5,
        "pct_genero_nao_informado": 0.1,
        "pct_jovens_16_24": 11.2,
        "pct_adultos_25_59": 69.1,
        "pct_60_mais": 19.7,
        "pct_idade_nao_informado": 0,
        "pct_ate_fundamental": 45.5,
        "pct_ensino_medio": 44.7,
        "pct_ensino_superior": 9.7,
        "pct_escolaridade_nao_informado": 0
      },
      "geometry": {
        "type": "Point",
        "coordinates": [
          -43.0988892,
          -22.8708282
        ]
      }
    },
    {
      "type": "Feature",
      "properties": {
        "ano": 2010,
        "nr_local": "1244",
        "nm_local": "ESCOLA ESTADUAL MANUEL DE ABREU",
        "bairro": "ICARAÍ",
        "total_eleitores": 10231,
        "pct_mulheres": 56.4,
        "pct_homens": 43.6,
        "pct_genero_nao_informado": 0.1,
        "pct_jovens_16_24": 12.6,
        "pct_adultos_25_59": 67.3,
        "pct_60_mais": 20.1,
        "pct_idade_nao_informado": 0,
        "pct_ate_fundamental": 20.1,
        "pct_ensino_medio": 42.7,
        "pct_ensino_superior": 37.1,
        "pct_escolaridade_nao_informado": 0.2
      },
      "geometry": {
        "type": "Point",
        "coordinates": [
          -43.1071569,
          -22.9023086
        ]
      }
    },
    {
      "type": "Feature",
      "properties": {
        "ano": 2010,
        "nr_local": "1252",
        "nm_local": "ESCOLA MUNICIPAL ADELINO MAGALHÃES",
        "bairro": "ENGENHOCA",
        "total_eleitores": 7507,
        "pct_mulheres": 53.9,
        "pct_homens": 46,
        "pct_genero_nao_informado": 0.1,
        "pct_jovens_16_24": 14.1,
        "pct_adultos_25_59": 67.6,
        "pct_60_mais": 18.3,
        "pct_idade_nao_informado": 0,
        "pct_ate_fundamental": 49.6,
        "pct_ensino_medio": 36.1,
        "pct_ensino_superior": 14.2,
        "pct_escolaridade_nao_informado": 0.1
      },
      "geometry": {
        "type": "Point",
        "coordinates": [
          -43.0944571,
          -22.8739038
        ]
      }
    },
    {
      "type": "Feature",
      "properties": {
        "ano": 2010,
        "nr_local": "1260",
        "nm_local": "INSTITUTO ABEL",
        "bairro": "ICARAÍ",
        "total_eleitores": 7481,
        "pct_mulheres": 54.7,
        "pct_homens": 45.2,
        "pct_genero_nao_informado": 0.1,
        "pct_jovens_16_24": 14,
        "pct_adultos_25_59": 66.7,
        "pct_60_mais": 19.3,
        "pct_idade_nao_informado": 0,
        "pct_ate_fundamental": 12.4,
        "pct_ensino_medio": 47.4,
        "pct_ensino_superior": 40.2,
        "pct_escolaridade_nao_informado": 0.1
      },
      "geometry": {
        "type": "Point",
        "coordinates": [
          -43.1094942,
          -22.9004168
        ]
      }
    },
    {
      "type": "Feature",
      "properties": {
        "ano": 2010,
        "nr_local": "1279",
        "nm_local": "INSTITUTO FOKUS (ANTIGO INTERAÇÃO CRECHE ESCOLA)",
        "bairro": "CAMBOINHAS",
        "total_eleitores": 2866,
        "pct_mulheres": 57.4,
        "pct_homens": 42.5,
        "pct_genero_nao_informado": 0.1,
        "pct_jovens_16_24": 19.2,
        "pct_adultos_25_59": 61.2,
        "pct_60_mais": 19.5,
        "pct_idade_nao_informado": 0,
        "pct_ate_fundamental": 22.7,
        "pct_ensino_medio": 41.7,
        "pct_ensino_superior": 35.5,
        "pct_escolaridade_nao_informado": 0.1
      },
      "geometry": {
        "type": "Point",
        "coordinates": [
          -43.062822,
          -22.9542456
        ]
      }
    },
    {
      "type": "Feature",
      "properties": {
        "ano": 2010,
        "nr_local": "1287",
        "nm_local": "ESCOLA MUNICIPAL PROF MARCOS WALDEMAR DE FREITAS REIS",
        "bairro": "ITAIPU",
        "total_eleitores": 78,
        "pct_mulheres": 55.1,
        "pct_homens": 44.9,
        "pct_genero_nao_informado": 0,
        "pct_jovens_16_24": 33.3,
        "pct_adultos_25_59": 64.1,
        "pct_60_mais": 2.6,
        "pct_idade_nao_informado": 0,
        "pct_ate_fundamental": 11.5,
        "pct_ensino_medio": 41,
        "pct_ensino_superior": 47.4,
        "pct_escolaridade_nao_informado": 0
      },
      "geometry": {
        "type": "Point",
        "coordinates": [
          -43.0330724,
          -22.9615628
        ]
      }
    },
    {
      "type": "Feature",
      "properties": {
        "ano": 2010,
        "nr_local": "1295",
        "nm_local": "UMEI PROFA ODETE ROSA DA MOTA",
        "bairro": "ITAIPU",
        "total_eleitores": 7899,
        "pct_mulheres": 55.2,
        "pct_homens": 44.7,
        "pct_genero_nao_informado": 0.1,
        "pct_jovens_16_24": 14.5,
        "pct_adultos_25_59": 63.6,
        "pct_60_mais": 21.9,
        "pct_idade_nao_informado": 0,
        "pct_ate_fundamental": 26.6,
        "pct_ensino_medio": 45.5,
        "pct_ensino_superior": 27.8,
        "pct_escolaridade_nao_informado": 0.1
      },
      "geometry": {
        "type": "Point",
        "coordinates": [
          -43.02859,
          -22.9532368
        ]
      }
    },
    {
      "type": "Feature",
      "properties": {
        "ano": 2010,
        "nr_local": "1309",
        "nm_local": "CURSO MARLY CURY",
        "bairro": "SANTA ROSA",
        "total_eleitores": 6556,
        "pct_mulheres": 54.9,
        "pct_homens": 45.1,
        "pct_genero_nao_informado": 0.1,
        "pct_jovens_16_24": 13.9,
        "pct_adultos_25_59": 69.1,
        "pct_60_mais": 17.1,
        "pct_idade_nao_informado": 0,
        "pct_ate_fundamental": 31.1,
        "pct_ensino_medio": 45.6,
        "pct_ensino_superior": 23.2,
        "pct_escolaridade_nao_informado": 0.1
      },
      "geometry": {
        "type": "Point",
        "coordinates": [
          -43.1019227,
          -22.9054777
        ]
      }
    },
    {
      "type": "Feature",
      "properties": {
        "ano": 2010,
        "nr_local": "1317",
        "nm_local": "ESCOLA ESTADUAL BALTAZAR BERNARDINO",
        "bairro": "SANTA ROSA",
        "total_eleitores": 4381,
        "pct_mulheres": 55.8,
        "pct_homens": 44.1,
        "pct_genero_nao_informado": 0,
        "pct_jovens_16_24": 13.6,
        "pct_adultos_25_59": 67.3,
        "pct_60_mais": 19.2,
        "pct_idade_nao_informado": 0,
        "pct_ate_fundamental": 25,
        "pct_ensino_medio": 47.5,
        "pct_ensino_superior": 27.4,
        "pct_escolaridade_nao_informado": 0
      },
      "geometry": {
        "type": "Point",
        "coordinates": [
          -43.1012931,
          -22.9032359
        ]
      }
    },
    {
      "type": "Feature",
      "properties": {
        "ano": 2010,
        "nr_local": "1325",
        "nm_local": "ESCOLA MUNICIPAL SÍTIO DO IPÊ",
        "bairro": "MARIA PAULA",
        "total_eleitores": 7630,
        "pct_mulheres": 55.5,
        "pct_homens": 44.4,
        "pct_genero_nao_informado": 0.1,
        "pct_jovens_16_24": 16,
        "pct_adultos_25_59": 65.1,
        "pct_60_mais": 18.8,
        "pct_idade_nao_informado": 0,
        "pct_ate_fundamental": 44.6,
        "pct_ensino_medio": 42.5,
        "pct_ensino_superior": 12.8,
        "pct_escolaridade_nao_informado": 0.1
      },
      "geometry": {
        "type": "Point",
        "coordinates": [
          -43.0267087,
          -22.8821134
        ]
      }
    },
    {
      "type": "Feature",
      "properties": {
        "ano": 2010,
        "nr_local": "1333",
        "nm_local": "ESCOLA ME NINAR",
        "bairro": "ITAIPU",
        "total_eleitores": 7741,
        "pct_mulheres": 56.8,
        "pct_homens": 43.1,
        "pct_genero_nao_informado": 0.1,
        "pct_jovens_16_24": 8.9,
        "pct_adultos_25_59": 64.4,
        "pct_60_mais": 26.7,
        "pct_idade_nao_informado": 0,
        "pct_ate_fundamental": 18.1,
        "pct_ensino_medio": 43,
        "pct_ensino_superior": 38.6,
        "pct_escolaridade_nao_informado": 0.2
      },
      "geometry": {
        "type": "Point",
        "coordinates": [
          -43.0442198,
          -22.9408099
        ]
      }
    },
    {
      "type": "Feature",
      "properties": {
        "ano": 2010,
        "nr_local": "1350",
        "nm_local": "ESCOLA MUNICIPAL MARALEGRE",
        "bairro": "CAFUBÁ",
        "total_eleitores": 2003,
        "pct_mulheres": 53.2,
        "pct_homens": 46.8,
        "pct_genero_nao_informado": 0,
        "pct_jovens_16_24": 11.4,
        "pct_adultos_25_59": 66.9,
        "pct_60_mais": 21.7,
        "pct_idade_nao_informado": 0,
        "pct_ate_fundamental": 46.7,
        "pct_ensino_medio": 45.2,
        "pct_ensino_superior": 8,
        "pct_escolaridade_nao_informado": 0
      },
      "geometry": {
        "type": "Point",
        "coordinates": [
          -43.0724233,
          -22.9362723
        ]
      }
    },
    {
      "type": "Feature",
      "properties": {
        "ano": 2010,
        "nr_local": "1368",
        "nm_local": "INSTITUTO SÃO JOSÉ",
        "bairro": "SANTA ROSA",
        "total_eleitores": 7383,
        "pct_mulheres": 55.8,
        "pct_homens": 44.1,
        "pct_genero_nao_informado": 0.1,
        "pct_jovens_16_24": 16,
        "pct_adultos_25_59": 67.8,
        "pct_60_mais": 16.3,
        "pct_idade_nao_informado": 0,
        "pct_ate_fundamental": 43,
        "pct_ensino_medio": 37.7,
        "pct_ensino_superior": 19.3,
        "pct_escolaridade_nao_informado": 0
      },
      "geometry": {
        "type": "Point",
        "coordinates": [
          -43.1018878,
          -22.901754
        ]
      }
    },
    {
      "type": "Feature",
      "properties": {
        "ano": 2010,
        "nr_local": "1376",
        "nm_local": "UNIVERSIDADE SALGADO DE OLIVEIRA - BL A",
        "bairro": null,
        "total_eleitores": 2769,
        "pct_mulheres": 55.4,
        "pct_homens": 44.5,
        "pct_genero_nao_informado": 0.1,
        "pct_jovens_16_24": 12.1,
        "pct_adultos_25_59": 67.3,
        "pct_60_mais": 20.5,
        "pct_idade_nao_informado": 0,
        "pct_ate_fundamental": 41,
        "pct_ensino_medio": 42.7,
        "pct_ensino_superior": 16.2,
        "pct_escolaridade_nao_informado": 0.1
      },
      "geometry": {
        "type": "Point",
        "coordinates": [
          -43.1221924,
          -22.8898672
        ]
      }
    },
    {
      "type": "Feature",
      "properties": {
        "ano": 2010,
        "nr_local": "1384",
        "nm_local": "UMEI OLGA BENÁRIO PRESTES",
        "bairro": "ENGENHO DO MATO",
        "total_eleitores": 3806,
        "pct_mulheres": 54.3,
        "pct_homens": 45.7,
        "pct_genero_nao_informado": 0,
        "pct_jovens_16_24": 18.4,
        "pct_adultos_25_59": 65.2,
        "pct_60_mais": 16.4,
        "pct_idade_nao_informado": 0,
        "pct_ate_fundamental": 33.9,
        "pct_ensino_medio": 49.6,
        "pct_ensino_superior": 16.5,
        "pct_escolaridade_nao_informado": 0
      },
      "geometry": {
        "type": "Point",
        "coordinates": [
          -43.0086653,
          -22.9354086
        ]
      }
    },
    {
      "type": "Feature",
      "properties": {
        "ano": 2010,
        "nr_local": "1392",
        "nm_local": "FACULDADE DE VETERINARIA DA UFF",
        "bairro": "VITAL BRASIL",
        "total_eleitores": 5081,
        "pct_mulheres": 55.9,
        "pct_homens": 44.1,
        "pct_genero_nao_informado": 0,
        "pct_jovens_16_24": 11.7,
        "pct_adultos_25_59": 71.3,
        "pct_60_mais": 17.1,
        "pct_idade_nao_informado": 0,
        "pct_ate_fundamental": 22,
        "pct_ensino_medio": 45.8,
        "pct_ensino_superior": 32.2,
        "pct_escolaridade_nao_informado": 0
      },
      "geometry": {
        "type": "Point",
        "coordinates": [
          -43.098407,
          -22.904908
        ]
      }
    },
    {
      "type": "Feature",
      "properties": {
        "ano": 2010,
        "nr_local": "1406",
        "nm_local": "COLÉGIO NITERÓI",
        "bairro": "ENGENHOCA",
        "total_eleitores": 5960,
        "pct_mulheres": 56,
        "pct_homens": 44,
        "pct_genero_nao_informado": 0.1,
        "pct_jovens_16_24": 16.8,
        "pct_adultos_25_59": 63.1,
        "pct_60_mais": 20.1,
        "pct_idade_nao_informado": 0,
        "pct_ate_fundamental": 29,
        "pct_ensino_medio": 49.8,
        "pct_ensino_superior": 21.2,
        "pct_escolaridade_nao_informado": 0
      },
      "geometry": {
        "type": "Point",
        "coordinates": [
          -43.1018717,
          -22.8706133
        ]
      }
    },
    {
      "type": "Feature",
      "properties": {
        "ano": 2010,
        "nr_local": "1414",
        "nm_local": "UNIVERSIDADE SALGADO DE OLIVEIRA - BL B (PRÓXIMO AO GUANABARA)",
        "bairro": "CENTRO",
        "total_eleitores": 2089,
        "pct_mulheres": 55,
        "pct_homens": 44.8,
        "pct_genero_nao_informado": 0.2,
        "pct_jovens_16_24": 11.4,
        "pct_adultos_25_59": 68.2,
        "pct_60_mais": 20.4,
        "pct_idade_nao_informado": 0,
        "pct_ate_fundamental": 33.4,
        "pct_ensino_medio": 51.4,
        "pct_ensino_superior": 15.2,
        "pct_escolaridade_nao_informado": 0
      },
      "geometry": {
        "type": "Point",
        "coordinates": [
          -43.1172001,
          -22.8893447
        ]
      }
    },
    {
      "type": "Feature",
      "properties": {
        "ano": 2010,
        "nr_local": "1422",
        "nm_local": "CLUBE PORTUGUES DE NITEROI",
        "bairro": "SÃO DOMINGOS",
        "total_eleitores": 1557,
        "pct_mulheres": 55.9,
        "pct_homens": 44.1,
        "pct_genero_nao_informado": 0,
        "pct_jovens_16_24": 11.4,
        "pct_adultos_25_59": 68.5,
        "pct_60_mais": 20,
        "pct_idade_nao_informado": 0,
        "pct_ate_fundamental": 48,
        "pct_ensino_medio": 44.4,
        "pct_ensino_superior": 7.6,
        "pct_escolaridade_nao_informado": 0
      },
      "geometry": {
        "type": "Point",
        "coordinates": [
          -43.1274594,
          -22.9021482
        ]
      }
    },
    {
      "type": "Feature",
      "properties": {
        "ano": 2010,
        "nr_local": "1449",
        "nm_local": "CIEP 450 - BADU",
        "bairro": "BADU",
        "total_eleitores": 6769,
        "pct_mulheres": 54.1,
        "pct_homens": 45.8,
        "pct_genero_nao_informado": 0.1,
        "pct_jovens_16_24": 12.8,
        "pct_adultos_25_59": 71.3,
        "pct_60_mais": 15.9,
        "pct_idade_nao_informado": 0,
        "pct_ate_fundamental": 60.5,
        "pct_ensino_medio": 33.2,
        "pct_ensino_superior": 6.1,
        "pct_escolaridade_nao_informado": 0.2
      },
      "geometry": {
        "type": "Point",
        "coordinates": [
          -43.0566124,
          -22.9071974
        ]
      }
    },
    {
      "type": "Feature",
      "properties": {
        "ano": 2010,
        "nr_local": "1457",
        "nm_local": "ÁGUAS DE NITEROI",
        "bairro": "CENTRO",
        "total_eleitores": 3403,
        "pct_mulheres": 53.3,
        "pct_homens": 46.7,
        "pct_genero_nao_informado": 0,
        "pct_jovens_16_24": 11,
        "pct_adultos_25_59": 75,
        "pct_60_mais": 13.9,
        "pct_idade_nao_informado": 0,
        "pct_ate_fundamental": 62.1,
        "pct_ensino_medio": 35.3,
        "pct_ensino_superior": 2.6,
        "pct_escolaridade_nao_informado": 0
      },
      "geometry": {
        "type": "Point",
        "coordinates": [
          -43.1141378,
          -22.8915411
        ]
      }
    },
    {
      "type": "Feature",
      "properties": {
        "ano": 2010,
        "nr_local": "1465",
        "nm_local": "CENTRO UNIVERSITÁRIO ANHANGUERA (ANTIGO PLÍNIO LEITE)",
        "bairro": "CENTRO",
        "total_eleitores": 2621,
        "pct_mulheres": 53.3,
        "pct_homens": 46.5,
        "pct_genero_nao_informado": 0.2,
        "pct_jovens_16_24": 14.9,
        "pct_adultos_25_59": 68.3,
        "pct_60_mais": 16.7,
        "pct_idade_nao_informado": 0,
        "pct_ate_fundamental": 52.5,
        "pct_ensino_medio": 43.1,
        "pct_ensino_superior": 4.5,
        "pct_escolaridade_nao_informado": 0
      },
      "geometry": {
        "type": "Point",
        "coordinates": [
          -43.1245632,
          -22.8869267
        ]
      }
    },
    {
      "type": "Feature",
      "properties": {
        "ano": 2010,
        "nr_local": "1473",
        "nm_local": "COLÉGIO FORUM CULTURAL",
        "bairro": "CANTAGALO",
        "total_eleitores": 6488,
        "pct_mulheres": 53.6,
        "pct_homens": 46.4,
        "pct_genero_nao_informado": 0,
        "pct_jovens_16_24": 14.3,
        "pct_adultos_25_59": 73.6,
        "pct_60_mais": 12.2,
        "pct_idade_nao_informado": 0,
        "pct_ate_fundamental": 51.1,
        "pct_ensino_medio": 42,
        "pct_ensino_superior": 6.8,
        "pct_escolaridade_nao_informado": 0
      },
      "geometry": {
        "type": "Point",
        "coordinates": [
          -43.0490094,
          -22.9163184
        ]
      }
    },
    {
      "type": "Feature",
      "properties": {
        "ano": 2010,
        "nr_local": "1481",
        "nm_local": "ESCOLA MUNICIPAL MAESTRO HEITOR VILLA-LOBOS (''COLÉGIO NOVO'')",
        "bairro": "ILHA DA CONCEIÇÃO",
        "total_eleitores": 2714,
        "pct_mulheres": 51.6,
        "pct_homens": 48.2,
        "pct_genero_nao_informado": 0.2,
        "pct_jovens_16_24": 13.8,
        "pct_adultos_25_59": 68.5,
        "pct_60_mais": 17.6,
        "pct_idade_nao_informado": 0,
        "pct_ate_fundamental": 59.5,
        "pct_ensino_medio": 37.2,
        "pct_ensino_superior": 3.2,
        "pct_escolaridade_nao_informado": 0
      },
      "geometry": {
        "type": "Point",
        "coordinates": [
          -43.1156463,
          -22.8731482
        ]
      }
    },
    {
      "type": "Feature",
      "properties": {
        "ano": 2010,
        "nr_local": "1490",
        "nm_local": "IGREJA BATISTA DO FONSECA",
        "bairro": "FONSECA",
        "total_eleitores": 2052,
        "pct_mulheres": 53.7,
        "pct_homens": 46.2,
        "pct_genero_nao_informado": 0,
        "pct_jovens_16_24": 21,
        "pct_adultos_25_59": 67.4,
        "pct_60_mais": 11.5,
        "pct_idade_nao_informado": 0,
        "pct_ate_fundamental": 45.2,
        "pct_ensino_medio": 45.3,
        "pct_ensino_superior": 9.5,
        "pct_escolaridade_nao_informado": 0
      },
      "geometry": {
        "type": "Point",
        "coordinates": [
          -43.0865383,
          -22.8810878
        ]
      }
    },
    {
      "type": "Feature",
      "properties": {
        "ano": 2010,
        "nr_local": "1503",
        "nm_local": "SERVICO DE ASSISTENCIA SOCIAL SAO DOMINGOS SAVIO",
        "bairro": "SANTA ROSA",
        "total_eleitores": 1919,
        "pct_mulheres": 56,
        "pct_homens": 44,
        "pct_genero_nao_informado": 0,
        "pct_jovens_16_24": 13.8,
        "pct_adultos_25_59": 66.4,
        "pct_60_mais": 19.7,
        "pct_idade_nao_informado": 0,
        "pct_ate_fundamental": 27.6,
        "pct_ensino_medio": 50.6,
        "pct_ensino_superior": 21.8,
        "pct_escolaridade_nao_informado": 0
      },
      "geometry": {
        "type": "Point",
        "coordinates": [
          -43.0928214,
          -22.8988024
        ]
      }
    },
    {
      "type": "Feature",
      "properties": {
        "ano": 2010,
        "nr_local": "1520",
        "nm_local": "ESCOLA MUNICIPAL LEVI CARNEIRO",
        "bairro": "SAPÊ",
        "total_eleitores": 976,
        "pct_mulheres": 51,
        "pct_homens": 48.8,
        "pct_genero_nao_informado": 0.2,
        "pct_jovens_16_24": 8.5,
        "pct_adultos_25_59": 71.5,
        "pct_60_mais": 20,
        "pct_idade_nao_informado": 0,
        "pct_ate_fundamental": 32.6,
        "pct_ensino_medio": 49.5,
        "pct_ensino_superior": 17.9,
        "pct_escolaridade_nao_informado": 0
      },
      "geometry": {
        "type": "Point",
        "coordinates": [
          -43.0583864,
          -22.8961721
        ]
      }
    },
    {
      "type": "Feature",
      "properties": {
        "ano": 2010,
        "nr_local": "1538",
        "nm_local": "ESCOLA CATAVENTO ESPAÇO DE EDUCAÇÃO",
        "bairro": "SAPÊ",
        "total_eleitores": 2483,
        "pct_mulheres": 57,
        "pct_homens": 42.9,
        "pct_genero_nao_informado": 0,
        "pct_jovens_16_24": 13.6,
        "pct_adultos_25_59": 63,
        "pct_60_mais": 23.4,
        "pct_idade_nao_informado": 0,
        "pct_ate_fundamental": 24.2,
        "pct_ensino_medio": 46.7,
        "pct_ensino_superior": 28.7,
        "pct_escolaridade_nao_informado": 0.4
      },
      "geometry": {
        "type": "Point",
        "coordinates": [
          -43.0635188,
          -22.9024713
        ]
      }
    },
    {
      "type": "Feature",
      "properties": {
        "ano": 2010,
        "nr_local": "1546",
        "nm_local": "UNIVERSIDADE SALGADO DE OLIVEIRA - BL A",
        "bairro": "CENTRO",
        "total_eleitores": 1692,
        "pct_mulheres": 54.9,
        "pct_homens": 45.1,
        "pct_genero_nao_informado": 0,
        "pct_jovens_16_24": 14.9,
        "pct_adultos_25_59": 67.1,
        "pct_60_mais": 18,
        "pct_idade_nao_informado": 0,
        "pct_ate_fundamental": 23.1,
        "pct_ensino_medio": 41.2,
        "pct_ensino_superior": 35.5,
        "pct_escolaridade_nao_informado": 0.2
      },
      "geometry": {
        "type": "Point",
        "coordinates": [
          -43.1186087,
          -22.8894749
        ]
      }
    },
    {
      "type": "Feature",
      "properties": {
        "ano": 2010,
        "nr_local": "1554",
        "nm_local": "JARDIM ESCOLA GIRASSÓIS",
        "bairro": "LARGO DA BATALHA",
        "total_eleitores": 1891,
        "pct_mulheres": 55.1,
        "pct_homens": 44.8,
        "pct_genero_nao_informado": 0.2,
        "pct_jovens_16_24": 11.5,
        "pct_adultos_25_59": 68.1,
        "pct_60_mais": 20.4,
        "pct_idade_nao_informado": 0,
        "pct_ate_fundamental": 37.4,
        "pct_ensino_medio": 47,
        "pct_ensino_superior": 15.6,
        "pct_escolaridade_nao_informado": 0.1
      },
      "geometry": {
        "type": "Point",
        "coordinates": [
          -43.0652722,
          -22.9077414
        ]
      }
    },
    {
      "type": "Feature",
      "properties": {
        "ano": 2010,
        "nr_local": "1589",
        "nm_local": "COLÉGIO NOSSA SENHORA DAS MERCÊS",
        "bairro": "FONSECA",
        "total_eleitores": 1713,
        "pct_mulheres": 59.8,
        "pct_homens": 40.2,
        "pct_genero_nao_informado": 0.1,
        "pct_jovens_16_24": 19.5,
        "pct_adultos_25_59": 61.8,
        "pct_60_mais": 18.7,
        "pct_idade_nao_informado": 0,
        "pct_ate_fundamental": 58,
        "pct_ensino_medio": 37.6,
        "pct_ensino_superior": 4.4,
        "pct_escolaridade_nao_informado": 0
      },
      "geometry": {
        "type": "Point",
        "coordinates": [
          -43.1023535,
          -22.880345
        ]
      }
    },
    {
      "type": "Feature",
      "properties": {
        "ano": 2010,
        "nr_local": "1597",
        "nm_local": "COLÉGIO PONTO DE ENSINO",
        "bairro": "ICARAÍ",
        "total_eleitores": 2126,
        "pct_mulheres": 56.3,
        "pct_homens": 43.5,
        "pct_genero_nao_informado": 0.2,
        "pct_jovens_16_24": 11.4,
        "pct_adultos_25_59": 61.6,
        "pct_60_mais": 27,
        "pct_idade_nao_informado": 0,
        "pct_ate_fundamental": 16.8,
        "pct_ensino_medio": 40,
        "pct_ensino_superior": 42.7,
        "pct_escolaridade_nao_informado": 0.5
      },
      "geometry": {
        "type": "Point",
        "coordinates": [
          -43.1095209,
          -22.9092421
        ]
      }
    },
    {
      "type": "Feature",
      "properties": {
        "ano": 2010,
        "nr_local": "1600",
        "nm_local": "INSTITUTO DE EDUCAÇÃO PROFESSOR ISMAEL COUTINHO - IEPIC",
        "bairro": "SÃO DOMINGOS",
        "total_eleitores": 2936,
        "pct_mulheres": 57.7,
        "pct_homens": 42.2,
        "pct_genero_nao_informado": 0.1,
        "pct_jovens_16_24": 14.5,
        "pct_adultos_25_59": 61.4,
        "pct_60_mais": 24.1,
        "pct_idade_nao_informado": 0,
        "pct_ate_fundamental": 19.9,
        "pct_ensino_medio": 42.5,
        "pct_ensino_superior": 37.3,
        "pct_escolaridade_nao_informado": 0.3
      },
      "geometry": {
        "type": "Point",
        "coordinates": [
          -43.1271052,
          -22.8989767
        ]
      }
    },
    {
      "type": "Feature",
      "properties": {
        "ano": 2010,
        "nr_local": "1635",
        "nm_local": "ESCOLA MUNICIPAL DOM JOSÉ PEREIRA ALVES",
        "bairro": "FONSECA",
        "total_eleitores": 4069,
        "pct_mulheres": 56.9,
        "pct_homens": 43.1,
        "pct_genero_nao_informado": 0,
        "pct_jovens_16_24": 11,
        "pct_adultos_25_59": 67.8,
        "pct_60_mais": 21.2,
        "pct_idade_nao_informado": 0,
        "pct_ate_fundamental": 23.4,
        "pct_ensino_medio": 38.6,
        "pct_ensino_superior": 37.7,
        "pct_escolaridade_nao_informado": 0.2
      },
      "geometry": {
        "type": "Point",
        "coordinates": [
          -43.0920686,
          -22.8783038
        ]
      }
    },
    {
      "type": "Feature",
      "properties": {
        "ano": 2010,
        "nr_local": "1643",
        "nm_local": "CENTRO MODERNO ALZIRA BITTENCOURT",
        "bairro": "ICARAÍ",
        "total_eleitores": 1834,
        "pct_mulheres": 56.1,
        "pct_homens": 43.8,
        "pct_genero_nao_informado": 0.1,
        "pct_jovens_16_24": 12.4,
        "pct_adultos_25_59": 68.8,
        "pct_60_mais": 18.8,
        "pct_idade_nao_informado": 0,
        "pct_ate_fundamental": 11.3,
        "pct_ensino_medio": 41.5,
        "pct_ensino_superior": 46.7,
        "pct_escolaridade_nao_informado": 0.4
      },
      "geometry": {
        "type": "Point",
        "coordinates": [
          -43.110746,
          -22.9012326
        ]
      }
    },
    {
      "type": "Feature",
      "properties": {
        "ano": 2010,
        "nr_local": "1660",
        "nm_local": "CLUBE CENTRAL",
        "bairro": "ICARAÍ",
        "total_eleitores": 489,
        "pct_mulheres": 57.7,
        "pct_homens": 41.7,
        "pct_genero_nao_informado": 0.6,
        "pct_jovens_16_24": 5.3,
        "pct_adultos_25_59": 48.3,
        "pct_60_mais": 46.4,
        "pct_idade_nao_informado": 0,
        "pct_ate_fundamental": 25.8,
        "pct_ensino_medio": 29.9,
        "pct_ensino_superior": 43.8,
        "pct_escolaridade_nao_informado": 0.6
      },
      "geometry": {
        "type": "Point",
        "coordinates": [
          -43.111789,
          -22.9075784
        ]
      }
    },
    {
      "type": "Feature",
      "properties": {
        "ano": 2010,
        "nr_local": "1716",
        "nm_local": "ESCOLA VIVINFÂNCIA",
        "bairro": "ICARAÍ",
        "total_eleitores": 1999,
        "pct_mulheres": 54.6,
        "pct_homens": 45.3,
        "pct_genero_nao_informado": 0.1,
        "pct_jovens_16_24": 8.2,
        "pct_adultos_25_59": 65.8,
        "pct_60_mais": 26,
        "pct_idade_nao_informado": 0,
        "pct_ate_fundamental": 16.8,
        "pct_ensino_medio": 38.3,
        "pct_ensino_superior": 44.7,
        "pct_escolaridade_nao_informado": 0.3
      },
      "geometry": {
        "type": "Point",
        "coordinates": [
          -43.1056898,
          -22.9079727
        ]
      }
    },
    {
      "type": "Feature",
      "properties": {
        "ano": 2010,
        "nr_local": "1732",
        "nm_local": "CLUBE NAVAL",
        "bairro": "JURUJUBA",
        "total_eleitores": 993,
        "pct_mulheres": 55.6,
        "pct_homens": 44.3,
        "pct_genero_nao_informado": 0.1,
        "pct_jovens_16_24": 10.5,
        "pct_adultos_25_59": 62.6,
        "pct_60_mais": 26.9,
        "pct_idade_nao_informado": 0,
        "pct_ate_fundamental": 30.6,
        "pct_ensino_medio": 40,
        "pct_ensino_superior": 29.1,
        "pct_escolaridade_nao_informado": 0.3
      },
      "geometry": {
        "type": "Point",
        "coordinates": [
          -43.1068139,
          -22.935737
        ]
      }
    },
    {
      "type": "Feature",
      "properties": {
        "ano": 2012,
        "nr_local": "1015",
        "nm_local": "INSTITUTO JCA",
        "bairro": "SANTA BARBARA",
        "total_eleitores": 12327,
        "pct_mulheres": 55,
        "pct_homens": 45,
        "pct_genero_nao_informado": 0,
        "pct_jovens_16_24": 10,
        "pct_adultos_25_59": 67.7,
        "pct_60_mais": 22.3,
        "pct_idade_nao_informado": 0,
        "pct_ate_fundamental": 30.8,
        "pct_ensino_medio": 42.6,
        "pct_ensino_superior": 26.5,
        "pct_escolaridade_nao_informado": 0.1
      },
      "geometry": {
        "type": "Point",
        "coordinates": [
          -43.0585179,
          -22.882301
        ]
      }
    },
    {
      "type": "Feature",
      "properties": {
        "ano": 2012,
        "nr_local": "1023",
        "nm_local": "PAROQUIA DE SAO JOAO BATISTA",
        "bairro": "TENENTE JARDIM",
        "total_eleitores": 5621,
        "pct_mulheres": 54.5,
        "pct_homens": 45.3,
        "pct_genero_nao_informado": 0.1,
        "pct_jovens_16_24": 9.5,
        "pct_adultos_25_59": 65.8,
        "pct_60_mais": 24.7,
        "pct_idade_nao_informado": 0,
        "pct_ate_fundamental": 30.7,
        "pct_ensino_medio": 41.7,
        "pct_ensino_superior": 27.4,
        "pct_escolaridade_nao_informado": 0.2
      },
      "geometry": {
        "type": "Point",
        "coordinates": [
          -43.0827273,
          -22.8639855
        ]
      }
    },
    {
      "type": "Feature",
      "properties": {
        "ano": 2012,
        "nr_local": "1031",
        "nm_local": "(PRÉDIO NOVO) COLÉGIO PEDRO II UNIDADE NITERÓI",
        "bairro": "BARRETO",
        "total_eleitores": 14123,
        "pct_mulheres": 54,
        "pct_homens": 45.8,
        "pct_genero_nao_informado": 0.1,
        "pct_jovens_16_24": 11.7,
        "pct_adultos_25_59": 67.1,
        "pct_60_mais": 21.2,
        "pct_idade_nao_informado": 0,
        "pct_ate_fundamental": 40.1,
        "pct_ensino_medio": 42.2,
        "pct_ensino_superior": 17.7,
        "pct_escolaridade_nao_informado": 0.1
      },
      "geometry": {
        "type": "Point",
        "coordinates": [
          -43.1037833,
          -22.8685685
        ]
      }
    },
    {
      "type": "Feature",
      "properties": {
        "ano": 2012,
        "nr_local": "1040",
        "nm_local": "CIEP 447 - CARAMUJO",
        "bairro": "CARAMUJO",
        "total_eleitores": 12509,
        "pct_mulheres": 54.5,
        "pct_homens": 45.5,
        "pct_genero_nao_informado": 0,
        "pct_jovens_16_24": 17.5,
        "pct_adultos_25_59": 67.7,
        "pct_60_mais": 14.8,
        "pct_idade_nao_informado": 0,
        "pct_ate_fundamental": 52.7,
        "pct_ensino_medio": 40.5,
        "pct_ensino_superior": 6.9,
        "pct_escolaridade_nao_informado": 0
      },
      "geometry": {
        "type": "Point",
        "coordinates": [
          -43.065134,
          -22.8827294
        ]
      }
    },
    {
      "type": "Feature",
      "properties": {
        "ano": 2012,
        "nr_local": "1058",
        "nm_local": "INSTITUTO SÃO BENTO DE NITEROI",
        "bairro": null,
        "total_eleitores": 7606,
        "pct_mulheres": 57.1,
        "pct_homens": 42.8,
        "pct_genero_nao_informado": 0.1,
        "pct_jovens_16_24": 12.2,
        "pct_adultos_25_59": 65.4,
        "pct_60_mais": 22.4,
        "pct_idade_nao_informado": 0,
        "pct_ate_fundamental": 18.7,
        "pct_ensino_medio": 48.9,
        "pct_ensino_superior": 32.2,
        "pct_escolaridade_nao_informado": 0.2
      },
      "geometry": {
        "type": "Point",
        "coordinates": [
          -43.0985232,
          -22.8970069
        ]
      }
    },
    {
      "type": "Feature",
      "properties": {
        "ano": 2012,
        "nr_local": "1066",
        "nm_local": "ITACOATIARA PAMPO CLUBE",
        "bairro": "ITACOATIARA",
        "total_eleitores": 4609,
        "pct_mulheres": 52.2,
        "pct_homens": 47.8,
        "pct_genero_nao_informado": 0,
        "pct_jovens_16_24": 12,
        "pct_adultos_25_59": 67.7,
        "pct_60_mais": 20.3,
        "pct_idade_nao_informado": 0,
        "pct_ate_fundamental": 15.9,
        "pct_ensino_medio": 47,
        "pct_ensino_superior": 37.1,
        "pct_escolaridade_nao_informado": 0.1
      },
      "geometry": {
        "type": "Point",
        "coordinates": [
          -43.0332117,
          -22.9646939
        ]
      }
    },
    {
      "type": "Feature",
      "properties": {
        "ano": 2012,
        "nr_local": "1074",
        "nm_local": "COLEGIO ESTADUAL PAULO ASSIS RIBEIRO",
        "bairro": "BADU",
        "total_eleitores": 15439,
        "pct_mulheres": 53.3,
        "pct_homens": 46.7,
        "pct_genero_nao_informado": 0,
        "pct_jovens_16_24": 16.9,
        "pct_adultos_25_59": 67.7,
        "pct_60_mais": 15.4,
        "pct_idade_nao_informado": 0,
        "pct_ate_fundamental": 36.7,
        "pct_ensino_medio": 45,
        "pct_ensino_superior": 18.3,
        "pct_escolaridade_nao_informado": 0
      },
      "geometry": {
        "type": "Point",
        "coordinates": [
          -43.0573891,
          -22.9068537
        ]
      }
    },
    {
      "type": "Feature",
      "properties": {
        "ano": 2012,
        "nr_local": "1082",
        "nm_local": "UMEI DR PAULO CESAR DE ALMEIDA PIMENTEL",
        "bairro": "ITAIPU",
        "total_eleitores": 16197,
        "pct_mulheres": 54.9,
        "pct_homens": 45,
        "pct_genero_nao_informado": 0,
        "pct_jovens_16_24": 12.4,
        "pct_adultos_25_59": 66.1,
        "pct_60_mais": 21.5,
        "pct_idade_nao_informado": 0,
        "pct_ate_fundamental": 24.1,
        "pct_ensino_medio": 48,
        "pct_ensino_superior": 27.8,
        "pct_escolaridade_nao_informado": 0.1
      },
      "geometry": {
        "type": "Point",
        "coordinates": [
          -43.0327165,
          -22.9614459
        ]
      }
    },
    {
      "type": "Feature",
      "properties": {
        "ano": 2012,
        "nr_local": "1090",
        "nm_local": "COLÉGIO ESTADUAL PROFESSORA ALCINA RODRIGUES LIMA",
        "bairro": "ITAIPU",
        "total_eleitores": 17268,
        "pct_mulheres": 55.3,
        "pct_homens": 44.6,
        "pct_genero_nao_informado": 0.1,
        "pct_jovens_16_24": 14,
        "pct_adultos_25_59": 64.5,
        "pct_60_mais": 21.5,
        "pct_idade_nao_informado": 0,
        "pct_ate_fundamental": 27.4,
        "pct_ensino_medio": 43.8,
        "pct_ensino_superior": 28.7,
        "pct_escolaridade_nao_informado": 0.2
      },
      "geometry": {
        "type": "Point",
        "coordinates": [
          -43.0285072,
          -22.9528491
        ]
      }
    },
    {
      "type": "Feature",
      "properties": {
        "ano": 2012,
        "nr_local": "1104",
        "nm_local": "ESCOLA MUNICIPAL ALTIVO CESAR",
        "bairro": "BARRETO",
        "total_eleitores": 9074,
        "pct_mulheres": 55.9,
        "pct_homens": 44.1,
        "pct_genero_nao_informado": 0.1,
        "pct_jovens_16_24": 12.5,
        "pct_adultos_25_59": 63.3,
        "pct_60_mais": 24.2,
        "pct_idade_nao_informado": 0,
        "pct_ate_fundamental": 22.5,
        "pct_ensino_medio": 47.3,
        "pct_ensino_superior": 30.1,
        "pct_escolaridade_nao_informado": 0.1
      },
      "geometry": {
        "type": "Point",
        "coordinates": [
          -43.0995714,
          -22.8645343
        ]
      }
    },
    {
      "type": "Feature",
      "properties": {
        "ano": 2012,
        "nr_local": "1112",
        "nm_local": "COLÉGIO SALESIANO REGIÃO OCEÂNICA",
        "bairro": "PIRATININGA",
        "total_eleitores": 16367,
        "pct_mulheres": 55.1,
        "pct_homens": 44.8,
        "pct_genero_nao_informado": 0,
        "pct_jovens_16_24": 12.7,
        "pct_adultos_25_59": 65.3,
        "pct_60_mais": 22,
        "pct_idade_nao_informado": 0,
        "pct_ate_fundamental": 43.7,
        "pct_ensino_medio": 39.2,
        "pct_ensino_superior": 17,
        "pct_escolaridade_nao_informado": 0.1
      },
      "geometry": {
        "type": "Point",
        "coordinates": [
          -43.0618731,
          -22.9393022
        ]
      }
    },
    {
      "type": "Feature",
      "properties": {
        "ano": 2012,
        "nr_local": "1120",
        "nm_local": "COLÉGIO ESTADUAL ALMIRANTE TAMANDARÉ",
        "bairro": "PIRATININGA",
        "total_eleitores": 14302,
        "pct_mulheres": 54.9,
        "pct_homens": 45,
        "pct_genero_nao_informado": 0.1,
        "pct_jovens_16_24": 12.1,
        "pct_adultos_25_59": 63.4,
        "pct_60_mais": 24.4,
        "pct_idade_nao_informado": 0,
        "pct_ate_fundamental": 25.8,
        "pct_ensino_medio": 43.1,
        "pct_ensino_superior": 30.9,
        "pct_escolaridade_nao_informado": 0.2
      },
      "geometry": {
        "type": "Point",
        "coordinates": [
          -43.0916732,
          -22.9512083
        ]
      }
    },
    {
      "type": "Feature",
      "properties": {
        "ano": 2012,
        "nr_local": "1139",
        "nm_local": "ESCOLA MUNICIPAL FRANCISCO PORTUGAL NEVES",
        "bairro": "PIRATININGA",
        "total_eleitores": 8753,
        "pct_mulheres": 55.9,
        "pct_homens": 44,
        "pct_genero_nao_informado": 0.1,
        "pct_jovens_16_24": 10.4,
        "pct_adultos_25_59": 59.7,
        "pct_60_mais": 29.9,
        "pct_idade_nao_informado": 0,
        "pct_ate_fundamental": 31.6,
        "pct_ensino_medio": 37.5,
        "pct_ensino_superior": 30.7,
        "pct_escolaridade_nao_informado": 0.1
      },
      "geometry": {
        "type": "Point",
        "coordinates": [
          -43.056665,
          -22.942363
        ]
      }
    },
    {
      "type": "Feature",
      "properties": {
        "ano": 2012,
        "nr_local": "1147",
        "nm_local": "ESCOLA MUNICIPAL VERA LUCIA MACHADO",
        "bairro": "BADU",
        "total_eleitores": 5561,
        "pct_mulheres": 55.2,
        "pct_homens": 44.7,
        "pct_genero_nao_informado": 0.1,
        "pct_jovens_16_24": 14.4,
        "pct_adultos_25_59": 70.1,
        "pct_60_mais": 15.4,
        "pct_idade_nao_informado": 0,
        "pct_ate_fundamental": 46.5,
        "pct_ensino_medio": 43.4,
        "pct_ensino_superior": 10.1,
        "pct_escolaridade_nao_informado": 0
      },
      "geometry": {
        "type": "Point",
        "coordinates": [
          -43.0500355,
          -22.9045
        ]
      }
    },
    {
      "type": "Feature",
      "properties": {
        "ano": 2012,
        "nr_local": "1155",
        "nm_local": "COLÉGIO ITAPUCA",
        "bairro": "PIRATININGA",
        "total_eleitores": 8094,
        "pct_mulheres": 57,
        "pct_homens": 42.9,
        "pct_genero_nao_informado": 0.1,
        "pct_jovens_16_24": 11.7,
        "pct_adultos_25_59": 62,
        "pct_60_mais": 26.3,
        "pct_idade_nao_informado": 0,
        "pct_ate_fundamental": 18.6,
        "pct_ensino_medio": 43.9,
        "pct_ensino_superior": 37.3,
        "pct_escolaridade_nao_informado": 0.2
      },
      "geometry": {
        "type": "Point",
        "coordinates": [
          -43.0593249,
          -22.9437854
        ]
      }
    },
    {
      "type": "Feature",
      "properties": {
        "ano": 2012,
        "nr_local": "1163",
        "nm_local": "COLÉGIO ESTADUAL CONSELHEIRO MACEDO SOARES",
        "bairro": "BARRETO",
        "total_eleitores": 12960,
        "pct_mulheres": 55.6,
        "pct_homens": 44.3,
        "pct_genero_nao_informado": 0.1,
        "pct_jovens_16_24": 11.8,
        "pct_adultos_25_59": 62.8,
        "pct_60_mais": 25.4,
        "pct_idade_nao_informado": 0,
        "pct_ate_fundamental": 32.8,
        "pct_ensino_medio": 46.7,
        "pct_ensino_superior": 20.4,
        "pct_escolaridade_nao_informado": 0.1
      },
      "geometry": {
        "type": "Point",
        "coordinates": [
          -43.0924035,
          -22.8622231
        ]
      }
    },
    {
      "type": "Feature",
      "properties": {
        "ano": 2012,
        "nr_local": "1171",
        "nm_local": "ESCOLA MUNICIPAL ANTONIO COUTINHO DE AZEVEDO",
        "bairro": "SANTA BARBARA",
        "total_eleitores": 8377,
        "pct_mulheres": 54.6,
        "pct_homens": 45.4,
        "pct_genero_nao_informado": 0,
        "pct_jovens_16_24": 11.8,
        "pct_adultos_25_59": 68.6,
        "pct_60_mais": 19.6,
        "pct_idade_nao_informado": 0,
        "pct_ate_fundamental": 44.2,
        "pct_ensino_medio": 45.6,
        "pct_ensino_superior": 10.2,
        "pct_escolaridade_nao_informado": 0
      },
      "geometry": {
        "type": "Point",
        "coordinates": [
          -43.04869,
          -22.8756043
        ]
      }
    },
    {
      "type": "Feature",
      "properties": {
        "ano": 2012,
        "nr_local": "1180",
        "nm_local": "ESCOLA MUNICIPAL RACHIDE DA GLORIA SALIM SAKER",
        "bairro": "SANTA BARBARA",
        "total_eleitores": 8166,
        "pct_mulheres": 53.4,
        "pct_homens": 46.5,
        "pct_genero_nao_informado": 0.1,
        "pct_jovens_16_24": 17.1,
        "pct_adultos_25_59": 64.5,
        "pct_60_mais": 18.4,
        "pct_idade_nao_informado": 0,
        "pct_ate_fundamental": 49.3,
        "pct_ensino_medio": 41.9,
        "pct_ensino_superior": 8.8,
        "pct_escolaridade_nao_informado": 0.1
      },
      "geometry": {
        "type": "Point",
        "coordinates": [
          -43.0488967,
          -22.8766134
        ]
      }
    },
    {
      "type": "Feature",
      "properties": {
        "ano": 2012,
        "nr_local": "1198",
        "nm_local": "CIEP 448 RUY FRAZÃO SOARES",
        "bairro": "ITAIPU",
        "total_eleitores": 8698,
        "pct_mulheres": 53.1,
        "pct_homens": 46.8,
        "pct_genero_nao_informado": 0,
        "pct_jovens_16_24": 18.2,
        "pct_adultos_25_59": 68.5,
        "pct_60_mais": 13.3,
        "pct_idade_nao_informado": 0,
        "pct_ate_fundamental": 42.2,
        "pct_ensino_medio": 43.7,
        "pct_ensino_superior": 14.1,
        "pct_escolaridade_nao_informado": 0
      },
      "geometry": {
        "type": "Point",
        "coordinates": [
          -43.0092644,
          -22.9356576
        ]
      }
    },
    {
      "type": "Feature",
      "properties": {
        "ano": 2012,
        "nr_local": "1201",
        "nm_local": "OFICINAS DO SENAI",
        "bairro": "BARRETO",
        "total_eleitores": 4813,
        "pct_mulheres": 53.6,
        "pct_homens": 46.4,
        "pct_genero_nao_informado": 0.1,
        "pct_jovens_16_24": 10.3,
        "pct_adultos_25_59": 67.8,
        "pct_60_mais": 21.9,
        "pct_idade_nao_informado": 0,
        "pct_ate_fundamental": 27.6,
        "pct_ensino_medio": 44.5,
        "pct_ensino_superior": 27.8,
        "pct_escolaridade_nao_informado": 0.1
      },
      "geometry": {
        "type": "Point",
        "coordinates": [
          -43.1026046,
          -22.8614396
        ]
      }
    },
    {
      "type": "Feature",
      "properties": {
        "ano": 2012,
        "nr_local": "1210",
        "nm_local": "TIO SAM ESPORTE CLUBE",
        "bairro": "BARRETO",
        "total_eleitores": 7196,
        "pct_mulheres": 53.5,
        "pct_homens": 46.3,
        "pct_genero_nao_informado": 0.2,
        "pct_jovens_16_24": 13.7,
        "pct_adultos_25_59": 68.5,
        "pct_60_mais": 17.7,
        "pct_idade_nao_informado": 0,
        "pct_ate_fundamental": 40.1,
        "pct_ensino_medio": 47.8,
        "pct_ensino_superior": 12,
        "pct_escolaridade_nao_informado": 0.2
      },
      "geometry": {
        "type": "Point",
        "coordinates": [
          -43.104502,
          -22.8719306
        ]
      }
    },
    {
      "type": "Feature",
      "properties": {
        "ano": 2012,
        "nr_local": "1236",
        "nm_local": "COLÉGIO ESTADUAL MULLULO DA VEIGA",
        "bairro": "ENGENHOCA",
        "total_eleitores": 11917,
        "pct_mulheres": 54.5,
        "pct_homens": 45.4,
        "pct_genero_nao_informado": 0.1,
        "pct_jovens_16_24": 10.3,
        "pct_adultos_25_59": 68.3,
        "pct_60_mais": 21.4,
        "pct_idade_nao_informado": 0,
        "pct_ate_fundamental": 42.3,
        "pct_ensino_medio": 46.1,
        "pct_ensino_superior": 11.5,
        "pct_escolaridade_nao_informado": 0
      },
      "geometry": {
        "type": "Point",
        "coordinates": [
          -43.0988892,
          -22.8708282
        ]
      }
    },
    {
      "type": "Feature",
      "properties": {
        "ano": 2012,
        "nr_local": "1244",
        "nm_local": "ESCOLA ESTADUAL MANUEL DE ABREU",
        "bairro": "ICARAÍ",
        "total_eleitores": 10437,
        "pct_mulheres": 56.4,
        "pct_homens": 43.5,
        "pct_genero_nao_informado": 0.1,
        "pct_jovens_16_24": 11.4,
        "pct_adultos_25_59": 66.7,
        "pct_60_mais": 21.8,
        "pct_idade_nao_informado": 0,
        "pct_ate_fundamental": 19.1,
        "pct_ensino_medio": 43,
        "pct_ensino_superior": 37.7,
        "pct_escolaridade_nao_informado": 0.2
      },
      "geometry": {
        "type": "Point",
        "coordinates": [
          -43.1071569,
          -22.9023086
        ]
      }
    },
    {
      "type": "Feature",
      "properties": {
        "ano": 2012,
        "nr_local": "1252",
        "nm_local": "ESCOLA MUNICIPAL ADELINO MAGALHÃES",
        "bairro": "ENGENHOCA",
        "total_eleitores": 7835,
        "pct_mulheres": 54.3,
        "pct_homens": 45.6,
        "pct_genero_nao_informado": 0.1,
        "pct_jovens_16_24": 14.2,
        "pct_adultos_25_59": 66.5,
        "pct_60_mais": 19.3,
        "pct_idade_nao_informado": 0,
        "pct_ate_fundamental": 48.3,
        "pct_ensino_medio": 37.3,
        "pct_ensino_superior": 14.4,
        "pct_escolaridade_nao_informado": 0.1
      },
      "geometry": {
        "type": "Point",
        "coordinates": [
          -43.0944571,
          -22.8739038
        ]
      }
    },
    {
      "type": "Feature",
      "properties": {
        "ano": 2012,
        "nr_local": "1260",
        "nm_local": "INSTITUTO ABEL",
        "bairro": "ICARAÍ",
        "total_eleitores": 8070,
        "pct_mulheres": 54.8,
        "pct_homens": 45.1,
        "pct_genero_nao_informado": 0.1,
        "pct_jovens_16_24": 13.9,
        "pct_adultos_25_59": 65.9,
        "pct_60_mais": 20.2,
        "pct_idade_nao_informado": 0,
        "pct_ate_fundamental": 11.4,
        "pct_ensino_medio": 47.7,
        "pct_ensino_superior": 40.8,
        "pct_escolaridade_nao_informado": 0.1
      },
      "geometry": {
        "type": "Point",
        "coordinates": [
          -43.1094942,
          -22.9004168
        ]
      }
    },
    {
      "type": "Feature",
      "properties": {
        "ano": 2012,
        "nr_local": "1279",
        "nm_local": "INSTITUTO FOKUS (ANTIGO INTERAÇÃO CRECHE ESCOLA)",
        "bairro": "CAMBOINHAS",
        "total_eleitores": 3133,
        "pct_mulheres": 57.4,
        "pct_homens": 42.5,
        "pct_genero_nao_informado": 0.1,
        "pct_jovens_16_24": 18.5,
        "pct_adultos_25_59": 61.3,
        "pct_60_mais": 20.2,
        "pct_idade_nao_informado": 0,
        "pct_ate_fundamental": 21.5,
        "pct_ensino_medio": 42,
        "pct_ensino_superior": 36.4,
        "pct_escolaridade_nao_informado": 0.1
      },
      "geometry": {
        "type": "Point",
        "coordinates": [
          -43.062822,
          -22.9542456
        ]
      }
    },
    {
      "type": "Feature",
      "properties": {
        "ano": 2012,
        "nr_local": "1287",
        "nm_local": "ESCOLA MUNICIPAL PROF MARCOS WALDEMAR DE FREITAS REIS",
        "bairro": "ITAIPU",
        "total_eleitores": 367,
        "pct_mulheres": 49,
        "pct_homens": 51,
        "pct_genero_nao_informado": 0,
        "pct_jovens_16_24": 40.9,
        "pct_adultos_25_59": 54.5,
        "pct_60_mais": 4.6,
        "pct_idade_nao_informado": 0,
        "pct_ate_fundamental": 8.7,
        "pct_ensino_medio": 44.1,
        "pct_ensino_superior": 47.1,
        "pct_escolaridade_nao_informado": 0
      },
      "geometry": {
        "type": "Point",
        "coordinates": [
          -43.0330724,
          -22.9615628
        ]
      }
    },
    {
      "type": "Feature",
      "properties": {
        "ano": 2012,
        "nr_local": "1295",
        "nm_local": "UMEI PROFA ODETE ROSA DA MOTA",
        "bairro": "ITAIPU",
        "total_eleitores": 8359,
        "pct_mulheres": 55,
        "pct_homens": 45,
        "pct_genero_nao_informado": 0,
        "pct_jovens_16_24": 14.6,
        "pct_adultos_25_59": 62.9,
        "pct_60_mais": 22.6,
        "pct_idade_nao_informado": 0,
        "pct_ate_fundamental": 26,
        "pct_ensino_medio": 46.4,
        "pct_ensino_superior": 27.6,
        "pct_escolaridade_nao_informado": 0.1
      },
      "geometry": {
        "type": "Point",
        "coordinates": [
          -43.02859,
          -22.9532368
        ]
      }
    },
    {
      "type": "Feature",
      "properties": {
        "ano": 2012,
        "nr_local": "1309",
        "nm_local": "CURSO MARLY CURY",
        "bairro": "SANTA ROSA",
        "total_eleitores": 6705,
        "pct_mulheres": 54.6,
        "pct_homens": 45.3,
        "pct_genero_nao_informado": 0.1,
        "pct_jovens_16_24": 11.9,
        "pct_adultos_25_59": 69.1,
        "pct_60_mais": 19,
        "pct_idade_nao_informado": 0,
        "pct_ate_fundamental": 29.9,
        "pct_ensino_medio": 46.2,
        "pct_ensino_superior": 23.8,
        "pct_escolaridade_nao_informado": 0.1
      },
      "geometry": {
        "type": "Point",
        "coordinates": [
          -43.1019227,
          -22.9054777
        ]
      }
    },
    {
      "type": "Feature",
      "properties": {
        "ano": 2012,
        "nr_local": "1317",
        "nm_local": "ESCOLA ESTADUAL BALTAZAR BERNARDINO",
        "bairro": "SANTA ROSA",
        "total_eleitores": 4480,
        "pct_mulheres": 56.1,
        "pct_homens": 43.9,
        "pct_genero_nao_informado": 0,
        "pct_jovens_16_24": 13.5,
        "pct_adultos_25_59": 65.8,
        "pct_60_mais": 20.6,
        "pct_idade_nao_informado": 0,
        "pct_ate_fundamental": 24.6,
        "pct_ensino_medio": 48.2,
        "pct_ensino_superior": 27.2,
        "pct_escolaridade_nao_informado": 0
      },
      "geometry": {
        "type": "Point",
        "coordinates": [
          -43.1012931,
          -22.9032359
        ]
      }
    },
    {
      "type": "Feature",
      "properties": {
        "ano": 2012,
        "nr_local": "1325",
        "nm_local": "ESCOLA MUNICIPAL SÍTIO DO IPÊ",
        "bairro": "MARIA PAULA",
        "total_eleitores": 7987,
        "pct_mulheres": 55.8,
        "pct_homens": 44.1,
        "pct_genero_nao_informado": 0.1,
        "pct_jovens_16_24": 15.3,
        "pct_adultos_25_59": 64.6,
        "pct_60_mais": 20,
        "pct_idade_nao_informado": 0,
        "pct_ate_fundamental": 43,
        "pct_ensino_medio": 43.9,
        "pct_ensino_superior": 12.9,
        "pct_escolaridade_nao_informado": 0.1
      },
      "geometry": {
        "type": "Point",
        "coordinates": [
          -43.0267087,
          -22.8821134
        ]
      }
    },
    {
      "type": "Feature",
      "properties": {
        "ano": 2012,
        "nr_local": "1333",
        "nm_local": "ESCOLA ME NINAR",
        "bairro": "ITAIPU",
        "total_eleitores": 8077,
        "pct_mulheres": 56.9,
        "pct_homens": 43,
        "pct_genero_nao_informado": 0,
        "pct_jovens_16_24": 11.2,
        "pct_adultos_25_59": 61.4,
        "pct_60_mais": 27.4,
        "pct_idade_nao_informado": 0,
        "pct_ate_fundamental": 16.6,
        "pct_ensino_medio": 43.9,
        "pct_ensino_superior": 39.3,
        "pct_escolaridade_nao_informado": 0.2
      },
      "geometry": {
        "type": "Point",
        "coordinates": [
          -43.0442198,
          -22.9408099
        ]
      }
    },
    {
      "type": "Feature",
      "properties": {
        "ano": 2012,
        "nr_local": "1350",
        "nm_local": "ESCOLA MUNICIPAL MARALEGRE",
        "bairro": "CAFUBÁ",
        "total_eleitores": 2083,
        "pct_mulheres": 53.6,
        "pct_homens": 46.4,
        "pct_genero_nao_informado": 0,
        "pct_jovens_16_24": 10.3,
        "pct_adultos_25_59": 66.1,
        "pct_60_mais": 23.6,
        "pct_idade_nao_informado": 0,
        "pct_ate_fundamental": 45.3,
        "pct_ensino_medio": 46,
        "pct_ensino_superior": 8.7,
        "pct_escolaridade_nao_informado": 0
      },
      "geometry": {
        "type": "Point",
        "coordinates": [
          -43.0724233,
          -22.9362723
        ]
      }
    },
    {
      "type": "Feature",
      "properties": {
        "ano": 2012,
        "nr_local": "1368",
        "nm_local": "INSTITUTO SÃO JOSÉ",
        "bairro": "SANTA ROSA",
        "total_eleitores": 7636,
        "pct_mulheres": 55.8,
        "pct_homens": 44.1,
        "pct_genero_nao_informado": 0.1,
        "pct_jovens_16_24": 14.5,
        "pct_adultos_25_59": 67.8,
        "pct_60_mais": 17.7,
        "pct_idade_nao_informado": 0,
        "pct_ate_fundamental": 42,
        "pct_ensino_medio": 38.7,
        "pct_ensino_superior": 19.3,
        "pct_escolaridade_nao_informado": 0
      },
      "geometry": {
        "type": "Point",
        "coordinates": [
          -43.1018878,
          -22.901754
        ]
      }
    },
    {
      "type": "Feature",
      "properties": {
        "ano": 2012,
        "nr_local": "1376",
        "nm_local": "UNIVERSIDADE SALGADO DE OLIVEIRA - BL A",
        "bairro": null,
        "total_eleitores": 2748,
        "pct_mulheres": 55.6,
        "pct_homens": 44.3,
        "pct_genero_nao_informado": 0.1,
        "pct_jovens_16_24": 9.9,
        "pct_adultos_25_59": 66.9,
        "pct_60_mais": 23.1,
        "pct_idade_nao_informado": 0,
        "pct_ate_fundamental": 39.8,
        "pct_ensino_medio": 43.2,
        "pct_ensino_superior": 16.9,
        "pct_escolaridade_nao_informado": 0.1
      },
      "geometry": {
        "type": "Point",
        "coordinates": [
          -43.1221924,
          -22.8898672
        ]
      }
    },
    {
      "type": "Feature",
      "properties": {
        "ano": 2012,
        "nr_local": "1384",
        "nm_local": "UMEI OLGA BENÁRIO PRESTES",
        "bairro": "ENGENHO DO MATO",
        "total_eleitores": 3939,
        "pct_mulheres": 54.2,
        "pct_homens": 45.8,
        "pct_genero_nao_informado": 0,
        "pct_jovens_16_24": 16.1,
        "pct_adultos_25_59": 66.3,
        "pct_60_mais": 17.6,
        "pct_idade_nao_informado": 0,
        "pct_ate_fundamental": 32.6,
        "pct_ensino_medio": 50.1,
        "pct_ensino_superior": 17.3,
        "pct_escolaridade_nao_informado": 0
      },
      "geometry": {
        "type": "Point",
        "coordinates": [
          -43.0086653,
          -22.9354086
        ]
      }
    },
    {
      "type": "Feature",
      "properties": {
        "ano": 2012,
        "nr_local": "1392",
        "nm_local": "FACULDADE DE VETERINARIA DA UFF",
        "bairro": "VITAL BRASIL",
        "total_eleitores": 5077,
        "pct_mulheres": 56.1,
        "pct_homens": 43.9,
        "pct_genero_nao_informado": 0,
        "pct_jovens_16_24": 10.5,
        "pct_adultos_25_59": 70.6,
        "pct_60_mais": 18.9,
        "pct_idade_nao_informado": 0,
        "pct_ate_fundamental": 21.3,
        "pct_ensino_medio": 45.7,
        "pct_ensino_superior": 33.1,
        "pct_escolaridade_nao_informado": 0
      },
      "geometry": {
        "type": "Point",
        "coordinates": [
          -43.098407,
          -22.904908
        ]
      }
    },
    {
      "type": "Feature",
      "properties": {
        "ano": 2012,
        "nr_local": "1406",
        "nm_local": "COLÉGIO NITERÓI",
        "bairro": "ENGENHOCA",
        "total_eleitores": 6170,
        "pct_mulheres": 56.3,
        "pct_homens": 43.6,
        "pct_genero_nao_informado": 0,
        "pct_jovens_16_24": 15.7,
        "pct_adultos_25_59": 62.7,
        "pct_60_mais": 21.5,
        "pct_idade_nao_informado": 0,
        "pct_ate_fundamental": 27.4,
        "pct_ensino_medio": 50.9,
        "pct_ensino_superior": 21.7,
        "pct_escolaridade_nao_informado": 0
      },
      "geometry": {
        "type": "Point",
        "coordinates": [
          -43.1018717,
          -22.8706133
        ]
      }
    },
    {
      "type": "Feature",
      "properties": {
        "ano": 2012,
        "nr_local": "1414",
        "nm_local": "UNIVERSIDADE SALGADO DE OLIVEIRA - BL B (PRÓXIMO AO GUANABARA)",
        "bairro": "CENTRO",
        "total_eleitores": 2114,
        "pct_mulheres": 55.3,
        "pct_homens": 44.5,
        "pct_genero_nao_informado": 0.2,
        "pct_jovens_16_24": 10.2,
        "pct_adultos_25_59": 68,
        "pct_60_mais": 21.8,
        "pct_idade_nao_informado": 0,
        "pct_ate_fundamental": 31.9,
        "pct_ensino_medio": 52.1,
        "pct_ensino_superior": 16,
        "pct_escolaridade_nao_informado": 0
      },
      "geometry": {
        "type": "Point",
        "coordinates": [
          -43.1172001,
          -22.8893447
        ]
      }
    },
    {
      "type": "Feature",
      "properties": {
        "ano": 2012,
        "nr_local": "1422",
        "nm_local": "CLUBE PORTUGUES DE NITEROI",
        "bairro": "SÃO DOMINGOS",
        "total_eleitores": 1565,
        "pct_mulheres": 56.5,
        "pct_homens": 43.5,
        "pct_genero_nao_informado": 0,
        "pct_jovens_16_24": 10.5,
        "pct_adultos_25_59": 67.5,
        "pct_60_mais": 22,
        "pct_idade_nao_informado": 0,
        "pct_ate_fundamental": 46.9,
        "pct_ensino_medio": 45.2,
        "pct_ensino_superior": 7.9,
        "pct_escolaridade_nao_informado": 0
      },
      "geometry": {
        "type": "Point",
        "coordinates": [
          -43.1274594,
          -22.9021482
        ]
      }
    },
    {
      "type": "Feature",
      "properties": {
        "ano": 2012,
        "nr_local": "1449",
        "nm_local": "CIEP 450 - BADU",
        "bairro": "BADU",
        "total_eleitores": 7046,
        "pct_mulheres": 54,
        "pct_homens": 45.8,
        "pct_genero_nao_informado": 0.1,
        "pct_jovens_16_24": 12.8,
        "pct_adultos_25_59": 70,
        "pct_60_mais": 17.1,
        "pct_idade_nao_informado": 0,
        "pct_ate_fundamental": 59,
        "pct_ensino_medio": 34.2,
        "pct_ensino_superior": 6.6,
        "pct_escolaridade_nao_informado": 0.2
      },
      "geometry": {
        "type": "Point",
        "coordinates": [
          -43.0566124,
          -22.9071974
        ]
      }
    },
    {
      "type": "Feature",
      "properties": {
        "ano": 2012,
        "nr_local": "1457",
        "nm_local": "ÁGUAS DE NITEROI",
        "bairro": "CENTRO",
        "total_eleitores": 3361,
        "pct_mulheres": 53.3,
        "pct_homens": 46.7,
        "pct_genero_nao_informado": 0,
        "pct_jovens_16_24": 10,
        "pct_adultos_25_59": 74.5,
        "pct_60_mais": 15.5,
        "pct_idade_nao_informado": 0,
        "pct_ate_fundamental": 61.2,
        "pct_ensino_medio": 36.2,
        "pct_ensino_superior": 2.6,
        "pct_escolaridade_nao_informado": 0
      },
      "geometry": {
        "type": "Point",
        "coordinates": [
          -43.1141378,
          -22.8915411
        ]
      }
    },
    {
      "type": "Feature",
      "properties": {
        "ano": 2012,
        "nr_local": "1465",
        "nm_local": "CENTRO UNIVERSITÁRIO ANHANGUERA (ANTIGO PLÍNIO LEITE)",
        "bairro": "CENTRO",
        "total_eleitores": 2696,
        "pct_mulheres": 53.7,
        "pct_homens": 46.2,
        "pct_genero_nao_informado": 0.1,
        "pct_jovens_16_24": 15.4,
        "pct_adultos_25_59": 66.6,
        "pct_60_mais": 17.9,
        "pct_idade_nao_informado": 0,
        "pct_ate_fundamental": 50.1,
        "pct_ensino_medio": 45.5,
        "pct_ensino_superior": 4.5,
        "pct_escolaridade_nao_informado": 0
      },
      "geometry": {
        "type": "Point",
        "coordinates": [
          -43.1245632,
          -22.8869267
        ]
      }
    },
    {
      "type": "Feature",
      "properties": {
        "ano": 2012,
        "nr_local": "1473",
        "nm_local": "COLÉGIO FORUM CULTURAL",
        "bairro": "CANTAGALO",
        "total_eleitores": 6817,
        "pct_mulheres": 53.4,
        "pct_homens": 46.6,
        "pct_genero_nao_informado": 0,
        "pct_jovens_16_24": 14.7,
        "pct_adultos_25_59": 72.1,
        "pct_60_mais": 13.2,
        "pct_idade_nao_informado": 0,
        "pct_ate_fundamental": 50.2,
        "pct_ensino_medio": 43,
        "pct_ensino_superior": 6.8,
        "pct_escolaridade_nao_informado": 0
      },
      "geometry": {
        "type": "Point",
        "coordinates": [
          -43.0490094,
          -22.9163184
        ]
      }
    },
    {
      "type": "Feature",
      "properties": {
        "ano": 2012,
        "nr_local": "1481",
        "nm_local": "ESCOLA MUNICIPAL MAESTRO HEITOR VILLA-LOBOS (''COLÉGIO NOVO'')",
        "bairro": "ILHA DA CONCEIÇÃO",
        "total_eleitores": 2722,
        "pct_mulheres": 51.6,
        "pct_homens": 48.2,
        "pct_genero_nao_informado": 0.2,
        "pct_jovens_16_24": 13.8,
        "pct_adultos_25_59": 68,
        "pct_60_mais": 18.1,
        "pct_idade_nao_informado": 0,
        "pct_ate_fundamental": 58.3,
        "pct_ensino_medio": 38.6,
        "pct_ensino_superior": 3.1,
        "pct_escolaridade_nao_informado": 0
      },
      "geometry": {
        "type": "Point",
        "coordinates": [
          -43.1156463,
          -22.8731482
        ]
      }
    },
    {
      "type": "Feature",
      "properties": {
        "ano": 2012,
        "nr_local": "1490",
        "nm_local": "IGREJA BATISTA DO FONSECA",
        "bairro": "FONSECA",
        "total_eleitores": 2275,
        "pct_mulheres": 53.7,
        "pct_homens": 46.2,
        "pct_genero_nao_informado": 0,
        "pct_jovens_16_24": 20.9,
        "pct_adultos_25_59": 67.2,
        "pct_60_mais": 11.9,
        "pct_idade_nao_informado": 0,
        "pct_ate_fundamental": 44.4,
        "pct_ensino_medio": 46.3,
        "pct_ensino_superior": 9.3,
        "pct_escolaridade_nao_informado": 0
      },
      "geometry": {
        "type": "Point",
        "coordinates": [
          -43.0865383,
          -22.8810878
        ]
      }
    },
    {
      "type": "Feature",
      "properties": {
        "ano": 2012,
        "nr_local": "1503",
        "nm_local": "SERVICO DE ASSISTENCIA SOCIAL SAO DOMINGOS SAVIO",
        "bairro": "SANTA ROSA",
        "total_eleitores": 1949,
        "pct_mulheres": 56.4,
        "pct_homens": 43.6,
        "pct_genero_nao_informado": 0,
        "pct_jovens_16_24": 12.1,
        "pct_adultos_25_59": 65.7,
        "pct_60_mais": 22.2,
        "pct_idade_nao_informado": 0,
        "pct_ate_fundamental": 26,
        "pct_ensino_medio": 51.9,
        "pct_ensino_superior": 22.1,
        "pct_escolaridade_nao_informado": 0
      },
      "geometry": {
        "type": "Point",
        "coordinates": [
          -43.0928214,
          -22.8988024
        ]
      }
    },
    {
      "type": "Feature",
      "properties": {
        "ano": 2012,
        "nr_local": "1520",
        "nm_local": "ESCOLA MUNICIPAL LEVI CARNEIRO",
        "bairro": "SAPÊ",
        "total_eleitores": 960,
        "pct_mulheres": 49.9,
        "pct_homens": 50,
        "pct_genero_nao_informado": 0.1,
        "pct_jovens_16_24": 9,
        "pct_adultos_25_59": 69.1,
        "pct_60_mais": 22,
        "pct_idade_nao_informado": 0,
        "pct_ate_fundamental": 32.4,
        "pct_ensino_medio": 50.3,
        "pct_ensino_superior": 17.3,
        "pct_escolaridade_nao_informado": 0
      },
      "geometry": {
        "type": "Point",
        "coordinates": [
          -43.0583864,
          -22.8961721
        ]
      }
    },
    {
      "type": "Feature",
      "properties": {
        "ano": 2012,
        "nr_local": "1538",
        "nm_local": "ESCOLA CATAVENTO ESPAÇO DE EDUCAÇÃO",
        "bairro": "SAPÊ",
        "total_eleitores": 2506,
        "pct_mulheres": 56.4,
        "pct_homens": 43.5,
        "pct_genero_nao_informado": 0,
        "pct_jovens_16_24": 12.5,
        "pct_adultos_25_59": 63,
        "pct_60_mais": 24.5,
        "pct_idade_nao_informado": 0,
        "pct_ate_fundamental": 23.9,
        "pct_ensino_medio": 47.6,
        "pct_ensino_superior": 28.2,
        "pct_escolaridade_nao_informado": 0.3
      },
      "geometry": {
        "type": "Point",
        "coordinates": [
          -43.0635188,
          -22.9024713
        ]
      }
    },
    {
      "type": "Feature",
      "properties": {
        "ano": 2012,
        "nr_local": "1546",
        "nm_local": "UNIVERSIDADE SALGADO DE OLIVEIRA - BL A",
        "bairro": "CENTRO",
        "total_eleitores": 1778,
        "pct_mulheres": 54.9,
        "pct_homens": 45.1,
        "pct_genero_nao_informado": 0,
        "pct_jovens_16_24": 14.2,
        "pct_adultos_25_59": 66.4,
        "pct_60_mais": 19.4,
        "pct_idade_nao_informado": 0,
        "pct_ate_fundamental": 22.2,
        "pct_ensino_medio": 41.6,
        "pct_ensino_superior": 36,
        "pct_escolaridade_nao_informado": 0.2
      },
      "geometry": {
        "type": "Point",
        "coordinates": [
          -43.1186087,
          -22.8894749
        ]
      }
    },
    {
      "type": "Feature",
      "properties": {
        "ano": 2012,
        "nr_local": "1554",
        "nm_local": "JARDIM ESCOLA GIRASSÓIS",
        "bairro": "LARGO DA BATALHA",
        "total_eleitores": 1891,
        "pct_mulheres": 54.9,
        "pct_homens": 44.9,
        "pct_genero_nao_informado": 0.2,
        "pct_jovens_16_24": 11,
        "pct_adultos_25_59": 66,
        "pct_60_mais": 23,
        "pct_idade_nao_informado": 0,
        "pct_ate_fundamental": 37.1,
        "pct_ensino_medio": 47.6,
        "pct_ensino_superior": 15.2,
        "pct_escolaridade_nao_informado": 0.1
      },
      "geometry": {
        "type": "Point",
        "coordinates": [
          -43.0652722,
          -22.9077414
        ]
      }
    },
    {
      "type": "Feature",
      "properties": {
        "ano": 2012,
        "nr_local": "1589",
        "nm_local": "COLÉGIO NOSSA SENHORA DAS MERCÊS",
        "bairro": "FONSECA",
        "total_eleitores": 1818,
        "pct_mulheres": 58.8,
        "pct_homens": 41.1,
        "pct_genero_nao_informado": 0.1,
        "pct_jovens_16_24": 19.8,
        "pct_adultos_25_59": 60,
        "pct_60_mais": 20.2,
        "pct_idade_nao_informado": 0,
        "pct_ate_fundamental": 55.4,
        "pct_ensino_medio": 39.9,
        "pct_ensino_superior": 4.6,
        "pct_escolaridade_nao_informado": 0
      },
      "geometry": {
        "type": "Point",
        "coordinates": [
          -43.1023535,
          -22.880345
        ]
      }
    },
    {
      "type": "Feature",
      "properties": {
        "ano": 2012,
        "nr_local": "1597",
        "nm_local": "COLÉGIO PONTO DE ENSINO",
        "bairro": "ICARAÍ",
        "total_eleitores": 2134,
        "pct_mulheres": 56.3,
        "pct_homens": 43.5,
        "pct_genero_nao_informado": 0.2,
        "pct_jovens_16_24": 9.9,
        "pct_adultos_25_59": 59.6,
        "pct_60_mais": 30.5,
        "pct_idade_nao_informado": 0,
        "pct_ate_fundamental": 16,
        "pct_ensino_medio": 40.7,
        "pct_ensino_superior": 42.8,
        "pct_escolaridade_nao_informado": 0.5
      },
      "geometry": {
        "type": "Point",
        "coordinates": [
          -43.1095209,
          -22.9092421
        ]
      }
    },
    {
      "type": "Feature",
      "properties": {
        "ano": 2012,
        "nr_local": "1600",
        "nm_local": "INSTITUTO DE EDUCAÇÃO PROFESSOR ISMAEL COUTINHO - IEPIC",
        "bairro": "SÃO DOMINGOS",
        "total_eleitores": 3011,
        "pct_mulheres": 57.4,
        "pct_homens": 42.5,
        "pct_genero_nao_informado": 0.1,
        "pct_jovens_16_24": 12.8,
        "pct_adultos_25_59": 62.2,
        "pct_60_mais": 25,
        "pct_idade_nao_informado": 0,
        "pct_ate_fundamental": 19.8,
        "pct_ensino_medio": 42.8,
        "pct_ensino_superior": 37.1,
        "pct_escolaridade_nao_informado": 0.3
      },
      "geometry": {
        "type": "Point",
        "coordinates": [
          -43.1271052,
          -22.8989767
        ]
      }
    },
    {
      "type": "Feature",
      "properties": {
        "ano": 2012,
        "nr_local": "1635",
        "nm_local": "ESCOLA MUNICIPAL DOM JOSÉ PEREIRA ALVES",
        "bairro": "FONSECA",
        "total_eleitores": 4187,
        "pct_mulheres": 57.1,
        "pct_homens": 42.9,
        "pct_genero_nao_informado": 0,
        "pct_jovens_16_24": 10,
        "pct_adultos_25_59": 67.3,
        "pct_60_mais": 22.7,
        "pct_idade_nao_informado": 0,
        "pct_ate_fundamental": 22.1,
        "pct_ensino_medio": 38.4,
        "pct_ensino_superior": 39.2,
        "pct_escolaridade_nao_informado": 0.2
      },
      "geometry": {
        "type": "Point",
        "coordinates": [
          -43.0920686,
          -22.8783038
        ]
      }
    },
    {
      "type": "Feature",
      "properties": {
        "ano": 2012,
        "nr_local": "1643",
        "nm_local": "CENTRO MODERNO ALZIRA BITTENCOURT",
        "bairro": "ICARAÍ",
        "total_eleitores": 1867,
        "pct_mulheres": 56.2,
        "pct_homens": 43.7,
        "pct_genero_nao_informado": 0.1,
        "pct_jovens_16_24": 10.9,
        "pct_adultos_25_59": 68.2,
        "pct_60_mais": 20.8,
        "pct_idade_nao_informado": 0,
        "pct_ate_fundamental": 11.2,
        "pct_ensino_medio": 40.8,
        "pct_ensino_superior": 47.6,
        "pct_escolaridade_nao_informado": 0.4
      },
      "geometry": {
        "type": "Point",
        "coordinates": [
          -43.110746,
          -22.9012326
        ]
      }
    },
    {
      "type": "Feature",
      "properties": {
        "ano": 2012,
        "nr_local": "1660",
        "nm_local": "CLUBE CENTRAL",
        "bairro": "ICARAÍ",
        "total_eleitores": 850,
        "pct_mulheres": 55.8,
        "pct_homens": 43.9,
        "pct_genero_nao_informado": 0.4,
        "pct_jovens_16_24": 6.4,
        "pct_adultos_25_59": 60.2,
        "pct_60_mais": 33.4,
        "pct_idade_nao_informado": 0,
        "pct_ate_fundamental": 25.8,
        "pct_ensino_medio": 36.2,
        "pct_ensino_superior": 37.5,
        "pct_escolaridade_nao_informado": 0.5
      },
      "geometry": {
        "type": "Point",
        "coordinates": [
          -43.111789,
          -22.9075784
        ]
      }
    },
    {
      "type": "Feature",
      "properties": {
        "ano": 2012,
        "nr_local": "1716",
        "nm_local": "ESCOLA VIVINFÂNCIA",
        "bairro": "ICARAÍ",
        "total_eleitores": 2085,
        "pct_mulheres": 54.4,
        "pct_homens": 45.5,
        "pct_genero_nao_informado": 0,
        "pct_jovens_16_24": 8.2,
        "pct_adultos_25_59": 64.1,
        "pct_60_mais": 27.7,
        "pct_idade_nao_informado": 0,
        "pct_ate_fundamental": 15.6,
        "pct_ensino_medio": 37.8,
        "pct_ensino_superior": 46.4,
        "pct_escolaridade_nao_informado": 0.2
      },
      "geometry": {
        "type": "Point",
        "coordinates": [
          -43.1056898,
          -22.9079727
        ]
      }
    },
    {
      "type": "Feature",
      "properties": {
        "ano": 2012,
        "nr_local": "1732",
        "nm_local": "CLUBE NAVAL",
        "bairro": "JURUJUBA",
        "total_eleitores": 990,
        "pct_mulheres": 56.1,
        "pct_homens": 43.8,
        "pct_genero_nao_informado": 0.1,
        "pct_jovens_16_24": 9.7,
        "pct_adultos_25_59": 61.3,
        "pct_60_mais": 29,
        "pct_idade_nao_informado": 0,
        "pct_ate_fundamental": 29.3,
        "pct_ensino_medio": 41.5,
        "pct_ensino_superior": 28.9,
        "pct_escolaridade_nao_informado": 0.3
      },
      "geometry": {
        "type": "Point",
        "coordinates": [
          -43.1068139,
          -22.935737
        ]
      }
    },
    {
      "type": "Feature",
      "properties": {
        "ano": 2014,
        "nr_local": "1015",
        "nm_local": "INSTITUTO JCA",
        "bairro": "SANTA BARBARA",
        "total_eleitores": 10414,
        "pct_mulheres": 55.6,
        "pct_homens": 44.4,
        "pct_genero_nao_informado": 0,
        "pct_jovens_16_24": 11.7,
        "pct_adultos_25_59": 67.9,
        "pct_60_mais": 20.4,
        "pct_idade_nao_informado": 0,
        "pct_ate_fundamental": 18.8,
        "pct_ensino_medio": 30.6,
        "pct_ensino_superior": 50.5,
        "pct_escolaridade_nao_informado": 0
      },
      "geometry": {
        "type": "Point",
        "coordinates": [
          -43.0585179,
          -22.882301
        ]
      }
    },
    {
      "type": "Feature",
      "properties": {
        "ano": 2014,
        "nr_local": "1023",
        "nm_local": "PAROQUIA DE SAO JOAO BATISTA",
        "bairro": "TENENTE JARDIM",
        "total_eleitores": 4466,
        "pct_mulheres": 56.4,
        "pct_homens": 43.6,
        "pct_genero_nao_informado": 0,
        "pct_jovens_16_24": 9.9,
        "pct_adultos_25_59": 65.2,
        "pct_60_mais": 24.9,
        "pct_idade_nao_informado": 0,
        "pct_ate_fundamental": 22.4,
        "pct_ensino_medio": 34.8,
        "pct_ensino_superior": 42.8,
        "pct_escolaridade_nao_informado": 0
      },
      "geometry": {
        "type": "Point",
        "coordinates": [
          -43.0827273,
          -22.8639855
        ]
      }
    },
    {
      "type": "Feature",
      "properties": {
        "ano": 2014,
        "nr_local": "1031",
        "nm_local": "(PRÉDIO NOVO) COLÉGIO PEDRO II UNIDADE NITERÓI",
        "bairro": "BARRETO",
        "total_eleitores": 9656,
        "pct_mulheres": 55.1,
        "pct_homens": 44.9,
        "pct_genero_nao_informado": 0,
        "pct_jovens_16_24": 12.5,
        "pct_adultos_25_59": 66.3,
        "pct_60_mais": 21.2,
        "pct_idade_nao_informado": 0,
        "pct_ate_fundamental": 28.7,
        "pct_ensino_medio": 37.8,
        "pct_ensino_superior": 33.5,
        "pct_escolaridade_nao_informado": 0
      },
      "geometry": {
        "type": "Point",
        "coordinates": [
          -43.1037833,
          -22.8685685
        ]
      }
    },
    {
      "type": "Feature",
      "properties": {
        "ano": 2014,
        "nr_local": "1040",
        "nm_local": "CIEP 447 - CARAMUJO",
        "bairro": "CARAMUJO",
        "total_eleitores": 5167,
        "pct_mulheres": 54.9,
        "pct_homens": 45.1,
        "pct_genero_nao_informado": 0,
        "pct_jovens_16_24": 17.2,
        "pct_adultos_25_59": 64.2,
        "pct_60_mais": 18.6,
        "pct_idade_nao_informado": 0,
        "pct_ate_fundamental": 36.9,
        "pct_ensino_medio": 42.1,
        "pct_ensino_superior": 21,
        "pct_escolaridade_nao_informado": 0
      },
      "geometry": {
        "type": "Point",
        "coordinates": [
          -43.065134,
          -22.8827294
        ]
      }
    },
    {
      "type": "Feature",
      "properties": {
        "ano": 2014,
        "nr_local": "1058",
        "nm_local": "INSTITUTO SÃO BENTO DE NITEROI",
        "bairro": null,
        "total_eleitores": 8705,
        "pct_mulheres": 57.3,
        "pct_homens": 42.7,
        "pct_genero_nao_informado": 0,
        "pct_jovens_16_24": 12.3,
        "pct_adultos_25_59": 65.2,
        "pct_60_mais": 22.5,
        "pct_idade_nao_informado": 0,
        "pct_ate_fundamental": 12.3,
        "pct_ensino_medio": 30.2,
        "pct_ensino_superior": 57.5,
        "pct_escolaridade_nao_informado": 0
      },
      "geometry": {
        "type": "Point",
        "coordinates": [
          -43.0985232,
          -22.8970069
        ]
      }
    },
    {
      "type": "Feature",
      "properties": {
        "ano": 2014,
        "nr_local": "1066",
        "nm_local": "ITACOATIARA PAMPO CLUBE",
        "bairro": "ITACOATIARA",
        "total_eleitores": 5155,
        "pct_mulheres": 53.4,
        "pct_homens": 46.6,
        "pct_genero_nao_informado": 0,
        "pct_jovens_16_24": 11.3,
        "pct_adultos_25_59": 68,
        "pct_60_mais": 20.7,
        "pct_idade_nao_informado": 0,
        "pct_ate_fundamental": 9.8,
        "pct_ensino_medio": 28.1,
        "pct_ensino_superior": 62.1,
        "pct_escolaridade_nao_informado": 0
      },
      "geometry": {
        "type": "Point",
        "coordinates": [
          -43.0332117,
          -22.9646939
        ]
      }
    },
    {
      "type": "Feature",
      "properties": {
        "ano": 2014,
        "nr_local": "1074",
        "nm_local": "COLEGIO ESTADUAL PAULO ASSIS RIBEIRO",
        "bairro": "BADU",
        "total_eleitores": 14119,
        "pct_mulheres": 54.8,
        "pct_homens": 45.2,
        "pct_genero_nao_informado": 0,
        "pct_jovens_16_24": 14,
        "pct_adultos_25_59": 68,
        "pct_60_mais": 18,
        "pct_idade_nao_informado": 0,
        "pct_ate_fundamental": 24.5,
        "pct_ensino_medio": 37,
        "pct_ensino_superior": 38.5,
        "pct_escolaridade_nao_informado": 0
      },
      "geometry": {
        "type": "Point",
        "coordinates": [
          -43.0573891,
          -22.9068537
        ]
      }
    },
    {
      "type": "Feature",
      "properties": {
        "ano": 2014,
        "nr_local": "1082",
        "nm_local": "UMEI DR PAULO CESAR DE ALMEIDA PIMENTEL",
        "bairro": "ITAIPU",
        "total_eleitores": 11010,
        "pct_mulheres": 55.9,
        "pct_homens": 44.1,
        "pct_genero_nao_informado": 0,
        "pct_jovens_16_24": 11.4,
        "pct_adultos_25_59": 63.7,
        "pct_60_mais": 24.9,
        "pct_idade_nao_informado": 0,
        "pct_ate_fundamental": 16.7,
        "pct_ensino_medio": 34.1,
        "pct_ensino_superior": 49.2,
        "pct_escolaridade_nao_informado": 0
      },
      "geometry": {
        "type": "Point",
        "coordinates": [
          -43.0327165,
          -22.9614459
        ]
      }
    },
    {
      "type": "Feature",
      "properties": {
        "ano": 2014,
        "nr_local": "1090",
        "nm_local": "COLÉGIO ESTADUAL PROFESSORA ALCINA RODRIGUES LIMA",
        "bairro": "ITAIPU",
        "total_eleitores": 14310,
        "pct_mulheres": 56.4,
        "pct_homens": 43.6,
        "pct_genero_nao_informado": 0,
        "pct_jovens_16_24": 11.9,
        "pct_adultos_25_59": 62.2,
        "pct_60_mais": 25.9,
        "pct_idade_nao_informado": 0,
        "pct_ate_fundamental": 17.3,
        "pct_ensino_medio": 30.2,
        "pct_ensino_superior": 52.5,
        "pct_escolaridade_nao_informado": 0
      },
      "geometry": {
        "type": "Point",
        "coordinates": [
          -43.0285072,
          -22.9528491
        ]
      }
    },
    {
      "type": "Feature",
      "properties": {
        "ano": 2014,
        "nr_local": "1104",
        "nm_local": "ESCOLA MUNICIPAL ALTIVO CESAR",
        "bairro": "BARRETO",
        "total_eleitores": 7807,
        "pct_mulheres": 56.4,
        "pct_homens": 43.6,
        "pct_genero_nao_informado": 0,
        "pct_jovens_16_24": 12.5,
        "pct_adultos_25_59": 67.8,
        "pct_60_mais": 19.7,
        "pct_idade_nao_informado": 0,
        "pct_ate_fundamental": 17.1,
        "pct_ensino_medio": 34.5,
        "pct_ensino_superior": 48.4,
        "pct_escolaridade_nao_informado": 0
      },
      "geometry": {
        "type": "Point",
        "coordinates": [
          -43.0995714,
          -22.8645343
        ]
      }
    },
    {
      "type": "Feature",
      "properties": {
        "ano": 2014,
        "nr_local": "1112",
        "nm_local": "COLÉGIO SALESIANO REGIÃO OCEÂNICA",
        "bairro": "PIRATININGA",
        "total_eleitores": 17207,
        "pct_mulheres": 57.2,
        "pct_homens": 42.8,
        "pct_genero_nao_informado": 0,
        "pct_jovens_16_24": 12.3,
        "pct_adultos_25_59": 66.6,
        "pct_60_mais": 21.2,
        "pct_idade_nao_informado": 0,
        "pct_ate_fundamental": 31.3,
        "pct_ensino_medio": 35.3,
        "pct_ensino_superior": 33.4,
        "pct_escolaridade_nao_informado": 0
      },
      "geometry": {
        "type": "Point",
        "coordinates": [
          -43.0618731,
          -22.9393022
        ]
      }
    },
    {
      "type": "Feature",
      "properties": {
        "ano": 2014,
        "nr_local": "1120",
        "nm_local": "COLÉGIO ESTADUAL ALMIRANTE TAMANDARÉ",
        "bairro": "PIRATININGA",
        "total_eleitores": 14198,
        "pct_mulheres": 56.1,
        "pct_homens": 43.9,
        "pct_genero_nao_informado": 0,
        "pct_jovens_16_24": 12,
        "pct_adultos_25_59": 61.2,
        "pct_60_mais": 26.8,
        "pct_idade_nao_informado": 0,
        "pct_ate_fundamental": 18.8,
        "pct_ensino_medio": 31.4,
        "pct_ensino_superior": 49.8,
        "pct_escolaridade_nao_informado": 0
      },
      "geometry": {
        "type": "Point",
        "coordinates": [
          -43.0916732,
          -22.9512083
        ]
      }
    },
    {
      "type": "Feature",
      "properties": {
        "ano": 2014,
        "nr_local": "1139",
        "nm_local": "ESCOLA MUNICIPAL FRANCISCO PORTUGAL NEVES",
        "bairro": "PIRATININGA",
        "total_eleitores": 6732,
        "pct_mulheres": 57.2,
        "pct_homens": 42.8,
        "pct_genero_nao_informado": 0,
        "pct_jovens_16_24": 10.7,
        "pct_adultos_25_59": 60.2,
        "pct_60_mais": 29.1,
        "pct_idade_nao_informado": 0,
        "pct_ate_fundamental": 25.1,
        "pct_ensino_medio": 30.2,
        "pct_ensino_superior": 44.7,
        "pct_escolaridade_nao_informado": 0
      },
      "geometry": {
        "type": "Point",
        "coordinates": [
          -43.056665,
          -22.942363
        ]
      }
    },
    {
      "type": "Feature",
      "properties": {
        "ano": 2014,
        "nr_local": "1147",
        "nm_local": "ESCOLA MUNICIPAL VERA LUCIA MACHADO",
        "bairro": "BADU",
        "total_eleitores": 6057,
        "pct_mulheres": 57.2,
        "pct_homens": 42.8,
        "pct_genero_nao_informado": 0,
        "pct_jovens_16_24": 14,
        "pct_adultos_25_59": 69.1,
        "pct_60_mais": 16.9,
        "pct_idade_nao_informado": 0,
        "pct_ate_fundamental": 36.2,
        "pct_ensino_medio": 43.4,
        "pct_ensino_superior": 20.4,
        "pct_escolaridade_nao_informado": 0
      },
      "geometry": {
        "type": "Point",
        "coordinates": [
          -43.0500355,
          -22.9045
        ]
      }
    },
    {
      "type": "Feature",
      "properties": {
        "ano": 2014,
        "nr_local": "1155",
        "nm_local": "COLÉGIO ITAPUCA",
        "bairro": "PIRATININGA",
        "total_eleitores": 6233,
        "pct_mulheres": 55.6,
        "pct_homens": 44.4,
        "pct_genero_nao_informado": 0,
        "pct_jovens_16_24": 11.9,
        "pct_adultos_25_59": 66.2,
        "pct_60_mais": 21.8,
        "pct_idade_nao_informado": 0,
        "pct_ate_fundamental": 17.7,
        "pct_ensino_medio": 29.4,
        "pct_ensino_superior": 52.9,
        "pct_escolaridade_nao_informado": 0
      },
      "geometry": {
        "type": "Point",
        "coordinates": [
          -43.0593249,
          -22.9437854
        ]
      }
    },
    {
      "type": "Feature",
      "properties": {
        "ano": 2014,
        "nr_local": "1163",
        "nm_local": "COLÉGIO ESTADUAL CONSELHEIRO MACEDO SOARES",
        "bairro": "BARRETO",
        "total_eleitores": 10887,
        "pct_mulheres": 56,
        "pct_homens": 44,
        "pct_genero_nao_informado": 0,
        "pct_jovens_16_24": 11.7,
        "pct_adultos_25_59": 61.8,
        "pct_60_mais": 26.5,
        "pct_idade_nao_informado": 0,
        "pct_ate_fundamental": 22.6,
        "pct_ensino_medio": 39.7,
        "pct_ensino_superior": 37.8,
        "pct_escolaridade_nao_informado": 0
      },
      "geometry": {
        "type": "Point",
        "coordinates": [
          -43.0924035,
          -22.8622231
        ]
      }
    },
    {
      "type": "Feature",
      "properties": {
        "ano": 2014,
        "nr_local": "1171",
        "nm_local": "ESCOLA MUNICIPAL ANTONIO COUTINHO DE AZEVEDO",
        "bairro": "SANTA BARBARA",
        "total_eleitores": 6733,
        "pct_mulheres": 56.1,
        "pct_homens": 43.9,
        "pct_genero_nao_informado": 0,
        "pct_jovens_16_24": 12.1,
        "pct_adultos_25_59": 69.4,
        "pct_60_mais": 18.4,
        "pct_idade_nao_informado": 0,
        "pct_ate_fundamental": 31.1,
        "pct_ensino_medio": 45.6,
        "pct_ensino_superior": 23.3,
        "pct_escolaridade_nao_informado": 0
      },
      "geometry": {
        "type": "Point",
        "coordinates": [
          -43.04869,
          -22.8756043
        ]
      }
    },
    {
      "type": "Feature",
      "properties": {
        "ano": 2014,
        "nr_local": "1180",
        "nm_local": "ESCOLA MUNICIPAL RACHIDE DA GLORIA SALIM SAKER",
        "bairro": "SANTA BARBARA",
        "total_eleitores": 8042,
        "pct_mulheres": 53.8,
        "pct_homens": 46.2,
        "pct_genero_nao_informado": 0,
        "pct_jovens_16_24": 15.7,
        "pct_adultos_25_59": 65.8,
        "pct_60_mais": 18.5,
        "pct_idade_nao_informado": 0,
        "pct_ate_fundamental": 33.9,
        "pct_ensino_medio": 40.8,
        "pct_ensino_superior": 25.2,
        "pct_escolaridade_nao_informado": 0
      },
      "geometry": {
        "type": "Point",
        "coordinates": [
          -43.0488967,
          -22.8766134
        ]
      }
    },
    {
      "type": "Feature",
      "properties": {
        "ano": 2014,
        "nr_local": "1198",
        "nm_local": "CIEP 448 RUY FRAZÃO SOARES",
        "bairro": "ITAIPU",
        "total_eleitores": 8192,
        "pct_mulheres": 55.7,
        "pct_homens": 44.3,
        "pct_genero_nao_informado": 0,
        "pct_jovens_16_24": 13.9,
        "pct_adultos_25_59": 70.7,
        "pct_60_mais": 15.4,
        "pct_idade_nao_informado": 0,
        "pct_ate_fundamental": 31.5,
        "pct_ensino_medio": 40.2,
        "pct_ensino_superior": 28.3,
        "pct_escolaridade_nao_informado": 0
      },
      "geometry": {
        "type": "Point",
        "coordinates": [
          -43.0092644,
          -22.9356576
        ]
      }
    },
    {
      "type": "Feature",
      "properties": {
        "ano": 2014,
        "nr_local": "1201",
        "nm_local": "OFICINAS DO SENAI",
        "bairro": "BARRETO",
        "total_eleitores": 3385,
        "pct_mulheres": 53.4,
        "pct_homens": 46.6,
        "pct_genero_nao_informado": 0,
        "pct_jovens_16_24": 9,
        "pct_adultos_25_59": 64.9,
        "pct_60_mais": 26.1,
        "pct_idade_nao_informado": 0,
        "pct_ate_fundamental": 19.4,
        "pct_ensino_medio": 33.6,
        "pct_ensino_superior": 47.1,
        "pct_escolaridade_nao_informado": 0
      },
      "geometry": {
        "type": "Point",
        "coordinates": [
          -43.1026046,
          -22.8614396
        ]
      }
    },
    {
      "type": "Feature",
      "properties": {
        "ano": 2014,
        "nr_local": "1210",
        "nm_local": "TIO SAM ESPORTE CLUBE",
        "bairro": "BARRETO",
        "total_eleitores": 6358,
        "pct_mulheres": 56.2,
        "pct_homens": 43.8,
        "pct_genero_nao_informado": 0,
        "pct_jovens_16_24": 12.1,
        "pct_adultos_25_59": 70.5,
        "pct_60_mais": 17.4,
        "pct_idade_nao_informado": 0,
        "pct_ate_fundamental": 30.6,
        "pct_ensino_medio": 44.1,
        "pct_ensino_superior": 25.3,
        "pct_escolaridade_nao_informado": 0
      },
      "geometry": {
        "type": "Point",
        "coordinates": [
          -43.104502,
          -22.8719306
        ]
      }
    },
    {
      "type": "Feature",
      "properties": {
        "ano": 2014,
        "nr_local": "1236",
        "nm_local": "COLÉGIO ESTADUAL MULLULO DA VEIGA",
        "bairro": "ENGENHOCA",
        "total_eleitores": 8582,
        "pct_mulheres": 54.7,
        "pct_homens": 45.3,
        "pct_genero_nao_informado": 0,
        "pct_jovens_16_24": 12.6,
        "pct_adultos_25_59": 66.4,
        "pct_60_mais": 21,
        "pct_idade_nao_informado": 0,
        "pct_ate_fundamental": 29.9,
        "pct_ensino_medio": 46.1,
        "pct_ensino_superior": 23.9,
        "pct_escolaridade_nao_informado": 0
      },
      "geometry": {
        "type": "Point",
        "coordinates": [
          -43.0988892,
          -22.8708282
        ]
      }
    },
    {
      "type": "Feature",
      "properties": {
        "ano": 2014,
        "nr_local": "1244",
        "nm_local": "ESCOLA ESTADUAL MANUEL DE ABREU",
        "bairro": "ICARAÍ",
        "total_eleitores": 10698,
        "pct_mulheres": 56.4,
        "pct_homens": 43.6,
        "pct_genero_nao_informado": 0,
        "pct_jovens_16_24": 11,
        "pct_adultos_25_59": 67.5,
        "pct_60_mais": 21.5,
        "pct_idade_nao_informado": 0,
        "pct_ate_fundamental": 11,
        "pct_ensino_medio": 27,
        "pct_ensino_superior": 62.1,
        "pct_escolaridade_nao_informado": 0
      },
      "geometry": {
        "type": "Point",
        "coordinates": [
          -43.1071569,
          -22.9023086
        ]
      }
    },
    {
      "type": "Feature",
      "properties": {
        "ano": 2014,
        "nr_local": "1252",
        "nm_local": "ESCOLA MUNICIPAL ADELINO MAGALHÃES",
        "bairro": "ENGENHOCA",
        "total_eleitores": 8121,
        "pct_mulheres": 55.5,
        "pct_homens": 44.5,
        "pct_genero_nao_informado": 0,
        "pct_jovens_16_24": 14.4,
        "pct_adultos_25_59": 66.8,
        "pct_60_mais": 18.9,
        "pct_idade_nao_informado": 0,
        "pct_ate_fundamental": 37,
        "pct_ensino_medio": 39.5,
        "pct_ensino_superior": 23.5,
        "pct_escolaridade_nao_informado": 0
      },
      "geometry": {
        "type": "Point",
        "coordinates": [
          -43.0944571,
          -22.8739038
        ]
      }
    },
    {
      "type": "Feature",
      "properties": {
        "ano": 2014,
        "nr_local": "1260",
        "nm_local": "INSTITUTO ABEL",
        "bairro": "ICARAÍ",
        "total_eleitores": 11497,
        "pct_mulheres": 55.7,
        "pct_homens": 44.3,
        "pct_genero_nao_informado": 0,
        "pct_jovens_16_24": 13.9,
        "pct_adultos_25_59": 66.1,
        "pct_60_mais": 20,
        "pct_idade_nao_informado": 0,
        "pct_ate_fundamental": 6.8,
        "pct_ensino_medio": 27,
        "pct_ensino_superior": 66.2,
        "pct_escolaridade_nao_informado": 0
      },
      "geometry": {
        "type": "Point",
        "coordinates": [
          -43.1094942,
          -22.9004168
        ]
      }
    },
    {
      "type": "Feature",
      "properties": {
        "ano": 2014,
        "nr_local": "1279",
        "nm_local": "INSTITUTO FOKUS (ANTIGO INTERAÇÃO CRECHE ESCOLA)",
        "bairro": "CAMBOINHAS",
        "total_eleitores": 4390,
        "pct_mulheres": 57.4,
        "pct_homens": 42.6,
        "pct_genero_nao_informado": 0,
        "pct_jovens_16_24": 15,
        "pct_adultos_25_59": 63.1,
        "pct_60_mais": 21.9,
        "pct_idade_nao_informado": 0,
        "pct_ate_fundamental": 14.1,
        "pct_ensino_medio": 27,
        "pct_ensino_superior": 58.9,
        "pct_escolaridade_nao_informado": 0
      },
      "geometry": {
        "type": "Point",
        "coordinates": [
          -43.062822,
          -22.9542456
        ]
      }
    },
    {
      "type": "Feature",
      "properties": {
        "ano": 2014,
        "nr_local": "1287",
        "nm_local": "ESCOLA MUNICIPAL PROF MARCOS WALDEMAR DE FREITAS REIS",
        "bairro": "ITAIPU",
        "total_eleitores": 1008,
        "pct_mulheres": 52.4,
        "pct_homens": 47.6,
        "pct_genero_nao_informado": 0,
        "pct_jovens_16_24": 21.8,
        "pct_adultos_25_59": 66.1,
        "pct_60_mais": 12.1,
        "pct_idade_nao_informado": 0,
        "pct_ate_fundamental": 11,
        "pct_ensino_medio": 29.2,
        "pct_ensino_superior": 59.8,
        "pct_escolaridade_nao_informado": 0
      },
      "geometry": {
        "type": "Point",
        "coordinates": [
          -43.0330724,
          -22.9615628
        ]
      }
    },
    {
      "type": "Feature",
      "properties": {
        "ano": 2014,
        "nr_local": "1295",
        "nm_local": "UMEI PROFA ODETE ROSA DA MOTA",
        "bairro": "ITAIPU",
        "total_eleitores": 9396,
        "pct_mulheres": 55.2,
        "pct_homens": 44.8,
        "pct_genero_nao_informado": 0,
        "pct_jovens_16_24": 11.1,
        "pct_adultos_25_59": 66.9,
        "pct_60_mais": 22,
        "pct_idade_nao_informado": 0,
        "pct_ate_fundamental": 16.7,
        "pct_ensino_medio": 31.5,
        "pct_ensino_superior": 51.9,
        "pct_escolaridade_nao_informado": 0
      },
      "geometry": {
        "type": "Point",
        "coordinates": [
          -43.02859,
          -22.9532368
        ]
      }
    },
    {
      "type": "Feature",
      "properties": {
        "ano": 2014,
        "nr_local": "1309",
        "nm_local": "CURSO MARLY CURY",
        "bairro": "SANTA ROSA",
        "total_eleitores": 6142,
        "pct_mulheres": 55.9,
        "pct_homens": 44.1,
        "pct_genero_nao_informado": 0,
        "pct_jovens_16_24": 11,
        "pct_adultos_25_59": 69.4,
        "pct_60_mais": 19.6,
        "pct_idade_nao_informado": 0,
        "pct_ate_fundamental": 16.9,
        "pct_ensino_medio": 31.6,
        "pct_ensino_superior": 51.5,
        "pct_escolaridade_nao_informado": 0
      },
      "geometry": {
        "type": "Point",
        "coordinates": [
          -43.1019227,
          -22.9054777
        ]
      }
    },
    {
      "type": "Feature",
      "properties": {
        "ano": 2014,
        "nr_local": "1317",
        "nm_local": "ESCOLA ESTADUAL BALTAZAR BERNARDINO",
        "bairro": "SANTA ROSA",
        "total_eleitores": 6584,
        "pct_mulheres": 55.6,
        "pct_homens": 44.4,
        "pct_genero_nao_informado": 0,
        "pct_jovens_16_24": 12.6,
        "pct_adultos_25_59": 65.6,
        "pct_60_mais": 21.8,
        "pct_idade_nao_informado": 0,
        "pct_ate_fundamental": 16.6,
        "pct_ensino_medio": 32.3,
        "pct_ensino_superior": 51.1,
        "pct_escolaridade_nao_informado": 0
      },
      "geometry": {
        "type": "Point",
        "coordinates": [
          -43.1012931,
          -22.9032359
        ]
      }
    },
    {
      "type": "Feature",
      "properties": {
        "ano": 2014,
        "nr_local": "1325",
        "nm_local": "ESCOLA MUNICIPAL SÍTIO DO IPÊ",
        "bairro": "MARIA PAULA",
        "total_eleitores": 7536,
        "pct_mulheres": 56.9,
        "pct_homens": 43.1,
        "pct_genero_nao_informado": 0,
        "pct_jovens_16_24": 15.1,
        "pct_adultos_25_59": 65.2,
        "pct_60_mais": 19.7,
        "pct_idade_nao_informado": 0,
        "pct_ate_fundamental": 31.4,
        "pct_ensino_medio": 43.3,
        "pct_ensino_superior": 25.3,
        "pct_escolaridade_nao_informado": 0
      },
      "geometry": {
        "type": "Point",
        "coordinates": [
          -43.0267087,
          -22.8821134
        ]
      }
    },
    {
      "type": "Feature",
      "properties": {
        "ano": 2014,
        "nr_local": "1333",
        "nm_local": "ESCOLA ME NINAR",
        "bairro": "ITAIPU",
        "total_eleitores": 4412,
        "pct_mulheres": 57,
        "pct_homens": 43,
        "pct_genero_nao_informado": 0,
        "pct_jovens_16_24": 13.5,
        "pct_adultos_25_59": 63.2,
        "pct_60_mais": 23.3,
        "pct_idade_nao_informado": 0,
        "pct_ate_fundamental": 11.1,
        "pct_ensino_medio": 27.7,
        "pct_ensino_superior": 61.2,
        "pct_escolaridade_nao_informado": 0
      },
      "geometry": {
        "type": "Point",
        "coordinates": [
          -43.0442198,
          -22.9408099
        ]
      }
    },
    {
      "type": "Feature",
      "properties": {
        "ano": 2014,
        "nr_local": "1350",
        "nm_local": "ESCOLA MUNICIPAL MARALEGRE",
        "bairro": "CAFUBÁ",
        "total_eleitores": 2239,
        "pct_mulheres": 57,
        "pct_homens": 43,
        "pct_genero_nao_informado": 0,
        "pct_jovens_16_24": 10.1,
        "pct_adultos_25_59": 65.1,
        "pct_60_mais": 24.8,
        "pct_idade_nao_informado": 0,
        "pct_ate_fundamental": 29.7,
        "pct_ensino_medio": 45.4,
        "pct_ensino_superior": 24.9,
        "pct_escolaridade_nao_informado": 0
      },
      "geometry": {
        "type": "Point",
        "coordinates": [
          -43.0724233,
          -22.9362723
        ]
      }
    },
    {
      "type": "Feature",
      "properties": {
        "ano": 2014,
        "nr_local": "1368",
        "nm_local": "INSTITUTO SÃO JOSÉ",
        "bairro": "SANTA ROSA",
        "total_eleitores": 6738,
        "pct_mulheres": 56.9,
        "pct_homens": 43.1,
        "pct_genero_nao_informado": 0,
        "pct_jovens_16_24": 14,
        "pct_adultos_25_59": 68.6,
        "pct_60_mais": 17.3,
        "pct_idade_nao_informado": 0,
        "pct_ate_fundamental": 30.2,
        "pct_ensino_medio": 32.7,
        "pct_ensino_superior": 37.1,
        "pct_escolaridade_nao_informado": 0
      },
      "geometry": {
        "type": "Point",
        "coordinates": [
          -43.1018878,
          -22.901754
        ]
      }
    },
    {
      "type": "Feature",
      "properties": {
        "ano": 2014,
        "nr_local": "1376",
        "nm_local": "UNIVERSIDADE SALGADO DE OLIVEIRA - BL A",
        "bairro": null,
        "total_eleitores": 1858,
        "pct_mulheres": 56.9,
        "pct_homens": 43.1,
        "pct_genero_nao_informado": 0,
        "pct_jovens_16_24": 11.1,
        "pct_adultos_25_59": 67.5,
        "pct_60_mais": 21.3,
        "pct_idade_nao_informado": 0.1,
        "pct_ate_fundamental": 22.1,
        "pct_ensino_medio": 39.2,
        "pct_ensino_superior": 38.7,
        "pct_escolaridade_nao_informado": 0
      },
      "geometry": {
        "type": "Point",
        "coordinates": [
          -43.1221924,
          -22.8898672
        ]
      }
    },
    {
      "type": "Feature",
      "properties": {
        "ano": 2014,
        "nr_local": "1384",
        "nm_local": "UMEI OLGA BENÁRIO PRESTES",
        "bairro": "ENGENHO DO MATO",
        "total_eleitores": 2902,
        "pct_mulheres": 57,
        "pct_homens": 43,
        "pct_genero_nao_informado": 0,
        "pct_jovens_16_24": 13.8,
        "pct_adultos_25_59": 67.5,
        "pct_60_mais": 18.7,
        "pct_idade_nao_informado": 0,
        "pct_ate_fundamental": 20.4,
        "pct_ensino_medio": 42.4,
        "pct_ensino_superior": 37.3,
        "pct_escolaridade_nao_informado": 0
      },
      "geometry": {
        "type": "Point",
        "coordinates": [
          -43.0086653,
          -22.9354086
        ]
      }
    },
    {
      "type": "Feature",
      "properties": {
        "ano": 2014,
        "nr_local": "1392",
        "nm_local": "FACULDADE DE VETERINARIA DA UFF",
        "bairro": "VITAL BRASIL",
        "total_eleitores": 4848,
        "pct_mulheres": 56,
        "pct_homens": 44,
        "pct_genero_nao_informado": 0,
        "pct_jovens_16_24": 10.9,
        "pct_adultos_25_59": 69.1,
        "pct_60_mais": 20,
        "pct_idade_nao_informado": 0,
        "pct_ate_fundamental": 10.8,
        "pct_ensino_medio": 26.8,
        "pct_ensino_superior": 62.4,
        "pct_escolaridade_nao_informado": 0
      },
      "geometry": {
        "type": "Point",
        "coordinates": [
          -43.098407,
          -22.904908
        ]
      }
    },
    {
      "type": "Feature",
      "properties": {
        "ano": 2014,
        "nr_local": "1406",
        "nm_local": "COLÉGIO NITERÓI",
        "bairro": "ENGENHOCA",
        "total_eleitores": 6187,
        "pct_mulheres": 57.3,
        "pct_homens": 42.7,
        "pct_genero_nao_informado": 0,
        "pct_jovens_16_24": 13.5,
        "pct_adultos_25_59": 63.7,
        "pct_60_mais": 22.8,
        "pct_idade_nao_informado": 0,
        "pct_ate_fundamental": 18.8,
        "pct_ensino_medio": 37.8,
        "pct_ensino_superior": 43.4,
        "pct_escolaridade_nao_informado": 0
      },
      "geometry": {
        "type": "Point",
        "coordinates": [
          -43.1018717,
          -22.8706133
        ]
      }
    },
    {
      "type": "Feature",
      "properties": {
        "ano": 2014,
        "nr_local": "1414",
        "nm_local": "UNIVERSIDADE SALGADO DE OLIVEIRA - BL B (PRÓXIMO AO GUANABARA)",
        "bairro": "CENTRO",
        "total_eleitores": 1910,
        "pct_mulheres": 57.3,
        "pct_homens": 42.7,
        "pct_genero_nao_informado": 0,
        "pct_jovens_16_24": 12.1,
        "pct_adultos_25_59": 69.1,
        "pct_60_mais": 18.8,
        "pct_idade_nao_informado": 0,
        "pct_ate_fundamental": 19.7,
        "pct_ensino_medio": 43.1,
        "pct_ensino_superior": 37.2,
        "pct_escolaridade_nao_informado": 0
      },
      "geometry": {
        "type": "Point",
        "coordinates": [
          -43.1172001,
          -22.8893447
        ]
      }
    },
    {
      "type": "Feature",
      "properties": {
        "ano": 2014,
        "nr_local": "1422",
        "nm_local": "CLUBE PORTUGUES DE NITEROI",
        "bairro": "SÃO DOMINGOS",
        "total_eleitores": 383,
        "pct_mulheres": 56.9,
        "pct_homens": 43.1,
        "pct_genero_nao_informado": 0,
        "pct_jovens_16_24": 14.4,
        "pct_adultos_25_59": 55.1,
        "pct_60_mais": 30.5,
        "pct_idade_nao_informado": 0,
        "pct_ate_fundamental": 39.2,
        "pct_ensino_medio": 44.4,
        "pct_ensino_superior": 16.4,
        "pct_escolaridade_nao_informado": 0
      },
      "geometry": {
        "type": "Point",
        "coordinates": [
          -43.1274594,
          -22.9021482
        ]
      }
    },
    {
      "type": "Feature",
      "properties": {
        "ano": 2014,
        "nr_local": "1449",
        "nm_local": "CIEP 450 - BADU",
        "bairro": "BADU",
        "total_eleitores": 6021,
        "pct_mulheres": 53.2,
        "pct_homens": 46.8,
        "pct_genero_nao_informado": 0,
        "pct_jovens_16_24": 11.1,
        "pct_adultos_25_59": 72,
        "pct_60_mais": 16.9,
        "pct_idade_nao_informado": 0,
        "pct_ate_fundamental": 40.9,
        "pct_ensino_medio": 34.8,
        "pct_ensino_superior": 24.2,
        "pct_escolaridade_nao_informado": 0
      },
      "geometry": {
        "type": "Point",
        "coordinates": [
          -43.0566124,
          -22.9071974
        ]
      }
    },
    {
      "type": "Feature",
      "properties": {
        "ano": 2014,
        "nr_local": "1457",
        "nm_local": "ÁGUAS DE NITEROI",
        "bairro": "CENTRO",
        "total_eleitores": 2281,
        "pct_mulheres": 56.5,
        "pct_homens": 43.5,
        "pct_genero_nao_informado": 0,
        "pct_jovens_16_24": 12.4,
        "pct_adultos_25_59": 71.6,
        "pct_60_mais": 16,
        "pct_idade_nao_informado": 0,
        "pct_ate_fundamental": 45.7,
        "pct_ensino_medio": 44.1,
        "pct_ensino_superior": 10.3,
        "pct_escolaridade_nao_informado": 0
      },
      "geometry": {
        "type": "Point",
        "coordinates": [
          -43.1141378,
          -22.8915411
        ]
      }
    },
    {
      "type": "Feature",
      "properties": {
        "ano": 2014,
        "nr_local": "1465",
        "nm_local": "CENTRO UNIVERSITÁRIO ANHANGUERA (ANTIGO PLÍNIO LEITE)",
        "bairro": "CENTRO",
        "total_eleitores": 2776,
        "pct_mulheres": 54.6,
        "pct_homens": 45.4,
        "pct_genero_nao_informado": 0,
        "pct_jovens_16_24": 16,
        "pct_adultos_25_59": 65.9,
        "pct_60_mais": 18.1,
        "pct_idade_nao_informado": 0,
        "pct_ate_fundamental": 34.7,
        "pct_ensino_medio": 49.9,
        "pct_ensino_superior": 15.3,
        "pct_escolaridade_nao_informado": 0
      },
      "geometry": {
        "type": "Point",
        "coordinates": [
          -43.1245632,
          -22.8869267
        ]
      }
    },
    {
      "type": "Feature",
      "properties": {
        "ano": 2014,
        "nr_local": "1473",
        "nm_local": "COLÉGIO FORUM CULTURAL",
        "bairro": "CANTAGALO",
        "total_eleitores": 6106,
        "pct_mulheres": 54,
        "pct_homens": 46,
        "pct_genero_nao_informado": 0,
        "pct_jovens_16_24": 14.8,
        "pct_adultos_25_59": 69.5,
        "pct_60_mais": 15.7,
        "pct_idade_nao_informado": 0,
        "pct_ate_fundamental": 40.2,
        "pct_ensino_medio": 43.4,
        "pct_ensino_superior": 16.3,
        "pct_escolaridade_nao_informado": 0
      },
      "geometry": {
        "type": "Point",
        "coordinates": [
          -43.0490094,
          -22.9163184
        ]
      }
    },
    {
      "type": "Feature",
      "properties": {
        "ano": 2014,
        "nr_local": "1481",
        "nm_local": "ESCOLA MUNICIPAL MAESTRO HEITOR VILLA-LOBOS (''COLÉGIO NOVO'')",
        "bairro": "ILHA DA CONCEIÇÃO",
        "total_eleitores": 2149,
        "pct_mulheres": 54.4,
        "pct_homens": 45.6,
        "pct_genero_nao_informado": 0,
        "pct_jovens_16_24": 14.8,
        "pct_adultos_25_59": 67.1,
        "pct_60_mais": 18,
        "pct_idade_nao_informado": 0,
        "pct_ate_fundamental": 41.1,
        "pct_ensino_medio": 49.4,
        "pct_ensino_superior": 9.5,
        "pct_escolaridade_nao_informado": 0
      },
      "geometry": {
        "type": "Point",
        "coordinates": [
          -43.1156463,
          -22.8731482
        ]
      }
    },
    {
      "type": "Feature",
      "properties": {
        "ano": 2014,
        "nr_local": "1490",
        "nm_local": "IGREJA BATISTA DO FONSECA",
        "bairro": "FONSECA",
        "total_eleitores": 872,
        "pct_mulheres": 52.9,
        "pct_homens": 47.1,
        "pct_genero_nao_informado": 0,
        "pct_jovens_16_24": 11.2,
        "pct_adultos_25_59": 63.1,
        "pct_60_mais": 25.7,
        "pct_idade_nao_informado": 0,
        "pct_ate_fundamental": 25.3,
        "pct_ensino_medio": 42.1,
        "pct_ensino_superior": 32.6,
        "pct_escolaridade_nao_informado": 0
      },
      "geometry": {
        "type": "Point",
        "coordinates": [
          -43.0865383,
          -22.8810878
        ]
      }
    },
    {
      "type": "Feature",
      "properties": {
        "ano": 2014,
        "nr_local": "1503",
        "nm_local": "SERVICO DE ASSISTENCIA SOCIAL SAO DOMINGOS SAVIO",
        "bairro": "SANTA ROSA",
        "total_eleitores": 1701,
        "pct_mulheres": 55.7,
        "pct_homens": 44.3,
        "pct_genero_nao_informado": 0,
        "pct_jovens_16_24": 9.4,
        "pct_adultos_25_59": 65.7,
        "pct_60_mais": 24.9,
        "pct_idade_nao_informado": 0,
        "pct_ate_fundamental": 20.3,
        "pct_ensino_medio": 40.4,
        "pct_ensino_superior": 39.3,
        "pct_escolaridade_nao_informado": 0
      },
      "geometry": {
        "type": "Point",
        "coordinates": [
          -43.0928214,
          -22.8988024
        ]
      }
    },
    {
      "type": "Feature",
      "properties": {
        "ano": 2014,
        "nr_local": "1520",
        "nm_local": "ESCOLA MUNICIPAL LEVI CARNEIRO",
        "bairro": "SAPÊ",
        "total_eleitores": 5021,
        "pct_mulheres": 55.5,
        "pct_homens": 44.5,
        "pct_genero_nao_informado": 0,
        "pct_jovens_16_24": 12,
        "pct_adultos_25_59": 75,
        "pct_60_mais": 12.9,
        "pct_idade_nao_informado": 0,
        "pct_ate_fundamental": 39.9,
        "pct_ensino_medio": 42.3,
        "pct_ensino_superior": 17.8,
        "pct_escolaridade_nao_informado": 0
      },
      "geometry": {
        "type": "Point",
        "coordinates": [
          -43.0583864,
          -22.8961721
        ]
      }
    },
    {
      "type": "Feature",
      "properties": {
        "ano": 2014,
        "nr_local": "1538",
        "nm_local": "ESCOLA CATAVENTO ESPAÇO DE EDUCAÇÃO",
        "bairro": "SAPÊ",
        "total_eleitores": 3375,
        "pct_mulheres": 55.7,
        "pct_homens": 44.3,
        "pct_genero_nao_informado": 0,
        "pct_jovens_16_24": 18.8,
        "pct_adultos_25_59": 60.1,
        "pct_60_mais": 21,
        "pct_idade_nao_informado": 0,
        "pct_ate_fundamental": 18.7,
        "pct_ensino_medio": 39.7,
        "pct_ensino_superior": 41.6,
        "pct_escolaridade_nao_informado": 0
      },
      "geometry": {
        "type": "Point",
        "coordinates": [
          -43.0635188,
          -22.9024713
        ]
      }
    },
    {
      "type": "Feature",
      "properties": {
        "ano": 2014,
        "nr_local": "1546",
        "nm_local": "UNIVERSIDADE SALGADO DE OLIVEIRA - BL A",
        "bairro": "CENTRO",
        "total_eleitores": 3731,
        "pct_mulheres": 57.1,
        "pct_homens": 42.9,
        "pct_genero_nao_informado": 0,
        "pct_jovens_16_24": 17.3,
        "pct_adultos_25_59": 68.5,
        "pct_60_mais": 14.2,
        "pct_idade_nao_informado": 0,
        "pct_ate_fundamental": 31.5,
        "pct_ensino_medio": 38.6,
        "pct_ensino_superior": 29.9,
        "pct_escolaridade_nao_informado": 0
      },
      "geometry": {
        "type": "Point",
        "coordinates": [
          -43.1186087,
          -22.8894749
        ]
      }
    },
    {
      "type": "Feature",
      "properties": {
        "ano": 2014,
        "nr_local": "1554",
        "nm_local": "JARDIM ESCOLA GIRASSÓIS",
        "bairro": "LARGO DA BATALHA",
        "total_eleitores": 2054,
        "pct_mulheres": 53.6,
        "pct_homens": 46.4,
        "pct_genero_nao_informado": 0,
        "pct_jovens_16_24": 12.3,
        "pct_adultos_25_59": 66.6,
        "pct_60_mais": 21.1,
        "pct_idade_nao_informado": 0,
        "pct_ate_fundamental": 30.8,
        "pct_ensino_medio": 43.2,
        "pct_ensino_superior": 26,
        "pct_escolaridade_nao_informado": 0
      },
      "geometry": {
        "type": "Point",
        "coordinates": [
          -43.0652722,
          -22.9077414
        ]
      }
    },
    {
      "type": "Feature",
      "properties": {
        "ano": 2014,
        "nr_local": "1589",
        "nm_local": "COLÉGIO NOSSA SENHORA DAS MERCÊS",
        "bairro": "FONSECA",
        "total_eleitores": 1672,
        "pct_mulheres": 60.2,
        "pct_homens": 39.8,
        "pct_genero_nao_informado": 0,
        "pct_jovens_16_24": 18.4,
        "pct_adultos_25_59": 62.1,
        "pct_60_mais": 19.5,
        "pct_idade_nao_informado": 0,
        "pct_ate_fundamental": 41.3,
        "pct_ensino_medio": 46.8,
        "pct_ensino_superior": 12,
        "pct_escolaridade_nao_informado": 0
      },
      "geometry": {
        "type": "Point",
        "coordinates": [
          -43.1023535,
          -22.880345
        ]
      }
    },
    {
      "type": "Feature",
      "properties": {
        "ano": 2014,
        "nr_local": "1597",
        "nm_local": "COLÉGIO PONTO DE ENSINO",
        "bairro": "ICARAÍ",
        "total_eleitores": 4069,
        "pct_mulheres": 54.7,
        "pct_homens": 45.3,
        "pct_genero_nao_informado": 0,
        "pct_jovens_16_24": 12.8,
        "pct_adultos_25_59": 66.1,
        "pct_60_mais": 21.1,
        "pct_idade_nao_informado": 0,
        "pct_ate_fundamental": 27.5,
        "pct_ensino_medio": 33.3,
        "pct_ensino_superior": 39.1,
        "pct_escolaridade_nao_informado": 0
      },
      "geometry": {
        "type": "Point",
        "coordinates": [
          -43.1095209,
          -22.9092421
        ]
      }
    },
    {
      "type": "Feature",
      "properties": {
        "ano": 2014,
        "nr_local": "1600",
        "nm_local": "INSTITUTO DE EDUCAÇÃO PROFESSOR ISMAEL COUTINHO - IEPIC",
        "bairro": "SÃO DOMINGOS",
        "total_eleitores": 2758,
        "pct_mulheres": 60.1,
        "pct_homens": 39.9,
        "pct_genero_nao_informado": 0,
        "pct_jovens_16_24": 13.5,
        "pct_adultos_25_59": 58.4,
        "pct_60_mais": 28,
        "pct_idade_nao_informado": 0,
        "pct_ate_fundamental": 15.8,
        "pct_ensino_medio": 28.5,
        "pct_ensino_superior": 55.8,
        "pct_escolaridade_nao_informado": 0
      },
      "geometry": {
        "type": "Point",
        "coordinates": [
          -43.1271052,
          -22.8989767
        ]
      }
    },
    {
      "type": "Feature",
      "properties": {
        "ano": 2014,
        "nr_local": "1635",
        "nm_local": "ESCOLA MUNICIPAL DOM JOSÉ PEREIRA ALVES",
        "bairro": "FONSECA",
        "total_eleitores": 4079,
        "pct_mulheres": 57.7,
        "pct_homens": 42.3,
        "pct_genero_nao_informado": 0,
        "pct_jovens_16_24": 10,
        "pct_adultos_25_59": 65.1,
        "pct_60_mais": 24.9,
        "pct_idade_nao_informado": 0,
        "pct_ate_fundamental": 15.5,
        "pct_ensino_medio": 22,
        "pct_ensino_superior": 62.4,
        "pct_escolaridade_nao_informado": 0
      },
      "geometry": {
        "type": "Point",
        "coordinates": [
          -43.0920686,
          -22.8783038
        ]
      }
    },
    {
      "type": "Feature",
      "properties": {
        "ano": 2014,
        "nr_local": "1643",
        "nm_local": "CENTRO MODERNO ALZIRA BITTENCOURT",
        "bairro": "ICARAÍ",
        "total_eleitores": 1389,
        "pct_mulheres": 55.4,
        "pct_homens": 44.6,
        "pct_genero_nao_informado": 0,
        "pct_jovens_16_24": 10.2,
        "pct_adultos_25_59": 66.5,
        "pct_60_mais": 23.3,
        "pct_idade_nao_informado": 0,
        "pct_ate_fundamental": 7,
        "pct_ensino_medio": 19.7,
        "pct_ensino_superior": 73.4,
        "pct_escolaridade_nao_informado": 0
      },
      "geometry": {
        "type": "Point",
        "coordinates": [
          -43.110746,
          -22.9012326
        ]
      }
    },
    {
      "type": "Feature",
      "properties": {
        "ano": 2014,
        "nr_local": "1660",
        "nm_local": "CLUBE CENTRAL",
        "bairro": "ICARAÍ",
        "total_eleitores": 317,
        "pct_mulheres": 55.8,
        "pct_homens": 44.2,
        "pct_genero_nao_informado": 0,
        "pct_jovens_16_24": 11,
        "pct_adultos_25_59": 61.8,
        "pct_60_mais": 27.1,
        "pct_idade_nao_informado": 0,
        "pct_ate_fundamental": 21.5,
        "pct_ensino_medio": 25.9,
        "pct_ensino_superior": 52.7,
        "pct_escolaridade_nao_informado": 0
      },
      "geometry": {
        "type": "Point",
        "coordinates": [
          -43.111789,
          -22.9075784
        ]
      }
    },
    {
      "type": "Feature",
      "properties": {
        "ano": 2014,
        "nr_local": "1716",
        "nm_local": "ESCOLA VIVINFÂNCIA",
        "bairro": "ICARAÍ",
        "total_eleitores": 1658,
        "pct_mulheres": 54.9,
        "pct_homens": 45.1,
        "pct_genero_nao_informado": 0,
        "pct_jovens_16_24": 10.1,
        "pct_adultos_25_59": 61.9,
        "pct_60_mais": 27.9,
        "pct_idade_nao_informado": 0,
        "pct_ate_fundamental": 11.8,
        "pct_ensino_medio": 22.5,
        "pct_ensino_superior": 65.7,
        "pct_escolaridade_nao_informado": 0
      },
      "geometry": {
        "type": "Point",
        "coordinates": [
          -43.1056898,
          -22.9079727
        ]
      }
    },
    {
      "type": "Feature",
      "properties": {
        "ano": 2014,
        "nr_local": "1732",
        "nm_local": "CLUBE NAVAL",
        "bairro": "JURUJUBA",
        "total_eleitores": 822,
        "pct_mulheres": 56,
        "pct_homens": 44,
        "pct_genero_nao_informado": 0,
        "pct_jovens_16_24": 11.3,
        "pct_adultos_25_59": 64.1,
        "pct_60_mais": 24.6,
        "pct_idade_nao_informado": 0,
        "pct_ate_fundamental": 21.3,
        "pct_ensino_medio": 33.1,
        "pct_ensino_superior": 45.6,
        "pct_escolaridade_nao_informado": 0
      },
      "geometry": {
        "type": "Point",
        "coordinates": [
          -43.1068139,
          -22.935737
        ]
      }
    },
    {
      "type": "Feature",
      "properties": {
        "ano": 2016,
        "nr_local": "1015",
        "nm_local": "INSTITUTO JCA",
        "bairro": "SANTA BARBARA",
        "total_eleitores": 11293,
        "pct_mulheres": 55.5,
        "pct_homens": 44.5,
        "pct_genero_nao_informado": 0,
        "pct_jovens_16_24": 11.9,
        "pct_adultos_25_59": 65.1,
        "pct_60_mais": 23,
        "pct_idade_nao_informado": 0,
        "pct_ate_fundamental": 18.3,
        "pct_ensino_medio": 31.5,
        "pct_ensino_superior": 50.2,
        "pct_escolaridade_nao_informado": 0
      },
      "geometry": {
        "type": "Point",
        "coordinates": [
          -43.0585179,
          -22.882301
        ]
      }
    },
    {
      "type": "Feature",
      "properties": {
        "ano": 2016,
        "nr_local": "1023",
        "nm_local": "PAROQUIA DE SAO JOAO BATISTA",
        "bairro": "TENENTE JARDIM",
        "total_eleitores": 4131,
        "pct_mulheres": 55.1,
        "pct_homens": 44.9,
        "pct_genero_nao_informado": 0,
        "pct_jovens_16_24": 11.6,
        "pct_adultos_25_59": 62.3,
        "pct_60_mais": 26.1,
        "pct_idade_nao_informado": 0,
        "pct_ate_fundamental": 24.8,
        "pct_ensino_medio": 38.2,
        "pct_ensino_superior": 37,
        "pct_escolaridade_nao_informado": 0
      },
      "geometry": {
        "type": "Point",
        "coordinates": [
          -43.0827273,
          -22.8639855
        ]
      }
    },
    {
      "type": "Feature",
      "properties": {
        "ano": 2016,
        "nr_local": "1031",
        "nm_local": "(PRÉDIO NOVO) COLÉGIO PEDRO II UNIDADE NITERÓI",
        "bairro": "BARRETO",
        "total_eleitores": 10449,
        "pct_mulheres": 55,
        "pct_homens": 45,
        "pct_genero_nao_informado": 0,
        "pct_jovens_16_24": 11.8,
        "pct_adultos_25_59": 64.8,
        "pct_60_mais": 23.4,
        "pct_idade_nao_informado": 0,
        "pct_ate_fundamental": 27.1,
        "pct_ensino_medio": 39,
        "pct_ensino_superior": 33.9,
        "pct_escolaridade_nao_informado": 0
      },
      "geometry": {
        "type": "Point",
        "coordinates": [
          -43.1037833,
          -22.8685685
        ]
      }
    },
    {
      "type": "Feature",
      "properties": {
        "ano": 2016,
        "nr_local": "1040",
        "nm_local": "CIEP 447 - CARAMUJO",
        "bairro": "CARAMUJO",
        "total_eleitores": 5281,
        "pct_mulheres": 54.9,
        "pct_homens": 45.1,
        "pct_genero_nao_informado": 0,
        "pct_jovens_16_24": 15,
        "pct_adultos_25_59": 64.9,
        "pct_60_mais": 20.1,
        "pct_idade_nao_informado": 0,
        "pct_ate_fundamental": 36.5,
        "pct_ensino_medio": 43.1,
        "pct_ensino_superior": 20.3,
        "pct_escolaridade_nao_informado": 0
      },
      "geometry": {
        "type": "Point",
        "coordinates": [
          -43.065134,
          -22.8827294
        ]
      }
    },
    {
      "type": "Feature",
      "properties": {
        "ano": 2016,
        "nr_local": "1058",
        "nm_local": "INSTITUTO SÃO BENTO DE NITEROI",
        "bairro": null,
        "total_eleitores": 9345,
        "pct_mulheres": 56.9,
        "pct_homens": 43.1,
        "pct_genero_nao_informado": 0,
        "pct_jovens_16_24": 12.1,
        "pct_adultos_25_59": 62.3,
        "pct_60_mais": 25.6,
        "pct_idade_nao_informado": 0,
        "pct_ate_fundamental": 11.8,
        "pct_ensino_medio": 31.7,
        "pct_ensino_superior": 56.4,
        "pct_escolaridade_nao_informado": 0
      },
      "geometry": {
        "type": "Point",
        "coordinates": [
          -43.0985232,
          -22.8970069
        ]
      }
    },
    {
      "type": "Feature",
      "properties": {
        "ano": 2016,
        "nr_local": "1066",
        "nm_local": "ITACOATIARA PAMPO CLUBE",
        "bairro": "ITACOATIARA",
        "total_eleitores": 2485,
        "pct_mulheres": 49.1,
        "pct_homens": 50.9,
        "pct_genero_nao_informado": 0,
        "pct_jovens_16_24": 7.2,
        "pct_adultos_25_59": 68.2,
        "pct_60_mais": 24.6,
        "pct_idade_nao_informado": 0,
        "pct_ate_fundamental": 4.3,
        "pct_ensino_medio": 21.5,
        "pct_ensino_superior": 74.2,
        "pct_escolaridade_nao_informado": 0
      },
      "geometry": {
        "type": "Point",
        "coordinates": [
          -43.0332117,
          -22.9646939
        ]
      }
    },
    {
      "type": "Feature",
      "properties": {
        "ano": 2016,
        "nr_local": "1074",
        "nm_local": "COLEGIO ESTADUAL PAULO ASSIS RIBEIRO",
        "bairro": "BADU",
        "total_eleitores": 14895,
        "pct_mulheres": 54.4,
        "pct_homens": 45.6,
        "pct_genero_nao_informado": 0,
        "pct_jovens_16_24": 13.3,
        "pct_adultos_25_59": 66.8,
        "pct_60_mais": 19.8,
        "pct_idade_nao_informado": 0,
        "pct_ate_fundamental": 24.1,
        "pct_ensino_medio": 38.6,
        "pct_ensino_superior": 37.3,
        "pct_escolaridade_nao_informado": 0
      },
      "geometry": {
        "type": "Point",
        "coordinates": [
          -43.0573891,
          -22.9068537
        ]
      }
    },
    {
      "type": "Feature",
      "properties": {
        "ano": 2016,
        "nr_local": "1082",
        "nm_local": "UMEI DR PAULO CESAR DE ALMEIDA PIMENTEL",
        "bairro": "ITAIPU",
        "total_eleitores": 15395,
        "pct_mulheres": 55.6,
        "pct_homens": 44.4,
        "pct_genero_nao_informado": 0,
        "pct_jovens_16_24": 10.8,
        "pct_adultos_25_59": 63.6,
        "pct_60_mais": 25.6,
        "pct_idade_nao_informado": 0,
        "pct_ate_fundamental": 16.7,
        "pct_ensino_medio": 35.7,
        "pct_ensino_superior": 47.6,
        "pct_escolaridade_nao_informado": 0
      },
      "geometry": {
        "type": "Point",
        "coordinates": [
          -43.0327165,
          -22.9614459
        ]
      }
    },
    {
      "type": "Feature",
      "properties": {
        "ano": 2016,
        "nr_local": "1090",
        "nm_local": "COLÉGIO ESTADUAL PROFESSORA ALCINA RODRIGUES LIMA",
        "bairro": "ITAIPU",
        "total_eleitores": 15396,
        "pct_mulheres": 56,
        "pct_homens": 44,
        "pct_genero_nao_informado": 0,
        "pct_jovens_16_24": 12,
        "pct_adultos_25_59": 60.9,
        "pct_60_mais": 27.1,
        "pct_idade_nao_informado": 0,
        "pct_ate_fundamental": 17.2,
        "pct_ensino_medio": 32,
        "pct_ensino_superior": 50.7,
        "pct_escolaridade_nao_informado": 0
      },
      "geometry": {
        "type": "Point",
        "coordinates": [
          -43.0285072,
          -22.9528491
        ]
      }
    },
    {
      "type": "Feature",
      "properties": {
        "ano": 2016,
        "nr_local": "1104",
        "nm_local": "ESCOLA MUNICIPAL ALTIVO CESAR",
        "bairro": "BARRETO",
        "total_eleitores": 8112,
        "pct_mulheres": 56.3,
        "pct_homens": 43.7,
        "pct_genero_nao_informado": 0,
        "pct_jovens_16_24": 11.8,
        "pct_adultos_25_59": 66.2,
        "pct_60_mais": 22,
        "pct_idade_nao_informado": 0,
        "pct_ate_fundamental": 17,
        "pct_ensino_medio": 35.5,
        "pct_ensino_superior": 47.5,
        "pct_escolaridade_nao_informado": 0
      },
      "geometry": {
        "type": "Point",
        "coordinates": [
          -43.0995714,
          -22.8645343
        ]
      }
    },
    {
      "type": "Feature",
      "properties": {
        "ano": 2016,
        "nr_local": "1112",
        "nm_local": "COLÉGIO SALESIANO REGIÃO OCEÂNICA",
        "bairro": "PIRATININGA",
        "total_eleitores": 17604,
        "pct_mulheres": 56.8,
        "pct_homens": 43.2,
        "pct_genero_nao_informado": 0,
        "pct_jovens_16_24": 10.5,
        "pct_adultos_25_59": 65,
        "pct_60_mais": 24.4,
        "pct_idade_nao_informado": 0,
        "pct_ate_fundamental": 30.8,
        "pct_ensino_medio": 36,
        "pct_ensino_superior": 33.2,
        "pct_escolaridade_nao_informado": 0
      },
      "geometry": {
        "type": "Point",
        "coordinates": [
          -43.0618731,
          -22.9393022
        ]
      }
    },
    {
      "type": "Feature",
      "properties": {
        "ano": 2016,
        "nr_local": "1120",
        "nm_local": "COLÉGIO ESTADUAL ALMIRANTE TAMANDARÉ",
        "bairro": "PIRATININGA",
        "total_eleitores": 14256,
        "pct_mulheres": 56.1,
        "pct_homens": 43.9,
        "pct_genero_nao_informado": 0,
        "pct_jovens_16_24": 9.7,
        "pct_adultos_25_59": 60.9,
        "pct_60_mais": 29.4,
        "pct_idade_nao_informado": 0,
        "pct_ate_fundamental": 18.7,
        "pct_ensino_medio": 32.1,
        "pct_ensino_superior": 49.2,
        "pct_escolaridade_nao_informado": 0
      },
      "geometry": {
        "type": "Point",
        "coordinates": [
          -43.0916732,
          -22.9512083
        ]
      }
    },
    {
      "type": "Feature",
      "properties": {
        "ano": 2016,
        "nr_local": "1139",
        "nm_local": "ESCOLA MUNICIPAL FRANCISCO PORTUGAL NEVES",
        "bairro": "PIRATININGA",
        "total_eleitores": 6974,
        "pct_mulheres": 56.7,
        "pct_homens": 43.3,
        "pct_genero_nao_informado": 0,
        "pct_jovens_16_24": 9.5,
        "pct_adultos_25_59": 59.5,
        "pct_60_mais": 31,
        "pct_idade_nao_informado": 0,
        "pct_ate_fundamental": 24.3,
        "pct_ensino_medio": 31,
        "pct_ensino_superior": 44.7,
        "pct_escolaridade_nao_informado": 0
      },
      "geometry": {
        "type": "Point",
        "coordinates": [
          -43.056665,
          -22.942363
        ]
      }
    },
    {
      "type": "Feature",
      "properties": {
        "ano": 2016,
        "nr_local": "1147",
        "nm_local": "ESCOLA MUNICIPAL VERA LUCIA MACHADO",
        "bairro": "BADU",
        "total_eleitores": 6277,
        "pct_mulheres": 56.7,
        "pct_homens": 43.3,
        "pct_genero_nao_informado": 0,
        "pct_jovens_16_24": 13,
        "pct_adultos_25_59": 68.2,
        "pct_60_mais": 18.8,
        "pct_idade_nao_informado": 0,
        "pct_ate_fundamental": 35.7,
        "pct_ensino_medio": 44.2,
        "pct_ensino_superior": 20.1,
        "pct_escolaridade_nao_informado": 0
      },
      "geometry": {
        "type": "Point",
        "coordinates": [
          -43.0500355,
          -22.9045
        ]
      }
    },
    {
      "type": "Feature",
      "properties": {
        "ano": 2016,
        "nr_local": "1155",
        "nm_local": "COLÉGIO ITAPUCA",
        "bairro": "PIRATININGA",
        "total_eleitores": 8432,
        "pct_mulheres": 56.9,
        "pct_homens": 43.1,
        "pct_genero_nao_informado": 0,
        "pct_jovens_16_24": 8.2,
        "pct_adultos_25_59": 62.8,
        "pct_60_mais": 29,
        "pct_idade_nao_informado": 0,
        "pct_ate_fundamental": 14.6,
        "pct_ensino_medio": 28.2,
        "pct_ensino_superior": 57.2,
        "pct_escolaridade_nao_informado": 0
      },
      "geometry": {
        "type": "Point",
        "coordinates": [
          -43.0593249,
          -22.9437854
        ]
      }
    },
    {
      "type": "Feature",
      "properties": {
        "ano": 2016,
        "nr_local": "1163",
        "nm_local": "COLÉGIO ESTADUAL CONSELHEIRO MACEDO SOARES",
        "bairro": "BARRETO",
        "total_eleitores": 10650,
        "pct_mulheres": 55.7,
        "pct_homens": 44.3,
        "pct_genero_nao_informado": 0,
        "pct_jovens_16_24": 10.7,
        "pct_adultos_25_59": 60.9,
        "pct_60_mais": 28.5,
        "pct_idade_nao_informado": 0,
        "pct_ate_fundamental": 22.7,
        "pct_ensino_medio": 40.2,
        "pct_ensino_superior": 37.1,
        "pct_escolaridade_nao_informado": 0
      },
      "geometry": {
        "type": "Point",
        "coordinates": [
          -43.0924035,
          -22.8622231
        ]
      }
    },
    {
      "type": "Feature",
      "properties": {
        "ano": 2016,
        "nr_local": "1171",
        "nm_local": "ESCOLA MUNICIPAL ANTONIO COUTINHO DE AZEVEDO",
        "bairro": "SANTA BARBARA",
        "total_eleitores": 7239,
        "pct_mulheres": 55.5,
        "pct_homens": 44.5,
        "pct_genero_nao_informado": 0,
        "pct_jovens_16_24": 12.9,
        "pct_adultos_25_59": 66.7,
        "pct_60_mais": 20.5,
        "pct_idade_nao_informado": 0,
        "pct_ate_fundamental": 30.4,
        "pct_ensino_medio": 46.9,
        "pct_ensino_superior": 22.8,
        "pct_escolaridade_nao_informado": 0
      },
      "geometry": {
        "type": "Point",
        "coordinates": [
          -43.04869,
          -22.8756043
        ]
      }
    },
    {
      "type": "Feature",
      "properties": {
        "ano": 2016,
        "nr_local": "1180",
        "nm_local": "ESCOLA MUNICIPAL RACHIDE DA GLORIA SALIM SAKER",
        "bairro": "SANTA BARBARA",
        "total_eleitores": 9246,
        "pct_mulheres": 53.6,
        "pct_homens": 46.4,
        "pct_genero_nao_informado": 0,
        "pct_jovens_16_24": 14.6,
        "pct_adultos_25_59": 64.8,
        "pct_60_mais": 20.6,
        "pct_idade_nao_informado": 0,
        "pct_ate_fundamental": 30.7,
        "pct_ensino_medio": 40.8,
        "pct_ensino_superior": 28.5,
        "pct_escolaridade_nao_informado": 0
      },
      "geometry": {
        "type": "Point",
        "coordinates": [
          -43.0488967,
          -22.8766134
        ]
      }
    },
    {
      "type": "Feature",
      "properties": {
        "ano": 2016,
        "nr_local": "1198",
        "nm_local": "CIEP 448 RUY FRAZÃO SOARES",
        "bairro": "ITAIPU",
        "total_eleitores": 8438,
        "pct_mulheres": 55.6,
        "pct_homens": 44.4,
        "pct_genero_nao_informado": 0,
        "pct_jovens_16_24": 11.5,
        "pct_adultos_25_59": 70.3,
        "pct_60_mais": 18.1,
        "pct_idade_nao_informado": 0,
        "pct_ate_fundamental": 31,
        "pct_ensino_medio": 40.9,
        "pct_ensino_superior": 28.1,
        "pct_escolaridade_nao_informado": 0
      },
      "geometry": {
        "type": "Point",
        "coordinates": [
          -43.0092644,
          -22.9356576
        ]
      }
    },
    {
      "type": "Feature",
      "properties": {
        "ano": 2016,
        "nr_local": "1201",
        "nm_local": "OFICINAS DO SENAI",
        "bairro": "BARRETO",
        "total_eleitores": 3517,
        "pct_mulheres": 53,
        "pct_homens": 47,
        "pct_genero_nao_informado": 0,
        "pct_jovens_16_24": 8.5,
        "pct_adultos_25_59": 63.7,
        "pct_60_mais": 27.7,
        "pct_idade_nao_informado": 0,
        "pct_ate_fundamental": 19.6,
        "pct_ensino_medio": 35.2,
        "pct_ensino_superior": 45.3,
        "pct_escolaridade_nao_informado": 0
      },
      "geometry": {
        "type": "Point",
        "coordinates": [
          -43.1026046,
          -22.8614396
        ]
      }
    },
    {
      "type": "Feature",
      "properties": {
        "ano": 2016,
        "nr_local": "1210",
        "nm_local": "TIO SAM ESPORTE CLUBE",
        "bairro": "BARRETO",
        "total_eleitores": 6684,
        "pct_mulheres": 55.6,
        "pct_homens": 44.4,
        "pct_genero_nao_informado": 0,
        "pct_jovens_16_24": 11.5,
        "pct_adultos_25_59": 69.1,
        "pct_60_mais": 19.4,
        "pct_idade_nao_informado": 0,
        "pct_ate_fundamental": 31.1,
        "pct_ensino_medio": 44.7,
        "pct_ensino_superior": 24.2,
        "pct_escolaridade_nao_informado": 0
      },
      "geometry": {
        "type": "Point",
        "coordinates": [
          -43.104502,
          -22.8719306
        ]
      }
    },
    {
      "type": "Feature",
      "properties": {
        "ano": 2016,
        "nr_local": "1236",
        "nm_local": "COLÉGIO ESTADUAL MULLULO DA VEIGA",
        "bairro": "ENGENHOCA",
        "total_eleitores": 9408,
        "pct_mulheres": 54,
        "pct_homens": 46,
        "pct_genero_nao_informado": 0,
        "pct_jovens_16_24": 13.8,
        "pct_adultos_25_59": 64.3,
        "pct_60_mais": 21.9,
        "pct_idade_nao_informado": 0,
        "pct_ate_fundamental": 29.5,
        "pct_ensino_medio": 47.1,
        "pct_ensino_superior": 23.4,
        "pct_escolaridade_nao_informado": 0
      },
      "geometry": {
        "type": "Point",
        "coordinates": [
          -43.0988892,
          -22.8708282
        ]
      }
    },
    {
      "type": "Feature",
      "properties": {
        "ano": 2016,
        "nr_local": "1244",
        "nm_local": "ESCOLA ESTADUAL MANUEL DE ABREU",
        "bairro": "ICARAÍ",
        "total_eleitores": 11578,
        "pct_mulheres": 56.1,
        "pct_homens": 43.9,
        "pct_genero_nao_informado": 0,
        "pct_jovens_16_24": 11.4,
        "pct_adultos_25_59": 64.7,
        "pct_60_mais": 23.9,
        "pct_idade_nao_informado": 0,
        "pct_ate_fundamental": 11,
        "pct_ensino_medio": 28.6,
        "pct_ensino_superior": 60.3,
        "pct_escolaridade_nao_informado": 0
      },
      "geometry": {
        "type": "Point",
        "coordinates": [
          -43.1071569,
          -22.9023086
        ]
      }
    },
    {
      "type": "Feature",
      "properties": {
        "ano": 2016,
        "nr_local": "1252",
        "nm_local": "ESCOLA MUNICIPAL ADELINO MAGALHÃES",
        "bairro": "ENGENHOCA",
        "total_eleitores": 8621,
        "pct_mulheres": 54.8,
        "pct_homens": 45.2,
        "pct_genero_nao_informado": 0,
        "pct_jovens_16_24": 14.3,
        "pct_adultos_25_59": 65.1,
        "pct_60_mais": 20.6,
        "pct_idade_nao_informado": 0,
        "pct_ate_fundamental": 36.5,
        "pct_ensino_medio": 40.6,
        "pct_ensino_superior": 22.9,
        "pct_escolaridade_nao_informado": 0
      },
      "geometry": {
        "type": "Point",
        "coordinates": [
          -43.0944571,
          -22.8739038
        ]
      }
    },
    {
      "type": "Feature",
      "properties": {
        "ano": 2016,
        "nr_local": "1260",
        "nm_local": "INSTITUTO ABEL",
        "bairro": "ICARAÍ",
        "total_eleitores": 11804,
        "pct_mulheres": 55.4,
        "pct_homens": 44.6,
        "pct_genero_nao_informado": 0,
        "pct_jovens_16_24": 11.9,
        "pct_adultos_25_59": 66,
        "pct_60_mais": 22.1,
        "pct_idade_nao_informado": 0,
        "pct_ate_fundamental": 6.5,
        "pct_ensino_medio": 27.5,
        "pct_ensino_superior": 66,
        "pct_escolaridade_nao_informado": 0
      },
      "geometry": {
        "type": "Point",
        "coordinates": [
          -43.1094942,
          -22.9004168
        ]
      }
    },
    {
      "type": "Feature",
      "properties": {
        "ano": 2016,
        "nr_local": "1279",
        "nm_local": "INSTITUTO FOKUS (ANTIGO INTERAÇÃO CRECHE ESCOLA)",
        "bairro": "CAMBOINHAS",
        "total_eleitores": 4388,
        "pct_mulheres": 57,
        "pct_homens": 43,
        "pct_genero_nao_informado": 0,
        "pct_jovens_16_24": 14.9,
        "pct_adultos_25_59": 62.3,
        "pct_60_mais": 22.8,
        "pct_idade_nao_informado": 0,
        "pct_ate_fundamental": 17.5,
        "pct_ensino_medio": 29.4,
        "pct_ensino_superior": 53.1,
        "pct_escolaridade_nao_informado": 0
      },
      "geometry": {
        "type": "Point",
        "coordinates": [
          -43.062822,
          -22.9542456
        ]
      }
    },
    {
      "type": "Feature",
      "properties": {
        "ano": 2016,
        "nr_local": "1287",
        "nm_local": "ESCOLA MUNICIPAL PROF MARCOS WALDEMAR DE FREITAS REIS",
        "bairro": "ITAIPU",
        "total_eleitores": 1110,
        "pct_mulheres": 52.3,
        "pct_homens": 47.7,
        "pct_genero_nao_informado": 0,
        "pct_jovens_16_24": 22.6,
        "pct_adultos_25_59": 62,
        "pct_60_mais": 15.4,
        "pct_idade_nao_informado": 0,
        "pct_ate_fundamental": 12.1,
        "pct_ensino_medio": 31.2,
        "pct_ensino_superior": 56.8,
        "pct_escolaridade_nao_informado": 0
      },
      "geometry": {
        "type": "Point",
        "coordinates": [
          -43.0330724,
          -22.9615628
        ]
      }
    },
    {
      "type": "Feature",
      "properties": {
        "ano": 2016,
        "nr_local": "1295",
        "nm_local": "UMEI PROFA ODETE ROSA DA MOTA",
        "bairro": "ITAIPU",
        "total_eleitores": 9939,
        "pct_mulheres": 55.1,
        "pct_homens": 44.9,
        "pct_genero_nao_informado": 0,
        "pct_jovens_16_24": 11.8,
        "pct_adultos_25_59": 64.8,
        "pct_60_mais": 23.5,
        "pct_idade_nao_informado": 0,
        "pct_ate_fundamental": 16.1,
        "pct_ensino_medio": 33.1,
        "pct_ensino_superior": 50.7,
        "pct_escolaridade_nao_informado": 0
      },
      "geometry": {
        "type": "Point",
        "coordinates": [
          -43.02859,
          -22.9532368
        ]
      }
    },
    {
      "type": "Feature",
      "properties": {
        "ano": 2016,
        "nr_local": "1309",
        "nm_local": "CURSO MARLY CURY",
        "bairro": "SANTA ROSA",
        "total_eleitores": 6526,
        "pct_mulheres": 55.6,
        "pct_homens": 44.4,
        "pct_genero_nao_informado": 0,
        "pct_jovens_16_24": 10.2,
        "pct_adultos_25_59": 68.3,
        "pct_60_mais": 21.5,
        "pct_idade_nao_informado": 0,
        "pct_ate_fundamental": 16.8,
        "pct_ensino_medio": 32.9,
        "pct_ensino_superior": 50.3,
        "pct_escolaridade_nao_informado": 0
      },
      "geometry": {
        "type": "Point",
        "coordinates": [
          -43.1019227,
          -22.9054777
        ]
      }
    },
    {
      "type": "Feature",
      "properties": {
        "ano": 2016,
        "nr_local": "1317",
        "nm_local": "ESCOLA ESTADUAL BALTAZAR BERNARDINO",
        "bairro": "SANTA ROSA",
        "total_eleitores": 7220,
        "pct_mulheres": 55.2,
        "pct_homens": 44.8,
        "pct_genero_nao_informado": 0,
        "pct_jovens_16_24": 14.2,
        "pct_adultos_25_59": 63.2,
        "pct_60_mais": 22.7,
        "pct_idade_nao_informado": 0,
        "pct_ate_fundamental": 16.7,
        "pct_ensino_medio": 34.4,
        "pct_ensino_superior": 48.9,
        "pct_escolaridade_nao_informado": 0
      },
      "geometry": {
        "type": "Point",
        "coordinates": [
          -43.1012931,
          -22.9032359
        ]
      }
    },
    {
      "type": "Feature",
      "properties": {
        "ano": 2016,
        "nr_local": "1325",
        "nm_local": "ESCOLA MUNICIPAL SÍTIO DO IPÊ",
        "bairro": "MARIA PAULA",
        "total_eleitores": 8178,
        "pct_mulheres": 56.3,
        "pct_homens": 43.7,
        "pct_genero_nao_informado": 0,
        "pct_jovens_16_24": 15.7,
        "pct_adultos_25_59": 63.9,
        "pct_60_mais": 20.4,
        "pct_idade_nao_informado": 0,
        "pct_ate_fundamental": 30.3,
        "pct_ensino_medio": 45.2,
        "pct_ensino_superior": 24.5,
        "pct_escolaridade_nao_informado": 0
      },
      "geometry": {
        "type": "Point",
        "coordinates": [
          -43.0267087,
          -22.8821134
        ]
      }
    },
    {
      "type": "Feature",
      "properties": {
        "ano": 2016,
        "nr_local": "1333",
        "nm_local": "ESCOLA ME NINAR",
        "bairro": "ITAIPU",
        "total_eleitores": 5571,
        "pct_mulheres": 56.8,
        "pct_homens": 43.2,
        "pct_genero_nao_informado": 0,
        "pct_jovens_16_24": 15,
        "pct_adultos_25_59": 60.6,
        "pct_60_mais": 24.4,
        "pct_idade_nao_informado": 0,
        "pct_ate_fundamental": 9.7,
        "pct_ensino_medio": 29,
        "pct_ensino_superior": 61.3,
        "pct_escolaridade_nao_informado": 0
      },
      "geometry": {
        "type": "Point",
        "coordinates": [
          -43.0442198,
          -22.9408099
        ]
      }
    },
    {
      "type": "Feature",
      "properties": {
        "ano": 2016,
        "nr_local": "1341",
        "nm_local": "SOPRECAM",
        "bairro": "CAMBOINHAS",
        "total_eleitores": 458,
        "pct_mulheres": 54.6,
        "pct_homens": 45.4,
        "pct_genero_nao_informado": 0,
        "pct_jovens_16_24": 9.2,
        "pct_adultos_25_59": 59.8,
        "pct_60_mais": 31,
        "pct_idade_nao_informado": 0,
        "pct_ate_fundamental": 3.1,
        "pct_ensino_medio": 21.2,
        "pct_ensino_superior": 75.8,
        "pct_escolaridade_nao_informado": 0
      },
      "geometry": {
        "type": "Point",
        "coordinates": [
          -43.0584356,
          -22.9537053
        ]
      }
    },
    {
      "type": "Feature",
      "properties": {
        "ano": 2016,
        "nr_local": "1350",
        "nm_local": "ESCOLA MUNICIPAL MARALEGRE",
        "bairro": "CAFUBÁ",
        "total_eleitores": 2581,
        "pct_mulheres": 56.1,
        "pct_homens": 43.9,
        "pct_genero_nao_informado": 0,
        "pct_jovens_16_24": 14.1,
        "pct_adultos_25_59": 60.6,
        "pct_60_mais": 25.3,
        "pct_idade_nao_informado": 0,
        "pct_ate_fundamental": 29.6,
        "pct_ensino_medio": 46.2,
        "pct_ensino_superior": 24.1,
        "pct_escolaridade_nao_informado": 0
      },
      "geometry": {
        "type": "Point",
        "coordinates": [
          -43.0724233,
          -22.9362723
        ]
      }
    },
    {
      "type": "Feature",
      "properties": {
        "ano": 2016,
        "nr_local": "1368",
        "nm_local": "INSTITUTO SÃO JOSÉ",
        "bairro": "SANTA ROSA",
        "total_eleitores": 7319,
        "pct_mulheres": 56.5,
        "pct_homens": 43.5,
        "pct_genero_nao_informado": 0,
        "pct_jovens_16_24": 14.6,
        "pct_adultos_25_59": 66.8,
        "pct_60_mais": 18.6,
        "pct_idade_nao_informado": 0,
        "pct_ate_fundamental": 29.4,
        "pct_ensino_medio": 34.6,
        "pct_ensino_superior": 36,
        "pct_escolaridade_nao_informado": 0
      },
      "geometry": {
        "type": "Point",
        "coordinates": [
          -43.1018878,
          -22.901754
        ]
      }
    },
    {
      "type": "Feature",
      "properties": {
        "ano": 2016,
        "nr_local": "1376",
        "nm_local": "UNIVERSIDADE SALGADO DE OLIVEIRA - BL A",
        "bairro": null,
        "total_eleitores": 1994,
        "pct_mulheres": 56,
        "pct_homens": 44,
        "pct_genero_nao_informado": 0,
        "pct_jovens_16_24": 9.8,
        "pct_adultos_25_59": 67.8,
        "pct_60_mais": 22.4,
        "pct_idade_nao_informado": 0.1,
        "pct_ate_fundamental": 21.9,
        "pct_ensino_medio": 39.8,
        "pct_ensino_superior": 38.3,
        "pct_escolaridade_nao_informado": 0
      },
      "geometry": {
        "type": "Point",
        "coordinates": [
          -43.1221924,
          -22.8898672
        ]
      }
    },
    {
      "type": "Feature",
      "properties": {
        "ano": 2016,
        "nr_local": "1384",
        "nm_local": "UMEI OLGA BENÁRIO PRESTES",
        "bairro": "ENGENHO DO MATO",
        "total_eleitores": 3136,
        "pct_mulheres": 56.1,
        "pct_homens": 43.9,
        "pct_genero_nao_informado": 0,
        "pct_jovens_16_24": 13.4,
        "pct_adultos_25_59": 65.8,
        "pct_60_mais": 20.8,
        "pct_idade_nao_informado": 0,
        "pct_ate_fundamental": 20.4,
        "pct_ensino_medio": 43.4,
        "pct_ensino_superior": 36.2,
        "pct_escolaridade_nao_informado": 0
      },
      "geometry": {
        "type": "Point",
        "coordinates": [
          -43.0086653,
          -22.9354086
        ]
      }
    },
    {
      "type": "Feature",
      "properties": {
        "ano": 2016,
        "nr_local": "1392",
        "nm_local": "FACULDADE DE VETERINARIA DA UFF",
        "bairro": "VITAL BRASIL",
        "total_eleitores": 5031,
        "pct_mulheres": 55.9,
        "pct_homens": 44.1,
        "pct_genero_nao_informado": 0,
        "pct_jovens_16_24": 9.5,
        "pct_adultos_25_59": 68.3,
        "pct_60_mais": 22.2,
        "pct_idade_nao_informado": 0,
        "pct_ate_fundamental": 10.5,
        "pct_ensino_medio": 27.9,
        "pct_ensino_superior": 61.6,
        "pct_escolaridade_nao_informado": 0
      },
      "geometry": {
        "type": "Point",
        "coordinates": [
          -43.098407,
          -22.904908
        ]
      }
    },
    {
      "type": "Feature",
      "properties": {
        "ano": 2016,
        "nr_local": "1406",
        "nm_local": "COLÉGIO NITERÓI",
        "bairro": "ENGENHOCA",
        "total_eleitores": 6570,
        "pct_mulheres": 56.8,
        "pct_homens": 43.2,
        "pct_genero_nao_informado": 0,
        "pct_jovens_16_24": 13.5,
        "pct_adultos_25_59": 62.2,
        "pct_60_mais": 24.4,
        "pct_idade_nao_informado": 0,
        "pct_ate_fundamental": 18.3,
        "pct_ensino_medio": 39.5,
        "pct_ensino_superior": 42.2,
        "pct_escolaridade_nao_informado": 0
      },
      "geometry": {
        "type": "Point",
        "coordinates": [
          -43.1018717,
          -22.8706133
        ]
      }
    },
    {
      "type": "Feature",
      "properties": {
        "ano": 2016,
        "nr_local": "1414",
        "nm_local": "UNIVERSIDADE SALGADO DE OLIVEIRA - BL B (PRÓXIMO AO GUANABARA)",
        "bairro": "CENTRO",
        "total_eleitores": 2122,
        "pct_mulheres": 58,
        "pct_homens": 42,
        "pct_genero_nao_informado": 0,
        "pct_jovens_16_24": 9.8,
        "pct_adultos_25_59": 67.6,
        "pct_60_mais": 22.6,
        "pct_idade_nao_informado": 0,
        "pct_ate_fundamental": 19.3,
        "pct_ensino_medio": 44.2,
        "pct_ensino_superior": 36.5,
        "pct_escolaridade_nao_informado": 0
      },
      "geometry": {
        "type": "Point",
        "coordinates": [
          -43.1172001,
          -22.8893447
        ]
      }
    },
    {
      "type": "Feature",
      "properties": {
        "ano": 2016,
        "nr_local": "1422",
        "nm_local": "CLUBE PORTUGUES DE NITEROI",
        "bairro": "SÃO DOMINGOS",
        "total_eleitores": 481,
        "pct_mulheres": 53.6,
        "pct_homens": 46.4,
        "pct_genero_nao_informado": 0,
        "pct_jovens_16_24": 6.9,
        "pct_adultos_25_59": 70.7,
        "pct_60_mais": 22.5,
        "pct_idade_nao_informado": 0,
        "pct_ate_fundamental": 34.1,
        "pct_ensino_medio": 46.6,
        "pct_ensino_superior": 19.3,
        "pct_escolaridade_nao_informado": 0
      },
      "geometry": {
        "type": "Point",
        "coordinates": [
          -43.1274594,
          -22.9021482
        ]
      }
    },
    {
      "type": "Feature",
      "properties": {
        "ano": 2016,
        "nr_local": "1449",
        "nm_local": "CIEP 450 - BADU",
        "bairro": "BADU",
        "total_eleitores": 6328,
        "pct_mulheres": 52.9,
        "pct_homens": 47.1,
        "pct_genero_nao_informado": 0,
        "pct_jovens_16_24": 11.8,
        "pct_adultos_25_59": 69.5,
        "pct_60_mais": 18.6,
        "pct_idade_nao_informado": 0,
        "pct_ate_fundamental": 40.2,
        "pct_ensino_medio": 36,
        "pct_ensino_superior": 23.8,
        "pct_escolaridade_nao_informado": 0
      },
      "geometry": {
        "type": "Point",
        "coordinates": [
          -43.0566124,
          -22.9071974
        ]
      }
    },
    {
      "type": "Feature",
      "properties": {
        "ano": 2016,
        "nr_local": "1457",
        "nm_local": "ÁGUAS DE NITEROI",
        "bairro": "CENTRO",
        "total_eleitores": 2483,
        "pct_mulheres": 56.1,
        "pct_homens": 43.9,
        "pct_genero_nao_informado": 0,
        "pct_jovens_16_24": 9.7,
        "pct_adultos_25_59": 71.8,
        "pct_60_mais": 18.4,
        "pct_idade_nao_informado": 0,
        "pct_ate_fundamental": 45.1,
        "pct_ensino_medio": 44.7,
        "pct_ensino_superior": 10.1,
        "pct_escolaridade_nao_informado": 0
      },
      "geometry": {
        "type": "Point",
        "coordinates": [
          -43.1141378,
          -22.8915411
        ]
      }
    },
    {
      "type": "Feature",
      "properties": {
        "ano": 2016,
        "nr_local": "1465",
        "nm_local": "CENTRO UNIVERSITÁRIO ANHANGUERA (ANTIGO PLÍNIO LEITE)",
        "bairro": "CENTRO",
        "total_eleitores": 2966,
        "pct_mulheres": 54.4,
        "pct_homens": 45.6,
        "pct_genero_nao_informado": 0,
        "pct_jovens_16_24": 16.5,
        "pct_adultos_25_59": 64.6,
        "pct_60_mais": 18.8,
        "pct_idade_nao_informado": 0,
        "pct_ate_fundamental": 34.3,
        "pct_ensino_medio": 51.3,
        "pct_ensino_superior": 14.5,
        "pct_escolaridade_nao_informado": 0
      },
      "geometry": {
        "type": "Point",
        "coordinates": [
          -43.1245632,
          -22.8869267
        ]
      }
    },
    {
      "type": "Feature",
      "properties": {
        "ano": 2016,
        "nr_local": "1473",
        "nm_local": "COLÉGIO FORUM CULTURAL",
        "bairro": "CANTAGALO",
        "total_eleitores": 6381,
        "pct_mulheres": 53.5,
        "pct_homens": 46.5,
        "pct_genero_nao_informado": 0,
        "pct_jovens_16_24": 13.5,
        "pct_adultos_25_59": 69.2,
        "pct_60_mais": 17.4,
        "pct_idade_nao_informado": 0,
        "pct_ate_fundamental": 39.8,
        "pct_ensino_medio": 44.1,
        "pct_ensino_superior": 16.2,
        "pct_escolaridade_nao_informado": 0
      },
      "geometry": {
        "type": "Point",
        "coordinates": [
          -43.0490094,
          -22.9163184
        ]
      }
    },
    {
      "type": "Feature",
      "properties": {
        "ano": 2016,
        "nr_local": "1481",
        "nm_local": "ESCOLA MUNICIPAL MAESTRO HEITOR VILLA-LOBOS (''COLÉGIO NOVO'')",
        "bairro": "ILHA DA CONCEIÇÃO",
        "total_eleitores": 2214,
        "pct_mulheres": 54,
        "pct_homens": 46,
        "pct_genero_nao_informado": 0,
        "pct_jovens_16_24": 14,
        "pct_adultos_25_59": 65.7,
        "pct_60_mais": 20.3,
        "pct_idade_nao_informado": 0,
        "pct_ate_fundamental": 41.1,
        "pct_ensino_medio": 49.9,
        "pct_ensino_superior": 8.9,
        "pct_escolaridade_nao_informado": 0
      },
      "geometry": {
        "type": "Point",
        "coordinates": [
          -43.1156463,
          -22.8731482
        ]
      }
    },
    {
      "type": "Feature",
      "properties": {
        "ano": 2016,
        "nr_local": "1490",
        "nm_local": "IGREJA BATISTA DO FONSECA",
        "bairro": "FONSECA",
        "total_eleitores": 903,
        "pct_mulheres": 52.8,
        "pct_homens": 47.2,
        "pct_genero_nao_informado": 0,
        "pct_jovens_16_24": 10.9,
        "pct_adultos_25_59": 62.7,
        "pct_60_mais": 26.5,
        "pct_idade_nao_informado": 0,
        "pct_ate_fundamental": 24.9,
        "pct_ensino_medio": 43,
        "pct_ensino_superior": 32.1,
        "pct_escolaridade_nao_informado": 0
      },
      "geometry": {
        "type": "Point",
        "coordinates": [
          -43.0865383,
          -22.8810878
        ]
      }
    },
    {
      "type": "Feature",
      "properties": {
        "ano": 2016,
        "nr_local": "1503",
        "nm_local": "SERVICO DE ASSISTENCIA SOCIAL SAO DOMINGOS SAVIO",
        "bairro": "SANTA ROSA",
        "total_eleitores": 1863,
        "pct_mulheres": 56.3,
        "pct_homens": 43.7,
        "pct_genero_nao_informado": 0,
        "pct_jovens_16_24": 8.9,
        "pct_adultos_25_59": 64.5,
        "pct_60_mais": 26.6,
        "pct_idade_nao_informado": 0,
        "pct_ate_fundamental": 19.7,
        "pct_ensino_medio": 42.3,
        "pct_ensino_superior": 38,
        "pct_escolaridade_nao_informado": 0
      },
      "geometry": {
        "type": "Point",
        "coordinates": [
          -43.0928214,
          -22.8988024
        ]
      }
    },
    {
      "type": "Feature",
      "properties": {
        "ano": 2016,
        "nr_local": "1520",
        "nm_local": "ESCOLA MUNICIPAL LEVI CARNEIRO",
        "bairro": "SAPÊ",
        "total_eleitores": 5331,
        "pct_mulheres": 55,
        "pct_homens": 45,
        "pct_genero_nao_informado": 0,
        "pct_jovens_16_24": 11.9,
        "pct_adultos_25_59": 73.6,
        "pct_60_mais": 14.5,
        "pct_idade_nao_informado": 0,
        "pct_ate_fundamental": 39.4,
        "pct_ensino_medio": 43.6,
        "pct_ensino_superior": 17,
        "pct_escolaridade_nao_informado": 0
      },
      "geometry": {
        "type": "Point",
        "coordinates": [
          -43.0583864,
          -22.8961721
        ]
      }
    },
    {
      "type": "Feature",
      "properties": {
        "ano": 2016,
        "nr_local": "1538",
        "nm_local": "ESCOLA CATAVENTO ESPAÇO DE EDUCAÇÃO",
        "bairro": "SAPÊ",
        "total_eleitores": 3601,
        "pct_mulheres": 55,
        "pct_homens": 45,
        "pct_genero_nao_informado": 0,
        "pct_jovens_16_24": 18.3,
        "pct_adultos_25_59": 58.7,
        "pct_60_mais": 23.1,
        "pct_idade_nao_informado": 0,
        "pct_ate_fundamental": 18.6,
        "pct_ensino_medio": 41.7,
        "pct_ensino_superior": 39.7,
        "pct_escolaridade_nao_informado": 0
      },
      "geometry": {
        "type": "Point",
        "coordinates": [
          -43.0635188,
          -22.9024713
        ]
      }
    },
    {
      "type": "Feature",
      "properties": {
        "ano": 2016,
        "nr_local": "1546",
        "nm_local": "UNIVERSIDADE SALGADO DE OLIVEIRA - BL A",
        "bairro": "CENTRO",
        "total_eleitores": 2981,
        "pct_mulheres": 57.5,
        "pct_homens": 42.5,
        "pct_genero_nao_informado": 0,
        "pct_jovens_16_24": 13.8,
        "pct_adultos_25_59": 68.5,
        "pct_60_mais": 17.8,
        "pct_idade_nao_informado": 0,
        "pct_ate_fundamental": 29.3,
        "pct_ensino_medio": 36.8,
        "pct_ensino_superior": 33.9,
        "pct_escolaridade_nao_informado": 0
      },
      "geometry": {
        "type": "Point",
        "coordinates": [
          -43.1186087,
          -22.8894749
        ]
      }
    },
    {
      "type": "Feature",
      "properties": {
        "ano": 2016,
        "nr_local": "1554",
        "nm_local": "JARDIM ESCOLA GIRASSÓIS",
        "bairro": "LARGO DA BATALHA",
        "total_eleitores": 3594,
        "pct_mulheres": 52.1,
        "pct_homens": 47.9,
        "pct_genero_nao_informado": 0,
        "pct_jovens_16_24": 20.6,
        "pct_adultos_25_59": 63.9,
        "pct_60_mais": 15.5,
        "pct_idade_nao_informado": 0,
        "pct_ate_fundamental": 31.7,
        "pct_ensino_medio": 47.6,
        "pct_ensino_superior": 20.7,
        "pct_escolaridade_nao_informado": 0
      },
      "geometry": {
        "type": "Point",
        "coordinates": [
          -43.0652722,
          -22.9077414
        ]
      }
    },
    {
      "type": "Feature",
      "properties": {
        "ano": 2016,
        "nr_local": "1589",
        "nm_local": "COLÉGIO NOSSA SENHORA DAS MERCÊS",
        "bairro": "FONSECA",
        "total_eleitores": 1786,
        "pct_mulheres": 60.4,
        "pct_homens": 39.6,
        "pct_genero_nao_informado": 0,
        "pct_jovens_16_24": 18.1,
        "pct_adultos_25_59": 60.8,
        "pct_60_mais": 21.1,
        "pct_idade_nao_informado": 0,
        "pct_ate_fundamental": 40.6,
        "pct_ensino_medio": 47.6,
        "pct_ensino_superior": 11.8,
        "pct_escolaridade_nao_informado": 0
      },
      "geometry": {
        "type": "Point",
        "coordinates": [
          -43.1023535,
          -22.880345
        ]
      }
    },
    {
      "type": "Feature",
      "properties": {
        "ano": 2016,
        "nr_local": "1597",
        "nm_local": "COLÉGIO PONTO DE ENSINO",
        "bairro": "ICARAÍ",
        "total_eleitores": 4201,
        "pct_mulheres": 54.2,
        "pct_homens": 45.8,
        "pct_genero_nao_informado": 0,
        "pct_jovens_16_24": 12.5,
        "pct_adultos_25_59": 64.3,
        "pct_60_mais": 23.2,
        "pct_idade_nao_informado": 0,
        "pct_ate_fundamental": 27.9,
        "pct_ensino_medio": 34.1,
        "pct_ensino_superior": 38,
        "pct_escolaridade_nao_informado": 0
      },
      "geometry": {
        "type": "Point",
        "coordinates": [
          -43.1095209,
          -22.9092421
        ]
      }
    },
    {
      "type": "Feature",
      "properties": {
        "ano": 2016,
        "nr_local": "1600",
        "nm_local": "INSTITUTO DE EDUCAÇÃO PROFESSOR ISMAEL COUTINHO - IEPIC",
        "bairro": "SÃO DOMINGOS",
        "total_eleitores": 2702,
        "pct_mulheres": 59.6,
        "pct_homens": 40.4,
        "pct_genero_nao_informado": 0,
        "pct_jovens_16_24": 10,
        "pct_adultos_25_59": 59.2,
        "pct_60_mais": 30.8,
        "pct_idade_nao_informado": 0,
        "pct_ate_fundamental": 15.4,
        "pct_ensino_medio": 28.6,
        "pct_ensino_superior": 56.1,
        "pct_escolaridade_nao_informado": 0
      },
      "geometry": {
        "type": "Point",
        "coordinates": [
          -43.1271052,
          -22.8989767
        ]
      }
    },
    {
      "type": "Feature",
      "properties": {
        "ano": 2016,
        "nr_local": "1635",
        "nm_local": "ESCOLA MUNICIPAL DOM JOSÉ PEREIRA ALVES",
        "bairro": "FONSECA",
        "total_eleitores": 4017,
        "pct_mulheres": 57.7,
        "pct_homens": 42.3,
        "pct_genero_nao_informado": 0,
        "pct_jovens_16_24": 7.1,
        "pct_adultos_25_59": 64.5,
        "pct_60_mais": 28.4,
        "pct_idade_nao_informado": 0,
        "pct_ate_fundamental": 15.4,
        "pct_ensino_medio": 22.1,
        "pct_ensino_superior": 62.5,
        "pct_escolaridade_nao_informado": 0
      },
      "geometry": {
        "type": "Point",
        "coordinates": [
          -43.0920686,
          -22.8783038
        ]
      }
    },
    {
      "type": "Feature",
      "properties": {
        "ano": 2016,
        "nr_local": "1643",
        "nm_local": "CENTRO MODERNO ALZIRA BITTENCOURT",
        "bairro": "ICARAÍ",
        "total_eleitores": 1721,
        "pct_mulheres": 54.4,
        "pct_homens": 45.6,
        "pct_genero_nao_informado": 0,
        "pct_jovens_16_24": 15.3,
        "pct_adultos_25_59": 61.9,
        "pct_60_mais": 22.7,
        "pct_idade_nao_informado": 0,
        "pct_ate_fundamental": 7.6,
        "pct_ensino_medio": 24.3,
        "pct_ensino_superior": 68,
        "pct_escolaridade_nao_informado": 0
      },
      "geometry": {
        "type": "Point",
        "coordinates": [
          -43.110746,
          -22.9012326
        ]
      }
    },
    {
      "type": "Feature",
      "properties": {
        "ano": 2016,
        "nr_local": "1660",
        "nm_local": "CLUBE CENTRAL",
        "bairro": "ICARAÍ",
        "total_eleitores": 475,
        "pct_mulheres": 55.2,
        "pct_homens": 44.8,
        "pct_genero_nao_informado": 0,
        "pct_jovens_16_24": 10.3,
        "pct_adultos_25_59": 59.2,
        "pct_60_mais": 30.3,
        "pct_idade_nao_informado": 0.2,
        "pct_ate_fundamental": 20.4,
        "pct_ensino_medio": 27.2,
        "pct_ensino_superior": 52.4,
        "pct_escolaridade_nao_informado": 0
      },
      "geometry": {
        "type": "Point",
        "coordinates": [
          -43.111789,
          -22.9075784
        ]
      }
    },
    {
      "type": "Feature",
      "properties": {
        "ano": 2016,
        "nr_local": "1716",
        "nm_local": "ESCOLA VIVINFÂNCIA",
        "bairro": "ICARAÍ",
        "total_eleitores": 1833,
        "pct_mulheres": 54.8,
        "pct_homens": 45.2,
        "pct_genero_nao_informado": 0,
        "pct_jovens_16_24": 11.3,
        "pct_adultos_25_59": 59.8,
        "pct_60_mais": 28.8,
        "pct_idade_nao_informado": 0,
        "pct_ate_fundamental": 11.4,
        "pct_ensino_medio": 23.8,
        "pct_ensino_superior": 64.8,
        "pct_escolaridade_nao_informado": 0
      },
      "geometry": {
        "type": "Point",
        "coordinates": [
          -43.1056898,
          -22.9079727
        ]
      }
    },
    {
      "type": "Feature",
      "properties": {
        "ano": 2016,
        "nr_local": "1732",
        "nm_local": "CLUBE NAVAL",
        "bairro": "JURUJUBA",
        "total_eleitores": 875,
        "pct_mulheres": 55.2,
        "pct_homens": 44.8,
        "pct_genero_nao_informado": 0,
        "pct_jovens_16_24": 11.5,
        "pct_adultos_25_59": 63.7,
        "pct_60_mais": 24.8,
        "pct_idade_nao_informado": 0,
        "pct_ate_fundamental": 21.8,
        "pct_ensino_medio": 32.7,
        "pct_ensino_superior": 45.5,
        "pct_escolaridade_nao_informado": 0
      },
      "geometry": {
        "type": "Point",
        "coordinates": [
          -43.1068139,
          -22.935737
        ]
      }
    },
    {
      "type": "Feature",
      "properties": {
        "ano": 2016,
        "nr_local": "1740",
        "nm_local": "ESCOLA MUNICIPAL PROFESSORA ELVIRA LÚCIA ESTEVES DE VASCONCELOS",
        "bairro": "ICARAÍ",
        "total_eleitores": 276,
        "pct_mulheres": 52.2,
        "pct_homens": 47.8,
        "pct_genero_nao_informado": 0,
        "pct_jovens_16_24": 51.8,
        "pct_adultos_25_59": 43.1,
        "pct_60_mais": 5.1,
        "pct_idade_nao_informado": 0,
        "pct_ate_fundamental": 4.3,
        "pct_ensino_medio": 50.7,
        "pct_ensino_superior": 44.9,
        "pct_escolaridade_nao_informado": 0
      },
      "geometry": {
        "type": "Point",
        "coordinates": [
          -43.1073245,
          -22.9111671
        ]
      }
    },
    {
      "type": "Feature",
      "properties": {
        "ano": 2018,
        "nr_local": "1015",
        "nm_local": "INSTITUTO JCA",
        "bairro": "SANTA BARBARA",
        "total_eleitores": 9546,
        "pct_mulheres": 54.4,
        "pct_homens": 45.6,
        "pct_genero_nao_informado": 0,
        "pct_jovens_16_24": 12,
        "pct_adultos_25_59": 64.5,
        "pct_60_mais": 23.5,
        "pct_idade_nao_informado": 0,
        "pct_ate_fundamental": 19.9,
        "pct_ensino_medio": 34.4,
        "pct_ensino_superior": 45.7,
        "pct_escolaridade_nao_informado": 0
      },
      "geometry": {
        "type": "Point",
        "coordinates": [
          -43.0585179,
          -22.882301
        ]
      }
    },
    {
      "type": "Feature",
      "properties": {
        "ano": 2018,
        "nr_local": "1023",
        "nm_local": "PAROQUIA DE SAO JOAO BATISTA",
        "bairro": "TENENTE JARDIM",
        "total_eleitores": 2911,
        "pct_mulheres": 54.7,
        "pct_homens": 45.3,
        "pct_genero_nao_informado": 0,
        "pct_jovens_16_24": 14.3,
        "pct_adultos_25_59": 60.6,
        "pct_60_mais": 25.1,
        "pct_idade_nao_informado": 0,
        "pct_ate_fundamental": 26.2,
        "pct_ensino_medio": 41.4,
        "pct_ensino_superior": 32.4,
        "pct_escolaridade_nao_informado": 0
      },
      "geometry": {
        "type": "Point",
        "coordinates": [
          -43.0827273,
          -22.8639855
        ]
      }
    },
    {
      "type": "Feature",
      "properties": {
        "ano": 2018,
        "nr_local": "1031",
        "nm_local": "(PRÉDIO NOVO) COLÉGIO PEDRO II UNIDADE NITERÓI",
        "bairro": "BARRETO",
        "total_eleitores": 7038,
        "pct_mulheres": 55.3,
        "pct_homens": 44.7,
        "pct_genero_nao_informado": 0,
        "pct_jovens_16_24": 11.3,
        "pct_adultos_25_59": 65.7,
        "pct_60_mais": 23,
        "pct_idade_nao_informado": 0,
        "pct_ate_fundamental": 31.9,
        "pct_ensino_medio": 43.6,
        "pct_ensino_superior": 24.5,
        "pct_escolaridade_nao_informado": 0
      },
      "geometry": {
        "type": "Point",
        "coordinates": [
          -43.1037833,
          -22.8685685
        ]
      }
    },
    {
      "type": "Feature",
      "properties": {
        "ano": 2018,
        "nr_local": "1040",
        "nm_local": "CIEP 447 - CARAMUJO",
        "bairro": "CARAMUJO",
        "total_eleitores": 4340,
        "pct_mulheres": 54.8,
        "pct_homens": 45.2,
        "pct_genero_nao_informado": 0,
        "pct_jovens_16_24": 13.7,
        "pct_adultos_25_59": 67.7,
        "pct_60_mais": 18.6,
        "pct_idade_nao_informado": 0,
        "pct_ate_fundamental": 42.6,
        "pct_ensino_medio": 48.1,
        "pct_ensino_superior": 9.3,
        "pct_escolaridade_nao_informado": 0
      },
      "geometry": {
        "type": "Point",
        "coordinates": [
          -43.065134,
          -22.8827294
        ]
      }
    },
    {
      "type": "Feature",
      "properties": {
        "ano": 2018,
        "nr_local": "1066",
        "nm_local": "ITACOATIARA PAMPO CLUBE",
        "bairro": "ITACOATIARA",
        "total_eleitores": 2409,
        "pct_mulheres": 49,
        "pct_homens": 51,
        "pct_genero_nao_informado": 0,
        "pct_jovens_16_24": 4.3,
        "pct_adultos_25_59": 67.7,
        "pct_60_mais": 28,
        "pct_idade_nao_informado": 0,
        "pct_ate_fundamental": 4.4,
        "pct_ensino_medio": 21.2,
        "pct_ensino_superior": 74.4,
        "pct_escolaridade_nao_informado": 0
      },
      "geometry": {
        "type": "Point",
        "coordinates": [
          -43.0332117,
          -22.9646939
        ]
      }
    },
    {
      "type": "Feature",
      "properties": {
        "ano": 2018,
        "nr_local": "1074",
        "nm_local": "COLEGIO ESTADUAL PAULO ASSIS RIBEIRO",
        "bairro": "BADU",
        "total_eleitores": 9305,
        "pct_mulheres": 53.1,
        "pct_homens": 46.9,
        "pct_genero_nao_informado": 0,
        "pct_jovens_16_24": 12.5,
        "pct_adultos_25_59": 67.7,
        "pct_60_mais": 19.8,
        "pct_idade_nao_informado": 0,
        "pct_ate_fundamental": 21.4,
        "pct_ensino_medio": 41,
        "pct_ensino_superior": 37.6,
        "pct_escolaridade_nao_informado": 0
      },
      "geometry": {
        "type": "Point",
        "coordinates": [
          -43.0573891,
          -22.9068537
        ]
      }
    },
    {
      "type": "Feature",
      "properties": {
        "ano": 2018,
        "nr_local": "1082",
        "nm_local": "UMEI DR PAULO CESAR DE ALMEIDA PIMENTEL",
        "bairro": "ITAIPU",
        "total_eleitores": 3222,
        "pct_mulheres": 52.1,
        "pct_homens": 47.9,
        "pct_genero_nao_informado": 0,
        "pct_jovens_16_24": 10.1,
        "pct_adultos_25_59": 66.9,
        "pct_60_mais": 23,
        "pct_idade_nao_informado": 0,
        "pct_ate_fundamental": 13.9,
        "pct_ensino_medio": 35.3,
        "pct_ensino_superior": 50.8,
        "pct_escolaridade_nao_informado": 0
      },
      "geometry": {
        "type": "Point",
        "coordinates": [
          -43.0327165,
          -22.9614459
        ]
      }
    },
    {
      "type": "Feature",
      "properties": {
        "ano": 2018,
        "nr_local": "1090",
        "nm_local": "COLÉGIO ESTADUAL PROFESSORA ALCINA RODRIGUES LIMA",
        "bairro": "ITAIPU",
        "total_eleitores": 7312,
        "pct_mulheres": 53,
        "pct_homens": 47,
        "pct_genero_nao_informado": 0,
        "pct_jovens_16_24": 12.2,
        "pct_adultos_25_59": 62.1,
        "pct_60_mais": 25.7,
        "pct_idade_nao_informado": 0,
        "pct_ate_fundamental": 18.7,
        "pct_ensino_medio": 40.3,
        "pct_ensino_superior": 40.9,
        "pct_escolaridade_nao_informado": 0
      },
      "geometry": {
        "type": "Point",
        "coordinates": [
          -43.0285072,
          -22.9528491
        ]
      }
    },
    {
      "type": "Feature",
      "properties": {
        "ano": 2018,
        "nr_local": "1104",
        "nm_local": "ESCOLA MUNICIPAL ALTIVO CESAR",
        "bairro": "BARRETO",
        "total_eleitores": 8300,
        "pct_mulheres": 56.3,
        "pct_homens": 43.7,
        "pct_genero_nao_informado": 0,
        "pct_jovens_16_24": 10.5,
        "pct_adultos_25_59": 65.5,
        "pct_60_mais": 24,
        "pct_idade_nao_informado": 0,
        "pct_ate_fundamental": 15.7,
        "pct_ensino_medio": 35.9,
        "pct_ensino_superior": 48.4,
        "pct_escolaridade_nao_informado": 0
      },
      "geometry": {
        "type": "Point",
        "coordinates": [
          -43.0995714,
          -22.8645343
        ]
      }
    },
    {
      "type": "Feature",
      "properties": {
        "ano": 2018,
        "nr_local": "1112",
        "nm_local": "COLÉGIO SALESIANO REGIÃO OCEÂNICA",
        "bairro": "PIRATININGA",
        "total_eleitores": 12946,
        "pct_mulheres": 56.3,
        "pct_homens": 43.7,
        "pct_genero_nao_informado": 0,
        "pct_jovens_16_24": 11.7,
        "pct_adultos_25_59": 63.2,
        "pct_60_mais": 25.1,
        "pct_idade_nao_informado": 0,
        "pct_ate_fundamental": 36.3,
        "pct_ensino_medio": 40.3,
        "pct_ensino_superior": 23.3,
        "pct_escolaridade_nao_informado": 0
      },
      "geometry": {
        "type": "Point",
        "coordinates": [
          -43.0618731,
          -22.9393022
        ]
      }
    },
    {
      "type": "Feature",
      "properties": {
        "ano": 2018,
        "nr_local": "1120",
        "nm_local": "COLÉGIO ESTADUAL ALMIRANTE TAMANDARÉ",
        "bairro": "PIRATININGA",
        "total_eleitores": 3503,
        "pct_mulheres": 52.8,
        "pct_homens": 47.2,
        "pct_genero_nao_informado": 0,
        "pct_jovens_16_24": 6.1,
        "pct_adultos_25_59": 65.9,
        "pct_60_mais": 28.1,
        "pct_idade_nao_informado": 0,
        "pct_ate_fundamental": 24,
        "pct_ensino_medio": 35.2,
        "pct_ensino_superior": 40.8,
        "pct_escolaridade_nao_informado": 0
      },
      "geometry": {
        "type": "Point",
        "coordinates": [
          -43.0916732,
          -22.9512083
        ]
      }
    },
    {
      "type": "Feature",
      "properties": {
        "ano": 2018,
        "nr_local": "1139",
        "nm_local": "ESCOLA MUNICIPAL FRANCISCO PORTUGAL NEVES",
        "bairro": "PIRATININGA",
        "total_eleitores": 3435,
        "pct_mulheres": 55.8,
        "pct_homens": 44.2,
        "pct_genero_nao_informado": 0,
        "pct_jovens_16_24": 12.2,
        "pct_adultos_25_59": 61.7,
        "pct_60_mais": 26.1,
        "pct_idade_nao_informado": 0,
        "pct_ate_fundamental": 39.4,
        "pct_ensino_medio": 37.1,
        "pct_ensino_superior": 23.5,
        "pct_escolaridade_nao_informado": 0
      },
      "geometry": {
        "type": "Point",
        "coordinates": [
          -43.056665,
          -22.942363
        ]
      }
    },
    {
      "type": "Feature",
      "properties": {
        "ano": 2018,
        "nr_local": "1147",
        "nm_local": "ESCOLA MUNICIPAL VERA LUCIA MACHADO",
        "bairro": "BADU",
        "total_eleitores": 2513,
        "pct_mulheres": 56,
        "pct_homens": 44,
        "pct_genero_nao_informado": 0,
        "pct_jovens_16_24": 10.8,
        "pct_adultos_25_59": 69.8,
        "pct_60_mais": 19.3,
        "pct_idade_nao_informado": 0,
        "pct_ate_fundamental": 38.7,
        "pct_ensino_medio": 43.2,
        "pct_ensino_superior": 18.1,
        "pct_escolaridade_nao_informado": 0
      },
      "geometry": {
        "type": "Point",
        "coordinates": [
          -43.0500355,
          -22.9045
        ]
      }
    },
    {
      "type": "Feature",
      "properties": {
        "ano": 2018,
        "nr_local": "1155",
        "nm_local": "COLÉGIO ITAPUCA",
        "bairro": "PIRATININGA",
        "total_eleitores": 5101,
        "pct_mulheres": 54.9,
        "pct_homens": 45.1,
        "pct_genero_nao_informado": 0,
        "pct_jovens_16_24": 5.1,
        "pct_adultos_25_59": 68.7,
        "pct_60_mais": 26.2,
        "pct_idade_nao_informado": 0,
        "pct_ate_fundamental": 19.3,
        "pct_ensino_medio": 30.4,
        "pct_ensino_superior": 50.2,
        "pct_escolaridade_nao_informado": 0
      },
      "geometry": {
        "type": "Point",
        "coordinates": [
          -43.0593249,
          -22.9437854
        ]
      }
    },
    {
      "type": "Feature",
      "properties": {
        "ano": 2018,
        "nr_local": "1163",
        "nm_local": "COLÉGIO ESTADUAL CONSELHEIRO MACEDO SOARES",
        "bairro": "BARRETO",
        "total_eleitores": 5156,
        "pct_mulheres": 54.2,
        "pct_homens": 45.8,
        "pct_genero_nao_informado": 0,
        "pct_jovens_16_24": 13.7,
        "pct_adultos_25_59": 63.6,
        "pct_60_mais": 22.7,
        "pct_idade_nao_informado": 0,
        "pct_ate_fundamental": 29.1,
        "pct_ensino_medio": 48.8,
        "pct_ensino_superior": 22.1,
        "pct_escolaridade_nao_informado": 0
      },
      "geometry": {
        "type": "Point",
        "coordinates": [
          -43.0924035,
          -22.8622231
        ]
      }
    },
    {
      "type": "Feature",
      "properties": {
        "ano": 2018,
        "nr_local": "1171",
        "nm_local": "ESCOLA MUNICIPAL ANTONIO COUTINHO DE AZEVEDO",
        "bairro": "SANTA BARBARA",
        "total_eleitores": 4787,
        "pct_mulheres": 56.3,
        "pct_homens": 43.7,
        "pct_genero_nao_informado": 0,
        "pct_jovens_16_24": 13.7,
        "pct_adultos_25_59": 64.8,
        "pct_60_mais": 21.5,
        "pct_idade_nao_informado": 0,
        "pct_ate_fundamental": 32.2,
        "pct_ensino_medio": 50.2,
        "pct_ensino_superior": 17.7,
        "pct_escolaridade_nao_informado": 0
      },
      "geometry": {
        "type": "Point",
        "coordinates": [
          -43.04869,
          -22.8756043
        ]
      }
    },
    {
      "type": "Feature",
      "properties": {
        "ano": 2018,
        "nr_local": "1180",
        "nm_local": "ESCOLA MUNICIPAL RACHIDE DA GLORIA SALIM SAKER",
        "bairro": "SANTA BARBARA",
        "total_eleitores": 2968,
        "pct_mulheres": 53.8,
        "pct_homens": 46.2,
        "pct_genero_nao_informado": 0,
        "pct_jovens_16_24": 18,
        "pct_adultos_25_59": 64,
        "pct_60_mais": 18,
        "pct_idade_nao_informado": 0,
        "pct_ate_fundamental": 30.6,
        "pct_ensino_medio": 52,
        "pct_ensino_superior": 17.4,
        "pct_escolaridade_nao_informado": 0
      },
      "geometry": {
        "type": "Point",
        "coordinates": [
          -43.0488967,
          -22.8766134
        ]
      }
    },
    {
      "type": "Feature",
      "properties": {
        "ano": 2018,
        "nr_local": "1198",
        "nm_local": "CIEP 448 RUY FRAZÃO SOARES",
        "bairro": "ITAIPU",
        "total_eleitores": 4290,
        "pct_mulheres": 54.8,
        "pct_homens": 45.2,
        "pct_genero_nao_informado": 0,
        "pct_jovens_16_24": 11.3,
        "pct_adultos_25_59": 70.1,
        "pct_60_mais": 18.6,
        "pct_idade_nao_informado": 0,
        "pct_ate_fundamental": 32.1,
        "pct_ensino_medio": 40.3,
        "pct_ensino_superior": 27.6,
        "pct_escolaridade_nao_informado": 0
      },
      "geometry": {
        "type": "Point",
        "coordinates": [
          -43.0092644,
          -22.9356576
        ]
      }
    },
    {
      "type": "Feature",
      "properties": {
        "ano": 2018,
        "nr_local": "1201",
        "nm_local": "OFICINAS DO SENAI",
        "bairro": "BARRETO",
        "total_eleitores": 352,
        "pct_mulheres": 49.1,
        "pct_homens": 50.9,
        "pct_genero_nao_informado": 0,
        "pct_jovens_16_24": 3.1,
        "pct_adultos_25_59": 56,
        "pct_60_mais": 40.9,
        "pct_idade_nao_informado": 0,
        "pct_ate_fundamental": 23.3,
        "pct_ensino_medio": 44.3,
        "pct_ensino_superior": 32.4,
        "pct_escolaridade_nao_informado": 0
      },
      "geometry": {
        "type": "Point",
        "coordinates": [
          -43.1026046,
          -22.8614396
        ]
      }
    },
    {
      "type": "Feature",
      "properties": {
        "ano": 2018,
        "nr_local": "1210",
        "nm_local": "TIO SAM ESPORTE CLUBE",
        "bairro": "BARRETO",
        "total_eleitores": 3854,
        "pct_mulheres": 56.3,
        "pct_homens": 43.7,
        "pct_genero_nao_informado": 0,
        "pct_jovens_16_24": 5.1,
        "pct_adultos_25_59": 69.1,
        "pct_60_mais": 25.8,
        "pct_idade_nao_informado": 0,
        "pct_ate_fundamental": 20.5,
        "pct_ensino_medio": 45.9,
        "pct_ensino_superior": 33.6,
        "pct_escolaridade_nao_informado": 0
      },
      "geometry": {
        "type": "Point",
        "coordinates": [
          -43.104502,
          -22.8719306
        ]
      }
    },
    {
      "type": "Feature",
      "properties": {
        "ano": 2018,
        "nr_local": "1236",
        "nm_local": "COLÉGIO ESTADUAL MULLULO DA VEIGA",
        "bairro": "ENGENHOCA",
        "total_eleitores": 3064,
        "pct_mulheres": 53.9,
        "pct_homens": 46.1,
        "pct_genero_nao_informado": 0,
        "pct_jovens_16_24": 18.8,
        "pct_adultos_25_59": 57,
        "pct_60_mais": 24.2,
        "pct_idade_nao_informado": 0,
        "pct_ate_fundamental": 36.1,
        "pct_ensino_medio": 50.8,
        "pct_ensino_superior": 13.1,
        "pct_escolaridade_nao_informado": 0
      },
      "geometry": {
        "type": "Point",
        "coordinates": [
          -43.0988892,
          -22.8708282
        ]
      }
    },
    {
      "type": "Feature",
      "properties": {
        "ano": 2018,
        "nr_local": "1244",
        "nm_local": "ESCOLA ESTADUAL MANUEL DE ABREU",
        "bairro": "ICARAÍ",
        "total_eleitores": 6662,
        "pct_mulheres": 55.7,
        "pct_homens": 44.3,
        "pct_genero_nao_informado": 0,
        "pct_jovens_16_24": 10.2,
        "pct_adultos_25_59": 65.5,
        "pct_60_mais": 24.4,
        "pct_idade_nao_informado": 0,
        "pct_ate_fundamental": 12.3,
        "pct_ensino_medio": 31.2,
        "pct_ensino_superior": 56.6,
        "pct_escolaridade_nao_informado": 0
      },
      "geometry": {
        "type": "Point",
        "coordinates": [
          -43.1071569,
          -22.9023086
        ]
      }
    },
    {
      "type": "Feature",
      "properties": {
        "ano": 2018,
        "nr_local": "1252",
        "nm_local": "ESCOLA MUNICIPAL ADELINO MAGALHÃES",
        "bairro": "ENGENHOCA",
        "total_eleitores": 6482,
        "pct_mulheres": 54.4,
        "pct_homens": 45.6,
        "pct_genero_nao_informado": 0,
        "pct_jovens_16_24": 11.7,
        "pct_adultos_25_59": 66.7,
        "pct_60_mais": 21.6,
        "pct_idade_nao_informado": 0,
        "pct_ate_fundamental": 36.7,
        "pct_ensino_medio": 44.3,
        "pct_ensino_superior": 19,
        "pct_escolaridade_nao_informado": 0
      },
      "geometry": {
        "type": "Point",
        "coordinates": [
          -43.0944571,
          -22.8739038
        ]
      }
    },
    {
      "type": "Feature",
      "properties": {
        "ano": 2018,
        "nr_local": "1260",
        "nm_local": "INSTITUTO ABEL",
        "bairro": "ICARAÍ",
        "total_eleitores": 9937,
        "pct_mulheres": 55.5,
        "pct_homens": 44.5,
        "pct_genero_nao_informado": 0,
        "pct_jovens_16_24": 12.2,
        "pct_adultos_25_59": 64.3,
        "pct_60_mais": 23.5,
        "pct_idade_nao_informado": 0,
        "pct_ate_fundamental": 6.2,
        "pct_ensino_medio": 30.9,
        "pct_ensino_superior": 62.9,
        "pct_escolaridade_nao_informado": 0
      },
      "geometry": {
        "type": "Point",
        "coordinates": [
          -43.1094942,
          -22.9004168
        ]
      }
    },
    {
      "type": "Feature",
      "properties": {
        "ano": 2018,
        "nr_local": "1279",
        "nm_local": "INSTITUTO FOKUS (ANTIGO INTERAÇÃO CRECHE ESCOLA)",
        "bairro": "CAMBOINHAS",
        "total_eleitores": 1383,
        "pct_mulheres": 53.7,
        "pct_homens": 46.3,
        "pct_genero_nao_informado": 0,
        "pct_jovens_16_24": 8.6,
        "pct_adultos_25_59": 65.4,
        "pct_60_mais": 26,
        "pct_idade_nao_informado": 0,
        "pct_ate_fundamental": 2.3,
        "pct_ensino_medio": 20.9,
        "pct_ensino_superior": 76.8,
        "pct_escolaridade_nao_informado": 0
      },
      "geometry": {
        "type": "Point",
        "coordinates": [
          -43.062822,
          -22.9542456
        ]
      }
    },
    {
      "type": "Feature",
      "properties": {
        "ano": 2018,
        "nr_local": "1287",
        "nm_local": "ESCOLA MUNICIPAL PROF MARCOS WALDEMAR DE FREITAS REIS",
        "bairro": "ITAIPU",
        "total_eleitores": 1156,
        "pct_mulheres": 52.7,
        "pct_homens": 47.3,
        "pct_genero_nao_informado": 0,
        "pct_jovens_16_24": 19.4,
        "pct_adultos_25_59": 63.1,
        "pct_60_mais": 17.6,
        "pct_idade_nao_informado": 0,
        "pct_ate_fundamental": 11.7,
        "pct_ensino_medio": 32.3,
        "pct_ensino_superior": 56.1,
        "pct_escolaridade_nao_informado": 0
      },
      "geometry": {
        "type": "Point",
        "coordinates": [
          -43.0330724,
          -22.9615628
        ]
      }
    },
    {
      "type": "Feature",
      "properties": {
        "ano": 2018,
        "nr_local": "1295",
        "nm_local": "UMEI PROFA ODETE ROSA DA MOTA",
        "bairro": "ITAIPU",
        "total_eleitores": 8890,
        "pct_mulheres": 55.1,
        "pct_homens": 44.9,
        "pct_genero_nao_informado": 0,
        "pct_jovens_16_24": 12.3,
        "pct_adultos_25_59": 61.2,
        "pct_60_mais": 26.5,
        "pct_idade_nao_informado": 0,
        "pct_ate_fundamental": 13.4,
        "pct_ensino_medio": 33.1,
        "pct_ensino_superior": 53.4,
        "pct_escolaridade_nao_informado": 0
      },
      "geometry": {
        "type": "Point",
        "coordinates": [
          -43.02859,
          -22.9532368
        ]
      }
    },
    {
      "type": "Feature",
      "properties": {
        "ano": 2018,
        "nr_local": "1309",
        "nm_local": "CURSO MARLY CURY",
        "bairro": "SANTA ROSA",
        "total_eleitores": 4070,
        "pct_mulheres": 57.5,
        "pct_homens": 42.5,
        "pct_genero_nao_informado": 0,
        "pct_jovens_16_24": 9.3,
        "pct_adultos_25_59": 65.1,
        "pct_60_mais": 25.6,
        "pct_idade_nao_informado": 0,
        "pct_ate_fundamental": 4.1,
        "pct_ensino_medio": 22.6,
        "pct_ensino_superior": 73.3,
        "pct_escolaridade_nao_informado": 0
      },
      "geometry": {
        "type": "Point",
        "coordinates": [
          -43.1019227,
          -22.9054777
        ]
      }
    },
    {
      "type": "Feature",
      "properties": {
        "ano": 2018,
        "nr_local": "1317",
        "nm_local": "ESCOLA ESTADUAL BALTAZAR BERNARDINO",
        "bairro": "SANTA ROSA",
        "total_eleitores": 7796,
        "pct_mulheres": 55,
        "pct_homens": 45,
        "pct_genero_nao_informado": 0,
        "pct_jovens_16_24": 14.4,
        "pct_adultos_25_59": 61.8,
        "pct_60_mais": 23.8,
        "pct_idade_nao_informado": 0,
        "pct_ate_fundamental": 15.6,
        "pct_ensino_medio": 36,
        "pct_ensino_superior": 48.4,
        "pct_escolaridade_nao_informado": 0
      },
      "geometry": {
        "type": "Point",
        "coordinates": [
          -43.1012931,
          -22.9032359
        ]
      }
    },
    {
      "type": "Feature",
      "properties": {
        "ano": 2018,
        "nr_local": "1325",
        "nm_local": "ESCOLA MUNICIPAL SÍTIO DO IPÊ",
        "bairro": "MARIA PAULA",
        "total_eleitores": 6358,
        "pct_mulheres": 57.5,
        "pct_homens": 42.5,
        "pct_genero_nao_informado": 0,
        "pct_jovens_16_24": 18.2,
        "pct_adultos_25_59": 60.2,
        "pct_60_mais": 21.6,
        "pct_idade_nao_informado": 0,
        "pct_ate_fundamental": 28.2,
        "pct_ensino_medio": 44.6,
        "pct_ensino_superior": 27.2,
        "pct_escolaridade_nao_informado": 0
      },
      "geometry": {
        "type": "Point",
        "coordinates": [
          -43.0267087,
          -22.8821134
        ]
      }
    },
    {
      "type": "Feature",
      "properties": {
        "ano": 2018,
        "nr_local": "1333",
        "nm_local": "ESCOLA ME NINAR",
        "bairro": "ITAIPU",
        "total_eleitores": 3612,
        "pct_mulheres": 57.3,
        "pct_homens": 42.7,
        "pct_genero_nao_informado": 0,
        "pct_jovens_16_24": 16.3,
        "pct_adultos_25_59": 62,
        "pct_60_mais": 21.8,
        "pct_idade_nao_informado": 0,
        "pct_ate_fundamental": 11.6,
        "pct_ensino_medio": 35.2,
        "pct_ensino_superior": 53.2,
        "pct_escolaridade_nao_informado": 0
      },
      "geometry": {
        "type": "Point",
        "coordinates": [
          -43.0442198,
          -22.9408099
        ]
      }
    },
    {
      "type": "Feature",
      "properties": {
        "ano": 2018,
        "nr_local": "1341",
        "nm_local": "SOPRECAM",
        "bairro": "CAMBOINHAS",
        "total_eleitores": 524,
        "pct_mulheres": 53.6,
        "pct_homens": 46.4,
        "pct_genero_nao_informado": 0,
        "pct_jovens_16_24": 9.2,
        "pct_adultos_25_59": 54,
        "pct_60_mais": 36.8,
        "pct_idade_nao_informado": 0,
        "pct_ate_fundamental": 2.5,
        "pct_ensino_medio": 22.5,
        "pct_ensino_superior": 75,
        "pct_escolaridade_nao_informado": 0
      },
      "geometry": {
        "type": "Point",
        "coordinates": [
          -43.0584356,
          -22.9537053
        ]
      }
    },
    {
      "type": "Feature",
      "properties": {
        "ano": 2018,
        "nr_local": "1350",
        "nm_local": "ESCOLA MUNICIPAL MARALEGRE",
        "bairro": "CAFUBÁ",
        "total_eleitores": 1311,
        "pct_mulheres": 58.4,
        "pct_homens": 41.6,
        "pct_genero_nao_informado": 0,
        "pct_jovens_16_24": 18.5,
        "pct_adultos_25_59": 55.8,
        "pct_60_mais": 25.7,
        "pct_idade_nao_informado": 0,
        "pct_ate_fundamental": 31.1,
        "pct_ensino_medio": 48.1,
        "pct_ensino_superior": 20.8,
        "pct_escolaridade_nao_informado": 0
      },
      "geometry": {
        "type": "Point",
        "coordinates": [
          -43.0724233,
          -22.9362723
        ]
      }
    },
    {
      "type": "Feature",
      "properties": {
        "ano": 2018,
        "nr_local": "1368",
        "nm_local": "INSTITUTO SÃO JOSÉ",
        "bairro": "SANTA ROSA",
        "total_eleitores": 7954,
        "pct_mulheres": 56.4,
        "pct_homens": 43.6,
        "pct_genero_nao_informado": 0,
        "pct_jovens_16_24": 14.9,
        "pct_adultos_25_59": 65.2,
        "pct_60_mais": 19.9,
        "pct_idade_nao_informado": 0,
        "pct_ate_fundamental": 28,
        "pct_ensino_medio": 36.1,
        "pct_ensino_superior": 35.9,
        "pct_escolaridade_nao_informado": 0
      },
      "geometry": {
        "type": "Point",
        "coordinates": [
          -43.1018878,
          -22.901754
        ]
      }
    },
    {
      "type": "Feature",
      "properties": {
        "ano": 2018,
        "nr_local": "1392",
        "nm_local": "FACULDADE DE VETERINARIA DA UFF",
        "bairro": "VITAL BRASIL",
        "total_eleitores": 5149,
        "pct_mulheres": 56,
        "pct_homens": 44,
        "pct_genero_nao_informado": 0,
        "pct_jovens_16_24": 8.7,
        "pct_adultos_25_59": 67.1,
        "pct_60_mais": 24.2,
        "pct_idade_nao_informado": 0,
        "pct_ate_fundamental": 10.1,
        "pct_ensino_medio": 28.9,
        "pct_ensino_superior": 60.9,
        "pct_escolaridade_nao_informado": 0
      },
      "geometry": {
        "type": "Point",
        "coordinates": [
          -43.098407,
          -22.904908
        ]
      }
    },
    {
      "type": "Feature",
      "properties": {
        "ano": 2018,
        "nr_local": "1406",
        "nm_local": "COLÉGIO NITERÓI",
        "bairro": "ENGENHOCA",
        "total_eleitores": 1830,
        "pct_mulheres": 55.6,
        "pct_homens": 44.4,
        "pct_genero_nao_informado": 0,
        "pct_jovens_16_24": 17.5,
        "pct_adultos_25_59": 58.8,
        "pct_60_mais": 23.7,
        "pct_idade_nao_informado": 0,
        "pct_ate_fundamental": 36.1,
        "pct_ensino_medio": 50.4,
        "pct_ensino_superior": 13.6,
        "pct_escolaridade_nao_informado": 0
      },
      "geometry": {
        "type": "Point",
        "coordinates": [
          -43.1018717,
          -22.8706133
        ]
      }
    },
    {
      "type": "Feature",
      "properties": {
        "ano": 2018,
        "nr_local": "1414",
        "nm_local": "UNIVERSIDADE SALGADO DE OLIVEIRA - BL B (PRÓXIMO AO GUANABARA)",
        "bairro": "CENTRO",
        "total_eleitores": 1942,
        "pct_mulheres": 55.7,
        "pct_homens": 44.3,
        "pct_genero_nao_informado": 0,
        "pct_jovens_16_24": 14.1,
        "pct_adultos_25_59": 67,
        "pct_60_mais": 18.8,
        "pct_idade_nao_informado": 0,
        "pct_ate_fundamental": 22.1,
        "pct_ensino_medio": 42.1,
        "pct_ensino_superior": 35.8,
        "pct_escolaridade_nao_informado": 0
      },
      "geometry": {
        "type": "Point",
        "coordinates": [
          -43.1172001,
          -22.8893447
        ]
      }
    },
    {
      "type": "Feature",
      "properties": {
        "ano": 2018,
        "nr_local": "1422",
        "nm_local": "CLUBE PORTUGUES DE NITEROI",
        "bairro": "SÃO DOMINGOS",
        "total_eleitores": 1977,
        "pct_mulheres": 54.6,
        "pct_homens": 45.4,
        "pct_genero_nao_informado": 0,
        "pct_jovens_16_24": 5.9,
        "pct_adultos_25_59": 59,
        "pct_60_mais": 35.1,
        "pct_idade_nao_informado": 0,
        "pct_ate_fundamental": 10.7,
        "pct_ensino_medio": 23.8,
        "pct_ensino_superior": 65.5,
        "pct_escolaridade_nao_informado": 0
      },
      "geometry": {
        "type": "Point",
        "coordinates": [
          -43.1274594,
          -22.9021482
        ]
      }
    },
    {
      "type": "Feature",
      "properties": {
        "ano": 2018,
        "nr_local": "1430",
        "nm_local": "COLEGIO ESTADUAL AURELINO LEAL",
        "bairro": "INGÁ",
        "total_eleitores": 6469,
        "pct_mulheres": 56.7,
        "pct_homens": 43.3,
        "pct_genero_nao_informado": 0,
        "pct_jovens_16_24": 12.5,
        "pct_adultos_25_59": 63,
        "pct_60_mais": 24.5,
        "pct_idade_nao_informado": 0,
        "pct_ate_fundamental": 24.8,
        "pct_ensino_medio": 43.1,
        "pct_ensino_superior": 32.1,
        "pct_escolaridade_nao_informado": 0
      },
      "geometry": {
        "type": "Point",
        "coordinates": [
          -43.1254512,
          -22.9033321
        ]
      }
    },
    {
      "type": "Feature",
      "properties": {
        "ano": 2018,
        "nr_local": "1449",
        "nm_local": "CIEP 450 - BADU",
        "bairro": "BADU",
        "total_eleitores": 13104,
        "pct_mulheres": 53.7,
        "pct_homens": 46.3,
        "pct_genero_nao_informado": 0,
        "pct_jovens_16_24": 12.2,
        "pct_adultos_25_59": 66.6,
        "pct_60_mais": 21.2,
        "pct_idade_nao_informado": 0,
        "pct_ate_fundamental": 29.7,
        "pct_ensino_medio": 40.9,
        "pct_ensino_superior": 29.4,
        "pct_escolaridade_nao_informado": 0
      },
      "geometry": {
        "type": "Point",
        "coordinates": [
          -43.0566124,
          -22.9071974
        ]
      }
    },
    {
      "type": "Feature",
      "properties": {
        "ano": 2018,
        "nr_local": "1457",
        "nm_local": "ÁGUAS DE NITEROI",
        "bairro": "CENTRO",
        "total_eleitores": 5810,
        "pct_mulheres": 56.5,
        "pct_homens": 43.5,
        "pct_genero_nao_informado": 0,
        "pct_jovens_16_24": 12.3,
        "pct_adultos_25_59": 62.3,
        "pct_60_mais": 25.4,
        "pct_idade_nao_informado": 0,
        "pct_ate_fundamental": 20.7,
        "pct_ensino_medio": 41.8,
        "pct_ensino_superior": 37.4,
        "pct_escolaridade_nao_informado": 0
      },
      "geometry": {
        "type": "Point",
        "coordinates": [
          -43.1141378,
          -22.8915411
        ]
      }
    },
    {
      "type": "Feature",
      "properties": {
        "ano": 2018,
        "nr_local": "1465",
        "nm_local": "CENTRO UNIVERSITÁRIO ANHANGUERA (ANTIGO PLÍNIO LEITE)",
        "bairro": "CENTRO",
        "total_eleitores": 3775,
        "pct_mulheres": 54.1,
        "pct_homens": 45.9,
        "pct_genero_nao_informado": 0,
        "pct_jovens_16_24": 12,
        "pct_adultos_25_59": 62.5,
        "pct_60_mais": 25.5,
        "pct_idade_nao_informado": 0,
        "pct_ate_fundamental": 16.3,
        "pct_ensino_medio": 41.6,
        "pct_ensino_superior": 42.1,
        "pct_escolaridade_nao_informado": 0
      },
      "geometry": {
        "type": "Point",
        "coordinates": [
          -43.1245632,
          -22.8869267
        ]
      }
    },
    {
      "type": "Feature",
      "properties": {
        "ano": 2018,
        "nr_local": "1473",
        "nm_local": "COLÉGIO FORUM CULTURAL",
        "bairro": "CANTAGALO",
        "total_eleitores": 10305,
        "pct_mulheres": 54.3,
        "pct_homens": 45.7,
        "pct_genero_nao_informado": 0,
        "pct_jovens_16_24": 14.6,
        "pct_adultos_25_59": 65.6,
        "pct_60_mais": 19.7,
        "pct_idade_nao_informado": 0,
        "pct_ate_fundamental": 31.2,
        "pct_ensino_medio": 39.3,
        "pct_ensino_superior": 29.5,
        "pct_escolaridade_nao_informado": 0
      },
      "geometry": {
        "type": "Point",
        "coordinates": [
          -43.0490094,
          -22.9163184
        ]
      }
    },
    {
      "type": "Feature",
      "properties": {
        "ano": 2018,
        "nr_local": "1481",
        "nm_local": "ESCOLA MUNICIPAL MAESTRO HEITOR VILLA-LOBOS (''COLÉGIO NOVO'')",
        "bairro": "ILHA DA CONCEIÇÃO",
        "total_eleitores": 5890,
        "pct_mulheres": 53.6,
        "pct_homens": 46.4,
        "pct_genero_nao_informado": 0,
        "pct_jovens_16_24": 12.2,
        "pct_adultos_25_59": 64.9,
        "pct_60_mais": 22.9,
        "pct_idade_nao_informado": 0,
        "pct_ate_fundamental": 30.8,
        "pct_ensino_medio": 49.5,
        "pct_ensino_superior": 19.6,
        "pct_escolaridade_nao_informado": 0
      },
      "geometry": {
        "type": "Point",
        "coordinates": [
          -43.1156463,
          -22.8731482
        ]
      }
    },
    {
      "type": "Feature",
      "properties": {
        "ano": 2018,
        "nr_local": "1490",
        "nm_local": "IGREJA BATISTA DO FONSECA",
        "bairro": "FONSECA",
        "total_eleitores": 1929,
        "pct_mulheres": 56.2,
        "pct_homens": 43.8,
        "pct_genero_nao_informado": 0,
        "pct_jovens_16_24": 8.6,
        "pct_adultos_25_59": 61.8,
        "pct_60_mais": 29.6,
        "pct_idade_nao_informado": 0,
        "pct_ate_fundamental": 18.8,
        "pct_ensino_medio": 42,
        "pct_ensino_superior": 39.2,
        "pct_escolaridade_nao_informado": 0
      },
      "geometry": {
        "type": "Point",
        "coordinates": [
          -43.0865383,
          -22.8810878
        ]
      }
    },
    {
      "type": "Feature",
      "properties": {
        "ano": 2018,
        "nr_local": "1503",
        "nm_local": "SERVICO DE ASSISTENCIA SOCIAL SAO DOMINGOS SAVIO",
        "bairro": "SANTA ROSA",
        "total_eleitores": 2841,
        "pct_mulheres": 55.2,
        "pct_homens": 44.8,
        "pct_genero_nao_informado": 0,
        "pct_jovens_16_24": 16.5,
        "pct_adultos_25_59": 61.4,
        "pct_60_mais": 22.1,
        "pct_idade_nao_informado": 0,
        "pct_ate_fundamental": 18,
        "pct_ensino_medio": 37.1,
        "pct_ensino_superior": 44.9,
        "pct_escolaridade_nao_informado": 0
      },
      "geometry": {
        "type": "Point",
        "coordinates": [
          -43.0928214,
          -22.8988024
        ]
      }
    },
    {
      "type": "Feature",
      "properties": {
        "ano": 2018,
        "nr_local": "1511",
        "nm_local": "FACULDADE DE ADMINISTRAÇÃO E CIÊNCIAS CONTÁBEIS (VALONGUINHO)",
        "bairro": "CENTRO",
        "total_eleitores": 4880,
        "pct_mulheres": 56.3,
        "pct_homens": 43.7,
        "pct_genero_nao_informado": 0,
        "pct_jovens_16_24": 11.1,
        "pct_adultos_25_59": 66.4,
        "pct_60_mais": 22.5,
        "pct_idade_nao_informado": 0,
        "pct_ate_fundamental": 31.3,
        "pct_ensino_medio": 41.7,
        "pct_ensino_superior": 27,
        "pct_escolaridade_nao_informado": 0
      },
      "geometry": {
        "type": "Point",
        "coordinates": [
          -43.1252439,
          -22.8967413
        ]
      }
    },
    {
      "type": "Feature",
      "properties": {
        "ano": 2018,
        "nr_local": "1520",
        "nm_local": "ESCOLA MUNICIPAL LEVI CARNEIRO",
        "bairro": "SAPÊ",
        "total_eleitores": 7330,
        "pct_mulheres": 54.8,
        "pct_homens": 45.2,
        "pct_genero_nao_informado": 0,
        "pct_jovens_16_24": 11.9,
        "pct_adultos_25_59": 68.2,
        "pct_60_mais": 19.9,
        "pct_idade_nao_informado": 0,
        "pct_ate_fundamental": 36,
        "pct_ensino_medio": 45.3,
        "pct_ensino_superior": 18.6,
        "pct_escolaridade_nao_informado": 0
      },
      "geometry": {
        "type": "Point",
        "coordinates": [
          -43.0583864,
          -22.8961721
        ]
      }
    },
    {
      "type": "Feature",
      "properties": {
        "ano": 2018,
        "nr_local": "1538",
        "nm_local": "ESCOLA CATAVENTO ESPAÇO DE EDUCAÇÃO",
        "bairro": "SAPÊ",
        "total_eleitores": 2740,
        "pct_mulheres": 53,
        "pct_homens": 47,
        "pct_genero_nao_informado": 0,
        "pct_jovens_16_24": 15.6,
        "pct_adultos_25_59": 61.4,
        "pct_60_mais": 23,
        "pct_idade_nao_informado": 0,
        "pct_ate_fundamental": 17.9,
        "pct_ensino_medio": 41.9,
        "pct_ensino_superior": 40.2,
        "pct_escolaridade_nao_informado": 0
      },
      "geometry": {
        "type": "Point",
        "coordinates": [
          -43.0635188,
          -22.9024713
        ]
      }
    },
    {
      "type": "Feature",
      "properties": {
        "ano": 2018,
        "nr_local": "1546",
        "nm_local": "UNIVERSIDADE SALGADO DE OLIVEIRA - BL A",
        "bairro": "CENTRO",
        "total_eleitores": 5902,
        "pct_mulheres": 56.2,
        "pct_homens": 43.8,
        "pct_genero_nao_informado": 0,
        "pct_jovens_16_24": 10.3,
        "pct_adultos_25_59": 64.5,
        "pct_60_mais": 25.2,
        "pct_idade_nao_informado": 0,
        "pct_ate_fundamental": 24.7,
        "pct_ensino_medio": 42.3,
        "pct_ensino_superior": 33,
        "pct_escolaridade_nao_informado": 0
      },
      "geometry": {
        "type": "Point",
        "coordinates": [
          -43.1186087,
          -22.8894749
        ]
      }
    },
    {
      "type": "Feature",
      "properties": {
        "ano": 2018,
        "nr_local": "1554",
        "nm_local": "JARDIM ESCOLA GIRASSÓIS",
        "bairro": "LARGO DA BATALHA",
        "total_eleitores": 9990,
        "pct_mulheres": 55.6,
        "pct_homens": 44.4,
        "pct_genero_nao_informado": 0,
        "pct_jovens_16_24": 17.3,
        "pct_adultos_25_59": 61.7,
        "pct_60_mais": 21,
        "pct_idade_nao_informado": 0,
        "pct_ate_fundamental": 24.9,
        "pct_ensino_medio": 44.1,
        "pct_ensino_superior": 31,
        "pct_escolaridade_nao_informado": 0
      },
      "geometry": {
        "type": "Point",
        "coordinates": [
          -43.0652722,
          -22.9077414
        ]
      }
    },
    {
      "type": "Feature",
      "properties": {
        "ano": 2018,
        "nr_local": "1562",
        "nm_local": "COLEGIO ESTADUAL RAUL VIDAL",
        "bairro": "CENTRO",
        "total_eleitores": 6426,
        "pct_mulheres": 56.2,
        "pct_homens": 43.8,
        "pct_genero_nao_informado": 0,
        "pct_jovens_16_24": 12.6,
        "pct_adultos_25_59": 65.3,
        "pct_60_mais": 22.1,
        "pct_idade_nao_informado": 0,
        "pct_ate_fundamental": 26.2,
        "pct_ensino_medio": 43.5,
        "pct_ensino_superior": 30.3,
        "pct_escolaridade_nao_informado": 0
      },
      "geometry": {
        "type": "Point",
        "coordinates": [
          -43.1242688,
          -22.8862372
        ]
      }
    },
    {
      "type": "Feature",
      "properties": {
        "ano": 2018,
        "nr_local": "1570",
        "nm_local": "IGREJA DO SANTUARIO NACIONAL DAS ALMAS",
        "bairro": "ICARAÍ",
        "total_eleitores": 6854,
        "pct_mulheres": 56.2,
        "pct_homens": 43.8,
        "pct_genero_nao_informado": 0,
        "pct_jovens_16_24": 8.1,
        "pct_adultos_25_59": 57,
        "pct_60_mais": 35,
        "pct_idade_nao_informado": 0,
        "pct_ate_fundamental": 13,
        "pct_ensino_medio": 32.5,
        "pct_ensino_superior": 54.5,
        "pct_escolaridade_nao_informado": 0
      },
      "geometry": {
        "type": "Point",
        "coordinates": [
          -43.1107182,
          -22.9004522
        ]
      }
    },
    {
      "type": "Feature",
      "properties": {
        "ano": 2018,
        "nr_local": "1589",
        "nm_local": "COLÉGIO NOSSA SENHORA DAS MERCÊS",
        "bairro": "FONSECA",
        "total_eleitores": 9159,
        "pct_mulheres": 56,
        "pct_homens": 44,
        "pct_genero_nao_informado": 0,
        "pct_jovens_16_24": 10.9,
        "pct_adultos_25_59": 61.1,
        "pct_60_mais": 28,
        "pct_idade_nao_informado": 0,
        "pct_ate_fundamental": 8.2,
        "pct_ensino_medio": 31.3,
        "pct_ensino_superior": 60.5,
        "pct_escolaridade_nao_informado": 0
      },
      "geometry": {
        "type": "Point",
        "coordinates": [
          -43.1023535,
          -22.880345
        ]
      }
    },
    {
      "type": "Feature",
      "properties": {
        "ano": 2018,
        "nr_local": "1597",
        "nm_local": "COLÉGIO PONTO DE ENSINO",
        "bairro": "ICARAÍ",
        "total_eleitores": 6877,
        "pct_mulheres": 56.5,
        "pct_homens": 43.5,
        "pct_genero_nao_informado": 0,
        "pct_jovens_16_24": 11.8,
        "pct_adultos_25_59": 57.2,
        "pct_60_mais": 31,
        "pct_idade_nao_informado": 0,
        "pct_ate_fundamental": 13.2,
        "pct_ensino_medio": 33.7,
        "pct_ensino_superior": 53.1,
        "pct_escolaridade_nao_informado": 0
      },
      "geometry": {
        "type": "Point",
        "coordinates": [
          -43.1095209,
          -22.9092421
        ]
      }
    },
    {
      "type": "Feature",
      "properties": {
        "ano": 2018,
        "nr_local": "1600",
        "nm_local": "INSTITUTO DE EDUCAÇÃO PROFESSOR ISMAEL COUTINHO - IEPIC",
        "bairro": "SÃO DOMINGOS",
        "total_eleitores": 5118,
        "pct_mulheres": 54,
        "pct_homens": 46,
        "pct_genero_nao_informado": 0,
        "pct_jovens_16_24": 14.2,
        "pct_adultos_25_59": 62.4,
        "pct_60_mais": 23.4,
        "pct_idade_nao_informado": 0,
        "pct_ate_fundamental": 27.3,
        "pct_ensino_medio": 38.1,
        "pct_ensino_superior": 34.6,
        "pct_escolaridade_nao_informado": 0
      },
      "geometry": {
        "type": "Point",
        "coordinates": [
          -43.1271052,
          -22.8989767
        ]
      }
    },
    {
      "type": "Feature",
      "properties": {
        "ano": 2018,
        "nr_local": "1619",
        "nm_local": "COLEGIO ESTADUAL JOAQUIM TAVORA",
        "bairro": "ICARAÍ",
        "total_eleitores": 5571,
        "pct_mulheres": 56.2,
        "pct_homens": 43.8,
        "pct_genero_nao_informado": 0,
        "pct_jovens_16_24": 11.7,
        "pct_adultos_25_59": 55,
        "pct_60_mais": 33.3,
        "pct_idade_nao_informado": 0,
        "pct_ate_fundamental": 5.6,
        "pct_ensino_medio": 25.7,
        "pct_ensino_superior": 68.7,
        "pct_escolaridade_nao_informado": 0
      },
      "geometry": {
        "type": "Point",
        "coordinates": [
          -43.1081976,
          -22.9048788
        ]
      }
    },
    {
      "type": "Feature",
      "properties": {
        "ano": 2018,
        "nr_local": "1627",
        "nm_local": "ESCOLA ESTADUAL DOUTOR JAYME MEMORIA",
        "bairro": "CUBANGO",
        "total_eleitores": 7722,
        "pct_mulheres": 55.1,
        "pct_homens": 44.9,
        "pct_genero_nao_informado": 0,
        "pct_jovens_16_24": 11.6,
        "pct_adultos_25_59": 65.1,
        "pct_60_mais": 23.3,
        "pct_idade_nao_informado": 0,
        "pct_ate_fundamental": 32.5,
        "pct_ensino_medio": 42.9,
        "pct_ensino_superior": 24.6,
        "pct_escolaridade_nao_informado": 0
      },
      "geometry": {
        "type": "Point",
        "coordinates": [
          -43.0937712,
          -22.88949
        ]
      }
    },
    {
      "type": "Feature",
      "properties": {
        "ano": 2018,
        "nr_local": "1635",
        "nm_local": "ESCOLA MUNICIPAL DOM JOSÉ PEREIRA ALVES",
        "bairro": "FONSECA",
        "total_eleitores": 3212,
        "pct_mulheres": 56.8,
        "pct_homens": 43.2,
        "pct_genero_nao_informado": 0,
        "pct_jovens_16_24": 11.4,
        "pct_adultos_25_59": 65.8,
        "pct_60_mais": 22.9,
        "pct_idade_nao_informado": 0,
        "pct_ate_fundamental": 35.3,
        "pct_ensino_medio": 42.2,
        "pct_ensino_superior": 22.5,
        "pct_escolaridade_nao_informado": 0
      },
      "geometry": {
        "type": "Point",
        "coordinates": [
          -43.0920686,
          -22.8783038
        ]
      }
    },
    {
      "type": "Feature",
      "properties": {
        "ano": 2018,
        "nr_local": "1643",
        "nm_local": "CENTRO MODERNO ALZIRA BITTENCOURT",
        "bairro": "ICARAÍ",
        "total_eleitores": 2565,
        "pct_mulheres": 54.5,
        "pct_homens": 45.5,
        "pct_genero_nao_informado": 0,
        "pct_jovens_16_24": 12.2,
        "pct_adultos_25_59": 59.6,
        "pct_60_mais": 28.3,
        "pct_idade_nao_informado": 0,
        "pct_ate_fundamental": 13.9,
        "pct_ensino_medio": 36.8,
        "pct_ensino_superior": 49.2,
        "pct_escolaridade_nao_informado": 0
      },
      "geometry": {
        "type": "Point",
        "coordinates": [
          -43.110746,
          -22.9012326
        ]
      }
    },
    {
      "type": "Feature",
      "properties": {
        "ano": 2018,
        "nr_local": "1651",
        "nm_local": "PH COLÉGIO",
        "bairro": "ICARAÍ",
        "total_eleitores": 5087,
        "pct_mulheres": 55.2,
        "pct_homens": 44.8,
        "pct_genero_nao_informado": 0,
        "pct_jovens_16_24": 11.2,
        "pct_adultos_25_59": 61.9,
        "pct_60_mais": 26.9,
        "pct_idade_nao_informado": 0,
        "pct_ate_fundamental": 18.5,
        "pct_ensino_medio": 36.5,
        "pct_ensino_superior": 45,
        "pct_escolaridade_nao_informado": 0
      },
      "geometry": {
        "type": "Point",
        "coordinates": [
          -43.1110377,
          -22.9006508
        ]
      }
    },
    {
      "type": "Feature",
      "properties": {
        "ano": 2018,
        "nr_local": "1660",
        "nm_local": "CLUBE CENTRAL",
        "bairro": "ICARAÍ",
        "total_eleitores": 12496,
        "pct_mulheres": 57.4,
        "pct_homens": 42.6,
        "pct_genero_nao_informado": 0,
        "pct_jovens_16_24": 6.8,
        "pct_adultos_25_59": 59.5,
        "pct_60_mais": 33.6,
        "pct_idade_nao_informado": 0,
        "pct_ate_fundamental": 15.3,
        "pct_ensino_medio": 29.3,
        "pct_ensino_superior": 55.4,
        "pct_escolaridade_nao_informado": 0
      },
      "geometry": {
        "type": "Point",
        "coordinates": [
          -43.111789,
          -22.9075784
        ]
      }
    },
    {
      "type": "Feature",
      "properties": {
        "ano": 2018,
        "nr_local": "1678",
        "nm_local": "LICEU NILO PEÇANHA",
        "bairro": "CENTRO",
        "total_eleitores": 6621,
        "pct_mulheres": 55.4,
        "pct_homens": 44.6,
        "pct_genero_nao_informado": 0,
        "pct_jovens_16_24": 12.4,
        "pct_adultos_25_59": 62,
        "pct_60_mais": 25.6,
        "pct_idade_nao_informado": 0,
        "pct_ate_fundamental": 24.6,
        "pct_ensino_medio": 40.7,
        "pct_ensino_superior": 34.8,
        "pct_escolaridade_nao_informado": 0
      },
      "geometry": {
        "type": "Point",
        "coordinates": [
          -43.1165611,
          -22.8935707
        ]
      }
    },
    {
      "type": "Feature",
      "properties": {
        "ano": 2018,
        "nr_local": "1686",
        "nm_local": "COLÉGIO DA POLÍCIA MILITAR",
        "bairro": "FONSECA",
        "total_eleitores": 5316,
        "pct_mulheres": 57.5,
        "pct_homens": 42.5,
        "pct_genero_nao_informado": 0,
        "pct_jovens_16_24": 8.1,
        "pct_adultos_25_59": 57.6,
        "pct_60_mais": 34.2,
        "pct_idade_nao_informado": 0,
        "pct_ate_fundamental": 20.9,
        "pct_ensino_medio": 34.5,
        "pct_ensino_superior": 44.6,
        "pct_escolaridade_nao_informado": 0
      },
      "geometry": {
        "type": "Point",
        "coordinates": [
          -43.0820149,
          -22.8818063
        ]
      }
    },
    {
      "type": "Feature",
      "properties": {
        "ano": 2018,
        "nr_local": "1694",
        "nm_local": "RIO CRICKET",
        "bairro": "INGÁ",
        "total_eleitores": 2933,
        "pct_mulheres": 57.4,
        "pct_homens": 42.6,
        "pct_genero_nao_informado": 0,
        "pct_jovens_16_24": 14.5,
        "pct_adultos_25_59": 61,
        "pct_60_mais": 24.5,
        "pct_idade_nao_informado": 0,
        "pct_ate_fundamental": 11.4,
        "pct_ensino_medio": 30.1,
        "pct_ensino_superior": 58.5,
        "pct_escolaridade_nao_informado": 0
      },
      "geometry": {
        "type": "Point",
        "coordinates": [
          -43.1133665,
          -22.8997052
        ]
      }
    },
    {
      "type": "Feature",
      "properties": {
        "ano": 2018,
        "nr_local": "1708",
        "nm_local": "ESCOLA MUNICIPAL JÚLIA CORTINES",
        "bairro": "ICARAÍ",
        "total_eleitores": 3159,
        "pct_mulheres": 60.6,
        "pct_homens": 39.4,
        "pct_genero_nao_informado": 0,
        "pct_jovens_16_24": 8.1,
        "pct_adultos_25_59": 51.9,
        "pct_60_mais": 40,
        "pct_idade_nao_informado": 0,
        "pct_ate_fundamental": 5.9,
        "pct_ensino_medio": 25.2,
        "pct_ensino_superior": 68.9,
        "pct_escolaridade_nao_informado": 0
      },
      "geometry": {
        "type": "Point",
        "coordinates": [
          -43.1086717,
          -22.9043592
        ]
      }
    },
    {
      "type": "Feature",
      "properties": {
        "ano": 2018,
        "nr_local": "1716",
        "nm_local": "ESCOLA VIVINFÂNCIA",
        "bairro": "ICARAÍ",
        "total_eleitores": 1198,
        "pct_mulheres": 60.9,
        "pct_homens": 39.1,
        "pct_genero_nao_informado": 0,
        "pct_jovens_16_24": 4.8,
        "pct_adultos_25_59": 58.2,
        "pct_60_mais": 37.1,
        "pct_idade_nao_informado": 0,
        "pct_ate_fundamental": 7.4,
        "pct_ensino_medio": 24.4,
        "pct_ensino_superior": 68.2,
        "pct_escolaridade_nao_informado": 0
      },
      "geometry": {
        "type": "Point",
        "coordinates": [
          -43.1056898,
          -22.9079727
        ]
      }
    },
    {
      "type": "Feature",
      "properties": {
        "ano": 2018,
        "nr_local": "1724",
        "nm_local": "AABB",
        "bairro": "SÃO FRANCISCO",
        "total_eleitores": 2522,
        "pct_mulheres": 52.4,
        "pct_homens": 47.6,
        "pct_genero_nao_informado": 0,
        "pct_jovens_16_24": 8.8,
        "pct_adultos_25_59": 64.2,
        "pct_60_mais": 27.1,
        "pct_idade_nao_informado": 0,
        "pct_ate_fundamental": 18.2,
        "pct_ensino_medio": 33.6,
        "pct_ensino_superior": 48.1,
        "pct_escolaridade_nao_informado": 0
      },
      "geometry": {
        "type": "Point",
        "coordinates": [
          -43.0826083,
          -22.9172823
        ]
      }
    },
    {
      "type": "Feature",
      "properties": {
        "ano": 2018,
        "nr_local": "1732",
        "nm_local": "CLUBE NAVAL",
        "bairro": "JURUJUBA",
        "total_eleitores": 6280,
        "pct_mulheres": 53.4,
        "pct_homens": 46.6,
        "pct_genero_nao_informado": 0,
        "pct_jovens_16_24": 14.8,
        "pct_adultos_25_59": 65.9,
        "pct_60_mais": 19.3,
        "pct_idade_nao_informado": 0,
        "pct_ate_fundamental": 42.4,
        "pct_ensino_medio": 43.6,
        "pct_ensino_superior": 14.1,
        "pct_escolaridade_nao_informado": 0
      },
      "geometry": {
        "type": "Point",
        "coordinates": [
          -43.1068139,
          -22.935737
        ]
      }
    },
    {
      "type": "Feature",
      "properties": {
        "ano": 2018,
        "nr_local": "1740",
        "nm_local": "ESCOLA MUNICIPAL PROFESSORA ELVIRA LÚCIA ESTEVES DE VASCONCELOS",
        "bairro": "ICARAÍ",
        "total_eleitores": 3071,
        "pct_mulheres": 59.5,
        "pct_homens": 40.5,
        "pct_genero_nao_informado": 0,
        "pct_jovens_16_24": 4.3,
        "pct_adultos_25_59": 61.5,
        "pct_60_mais": 34.2,
        "pct_idade_nao_informado": 0,
        "pct_ate_fundamental": 6.5,
        "pct_ensino_medio": 20.8,
        "pct_ensino_superior": 72.7,
        "pct_escolaridade_nao_informado": 0
      },
      "geometry": {
        "type": "Point",
        "coordinates": [
          -43.1073245,
          -22.9111671
        ]
      }
    },
    {
      "type": "Feature",
      "properties": {
        "ano": 2018,
        "nr_local": "1759",
        "nm_local": "COLÉGIO MV1",
        "bairro": "ICARAÍ",
        "total_eleitores": 5568,
        "pct_mulheres": 57.1,
        "pct_homens": 42.9,
        "pct_genero_nao_informado": 0,
        "pct_jovens_16_24": 11.4,
        "pct_adultos_25_59": 58.3,
        "pct_60_mais": 30.4,
        "pct_idade_nao_informado": 0,
        "pct_ate_fundamental": 7.3,
        "pct_ensino_medio": 28.6,
        "pct_ensino_superior": 64.2,
        "pct_escolaridade_nao_informado": 0
      },
      "geometry": {
        "type": "Point",
        "coordinates": [
          -43.1058651,
          -22.9079111
        ]
      }
    },
    {
      "type": "Feature",
      "properties": {
        "ano": 2018,
        "nr_local": "1767",
        "nm_local": "COLÉGIO ASSUNÇÃO",
        "bairro": "SÃO FRANCISCO",
        "total_eleitores": 5066,
        "pct_mulheres": 56.5,
        "pct_homens": 43.5,
        "pct_genero_nao_informado": 0,
        "pct_jovens_16_24": 10.5,
        "pct_adultos_25_59": 60.4,
        "pct_60_mais": 29.1,
        "pct_idade_nao_informado": 0,
        "pct_ate_fundamental": 8.3,
        "pct_ensino_medio": 26.3,
        "pct_ensino_superior": 65.4,
        "pct_escolaridade_nao_informado": 0
      },
      "geometry": {
        "type": "Point",
        "coordinates": [
          -43.0926525,
          -22.9208239
        ]
      }
    },
    {
      "type": "Feature",
      "properties": {
        "ano": 2018,
        "nr_local": "1775",
        "nm_local": "ESCOLA ESTADUAL CIZÍNIO SOARES PINTO",
        "bairro": "SÃO FRANCISCO",
        "total_eleitores": 2213,
        "pct_mulheres": 55.9,
        "pct_homens": 44.1,
        "pct_genero_nao_informado": 0,
        "pct_jovens_16_24": 13.8,
        "pct_adultos_25_59": 60.2,
        "pct_60_mais": 26,
        "pct_idade_nao_informado": 0,
        "pct_ate_fundamental": 31,
        "pct_ensino_medio": 34.6,
        "pct_ensino_superior": 34.4,
        "pct_escolaridade_nao_informado": 0
      },
      "geometry": {
        "type": "Point",
        "coordinates": [
          -43.093934,
          -22.9147594
        ]
      }
    },
    {
      "type": "Feature",
      "properties": {
        "ano": 2018,
        "nr_local": "1783",
        "nm_local": "SOCIEDADE BRASILEIRA DE CULTURA INGLESA",
        "bairro": "ICARAÍ",
        "total_eleitores": 1340,
        "pct_mulheres": 61.5,
        "pct_homens": 38.5,
        "pct_genero_nao_informado": 0,
        "pct_jovens_16_24": 3.1,
        "pct_adultos_25_59": 58,
        "pct_60_mais": 38.9,
        "pct_idade_nao_informado": 0,
        "pct_ate_fundamental": 4.3,
        "pct_ensino_medio": 16.5,
        "pct_ensino_superior": 79.3,
        "pct_escolaridade_nao_informado": 0
      },
      "geometry": {
        "type": "Point",
        "coordinates": [
          -43.1111859,
          -22.9075527
        ]
      }
    },
    {
      "type": "Feature",
      "properties": {
        "ano": 2020,
        "nr_local": "1015",
        "nm_local": "INSTITUTO JCA",
        "bairro": "SANTA BARBARA",
        "total_eleitores": 8177,
        "pct_mulheres": 54.4,
        "pct_homens": 45.6,
        "pct_genero_nao_informado": 0,
        "pct_jovens_16_24": 9.3,
        "pct_adultos_25_59": 64.6,
        "pct_60_mais": 26.1,
        "pct_idade_nao_informado": 0,
        "pct_ate_fundamental": 15.5,
        "pct_ensino_medio": 32.3,
        "pct_ensino_superior": 52.1,
        "pct_escolaridade_nao_informado": 0
      },
      "geometry": {
        "type": "Point",
        "coordinates": [
          -43.0585179,
          -22.882301
        ]
      }
    },
    {
      "type": "Feature",
      "properties": {
        "ano": 2020,
        "nr_local": "1023",
        "nm_local": "PAROQUIA DE SAO JOAO BATISTA",
        "bairro": "TENENTE JARDIM",
        "total_eleitores": 2284,
        "pct_mulheres": 54.3,
        "pct_homens": 45.7,
        "pct_genero_nao_informado": 0,
        "pct_jovens_16_24": 12.1,
        "pct_adultos_25_59": 58.3,
        "pct_60_mais": 29.6,
        "pct_idade_nao_informado": 0,
        "pct_ate_fundamental": 25.2,
        "pct_ensino_medio": 41.5,
        "pct_ensino_superior": 33.2,
        "pct_escolaridade_nao_informado": 0
      },
      "geometry": {
        "type": "Point",
        "coordinates": [
          -43.0827273,
          -22.8639855
        ]
      }
    },
    {
      "type": "Feature",
      "properties": {
        "ano": 2020,
        "nr_local": "1031",
        "nm_local": "(PRÉDIO NOVO) COLÉGIO PEDRO II UNIDADE NITERÓI",
        "bairro": "BARRETO",
        "total_eleitores": 8679,
        "pct_mulheres": 55.4,
        "pct_homens": 44.6,
        "pct_genero_nao_informado": 0,
        "pct_jovens_16_24": 10.3,
        "pct_adultos_25_59": 65.7,
        "pct_60_mais": 24,
        "pct_idade_nao_informado": 0,
        "pct_ate_fundamental": 30.3,
        "pct_ensino_medio": 47,
        "pct_ensino_superior": 22.7,
        "pct_escolaridade_nao_informado": 0
      },
      "geometry": {
        "type": "Point",
        "coordinates": [
          -43.1037833,
          -22.8685685
        ]
      }
    },
    {
      "type": "Feature",
      "properties": {
        "ano": 2020,
        "nr_local": "1040",
        "nm_local": "CIEP 447 - CARAMUJO",
        "bairro": "CARAMUJO",
        "total_eleitores": 2140,
        "pct_mulheres": 55,
        "pct_homens": 45,
        "pct_genero_nao_informado": 0,
        "pct_jovens_16_24": 9.7,
        "pct_adultos_25_59": 69.7,
        "pct_60_mais": 20.6,
        "pct_idade_nao_informado": 0,
        "pct_ate_fundamental": 41.1,
        "pct_ensino_medio": 49.4,
        "pct_ensino_superior": 9.5,
        "pct_escolaridade_nao_informado": 0
      },
      "geometry": {
        "type": "Point",
        "coordinates": [
          -43.065134,
          -22.8827294
        ]
      }
    },
    {
      "type": "Feature",
      "properties": {
        "ano": 2020,
        "nr_local": "1066",
        "nm_local": "ITACOATIARA PAMPO CLUBE",
        "bairro": "ITACOATIARA",
        "total_eleitores": 2324,
        "pct_mulheres": 49.3,
        "pct_homens": 50.7,
        "pct_genero_nao_informado": 0,
        "pct_jovens_16_24": 1.2,
        "pct_adultos_25_59": 66.2,
        "pct_60_mais": 32.5,
        "pct_idade_nao_informado": 0,
        "pct_ate_fundamental": 4.4,
        "pct_ensino_medio": 21.3,
        "pct_ensino_superior": 74.4,
        "pct_escolaridade_nao_informado": 0
      },
      "geometry": {
        "type": "Point",
        "coordinates": [
          -43.0332117,
          -22.9646939
        ]
      }
    },
    {
      "type": "Feature",
      "properties": {
        "ano": 2020,
        "nr_local": "1074",
        "nm_local": "COLEGIO ESTADUAL PAULO ASSIS RIBEIRO",
        "bairro": "BADU",
        "total_eleitores": 8950,
        "pct_mulheres": 52.9,
        "pct_homens": 47.1,
        "pct_genero_nao_informado": 0,
        "pct_jovens_16_24": 8.9,
        "pct_adultos_25_59": 68.7,
        "pct_60_mais": 22.4,
        "pct_idade_nao_informado": 0,
        "pct_ate_fundamental": 20.9,
        "pct_ensino_medio": 41.2,
        "pct_ensino_superior": 37.8,
        "pct_escolaridade_nao_informado": 0
      },
      "geometry": {
        "type": "Point",
        "coordinates": [
          -43.0573891,
          -22.9068537
        ]
      }
    },
    {
      "type": "Feature",
      "properties": {
        "ano": 2020,
        "nr_local": "1082",
        "nm_local": "UMEI DR PAULO CESAR DE ALMEIDA PIMENTEL",
        "bairro": "ITAIPU",
        "total_eleitores": 1406,
        "pct_mulheres": 52.6,
        "pct_homens": 47.4,
        "pct_genero_nao_informado": 0,
        "pct_jovens_16_24": 9.3,
        "pct_adultos_25_59": 64.2,
        "pct_60_mais": 26.5,
        "pct_idade_nao_informado": 0,
        "pct_ate_fundamental": 13.9,
        "pct_ensino_medio": 37,
        "pct_ensino_superior": 49.1,
        "pct_escolaridade_nao_informado": 0
      },
      "geometry": {
        "type": "Point",
        "coordinates": [
          -43.0327165,
          -22.9614459
        ]
      }
    },
    {
      "type": "Feature",
      "properties": {
        "ano": 2020,
        "nr_local": "1090",
        "nm_local": "COLÉGIO ESTADUAL PROFESSORA ALCINA RODRIGUES LIMA",
        "bairro": "ITAIPU",
        "total_eleitores": 3890,
        "pct_mulheres": 54.3,
        "pct_homens": 45.7,
        "pct_genero_nao_informado": 0,
        "pct_jovens_16_24": 11.5,
        "pct_adultos_25_59": 55.9,
        "pct_60_mais": 32.6,
        "pct_idade_nao_informado": 0,
        "pct_ate_fundamental": 20.3,
        "pct_ensino_medio": 40.7,
        "pct_ensino_superior": 39,
        "pct_escolaridade_nao_informado": 0
      },
      "geometry": {
        "type": "Point",
        "coordinates": [
          -43.0285072,
          -22.9528491
        ]
      }
    },
    {
      "type": "Feature",
      "properties": {
        "ano": 2020,
        "nr_local": "1104",
        "nm_local": "ESCOLA MUNICIPAL ALTIVO CESAR",
        "bairro": "BARRETO",
        "total_eleitores": 7878,
        "pct_mulheres": 56.1,
        "pct_homens": 43.9,
        "pct_genero_nao_informado": 0,
        "pct_jovens_16_24": 8.1,
        "pct_adultos_25_59": 65.8,
        "pct_60_mais": 26.1,
        "pct_idade_nao_informado": 0,
        "pct_ate_fundamental": 14.2,
        "pct_ensino_medio": 36.1,
        "pct_ensino_superior": 49.7,
        "pct_escolaridade_nao_informado": 0
      },
      "geometry": {
        "type": "Point",
        "coordinates": [
          -43.0995714,
          -22.8645343
        ]
      }
    },
    {
      "type": "Feature",
      "properties": {
        "ano": 2020,
        "nr_local": "1112",
        "nm_local": "COLÉGIO SALESIANO REGIÃO OCEÂNICA",
        "bairro": "PIRATININGA",
        "total_eleitores": 13185,
        "pct_mulheres": 56.2,
        "pct_homens": 43.8,
        "pct_genero_nao_informado": 0,
        "pct_jovens_16_24": 10,
        "pct_adultos_25_59": 62.7,
        "pct_60_mais": 27.3,
        "pct_idade_nao_informado": 0,
        "pct_ate_fundamental": 35.7,
        "pct_ensino_medio": 41.6,
        "pct_ensino_superior": 22.7,
        "pct_escolaridade_nao_informado": 0
      },
      "geometry": {
        "type": "Point",
        "coordinates": [
          -43.0618731,
          -22.9393022
        ]
      }
    },
    {
      "type": "Feature",
      "properties": {
        "ano": 2020,
        "nr_local": "1120",
        "nm_local": "COLÉGIO ESTADUAL ALMIRANTE TAMANDARÉ",
        "bairro": "PIRATININGA",
        "total_eleitores": 3151,
        "pct_mulheres": 53.2,
        "pct_homens": 46.8,
        "pct_genero_nao_informado": 0,
        "pct_jovens_16_24": 2.6,
        "pct_adultos_25_59": 67.3,
        "pct_60_mais": 30.1,
        "pct_idade_nao_informado": 0,
        "pct_ate_fundamental": 23.5,
        "pct_ensino_medio": 35.7,
        "pct_ensino_superior": 40.8,
        "pct_escolaridade_nao_informado": 0
      },
      "geometry": {
        "type": "Point",
        "coordinates": [
          -43.0916732,
          -22.9512083
        ]
      }
    },
    {
      "type": "Feature",
      "properties": {
        "ano": 2020,
        "nr_local": "1139",
        "nm_local": "ESCOLA MUNICIPAL FRANCISCO PORTUGAL NEVES",
        "bairro": "PIRATININGA",
        "total_eleitores": 3329,
        "pct_mulheres": 56,
        "pct_homens": 44,
        "pct_genero_nao_informado": 0,
        "pct_jovens_16_24": 9.1,
        "pct_adultos_25_59": 61.2,
        "pct_60_mais": 29.7,
        "pct_idade_nao_informado": 0,
        "pct_ate_fundamental": 39,
        "pct_ensino_medio": 37.6,
        "pct_ensino_superior": 23.4,
        "pct_escolaridade_nao_informado": 0
      },
      "geometry": {
        "type": "Point",
        "coordinates": [
          -43.056665,
          -22.942363
        ]
      }
    },
    {
      "type": "Feature",
      "properties": {
        "ano": 2020,
        "nr_local": "1147",
        "nm_local": "ESCOLA MUNICIPAL VERA LUCIA MACHADO",
        "bairro": "BADU",
        "total_eleitores": 2555,
        "pct_mulheres": 56.2,
        "pct_homens": 43.8,
        "pct_genero_nao_informado": 0,
        "pct_jovens_16_24": 10,
        "pct_adultos_25_59": 69,
        "pct_60_mais": 21,
        "pct_idade_nao_informado": 0,
        "pct_ate_fundamental": 37.9,
        "pct_ensino_medio": 44.7,
        "pct_ensino_superior": 17.5,
        "pct_escolaridade_nao_informado": 0
      },
      "geometry": {
        "type": "Point",
        "coordinates": [
          -43.0500355,
          -22.9045
        ]
      }
    },
    {
      "type": "Feature",
      "properties": {
        "ano": 2020,
        "nr_local": "1155",
        "nm_local": "COLÉGIO ITAPUCA",
        "bairro": "PIRATININGA",
        "total_eleitores": 4898,
        "pct_mulheres": 55.1,
        "pct_homens": 44.9,
        "pct_genero_nao_informado": 0,
        "pct_jovens_16_24": 1.6,
        "pct_adultos_25_59": 68.2,
        "pct_60_mais": 30.2,
        "pct_idade_nao_informado": 0,
        "pct_ate_fundamental": 19.3,
        "pct_ensino_medio": 30,
        "pct_ensino_superior": 50.8,
        "pct_escolaridade_nao_informado": 0
      },
      "geometry": {
        "type": "Point",
        "coordinates": [
          -43.0593249,
          -22.9437854
        ]
      }
    },
    {
      "type": "Feature",
      "properties": {
        "ano": 2020,
        "nr_local": "1163",
        "nm_local": "COLÉGIO ESTADUAL CONSELHEIRO MACEDO SOARES",
        "bairro": "BARRETO",
        "total_eleitores": 5139,
        "pct_mulheres": 54.9,
        "pct_homens": 45.1,
        "pct_genero_nao_informado": 0,
        "pct_jovens_16_24": 13.3,
        "pct_adultos_25_59": 63.6,
        "pct_60_mais": 23.1,
        "pct_idade_nao_informado": 0,
        "pct_ate_fundamental": 27.8,
        "pct_ensino_medio": 49.8,
        "pct_ensino_superior": 22.4,
        "pct_escolaridade_nao_informado": 0
      },
      "geometry": {
        "type": "Point",
        "coordinates": [
          -43.0924035,
          -22.8622231
        ]
      }
    },
    {
      "type": "Feature",
      "properties": {
        "ano": 2020,
        "nr_local": "1171",
        "nm_local": "ESCOLA MUNICIPAL ANTONIO COUTINHO DE AZEVEDO",
        "bairro": "SANTA BARBARA",
        "total_eleitores": 4630,
        "pct_mulheres": 56.2,
        "pct_homens": 43.8,
        "pct_genero_nao_informado": 0,
        "pct_jovens_16_24": 13.2,
        "pct_adultos_25_59": 63.4,
        "pct_60_mais": 23.4,
        "pct_idade_nao_informado": 0,
        "pct_ate_fundamental": 31.9,
        "pct_ensino_medio": 51.1,
        "pct_ensino_superior": 17,
        "pct_escolaridade_nao_informado": 0
      },
      "geometry": {
        "type": "Point",
        "coordinates": [
          -43.04869,
          -22.8756043
        ]
      }
    },
    {
      "type": "Feature",
      "properties": {
        "ano": 2020,
        "nr_local": "1180",
        "nm_local": "ESCOLA MUNICIPAL RACHIDE DA GLORIA SALIM SAKER",
        "bairro": "SANTA BARBARA",
        "total_eleitores": 2880,
        "pct_mulheres": 53.5,
        "pct_homens": 46.5,
        "pct_genero_nao_informado": 0,
        "pct_jovens_16_24": 12.8,
        "pct_adultos_25_59": 66.3,
        "pct_60_mais": 20.9,
        "pct_idade_nao_informado": 0,
        "pct_ate_fundamental": 29.8,
        "pct_ensino_medio": 53,
        "pct_ensino_superior": 17.3,
        "pct_escolaridade_nao_informado": 0
      },
      "geometry": {
        "type": "Point",
        "coordinates": [
          -43.0488967,
          -22.8766134
        ]
      }
    },
    {
      "type": "Feature",
      "properties": {
        "ano": 2020,
        "nr_local": "1198",
        "nm_local": "CIEP 448 RUY FRAZÃO SOARES",
        "bairro": "ITAIPU",
        "total_eleitores": 4119,
        "pct_mulheres": 55,
        "pct_homens": 45,
        "pct_genero_nao_informado": 0,
        "pct_jovens_16_24": 8.4,
        "pct_adultos_25_59": 69.3,
        "pct_60_mais": 22.3,
        "pct_idade_nao_informado": 0,
        "pct_ate_fundamental": 31.5,
        "pct_ensino_medio": 41,
        "pct_ensino_superior": 27.5,
        "pct_escolaridade_nao_informado": 0
      },
      "geometry": {
        "type": "Point",
        "coordinates": [
          -43.0092644,
          -22.9356576
        ]
      }
    },
    {
      "type": "Feature",
      "properties": {
        "ano": 2020,
        "nr_local": "1201",
        "nm_local": "OFICINAS DO SENAI",
        "bairro": "BARRETO",
        "total_eleitores": 214,
        "pct_mulheres": 56.5,
        "pct_homens": 43.5,
        "pct_genero_nao_informado": 0,
        "pct_jovens_16_24": 5.1,
        "pct_adultos_25_59": 42.1,
        "pct_60_mais": 52.8,
        "pct_idade_nao_informado": 0,
        "pct_ate_fundamental": 27.1,
        "pct_ensino_medio": 43.9,
        "pct_ensino_superior": 29,
        "pct_escolaridade_nao_informado": 0
      },
      "geometry": {
        "type": "Point",
        "coordinates": [
          -43.1026046,
          -22.8614396
        ]
      }
    },
    {
      "type": "Feature",
      "properties": {
        "ano": 2020,
        "nr_local": "1210",
        "nm_local": "TIO SAM ESPORTE CLUBE",
        "bairro": "BARRETO",
        "total_eleitores": 3770,
        "pct_mulheres": 56.1,
        "pct_homens": 43.9,
        "pct_genero_nao_informado": 0,
        "pct_jovens_16_24": 2.8,
        "pct_adultos_25_59": 68.4,
        "pct_60_mais": 28.8,
        "pct_idade_nao_informado": 0,
        "pct_ate_fundamental": 20.1,
        "pct_ensino_medio": 46.3,
        "pct_ensino_superior": 33.6,
        "pct_escolaridade_nao_informado": 0
      },
      "geometry": {
        "type": "Point",
        "coordinates": [
          -43.104502,
          -22.8719306
        ]
      }
    },
    {
      "type": "Feature",
      "properties": {
        "ano": 2020,
        "nr_local": "1236",
        "nm_local": "COLÉGIO ESTADUAL MULLULO DA VEIGA",
        "bairro": "ENGENHOCA",
        "total_eleitores": 2786,
        "pct_mulheres": 53,
        "pct_homens": 47,
        "pct_genero_nao_informado": 0,
        "pct_jovens_16_24": 21.7,
        "pct_adultos_25_59": 55.8,
        "pct_60_mais": 22.5,
        "pct_idade_nao_informado": 0,
        "pct_ate_fundamental": 34,
        "pct_ensino_medio": 53.2,
        "pct_ensino_superior": 12.8,
        "pct_escolaridade_nao_informado": 0
      },
      "geometry": {
        "type": "Point",
        "coordinates": [
          -43.0988892,
          -22.8708282
        ]
      }
    },
    {
      "type": "Feature",
      "properties": {
        "ano": 2020,
        "nr_local": "1244",
        "nm_local": "ESCOLA ESTADUAL MANUEL DE ABREU",
        "bairro": "ICARAÍ",
        "total_eleitores": 6357,
        "pct_mulheres": 55.2,
        "pct_homens": 44.8,
        "pct_genero_nao_informado": 0,
        "pct_jovens_16_24": 8.2,
        "pct_adultos_25_59": 64.4,
        "pct_60_mais": 27.4,
        "pct_idade_nao_informado": 0,
        "pct_ate_fundamental": 11.5,
        "pct_ensino_medio": 31.3,
        "pct_ensino_superior": 57.2,
        "pct_escolaridade_nao_informado": 0
      },
      "geometry": {
        "type": "Point",
        "coordinates": [
          -43.1071569,
          -22.9023086
        ]
      }
    },
    {
      "type": "Feature",
      "properties": {
        "ano": 2020,
        "nr_local": "1252",
        "nm_local": "ESCOLA MUNICIPAL ADELINO MAGALHÃES",
        "bairro": "ENGENHOCA",
        "total_eleitores": 4966,
        "pct_mulheres": 53.5,
        "pct_homens": 46.5,
        "pct_genero_nao_informado": 0,
        "pct_jovens_16_24": 10.5,
        "pct_adultos_25_59": 66.4,
        "pct_60_mais": 23.1,
        "pct_idade_nao_informado": 0,
        "pct_ate_fundamental": 34.7,
        "pct_ensino_medio": 44.8,
        "pct_ensino_superior": 20.5,
        "pct_escolaridade_nao_informado": 0
      },
      "geometry": {
        "type": "Point",
        "coordinates": [
          -43.0944571,
          -22.8739038
        ]
      }
    },
    {
      "type": "Feature",
      "properties": {
        "ano": 2020,
        "nr_local": "1260",
        "nm_local": "INSTITUTO ABEL",
        "bairro": "ICARAÍ",
        "total_eleitores": 10567,
        "pct_mulheres": 55.3,
        "pct_homens": 44.7,
        "pct_genero_nao_informado": 0,
        "pct_jovens_16_24": 11,
        "pct_adultos_25_59": 63.3,
        "pct_60_mais": 25.6,
        "pct_idade_nao_informado": 0,
        "pct_ate_fundamental": 6.1,
        "pct_ensino_medio": 32.4,
        "pct_ensino_superior": 61.5,
        "pct_escolaridade_nao_informado": 0
      },
      "geometry": {
        "type": "Point",
        "coordinates": [
          -43.1094942,
          -22.9004168
        ]
      }
    },
    {
      "type": "Feature",
      "properties": {
        "ano": 2020,
        "nr_local": "1279",
        "nm_local": "INSTITUTO FOKUS (ANTIGO INTERAÇÃO CRECHE ESCOLA)",
        "bairro": "CAMBOINHAS",
        "total_eleitores": 1372,
        "pct_mulheres": 53.7,
        "pct_homens": 46.3,
        "pct_genero_nao_informado": 0,
        "pct_jovens_16_24": 3.7,
        "pct_adultos_25_59": 64.9,
        "pct_60_mais": 31.3,
        "pct_idade_nao_informado": 0,
        "pct_ate_fundamental": 2.3,
        "pct_ensino_medio": 20.8,
        "pct_ensino_superior": 76.8,
        "pct_escolaridade_nao_informado": 0
      },
      "geometry": {
        "type": "Point",
        "coordinates": [
          -43.062822,
          -22.9542456
        ]
      }
    },
    {
      "type": "Feature",
      "properties": {
        "ano": 2020,
        "nr_local": "1287",
        "nm_local": "ESCOLA MUNICIPAL PROF MARCOS WALDEMAR DE FREITAS REIS",
        "bairro": "ITAIPU",
        "total_eleitores": 965,
        "pct_mulheres": 54.6,
        "pct_homens": 45.4,
        "pct_genero_nao_informado": 0,
        "pct_jovens_16_24": 14.3,
        "pct_adultos_25_59": 65.5,
        "pct_60_mais": 20.2,
        "pct_idade_nao_informado": 0,
        "pct_ate_fundamental": 9.9,
        "pct_ensino_medio": 33.8,
        "pct_ensino_superior": 56.3,
        "pct_escolaridade_nao_informado": 0
      },
      "geometry": {
        "type": "Point",
        "coordinates": [
          -43.0330724,
          -22.9615628
        ]
      }
    },
    {
      "type": "Feature",
      "properties": {
        "ano": 2020,
        "nr_local": "1295",
        "nm_local": "UMEI PROFA ODETE ROSA DA MOTA",
        "bairro": "ITAIPU",
        "total_eleitores": 8832,
        "pct_mulheres": 55,
        "pct_homens": 45,
        "pct_genero_nao_informado": 0,
        "pct_jovens_16_24": 11.2,
        "pct_adultos_25_59": 60.1,
        "pct_60_mais": 28.7,
        "pct_idade_nao_informado": 0,
        "pct_ate_fundamental": 12.2,
        "pct_ensino_medio": 34,
        "pct_ensino_superior": 53.7,
        "pct_escolaridade_nao_informado": 0
      },
      "geometry": {
        "type": "Point",
        "coordinates": [
          -43.02859,
          -22.9532368
        ]
      }
    },
    {
      "type": "Feature",
      "properties": {
        "ano": 2020,
        "nr_local": "1309",
        "nm_local": "CURSO MARLY CURY",
        "bairro": "SANTA ROSA",
        "total_eleitores": 4244,
        "pct_mulheres": 57.7,
        "pct_homens": 42.3,
        "pct_genero_nao_informado": 0,
        "pct_jovens_16_24": 9.2,
        "pct_adultos_25_59": 63.6,
        "pct_60_mais": 27.2,
        "pct_idade_nao_informado": 0,
        "pct_ate_fundamental": 3.9,
        "pct_ensino_medio": 23.1,
        "pct_ensino_superior": 73.1,
        "pct_escolaridade_nao_informado": 0
      },
      "geometry": {
        "type": "Point",
        "coordinates": [
          -43.1019227,
          -22.9054777
        ]
      }
    },
    {
      "type": "Feature",
      "properties": {
        "ano": 2020,
        "nr_local": "1317",
        "nm_local": "ESCOLA ESTADUAL BALTAZAR BERNARDINO",
        "bairro": "SANTA ROSA",
        "total_eleitores": 7623,
        "pct_mulheres": 55.2,
        "pct_homens": 44.8,
        "pct_genero_nao_informado": 0,
        "pct_jovens_16_24": 13.4,
        "pct_adultos_25_59": 60.7,
        "pct_60_mais": 25.9,
        "pct_idade_nao_informado": 0,
        "pct_ate_fundamental": 14.2,
        "pct_ensino_medio": 35.9,
        "pct_ensino_superior": 49.9,
        "pct_escolaridade_nao_informado": 0
      },
      "geometry": {
        "type": "Point",
        "coordinates": [
          -43.1012931,
          -22.9032359
        ]
      }
    },
    {
      "type": "Feature",
      "properties": {
        "ano": 2020,
        "nr_local": "1325",
        "nm_local": "ESCOLA MUNICIPAL SÍTIO DO IPÊ",
        "bairro": "MARIA PAULA",
        "total_eleitores": 6433,
        "pct_mulheres": 57.3,
        "pct_homens": 42.7,
        "pct_genero_nao_informado": 0,
        "pct_jovens_16_24": 17,
        "pct_adultos_25_59": 59.5,
        "pct_60_mais": 23.5,
        "pct_idade_nao_informado": 0,
        "pct_ate_fundamental": 27.1,
        "pct_ensino_medio": 45.9,
        "pct_ensino_superior": 27,
        "pct_escolaridade_nao_informado": 0
      },
      "geometry": {
        "type": "Point",
        "coordinates": [
          -43.0267087,
          -22.8821134
        ]
      }
    },
    {
      "type": "Feature",
      "properties": {
        "ano": 2020,
        "nr_local": "1333",
        "nm_local": "ESCOLA ME NINAR",
        "bairro": "ITAIPU",
        "total_eleitores": 3904,
        "pct_mulheres": 57.4,
        "pct_homens": 42.6,
        "pct_genero_nao_informado": 0,
        "pct_jovens_16_24": 13.9,
        "pct_adultos_25_59": 62.9,
        "pct_60_mais": 23.3,
        "pct_idade_nao_informado": 0,
        "pct_ate_fundamental": 10.8,
        "pct_ensino_medio": 35.6,
        "pct_ensino_superior": 53.7,
        "pct_escolaridade_nao_informado": 0
      },
      "geometry": {
        "type": "Point",
        "coordinates": [
          -43.0442198,
          -22.9408099
        ]
      }
    },
    {
      "type": "Feature",
      "properties": {
        "ano": 2020,
        "nr_local": "1341",
        "nm_local": "SOPRECAM",
        "bairro": "CAMBOINHAS",
        "total_eleitores": 138,
        "pct_mulheres": 50,
        "pct_homens": 50,
        "pct_genero_nao_informado": 0,
        "pct_jovens_16_24": 22.5,
        "pct_adultos_25_59": 37.7,
        "pct_60_mais": 39.9,
        "pct_idade_nao_informado": 0,
        "pct_ate_fundamental": 0,
        "pct_ensino_medio": 31.9,
        "pct_ensino_superior": 68.1,
        "pct_escolaridade_nao_informado": 0
      },
      "geometry": {
        "type": "Point",
        "coordinates": [
          -43.0584356,
          -22.9537053
        ]
      }
    },
    {
      "type": "Feature",
      "properties": {
        "ano": 2020,
        "nr_local": "1350",
        "nm_local": "ESCOLA MUNICIPAL MARALEGRE",
        "bairro": "CAFUBÁ",
        "total_eleitores": 1565,
        "pct_mulheres": 57.4,
        "pct_homens": 42.6,
        "pct_genero_nao_informado": 0,
        "pct_jovens_16_24": 20.5,
        "pct_adultos_25_59": 54.7,
        "pct_60_mais": 24.8,
        "pct_idade_nao_informado": 0,
        "pct_ate_fundamental": 29.2,
        "pct_ensino_medio": 48.4,
        "pct_ensino_superior": 22.4,
        "pct_escolaridade_nao_informado": 0
      },
      "geometry": {
        "type": "Point",
        "coordinates": [
          -43.0724233,
          -22.9362723
        ]
      }
    },
    {
      "type": "Feature",
      "properties": {
        "ano": 2020,
        "nr_local": "1368",
        "nm_local": "INSTITUTO SÃO JOSÉ",
        "bairro": "SANTA ROSA",
        "total_eleitores": 8247,
        "pct_mulheres": 56.8,
        "pct_homens": 43.2,
        "pct_genero_nao_informado": 0,
        "pct_jovens_16_24": 13.5,
        "pct_adultos_25_59": 65,
        "pct_60_mais": 21.5,
        "pct_idade_nao_informado": 0,
        "pct_ate_fundamental": 26.8,
        "pct_ensino_medio": 37.1,
        "pct_ensino_superior": 36.1,
        "pct_escolaridade_nao_informado": 0
      },
      "geometry": {
        "type": "Point",
        "coordinates": [
          -43.1018878,
          -22.901754
        ]
      }
    },
    {
      "type": "Feature",
      "properties": {
        "ano": 2020,
        "nr_local": "1384",
        "nm_local": "UMEI OLGA BENÁRIO PRESTES",
        "bairro": "ENGENHO DO MATO",
        "total_eleitores": 197,
        "pct_mulheres": 53.8,
        "pct_homens": 46.2,
        "pct_genero_nao_informado": 0,
        "pct_jovens_16_24": 37.1,
        "pct_adultos_25_59": 52.8,
        "pct_60_mais": 10.2,
        "pct_idade_nao_informado": 0,
        "pct_ate_fundamental": 31,
        "pct_ensino_medio": 49.2,
        "pct_ensino_superior": 19.8,
        "pct_escolaridade_nao_informado": 0
      },
      "geometry": {
        "type": "Point",
        "coordinates": [
          -43.0086653,
          -22.9354086
        ]
      }
    },
    {
      "type": "Feature",
      "properties": {
        "ano": 2020,
        "nr_local": "1392",
        "nm_local": "FACULDADE DE VETERINARIA DA UFF",
        "bairro": "VITAL BRASIL",
        "total_eleitores": 6666,
        "pct_mulheres": 55.8,
        "pct_homens": 44.2,
        "pct_genero_nao_informado": 0,
        "pct_jovens_16_24": 14.3,
        "pct_adultos_25_59": 62.8,
        "pct_60_mais": 22.9,
        "pct_idade_nao_informado": 0,
        "pct_ate_fundamental": 10.9,
        "pct_ensino_medio": 33.1,
        "pct_ensino_superior": 56,
        "pct_escolaridade_nao_informado": 0
      },
      "geometry": {
        "type": "Point",
        "coordinates": [
          -43.098407,
          -22.904908
        ]
      }
    },
    {
      "type": "Feature",
      "properties": {
        "ano": 2020,
        "nr_local": "1406",
        "nm_local": "COLÉGIO NITERÓI",
        "bairro": "ENGENHOCA",
        "total_eleitores": 1518,
        "pct_mulheres": 57.2,
        "pct_homens": 42.8,
        "pct_genero_nao_informado": 0,
        "pct_jovens_16_24": 16.1,
        "pct_adultos_25_59": 58.6,
        "pct_60_mais": 25.3,
        "pct_idade_nao_informado": 0,
        "pct_ate_fundamental": 35.4,
        "pct_ensino_medio": 50.9,
        "pct_ensino_superior": 13.8,
        "pct_escolaridade_nao_informado": 0
      },
      "geometry": {
        "type": "Point",
        "coordinates": [
          -43.1018717,
          -22.8706133
        ]
      }
    },
    {
      "type": "Feature",
      "properties": {
        "ano": 2020,
        "nr_local": "1414",
        "nm_local": "UNIVERSIDADE SALGADO DE OLIVEIRA - BL B (PRÓXIMO AO GUANABARA)",
        "bairro": "CENTRO",
        "total_eleitores": 1013,
        "pct_mulheres": 57.7,
        "pct_homens": 42.3,
        "pct_genero_nao_informado": 0,
        "pct_jovens_16_24": 12.2,
        "pct_adultos_25_59": 68.9,
        "pct_60_mais": 18.9,
        "pct_idade_nao_informado": 0,
        "pct_ate_fundamental": 21.7,
        "pct_ensino_medio": 40.5,
        "pct_ensino_superior": 37.8,
        "pct_escolaridade_nao_informado": 0
      },
      "geometry": {
        "type": "Point",
        "coordinates": [
          -43.1172001,
          -22.8893447
        ]
      }
    },
    {
      "type": "Feature",
      "properties": {
        "ano": 2020,
        "nr_local": "1422",
        "nm_local": "CLUBE PORTUGUES DE NITEROI",
        "bairro": "SÃO DOMINGOS",
        "total_eleitores": 2029,
        "pct_mulheres": 54.4,
        "pct_homens": 45.6,
        "pct_genero_nao_informado": 0,
        "pct_jovens_16_24": 4.2,
        "pct_adultos_25_59": 57.4,
        "pct_60_mais": 38.3,
        "pct_idade_nao_informado": 0,
        "pct_ate_fundamental": 10,
        "pct_ensino_medio": 24.4,
        "pct_ensino_superior": 65.5,
        "pct_escolaridade_nao_informado": 0
      },
      "geometry": {
        "type": "Point",
        "coordinates": [
          -43.1274594,
          -22.9021482
        ]
      }
    },
    {
      "type": "Feature",
      "properties": {
        "ano": 2020,
        "nr_local": "1430",
        "nm_local": "COLEGIO ESTADUAL AURELINO LEAL",
        "bairro": "INGÁ",
        "total_eleitores": 2736,
        "pct_mulheres": 59.6,
        "pct_homens": 40.4,
        "pct_genero_nao_informado": 0,
        "pct_jovens_16_24": 5.4,
        "pct_adultos_25_59": 59.9,
        "pct_60_mais": 34.6,
        "pct_idade_nao_informado": 0,
        "pct_ate_fundamental": 14.2,
        "pct_ensino_medio": 28.9,
        "pct_ensino_superior": 56.9,
        "pct_escolaridade_nao_informado": 0
      },
      "geometry": {
        "type": "Point",
        "coordinates": [
          -43.1254512,
          -22.9033321
        ]
      }
    },
    {
      "type": "Feature",
      "properties": {
        "ano": 2020,
        "nr_local": "1449",
        "nm_local": "CIEP 450 - BADU",
        "bairro": "BADU",
        "total_eleitores": 13052,
        "pct_mulheres": 53.8,
        "pct_homens": 46.2,
        "pct_genero_nao_informado": 0,
        "pct_jovens_16_24": 10.2,
        "pct_adultos_25_59": 66.6,
        "pct_60_mais": 23.3,
        "pct_idade_nao_informado": 0,
        "pct_ate_fundamental": 28.5,
        "pct_ensino_medio": 41.9,
        "pct_ensino_superior": 29.6,
        "pct_escolaridade_nao_informado": 0
      },
      "geometry": {
        "type": "Point",
        "coordinates": [
          -43.0566124,
          -22.9071974
        ]
      }
    },
    {
      "type": "Feature",
      "properties": {
        "ano": 2020,
        "nr_local": "1457",
        "nm_local": "ÁGUAS DE NITEROI",
        "bairro": "CENTRO",
        "total_eleitores": 6123,
        "pct_mulheres": 56.2,
        "pct_homens": 43.8,
        "pct_genero_nao_informado": 0,
        "pct_jovens_16_24": 12.5,
        "pct_adultos_25_59": 61.1,
        "pct_60_mais": 26.4,
        "pct_idade_nao_informado": 0,
        "pct_ate_fundamental": 19.9,
        "pct_ensino_medio": 43.7,
        "pct_ensino_superior": 36.4,
        "pct_escolaridade_nao_informado": 0
      },
      "geometry": {
        "type": "Point",
        "coordinates": [
          -43.1141378,
          -22.8915411
        ]
      }
    },
    {
      "type": "Feature",
      "properties": {
        "ano": 2020,
        "nr_local": "1465",
        "nm_local": "CENTRO UNIVERSITÁRIO ANHANGUERA (ANTIGO PLÍNIO LEITE)",
        "bairro": "CENTRO",
        "total_eleitores": 2561,
        "pct_mulheres": 54,
        "pct_homens": 46,
        "pct_genero_nao_informado": 0,
        "pct_jovens_16_24": 8.9,
        "pct_adultos_25_59": 68.1,
        "pct_60_mais": 23,
        "pct_idade_nao_informado": 0,
        "pct_ate_fundamental": 13.9,
        "pct_ensino_medio": 40.1,
        "pct_ensino_superior": 46,
        "pct_escolaridade_nao_informado": 0
      },
      "geometry": {
        "type": "Point",
        "coordinates": [
          -43.1245632,
          -22.8869267
        ]
      }
    },
    {
      "type": "Feature",
      "properties": {
        "ano": 2020,
        "nr_local": "1473",
        "nm_local": "COLÉGIO FORUM CULTURAL",
        "bairro": "CANTAGALO",
        "total_eleitores": 8265,
        "pct_mulheres": 54.3,
        "pct_homens": 45.7,
        "pct_genero_nao_informado": 0,
        "pct_jovens_16_24": 10.8,
        "pct_adultos_25_59": 68.3,
        "pct_60_mais": 20.9,
        "pct_idade_nao_informado": 0,
        "pct_ate_fundamental": 36,
        "pct_ensino_medio": 43.5,
        "pct_ensino_superior": 20.5,
        "pct_escolaridade_nao_informado": 0
      },
      "geometry": {
        "type": "Point",
        "coordinates": [
          -43.0490094,
          -22.9163184
        ]
      }
    },
    {
      "type": "Feature",
      "properties": {
        "ano": 2020,
        "nr_local": "1481",
        "nm_local": "ESCOLA MUNICIPAL MAESTRO HEITOR VILLA-LOBOS (''COLÉGIO NOVO'')",
        "bairro": "ILHA DA CONCEIÇÃO",
        "total_eleitores": 4112,
        "pct_mulheres": 53.7,
        "pct_homens": 46.3,
        "pct_genero_nao_informado": 0,
        "pct_jovens_16_24": 10,
        "pct_adultos_25_59": 64.8,
        "pct_60_mais": 25.2,
        "pct_idade_nao_informado": 0,
        "pct_ate_fundamental": 29.1,
        "pct_ensino_medio": 51.3,
        "pct_ensino_superior": 19.6,
        "pct_escolaridade_nao_informado": 0
      },
      "geometry": {
        "type": "Point",
        "coordinates": [
          -43.1156463,
          -22.8731482
        ]
      }
    },
    {
      "type": "Feature",
      "properties": {
        "ano": 2020,
        "nr_local": "1490",
        "nm_local": "IGREJA BATISTA DO FONSECA",
        "bairro": "FONSECA",
        "total_eleitores": 1876,
        "pct_mulheres": 56.4,
        "pct_homens": 43.6,
        "pct_genero_nao_informado": 0,
        "pct_jovens_16_24": 6.6,
        "pct_adultos_25_59": 60.4,
        "pct_60_mais": 33,
        "pct_idade_nao_informado": 0,
        "pct_ate_fundamental": 18.1,
        "pct_ensino_medio": 42.3,
        "pct_ensino_superior": 39.6,
        "pct_escolaridade_nao_informado": 0
      },
      "geometry": {
        "type": "Point",
        "coordinates": [
          -43.0865383,
          -22.8810878
        ]
      }
    },
    {
      "type": "Feature",
      "properties": {
        "ano": 2020,
        "nr_local": "1503",
        "nm_local": "SERVICO DE ASSISTENCIA SOCIAL SAO DOMINGOS SAVIO",
        "bairro": "SANTA ROSA",
        "total_eleitores": 2353,
        "pct_mulheres": 55.2,
        "pct_homens": 44.8,
        "pct_genero_nao_informado": 0,
        "pct_jovens_16_24": 9.2,
        "pct_adultos_25_59": 62.4,
        "pct_60_mais": 28.3,
        "pct_idade_nao_informado": 0,
        "pct_ate_fundamental": 20.7,
        "pct_ensino_medio": 36.8,
        "pct_ensino_superior": 42.5,
        "pct_escolaridade_nao_informado": 0
      },
      "geometry": {
        "type": "Point",
        "coordinates": [
          -43.0928214,
          -22.8988024
        ]
      }
    },
    {
      "type": "Feature",
      "properties": {
        "ano": 2020,
        "nr_local": "1511",
        "nm_local": "FACULDADE DE ADMINISTRAÇÃO E CIÊNCIAS CONTÁBEIS (VALONGUINHO)",
        "bairro": "CENTRO",
        "total_eleitores": 3097,
        "pct_mulheres": 55.4,
        "pct_homens": 44.6,
        "pct_genero_nao_informado": 0,
        "pct_jovens_16_24": 8.8,
        "pct_adultos_25_59": 66.7,
        "pct_60_mais": 24.5,
        "pct_idade_nao_informado": 0,
        "pct_ate_fundamental": 27.5,
        "pct_ensino_medio": 44.1,
        "pct_ensino_superior": 28.4,
        "pct_escolaridade_nao_informado": 0
      },
      "geometry": {
        "type": "Point",
        "coordinates": [
          -43.1252439,
          -22.8967413
        ]
      }
    },
    {
      "type": "Feature",
      "properties": {
        "ano": 2020,
        "nr_local": "1520",
        "nm_local": "ESCOLA MUNICIPAL LEVI CARNEIRO",
        "bairro": "SAPÊ",
        "total_eleitores": 7308,
        "pct_mulheres": 55.1,
        "pct_homens": 44.9,
        "pct_genero_nao_informado": 0,
        "pct_jovens_16_24": 11.9,
        "pct_adultos_25_59": 66.8,
        "pct_60_mais": 21.3,
        "pct_idade_nao_informado": 0,
        "pct_ate_fundamental": 34.6,
        "pct_ensino_medio": 46.6,
        "pct_ensino_superior": 18.8,
        "pct_escolaridade_nao_informado": 0
      },
      "geometry": {
        "type": "Point",
        "coordinates": [
          -43.0583864,
          -22.8961721
        ]
      }
    },
    {
      "type": "Feature",
      "properties": {
        "ano": 2020,
        "nr_local": "1538",
        "nm_local": "ESCOLA CATAVENTO ESPAÇO DE EDUCAÇÃO",
        "bairro": "SAPÊ",
        "total_eleitores": 1640,
        "pct_mulheres": 54.1,
        "pct_homens": 45.9,
        "pct_genero_nao_informado": 0,
        "pct_jovens_16_24": 9.3,
        "pct_adultos_25_59": 71,
        "pct_60_mais": 19.8,
        "pct_idade_nao_informado": 0,
        "pct_ate_fundamental": 20,
        "pct_ensino_medio": 45.6,
        "pct_ensino_superior": 34.4,
        "pct_escolaridade_nao_informado": 0
      },
      "geometry": {
        "type": "Point",
        "coordinates": [
          -43.0635188,
          -22.9024713
        ]
      }
    },
    {
      "type": "Feature",
      "properties": {
        "ano": 2020,
        "nr_local": "1546",
        "nm_local": "UNIVERSIDADE SALGADO DE OLIVEIRA - BL A",
        "bairro": "CENTRO",
        "total_eleitores": 3870,
        "pct_mulheres": 56.9,
        "pct_homens": 43.1,
        "pct_genero_nao_informado": 0,
        "pct_jovens_16_24": 6.3,
        "pct_adultos_25_59": 64.2,
        "pct_60_mais": 29.5,
        "pct_idade_nao_informado": 0,
        "pct_ate_fundamental": 24.3,
        "pct_ensino_medio": 43.6,
        "pct_ensino_superior": 32.1,
        "pct_escolaridade_nao_informado": 0
      },
      "geometry": {
        "type": "Point",
        "coordinates": [
          -43.1186087,
          -22.8894749
        ]
      }
    },
    {
      "type": "Feature",
      "properties": {
        "ano": 2020,
        "nr_local": "1554",
        "nm_local": "JARDIM ESCOLA GIRASSÓIS",
        "bairro": "LARGO DA BATALHA",
        "total_eleitores": 7538,
        "pct_mulheres": 55.9,
        "pct_homens": 44.1,
        "pct_genero_nao_informado": 0,
        "pct_jovens_16_24": 17,
        "pct_adultos_25_59": 61.3,
        "pct_60_mais": 21.6,
        "pct_idade_nao_informado": 0,
        "pct_ate_fundamental": 21.6,
        "pct_ensino_medio": 44.3,
        "pct_ensino_superior": 34.1,
        "pct_escolaridade_nao_informado": 0
      },
      "geometry": {
        "type": "Point",
        "coordinates": [
          -43.0652722,
          -22.9077414
        ]
      }
    },
    {
      "type": "Feature",
      "properties": {
        "ano": 2020,
        "nr_local": "1562",
        "nm_local": "COLEGIO ESTADUAL RAUL VIDAL",
        "bairro": "CENTRO",
        "total_eleitores": 4527,
        "pct_mulheres": 56.6,
        "pct_homens": 43.4,
        "pct_genero_nao_informado": 0,
        "pct_jovens_16_24": 11,
        "pct_adultos_25_59": 64.5,
        "pct_60_mais": 24.5,
        "pct_idade_nao_informado": 0,
        "pct_ate_fundamental": 25.6,
        "pct_ensino_medio": 45,
        "pct_ensino_superior": 29.5,
        "pct_escolaridade_nao_informado": 0
      },
      "geometry": {
        "type": "Point",
        "coordinates": [
          -43.1242688,
          -22.8862372
        ]
      }
    },
    {
      "type": "Feature",
      "properties": {
        "ano": 2020,
        "nr_local": "1570",
        "nm_local": "IGREJA DO SANTUARIO NACIONAL DAS ALMAS",
        "bairro": "ICARAÍ",
        "total_eleitores": 7017,
        "pct_mulheres": 55.7,
        "pct_homens": 44.3,
        "pct_genero_nao_informado": 0,
        "pct_jovens_16_24": 8.5,
        "pct_adultos_25_59": 57.7,
        "pct_60_mais": 33.8,
        "pct_idade_nao_informado": 0,
        "pct_ate_fundamental": 13,
        "pct_ensino_medio": 35.2,
        "pct_ensino_superior": 51.8,
        "pct_escolaridade_nao_informado": 0
      },
      "geometry": {
        "type": "Point",
        "coordinates": [
          -43.1107182,
          -22.9004522
        ]
      }
    },
    {
      "type": "Feature",
      "properties": {
        "ano": 2020,
        "nr_local": "1589",
        "nm_local": "COLÉGIO NOSSA SENHORA DAS MERCÊS",
        "bairro": "FONSECA",
        "total_eleitores": 7655,
        "pct_mulheres": 55.8,
        "pct_homens": 44.2,
        "pct_genero_nao_informado": 0,
        "pct_jovens_16_24": 9.4,
        "pct_adultos_25_59": 61.6,
        "pct_60_mais": 28.9,
        "pct_idade_nao_informado": 0,
        "pct_ate_fundamental": 8.4,
        "pct_ensino_medio": 33.5,
        "pct_ensino_superior": 58.1,
        "pct_escolaridade_nao_informado": 0
      },
      "geometry": {
        "type": "Point",
        "coordinates": [
          -43.1023535,
          -22.880345
        ]
      }
    },
    {
      "type": "Feature",
      "properties": {
        "ano": 2020,
        "nr_local": "1597",
        "nm_local": "COLÉGIO PONTO DE ENSINO",
        "bairro": "ICARAÍ",
        "total_eleitores": 5298,
        "pct_mulheres": 57.4,
        "pct_homens": 42.6,
        "pct_genero_nao_informado": 0,
        "pct_jovens_16_24": 9.7,
        "pct_adultos_25_59": 55.2,
        "pct_60_mais": 35.1,
        "pct_idade_nao_informado": 0,
        "pct_ate_fundamental": 10.3,
        "pct_ensino_medio": 31,
        "pct_ensino_superior": 58.6,
        "pct_escolaridade_nao_informado": 0
      },
      "geometry": {
        "type": "Point",
        "coordinates": [
          -43.1095209,
          -22.9092421
        ]
      }
    },
    {
      "type": "Feature",
      "properties": {
        "ano": 2020,
        "nr_local": "1600",
        "nm_local": "INSTITUTO DE EDUCAÇÃO PROFESSOR ISMAEL COUTINHO - IEPIC",
        "bairro": "SÃO DOMINGOS",
        "total_eleitores": 6223,
        "pct_mulheres": 54.6,
        "pct_homens": 45.4,
        "pct_genero_nao_informado": 0,
        "pct_jovens_16_24": 13,
        "pct_adultos_25_59": 61.2,
        "pct_60_mais": 25.8,
        "pct_idade_nao_informado": 0,
        "pct_ate_fundamental": 21.5,
        "pct_ensino_medio": 35.5,
        "pct_ensino_superior": 43,
        "pct_escolaridade_nao_informado": 0
      },
      "geometry": {
        "type": "Point",
        "coordinates": [
          -43.1271052,
          -22.8989767
        ]
      }
    },
    {
      "type": "Feature",
      "properties": {
        "ano": 2020,
        "nr_local": "1619",
        "nm_local": "COLEGIO ESTADUAL JOAQUIM TAVORA",
        "bairro": "ICARAÍ",
        "total_eleitores": 3881,
        "pct_mulheres": 55.2,
        "pct_homens": 44.8,
        "pct_genero_nao_informado": 0,
        "pct_jovens_16_24": 9.6,
        "pct_adultos_25_59": 54.3,
        "pct_60_mais": 36,
        "pct_idade_nao_informado": 0,
        "pct_ate_fundamental": 5.4,
        "pct_ensino_medio": 25.2,
        "pct_ensino_superior": 69.4,
        "pct_escolaridade_nao_informado": 0
      },
      "geometry": {
        "type": "Point",
        "coordinates": [
          -43.1081976,
          -22.9048788
        ]
      }
    },
    {
      "type": "Feature",
      "properties": {
        "ano": 2020,
        "nr_local": "1627",
        "nm_local": "ESCOLA ESTADUAL DOUTOR JAYME MEMORIA",
        "bairro": "CUBANGO",
        "total_eleitores": 7983,
        "pct_mulheres": 55.3,
        "pct_homens": 44.7,
        "pct_genero_nao_informado": 0,
        "pct_jovens_16_24": 11.3,
        "pct_adultos_25_59": 63.7,
        "pct_60_mais": 25.1,
        "pct_idade_nao_informado": 0,
        "pct_ate_fundamental": 31.2,
        "pct_ensino_medio": 43.9,
        "pct_ensino_superior": 24.9,
        "pct_escolaridade_nao_informado": 0
      },
      "geometry": {
        "type": "Point",
        "coordinates": [
          -43.0937712,
          -22.88949
        ]
      }
    },
    {
      "type": "Feature",
      "properties": {
        "ano": 2020,
        "nr_local": "1635",
        "nm_local": "ESCOLA MUNICIPAL DOM JOSÉ PEREIRA ALVES",
        "bairro": "FONSECA",
        "total_eleitores": 1659,
        "pct_mulheres": 57.2,
        "pct_homens": 42.8,
        "pct_genero_nao_informado": 0,
        "pct_jovens_16_24": 12.3,
        "pct_adultos_25_59": 60.9,
        "pct_60_mais": 26.8,
        "pct_idade_nao_informado": 0,
        "pct_ate_fundamental": 31,
        "pct_ensino_medio": 41,
        "pct_ensino_superior": 28,
        "pct_escolaridade_nao_informado": 0
      },
      "geometry": {
        "type": "Point",
        "coordinates": [
          -43.0920686,
          -22.8783038
        ]
      }
    },
    {
      "type": "Feature",
      "properties": {
        "ano": 2020,
        "nr_local": "1643",
        "nm_local": "CENTRO MODERNO ALZIRA BITTENCOURT",
        "bairro": "ICARAÍ",
        "total_eleitores": 1842,
        "pct_mulheres": 54.7,
        "pct_homens": 45.3,
        "pct_genero_nao_informado": 0,
        "pct_jovens_16_24": 12.8,
        "pct_adultos_25_59": 57.7,
        "pct_60_mais": 29.6,
        "pct_idade_nao_informado": 0,
        "pct_ate_fundamental": 13.2,
        "pct_ensino_medio": 36.9,
        "pct_ensino_superior": 49.9,
        "pct_escolaridade_nao_informado": 0
      },
      "geometry": {
        "type": "Point",
        "coordinates": [
          -43.110746,
          -22.9012326
        ]
      }
    },
    {
      "type": "Feature",
      "properties": {
        "ano": 2020,
        "nr_local": "1651",
        "nm_local": "PH COLÉGIO",
        "bairro": "ICARAÍ",
        "total_eleitores": 2669,
        "pct_mulheres": 56.7,
        "pct_homens": 43.3,
        "pct_genero_nao_informado": 0,
        "pct_jovens_16_24": 8.1,
        "pct_adultos_25_59": 61.8,
        "pct_60_mais": 30.1,
        "pct_idade_nao_informado": 0,
        "pct_ate_fundamental": 17,
        "pct_ensino_medio": 35.1,
        "pct_ensino_superior": 47.9,
        "pct_escolaridade_nao_informado": 0
      },
      "geometry": {
        "type": "Point",
        "coordinates": [
          -43.1110377,
          -22.9006508
        ]
      }
    },
    {
      "type": "Feature",
      "properties": {
        "ano": 2020,
        "nr_local": "1660",
        "nm_local": "CLUBE CENTRAL",
        "bairro": "ICARAÍ",
        "total_eleitores": 12525,
        "pct_mulheres": 57.2,
        "pct_homens": 42.8,
        "pct_genero_nao_informado": 0,
        "pct_jovens_16_24": 6,
        "pct_adultos_25_59": 58.5,
        "pct_60_mais": 35.6,
        "pct_idade_nao_informado": 0,
        "pct_ate_fundamental": 15.1,
        "pct_ensino_medio": 29.9,
        "pct_ensino_superior": 55,
        "pct_escolaridade_nao_informado": 0
      },
      "geometry": {
        "type": "Point",
        "coordinates": [
          -43.111789,
          -22.9075784
        ]
      }
    },
    {
      "type": "Feature",
      "properties": {
        "ano": 2020,
        "nr_local": "1678",
        "nm_local": "LICEU NILO PEÇANHA",
        "bairro": "CENTRO",
        "total_eleitores": 5270,
        "pct_mulheres": 56.1,
        "pct_homens": 43.9,
        "pct_genero_nao_informado": 0,
        "pct_jovens_16_24": 11.1,
        "pct_adultos_25_59": 63,
        "pct_60_mais": 25.9,
        "pct_idade_nao_informado": 0,
        "pct_ate_fundamental": 25,
        "pct_ensino_medio": 41.7,
        "pct_ensino_superior": 33.3,
        "pct_escolaridade_nao_informado": 0
      },
      "geometry": {
        "type": "Point",
        "coordinates": [
          -43.1165611,
          -22.8935707
        ]
      }
    },
    {
      "type": "Feature",
      "properties": {
        "ano": 2020,
        "nr_local": "1686",
        "nm_local": "COLÉGIO DA POLÍCIA MILITAR",
        "bairro": "FONSECA",
        "total_eleitores": 3736,
        "pct_mulheres": 59,
        "pct_homens": 41,
        "pct_genero_nao_informado": 0,
        "pct_jovens_16_24": 4.7,
        "pct_adultos_25_59": 53.3,
        "pct_60_mais": 42,
        "pct_idade_nao_informado": 0,
        "pct_ate_fundamental": 16.3,
        "pct_ensino_medio": 31.1,
        "pct_ensino_superior": 52.6,
        "pct_escolaridade_nao_informado": 0
      },
      "geometry": {
        "type": "Point",
        "coordinates": [
          -43.0820149,
          -22.8818063
        ]
      }
    },
    {
      "type": "Feature",
      "properties": {
        "ano": 2020,
        "nr_local": "1694",
        "nm_local": "RIO CRICKET",
        "bairro": "INGÁ",
        "total_eleitores": 3357,
        "pct_mulheres": 57.3,
        "pct_homens": 42.7,
        "pct_genero_nao_informado": 0,
        "pct_jovens_16_24": 14,
        "pct_adultos_25_59": 61.1,
        "pct_60_mais": 24.9,
        "pct_idade_nao_informado": 0,
        "pct_ate_fundamental": 10,
        "pct_ensino_medio": 30.9,
        "pct_ensino_superior": 59,
        "pct_escolaridade_nao_informado": 0
      },
      "geometry": {
        "type": "Point",
        "coordinates": [
          -43.1133665,
          -22.8997052
        ]
      }
    },
    {
      "type": "Feature",
      "properties": {
        "ano": 2020,
        "nr_local": "1708",
        "nm_local": "ESCOLA MUNICIPAL JÚLIA CORTINES",
        "bairro": "ICARAÍ",
        "total_eleitores": 930,
        "pct_mulheres": 59.1,
        "pct_homens": 40.9,
        "pct_genero_nao_informado": 0,
        "pct_jovens_16_24": 7.1,
        "pct_adultos_25_59": 48.3,
        "pct_60_mais": 44.6,
        "pct_idade_nao_informado": 0,
        "pct_ate_fundamental": 7.1,
        "pct_ensino_medio": 27.1,
        "pct_ensino_superior": 65.8,
        "pct_escolaridade_nao_informado": 0
      },
      "geometry": {
        "type": "Point",
        "coordinates": [
          -43.1086717,
          -22.9043592
        ]
      }
    },
    {
      "type": "Feature",
      "properties": {
        "ano": 2020,
        "nr_local": "1716",
        "nm_local": "ESCOLA VIVINFÂNCIA",
        "bairro": "ICARAÍ",
        "total_eleitores": 844,
        "pct_mulheres": 61.4,
        "pct_homens": 38.6,
        "pct_genero_nao_informado": 0,
        "pct_jovens_16_24": 3,
        "pct_adultos_25_59": 53,
        "pct_60_mais": 44.1,
        "pct_idade_nao_informado": 0,
        "pct_ate_fundamental": 7,
        "pct_ensino_medio": 23.7,
        "pct_ensino_superior": 69.3,
        "pct_escolaridade_nao_informado": 0
      },
      "geometry": {
        "type": "Point",
        "coordinates": [
          -43.1056898,
          -22.9079727
        ]
      }
    },
    {
      "type": "Feature",
      "properties": {
        "ano": 2020,
        "nr_local": "1724",
        "nm_local": "AABB",
        "bairro": "SÃO FRANCISCO",
        "total_eleitores": 2554,
        "pct_mulheres": 52.2,
        "pct_homens": 47.8,
        "pct_genero_nao_informado": 0,
        "pct_jovens_16_24": 8.1,
        "pct_adultos_25_59": 62.8,
        "pct_60_mais": 29.1,
        "pct_idade_nao_informado": 0,
        "pct_ate_fundamental": 17.1,
        "pct_ensino_medio": 34.3,
        "pct_ensino_superior": 48.6,
        "pct_escolaridade_nao_informado": 0
      },
      "geometry": {
        "type": "Point",
        "coordinates": [
          -43.0826083,
          -22.9172823
        ]
      }
    },
    {
      "type": "Feature",
      "properties": {
        "ano": 2020,
        "nr_local": "1732",
        "nm_local": "CLUBE NAVAL",
        "bairro": "JURUJUBA",
        "total_eleitores": 6335,
        "pct_mulheres": 53.5,
        "pct_homens": 46.5,
        "pct_genero_nao_informado": 0,
        "pct_jovens_16_24": 12.9,
        "pct_adultos_25_59": 66.1,
        "pct_60_mais": 21,
        "pct_idade_nao_informado": 0,
        "pct_ate_fundamental": 41.4,
        "pct_ensino_medio": 44.7,
        "pct_ensino_superior": 13.9,
        "pct_escolaridade_nao_informado": 0
      },
      "geometry": {
        "type": "Point",
        "coordinates": [
          -43.1068139,
          -22.935737
        ]
      }
    },
    {
      "type": "Feature",
      "properties": {
        "ano": 2020,
        "nr_local": "1740",
        "nm_local": "ESCOLA MUNICIPAL PROFESSORA ELVIRA LÚCIA ESTEVES DE VASCONCELOS",
        "bairro": "ICARAÍ",
        "total_eleitores": 2962,
        "pct_mulheres": 59.9,
        "pct_homens": 40.1,
        "pct_genero_nao_informado": 0,
        "pct_jovens_16_24": 2,
        "pct_adultos_25_59": 60.5,
        "pct_60_mais": 37.5,
        "pct_idade_nao_informado": 0,
        "pct_ate_fundamental": 6.2,
        "pct_ensino_medio": 21.1,
        "pct_ensino_superior": 72.7,
        "pct_escolaridade_nao_informado": 0
      },
      "geometry": {
        "type": "Point",
        "coordinates": [
          -43.1073245,
          -22.9111671
        ]
      }
    },
    {
      "type": "Feature",
      "properties": {
        "ano": 2020,
        "nr_local": "1759",
        "nm_local": "COLÉGIO MV1",
        "bairro": "ICARAÍ",
        "total_eleitores": 5392,
        "pct_mulheres": 56.6,
        "pct_homens": 43.4,
        "pct_genero_nao_informado": 0,
        "pct_jovens_16_24": 10.7,
        "pct_adultos_25_59": 59.1,
        "pct_60_mais": 30.2,
        "pct_idade_nao_informado": 0,
        "pct_ate_fundamental": 6.4,
        "pct_ensino_medio": 28.9,
        "pct_ensino_superior": 64.7,
        "pct_escolaridade_nao_informado": 0
      },
      "geometry": {
        "type": "Point",
        "coordinates": [
          -43.1058651,
          -22.9079111
        ]
      }
    },
    {
      "type": "Feature",
      "properties": {
        "ano": 2020,
        "nr_local": "1767",
        "nm_local": "COLÉGIO ASSUNÇÃO",
        "bairro": "SÃO FRANCISCO",
        "total_eleitores": 5191,
        "pct_mulheres": 56.6,
        "pct_homens": 43.4,
        "pct_genero_nao_informado": 0,
        "pct_jovens_16_24": 9.3,
        "pct_adultos_25_59": 59.4,
        "pct_60_mais": 31.3,
        "pct_idade_nao_informado": 0,
        "pct_ate_fundamental": 8,
        "pct_ensino_medio": 27.5,
        "pct_ensino_superior": 64.5,
        "pct_escolaridade_nao_informado": 0
      },
      "geometry": {
        "type": "Point",
        "coordinates": [
          -43.0926525,
          -22.9208239
        ]
      }
    },
    {
      "type": "Feature",
      "properties": {
        "ano": 2020,
        "nr_local": "1775",
        "nm_local": "ESCOLA ESTADUAL CIZÍNIO SOARES PINTO",
        "bairro": "SÃO FRANCISCO",
        "total_eleitores": 2205,
        "pct_mulheres": 56,
        "pct_homens": 44,
        "pct_genero_nao_informado": 0,
        "pct_jovens_16_24": 12.3,
        "pct_adultos_25_59": 59.3,
        "pct_60_mais": 28.4,
        "pct_idade_nao_informado": 0,
        "pct_ate_fundamental": 30.2,
        "pct_ensino_medio": 35.3,
        "pct_ensino_superior": 34.5,
        "pct_escolaridade_nao_informado": 0
      },
      "geometry": {
        "type": "Point",
        "coordinates": [
          -43.093934,
          -22.9147594
        ]
      }
    },
    {
      "type": "Feature",
      "properties": {
        "ano": 2020,
        "nr_local": "1783",
        "nm_local": "SOCIEDADE BRASILEIRA DE CULTURA INGLESA",
        "bairro": "ICARAÍ",
        "total_eleitores": 1369,
        "pct_mulheres": 61.2,
        "pct_homens": 38.8,
        "pct_genero_nao_informado": 0,
        "pct_jovens_16_24": 2.7,
        "pct_adultos_25_59": 56.6,
        "pct_60_mais": 40.7,
        "pct_idade_nao_informado": 0,
        "pct_ate_fundamental": 4.2,
        "pct_ensino_medio": 18,
        "pct_ensino_superior": 77.7,
        "pct_escolaridade_nao_informado": 0
      },
      "geometry": {
        "type": "Point",
        "coordinates": [
          -43.1111859,
          -22.9075527
        ]
      }
    },
    {
      "type": "Feature",
      "properties": {
        "ano": 2022,
        "nr_local": "1015",
        "nm_local": "INSTITUTO JCA",
        "bairro": "SANTA BARBARA",
        "total_eleitores": 8577,
        "pct_mulheres": 54.6,
        "pct_homens": 45.4,
        "pct_genero_nao_informado": 0,
        "pct_jovens_16_24": 11.7,
        "pct_adultos_25_59": 61.4,
        "pct_60_mais": 27,
        "pct_idade_nao_informado": 0,
        "pct_ate_fundamental": 14.6,
        "pct_ensino_medio": 34.9,
        "pct_ensino_superior": 50.6,
        "pct_escolaridade_nao_informado": 0
      },
      "geometry": {
        "type": "Point",
        "coordinates": [
          -43.0585179,
          -22.882301
        ]
      }
    },
    {
      "type": "Feature",
      "properties": {
        "ano": 2022,
        "nr_local": "1023",
        "nm_local": "PAROQUIA DE SAO JOAO BATISTA",
        "bairro": "TENENTE JARDIM",
        "total_eleitores": 3080,
        "pct_mulheres": 55.4,
        "pct_homens": 44.6,
        "pct_genero_nao_informado": 0,
        "pct_jovens_16_24": 12.7,
        "pct_adultos_25_59": 59.5,
        "pct_60_mais": 27.8,
        "pct_idade_nao_informado": 0,
        "pct_ate_fundamental": 23.9,
        "pct_ensino_medio": 45.8,
        "pct_ensino_superior": 30.3,
        "pct_escolaridade_nao_informado": 0
      },
      "geometry": {
        "type": "Point",
        "coordinates": [
          -43.0827273,
          -22.8639855
        ]
      }
    },
    {
      "type": "Feature",
      "properties": {
        "ano": 2022,
        "nr_local": "1031",
        "nm_local": "(PRÉDIO NOVO) COLÉGIO PEDRO II UNIDADE NITERÓI",
        "bairro": "BARRETO",
        "total_eleitores": 10962,
        "pct_mulheres": 55.1,
        "pct_homens": 44.9,
        "pct_genero_nao_informado": 0,
        "pct_jovens_16_24": 9.9,
        "pct_adultos_25_59": 65,
        "pct_60_mais": 25.1,
        "pct_idade_nao_informado": 0,
        "pct_ate_fundamental": 29.2,
        "pct_ensino_medio": 49.2,
        "pct_ensino_superior": 21.6,
        "pct_escolaridade_nao_informado": 0
      },
      "geometry": {
        "type": "Point",
        "coordinates": [
          -43.1037833,
          -22.8685685
        ]
      }
    },
    {
      "type": "Feature",
      "properties": {
        "ano": 2022,
        "nr_local": "1040",
        "nm_local": "CIEP 447 - CARAMUJO",
        "bairro": "CARAMUJO",
        "total_eleitores": 4469,
        "pct_mulheres": 55.2,
        "pct_homens": 44.8,
        "pct_genero_nao_informado": 0,
        "pct_jovens_16_24": 12.2,
        "pct_adultos_25_59": 66.4,
        "pct_60_mais": 21.5,
        "pct_idade_nao_informado": 0,
        "pct_ate_fundamental": 40.5,
        "pct_ensino_medio": 51,
        "pct_ensino_superior": 8.4,
        "pct_escolaridade_nao_informado": 0
      },
      "geometry": {
        "type": "Point",
        "coordinates": [
          -43.065134,
          -22.8827294
        ]
      }
    },
    {
      "type": "Feature",
      "properties": {
        "ano": 2022,
        "nr_local": "1066",
        "nm_local": "ITACOATIARA PAMPO CLUBE",
        "bairro": "ITACOATIARA",
        "total_eleitores": 2284,
        "pct_mulheres": 49.6,
        "pct_homens": 50.4,
        "pct_genero_nao_informado": 0,
        "pct_jovens_16_24": 1.4,
        "pct_adultos_25_59": 63.9,
        "pct_60_mais": 34.7,
        "pct_idade_nao_informado": 0,
        "pct_ate_fundamental": 4.3,
        "pct_ensino_medio": 21.6,
        "pct_ensino_superior": 74,
        "pct_escolaridade_nao_informado": 0
      },
      "geometry": {
        "type": "Point",
        "coordinates": [
          -43.0332117,
          -22.9646939
        ]
      }
    },
    {
      "type": "Feature",
      "properties": {
        "ano": 2022,
        "nr_local": "1074",
        "nm_local": "COLEGIO ESTADUAL PAULO ASSIS RIBEIRO",
        "bairro": "BADU",
        "total_eleitores": 8905,
        "pct_mulheres": 52.8,
        "pct_homens": 47.2,
        "pct_genero_nao_informado": 0,
        "pct_jovens_16_24": 7.5,
        "pct_adultos_25_59": 68.2,
        "pct_60_mais": 24.3,
        "pct_idade_nao_informado": 0,
        "pct_ate_fundamental": 20.4,
        "pct_ensino_medio": 42.7,
        "pct_ensino_superior": 36.9,
        "pct_escolaridade_nao_informado": 0
      },
      "geometry": {
        "type": "Point",
        "coordinates": [
          -43.0573891,
          -22.9068537
        ]
      }
    },
    {
      "type": "Feature",
      "properties": {
        "ano": 2022,
        "nr_local": "1082",
        "nm_local": "UMEI DR PAULO CESAR DE ALMEIDA PIMENTEL",
        "bairro": "ITAIPU",
        "total_eleitores": 2584,
        "pct_mulheres": 50.9,
        "pct_homens": 49.1,
        "pct_genero_nao_informado": 0,
        "pct_jovens_16_24": 7.3,
        "pct_adultos_25_59": 63.3,
        "pct_60_mais": 29.4,
        "pct_idade_nao_informado": 0,
        "pct_ate_fundamental": 14.2,
        "pct_ensino_medio": 36.4,
        "pct_ensino_superior": 49.4,
        "pct_escolaridade_nao_informado": 0
      },
      "geometry": {
        "type": "Point",
        "coordinates": [
          -43.0327165,
          -22.9614459
        ]
      }
    },
    {
      "type": "Feature",
      "properties": {
        "ano": 2022,
        "nr_local": "1090",
        "nm_local": "COLÉGIO ESTADUAL PROFESSORA ALCINA RODRIGUES LIMA",
        "bairro": "ITAIPU",
        "total_eleitores": 5328,
        "pct_mulheres": 53.5,
        "pct_homens": 46.5,
        "pct_genero_nao_informado": 0,
        "pct_jovens_16_24": 6.7,
        "pct_adultos_25_59": 61.5,
        "pct_60_mais": 31.8,
        "pct_idade_nao_informado": 0,
        "pct_ate_fundamental": 19.1,
        "pct_ensino_medio": 39.7,
        "pct_ensino_superior": 41.2,
        "pct_escolaridade_nao_informado": 0
      },
      "geometry": {
        "type": "Point",
        "coordinates": [
          -43.0285072,
          -22.9528491
        ]
      }
    },
    {
      "type": "Feature",
      "properties": {
        "ano": 2022,
        "nr_local": "1104",
        "nm_local": "ESCOLA MUNICIPAL ALTIVO CESAR",
        "bairro": "BARRETO",
        "total_eleitores": 9257,
        "pct_mulheres": 56.1,
        "pct_homens": 43.9,
        "pct_genero_nao_informado": 0,
        "pct_jovens_16_24": 10.7,
        "pct_adultos_25_59": 63.2,
        "pct_60_mais": 26.2,
        "pct_idade_nao_informado": 0,
        "pct_ate_fundamental": 14,
        "pct_ensino_medio": 38.7,
        "pct_ensino_superior": 47.3,
        "pct_escolaridade_nao_informado": 0
      },
      "geometry": {
        "type": "Point",
        "coordinates": [
          -43.0995714,
          -22.8645343
        ]
      }
    },
    {
      "type": "Feature",
      "properties": {
        "ano": 2022,
        "nr_local": "1112",
        "nm_local": "COLÉGIO SALESIANO REGIÃO OCEÂNICA",
        "bairro": "PIRATININGA",
        "total_eleitores": 13205,
        "pct_mulheres": 56.4,
        "pct_homens": 43.6,
        "pct_genero_nao_informado": 0,
        "pct_jovens_16_24": 10,
        "pct_adultos_25_59": 60.6,
        "pct_60_mais": 29.3,
        "pct_idade_nao_informado": 0,
        "pct_ate_fundamental": 35.3,
        "pct_ensino_medio": 43,
        "pct_ensino_superior": 21.7,
        "pct_escolaridade_nao_informado": 0
      },
      "geometry": {
        "type": "Point",
        "coordinates": [
          -43.0618731,
          -22.9393022
        ]
      }
    },
    {
      "type": "Feature",
      "properties": {
        "ano": 2022,
        "nr_local": "1120",
        "nm_local": "COLÉGIO ESTADUAL ALMIRANTE TAMANDARÉ",
        "bairro": "PIRATININGA",
        "total_eleitores": 3214,
        "pct_mulheres": 53.3,
        "pct_homens": 46.7,
        "pct_genero_nao_informado": 0,
        "pct_jovens_16_24": 0.6,
        "pct_adultos_25_59": 63.6,
        "pct_60_mais": 35.8,
        "pct_idade_nao_informado": 0,
        "pct_ate_fundamental": 24,
        "pct_ensino_medio": 35.7,
        "pct_ensino_superior": 40.3,
        "pct_escolaridade_nao_informado": 0
      },
      "geometry": {
        "type": "Point",
        "coordinates": [
          -43.0916732,
          -22.9512083
        ]
      }
    },
    {
      "type": "Feature",
      "properties": {
        "ano": 2022,
        "nr_local": "1139",
        "nm_local": "ESCOLA MUNICIPAL FRANCISCO PORTUGAL NEVES",
        "bairro": "PIRATININGA",
        "total_eleitores": 3273,
        "pct_mulheres": 56,
        "pct_homens": 44,
        "pct_genero_nao_informado": 0,
        "pct_jovens_16_24": 7.5,
        "pct_adultos_25_59": 59.9,
        "pct_60_mais": 32.6,
        "pct_idade_nao_informado": 0,
        "pct_ate_fundamental": 38.2,
        "pct_ensino_medio": 38.2,
        "pct_ensino_superior": 23.6,
        "pct_escolaridade_nao_informado": 0
      },
      "geometry": {
        "type": "Point",
        "coordinates": [
          -43.056665,
          -22.942363
        ]
      }
    },
    {
      "type": "Feature",
      "properties": {
        "ano": 2022,
        "nr_local": "1147",
        "nm_local": "ESCOLA MUNICIPAL VERA LUCIA MACHADO",
        "bairro": "BADU",
        "total_eleitores": 2575,
        "pct_mulheres": 56.1,
        "pct_homens": 43.9,
        "pct_genero_nao_informado": 0,
        "pct_jovens_16_24": 9.9,
        "pct_adultos_25_59": 68.3,
        "pct_60_mais": 21.9,
        "pct_idade_nao_informado": 0,
        "pct_ate_fundamental": 36.7,
        "pct_ensino_medio": 46.2,
        "pct_ensino_superior": 17.1,
        "pct_escolaridade_nao_informado": 0
      },
      "geometry": {
        "type": "Point",
        "coordinates": [
          -43.0500355,
          -22.9045
        ]
      }
    },
    {
      "type": "Feature",
      "properties": {
        "ano": 2022,
        "nr_local": "1155",
        "nm_local": "COLÉGIO ITAPUCA",
        "bairro": "PIRATININGA",
        "total_eleitores": 4678,
        "pct_mulheres": 54.9,
        "pct_homens": 45.1,
        "pct_genero_nao_informado": 0,
        "pct_jovens_16_24": 0.1,
        "pct_adultos_25_59": 66.3,
        "pct_60_mais": 33.6,
        "pct_idade_nao_informado": 0,
        "pct_ate_fundamental": 19.2,
        "pct_ensino_medio": 30.2,
        "pct_ensino_superior": 50.6,
        "pct_escolaridade_nao_informado": 0
      },
      "geometry": {
        "type": "Point",
        "coordinates": [
          -43.0593249,
          -22.9437854
        ]
      }
    },
    {
      "type": "Feature",
      "properties": {
        "ano": 2022,
        "nr_local": "1163",
        "nm_local": "COLÉGIO ESTADUAL CONSELHEIRO MACEDO SOARES",
        "bairro": "BARRETO",
        "total_eleitores": 5679,
        "pct_mulheres": 54.9,
        "pct_homens": 45.1,
        "pct_genero_nao_informado": 0,
        "pct_jovens_16_24": 14.5,
        "pct_adultos_25_59": 61.3,
        "pct_60_mais": 24.2,
        "pct_idade_nao_informado": 0,
        "pct_ate_fundamental": 26.7,
        "pct_ensino_medio": 51.4,
        "pct_ensino_superior": 21.9,
        "pct_escolaridade_nao_informado": 0
      },
      "geometry": {
        "type": "Point",
        "coordinates": [
          -43.0924035,
          -22.8622231
        ]
      }
    },
    {
      "type": "Feature",
      "properties": {
        "ano": 2022,
        "nr_local": "1171",
        "nm_local": "ESCOLA MUNICIPAL ANTONIO COUTINHO DE AZEVEDO",
        "bairro": "SANTA BARBARA",
        "total_eleitores": 5234,
        "pct_mulheres": 55.9,
        "pct_homens": 44.1,
        "pct_genero_nao_informado": 0,
        "pct_jovens_16_24": 16.1,
        "pct_adultos_25_59": 61.5,
        "pct_60_mais": 22.4,
        "pct_idade_nao_informado": 0,
        "pct_ate_fundamental": 29.5,
        "pct_ensino_medio": 54.1,
        "pct_ensino_superior": 16.4,
        "pct_escolaridade_nao_informado": 0
      },
      "geometry": {
        "type": "Point",
        "coordinates": [
          -43.04869,
          -22.8756043
        ]
      }
    },
    {
      "type": "Feature",
      "properties": {
        "ano": 2022,
        "nr_local": "1180",
        "nm_local": "ESCOLA MUNICIPAL RACHIDE DA GLORIA SALIM SAKER",
        "bairro": "SANTA BARBARA",
        "total_eleitores": 2761,
        "pct_mulheres": 53.5,
        "pct_homens": 46.5,
        "pct_genero_nao_informado": 0,
        "pct_jovens_16_24": 7.8,
        "pct_adultos_25_59": 68.9,
        "pct_60_mais": 23.3,
        "pct_idade_nao_informado": 0,
        "pct_ate_fundamental": 29.2,
        "pct_ensino_medio": 53.6,
        "pct_ensino_superior": 17.2,
        "pct_escolaridade_nao_informado": 0
      },
      "geometry": {
        "type": "Point",
        "coordinates": [
          -43.0488967,
          -22.8766134
        ]
      }
    },
    {
      "type": "Feature",
      "properties": {
        "ano": 2022,
        "nr_local": "1198",
        "nm_local": "CIEP 448 RUY FRAZÃO SOARES",
        "bairro": "ITAIPU",
        "total_eleitores": 3949,
        "pct_mulheres": 55.4,
        "pct_homens": 44.6,
        "pct_genero_nao_informado": 0,
        "pct_jovens_16_24": 6.3,
        "pct_adultos_25_59": 68.9,
        "pct_60_mais": 24.8,
        "pct_idade_nao_informado": 0,
        "pct_ate_fundamental": 31.7,
        "pct_ensino_medio": 41.3,
        "pct_ensino_superior": 27,
        "pct_escolaridade_nao_informado": 0
      },
      "geometry": {
        "type": "Point",
        "coordinates": [
          -43.0092644,
          -22.9356576
        ]
      }
    },
    {
      "type": "Feature",
      "properties": {
        "ano": 2022,
        "nr_local": "1201",
        "nm_local": "OFICINAS DO SENAI",
        "bairro": "BARRETO",
        "total_eleitores": 224,
        "pct_mulheres": 50,
        "pct_homens": 50,
        "pct_genero_nao_informado": 0,
        "pct_jovens_16_24": 0.4,
        "pct_adultos_25_59": 69.2,
        "pct_60_mais": 30.4,
        "pct_idade_nao_informado": 0,
        "pct_ate_fundamental": 14.3,
        "pct_ensino_medio": 43.3,
        "pct_ensino_superior": 42.4,
        "pct_escolaridade_nao_informado": 0
      },
      "geometry": {
        "type": "Point",
        "coordinates": [
          -43.1026046,
          -22.8614396
        ]
      }
    },
    {
      "type": "Feature",
      "properties": {
        "ano": 2022,
        "nr_local": "1210",
        "nm_local": "TIO SAM ESPORTE CLUBE",
        "bairro": "BARRETO",
        "total_eleitores": 3854,
        "pct_mulheres": 56.3,
        "pct_homens": 43.7,
        "pct_genero_nao_informado": 0,
        "pct_jovens_16_24": 4.5,
        "pct_adultos_25_59": 65.3,
        "pct_60_mais": 30.2,
        "pct_idade_nao_informado": 0,
        "pct_ate_fundamental": 19.2,
        "pct_ensino_medio": 47.6,
        "pct_ensino_superior": 33.3,
        "pct_escolaridade_nao_informado": 0
      },
      "geometry": {
        "type": "Point",
        "coordinates": [
          -43.104502,
          -22.8719306
        ]
      }
    },
    {
      "type": "Feature",
      "properties": {
        "ano": 2022,
        "nr_local": "1236",
        "nm_local": "COLÉGIO ESTADUAL MULLULO DA VEIGA",
        "bairro": "ENGENHOCA",
        "total_eleitores": 3663,
        "pct_mulheres": 54.1,
        "pct_homens": 45.9,
        "pct_genero_nao_informado": 0,
        "pct_jovens_16_24": 24.4,
        "pct_adultos_25_59": 52.4,
        "pct_60_mais": 23.2,
        "pct_idade_nao_informado": 0,
        "pct_ate_fundamental": 33.8,
        "pct_ensino_medio": 54.4,
        "pct_ensino_superior": 11.8,
        "pct_escolaridade_nao_informado": 0
      },
      "geometry": {
        "type": "Point",
        "coordinates": [
          -43.0988892,
          -22.8708282
        ]
      }
    },
    {
      "type": "Feature",
      "properties": {
        "ano": 2022,
        "nr_local": "1244",
        "nm_local": "ESCOLA ESTADUAL MANUEL DE ABREU",
        "bairro": "ICARAÍ",
        "total_eleitores": 6415,
        "pct_mulheres": 55.6,
        "pct_homens": 44.4,
        "pct_genero_nao_informado": 0,
        "pct_jovens_16_24": 6.3,
        "pct_adultos_25_59": 65.5,
        "pct_60_mais": 28.2,
        "pct_idade_nao_informado": 0,
        "pct_ate_fundamental": 11.1,
        "pct_ensino_medio": 31.9,
        "pct_ensino_superior": 56.9,
        "pct_escolaridade_nao_informado": 0
      },
      "geometry": {
        "type": "Point",
        "coordinates": [
          -43.1071569,
          -22.9023086
        ]
      }
    },
    {
      "type": "Feature",
      "properties": {
        "ano": 2022,
        "nr_local": "1252",
        "nm_local": "ESCOLA MUNICIPAL ADELINO MAGALHÃES",
        "bairro": "ENGENHOCA",
        "total_eleitores": 5094,
        "pct_mulheres": 53.8,
        "pct_homens": 46.2,
        "pct_genero_nao_informado": 0,
        "pct_jovens_16_24": 11.8,
        "pct_adultos_25_59": 63,
        "pct_60_mais": 25.2,
        "pct_idade_nao_informado": 0,
        "pct_ate_fundamental": 33.5,
        "pct_ensino_medio": 47.2,
        "pct_ensino_superior": 19.3,
        "pct_escolaridade_nao_informado": 0
      },
      "geometry": {
        "type": "Point",
        "coordinates": [
          -43.0944571,
          -22.8739038
        ]
      }
    },
    {
      "type": "Feature",
      "properties": {
        "ano": 2022,
        "nr_local": "1260",
        "nm_local": "INSTITUTO ABEL",
        "bairro": "ICARAÍ",
        "total_eleitores": 11652,
        "pct_mulheres": 55.3,
        "pct_homens": 44.7,
        "pct_genero_nao_informado": 0,
        "pct_jovens_16_24": 14,
        "pct_adultos_25_59": 60.5,
        "pct_60_mais": 25.5,
        "pct_idade_nao_informado": 0,
        "pct_ate_fundamental": 6.1,
        "pct_ensino_medio": 35.1,
        "pct_ensino_superior": 58.8,
        "pct_escolaridade_nao_informado": 0
      },
      "geometry": {
        "type": "Point",
        "coordinates": [
          -43.1094942,
          -22.9004168
        ]
      }
    },
    {
      "type": "Feature",
      "properties": {
        "ano": 2022,
        "nr_local": "1279",
        "nm_local": "INSTITUTO FOKUS (ANTIGO INTERAÇÃO CRECHE ESCOLA)",
        "bairro": "CAMBOINHAS",
        "total_eleitores": 1297,
        "pct_mulheres": 53.8,
        "pct_homens": 46.2,
        "pct_genero_nao_informado": 0,
        "pct_jovens_16_24": 1.1,
        "pct_adultos_25_59": 62.7,
        "pct_60_mais": 36.2,
        "pct_idade_nao_informado": 0,
        "pct_ate_fundamental": 2.3,
        "pct_ensino_medio": 20.8,
        "pct_ensino_superior": 76.9,
        "pct_escolaridade_nao_informado": 0
      },
      "geometry": {
        "type": "Point",
        "coordinates": [
          -43.062822,
          -22.9542456
        ]
      }
    },
    {
      "type": "Feature",
      "properties": {
        "ano": 2022,
        "nr_local": "1287",
        "nm_local": "ESCOLA MUNICIPAL PROF MARCOS WALDEMAR DE FREITAS REIS",
        "bairro": "ITAIPU",
        "total_eleitores": 1349,
        "pct_mulheres": 53.2,
        "pct_homens": 46.8,
        "pct_genero_nao_informado": 0,
        "pct_jovens_16_24": 12.6,
        "pct_adultos_25_59": 66.3,
        "pct_60_mais": 21.1,
        "pct_idade_nao_informado": 0,
        "pct_ate_fundamental": 10,
        "pct_ensino_medio": 35.5,
        "pct_ensino_superior": 54.5,
        "pct_escolaridade_nao_informado": 0
      },
      "geometry": {
        "type": "Point",
        "coordinates": [
          -43.0330724,
          -22.9615628
        ]
      }
    },
    {
      "type": "Feature",
      "properties": {
        "ano": 2022,
        "nr_local": "1295",
        "nm_local": "UMEI PROFA ODETE ROSA DA MOTA",
        "bairro": "ITAIPU",
        "total_eleitores": 9179,
        "pct_mulheres": 55,
        "pct_homens": 45,
        "pct_genero_nao_informado": 0,
        "pct_jovens_16_24": 9.8,
        "pct_adultos_25_59": 59.6,
        "pct_60_mais": 30.6,
        "pct_idade_nao_informado": 0,
        "pct_ate_fundamental": 12.2,
        "pct_ensino_medio": 35.1,
        "pct_ensino_superior": 52.7,
        "pct_escolaridade_nao_informado": 0
      },
      "geometry": {
        "type": "Point",
        "coordinates": [
          -43.02859,
          -22.9532368
        ]
      }
    },
    {
      "type": "Feature",
      "properties": {
        "ano": 2022,
        "nr_local": "1309",
        "nm_local": "CURSO MARLY CURY",
        "bairro": "SANTA ROSA",
        "total_eleitores": 4292,
        "pct_mulheres": 57.7,
        "pct_homens": 42.3,
        "pct_genero_nao_informado": 0,
        "pct_jovens_16_24": 9.8,
        "pct_adultos_25_59": 61.2,
        "pct_60_mais": 29.1,
        "pct_idade_nao_informado": 0,
        "pct_ate_fundamental": 3.8,
        "pct_ensino_medio": 24.4,
        "pct_ensino_superior": 71.7,
        "pct_escolaridade_nao_informado": 0
      },
      "geometry": {
        "type": "Point",
        "coordinates": [
          -43.1019227,
          -22.9054777
        ]
      }
    },
    {
      "type": "Feature",
      "properties": {
        "ano": 2022,
        "nr_local": "1317",
        "nm_local": "ESCOLA ESTADUAL BALTAZAR BERNARDINO",
        "bairro": "SANTA ROSA",
        "total_eleitores": 9450,
        "pct_mulheres": 55.2,
        "pct_homens": 44.8,
        "pct_genero_nao_informado": 0,
        "pct_jovens_16_24": 15.6,
        "pct_adultos_25_59": 58.9,
        "pct_60_mais": 25.5,
        "pct_idade_nao_informado": 0,
        "pct_ate_fundamental": 13.6,
        "pct_ensino_medio": 39.4,
        "pct_ensino_superior": 47,
        "pct_escolaridade_nao_informado": 0
      },
      "geometry": {
        "type": "Point",
        "coordinates": [
          -43.1012931,
          -22.9032359
        ]
      }
    },
    {
      "type": "Feature",
      "properties": {
        "ano": 2022,
        "nr_local": "1325",
        "nm_local": "ESCOLA MUNICIPAL SÍTIO DO IPÊ",
        "bairro": "MARIA PAULA",
        "total_eleitores": 6983,
        "pct_mulheres": 56.8,
        "pct_homens": 43.2,
        "pct_genero_nao_informado": 0,
        "pct_jovens_16_24": 17.1,
        "pct_adultos_25_59": 60.5,
        "pct_60_mais": 22.4,
        "pct_idade_nao_informado": 0,
        "pct_ate_fundamental": 25.8,
        "pct_ensino_medio": 48.5,
        "pct_ensino_superior": 25.8,
        "pct_escolaridade_nao_informado": 0
      },
      "geometry": {
        "type": "Point",
        "coordinates": [
          -43.0267087,
          -22.8821134
        ]
      }
    },
    {
      "type": "Feature",
      "properties": {
        "ano": 2022,
        "nr_local": "1333",
        "nm_local": "ESCOLA ME NINAR",
        "bairro": "ITAIPU",
        "total_eleitores": 4571,
        "pct_mulheres": 57.3,
        "pct_homens": 42.7,
        "pct_genero_nao_informado": 0,
        "pct_jovens_16_24": 15.8,
        "pct_adultos_25_59": 61,
        "pct_60_mais": 23.3,
        "pct_idade_nao_informado": 0,
        "pct_ate_fundamental": 9.6,
        "pct_ensino_medio": 37.6,
        "pct_ensino_superior": 52.7,
        "pct_escolaridade_nao_informado": 0
      },
      "geometry": {
        "type": "Point",
        "coordinates": [
          -43.0442198,
          -22.9408099
        ]
      }
    },
    {
      "type": "Feature",
      "properties": {
        "ano": 2022,
        "nr_local": "1341",
        "nm_local": "SOPRECAM",
        "bairro": "CAMBOINHAS",
        "total_eleitores": 357,
        "pct_mulheres": 56.9,
        "pct_homens": 43.1,
        "pct_genero_nao_informado": 0,
        "pct_jovens_16_24": 0.3,
        "pct_adultos_25_59": 51.5,
        "pct_60_mais": 48.2,
        "pct_idade_nao_informado": 0,
        "pct_ate_fundamental": 2.8,
        "pct_ensino_medio": 18.2,
        "pct_ensino_superior": 79,
        "pct_escolaridade_nao_informado": 0
      },
      "geometry": {
        "type": "Point",
        "coordinates": [
          -43.0584356,
          -22.9537053
        ]
      }
    },
    {
      "type": "Feature",
      "properties": {
        "ano": 2022,
        "nr_local": "1350",
        "nm_local": "ESCOLA MUNICIPAL MARALEGRE",
        "bairro": "CAFUBÁ",
        "total_eleitores": 2126,
        "pct_mulheres": 56.5,
        "pct_homens": 43.5,
        "pct_genero_nao_informado": 0,
        "pct_jovens_16_24": 26.7,
        "pct_adultos_25_59": 53.2,
        "pct_60_mais": 20.1,
        "pct_idade_nao_informado": 0,
        "pct_ate_fundamental": 25.5,
        "pct_ensino_medio": 51.2,
        "pct_ensino_superior": 23.3,
        "pct_escolaridade_nao_informado": 0
      },
      "geometry": {
        "type": "Point",
        "coordinates": [
          -43.0724233,
          -22.9362723
        ]
      }
    },
    {
      "type": "Feature",
      "properties": {
        "ano": 2022,
        "nr_local": "1368",
        "nm_local": "INSTITUTO SÃO JOSÉ",
        "bairro": "SANTA ROSA",
        "total_eleitores": 9244,
        "pct_mulheres": 56.4,
        "pct_homens": 43.6,
        "pct_genero_nao_informado": 0,
        "pct_jovens_16_24": 15.2,
        "pct_adultos_25_59": 62.8,
        "pct_60_mais": 22,
        "pct_idade_nao_informado": 0,
        "pct_ate_fundamental": 24.8,
        "pct_ensino_medio": 39,
        "pct_ensino_superior": 36.2,
        "pct_escolaridade_nao_informado": 0
      },
      "geometry": {
        "type": "Point",
        "coordinates": [
          -43.1018878,
          -22.901754
        ]
      }
    },
    {
      "type": "Feature",
      "properties": {
        "ano": 2022,
        "nr_local": "1384",
        "nm_local": "UMEI OLGA BENÁRIO PRESTES",
        "bairro": "ENGENHO DO MATO",
        "total_eleitores": 384,
        "pct_mulheres": 55.5,
        "pct_homens": 44.5,
        "pct_genero_nao_informado": 0,
        "pct_jovens_16_24": 42.7,
        "pct_adultos_25_59": 48.4,
        "pct_60_mais": 8.9,
        "pct_idade_nao_informado": 0,
        "pct_ate_fundamental": 27.9,
        "pct_ensino_medio": 53.4,
        "pct_ensino_superior": 18.8,
        "pct_escolaridade_nao_informado": 0
      },
      "geometry": {
        "type": "Point",
        "coordinates": [
          -43.0086653,
          -22.9354086
        ]
      }
    },
    {
      "type": "Feature",
      "properties": {
        "ano": 2022,
        "nr_local": "1392",
        "nm_local": "FACULDADE DE VETERINARIA DA UFF",
        "bairro": "VITAL BRASIL",
        "total_eleitores": 7853,
        "pct_mulheres": 55.5,
        "pct_homens": 44.5,
        "pct_genero_nao_informado": 0,
        "pct_jovens_16_24": 19.3,
        "pct_adultos_25_59": 58.4,
        "pct_60_mais": 22.3,
        "pct_idade_nao_informado": 0,
        "pct_ate_fundamental": 10.5,
        "pct_ensino_medio": 37.1,
        "pct_ensino_superior": 52.4,
        "pct_escolaridade_nao_informado": 0
      },
      "geometry": {
        "type": "Point",
        "coordinates": [
          -43.098407,
          -22.904908
        ]
      }
    },
    {
      "type": "Feature",
      "properties": {
        "ano": 2022,
        "nr_local": "1406",
        "nm_local": "COLÉGIO NITERÓI",
        "bairro": "ENGENHOCA",
        "total_eleitores": 1765,
        "pct_mulheres": 56.3,
        "pct_homens": 43.7,
        "pct_genero_nao_informado": 0,
        "pct_jovens_16_24": 12.3,
        "pct_adultos_25_59": 59.8,
        "pct_60_mais": 27.9,
        "pct_idade_nao_informado": 0,
        "pct_ate_fundamental": 35,
        "pct_ensino_medio": 51.7,
        "pct_ensino_superior": 13.3,
        "pct_escolaridade_nao_informado": 0
      },
      "geometry": {
        "type": "Point",
        "coordinates": [
          -43.1018717,
          -22.8706133
        ]
      }
    },
    {
      "type": "Feature",
      "properties": {
        "ano": 2022,
        "nr_local": "1414",
        "nm_local": "UNIVERSIDADE SALGADO DE OLIVEIRA - BL B (PRÓXIMO AO GUANABARA)",
        "bairro": "CENTRO",
        "total_eleitores": 2064,
        "pct_mulheres": 56.4,
        "pct_homens": 43.6,
        "pct_genero_nao_informado": 0,
        "pct_jovens_16_24": 11.9,
        "pct_adultos_25_59": 66,
        "pct_60_mais": 22.1,
        "pct_idade_nao_informado": 0,
        "pct_ate_fundamental": 21,
        "pct_ensino_medio": 43.8,
        "pct_ensino_superior": 35.3,
        "pct_escolaridade_nao_informado": 0
      },
      "geometry": {
        "type": "Point",
        "coordinates": [
          -43.1172001,
          -22.8893447
        ]
      }
    },
    {
      "type": "Feature",
      "properties": {
        "ano": 2022,
        "nr_local": "1422",
        "nm_local": "CLUBE PORTUGUES DE NITEROI",
        "bairro": "SÃO DOMINGOS",
        "total_eleitores": 2373,
        "pct_mulheres": 54.3,
        "pct_homens": 45.7,
        "pct_genero_nao_informado": 0,
        "pct_jovens_16_24": 10.1,
        "pct_adultos_25_59": 55,
        "pct_60_mais": 34.9,
        "pct_idade_nao_informado": 0,
        "pct_ate_fundamental": 9.5,
        "pct_ensino_medio": 27.2,
        "pct_ensino_superior": 63.3,
        "pct_escolaridade_nao_informado": 0
      },
      "geometry": {
        "type": "Point",
        "coordinates": [
          -43.1274594,
          -22.9021482
        ]
      }
    },
    {
      "type": "Feature",
      "properties": {
        "ano": 2022,
        "nr_local": "1430",
        "nm_local": "COLEGIO ESTADUAL AURELINO LEAL",
        "bairro": "INGÁ",
        "total_eleitores": 3175,
        "pct_mulheres": 59.7,
        "pct_homens": 40.3,
        "pct_genero_nao_informado": 0,
        "pct_jovens_16_24": 11.1,
        "pct_adultos_25_59": 57.3,
        "pct_60_mais": 31.7,
        "pct_idade_nao_informado": 0,
        "pct_ate_fundamental": 13.3,
        "pct_ensino_medio": 31.2,
        "pct_ensino_superior": 55.5,
        "pct_escolaridade_nao_informado": 0
      },
      "geometry": {
        "type": "Point",
        "coordinates": [
          -43.1254512,
          -22.9033321
        ]
      }
    },
    {
      "type": "Feature",
      "properties": {
        "ano": 2022,
        "nr_local": "1449",
        "nm_local": "CIEP 450 - BADU",
        "bairro": "BADU",
        "total_eleitores": 14024,
        "pct_mulheres": 54.2,
        "pct_homens": 45.8,
        "pct_genero_nao_informado": 0,
        "pct_jovens_16_24": 12.8,
        "pct_adultos_25_59": 63.5,
        "pct_60_mais": 23.7,
        "pct_idade_nao_informado": 0,
        "pct_ate_fundamental": 27,
        "pct_ensino_medio": 44.2,
        "pct_ensino_superior": 28.8,
        "pct_escolaridade_nao_informado": 0
      },
      "geometry": {
        "type": "Point",
        "coordinates": [
          -43.0566124,
          -22.9071974
        ]
      }
    },
    {
      "type": "Feature",
      "properties": {
        "ano": 2022,
        "nr_local": "1457",
        "nm_local": "ÁGUAS DE NITEROI",
        "bairro": "CENTRO",
        "total_eleitores": 6238,
        "pct_mulheres": 56.3,
        "pct_homens": 43.7,
        "pct_genero_nao_informado": 0,
        "pct_jovens_16_24": 13,
        "pct_adultos_25_59": 59.7,
        "pct_60_mais": 27.3,
        "pct_idade_nao_informado": 0,
        "pct_ate_fundamental": 19.4,
        "pct_ensino_medio": 45.3,
        "pct_ensino_superior": 35.2,
        "pct_escolaridade_nao_informado": 0
      },
      "geometry": {
        "type": "Point",
        "coordinates": [
          -43.1141378,
          -22.8915411
        ]
      }
    },
    {
      "type": "Feature",
      "properties": {
        "ano": 2022,
        "nr_local": "1465",
        "nm_local": "CENTRO UNIVERSITÁRIO ANHANGUERA (ANTIGO PLÍNIO LEITE)",
        "bairro": "CENTRO",
        "total_eleitores": 4095,
        "pct_mulheres": 54.4,
        "pct_homens": 45.6,
        "pct_genero_nao_informado": 0,
        "pct_jovens_16_24": 10.5,
        "pct_adultos_25_59": 62.2,
        "pct_60_mais": 27.3,
        "pct_idade_nao_informado": 0,
        "pct_ate_fundamental": 14,
        "pct_ensino_medio": 41.7,
        "pct_ensino_superior": 44.3,
        "pct_escolaridade_nao_informado": 0
      },
      "geometry": {
        "type": "Point",
        "coordinates": [
          -43.1245632,
          -22.8869267
        ]
      }
    },
    {
      "type": "Feature",
      "properties": {
        "ano": 2022,
        "nr_local": "1473",
        "nm_local": "COLÉGIO FORUM CULTURAL",
        "bairro": "CANTAGALO",
        "total_eleitores": 8413,
        "pct_mulheres": 54.5,
        "pct_homens": 45.5,
        "pct_genero_nao_informado": 0,
        "pct_jovens_16_24": 11,
        "pct_adultos_25_59": 66.8,
        "pct_60_mais": 22.2,
        "pct_idade_nao_informado": 0,
        "pct_ate_fundamental": 34.9,
        "pct_ensino_medio": 44.9,
        "pct_ensino_superior": 20.2,
        "pct_escolaridade_nao_informado": 0
      },
      "geometry": {
        "type": "Point",
        "coordinates": [
          -43.0490094,
          -22.9163184
        ]
      }
    },
    {
      "type": "Feature",
      "properties": {
        "ano": 2022,
        "nr_local": "1481",
        "nm_local": "ESCOLA MUNICIPAL MAESTRO HEITOR VILLA-LOBOS (''COLÉGIO NOVO'')",
        "bairro": "ILHA DA CONCEIÇÃO",
        "total_eleitores": 5763,
        "pct_mulheres": 53.9,
        "pct_homens": 46.1,
        "pct_genero_nao_informado": 0,
        "pct_jovens_16_24": 9.3,
        "pct_adultos_25_59": 62.8,
        "pct_60_mais": 27.9,
        "pct_idade_nao_informado": 0,
        "pct_ate_fundamental": 28.2,
        "pct_ensino_medio": 52.2,
        "pct_ensino_superior": 19.5,
        "pct_escolaridade_nao_informado": 0
      },
      "geometry": {
        "type": "Point",
        "coordinates": [
          -43.1156463,
          -22.8731482
        ]
      }
    },
    {
      "type": "Feature",
      "properties": {
        "ano": 2022,
        "nr_local": "1490",
        "nm_local": "IGREJA BATISTA DO FONSECA",
        "bairro": "FONSECA",
        "total_eleitores": 1890,
        "pct_mulheres": 56.7,
        "pct_homens": 43.3,
        "pct_genero_nao_informado": 0,
        "pct_jovens_16_24": 7.3,
        "pct_adultos_25_59": 59.1,
        "pct_60_mais": 33.6,
        "pct_idade_nao_informado": 0,
        "pct_ate_fundamental": 17.2,
        "pct_ensino_medio": 42.8,
        "pct_ensino_superior": 40,
        "pct_escolaridade_nao_informado": 0
      },
      "geometry": {
        "type": "Point",
        "coordinates": [
          -43.0865383,
          -22.8810878
        ]
      }
    },
    {
      "type": "Feature",
      "properties": {
        "ano": 2022,
        "nr_local": "1503",
        "nm_local": "SERVICO DE ASSISTENCIA SOCIAL SAO DOMINGOS SAVIO",
        "bairro": "SANTA ROSA",
        "total_eleitores": 2352,
        "pct_mulheres": 55.6,
        "pct_homens": 44.4,
        "pct_genero_nao_informado": 0,
        "pct_jovens_16_24": 8.6,
        "pct_adultos_25_59": 61.4,
        "pct_60_mais": 29.9,
        "pct_idade_nao_informado": 0,
        "pct_ate_fundamental": 20.1,
        "pct_ensino_medio": 38.1,
        "pct_ensino_superior": 41.9,
        "pct_escolaridade_nao_informado": 0
      },
      "geometry": {
        "type": "Point",
        "coordinates": [
          -43.0928214,
          -22.8988024
        ]
      }
    },
    {
      "type": "Feature",
      "properties": {
        "ano": 2022,
        "nr_local": "1511",
        "nm_local": "FACULDADE DE ADMINISTRAÇÃO E CIÊNCIAS CONTÁBEIS (VALONGUINHO)",
        "bairro": "CENTRO",
        "total_eleitores": 3321,
        "pct_mulheres": 56,
        "pct_homens": 44,
        "pct_genero_nao_informado": 0,
        "pct_jovens_16_24": 11.7,
        "pct_adultos_25_59": 62.4,
        "pct_60_mais": 25.9,
        "pct_idade_nao_informado": 0,
        "pct_ate_fundamental": 27.3,
        "pct_ensino_medio": 45.1,
        "pct_ensino_superior": 27.7,
        "pct_escolaridade_nao_informado": 0
      },
      "geometry": {
        "type": "Point",
        "coordinates": [
          -43.1252439,
          -22.8967413
        ]
      }
    },
    {
      "type": "Feature",
      "properties": {
        "ano": 2022,
        "nr_local": "1520",
        "nm_local": "ESCOLA MUNICIPAL LEVI CARNEIRO",
        "bairro": "SAPÊ",
        "total_eleitores": 7076,
        "pct_mulheres": 54.6,
        "pct_homens": 45.4,
        "pct_genero_nao_informado": 0,
        "pct_jovens_16_24": 9.3,
        "pct_adultos_25_59": 67.5,
        "pct_60_mais": 23.2,
        "pct_idade_nao_informado": 0,
        "pct_ate_fundamental": 34.3,
        "pct_ensino_medio": 46.6,
        "pct_ensino_superior": 19.1,
        "pct_escolaridade_nao_informado": 0
      },
      "geometry": {
        "type": "Point",
        "coordinates": [
          -43.0583864,
          -22.8961721
        ]
      }
    },
    {
      "type": "Feature",
      "properties": {
        "ano": 2022,
        "nr_local": "1538",
        "nm_local": "ESCOLA CATAVENTO ESPAÇO DE EDUCAÇÃO",
        "bairro": "SAPÊ",
        "total_eleitores": 1323,
        "pct_mulheres": 55.5,
        "pct_homens": 44.5,
        "pct_genero_nao_informado": 0,
        "pct_jovens_16_24": 13.8,
        "pct_adultos_25_59": 72,
        "pct_60_mais": 14.1,
        "pct_idade_nao_informado": 0,
        "pct_ate_fundamental": 22.4,
        "pct_ensino_medio": 53.8,
        "pct_ensino_superior": 23.7,
        "pct_escolaridade_nao_informado": 0
      },
      "geometry": {
        "type": "Point",
        "coordinates": [
          -43.0635188,
          -22.9024713
        ]
      }
    },
    {
      "type": "Feature",
      "properties": {
        "ano": 2022,
        "nr_local": "1546",
        "nm_local": "UNIVERSIDADE SALGADO DE OLIVEIRA - BL A",
        "bairro": "CENTRO",
        "total_eleitores": 4684,
        "pct_mulheres": 56.6,
        "pct_homens": 43.4,
        "pct_genero_nao_informado": 0,
        "pct_jovens_16_24": 12.1,
        "pct_adultos_25_59": 61.2,
        "pct_60_mais": 26.7,
        "pct_idade_nao_informado": 0,
        "pct_ate_fundamental": 23.8,
        "pct_ensino_medio": 47.6,
        "pct_ensino_superior": 28.6,
        "pct_escolaridade_nao_informado": 0
      },
      "geometry": {
        "type": "Point",
        "coordinates": [
          -43.1186087,
          -22.8894749
        ]
      }
    },
    {
      "type": "Feature",
      "properties": {
        "ano": 2022,
        "nr_local": "1554",
        "nm_local": "JARDIM ESCOLA GIRASSÓIS",
        "bairro": "LARGO DA BATALHA",
        "total_eleitores": 7943,
        "pct_mulheres": 55.7,
        "pct_homens": 44.3,
        "pct_genero_nao_informado": 0,
        "pct_jovens_16_24": 14.2,
        "pct_adultos_25_59": 61.9,
        "pct_60_mais": 23.9,
        "pct_idade_nao_informado": 0,
        "pct_ate_fundamental": 21.6,
        "pct_ensino_medio": 45.7,
        "pct_ensino_superior": 32.7,
        "pct_escolaridade_nao_informado": 0
      },
      "geometry": {
        "type": "Point",
        "coordinates": [
          -43.0652722,
          -22.9077414
        ]
      }
    },
    {
      "type": "Feature",
      "properties": {
        "ano": 2022,
        "nr_local": "1562",
        "nm_local": "COLEGIO ESTADUAL RAUL VIDAL",
        "bairro": "CENTRO",
        "total_eleitores": 7030,
        "pct_mulheres": 56.4,
        "pct_homens": 43.6,
        "pct_genero_nao_informado": 0,
        "pct_jovens_16_24": 12.2,
        "pct_adultos_25_59": 63.4,
        "pct_60_mais": 24.4,
        "pct_idade_nao_informado": 0,
        "pct_ate_fundamental": 24,
        "pct_ensino_medio": 45.8,
        "pct_ensino_superior": 30.3,
        "pct_escolaridade_nao_informado": 0
      },
      "geometry": {
        "type": "Point",
        "coordinates": [
          -43.1242688,
          -22.8862372
        ]
      }
    },
    {
      "type": "Feature",
      "properties": {
        "ano": 2022,
        "nr_local": "1570",
        "nm_local": "IGREJA DO SANTUARIO NACIONAL DAS ALMAS",
        "bairro": "ICARAÍ",
        "total_eleitores": 7707,
        "pct_mulheres": 55.9,
        "pct_homens": 44.1,
        "pct_genero_nao_informado": 0,
        "pct_jovens_16_24": 9.8,
        "pct_adultos_25_59": 55.1,
        "pct_60_mais": 35.1,
        "pct_idade_nao_informado": 0,
        "pct_ate_fundamental": 12,
        "pct_ensino_medio": 35.8,
        "pct_ensino_superior": 52.3,
        "pct_escolaridade_nao_informado": 0
      },
      "geometry": {
        "type": "Point",
        "coordinates": [
          -43.1107182,
          -22.9004522
        ]
      }
    },
    {
      "type": "Feature",
      "properties": {
        "ano": 2022,
        "nr_local": "1589",
        "nm_local": "COLÉGIO NOSSA SENHORA DAS MERCÊS",
        "bairro": "FONSECA",
        "total_eleitores": 7444,
        "pct_mulheres": 55.9,
        "pct_homens": 44.1,
        "pct_genero_nao_informado": 0,
        "pct_jovens_16_24": 8.4,
        "pct_adultos_25_59": 60.7,
        "pct_60_mais": 30.8,
        "pct_idade_nao_informado": 0,
        "pct_ate_fundamental": 8.2,
        "pct_ensino_medio": 34.9,
        "pct_ensino_superior": 56.9,
        "pct_escolaridade_nao_informado": 0
      },
      "geometry": {
        "type": "Point",
        "coordinates": [
          -43.1023535,
          -22.880345
        ]
      }
    },
    {
      "type": "Feature",
      "properties": {
        "ano": 2022,
        "nr_local": "1597",
        "nm_local": "COLÉGIO PONTO DE ENSINO",
        "bairro": "ICARAÍ",
        "total_eleitores": 6536,
        "pct_mulheres": 56.4,
        "pct_homens": 43.6,
        "pct_genero_nao_informado": 0,
        "pct_jovens_16_24": 9.2,
        "pct_adultos_25_59": 56.3,
        "pct_60_mais": 34.5,
        "pct_idade_nao_informado": 0,
        "pct_ate_fundamental": 12.4,
        "pct_ensino_medio": 35,
        "pct_ensino_superior": 52.6,
        "pct_escolaridade_nao_informado": 0
      },
      "geometry": {
        "type": "Point",
        "coordinates": [
          -43.1095209,
          -22.9092421
        ]
      }
    },
    {
      "type": "Feature",
      "properties": {
        "ano": 2022,
        "nr_local": "1600",
        "nm_local": "INSTITUTO DE EDUCAÇÃO PROFESSOR ISMAEL COUTINHO - IEPIC",
        "bairro": "SÃO DOMINGOS",
        "total_eleitores": 6871,
        "pct_mulheres": 55.2,
        "pct_homens": 44.8,
        "pct_genero_nao_informado": 0,
        "pct_jovens_16_24": 12.9,
        "pct_adultos_25_59": 60,
        "pct_60_mais": 27.1,
        "pct_idade_nao_informado": 0,
        "pct_ate_fundamental": 20.5,
        "pct_ensino_medio": 36.9,
        "pct_ensino_superior": 42.6,
        "pct_escolaridade_nao_informado": 0
      },
      "geometry": {
        "type": "Point",
        "coordinates": [
          -43.1271052,
          -22.8989767
        ]
      }
    },
    {
      "type": "Feature",
      "properties": {
        "ano": 2022,
        "nr_local": "1619",
        "nm_local": "COLEGIO ESTADUAL JOAQUIM TAVORA",
        "bairro": "ICARAÍ",
        "total_eleitores": 4680,
        "pct_mulheres": 56,
        "pct_homens": 44,
        "pct_genero_nao_informado": 0,
        "pct_jovens_16_24": 10,
        "pct_adultos_25_59": 51.9,
        "pct_60_mais": 38.1,
        "pct_idade_nao_informado": 0,
        "pct_ate_fundamental": 5.6,
        "pct_ensino_medio": 26.8,
        "pct_ensino_superior": 67.6,
        "pct_escolaridade_nao_informado": 0
      },
      "geometry": {
        "type": "Point",
        "coordinates": [
          -43.1081976,
          -22.9048788
        ]
      }
    },
    {
      "type": "Feature",
      "properties": {
        "ano": 2022,
        "nr_local": "1627",
        "nm_local": "ESCOLA ESTADUAL DOUTOR JAYME MEMORIA",
        "bairro": "CUBANGO",
        "total_eleitores": 8595,
        "pct_mulheres": 55.5,
        "pct_homens": 44.5,
        "pct_genero_nao_informado": 0,
        "pct_jovens_16_24": 12.8,
        "pct_adultos_25_59": 61.8,
        "pct_60_mais": 25.4,
        "pct_idade_nao_informado": 0,
        "pct_ate_fundamental": 29.1,
        "pct_ensino_medio": 46,
        "pct_ensino_superior": 24.9,
        "pct_escolaridade_nao_informado": 0
      },
      "geometry": {
        "type": "Point",
        "coordinates": [
          -43.0937712,
          -22.88949
        ]
      }
    },
    {
      "type": "Feature",
      "properties": {
        "ano": 2022,
        "nr_local": "1635",
        "nm_local": "ESCOLA MUNICIPAL DOM JOSÉ PEREIRA ALVES",
        "bairro": "FONSECA",
        "total_eleitores": 2325,
        "pct_mulheres": 56.6,
        "pct_homens": 43.4,
        "pct_genero_nao_informado": 0,
        "pct_jovens_16_24": 14.8,
        "pct_adultos_25_59": 58.7,
        "pct_60_mais": 26.5,
        "pct_idade_nao_informado": 0,
        "pct_ate_fundamental": 24.9,
        "pct_ensino_medio": 42.1,
        "pct_ensino_superior": 33,
        "pct_escolaridade_nao_informado": 0
      },
      "geometry": {
        "type": "Point",
        "coordinates": [
          -43.0920686,
          -22.8783038
        ]
      }
    },
    {
      "type": "Feature",
      "properties": {
        "ano": 2022,
        "nr_local": "1643",
        "nm_local": "CENTRO MODERNO ALZIRA BITTENCOURT",
        "bairro": "ICARAÍ",
        "total_eleitores": 2522,
        "pct_mulheres": 55.3,
        "pct_homens": 44.7,
        "pct_genero_nao_informado": 0,
        "pct_jovens_16_24": 13.7,
        "pct_adultos_25_59": 58.2,
        "pct_60_mais": 28.1,
        "pct_idade_nao_informado": 0,
        "pct_ate_fundamental": 10.7,
        "pct_ensino_medio": 36.8,
        "pct_ensino_superior": 52.6,
        "pct_escolaridade_nao_informado": 0
      },
      "geometry": {
        "type": "Point",
        "coordinates": [
          -43.110746,
          -22.9012326
        ]
      }
    },
    {
      "type": "Feature",
      "properties": {
        "ano": 2022,
        "nr_local": "1651",
        "nm_local": "PH COLÉGIO",
        "bairro": "ICARAÍ",
        "total_eleitores": 3662,
        "pct_mulheres": 56.1,
        "pct_homens": 43.9,
        "pct_genero_nao_informado": 0,
        "pct_jovens_16_24": 11.4,
        "pct_adultos_25_59": 59,
        "pct_60_mais": 29.6,
        "pct_idade_nao_informado": 0,
        "pct_ate_fundamental": 13.8,
        "pct_ensino_medio": 36,
        "pct_ensino_superior": 50.2,
        "pct_escolaridade_nao_informado": 0
      },
      "geometry": {
        "type": "Point",
        "coordinates": [
          -43.1110377,
          -22.9006508
        ]
      }
    },
    {
      "type": "Feature",
      "properties": {
        "ano": 2022,
        "nr_local": "1660",
        "nm_local": "CLUBE CENTRAL",
        "bairro": "ICARAÍ",
        "total_eleitores": 13529,
        "pct_mulheres": 57.4,
        "pct_homens": 42.6,
        "pct_genero_nao_informado": 0,
        "pct_jovens_16_24": 8.8,
        "pct_adultos_25_59": 56.4,
        "pct_60_mais": 34.8,
        "pct_idade_nao_informado": 0,
        "pct_ate_fundamental": 14.2,
        "pct_ensino_medio": 31.5,
        "pct_ensino_superior": 54.4,
        "pct_escolaridade_nao_informado": 0
      },
      "geometry": {
        "type": "Point",
        "coordinates": [
          -43.111789,
          -22.9075784
        ]
      }
    },
    {
      "type": "Feature",
      "properties": {
        "ano": 2022,
        "nr_local": "1678",
        "nm_local": "LICEU NILO PEÇANHA",
        "bairro": "CENTRO",
        "total_eleitores": 6371,
        "pct_mulheres": 55.9,
        "pct_homens": 44.1,
        "pct_genero_nao_informado": 0,
        "pct_jovens_16_24": 10.9,
        "pct_adultos_25_59": 60.1,
        "pct_60_mais": 29,
        "pct_idade_nao_informado": 0,
        "pct_ate_fundamental": 22.7,
        "pct_ensino_medio": 42,
        "pct_ensino_superior": 35.3,
        "pct_escolaridade_nao_informado": 0
      },
      "geometry": {
        "type": "Point",
        "coordinates": [
          -43.1165611,
          -22.8935707
        ]
      }
    },
    {
      "type": "Feature",
      "properties": {
        "ano": 2022,
        "nr_local": "1686",
        "nm_local": "COLÉGIO DA POLÍCIA MILITAR",
        "bairro": "FONSECA",
        "total_eleitores": 3709,
        "pct_mulheres": 59,
        "pct_homens": 41,
        "pct_genero_nao_informado": 0,
        "pct_jovens_16_24": 5.5,
        "pct_adultos_25_59": 51.4,
        "pct_60_mais": 43.1,
        "pct_idade_nao_informado": 0,
        "pct_ate_fundamental": 15.9,
        "pct_ensino_medio": 32,
        "pct_ensino_superior": 52.1,
        "pct_escolaridade_nao_informado": 0
      },
      "geometry": {
        "type": "Point",
        "coordinates": [
          -43.0820149,
          -22.8818063
        ]
      }
    },
    {
      "type": "Feature",
      "properties": {
        "ano": 2022,
        "nr_local": "1694",
        "nm_local": "RIO CRICKET",
        "bairro": "INGÁ",
        "total_eleitores": 3299,
        "pct_mulheres": 57.9,
        "pct_homens": 42.1,
        "pct_genero_nao_informado": 0,
        "pct_jovens_16_24": 12.8,
        "pct_adultos_25_59": 60.4,
        "pct_60_mais": 26.8,
        "pct_idade_nao_informado": 0,
        "pct_ate_fundamental": 10.2,
        "pct_ensino_medio": 32.1,
        "pct_ensino_superior": 57.7,
        "pct_escolaridade_nao_informado": 0
      },
      "geometry": {
        "type": "Point",
        "coordinates": [
          -43.1133665,
          -22.8997052
        ]
      }
    },
    {
      "type": "Feature",
      "properties": {
        "ano": 2022,
        "nr_local": "1708",
        "nm_local": "ESCOLA MUNICIPAL JÚLIA CORTINES",
        "bairro": "ICARAÍ",
        "total_eleitores": 1189,
        "pct_mulheres": 60.4,
        "pct_homens": 39.6,
        "pct_genero_nao_informado": 0,
        "pct_jovens_16_24": 6.3,
        "pct_adultos_25_59": 41,
        "pct_60_mais": 52.6,
        "pct_idade_nao_informado": 0,
        "pct_ate_fundamental": 6.6,
        "pct_ensino_medio": 27.2,
        "pct_ensino_superior": 66.2,
        "pct_escolaridade_nao_informado": 0
      },
      "geometry": {
        "type": "Point",
        "coordinates": [
          -43.1086717,
          -22.9043592
        ]
      }
    },
    {
      "type": "Feature",
      "properties": {
        "ano": 2022,
        "nr_local": "1716",
        "nm_local": "ESCOLA VIVINFÂNCIA",
        "bairro": "ICARAÍ",
        "total_eleitores": 1101,
        "pct_mulheres": 62,
        "pct_homens": 38,
        "pct_genero_nao_informado": 0,
        "pct_jovens_16_24": 3.7,
        "pct_adultos_25_59": 54.9,
        "pct_60_mais": 41.4,
        "pct_idade_nao_informado": 0,
        "pct_ate_fundamental": 6.7,
        "pct_ensino_medio": 25,
        "pct_ensino_superior": 68.3,
        "pct_escolaridade_nao_informado": 0
      },
      "geometry": {
        "type": "Point",
        "coordinates": [
          -43.1056898,
          -22.9079727
        ]
      }
    },
    {
      "type": "Feature",
      "properties": {
        "ano": 2022,
        "nr_local": "1724",
        "nm_local": "AABB",
        "bairro": "SÃO FRANCISCO",
        "total_eleitores": 2892,
        "pct_mulheres": 51.7,
        "pct_homens": 48.3,
        "pct_genero_nao_informado": 0,
        "pct_jovens_16_24": 12.6,
        "pct_adultos_25_59": 59.6,
        "pct_60_mais": 27.8,
        "pct_idade_nao_informado": 0,
        "pct_ate_fundamental": 15.9,
        "pct_ensino_medio": 36.8,
        "pct_ensino_superior": 47.3,
        "pct_escolaridade_nao_informado": 0
      },
      "geometry": {
        "type": "Point",
        "coordinates": [
          -43.0826083,
          -22.9172823
        ]
      }
    },
    {
      "type": "Feature",
      "properties": {
        "ano": 2022,
        "nr_local": "1732",
        "nm_local": "CLUBE NAVAL",
        "bairro": "JURUJUBA",
        "total_eleitores": 6524,
        "pct_mulheres": 53.8,
        "pct_homens": 46.2,
        "pct_genero_nao_informado": 0,
        "pct_jovens_16_24": 12.7,
        "pct_adultos_25_59": 65.6,
        "pct_60_mais": 21.7,
        "pct_idade_nao_informado": 0,
        "pct_ate_fundamental": 39.6,
        "pct_ensino_medio": 46.9,
        "pct_ensino_superior": 13.5,
        "pct_escolaridade_nao_informado": 0
      },
      "geometry": {
        "type": "Point",
        "coordinates": [
          -43.1068139,
          -22.935737
        ]
      }
    },
    {
      "type": "Feature",
      "properties": {
        "ano": 2022,
        "nr_local": "1740",
        "nm_local": "ESCOLA MUNICIPAL PROFESSORA ELVIRA LÚCIA ESTEVES DE VASCONCELOS",
        "bairro": "ICARAÍ",
        "total_eleitores": 2862,
        "pct_mulheres": 59.5,
        "pct_homens": 40.5,
        "pct_genero_nao_informado": 0,
        "pct_jovens_16_24": 2.2,
        "pct_adultos_25_59": 57.6,
        "pct_60_mais": 40.2,
        "pct_idade_nao_informado": 0,
        "pct_ate_fundamental": 6.5,
        "pct_ensino_medio": 22.2,
        "pct_ensino_superior": 71.3,
        "pct_escolaridade_nao_informado": 0
      },
      "geometry": {
        "type": "Point",
        "coordinates": [
          -43.1073245,
          -22.9111671
        ]
      }
    },
    {
      "type": "Feature",
      "properties": {
        "ano": 2022,
        "nr_local": "1759",
        "nm_local": "COLÉGIO MV1",
        "bairro": "ICARAÍ",
        "total_eleitores": 5611,
        "pct_mulheres": 57,
        "pct_homens": 43,
        "pct_genero_nao_informado": 0,
        "pct_jovens_16_24": 10.2,
        "pct_adultos_25_59": 56.3,
        "pct_60_mais": 33.5,
        "pct_idade_nao_informado": 0,
        "pct_ate_fundamental": 6.5,
        "pct_ensino_medio": 30.5,
        "pct_ensino_superior": 62.9,
        "pct_escolaridade_nao_informado": 0
      },
      "geometry": {
        "type": "Point",
        "coordinates": [
          -43.1058651,
          -22.9079111
        ]
      }
    },
    {
      "type": "Feature",
      "properties": {
        "ano": 2022,
        "nr_local": "1767",
        "nm_local": "COLÉGIO ASSUNÇÃO",
        "bairro": "SÃO FRANCISCO",
        "total_eleitores": 5265,
        "pct_mulheres": 56.7,
        "pct_homens": 43.3,
        "pct_genero_nao_informado": 0,
        "pct_jovens_16_24": 9.6,
        "pct_adultos_25_59": 57.6,
        "pct_60_mais": 32.8,
        "pct_idade_nao_informado": 0,
        "pct_ate_fundamental": 7.8,
        "pct_ensino_medio": 29.4,
        "pct_ensino_superior": 62.8,
        "pct_escolaridade_nao_informado": 0
      },
      "geometry": {
        "type": "Point",
        "coordinates": [
          -43.0926525,
          -22.9208239
        ]
      }
    },
    {
      "type": "Feature",
      "properties": {
        "ano": 2022,
        "nr_local": "1775",
        "nm_local": "ESCOLA ESTADUAL CIZÍNIO SOARES PINTO",
        "bairro": "SÃO FRANCISCO",
        "total_eleitores": 2239,
        "pct_mulheres": 56.1,
        "pct_homens": 43.9,
        "pct_genero_nao_informado": 0,
        "pct_jovens_16_24": 11.3,
        "pct_adultos_25_59": 58.2,
        "pct_60_mais": 30.5,
        "pct_idade_nao_informado": 0,
        "pct_ate_fundamental": 29.9,
        "pct_ensino_medio": 36.8,
        "pct_ensino_superior": 33.3,
        "pct_escolaridade_nao_informado": 0
      },
      "geometry": {
        "type": "Point",
        "coordinates": [
          -43.093934,
          -22.9147594
        ]
      }
    },
    {
      "type": "Feature",
      "properties": {
        "ano": 2022,
        "nr_local": "1783",
        "nm_local": "SOCIEDADE BRASILEIRA DE CULTURA INGLESA",
        "bairro": "ICARAÍ",
        "total_eleitores": 1303,
        "pct_mulheres": 61.8,
        "pct_homens": 38.2,
        "pct_genero_nao_informado": 0,
        "pct_jovens_16_24": 1.8,
        "pct_adultos_25_59": 53.6,
        "pct_60_mais": 44.5,
        "pct_idade_nao_informado": 0,
        "pct_ate_fundamental": 4.2,
        "pct_ensino_medio": 17.9,
        "pct_ensino_superior": 77.9,
        "pct_escolaridade_nao_informado": 0
      },
      "geometry": {
        "type": "Point",
        "coordinates": [
          -43.1111859,
          -22.9075527
        ]
      }
    },
    {
      "type": "Feature",
      "properties": {
        "ano": 2024,
        "nr_local": "1015",
        "nm_local": "INSTITUTO JCA",
        "bairro": "SANTA BARBARA",
        "total_eleitores": 10360,
        "pct_mulheres": 54.5,
        "pct_homens": 45.5,
        "pct_genero_nao_informado": 0,
        "pct_jovens_16_24": 10.9,
        "pct_adultos_25_59": 60.8,
        "pct_60_mais": 28.2,
        "pct_idade_nao_informado": 0,
        "pct_ate_fundamental": 17.9,
        "pct_ensino_medio": 38.5,
        "pct_ensino_superior": 43.6,
        "pct_escolaridade_nao_informado": 0
      },
      "geometry": {
        "type": "Point",
        "coordinates": [
          -43.0585179,
          -22.882301
        ]
      }
    },
    {
      "type": "Feature",
      "properties": {
        "ano": 2024,
        "nr_local": "1023",
        "nm_local": "PAROQUIA DE SAO JOAO BATISTA",
        "bairro": "TENENTE JARDIM",
        "total_eleitores": 3213,
        "pct_mulheres": 55,
        "pct_homens": 45,
        "pct_genero_nao_informado": 0,
        "pct_jovens_16_24": 9.6,
        "pct_adultos_25_59": 61.3,
        "pct_60_mais": 29.2,
        "pct_idade_nao_informado": 0,
        "pct_ate_fundamental": 24.7,
        "pct_ensino_medio": 47,
        "pct_ensino_superior": 28.3,
        "pct_escolaridade_nao_informado": 0
      },
      "geometry": {
        "type": "Point",
        "coordinates": [
          -43.0827273,
          -22.8639855
        ]
      }
    },
    {
      "type": "Feature",
      "properties": {
        "ano": 2024,
        "nr_local": "1031",
        "nm_local": "(PRÉDIO NOVO) COLÉGIO PEDRO II UNIDADE NITERÓI",
        "bairro": "BARRETO",
        "total_eleitores": 10727,
        "pct_mulheres": 54.7,
        "pct_homens": 45.3,
        "pct_genero_nao_informado": 0,
        "pct_jovens_16_24": 7.1,
        "pct_adultos_25_59": 65.1,
        "pct_60_mais": 27.8,
        "pct_idade_nao_informado": 0,
        "pct_ate_fundamental": 29,
        "pct_ensino_medio": 49.6,
        "pct_ensino_superior": 21.4,
        "pct_escolaridade_nao_informado": 0
      },
      "geometry": {
        "type": "Point",
        "coordinates": [
          -43.1037833,
          -22.8685685
        ]
      }
    },
    {
      "type": "Feature",
      "properties": {
        "ano": 2024,
        "nr_local": "1040",
        "nm_local": "CIEP 447 - CARAMUJO",
        "bairro": "CARAMUJO",
        "total_eleitores": 4533,
        "pct_mulheres": 54.9,
        "pct_homens": 45.1,
        "pct_genero_nao_informado": 0,
        "pct_jovens_16_24": 10.8,
        "pct_adultos_25_59": 66.2,
        "pct_60_mais": 23,
        "pct_idade_nao_informado": 0,
        "pct_ate_fundamental": 39.8,
        "pct_ensino_medio": 51.8,
        "pct_ensino_superior": 8.3,
        "pct_escolaridade_nao_informado": 0
      },
      "geometry": {
        "type": "Point",
        "coordinates": [
          -43.065134,
          -22.8827294
        ]
      }
    },
    {
      "type": "Feature",
      "properties": {
        "ano": 2024,
        "nr_local": "1066",
        "nm_local": "ITACOATIARA PAMPO CLUBE",
        "bairro": "ITACOATIARA",
        "total_eleitores": 2411,
        "pct_mulheres": 49.8,
        "pct_homens": 50.2,
        "pct_genero_nao_informado": 0,
        "pct_jovens_16_24": 3.3,
        "pct_adultos_25_59": 60.1,
        "pct_60_mais": 36.5,
        "pct_idade_nao_informado": 0,
        "pct_ate_fundamental": 4.8,
        "pct_ensino_medio": 24.5,
        "pct_ensino_superior": 70.7,
        "pct_escolaridade_nao_informado": 0
      },
      "geometry": {
        "type": "Point",
        "coordinates": [
          -43.0332117,
          -22.9646939
        ]
      }
    },
    {
      "type": "Feature",
      "properties": {
        "ano": 2024,
        "nr_local": "1074",
        "nm_local": "COLEGIO ESTADUAL PAULO ASSIS RIBEIRO",
        "bairro": "BADU",
        "total_eleitores": 8938,
        "pct_mulheres": 52.8,
        "pct_homens": 47.2,
        "pct_genero_nao_informado": 0,
        "pct_jovens_16_24": 6.1,
        "pct_adultos_25_59": 67.6,
        "pct_60_mais": 26.3,
        "pct_idade_nao_informado": 0,
        "pct_ate_fundamental": 20.5,
        "pct_ensino_medio": 43.6,
        "pct_ensino_superior": 35.9,
        "pct_escolaridade_nao_informado": 0
      },
      "geometry": {
        "type": "Point",
        "coordinates": [
          -43.0573891,
          -22.9068537
        ]
      }
    },
    {
      "type": "Feature",
      "properties": {
        "ano": 2024,
        "nr_local": "1082",
        "nm_local": "UMEI DR PAULO CESAR DE ALMEIDA PIMENTEL",
        "bairro": "ITAIPU",
        "total_eleitores": 2141,
        "pct_mulheres": 51.8,
        "pct_homens": 48.2,
        "pct_genero_nao_informado": 0,
        "pct_jovens_16_24": 0.7,
        "pct_adultos_25_59": 63.4,
        "pct_60_mais": 35.9,
        "pct_idade_nao_informado": 0,
        "pct_ate_fundamental": 15.2,
        "pct_ensino_medio": 37.1,
        "pct_ensino_superior": 47.7,
        "pct_escolaridade_nao_informado": 0
      },
      "geometry": {
        "type": "Point",
        "coordinates": [
          -43.0327165,
          -22.9614459
        ]
      }
    },
    {
      "type": "Feature",
      "properties": {
        "ano": 2024,
        "nr_local": "1090",
        "nm_local": "COLÉGIO ESTADUAL PROFESSORA ALCINA RODRIGUES LIMA",
        "bairro": "ITAIPU",
        "total_eleitores": 6938,
        "pct_mulheres": 53,
        "pct_homens": 47,
        "pct_genero_nao_informado": 0,
        "pct_jovens_16_24": 4.6,
        "pct_adultos_25_59": 61.9,
        "pct_60_mais": 33.5,
        "pct_idade_nao_informado": 0,
        "pct_ate_fundamental": 17.5,
        "pct_ensino_medio": 42,
        "pct_ensino_superior": 40.4,
        "pct_escolaridade_nao_informado": 0
      },
      "geometry": {
        "type": "Point",
        "coordinates": [
          -43.0285072,
          -22.9528491
        ]
      }
    },
    {
      "type": "Feature",
      "properties": {
        "ano": 2024,
        "nr_local": "1104",
        "nm_local": "ESCOLA MUNICIPAL ALTIVO CESAR",
        "bairro": "BARRETO",
        "total_eleitores": 9488,
        "pct_mulheres": 56.1,
        "pct_homens": 43.9,
        "pct_genero_nao_informado": 0,
        "pct_jovens_16_24": 10.3,
        "pct_adultos_25_59": 61.7,
        "pct_60_mais": 28,
        "pct_idade_nao_informado": 0,
        "pct_ate_fundamental": 13.9,
        "pct_ensino_medio": 39.5,
        "pct_ensino_superior": 46.6,
        "pct_escolaridade_nao_informado": 0
      },
      "geometry": {
        "type": "Point",
        "coordinates": [
          -43.0995714,
          -22.8645343
        ]
      }
    },
    {
      "type": "Feature",
      "properties": {
        "ano": 2024,
        "nr_local": "1112",
        "nm_local": "COLÉGIO SALESIANO REGIÃO OCEÂNICA",
        "bairro": "PIRATININGA",
        "total_eleitores": 13069,
        "pct_mulheres": 56.3,
        "pct_homens": 43.7,
        "pct_genero_nao_informado": 0,
        "pct_jovens_16_24": 8.1,
        "pct_adultos_25_59": 60,
        "pct_60_mais": 32,
        "pct_idade_nao_informado": 0,
        "pct_ate_fundamental": 35.1,
        "pct_ensino_medio": 43.8,
        "pct_ensino_superior": 21.2,
        "pct_escolaridade_nao_informado": 0
      },
      "geometry": {
        "type": "Point",
        "coordinates": [
          -43.0618731,
          -22.9393022
        ]
      }
    },
    {
      "type": "Feature",
      "properties": {
        "ano": 2024,
        "nr_local": "1120",
        "nm_local": "COLÉGIO ESTADUAL ALMIRANTE TAMANDARÉ",
        "bairro": "PIRATININGA",
        "total_eleitores": 3232,
        "pct_mulheres": 53.1,
        "pct_homens": 46.9,
        "pct_genero_nao_informado": 0,
        "pct_jovens_16_24": 1.8,
        "pct_adultos_25_59": 60.2,
        "pct_60_mais": 38,
        "pct_idade_nao_informado": 0,
        "pct_ate_fundamental": 23.5,
        "pct_ensino_medio": 36.9,
        "pct_ensino_superior": 39.6,
        "pct_escolaridade_nao_informado": 0
      },
      "geometry": {
        "type": "Point",
        "coordinates": [
          -43.0916732,
          -22.9512083
        ]
      }
    },
    {
      "type": "Feature",
      "properties": {
        "ano": 2024,
        "nr_local": "1139",
        "nm_local": "ESCOLA MUNICIPAL FRANCISCO PORTUGAL NEVES",
        "bairro": "PIRATININGA",
        "total_eleitores": 3477,
        "pct_mulheres": 55.8,
        "pct_homens": 44.2,
        "pct_genero_nao_informado": 0,
        "pct_jovens_16_24": 8.2,
        "pct_adultos_25_59": 59.2,
        "pct_60_mais": 32.7,
        "pct_idade_nao_informado": 0,
        "pct_ate_fundamental": 37.3,
        "pct_ensino_medio": 39.8,
        "pct_ensino_superior": 22.8,
        "pct_escolaridade_nao_informado": 0
      },
      "geometry": {
        "type": "Point",
        "coordinates": [
          -43.056665,
          -22.942363
        ]
      }
    },
    {
      "type": "Feature",
      "properties": {
        "ano": 2024,
        "nr_local": "1147",
        "nm_local": "ESCOLA MUNICIPAL VERA LUCIA MACHADO",
        "bairro": "BADU",
        "total_eleitores": 2656,
        "pct_mulheres": 55.4,
        "pct_homens": 44.6,
        "pct_genero_nao_informado": 0,
        "pct_jovens_16_24": 9.8,
        "pct_adultos_25_59": 67.1,
        "pct_60_mais": 23.2,
        "pct_idade_nao_informado": 0,
        "pct_ate_fundamental": 36.2,
        "pct_ensino_medio": 46.9,
        "pct_ensino_superior": 16.9,
        "pct_escolaridade_nao_informado": 0
      },
      "geometry": {
        "type": "Point",
        "coordinates": [
          -43.0500355,
          -22.9045
        ]
      }
    },
    {
      "type": "Feature",
      "properties": {
        "ano": 2024,
        "nr_local": "1155",
        "nm_local": "COLÉGIO ITAPUCA",
        "bairro": "PIRATININGA",
        "total_eleitores": 4491,
        "pct_mulheres": 55.2,
        "pct_homens": 44.8,
        "pct_genero_nao_informado": 0,
        "pct_jovens_16_24": 0.1,
        "pct_adultos_25_59": 63.3,
        "pct_60_mais": 36.6,
        "pct_idade_nao_informado": 0,
        "pct_ate_fundamental": 18.9,
        "pct_ensino_medio": 30.3,
        "pct_ensino_superior": 50.8,
        "pct_escolaridade_nao_informado": 0
      },
      "geometry": {
        "type": "Point",
        "coordinates": [
          -43.0593249,
          -22.9437854
        ]
      }
    },
    {
      "type": "Feature",
      "properties": {
        "ano": 2024,
        "nr_local": "1163",
        "nm_local": "COLÉGIO ESTADUAL CONSELHEIRO MACEDO SOARES",
        "bairro": "BARRETO",
        "total_eleitores": 5713,
        "pct_mulheres": 55,
        "pct_homens": 45,
        "pct_genero_nao_informado": 0,
        "pct_jovens_16_24": 12.4,
        "pct_adultos_25_59": 60.7,
        "pct_60_mais": 26.9,
        "pct_idade_nao_informado": 0,
        "pct_ate_fundamental": 26.3,
        "pct_ensino_medio": 52.3,
        "pct_ensino_superior": 21.4,
        "pct_escolaridade_nao_informado": 0
      },
      "geometry": {
        "type": "Point",
        "coordinates": [
          -43.0924035,
          -22.8622231
        ]
      }
    },
    {
      "type": "Feature",
      "properties": {
        "ano": 2024,
        "nr_local": "1171",
        "nm_local": "ESCOLA MUNICIPAL ANTONIO COUTINHO DE AZEVEDO",
        "bairro": "SANTA BARBARA",
        "total_eleitores": 5163,
        "pct_mulheres": 55.5,
        "pct_homens": 44.5,
        "pct_genero_nao_informado": 0,
        "pct_jovens_16_24": 12.9,
        "pct_adultos_25_59": 63.2,
        "pct_60_mais": 24,
        "pct_idade_nao_informado": 0,
        "pct_ate_fundamental": 29.4,
        "pct_ensino_medio": 54.6,
        "pct_ensino_superior": 15.9,
        "pct_escolaridade_nao_informado": 0
      },
      "geometry": {
        "type": "Point",
        "coordinates": [
          -43.04869,
          -22.8756043
        ]
      }
    },
    {
      "type": "Feature",
      "properties": {
        "ano": 2024,
        "nr_local": "1180",
        "nm_local": "ESCOLA MUNICIPAL RACHIDE DA GLORIA SALIM SAKER",
        "bairro": "SANTA BARBARA",
        "total_eleitores": 2749,
        "pct_mulheres": 53,
        "pct_homens": 47,
        "pct_genero_nao_informado": 0,
        "pct_jovens_16_24": 5.3,
        "pct_adultos_25_59": 68.6,
        "pct_60_mais": 26.1,
        "pct_idade_nao_informado": 0,
        "pct_ate_fundamental": 28.6,
        "pct_ensino_medio": 54.6,
        "pct_ensino_superior": 16.7,
        "pct_escolaridade_nao_informado": 0
      },
      "geometry": {
        "type": "Point",
        "coordinates": [
          -43.0488967,
          -22.8766134
        ]
      }
    },
    {
      "type": "Feature",
      "properties": {
        "ano": 2024,
        "nr_local": "1198",
        "nm_local": "CIEP 448 RUY FRAZÃO SOARES",
        "bairro": "ITAIPU",
        "total_eleitores": 3757,
        "pct_mulheres": 55.5,
        "pct_homens": 44.5,
        "pct_genero_nao_informado": 0,
        "pct_jovens_16_24": 2.3,
        "pct_adultos_25_59": 69.5,
        "pct_60_mais": 28.2,
        "pct_idade_nao_informado": 0,
        "pct_ate_fundamental": 31.8,
        "pct_ensino_medio": 40.9,
        "pct_ensino_superior": 27.3,
        "pct_escolaridade_nao_informado": 0
      },
      "geometry": {
        "type": "Point",
        "coordinates": [
          -43.0092644,
          -22.9356576
        ]
      }
    },
    {
      "type": "Feature",
      "properties": {
        "ano": 2024,
        "nr_local": "1201",
        "nm_local": "OFICINAS DO SENAI",
        "bairro": "BARRETO",
        "total_eleitores": 891,
        "pct_mulheres": 54.8,
        "pct_homens": 45.2,
        "pct_genero_nao_informado": 0,
        "pct_jovens_16_24": 4.6,
        "pct_adultos_25_59": 50.3,
        "pct_60_mais": 45.1,
        "pct_idade_nao_informado": 0,
        "pct_ate_fundamental": 19.5,
        "pct_ensino_medio": 45,
        "pct_ensino_superior": 35.5,
        "pct_escolaridade_nao_informado": 0
      },
      "geometry": {
        "type": "Point",
        "coordinates": [
          -43.1026046,
          -22.8614396
        ]
      }
    },
    {
      "type": "Feature",
      "properties": {
        "ano": 2024,
        "nr_local": "1210",
        "nm_local": "TIO SAM ESPORTE CLUBE",
        "bairro": "BARRETO",
        "total_eleitores": 3746,
        "pct_mulheres": 56.5,
        "pct_homens": 43.5,
        "pct_genero_nao_informado": 0,
        "pct_jovens_16_24": 4.9,
        "pct_adultos_25_59": 61.3,
        "pct_60_mais": 33.8,
        "pct_idade_nao_informado": 0,
        "pct_ate_fundamental": 19.2,
        "pct_ensino_medio": 47.7,
        "pct_ensino_superior": 33.1,
        "pct_escolaridade_nao_informado": 0
      },
      "geometry": {
        "type": "Point",
        "coordinates": [
          -43.104502,
          -22.8719306
        ]
      }
    },
    {
      "type": "Feature",
      "properties": {
        "ano": 2024,
        "nr_local": "1236",
        "nm_local": "COLÉGIO ESTADUAL MULLULO DA VEIGA",
        "bairro": "ENGENHOCA",
        "total_eleitores": 4772,
        "pct_mulheres": 54.9,
        "pct_homens": 45.1,
        "pct_genero_nao_informado": 0,
        "pct_jovens_16_24": 16.9,
        "pct_adultos_25_59": 56.7,
        "pct_60_mais": 26.4,
        "pct_idade_nao_informado": 0,
        "pct_ate_fundamental": 32.2,
        "pct_ensino_medio": 54.6,
        "pct_ensino_superior": 13.2,
        "pct_escolaridade_nao_informado": 0
      },
      "geometry": {
        "type": "Point",
        "coordinates": [
          -43.0988892,
          -22.8708282
        ]
      }
    },
    {
      "type": "Feature",
      "properties": {
        "ano": 2024,
        "nr_local": "1244",
        "nm_local": "ESCOLA ESTADUAL MANUEL DE ABREU",
        "bairro": "ICARAÍ",
        "total_eleitores": 6431,
        "pct_mulheres": 55.5,
        "pct_homens": 44.5,
        "pct_genero_nao_informado": 0,
        "pct_jovens_16_24": 3.5,
        "pct_adultos_25_59": 64.8,
        "pct_60_mais": 31.6,
        "pct_idade_nao_informado": 0,
        "pct_ate_fundamental": 11.3,
        "pct_ensino_medio": 32.3,
        "pct_ensino_superior": 56.4,
        "pct_escolaridade_nao_informado": 0
      },
      "geometry": {
        "type": "Point",
        "coordinates": [
          -43.1071569,
          -22.9023086
        ]
      }
    },
    {
      "type": "Feature",
      "properties": {
        "ano": 2024,
        "nr_local": "1252",
        "nm_local": "ESCOLA MUNICIPAL ADELINO MAGALHÃES",
        "bairro": "ENGENHOCA",
        "total_eleitores": 5426,
        "pct_mulheres": 54.5,
        "pct_homens": 45.5,
        "pct_genero_nao_informado": 0,
        "pct_jovens_16_24": 8.1,
        "pct_adultos_25_59": 63.3,
        "pct_60_mais": 28.6,
        "pct_idade_nao_informado": 0,
        "pct_ate_fundamental": 35.1,
        "pct_ensino_medio": 48.4,
        "pct_ensino_superior": 16.5,
        "pct_escolaridade_nao_informado": 0
      },
      "geometry": {
        "type": "Point",
        "coordinates": [
          -43.0944571,
          -22.8739038
        ]
      }
    },
    {
      "type": "Feature",
      "properties": {
        "ano": 2024,
        "nr_local": "1260",
        "nm_local": "INSTITUTO ABEL",
        "bairro": "ICARAÍ",
        "total_eleitores": 11829,
        "pct_mulheres": 55.3,
        "pct_homens": 44.7,
        "pct_genero_nao_informado": 0,
        "pct_jovens_16_24": 12.7,
        "pct_adultos_25_59": 59.7,
        "pct_60_mais": 27.6,
        "pct_idade_nao_informado": 0,
        "pct_ate_fundamental": 6.1,
        "pct_ensino_medio": 35.6,
        "pct_ensino_superior": 58.3,
        "pct_escolaridade_nao_informado": 0
      },
      "geometry": {
        "type": "Point",
        "coordinates": [
          -43.1094942,
          -22.9004168
        ]
      }
    },
    {
      "type": "Feature",
      "properties": {
        "ano": 2024,
        "nr_local": "1287",
        "nm_local": "ESCOLA MUNICIPAL PROF MARCOS WALDEMAR DE FREITAS REIS",
        "bairro": "ITAIPU",
        "total_eleitores": 1361,
        "pct_mulheres": 52.4,
        "pct_homens": 47.6,
        "pct_genero_nao_informado": 0,
        "pct_jovens_16_24": 11.6,
        "pct_adultos_25_59": 64.1,
        "pct_60_mais": 24.3,
        "pct_idade_nao_informado": 0,
        "pct_ate_fundamental": 10.3,
        "pct_ensino_medio": 35.7,
        "pct_ensino_superior": 54,
        "pct_escolaridade_nao_informado": 0
      },
      "geometry": {
        "type": "Point",
        "coordinates": [
          -43.0330724,
          -22.9615628
        ]
      }
    },
    {
      "type": "Feature",
      "properties": {
        "ano": 2024,
        "nr_local": "1295",
        "nm_local": "UMEI PROFA ODETE ROSA DA MOTA",
        "bairro": "ITAIPU",
        "total_eleitores": 9199,
        "pct_mulheres": 55.3,
        "pct_homens": 44.7,
        "pct_genero_nao_informado": 0,
        "pct_jovens_16_24": 7.6,
        "pct_adultos_25_59": 59.3,
        "pct_60_mais": 33.1,
        "pct_idade_nao_informado": 0,
        "pct_ate_fundamental": 11.8,
        "pct_ensino_medio": 35.7,
        "pct_ensino_superior": 52.5,
        "pct_escolaridade_nao_informado": 0
      },
      "geometry": {
        "type": "Point",
        "coordinates": [
          -43.02859,
          -22.9532368
        ]
      }
    },
    {
      "type": "Feature",
      "properties": {
        "ano": 2024,
        "nr_local": "1309",
        "nm_local": "CURSO MARLY CURY",
        "bairro": "SANTA ROSA",
        "total_eleitores": 4154,
        "pct_mulheres": 58,
        "pct_homens": 42,
        "pct_genero_nao_informado": 0,
        "pct_jovens_16_24": 7.3,
        "pct_adultos_25_59": 60.6,
        "pct_60_mais": 32.1,
        "pct_idade_nao_informado": 0,
        "pct_ate_fundamental": 3.7,
        "pct_ensino_medio": 24.5,
        "pct_ensino_superior": 71.9,
        "pct_escolaridade_nao_informado": 0
      },
      "geometry": {
        "type": "Point",
        "coordinates": [
          -43.1019227,
          -22.9054777
        ]
      }
    },
    {
      "type": "Feature",
      "properties": {
        "ano": 2024,
        "nr_local": "1317",
        "nm_local": "ESCOLA ESTADUAL BALTAZAR BERNARDINO",
        "bairro": "SANTA ROSA",
        "total_eleitores": 9430,
        "pct_mulheres": 54.7,
        "pct_homens": 45.3,
        "pct_genero_nao_informado": 0,
        "pct_jovens_16_24": 12.7,
        "pct_adultos_25_59": 59.2,
        "pct_60_mais": 28.1,
        "pct_idade_nao_informado": 0,
        "pct_ate_fundamental": 13.4,
        "pct_ensino_medio": 39.4,
        "pct_ensino_superior": 47.2,
        "pct_escolaridade_nao_informado": 0
      },
      "geometry": {
        "type": "Point",
        "coordinates": [
          -43.1012931,
          -22.9032359
        ]
      }
    },
    {
      "type": "Feature",
      "properties": {
        "ano": 2024,
        "nr_local": "1325",
        "nm_local": "ESCOLA MUNICIPAL SÍTIO DO IPÊ",
        "bairro": "MARIA PAULA",
        "total_eleitores": 7176,
        "pct_mulheres": 56.2,
        "pct_homens": 43.8,
        "pct_genero_nao_informado": 0,
        "pct_jovens_16_24": 14.2,
        "pct_adultos_25_59": 62,
        "pct_60_mais": 23.9,
        "pct_idade_nao_informado": 0,
        "pct_ate_fundamental": 25.7,
        "pct_ensino_medio": 49.5,
        "pct_ensino_superior": 24.8,
        "pct_escolaridade_nao_informado": 0
      },
      "geometry": {
        "type": "Point",
        "coordinates": [
          -43.0267087,
          -22.8821134
        ]
      }
    },
    {
      "type": "Feature",
      "properties": {
        "ano": 2024,
        "nr_local": "1333",
        "nm_local": "ESCOLA ME NINAR",
        "bairro": "ITAIPU",
        "total_eleitores": 3580,
        "pct_mulheres": 57,
        "pct_homens": 43,
        "pct_genero_nao_informado": 0,
        "pct_jovens_16_24": 8.7,
        "pct_adultos_25_59": 62.2,
        "pct_60_mais": 29.1,
        "pct_idade_nao_informado": 0,
        "pct_ate_fundamental": 11,
        "pct_ensino_medio": 33.9,
        "pct_ensino_superior": 55.1,
        "pct_escolaridade_nao_informado": 0
      },
      "geometry": {
        "type": "Point",
        "coordinates": [
          -43.0442198,
          -22.9408099
        ]
      }
    },
    {
      "type": "Feature",
      "properties": {
        "ano": 2024,
        "nr_local": "1341",
        "nm_local": "SOPRECAM",
        "bairro": "CAMBOINHAS",
        "total_eleitores": 2078,
        "pct_mulheres": 53.4,
        "pct_homens": 46.6,
        "pct_genero_nao_informado": 0,
        "pct_jovens_16_24": 5.4,
        "pct_adultos_25_59": 56.2,
        "pct_60_mais": 38.4,
        "pct_idade_nao_informado": 0,
        "pct_ate_fundamental": 2.8,
        "pct_ensino_medio": 24.5,
        "pct_ensino_superior": 72.6,
        "pct_escolaridade_nao_informado": 0
      },
      "geometry": {
        "type": "Point",
        "coordinates": [
          -43.0584356,
          -22.9537053
        ]
      }
    },
    {
      "type": "Feature",
      "properties": {
        "ano": 2024,
        "nr_local": "1350",
        "nm_local": "ESCOLA MUNICIPAL MARALEGRE",
        "bairro": "CAFUBÁ",
        "total_eleitores": 1334,
        "pct_mulheres": 53.5,
        "pct_homens": 46.5,
        "pct_genero_nao_informado": 0,
        "pct_jovens_16_24": 35.3,
        "pct_adultos_25_59": 55.1,
        "pct_60_mais": 9.6,
        "pct_idade_nao_informado": 0,
        "pct_ate_fundamental": 25.6,
        "pct_ensino_medio": 50.1,
        "pct_ensino_superior": 24.2,
        "pct_escolaridade_nao_informado": 0
      },
      "geometry": {
        "type": "Point",
        "coordinates": [
          -43.0724233,
          -22.9362723
        ]
      }
    },
    {
      "type": "Feature",
      "properties": {
        "ano": 2024,
        "nr_local": "1368",
        "nm_local": "INSTITUTO SÃO JOSÉ",
        "bairro": "SANTA ROSA",
        "total_eleitores": 9373,
        "pct_mulheres": 56.1,
        "pct_homens": 43.9,
        "pct_genero_nao_informado": 0,
        "pct_jovens_16_24": 12.1,
        "pct_adultos_25_59": 63.8,
        "pct_60_mais": 24.1,
        "pct_idade_nao_informado": 0,
        "pct_ate_fundamental": 24.6,
        "pct_ensino_medio": 39.4,
        "pct_ensino_superior": 36,
        "pct_escolaridade_nao_informado": 0
      },
      "geometry": {
        "type": "Point",
        "coordinates": [
          -43.1018878,
          -22.901754
        ]
      }
    },
    {
      "type": "Feature",
      "properties": {
        "ano": 2024,
        "nr_local": "1384",
        "nm_local": "UMEI OLGA BENÁRIO PRESTES",
        "bairro": "ENGENHO DO MATO",
        "total_eleitores": 696,
        "pct_mulheres": 55.5,
        "pct_homens": 44.5,
        "pct_genero_nao_informado": 0,
        "pct_jovens_16_24": 39.4,
        "pct_adultos_25_59": 49.9,
        "pct_60_mais": 10.8,
        "pct_idade_nao_informado": 0,
        "pct_ate_fundamental": 29.6,
        "pct_ensino_medio": 52.9,
        "pct_ensino_superior": 17.5,
        "pct_escolaridade_nao_informado": 0
      },
      "geometry": {
        "type": "Point",
        "coordinates": [
          -43.0086653,
          -22.9354086
        ]
      }
    },
    {
      "type": "Feature",
      "properties": {
        "ano": 2024,
        "nr_local": "1392",
        "nm_local": "FACULDADE DE VETERINARIA DA UFF",
        "bairro": "VITAL BRASIL",
        "total_eleitores": 7722,
        "pct_mulheres": 55.5,
        "pct_homens": 44.5,
        "pct_genero_nao_informado": 0,
        "pct_jovens_16_24": 17.1,
        "pct_adultos_25_59": 58.5,
        "pct_60_mais": 24.4,
        "pct_idade_nao_informado": 0,
        "pct_ate_fundamental": 10.4,
        "pct_ensino_medio": 37.3,
        "pct_ensino_superior": 52.3,
        "pct_escolaridade_nao_informado": 0
      },
      "geometry": {
        "type": "Point",
        "coordinates": [
          -43.098407,
          -22.904908
        ]
      }
    },
    {
      "type": "Feature",
      "properties": {
        "ano": 2024,
        "nr_local": "1406",
        "nm_local": "COLÉGIO NITERÓI",
        "bairro": "ENGENHOCA",
        "total_eleitores": 2648,
        "pct_mulheres": 54.8,
        "pct_homens": 45.2,
        "pct_genero_nao_informado": 0,
        "pct_jovens_16_24": 9.1,
        "pct_adultos_25_59": 63.9,
        "pct_60_mais": 27,
        "pct_idade_nao_informado": 0,
        "pct_ate_fundamental": 25.6,
        "pct_ensino_medio": 47.7,
        "pct_ensino_superior": 26.6,
        "pct_escolaridade_nao_informado": 0
      },
      "geometry": {
        "type": "Point",
        "coordinates": [
          -43.1018717,
          -22.8706133
        ]
      }
    },
    {
      "type": "Feature",
      "properties": {
        "ano": 2024,
        "nr_local": "1414",
        "nm_local": "UNIVERSIDADE SALGADO DE OLIVEIRA - BL B (PRÓXIMO AO GUANABARA)",
        "bairro": "CENTRO",
        "total_eleitores": 2149,
        "pct_mulheres": 55.9,
        "pct_homens": 44.1,
        "pct_genero_nao_informado": 0,
        "pct_jovens_16_24": 10.5,
        "pct_adultos_25_59": 65.9,
        "pct_60_mais": 23.6,
        "pct_idade_nao_informado": 0,
        "pct_ate_fundamental": 21,
        "pct_ensino_medio": 44.4,
        "pct_ensino_superior": 34.5,
        "pct_escolaridade_nao_informado": 0
      },
      "geometry": {
        "type": "Point",
        "coordinates": [
          -43.1172001,
          -22.8893447
        ]
      }
    },
    {
      "type": "Feature",
      "properties": {
        "ano": 2024,
        "nr_local": "1422",
        "nm_local": "CLUBE PORTUGUES DE NITEROI",
        "bairro": "SÃO DOMINGOS",
        "total_eleitores": 2837,
        "pct_mulheres": 54,
        "pct_homens": 46,
        "pct_genero_nao_informado": 0,
        "pct_jovens_16_24": 12.9,
        "pct_adultos_25_59": 52.7,
        "pct_60_mais": 34.4,
        "pct_idade_nao_informado": 0,
        "pct_ate_fundamental": 10.5,
        "pct_ensino_medio": 30.7,
        "pct_ensino_superior": 58.8,
        "pct_escolaridade_nao_informado": 0
      },
      "geometry": {
        "type": "Point",
        "coordinates": [
          -43.1274594,
          -22.9021482
        ]
      }
    },
    {
      "type": "Feature",
      "properties": {
        "ano": 2024,
        "nr_local": "1430",
        "nm_local": "COLEGIO ESTADUAL AURELINO LEAL",
        "bairro": "INGÁ",
        "total_eleitores": 3424,
        "pct_mulheres": 58.6,
        "pct_homens": 41.4,
        "pct_genero_nao_informado": 0,
        "pct_jovens_16_24": 12.3,
        "pct_adultos_25_59": 56.1,
        "pct_60_mais": 31.7,
        "pct_idade_nao_informado": 0,
        "pct_ate_fundamental": 12.9,
        "pct_ensino_medio": 33.4,
        "pct_ensino_superior": 53.6,
        "pct_escolaridade_nao_informado": 0
      },
      "geometry": {
        "type": "Point",
        "coordinates": [
          -43.1254512,
          -22.9033321
        ]
      }
    },
    {
      "type": "Feature",
      "properties": {
        "ano": 2024,
        "nr_local": "1449",
        "nm_local": "CIEP 450 - BADU",
        "bairro": "BADU",
        "total_eleitores": 13905,
        "pct_mulheres": 53.9,
        "pct_homens": 46.1,
        "pct_genero_nao_informado": 0,
        "pct_jovens_16_24": 11.1,
        "pct_adultos_25_59": 63.3,
        "pct_60_mais": 25.6,
        "pct_idade_nao_informado": 0,
        "pct_ate_fundamental": 26.4,
        "pct_ensino_medio": 44.9,
        "pct_ensino_superior": 28.7,
        "pct_escolaridade_nao_informado": 0
      },
      "geometry": {
        "type": "Point",
        "coordinates": [
          -43.0566124,
          -22.9071974
        ]
      }
    },
    {
      "type": "Feature",
      "properties": {
        "ano": 2024,
        "nr_local": "1457",
        "nm_local": "ÁGUAS DE NITEROI",
        "bairro": "CENTRO",
        "total_eleitores": 6386,
        "pct_mulheres": 55.9,
        "pct_homens": 44.1,
        "pct_genero_nao_informado": 0,
        "pct_jovens_16_24": 12.2,
        "pct_adultos_25_59": 59,
        "pct_60_mais": 28.8,
        "pct_idade_nao_informado": 0,
        "pct_ate_fundamental": 19.2,
        "pct_ensino_medio": 46.6,
        "pct_ensino_superior": 34.2,
        "pct_escolaridade_nao_informado": 0
      },
      "geometry": {
        "type": "Point",
        "coordinates": [
          -43.1141378,
          -22.8915411
        ]
      }
    },
    {
      "type": "Feature",
      "properties": {
        "ano": 2024,
        "nr_local": "1465",
        "nm_local": "CENTRO UNIVERSITÁRIO ANHANGUERA (ANTIGO PLÍNIO LEITE)",
        "bairro": "CENTRO",
        "total_eleitores": 5830,
        "pct_mulheres": 54.2,
        "pct_homens": 45.8,
        "pct_genero_nao_informado": 0,
        "pct_jovens_16_24": 14.8,
        "pct_adultos_25_59": 61.2,
        "pct_60_mais": 24,
        "pct_idade_nao_informado": 0,
        "pct_ate_fundamental": 11.5,
        "pct_ensino_medio": 45.3,
        "pct_ensino_superior": 43.2,
        "pct_escolaridade_nao_informado": 0
      },
      "geometry": {
        "type": "Point",
        "coordinates": [
          -43.1245632,
          -22.8869267
        ]
      }
    },
    {
      "type": "Feature",
      "properties": {
        "ano": 2024,
        "nr_local": "1473",
        "nm_local": "COLÉGIO FORUM CULTURAL",
        "bairro": "CANTAGALO",
        "total_eleitores": 9800,
        "pct_mulheres": 53.8,
        "pct_homens": 46.2,
        "pct_genero_nao_informado": 0,
        "pct_jovens_16_24": 10.1,
        "pct_adultos_25_59": 66.7,
        "pct_60_mais": 23.2,
        "pct_idade_nao_informado": 0,
        "pct_ate_fundamental": 33.9,
        "pct_ensino_medio": 46.1,
        "pct_ensino_superior": 20,
        "pct_escolaridade_nao_informado": 0
      },
      "geometry": {
        "type": "Point",
        "coordinates": [
          -43.0490094,
          -22.9163184
        ]
      }
    },
    {
      "type": "Feature",
      "properties": {
        "ano": 2024,
        "nr_local": "1481",
        "nm_local": "ESCOLA MUNICIPAL MAESTRO HEITOR VILLA-LOBOS (''COLÉGIO NOVO'')",
        "bairro": "ILHA DA CONCEIÇÃO",
        "total_eleitores": 5764,
        "pct_mulheres": 53.6,
        "pct_homens": 46.4,
        "pct_genero_nao_informado": 0,
        "pct_jovens_16_24": 7.5,
        "pct_adultos_25_59": 61.9,
        "pct_60_mais": 30.5,
        "pct_idade_nao_informado": 0,
        "pct_ate_fundamental": 27.9,
        "pct_ensino_medio": 52.9,
        "pct_ensino_superior": 19.2,
        "pct_escolaridade_nao_informado": 0
      },
      "geometry": {
        "type": "Point",
        "coordinates": [
          -43.1156463,
          -22.8731482
        ]
      }
    },
    {
      "type": "Feature",
      "properties": {
        "ano": 2024,
        "nr_local": "1490",
        "nm_local": "IGREJA BATISTA DO FONSECA",
        "bairro": "FONSECA",
        "total_eleitores": 1812,
        "pct_mulheres": 56.4,
        "pct_homens": 43.6,
        "pct_genero_nao_informado": 0,
        "pct_jovens_16_24": 5.2,
        "pct_adultos_25_59": 57.7,
        "pct_60_mais": 37.1,
        "pct_idade_nao_informado": 0,
        "pct_ate_fundamental": 17.2,
        "pct_ensino_medio": 43.1,
        "pct_ensino_superior": 39.7,
        "pct_escolaridade_nao_informado": 0
      },
      "geometry": {
        "type": "Point",
        "coordinates": [
          -43.0865383,
          -22.8810878
        ]
      }
    },
    {
      "type": "Feature",
      "properties": {
        "ano": 2024,
        "nr_local": "1503",
        "nm_local": "SERVICO DE ASSISTENCIA SOCIAL SAO DOMINGOS SAVIO",
        "bairro": "SANTA ROSA",
        "total_eleitores": 2395,
        "pct_mulheres": 55.2,
        "pct_homens": 44.8,
        "pct_genero_nao_informado": 0,
        "pct_jovens_16_24": 8.3,
        "pct_adultos_25_59": 59.9,
        "pct_60_mais": 31.8,
        "pct_idade_nao_informado": 0,
        "pct_ate_fundamental": 19.7,
        "pct_ensino_medio": 38.7,
        "pct_ensino_superior": 41.7,
        "pct_escolaridade_nao_informado": 0
      },
      "geometry": {
        "type": "Point",
        "coordinates": [
          -43.0928214,
          -22.8988024
        ]
      }
    },
    {
      "type": "Feature",
      "properties": {
        "ano": 2024,
        "nr_local": "1511",
        "nm_local": "FACULDADE DE ADMINISTRAÇÃO E CIÊNCIAS CONTÁBEIS (VALONGUINHO)",
        "bairro": "CENTRO",
        "total_eleitores": 4979,
        "pct_mulheres": 56.4,
        "pct_homens": 43.6,
        "pct_genero_nao_informado": 0,
        "pct_jovens_16_24": 8.5,
        "pct_adultos_25_59": 65.3,
        "pct_60_mais": 26.3,
        "pct_idade_nao_informado": 0,
        "pct_ate_fundamental": 28.7,
        "pct_ensino_medio": 43.7,
        "pct_ensino_superior": 27.6,
        "pct_escolaridade_nao_informado": 0
      },
      "geometry": {
        "type": "Point",
        "coordinates": [
          -43.1252439,
          -22.8967413
        ]
      }
    },
    {
      "type": "Feature",
      "properties": {
        "ano": 2024,
        "nr_local": "1520",
        "nm_local": "ESCOLA MUNICIPAL LEVI CARNEIRO",
        "bairro": "SAPÊ",
        "total_eleitores": 6721,
        "pct_mulheres": 54.7,
        "pct_homens": 45.3,
        "pct_genero_nao_informado": 0,
        "pct_jovens_16_24": 5.4,
        "pct_adultos_25_59": 69.4,
        "pct_60_mais": 25.3,
        "pct_idade_nao_informado": 0,
        "pct_ate_fundamental": 34.2,
        "pct_ensino_medio": 47.1,
        "pct_ensino_superior": 18.7,
        "pct_escolaridade_nao_informado": 0
      },
      "geometry": {
        "type": "Point",
        "coordinates": [
          -43.0583864,
          -22.8961721
        ]
      }
    },
    {
      "type": "Feature",
      "properties": {
        "ano": 2024,
        "nr_local": "1538",
        "nm_local": "ESCOLA CATAVENTO ESPAÇO DE EDUCAÇÃO",
        "bairro": "SAPÊ",
        "total_eleitores": 1745,
        "pct_mulheres": 53.9,
        "pct_homens": 46.1,
        "pct_genero_nao_informado": 0,
        "pct_jovens_16_24": 18.8,
        "pct_adultos_25_59": 67.1,
        "pct_60_mais": 14.1,
        "pct_idade_nao_informado": 0,
        "pct_ate_fundamental": 22.2,
        "pct_ensino_medio": 56.4,
        "pct_ensino_superior": 21.4,
        "pct_escolaridade_nao_informado": 0
      },
      "geometry": {
        "type": "Point",
        "coordinates": [
          -43.0635188,
          -22.9024713
        ]
      }
    },
    {
      "type": "Feature",
      "properties": {
        "ano": 2024,
        "nr_local": "1546",
        "nm_local": "UNIVERSIDADE SALGADO DE OLIVEIRA - BL A",
        "bairro": "CENTRO",
        "total_eleitores": 5745,
        "pct_mulheres": 55.8,
        "pct_homens": 44.2,
        "pct_genero_nao_informado": 0,
        "pct_jovens_16_24": 10.8,
        "pct_adultos_25_59": 60.7,
        "pct_60_mais": 28.6,
        "pct_idade_nao_informado": 0,
        "pct_ate_fundamental": 23.6,
        "pct_ensino_medio": 46.6,
        "pct_ensino_superior": 29.7,
        "pct_escolaridade_nao_informado": 0
      },
      "geometry": {
        "type": "Point",
        "coordinates": [
          -43.1186087,
          -22.8894749
        ]
      }
    },
    {
      "type": "Feature",
      "properties": {
        "ano": 2024,
        "nr_local": "1554",
        "nm_local": "JARDIM ESCOLA GIRASSÓIS",
        "bairro": "LARGO DA BATALHA",
        "total_eleitores": 9822,
        "pct_mulheres": 56.1,
        "pct_homens": 43.9,
        "pct_genero_nao_informado": 0,
        "pct_jovens_16_24": 8.8,
        "pct_adultos_25_59": 64.9,
        "pct_60_mais": 26.3,
        "pct_idade_nao_informado": 0,
        "pct_ate_fundamental": 23.5,
        "pct_ensino_medio": 46.5,
        "pct_ensino_superior": 29.9,
        "pct_escolaridade_nao_informado": 0
      },
      "geometry": {
        "type": "Point",
        "coordinates": [
          -43.0652722,
          -22.9077414
        ]
      }
    },
    {
      "type": "Feature",
      "properties": {
        "ano": 2024,
        "nr_local": "1562",
        "nm_local": "COLEGIO ESTADUAL RAUL VIDAL",
        "bairro": "CENTRO",
        "total_eleitores": 7267,
        "pct_mulheres": 55.9,
        "pct_homens": 44.1,
        "pct_genero_nao_informado": 0,
        "pct_jovens_16_24": 10.9,
        "pct_adultos_25_59": 63.3,
        "pct_60_mais": 25.8,
        "pct_idade_nao_informado": 0,
        "pct_ate_fundamental": 24,
        "pct_ensino_medio": 46.7,
        "pct_ensino_superior": 29.3,
        "pct_escolaridade_nao_informado": 0
      },
      "geometry": {
        "type": "Point",
        "coordinates": [
          -43.1242688,
          -22.8862372
        ]
      }
    },
    {
      "type": "Feature",
      "properties": {
        "ano": 2024,
        "nr_local": "1570",
        "nm_local": "IGREJA DO SANTUARIO NACIONAL DAS ALMAS",
        "bairro": "ICARAÍ",
        "total_eleitores": 7718,
        "pct_mulheres": 55.5,
        "pct_homens": 44.5,
        "pct_genero_nao_informado": 0,
        "pct_jovens_16_24": 8.8,
        "pct_adultos_25_59": 53.9,
        "pct_60_mais": 37.2,
        "pct_idade_nao_informado": 0,
        "pct_ate_fundamental": 11.8,
        "pct_ensino_medio": 36.8,
        "pct_ensino_superior": 51.4,
        "pct_escolaridade_nao_informado": 0
      },
      "geometry": {
        "type": "Point",
        "coordinates": [
          -43.1107182,
          -22.9004522
        ]
      }
    },
    {
      "type": "Feature",
      "properties": {
        "ano": 2024,
        "nr_local": "1589",
        "nm_local": "COLÉGIO NOSSA SENHORA DAS MERCÊS",
        "bairro": "FONSECA",
        "total_eleitores": 7479,
        "pct_mulheres": 55.9,
        "pct_homens": 44.1,
        "pct_genero_nao_informado": 0,
        "pct_jovens_16_24": 6.5,
        "pct_adultos_25_59": 61.1,
        "pct_60_mais": 32.4,
        "pct_idade_nao_informado": 0,
        "pct_ate_fundamental": 8.1,
        "pct_ensino_medio": 35.3,
        "pct_ensino_superior": 56.6,
        "pct_escolaridade_nao_informado": 0
      },
      "geometry": {
        "type": "Point",
        "coordinates": [
          -43.1023535,
          -22.880345
        ]
      }
    },
    {
      "type": "Feature",
      "properties": {
        "ano": 2024,
        "nr_local": "1597",
        "nm_local": "COLÉGIO PONTO DE ENSINO",
        "bairro": "ICARAÍ",
        "total_eleitores": 9816,
        "pct_mulheres": 56.2,
        "pct_homens": 43.8,
        "pct_genero_nao_informado": 0,
        "pct_jovens_16_24": 9.9,
        "pct_adultos_25_59": 57,
        "pct_60_mais": 33,
        "pct_idade_nao_informado": 0,
        "pct_ate_fundamental": 13.7,
        "pct_ensino_medio": 40.3,
        "pct_ensino_superior": 46,
        "pct_escolaridade_nao_informado": 0
      },
      "geometry": {
        "type": "Point",
        "coordinates": [
          -43.1095209,
          -22.9092421
        ]
      }
    },
    {
      "type": "Feature",
      "properties": {
        "ano": 2024,
        "nr_local": "1600",
        "nm_local": "INSTITUTO DE EDUCAÇÃO PROFESSOR ISMAEL COUTINHO - IEPIC",
        "bairro": "SÃO DOMINGOS",
        "total_eleitores": 7190,
        "pct_mulheres": 54.6,
        "pct_homens": 45.4,
        "pct_genero_nao_informado": 0,
        "pct_jovens_16_24": 9.1,
        "pct_adultos_25_59": 64.7,
        "pct_60_mais": 26.2,
        "pct_idade_nao_informado": 0,
        "pct_ate_fundamental": 22.1,
        "pct_ensino_medio": 39.8,
        "pct_ensino_superior": 38,
        "pct_escolaridade_nao_informado": 0
      },
      "geometry": {
        "type": "Point",
        "coordinates": [
          -43.1271052,
          -22.8989767
        ]
      }
    },
    {
      "type": "Feature",
      "properties": {
        "ano": 2024,
        "nr_local": "1619",
        "nm_local": "COLEGIO ESTADUAL JOAQUIM TAVORA",
        "bairro": "ICARAÍ",
        "total_eleitores": 8263,
        "pct_mulheres": 56.1,
        "pct_homens": 43.9,
        "pct_genero_nao_informado": 0,
        "pct_jovens_16_24": 9.9,
        "pct_adultos_25_59": 54.5,
        "pct_60_mais": 35.6,
        "pct_idade_nao_informado": 0,
        "pct_ate_fundamental": 5.1,
        "pct_ensino_medio": 28.4,
        "pct_ensino_superior": 66.5,
        "pct_escolaridade_nao_informado": 0
      },
      "geometry": {
        "type": "Point",
        "coordinates": [
          -43.1081976,
          -22.9048788
        ]
      }
    },
    {
      "type": "Feature",
      "properties": {
        "ano": 2024,
        "nr_local": "1627",
        "nm_local": "ESCOLA ESTADUAL DOUTOR JAYME MEMORIA",
        "bairro": "CUBANGO",
        "total_eleitores": 8633,
        "pct_mulheres": 55.1,
        "pct_homens": 44.9,
        "pct_genero_nao_informado": 0,
        "pct_jovens_16_24": 10.6,
        "pct_adultos_25_59": 62.3,
        "pct_60_mais": 27.1,
        "pct_idade_nao_informado": 0,
        "pct_ate_fundamental": 28.8,
        "pct_ensino_medio": 46.7,
        "pct_ensino_superior": 24.5,
        "pct_escolaridade_nao_informado": 0
      },
      "geometry": {
        "type": "Point",
        "coordinates": [
          -43.0937712,
          -22.88949
        ]
      }
    },
    {
      "type": "Feature",
      "properties": {
        "ano": 2024,
        "nr_local": "1635",
        "nm_local": "ESCOLA MUNICIPAL DOM JOSÉ PEREIRA ALVES",
        "bairro": "FONSECA",
        "total_eleitores": 4534,
        "pct_mulheres": 57.3,
        "pct_homens": 42.7,
        "pct_genero_nao_informado": 0,
        "pct_jovens_16_24": 9.9,
        "pct_adultos_25_59": 60.7,
        "pct_60_mais": 29.5,
        "pct_idade_nao_informado": 0,
        "pct_ate_fundamental": 23.9,
        "pct_ensino_medio": 40.7,
        "pct_ensino_superior": 35.4,
        "pct_escolaridade_nao_informado": 0
      },
      "geometry": {
        "type": "Point",
        "coordinates": [
          -43.0920686,
          -22.8783038
        ]
      }
    },
    {
      "type": "Feature",
      "properties": {
        "ano": 2024,
        "nr_local": "1643",
        "nm_local": "CENTRO MODERNO ALZIRA BITTENCOURT",
        "bairro": "ICARAÍ",
        "total_eleitores": 2053,
        "pct_mulheres": 55.6,
        "pct_homens": 44.4,
        "pct_genero_nao_informado": 0,
        "pct_jovens_16_24": 11.5,
        "pct_adultos_25_59": 59,
        "pct_60_mais": 29.4,
        "pct_idade_nao_informado": 0,
        "pct_ate_fundamental": 7.4,
        "pct_ensino_medio": 33.7,
        "pct_ensino_superior": 58.9,
        "pct_escolaridade_nao_informado": 0
      },
      "geometry": {
        "type": "Point",
        "coordinates": [
          -43.110746,
          -22.9012326
        ]
      }
    },
    {
      "type": "Feature",
      "properties": {
        "ano": 2024,
        "nr_local": "1651",
        "nm_local": "PH COLÉGIO",
        "bairro": "ICARAÍ",
        "total_eleitores": 5597,
        "pct_mulheres": 56,
        "pct_homens": 44,
        "pct_genero_nao_informado": 0,
        "pct_jovens_16_24": 8.6,
        "pct_adultos_25_59": 60.7,
        "pct_60_mais": 30.7,
        "pct_idade_nao_informado": 0,
        "pct_ate_fundamental": 17.7,
        "pct_ensino_medio": 39.8,
        "pct_ensino_superior": 42.5,
        "pct_escolaridade_nao_informado": 0
      },
      "geometry": {
        "type": "Point",
        "coordinates": [
          -43.1110377,
          -22.9006508
        ]
      }
    },
    {
      "type": "Feature",
      "properties": {
        "ano": 2024,
        "nr_local": "1660",
        "nm_local": "CLUBE CENTRAL",
        "bairro": "ICARAÍ",
        "total_eleitores": 13594,
        "pct_mulheres": 57.2,
        "pct_homens": 42.8,
        "pct_genero_nao_informado": 0,
        "pct_jovens_16_24": 8.4,
        "pct_adultos_25_59": 55.1,
        "pct_60_mais": 36.5,
        "pct_idade_nao_informado": 0,
        "pct_ate_fundamental": 13.9,
        "pct_ensino_medio": 31.9,
        "pct_ensino_superior": 54.2,
        "pct_escolaridade_nao_informado": 0
      },
      "geometry": {
        "type": "Point",
        "coordinates": [
          -43.111789,
          -22.9075784
        ]
      }
    },
    {
      "type": "Feature",
      "properties": {
        "ano": 2024,
        "nr_local": "1678",
        "nm_local": "LICEU NILO PEÇANHA",
        "bairro": "CENTRO",
        "total_eleitores": 9023,
        "pct_mulheres": 54.4,
        "pct_homens": 45.6,
        "pct_genero_nao_informado": 0,
        "pct_jovens_16_24": 8.2,
        "pct_adultos_25_59": 60.1,
        "pct_60_mais": 31.7,
        "pct_idade_nao_informado": 0,
        "pct_ate_fundamental": 20.9,
        "pct_ensino_medio": 41.5,
        "pct_ensino_superior": 37.6,
        "pct_escolaridade_nao_informado": 0
      },
      "geometry": {
        "type": "Point",
        "coordinates": [
          -43.1165611,
          -22.8935707
        ]
      }
    },
    {
      "type": "Feature",
      "properties": {
        "ano": 2024,
        "nr_local": "1686",
        "nm_local": "COLÉGIO DA POLÍCIA MILITAR",
        "bairro": "FONSECA",
        "total_eleitores": 4686,
        "pct_mulheres": 57.6,
        "pct_homens": 42.4,
        "pct_genero_nao_informado": 0,
        "pct_jovens_16_24": 6,
        "pct_adultos_25_59": 53.8,
        "pct_60_mais": 40.2,
        "pct_idade_nao_informado": 0,
        "pct_ate_fundamental": 19.4,
        "pct_ensino_medio": 37.4,
        "pct_ensino_superior": 43.2,
        "pct_escolaridade_nao_informado": 0
      },
      "geometry": {
        "type": "Point",
        "coordinates": [
          -43.0820149,
          -22.8818063
        ]
      }
    },
    {
      "type": "Feature",
      "properties": {
        "ano": 2024,
        "nr_local": "1694",
        "nm_local": "RIO CRICKET",
        "bairro": "INGÁ",
        "total_eleitores": 4784,
        "pct_mulheres": 56.6,
        "pct_homens": 43.4,
        "pct_genero_nao_informado": 0,
        "pct_jovens_16_24": 8.1,
        "pct_adultos_25_59": 61.2,
        "pct_60_mais": 30.7,
        "pct_idade_nao_informado": 0,
        "pct_ate_fundamental": 14.8,
        "pct_ensino_medio": 37.9,
        "pct_ensino_superior": 47.3,
        "pct_escolaridade_nao_informado": 0
      },
      "geometry": {
        "type": "Point",
        "coordinates": [
          -43.1133665,
          -22.8997052
        ]
      }
    },
    {
      "type": "Feature",
      "properties": {
        "ano": 2024,
        "nr_local": "1708",
        "nm_local": "ESCOLA MUNICIPAL JÚLIA CORTINES",
        "bairro": "ICARAÍ",
        "total_eleitores": 3077,
        "pct_mulheres": 61.2,
        "pct_homens": 38.8,
        "pct_genero_nao_informado": 0,
        "pct_jovens_16_24": 5.3,
        "pct_adultos_25_59": 50.7,
        "pct_60_mais": 44.1,
        "pct_idade_nao_informado": 0,
        "pct_ate_fundamental": 5.4,
        "pct_ensino_medio": 26.3,
        "pct_ensino_superior": 68.3,
        "pct_escolaridade_nao_informado": 0
      },
      "geometry": {
        "type": "Point",
        "coordinates": [
          -43.1086717,
          -22.9043592
        ]
      }
    },
    {
      "type": "Feature",
      "properties": {
        "ano": 2024,
        "nr_local": "1716",
        "nm_local": "ESCOLA VIVINFÂNCIA",
        "bairro": "ICARAÍ",
        "total_eleitores": 1084,
        "pct_mulheres": 62.6,
        "pct_homens": 37.4,
        "pct_genero_nao_informado": 0,
        "pct_jovens_16_24": 2.8,
        "pct_adultos_25_59": 53,
        "pct_60_mais": 44.3,
        "pct_idade_nao_informado": 0,
        "pct_ate_fundamental": 6.5,
        "pct_ensino_medio": 25,
        "pct_ensino_superior": 68.5,
        "pct_escolaridade_nao_informado": 0
      },
      "geometry": {
        "type": "Point",
        "coordinates": [
          -43.1056898,
          -22.9079727
        ]
      }
    },
    {
      "type": "Feature",
      "properties": {
        "ano": 2024,
        "nr_local": "1724",
        "nm_local": "AABB",
        "bairro": "SÃO FRANCISCO",
        "total_eleitores": 2896,
        "pct_mulheres": 51.2,
        "pct_homens": 48.8,
        "pct_genero_nao_informado": 0,
        "pct_jovens_16_24": 11.2,
        "pct_adultos_25_59": 58.9,
        "pct_60_mais": 29.9,
        "pct_idade_nao_informado": 0,
        "pct_ate_fundamental": 15.7,
        "pct_ensino_medio": 37.1,
        "pct_ensino_superior": 47.2,
        "pct_escolaridade_nao_informado": 0
      },
      "geometry": {
        "type": "Point",
        "coordinates": [
          -43.0826083,
          -22.9172823
        ]
      }
    },
    {
      "type": "Feature",
      "properties": {
        "ano": 2024,
        "nr_local": "1732",
        "nm_local": "CLUBE NAVAL",
        "bairro": "JURUJUBA",
        "total_eleitores": 6693,
        "pct_mulheres": 53.4,
        "pct_homens": 46.6,
        "pct_genero_nao_informado": 0,
        "pct_jovens_16_24": 11.3,
        "pct_adultos_25_59": 65.7,
        "pct_60_mais": 23.1,
        "pct_idade_nao_informado": 0,
        "pct_ate_fundamental": 39.2,
        "pct_ensino_medio": 47.6,
        "pct_ensino_superior": 13.1,
        "pct_escolaridade_nao_informado": 0
      },
      "geometry": {
        "type": "Point",
        "coordinates": [
          -43.1068139,
          -22.935737
        ]
      }
    },
    {
      "type": "Feature",
      "properties": {
        "ano": 2024,
        "nr_local": "1740",
        "nm_local": "ESCOLA MUNICIPAL PROFESSORA ELVIRA LÚCIA ESTEVES DE VASCONCELOS",
        "bairro": "ICARAÍ",
        "total_eleitores": 2923,
        "pct_mulheres": 59.3,
        "pct_homens": 40.7,
        "pct_genero_nao_informado": 0,
        "pct_jovens_16_24": 3.5,
        "pct_adultos_25_59": 54.1,
        "pct_60_mais": 42.5,
        "pct_idade_nao_informado": 0,
        "pct_ate_fundamental": 6.2,
        "pct_ensino_medio": 23.4,
        "pct_ensino_superior": 70.4,
        "pct_escolaridade_nao_informado": 0
      },
      "geometry": {
        "type": "Point",
        "coordinates": [
          -43.1073245,
          -22.9111671
        ]
      }
    },
    {
      "type": "Feature",
      "properties": {
        "ano": 2024,
        "nr_local": "1759",
        "nm_local": "COLÉGIO MV1",
        "bairro": "ICARAÍ",
        "total_eleitores": 5603,
        "pct_mulheres": 56.8,
        "pct_homens": 43.2,
        "pct_genero_nao_informado": 0,
        "pct_jovens_16_24": 7,
        "pct_adultos_25_59": 57.1,
        "pct_60_mais": 35.9,
        "pct_idade_nao_informado": 0,
        "pct_ate_fundamental": 6.3,
        "pct_ensino_medio": 30.9,
        "pct_ensino_superior": 62.8,
        "pct_escolaridade_nao_informado": 0
      },
      "geometry": {
        "type": "Point",
        "coordinates": [
          -43.1058651,
          -22.9079111
        ]
      }
    },
    {
      "type": "Feature",
      "properties": {
        "ano": 2024,
        "nr_local": "1767",
        "nm_local": "COLÉGIO ASSUNÇÃO",
        "bairro": "SÃO FRANCISCO",
        "total_eleitores": 5251,
        "pct_mulheres": 56.5,
        "pct_homens": 43.5,
        "pct_genero_nao_informado": 0,
        "pct_jovens_16_24": 7.6,
        "pct_adultos_25_59": 57,
        "pct_60_mais": 35.4,
        "pct_idade_nao_informado": 0,
        "pct_ate_fundamental": 7.6,
        "pct_ensino_medio": 29.8,
        "pct_ensino_superior": 62.6,
        "pct_escolaridade_nao_informado": 0
      },
      "geometry": {
        "type": "Point",
        "coordinates": [
          -43.0926525,
          -22.9208239
        ]
      }
    },
    {
      "type": "Feature",
      "properties": {
        "ano": 2024,
        "nr_local": "1775",
        "nm_local": "ESCOLA ESTADUAL CIZÍNIO SOARES PINTO",
        "bairro": "SÃO FRANCISCO",
        "total_eleitores": 2305,
        "pct_mulheres": 56,
        "pct_homens": 44,
        "pct_genero_nao_informado": 0,
        "pct_jovens_16_24": 9.7,
        "pct_adultos_25_59": 58.4,
        "pct_60_mais": 31.9,
        "pct_idade_nao_informado": 0,
        "pct_ate_fundamental": 30.4,
        "pct_ensino_medio": 37.8,
        "pct_ensino_superior": 31.8,
        "pct_escolaridade_nao_informado": 0
      },
      "geometry": {
        "type": "Point",
        "coordinates": [
          -43.093934,
          -22.9147594
        ]
      }
    },
    {
      "type": "Feature",
      "properties": {
        "ano": 2024,
        "nr_local": "1783",
        "nm_local": "SOCIEDADE BRASILEIRA DE CULTURA INGLESA",
        "bairro": "ICARAÍ",
        "total_eleitores": 1341,
        "pct_mulheres": 62.4,
        "pct_homens": 37.6,
        "pct_genero_nao_informado": 0,
        "pct_jovens_16_24": 3.1,
        "pct_adultos_25_59": 51.4,
        "pct_60_mais": 45.5,
        "pct_idade_nao_informado": 0,
        "pct_ate_fundamental": 4,
        "pct_ensino_medio": 18.3,
        "pct_ensino_superior": 77.7,
        "pct_escolaridade_nao_informado": 0
      },
      "geometry": {
        "type": "Point",
        "coordinates": [
          -43.1111859,
          -22.9075527
        ]
      }
    }
  ]
}