{
  "type": "FeatureCollection",
  "name": "vote_deltas",
  "features": [
    {
      "type": "Feature",
      "properties": {
        "pair": "2010-2014",
        "ano_inicio": 2010,
        "ano_fim": 2014,
        "nr_local": "1015",
        "nm_local": "INSTITUTO JCA",
        "bairro": "SANTA BARBARA",
        "local_status": "both",
        "secoes_inicio": 40,
        "secoes_fim": 40,
        "secoes_comuns": 38,
        "secoes_adicionadas": 2,
        "secoes_removidas": 2,
        "secoes_movidas_in": 0,
        "secoes_movidas_out": 0,
        "secao_churn": 0.1,
        "tipo_inicio": "Geral",
        "tipo_fim": "Geral",
        "tipo_par": "Geral -> Geral",
        "votos_hugo_inicio": 75,
        "votos_hugo_fim": 93,
        "delta_hugo": 18,
        "pct_delta_hugo": 24,
        "candidacy_status_hugo": "concorreu",
        "cargo_diferente_hugo": false,
        "votos_felipe_inicio": null,
        "votos_felipe_fim": null,
        "delta_felipe": null,
        "pct_delta_felipe": null,
        "candidacy_status_felipe": "nao_concorreu_fim",
        "cargo_diferente_felipe": null,
        "votos_psd_inicio": null,
        "votos_psd_fim": null,
        "delta_psd": null,
        "pct_delta_psd": null,
        "candidacy_status_psd": "partido_inexistente",
        "cargo_diferente_psd": null,
        "map_delta": 18,
        "map_abs_delta": 18
      },
      "geometry": {
        "type": "Point",
        "coordinates": [
          -43.0585179,
          -22.882301
        ]
      }
    },
    {
      "type": "Feature",
      "properties": {
        "pair": "2010-2014",
        "ano_inicio": 2010,
        "ano_fim": 2014,
        "nr_local": "1023",
        "nm_local": "PAROQUIA DE SAO JOAO BATISTA",
        "bairro": "TENENTE JARDIM",
        "local_status": "both",
        "secoes_inicio": 20,
        "secoes_fim": 17,
        "secoes_comuns": 17,
        "secoes_adicionadas": 0,
        "secoes_removidas": 3,
        "secoes_movidas_in": 0,
        "secoes_movidas_out": 0,
        "secao_churn": 0.15,
        "tipo_inicio": "Geral",
        "tipo_fim": "Geral",
        "tipo_par": "Geral -> Geral",
        "votos_hugo_inicio": 50,
        "votos_hugo_fim": 31,
        "delta_hugo": -19,
        "pct_delta_hugo": -38,
        "candidacy_status_hugo": "concorreu",
        "cargo_diferente_hugo": false,
        "votos_felipe_inicio": null,
        "votos_felipe_fim": null,
        "delta_felipe": null,
        "pct_delta_felipe": null,
        "candidacy_status_felipe": "nao_concorreu_fim",
        "cargo_diferente_felipe": null,
        "votos_psd_inicio": null,
        "votos_psd_fim": null,
        "delta_psd": null,
        "pct_delta_psd": null,
        "candidacy_status_psd": "partido_inexistente",
        "cargo_diferente_psd": null,
        "map_delta": -19,
        "map_abs_delta": 19
      },
      "geometry": {
        "type": "Point",
        "coordinates": [
          -43.0827273,
          -22.8639855
        ]
      }
    },
    {
      "type": "Feature",
      "properties": {
        "pair": "2010-2014",
        "ano_inicio": 2010,
        "ano_fim": 2014,
        "nr_local": "1031",
        "nm_local": "(PRÉDIO NOVO) COLÉGIO PEDRO II UNIDADE NITERÓI",
        "bairro": "BARRETO",
        "local_status": "both",
        "secoes_inicio": 49,
        "secoes_fim": 40,
        "secoes_comuns": 38,
        "secoes_adicionadas": 2,
        "secoes_removidas": 11,
        "secoes_movidas_in": 0,
        "secoes_movidas_out": 7,
        "secao_churn": 0.2653,
        "tipo_inicio": "Geral",
        "tipo_fim": "Geral",
        "tipo_par": "Geral -> Geral",
        "votos_hugo_inicio": 126,
        "votos_hugo_fim": 40,
        "delta_hugo": -86,
        "pct_delta_hugo": -68.25,
        "candidacy_status_hugo": "concorreu",
        "cargo_diferente_hugo": false,
        "votos_felipe_inicio": null,
        "votos_felipe_fim": null,
        "delta_felipe": null,
        "pct_delta_felipe": null,
        "candidacy_status_felipe": "nao_concorreu_fim",
        "cargo_diferente_felipe": null,
        "votos_psd_inicio": null,
        "votos_psd_fim": null,
        "delta_psd": null,
        "pct_delta_psd": null,
        "candidacy_status_psd": "partido_inexistente",
        "cargo_diferente_psd": null,
        "map_delta": -86,
        "map_abs_delta": 86
      },
      "geometry": {
        "type": "Point",
        "coordinates": [
          -43.1037833,
          -22.8685685
        ]
      }
    },
    {
      "type": "Feature",
      "properties": {
        "pair": "2010-2014",
        "ano_inicio": 2010,
        "ano_fim": 2014,
        "nr_local": "1040",
        "nm_local": "CIEP 447 - CARAMUJO",
        "bairro": "CARAMUJO",
        "local_status": "both",
        "secoes_inicio": 34,
        "secoes_fim": 20,
        "secoes_comuns": 19,
        "secoes_adicionadas": 1,
        "secoes_removidas": 15,
        "secoes_movidas_in": 0,
        "secoes_movidas_out": 0,
        "secao_churn": 0.4706,
        "tipo_inicio": "Geral",
        "tipo_fim": "Geral",
        "tipo_par": "Geral -> Geral",
        "votos_hugo_inicio": 57,
        "votos_hugo_fim": 73,
        "delta_hugo": 16,
        "pct_delta_hugo": 28.07,
        "candidacy_status_hugo": "concorreu",
        "cargo_diferente_hugo": false,
        "votos_felipe_inicio": null,
        "votos_felipe_fim": null,
        "delta_felipe": null,
        "pct_delta_felipe": null,
        "candidacy_status_felipe": "nao_concorreu_fim",
        "cargo_diferente_felipe": null,
        "votos_psd_inicio": null,
        "votos_psd_fim": null,
        "delta_psd": null,
        "pct_delta_psd": null,
        "candidacy_status_psd": "partido_inexistente",
        "cargo_diferente_psd": null,
        "map_delta": 16,
        "map_abs_delta": 16
      },
      "geometry": {
        "type": "Point",
        "coordinates": [
          -43.065134,
          -22.8827294
        ]
      }
    },
    {
      "type": "Feature",
      "properties": {
        "pair": "2010-2014",
        "ano_inicio": 2010,
        "ano_fim": 2014,
        "nr_local": "1058",
        "nm_local": "INSTITUTO SÃO BENTO DE NITEROI",
        "bairro": null,
        "local_status": "both",
        "secoes_inicio": 22,
        "secoes_fim": 28,
        "secoes_comuns": 22,
        "secoes_adicionadas": 6,
        "secoes_removidas": 0,
        "secoes_movidas_in": 2,
        "secoes_movidas_out": 0,
        "secao_churn": 0.2143,
        "tipo_inicio": "Geral",
        "tipo_fim": "Geral",
        "tipo_par": "Geral -> Geral",
        "votos_hugo_inicio": 67,
        "votos_hugo_fim": 47,
        "delta_hugo": -20,
        "pct_delta_hugo": -29.85,
        "candidacy_status_hugo": "concorreu",
        "cargo_diferente_hugo": false,
        "votos_felipe_inicio": null,
        "votos_felipe_fim": null,
        "delta_felipe": null,
        "pct_delta_felipe": null,
        "candidacy_status_felipe": "nao_concorreu_fim",
        "cargo_diferente_felipe": null,
        "votos_psd_inicio": null,
        "votos_psd_fim": null,
        "delta_psd": null,
        "pct_delta_psd": null,
        "candidacy_status_psd": "partido_inexistente",
        "cargo_diferente_psd": null,
        "map_delta": -20,
        "map_abs_delta": 20
      },
      "geometry": {
        "type": "Point",
        "coordinates": [
          -43.0985232,
          -22.8970069
        ]
      }
    },
    {
      "type": "Feature",
      "properties": {
        "pair": "2010-2014",
        "ano_inicio": 2010,
        "ano_fim": 2014,
        "nr_local": "1066",
        "nm_local": "ITACOATIARA PAMPO CLUBE",
        "bairro": "ITACOATIARA",
        "local_status": "both",
        "secoes_inicio": 14,
        "secoes_fim": 16,
        "secoes_comuns": 14,
        "secoes_adicionadas": 2,
        "secoes_removidas": 0,
        "secoes_movidas_in": 0,
        "secoes_movidas_out": 0,
        "secao_churn": 0.125,
        "tipo_inicio": "Geral",
        "tipo_fim": "Geral",
        "tipo_par": "Geral -> Geral",
        "votos_hugo_inicio": 46,
        "votos_hugo_fim": 20,
        "delta_hugo": -26,
        "pct_delta_hugo": -56.52,
        "candidacy_status_hugo": "concorreu",
        "cargo_diferente_hugo": false,
        "votos_felipe_inicio": null,
        "votos_felipe_fim": null,
        "delta_felipe": null,
        "pct_delta_felipe": null,
        "candidacy_status_felipe": "nao_concorreu_fim",
        "cargo_diferente_felipe": null,
        "votos_psd_inicio": null,
        "votos_psd_fim": null,
        "delta_psd": null,
        "pct_delta_psd": null,
        "candidacy_status_psd": "partido_inexistente",
        "cargo_diferente_psd": null,
        "map_delta": -26,
        "map_abs_delta": 26
      },
      "geometry": {
        "type": "Point",
        "coordinates": [
          -43.0332117,
          -22.9646939
        ]
      }
    },
    {
      "type": "Feature",
      "properties": {
        "pair": "2010-2014",
        "ano_inicio": 2010,
        "ano_fim": 2014,
        "nr_local": "1074",
        "nm_local": "COLEGIO ESTADUAL PAULO ASSIS RIBEIRO",
        "bairro": "BADU",
        "local_status": "both",
        "secoes_inicio": 40,
        "secoes_fim": 44,
        "secoes_comuns": 40,
        "secoes_adicionadas": 4,
        "secoes_removidas": 0,
        "secoes_movidas_in": 0,
        "secoes_movidas_out": 0,
        "secao_churn": 0.0909,
        "tipo_inicio": "Geral",
        "tipo_fim": "Geral",
        "tipo_par": "Geral -> Geral",
        "votos_hugo_inicio": 129,
        "votos_hugo_fim": 66,
        "delta_hugo": -63,
        "pct_delta_hugo": -48.84,
        "candidacy_status_hugo": "concorreu",
        "cargo_diferente_hugo": false,
        "votos_felipe_inicio": null,
        "votos_felipe_fim": null,
        "delta_felipe": null,
        "pct_delta_felipe": null,
        "candidacy_status_felipe": "nao_concorreu_fim",
        "cargo_diferente_felipe": null,
        "votos_psd_inicio": null,
        "votos_psd_fim": null,
        "delta_psd": null,
        "pct_delta_psd": null,
        "candidacy_status_psd": "partido_inexistente",
        "cargo_diferente_psd": null,
        "map_delta": -63,
        "map_abs_delta": 63
      },
      "geometry": {
        "type": "Point",
        "coordinates": [
          -43.0573891,
          -22.9068537
        ]
      }
    },
    {
      "type": "Feature",
      "properties": {
        "pair": "2010-2014",
        "ano_inicio": 2010,
        "ano_fim": 2014,
        "nr_local": "1082",
        "nm_local": "UMEI DR PAULO CESAR DE ALMEIDA PIMENTEL",
        "bairro": "ITAIPU",
        "local_status": "both",
        "secoes_inicio": 48,
        "secoes_fim": 45,
        "secoes_comuns": 42,
        "secoes_adicionadas": 3,
        "secoes_removidas": 6,
        "secoes_movidas_in": 0,
        "secoes_movidas_out": 0,
        "secao_churn": 0.1875,
        "tipo_inicio": "Geral",
        "tipo_fim": "Geral",
        "tipo_par": "Geral -> Geral",
        "votos_hugo_inicio": 114,
        "votos_hugo_fim": 104,
        "delta_hugo": -10,
        "pct_delta_hugo": -8.77,
        "candidacy_status_hugo": "concorreu",
        "cargo_diferente_hugo": false,
        "votos_felipe_inicio": null,
        "votos_felipe_fim": null,
        "delta_felipe": null,
        "pct_delta_felipe": null,
        "candidacy_status_felipe": "nao_concorreu_fim",
        "cargo_diferente_felipe": null,
        "votos_psd_inicio": null,
        "votos_psd_fim": null,
        "delta_psd": null,
        "pct_delta_psd": null,
        "candidacy_status_psd": "partido_inexistente",
        "cargo_diferente_psd": null,
        "map_delta": -10,
        "map_abs_delta": 10
      },
      "geometry": {
        "type": "Point",
        "coordinates": [
          -43.0327165,
          -22.9614459
        ]
      }
    },
    {
      "type": "Feature",
      "properties": {
        "pair": "2010-2014",
        "ano_inicio": 2010,
        "ano_fim": 2014,
        "nr_local": "1090",
        "nm_local": "COLÉGIO ESTADUAL PROFESSORA ALCINA RODRIGUES LIMA",
        "bairro": "ITAIPU",
        "local_status": "both",
        "secoes_inicio": 49,
        "secoes_fim": 53,
        "secoes_comuns": 49,
        "secoes_adicionadas": 4,
        "secoes_removidas": 0,
        "secoes_movidas_in": 3,
        "secoes_movidas_out": 0,
        "secao_churn": 0.0755,
        "tipo_inicio": "Geral",
        "tipo_fim": "Geral",
        "tipo_par": "Geral -> Geral",
        "votos_hugo_inicio": 126,
        "votos_hugo_fim": 73,
        "delta_hugo": -53,
        "pct_delta_hugo": -42.06,
        "candidacy_status_hugo": "concorreu",
        "cargo_diferente_hugo": false,
        "votos_felipe_inicio": null,
        "votos_felipe_fim": null,
        "delta_felipe": null,
        "pct_delta_felipe": null,
        "candidacy_status_felipe": "nao_concorreu_fim",
        "cargo_diferente_felipe": null,
        "votos_psd_inicio": null,
        "votos_psd_fim": null,
        "delta_psd": null,
        "pct_delta_psd": null,
        "candidacy_status_psd": "partido_inexistente",
        "cargo_diferente_psd": null,
        "map_delta": -53,
        "map_abs_delta": 53
      },
      "geometry": {
        "type": "Point",
        "coordinates": [
          -43.0285072,
          -22.9528491
        ]
      }
    },
    {
      "type": "Feature",
      "properties": {
        "pair": "2010-2014",
        "ano_inicio": 2010,
        "ano_fim": 2014,
        "nr_local": "1104",
        "nm_local": "ESCOLA MUNICIPAL ALTIVO CESAR",
        "bairro": "BARRETO",
        "local_status": "both",
        "secoes_inicio": 26,
        "secoes_fim": 23,
        "secoes_comuns": 20,
        "secoes_adicionadas": 3,
        "secoes_removidas": 6,
        "secoes_movidas_in": 0,
        "secoes_movidas_out": 5,
        "secao_churn": 0.3462,
        "tipo_inicio": "Geral",
        "tipo_fim": "Geral",
        "tipo_par": "Geral -> Geral",
        "votos_hugo_inicio": 120,
        "votos_hugo_fim": 51,
        "delta_hugo": -69,
        "pct_delta_hugo": -57.5,
        "candidacy_status_hugo": "concorreu",
        "cargo_diferente_hugo": false,
        "votos_felipe_inicio": null,
        "votos_felipe_fim": null,
        "delta_felipe": null,
        "pct_delta_felipe": null,
        "candidacy_status_felipe": "nao_concorreu_fim",
        "cargo_diferente_felipe": null,
        "votos_psd_inicio": null,
        "votos_psd_fim": null,
        "delta_psd": null,
        "pct_delta_psd": null,
        "candidacy_status_psd": "partido_inexistente",
        "cargo_diferente_psd": null,
        "map_delta": -69,
        "map_abs_delta": 69
      },
      "geometry": {
        "type": "Point",
        "coordinates": [
          -43.0995714,
          -22.8645343
        ]
      }
    },
    {
      "type": "Feature",
      "properties": {
        "pair": "2010-2014",
        "ano_inicio": 2010,
        "ano_fim": 2014,
        "nr_local": "1112",
        "nm_local": "COLÉGIO SALESIANO REGIÃO OCEÂNICA",
        "bairro": "PIRATININGA",
        "local_status": "both",
        "secoes_inicio": 48,
        "secoes_fim": 56,
        "secoes_comuns": 48,
        "secoes_adicionadas": 8,
        "secoes_removidas": 0,
        "secoes_movidas_in": 0,
        "secoes_movidas_out": 0,
        "secao_churn": 0.1429,
        "tipo_inicio": "Geral",
        "tipo_fim": "Geral",
        "tipo_par": "Geral -> Geral",
        "votos_hugo_inicio": 139,
        "votos_hugo_fim": 79,
        "delta_hugo": -60,
        "pct_delta_hugo": -43.17,
        "candidacy_status_hugo": "concorreu",
        "cargo_diferente_hugo": false,
        "votos_felipe_inicio": null,
        "votos_felipe_fim": null,
        "delta_felipe": null,
        "pct_delta_felipe": null,
        "candidacy_status_felipe": "nao_concorreu_fim",
        "cargo_diferente_felipe": null,
        "votos_psd_inicio": null,
        "votos_psd_fim": null,
        "delta_psd": null,
        "pct_delta_psd": null,
        "candidacy_status_psd": "partido_inexistente",
        "cargo_diferente_psd": null,
        "map_delta": -60,
        "map_abs_delta": 60
      },
      "geometry": {
        "type": "Point",
        "coordinates": [
          -43.0618731,
          -22.9393022
        ]
      }
    },
    {
      "type": "Feature",
      "properties": {
        "pair": "2010-2014",
        "ano_inicio": 2010,
        "ano_fim": 2014,
        "nr_local": "1120",
        "nm_local": "COLÉGIO ESTADUAL ALMIRANTE TAMANDARÉ",
        "bairro": "PIRATININGA",
        "local_status": "both",
        "secoes_inicio": 46,
        "secoes_fim": 43,
        "secoes_comuns": 41,
        "secoes_adicionadas": 2,
        "secoes_removidas": 5,
        "secoes_movidas_in": 0,
        "secoes_movidas_out": 5,
        "secao_churn": 0.1522,
        "tipo_inicio": "Geral",
        "tipo_fim": "Geral",
        "tipo_par": "Geral -> Geral",
        "votos_hugo_inicio": 97,
        "votos_hugo_fim": 81,
        "delta_hugo": -16,
        "pct_delta_hugo": -16.49,
        "candidacy_status_hugo": "concorreu",
        "cargo_diferente_hugo": false,
        "votos_felipe_inicio": null,
        "votos_felipe_fim": null,
        "delta_felipe": null,
        "pct_delta_felipe": null,
        "candidacy_status_felipe": "nao_concorreu_fim",
        "cargo_diferente_felipe": null,
        "votos_psd_inicio": null,
        "votos_psd_fim": null,
        "delta_psd": null,
        "pct_delta_psd": null,
        "candidacy_status_psd": "partido_inexistente",
        "cargo_diferente_psd": null,
        "map_delta": -16,
        "map_abs_delta": 16
      },
      "geometry": {
        "type": "Point",
        "coordinates": [
          -43.0916732,
          -22.9512083
        ]
      }
    },
    {
      "type": "Feature",
      "properties": {
        "pair": "2010-2014",
        "ano_inicio": 2010,
        "ano_fim": 2014,
        "nr_local": "1139",
        "nm_local": "ESCOLA MUNICIPAL FRANCISCO PORTUGAL NEVES",
        "bairro": "PIRATININGA",
        "local_status": "both",
        "secoes_inicio": 32,
        "secoes_fim": 31,
        "secoes_comuns": 30,
        "secoes_adicionadas": 1,
        "secoes_removidas": 2,
        "secoes_movidas_in": 0,
        "secoes_movidas_out": 0,
        "secao_churn": 0.0938,
        "tipo_inicio": "Geral",
        "tipo_fim": "Geral",
        "tipo_par": "Geral -> Geral",
        "votos_hugo_inicio": 68,
        "votos_hugo_fim": 34,
        "delta_hugo": -34,
        "pct_delta_hugo": -50,
        "candidacy_status_hugo": "concorreu",
        "cargo_diferente_hugo": false,
        "votos_felipe_inicio": null,
        "votos_felipe_fim": null,
        "delta_felipe": null,
        "pct_delta_felipe": null,
        "candidacy_status_felipe": "nao_concorreu_fim",
        "cargo_diferente_felipe": null,
        "votos_psd_inicio": null,
        "votos_psd_fim": null,
        "delta_psd": null,
        "pct_delta_psd": null,
        "candidacy_status_psd": "partido_inexistente",
        "cargo_diferente_psd": null,
        "map_delta": -34,
        "map_abs_delta": 34
      },
      "geometry": {
        "type": "Point",
        "coordinates": [
          -43.056665,
          -22.942363
        ]
      }
    },
    {
      "type": "Feature",
      "properties": {
        "pair": "2010-2014",
        "ano_inicio": 2010,
        "ano_fim": 2014,
        "nr_local": "1147",
        "nm_local": "ESCOLA MUNICIPAL VERA LUCIA MACHADO",
        "bairro": "BADU",
        "local_status": "both",
        "secoes_inicio": 15,
        "secoes_fim": 23,
        "secoes_comuns": 15,
        "secoes_adicionadas": 8,
        "secoes_removidas": 0,
        "secoes_movidas_in": 7,
        "secoes_movidas_out": 0,
        "secao_churn": 0.3478,
        "tipo_inicio": "Geral",
        "tipo_fim": "Geral",
        "tipo_par": "Geral -> Geral",
        "votos_hugo_inicio": 40,
        "votos_hugo_fim": 46,
        "delta_hugo": 6,
        "pct_delta_hugo": 15,
        "candidacy_status_hugo": "concorreu",
        "cargo_diferente_hugo": false,
        "votos_felipe_inicio": null,
        "votos_felipe_fim": null,
        "delta_felipe": null,
        "pct_delta_felipe": null,
        "candidacy_status_felipe": "nao_concorreu_fim",
        "cargo_diferente_felipe": null,
        "votos_psd_inicio": null,
        "votos_psd_fim": null,
        "delta_psd": null,
        "pct_delta_psd": null,
        "candidacy_status_psd": "partido_inexistente",
        "cargo_diferente_psd": null,
        "map_delta": 6,
        "map_abs_delta": 6
      },
      "geometry": {
        "type": "Point",
        "coordinates": [
          -43.0500355,
          -22.9045
        ]
      }
    },
    {
      "type": "Feature",
      "properties": {
        "pair": "2010-2014",
        "ano_inicio": 2010,
        "ano_fim": 2014,
        "nr_local": "1155",
        "nm_local": "COLÉGIO ITAPUCA",
        "bairro": "PIRATININGA",
        "local_status": "both",
        "secoes_inicio": 27,
        "secoes_fim": 22,
        "secoes_comuns": 19,
        "secoes_adicionadas": 3,
        "secoes_removidas": 8,
        "secoes_movidas_in": 0,
        "secoes_movidas_out": 0,
        "secao_churn": 0.4074,
        "tipo_inicio": "Geral",
        "tipo_fim": "Geral",
        "tipo_par": "Geral -> Geral",
        "votos_hugo_inicio": 74,
        "votos_hugo_fim": 36,
        "delta_hugo": -38,
        "pct_delta_hugo": -51.35,
        "candidacy_status_hugo": "concorreu",
        "cargo_diferente_hugo": false,
        "votos_felipe_inicio": null,
        "votos_felipe_fim": null,
        "delta_felipe": null,
        "pct_delta_felipe": null,
        "candidacy_status_felipe": "nao_concorreu_fim",
        "cargo_diferente_felipe": null,
        "votos_psd_inicio": null,
        "votos_psd_fim": null,
        "delta_psd": null,
        "pct_delta_psd": null,
        "candidacy_status_psd": "partido_inexistente",
        "cargo_diferente_psd": null,
        "map_delta": -38,
        "map_abs_delta": 38
      },
      "geometry": {
        "type": "Point",
        "coordinates": [
          -43.0593249,
          -22.9437854
        ]
      }
    },
    {
      "type": "Feature",
      "properties": {
        "pair": "2010-2014",
        "ano_inicio": 2010,
        "ano_fim": 2014,
        "nr_local": "1163",
        "nm_local": "COLÉGIO ESTADUAL CONSELHEIRO MACEDO SOARES",
        "bairro": "BARRETO",
        "local_status": "both",
        "secoes_inicio": 44,
        "secoes_fim": 44,
        "secoes_comuns": 44,
        "secoes_adicionadas": 0,
        "secoes_removidas": 0,
        "secoes_movidas_in": 0,
        "secoes_movidas_out": 0,
        "secao_churn": 0,
        "tipo_inicio": "Geral",
        "tipo_fim": "Geral",
        "tipo_par": "Geral -> Geral",
        "votos_hugo_inicio": 110,
        "votos_hugo_fim": 66,
        "delta_hugo": -44,
        "pct_delta_hugo": -40,
        "candidacy_status_hugo": "concorreu",
        "cargo_diferente_hugo": false,
        "votos_felipe_inicio": null,
        "votos_felipe_fim": null,
        "delta_felipe": null,
        "pct_delta_felipe": null,
        "candidacy_status_felipe": "nao_concorreu_fim",
        "cargo_diferente_felipe": null,
        "votos_psd_inicio": null,
        "votos_psd_fim": null,
        "delta_psd": null,
        "pct_delta_psd": null,
        "candidacy_status_psd": "partido_inexistente",
        "cargo_diferente_psd": null,
        "map_delta": -44,
        "map_abs_delta": 44
      },
      "geometry": {
        "type": "Point",
        "coordinates": [
          -43.0924035,
          -22.8622231
        ]
      }
    },
    {
      "type": "Feature",
      "properties": {
        "pair": "2010-2014",
        "ano_inicio": 2010,
        "ano_fim": 2014,
        "nr_local": "1171",
        "nm_local": "ESCOLA MUNICIPAL ANTONIO COUTINHO DE AZEVEDO",
        "bairro": "SANTA BARBARA",
        "local_status": "both",
        "secoes_inicio": 29,
        "secoes_fim": 29,
        "secoes_comuns": 29,
        "secoes_adicionadas": 0,
        "secoes_removidas": 0,
        "secoes_movidas_in": 0,
        "secoes_movidas_out": 0,
        "secao_churn": 0,
        "tipo_inicio": "Geral",
        "tipo_fim": "Geral",
        "tipo_par": "Geral -> Geral",
        "votos_hugo_inicio": 39,
        "votos_hugo_fim": 41,
        "delta_hugo": 2,
        "pct_delta_hugo": 5.13,
        "candidacy_status_hugo": "concorreu",
        "cargo_diferente_hugo": false,
        "votos_felipe_inicio": null,
        "votos_felipe_fim": null,
        "delta_felipe": null,
        "pct_delta_felipe": null,
        "candidacy_status_felipe": "nao_concorreu_fim",
        "cargo_diferente_felipe": null,
        "votos_psd_inicio": null,
        "votos_psd_fim": null,
        "delta_psd": null,
        "pct_delta_psd": null,
        "candidacy_status_psd": "partido_inexistente",
        "cargo_diferente_psd": null,
        "map_delta": 2,
        "map_abs_delta": 2
      },
      "geometry": {
        "type": "Point",
        "coordinates": [
          -43.04869,
          -22.8756043
        ]
      }
    },
    {
      "type": "Feature",
      "properties": {
        "pair": "2010-2014",
        "ano_inicio": 2010,
        "ano_fim": 2014,
        "nr_local": "1180",
        "nm_local": "ESCOLA MUNICIPAL RACHIDE DA GLORIA SALIM SAKER",
        "bairro": "SANTA BARBARA",
        "local_status": "both",
        "secoes_inicio": 21,
        "secoes_fim": 25,
        "secoes_comuns": 21,
        "secoes_adicionadas": 4,
        "secoes_removidas": 0,
        "secoes_movidas_in": 0,
        "secoes_movidas_out": 0,
        "secao_churn": 0.16,
        "tipo_inicio": "Geral",
        "tipo_fim": "Geral",
        "tipo_par": "Geral -> Geral",
        "votos_hugo_inicio": 60,
        "votos_hugo_fim": 33,
        "delta_hugo": -27,
        "pct_delta_hugo": -45,
        "candidacy_status_hugo": "concorreu",
        "cargo_diferente_hugo": false,
        "votos_felipe_inicio": null,
        "votos_felipe_fim": null,
        "delta_felipe": null,
        "pct_delta_felipe": null,
        "candidacy_status_felipe": "nao_concorreu_fim",
        "cargo_diferente_felipe": null,
        "votos_psd_inicio": null,
        "votos_psd_fim": null,
        "delta_psd": null,
        "pct_delta_psd": null,
        "candidacy_status_psd": "partido_inexistente",
        "cargo_diferente_psd": null,
        "map_delta": -27,
        "map_abs_delta": 27
      },
      "geometry": {
        "type": "Point",
        "coordinates": [
          -43.0488967,
          -22.8766134
        ]
      }
    },
    {
      "type": "Feature",
      "properties": {
        "pair": "2010-2014",
        "ano_inicio": 2010,
        "ano_fim": 2014,
        "nr_local": "1198",
        "nm_local": "CIEP 448 RUY FRAZÃO SOARES",
        "bairro": "ITAIPU",
        "local_status": "both",
        "secoes_inicio": 21,
        "secoes_fim": 26,
        "secoes_comuns": 21,
        "secoes_adicionadas": 5,
        "secoes_removidas": 0,
        "secoes_movidas_in": 0,
        "secoes_movidas_out": 0,
        "secao_churn": 0.1923,
        "tipo_inicio": "Geral",
        "tipo_fim": "Geral",
        "tipo_par": "Geral -> Geral",
        "votos_hugo_inicio": 54,
        "votos_hugo_fim": 24,
        "delta_hugo": -30,
        "pct_delta_hugo": -55.56,
        "candidacy_status_hugo": "concorreu",
        "cargo_diferente_hugo": false,
        "votos_felipe_inicio": null,
        "votos_felipe_fim": null,
        "delta_felipe": null,
        "pct_delta_felipe": null,
        "candidacy_status_felipe": "nao_concorreu_fim",
        "cargo_diferente_felipe": null,
        "votos_psd_inicio": null,
        "votos_psd_fim": null,
        "delta_psd": null,
        "pct_delta_psd": null,
        "candidacy_status_psd": "partido_inexistente",
        "cargo_diferente_psd": null,
        "map_delta": -30,
        "map_abs_delta": 30
      },
      "geometry": {
        "type": "Point",
        "coordinates": [
          -43.0092644,
          -22.9356576
        ]
      }
    },
    {
      "type": "Feature",
      "properties": {
        "pair": "2010-2014",
        "ano_inicio": 2010,
        "ano_fim": 2014,
        "nr_local": "1201",
        "nm_local": "OFICINAS DO SENAI",
        "bairro": "BARRETO",
        "local_status": "both",
        "secoes_inicio": 16,
        "secoes_fim": 15,
        "secoes_comuns": 13,
        "secoes_adicionadas": 2,
        "secoes_removidas": 3,
        "secoes_movidas_in": 2,
        "secoes_movidas_out": 3,
        "secao_churn": 0.3125,
        "tipo_inicio": "Geral",
        "tipo_fim": "Geral",
        "tipo_par": "Geral -> Geral",
        "votos_hugo_inicio": 46,
        "votos_hugo_fim": 16,
        "delta_hugo": -30,
        "pct_delta_hugo": -65.22,
        "candidacy_status_hugo": "concorreu",
        "cargo_diferente_hugo": false,
        "votos_felipe_inicio": null,
        "votos_felipe_fim": null,
        "delta_felipe": null,
        "pct_delta_felipe": null,
        "candidacy_status_felipe": "nao_concorreu_fim",
        "cargo_diferente_felipe": null,
        "votos_psd_inicio": null,
        "votos_psd_fim": null,
        "delta_psd": null,
        "pct_delta_psd": null,
        "candidacy_status_psd": "partido_inexistente",
        "cargo_diferente_psd": null,
        "map_delta": -30,
        "map_abs_delta": 30
      },
      "geometry": {
        "type": "Point",
        "coordinates": [
          -43.1026046,
          -22.8614396
        ]
      }
    },
    {
      "type": "Feature",
      "properties": {
        "pair": "2010-2014",
        "ano_inicio": 2010,
        "ano_fim": 2014,
        "nr_local": "1210",
        "nm_local": "TIO SAM ESPORTE CLUBE",
        "bairro": "BARRETO",
        "local_status": "both",
        "secoes_inicio": 19,
        "secoes_fim": 20,
        "secoes_comuns": 18,
        "secoes_adicionadas": 2,
        "secoes_removidas": 1,
        "secoes_movidas_in": 0,
        "secoes_movidas_out": 0,
        "secao_churn": 0.15,
        "tipo_inicio": "Geral",
        "tipo_fim": "Geral",
        "tipo_par": "Geral -> Geral",
        "votos_hugo_inicio": 42,
        "votos_hugo_fim": 12,
        "delta_hugo": -30,
        "pct_delta_hugo": -71.43,
        "candidacy_status_hugo": "concorreu",
        "cargo_diferente_hugo": false,
        "votos_felipe_inicio": null,
        "votos_felipe_fim": null,
        "delta_felipe": null,
        "pct_delta_felipe": null,
        "candidacy_status_felipe": "nao_concorreu_fim",
        "cargo_diferente_felipe": null,
        "votos_psd_inicio": null,
        "votos_psd_fim": null,
        "delta_psd": null,
        "pct_delta_psd": null,
        "candidacy_status_psd": "partido_inexistente",
        "cargo_diferente_psd": null,
        "map_delta": -30,
        "map_abs_delta": 30
      },
      "geometry": {
        "type": "Point",
        "coordinates": [
          -43.104502,
          -22.8719306
        ]
      }
    },
    {
      "type": "Feature",
      "properties": {
        "pair": "2010-2014",
        "ano_inicio": 2010,
        "ano_fim": 2014,
        "nr_local": "1236",
        "nm_local": "COLÉGIO ESTADUAL MULLULO DA VEIGA",
        "bairro": "ENGENHOCA",
        "local_status": "both",
        "secoes_inicio": 39,
        "secoes_fim": 42,
        "secoes_comuns": 39,
        "secoes_adicionadas": 3,
        "secoes_removidas": 0,
        "secoes_movidas_in": 3,
        "secoes_movidas_out": 0,
        "secao_churn": 0.0714,
        "tipo_inicio": "Geral",
        "tipo_fim": "Geral",
        "tipo_par": "Geral -> Geral",
        "votos_hugo_inicio": 85,
        "votos_hugo_fim": 44,
        "delta_hugo": -41,
        "pct_delta_hugo": -48.24,
        "candidacy_status_hugo": "concorreu",
        "cargo_diferente_hugo": false,
        "votos_felipe_inicio": null,
        "votos_felipe_fim": null,
        "delta_felipe": null,
        "pct_delta_felipe": null,
        "candidacy_status_felipe": "nao_concorreu_fim",
        "cargo_diferente_felipe": null,
        "votos_psd_inicio": null,
        "votos_psd_fim": null,
        "delta_psd": null,
        "pct_delta_psd": null,
        "candidacy_status_psd": "partido_inexistente",
        "cargo_diferente_psd": null,
        "map_delta": -41,
        "map_abs_delta": 41
      },
      "geometry": {
        "type": "Point",
        "coordinates": [
          -43.0988892,
          -22.8708282
        ]
      }
    },
    {
      "type": "Feature",
      "properties": {
        "pair": "2010-2014",
        "ano_inicio": 2010,
        "ano_fim": 2014,
        "nr_local": "1244",
        "nm_local": "ESCOLA ESTADUAL MANUEL DE ABREU",
        "bairro": "ICARAÍ",
        "local_status": "both",
        "secoes_inicio": 31,
        "secoes_fim": 33,
        "secoes_comuns": 31,
        "secoes_adicionadas": 2,
        "secoes_removidas": 0,
        "secoes_movidas_in": 0,
        "secoes_movidas_out": 0,
        "secao_churn": 0.0606,
        "tipo_inicio": "Geral",
        "tipo_fim": "Geral",
        "tipo_par": "Geral -> Geral",
        "votos_hugo_inicio": 79,
        "votos_hugo_fim": 67,
        "delta_hugo": -12,
        "pct_delta_hugo": -15.19,
        "candidacy_status_hugo": "concorreu",
        "cargo_diferente_hugo": false,
        "votos_felipe_inicio": null,
        "votos_felipe_fim": null,
        "delta_felipe": null,
        "pct_delta_felipe": null,
        "candidacy_status_felipe": "nao_concorreu_fim",
        "cargo_diferente_felipe": null,
        "votos_psd_inicio": null,
        "votos_psd_fim": null,
        "delta_psd": null,
        "pct_delta_psd": null,
        "candidacy_status_psd": "partido_inexistente",
        "cargo_diferente_psd": null,
        "map_delta": -12,
        "map_abs_delta": 12
      },
      "geometry": {
        "type": "Point",
        "coordinates": [
          -43.1071569,
          -22.9023086
        ]
      }
    },
    {
      "type": "Feature",
      "properties": {
        "pair": "2010-2014",
        "ano_inicio": 2010,
        "ano_fim": 2014,
        "nr_local": "1252",
        "nm_local": "ESCOLA MUNICIPAL ADELINO MAGALHÃES",
        "bairro": "ENGENHOCA",
        "local_status": "both",
        "secoes_inicio": 23,
        "secoes_fim": 29,
        "secoes_comuns": 23,
        "secoes_adicionadas": 6,
        "secoes_removidas": 0,
        "secoes_movidas_in": 3,
        "secoes_movidas_out": 0,
        "secao_churn": 0.2069,
        "tipo_inicio": "Geral",
        "tipo_fim": "Geral",
        "tipo_par": "Geral -> Geral",
        "votos_hugo_inicio": 60,
        "votos_hugo_fim": 28,
        "delta_hugo": -32,
        "pct_delta_hugo": -53.33,
        "candidacy_status_hugo": "concorreu",
        "cargo_diferente_hugo": false,
        "votos_felipe_inicio": null,
        "votos_felipe_fim": null,
        "delta_felipe": null,
        "pct_delta_felipe": null,
        "candidacy_status_felipe": "nao_concorreu_fim",
        "cargo_diferente_felipe": null,
        "votos_psd_inicio": null,
        "votos_psd_fim": null,
        "delta_psd": null,
        "pct_delta_psd": null,
        "candidacy_status_psd": "partido_inexistente",
        "cargo_diferente_psd": null,
        "map_delta": -32,
        "map_abs_delta": 32
      },
      "geometry": {
        "type": "Point",
        "coordinates": [
          -43.0944571,
          -22.8739038
        ]
      }
    },
    {
      "type": "Feature",
      "properties": {
        "pair": "2010-2014",
        "ano_inicio": 2010,
        "ano_fim": 2014,
        "nr_local": "1260",
        "nm_local": "INSTITUTO ABEL",
        "bairro": "ICARAÍ",
        "local_status": "both",
        "secoes_inicio": 20,
        "secoes_fim": 33,
        "secoes_comuns": 20,
        "secoes_adicionadas": 13,
        "secoes_removidas": 0,
        "secoes_movidas_in": 0,
        "secoes_movidas_out": 0,
        "secao_churn": 0.3939,
        "tipo_inicio": "Geral",
        "tipo_fim": "Geral",
        "tipo_par": "Geral -> Geral",
        "votos_hugo_inicio": 50,
        "votos_hugo_fim": 59,
        "delta_hugo": 9,
        "pct_delta_hugo": 18,
        "candidacy_status_hugo": "concorreu",
        "cargo_diferente_hugo": false,
        "votos_felipe_inicio": null,
        "votos_felipe_fim": null,
        "delta_felipe": null,
        "pct_delta_felipe": null,
        "candidacy_status_felipe": "nao_concorreu_fim",
        "cargo_diferente_felipe": null,
        "votos_psd_inicio": null,
        "votos_psd_fim": null,
        "delta_psd": null,
        "pct_delta_psd": null,
        "candidacy_status_psd": "partido_inexistente",
        "cargo_diferente_psd": null,
        "map_delta": 9,
        "map_abs_delta": 9
      },
      "geometry": {
        "type": "Point",
        "coordinates": [
          -43.1094942,
          -22.9004168
        ]
      }
    },
    {
      "type": "Feature",
      "properties": {
        "pair": "2010-2014",
        "ano_inicio": 2010,
        "ano_fim": 2014,
        "nr_local": "1279",
        "nm_local": "INSTITUTO FOKUS (ANTIGO INTERAÇÃO CRECHE ESCOLA)",
        "bairro": "CAMBOINHAS",
        "local_status": "both",
        "secoes_inicio": 9,
        "secoes_fim": 14,
        "secoes_comuns": 9,
        "secoes_adicionadas": 5,
        "secoes_removidas": 0,
        "secoes_movidas_in": 0,
        "secoes_movidas_out": 0,
        "secao_churn": 0.3571,
        "tipo_inicio": "Geral",
        "tipo_fim": "Geral",
        "tipo_par": "Geral -> Geral",
        "votos_hugo_inicio": 30,
        "votos_hugo_fim": 39,
        "delta_hugo": 9,
        "pct_delta_hugo": 30,
        "candidacy_status_hugo": "concorreu",
        "cargo_diferente_hugo": false,
        "votos_felipe_inicio": null,
        "votos_felipe_fim": null,
        "delta_felipe": null,
        "pct_delta_felipe": null,
        "candidacy_status_felipe": "nao_concorreu_fim",
        "cargo_diferente_felipe": null,
        "votos_psd_inicio": null,
        "votos_psd_fim": null,
        "delta_psd": null,
        "pct_delta_psd": null,
        "candidacy_status_psd": "partido_inexistente",
        "cargo_diferente_psd": null,
        "map_delta": 9,
        "map_abs_delta": 9
      },
      "geometry": {
        "type": "Point",
        "coordinates": [
          -43.062822,
          -22.9542456
        ]
      }
    },
    {
      "type": "Feature",
      "properties": {
        "pair": "2010-2014",
        "ano_inicio": 2010,
        "ano_fim": 2014,
        "nr_local": "1287",
        "nm_local": "ESCOLA MUNICIPAL PROF MARCOS WALDEMAR DE FREITAS REIS",
        "bairro": "ITAIPU",
        "local_status": "both",
        "secoes_inicio": 1,
        "secoes_fim": 3,
        "secoes_comuns": 1,
        "secoes_adicionadas": 2,
        "secoes_removidas": 0,
        "secoes_movidas_in": 0,
        "secoes_movidas_out": 0,
        "secao_churn": 0.6667,
        "tipo_inicio": "Geral",
        "tipo_fim": "Geral",
        "tipo_par": "Geral -> Geral",
        "votos_hugo_inicio": 1,
        "votos_hugo_fim": 5,
        "delta_hugo": 4,
        "pct_delta_hugo": 400,
        "candidacy_status_hugo": "concorreu",
        "cargo_diferente_hugo": false,
        "votos_felipe_inicio": null,
        "votos_felipe_fim": null,
        "delta_felipe": null,
        "pct_delta_felipe": null,
        "candidacy_status_felipe": "nao_concorreu_fim",
        "cargo_diferente_felipe": null,
        "votos_psd_inicio": null,
        "votos_psd_fim": null,
        "delta_psd": null,
        "pct_delta_psd": null,
        "candidacy_status_psd": "partido_inexistente",
        "cargo_diferente_psd": null,
        "map_delta": 4,
        "map_abs_delta": 4
      },
      "geometry": {
        "type": "Point",
        "coordinates": [
          -43.0330724,
          -22.9615628
        ]
      }
    },
    {
      "type": "Feature",
      "properties": {
        "pair": "2010-2014",
        "ano_inicio": 2010,
        "ano_fim": 2014,
        "nr_local": "1295",
        "nm_local": "UMEI PROFA ODETE ROSA DA MOTA",
        "bairro": "ITAIPU",
        "local_status": "both",
        "secoes_inicio": 21,
        "secoes_fim": 28,
        "secoes_comuns": 21,
        "secoes_adicionadas": 7,
        "secoes_removidas": 0,
        "secoes_movidas_in": 0,
        "secoes_movidas_out": 0,
        "secao_churn": 0.25,
        "tipo_inicio": "Geral",
        "tipo_fim": "Geral",
        "tipo_par": "Geral -> Geral",
        "votos_hugo_inicio": 57,
        "votos_hugo_fim": 46,
        "delta_hugo": -11,
        "pct_delta_hugo": -19.3,
        "candidacy_status_hugo": "concorreu",
        "cargo_diferente_hugo": false,
        "votos_felipe_inicio": null,
        "votos_felipe_fim": null,
        "delta_felipe": null,
        "pct_delta_felipe": null,
        "candidacy_status_felipe": "nao_concorreu_fim",
        "cargo_diferente_felipe": null,
        "votos_psd_inicio": null,
        "votos_psd_fim": null,
        "delta_psd": null,
        "pct_delta_psd": null,
        "candidacy_status_psd": "partido_inexistente",
        "cargo_diferente_psd": null,
        "map_delta": -11,
        "map_abs_delta": 11
      },
      "geometry": {
        "type": "Point",
        "coordinates": [
          -43.02859,
          -22.9532368
        ]
      }
    },
    {
      "type": "Feature",
      "properties": {
        "pair": "2010-2014",
        "ano_inicio": 2010,
        "ano_fim": 2014,
        "nr_local": "1309",
        "nm_local": "CURSO MARLY CURY",
        "bairro": "SANTA ROSA",
        "local_status": "both",
        "secoes_inicio": 17,
        "secoes_fim": 20,
        "secoes_comuns": 17,
        "secoes_adicionadas": 3,
        "secoes_removidas": 0,
        "secoes_movidas_in": 0,
        "secoes_movidas_out": 0,
        "secao_churn": 0.15,
        "tipo_inicio": "Geral",
        "tipo_fim": "Geral",
        "tipo_par": "Geral -> Geral",
        "votos_hugo_inicio": 39,
        "votos_hugo_fim": 30,
        "delta_hugo": -9,
        "pct_delta_hugo": -23.08,
        "candidacy_status_hugo": "concorreu",
        "cargo_diferente_hugo": false,
        "votos_felipe_inicio": null,
        "votos_felipe_fim": null,
        "delta_felipe": null,
        "pct_delta_felipe": null,
        "candidacy_status_felipe": "nao_concorreu_fim",
        "cargo_diferente_felipe": null,
        "votos_psd_inicio": null,
        "votos_psd_fim": null,
        "delta_psd": null,
        "pct_delta_psd": null,
        "candidacy_status_psd": "partido_inexistente",
        "cargo_diferente_psd": null,
        "map_delta": -9,
        "map_abs_delta": 9
      },
      "geometry": {
        "type": "Point",
        "coordinates": [
          -43.1019227,
          -22.9054777
        ]
      }
    },
    {
      "type": "Feature",
      "properties": {
        "pair": "2010-2014",
        "ano_inicio": 2010,
        "ano_fim": 2014,
        "nr_local": "1317",
        "nm_local": "ESCOLA ESTADUAL BALTAZAR BERNARDINO",
        "bairro": "SANTA ROSA",
        "local_status": "both",
        "secoes_inicio": 13,
        "secoes_fim": 20,
        "secoes_comuns": 13,
        "secoes_adicionadas": 7,
        "secoes_removidas": 0,
        "secoes_movidas_in": 3,
        "secoes_movidas_out": 0,
        "secao_churn": 0.35,
        "tipo_inicio": "Geral",
        "tipo_fim": "Geral",
        "tipo_par": "Geral -> Geral",
        "votos_hugo_inicio": 54,
        "votos_hugo_fim": 30,
        "delta_hugo": -24,
        "pct_delta_hugo": -44.44,
        "candidacy_status_hugo": "concorreu",
        "cargo_diferente_hugo": false,
        "votos_felipe_inicio": null,
        "votos_felipe_fim": null,
        "delta_felipe": null,
        "pct_delta_felipe": null,
        "candidacy_status_felipe": "nao_concorreu_fim",
        "cargo_diferente_felipe": null,
        "votos_psd_inicio": null,
        "votos_psd_fim": null,
        "delta_psd": null,
        "pct_delta_psd": null,
        "candidacy_status_psd": "partido_inexistente",
        "cargo_diferente_psd": null,
        "map_delta": -24,
        "map_abs_delta": 24
      },
      "geometry": {
        "type": "Point",
        "coordinates": [
          -43.1012931,
          -22.9032359
        ]
      }
    },
    {
      "type": "Feature",
      "properties": {
        "pair": "2010-2014",
        "ano_inicio": 2010,
        "ano_fim": 2014,
        "nr_local": "1325",
        "nm_local": "ESCOLA MUNICIPAL SÍTIO DO IPÊ",
        "bairro": "MARIA PAULA",
        "local_status": "both",
        "secoes_inicio": 20,
        "secoes_fim": 23,
        "secoes_comuns": 20,
        "secoes_adicionadas": 3,
        "secoes_removidas": 0,
        "secoes_movidas_in": 0,
        "secoes_movidas_out": 0,
        "secao_churn": 0.1304,
        "tipo_inicio": "Geral",
        "tipo_fim": "Geral",
        "tipo_par": "Geral -> Geral",
        "votos_hugo_inicio": 52,
        "votos_hugo_fim": 36,
        "delta_hugo": -16,
        "pct_delta_hugo": -30.77,
        "candidacy_status_hugo": "concorreu",
        "cargo_diferente_hugo": false,
        "votos_felipe_inicio": null,
        "votos_felipe_fim": null,
        "delta_felipe": null,
        "pct_delta_felipe": null,
        "candidacy_status_felipe": "nao_concorreu_fim",
        "cargo_diferente_felipe": null,
        "votos_psd_inicio": null,
        "votos_psd_fim": null,
        "delta_psd": null,
        "pct_delta_psd": null,
        "candidacy_status_psd": "partido_inexistente",
        "cargo_diferente_psd": null,
        "map_delta": -16,
        "map_abs_delta": 16
      },
      "geometry": {
        "type": "Point",
        "coordinates": [
          -43.0267087,
          -22.8821134
        ]
      }
    },
    {
      "type": "Feature",
      "properties": {
        "pair": "2010-2014",
        "ano_inicio": 2010,
        "ano_fim": 2014,
        "nr_local": "1333",
        "nm_local": "ESCOLA ME NINAR",
        "bairro": "ITAIPU",
        "local_status": "both",
        "secoes_inicio": 25,
        "secoes_fim": 20,
        "secoes_comuns": 20,
        "secoes_adicionadas": 0,
        "secoes_removidas": 5,
        "secoes_movidas_in": 0,
        "secoes_movidas_out": 0,
        "secao_churn": 0.2,
        "tipo_inicio": "Geral",
        "tipo_fim": "Geral",
        "tipo_par": "Geral -> Geral",
        "votos_hugo_inicio": 71,
        "votos_hugo_fim": 44,
        "delta_hugo": -27,
        "pct_delta_hugo": -38.03,
        "candidacy_status_hugo": "concorreu",
        "cargo_diferente_hugo": false,
        "votos_felipe_inicio": null,
        "votos_felipe_fim": null,
        "delta_felipe": null,
        "pct_delta_felipe": null,
        "candidacy_status_felipe": "nao_concorreu_fim",
        "cargo_diferente_felipe": null,
        "votos_psd_inicio": null,
        "votos_psd_fim": null,
        "delta_psd": null,
        "pct_delta_psd": null,
        "candidacy_status_psd": "partido_inexistente",
        "cargo_diferente_psd": null,
        "map_delta": -27,
        "map_abs_delta": 27
      },
      "geometry": {
        "type": "Point",
        "coordinates": [
          -43.0442198,
          -22.9408099
        ]
      }
    },
    {
      "type": "Feature",
      "properties": {
        "pair": "2010-2014",
        "ano_inicio": 2010,
        "ano_fim": 2014,
        "nr_local": "1350",
        "nm_local": "ESCOLA MUNICIPAL MARALEGRE",
        "bairro": "CAFUBÁ",
        "local_status": "both",
        "secoes_inicio": 6,
        "secoes_fim": 7,
        "secoes_comuns": 6,
        "secoes_adicionadas": 1,
        "secoes_removidas": 0,
        "secoes_movidas_in": 0,
        "secoes_movidas_out": 0,
        "secao_churn": 0.1429,
        "tipo_inicio": "Geral",
        "tipo_fim": "Geral",
        "tipo_par": "Geral -> Geral",
        "votos_hugo_inicio": 20,
        "votos_hugo_fim": 19,
        "delta_hugo": -1,
        "pct_delta_hugo": -5,
        "candidacy_status_hugo": "concorreu",
        "cargo_diferente_hugo": false,
        "votos_felipe_inicio": null,
        "votos_felipe_fim": null,
        "delta_felipe": null,
        "pct_delta_felipe": null,
        "candidacy_status_felipe": "nao_concorreu_fim",
        "cargo_diferente_felipe": null,
        "votos_psd_inicio": null,
        "votos_psd_fim": null,
        "delta_psd": null,
        "pct_delta_psd": null,
        "candidacy_status_psd": "partido_inexistente",
        "cargo_diferente_psd": null,
        "map_delta": -1,
        "map_abs_delta": 1
      },
      "geometry": {
        "type": "Point",
        "coordinates": [
          -43.0724233,
          -22.9362723
        ]
      }
    },
    {
      "type": "Feature",
      "properties": {
        "pair": "2010-2014",
        "ano_inicio": 2010,
        "ano_fim": 2014,
        "nr_local": "1368",
        "nm_local": "INSTITUTO SÃO JOSÉ",
        "bairro": "SANTA ROSA",
        "local_status": "both",
        "secoes_inicio": 20,
        "secoes_fim": 21,
        "secoes_comuns": 17,
        "secoes_adicionadas": 4,
        "secoes_removidas": 3,
        "secoes_movidas_in": 0,
        "secoes_movidas_out": 3,
        "secao_churn": 0.3333,
        "tipo_inicio": "Geral",
        "tipo_fim": "Geral",
        "tipo_par": "Geral -> Geral",
        "votos_hugo_inicio": 63,
        "votos_hugo_fim": 53,
        "delta_hugo": -10,
        "pct_delta_hugo": -15.87,
        "candidacy_status_hugo": "concorreu",
        "cargo_diferente_hugo": false,
        "votos_felipe_inicio": null,
        "votos_felipe_fim": null,
        "delta_felipe": null,
        "pct_delta_felipe": null,
        "candidacy_status_felipe": "nao_concorreu_fim",
        "cargo_diferente_felipe": null,
        "votos_psd_inicio": null,
        "votos_psd_fim": null,
        "delta_psd": null,
        "pct_delta_psd": null,
        "candidacy_status_psd": "partido_inexistente",
        "cargo_diferente_psd": null,
        "map_delta": -10,
        "map_abs_delta": 10
      },
      "geometry": {
        "type": "Point",
        "coordinates": [
          -43.1018878,
          -22.901754
        ]
      }
    },
    {
      "type": "Feature",
      "properties": {
        "pair": "2010-2014",
        "ano_inicio": 2010,
        "ano_fim": 2014,
        "nr_local": "1376",
        "nm_local": "UNIVERSIDADE SALGADO DE OLIVEIRA - BL A",
        "bairro": null,
        "local_status": "both",
        "secoes_inicio": 10,
        "secoes_fim": 10,
        "secoes_comuns": 10,
        "secoes_adicionadas": 0,
        "secoes_removidas": 0,
        "secoes_movidas_in": 0,
        "secoes_movidas_out": 0,
        "secao_churn": 0,
        "tipo_inicio": "Geral",
        "tipo_fim": "Geral",
        "tipo_par": "Geral -> Geral",
        "votos_hugo_inicio": 23,
        "votos_hugo_fim": 16,
        "delta_hugo": -7,
        "pct_delta_hugo": -30.43,
        "candidacy_status_hugo": "concorreu",
        "cargo_diferente_hugo": false,
        "votos_felipe_inicio": null,
        "votos_felipe_fim": null,
        "delta_felipe": null,
        "pct_delta_felipe": null,
        "candidacy_status_felipe": "nao_concorreu_fim",
        "cargo_diferente_felipe": null,
        "votos_psd_inicio": null,
        "votos_psd_fim": null,
        "delta_psd": null,
        "pct_delta_psd": null,
        "candidacy_status_psd": "partido_inexistente",
        "cargo_diferente_psd": null,
        "map_delta": -7,
        "map_abs_delta": 7
      },
      "geometry": {
        "type": "Point",
        "coordinates": [
          -43.1221924,
          -22.8898672
        ]
      }
    },
    {
      "type": "Feature",
      "properties": {
        "pair": "2010-2014",
        "ano_inicio": 2010,
        "ano_fim": 2014,
        "nr_local": "1384",
        "nm_local": "UMEI OLGA BENÁRIO PRESTES",
        "bairro": "ENGENHO DO MATO",
        "local_status": "both",
        "secoes_inicio": 12,
        "secoes_fim": 12,
        "secoes_comuns": 12,
        "secoes_adicionadas": 0,
        "secoes_removidas": 0,
        "secoes_movidas_in": 0,
        "secoes_movidas_out": 0,
        "secao_churn": 0,
        "tipo_inicio": "Geral",
        "tipo_fim": "Geral",
        "tipo_par": "Geral -> Geral",
        "votos_hugo_inicio": 23,
        "votos_hugo_fim": 9,
        "delta_hugo": -14,
        "pct_delta_hugo": -60.87,
        "candidacy_status_hugo": "concorreu",
        "cargo_diferente_hugo": false,
        "votos_felipe_inicio": null,
        "votos_felipe_fim": null,
        "delta_felipe": null,
        "pct_delta_felipe": null,
        "candidacy_status_felipe": "nao_concorreu_fim",
        "cargo_diferente_felipe": null,
        "votos_psd_inicio": null,
        "votos_psd_fim": null,
        "delta_psd": null,
        "pct_delta_psd": null,
        "candidacy_status_psd": "partido_inexistente",
        "cargo_diferente_psd": null,
        "map_delta": -14,
        "map_abs_delta": 14
      },
      "geometry": {
        "type": "Point",
        "coordinates": [
          -43.0086653,
          -22.9354086
        ]
      }
    },
    {
      "type": "Feature",
      "properties": {
        "pair": "2010-2014",
        "ano_inicio": 2010,
        "ano_fim": 2014,
        "nr_local": "1392",
        "nm_local": "FACULDADE DE VETERINARIA DA UFF",
        "bairro": "VITAL BRASIL",
        "local_status": "both",
        "secoes_inicio": 13,
        "secoes_fim": 14,
        "secoes_comuns": 13,
        "secoes_adicionadas": 1,
        "secoes_removidas": 0,
        "secoes_movidas_in": 0,
        "secoes_movidas_out": 0,
        "secao_churn": 0.0714,
        "tipo_inicio": "Geral",
        "tipo_fim": "Geral",
        "tipo_par": "Geral -> Geral",
        "votos_hugo_inicio": 46,
        "votos_hugo_fim": 20,
        "delta_hugo": -26,
        "pct_delta_hugo": -56.52,
        "candidacy_status_hugo": "concorreu",
        "cargo_diferente_hugo": false,
        "votos_felipe_inicio": null,
        "votos_felipe_fim": null,
        "delta_felipe": null,
        "pct_delta_felipe": null,
        "candidacy_status_felipe": "nao_concorreu_fim",
        "cargo_diferente_felipe": null,
        "votos_psd_inicio": null,
        "votos_psd_fim": null,
        "delta_psd": null,
        "pct_delta_psd": null,
        "candidacy_status_psd": "partido_inexistente",
        "cargo_diferente_psd": null,
        "map_delta": -26,
        "map_abs_delta": 26
      },
      "geometry": {
        "type": "Point",
        "coordinates": [
          -43.098407,
          -22.904908
        ]
      }
    },
    {
      "type": "Feature",
      "properties": {
        "pair": "2010-2014",
        "ano_inicio": 2010,
        "ano_fim": 2014,
        "nr_local": "1406",
        "nm_local": "COLÉGIO NITERÓI",
        "bairro": "ENGENHOCA",
        "local_status": "both",
        "secoes_inicio": 17,
        "secoes_fim": 19,
        "secoes_comuns": 17,
        "secoes_adicionadas": 2,
        "secoes_removidas": 0,
        "secoes_movidas_in": 0,
        "secoes_movidas_out": 0,
        "secao_churn": 0.1053,
        "tipo_inicio": "Geral",
        "tipo_fim": "Geral",
        "tipo_par": "Geral -> Geral",
        "votos_hugo_inicio": 47,
        "votos_hugo_fim": 39,
        "delta_hugo": -8,
        "pct_delta_hugo": -17.02,
        "candidacy_status_hugo": "concorreu",
        "cargo_diferente_hugo": false,
        "votos_felipe_inicio": null,
        "votos_felipe_fim": null,
        "delta_felipe": null,
        "pct_delta_felipe": null,
        "candidacy_status_felipe": "nao_concorreu_fim",
        "cargo_diferente_felipe": null,
        "votos_psd_inicio": null,
        "votos_psd_fim": null,
        "delta_psd": null,
        "pct_delta_psd": null,
        "candidacy_status_psd": "partido_inexistente",
        "cargo_diferente_psd": null,
        "map_delta": -8,
        "map_abs_delta": 8
      },
      "geometry": {
        "type": "Point",
        "coordinates": [
          -43.1018717,
          -22.8706133
        ]
      }
    },
    {
      "type": "Feature",
      "properties": {
        "pair": "2010-2014",
        "ano_inicio": 2010,
        "ano_fim": 2014,
        "nr_local": "1414",
        "nm_local": "UNIVERSIDADE SALGADO DE OLIVEIRA - BL B (PRÓXIMO AO GUANABARA)",
        "bairro": "CENTRO",
        "local_status": "both",
        "secoes_inicio": 7,
        "secoes_fim": 6,
        "secoes_comuns": 6,
        "secoes_adicionadas": 0,
        "secoes_removidas": 1,
        "secoes_movidas_in": 0,
        "secoes_movidas_out": 0,
        "secao_churn": 0.1429,
        "tipo_inicio": "Geral",
        "tipo_fim": "Geral",
        "tipo_par": "Geral -> Geral",
        "votos_hugo_inicio": 19,
        "votos_hugo_fim": 15,
        "delta_hugo": -4,
        "pct_delta_hugo": -21.05,
        "candidacy_status_hugo": "concorreu",
        "cargo_diferente_hugo": false,
        "votos_felipe_inicio": null,
        "votos_felipe_fim": null,
        "delta_felipe": null,
        "pct_delta_felipe": null,
        "candidacy_status_felipe": "nao_concorreu_fim",
        "cargo_diferente_felipe": null,
        "votos_psd_inicio": null,
        "votos_psd_fim": null,
        "delta_psd": null,
        "pct_delta_psd": null,
        "candidacy_status_psd": "partido_inexistente",
        "cargo_diferente_psd": null,
        "map_delta": -4,
        "map_abs_delta": 4
      },
      "geometry": {
        "type": "Point",
        "coordinates": [
          -43.1172001,
          -22.8893447
        ]
      }
    },
    {
      "type": "Feature",
      "properties": {
        "pair": "2010-2014",
        "ano_inicio": 2010,
        "ano_fim": 2014,
        "nr_local": "1422",
        "nm_local": "CLUBE PORTUGUES DE NITEROI",
        "bairro": "SÃO DOMINGOS",
        "local_status": "both",
        "secoes_inicio": 5,
        "secoes_fim": 3,
        "secoes_comuns": 3,
        "secoes_adicionadas": 0,
        "secoes_removidas": 2,
        "secoes_movidas_in": 0,
        "secoes_movidas_out": 0,
        "secao_churn": 0.4,
        "tipo_inicio": "Geral",
        "tipo_fim": "Geral",
        "tipo_par": "Geral -> Geral",
        "votos_hugo_inicio": 12,
        "votos_hugo_fim": 3,
        "delta_hugo": -9,
        "pct_delta_hugo": -75,
        "candidacy_status_hugo": "concorreu",
        "cargo_diferente_hugo": false,
        "votos_felipe_inicio": null,
        "votos_felipe_fim": null,
        "delta_felipe": null,
        "pct_delta_felipe": null,
        "candidacy_status_felipe": "nao_concorreu_fim",
        "cargo_diferente_felipe": null,
        "votos_psd_inicio": null,
        "votos_psd_fim": null,
        "delta_psd": null,
        "pct_delta_psd": null,
        "candidacy_status_psd": "partido_inexistente",
        "cargo_diferente_psd": null,
        "map_delta": -9,
        "map_abs_delta": 9
      },
      "geometry": {
        "type": "Point",
        "coordinates": [
          -43.1274594,
          -22.9021482
        ]
      }
    },
    {
      "type": "Feature",
      "properties": {
        "pair": "2010-2014",
        "ano_inicio": 2010,
        "ano_fim": 2014,
        "nr_local": "1449",
        "nm_local": "CIEP 450 - BADU",
        "bairro": "BADU",
        "local_status": "both",
        "secoes_inicio": 18,
        "secoes_fim": 19,
        "secoes_comuns": 18,
        "secoes_adicionadas": 1,
        "secoes_removidas": 0,
        "secoes_movidas_in": 0,
        "secoes_movidas_out": 0,
        "secao_churn": 0.0526,
        "tipo_inicio": "Geral",
        "tipo_fim": "Geral",
        "tipo_par": "Geral -> Geral",
        "votos_hugo_inicio": 51,
        "votos_hugo_fim": 12,
        "delta_hugo": -39,
        "pct_delta_hugo": -76.47,
        "candidacy_status_hugo": "concorreu",
        "cargo_diferente_hugo": false,
        "votos_felipe_inicio": null,
        "votos_felipe_fim": null,
        "delta_felipe": null,
        "pct_delta_felipe": null,
        "candidacy_status_felipe": "nao_concorreu_fim",
        "cargo_diferente_felipe": null,
        "votos_psd_inicio": null,
        "votos_psd_fim": null,
        "delta_psd": null,
        "pct_delta_psd": null,
        "candidacy_status_psd": "partido_inexistente",
        "cargo_diferente_psd": null,
        "map_delta": -39,
        "map_abs_delta": 39
      },
      "geometry": {
        "type": "Point",
        "coordinates": [
          -43.0566124,
          -22.9071974
        ]
      }
    },
    {
      "type": "Feature",
      "properties": {
        "pair": "2010-2014",
        "ano_inicio": 2010,
        "ano_fim": 2014,
        "nr_local": "1457",
        "nm_local": "ÁGUAS DE NITEROI",
        "bairro": "CENTRO",
        "local_status": "both",
        "secoes_inicio": 11,
        "secoes_fim": 10,
        "secoes_comuns": 10,
        "secoes_adicionadas": 0,
        "secoes_removidas": 1,
        "secoes_movidas_in": 0,
        "secoes_movidas_out": 0,
        "secao_churn": 0.0909,
        "tipo_inicio": "Geral",
        "tipo_fim": "Geral",
        "tipo_par": "Geral -> Geral",
        "votos_hugo_inicio": 16,
        "votos_hugo_fim": 18,
        "delta_hugo": 2,
        "pct_delta_hugo": 12.5,
        "candidacy_status_hugo": "concorreu",
        "cargo_diferente_hugo": false,
        "votos_felipe_inicio": null,
        "votos_felipe_fim": null,
        "delta_felipe": null,
        "pct_delta_felipe": null,
        "candidacy_status_felipe": "nao_concorreu_fim",
        "cargo_diferente_felipe": null,
        "votos_psd_inicio": null,
        "votos_psd_fim": null,
        "delta_psd": null,
        "pct_delta_psd": null,
        "candidacy_status_psd": "partido_inexistente",
        "cargo_diferente_psd": null,
        "map_delta": 2,
        "map_abs_delta": 2
      },
      "geometry": {
        "type": "Point",
        "coordinates": [
          -43.1141378,
          -22.8915411
        ]
      }
    },
    {
      "type": "Feature",
      "properties": {
        "pair": "2010-2014",
        "ano_inicio": 2010,
        "ano_fim": 2014,
        "nr_local": "1465",
        "nm_local": "CENTRO UNIVERSITÁRIO ANHANGUERA (ANTIGO PLÍNIO LEITE)",
        "bairro": "CENTRO",
        "local_status": "both",
        "secoes_inicio": 9,
        "secoes_fim": 9,
        "secoes_comuns": 9,
        "secoes_adicionadas": 0,
        "secoes_removidas": 0,
        "secoes_movidas_in": 0,
        "secoes_movidas_out": 0,
        "secao_churn": 0,
        "tipo_inicio": "Geral",
        "tipo_fim": "Geral",
        "tipo_par": "Geral -> Geral",
        "votos_hugo_inicio": 7,
        "votos_hugo_fim": 90,
        "delta_hugo": 83,
        "pct_delta_hugo": 1185.71,
        "candidacy_status_hugo": "concorreu",
        "cargo_diferente_hugo": false,
        "votos_felipe_inicio": null,
        "votos_felipe_fim": null,
        "delta_felipe": null,
        "pct_delta_felipe": null,
        "candidacy_status_felipe": "nao_concorreu_fim",
        "cargo_diferente_felipe": null,
        "votos_psd_inicio": null,
        "votos_psd_fim": null,
        "delta_psd": null,
        "pct_delta_psd": null,
        "candidacy_status_psd": "partido_inexistente",
        "cargo_diferente_psd": null,
        "map_delta": 83,
        "map_abs_delta": 83
      },
      "geometry": {
        "type": "Point",
        "coordinates": [
          -43.1245632,
          -22.8869267
        ]
      }
    },
    {
      "type": "Feature",
      "properties": {
        "pair": "2010-2014",
        "ano_inicio": 2010,
        "ano_fim": 2014,
        "nr_local": "1473",
        "nm_local": "COLÉGIO FORUM CULTURAL",
        "bairro": "CANTAGALO",
        "local_status": "both",
        "secoes_inicio": 19,
        "secoes_fim": 21,
        "secoes_comuns": 19,
        "secoes_adicionadas": 2,
        "secoes_removidas": 0,
        "secoes_movidas_in": 0,
        "secoes_movidas_out": 0,
        "secao_churn": 0.0952,
        "tipo_inicio": "Geral",
        "tipo_fim": "Geral",
        "tipo_par": "Geral -> Geral",
        "votos_hugo_inicio": 34,
        "votos_hugo_fim": 33,
        "delta_hugo": -1,
        "pct_delta_hugo": -2.94,
        "candidacy_status_hugo": "concorreu",
        "cargo_diferente_hugo": false,
        "votos_felipe_inicio": null,
        "votos_felipe_fim": null,
        "delta_felipe": null,
        "pct_delta_felipe": null,
        "candidacy_status_felipe": "nao_concorreu_fim",
        "cargo_diferente_felipe": null,
        "votos_psd_inicio": null,
        "votos_psd_fim": null,
        "delta_psd": null,
        "pct_delta_psd": null,
        "candidacy_status_psd": "partido_inexistente",
        "cargo_diferente_psd": null,
        "map_delta": -1,
        "map_abs_delta": 1
      },
      "geometry": {
        "type": "Point",
        "coordinates": [
          -43.0490094,
          -22.9163184
        ]
      }
    },
    {
      "type": "Feature",
      "properties": {
        "pair": "2010-2014",
        "ano_inicio": 2010,
        "ano_fim": 2014,
        "nr_local": "1481",
        "nm_local": "ESCOLA MUNICIPAL MAESTRO HEITOR VILLA-LOBOS (''COLÉGIO NOVO'')",
        "bairro": "ILHA DA CONCEIÇÃO",
        "local_status": "both",
        "secoes_inicio": 9,
        "secoes_fim": 9,
        "secoes_comuns": 9,
        "secoes_adicionadas": 0,
        "secoes_removidas": 0,
        "secoes_movidas_in": 0,
        "secoes_movidas_out": 0,
        "secao_churn": 0,
        "tipo_inicio": "Geral",
        "tipo_fim": "Geral",
        "tipo_par": "Geral -> Geral",
        "votos_hugo_inicio": 13,
        "votos_hugo_fim": 5,
        "delta_hugo": -8,
        "pct_delta_hugo": -61.54,
        "candidacy_status_hugo": "concorreu",
        "cargo_diferente_hugo": false,
        "votos_felipe_inicio": null,
        "votos_felipe_fim": null,
        "delta_felipe": null,
        "pct_delta_felipe": null,
        "candidacy_status_felipe": "nao_concorreu_fim",
        "cargo_diferente_felipe": null,
        "votos_psd_inicio": null,
        "votos_psd_fim": null,
        "delta_psd": null,
        "pct_delta_psd": null,
        "candidacy_status_psd": "partido_inexistente",
        "cargo_diferente_psd": null,
        "map_delta": -8,
        "map_abs_delta": 8
      },
      "geometry": {
        "type": "Point",
        "coordinates": [
          -43.1156463,
          -22.8731482
        ]
      }
    },
    {
      "type": "Feature",
      "properties": {
        "pair": "2010-2014",
        "ano_inicio": 2010,
        "ano_fim": 2014,
        "nr_local": "1490",
        "nm_local": "IGREJA BATISTA DO FONSECA",
        "bairro": "FONSECA",
        "local_status": "both",
        "secoes_inicio": 6,
        "secoes_fim": 3,
        "secoes_comuns": 3,
        "secoes_adicionadas": 0,
        "secoes_removidas": 3,
        "secoes_movidas_in": 0,
        "secoes_movidas_out": 0,
        "secao_churn": 0.5,
        "tipo_inicio": "Geral",
        "tipo_fim": "Geral",
        "tipo_par": "Geral -> Geral",
        "votos_hugo_inicio": 9,
        "votos_hugo_fim": 15,
        "delta_hugo": 6,
        "pct_delta_hugo": 66.67,
        "candidacy_status_hugo": "concorreu",
        "cargo_diferente_hugo": false,
        "votos_felipe_inicio": null,
        "votos_felipe_fim": null,
        "delta_felipe": null,
        "pct_delta_felipe": null,
        "candidacy_status_felipe": "nao_concorreu_fim",
        "cargo_diferente_felipe": null,
        "votos_psd_inicio": null,
        "votos_psd_fim": null,
        "delta_psd": null,
        "pct_delta_psd": null,
        "candidacy_status_psd": "partido_inexistente",
        "cargo_diferente_psd": null,
        "map_delta": 6,
        "map_abs_delta": 6
      },
      "geometry": {
        "type": "Point",
        "coordinates": [
          -43.0865383,
          -22.8810878
        ]
      }
    },
    {
      "type": "Feature",
      "properties": {
        "pair": "2010-2014",
        "ano_inicio": 2010,
        "ano_fim": 2014,
        "nr_local": "1503",
        "nm_local": "SERVICO DE ASSISTENCIA SOCIAL SAO DOMINGOS SAVIO",
        "bairro": "SANTA ROSA",
        "local_status": "both",
        "secoes_inicio": 5,
        "secoes_fim": 5,
        "secoes_comuns": 5,
        "secoes_adicionadas": 0,
        "secoes_removidas": 0,
        "secoes_movidas_in": 0,
        "secoes_movidas_out": 0,
        "secao_churn": 0,
        "tipo_inicio": "Geral",
        "tipo_fim": "Geral",
        "tipo_par": "Geral -> Geral",
        "votos_hugo_inicio": 18,
        "votos_hugo_fim": 10,
        "delta_hugo": -8,
        "pct_delta_hugo": -44.44,
        "candidacy_status_hugo": "concorreu",
        "cargo_diferente_hugo": false,
        "votos_felipe_inicio": null,
        "votos_felipe_fim": null,
        "delta_felipe": null,
        "pct_delta_felipe": null,
        "candidacy_status_felipe": "nao_concorreu_fim",
        "cargo_diferente_felipe": null,
        "votos_psd_inicio": null,
        "votos_psd_fim": null,
        "delta_psd": null,
        "pct_delta_psd": null,
        "candidacy_status_psd": "partido_inexistente",
        "cargo_diferente_psd": null,
        "map_delta": -8,
        "map_abs_delta": 8
      },
      "geometry": {
        "type": "Point",
        "coordinates": [
          -43.0928214,
          -22.8988024
        ]
      }
    },
    {
      "type": "Feature",
      "properties": {
        "pair": "2010-2014",
        "ano_inicio": 2010,
        "ano_fim": 2014,
        "nr_local": "1520",
        "nm_local": "ESCOLA MUNICIPAL LEVI CARNEIRO",
        "bairro": "SAPÊ",
        "local_status": "both",
        "secoes_inicio": 4,
        "secoes_fim": 15,
        "secoes_comuns": 0,
        "secoes_adicionadas": 15,
        "secoes_removidas": 4,
        "secoes_movidas_in": 0,
        "secoes_movidas_out": 3,
        "secao_churn": 1.2667,
        "tipo_inicio": "Geral",
        "tipo_fim": "Geral",
        "tipo_par": "Geral -> Geral",
        "votos_hugo_inicio": 5,
        "votos_hugo_fim": 13,
        "delta_hugo": 8,
        "pct_delta_hugo": 160,
        "candidacy_status_hugo": "concorreu",
        "cargo_diferente_hugo": false,
        "votos_felipe_inicio": null,
        "votos_felipe_fim": null,
        "delta_felipe": null,
        "pct_delta_felipe": null,
        "candidacy_status_felipe": "nao_concorreu_fim",
        "cargo_diferente_felipe": null,
        "votos_psd_inicio": null,
        "votos_psd_fim": null,
        "delta_psd": null,
        "pct_delta_psd": null,
        "candidacy_status_psd": "partido_inexistente",
        "cargo_diferente_psd": null,
        "map_delta": 8,
        "map_abs_delta": 8
      },
      "geometry": {
        "type": "Point",
        "coordinates": [
          -43.0583864,
          -22.8961721
        ]
      }
    },
    {
      "type": "Feature",
      "properties": {
        "pair": "2010-2014",
        "ano_inicio": 2010,
        "ano_fim": 2014,
        "nr_local": "1538",
        "nm_local": "ESCOLA CATAVENTO ESPAÇO DE EDUCAÇÃO",
        "bairro": "SAPÊ",
        "local_status": "both",
        "secoes_inicio": 7,
        "secoes_fim": 10,
        "secoes_comuns": 7,
        "secoes_adicionadas": 3,
        "secoes_removidas": 0,
        "secoes_movidas_in": 0,
        "secoes_movidas_out": 0,
        "secao_churn": 0.3,
        "tipo_inicio": "Geral",
        "tipo_fim": "Geral",
        "tipo_par": "Geral -> Geral",
        "votos_hugo_inicio": 26,
        "votos_hugo_fim": 29,
        "delta_hugo": 3,
        "pct_delta_hugo": 11.54,
        "candidacy_status_hugo": "concorreu",
        "cargo_diferente_hugo": false,
        "votos_felipe_inicio": null,
        "votos_felipe_fim": null,
        "delta_felipe": null,
        "pct_delta_felipe": null,
        "candidacy_status_felipe": "nao_concorreu_fim",
        "cargo_diferente_felipe": null,
        "votos_psd_inicio": null,
        "votos_psd_fim": null,
        "delta_psd": null,
        "pct_delta_psd": null,
        "candidacy_status_psd": "partido_inexistente",
        "cargo_diferente_psd": null,
        "map_delta": 3,
        "map_abs_delta": 3
      },
      "geometry": {
        "type": "Point",
        "coordinates": [
          -43.0635188,
          -22.9024713
        ]
      }
    },
    {
      "type": "Feature",
      "properties": {
        "pair": "2010-2014",
        "ano_inicio": 2010,
        "ano_fim": 2014,
        "nr_local": "1546",
        "nm_local": "UNIVERSIDADE SALGADO DE OLIVEIRA - BL A",
        "bairro": "CENTRO",
        "local_status": "both",
        "secoes_inicio": 5,
        "secoes_fim": 11,
        "secoes_comuns": 5,
        "secoes_adicionadas": 6,
        "secoes_removidas": 0,
        "secoes_movidas_in": 0,
        "secoes_movidas_out": 0,
        "secao_churn": 0.5455,
        "tipo_inicio": "Geral",
        "tipo_fim": "Geral",
        "tipo_par": "Geral -> Geral",
        "votos_hugo_inicio": 7,
        "votos_hugo_fim": 16,
        "delta_hugo": 9,
        "pct_delta_hugo": 128.57,
        "candidacy_status_hugo": "concorreu",
        "cargo_diferente_hugo": false,
        "votos_felipe_inicio": null,
        "votos_felipe_fim": null,
        "delta_felipe": null,
        "pct_delta_felipe": null,
        "candidacy_status_felipe": "nao_concorreu_fim",
        "cargo_diferente_felipe": null,
        "votos_psd_inicio": null,
        "votos_psd_fim": null,
        "delta_psd": null,
        "pct_delta_psd": null,
        "candidacy_status_psd": "partido_inexistente",
        "cargo_diferente_psd": null,
        "map_delta": 9,
        "map_abs_delta": 9
      },
      "geometry": {
        "type": "Point",
        "coordinates": [
          -43.1186087,
          -22.8894749
        ]
      }
    },
    {
      "type": "Feature",
      "properties": {
        "pair": "2010-2014",
        "ano_inicio": 2010,
        "ano_fim": 2014,
        "nr_local": "1554",
        "nm_local": "JARDIM ESCOLA GIRASSÓIS",
        "bairro": "LARGO DA BATALHA",
        "local_status": "both",
        "secoes_inicio": 7,
        "secoes_fim": 9,
        "secoes_comuns": 6,
        "secoes_adicionadas": 3,
        "secoes_removidas": 1,
        "secoes_movidas_in": 3,
        "secoes_movidas_out": 0,
        "secao_churn": 0.4444,
        "tipo_inicio": "Geral",
        "tipo_fim": "Geral",
        "tipo_par": "Geral -> Geral",
        "votos_hugo_inicio": 16,
        "votos_hugo_fim": 21,
        "delta_hugo": 5,
        "pct_delta_hugo": 31.25,
        "candidacy_status_hugo": "concorreu",
        "cargo_diferente_hugo": false,
        "votos_felipe_inicio": null,
        "votos_felipe_fim": null,
        "delta_felipe": null,
        "pct_delta_felipe": null,
        "candidacy_status_felipe": "nao_concorreu_fim",
        "cargo_diferente_felipe": null,
        "votos_psd_inicio": null,
        "votos_psd_fim": null,
        "delta_psd": null,
        "pct_delta_psd": null,
        "candidacy_status_psd": "partido_inexistente",
        "cargo_diferente_psd": null,
        "map_delta": 5,
        "map_abs_delta": 5
      },
      "geometry": {
        "type": "Point",
        "coordinates": [
          -43.0652722,
          -22.9077414
        ]
      }
    },
    {
      "type": "Feature",
      "properties": {
        "pair": "2010-2014",
        "ano_inicio": 2010,
        "ano_fim": 2014,
        "nr_local": "1589",
        "nm_local": "COLÉGIO NOSSA SENHORA DAS MERCÊS",
        "bairro": "FONSECA",
        "local_status": "both",
        "secoes_inicio": 5,
        "secoes_fim": 5,
        "secoes_comuns": 5,
        "secoes_adicionadas": 0,
        "secoes_removidas": 0,
        "secoes_movidas_in": 0,
        "secoes_movidas_out": 0,
        "secao_churn": 0,
        "tipo_inicio": "Geral",
        "tipo_fim": "Geral",
        "tipo_par": "Geral -> Geral",
        "votos_hugo_inicio": 4,
        "votos_hugo_fim": 15,
        "delta_hugo": 11,
        "pct_delta_hugo": 275,
        "candidacy_status_hugo": "concorreu",
        "cargo_diferente_hugo": false,
        "votos_felipe_inicio": null,
        "votos_felipe_fim": null,
        "delta_felipe": null,
        "pct_delta_felipe": null,
        "candidacy_status_felipe": "nao_concorreu_fim",
        "cargo_diferente_felipe": null,
        "votos_psd_inicio": null,
        "votos_psd_fim": null,
        "delta_psd": null,
        "pct_delta_psd": null,
        "candidacy_status_psd": "partido_inexistente",
        "cargo_diferente_psd": null,
        "map_delta": 11,
        "map_abs_delta": 11
      },
      "geometry": {
        "type": "Point",
        "coordinates": [
          -43.1023535,
          -22.880345
        ]
      }
    },
    {
      "type": "Feature",
      "properties": {
        "pair": "2010-2014",
        "ano_inicio": 2010,
        "ano_fim": 2014,
        "nr_local": "1597",
        "nm_local": "COLÉGIO PONTO DE ENSINO",
        "bairro": "ICARAÍ",
        "local_status": "both",
        "secoes_inicio": 6,
        "secoes_fim": 12,
        "secoes_comuns": 6,
        "secoes_adicionadas": 6,
        "secoes_removidas": 0,
        "secoes_movidas_in": 0,
        "secoes_movidas_out": 0,
        "secao_churn": 0.5,
        "tipo_inicio": "Geral",
        "tipo_fim": "Geral",
        "tipo_par": "Geral -> Geral",
        "votos_hugo_inicio": 21,
        "votos_hugo_fim": 33,
        "delta_hugo": 12,
        "pct_delta_hugo": 57.14,
        "candidacy_status_hugo": "concorreu",
        "cargo_diferente_hugo": false,
        "votos_felipe_inicio": null,
        "votos_felipe_fim": null,
        "delta_felipe": null,
        "pct_delta_felipe": null,
        "candidacy_status_felipe": "nao_concorreu_fim",
        "cargo_diferente_felipe": null,
        "votos_psd_inicio": null,
        "votos_psd_fim": null,
        "delta_psd": null,
        "pct_delta_psd": null,
        "candidacy_status_psd": "partido_inexistente",
        "cargo_diferente_psd": null,
        "map_delta": 12,
        "map_abs_delta": 12
      },
      "geometry": {
        "type": "Point",
        "coordinates": [
          -43.1095209,
          -22.9092421
        ]
      }
    },
    {
      "type": "Feature",
      "properties": {
        "pair": "2010-2014",
        "ano_inicio": 2010,
        "ano_fim": 2014,
        "nr_local": "1600",
        "nm_local": "INSTITUTO DE EDUCAÇÃO PROFESSOR ISMAEL COUTINHO - IEPIC",
        "bairro": "SÃO DOMINGOS",
        "local_status": "both",
        "secoes_inicio": 8,
        "secoes_fim": 8,
        "secoes_comuns": 8,
        "secoes_adicionadas": 0,
        "secoes_removidas": 0,
        "secoes_movidas_in": 0,
        "secoes_movidas_out": 0,
        "secao_churn": 0,
        "tipo_inicio": "Geral",
        "tipo_fim": "Geral",
        "tipo_par": "Geral -> Geral",
        "votos_hugo_inicio": 25,
        "votos_hugo_fim": 24,
        "delta_hugo": -1,
        "pct_delta_hugo": -4,
        "candidacy_status_hugo": "concorreu",
        "cargo_diferente_hugo": false,
        "votos_felipe_inicio": null,
        "votos_felipe_fim": null,
        "delta_felipe": null,
        "pct_delta_felipe": null,
        "candidacy_status_felipe": "nao_concorreu_fim",
        "cargo_diferente_felipe": null,
        "votos_psd_inicio": null,
        "votos_psd_fim": null,
        "delta_psd": null,
        "pct_delta_psd": null,
        "candidacy_status_psd": "partido_inexistente",
        "cargo_diferente_psd": null,
        "map_delta": -1,
        "map_abs_delta": 1
      },
      "geometry": {
        "type": "Point",
        "coordinates": [
          -43.1271052,
          -22.8989767
        ]
      }
    },
    {
      "type": "Feature",
      "properties": {
        "pair": "2010-2014",
        "ano_inicio": 2010,
        "ano_fim": 2014,
        "nr_local": "1635",
        "nm_local": "ESCOLA MUNICIPAL DOM JOSÉ PEREIRA ALVES",
        "bairro": "FONSECA",
        "local_status": "both",
        "secoes_inicio": 12,
        "secoes_fim": 12,
        "secoes_comuns": 12,
        "secoes_adicionadas": 0,
        "secoes_removidas": 0,
        "secoes_movidas_in": 0,
        "secoes_movidas_out": 0,
        "secao_churn": 0,
        "tipo_inicio": "Geral",
        "tipo_fim": "Geral",
        "tipo_par": "Geral -> Geral",
        "votos_hugo_inicio": 27,
        "votos_hugo_fim": 32,
        "delta_hugo": 5,
        "pct_delta_hugo": 18.52,
        "candidacy_status_hugo": "concorreu",
        "cargo_diferente_hugo": false,
        "votos_felipe_inicio": null,
        "votos_felipe_fim": null,
        "delta_felipe": null,
        "pct_delta_felipe": null,
        "candidacy_status_felipe": "nao_concorreu_fim",
        "cargo_diferente_felipe": null,
        "votos_psd_inicio": null,
        "votos_psd_fim": null,
        "delta_psd": null,
        "pct_delta_psd": null,
        "candidacy_status_psd": "partido_inexistente",
        "cargo_diferente_psd": null,
        "map_delta": 5,
        "map_abs_delta": 5
      },
      "geometry": {
        "type": "Point",
        "coordinates": [
          -43.0920686,
          -22.8783038
        ]
      }
    },
    {
      "type": "Feature",
      "properties": {
        "pair": "2010-2014",
        "ano_inicio": 2010,
        "ano_fim": 2014,
        "nr_local": "1643",
        "nm_local": "CENTRO MODERNO ALZIRA BITTENCOURT",
        "bairro": "ICARAÍ",
        "local_status": "both",
        "secoes_inicio": 6,
        "secoes_fim": 6,
        "secoes_comuns": 6,
        "secoes_adicionadas": 0,
        "secoes_removidas": 0,
        "secoes_movidas_in": 0,
        "secoes_movidas_out": 0,
        "secao_churn": 0,
        "tipo_inicio": "Geral",
        "tipo_fim": "Geral",
        "tipo_par": "Geral -> Geral",
        "votos_hugo_inicio": 25,
        "votos_hugo_fim": 18,
        "delta_hugo": -7,
        "pct_delta_hugo": -28,
        "candidacy_status_hugo": "concorreu",
        "cargo_diferente_hugo": false,
        "votos_felipe_inicio": null,
        "votos_felipe_fim": null,
        "delta_felipe": null,
        "pct_delta_felipe": null,
        "candidacy_status_felipe": "nao_concorreu_fim",
        "cargo_diferente_felipe": null,
        "votos_psd_inicio": null,
        "votos_psd_fim": null,
        "delta_psd": null,
        "pct_delta_psd": null,
        "candidacy_status_psd": "partido_inexistente",
        "cargo_diferente_psd": null,
        "map_delta": -7,
        "map_abs_delta": 7
      },
      "geometry": {
        "type": "Point",
        "coordinates": [
          -43.110746,
          -22.9012326
        ]
      }
    },
    {
      "type": "Feature",
      "properties": {
        "pair": "2010-2014",
        "ano_inicio": 2010,
        "ano_fim": 2014,
        "nr_local": "1660",
        "nm_local": "CLUBE CENTRAL",
        "bairro": "ICARAÍ",
        "local_status": "both",
        "secoes_inicio": 2,
        "secoes_fim": 3,
        "secoes_comuns": 1,
        "secoes_adicionadas": 2,
        "secoes_removidas": 1,
        "secoes_movidas_in": 0,
        "secoes_movidas_out": 0,
        "secao_churn": 1,
        "tipo_inicio": "Geral",
        "tipo_fim": "Geral",
        "tipo_par": "Geral -> Geral",
        "votos_hugo_inicio": 9,
        "votos_hugo_fim": 0,
        "delta_hugo": -9,
        "pct_delta_hugo": -100,
        "candidacy_status_hugo": "concorreu",
        "cargo_diferente_hugo": false,
        "votos_felipe_inicio": null,
        "votos_felipe_fim": null,
        "delta_felipe": null,
        "pct_delta_felipe": null,
        "candidacy_status_felipe": "nao_concorreu_fim",
        "cargo_diferente_felipe": null,
        "votos_psd_inicio": null,
        "votos_psd_fim": null,
        "delta_psd": null,
        "pct_delta_psd": null,
        "candidacy_status_psd": "partido_inexistente",
        "cargo_diferente_psd": null,
        "map_delta": -9,
        "map_abs_delta": 9
      },
      "geometry": {
        "type": "Point",
        "coordinates": [
          -43.111789,
          -22.9075784
        ]
      }
    },
    {
      "type": "Feature",
      "properties": {
        "pair": "2010-2014",
        "ano_inicio": 2010,
        "ano_fim": 2014,
        "nr_local": "1716",
        "nm_local": "ESCOLA VIVINFÂNCIA",
        "bairro": "ICARAÍ",
        "local_status": "both",
        "secoes_inicio": 6,
        "secoes_fim": 6,
        "secoes_comuns": 6,
        "secoes_adicionadas": 0,
        "secoes_removidas": 0,
        "secoes_movidas_in": 0,
        "secoes_movidas_out": 0,
        "secao_churn": 0,
        "tipo_inicio": "Geral",
        "tipo_fim": "Geral",
        "tipo_par": "Geral -> Geral",
        "votos_hugo_inicio": 17,
        "votos_hugo_fim": 13,
        "delta_hugo": -4,
        "pct_delta_hugo": -23.53,
        "candidacy_status_hugo": "concorreu",
        "cargo_diferente_hugo": false,
        "votos_felipe_inicio": null,
        "votos_felipe_fim": null,
        "delta_felipe": null,
        "pct_delta_felipe": null,
        "candidacy_status_felipe": "nao_concorreu_fim",
        "cargo_diferente_felipe": null,
        "votos_psd_inicio": null,
        "votos_psd_fim": null,
        "delta_psd": null,
        "pct_delta_psd": null,
        "candidacy_status_psd": "partido_inexistente",
        "cargo_diferente_psd": null,
        "map_delta": -4,
        "map_abs_delta": 4
      },
      "geometry": {
        "type": "Point",
        "coordinates": [
          -43.1056898,
          -22.9079727
        ]
      }
    },
    {
      "type": "Feature",
      "properties": {
        "pair": "2010-2014",
        "ano_inicio": 2010,
        "ano_fim": 2014,
        "nr_local": "1732",
        "nm_local": "CLUBE NAVAL",
        "bairro": "JURUJUBA",
        "local_status": "both",
        "secoes_inicio": 3,
        "secoes_fim": 3,
        "secoes_comuns": 3,
        "secoes_adicionadas": 0,
        "secoes_removidas": 0,
        "secoes_movidas_in": 0,
        "secoes_movidas_out": 0,
        "secao_churn": 0,
        "tipo_inicio": "Geral",
        "tipo_fim": "Geral",
        "tipo_par": "Geral -> Geral",
        "votos_hugo_inicio": 11,
        "votos_hugo_fim": 4,
        "delta_hugo": -7,
        "pct_delta_hugo": -63.64,
        "candidacy_status_hugo": "concorreu",
        "cargo_diferente_hugo": false,
        "votos_felipe_inicio": null,
        "votos_felipe_fim": null,
        "delta_felipe": null,
        "pct_delta_felipe": null,
        "candidacy_status_felipe": "nao_concorreu_fim",
        "cargo_diferente_felipe": null,
        "votos_psd_inicio": null,
        "votos_psd_fim": null,
        "delta_psd": null,
        "pct_delta_psd": null,
        "candidacy_status_psd": "partido_inexistente",
        "cargo_diferente_psd": null,
        "map_delta": -7,
        "map_abs_delta": 7
      },
      "geometry": {
        "type": "Point",
        "coordinates": [
          -43.1068139,
          -22.935737
        ]
      }
    },
    {
      "type": "Feature",
      "properties": {
        "pair": "2010-2018",
        "ano_inicio": 2010,
        "ano_fim": 2018,
        "nr_local": "1015",
        "nm_local": "INSTITUTO JCA",
        "bairro": "SANTA BARBARA",
        "local_status": "both",
        "secoes_inicio": 40,
        "secoes_fim": 34,
        "secoes_comuns": 32,
        "secoes_adicionadas": 2,
        "secoes_removidas": 8,
        "secoes_movidas_in": 0,
        "secoes_movidas_out": 0,
        "secao_churn": 0.25,
        "tipo_inicio": "Geral",
        "tipo_fim": "Geral",
        "tipo_par": "Geral -> Geral",
        "votos_hugo_inicio": 75,
        "votos_hugo_fim": 51,
        "delta_hugo": -24,
        "pct_delta_hugo": -32,
        "candidacy_status_hugo": "concorreu",
        "cargo_diferente_hugo": false,
        "votos_felipe_inicio": 1186,
        "votos_felipe_fim": 461,
        "delta_felipe": -725,
        "pct_delta_felipe": -61.13,
        "candidacy_status_felipe": "concorreu",
        "cargo_diferente_felipe": false,
        "votos_psd_inicio": null,
        "votos_psd_fim": null,
        "delta_psd": null,
        "pct_delta_psd": null,
        "candidacy_status_psd": "partido_inexistente",
        "cargo_diferente_psd": null,
        "map_delta": -24,
        "map_abs_delta": 24
      },
      "geometry": {
        "type": "Point",
        "coordinates": [
          -43.0585179,
          -22.882301
        ]
      }
    },
    {
      "type": "Feature",
      "properties": {
        "pair": "2010-2018",
        "ano_inicio": 2010,
        "ano_fim": 2018,
        "nr_local": "1023",
        "nm_local": "PAROQUIA DE SAO JOAO BATISTA",
        "bairro": "TENENTE JARDIM",
        "local_status": "both",
        "secoes_inicio": 20,
        "secoes_fim": 10,
        "secoes_comuns": 10,
        "secoes_adicionadas": 0,
        "secoes_removidas": 10,
        "secoes_movidas_in": 0,
        "secoes_movidas_out": 0,
        "secao_churn": 0.5,
        "tipo_inicio": "Geral",
        "tipo_fim": "Geral",
        "tipo_par": "Geral -> Geral",
        "votos_hugo_inicio": 50,
        "votos_hugo_fim": 3,
        "delta_hugo": -47,
        "pct_delta_hugo": -94,
        "candidacy_status_hugo": "concorreu",
        "cargo_diferente_hugo": false,
        "votos_felipe_inicio": 338,
        "votos_felipe_fim": 54,
        "delta_felipe": -284,
        "pct_delta_felipe": -84.02,
        "candidacy_status_felipe": "concorreu",
        "cargo_diferente_felipe": false,
        "votos_psd_inicio": null,
        "votos_psd_fim": null,
        "delta_psd": null,
        "pct_delta_psd": null,
        "candidacy_status_psd": "partido_inexistente",
        "cargo_diferente_psd": null,
        "map_delta": -47,
        "map_abs_delta": 47
      },
      "geometry": {
        "type": "Point",
        "coordinates": [
          -43.0827273,
          -22.8639855
        ]
      }
    },
    {
      "type": "Feature",
      "properties": {
        "pair": "2010-2018",
        "ano_inicio": 2010,
        "ano_fim": 2018,
        "nr_local": "1031",
        "nm_local": "(PRÉDIO NOVO) COLÉGIO PEDRO II UNIDADE NITERÓI",
        "bairro": "BARRETO",
        "local_status": "both",
        "secoes_inicio": 49,
        "secoes_fim": 23,
        "secoes_comuns": 21,
        "secoes_adicionadas": 2,
        "secoes_removidas": 28,
        "secoes_movidas_in": 0,
        "secoes_movidas_out": 0,
        "secao_churn": 0.6122,
        "tipo_inicio": "Geral",
        "tipo_fim": "Geral",
        "tipo_par": "Geral -> Geral",
        "votos_hugo_inicio": 126,
        "votos_hugo_fim": 26,
        "delta_hugo": -100,
        "pct_delta_hugo": -79.37,
        "candidacy_status_hugo": "concorreu",
        "cargo_diferente_hugo": false,
        "votos_felipe_inicio": 630,
        "votos_felipe_fim": 118,
        "delta_felipe": -512,
        "pct_delta_felipe": -81.27,
        "candidacy_status_felipe": "concorreu",
        "cargo_diferente_felipe": false,
        "votos_psd_inicio": null,
        "votos_psd_fim": null,
        "delta_psd": null,
        "pct_delta_psd": null,
        "candidacy_status_psd": "partido_inexistente",
        "cargo_diferente_psd": null,
        "map_delta": -100,
        "map_abs_delta": 100
      },
      "geometry": {
        "type": "Point",
        "coordinates": [
          -43.1037833,
          -22.8685685
        ]
      }
    },
    {
      "type": "Feature",
      "properties": {
        "pair": "2010-2018",
        "ano_inicio": 2010,
        "ano_fim": 2018,
        "nr_local": "1040",
        "nm_local": "CIEP 447 - CARAMUJO",
        "bairro": "CARAMUJO",
        "local_status": "both",
        "secoes_inicio": 34,
        "secoes_fim": 17,
        "secoes_comuns": 16,
        "secoes_adicionadas": 1,
        "secoes_removidas": 18,
        "secoes_movidas_in": 0,
        "secoes_movidas_out": 0,
        "secao_churn": 0.5588,
        "tipo_inicio": "Geral",
        "tipo_fim": "Geral",
        "tipo_par": "Geral -> Geral",
        "votos_hugo_inicio": 57,
        "votos_hugo_fim": 3,
        "delta_hugo": -54,
        "pct_delta_hugo": -94.74,
        "candidacy_status_hugo": "concorreu",
        "cargo_diferente_hugo": false,
        "votos_felipe_inicio": 696,
        "votos_felipe_fim": 51,
        "delta_felipe": -645,
        "pct_delta_felipe": -92.67,
        "candidacy_status_felipe": "concorreu",
        "cargo_diferente_felipe": false,
        "votos_psd_inicio": null,
        "votos_psd_fim": null,
        "delta_psd": null,
        "pct_delta_psd": null,
        "candidacy_status_psd": "partido_inexistente",
        "cargo_diferente_psd": null,
        "map_delta": -54,
        "map_abs_delta": 54
      },
      "geometry": {
        "type": "Point",
        "coordinates": [
          -43.065134,
          -22.8827294
        ]
      }
    },
    {
      "type": "Feature",
      "properties": {
        "pair": "2010-2018",
        "ano_inicio": 2010,
        "ano_fim": 2018,
        "nr_local": "1058",
        "nm_local": "INSTITUTO SÃO BENTO DE NITEROI",
        "bairro": null,
        "local_status": "start_only",
        "secoes_inicio": 22,
        "secoes_fim": 0,
        "secoes_comuns": 0,
        "secoes_adicionadas": 0,
        "secoes_removidas": 22,
        "secoes_movidas_in": 0,
        "secoes_movidas_out": 0,
        "secao_churn": 1,
        "tipo_inicio": "Geral",
        "tipo_fim": "Geral",
        "tipo_par": "Geral -> Geral",
        "votos_hugo_inicio": 67,
        "votos_hugo_fim": 0,
        "delta_hugo": -67,
        "pct_delta_hugo": -100,
        "candidacy_status_hugo": "concorreu",
        "cargo_diferente_hugo": false,
        "votos_felipe_inicio": 595,
        "votos_felipe_fim": 0,
        "delta_felipe": -595,
        "pct_delta_felipe": -100,
        "candidacy_status_felipe": "concorreu",
        "cargo_diferente_felipe": false,
        "votos_psd_inicio": null,
        "votos_psd_fim": null,
        "delta_psd": null,
        "pct_delta_psd": null,
        "candidacy_status_psd": "partido_inexistente",
        "cargo_diferente_psd": null,
        "map_delta": -67,
        "map_abs_delta": 67
      },
      "geometry": {
        "type": "Point",
        "coordinates": [
          -43.0985232,
          -22.8970069
        ]
      }
    },
    {
      "type": "Feature",
      "properties": {
        "pair": "2010-2018",
        "ano_inicio": 2010,
        "ano_fim": 2018,
        "nr_local": "1066",
        "nm_local": "ITACOATIARA PAMPO CLUBE",
        "bairro": "ITACOATIARA",
        "local_status": "both",
        "secoes_inicio": 14,
        "secoes_fim": 7,
        "secoes_comuns": 6,
        "secoes_adicionadas": 1,
        "secoes_removidas": 8,
        "secoes_movidas_in": 0,
        "secoes_movidas_out": 0,
        "secao_churn": 0.6429,
        "tipo_inicio": "Geral",
        "tipo_fim": "Geral",
        "tipo_par": "Geral -> Geral",
        "votos_hugo_inicio": 46,
        "votos_hugo_fim": 7,
        "delta_hugo": -39,
        "pct_delta_hugo": -84.78,
        "candidacy_status_hugo": "concorreu",
        "cargo_diferente_hugo": false,
        "votos_felipe_inicio": 596,
        "votos_felipe_fim": 183,
        "delta_felipe": -413,
        "pct_delta_felipe": -69.3,
        "candidacy_status_felipe": "concorreu",
        "cargo_diferente_felipe": false,
        "votos_psd_inicio": null,
        "votos_psd_fim": null,
        "delta_psd": null,
        "pct_delta_psd": null,
        "candidacy_status_psd": "partido_inexistente",
        "cargo_diferente_psd": null,
        "map_delta": -39,
        "map_abs_delta": 39
      },
      "geometry": {
        "type": "Point",
        "coordinates": [
          -43.0332117,
          -22.9646939
        ]
      }
    },
    {
      "type": "Feature",
      "properties": {
        "pair": "2010-2018",
        "ano_inicio": 2010,
        "ano_fim": 2018,
        "nr_local": "1074",
        "nm_local": "COLEGIO ESTADUAL PAULO ASSIS RIBEIRO",
        "bairro": "BADU",
        "local_status": "both",
        "secoes_inicio": 40,
        "secoes_fim": 27,
        "secoes_comuns": 25,
        "secoes_adicionadas": 2,
        "secoes_removidas": 15,
        "secoes_movidas_in": 0,
        "secoes_movidas_out": 0,
        "secao_churn": 0.425,
        "tipo_inicio": "Geral",
        "tipo_fim": "Geral",
        "tipo_par": "Geral -> Geral",
        "votos_hugo_inicio": 129,
        "votos_hugo_fim": 16,
        "delta_hugo": -113,
        "pct_delta_hugo": -87.6,
        "candidacy_status_hugo": "concorreu",
        "cargo_diferente_hugo": false,
        "votos_felipe_inicio": 1145,
        "votos_felipe_fim": 250,
        "delta_felipe": -895,
        "pct_delta_felipe": -78.17,
        "candidacy_status_felipe": "concorreu",
        "cargo_diferente_felipe": false,
        "votos_psd_inicio": null,
        "votos_psd_fim": null,
        "delta_psd": null,
        "pct_delta_psd": null,
        "candidacy_status_psd": "partido_inexistente",
        "cargo_diferente_psd": null,
        "map_delta": -113,
        "map_abs_delta": 113
      },
      "geometry": {
        "type": "Point",
        "coordinates": [
          -43.0573891,
          -22.9068537
        ]
      }
    },
    {
      "type": "Feature",
      "properties": {
        "pair": "2010-2018",
        "ano_inicio": 2010,
        "ano_fim": 2018,
        "nr_local": "1082",
        "nm_local": "UMEI DR PAULO CESAR DE ALMEIDA PIMENTEL",
        "bairro": "ITAIPU",
        "local_status": "both",
        "secoes_inicio": 48,
        "secoes_fim": 13,
        "secoes_comuns": 13,
        "secoes_adicionadas": 0,
        "secoes_removidas": 35,
        "secoes_movidas_in": 0,
        "secoes_movidas_out": 3,
        "secao_churn": 0.7292,
        "tipo_inicio": "Geral",
        "tipo_fim": "Geral",
        "tipo_par": "Geral -> Geral",
        "votos_hugo_inicio": 114,
        "votos_hugo_fim": 8,
        "delta_hugo": -106,
        "pct_delta_hugo": -92.98,
        "candidacy_status_hugo": "concorreu",
        "cargo_diferente_hugo": false,
        "votos_felipe_inicio": 1190,
        "votos_felipe_fim": 127,
        "delta_felipe": -1063,
        "pct_delta_felipe": -89.33,
        "candidacy_status_felipe": "concorreu",
        "cargo_diferente_felipe": false,
        "votos_psd_inicio": null,
        "votos_psd_fim": null,
        "delta_psd": null,
        "pct_delta_psd": null,
        "candidacy_status_psd": "partido_inexistente",
        "cargo_diferente_psd": null,
        "map_delta": -106,
        "map_abs_delta": 106
      },
      "geometry": {
        "type": "Point",
        "coordinates": [
          -43.0327165,
          -22.9614459
        ]
      }
    },
    {
      "type": "Feature",
      "properties": {
        "pair": "2010-2018",
        "ano_inicio": 2010,
        "ano_fim": 2018,
        "nr_local": "1090",
        "nm_local": "COLÉGIO ESTADUAL PROFESSORA ALCINA RODRIGUES LIMA",
        "bairro": "ITAIPU",
        "local_status": "both",
        "secoes_inicio": 49,
        "secoes_fim": 28,
        "secoes_comuns": 20,
        "secoes_adicionadas": 8,
        "secoes_removidas": 29,
        "secoes_movidas_in": 3,
        "secoes_movidas_out": 0,
        "secao_churn": 0.7551,
        "tipo_inicio": "Geral",
        "tipo_fim": "Geral",
        "tipo_par": "Geral -> Geral",
        "votos_hugo_inicio": 126,
        "votos_hugo_fim": 28,
        "delta_hugo": -98,
        "pct_delta_hugo": -77.78,
        "candidacy_status_hugo": "concorreu",
        "cargo_diferente_hugo": false,
        "votos_felipe_inicio": 1352,
        "votos_felipe_fim": 205,
        "delta_felipe": -1147,
        "pct_delta_felipe": -84.84,
        "candidacy_status_felipe": "concorreu",
        "cargo_diferente_felipe": false,
        "votos_psd_inicio": null,
        "votos_psd_fim": null,
        "delta_psd": null,
        "pct_delta_psd": null,
        "candidacy_status_psd": "partido_inexistente",
        "cargo_diferente_psd": null,
        "map_delta": -98,
        "map_abs_delta": 98
      },
      "geometry": {
        "type": "Point",
        "coordinates": [
          -43.0285072,
          -22.9528491
        ]
      }
    },
    {
      "type": "Feature",
      "properties": {
        "pair": "2010-2018",
        "ano_inicio": 2010,
        "ano_fim": 2018,
        "nr_local": "1104",
        "nm_local": "ESCOLA MUNICIPAL ALTIVO CESAR",
        "bairro": "BARRETO",
        "local_status": "both",
        "secoes_inicio": 26,
        "secoes_fim": 25,
        "secoes_comuns": 20,
        "secoes_adicionadas": 5,
        "secoes_removidas": 6,
        "secoes_movidas_in": 0,
        "secoes_movidas_out": 0,
        "secao_churn": 0.4231,
        "tipo_inicio": "Geral",
        "tipo_fim": "Geral",
        "tipo_par": "Geral -> Geral",
        "votos_hugo_inicio": 120,
        "votos_hugo_fim": 26,
        "delta_hugo": -94,
        "pct_delta_hugo": -78.33,
        "candidacy_status_hugo": "concorreu",
        "cargo_diferente_hugo": false,
        "votos_felipe_inicio": 777,
        "votos_felipe_fim": 245,
        "delta_felipe": -532,
        "pct_delta_felipe": -68.47,
        "candidacy_status_felipe": "concorreu",
        "cargo_diferente_felipe": false,
        "votos_psd_inicio": null,
        "votos_psd_fim": null,
        "delta_psd": null,
        "pct_delta_psd": null,
        "candidacy_status_psd": "partido_inexistente",
        "cargo_diferente_psd": null,
        "map_delta": -94,
        "map_abs_delta": 94
      },
      "geometry": {
        "type": "Point",
        "coordinates": [
          -43.0995714,
          -22.8645343
        ]
      }
    },
    {
      "type": "Feature",
      "properties": {
        "pair": "2010-2018",
        "ano_inicio": 2010,
        "ano_fim": 2018,
        "nr_local": "1112",
        "nm_local": "COLÉGIO SALESIANO REGIÃO OCEÂNICA",
        "bairro": "PIRATININGA",
        "local_status": "both",
        "secoes_inicio": 48,
        "secoes_fim": 38,
        "secoes_comuns": 33,
        "secoes_adicionadas": 5,
        "secoes_removidas": 15,
        "secoes_movidas_in": 0,
        "secoes_movidas_out": 0,
        "secao_churn": 0.4167,
        "tipo_inicio": "Geral",
        "tipo_fim": "Geral",
        "tipo_par": "Geral -> Geral",
        "votos_hugo_inicio": 139,
        "votos_hugo_fim": 23,
        "delta_hugo": -116,
        "pct_delta_hugo": -83.45,
        "candidacy_status_hugo": "concorreu",
        "cargo_diferente_hugo": false,
        "votos_felipe_inicio": 1378,
        "votos_felipe_fim": 421,
        "delta_felipe": -957,
        "pct_delta_felipe": -69.45,
        "candidacy_status_felipe": "concorreu",
        "cargo_diferente_felipe": false,
        "votos_psd_inicio": null,
        "votos_psd_fim": null,
        "delta_psd": null,
        "pct_delta_psd": null,
        "candidacy_status_psd": "partido_inexistente",
        "cargo_diferente_psd": null,
        "map_delta": -116,
        "map_abs_delta": 116
      },
      "geometry": {
        "type": "Point",
        "coordinates": [
          -43.0618731,
          -22.9393022
        ]
      }
    },
    {
      "type": "Feature",
      "properties": {
        "pair": "2010-2018",
        "ano_inicio": 2010,
        "ano_fim": 2018,
        "nr_local": "1120",
        "nm_local": "COLÉGIO ESTADUAL ALMIRANTE TAMANDARÉ",
        "bairro": "PIRATININGA",
        "local_status": "both",
        "secoes_inicio": 46,
        "secoes_fim": 11,
        "secoes_comuns": 9,
        "secoes_adicionadas": 2,
        "secoes_removidas": 37,
        "secoes_movidas_in": 0,
        "secoes_movidas_out": 0,
        "secao_churn": 0.8478,
        "tipo_inicio": "Geral",
        "tipo_fim": "Geral",
        "tipo_par": "Geral -> Geral",
        "votos_hugo_inicio": 97,
        "votos_hugo_fim": 11,
        "delta_hugo": -86,
        "pct_delta_hugo": -88.66,
        "candidacy_status_hugo": "concorreu",
        "cargo_diferente_hugo": false,
        "votos_felipe_inicio": 1046,
        "votos_felipe_fim": 162,
        "delta_felipe": -884,
        "pct_delta_felipe": -84.51,
        "candidacy_status_felipe": "concorreu",
        "cargo_diferente_felipe": false,
        "votos_psd_inicio": null,
        "votos_psd_fim": null,
        "delta_psd": null,
        "pct_delta_psd": null,
        "candidacy_status_psd": "partido_inexistente",
        "cargo_diferente_psd": null,
        "map_delta": -86,
        "map_abs_delta": 86
      },
      "geometry": {
        "type": "Point",
        "coordinates": [
          -43.0916732,
          -22.9512083
        ]
      }
    },
    {
      "type": "Feature",
      "properties": {
        "pair": "2010-2018",
        "ano_inicio": 2010,
        "ano_fim": 2018,
        "nr_local": "1139",
        "nm_local": "ESCOLA MUNICIPAL FRANCISCO PORTUGAL NEVES",
        "bairro": "PIRATININGA",
        "local_status": "both",
        "secoes_inicio": 32,
        "secoes_fim": 10,
        "secoes_comuns": 9,
        "secoes_adicionadas": 1,
        "secoes_removidas": 23,
        "secoes_movidas_in": 0,
        "secoes_movidas_out": 0,
        "secao_churn": 0.75,
        "tipo_inicio": "Geral",
        "tipo_fim": "Geral",
        "tipo_par": "Geral -> Geral",
        "votos_hugo_inicio": 68,
        "votos_hugo_fim": 13,
        "delta_hugo": -55,
        "pct_delta_hugo": -80.88,
        "candidacy_status_hugo": "concorreu",
        "cargo_diferente_hugo": false,
        "votos_felipe_inicio": 776,
        "votos_felipe_fim": 140,
        "delta_felipe": -636,
        "pct_delta_felipe": -81.96,
        "candidacy_status_felipe": "concorreu",
        "cargo_diferente_felipe": false,
        "votos_psd_inicio": null,
        "votos_psd_fim": null,
        "delta_psd": null,
        "pct_delta_psd": null,
        "candidacy_status_psd": "partido_inexistente",
        "cargo_diferente_psd": null,
        "map_delta": -55,
        "map_abs_delta": 55
      },
      "geometry": {
        "type": "Point",
        "coordinates": [
          -43.056665,
          -22.942363
        ]
      }
    },
    {
      "type": "Feature",
      "properties": {
        "pair": "2010-2018",
        "ano_inicio": 2010,
        "ano_fim": 2018,
        "nr_local": "1147",
        "nm_local": "ESCOLA MUNICIPAL VERA LUCIA MACHADO",
        "bairro": "BADU",
        "local_status": "both",
        "secoes_inicio": 15,
        "secoes_fim": 8,
        "secoes_comuns": 7,
        "secoes_adicionadas": 1,
        "secoes_removidas": 8,
        "secoes_movidas_in": 0,
        "secoes_movidas_out": 0,
        "secao_churn": 0.6,
        "tipo_inicio": "Geral",
        "tipo_fim": "Geral",
        "tipo_par": "Geral -> Geral",
        "votos_hugo_inicio": 40,
        "votos_hugo_fim": 1,
        "delta_hugo": -39,
        "pct_delta_hugo": -97.5,
        "candidacy_status_hugo": "concorreu",
        "cargo_diferente_hugo": false,
        "votos_felipe_inicio": 221,
        "votos_felipe_fim": 42,
        "delta_felipe": -179,
        "pct_delta_felipe": -81,
        "candidacy_status_felipe": "concorreu",
        "cargo_diferente_felipe": false,
        "votos_psd_inicio": null,
        "votos_psd_fim": null,
        "delta_psd": null,
        "pct_delta_psd": null,
        "candidacy_status_psd": "partido_inexistente",
        "cargo_diferente_psd": null,
        "map_delta": -39,
        "map_abs_delta": 39
      },
      "geometry": {
        "type": "Point",
        "coordinates": [
          -43.0500355,
          -22.9045
        ]
      }
    },
    {
      "type": "Feature",
      "properties": {
        "pair": "2010-2018",
        "ano_inicio": 2010,
        "ano_fim": 2018,
        "nr_local": "1155",
        "nm_local": "COLÉGIO ITAPUCA",
        "bairro": "PIRATININGA",
        "local_status": "both",
        "secoes_inicio": 27,
        "secoes_fim": 15,
        "secoes_comuns": 12,
        "secoes_adicionadas": 3,
        "secoes_removidas": 15,
        "secoes_movidas_in": 0,
        "secoes_movidas_out": 0,
        "secao_churn": 0.6667,
        "tipo_inicio": "Geral",
        "tipo_fim": "Geral",
        "tipo_par": "Geral -> Geral",
        "votos_hugo_inicio": 74,
        "votos_hugo_fim": 13,
        "delta_hugo": -61,
        "pct_delta_hugo": -82.43,
        "candidacy_status_hugo": "concorreu",
        "cargo_diferente_hugo": false,
        "votos_felipe_inicio": 889,
        "votos_felipe_fim": 202,
        "delta_felipe": -687,
        "pct_delta_felipe": -77.28,
        "candidacy_status_felipe": "concorreu",
        "cargo_diferente_felipe": false,
        "votos_psd_inicio": null,
        "votos_psd_fim": null,
        "delta_psd": null,
        "pct_delta_psd": null,
        "candidacy_status_psd": "partido_inexistente",
        "cargo_diferente_psd": null,
        "map_delta": -61,
        "map_abs_delta": 61
      },
      "geometry": {
        "type": "Point",
        "coordinates": [
          -43.0593249,
          -22.9437854
        ]
      }
    },
    {
      "type": "Feature",
      "properties": {
        "pair": "2010-2018",
        "ano_inicio": 2010,
        "ano_fim": 2018,
        "nr_local": "1163",
        "nm_local": "COLÉGIO ESTADUAL CONSELHEIRO MACEDO SOARES",
        "bairro": "BARRETO",
        "local_status": "both",
        "secoes_inicio": 44,
        "secoes_fim": 17,
        "secoes_comuns": 16,
        "secoes_adicionadas": 1,
        "secoes_removidas": 28,
        "secoes_movidas_in": 0,
        "secoes_movidas_out": 0,
        "secao_churn": 0.6591,
        "tipo_inicio": "Geral",
        "tipo_fim": "Geral",
        "tipo_par": "Geral -> Geral",
        "votos_hugo_inicio": 110,
        "votos_hugo_fim": 8,
        "delta_hugo": -102,
        "pct_delta_hugo": -92.73,
        "candidacy_status_hugo": "concorreu",
        "cargo_diferente_hugo": false,
        "votos_felipe_inicio": 515,
        "votos_felipe_fim": 33,
        "delta_felipe": -482,
        "pct_delta_felipe": -93.59,
        "candidacy_status_felipe": "concorreu",
        "cargo_diferente_felipe": false,
        "votos_psd_inicio": null,
        "votos_psd_fim": null,
        "delta_psd": null,
        "pct_delta_psd": null,
        "candidacy_status_psd": "partido_inexistente",
        "cargo_diferente_psd": null,
        "map_delta": -102,
        "map_abs_delta": 102
      },
      "geometry": {
        "type": "Point",
        "coordinates": [
          -43.0924035,
          -22.8622231
        ]
      }
    },
    {
      "type": "Feature",
      "properties": {
        "pair": "2010-2018",
        "ano_inicio": 2010,
        "ano_fim": 2018,
        "nr_local": "1171",
        "nm_local": "ESCOLA MUNICIPAL ANTONIO COUTINHO DE AZEVEDO",
        "bairro": "SANTA BARBARA",
        "local_status": "both",
        "secoes_inicio": 29,
        "secoes_fim": 17,
        "secoes_comuns": 17,
        "secoes_adicionadas": 0,
        "secoes_removidas": 12,
        "secoes_movidas_in": 0,
        "secoes_movidas_out": 0,
        "secao_churn": 0.4138,
        "tipo_inicio": "Geral",
        "tipo_fim": "Geral",
        "tipo_par": "Geral -> Geral",
        "votos_hugo_inicio": 39,
        "votos_hugo_fim": 13,
        "delta_hugo": -26,
        "pct_delta_hugo": -66.67,
        "candidacy_status_hugo": "concorreu",
        "cargo_diferente_hugo": false,
        "votos_felipe_inicio": 339,
        "votos_felipe_fim": 76,
        "delta_felipe": -263,
        "pct_delta_felipe": -77.58,
        "candidacy_status_felipe": "concorreu",
        "cargo_diferente_felipe": false,
        "votos_psd_inicio": null,
        "votos_psd_fim": null,
        "delta_psd": null,
        "pct_delta_psd": null,
        "candidacy_status_psd": "partido_inexistente",
        "cargo_diferente_psd": null,
        "map_delta": -26,
        "map_abs_delta": 26
      },
      "geometry": {
        "type": "Point",
        "coordinates": [
          -43.04869,
          -22.8756043
        ]
      }
    },
    {
      "type": "Feature",
      "properties": {
        "pair": "2010-2018",
        "ano_inicio": 2010,
        "ano_fim": 2018,
        "nr_local": "1180",
        "nm_local": "ESCOLA MUNICIPAL RACHIDE DA GLORIA SALIM SAKER",
        "bairro": "SANTA BARBARA",
        "local_status": "both",
        "secoes_inicio": 21,
        "secoes_fim": 8,
        "secoes_comuns": 7,
        "secoes_adicionadas": 1,
        "secoes_removidas": 14,
        "secoes_movidas_in": 0,
        "secoes_movidas_out": 0,
        "secao_churn": 0.7143,
        "tipo_inicio": "Geral",
        "tipo_fim": "Geral",
        "tipo_par": "Geral -> Geral",
        "votos_hugo_inicio": 60,
        "votos_hugo_fim": 9,
        "delta_hugo": -51,
        "pct_delta_hugo": -85,
        "candidacy_status_hugo": "concorreu",
        "cargo_diferente_hugo": false,
        "votos_felipe_inicio": 436,
        "votos_felipe_fim": 34,
        "delta_felipe": -402,
        "pct_delta_felipe": -92.2,
        "candidacy_status_felipe": "concorreu",
        "cargo_diferente_felipe": false,
        "votos_psd_inicio": null,
        "votos_psd_fim": null,
        "delta_psd": null,
        "pct_delta_psd": null,
        "candidacy_status_psd": "partido_inexistente",
        "cargo_diferente_psd": null,
        "map_delta": -51,
        "map_abs_delta": 51
      },
      "geometry": {
        "type": "Point",
        "coordinates": [
          -43.0488967,
          -22.8766134
        ]
      }
    },
    {
      "type": "Feature",
      "properties": {
        "pair": "2010-2018",
        "ano_inicio": 2010,
        "ano_fim": 2018,
        "nr_local": "1198",
        "nm_local": "CIEP 448 RUY FRAZÃO SOARES",
        "bairro": "ITAIPU",
        "local_status": "both",
        "secoes_inicio": 21,
        "secoes_fim": 13,
        "secoes_comuns": 11,
        "secoes_adicionadas": 2,
        "secoes_removidas": 10,
        "secoes_movidas_in": 0,
        "secoes_movidas_out": 0,
        "secao_churn": 0.5714,
        "tipo_inicio": "Geral",
        "tipo_fim": "Geral",
        "tipo_par": "Geral -> Geral",
        "votos_hugo_inicio": 54,
        "votos_hugo_fim": 11,
        "delta_hugo": -43,
        "pct_delta_hugo": -79.63,
        "candidacy_status_hugo": "concorreu",
        "cargo_diferente_hugo": false,
        "votos_felipe_inicio": 629,
        "votos_felipe_fim": 129,
        "delta_felipe": -500,
        "pct_delta_felipe": -79.49,
        "candidacy_status_felipe": "concorreu",
        "cargo_diferente_felipe": false,
        "votos_psd_inicio": null,
        "votos_psd_fim": null,
        "delta_psd": null,
        "pct_delta_psd": null,
        "candidacy_status_psd": "partido_inexistente",
        "cargo_diferente_psd": null,
        "map_delta": -43,
        "map_abs_delta": 43
      },
      "geometry": {
        "type": "Point",
        "coordinates": [
          -43.0092644,
          -22.9356576
        ]
      }
    },
    {
      "type": "Feature",
      "properties": {
        "pair": "2010-2018",
        "ano_inicio": 2010,
        "ano_fim": 2018,
        "nr_local": "1201",
        "nm_local": "OFICINAS DO SENAI",
        "bairro": "BARRETO",
        "local_status": "both",
        "secoes_inicio": 16,
        "secoes_fim": 3,
        "secoes_comuns": 3,
        "secoes_adicionadas": 0,
        "secoes_removidas": 13,
        "secoes_movidas_in": 0,
        "secoes_movidas_out": 3,
        "secao_churn": 0.8125,
        "tipo_inicio": "Geral",
        "tipo_fim": "Geral",
        "tipo_par": "Geral -> Geral",
        "votos_hugo_inicio": 46,
        "votos_hugo_fim": 1,
        "delta_hugo": -45,
        "pct_delta_hugo": -97.83,
        "candidacy_status_hugo": "concorreu",
        "cargo_diferente_hugo": false,
        "votos_felipe_inicio": 392,
        "votos_felipe_fim": 6,
        "delta_felipe": -386,
        "pct_delta_felipe": -98.47,
        "candidacy_status_felipe": "concorreu",
        "cargo_diferente_felipe": false,
        "votos_psd_inicio": null,
        "votos_psd_fim": null,
        "delta_psd": null,
        "pct_delta_psd": null,
        "candidacy_status_psd": "partido_inexistente",
        "cargo_diferente_psd": null,
        "map_delta": -45,
        "map_abs_delta": 45
      },
      "geometry": {
        "type": "Point",
        "coordinates": [
          -43.1026046,
          -22.8614396
        ]
      }
    },
    {
      "type": "Feature",
      "properties": {
        "pair": "2010-2018",
        "ano_inicio": 2010,
        "ano_fim": 2018,
        "nr_local": "1210",
        "nm_local": "TIO SAM ESPORTE CLUBE",
        "bairro": "BARRETO",
        "local_status": "both",
        "secoes_inicio": 19,
        "secoes_fim": 12,
        "secoes_comuns": 11,
        "secoes_adicionadas": 1,
        "secoes_removidas": 8,
        "secoes_movidas_in": 0,
        "secoes_movidas_out": 0,
        "secao_churn": 0.4737,
        "tipo_inicio": "Geral",
        "tipo_fim": "Geral",
        "tipo_par": "Geral -> Geral",
        "votos_hugo_inicio": 42,
        "votos_hugo_fim": 11,
        "delta_hugo": -31,
        "pct_delta_hugo": -73.81,
        "candidacy_status_hugo": "concorreu",
        "cargo_diferente_hugo": false,
        "votos_felipe_inicio": 298,
        "votos_felipe_fim": 48,
        "delta_felipe": -250,
        "pct_delta_felipe": -83.89,
        "candidacy_status_felipe": "concorreu",
        "cargo_diferente_felipe": false,
        "votos_psd_inicio": null,
        "votos_psd_fim": null,
        "delta_psd": null,
        "pct_delta_psd": null,
        "candidacy_status_psd": "partido_inexistente",
        "cargo_diferente_psd": null,
        "map_delta": -31,
        "map_abs_delta": 31
      },
      "geometry": {
        "type": "Point",
        "coordinates": [
          -43.104502,
          -22.8719306
        ]
      }
    },
    {
      "type": "Feature",
      "properties": {
        "pair": "2010-2018",
        "ano_inicio": 2010,
        "ano_fim": 2018,
        "nr_local": "1236",
        "nm_local": "COLÉGIO ESTADUAL MULLULO DA VEIGA",
        "bairro": "ENGENHOCA",
        "local_status": "both",
        "secoes_inicio": 39,
        "secoes_fim": 11,
        "secoes_comuns": 11,
        "secoes_adicionadas": 0,
        "secoes_removidas": 28,
        "secoes_movidas_in": 0,
        "secoes_movidas_out": 16,
        "secao_churn": 0.7179,
        "tipo_inicio": "Geral",
        "tipo_fim": "Geral",
        "tipo_par": "Geral -> Geral",
        "votos_hugo_inicio": 85,
        "votos_hugo_fim": 16,
        "delta_hugo": -69,
        "pct_delta_hugo": -81.18,
        "candidacy_status_hugo": "concorreu",
        "cargo_diferente_hugo": false,
        "votos_felipe_inicio": 357,
        "votos_felipe_fim": 48,
        "delta_felipe": -309,
        "pct_delta_felipe": -86.55,
        "candidacy_status_felipe": "concorreu",
        "cargo_diferente_felipe": false,
        "votos_psd_inicio": null,
        "votos_psd_fim": null,
        "delta_psd": null,
        "pct_delta_psd": null,
        "candidacy_status_psd": "partido_inexistente",
        "cargo_diferente_psd": null,
        "map_delta": -69,
        "map_abs_delta": 69
      },
      "geometry": {
        "type": "Point",
        "coordinates": [
          -43.0988892,
          -22.8708282
        ]
      }
    },
    {
      "type": "Feature",
      "properties": {
        "pair": "2010-2018",
        "ano_inicio": 2010,
        "ano_fim": 2018,
        "nr_local": "1244",
        "nm_local": "ESCOLA ESTADUAL MANUEL DE ABREU",
        "bairro": "ICARAÍ",
        "local_status": "both",
        "secoes_inicio": 31,
        "secoes_fim": 19,
        "secoes_comuns": 16,
        "secoes_adicionadas": 3,
        "secoes_removidas": 15,
        "secoes_movidas_in": 0,
        "secoes_movidas_out": 0,
        "secao_churn": 0.5806,
        "tipo_inicio": "Geral",
        "tipo_fim": "Geral",
        "tipo_par": "Geral -> Geral",
        "votos_hugo_inicio": 79,
        "votos_hugo_fim": 10,
        "delta_hugo": -69,
        "pct_delta_hugo": -87.34,
        "candidacy_status_hugo": "concorreu",
        "cargo_diferente_hugo": false,
        "votos_felipe_inicio": 947,
        "votos_felipe_fim": 235,
        "delta_felipe": -712,
        "pct_delta_felipe": -75.18,
        "candidacy_status_felipe": "concorreu",
        "cargo_diferente_felipe": false,
        "votos_psd_inicio": null,
        "votos_psd_fim": null,
        "delta_psd": null,
        "pct_delta_psd": null,
        "candidacy_status_psd": "partido_inexistente",
        "cargo_diferente_psd": null,
        "map_delta": -69,
        "map_abs_delta": 69
      },
      "geometry": {
        "type": "Point",
        "coordinates": [
          -43.1071569,
          -22.9023086
        ]
      }
    },
    {
      "type": "Feature",
      "properties": {
        "pair": "2010-2018",
        "ano_inicio": 2010,
        "ano_fim": 2018,
        "nr_local": "1252",
        "nm_local": "ESCOLA MUNICIPAL ADELINO MAGALHÃES",
        "bairro": "ENGENHOCA",
        "local_status": "both",
        "secoes_inicio": 23,
        "secoes_fim": 23,
        "secoes_comuns": 16,
        "secoes_adicionadas": 7,
        "secoes_removidas": 7,
        "secoes_movidas_in": 3,
        "secoes_movidas_out": 0,
        "secao_churn": 0.6087,
        "tipo_inicio": "Geral",
        "tipo_fim": "Geral",
        "tipo_par": "Geral -> Geral",
        "votos_hugo_inicio": 60,
        "votos_hugo_fim": 26,
        "delta_hugo": -34,
        "pct_delta_hugo": -56.67,
        "candidacy_status_hugo": "concorreu",
        "cargo_diferente_hugo": false,
        "votos_felipe_inicio": 406,
        "votos_felipe_fim": 90,
        "delta_felipe": -316,
        "pct_delta_felipe": -77.83,
        "candidacy_status_felipe": "concorreu",
        "cargo_diferente_felipe": false,
        "votos_psd_inicio": null,
        "votos_psd_fim": null,
        "delta_psd": null,
        "pct_delta_psd": null,
        "candidacy_status_psd": "partido_inexistente",
        "cargo_diferente_psd": null,
        "map_delta": -34,
        "map_abs_delta": 34
      },
      "geometry": {
        "type": "Point",
        "coordinates": [
          -43.0944571,
          -22.8739038
        ]
      }
    },
    {
      "type": "Feature",
      "properties": {
        "pair": "2010-2018",
        "ano_inicio": 2010,
        "ano_fim": 2018,
        "nr_local": "1260",
        "nm_local": "INSTITUTO ABEL",
        "bairro": "ICARAÍ",
        "local_status": "both",
        "secoes_inicio": 20,
        "secoes_fim": 26,
        "secoes_comuns": 13,
        "secoes_adicionadas": 13,
        "secoes_removidas": 7,
        "secoes_movidas_in": 0,
        "secoes_movidas_out": 0,
        "secao_churn": 0.7692,
        "tipo_inicio": "Geral",
        "tipo_fim": "Geral",
        "tipo_par": "Geral -> Geral",
        "votos_hugo_inicio": 50,
        "votos_hugo_fim": 29,
        "delta_hugo": -21,
        "pct_delta_hugo": -42,
        "candidacy_status_hugo": "concorreu",
        "cargo_diferente_hugo": false,
        "votos_felipe_inicio": 643,
        "votos_felipe_fim": 339,
        "delta_felipe": -304,
        "pct_delta_felipe": -47.28,
        "candidacy_status_felipe": "concorreu",
        "cargo_diferente_felipe": false,
        "votos_psd_inicio": null,
        "votos_psd_fim": null,
        "delta_psd": null,
        "pct_delta_psd": null,
        "candidacy_status_psd": "partido_inexistente",
        "cargo_diferente_psd": null,
        "map_delta": -21,
        "map_abs_delta": 21
      },
      "geometry": {
        "type": "Point",
        "coordinates": [
          -43.1094942,
          -22.9004168
        ]
      }
    },
    {
      "type": "Feature",
      "properties": {
        "pair": "2010-2018",
        "ano_inicio": 2010,
        "ano_fim": 2018,
        "nr_local": "1279",
        "nm_local": "INSTITUTO FOKUS (ANTIGO INTERAÇÃO CRECHE ESCOLA)",
        "bairro": "CAMBOINHAS",
        "local_status": "both",
        "secoes_inicio": 9,
        "secoes_fim": 4,
        "secoes_comuns": 1,
        "secoes_adicionadas": 3,
        "secoes_removidas": 8,
        "secoes_movidas_in": 0,
        "secoes_movidas_out": 0,
        "secao_churn": 1.2222,
        "tipo_inicio": "Geral",
        "tipo_fim": "Geral",
        "tipo_par": "Geral -> Geral",
        "votos_hugo_inicio": 30,
        "votos_hugo_fim": 5,
        "delta_hugo": -25,
        "pct_delta_hugo": -83.33,
        "candidacy_status_hugo": "concorreu",
        "cargo_diferente_hugo": false,
        "votos_felipe_inicio": 204,
        "votos_felipe_fim": 66,
        "delta_felipe": -138,
        "pct_delta_felipe": -67.65,
        "candidacy_status_felipe": "concorreu",
        "cargo_diferente_felipe": false,
        "votos_psd_inicio": null,
        "votos_psd_fim": null,
        "delta_psd": null,
        "pct_delta_psd": null,
        "candidacy_status_psd": "partido_inexistente",
        "cargo_diferente_psd": null,
        "map_delta": -25,
        "map_abs_delta": 25
      },
      "geometry": {
        "type": "Point",
        "coordinates": [
          -43.062822,
          -22.9542456
        ]
      }
    },
    {
      "type": "Feature",
      "properties": {
        "pair": "2010-2018",
        "ano_inicio": 2010,
        "ano_fim": 2018,
        "nr_local": "1287",
        "nm_local": "ESCOLA MUNICIPAL PROF MARCOS WALDEMAR DE FREITAS REIS",
        "bairro": "ITAIPU",
        "local_status": "both",
        "secoes_inicio": 1,
        "secoes_fim": 4,
        "secoes_comuns": 1,
        "secoes_adicionadas": 3,
        "secoes_removidas": 0,
        "secoes_movidas_in": 0,
        "secoes_movidas_out": 0,
        "secao_churn": 0.75,
        "tipo_inicio": "Geral",
        "tipo_fim": "Geral",
        "tipo_par": "Geral -> Geral",
        "votos_hugo_inicio": 1,
        "votos_hugo_fim": 3,
        "delta_hugo": 2,
        "pct_delta_hugo": 200,
        "candidacy_status_hugo": "concorreu",
        "cargo_diferente_hugo": false,
        "votos_felipe_inicio": 12,
        "votos_felipe_fim": 44,
        "delta_felipe": 32,
        "pct_delta_felipe": 266.67,
        "candidacy_status_felipe": "concorreu",
        "cargo_diferente_felipe": false,
        "votos_psd_inicio": null,
        "votos_psd_fim": null,
        "delta_psd": null,
        "pct_delta_psd": null,
        "candidacy_status_psd": "partido_inexistente",
        "cargo_diferente_psd": null,
        "map_delta": 2,
        "map_abs_delta": 2
      },
      "geometry": {
        "type": "Point",
        "coordinates": [
          -43.0330724,
          -22.9615628
        ]
      }
    },
    {
      "type": "Feature",
      "properties": {
        "pair": "2010-2018",
        "ano_inicio": 2010,
        "ano_fim": 2018,
        "nr_local": "1295",
        "nm_local": "UMEI PROFA ODETE ROSA DA MOTA",
        "bairro": "ITAIPU",
        "local_status": "both",
        "secoes_inicio": 21,
        "secoes_fim": 24,
        "secoes_comuns": 15,
        "secoes_adicionadas": 9,
        "secoes_removidas": 6,
        "secoes_movidas_in": 0,
        "secoes_movidas_out": 0,
        "secao_churn": 0.625,
        "tipo_inicio": "Geral",
        "tipo_fim": "Geral",
        "tipo_par": "Geral -> Geral",
        "votos_hugo_inicio": 57,
        "votos_hugo_fim": 30,
        "delta_hugo": -27,
        "pct_delta_hugo": -47.37,
        "candidacy_status_hugo": "concorreu",
        "cargo_diferente_hugo": false,
        "votos_felipe_inicio": 559,
        "votos_felipe_fim": 262,
        "delta_felipe": -297,
        "pct_delta_felipe": -53.13,
        "candidacy_status_felipe": "concorreu",
        "cargo_diferente_felipe": false,
        "votos_psd_inicio": null,
        "votos_psd_fim": null,
        "delta_psd": null,
        "pct_delta_psd": null,
        "candidacy_status_psd": "partido_inexistente",
        "cargo_diferente_psd": null,
        "map_delta": -27,
        "map_abs_delta": 27
      },
      "geometry": {
        "type": "Point",
        "coordinates": [
          -43.02859,
          -22.9532368
        ]
      }
    },
    {
      "type": "Feature",
      "properties": {
        "pair": "2010-2018",
        "ano_inicio": 2010,
        "ano_fim": 2018,
        "nr_local": "1309",
        "nm_local": "CURSO MARLY CURY",
        "bairro": "SANTA ROSA",
        "local_status": "both",
        "secoes_inicio": 17,
        "secoes_fim": 11,
        "secoes_comuns": 9,
        "secoes_adicionadas": 2,
        "secoes_removidas": 8,
        "secoes_movidas_in": 0,
        "secoes_movidas_out": 0,
        "secao_churn": 0.5882,
        "tipo_inicio": "Geral",
        "tipo_fim": "Geral",
        "tipo_par": "Geral -> Geral",
        "votos_hugo_inicio": 39,
        "votos_hugo_fim": 10,
        "delta_hugo": -29,
        "pct_delta_hugo": -74.36,
        "candidacy_status_hugo": "concorreu",
        "cargo_diferente_hugo": false,
        "votos_felipe_inicio": 414,
        "votos_felipe_fim": 102,
        "delta_felipe": -312,
        "pct_delta_felipe": -75.36,
        "candidacy_status_felipe": "concorreu",
        "cargo_diferente_felipe": false,
        "votos_psd_inicio": null,
        "votos_psd_fim": null,
        "delta_psd": null,
        "pct_delta_psd": null,
        "candidacy_status_psd": "partido_inexistente",
        "cargo_diferente_psd": null,
        "map_delta": -29,
        "map_abs_delta": 29
      },
      "geometry": {
        "type": "Point",
        "coordinates": [
          -43.1019227,
          -22.9054777
        ]
      }
    },
    {
      "type": "Feature",
      "properties": {
        "pair": "2010-2018",
        "ano_inicio": 2010,
        "ano_fim": 2018,
        "nr_local": "1317",
        "nm_local": "ESCOLA ESTADUAL BALTAZAR BERNARDINO",
        "bairro": "SANTA ROSA",
        "local_status": "both",
        "secoes_inicio": 13,
        "secoes_fim": 24,
        "secoes_comuns": 13,
        "secoes_adicionadas": 11,
        "secoes_removidas": 0,
        "secoes_movidas_in": 3,
        "secoes_movidas_out": 0,
        "secao_churn": 0.4583,
        "tipo_inicio": "Geral",
        "tipo_fim": "Geral",
        "tipo_par": "Geral -> Geral",
        "votos_hugo_inicio": 54,
        "votos_hugo_fim": 22,
        "delta_hugo": -32,
        "pct_delta_hugo": -59.26,
        "candidacy_status_hugo": "concorreu",
        "cargo_diferente_hugo": false,
        "votos_felipe_inicio": 294,
        "votos_felipe_fim": 227,
        "delta_felipe": -67,
        "pct_delta_felipe": -22.79,
        "candidacy_status_felipe": "concorreu",
        "cargo_diferente_felipe": false,
        "votos_psd_inicio": null,
        "votos_psd_fim": null,
        "delta_psd": null,
        "pct_delta_psd": null,
        "candidacy_status_psd": "partido_inexistente",
        "cargo_diferente_psd": null,
        "map_delta": -32,
        "map_abs_delta": 32
      },
      "geometry": {
        "type": "Point",
        "coordinates": [
          -43.1012931,
          -22.9032359
        ]
      }
    },
    {
      "type": "Feature",
      "properties": {
        "pair": "2010-2018",
        "ano_inicio": 2010,
        "ano_fim": 2018,
        "nr_local": "1325",
        "nm_local": "ESCOLA MUNICIPAL SÍTIO DO IPÊ",
        "bairro": "MARIA PAULA",
        "local_status": "both",
        "secoes_inicio": 20,
        "secoes_fim": 18,
        "secoes_comuns": 14,
        "secoes_adicionadas": 4,
        "secoes_removidas": 6,
        "secoes_movidas_in": 0,
        "secoes_movidas_out": 0,
        "secao_churn": 0.5,
        "tipo_inicio": "Geral",
        "tipo_fim": "Geral",
        "tipo_par": "Geral -> Geral",
        "votos_hugo_inicio": 52,
        "votos_hugo_fim": 13,
        "delta_hugo": -39,
        "pct_delta_hugo": -75,
        "candidacy_status_hugo": "concorreu",
        "cargo_diferente_hugo": false,
        "votos_felipe_inicio": 506,
        "votos_felipe_fim": 145,
        "delta_felipe": -361,
        "pct_delta_felipe": -71.34,
        "candidacy_status_felipe": "concorreu",
        "cargo_diferente_felipe": false,
        "votos_psd_inicio": null,
        "votos_psd_fim": null,
        "delta_psd": null,
        "pct_delta_psd": null,
        "candidacy_status_psd": "partido_inexistente",
        "cargo_diferente_psd": null,
        "map_delta": -39,
        "map_abs_delta": 39
      },
      "geometry": {
        "type": "Point",
        "coordinates": [
          -43.0267087,
          -22.8821134
        ]
      }
    },
    {
      "type": "Feature",
      "properties": {
        "pair": "2010-2018",
        "ano_inicio": 2010,
        "ano_fim": 2018,
        "nr_local": "1333",
        "nm_local": "ESCOLA ME NINAR",
        "bairro": "ITAIPU",
        "local_status": "both",
        "secoes_inicio": 25,
        "secoes_fim": 12,
        "secoes_comuns": 10,
        "secoes_adicionadas": 2,
        "secoes_removidas": 15,
        "secoes_movidas_in": 0,
        "secoes_movidas_out": 0,
        "secao_churn": 0.68,
        "tipo_inicio": "Geral",
        "tipo_fim": "Geral",
        "tipo_par": "Geral -> Geral",
        "votos_hugo_inicio": 71,
        "votos_hugo_fim": 8,
        "delta_hugo": -63,
        "pct_delta_hugo": -88.73,
        "candidacy_status_hugo": "concorreu",
        "cargo_diferente_hugo": false,
        "votos_felipe_inicio": 645,
        "votos_felipe_fim": 116,
        "delta_felipe": -529,
        "pct_delta_felipe": -82.02,
        "candidacy_status_felipe": "concorreu",
        "cargo_diferente_felipe": false,
        "votos_psd_inicio": null,
        "votos_psd_fim": null,
        "delta_psd": null,
        "pct_delta_psd": null,
        "candidacy_status_psd": "partido_inexistente",
        "cargo_diferente_psd": null,
        "map_delta": -63,
        "map_abs_delta": 63
      },
      "geometry": {
        "type": "Point",
        "coordinates": [
          -43.0442198,
          -22.9408099
        ]
      }
    },
    {
      "type": "Feature",
      "properties": {
        "pair": "2010-2018",
        "ano_inicio": 2010,
        "ano_fim": 2018,
        "nr_local": "1341",
        "nm_local": "SOPRECAM",
        "bairro": "CAMBOINHAS",
        "local_status": "end_only",
        "secoes_inicio": 0,
        "secoes_fim": 2,
        "secoes_comuns": 0,
        "secoes_adicionadas": 2,
        "secoes_removidas": 0,
        "secoes_movidas_in": 0,
        "secoes_movidas_out": 0,
        "secao_churn": 1,
        "tipo_inicio": "Geral",
        "tipo_fim": "Geral",
        "tipo_par": "Geral -> Geral",
        "votos_hugo_inicio": 0,
        "votos_hugo_fim": 2,
        "delta_hugo": 2,
        "pct_delta_hugo": null,
        "candidacy_status_hugo": "concorreu",
        "cargo_diferente_hugo": false,
        "votos_felipe_inicio": 0,
        "votos_felipe_fim": 29,
        "delta_felipe": 29,
        "pct_delta_felipe": null,
        "candidacy_status_felipe": "concorreu",
        "cargo_diferente_felipe": false,
        "votos_psd_inicio": null,
        "votos_psd_fim": null,
        "delta_psd": null,
        "pct_delta_psd": null,
        "candidacy_status_psd": "partido_inexistente",
        "cargo_diferente_psd": null,
        "map_delta": 2,
        "map_abs_delta": 2
      },
      "geometry": {
        "type": "Point",
        "coordinates": [
          -43.0584356,
          -22.9537053
        ]
      }
    },
    {
      "type": "Feature",
      "properties": {
        "pair": "2010-2018",
        "ano_inicio": 2010,
        "ano_fim": 2018,
        "nr_local": "1350",
        "nm_local": "ESCOLA MUNICIPAL MARALEGRE",
        "bairro": "CAFUBÁ",
        "local_status": "both",
        "secoes_inicio": 6,
        "secoes_fim": 5,
        "secoes_comuns": 3,
        "secoes_adicionadas": 2,
        "secoes_removidas": 3,
        "secoes_movidas_in": 0,
        "secoes_movidas_out": 0,
        "secao_churn": 0.8333,
        "tipo_inicio": "Geral",
        "tipo_fim": "Geral",
        "tipo_par": "Geral -> Geral",
        "votos_hugo_inicio": 20,
        "votos_hugo_fim": 3,
        "delta_hugo": -17,
        "pct_delta_hugo": -85,
        "candidacy_status_hugo": "concorreu",
        "cargo_diferente_hugo": false,
        "votos_felipe_inicio": 57,
        "votos_felipe_fim": 23,
        "delta_felipe": -34,
        "pct_delta_felipe": -59.65,
        "candidacy_status_felipe": "concorreu",
        "cargo_diferente_felipe": false,
        "votos_psd_inicio": null,
        "votos_psd_fim": null,
        "delta_psd": null,
        "pct_delta_psd": null,
        "candidacy_status_psd": "partido_inexistente",
        "cargo_diferente_psd": null,
        "map_delta": -17,
        "map_abs_delta": 17
      },
      "geometry": {
        "type": "Point",
        "coordinates": [
          -43.0724233,
          -22.9362723
        ]
      }
    },
    {
      "type": "Feature",
      "properties": {
        "pair": "2010-2018",
        "ano_inicio": 2010,
        "ano_fim": 2018,
        "nr_local": "1368",
        "nm_local": "INSTITUTO SÃO JOSÉ",
        "bairro": "SANTA ROSA",
        "local_status": "both",
        "secoes_inicio": 20,
        "secoes_fim": 23,
        "secoes_comuns": 17,
        "secoes_adicionadas": 6,
        "secoes_removidas": 3,
        "secoes_movidas_in": 0,
        "secoes_movidas_out": 3,
        "secao_churn": 0.3913,
        "tipo_inicio": "Geral",
        "tipo_fim": "Geral",
        "tipo_par": "Geral -> Geral",
        "votos_hugo_inicio": 63,
        "votos_hugo_fim": 30,
        "delta_hugo": -33,
        "pct_delta_hugo": -52.38,
        "candidacy_status_hugo": "concorreu",
        "cargo_diferente_hugo": false,
        "votos_felipe_inicio": 555,
        "votos_felipe_fim": 213,
        "delta_felipe": -342,
        "pct_delta_felipe": -61.62,
        "candidacy_status_felipe": "concorreu",
        "cargo_diferente_felipe": false,
        "votos_psd_inicio": null,
        "votos_psd_fim": null,
        "delta_psd": null,
        "pct_delta_psd": null,
        "candidacy_status_psd": "partido_inexistente",
        "cargo_diferente_psd": null,
        "map_delta": -33,
        "map_abs_delta": 33
      },
      "geometry": {
        "type": "Point",
        "coordinates": [
          -43.1018878,
          -22.901754
        ]
      }
    },
    {
      "type": "Feature",
      "properties": {
        "pair": "2010-2018",
        "ano_inicio": 2010,
        "ano_fim": 2018,
        "nr_local": "1376",
        "nm_local": "UNIVERSIDADE SALGADO DE OLIVEIRA - BL A",
        "bairro": null,
        "local_status": "start_only",
        "secoes_inicio": 10,
        "secoes_fim": 0,
        "secoes_comuns": 0,
        "secoes_adicionadas": 0,
        "secoes_removidas": 10,
        "secoes_movidas_in": 0,
        "secoes_movidas_out": 0,
        "secao_churn": 1,
        "tipo_inicio": "Geral",
        "tipo_fim": "Geral",
        "tipo_par": "Geral -> Geral",
        "votos_hugo_inicio": 23,
        "votos_hugo_fim": 0,
        "delta_hugo": -23,
        "pct_delta_hugo": -100,
        "candidacy_status_hugo": "concorreu",
        "cargo_diferente_hugo": false,
        "votos_felipe_inicio": 104,
        "votos_felipe_fim": 0,
        "delta_felipe": -104,
        "pct_delta_felipe": -100,
        "candidacy_status_felipe": "concorreu",
        "cargo_diferente_felipe": false,
        "votos_psd_inicio": null,
        "votos_psd_fim": null,
        "delta_psd": null,
        "pct_delta_psd": null,
        "candidacy_status_psd": "partido_inexistente",
        "cargo_diferente_psd": null,
        "map_delta": -23,
        "map_abs_delta": 23
      },
      "geometry": {
        "type": "Point",
        "coordinates": [
          -43.1221924,
          -22.8898672
        ]
      }
    },
    {
      "type": "Feature",
      "properties": {
        "pair": "2010-2018",
        "ano_inicio": 2010,
        "ano_fim": 2018,
        "nr_local": "1384",
        "nm_local": "UMEI OLGA BENÁRIO PRESTES",
        "bairro": "ENGENHO DO MATO",
        "local_status": "start_only",
        "secoes_inicio": 12,
        "secoes_fim": 0,
        "secoes_comuns": 0,
        "secoes_adicionadas": 0,
        "secoes_removidas": 12,
        "secoes_movidas_in": 0,
        "secoes_movidas_out": 0,
        "secao_churn": 1,
        "tipo_inicio": "Geral",
        "tipo_fim": "Geral",
        "tipo_par": "Geral -> Geral",
        "votos_hugo_inicio": 23,
        "votos_hugo_fim": 0,
        "delta_hugo": -23,
        "pct_delta_hugo": -100,
        "candidacy_status_hugo": "concorreu",
        "cargo_diferente_hugo": false,
        "votos_felipe_inicio": 148,
        "votos_felipe_fim": 0,
        "delta_felipe": -148,
        "pct_delta_felipe": -100,
        "candidacy_status_felipe": "concorreu",
        "cargo_diferente_felipe": false,
        "votos_psd_inicio": null,
        "votos_psd_fim": null,
        "delta_psd": null,
        "pct_delta_psd": null,
        "candidacy_status_psd": "partido_inexistente",
        "cargo_diferente_psd": null,
        "map_delta": -23,
        "map_abs_delta": 23
      },
      "geometry": {
        "type": "Point",
        "coordinates": [
          -43.0086653,
          -22.9354086
        ]
      }
    },
    {
      "type": "Feature",
      "properties": {
        "pair": "2010-2018",
        "ano_inicio": 2010,
        "ano_fim": 2018,
        "nr_local": "1392",
        "nm_local": "FACULDADE DE VETERINARIA DA UFF",
        "bairro": "VITAL BRASIL",
        "local_status": "both",
        "secoes_inicio": 13,
        "secoes_fim": 14,
        "secoes_comuns": 13,
        "secoes_adicionadas": 1,
        "secoes_removidas": 0,
        "secoes_movidas_in": 0,
        "secoes_movidas_out": 0,
        "secao_churn": 0.0714,
        "tipo_inicio": "Geral",
        "tipo_fim": "Geral",
        "tipo_par": "Geral -> Geral",
        "votos_hugo_inicio": 46,
        "votos_hugo_fim": 4,
        "delta_hugo": -42,
        "pct_delta_hugo": -91.3,
        "candidacy_status_hugo": "concorreu",
        "cargo_diferente_hugo": false,
        "votos_felipe_inicio": 487,
        "votos_felipe_fim": 130,
        "delta_felipe": -357,
        "pct_delta_felipe": -73.31,
        "candidacy_status_felipe": "concorreu",
        "cargo_diferente_felipe": false,
        "votos_psd_inicio": null,
        "votos_psd_fim": null,
        "delta_psd": null,
        "pct_delta_psd": null,
        "candidacy_status_psd": "partido_inexistente",
        "cargo_diferente_psd": null,
        "map_delta": -42,
        "map_abs_delta": 42
      },
      "geometry": {
        "type": "Point",
        "coordinates": [
          -43.098407,
          -22.904908
        ]
      }
    },
    {
      "type": "Feature",
      "properties": {
        "pair": "2010-2018",
        "ano_inicio": 2010,
        "ano_fim": 2018,
        "nr_local": "1406",
        "nm_local": "COLÉGIO NITERÓI",
        "bairro": "ENGENHOCA",
        "local_status": "both",
        "secoes_inicio": 17,
        "secoes_fim": 6,
        "secoes_comuns": 6,
        "secoes_adicionadas": 0,
        "secoes_removidas": 11,
        "secoes_movidas_in": 0,
        "secoes_movidas_out": 0,
        "secao_churn": 0.6471,
        "tipo_inicio": "Geral",
        "tipo_fim": "Geral",
        "tipo_par": "Geral -> Geral",
        "votos_hugo_inicio": 47,
        "votos_hugo_fim": 2,
        "delta_hugo": -45,
        "pct_delta_hugo": -95.74,
        "candidacy_status_hugo": "concorreu",
        "cargo_diferente_hugo": false,
        "votos_felipe_inicio": 258,
        "votos_felipe_fim": 29,
        "delta_felipe": -229,
        "pct_delta_felipe": -88.76,
        "candidacy_status_felipe": "concorreu",
        "cargo_diferente_felipe": false,
        "votos_psd_inicio": null,
        "votos_psd_fim": null,
        "delta_psd": null,
        "pct_delta_psd": null,
        "candidacy_status_psd": "partido_inexistente",
        "cargo_diferente_psd": null,
        "map_delta": -45,
        "map_abs_delta": 45
      },
      "geometry": {
        "type": "Point",
        "coordinates": [
          -43.1018717,
          -22.8706133
        ]
      }
    },
    {
      "type": "Feature",
      "properties": {
        "pair": "2010-2018",
        "ano_inicio": 2010,
        "ano_fim": 2018,
        "nr_local": "1414",
        "nm_local": "UNIVERSIDADE SALGADO DE OLIVEIRA - BL B (PRÓXIMO AO GUANABARA)",
        "bairro": "CENTRO",
        "local_status": "both",
        "secoes_inicio": 7,
        "secoes_fim": 8,
        "secoes_comuns": 0,
        "secoes_adicionadas": 8,
        "secoes_removidas": 7,
        "secoes_movidas_in": 0,
        "secoes_movidas_out": 0,
        "secao_churn": 1.875,
        "tipo_inicio": "Geral",
        "tipo_fim": "Geral",
        "tipo_par": "Geral -> Geral",
        "votos_hugo_inicio": 19,
        "votos_hugo_fim": 5,
        "delta_hugo": -14,
        "pct_delta_hugo": -73.68,
        "candidacy_status_hugo": "concorreu",
        "cargo_diferente_hugo": false,
        "votos_felipe_inicio": 73,
        "votos_felipe_fim": 21,
        "delta_felipe": -52,
        "pct_delta_felipe": -71.23,
        "candidacy_status_felipe": "concorreu",
        "cargo_diferente_felipe": false,
        "votos_psd_inicio": null,
        "votos_psd_fim": null,
        "delta_psd": null,
        "pct_delta_psd": null,
        "candidacy_status_psd": "partido_inexistente",
        "cargo_diferente_psd": null,
        "map_delta": -14,
        "map_abs_delta": 14
      },
      "geometry": {
        "type": "Point",
        "coordinates": [
          -43.1172001,
          -22.8893447
        ]
      }
    },
    {
      "type": "Feature",
      "properties": {
        "pair": "2010-2018",
        "ano_inicio": 2010,
        "ano_fim": 2018,
        "nr_local": "1422",
        "nm_local": "CLUBE PORTUGUES DE NITEROI",
        "bairro": "SÃO DOMINGOS",
        "local_status": "both",
        "secoes_inicio": 5,
        "secoes_fim": 6,
        "secoes_comuns": 0,
        "secoes_adicionadas": 6,
        "secoes_removidas": 5,
        "secoes_movidas_in": 0,
        "secoes_movidas_out": 0,
        "secao_churn": 1.8333,
        "tipo_inicio": "Geral",
        "tipo_fim": "Geral",
        "tipo_par": "Geral -> Geral",
        "votos_hugo_inicio": 12,
        "votos_hugo_fim": 7,
        "delta_hugo": -5,
        "pct_delta_hugo": -41.67,
        "candidacy_status_hugo": "concorreu",
        "cargo_diferente_hugo": false,
        "votos_felipe_inicio": 33,
        "votos_felipe_fim": 72,
        "delta_felipe": 39,
        "pct_delta_felipe": 118.18,
        "candidacy_status_felipe": "concorreu",
        "cargo_diferente_felipe": false,
        "votos_psd_inicio": null,
        "votos_psd_fim": null,
        "delta_psd": null,
        "pct_delta_psd": null,
        "candidacy_status_psd": "partido_inexistente",
        "cargo_diferente_psd": null,
        "map_delta": -5,
        "map_abs_delta": 5
      },
      "geometry": {
        "type": "Point",
        "coordinates": [
          -43.1274594,
          -22.9021482
        ]
      }
    },
    {
      "type": "Feature",
      "properties": {
        "pair": "2010-2018",
        "ano_inicio": 2010,
        "ano_fim": 2018,
        "nr_local": "1430",
        "nm_local": "COLEGIO ESTADUAL AURELINO LEAL",
        "bairro": "INGÁ",
        "local_status": "end_only",
        "secoes_inicio": 0,
        "secoes_fim": 24,
        "secoes_comuns": 0,
        "secoes_adicionadas": 24,
        "secoes_removidas": 0,
        "secoes_movidas_in": 16,
        "secoes_movidas_out": 0,
        "secao_churn": 1,
        "tipo_inicio": "Geral",
        "tipo_fim": "Geral",
        "tipo_par": "Geral -> Geral",
        "votos_hugo_inicio": 0,
        "votos_hugo_fim": 28,
        "delta_hugo": 28,
        "pct_delta_hugo": null,
        "candidacy_status_hugo": "concorreu",
        "cargo_diferente_hugo": false,
        "votos_felipe_inicio": 0,
        "votos_felipe_fim": 108,
        "delta_felipe": 108,
        "pct_delta_felipe": null,
        "candidacy_status_felipe": "concorreu",
        "cargo_diferente_felipe": false,
        "votos_psd_inicio": null,
        "votos_psd_fim": null,
        "delta_psd": null,
        "pct_delta_psd": null,
        "candidacy_status_psd": "partido_inexistente",
        "cargo_diferente_psd": null,
        "map_delta": 28,
        "map_abs_delta": 28
      },
      "geometry": {
        "type": "Point",
        "coordinates": [
          -43.1254512,
          -22.9033321
        ]
      }
    },
    {
      "type": "Feature",
      "properties": {
        "pair": "2010-2018",
        "ano_inicio": 2010,
        "ano_fim": 2018,
        "nr_local": "1449",
        "nm_local": "CIEP 450 - BADU",
        "bairro": "BADU",
        "local_status": "both",
        "secoes_inicio": 18,
        "secoes_fim": 37,
        "secoes_comuns": 18,
        "secoes_adicionadas": 19,
        "secoes_removidas": 0,
        "secoes_movidas_in": 0,
        "secoes_movidas_out": 0,
        "secao_churn": 0.5135,
        "tipo_inicio": "Geral",
        "tipo_fim": "Geral",
        "tipo_par": "Geral -> Geral",
        "votos_hugo_inicio": 51,
        "votos_hugo_fim": 25,
        "delta_hugo": -26,
        "pct_delta_hugo": -50.98,
        "candidacy_status_hugo": "concorreu",
        "cargo_diferente_hugo": false,
        "votos_felipe_inicio": 381,
        "votos_felipe_fim": 228,
        "delta_felipe": -153,
        "pct_delta_felipe": -40.16,
        "candidacy_status_felipe": "concorreu",
        "cargo_diferente_felipe": false,
        "votos_psd_inicio": null,
        "votos_psd_fim": null,
        "delta_psd": null,
        "pct_delta_psd": null,
        "candidacy_status_psd": "partido_inexistente",
        "cargo_diferente_psd": null,
        "map_delta": -26,
        "map_abs_delta": 26
      },
      "geometry": {
        "type": "Point",
        "coordinates": [
          -43.0566124,
          -22.9071974
        ]
      }
    },
    {
      "type": "Feature",
      "properties": {
        "pair": "2010-2018",
        "ano_inicio": 2010,
        "ano_fim": 2018,
        "nr_local": "1457",
        "nm_local": "ÁGUAS DE NITEROI",
        "bairro": "CENTRO",
        "local_status": "both",
        "secoes_inicio": 11,
        "secoes_fim": 17,
        "secoes_comuns": 0,
        "secoes_adicionadas": 17,
        "secoes_removidas": 11,
        "secoes_movidas_in": 0,
        "secoes_movidas_out": 0,
        "secao_churn": 1.6471,
        "tipo_inicio": "Geral",
        "tipo_fim": "Geral",
        "tipo_par": "Geral -> Geral",
        "votos_hugo_inicio": 16,
        "votos_hugo_fim": 2,
        "delta_hugo": -14,
        "pct_delta_hugo": -87.5,
        "candidacy_status_hugo": "concorreu",
        "cargo_diferente_hugo": false,
        "votos_felipe_inicio": 127,
        "votos_felipe_fim": 94,
        "delta_felipe": -33,
        "pct_delta_felipe": -25.98,
        "candidacy_status_felipe": "concorreu",
        "cargo_diferente_felipe": false,
        "votos_psd_inicio": null,
        "votos_psd_fim": null,
        "delta_psd": null,
        "pct_delta_psd": null,
        "candidacy_status_psd": "partido_inexistente",
        "cargo_diferente_psd": null,
        "map_delta": -14,
        "map_abs_delta": 14
      },
      "geometry": {
        "type": "Point",
        "coordinates": [
          -43.1141378,
          -22.8915411
        ]
      }
    },
    {
      "type": "Feature",
      "properties": {
        "pair": "2010-2018",
        "ano_inicio": 2010,
        "ano_fim": 2018,
        "nr_local": "1465",
        "nm_local": "CENTRO UNIVERSITÁRIO ANHANGUERA (ANTIGO PLÍNIO LEITE)",
        "bairro": "CENTRO",
        "local_status": "both",
        "secoes_inicio": 9,
        "secoes_fim": 14,
        "secoes_comuns": 0,
        "secoes_adicionadas": 14,
        "secoes_removidas": 9,
        "secoes_movidas_in": 0,
        "secoes_movidas_out": 0,
        "secao_churn": 1.6429,
        "tipo_inicio": "Geral",
        "tipo_fim": "Geral",
        "tipo_par": "Geral -> Geral",
        "votos_hugo_inicio": 7,
        "votos_hugo_fim": 11,
        "delta_hugo": 4,
        "pct_delta_hugo": 57.14,
        "candidacy_status_hugo": "concorreu",
        "cargo_diferente_hugo": false,
        "votos_felipe_inicio": 56,
        "votos_felipe_fim": 50,
        "delta_felipe": -6,
        "pct_delta_felipe": -10.71,
        "candidacy_status_felipe": "concorreu",
        "cargo_diferente_felipe": false,
        "votos_psd_inicio": null,
        "votos_psd_fim": null,
        "delta_psd": null,
        "pct_delta_psd": null,
        "candidacy_status_psd": "partido_inexistente",
        "cargo_diferente_psd": null,
        "map_delta": 4,
        "map_abs_delta": 4
      },
      "geometry": {
        "type": "Point",
        "coordinates": [
          -43.1245632,
          -22.8869267
        ]
      }
    },
    {
      "type": "Feature",
      "properties": {
        "pair": "2010-2018",
        "ano_inicio": 2010,
        "ano_fim": 2018,
        "nr_local": "1473",
        "nm_local": "COLÉGIO FORUM CULTURAL",
        "bairro": "CANTAGALO",
        "local_status": "both",
        "secoes_inicio": 19,
        "secoes_fim": 31,
        "secoes_comuns": 8,
        "secoes_adicionadas": 23,
        "secoes_removidas": 11,
        "secoes_movidas_in": 0,
        "secoes_movidas_out": 0,
        "secao_churn": 1.0968,
        "tipo_inicio": "Geral",
        "tipo_fim": "Geral",
        "tipo_par": "Geral -> Geral",
        "votos_hugo_inicio": 34,
        "votos_hugo_fim": 32,
        "delta_hugo": -2,
        "pct_delta_hugo": -5.88,
        "candidacy_status_hugo": "concorreu",
        "cargo_diferente_hugo": false,
        "votos_felipe_inicio": 282,
        "votos_felipe_fim": 170,
        "delta_felipe": -112,
        "pct_delta_felipe": -39.72,
        "candidacy_status_felipe": "concorreu",
        "cargo_diferente_felipe": false,
        "votos_psd_inicio": null,
        "votos_psd_fim": null,
        "delta_psd": null,
        "pct_delta_psd": null,
        "candidacy_status_psd": "partido_inexistente",
        "cargo_diferente_psd": null,
        "map_delta": -2,
        "map_abs_delta": 2
      },
      "geometry": {
        "type": "Point",
        "coordinates": [
          -43.0490094,
          -22.9163184
        ]
      }
    },
    {
      "type": "Feature",
      "properties": {
        "pair": "2010-2018",
        "ano_inicio": 2010,
        "ano_fim": 2018,
        "nr_local": "1481",
        "nm_local": "ESCOLA MUNICIPAL MAESTRO HEITOR VILLA-LOBOS (''COLÉGIO NOVO'')",
        "bairro": "ILHA DA CONCEIÇÃO",
        "local_status": "both",
        "secoes_inicio": 9,
        "secoes_fim": 20,
        "secoes_comuns": 0,
        "secoes_adicionadas": 20,
        "secoes_removidas": 9,
        "secoes_movidas_in": 0,
        "secoes_movidas_out": 0,
        "secao_churn": 1.45,
        "tipo_inicio": "Geral",
        "tipo_fim": "Geral",
        "tipo_par": "Geral -> Geral",
        "votos_hugo_inicio": 13,
        "votos_hugo_fim": 15,
        "delta_hugo": 2,
        "pct_delta_hugo": 15.38,
        "candidacy_status_hugo": "concorreu",
        "cargo_diferente_hugo": false,
        "votos_felipe_inicio": 96,
        "votos_felipe_fim": 91,
        "delta_felipe": -5,
        "pct_delta_felipe": -5.21,
        "candidacy_status_felipe": "concorreu",
        "cargo_diferente_felipe": false,
        "votos_psd_inicio": null,
        "votos_psd_fim": null,
        "delta_psd": null,
        "pct_delta_psd": null,
        "candidacy_status_psd": "partido_inexistente",
        "cargo_diferente_psd": null,
        "map_delta": 2,
        "map_abs_delta": 2
      },
      "geometry": {
        "type": "Point",
        "coordinates": [
          -43.1156463,
          -22.8731482
        ]
      }
    },
    {
      "type": "Feature",
      "properties": {
        "pair": "2010-2018",
        "ano_inicio": 2010,
        "ano_fim": 2018,
        "nr_local": "1490",
        "nm_local": "IGREJA BATISTA DO FONSECA",
        "bairro": "FONSECA",
        "local_status": "both",
        "secoes_inicio": 6,
        "secoes_fim": 5,
        "secoes_comuns": 0,
        "secoes_adicionadas": 5,
        "secoes_removidas": 6,
        "secoes_movidas_in": 0,
        "secoes_movidas_out": 0,
        "secao_churn": 1.8333,
        "tipo_inicio": "Geral",
        "tipo_fim": "Geral",
        "tipo_par": "Geral -> Geral",
        "votos_hugo_inicio": 9,
        "votos_hugo_fim": 3,
        "delta_hugo": -6,
        "pct_delta_hugo": -66.67,
        "candidacy_status_hugo": "concorreu",
        "cargo_diferente_hugo": false,
        "votos_felipe_inicio": 119,
        "votos_felipe_fim": 21,
        "delta_felipe": -98,
        "pct_delta_felipe": -82.35,
        "candidacy_status_felipe": "concorreu",
        "cargo_diferente_felipe": false,
        "votos_psd_inicio": null,
        "votos_psd_fim": null,
        "delta_psd": null,
        "pct_delta_psd": null,
        "candidacy_status_psd": "partido_inexistente",
        "cargo_diferente_psd": null,
        "map_delta": -6,
        "map_abs_delta": 6
      },
      "geometry": {
        "type": "Point",
        "coordinates": [
          -43.0865383,
          -22.8810878
        ]
      }
    },
    {
      "type": "Feature",
      "properties": {
        "pair": "2010-2018",
        "ano_inicio": 2010,
        "ano_fim": 2018,
        "nr_local": "1503",
        "nm_local": "SERVICO DE ASSISTENCIA SOCIAL SAO DOMINGOS SAVIO",
        "bairro": "SANTA ROSA",
        "local_status": "both",
        "secoes_inicio": 5,
        "secoes_fim": 9,
        "secoes_comuns": 0,
        "secoes_adicionadas": 9,
        "secoes_removidas": 5,
        "secoes_movidas_in": 0,
        "secoes_movidas_out": 0,
        "secao_churn": 1.5556,
        "tipo_inicio": "Geral",
        "tipo_fim": "Geral",
        "tipo_par": "Geral -> Geral",
        "votos_hugo_inicio": 18,
        "votos_hugo_fim": 18,
        "delta_hugo": 0,
        "pct_delta_hugo": 0,
        "candidacy_status_hugo": "concorreu",
        "cargo_diferente_hugo": false,
        "votos_felipe_inicio": 66,
        "votos_felipe_fim": 81,
        "delta_felipe": 15,
        "pct_delta_felipe": 22.73,
        "candidacy_status_felipe": "concorreu",
        "cargo_diferente_felipe": false,
        "votos_psd_inicio": null,
        "votos_psd_fim": null,
        "delta_psd": null,
        "pct_delta_psd": null,
        "candidacy_status_psd": "partido_inexistente",
        "cargo_diferente_psd": null,
        "map_delta": 0,
        "map_abs_delta": 0
      },
      "geometry": {
        "type": "Point",
        "coordinates": [
          -43.0928214,
          -22.8988024
        ]
      }
    },
    {
      "type": "Feature",
      "properties": {
        "pair": "2010-2018",
        "ano_inicio": 2010,
        "ano_fim": 2018,
        "nr_local": "1511",
        "nm_local": "FACULDADE DE ADMINISTRAÇÃO E CIÊNCIAS CONTÁBEIS (VALONGUINHO)",
        "bairro": "CENTRO",
        "local_status": "end_only",
        "secoes_inicio": 0,
        "secoes_fim": 18,
        "secoes_comuns": 0,
        "secoes_adicionadas": 18,
        "secoes_removidas": 0,
        "secoes_movidas_in": 0,
        "secoes_movidas_out": 0,
        "secao_churn": 1,
        "tipo_inicio": "Geral",
        "tipo_fim": "Geral",
        "tipo_par": "Geral -> Geral",
        "votos_hugo_inicio": 0,
        "votos_hugo_fim": 10,
        "delta_hugo": 10,
        "pct_delta_hugo": null,
        "candidacy_status_hugo": "concorreu",
        "cargo_diferente_hugo": false,
        "votos_felipe_inicio": 0,
        "votos_felipe_fim": 76,
        "delta_felipe": 76,
        "pct_delta_felipe": null,
        "candidacy_status_felipe": "concorreu",
        "cargo_diferente_felipe": false,
        "votos_psd_inicio": null,
        "votos_psd_fim": null,
        "delta_psd": null,
        "pct_delta_psd": null,
        "candidacy_status_psd": "partido_inexistente",
        "cargo_diferente_psd": null,
        "map_delta": 10,
        "map_abs_delta": 10
      },
      "geometry": {
        "type": "Point",
        "coordinates": [
          -43.1252439,
          -22.8967413
        ]
      }
    },
    {
      "type": "Feature",
      "properties": {
        "pair": "2010-2018",
        "ano_inicio": 2010,
        "ano_fim": 2018,
        "nr_local": "1520",
        "nm_local": "ESCOLA MUNICIPAL LEVI CARNEIRO",
        "bairro": "SAPÊ",
        "local_status": "both",
        "secoes_inicio": 4,
        "secoes_fim": 22,
        "secoes_comuns": 0,
        "secoes_adicionadas": 22,
        "secoes_removidas": 4,
        "secoes_movidas_in": 0,
        "secoes_movidas_out": 0,
        "secao_churn": 1.1818,
        "tipo_inicio": "Geral",
        "tipo_fim": "Geral",
        "tipo_par": "Geral -> Geral",
        "votos_hugo_inicio": 5,
        "votos_hugo_fim": 12,
        "delta_hugo": 7,
        "pct_delta_hugo": 140,
        "candidacy_status_hugo": "concorreu",
        "cargo_diferente_hugo": false,
        "votos_felipe_inicio": 44,
        "votos_felipe_fim": 132,
        "delta_felipe": 88,
        "pct_delta_felipe": 200,
        "candidacy_status_felipe": "concorreu",
        "cargo_diferente_felipe": false,
        "votos_psd_inicio": null,
        "votos_psd_fim": null,
        "delta_psd": null,
        "pct_delta_psd": null,
        "candidacy_status_psd": "partido_inexistente",
        "cargo_diferente_psd": null,
        "map_delta": 7,
        "map_abs_delta": 7
      },
      "geometry": {
        "type": "Point",
        "coordinates": [
          -43.0583864,
          -22.8961721
        ]
      }
    },
    {
      "type": "Feature",
      "properties": {
        "pair": "2010-2018",
        "ano_inicio": 2010,
        "ano_fim": 2018,
        "nr_local": "1538",
        "nm_local": "ESCOLA CATAVENTO ESPAÇO DE EDUCAÇÃO",
        "bairro": "SAPÊ",
        "local_status": "both",
        "secoes_inicio": 7,
        "secoes_fim": 15,
        "secoes_comuns": 0,
        "secoes_adicionadas": 15,
        "secoes_removidas": 7,
        "secoes_movidas_in": 0,
        "secoes_movidas_out": 0,
        "secao_churn": 1.4667,
        "tipo_inicio": "Geral",
        "tipo_fim": "Geral",
        "tipo_par": "Geral -> Geral",
        "votos_hugo_inicio": 26,
        "votos_hugo_fim": 7,
        "delta_hugo": -19,
        "pct_delta_hugo": -73.08,
        "candidacy_status_hugo": "concorreu",
        "cargo_diferente_hugo": false,
        "votos_felipe_inicio": 130,
        "votos_felipe_fim": 56,
        "delta_felipe": -74,
        "pct_delta_felipe": -56.92,
        "candidacy_status_felipe": "concorreu",
        "cargo_diferente_felipe": false,
        "votos_psd_inicio": null,
        "votos_psd_fim": null,
        "delta_psd": null,
        "pct_delta_psd": null,
        "candidacy_status_psd": "partido_inexistente",
        "cargo_diferente_psd": null,
        "map_delta": -19,
        "map_abs_delta": 19
      },
      "geometry": {
        "type": "Point",
        "coordinates": [
          -43.0635188,
          -22.9024713
        ]
      }
    },
    {
      "type": "Feature",
      "properties": {
        "pair": "2010-2018",
        "ano_inicio": 2010,
        "ano_fim": 2018,
        "nr_local": "1546",
        "nm_local": "UNIVERSIDADE SALGADO DE OLIVEIRA - BL A",
        "bairro": "CENTRO",
        "local_status": "both",
        "secoes_inicio": 5,
        "secoes_fim": 25,
        "secoes_comuns": 0,
        "secoes_adicionadas": 25,
        "secoes_removidas": 5,
        "secoes_movidas_in": 0,
        "secoes_movidas_out": 0,
        "secao_churn": 1.2,
        "tipo_inicio": "Geral",
        "tipo_fim": "Geral",
        "tipo_par": "Geral -> Geral",
        "votos_hugo_inicio": 7,
        "votos_hugo_fim": 14,
        "delta_hugo": 7,
        "pct_delta_hugo": 100,
        "candidacy_status_hugo": "concorreu",
        "cargo_diferente_hugo": false,
        "votos_felipe_inicio": 105,
        "votos_felipe_fim": 133,
        "delta_felipe": 28,
        "pct_delta_felipe": 26.67,
        "candidacy_status_felipe": "concorreu",
        "cargo_diferente_felipe": false,
        "votos_psd_inicio": null,
        "votos_psd_fim": null,
        "delta_psd": null,
        "pct_delta_psd": null,
        "candidacy_status_psd": "partido_inexistente",
        "cargo_diferente_psd": null,
        "map_delta": 7,
        "map_abs_delta": 7
      },
      "geometry": {
        "type": "Point",
        "coordinates": [
          -43.1186087,
          -22.8894749
        ]
      }
    },
    {
      "type": "Feature",
      "properties": {
        "pair": "2010-2018",
        "ano_inicio": 2010,
        "ano_fim": 2018,
        "nr_local": "1554",
        "nm_local": "JARDIM ESCOLA GIRASSÓIS",
        "bairro": "LARGO DA BATALHA",
        "local_status": "both",
        "secoes_inicio": 7,
        "secoes_fim": 34,
        "secoes_comuns": 0,
        "secoes_adicionadas": 34,
        "secoes_removidas": 7,
        "secoes_movidas_in": 0,
        "secoes_movidas_out": 0,
        "secao_churn": 1.2059,
        "tipo_inicio": "Geral",
        "tipo_fim": "Geral",
        "tipo_par": "Geral -> Geral",
        "votos_hugo_inicio": 16,
        "votos_hugo_fim": 28,
        "delta_hugo": 12,
        "pct_delta_hugo": 75,
        "candidacy_status_hugo": "concorreu",
        "cargo_diferente_hugo": false,
        "votos_felipe_inicio": 46,
        "votos_felipe_fim": 181,
        "delta_felipe": 135,
        "pct_delta_felipe": 293.48,
        "candidacy_status_felipe": "concorreu",
        "cargo_diferente_felipe": false,
        "votos_psd_inicio": null,
        "votos_psd_fim": null,
        "delta_psd": null,
        "pct_delta_psd": null,
        "candidacy_status_psd": "partido_inexistente",
        "cargo_diferente_psd": null,
        "map_delta": 12,
        "map_abs_delta": 12
      },
      "geometry": {
        "type": "Point",
        "coordinates": [
          -43.0652722,
          -22.9077414
        ]
      }
    },
    {
      "type": "Feature",
      "properties": {
        "pair": "2010-2018",
        "ano_inicio": 2010,
        "ano_fim": 2018,
        "nr_local": "1562",
        "nm_local": "COLEGIO ESTADUAL RAUL VIDAL",
        "bairro": "CENTRO",
        "local_status": "end_only",
        "secoes_inicio": 0,
        "secoes_fim": 23,
        "secoes_comuns": 0,
        "secoes_adicionadas": 23,
        "secoes_removidas": 0,
        "secoes_movidas_in": 0,
        "secoes_movidas_out": 0,
        "secao_churn": 1,
        "tipo_inicio": "Geral",
        "tipo_fim": "Geral",
        "tipo_par": "Geral -> Geral",
        "votos_hugo_inicio": 0,
        "votos_hugo_fim": 27,
        "delta_hugo": 27,
        "pct_delta_hugo": null,
        "candidacy_status_hugo": "concorreu",
        "cargo_diferente_hugo": false,
        "votos_felipe_inicio": 0,
        "votos_felipe_fim": 78,
        "delta_felipe": 78,
        "pct_delta_felipe": null,
        "candidacy_status_felipe": "concorreu",
        "cargo_diferente_felipe": false,
        "votos_psd_inicio": null,
        "votos_psd_fim": null,
        "delta_psd": null,
        "pct_delta_psd": null,
        "candidacy_status_psd": "partido_inexistente",
        "cargo_diferente_psd": null,
        "map_delta": 27,
        "map_abs_delta": 27
      },
      "geometry": {
        "type": "Point",
        "coordinates": [
          -43.1242688,
          -22.8862372
        ]
      }
    },
    {
      "type": "Feature",
      "properties": {
        "pair": "2010-2018",
        "ano_inicio": 2010,
        "ano_fim": 2018,
        "nr_local": "1570",
        "nm_local": "IGREJA DO SANTUARIO NACIONAL DAS ALMAS",
        "bairro": "ICARAÍ",
        "local_status": "end_only",
        "secoes_inicio": 0,
        "secoes_fim": 25,
        "secoes_comuns": 0,
        "secoes_adicionadas": 25,
        "secoes_removidas": 0,
        "secoes_movidas_in": 0,
        "secoes_movidas_out": 0,
        "secao_churn": 1,
        "tipo_inicio": "Geral",
        "tipo_fim": "Geral",
        "tipo_par": "Geral -> Geral",
        "votos_hugo_inicio": 0,
        "votos_hugo_fim": 16,
        "delta_hugo": 16,
        "pct_delta_hugo": null,
        "candidacy_status_hugo": "concorreu",
        "cargo_diferente_hugo": false,
        "votos_felipe_inicio": 0,
        "votos_felipe_fim": 131,
        "delta_felipe": 131,
        "pct_delta_felipe": null,
        "candidacy_status_felipe": "concorreu",
        "cargo_diferente_felipe": false,
        "votos_psd_inicio": null,
        "votos_psd_fim": null,
        "delta_psd": null,
        "pct_delta_psd": null,
        "candidacy_status_psd": "partido_inexistente",
        "cargo_diferente_psd": null,
        "map_delta": 16,
        "map_abs_delta": 16
      },
      "geometry": {
        "type": "Point",
        "coordinates": [
          -43.1107182,
          -22.9004522
        ]
      }
    },
    {
      "type": "Feature",
      "properties": {
        "pair": "2010-2018",
        "ano_inicio": 2010,
        "ano_fim": 2018,
        "nr_local": "1589",
        "nm_local": "COLÉGIO NOSSA SENHORA DAS MERCÊS",
        "bairro": "FONSECA",
        "local_status": "both",
        "secoes_inicio": 5,
        "secoes_fim": 26,
        "secoes_comuns": 0,
        "secoes_adicionadas": 26,
        "secoes_removidas": 5,
        "secoes_movidas_in": 0,
        "secoes_movidas_out": 0,
        "secao_churn": 1.1923,
        "tipo_inicio": "Geral",
        "tipo_fim": "Geral",
        "tipo_par": "Geral -> Geral",
        "votos_hugo_inicio": 4,
        "votos_hugo_fim": 47,
        "delta_hugo": 43,
        "pct_delta_hugo": 1075,
        "candidacy_status_hugo": "concorreu",
        "cargo_diferente_hugo": false,
        "votos_felipe_inicio": 61,
        "votos_felipe_fim": 223,
        "delta_felipe": 162,
        "pct_delta_felipe": 265.57,
        "candidacy_status_felipe": "concorreu",
        "cargo_diferente_felipe": false,
        "votos_psd_inicio": null,
        "votos_psd_fim": null,
        "delta_psd": null,
        "pct_delta_psd": null,
        "candidacy_status_psd": "partido_inexistente",
        "cargo_diferente_psd": null,
        "map_delta": 43,
        "map_abs_delta": 43
      },
      "geometry": {
        "type": "Point",
        "coordinates": [
          -43.1023535,
          -22.880345
        ]
      }
    },
    {
      "type": "Feature",
      "properties": {
        "pair": "2010-2018",
        "ano_inicio": 2010,
        "ano_fim": 2018,
        "nr_local": "1597",
        "nm_local": "COLÉGIO PONTO DE ENSINO",
        "bairro": "ICARAÍ",
        "local_status": "both",
        "secoes_inicio": 6,
        "secoes_fim": 25,
        "secoes_comuns": 0,
        "secoes_adicionadas": 25,
        "secoes_removidas": 6,
        "secoes_movidas_in": 0,
        "secoes_movidas_out": 0,
        "secao_churn": 1.24,
        "tipo_inicio": "Geral",
        "tipo_fim": "Geral",
        "tipo_par": "Geral -> Geral",
        "votos_hugo_inicio": 21,
        "votos_hugo_fim": 31,
        "delta_hugo": 10,
        "pct_delta_hugo": 47.62,
        "candidacy_status_hugo": "concorreu",
        "cargo_diferente_hugo": false,
        "votos_felipe_inicio": 141,
        "votos_felipe_fim": 177,
        "delta_felipe": 36,
        "pct_delta_felipe": 25.53,
        "candidacy_status_felipe": "concorreu",
        "cargo_diferente_felipe": false,
        "votos_psd_inicio": null,
        "votos_psd_fim": null,
        "delta_psd": null,
        "pct_delta_psd": null,
        "candidacy_status_psd": "partido_inexistente",
        "cargo_diferente_psd": null,
        "map_delta": 10,
        "map_abs_delta": 10
      },
      "geometry": {
        "type": "Point",
        "coordinates": [
          -43.1095209,
          -22.9092421
        ]
      }
    },
    {
      "type": "Feature",
      "properties": {
        "pair": "2010-2018",
        "ano_inicio": 2010,
        "ano_fim": 2018,
        "nr_local": "1600",
        "nm_local": "INSTITUTO DE EDUCAÇÃO PROFESSOR ISMAEL COUTINHO - IEPIC",
        "bairro": "SÃO DOMINGOS",
        "local_status": "both",
        "secoes_inicio": 8,
        "secoes_fim": 21,
        "secoes_comuns": 0,
        "secoes_adicionadas": 21,
        "secoes_removidas": 8,
        "secoes_movidas_in": 0,
        "secoes_movidas_out": 0,
        "secao_churn": 1.381,
        "tipo_inicio": "Geral",
        "tipo_fim": "Geral",
        "tipo_par": "Geral -> Geral",
        "votos_hugo_inicio": 25,
        "votos_hugo_fim": 9,
        "delta_hugo": -16,
        "pct_delta_hugo": -64,
        "candidacy_status_hugo": "concorreu",
        "cargo_diferente_hugo": false,
        "votos_felipe_inicio": 233,
        "votos_felipe_fim": 52,
        "delta_felipe": -181,
        "pct_delta_felipe": -77.68,
        "candidacy_status_felipe": "concorreu",
        "cargo_diferente_felipe": false,
        "votos_psd_inicio": null,
        "votos_psd_fim": null,
        "delta_psd": null,
        "pct_delta_psd": null,
        "candidacy_status_psd": "partido_inexistente",
        "cargo_diferente_psd": null,
        "map_delta": -16,
        "map_abs_delta": 16
      },
      "geometry": {
        "type": "Point",
        "coordinates": [
          -43.1271052,
          -22.8989767
        ]
      }
    },
    {
      "type": "Feature",
      "properties": {
        "pair": "2010-2018",
        "ano_inicio": 2010,
        "ano_fim": 2018,
        "nr_local": "1619",
        "nm_local": "COLEGIO ESTADUAL JOAQUIM TAVORA",
        "bairro": "ICARAÍ",
        "local_status": "end_only",
        "secoes_inicio": 0,
        "secoes_fim": 30,
        "secoes_comuns": 0,
        "secoes_adicionadas": 30,
        "secoes_removidas": 0,
        "secoes_movidas_in": 0,
        "secoes_movidas_out": 0,
        "secao_churn": 1,
        "tipo_inicio": "Geral",
        "tipo_fim": "Geral",
        "tipo_par": "Geral -> Geral",
        "votos_hugo_inicio": 0,
        "votos_hugo_fim": 24,
        "delta_hugo": 24,
        "pct_delta_hugo": null,
        "candidacy_status_hugo": "concorreu",
        "cargo_diferente_hugo": false,
        "votos_felipe_inicio": 0,
        "votos_felipe_fim": 151,
        "delta_felipe": 151,
        "pct_delta_felipe": null,
        "candidacy_status_felipe": "concorreu",
        "cargo_diferente_felipe": false,
        "votos_psd_inicio": null,
        "votos_psd_fim": null,
        "delta_psd": null,
        "pct_delta_psd": null,
        "candidacy_status_psd": "partido_inexistente",
        "cargo_diferente_psd": null,
        "map_delta": 24,
        "map_abs_delta": 24
      },
      "geometry": {
        "type": "Point",
        "coordinates": [
          -43.1081976,
          -22.9048788
        ]
      }
    },
    {
      "type": "Feature",
      "properties": {
        "pair": "2010-2018",
        "ano_inicio": 2010,
        "ano_fim": 2018,
        "nr_local": "1627",
        "nm_local": "ESCOLA ESTADUAL DOUTOR JAYME MEMORIA",
        "bairro": "CUBANGO",
        "local_status": "end_only",
        "secoes_inicio": 0,
        "secoes_fim": 22,
        "secoes_comuns": 0,
        "secoes_adicionadas": 22,
        "secoes_removidas": 0,
        "secoes_movidas_in": 0,
        "secoes_movidas_out": 0,
        "secao_churn": 1,
        "tipo_inicio": "Geral",
        "tipo_fim": "Geral",
        "tipo_par": "Geral -> Geral",
        "votos_hugo_inicio": 0,
        "votos_hugo_fim": 15,
        "delta_hugo": 15,
        "pct_delta_hugo": null,
        "candidacy_status_hugo": "concorreu",
        "cargo_diferente_hugo": false,
        "votos_felipe_inicio": 0,
        "votos_felipe_fim": 136,
        "delta_felipe": 136,
        "pct_delta_felipe": null,
        "candidacy_status_felipe": "concorreu",
        "cargo_diferente_felipe": false,
        "votos_psd_inicio": null,
        "votos_psd_fim": null,
        "delta_psd": null,
        "pct_delta_psd": null,
        "candidacy_status_psd": "partido_inexistente",
        "cargo_diferente_psd": null,
        "map_delta": 15,
        "map_abs_delta": 15
      },
      "geometry": {
        "type": "Point",
        "coordinates": [
          -43.0937712,
          -22.88949
        ]
      }
    },
    {
      "type": "Feature",
      "properties": {
        "pair": "2010-2018",
        "ano_inicio": 2010,
        "ano_fim": 2018,
        "nr_local": "1635",
        "nm_local": "ESCOLA MUNICIPAL DOM JOSÉ PEREIRA ALVES",
        "bairro": "FONSECA",
        "local_status": "both",
        "secoes_inicio": 12,
        "secoes_fim": 14,
        "secoes_comuns": 0,
        "secoes_adicionadas": 14,
        "secoes_removidas": 12,
        "secoes_movidas_in": 0,
        "secoes_movidas_out": 0,
        "secao_churn": 1.8571,
        "tipo_inicio": "Geral",
        "tipo_fim": "Geral",
        "tipo_par": "Geral -> Geral",
        "votos_hugo_inicio": 27,
        "votos_hugo_fim": 5,
        "delta_hugo": -22,
        "pct_delta_hugo": -81.48,
        "candidacy_status_hugo": "concorreu",
        "cargo_diferente_hugo": false,
        "votos_felipe_inicio": 268,
        "votos_felipe_fim": 48,
        "delta_felipe": -220,
        "pct_delta_felipe": -82.09,
        "candidacy_status_felipe": "concorreu",
        "cargo_diferente_felipe": false,
        "votos_psd_inicio": null,
        "votos_psd_fim": null,
        "delta_psd": null,
        "pct_delta_psd": null,
        "candidacy_status_psd": "partido_inexistente",
        "cargo_diferente_psd": null,
        "map_delta": -22,
        "map_abs_delta": 22
      },
      "geometry": {
        "type": "Point",
        "coordinates": [
          -43.0920686,
          -22.8783038
        ]
      }
    },
    {
      "type": "Feature",
      "properties": {
        "pair": "2010-2018",
        "ano_inicio": 2010,
        "ano_fim": 2018,
        "nr_local": "1643",
        "nm_local": "CENTRO MODERNO ALZIRA BITTENCOURT",
        "bairro": "ICARAÍ",
        "local_status": "both",
        "secoes_inicio": 6,
        "secoes_fim": 11,
        "secoes_comuns": 0,
        "secoes_adicionadas": 11,
        "secoes_removidas": 6,
        "secoes_movidas_in": 0,
        "secoes_movidas_out": 0,
        "secao_churn": 1.5455,
        "tipo_inicio": "Geral",
        "tipo_fim": "Geral",
        "tipo_par": "Geral -> Geral",
        "votos_hugo_inicio": 25,
        "votos_hugo_fim": 10,
        "delta_hugo": -15,
        "pct_delta_hugo": -60,
        "candidacy_status_hugo": "concorreu",
        "cargo_diferente_hugo": false,
        "votos_felipe_inicio": 138,
        "votos_felipe_fim": 55,
        "delta_felipe": -83,
        "pct_delta_felipe": -60.14,
        "candidacy_status_felipe": "concorreu",
        "cargo_diferente_felipe": false,
        "votos_psd_inicio": null,
        "votos_psd_fim": null,
        "delta_psd": null,
        "pct_delta_psd": null,
        "candidacy_status_psd": "partido_inexistente",
        "cargo_diferente_psd": null,
        "map_delta": -15,
        "map_abs_delta": 15
      },
      "geometry": {
        "type": "Point",
        "coordinates": [
          -43.110746,
          -22.9012326
        ]
      }
    },
    {
      "type": "Feature",
      "properties": {
        "pair": "2010-2018",
        "ano_inicio": 2010,
        "ano_fim": 2018,
        "nr_local": "1651",
        "nm_local": "PH COLÉGIO",
        "bairro": "ICARAÍ",
        "local_status": "end_only",
        "secoes_inicio": 0,
        "secoes_fim": 23,
        "secoes_comuns": 0,
        "secoes_adicionadas": 23,
        "secoes_removidas": 0,
        "secoes_movidas_in": 0,
        "secoes_movidas_out": 0,
        "secao_churn": 1,
        "tipo_inicio": "Geral",
        "tipo_fim": "Geral",
        "tipo_par": "Geral -> Geral",
        "votos_hugo_inicio": 0,
        "votos_hugo_fim": 23,
        "delta_hugo": 23,
        "pct_delta_hugo": null,
        "candidacy_status_hugo": "concorreu",
        "cargo_diferente_hugo": false,
        "votos_felipe_inicio": 0,
        "votos_felipe_fim": 92,
        "delta_felipe": 92,
        "pct_delta_felipe": null,
        "candidacy_status_felipe": "concorreu",
        "cargo_diferente_felipe": false,
        "votos_psd_inicio": null,
        "votos_psd_fim": null,
        "delta_psd": null,
        "pct_delta_psd": null,
        "candidacy_status_psd": "partido_inexistente",
        "cargo_diferente_psd": null,
        "map_delta": 23,
        "map_abs_delta": 23
      },
      "geometry": {
        "type": "Point",
        "coordinates": [
          -43.1110377,
          -22.9006508
        ]
      }
    },
    {
      "type": "Feature",
      "properties": {
        "pair": "2010-2018",
        "ano_inicio": 2010,
        "ano_fim": 2018,
        "nr_local": "1660",
        "nm_local": "CLUBE CENTRAL",
        "bairro": "ICARAÍ",
        "local_status": "both",
        "secoes_inicio": 2,
        "secoes_fim": 38,
        "secoes_comuns": 0,
        "secoes_adicionadas": 38,
        "secoes_removidas": 2,
        "secoes_movidas_in": 0,
        "secoes_movidas_out": 0,
        "secao_churn": 1.0526,
        "tipo_inicio": "Geral",
        "tipo_fim": "Geral",
        "tipo_par": "Geral -> Geral",
        "votos_hugo_inicio": 9,
        "votos_hugo_fim": 53,
        "delta_hugo": 44,
        "pct_delta_hugo": 488.89,
        "candidacy_status_hugo": "concorreu",
        "cargo_diferente_hugo": false,
        "votos_felipe_inicio": 44,
        "votos_felipe_fim": 258,
        "delta_felipe": 214,
        "pct_delta_felipe": 486.36,
        "candidacy_status_felipe": "concorreu",
        "cargo_diferente_felipe": false,
        "votos_psd_inicio": null,
        "votos_psd_fim": null,
        "delta_psd": null,
        "pct_delta_psd": null,
        "candidacy_status_psd": "partido_inexistente",
        "cargo_diferente_psd": null,
        "map_delta": 44,
        "map_abs_delta": 44
      },
      "geometry": {
        "type": "Point",
        "coordinates": [
          -43.111789,
          -22.9075784
        ]
      }
    },
    {
      "type": "Feature",
      "properties": {
        "pair": "2010-2018",
        "ano_inicio": 2010,
        "ano_fim": 2018,
        "nr_local": "1678",
        "nm_local": "LICEU NILO PEÇANHA",
        "bairro": "CENTRO",
        "local_status": "end_only",
        "secoes_inicio": 0,
        "secoes_fim": 24,
        "secoes_comuns": 0,
        "secoes_adicionadas": 24,
        "secoes_removidas": 0,
        "secoes_movidas_in": 0,
        "secoes_movidas_out": 0,
        "secao_churn": 1,
        "tipo_inicio": "Geral",
        "tipo_fim": "Geral",
        "tipo_par": "Geral -> Geral",
        "votos_hugo_inicio": 0,
        "votos_hugo_fim": 15,
        "delta_hugo": 15,
        "pct_delta_hugo": null,
        "candidacy_status_hugo": "concorreu",
        "cargo_diferente_hugo": false,
        "votos_felipe_inicio": 0,
        "votos_felipe_fim": 108,
        "delta_felipe": 108,
        "pct_delta_felipe": null,
        "candidacy_status_felipe": "concorreu",
        "cargo_diferente_felipe": false,
        "votos_psd_inicio": null,
        "votos_psd_fim": null,
        "delta_psd": null,
        "pct_delta_psd": null,
        "candidacy_status_psd": "partido_inexistente",
        "cargo_diferente_psd": null,
        "map_delta": 15,
        "map_abs_delta": 15
      },
      "geometry": {
        "type": "Point",
        "coordinates": [
          -43.1165611,
          -22.8935707
        ]
      }
    },
    {
      "type": "Feature",
      "properties": {
        "pair": "2010-2018",
        "ano_inicio": 2010,
        "ano_fim": 2018,
        "nr_local": "1686",
        "nm_local": "COLÉGIO DA POLÍCIA MILITAR",
        "bairro": "FONSECA",
        "local_status": "end_only",
        "secoes_inicio": 0,
        "secoes_fim": 21,
        "secoes_comuns": 0,
        "secoes_adicionadas": 21,
        "secoes_removidas": 0,
        "secoes_movidas_in": 0,
        "secoes_movidas_out": 0,
        "secao_churn": 1,
        "tipo_inicio": "Geral",
        "tipo_fim": "Geral",
        "tipo_par": "Geral -> Geral",
        "votos_hugo_inicio": 0,
        "votos_hugo_fim": 15,
        "delta_hugo": 15,
        "pct_delta_hugo": null,
        "candidacy_status_hugo": "concorreu",
        "cargo_diferente_hugo": false,
        "votos_felipe_inicio": 0,
        "votos_felipe_fim": 106,
        "delta_felipe": 106,
        "pct_delta_felipe": null,
        "candidacy_status_felipe": "concorreu",
        "cargo_diferente_felipe": false,
        "votos_psd_inicio": null,
        "votos_psd_fim": null,
        "delta_psd": null,
        "pct_delta_psd": null,
        "candidacy_status_psd": "partido_inexistente",
        "cargo_diferente_psd": null,
        "map_delta": 15,
        "map_abs_delta": 15
      },
      "geometry": {
        "type": "Point",
        "coordinates": [
          -43.0820149,
          -22.8818063
        ]
      }
    },
    {
      "type": "Feature",
      "properties": {
        "pair": "2010-2018",
        "ano_inicio": 2010,
        "ano_fim": 2018,
        "nr_local": "1694",
        "nm_local": "RIO CRICKET",
        "bairro": "INGÁ",
        "local_status": "end_only",
        "secoes_inicio": 0,
        "secoes_fim": 9,
        "secoes_comuns": 0,
        "secoes_adicionadas": 9,
        "secoes_removidas": 0,
        "secoes_movidas_in": 0,
        "secoes_movidas_out": 0,
        "secao_churn": 1,
        "tipo_inicio": "Geral",
        "tipo_fim": "Geral",
        "tipo_par": "Geral -> Geral",
        "votos_hugo_inicio": 0,
        "votos_hugo_fim": 11,
        "delta_hugo": 11,
        "pct_delta_hugo": null,
        "candidacy_status_hugo": "concorreu",
        "cargo_diferente_hugo": false,
        "votos_felipe_inicio": 0,
        "votos_felipe_fim": 84,
        "delta_felipe": 84,
        "pct_delta_felipe": null,
        "candidacy_status_felipe": "concorreu",
        "cargo_diferente_felipe": false,
        "votos_psd_inicio": null,
        "votos_psd_fim": null,
        "delta_psd": null,
        "pct_delta_psd": null,
        "candidacy_status_psd": "partido_inexistente",
        "cargo_diferente_psd": null,
        "map_delta": 11,
        "map_abs_delta": 11
      },
      "geometry": {
        "type": "Point",
        "coordinates": [
          -43.1133665,
          -22.8997052
        ]
      }
    },
    {
      "type": "Feature",
      "properties": {
        "pair": "2010-2018",
        "ano_inicio": 2010,
        "ano_fim": 2018,
        "nr_local": "1708",
        "nm_local": "ESCOLA MUNICIPAL JÚLIA CORTINES",
        "bairro": "ICARAÍ",
        "local_status": "end_only",
        "secoes_inicio": 0,
        "secoes_fim": 21,
        "secoes_comuns": 0,
        "secoes_adicionadas": 21,
        "secoes_removidas": 0,
        "secoes_movidas_in": 0,
        "secoes_movidas_out": 0,
        "secao_churn": 1,
        "tipo_inicio": "Geral",
        "tipo_fim": "Geral",
        "tipo_par": "Geral -> Geral",
        "votos_hugo_inicio": 0,
        "votos_hugo_fim": 14,
        "delta_hugo": 14,
        "pct_delta_hugo": null,
        "candidacy_status_hugo": "concorreu",
        "cargo_diferente_hugo": false,
        "votos_felipe_inicio": 0,
        "votos_felipe_fim": 114,
        "delta_felipe": 114,
        "pct_delta_felipe": null,
        "candidacy_status_felipe": "concorreu",
        "cargo_diferente_felipe": false,
        "votos_psd_inicio": null,
        "votos_psd_fim": null,
        "delta_psd": null,
        "pct_delta_psd": null,
        "candidacy_status_psd": "partido_inexistente",
        "cargo_diferente_psd": null,
        "map_delta": 14,
        "map_abs_delta": 14
      },
      "geometry": {
        "type": "Point",
        "coordinates": [
          -43.1086717,
          -22.9043592
        ]
      }
    },
    {
      "type": "Feature",
      "properties": {
        "pair": "2010-2018",
        "ano_inicio": 2010,
        "ano_fim": 2018,
        "nr_local": "1716",
        "nm_local": "ESCOLA VIVINFÂNCIA",
        "bairro": "ICARAÍ",
        "local_status": "both",
        "secoes_inicio": 6,
        "secoes_fim": 4,
        "secoes_comuns": 0,
        "secoes_adicionadas": 4,
        "secoes_removidas": 6,
        "secoes_movidas_in": 0,
        "secoes_movidas_out": 0,
        "secao_churn": 1.6667,
        "tipo_inicio": "Geral",
        "tipo_fim": "Geral",
        "tipo_par": "Geral -> Geral",
        "votos_hugo_inicio": 17,
        "votos_hugo_fim": 3,
        "delta_hugo": -14,
        "pct_delta_hugo": -82.35,
        "candidacy_status_hugo": "concorreu",
        "cargo_diferente_hugo": false,
        "votos_felipe_inicio": 134,
        "votos_felipe_fim": 31,
        "delta_felipe": -103,
        "pct_delta_felipe": -76.87,
        "candidacy_status_felipe": "concorreu",
        "cargo_diferente_felipe": false,
        "votos_psd_inicio": null,
        "votos_psd_fim": null,
        "delta_psd": null,
        "pct_delta_psd": null,
        "candidacy_status_psd": "partido_inexistente",
        "cargo_diferente_psd": null,
        "map_delta": -14,
        "map_abs_delta": 14
      },
      "geometry": {
        "type": "Point",
        "coordinates": [
          -43.1056898,
          -22.9079727
        ]
      }
    },
    {
      "type": "Feature",
      "properties": {
        "pair": "2010-2018",
        "ano_inicio": 2010,
        "ano_fim": 2018,
        "nr_local": "1724",
        "nm_local": "AABB",
        "bairro": "SÃO FRANCISCO",
        "local_status": "end_only",
        "secoes_inicio": 0,
        "secoes_fim": 8,
        "secoes_comuns": 0,
        "secoes_adicionadas": 8,
        "secoes_removidas": 0,
        "secoes_movidas_in": 0,
        "secoes_movidas_out": 0,
        "secao_churn": 1,
        "tipo_inicio": "Geral",
        "tipo_fim": "Geral",
        "tipo_par": "Geral -> Geral",
        "votos_hugo_inicio": 0,
        "votos_hugo_fim": 1,
        "delta_hugo": 1,
        "pct_delta_hugo": null,
        "candidacy_status_hugo": "concorreu",
        "cargo_diferente_hugo": false,
        "votos_felipe_inicio": 0,
        "votos_felipe_fim": 71,
        "delta_felipe": 71,
        "pct_delta_felipe": null,
        "candidacy_status_felipe": "concorreu",
        "cargo_diferente_felipe": false,
        "votos_psd_inicio": null,
        "votos_psd_fim": null,
        "delta_psd": null,
        "pct_delta_psd": null,
        "candidacy_status_psd": "partido_inexistente",
        "cargo_diferente_psd": null,
        "map_delta": 1,
        "map_abs_delta": 1
      },
      "geometry": {
        "type": "Point",
        "coordinates": [
          -43.0826083,
          -22.9172823
        ]
      }
    },
    {
      "type": "Feature",
      "properties": {
        "pair": "2010-2018",
        "ano_inicio": 2010,
        "ano_fim": 2018,
        "nr_local": "1732",
        "nm_local": "CLUBE NAVAL",
        "bairro": "JURUJUBA",
        "local_status": "both",
        "secoes_inicio": 3,
        "secoes_fim": 20,
        "secoes_comuns": 0,
        "secoes_adicionadas": 20,
        "secoes_removidas": 3,
        "secoes_movidas_in": 0,
        "secoes_movidas_out": 0,
        "secao_churn": 1.15,
        "tipo_inicio": "Geral",
        "tipo_fim": "Geral",
        "tipo_par": "Geral -> Geral",
        "votos_hugo_inicio": 11,
        "votos_hugo_fim": 7,
        "delta_hugo": -4,
        "pct_delta_hugo": -36.36,
        "candidacy_status_hugo": "concorreu",
        "cargo_diferente_hugo": false,
        "votos_felipe_inicio": 42,
        "votos_felipe_fim": 94,
        "delta_felipe": 52,
        "pct_delta_felipe": 123.81,
        "candidacy_status_felipe": "concorreu",
        "cargo_diferente_felipe": false,
        "votos_psd_inicio": null,
        "votos_psd_fim": null,
        "delta_psd": null,
        "pct_delta_psd": null,
        "candidacy_status_psd": "partido_inexistente",
        "cargo_diferente_psd": null,
        "map_delta": -4,
        "map_abs_delta": 4
      },
      "geometry": {
        "type": "Point",
        "coordinates": [
          -43.1068139,
          -22.935737
        ]
      }
    },
    {
      "type": "Feature",
      "properties": {
        "pair": "2010-2018",
        "ano_inicio": 2010,
        "ano_fim": 2018,
        "nr_local": "1740",
        "nm_local": "ESCOLA MUNICIPAL PROFESSORA ELVIRA LÚCIA ESTEVES DE VASCONCELOS",
        "bairro": "ICARAÍ",
        "local_status": "end_only",
        "secoes_inicio": 0,
        "secoes_fim": 9,
        "secoes_comuns": 0,
        "secoes_adicionadas": 9,
        "secoes_removidas": 0,
        "secoes_movidas_in": 0,
        "secoes_movidas_out": 0,
        "secao_churn": 1,
        "tipo_inicio": "Geral",
        "tipo_fim": "Geral",
        "tipo_par": "Geral -> Geral",
        "votos_hugo_inicio": 0,
        "votos_hugo_fim": 7,
        "delta_hugo": 7,
        "pct_delta_hugo": null,
        "candidacy_status_hugo": "concorreu",
        "cargo_diferente_hugo": false,
        "votos_felipe_inicio": 0,
        "votos_felipe_fim": 90,
        "delta_felipe": 90,
        "pct_delta_felipe": null,
        "candidacy_status_felipe": "concorreu",
        "cargo_diferente_felipe": false,
        "votos_psd_inicio": null,
        "votos_psd_fim": null,
        "delta_psd": null,
        "pct_delta_psd": null,
        "candidacy_status_psd": "partido_inexistente",
        "cargo_diferente_psd": null,
        "map_delta": 7,
        "map_abs_delta": 7
      },
      "geometry": {
        "type": "Point",
        "coordinates": [
          -43.1073245,
          -22.9111671
        ]
      }
    },
    {
      "type": "Feature",
      "properties": {
        "pair": "2010-2018",
        "ano_inicio": 2010,
        "ano_fim": 2018,
        "nr_local": "1759",
        "nm_local": "COLÉGIO MV1",
        "bairro": "ICARAÍ",
        "local_status": "end_only",
        "secoes_inicio": 0,
        "secoes_fim": 18,
        "secoes_comuns": 0,
        "secoes_adicionadas": 18,
        "secoes_removidas": 0,
        "secoes_movidas_in": 0,
        "secoes_movidas_out": 0,
        "secao_churn": 1,
        "tipo_inicio": "Geral",
        "tipo_fim": "Geral",
        "tipo_par": "Geral -> Geral",
        "votos_hugo_inicio": 0,
        "votos_hugo_fim": 10,
        "delta_hugo": 10,
        "pct_delta_hugo": null,
        "candidacy_status_hugo": "concorreu",
        "cargo_diferente_hugo": false,
        "votos_felipe_inicio": 0,
        "votos_felipe_fim": 137,
        "delta_felipe": 137,
        "pct_delta_felipe": null,
        "candidacy_status_felipe": "concorreu",
        "cargo_diferente_felipe": false,
        "votos_psd_inicio": null,
        "votos_psd_fim": null,
        "delta_psd": null,
        "pct_delta_psd": null,
        "candidacy_status_psd": "partido_inexistente",
        "cargo_diferente_psd": null,
        "map_delta": 10,
        "map_abs_delta": 10
      },
      "geometry": {
        "type": "Point",
        "coordinates": [
          -43.1058651,
          -22.9079111
        ]
      }
    },
    {
      "type": "Feature",
      "properties": {
        "pair": "2010-2018",
        "ano_inicio": 2010,
        "ano_fim": 2018,
        "nr_local": "1767",
        "nm_local": "COLÉGIO ASSUNÇÃO",
        "bairro": "SÃO FRANCISCO",
        "local_status": "end_only",
        "secoes_inicio": 0,
        "secoes_fim": 15,
        "secoes_comuns": 0,
        "secoes_adicionadas": 15,
        "secoes_removidas": 0,
        "secoes_movidas_in": 0,
        "secoes_movidas_out": 0,
        "secao_churn": 1,
        "tipo_inicio": "Geral",
        "tipo_fim": "Geral",
        "tipo_par": "Geral -> Geral",
        "votos_hugo_inicio": 0,
        "votos_hugo_fim": 18,
        "delta_hugo": 18,
        "pct_delta_hugo": null,
        "candidacy_status_hugo": "concorreu",
        "cargo_diferente_hugo": false,
        "votos_felipe_inicio": 0,
        "votos_felipe_fim": 144,
        "delta_felipe": 144,
        "pct_delta_felipe": null,
        "candidacy_status_felipe": "concorreu",
        "cargo_diferente_felipe": false,
        "votos_psd_inicio": null,
        "votos_psd_fim": null,
        "delta_psd": null,
        "pct_delta_psd": null,
        "candidacy_status_psd": "partido_inexistente",
        "cargo_diferente_psd": null,
        "map_delta": 18,
        "map_abs_delta": 18
      },
      "geometry": {
        "type": "Point",
        "coordinates": [
          -43.0926525,
          -22.9208239
        ]
      }
    },
    {
      "type": "Feature",
      "properties": {
        "pair": "2010-2018",
        "ano_inicio": 2010,
        "ano_fim": 2018,
        "nr_local": "1775",
        "nm_local": "ESCOLA ESTADUAL CIZÍNIO SOARES PINTO",
        "bairro": "SÃO FRANCISCO",
        "local_status": "end_only",
        "secoes_inicio": 0,
        "secoes_fim": 7,
        "secoes_comuns": 0,
        "secoes_adicionadas": 7,
        "secoes_removidas": 0,
        "secoes_movidas_in": 0,
        "secoes_movidas_out": 0,
        "secao_churn": 1,
        "tipo_inicio": "Geral",
        "tipo_fim": "Geral",
        "tipo_par": "Geral -> Geral",
        "votos_hugo_inicio": 0,
        "votos_hugo_fim": 4,
        "delta_hugo": 4,
        "pct_delta_hugo": null,
        "candidacy_status_hugo": "concorreu",
        "cargo_diferente_hugo": false,
        "votos_felipe_inicio": 0,
        "votos_felipe_fim": 55,
        "delta_felipe": 55,
        "pct_delta_felipe": null,
        "candidacy_status_felipe": "concorreu",
        "cargo_diferente_felipe": false,
        "votos_psd_inicio": null,
        "votos_psd_fim": null,
        "delta_psd": null,
        "pct_delta_psd": null,
        "candidacy_status_psd": "partido_inexistente",
        "cargo_diferente_psd": null,
        "map_delta": 4,
        "map_abs_delta": 4
      },
      "geometry": {
        "type": "Point",
        "coordinates": [
          -43.093934,
          -22.9147594
        ]
      }
    },
    {
      "type": "Feature",
      "properties": {
        "pair": "2010-2018",
        "ano_inicio": 2010,
        "ano_fim": 2018,
        "nr_local": "1783",
        "nm_local": "SOCIEDADE BRASILEIRA DE CULTURA INGLESA",
        "bairro": "ICARAÍ",
        "local_status": "end_only",
        "secoes_inicio": 0,
        "secoes_fim": 4,
        "secoes_comuns": 0,
        "secoes_adicionadas": 4,
        "secoes_removidas": 0,
        "secoes_movidas_in": 0,
        "secoes_movidas_out": 0,
        "secao_churn": 1,
        "tipo_inicio": "Geral",
        "tipo_fim": "Geral",
        "tipo_par": "Geral -> Geral",
        "votos_hugo_inicio": 0,
        "votos_hugo_fim": 2,
        "delta_hugo": 2,
        "pct_delta_hugo": null,
        "candidacy_status_hugo": "concorreu",
        "cargo_diferente_hugo": false,
        "votos_felipe_inicio": 0,
        "votos_felipe_fim": 43,
        "delta_felipe": 43,
        "pct_delta_felipe": null,
        "candidacy_status_felipe": "concorreu",
        "cargo_diferente_felipe": false,
        "votos_psd_inicio": null,
        "votos_psd_fim": null,
        "delta_psd": null,
        "pct_delta_psd": null,
        "candidacy_status_psd": "partido_inexistente",
        "cargo_diferente_psd": null,
        "map_delta": 2,
        "map_abs_delta": 2
      },
      "geometry": {
        "type": "Point",
        "coordinates": [
          -43.1111859,
          -22.9075527
        ]
      }
    },
    {
      "type": "Feature",
      "properties": {
        "pair": "2012-2016",
        "ano_inicio": 2012,
        "ano_fim": 2016,
        "nr_local": "1015",
        "nm_local": "INSTITUTO JCA",
        "bairro": "SANTA BARBARA",
        "local_status": "both",
        "secoes_inicio": 40,
        "secoes_fim": 42,
        "secoes_comuns": 40,
        "secoes_adicionadas": 2,
        "secoes_removidas": 0,
        "secoes_movidas_in": 0,
        "secoes_movidas_out": 0,
        "secao_churn": 0.0476,
        "tipo_inicio": "Municipal",
        "tipo_fim": "Municipal",
        "tipo_par": "Municipal -> Municipal",
        "votos_hugo_inicio": null,
        "votos_hugo_fim": null,
        "delta_hugo": null,
        "pct_delta_hugo": null,
        "candidacy_status_hugo": "nao_concorreu_inicio",
        "cargo_diferente_hugo": null,
        "votos_felipe_inicio": 7189,
        "votos_felipe_fim": 5748,
        "delta_felipe": -1441,
        "pct_delta_felipe": -20.04,
        "candidacy_status_felipe": "concorreu",
        "cargo_diferente_felipe": false,
        "votos_psd_inicio": 971,
        "votos_psd_fim": 65,
        "delta_psd": -906,
        "pct_delta_psd": -93.31,
        "candidacy_status_psd": "concorreu",
        "cargo_diferente_psd": false,
        "map_delta": null,
        "map_abs_delta": null
      },
      "geometry": {
        "type": "Point",
        "coordinates": [
          -43.0585179,
          -22.882301
        ]
      }
    },
    {
      "type": "Feature",
      "properties": {
        "pair": "2012-2016",
        "ano_inicio": 2012,
        "ano_fim": 2016,
        "nr_local": "1023",
        "nm_local": "PAROQUIA DE SAO JOAO BATISTA",
        "bairro": "TENENTE JARDIM",
        "local_status": "both",
        "secoes_inicio": 20,
        "secoes_fim": 14,
        "secoes_comuns": 14,
        "secoes_adicionadas": 0,
        "secoes_removidas": 6,
        "secoes_movidas_in": 0,
        "secoes_movidas_out": 6,
        "secao_churn": 0.3,
        "tipo_inicio": "Municipal",
        "tipo_fim": "Municipal",
        "tipo_par": "Municipal -> Municipal",
        "votos_hugo_inicio": null,
        "votos_hugo_fim": null,
        "delta_hugo": null,
        "pct_delta_hugo": null,
        "candidacy_status_hugo": "nao_concorreu_inicio",
        "cargo_diferente_hugo": null,
        "votos_felipe_inicio": 3106,
        "votos_felipe_fim": 1618,
        "delta_felipe": -1488,
        "pct_delta_felipe": -47.91,
        "candidacy_status_felipe": "concorreu",
        "cargo_diferente_felipe": false,
        "votos_psd_inicio": 489,
        "votos_psd_fim": 47,
        "delta_psd": -442,
        "pct_delta_psd": -90.39,
        "candidacy_status_psd": "concorreu",
        "cargo_diferente_psd": false,
        "map_delta": null,
        "map_abs_delta": null
      },
      "geometry": {
        "type": "Point",
        "coordinates": [
          -43.0827273,
          -22.8639855
        ]
      }
    },
    {
      "type": "Feature",
      "properties": {
        "pair": "2012-2016",
        "ano_inicio": 2012,
        "ano_fim": 2016,
        "nr_local": "1031",
        "nm_local": "(PRÉDIO NOVO) COLÉGIO PEDRO II UNIDADE NITERÓI",
        "bairro": "BARRETO",
        "local_status": "both",
        "secoes_inicio": 49,
        "secoes_fim": 41,
        "secoes_comuns": 39,
        "secoes_adicionadas": 2,
        "secoes_removidas": 10,
        "secoes_movidas_in": 0,
        "secoes_movidas_out": 7,
        "secao_churn": 0.2449,
        "tipo_inicio": "Municipal",
        "tipo_fim": "Municipal",
        "tipo_par": "Municipal -> Municipal",
        "votos_hugo_inicio": null,
        "votos_hugo_fim": null,
        "delta_hugo": null,
        "pct_delta_hugo": null,
        "candidacy_status_hugo": "nao_concorreu_inicio",
        "cargo_diferente_hugo": null,
        "votos_felipe_inicio": 7641,
        "votos_felipe_fim": 4093,
        "delta_felipe": -3548,
        "pct_delta_felipe": -46.43,
        "candidacy_status_felipe": "concorreu",
        "cargo_diferente_felipe": false,
        "votos_psd_inicio": 1141,
        "votos_psd_fim": 64,
        "delta_psd": -1077,
        "pct_delta_psd": -94.39,
        "candidacy_status_psd": "concorreu",
        "cargo_diferente_psd": false,
        "map_delta": null,
        "map_abs_delta": null
      },
      "geometry": {
        "type": "Point",
        "coordinates": [
          -43.1037833,
          -22.8685685
        ]
      }
    },
    {
      "type": "Feature",
      "properties": {
        "pair": "2012-2016",
        "ano_inicio": 2012,
        "ano_fim": 2016,
        "nr_local": "1040",
        "nm_local": "CIEP 447 - CARAMUJO",
        "bairro": "CARAMUJO",
        "local_status": "both",
        "secoes_inicio": 35,
        "secoes_fim": 20,
        "secoes_comuns": 20,
        "secoes_adicionadas": 0,
        "secoes_removidas": 15,
        "secoes_movidas_in": 0,
        "secoes_movidas_out": 0,
        "secao_churn": 0.4286,
        "tipo_inicio": "Municipal",
        "tipo_fim": "Municipal",
        "tipo_par": "Municipal -> Municipal",
        "votos_hugo_inicio": null,
        "votos_hugo_fim": null,
        "delta_hugo": null,
        "pct_delta_hugo": null,
        "candidacy_status_hugo": "nao_concorreu_inicio",
        "cargo_diferente_hugo": null,
        "votos_felipe_inicio": 6002,
        "votos_felipe_fim": 2124,
        "delta_felipe": -3878,
        "pct_delta_felipe": -64.61,
        "candidacy_status_felipe": "concorreu",
        "cargo_diferente_felipe": false,
        "votos_psd_inicio": 901,
        "votos_psd_fim": 31,
        "delta_psd": -870,
        "pct_delta_psd": -96.56,
        "candidacy_status_psd": "concorreu",
        "cargo_diferente_psd": false,
        "map_delta": null,
        "map_abs_delta": null
      },
      "geometry": {
        "type": "Point",
        "coordinates": [
          -43.065134,
          -22.8827294
        ]
      }
    },
    {
      "type": "Feature",
      "properties": {
        "pair": "2012-2016",
        "ano_inicio": 2012,
        "ano_fim": 2016,
        "nr_local": "1058",
        "nm_local": "INSTITUTO SÃO BENTO DE NITEROI",
        "bairro": null,
        "local_status": "both",
        "secoes_inicio": 23,
        "secoes_fim": 29,
        "secoes_comuns": 23,
        "secoes_adicionadas": 6,
        "secoes_removidas": 0,
        "secoes_movidas_in": 3,
        "secoes_movidas_out": 0,
        "secao_churn": 0.2069,
        "tipo_inicio": "Municipal",
        "tipo_fim": "Municipal",
        "tipo_par": "Municipal -> Municipal",
        "votos_hugo_inicio": null,
        "votos_hugo_fim": null,
        "delta_hugo": null,
        "pct_delta_hugo": null,
        "candidacy_status_hugo": "nao_concorreu_inicio",
        "cargo_diferente_hugo": null,
        "votos_felipe_inicio": 3938,
        "votos_felipe_fim": 4230,
        "delta_felipe": 292,
        "pct_delta_felipe": 7.41,
        "candidacy_status_felipe": "concorreu",
        "cargo_diferente_felipe": false,
        "votos_psd_inicio": 556,
        "votos_psd_fim": 45,
        "delta_psd": -511,
        "pct_delta_psd": -91.91,
        "candidacy_status_psd": "concorreu",
        "cargo_diferente_psd": false,
        "map_delta": null,
        "map_abs_delta": null
      },
      "geometry": {
        "type": "Point",
        "coordinates": [
          -43.0985232,
          -22.8970069
        ]
      }
    },
    {
      "type": "Feature",
      "properties": {
        "pair": "2012-2016",
        "ano_inicio": 2012,
        "ano_fim": 2016,
        "nr_local": "1066",
        "nm_local": "ITACOATIARA PAMPO CLUBE",
        "bairro": "ITACOATIARA",
        "local_status": "both",
        "secoes_inicio": 14,
        "secoes_fim": 7,
        "secoes_comuns": 6,
        "secoes_adicionadas": 1,
        "secoes_removidas": 8,
        "secoes_movidas_in": 0,
        "secoes_movidas_out": 8,
        "secao_churn": 0.6429,
        "tipo_inicio": "Municipal",
        "tipo_fim": "Municipal",
        "tipo_par": "Municipal -> Municipal",
        "votos_hugo_inicio": null,
        "votos_hugo_fim": null,
        "delta_hugo": null,
        "pct_delta_hugo": null,
        "candidacy_status_hugo": "nao_concorreu_inicio",
        "cargo_diferente_hugo": null,
        "votos_felipe_inicio": 2931,
        "votos_felipe_fim": 1370,
        "delta_felipe": -1561,
        "pct_delta_felipe": -53.26,
        "candidacy_status_felipe": "concorreu",
        "cargo_diferente_felipe": false,
        "votos_psd_inicio": 436,
        "votos_psd_fim": 32,
        "delta_psd": -404,
        "pct_delta_psd": -92.66,
        "candidacy_status_psd": "concorreu",
        "cargo_diferente_psd": false,
        "map_delta": null,
        "map_abs_delta": null
      },
      "geometry": {
        "type": "Point",
        "coordinates": [
          -43.0332117,
          -22.9646939
        ]
      }
    },
    {
      "type": "Feature",
      "properties": {
        "pair": "2012-2016",
        "ano_inicio": 2012,
        "ano_fim": 2016,
        "nr_local": "1074",
        "nm_local": "COLEGIO ESTADUAL PAULO ASSIS RIBEIRO",
        "bairro": "BADU",
        "local_status": "both",
        "secoes_inicio": 41,
        "secoes_fim": 44,
        "secoes_comuns": 41,
        "secoes_adicionadas": 3,
        "secoes_removidas": 0,
        "secoes_movidas_in": 0,
        "secoes_movidas_out": 0,
        "secao_churn": 0.0682,
        "tipo_inicio": "Municipal",
        "tipo_fim": "Municipal",
        "tipo_par": "Municipal -> Municipal",
        "votos_hugo_inicio": null,
        "votos_hugo_fim": null,
        "delta_hugo": null,
        "pct_delta_hugo": null,
        "candidacy_status_hugo": "nao_concorreu_inicio",
        "cargo_diferente_hugo": null,
        "votos_felipe_inicio": 8429,
        "votos_felipe_fim": 7143,
        "delta_felipe": -1286,
        "pct_delta_felipe": -15.26,
        "candidacy_status_felipe": "concorreu",
        "cargo_diferente_felipe": false,
        "votos_psd_inicio": 1171,
        "votos_psd_fim": 81,
        "delta_psd": -1090,
        "pct_delta_psd": -93.08,
        "candidacy_status_psd": "concorreu",
        "cargo_diferente_psd": false,
        "map_delta": null,
        "map_abs_delta": null
      },
      "geometry": {
        "type": "Point",
        "coordinates": [
          -43.0573891,
          -22.9068537
        ]
      }
    },
    {
      "type": "Feature",
      "properties": {
        "pair": "2012-2016",
        "ano_inicio": 2012,
        "ano_fim": 2016,
        "nr_local": "1082",
        "nm_local": "UMEI DR PAULO CESAR DE ALMEIDA PIMENTEL",
        "bairro": "ITAIPU",
        "local_status": "both",
        "secoes_inicio": 54,
        "secoes_fim": 61,
        "secoes_comuns": 54,
        "secoes_adicionadas": 7,
        "secoes_removidas": 0,
        "secoes_movidas_in": 6,
        "secoes_movidas_out": 0,
        "secao_churn": 0.1148,
        "tipo_inicio": "Municipal",
        "tipo_fim": "Municipal",
        "tipo_par": "Municipal -> Municipal",
        "votos_hugo_inicio": null,
        "votos_hugo_fim": null,
        "delta_hugo": null,
        "pct_delta_hugo": null,
        "candidacy_status_hugo": "nao_concorreu_inicio",
        "cargo_diferente_hugo": null,
        "votos_felipe_inicio": 9014,
        "votos_felipe_fim": 6864,
        "delta_felipe": -2150,
        "pct_delta_felipe": -23.85,
        "candidacy_status_felipe": "concorreu",
        "cargo_diferente_felipe": false,
        "votos_psd_inicio": 1733,
        "votos_psd_fim": 92,
        "delta_psd": -1641,
        "pct_delta_psd": -94.69,
        "candidacy_status_psd": "concorreu",
        "cargo_diferente_psd": false,
        "map_delta": null,
        "map_abs_delta": null
      },
      "geometry": {
        "type": "Point",
        "coordinates": [
          -43.0327165,
          -22.9614459
        ]
      }
    },
    {
      "type": "Feature",
      "properties": {
        "pair": "2012-2016",
        "ano_inicio": 2012,
        "ano_fim": 2016,
        "nr_local": "1090",
        "nm_local": "COLÉGIO ESTADUAL PROFESSORA ALCINA RODRIGUES LIMA",
        "bairro": "ITAIPU",
        "local_status": "both",
        "secoes_inicio": 50,
        "secoes_fim": 54,
        "secoes_comuns": 50,
        "secoes_adicionadas": 4,
        "secoes_removidas": 0,
        "secoes_movidas_in": 3,
        "secoes_movidas_out": 0,
        "secao_churn": 0.0741,
        "tipo_inicio": "Municipal",
        "tipo_fim": "Municipal",
        "tipo_par": "Municipal -> Municipal",
        "votos_hugo_inicio": null,
        "votos_hugo_fim": null,
        "delta_hugo": null,
        "pct_delta_hugo": null,
        "candidacy_status_hugo": "nao_concorreu_inicio",
        "cargo_diferente_hugo": null,
        "votos_felipe_inicio": 9315,
        "votos_felipe_fim": 6979,
        "delta_felipe": -2336,
        "pct_delta_felipe": -25.08,
        "candidacy_status_felipe": "concorreu",
        "cargo_diferente_felipe": false,
        "votos_psd_inicio": 1693,
        "votos_psd_fim": 109,
        "delta_psd": -1584,
        "pct_delta_psd": -93.56,
        "candidacy_status_psd": "concorreu",
        "cargo_diferente_psd": false,
        "map_delta": null,
        "map_abs_delta": null
      },
      "geometry": {
        "type": "Point",
        "coordinates": [
          -43.0285072,
          -22.9528491
        ]
      }
    },
    {
      "type": "Feature",
      "properties": {
        "pair": "2012-2016",
        "ano_inicio": 2012,
        "ano_fim": 2016,
        "nr_local": "1104",
        "nm_local": "ESCOLA MUNICIPAL ALTIVO CESAR",
        "bairro": "BARRETO",
        "local_status": "both",
        "secoes_inicio": 26,
        "secoes_fim": 24,
        "secoes_comuns": 20,
        "secoes_adicionadas": 4,
        "secoes_removidas": 6,
        "secoes_movidas_in": 0,
        "secoes_movidas_out": 6,
        "secao_churn": 0.3846,
        "tipo_inicio": "Municipal",
        "tipo_fim": "Municipal",
        "tipo_par": "Municipal -> Municipal",
        "votos_hugo_inicio": null,
        "votos_hugo_fim": null,
        "delta_hugo": null,
        "pct_delta_hugo": null,
        "candidacy_status_hugo": "nao_concorreu_inicio",
        "cargo_diferente_hugo": null,
        "votos_felipe_inicio": 5169,
        "votos_felipe_fim": 3450,
        "delta_felipe": -1719,
        "pct_delta_felipe": -33.26,
        "candidacy_status_felipe": "concorreu",
        "cargo_diferente_felipe": false,
        "votos_psd_inicio": 785,
        "votos_psd_fim": 48,
        "delta_psd": -737,
        "pct_delta_psd": -93.89,
        "candidacy_status_psd": "concorreu",
        "cargo_diferente_psd": false,
        "map_delta": null,
        "map_abs_delta": null
      },
      "geometry": {
        "type": "Point",
        "coordinates": [
          -43.0995714,
          -22.8645343
        ]
      }
    },
    {
      "type": "Feature",
      "properties": {
        "pair": "2012-2016",
        "ano_inicio": 2012,
        "ano_fim": 2016,
        "nr_local": "1112",
        "nm_local": "COLÉGIO SALESIANO REGIÃO OCEÂNICA",
        "bairro": "PIRATININGA",
        "local_status": "both",
        "secoes_inicio": 50,
        "secoes_fim": 57,
        "secoes_comuns": 50,
        "secoes_adicionadas": 7,
        "secoes_removidas": 0,
        "secoes_movidas_in": 0,
        "secoes_movidas_out": 0,
        "secao_churn": 0.1228,
        "tipo_inicio": "Municipal",
        "tipo_fim": "Municipal",
        "tipo_par": "Municipal -> Municipal",
        "votos_hugo_inicio": null,
        "votos_hugo_fim": null,
        "delta_hugo": null,
        "pct_delta_hugo": null,
        "candidacy_status_hugo": "nao_concorreu_inicio",
        "cargo_diferente_hugo": null,
        "votos_felipe_inicio": 10065,
        "votos_felipe_fim": 7895,
        "delta_felipe": -2170,
        "pct_delta_felipe": -21.56,
        "candidacy_status_felipe": "concorreu",
        "cargo_diferente_felipe": false,
        "votos_psd_inicio": 1602,
        "votos_psd_fim": 125,
        "delta_psd": -1477,
        "pct_delta_psd": -92.2,
        "candidacy_status_psd": "concorreu",
        "cargo_diferente_psd": false,
        "map_delta": null,
        "map_abs_delta": null
      },
      "geometry": {
        "type": "Point",
        "coordinates": [
          -43.0618731,
          -22.9393022
        ]
      }
    },
    {
      "type": "Feature",
      "properties": {
        "pair": "2012-2016",
        "ano_inicio": 2012,
        "ano_fim": 2016,
        "nr_local": "1120",
        "nm_local": "COLÉGIO ESTADUAL ALMIRANTE TAMANDARÉ",
        "bairro": "PIRATININGA",
        "local_status": "both",
        "secoes_inicio": 42,
        "secoes_fim": 43,
        "secoes_comuns": 42,
        "secoes_adicionadas": 1,
        "secoes_removidas": 0,
        "secoes_movidas_in": 0,
        "secoes_movidas_out": 0,
        "secao_churn": 0.0233,
        "tipo_inicio": "Municipal",
        "tipo_fim": "Municipal",
        "tipo_par": "Municipal -> Municipal",
        "votos_hugo_inicio": null,
        "votos_hugo_fim": null,
        "delta_hugo": null,
        "pct_delta_hugo": null,
        "candidacy_status_hugo": "nao_concorreu_inicio",
        "cargo_diferente_hugo": null,
        "votos_felipe_inicio": 8069,
        "votos_felipe_fim": 6210,
        "delta_felipe": -1859,
        "pct_delta_felipe": -23.04,
        "candidacy_status_felipe": "concorreu",
        "cargo_diferente_felipe": false,
        "votos_psd_inicio": 1402,
        "votos_psd_fim": 128,
        "delta_psd": -1274,
        "pct_delta_psd": -90.87,
        "candidacy_status_psd": "concorreu",
        "cargo_diferente_psd": false,
        "map_delta": null,
        "map_abs_delta": null
      },
      "geometry": {
        "type": "Point",
        "coordinates": [
          -43.0916732,
          -22.9512083
        ]
      }
    },
    {
      "type": "Feature",
      "properties": {
        "pair": "2012-2016",
        "ano_inicio": 2012,
        "ano_fim": 2016,
        "nr_local": "1139",
        "nm_local": "ESCOLA MUNICIPAL FRANCISCO PORTUGAL NEVES",
        "bairro": "PIRATININGA",
        "local_status": "both",
        "secoes_inicio": 32,
        "secoes_fim": 31,
        "secoes_comuns": 30,
        "secoes_adicionadas": 1,
        "secoes_removidas": 2,
        "secoes_movidas_in": 0,
        "secoes_movidas_out": 0,
        "secao_churn": 0.0938,
        "tipo_inicio": "Municipal",
        "tipo_fim": "Municipal",
        "tipo_par": "Municipal -> Municipal",
        "votos_hugo_inicio": null,
        "votos_hugo_fim": null,
        "delta_hugo": null,
        "pct_delta_hugo": null,
        "candidacy_status_hugo": "nao_concorreu_inicio",
        "cargo_diferente_hugo": null,
        "votos_felipe_inicio": 4796,
        "votos_felipe_fim": 3025,
        "delta_felipe": -1771,
        "pct_delta_felipe": -36.93,
        "candidacy_status_felipe": "concorreu",
        "cargo_diferente_felipe": false,
        "votos_psd_inicio": 757,
        "votos_psd_fim": 45,
        "delta_psd": -712,
        "pct_delta_psd": -94.06,
        "candidacy_status_psd": "concorreu",
        "cargo_diferente_psd": false,
        "map_delta": null,
        "map_abs_delta": null
      },
      "geometry": {
        "type": "Point",
        "coordinates": [
          -43.056665,
          -22.942363
        ]
      }
    },
    {
      "type": "Feature",
      "properties": {
        "pair": "2012-2016",
        "ano_inicio": 2012,
        "ano_fim": 2016,
        "nr_local": "1147",
        "nm_local": "ESCOLA MUNICIPAL VERA LUCIA MACHADO",
        "bairro": "BADU",
        "local_status": "both",
        "secoes_inicio": 15,
        "secoes_fim": 23,
        "secoes_comuns": 15,
        "secoes_adicionadas": 8,
        "secoes_removidas": 0,
        "secoes_movidas_in": 7,
        "secoes_movidas_out": 0,
        "secao_churn": 0.3478,
        "tipo_inicio": "Municipal",
        "tipo_fim": "Municipal",
        "tipo_par": "Municipal -> Municipal",
        "votos_hugo_inicio": null,
        "votos_hugo_fim": null,
        "delta_hugo": null,
        "pct_delta_hugo": null,
        "candidacy_status_hugo": "nao_concorreu_inicio",
        "cargo_diferente_hugo": null,
        "votos_felipe_inicio": 2845,
        "votos_felipe_fim": 2969,
        "delta_felipe": 124,
        "pct_delta_felipe": 4.36,
        "candidacy_status_felipe": "concorreu",
        "cargo_diferente_felipe": false,
        "votos_psd_inicio": 566,
        "votos_psd_fim": 38,
        "delta_psd": -528,
        "pct_delta_psd": -93.29,
        "candidacy_status_psd": "concorreu",
        "cargo_diferente_psd": false,
        "map_delta": null,
        "map_abs_delta": null
      },
      "geometry": {
        "type": "Point",
        "coordinates": [
          -43.0500355,
          -22.9045
        ]
      }
    },
    {
      "type": "Feature",
      "properties": {
        "pair": "2012-2016",
        "ano_inicio": 2012,
        "ano_fim": 2016,
        "nr_local": "1155",
        "nm_local": "COLÉGIO ITAPUCA",
        "bairro": "PIRATININGA",
        "local_status": "both",
        "secoes_inicio": 27,
        "secoes_fim": 36,
        "secoes_comuns": 27,
        "secoes_adicionadas": 9,
        "secoes_removidas": 0,
        "secoes_movidas_in": 6,
        "secoes_movidas_out": 0,
        "secao_churn": 0.25,
        "tipo_inicio": "Municipal",
        "tipo_fim": "Municipal",
        "tipo_par": "Municipal -> Municipal",
        "votos_hugo_inicio": null,
        "votos_hugo_fim": null,
        "delta_hugo": null,
        "pct_delta_hugo": null,
        "candidacy_status_hugo": "nao_concorreu_inicio",
        "cargo_diferente_hugo": null,
        "votos_felipe_inicio": 4685,
        "votos_felipe_fim": 3564,
        "delta_felipe": -1121,
        "pct_delta_felipe": -23.93,
        "candidacy_status_felipe": "concorreu",
        "cargo_diferente_felipe": false,
        "votos_psd_inicio": 685,
        "votos_psd_fim": 59,
        "delta_psd": -626,
        "pct_delta_psd": -91.39,
        "candidacy_status_psd": "concorreu",
        "cargo_diferente_psd": false,
        "map_delta": null,
        "map_abs_delta": null
      },
      "geometry": {
        "type": "Point",
        "coordinates": [
          -43.0593249,
          -22.9437854
        ]
      }
    },
    {
      "type": "Feature",
      "properties": {
        "pair": "2012-2016",
        "ano_inicio": 2012,
        "ano_fim": 2016,
        "nr_local": "1163",
        "nm_local": "COLÉGIO ESTADUAL CONSELHEIRO MACEDO SOARES",
        "bairro": "BARRETO",
        "local_status": "both",
        "secoes_inicio": 44,
        "secoes_fim": 40,
        "secoes_comuns": 40,
        "secoes_adicionadas": 0,
        "secoes_removidas": 4,
        "secoes_movidas_in": 0,
        "secoes_movidas_out": 0,
        "secao_churn": 0.0909,
        "tipo_inicio": "Municipal",
        "tipo_fim": "Municipal",
        "tipo_par": "Municipal -> Municipal",
        "votos_hugo_inicio": null,
        "votos_hugo_fim": null,
        "delta_hugo": null,
        "pct_delta_hugo": null,
        "candidacy_status_hugo": "nao_concorreu_inicio",
        "cargo_diferente_hugo": null,
        "votos_felipe_inicio": 7288,
        "votos_felipe_fim": 4543,
        "delta_felipe": -2745,
        "pct_delta_felipe": -37.66,
        "candidacy_status_felipe": "concorreu",
        "cargo_diferente_felipe": false,
        "votos_psd_inicio": 1142,
        "votos_psd_fim": 43,
        "delta_psd": -1099,
        "pct_delta_psd": -96.23,
        "candidacy_status_psd": "concorreu",
        "cargo_diferente_psd": false,
        "map_delta": null,
        "map_abs_delta": null
      },
      "geometry": {
        "type": "Point",
        "coordinates": [
          -43.0924035,
          -22.8622231
        ]
      }
    },
    {
      "type": "Feature",
      "properties": {
        "pair": "2012-2016",
        "ano_inicio": 2012,
        "ano_fim": 2016,
        "nr_local": "1171",
        "nm_local": "ESCOLA MUNICIPAL ANTONIO COUTINHO DE AZEVEDO",
        "bairro": "SANTA BARBARA",
        "local_status": "both",
        "secoes_inicio": 29,
        "secoes_fim": 29,
        "secoes_comuns": 29,
        "secoes_adicionadas": 0,
        "secoes_removidas": 0,
        "secoes_movidas_in": 0,
        "secoes_movidas_out": 0,
        "secao_churn": 0,
        "tipo_inicio": "Municipal",
        "tipo_fim": "Municipal",
        "tipo_par": "Municipal -> Municipal",
        "votos_hugo_inicio": null,
        "votos_hugo_fim": null,
        "delta_hugo": null,
        "pct_delta_hugo": null,
        "candidacy_status_hugo": "nao_concorreu_inicio",
        "cargo_diferente_hugo": null,
        "votos_felipe_inicio": 4915,
        "votos_felipe_fim": 3328,
        "delta_felipe": -1587,
        "pct_delta_felipe": -32.29,
        "candidacy_status_felipe": "concorreu",
        "cargo_diferente_felipe": false,
        "votos_psd_inicio": 959,
        "votos_psd_fim": 36,
        "delta_psd": -923,
        "pct_delta_psd": -96.25,
        "candidacy_status_psd": "concorreu",
        "cargo_diferente_psd": false,
        "map_delta": null,
        "map_abs_delta": null
      },
      "geometry": {
        "type": "Point",
        "coordinates": [
          -43.04869,
          -22.8756043
        ]
      }
    },
    {
      "type": "Feature",
      "properties": {
        "pair": "2012-2016",
        "ano_inicio": 2012,
        "ano_fim": 2016,
        "nr_local": "1180",
        "nm_local": "ESCOLA MUNICIPAL RACHIDE DA GLORIA SALIM SAKER",
        "bairro": "SANTA BARBARA",
        "local_status": "both",
        "secoes_inicio": 22,
        "secoes_fim": 28,
        "secoes_comuns": 22,
        "secoes_adicionadas": 6,
        "secoes_removidas": 0,
        "secoes_movidas_in": 2,
        "secoes_movidas_out": 0,
        "secao_churn": 0.2143,
        "tipo_inicio": "Municipal",
        "tipo_fim": "Municipal",
        "tipo_par": "Municipal -> Municipal",
        "votos_hugo_inicio": null,
        "votos_hugo_fim": null,
        "delta_hugo": null,
        "pct_delta_hugo": null,
        "candidacy_status_hugo": "nao_concorreu_inicio",
        "cargo_diferente_hugo": null,
        "votos_felipe_inicio": 4571,
        "votos_felipe_fim": 4360,
        "delta_felipe": -211,
        "pct_delta_felipe": -4.62,
        "candidacy_status_felipe": "concorreu",
        "cargo_diferente_felipe": false,
        "votos_psd_inicio": 691,
        "votos_psd_fim": 54,
        "delta_psd": -637,
        "pct_delta_psd": -92.19,
        "candidacy_status_psd": "concorreu",
        "cargo_diferente_psd": false,
        "map_delta": null,
        "map_abs_delta": null
      },
      "geometry": {
        "type": "Point",
        "coordinates": [
          -43.0488967,
          -22.8766134
        ]
      }
    },
    {
      "type": "Feature",
      "properties": {
        "pair": "2012-2016",
        "ano_inicio": 2012,
        "ano_fim": 2016,
        "nr_local": "1198",
        "nm_local": "CIEP 448 RUY FRAZÃO SOARES",
        "bairro": "ITAIPU",
        "local_status": "both",
        "secoes_inicio": 24,
        "secoes_fim": 26,
        "secoes_comuns": 24,
        "secoes_adicionadas": 2,
        "secoes_removidas": 0,
        "secoes_movidas_in": 0,
        "secoes_movidas_out": 0,
        "secao_churn": 0.0769,
        "tipo_inicio": "Municipal",
        "tipo_fim": "Municipal",
        "tipo_par": "Municipal -> Municipal",
        "votos_hugo_inicio": null,
        "votos_hugo_fim": null,
        "delta_hugo": null,
        "pct_delta_hugo": null,
        "candidacy_status_hugo": "nao_concorreu_inicio",
        "cargo_diferente_hugo": null,
        "votos_felipe_inicio": 4484,
        "votos_felipe_fim": 3522,
        "delta_felipe": -962,
        "pct_delta_felipe": -21.45,
        "candidacy_status_felipe": "concorreu",
        "cargo_diferente_felipe": false,
        "votos_psd_inicio": 989,
        "votos_psd_fim": 145,
        "delta_psd": -844,
        "pct_delta_psd": -85.34,
        "candidacy_status_psd": "concorreu",
        "cargo_diferente_psd": false,
        "map_delta": null,
        "map_abs_delta": null
      },
      "geometry": {
        "type": "Point",
        "coordinates": [
          -43.0092644,
          -22.9356576
        ]
      }
    },
    {
      "type": "Feature",
      "properties": {
        "pair": "2012-2016",
        "ano_inicio": 2012,
        "ano_fim": 2016,
        "nr_local": "1201",
        "nm_local": "OFICINAS DO SENAI",
        "bairro": "BARRETO",
        "local_status": "both",
        "secoes_inicio": 16,
        "secoes_fim": 16,
        "secoes_comuns": 13,
        "secoes_adicionadas": 3,
        "secoes_removidas": 3,
        "secoes_movidas_in": 2,
        "secoes_movidas_out": 3,
        "secao_churn": 0.375,
        "tipo_inicio": "Municipal",
        "tipo_fim": "Municipal",
        "tipo_par": "Municipal -> Municipal",
        "votos_hugo_inicio": null,
        "votos_hugo_fim": null,
        "delta_hugo": null,
        "pct_delta_hugo": null,
        "candidacy_status_hugo": "nao_concorreu_inicio",
        "cargo_diferente_hugo": null,
        "votos_felipe_inicio": 2944,
        "votos_felipe_fim": 1714,
        "delta_felipe": -1230,
        "pct_delta_felipe": -41.78,
        "candidacy_status_felipe": "concorreu",
        "cargo_diferente_felipe": false,
        "votos_psd_inicio": 614,
        "votos_psd_fim": 26,
        "delta_psd": -588,
        "pct_delta_psd": -95.77,
        "candidacy_status_psd": "concorreu",
        "cargo_diferente_psd": false,
        "map_delta": null,
        "map_abs_delta": null
      },
      "geometry": {
        "type": "Point",
        "coordinates": [
          -43.1026046,
          -22.8614396
        ]
      }
    },
    {
      "type": "Feature",
      "properties": {
        "pair": "2012-2016",
        "ano_inicio": 2012,
        "ano_fim": 2016,
        "nr_local": "1210",
        "nm_local": "TIO SAM ESPORTE CLUBE",
        "bairro": "BARRETO",
        "local_status": "both",
        "secoes_inicio": 19,
        "secoes_fim": 21,
        "secoes_comuns": 19,
        "secoes_adicionadas": 2,
        "secoes_removidas": 0,
        "secoes_movidas_in": 0,
        "secoes_movidas_out": 0,
        "secao_churn": 0.0952,
        "tipo_inicio": "Municipal",
        "tipo_fim": "Municipal",
        "tipo_par": "Municipal -> Municipal",
        "votos_hugo_inicio": null,
        "votos_hugo_fim": null,
        "delta_hugo": null,
        "pct_delta_hugo": null,
        "candidacy_status_hugo": "nao_concorreu_inicio",
        "cargo_diferente_hugo": null,
        "votos_felipe_inicio": 3653,
        "votos_felipe_fim": 2655,
        "delta_felipe": -998,
        "pct_delta_felipe": -27.32,
        "candidacy_status_felipe": "concorreu",
        "cargo_diferente_felipe": false,
        "votos_psd_inicio": 664,
        "votos_psd_fim": 39,
        "delta_psd": -625,
        "pct_delta_psd": -94.13,
        "candidacy_status_psd": "concorreu",
        "cargo_diferente_psd": false,
        "map_delta": null,
        "map_abs_delta": null
      },
      "geometry": {
        "type": "Point",
        "coordinates": [
          -43.104502,
          -22.8719306
        ]
      }
    },
    {
      "type": "Feature",
      "properties": {
        "pair": "2012-2016",
        "ano_inicio": 2012,
        "ano_fim": 2016,
        "nr_local": "1236",
        "nm_local": "COLÉGIO ESTADUAL MULLULO DA VEIGA",
        "bairro": "ENGENHOCA",
        "local_status": "both",
        "secoes_inicio": 44,
        "secoes_fim": 42,
        "secoes_comuns": 42,
        "secoes_adicionadas": 0,
        "secoes_removidas": 2,
        "secoes_movidas_in": 0,
        "secoes_movidas_out": 2,
        "secao_churn": 0.0455,
        "tipo_inicio": "Municipal",
        "tipo_fim": "Municipal",
        "tipo_par": "Municipal -> Municipal",
        "votos_hugo_inicio": null,
        "votos_hugo_fim": null,
        "delta_hugo": null,
        "pct_delta_hugo": null,
        "candidacy_status_hugo": "nao_concorreu_inicio",
        "cargo_diferente_hugo": null,
        "votos_felipe_inicio": 6240,
        "votos_felipe_fim": 3591,
        "delta_felipe": -2649,
        "pct_delta_felipe": -42.45,
        "candidacy_status_felipe": "concorreu",
        "cargo_diferente_felipe": false,
        "votos_psd_inicio": 1145,
        "votos_psd_fim": 55,
        "delta_psd": -1090,
        "pct_delta_psd": -95.2,
        "candidacy_status_psd": "concorreu",
        "cargo_diferente_psd": false,
        "map_delta": null,
        "map_abs_delta": null
      },
      "geometry": {
        "type": "Point",
        "coordinates": [
          -43.0988892,
          -22.8708282
        ]
      }
    },
    {
      "type": "Feature",
      "properties": {
        "pair": "2012-2016",
        "ano_inicio": 2012,
        "ano_fim": 2016,
        "nr_local": "1244",
        "nm_local": "ESCOLA ESTADUAL MANUEL DE ABREU",
        "bairro": "ICARAÍ",
        "local_status": "both",
        "secoes_inicio": 31,
        "secoes_fim": 34,
        "secoes_comuns": 31,
        "secoes_adicionadas": 3,
        "secoes_removidas": 0,
        "secoes_movidas_in": 0,
        "secoes_movidas_out": 0,
        "secao_churn": 0.0882,
        "tipo_inicio": "Municipal",
        "tipo_fim": "Municipal",
        "tipo_par": "Municipal -> Municipal",
        "votos_hugo_inicio": null,
        "votos_hugo_fim": null,
        "delta_hugo": null,
        "pct_delta_hugo": null,
        "candidacy_status_hugo": "nao_concorreu_inicio",
        "cargo_diferente_hugo": null,
        "votos_felipe_inicio": 5887,
        "votos_felipe_fim": 5403,
        "delta_felipe": -484,
        "pct_delta_felipe": -8.22,
        "candidacy_status_felipe": "concorreu",
        "cargo_diferente_felipe": false,
        "votos_psd_inicio": 1004,
        "votos_psd_fim": 71,
        "delta_psd": -933,
        "pct_delta_psd": -92.93,
        "candidacy_status_psd": "concorreu",
        "cargo_diferente_psd": false,
        "map_delta": null,
        "map_abs_delta": null
      },
      "geometry": {
        "type": "Point",
        "coordinates": [
          -43.1071569,
          -22.9023086
        ]
      }
    },
    {
      "type": "Feature",
      "properties": {
        "pair": "2012-2016",
        "ano_inicio": 2012,
        "ano_fim": 2016,
        "nr_local": "1252",
        "nm_local": "ESCOLA MUNICIPAL ADELINO MAGALHÃES",
        "bairro": "ENGENHOCA",
        "local_status": "both",
        "secoes_inicio": 23,
        "secoes_fim": 29,
        "secoes_comuns": 23,
        "secoes_adicionadas": 6,
        "secoes_removidas": 0,
        "secoes_movidas_in": 3,
        "secoes_movidas_out": 0,
        "secao_churn": 0.2069,
        "tipo_inicio": "Municipal",
        "tipo_fim": "Municipal",
        "tipo_par": "Municipal -> Municipal",
        "votos_hugo_inicio": null,
        "votos_hugo_fim": null,
        "delta_hugo": null,
        "pct_delta_hugo": null,
        "candidacy_status_hugo": "nao_concorreu_inicio",
        "cargo_diferente_hugo": null,
        "votos_felipe_inicio": 4481,
        "votos_felipe_fim": 3627,
        "delta_felipe": -854,
        "pct_delta_felipe": -19.06,
        "candidacy_status_felipe": "concorreu",
        "cargo_diferente_felipe": false,
        "votos_psd_inicio": 882,
        "votos_psd_fim": 100,
        "delta_psd": -782,
        "pct_delta_psd": -88.66,
        "candidacy_status_psd": "concorreu",
        "cargo_diferente_psd": false,
        "map_delta": null,
        "map_abs_delta": null
      },
      "geometry": {
        "type": "Point",
        "coordinates": [
          -43.0944571,
          -22.8739038
        ]
      }
    },
    {
      "type": "Feature",
      "properties": {
        "pair": "2012-2016",
        "ano_inicio": 2012,
        "ano_fim": 2016,
        "nr_local": "1260",
        "nm_local": "INSTITUTO ABEL",
        "bairro": "ICARAÍ",
        "local_status": "both",
        "secoes_inicio": 22,
        "secoes_fim": 33,
        "secoes_comuns": 22,
        "secoes_adicionadas": 11,
        "secoes_removidas": 0,
        "secoes_movidas_in": 0,
        "secoes_movidas_out": 0,
        "secao_churn": 0.3333,
        "tipo_inicio": "Municipal",
        "tipo_fim": "Municipal",
        "tipo_par": "Municipal -> Municipal",
        "votos_hugo_inicio": null,
        "votos_hugo_fim": null,
        "delta_hugo": null,
        "pct_delta_hugo": null,
        "candidacy_status_hugo": "nao_concorreu_inicio",
        "cargo_diferente_hugo": null,
        "votos_felipe_inicio": 4536,
        "votos_felipe_fim": 5578,
        "delta_felipe": 1042,
        "pct_delta_felipe": 22.97,
        "candidacy_status_felipe": "concorreu",
        "cargo_diferente_felipe": false,
        "votos_psd_inicio": 679,
        "votos_psd_fim": 103,
        "delta_psd": -576,
        "pct_delta_psd": -84.83,
        "candidacy_status_psd": "concorreu",
        "cargo_diferente_psd": false,
        "map_delta": null,
        "map_abs_delta": null
      },
      "geometry": {
        "type": "Point",
        "coordinates": [
          -43.1094942,
          -22.9004168
        ]
      }
    },
    {
      "type": "Feature",
      "properties": {
        "pair": "2012-2016",
        "ano_inicio": 2012,
        "ano_fim": 2016,
        "nr_local": "1279",
        "nm_local": "INSTITUTO FOKUS (ANTIGO INTERAÇÃO CRECHE ESCOLA)",
        "bairro": "CAMBOINHAS",
        "local_status": "both",
        "secoes_inicio": 9,
        "secoes_fim": 14,
        "secoes_comuns": 9,
        "secoes_adicionadas": 5,
        "secoes_removidas": 0,
        "secoes_movidas_in": 0,
        "secoes_movidas_out": 0,
        "secao_churn": 0.3571,
        "tipo_inicio": "Municipal",
        "tipo_fim": "Municipal",
        "tipo_par": "Municipal -> Municipal",
        "votos_hugo_inicio": null,
        "votos_hugo_fim": null,
        "delta_hugo": null,
        "pct_delta_hugo": null,
        "candidacy_status_hugo": "nao_concorreu_inicio",
        "cargo_diferente_hugo": null,
        "votos_felipe_inicio": 1849,
        "votos_felipe_fim": 2239,
        "delta_felipe": 390,
        "pct_delta_felipe": 21.09,
        "candidacy_status_felipe": "concorreu",
        "cargo_diferente_felipe": false,
        "votos_psd_inicio": 330,
        "votos_psd_fim": 15,
        "delta_psd": -315,
        "pct_delta_psd": -95.45,
        "candidacy_status_psd": "concorreu",
        "cargo_diferente_psd": false,
        "map_delta": null,
        "map_abs_delta": null
      },
      "geometry": {
        "type": "Point",
        "coordinates": [
          -43.062822,
          -22.9542456
        ]
      }
    },
    {
      "type": "Feature",
      "properties": {
        "pair": "2012-2016",
        "ano_inicio": 2012,
        "ano_fim": 2016,
        "nr_local": "1287",
        "nm_local": "ESCOLA MUNICIPAL PROF MARCOS WALDEMAR DE FREITAS REIS",
        "bairro": "ITAIPU",
        "local_status": "both",
        "secoes_inicio": 1,
        "secoes_fim": 4,
        "secoes_comuns": 1,
        "secoes_adicionadas": 3,
        "secoes_removidas": 0,
        "secoes_movidas_in": 0,
        "secoes_movidas_out": 0,
        "secao_churn": 0.75,
        "tipo_inicio": "Municipal",
        "tipo_fim": "Municipal",
        "tipo_par": "Municipal -> Municipal",
        "votos_hugo_inicio": null,
        "votos_hugo_fim": null,
        "delta_hugo": null,
        "pct_delta_hugo": null,
        "candidacy_status_hugo": "nao_concorreu_inicio",
        "cargo_diferente_hugo": null,
        "votos_felipe_inicio": 219,
        "votos_felipe_fim": 471,
        "delta_felipe": 252,
        "pct_delta_felipe": 115.07,
        "candidacy_status_felipe": "concorreu",
        "cargo_diferente_felipe": false,
        "votos_psd_inicio": 34,
        "votos_psd_fim": 13,
        "delta_psd": -21,
        "pct_delta_psd": -61.76,
        "candidacy_status_psd": "concorreu",
        "cargo_diferente_psd": false,
        "map_delta": null,
        "map_abs_delta": null
      },
      "geometry": {
        "type": "Point",
        "coordinates": [
          -43.0330724,
          -22.9615628
        ]
      }
    },
    {
      "type": "Feature",
      "properties": {
        "pair": "2012-2016",
        "ano_inicio": 2012,
        "ano_fim": 2016,
        "nr_local": "1295",
        "nm_local": "UMEI PROFA ODETE ROSA DA MOTA",
        "bairro": "ITAIPU",
        "local_status": "both",
        "secoes_inicio": 22,
        "secoes_fim": 28,
        "secoes_comuns": 21,
        "secoes_adicionadas": 7,
        "secoes_removidas": 1,
        "secoes_movidas_in": 0,
        "secoes_movidas_out": 0,
        "secao_churn": 0.2857,
        "tipo_inicio": "Municipal",
        "tipo_fim": "Municipal",
        "tipo_par": "Municipal -> Municipal",
        "votos_hugo_inicio": null,
        "votos_hugo_fim": null,
        "delta_hugo": null,
        "pct_delta_hugo": null,
        "candidacy_status_hugo": "nao_concorreu_inicio",
        "cargo_diferente_hugo": null,
        "votos_felipe_inicio": 4333,
        "votos_felipe_fim": 4385,
        "delta_felipe": 52,
        "pct_delta_felipe": 1.2,
        "candidacy_status_felipe": "concorreu",
        "cargo_diferente_felipe": false,
        "votos_psd_inicio": 605,
        "votos_psd_fim": 72,
        "delta_psd": -533,
        "pct_delta_psd": -88.1,
        "candidacy_status_psd": "concorreu",
        "cargo_diferente_psd": false,
        "map_delta": null,
        "map_abs_delta": null
      },
      "geometry": {
        "type": "Point",
        "coordinates": [
          -43.02859,
          -22.9532368
        ]
      }
    },
    {
      "type": "Feature",
      "properties": {
        "pair": "2012-2016",
        "ano_inicio": 2012,
        "ano_fim": 2016,
        "nr_local": "1309",
        "nm_local": "CURSO MARLY CURY",
        "bairro": "SANTA ROSA",
        "local_status": "both",
        "secoes_inicio": 18,
        "secoes_fim": 20,
        "secoes_comuns": 18,
        "secoes_adicionadas": 2,
        "secoes_removidas": 0,
        "secoes_movidas_in": 0,
        "secoes_movidas_out": 0,
        "secao_churn": 0.1,
        "tipo_inicio": "Municipal",
        "tipo_fim": "Municipal",
        "tipo_par": "Municipal -> Municipal",
        "votos_hugo_inicio": null,
        "votos_hugo_fim": null,
        "delta_hugo": null,
        "pct_delta_hugo": null,
        "candidacy_status_hugo": "nao_concorreu_inicio",
        "cargo_diferente_hugo": null,
        "votos_felipe_inicio": 4122,
        "votos_felipe_fim": 3018,
        "delta_felipe": -1104,
        "pct_delta_felipe": -26.78,
        "candidacy_status_felipe": "concorreu",
        "cargo_diferente_felipe": false,
        "votos_psd_inicio": 456,
        "votos_psd_fim": 75,
        "delta_psd": -381,
        "pct_delta_psd": -83.55,
        "candidacy_status_psd": "concorreu",
        "cargo_diferente_psd": false,
        "map_delta": null,
        "map_abs_delta": null
      },
      "geometry": {
        "type": "Point",
        "coordinates": [
          -43.1019227,
          -22.9054777
        ]
      }
    },
    {
      "type": "Feature",
      "properties": {
        "pair": "2012-2016",
        "ano_inicio": 2012,
        "ano_fim": 2016,
        "nr_local": "1317",
        "nm_local": "ESCOLA ESTADUAL BALTAZAR BERNARDINO",
        "bairro": "SANTA ROSA",
        "local_status": "both",
        "secoes_inicio": 13,
        "secoes_fim": 22,
        "secoes_comuns": 13,
        "secoes_adicionadas": 9,
        "secoes_removidas": 0,
        "secoes_movidas_in": 3,
        "secoes_movidas_out": 0,
        "secao_churn": 0.4091,
        "tipo_inicio": "Municipal",
        "tipo_fim": "Municipal",
        "tipo_par": "Municipal -> Municipal",
        "votos_hugo_inicio": null,
        "votos_hugo_fim": null,
        "delta_hugo": null,
        "pct_delta_hugo": null,
        "candidacy_status_hugo": "nao_concorreu_inicio",
        "cargo_diferente_hugo": null,
        "votos_felipe_inicio": 2555,
        "votos_felipe_fim": 3133,
        "delta_felipe": 578,
        "pct_delta_felipe": 22.62,
        "candidacy_status_felipe": "concorreu",
        "cargo_diferente_felipe": false,
        "votos_psd_inicio": 412,
        "votos_psd_fim": 58,
        "delta_psd": -354,
        "pct_delta_psd": -85.92,
        "candidacy_status_psd": "concorreu",
        "cargo_diferente_psd": false,
        "map_delta": null,
        "map_abs_delta": null
      },
      "geometry": {
        "type": "Point",
        "coordinates": [
          -43.1012931,
          -22.9032359
        ]
      }
    },
    {
      "type": "Feature",
      "properties": {
        "pair": "2012-2016",
        "ano_inicio": 2012,
        "ano_fim": 2016,
        "nr_local": "1325",
        "nm_local": "ESCOLA MUNICIPAL SÍTIO DO IPÊ",
        "bairro": "MARIA PAULA",
        "local_status": "both",
        "secoes_inicio": 21,
        "secoes_fim": 24,
        "secoes_comuns": 21,
        "secoes_adicionadas": 3,
        "secoes_removidas": 0,
        "secoes_movidas_in": 0,
        "secoes_movidas_out": 0,
        "secao_churn": 0.125,
        "tipo_inicio": "Municipal",
        "tipo_fim": "Municipal",
        "tipo_par": "Municipal -> Municipal",
        "votos_hugo_inicio": null,
        "votos_hugo_fim": null,
        "delta_hugo": null,
        "pct_delta_hugo": null,
        "candidacy_status_hugo": "nao_concorreu_inicio",
        "cargo_diferente_hugo": null,
        "votos_felipe_inicio": 4335,
        "votos_felipe_fim": 3702,
        "delta_felipe": -633,
        "pct_delta_felipe": -14.6,
        "candidacy_status_felipe": "concorreu",
        "cargo_diferente_felipe": false,
        "votos_psd_inicio": 631,
        "votos_psd_fim": 104,
        "delta_psd": -527,
        "pct_delta_psd": -83.52,
        "candidacy_status_psd": "concorreu",
        "cargo_diferente_psd": false,
        "map_delta": null,
        "map_abs_delta": null
      },
      "geometry": {
        "type": "Point",
        "coordinates": [
          -43.0267087,
          -22.8821134
        ]
      }
    },
    {
      "type": "Feature",
      "properties": {
        "pair": "2012-2016",
        "ano_inicio": 2012,
        "ano_fim": 2016,
        "nr_local": "1333",
        "nm_local": "ESCOLA ME NINAR",
        "bairro": "ITAIPU",
        "local_status": "both",
        "secoes_inicio": 25,
        "secoes_fim": 26,
        "secoes_comuns": 25,
        "secoes_adicionadas": 1,
        "secoes_removidas": 0,
        "secoes_movidas_in": 0,
        "secoes_movidas_out": 0,
        "secao_churn": 0.0385,
        "tipo_inicio": "Municipal",
        "tipo_fim": "Municipal",
        "tipo_par": "Municipal -> Municipal",
        "votos_hugo_inicio": null,
        "votos_hugo_fim": null,
        "delta_hugo": null,
        "pct_delta_hugo": null,
        "candidacy_status_hugo": "nao_concorreu_inicio",
        "cargo_diferente_hugo": null,
        "votos_felipe_inicio": 4567,
        "votos_felipe_fim": 2707,
        "delta_felipe": -1860,
        "pct_delta_felipe": -40.73,
        "candidacy_status_felipe": "concorreu",
        "cargo_diferente_felipe": false,
        "votos_psd_inicio": 675,
        "votos_psd_fim": 28,
        "delta_psd": -647,
        "pct_delta_psd": -95.85,
        "candidacy_status_psd": "concorreu",
        "cargo_diferente_psd": false,
        "map_delta": null,
        "map_abs_delta": null
      },
      "geometry": {
        "type": "Point",
        "coordinates": [
          -43.0442198,
          -22.9408099
        ]
      }
    },
    {
      "type": "Feature",
      "properties": {
        "pair": "2012-2016",
        "ano_inicio": 2012,
        "ano_fim": 2016,
        "nr_local": "1341",
        "nm_local": "SOPRECAM",
        "bairro": "CAMBOINHAS",
        "local_status": "end_only",
        "secoes_inicio": 0,
        "secoes_fim": 2,
        "secoes_comuns": 0,
        "secoes_adicionadas": 2,
        "secoes_removidas": 0,
        "secoes_movidas_in": 0,
        "secoes_movidas_out": 0,
        "secao_churn": 1,
        "tipo_inicio": "Municipal",
        "tipo_fim": "Municipal",
        "tipo_par": "Municipal -> Municipal",
        "votos_hugo_inicio": null,
        "votos_hugo_fim": null,
        "delta_hugo": null,
        "pct_delta_hugo": null,
        "candidacy_status_hugo": "nao_concorreu_inicio",
        "cargo_diferente_hugo": null,
        "votos_felipe_inicio": 0,
        "votos_felipe_fim": 221,
        "delta_felipe": 221,
        "pct_delta_felipe": null,
        "candidacy_status_felipe": "concorreu",
        "cargo_diferente_felipe": false,
        "votos_psd_inicio": 0,
        "votos_psd_fim": 0,
        "delta_psd": 0,
        "pct_delta_psd": null,
        "candidacy_status_psd": "concorreu",
        "cargo_diferente_psd": false,
        "map_delta": null,
        "map_abs_delta": null
      },
      "geometry": {
        "type": "Point",
        "coordinates": [
          -43.0584356,
          -22.9537053
        ]
      }
    },
    {
      "type": "Feature",
      "properties": {
        "pair": "2012-2016",
        "ano_inicio": 2012,
        "ano_fim": 2016,
        "nr_local": "1350",
        "nm_local": "ESCOLA MUNICIPAL MARALEGRE",
        "bairro": "CAFUBÁ",
        "local_status": "both",
        "secoes_inicio": 6,
        "secoes_fim": 8,
        "secoes_comuns": 6,
        "secoes_adicionadas": 2,
        "secoes_removidas": 0,
        "secoes_movidas_in": 0,
        "secoes_movidas_out": 0,
        "secao_churn": 0.25,
        "tipo_inicio": "Municipal",
        "tipo_fim": "Municipal",
        "tipo_par": "Municipal -> Municipal",
        "votos_hugo_inicio": null,
        "votos_hugo_fim": null,
        "delta_hugo": null,
        "pct_delta_hugo": null,
        "candidacy_status_hugo": "nao_concorreu_inicio",
        "cargo_diferente_hugo": null,
        "votos_felipe_inicio": 1234,
        "votos_felipe_fim": 1039,
        "delta_felipe": -195,
        "pct_delta_felipe": -15.8,
        "candidacy_status_felipe": "concorreu",
        "cargo_diferente_felipe": false,
        "votos_psd_inicio": 227,
        "votos_psd_fim": 15,
        "delta_psd": -212,
        "pct_delta_psd": -93.39,
        "candidacy_status_psd": "concorreu",
        "cargo_diferente_psd": false,
        "map_delta": null,
        "map_abs_delta": null
      },
      "geometry": {
        "type": "Point",
        "coordinates": [
          -43.0724233,
          -22.9362723
        ]
      }
    },
    {
      "type": "Feature",
      "properties": {
        "pair": "2012-2016",
        "ano_inicio": 2012,
        "ano_fim": 2016,
        "nr_local": "1368",
        "nm_local": "INSTITUTO SÃO JOSÉ",
        "bairro": "SANTA ROSA",
        "local_status": "both",
        "secoes_inicio": 20,
        "secoes_fim": 22,
        "secoes_comuns": 17,
        "secoes_adicionadas": 5,
        "secoes_removidas": 3,
        "secoes_movidas_in": 0,
        "secoes_movidas_out": 3,
        "secao_churn": 0.3636,
        "tipo_inicio": "Municipal",
        "tipo_fim": "Municipal",
        "tipo_par": "Municipal -> Municipal",
        "votos_hugo_inicio": null,
        "votos_hugo_fim": null,
        "delta_hugo": null,
        "pct_delta_hugo": null,
        "candidacy_status_hugo": "nao_concorreu_inicio",
        "cargo_diferente_hugo": null,
        "votos_felipe_inicio": 4005,
        "votos_felipe_fim": 3372,
        "delta_felipe": -633,
        "pct_delta_felipe": -15.81,
        "candidacy_status_felipe": "concorreu",
        "cargo_diferente_felipe": false,
        "votos_psd_inicio": 812,
        "votos_psd_fim": 55,
        "delta_psd": -757,
        "pct_delta_psd": -93.23,
        "candidacy_status_psd": "concorreu",
        "cargo_diferente_psd": false,
        "map_delta": null,
        "map_abs_delta": null
      },
      "geometry": {
        "type": "Point",
        "coordinates": [
          -43.1018878,
          -22.901754
        ]
      }
    },
    {
      "type": "Feature",
      "properties": {
        "pair": "2012-2016",
        "ano_inicio": 2012,
        "ano_fim": 2016,
        "nr_local": "1376",
        "nm_local": "UNIVERSIDADE SALGADO DE OLIVEIRA - BL A",
        "bairro": null,
        "local_status": "both",
        "secoes_inicio": 10,
        "secoes_fim": 10,
        "secoes_comuns": 10,
        "secoes_adicionadas": 0,
        "secoes_removidas": 0,
        "secoes_movidas_in": 0,
        "secoes_movidas_out": 0,
        "secao_churn": 0,
        "tipo_inicio": "Municipal",
        "tipo_fim": "Municipal",
        "tipo_par": "Municipal -> Municipal",
        "votos_hugo_inicio": null,
        "votos_hugo_fim": null,
        "delta_hugo": null,
        "pct_delta_hugo": null,
        "candidacy_status_hugo": "nao_concorreu_inicio",
        "cargo_diferente_hugo": null,
        "votos_felipe_inicio": 1318,
        "votos_felipe_fim": 852,
        "delta_felipe": -466,
        "pct_delta_felipe": -35.36,
        "candidacy_status_felipe": "concorreu",
        "cargo_diferente_felipe": false,
        "votos_psd_inicio": 265,
        "votos_psd_fim": 29,
        "delta_psd": -236,
        "pct_delta_psd": -89.06,
        "candidacy_status_psd": "concorreu",
        "cargo_diferente_psd": false,
        "map_delta": null,
        "map_abs_delta": null
      },
      "geometry": {
        "type": "Point",
        "coordinates": [
          -43.1221924,
          -22.8898672
        ]
      }
    },
    {
      "type": "Feature",
      "properties": {
        "pair": "2012-2016",
        "ano_inicio": 2012,
        "ano_fim": 2016,
        "nr_local": "1384",
        "nm_local": "UMEI OLGA BENÁRIO PRESTES",
        "bairro": "ENGENHO DO MATO",
        "local_status": "both",
        "secoes_inicio": 12,
        "secoes_fim": 12,
        "secoes_comuns": 12,
        "secoes_adicionadas": 0,
        "secoes_removidas": 0,
        "secoes_movidas_in": 0,
        "secoes_movidas_out": 0,
        "secao_churn": 0,
        "tipo_inicio": "Municipal",
        "tipo_fim": "Municipal",
        "tipo_par": "Municipal -> Municipal",
        "votos_hugo_inicio": null,
        "votos_hugo_fim": null,
        "delta_hugo": null,
        "pct_delta_hugo": null,
        "candidacy_status_hugo": "nao_concorreu_inicio",
        "cargo_diferente_hugo": null,
        "votos_felipe_inicio": 1819,
        "votos_felipe_fim": 1363,
        "delta_felipe": -456,
        "pct_delta_felipe": -25.07,
        "candidacy_status_felipe": "concorreu",
        "cargo_diferente_felipe": false,
        "votos_psd_inicio": 444,
        "votos_psd_fim": 36,
        "delta_psd": -408,
        "pct_delta_psd": -91.89,
        "candidacy_status_psd": "concorreu",
        "cargo_diferente_psd": false,
        "map_delta": null,
        "map_abs_delta": null
      },
      "geometry": {
        "type": "Point",
        "coordinates": [
          -43.0086653,
          -22.9354086
        ]
      }
    },
    {
      "type": "Feature",
      "properties": {
        "pair": "2012-2016",
        "ano_inicio": 2012,
        "ano_fim": 2016,
        "nr_local": "1392",
        "nm_local": "FACULDADE DE VETERINARIA DA UFF",
        "bairro": "VITAL BRASIL",
        "local_status": "both",
        "secoes_inicio": 13,
        "secoes_fim": 14,
        "secoes_comuns": 13,
        "secoes_adicionadas": 1,
        "secoes_removidas": 0,
        "secoes_movidas_in": 0,
        "secoes_movidas_out": 0,
        "secao_churn": 0.0714,
        "tipo_inicio": "Municipal",
        "tipo_fim": "Municipal",
        "tipo_par": "Municipal -> Municipal",
        "votos_hugo_inicio": null,
        "votos_hugo_fim": null,
        "delta_hugo": null,
        "pct_delta_hugo": null,
        "candidacy_status_hugo": "nao_concorreu_inicio",
        "cargo_diferente_hugo": null,
        "votos_felipe_inicio": 2885,
        "votos_felipe_fim": 2519,
        "delta_felipe": -366,
        "pct_delta_felipe": -12.69,
        "candidacy_status_felipe": "concorreu",
        "cargo_diferente_felipe": false,
        "votos_psd_inicio": 328,
        "votos_psd_fim": 22,
        "delta_psd": -306,
        "pct_delta_psd": -93.29,
        "candidacy_status_psd": "concorreu",
        "cargo_diferente_psd": false,
        "map_delta": null,
        "map_abs_delta": null
      },
      "geometry": {
        "type": "Point",
        "coordinates": [
          -43.098407,
          -22.904908
        ]
      }
    },
    {
      "type": "Feature",
      "properties": {
        "pair": "2012-2016",
        "ano_inicio": 2012,
        "ano_fim": 2016,
        "nr_local": "1406",
        "nm_local": "COLÉGIO NITERÓI",
        "bairro": "ENGENHOCA",
        "local_status": "both",
        "secoes_inicio": 18,
        "secoes_fim": 19,
        "secoes_comuns": 18,
        "secoes_adicionadas": 1,
        "secoes_removidas": 0,
        "secoes_movidas_in": 0,
        "secoes_movidas_out": 0,
        "secao_churn": 0.0526,
        "tipo_inicio": "Municipal",
        "tipo_fim": "Municipal",
        "tipo_par": "Municipal -> Municipal",
        "votos_hugo_inicio": null,
        "votos_hugo_fim": null,
        "delta_hugo": null,
        "pct_delta_hugo": null,
        "candidacy_status_hugo": "nao_concorreu_inicio",
        "cargo_diferente_hugo": null,
        "votos_felipe_inicio": 3213,
        "votos_felipe_fim": 2547,
        "delta_felipe": -666,
        "pct_delta_felipe": -20.73,
        "candidacy_status_felipe": "concorreu",
        "cargo_diferente_felipe": false,
        "votos_psd_inicio": 563,
        "votos_psd_fim": 82,
        "delta_psd": -481,
        "pct_delta_psd": -85.44,
        "candidacy_status_psd": "concorreu",
        "cargo_diferente_psd": false,
        "map_delta": null,
        "map_abs_delta": null
      },
      "geometry": {
        "type": "Point",
        "coordinates": [
          -43.1018717,
          -22.8706133
        ]
      }
    },
    {
      "type": "Feature",
      "properties": {
        "pair": "2012-2016",
        "ano_inicio": 2012,
        "ano_fim": 2016,
        "nr_local": "1414",
        "nm_local": "UNIVERSIDADE SALGADO DE OLIVEIRA - BL B (PRÓXIMO AO GUANABARA)",
        "bairro": "CENTRO",
        "local_status": "both",
        "secoes_inicio": 7,
        "secoes_fim": 7,
        "secoes_comuns": 7,
        "secoes_adicionadas": 0,
        "secoes_removidas": 0,
        "secoes_movidas_in": 0,
        "secoes_movidas_out": 0,
        "secao_churn": 0,
        "tipo_inicio": "Municipal",
        "tipo_fim": "Municipal",
        "tipo_par": "Municipal -> Municipal",
        "votos_hugo_inicio": null,
        "votos_hugo_fim": null,
        "delta_hugo": null,
        "pct_delta_hugo": null,
        "candidacy_status_hugo": "nao_concorreu_inicio",
        "cargo_diferente_hugo": null,
        "votos_felipe_inicio": 1095,
        "votos_felipe_fim": 801,
        "delta_felipe": -294,
        "pct_delta_felipe": -26.85,
        "candidacy_status_felipe": "concorreu",
        "cargo_diferente_felipe": false,
        "votos_psd_inicio": 209,
        "votos_psd_fim": 32,
        "delta_psd": -177,
        "pct_delta_psd": -84.69,
        "candidacy_status_psd": "concorreu",
        "cargo_diferente_psd": false,
        "map_delta": null,
        "map_abs_delta": null
      },
      "geometry": {
        "type": "Point",
        "coordinates": [
          -43.1172001,
          -22.8893447
        ]
      }
    },
    {
      "type": "Feature",
      "properties": {
        "pair": "2012-2016",
        "ano_inicio": 2012,
        "ano_fim": 2016,
        "nr_local": "1422",
        "nm_local": "CLUBE PORTUGUES DE NITEROI",
        "bairro": "SÃO DOMINGOS",
        "local_status": "both",
        "secoes_inicio": 5,
        "secoes_fim": 3,
        "secoes_comuns": 3,
        "secoes_adicionadas": 0,
        "secoes_removidas": 2,
        "secoes_movidas_in": 0,
        "secoes_movidas_out": 0,
        "secao_churn": 0.4,
        "tipo_inicio": "Municipal",
        "tipo_fim": "Municipal",
        "tipo_par": "Municipal -> Municipal",
        "votos_hugo_inicio": null,
        "votos_hugo_fim": null,
        "delta_hugo": null,
        "pct_delta_hugo": null,
        "candidacy_status_hugo": "nao_concorreu_inicio",
        "cargo_diferente_hugo": null,
        "votos_felipe_inicio": 891,
        "votos_felipe_fim": 201,
        "delta_felipe": -690,
        "pct_delta_felipe": -77.44,
        "candidacy_status_felipe": "concorreu",
        "cargo_diferente_felipe": false,
        "votos_psd_inicio": 147,
        "votos_psd_fim": 11,
        "delta_psd": -136,
        "pct_delta_psd": -92.52,
        "candidacy_status_psd": "concorreu",
        "cargo_diferente_psd": false,
        "map_delta": null,
        "map_abs_delta": null
      },
      "geometry": {
        "type": "Point",
        "coordinates": [
          -43.1274594,
          -22.9021482
        ]
      }
    },
    {
      "type": "Feature",
      "properties": {
        "pair": "2012-2016",
        "ano_inicio": 2012,
        "ano_fim": 2016,
        "nr_local": "1449",
        "nm_local": "CIEP 450 - BADU",
        "bairro": "BADU",
        "local_status": "both",
        "secoes_inicio": 18,
        "secoes_fim": 19,
        "secoes_comuns": 18,
        "secoes_adicionadas": 1,
        "secoes_removidas": 0,
        "secoes_movidas_in": 0,
        "secoes_movidas_out": 0,
        "secao_churn": 0.0526,
        "tipo_inicio": "Municipal",
        "tipo_fim": "Municipal",
        "tipo_par": "Municipal -> Municipal",
        "votos_hugo_inicio": null,
        "votos_hugo_fim": null,
        "delta_hugo": null,
        "pct_delta_hugo": null,
        "candidacy_status_hugo": "nao_concorreu_inicio",
        "cargo_diferente_hugo": null,
        "votos_felipe_inicio": 3770,
        "votos_felipe_fim": 3051,
        "delta_felipe": -719,
        "pct_delta_felipe": -19.07,
        "candidacy_status_felipe": "concorreu",
        "cargo_diferente_felipe": false,
        "votos_psd_inicio": 558,
        "votos_psd_fim": 27,
        "delta_psd": -531,
        "pct_delta_psd": -95.16,
        "candidacy_status_psd": "concorreu",
        "cargo_diferente_psd": false,
        "map_delta": null,
        "map_abs_delta": null
      },
      "geometry": {
        "type": "Point",
        "coordinates": [
          -43.0566124,
          -22.9071974
        ]
      }
    },
    {
      "type": "Feature",
      "properties": {
        "pair": "2012-2016",
        "ano_inicio": 2012,
        "ano_fim": 2016,
        "nr_local": "1457",
        "nm_local": "ÁGUAS DE NITEROI",
        "bairro": "CENTRO",
        "local_status": "both",
        "secoes_inicio": 11,
        "secoes_fim": 11,
        "secoes_comuns": 11,
        "secoes_adicionadas": 0,
        "secoes_removidas": 0,
        "secoes_movidas_in": 0,
        "secoes_movidas_out": 0,
        "secao_churn": 0,
        "tipo_inicio": "Municipal",
        "tipo_fim": "Municipal",
        "tipo_par": "Municipal -> Municipal",
        "votos_hugo_inicio": null,
        "votos_hugo_fim": null,
        "delta_hugo": null,
        "pct_delta_hugo": null,
        "candidacy_status_hugo": "nao_concorreu_inicio",
        "cargo_diferente_hugo": null,
        "votos_felipe_inicio": 1874,
        "votos_felipe_fim": 1115,
        "delta_felipe": -759,
        "pct_delta_felipe": -40.5,
        "candidacy_status_felipe": "concorreu",
        "cargo_diferente_felipe": false,
        "votos_psd_inicio": 469,
        "votos_psd_fim": 17,
        "delta_psd": -452,
        "pct_delta_psd": -96.38,
        "candidacy_status_psd": "concorreu",
        "cargo_diferente_psd": false,
        "map_delta": null,
        "map_abs_delta": null
      },
      "geometry": {
        "type": "Point",
        "coordinates": [
          -43.1141378,
          -22.8915411
        ]
      }
    },
    {
      "type": "Feature",
      "properties": {
        "pair": "2012-2016",
        "ano_inicio": 2012,
        "ano_fim": 2016,
        "nr_local": "1465",
        "nm_local": "CENTRO UNIVERSITÁRIO ANHANGUERA (ANTIGO PLÍNIO LEITE)",
        "bairro": "CENTRO",
        "local_status": "both",
        "secoes_inicio": 9,
        "secoes_fim": 9,
        "secoes_comuns": 9,
        "secoes_adicionadas": 0,
        "secoes_removidas": 0,
        "secoes_movidas_in": 0,
        "secoes_movidas_out": 0,
        "secao_churn": 0,
        "tipo_inicio": "Municipal",
        "tipo_fim": "Municipal",
        "tipo_par": "Municipal -> Municipal",
        "votos_hugo_inicio": null,
        "votos_hugo_fim": null,
        "delta_hugo": null,
        "pct_delta_hugo": null,
        "candidacy_status_hugo": "nao_concorreu_inicio",
        "cargo_diferente_hugo": null,
        "votos_felipe_inicio": 1115,
        "votos_felipe_fim": 824,
        "delta_felipe": -291,
        "pct_delta_felipe": -26.1,
        "candidacy_status_felipe": "concorreu",
        "cargo_diferente_felipe": false,
        "votos_psd_inicio": 219,
        "votos_psd_fim": 24,
        "delta_psd": -195,
        "pct_delta_psd": -89.04,
        "candidacy_status_psd": "concorreu",
        "cargo_diferente_psd": false,
        "map_delta": null,
        "map_abs_delta": null
      },
      "geometry": {
        "type": "Point",
        "coordinates": [
          -43.1245632,
          -22.8869267
        ]
      }
    },
    {
      "type": "Feature",
      "properties": {
        "pair": "2012-2016",
        "ano_inicio": 2012,
        "ano_fim": 2016,
        "nr_local": "1473",
        "nm_local": "COLÉGIO FORUM CULTURAL",
        "bairro": "CANTAGALO",
        "local_status": "both",
        "secoes_inicio": 20,
        "secoes_fim": 21,
        "secoes_comuns": 20,
        "secoes_adicionadas": 1,
        "secoes_removidas": 0,
        "secoes_movidas_in": 0,
        "secoes_movidas_out": 0,
        "secao_churn": 0.0476,
        "tipo_inicio": "Municipal",
        "tipo_fim": "Municipal",
        "tipo_par": "Municipal -> Municipal",
        "votos_hugo_inicio": null,
        "votos_hugo_fim": null,
        "delta_hugo": null,
        "pct_delta_hugo": null,
        "candidacy_status_hugo": "nao_concorreu_inicio",
        "cargo_diferente_hugo": null,
        "votos_felipe_inicio": 3713,
        "votos_felipe_fim": 2684,
        "delta_felipe": -1029,
        "pct_delta_felipe": -27.71,
        "candidacy_status_felipe": "concorreu",
        "cargo_diferente_felipe": false,
        "votos_psd_inicio": 515,
        "votos_psd_fim": 29,
        "delta_psd": -486,
        "pct_delta_psd": -94.37,
        "candidacy_status_psd": "concorreu",
        "cargo_diferente_psd": false,
        "map_delta": null,
        "map_abs_delta": null
      },
      "geometry": {
        "type": "Point",
        "coordinates": [
          -43.0490094,
          -22.9163184
        ]
      }
    },
    {
      "type": "Feature",
      "properties": {
        "pair": "2012-2016",
        "ano_inicio": 2012,
        "ano_fim": 2016,
        "nr_local": "1481",
        "nm_local": "ESCOLA MUNICIPAL MAESTRO HEITOR VILLA-LOBOS (''COLÉGIO NOVO'')",
        "bairro": "ILHA DA CONCEIÇÃO",
        "local_status": "both",
        "secoes_inicio": 9,
        "secoes_fim": 9,
        "secoes_comuns": 9,
        "secoes_adicionadas": 0,
        "secoes_removidas": 0,
        "secoes_movidas_in": 0,
        "secoes_movidas_out": 0,
        "secao_churn": 0,
        "tipo_inicio": "Municipal",
        "tipo_fim": "Municipal",
        "tipo_par": "Municipal -> Municipal",
        "votos_hugo_inicio": null,
        "votos_hugo_fim": null,
        "delta_hugo": null,
        "pct_delta_hugo": null,
        "candidacy_status_hugo": "nao_concorreu_inicio",
        "cargo_diferente_hugo": null,
        "votos_felipe_inicio": 1910,
        "votos_felipe_fim": 891,
        "delta_felipe": -1019,
        "pct_delta_felipe": -53.35,
        "candidacy_status_felipe": "concorreu",
        "cargo_diferente_felipe": false,
        "votos_psd_inicio": 356,
        "votos_psd_fim": 10,
        "delta_psd": -346,
        "pct_delta_psd": -97.19,
        "candidacy_status_psd": "concorreu",
        "cargo_diferente_psd": false,
        "map_delta": null,
        "map_abs_delta": null
      },
      "geometry": {
        "type": "Point",
        "coordinates": [
          -43.1156463,
          -22.8731482
        ]
      }
    },
    {
      "type": "Feature",
      "properties": {
        "pair": "2012-2016",
        "ano_inicio": 2012,
        "ano_fim": 2016,
        "nr_local": "1490",
        "nm_local": "IGREJA BATISTA DO FONSECA",
        "bairro": "FONSECA",
        "local_status": "both",
        "secoes_inicio": 7,
        "secoes_fim": 3,
        "secoes_comuns": 3,
        "secoes_adicionadas": 0,
        "secoes_removidas": 4,
        "secoes_movidas_in": 0,
        "secoes_movidas_out": 0,
        "secao_churn": 0.5714,
        "tipo_inicio": "Municipal",
        "tipo_fim": "Municipal",
        "tipo_par": "Municipal -> Municipal",
        "votos_hugo_inicio": null,
        "votos_hugo_fim": null,
        "delta_hugo": null,
        "pct_delta_hugo": null,
        "candidacy_status_hugo": "nao_concorreu_inicio",
        "cargo_diferente_hugo": null,
        "votos_felipe_inicio": 1315,
        "votos_felipe_fim": 362,
        "delta_felipe": -953,
        "pct_delta_felipe": -72.47,
        "candidacy_status_felipe": "concorreu",
        "cargo_diferente_felipe": false,
        "votos_psd_inicio": 256,
        "votos_psd_fim": 10,
        "delta_psd": -246,
        "pct_delta_psd": -96.09,
        "candidacy_status_psd": "concorreu",
        "cargo_diferente_psd": false,
        "map_delta": null,
        "map_abs_delta": null
      },
      "geometry": {
        "type": "Point",
        "coordinates": [
          -43.0865383,
          -22.8810878
        ]
      }
    },
    {
      "type": "Feature",
      "properties": {
        "pair": "2012-2016",
        "ano_inicio": 2012,
        "ano_fim": 2016,
        "nr_local": "1503",
        "nm_local": "SERVICO DE ASSISTENCIA SOCIAL SAO DOMINGOS SAVIO",
        "bairro": "SANTA ROSA",
        "local_status": "both",
        "secoes_inicio": 5,
        "secoes_fim": 5,
        "secoes_comuns": 5,
        "secoes_adicionadas": 0,
        "secoes_removidas": 0,
        "secoes_movidas_in": 0,
        "secoes_movidas_out": 0,
        "secao_churn": 0,
        "tipo_inicio": "Municipal",
        "tipo_fim": "Municipal",
        "tipo_par": "Municipal -> Municipal",
        "votos_hugo_inicio": null,
        "votos_hugo_fim": null,
        "delta_hugo": null,
        "pct_delta_hugo": null,
        "candidacy_status_hugo": "nao_concorreu_inicio",
        "cargo_diferente_hugo": null,
        "votos_felipe_inicio": 985,
        "votos_felipe_fim": 713,
        "delta_felipe": -272,
        "pct_delta_felipe": -27.61,
        "candidacy_status_felipe": "concorreu",
        "cargo_diferente_felipe": false,
        "votos_psd_inicio": 217,
        "votos_psd_fim": 26,
        "delta_psd": -191,
        "pct_delta_psd": -88.02,
        "candidacy_status_psd": "concorreu",
        "cargo_diferente_psd": false,
        "map_delta": null,
        "map_abs_delta": null
      },
      "geometry": {
        "type": "Point",
        "coordinates": [
          -43.0928214,
          -22.8988024
        ]
      }
    },
    {
      "type": "Feature",
      "properties": {
        "pair": "2012-2016",
        "ano_inicio": 2012,
        "ano_fim": 2016,
        "nr_local": "1520",
        "nm_local": "ESCOLA MUNICIPAL LEVI CARNEIRO",
        "bairro": "SAPÊ",
        "local_status": "both",
        "secoes_inicio": 4,
        "secoes_fim": 15,
        "secoes_comuns": 0,
        "secoes_adicionadas": 15,
        "secoes_removidas": 4,
        "secoes_movidas_in": 0,
        "secoes_movidas_out": 4,
        "secao_churn": 1.2667,
        "tipo_inicio": "Municipal",
        "tipo_fim": "Municipal",
        "tipo_par": "Municipal -> Municipal",
        "votos_hugo_inicio": null,
        "votos_hugo_fim": null,
        "delta_hugo": null,
        "pct_delta_hugo": null,
        "candidacy_status_hugo": "nao_concorreu_inicio",
        "cargo_diferente_hugo": null,
        "votos_felipe_inicio": 436,
        "votos_felipe_fim": 2552,
        "delta_felipe": 2116,
        "pct_delta_felipe": 485.32,
        "candidacy_status_felipe": "concorreu",
        "cargo_diferente_felipe": false,
        "votos_psd_inicio": 89,
        "votos_psd_fim": 20,
        "delta_psd": -69,
        "pct_delta_psd": -77.53,
        "candidacy_status_psd": "concorreu",
        "cargo_diferente_psd": false,
        "map_delta": null,
        "map_abs_delta": null
      },
      "geometry": {
        "type": "Point",
        "coordinates": [
          -43.0583864,
          -22.8961721
        ]
      }
    },
    {
      "type": "Feature",
      "properties": {
        "pair": "2012-2016",
        "ano_inicio": 2012,
        "ano_fim": 2016,
        "nr_local": "1538",
        "nm_local": "ESCOLA CATAVENTO ESPAÇO DE EDUCAÇÃO",
        "bairro": "SAPÊ",
        "local_status": "both",
        "secoes_inicio": 7,
        "secoes_fim": 11,
        "secoes_comuns": 7,
        "secoes_adicionadas": 4,
        "secoes_removidas": 0,
        "secoes_movidas_in": 0,
        "secoes_movidas_out": 0,
        "secao_churn": 0.3636,
        "tipo_inicio": "Municipal",
        "tipo_fim": "Municipal",
        "tipo_par": "Municipal -> Municipal",
        "votos_hugo_inicio": null,
        "votos_hugo_fim": null,
        "delta_hugo": null,
        "pct_delta_hugo": null,
        "candidacy_status_hugo": "nao_concorreu_inicio",
        "cargo_diferente_hugo": null,
        "votos_felipe_inicio": 1383,
        "votos_felipe_fim": 1614,
        "delta_felipe": 231,
        "pct_delta_felipe": 16.7,
        "candidacy_status_felipe": "concorreu",
        "cargo_diferente_felipe": false,
        "votos_psd_inicio": 286,
        "votos_psd_fim": 27,
        "delta_psd": -259,
        "pct_delta_psd": -90.56,
        "candidacy_status_psd": "concorreu",
        "cargo_diferente_psd": false,
        "map_delta": null,
        "map_abs_delta": null
      },
      "geometry": {
        "type": "Point",
        "coordinates": [
          -43.0635188,
          -22.9024713
        ]
      }
    },
    {
      "type": "Feature",
      "properties": {
        "pair": "2012-2016",
        "ano_inicio": 2012,
        "ano_fim": 2016,
        "nr_local": "1546",
        "nm_local": "UNIVERSIDADE SALGADO DE OLIVEIRA - BL A",
        "bairro": "CENTRO",
        "local_status": "both",
        "secoes_inicio": 5,
        "secoes_fim": 9,
        "secoes_comuns": 5,
        "secoes_adicionadas": 4,
        "secoes_removidas": 0,
        "secoes_movidas_in": 0,
        "secoes_movidas_out": 0,
        "secao_churn": 0.4444,
        "tipo_inicio": "Municipal",
        "tipo_fim": "Municipal",
        "tipo_par": "Municipal -> Municipal",
        "votos_hugo_inicio": null,
        "votos_hugo_fim": null,
        "delta_hugo": null,
        "pct_delta_hugo": null,
        "candidacy_status_hugo": "nao_concorreu_inicio",
        "cargo_diferente_hugo": null,
        "votos_felipe_inicio": 856,
        "votos_felipe_fim": 1382,
        "delta_felipe": 526,
        "pct_delta_felipe": 61.45,
        "candidacy_status_felipe": "concorreu",
        "cargo_diferente_felipe": false,
        "votos_psd_inicio": 181,
        "votos_psd_fim": 7,
        "delta_psd": -174,
        "pct_delta_psd": -96.13,
        "candidacy_status_psd": "concorreu",
        "cargo_diferente_psd": false,
        "map_delta": null,
        "map_abs_delta": null
      },
      "geometry": {
        "type": "Point",
        "coordinates": [
          -43.1186087,
          -22.8894749
        ]
      }
    },
    {
      "type": "Feature",
      "properties": {
        "pair": "2012-2016",
        "ano_inicio": 2012,
        "ano_fim": 2016,
        "nr_local": "1554",
        "nm_local": "JARDIM ESCOLA GIRASSÓIS",
        "bairro": "LARGO DA BATALHA",
        "local_status": "both",
        "secoes_inicio": 7,
        "secoes_fim": 13,
        "secoes_comuns": 5,
        "secoes_adicionadas": 8,
        "secoes_removidas": 2,
        "secoes_movidas_in": 4,
        "secoes_movidas_out": 0,
        "secao_churn": 0.7692,
        "tipo_inicio": "Municipal",
        "tipo_fim": "Municipal",
        "tipo_par": "Municipal -> Municipal",
        "votos_hugo_inicio": null,
        "votos_hugo_fim": null,
        "delta_hugo": null,
        "pct_delta_hugo": null,
        "candidacy_status_hugo": "nao_concorreu_inicio",
        "cargo_diferente_hugo": null,
        "votos_felipe_inicio": 871,
        "votos_felipe_fim": 1512,
        "delta_felipe": 641,
        "pct_delta_felipe": 73.59,
        "candidacy_status_felipe": "concorreu",
        "cargo_diferente_felipe": false,
        "votos_psd_inicio": 140,
        "votos_psd_fim": 62,
        "delta_psd": -78,
        "pct_delta_psd": -55.71,
        "candidacy_status_psd": "concorreu",
        "cargo_diferente_psd": false,
        "map_delta": null,
        "map_abs_delta": null
      },
      "geometry": {
        "type": "Point",
        "coordinates": [
          -43.0652722,
          -22.9077414
        ]
      }
    },
    {
      "type": "Feature",
      "properties": {
        "pair": "2012-2016",
        "ano_inicio": 2012,
        "ano_fim": 2016,
        "nr_local": "1589",
        "nm_local": "COLÉGIO NOSSA SENHORA DAS MERCÊS",
        "bairro": "FONSECA",
        "local_status": "both",
        "secoes_inicio": 5,
        "secoes_fim": 5,
        "secoes_comuns": 5,
        "secoes_adicionadas": 0,
        "secoes_removidas": 0,
        "secoes_movidas_in": 0,
        "secoes_movidas_out": 0,
        "secao_churn": 0,
        "tipo_inicio": "Municipal",
        "tipo_fim": "Municipal",
        "tipo_par": "Municipal -> Municipal",
        "votos_hugo_inicio": null,
        "votos_hugo_fim": null,
        "delta_hugo": null,
        "pct_delta_hugo": null,
        "candidacy_status_hugo": "nao_concorreu_inicio",
        "cargo_diferente_hugo": null,
        "votos_felipe_inicio": 983,
        "votos_felipe_fim": 780,
        "delta_felipe": -203,
        "pct_delta_felipe": -20.65,
        "candidacy_status_felipe": "concorreu",
        "cargo_diferente_felipe": false,
        "votos_psd_inicio": 287,
        "votos_psd_fim": 11,
        "delta_psd": -276,
        "pct_delta_psd": -96.17,
        "candidacy_status_psd": "concorreu",
        "cargo_diferente_psd": false,
        "map_delta": null,
        "map_abs_delta": null
      },
      "geometry": {
        "type": "Point",
        "coordinates": [
          -43.1023535,
          -22.880345
        ]
      }
    },
    {
      "type": "Feature",
      "properties": {
        "pair": "2012-2016",
        "ano_inicio": 2012,
        "ano_fim": 2016,
        "nr_local": "1597",
        "nm_local": "COLÉGIO PONTO DE ENSINO",
        "bairro": "ICARAÍ",
        "local_status": "both",
        "secoes_inicio": 6,
        "secoes_fim": 13,
        "secoes_comuns": 6,
        "secoes_adicionadas": 7,
        "secoes_removidas": 0,
        "secoes_movidas_in": 0,
        "secoes_movidas_out": 0,
        "secao_churn": 0.5385,
        "tipo_inicio": "Municipal",
        "tipo_fim": "Municipal",
        "tipo_par": "Municipal -> Municipal",
        "votos_hugo_inicio": null,
        "votos_hugo_fim": null,
        "delta_hugo": null,
        "pct_delta_hugo": null,
        "candidacy_status_hugo": "nao_concorreu_inicio",
        "cargo_diferente_hugo": null,
        "votos_felipe_inicio": 1159,
        "votos_felipe_fim": 1858,
        "delta_felipe": 699,
        "pct_delta_felipe": 60.31,
        "candidacy_status_felipe": "concorreu",
        "cargo_diferente_felipe": false,
        "votos_psd_inicio": 172,
        "votos_psd_fim": 26,
        "delta_psd": -146,
        "pct_delta_psd": -84.88,
        "candidacy_status_psd": "concorreu",
        "cargo_diferente_psd": false,
        "map_delta": null,
        "map_abs_delta": null
      },
      "geometry": {
        "type": "Point",
        "coordinates": [
          -43.1095209,
          -22.9092421
        ]
      }
    },
    {
      "type": "Feature",
      "properties": {
        "pair": "2012-2016",
        "ano_inicio": 2012,
        "ano_fim": 2016,
        "nr_local": "1600",
        "nm_local": "INSTITUTO DE EDUCAÇÃO PROFESSOR ISMAEL COUTINHO - IEPIC",
        "bairro": "SÃO DOMINGOS",
        "local_status": "both",
        "secoes_inicio": 8,
        "secoes_fim": 8,
        "secoes_comuns": 8,
        "secoes_adicionadas": 0,
        "secoes_removidas": 0,
        "secoes_movidas_in": 0,
        "secoes_movidas_out": 0,
        "secao_churn": 0,
        "tipo_inicio": "Municipal",
        "tipo_fim": "Municipal",
        "tipo_par": "Municipal -> Municipal",
        "votos_hugo_inicio": null,
        "votos_hugo_fim": null,
        "delta_hugo": null,
        "pct_delta_hugo": null,
        "candidacy_status_hugo": "nao_concorreu_inicio",
        "cargo_diferente_hugo": null,
        "votos_felipe_inicio": 1646,
        "votos_felipe_fim": 1037,
        "delta_felipe": -609,
        "pct_delta_felipe": -37,
        "candidacy_status_felipe": "concorreu",
        "cargo_diferente_felipe": false,
        "votos_psd_inicio": 267,
        "votos_psd_fim": 3,
        "delta_psd": -264,
        "pct_delta_psd": -98.88,
        "candidacy_status_psd": "concorreu",
        "cargo_diferente_psd": false,
        "map_delta": null,
        "map_abs_delta": null
      },
      "geometry": {
        "type": "Point",
        "coordinates": [
          -43.1271052,
          -22.8989767
        ]
      }
    },
    {
      "type": "Feature",
      "properties": {
        "pair": "2012-2016",
        "ano_inicio": 2012,
        "ano_fim": 2016,
        "nr_local": "1635",
        "nm_local": "ESCOLA MUNICIPAL DOM JOSÉ PEREIRA ALVES",
        "bairro": "FONSECA",
        "local_status": "both",
        "secoes_inicio": 12,
        "secoes_fim": 12,
        "secoes_comuns": 12,
        "secoes_adicionadas": 0,
        "secoes_removidas": 0,
        "secoes_movidas_in": 0,
        "secoes_movidas_out": 0,
        "secao_churn": 0,
        "tipo_inicio": "Municipal",
        "tipo_fim": "Municipal",
        "tipo_par": "Municipal -> Municipal",
        "votos_hugo_inicio": null,
        "votos_hugo_fim": null,
        "delta_hugo": null,
        "pct_delta_hugo": null,
        "candidacy_status_hugo": "nao_concorreu_inicio",
        "cargo_diferente_hugo": null,
        "votos_felipe_inicio": 2139,
        "votos_felipe_fim": 1579,
        "delta_felipe": -560,
        "pct_delta_felipe": -26.18,
        "candidacy_status_felipe": "concorreu",
        "cargo_diferente_felipe": false,
        "votos_psd_inicio": 336,
        "votos_psd_fim": 12,
        "delta_psd": -324,
        "pct_delta_psd": -96.43,
        "candidacy_status_psd": "concorreu",
        "cargo_diferente_psd": false,
        "map_delta": null,
        "map_abs_delta": null
      },
      "geometry": {
        "type": "Point",
        "coordinates": [
          -43.0920686,
          -22.8783038
        ]
      }
    },
    {
      "type": "Feature",
      "properties": {
        "pair": "2012-2016",
        "ano_inicio": 2012,
        "ano_fim": 2016,
        "nr_local": "1643",
        "nm_local": "CENTRO MODERNO ALZIRA BITTENCOURT",
        "bairro": "ICARAÍ",
        "local_status": "both",
        "secoes_inicio": 6,
        "secoes_fim": 6,
        "secoes_comuns": 6,
        "secoes_adicionadas": 0,
        "secoes_removidas": 0,
        "secoes_movidas_in": 0,
        "secoes_movidas_out": 0,
        "secao_churn": 0,
        "tipo_inicio": "Municipal",
        "tipo_fim": "Municipal",
        "tipo_par": "Municipal -> Municipal",
        "votos_hugo_inicio": null,
        "votos_hugo_fim": null,
        "delta_hugo": null,
        "pct_delta_hugo": null,
        "candidacy_status_hugo": "nao_concorreu_inicio",
        "cargo_diferente_hugo": null,
        "votos_felipe_inicio": 997,
        "votos_felipe_fim": 740,
        "delta_felipe": -257,
        "pct_delta_felipe": -25.78,
        "candidacy_status_felipe": "concorreu",
        "cargo_diferente_felipe": false,
        "votos_psd_inicio": 133,
        "votos_psd_fim": 1,
        "delta_psd": -132,
        "pct_delta_psd": -99.25,
        "candidacy_status_psd": "concorreu",
        "cargo_diferente_psd": false,
        "map_delta": null,
        "map_abs_delta": null
      },
      "geometry": {
        "type": "Point",
        "coordinates": [
          -43.110746,
          -22.9012326
        ]
      }
    },
    {
      "type": "Feature",
      "properties": {
        "pair": "2012-2016",
        "ano_inicio": 2012,
        "ano_fim": 2016,
        "nr_local": "1660",
        "nm_local": "CLUBE CENTRAL",
        "bairro": "ICARAÍ",
        "local_status": "both",
        "secoes_inicio": 4,
        "secoes_fim": 4,
        "secoes_comuns": 4,
        "secoes_adicionadas": 0,
        "secoes_removidas": 0,
        "secoes_movidas_in": 0,
        "secoes_movidas_out": 0,
        "secao_churn": 0,
        "tipo_inicio": "Municipal",
        "tipo_fim": "Municipal",
        "tipo_par": "Municipal -> Municipal",
        "votos_hugo_inicio": null,
        "votos_hugo_fim": null,
        "delta_hugo": null,
        "pct_delta_hugo": null,
        "candidacy_status_hugo": "nao_concorreu_inicio",
        "cargo_diferente_hugo": null,
        "votos_felipe_inicio": 420,
        "votos_felipe_fim": 193,
        "delta_felipe": -227,
        "pct_delta_felipe": -54.05,
        "candidacy_status_felipe": "concorreu",
        "cargo_diferente_felipe": false,
        "votos_psd_inicio": 64,
        "votos_psd_fim": 1,
        "delta_psd": -63,
        "pct_delta_psd": -98.44,
        "candidacy_status_psd": "concorreu",
        "cargo_diferente_psd": false,
        "map_delta": null,
        "map_abs_delta": null
      },
      "geometry": {
        "type": "Point",
        "coordinates": [
          -43.111789,
          -22.9075784
        ]
      }
    },
    {
      "type": "Feature",
      "properties": {
        "pair": "2012-2016",
        "ano_inicio": 2012,
        "ano_fim": 2016,
        "nr_local": "1716",
        "nm_local": "ESCOLA VIVINFÂNCIA",
        "bairro": "ICARAÍ",
        "local_status": "both",
        "secoes_inicio": 6,
        "secoes_fim": 6,
        "secoes_comuns": 6,
        "secoes_adicionadas": 0,
        "secoes_removidas": 0,
        "secoes_movidas_in": 0,
        "secoes_movidas_out": 0,
        "secao_churn": 0,
        "tipo_inicio": "Municipal",
        "tipo_fim": "Municipal",
        "tipo_par": "Municipal -> Municipal",
        "votos_hugo_inicio": null,
        "votos_hugo_fim": null,
        "delta_hugo": null,
        "pct_delta_hugo": null,
        "candidacy_status_hugo": "nao_concorreu_inicio",
        "cargo_diferente_hugo": null,
        "votos_felipe_inicio": 1146,
        "votos_felipe_fim": 755,
        "delta_felipe": -391,
        "pct_delta_felipe": -34.12,
        "candidacy_status_felipe": "concorreu",
        "cargo_diferente_felipe": false,
        "votos_psd_inicio": 167,
        "votos_psd_fim": 7,
        "delta_psd": -160,
        "pct_delta_psd": -95.81,
        "candidacy_status_psd": "concorreu",
        "cargo_diferente_psd": false,
        "map_delta": null,
        "map_abs_delta": null
      },
      "geometry": {
        "type": "Point",
        "coordinates": [
          -43.1056898,
          -22.9079727
        ]
      }
    },
    {
      "type": "Feature",
      "properties": {
        "pair": "2012-2016",
        "ano_inicio": 2012,
        "ano_fim": 2016,
        "nr_local": "1732",
        "nm_local": "CLUBE NAVAL",
        "bairro": "JURUJUBA",
        "local_status": "both",
        "secoes_inicio": 3,
        "secoes_fim": 3,
        "secoes_comuns": 3,
        "secoes_adicionadas": 0,
        "secoes_removidas": 0,
        "secoes_movidas_in": 0,
        "secoes_movidas_out": 0,
        "secao_churn": 0,
        "tipo_inicio": "Municipal",
        "tipo_fim": "Municipal",
        "tipo_par": "Municipal -> Municipal",
        "votos_hugo_inicio": null,
        "votos_hugo_fim": null,
        "delta_hugo": null,
        "pct_delta_hugo": null,
        "candidacy_status_hugo": "nao_concorreu_inicio",
        "cargo_diferente_hugo": null,
        "votos_felipe_inicio": 514,
        "votos_felipe_fim": 332,
        "delta_felipe": -182,
        "pct_delta_felipe": -35.41,
        "candidacy_status_felipe": "concorreu",
        "cargo_diferente_felipe": false,
        "votos_psd_inicio": 90,
        "votos_psd_fim": 2,
        "delta_psd": -88,
        "pct_delta_psd": -97.78,
        "candidacy_status_psd": "concorreu",
        "cargo_diferente_psd": false,
        "map_delta": null,
        "map_abs_delta": null
      },
      "geometry": {
        "type": "Point",
        "coordinates": [
          -43.1068139,
          -22.935737
        ]
      }
    },
    {
      "type": "Feature",
      "properties": {
        "pair": "2012-2016",
        "ano_inicio": 2012,
        "ano_fim": 2016,
        "nr_local": "1740",
        "nm_local": "ESCOLA MUNICIPAL PROFESSORA ELVIRA LÚCIA ESTEVES DE VASCONCELOS",
        "bairro": "ICARAÍ",
        "local_status": "end_only",
        "secoes_inicio": 0,
        "secoes_fim": 1,
        "secoes_comuns": 0,
        "secoes_adicionadas": 1,
        "secoes_removidas": 0,
        "secoes_movidas_in": 0,
        "secoes_movidas_out": 0,
        "secao_churn": 1,
        "tipo_inicio": "Municipal",
        "tipo_fim": "Municipal",
        "tipo_par": "Municipal -> Municipal",
        "votos_hugo_inicio": null,
        "votos_hugo_fim": null,
        "delta_hugo": null,
        "pct_delta_hugo": null,
        "candidacy_status_hugo": "nao_concorreu_inicio",
        "cargo_diferente_hugo": null,
        "votos_felipe_inicio": 0,
        "votos_felipe_fim": 123,
        "delta_felipe": 123,
        "pct_delta_felipe": null,
        "candidacy_status_felipe": "concorreu",
        "cargo_diferente_felipe": false,
        "votos_psd_inicio": 0,
        "votos_psd_fim": 3,
        "delta_psd": 3,
        "pct_delta_psd": null,
        "candidacy_status_psd": "concorreu",
        "cargo_diferente_psd": false,
        "map_delta": null,
        "map_abs_delta": null
      },
      "geometry": {
        "type": "Point",
        "coordinates": [
          -43.1073245,
          -22.9111671
        ]
      }
    },
    {
      "type": "Feature",
      "properties": {
        "pair": "2014-2018",
        "ano_inicio": 2014,
        "ano_fim": 2018,
        "nr_local": "1015",
        "nm_local": "INSTITUTO JCA",
        "bairro": "SANTA BARBARA",
        "local_status": "both",
        "secoes_inicio": 40,
        "secoes_fim": 34,
        "secoes_comuns": 34,
        "secoes_adicionadas": 0,
        "secoes_removidas": 6,
        "secoes_movidas_in": 0,
        "secoes_movidas_out": 0,
        "secao_churn": 0.15,
        "tipo_inicio": "Geral",
        "tipo_fim": "Geral",
        "tipo_par": "Geral -> Geral",
        "votos_hugo_inicio": 93,
        "votos_hugo_fim": 51,
        "delta_hugo": -42,
        "pct_delta_hugo": -45.16,
        "candidacy_status_hugo": "concorreu",
        "cargo_diferente_hugo": false,
        "votos_felipe_inicio": null,
        "votos_felipe_fim": null,
        "delta_felipe": null,
        "pct_delta_felipe": null,
        "candidacy_status_felipe": "nao_concorreu_inicio",
        "cargo_diferente_felipe": null,
        "votos_psd_inicio": 1315,
        "votos_psd_fim": 3290,
        "delta_psd": 1975,
        "pct_delta_psd": 150.19,
        "candidacy_status_psd": "concorreu",
        "cargo_diferente_psd": false,
        "map_delta": -42,
        "map_abs_delta": 42
      },
      "geometry": {
        "type": "Point",
        "coordinates": [
          -43.0585179,
          -22.882301
        ]
      }
    },
    {
      "type": "Feature",
      "properties": {
        "pair": "2014-2018",
        "ano_inicio": 2014,
        "ano_fim": 2018,
        "nr_local": "1023",
        "nm_local": "PAROQUIA DE SAO JOAO BATISTA",
        "bairro": "TENENTE JARDIM",
        "local_status": "both",
        "secoes_inicio": 17,
        "secoes_fim": 10,
        "secoes_comuns": 10,
        "secoes_adicionadas": 0,
        "secoes_removidas": 7,
        "secoes_movidas_in": 0,
        "secoes_movidas_out": 0,
        "secao_churn": 0.4118,
        "tipo_inicio": "Geral",
        "tipo_fim": "Geral",
        "tipo_par": "Geral -> Geral",
        "votos_hugo_inicio": 31,
        "votos_hugo_fim": 3,
        "delta_hugo": -28,
        "pct_delta_hugo": -90.32,
        "candidacy_status_hugo": "concorreu",
        "cargo_diferente_hugo": false,
        "votos_felipe_inicio": null,
        "votos_felipe_fim": null,
        "delta_felipe": null,
        "pct_delta_felipe": null,
        "candidacy_status_felipe": "nao_concorreu_inicio",
        "cargo_diferente_felipe": null,
        "votos_psd_inicio": 580,
        "votos_psd_fim": 846,
        "delta_psd": 266,
        "pct_delta_psd": 45.86,
        "candidacy_status_psd": "concorreu",
        "cargo_diferente_psd": false,
        "map_delta": -28,
        "map_abs_delta": 28
      },
      "geometry": {
        "type": "Point",
        "coordinates": [
          -43.0827273,
          -22.8639855
        ]
      }
    },
    {
      "type": "Feature",
      "properties": {
        "pair": "2014-2018",
        "ano_inicio": 2014,
        "ano_fim": 2018,
        "nr_local": "1031",
        "nm_local": "(PRÉDIO NOVO) COLÉGIO PEDRO II UNIDADE NITERÓI",
        "bairro": "BARRETO",
        "local_status": "both",
        "secoes_inicio": 40,
        "secoes_fim": 23,
        "secoes_comuns": 23,
        "secoes_adicionadas": 0,
        "secoes_removidas": 17,
        "secoes_movidas_in": 0,
        "secoes_movidas_out": 0,
        "secao_churn": 0.425,
        "tipo_inicio": "Geral",
        "tipo_fim": "Geral",
        "tipo_par": "Geral -> Geral",
        "votos_hugo_inicio": 40,
        "votos_hugo_fim": 26,
        "delta_hugo": -14,
        "pct_delta_hugo": -35,
        "candidacy_status_hugo": "concorreu",
        "cargo_diferente_hugo": false,
        "votos_felipe_inicio": null,
        "votos_felipe_fim": null,
        "delta_felipe": null,
        "pct_delta_felipe": null,
        "candidacy_status_felipe": "nao_concorreu_inicio",
        "cargo_diferente_felipe": null,
        "votos_psd_inicio": 1388,
        "votos_psd_fim": 2407,
        "delta_psd": 1019,
        "pct_delta_psd": 73.41,
        "candidacy_status_psd": "concorreu",
        "cargo_diferente_psd": false,
        "map_delta": -14,
        "map_abs_delta": 14
      },
      "geometry": {
        "type": "Point",
        "coordinates": [
          -43.1037833,
          -22.8685685
        ]
      }
    },
    {
      "type": "Feature",
      "properties": {
        "pair": "2014-2018",
        "ano_inicio": 2014,
        "ano_fim": 2018,
        "nr_local": "1040",
        "nm_local": "CIEP 447 - CARAMUJO",
        "bairro": "CARAMUJO",
        "local_status": "both",
        "secoes_inicio": 20,
        "secoes_fim": 17,
        "secoes_comuns": 17,
        "secoes_adicionadas": 0,
        "secoes_removidas": 3,
        "secoes_movidas_in": 0,
        "secoes_movidas_out": 0,
        "secao_churn": 0.15,
        "tipo_inicio": "Geral",
        "tipo_fim": "Geral",
        "tipo_par": "Geral -> Geral",
        "votos_hugo_inicio": 73,
        "votos_hugo_fim": 3,
        "delta_hugo": -70,
        "pct_delta_hugo": -95.89,
        "candidacy_status_hugo": "concorreu",
        "cargo_diferente_hugo": false,
        "votos_felipe_inicio": null,
        "votos_felipe_fim": null,
        "delta_felipe": null,
        "pct_delta_felipe": null,
        "candidacy_status_felipe": "nao_concorreu_inicio",
        "cargo_diferente_felipe": null,
        "votos_psd_inicio": 861,
        "votos_psd_fim": 2222,
        "delta_psd": 1361,
        "pct_delta_psd": 158.07,
        "candidacy_status_psd": "concorreu",
        "cargo_diferente_psd": false,
        "map_delta": -70,
        "map_abs_delta": 70
      },
      "geometry": {
        "type": "Point",
        "coordinates": [
          -43.065134,
          -22.8827294
        ]
      }
    },
    {
      "type": "Feature",
      "properties": {
        "pair": "2014-2018",
        "ano_inicio": 2014,
        "ano_fim": 2018,
        "nr_local": "1058",
        "nm_local": "INSTITUTO SÃO BENTO DE NITEROI",
        "bairro": null,
        "local_status": "start_only",
        "secoes_inicio": 28,
        "secoes_fim": 0,
        "secoes_comuns": 0,
        "secoes_adicionadas": 0,
        "secoes_removidas": 28,
        "secoes_movidas_in": 0,
        "secoes_movidas_out": 0,
        "secao_churn": 1,
        "tipo_inicio": "Geral",
        "tipo_fim": "Geral",
        "tipo_par": "Geral -> Geral",
        "votos_hugo_inicio": 47,
        "votos_hugo_fim": 0,
        "delta_hugo": -47,
        "pct_delta_hugo": -100,
        "candidacy_status_hugo": "concorreu",
        "cargo_diferente_hugo": false,
        "votos_felipe_inicio": null,
        "votos_felipe_fim": null,
        "delta_felipe": null,
        "pct_delta_felipe": null,
        "candidacy_status_felipe": "nao_concorreu_inicio",
        "cargo_diferente_felipe": null,
        "votos_psd_inicio": 979,
        "votos_psd_fim": 0,
        "delta_psd": -979,
        "pct_delta_psd": -100,
        "candidacy_status_psd": "concorreu",
        "cargo_diferente_psd": false,
        "map_delta": -47,
        "map_abs_delta": 47
      },
      "geometry": {
        "type": "Point",
        "coordinates": [
          -43.0985232,
          -22.8970069
        ]
      }
    },
    {
      "type": "Feature",
      "properties": {
        "pair": "2014-2018",
        "ano_inicio": 2014,
        "ano_fim": 2018,
        "nr_local": "1066",
        "nm_local": "ITACOATIARA PAMPO CLUBE",
        "bairro": "ITACOATIARA",
        "local_status": "both",
        "secoes_inicio": 16,
        "secoes_fim": 7,
        "secoes_comuns": 7,
        "secoes_adicionadas": 0,
        "secoes_removidas": 9,
        "secoes_movidas_in": 0,
        "secoes_movidas_out": 0,
        "secao_churn": 0.5625,
        "tipo_inicio": "Geral",
        "tipo_fim": "Geral",
        "tipo_par": "Geral -> Geral",
        "votos_hugo_inicio": 20,
        "votos_hugo_fim": 7,
        "delta_hugo": -13,
        "pct_delta_hugo": -65,
        "candidacy_status_hugo": "concorreu",
        "cargo_diferente_hugo": false,
        "votos_felipe_inicio": null,
        "votos_felipe_fim": null,
        "delta_felipe": null,
        "pct_delta_felipe": null,
        "candidacy_status_felipe": "nao_concorreu_inicio",
        "cargo_diferente_felipe": null,
        "votos_psd_inicio": 660,
        "votos_psd_fim": 660,
        "delta_psd": 0,
        "pct_delta_psd": 0,
        "candidacy_status_psd": "concorreu",
        "cargo_diferente_psd": false,
        "map_delta": -13,
        "map_abs_delta": 13
      },
      "geometry": {
        "type": "Point",
        "coordinates": [
          -43.0332117,
          -22.9646939
        ]
      }
    },
    {
      "type": "Feature",
      "properties": {
        "pair": "2014-2018",
        "ano_inicio": 2014,
        "ano_fim": 2018,
        "nr_local": "1074",
        "nm_local": "COLEGIO ESTADUAL PAULO ASSIS RIBEIRO",
        "bairro": "BADU",
        "local_status": "both",
        "secoes_inicio": 44,
        "secoes_fim": 27,
        "secoes_comuns": 27,
        "secoes_adicionadas": 0,
        "secoes_removidas": 17,
        "secoes_movidas_in": 0,
        "secoes_movidas_out": 0,
        "secao_churn": 0.3864,
        "tipo_inicio": "Geral",
        "tipo_fim": "Geral",
        "tipo_par": "Geral -> Geral",
        "votos_hugo_inicio": 66,
        "votos_hugo_fim": 16,
        "delta_hugo": -50,
        "pct_delta_hugo": -75.76,
        "candidacy_status_hugo": "concorreu",
        "cargo_diferente_hugo": false,
        "votos_felipe_inicio": null,
        "votos_felipe_fim": null,
        "delta_felipe": null,
        "pct_delta_felipe": null,
        "candidacy_status_felipe": "nao_concorreu_inicio",
        "cargo_diferente_felipe": null,
        "votos_psd_inicio": 1891,
        "votos_psd_fim": 3490,
        "delta_psd": 1599,
        "pct_delta_psd": 84.56,
        "candidacy_status_psd": "concorreu",
        "cargo_diferente_psd": false,
        "map_delta": -50,
        "map_abs_delta": 50
      },
      "geometry": {
        "type": "Point",
        "coordinates": [
          -43.0573891,
          -22.9068537
        ]
      }
    },
    {
      "type": "Feature",
      "properties": {
        "pair": "2014-2018",
        "ano_inicio": 2014,
        "ano_fim": 2018,
        "nr_local": "1082",
        "nm_local": "UMEI DR PAULO CESAR DE ALMEIDA PIMENTEL",
        "bairro": "ITAIPU",
        "local_status": "both",
        "secoes_inicio": 45,
        "secoes_fim": 13,
        "secoes_comuns": 7,
        "secoes_adicionadas": 6,
        "secoes_removidas": 38,
        "secoes_movidas_in": 0,
        "secoes_movidas_out": 3,
        "secao_churn": 0.9778,
        "tipo_inicio": "Geral",
        "tipo_fim": "Geral",
        "tipo_par": "Geral -> Geral",
        "votos_hugo_inicio": 104,
        "votos_hugo_fim": 8,
        "delta_hugo": -96,
        "pct_delta_hugo": -92.31,
        "candidacy_status_hugo": "concorreu",
        "cargo_diferente_hugo": false,
        "votos_felipe_inicio": null,
        "votos_felipe_fim": null,
        "delta_felipe": null,
        "pct_delta_felipe": null,
        "candidacy_status_felipe": "nao_concorreu_inicio",
        "cargo_diferente_felipe": null,
        "votos_psd_inicio": 1592,
        "votos_psd_fim": 1017,
        "delta_psd": -575,
        "pct_delta_psd": -36.12,
        "candidacy_status_psd": "concorreu",
        "cargo_diferente_psd": false,
        "map_delta": -96,
        "map_abs_delta": 96
      },
      "geometry": {
        "type": "Point",
        "coordinates": [
          -43.0327165,
          -22.9614459
        ]
      }
    },
    {
      "type": "Feature",
      "properties": {
        "pair": "2014-2018",
        "ano_inicio": 2014,
        "ano_fim": 2018,
        "nr_local": "1090",
        "nm_local": "COLÉGIO ESTADUAL PROFESSORA ALCINA RODRIGUES LIMA",
        "bairro": "ITAIPU",
        "local_status": "both",
        "secoes_inicio": 53,
        "secoes_fim": 28,
        "secoes_comuns": 21,
        "secoes_adicionadas": 7,
        "secoes_removidas": 32,
        "secoes_movidas_in": 3,
        "secoes_movidas_out": 0,
        "secao_churn": 0.7358,
        "tipo_inicio": "Geral",
        "tipo_fim": "Geral",
        "tipo_par": "Geral -> Geral",
        "votos_hugo_inicio": 73,
        "votos_hugo_fim": 28,
        "delta_hugo": -45,
        "pct_delta_hugo": -61.64,
        "candidacy_status_hugo": "concorreu",
        "cargo_diferente_hugo": false,
        "votos_felipe_inicio": null,
        "votos_felipe_fim": null,
        "delta_felipe": null,
        "pct_delta_felipe": null,
        "candidacy_status_felipe": "nao_concorreu_inicio",
        "cargo_diferente_felipe": null,
        "votos_psd_inicio": 1909,
        "votos_psd_fim": 2356,
        "delta_psd": 447,
        "pct_delta_psd": 23.42,
        "candidacy_status_psd": "concorreu",
        "cargo_diferente_psd": false,
        "map_delta": -45,
        "map_abs_delta": 45
      },
      "geometry": {
        "type": "Point",
        "coordinates": [
          -43.0285072,
          -22.9528491
        ]
      }
    },
    {
      "type": "Feature",
      "properties": {
        "pair": "2014-2018",
        "ano_inicio": 2014,
        "ano_fim": 2018,
        "nr_local": "1104",
        "nm_local": "ESCOLA MUNICIPAL ALTIVO CESAR",
        "bairro": "BARRETO",
        "local_status": "both",
        "secoes_inicio": 23,
        "secoes_fim": 25,
        "secoes_comuns": 23,
        "secoes_adicionadas": 2,
        "secoes_removidas": 0,
        "secoes_movidas_in": 0,
        "secoes_movidas_out": 0,
        "secao_churn": 0.08,
        "tipo_inicio": "Geral",
        "tipo_fim": "Geral",
        "tipo_par": "Geral -> Geral",
        "votos_hugo_inicio": 51,
        "votos_hugo_fim": 26,
        "delta_hugo": -25,
        "pct_delta_hugo": -49.02,
        "candidacy_status_hugo": "concorreu",
        "cargo_diferente_hugo": false,
        "votos_felipe_inicio": null,
        "votos_felipe_fim": null,
        "delta_felipe": null,
        "pct_delta_felipe": null,
        "candidacy_status_felipe": "nao_concorreu_inicio",
        "cargo_diferente_felipe": null,
        "votos_psd_inicio": 1058,
        "votos_psd_fim": 2205,
        "delta_psd": 1147,
        "pct_delta_psd": 108.41,
        "candidacy_status_psd": "concorreu",
        "cargo_diferente_psd": false,
        "map_delta": -25,
        "map_abs_delta": 25
      },
      "geometry": {
        "type": "Point",
        "coordinates": [
          -43.0995714,
          -22.8645343
        ]
      }
    },
    {
      "type": "Feature",
      "properties": {
        "pair": "2014-2018",
        "ano_inicio": 2014,
        "ano_fim": 2018,
        "nr_local": "1112",
        "nm_local": "COLÉGIO SALESIANO REGIÃO OCEÂNICA",
        "bairro": "PIRATININGA",
        "local_status": "both",
        "secoes_inicio": 56,
        "secoes_fim": 38,
        "secoes_comuns": 36,
        "secoes_adicionadas": 2,
        "secoes_removidas": 20,
        "secoes_movidas_in": 0,
        "secoes_movidas_out": 0,
        "secao_churn": 0.3929,
        "tipo_inicio": "Geral",
        "tipo_fim": "Geral",
        "tipo_par": "Geral -> Geral",
        "votos_hugo_inicio": 79,
        "votos_hugo_fim": 23,
        "delta_hugo": -56,
        "pct_delta_hugo": -70.89,
        "candidacy_status_hugo": "concorreu",
        "cargo_diferente_hugo": false,
        "votos_felipe_inicio": null,
        "votos_felipe_fim": null,
        "delta_felipe": null,
        "pct_delta_felipe": null,
        "candidacy_status_felipe": "nao_concorreu_inicio",
        "cargo_diferente_felipe": null,
        "votos_psd_inicio": 2498,
        "votos_psd_fim": 4882,
        "delta_psd": 2384,
        "pct_delta_psd": 95.44,
        "candidacy_status_psd": "concorreu",
        "cargo_diferente_psd": false,
        "map_delta": -56,
        "map_abs_delta": 56
      },
      "geometry": {
        "type": "Point",
        "coordinates": [
          -43.0618731,
          -22.9393022
        ]
      }
    },
    {
      "type": "Feature",
      "properties": {
        "pair": "2014-2018",
        "ano_inicio": 2014,
        "ano_fim": 2018,
        "nr_local": "1120",
        "nm_local": "COLÉGIO ESTADUAL ALMIRANTE TAMANDARÉ",
        "bairro": "PIRATININGA",
        "local_status": "both",
        "secoes_inicio": 43,
        "secoes_fim": 11,
        "secoes_comuns": 11,
        "secoes_adicionadas": 0,
        "secoes_removidas": 32,
        "secoes_movidas_in": 0,
        "secoes_movidas_out": 0,
        "secao_churn": 0.7442,
        "tipo_inicio": "Geral",
        "tipo_fim": "Geral",
        "tipo_par": "Geral -> Geral",
        "votos_hugo_inicio": 81,
        "votos_hugo_fim": 11,
        "delta_hugo": -70,
        "pct_delta_hugo": -86.42,
        "candidacy_status_hugo": "concorreu",
        "cargo_diferente_hugo": false,
        "votos_felipe_inicio": null,
        "votos_felipe_fim": null,
        "delta_felipe": null,
        "pct_delta_felipe": null,
        "candidacy_status_felipe": "nao_concorreu_inicio",
        "cargo_diferente_felipe": null,
        "votos_psd_inicio": 2238,
        "votos_psd_fim": 1226,
        "delta_psd": -1012,
        "pct_delta_psd": -45.22,
        "candidacy_status_psd": "concorreu",
        "cargo_diferente_psd": false,
        "map_delta": -70,
        "map_abs_delta": 70
      },
      "geometry": {
        "type": "Point",
        "coordinates": [
          -43.0916732,
          -22.9512083
        ]
      }
    },
    {
      "type": "Feature",
      "properties": {
        "pair": "2014-2018",
        "ano_inicio": 2014,
        "ano_fim": 2018,
        "nr_local": "1139",
        "nm_local": "ESCOLA MUNICIPAL FRANCISCO PORTUGAL NEVES",
        "bairro": "PIRATININGA",
        "local_status": "both",
        "secoes_inicio": 31,
        "secoes_fim": 10,
        "secoes_comuns": 10,
        "secoes_adicionadas": 0,
        "secoes_removidas": 21,
        "secoes_movidas_in": 0,
        "secoes_movidas_out": 0,
        "secao_churn": 0.6774,
        "tipo_inicio": "Geral",
        "tipo_fim": "Geral",
        "tipo_par": "Geral -> Geral",
        "votos_hugo_inicio": 34,
        "votos_hugo_fim": 13,
        "delta_hugo": -21,
        "pct_delta_hugo": -61.76,
        "candidacy_status_hugo": "concorreu",
        "cargo_diferente_hugo": false,
        "votos_felipe_inicio": null,
        "votos_felipe_fim": null,
        "delta_felipe": null,
        "pct_delta_felipe": null,
        "candidacy_status_felipe": "nao_concorreu_inicio",
        "cargo_diferente_felipe": null,
        "votos_psd_inicio": 969,
        "votos_psd_fim": 1367,
        "delta_psd": 398,
        "pct_delta_psd": 41.07,
        "candidacy_status_psd": "concorreu",
        "cargo_diferente_psd": false,
        "map_delta": -21,
        "map_abs_delta": 21
      },
      "geometry": {
        "type": "Point",
        "coordinates": [
          -43.056665,
          -22.942363
        ]
      }
    },
    {
      "type": "Feature",
      "properties": {
        "pair": "2014-2018",
        "ano_inicio": 2014,
        "ano_fim": 2018,
        "nr_local": "1147",
        "nm_local": "ESCOLA MUNICIPAL VERA LUCIA MACHADO",
        "bairro": "BADU",
        "local_status": "both",
        "secoes_inicio": 23,
        "secoes_fim": 8,
        "secoes_comuns": 8,
        "secoes_adicionadas": 0,
        "secoes_removidas": 15,
        "secoes_movidas_in": 0,
        "secoes_movidas_out": 0,
        "secao_churn": 0.6522,
        "tipo_inicio": "Geral",
        "tipo_fim": "Geral",
        "tipo_par": "Geral -> Geral",
        "votos_hugo_inicio": 46,
        "votos_hugo_fim": 1,
        "delta_hugo": -45,
        "pct_delta_hugo": -97.83,
        "candidacy_status_hugo": "concorreu",
        "cargo_diferente_hugo": false,
        "votos_felipe_inicio": null,
        "votos_felipe_fim": null,
        "delta_felipe": null,
        "pct_delta_felipe": null,
        "candidacy_status_felipe": "nao_concorreu_inicio",
        "cargo_diferente_felipe": null,
        "votos_psd_inicio": 974,
        "votos_psd_fim": 1117,
        "delta_psd": 143,
        "pct_delta_psd": 14.68,
        "candidacy_status_psd": "concorreu",
        "cargo_diferente_psd": false,
        "map_delta": -45,
        "map_abs_delta": 45
      },
      "geometry": {
        "type": "Point",
        "coordinates": [
          -43.0500355,
          -22.9045
        ]
      }
    },
    {
      "type": "Feature",
      "properties": {
        "pair": "2014-2018",
        "ano_inicio": 2014,
        "ano_fim": 2018,
        "nr_local": "1155",
        "nm_local": "COLÉGIO ITAPUCA",
        "bairro": "PIRATININGA",
        "local_status": "both",
        "secoes_inicio": 22,
        "secoes_fim": 15,
        "secoes_comuns": 15,
        "secoes_adicionadas": 0,
        "secoes_removidas": 7,
        "secoes_movidas_in": 0,
        "secoes_movidas_out": 0,
        "secao_churn": 0.3182,
        "tipo_inicio": "Geral",
        "tipo_fim": "Geral",
        "tipo_par": "Geral -> Geral",
        "votos_hugo_inicio": 36,
        "votos_hugo_fim": 13,
        "delta_hugo": -23,
        "pct_delta_hugo": -63.89,
        "candidacy_status_hugo": "concorreu",
        "cargo_diferente_hugo": false,
        "votos_felipe_inicio": null,
        "votos_felipe_fim": null,
        "delta_felipe": null,
        "pct_delta_felipe": null,
        "candidacy_status_felipe": "nao_concorreu_inicio",
        "cargo_diferente_felipe": null,
        "votos_psd_inicio": 930,
        "votos_psd_fim": 1607,
        "delta_psd": 677,
        "pct_delta_psd": 72.8,
        "candidacy_status_psd": "concorreu",
        "cargo_diferente_psd": false,
        "map_delta": -23,
        "map_abs_delta": 23
      },
      "geometry": {
        "type": "Point",
        "coordinates": [
          -43.0593249,
          -22.9437854
        ]
      }
    },
    {
      "type": "Feature",
      "properties": {
        "pair": "2014-2018",
        "ano_inicio": 2014,
        "ano_fim": 2018,
        "nr_local": "1163",
        "nm_local": "COLÉGIO ESTADUAL CONSELHEIRO MACEDO SOARES",
        "bairro": "BARRETO",
        "local_status": "both",
        "secoes_inicio": 44,
        "secoes_fim": 17,
        "secoes_comuns": 16,
        "secoes_adicionadas": 1,
        "secoes_removidas": 28,
        "secoes_movidas_in": 0,
        "secoes_movidas_out": 0,
        "secao_churn": 0.6591,
        "tipo_inicio": "Geral",
        "tipo_fim": "Geral",
        "tipo_par": "Geral -> Geral",
        "votos_hugo_inicio": 66,
        "votos_hugo_fim": 8,
        "delta_hugo": -58,
        "pct_delta_hugo": -87.88,
        "candidacy_status_hugo": "concorreu",
        "cargo_diferente_hugo": false,
        "votos_felipe_inicio": null,
        "votos_felipe_fim": null,
        "delta_felipe": null,
        "pct_delta_felipe": null,
        "candidacy_status_felipe": "nao_concorreu_inicio",
        "cargo_diferente_felipe": null,
        "votos_psd_inicio": 1454,
        "votos_psd_fim": 1901,
        "delta_psd": 447,
        "pct_delta_psd": 30.74,
        "candidacy_status_psd": "concorreu",
        "cargo_diferente_psd": false,
        "map_delta": -58,
        "map_abs_delta": 58
      },
      "geometry": {
        "type": "Point",
        "coordinates": [
          -43.0924035,
          -22.8622231
        ]
      }
    },
    {
      "type": "Feature",
      "properties": {
        "pair": "2014-2018",
        "ano_inicio": 2014,
        "ano_fim": 2018,
        "nr_local": "1171",
        "nm_local": "ESCOLA MUNICIPAL ANTONIO COUTINHO DE AZEVEDO",
        "bairro": "SANTA BARBARA",
        "local_status": "both",
        "secoes_inicio": 29,
        "secoes_fim": 17,
        "secoes_comuns": 17,
        "secoes_adicionadas": 0,
        "secoes_removidas": 12,
        "secoes_movidas_in": 0,
        "secoes_movidas_out": 0,
        "secao_churn": 0.4138,
        "tipo_inicio": "Geral",
        "tipo_fim": "Geral",
        "tipo_par": "Geral -> Geral",
        "votos_hugo_inicio": 41,
        "votos_hugo_fim": 13,
        "delta_hugo": -28,
        "pct_delta_hugo": -68.29,
        "candidacy_status_hugo": "concorreu",
        "cargo_diferente_hugo": false,
        "votos_felipe_inicio": null,
        "votos_felipe_fim": null,
        "delta_felipe": null,
        "pct_delta_felipe": null,
        "candidacy_status_felipe": "nao_concorreu_inicio",
        "cargo_diferente_felipe": null,
        "votos_psd_inicio": 1132,
        "votos_psd_fim": 1933,
        "delta_psd": 801,
        "pct_delta_psd": 70.76,
        "candidacy_status_psd": "concorreu",
        "cargo_diferente_psd": false,
        "map_delta": -28,
        "map_abs_delta": 28
      },
      "geometry": {
        "type": "Point",
        "coordinates": [
          -43.04869,
          -22.8756043
        ]
      }
    },
    {
      "type": "Feature",
      "properties": {
        "pair": "2014-2018",
        "ano_inicio": 2014,
        "ano_fim": 2018,
        "nr_local": "1180",
        "nm_local": "ESCOLA MUNICIPAL RACHIDE DA GLORIA SALIM SAKER",
        "bairro": "SANTA BARBARA",
        "local_status": "both",
        "secoes_inicio": 25,
        "secoes_fim": 8,
        "secoes_comuns": 8,
        "secoes_adicionadas": 0,
        "secoes_removidas": 17,
        "secoes_movidas_in": 0,
        "secoes_movidas_out": 0,
        "secao_churn": 0.68,
        "tipo_inicio": "Geral",
        "tipo_fim": "Geral",
        "tipo_par": "Geral -> Geral",
        "votos_hugo_inicio": 33,
        "votos_hugo_fim": 9,
        "delta_hugo": -24,
        "pct_delta_hugo": -72.73,
        "candidacy_status_hugo": "concorreu",
        "cargo_diferente_hugo": false,
        "votos_felipe_inicio": null,
        "votos_felipe_fim": null,
        "delta_felipe": null,
        "pct_delta_felipe": null,
        "candidacy_status_felipe": "nao_concorreu_inicio",
        "cargo_diferente_felipe": null,
        "votos_psd_inicio": 1102,
        "votos_psd_fim": 1098,
        "delta_psd": -4,
        "pct_delta_psd": -0.36,
        "candidacy_status_psd": "concorreu",
        "cargo_diferente_psd": false,
        "map_delta": -24,
        "map_abs_delta": 24
      },
      "geometry": {
        "type": "Point",
        "coordinates": [
          -43.0488967,
          -22.8766134
        ]
      }
    },
    {
      "type": "Feature",
      "properties": {
        "pair": "2014-2018",
        "ano_inicio": 2014,
        "ano_fim": 2018,
        "nr_local": "1198",
        "nm_local": "CIEP 448 RUY FRAZÃO SOARES",
        "bairro": "ITAIPU",
        "local_status": "both",
        "secoes_inicio": 26,
        "secoes_fim": 13,
        "secoes_comuns": 13,
        "secoes_adicionadas": 0,
        "secoes_removidas": 13,
        "secoes_movidas_in": 0,
        "secoes_movidas_out": 0,
        "secao_churn": 0.5,
        "tipo_inicio": "Geral",
        "tipo_fim": "Geral",
        "tipo_par": "Geral -> Geral",
        "votos_hugo_inicio": 24,
        "votos_hugo_fim": 11,
        "delta_hugo": -13,
        "pct_delta_hugo": -54.17,
        "candidacy_status_hugo": "concorreu",
        "cargo_diferente_hugo": false,
        "votos_felipe_inicio": null,
        "votos_felipe_fim": null,
        "delta_felipe": null,
        "pct_delta_felipe": null,
        "candidacy_status_felipe": "nao_concorreu_inicio",
        "cargo_diferente_felipe": null,
        "votos_psd_inicio": 1216,
        "votos_psd_fim": 1704,
        "delta_psd": 488,
        "pct_delta_psd": 40.13,
        "candidacy_status_psd": "concorreu",
        "cargo_diferente_psd": false,
        "map_delta": -13,
        "map_abs_delta": 13
      },
      "geometry": {
        "type": "Point",
        "coordinates": [
          -43.0092644,
          -22.9356576
        ]
      }
    },
    {
      "type": "Feature",
      "properties": {
        "pair": "2014-2018",
        "ano_inicio": 2014,
        "ano_fim": 2018,
        "nr_local": "1201",
        "nm_local": "OFICINAS DO SENAI",
        "bairro": "BARRETO",
        "local_status": "both",
        "secoes_inicio": 15,
        "secoes_fim": 3,
        "secoes_comuns": 3,
        "secoes_adicionadas": 0,
        "secoes_removidas": 12,
        "secoes_movidas_in": 0,
        "secoes_movidas_out": 0,
        "secao_churn": 0.8,
        "tipo_inicio": "Geral",
        "tipo_fim": "Geral",
        "tipo_par": "Geral -> Geral",
        "votos_hugo_inicio": 16,
        "votos_hugo_fim": 1,
        "delta_hugo": -15,
        "pct_delta_hugo": -93.75,
        "candidacy_status_hugo": "concorreu",
        "cargo_diferente_hugo": false,
        "votos_felipe_inicio": null,
        "votos_felipe_fim": null,
        "delta_felipe": null,
        "pct_delta_felipe": null,
        "candidacy_status_felipe": "nao_concorreu_inicio",
        "cargo_diferente_felipe": null,
        "votos_psd_inicio": 511,
        "votos_psd_fim": 225,
        "delta_psd": -286,
        "pct_delta_psd": -55.97,
        "candidacy_status_psd": "concorreu",
        "cargo_diferente_psd": false,
        "map_delta": -15,
        "map_abs_delta": 15
      },
      "geometry": {
        "type": "Point",
        "coordinates": [
          -43.1026046,
          -22.8614396
        ]
      }
    },
    {
      "type": "Feature",
      "properties": {
        "pair": "2014-2018",
        "ano_inicio": 2014,
        "ano_fim": 2018,
        "nr_local": "1210",
        "nm_local": "TIO SAM ESPORTE CLUBE",
        "bairro": "BARRETO",
        "local_status": "both",
        "secoes_inicio": 20,
        "secoes_fim": 12,
        "secoes_comuns": 12,
        "secoes_adicionadas": 0,
        "secoes_removidas": 8,
        "secoes_movidas_in": 0,
        "secoes_movidas_out": 0,
        "secao_churn": 0.4,
        "tipo_inicio": "Geral",
        "tipo_fim": "Geral",
        "tipo_par": "Geral -> Geral",
        "votos_hugo_inicio": 12,
        "votos_hugo_fim": 11,
        "delta_hugo": -1,
        "pct_delta_hugo": -8.33,
        "candidacy_status_hugo": "concorreu",
        "cargo_diferente_hugo": false,
        "votos_felipe_inicio": null,
        "votos_felipe_fim": null,
        "delta_felipe": null,
        "pct_delta_felipe": null,
        "candidacy_status_felipe": "nao_concorreu_inicio",
        "cargo_diferente_felipe": null,
        "votos_psd_inicio": 1027,
        "votos_psd_fim": 1194,
        "delta_psd": 167,
        "pct_delta_psd": 16.26,
        "candidacy_status_psd": "concorreu",
        "cargo_diferente_psd": false,
        "map_delta": -1,
        "map_abs_delta": 1
      },
      "geometry": {
        "type": "Point",
        "coordinates": [
          -43.104502,
          -22.8719306
        ]
      }
    },
    {
      "type": "Feature",
      "properties": {
        "pair": "2014-2018",
        "ano_inicio": 2014,
        "ano_fim": 2018,
        "nr_local": "1236",
        "nm_local": "COLÉGIO ESTADUAL MULLULO DA VEIGA",
        "bairro": "ENGENHOCA",
        "local_status": "both",
        "secoes_inicio": 42,
        "secoes_fim": 11,
        "secoes_comuns": 11,
        "secoes_adicionadas": 0,
        "secoes_removidas": 31,
        "secoes_movidas_in": 0,
        "secoes_movidas_out": 16,
        "secao_churn": 0.7381,
        "tipo_inicio": "Geral",
        "tipo_fim": "Geral",
        "tipo_par": "Geral -> Geral",
        "votos_hugo_inicio": 44,
        "votos_hugo_fim": 16,
        "delta_hugo": -28,
        "pct_delta_hugo": -63.64,
        "candidacy_status_hugo": "concorreu",
        "cargo_diferente_hugo": false,
        "votos_felipe_inicio": null,
        "votos_felipe_fim": null,
        "delta_felipe": null,
        "pct_delta_felipe": null,
        "candidacy_status_felipe": "nao_concorreu_inicio",
        "cargo_diferente_felipe": null,
        "votos_psd_inicio": 1426,
        "votos_psd_fim": 951,
        "delta_psd": -475,
        "pct_delta_psd": -33.31,
        "candidacy_status_psd": "concorreu",
        "cargo_diferente_psd": false,
        "map_delta": -28,
        "map_abs_delta": 28
      },
      "geometry": {
        "type": "Point",
        "coordinates": [
          -43.0988892,
          -22.8708282
        ]
      }
    },
    {
      "type": "Feature",
      "properties": {
        "pair": "2014-2018",
        "ano_inicio": 2014,
        "ano_fim": 2018,
        "nr_local": "1244",
        "nm_local": "ESCOLA ESTADUAL MANUEL DE ABREU",
        "bairro": "ICARAÍ",
        "local_status": "both",
        "secoes_inicio": 33,
        "secoes_fim": 19,
        "secoes_comuns": 18,
        "secoes_adicionadas": 1,
        "secoes_removidas": 15,
        "secoes_movidas_in": 0,
        "secoes_movidas_out": 0,
        "secao_churn": 0.4848,
        "tipo_inicio": "Geral",
        "tipo_fim": "Geral",
        "tipo_par": "Geral -> Geral",
        "votos_hugo_inicio": 67,
        "votos_hugo_fim": 10,
        "delta_hugo": -57,
        "pct_delta_hugo": -85.07,
        "candidacy_status_hugo": "concorreu",
        "cargo_diferente_hugo": false,
        "votos_felipe_inicio": null,
        "votos_felipe_fim": null,
        "delta_felipe": null,
        "pct_delta_felipe": null,
        "candidacy_status_felipe": "nao_concorreu_inicio",
        "cargo_diferente_felipe": null,
        "votos_psd_inicio": 1302,
        "votos_psd_fim": 1957,
        "delta_psd": 655,
        "pct_delta_psd": 50.31,
        "candidacy_status_psd": "concorreu",
        "cargo_diferente_psd": false,
        "map_delta": -57,
        "map_abs_delta": 57
      },
      "geometry": {
        "type": "Point",
        "coordinates": [
          -43.1071569,
          -22.9023086
        ]
      }
    },
    {
      "type": "Feature",
      "properties": {
        "pair": "2014-2018",
        "ano_inicio": 2014,
        "ano_fim": 2018,
        "nr_local": "1252",
        "nm_local": "ESCOLA MUNICIPAL ADELINO MAGALHÃES",
        "bairro": "ENGENHOCA",
        "local_status": "both",
        "secoes_inicio": 29,
        "secoes_fim": 23,
        "secoes_comuns": 22,
        "secoes_adicionadas": 1,
        "secoes_removidas": 7,
        "secoes_movidas_in": 0,
        "secoes_movidas_out": 0,
        "secao_churn": 0.2759,
        "tipo_inicio": "Geral",
        "tipo_fim": "Geral",
        "tipo_par": "Geral -> Geral",
        "votos_hugo_inicio": 28,
        "votos_hugo_fim": 26,
        "delta_hugo": -2,
        "pct_delta_hugo": -7.14,
        "candidacy_status_hugo": "concorreu",
        "cargo_diferente_hugo": false,
        "votos_felipe_inicio": null,
        "votos_felipe_fim": null,
        "delta_felipe": null,
        "pct_delta_felipe": null,
        "candidacy_status_felipe": "nao_concorreu_inicio",
        "cargo_diferente_felipe": null,
        "votos_psd_inicio": 1229,
        "votos_psd_fim": 2243,
        "delta_psd": 1014,
        "pct_delta_psd": 82.51,
        "candidacy_status_psd": "concorreu",
        "cargo_diferente_psd": false,
        "map_delta": -2,
        "map_abs_delta": 2
      },
      "geometry": {
        "type": "Point",
        "coordinates": [
          -43.0944571,
          -22.8739038
        ]
      }
    },
    {
      "type": "Feature",
      "properties": {
        "pair": "2014-2018",
        "ano_inicio": 2014,
        "ano_fim": 2018,
        "nr_local": "1260",
        "nm_local": "INSTITUTO ABEL",
        "bairro": "ICARAÍ",
        "local_status": "both",
        "secoes_inicio": 33,
        "secoes_fim": 26,
        "secoes_comuns": 26,
        "secoes_adicionadas": 0,
        "secoes_removidas": 7,
        "secoes_movidas_in": 0,
        "secoes_movidas_out": 0,
        "secao_churn": 0.2121,
        "tipo_inicio": "Geral",
        "tipo_fim": "Geral",
        "tipo_par": "Geral -> Geral",
        "votos_hugo_inicio": 59,
        "votos_hugo_fim": 29,
        "delta_hugo": -30,
        "pct_delta_hugo": -50.85,
        "candidacy_status_hugo": "concorreu",
        "cargo_diferente_hugo": false,
        "votos_felipe_inicio": null,
        "votos_felipe_fim": null,
        "delta_felipe": null,
        "pct_delta_felipe": null,
        "candidacy_status_felipe": "nao_concorreu_inicio",
        "cargo_diferente_felipe": null,
        "votos_psd_inicio": 1328,
        "votos_psd_fim": 2398,
        "delta_psd": 1070,
        "pct_delta_psd": 80.57,
        "candidacy_status_psd": "concorreu",
        "cargo_diferente_psd": false,
        "map_delta": -30,
        "map_abs_delta": 30
      },
      "geometry": {
        "type": "Point",
        "coordinates": [
          -43.1094942,
          -22.9004168
        ]
      }
    },
    {
      "type": "Feature",
      "properties": {
        "pair": "2014-2018",
        "ano_inicio": 2014,
        "ano_fim": 2018,
        "nr_local": "1279",
        "nm_local": "INSTITUTO FOKUS (ANTIGO INTERAÇÃO CRECHE ESCOLA)",
        "bairro": "CAMBOINHAS",
        "local_status": "both",
        "secoes_inicio": 14,
        "secoes_fim": 4,
        "secoes_comuns": 4,
        "secoes_adicionadas": 0,
        "secoes_removidas": 10,
        "secoes_movidas_in": 0,
        "secoes_movidas_out": 1,
        "secao_churn": 0.7143,
        "tipo_inicio": "Geral",
        "tipo_fim": "Geral",
        "tipo_par": "Geral -> Geral",
        "votos_hugo_inicio": 39,
        "votos_hugo_fim": 5,
        "delta_hugo": -34,
        "pct_delta_hugo": -87.18,
        "candidacy_status_hugo": "concorreu",
        "cargo_diferente_hugo": false,
        "votos_felipe_inicio": null,
        "votos_felipe_fim": null,
        "delta_felipe": null,
        "pct_delta_felipe": null,
        "candidacy_status_felipe": "nao_concorreu_inicio",
        "cargo_diferente_felipe": null,
        "votos_psd_inicio": 687,
        "votos_psd_fim": 363,
        "delta_psd": -324,
        "pct_delta_psd": -47.16,
        "candidacy_status_psd": "concorreu",
        "cargo_diferente_psd": false,
        "map_delta": -34,
        "map_abs_delta": 34
      },
      "geometry": {
        "type": "Point",
        "coordinates": [
          -43.062822,
          -22.9542456
        ]
      }
    },
    {
      "type": "Feature",
      "properties": {
        "pair": "2014-2018",
        "ano_inicio": 2014,
        "ano_fim": 2018,
        "nr_local": "1287",
        "nm_local": "ESCOLA MUNICIPAL PROF MARCOS WALDEMAR DE FREITAS REIS",
        "bairro": "ITAIPU",
        "local_status": "both",
        "secoes_inicio": 3,
        "secoes_fim": 4,
        "secoes_comuns": 3,
        "secoes_adicionadas": 1,
        "secoes_removidas": 0,
        "secoes_movidas_in": 0,
        "secoes_movidas_out": 0,
        "secao_churn": 0.25,
        "tipo_inicio": "Geral",
        "tipo_fim": "Geral",
        "tipo_par": "Geral -> Geral",
        "votos_hugo_inicio": 5,
        "votos_hugo_fim": 3,
        "delta_hugo": -2,
        "pct_delta_hugo": -40,
        "candidacy_status_hugo": "concorreu",
        "cargo_diferente_hugo": false,
        "votos_felipe_inicio": null,
        "votos_felipe_fim": null,
        "delta_felipe": null,
        "pct_delta_felipe": null,
        "candidacy_status_felipe": "nao_concorreu_inicio",
        "cargo_diferente_felipe": null,
        "votos_psd_inicio": 122,
        "votos_psd_fim": 305,
        "delta_psd": 183,
        "pct_delta_psd": 150,
        "candidacy_status_psd": "concorreu",
        "cargo_diferente_psd": false,
        "map_delta": -2,
        "map_abs_delta": 2
      },
      "geometry": {
        "type": "Point",
        "coordinates": [
          -43.0330724,
          -22.9615628
        ]
      }
    },
    {
      "type": "Feature",
      "properties": {
        "pair": "2014-2018",
        "ano_inicio": 2014,
        "ano_fim": 2018,
        "nr_local": "1295",
        "nm_local": "UMEI PROFA ODETE ROSA DA MOTA",
        "bairro": "ITAIPU",
        "local_status": "both",
        "secoes_inicio": 28,
        "secoes_fim": 24,
        "secoes_comuns": 22,
        "secoes_adicionadas": 2,
        "secoes_removidas": 6,
        "secoes_movidas_in": 0,
        "secoes_movidas_out": 0,
        "secao_churn": 0.2857,
        "tipo_inicio": "Geral",
        "tipo_fim": "Geral",
        "tipo_par": "Geral -> Geral",
        "votos_hugo_inicio": 46,
        "votos_hugo_fim": 30,
        "delta_hugo": -16,
        "pct_delta_hugo": -34.78,
        "candidacy_status_hugo": "concorreu",
        "cargo_diferente_hugo": false,
        "votos_felipe_inicio": null,
        "votos_felipe_fim": null,
        "delta_felipe": null,
        "pct_delta_felipe": null,
        "candidacy_status_felipe": "nao_concorreu_inicio",
        "cargo_diferente_felipe": null,
        "votos_psd_inicio": 1099,
        "votos_psd_fim": 2159,
        "delta_psd": 1060,
        "pct_delta_psd": 96.45,
        "candidacy_status_psd": "concorreu",
        "cargo_diferente_psd": false,
        "map_delta": -16,
        "map_abs_delta": 16
      },
      "geometry": {
        "type": "Point",
        "coordinates": [
          -43.02859,
          -22.9532368
        ]
      }
    },
    {
      "type": "Feature",
      "properties": {
        "pair": "2014-2018",
        "ano_inicio": 2014,
        "ano_fim": 2018,
        "nr_local": "1309",
        "nm_local": "CURSO MARLY CURY",
        "bairro": "SANTA ROSA",
        "local_status": "both",
        "secoes_inicio": 20,
        "secoes_fim": 11,
        "secoes_comuns": 11,
        "secoes_adicionadas": 0,
        "secoes_removidas": 9,
        "secoes_movidas_in": 0,
        "secoes_movidas_out": 0,
        "secao_churn": 0.45,
        "tipo_inicio": "Geral",
        "tipo_fim": "Geral",
        "tipo_par": "Geral -> Geral",
        "votos_hugo_inicio": 30,
        "votos_hugo_fim": 10,
        "delta_hugo": -20,
        "pct_delta_hugo": -66.67,
        "candidacy_status_hugo": "concorreu",
        "cargo_diferente_hugo": false,
        "votos_felipe_inicio": null,
        "votos_felipe_fim": null,
        "delta_felipe": null,
        "pct_delta_felipe": null,
        "candidacy_status_felipe": "nao_concorreu_inicio",
        "cargo_diferente_felipe": null,
        "votos_psd_inicio": 589,
        "votos_psd_fim": 649,
        "delta_psd": 60,
        "pct_delta_psd": 10.19,
        "candidacy_status_psd": "concorreu",
        "cargo_diferente_psd": false,
        "map_delta": -20,
        "map_abs_delta": 20
      },
      "geometry": {
        "type": "Point",
        "coordinates": [
          -43.1019227,
          -22.9054777
        ]
      }
    },
    {
      "type": "Feature",
      "properties": {
        "pair": "2014-2018",
        "ano_inicio": 2014,
        "ano_fim": 2018,
        "nr_local": "1317",
        "nm_local": "ESCOLA ESTADUAL BALTAZAR BERNARDINO",
        "bairro": "SANTA ROSA",
        "local_status": "both",
        "secoes_inicio": 20,
        "secoes_fim": 24,
        "secoes_comuns": 20,
        "secoes_adicionadas": 4,
        "secoes_removidas": 0,
        "secoes_movidas_in": 0,
        "secoes_movidas_out": 0,
        "secao_churn": 0.1667,
        "tipo_inicio": "Geral",
        "tipo_fim": "Geral",
        "tipo_par": "Geral -> Geral",
        "votos_hugo_inicio": 30,
        "votos_hugo_fim": 22,
        "delta_hugo": -8,
        "pct_delta_hugo": -26.67,
        "candidacy_status_hugo": "concorreu",
        "cargo_diferente_hugo": false,
        "votos_felipe_inicio": null,
        "votos_felipe_fim": null,
        "delta_felipe": null,
        "pct_delta_felipe": null,
        "candidacy_status_felipe": "nao_concorreu_inicio",
        "cargo_diferente_felipe": null,
        "votos_psd_inicio": 820,
        "votos_psd_fim": 2062,
        "delta_psd": 1242,
        "pct_delta_psd": 151.46,
        "candidacy_status_psd": "concorreu",
        "cargo_diferente_psd": false,
        "map_delta": -8,
        "map_abs_delta": 8
      },
      "geometry": {
        "type": "Point",
        "coordinates": [
          -43.1012931,
          -22.9032359
        ]
      }
    },
    {
      "type": "Feature",
      "properties": {
        "pair": "2014-2018",
        "ano_inicio": 2014,
        "ano_fim": 2018,
        "nr_local": "1325",
        "nm_local": "ESCOLA MUNICIPAL SÍTIO DO IPÊ",
        "bairro": "MARIA PAULA",
        "local_status": "both",
        "secoes_inicio": 23,
        "secoes_fim": 18,
        "secoes_comuns": 16,
        "secoes_adicionadas": 2,
        "secoes_removidas": 7,
        "secoes_movidas_in": 0,
        "secoes_movidas_out": 0,
        "secao_churn": 0.3913,
        "tipo_inicio": "Geral",
        "tipo_fim": "Geral",
        "tipo_par": "Geral -> Geral",
        "votos_hugo_inicio": 36,
        "votos_hugo_fim": 13,
        "delta_hugo": -23,
        "pct_delta_hugo": -63.89,
        "candidacy_status_hugo": "concorreu",
        "cargo_diferente_hugo": false,
        "votos_felipe_inicio": null,
        "votos_felipe_fim": null,
        "delta_felipe": null,
        "pct_delta_felipe": null,
        "candidacy_status_felipe": "nao_concorreu_inicio",
        "cargo_diferente_felipe": null,
        "votos_psd_inicio": 782,
        "votos_psd_fim": 1812,
        "delta_psd": 1030,
        "pct_delta_psd": 131.71,
        "candidacy_status_psd": "concorreu",
        "cargo_diferente_psd": false,
        "map_delta": -23,
        "map_abs_delta": 23
      },
      "geometry": {
        "type": "Point",
        "coordinates": [
          -43.0267087,
          -22.8821134
        ]
      }
    },
    {
      "type": "Feature",
      "properties": {
        "pair": "2014-2018",
        "ano_inicio": 2014,
        "ano_fim": 2018,
        "nr_local": "1333",
        "nm_local": "ESCOLA ME NINAR",
        "bairro": "ITAIPU",
        "local_status": "both",
        "secoes_inicio": 20,
        "secoes_fim": 12,
        "secoes_comuns": 10,
        "secoes_adicionadas": 2,
        "secoes_removidas": 10,
        "secoes_movidas_in": 0,
        "secoes_movidas_out": 0,
        "secao_churn": 0.6,
        "tipo_inicio": "Geral",
        "tipo_fim": "Geral",
        "tipo_par": "Geral -> Geral",
        "votos_hugo_inicio": 44,
        "votos_hugo_fim": 8,
        "delta_hugo": -36,
        "pct_delta_hugo": -81.82,
        "candidacy_status_hugo": "concorreu",
        "cargo_diferente_hugo": false,
        "votos_felipe_inicio": null,
        "votos_felipe_fim": null,
        "delta_felipe": null,
        "pct_delta_felipe": null,
        "candidacy_status_felipe": "nao_concorreu_inicio",
        "cargo_diferente_felipe": null,
        "votos_psd_inicio": 603,
        "votos_psd_fim": 836,
        "delta_psd": 233,
        "pct_delta_psd": 38.64,
        "candidacy_status_psd": "concorreu",
        "cargo_diferente_psd": false,
        "map_delta": -36,
        "map_abs_delta": 36
      },
      "geometry": {
        "type": "Point",
        "coordinates": [
          -43.0442198,
          -22.9408099
        ]
      }
    },
    {
      "type": "Feature",
      "properties": {
        "pair": "2014-2018",
        "ano_inicio": 2014,
        "ano_fim": 2018,
        "nr_local": "1341",
        "nm_local": "SOPRECAM",
        "bairro": "CAMBOINHAS",
        "local_status": "end_only",
        "secoes_inicio": 0,
        "secoes_fim": 2,
        "secoes_comuns": 0,
        "secoes_adicionadas": 2,
        "secoes_removidas": 0,
        "secoes_movidas_in": 1,
        "secoes_movidas_out": 0,
        "secao_churn": 1,
        "tipo_inicio": "Geral",
        "tipo_fim": "Geral",
        "tipo_par": "Geral -> Geral",
        "votos_hugo_inicio": 0,
        "votos_hugo_fim": 2,
        "delta_hugo": 2,
        "pct_delta_hugo": null,
        "candidacy_status_hugo": "concorreu",
        "cargo_diferente_hugo": false,
        "votos_felipe_inicio": null,
        "votos_felipe_fim": null,
        "delta_felipe": null,
        "pct_delta_felipe": null,
        "candidacy_status_felipe": "nao_concorreu_inicio",
        "cargo_diferente_felipe": null,
        "votos_psd_inicio": 0,
        "votos_psd_fim": 128,
        "delta_psd": 128,
        "pct_delta_psd": null,
        "candidacy_status_psd": "concorreu",
        "cargo_diferente_psd": false,
        "map_delta": 2,
        "map_abs_delta": 2
      },
      "geometry": {
        "type": "Point",
        "coordinates": [
          -43.0584356,
          -22.9537053
        ]
      }
    },
    {
      "type": "Feature",
      "properties": {
        "pair": "2014-2018",
        "ano_inicio": 2014,
        "ano_fim": 2018,
        "nr_local": "1350",
        "nm_local": "ESCOLA MUNICIPAL MARALEGRE",
        "bairro": "CAFUBÁ",
        "local_status": "both",
        "secoes_inicio": 7,
        "secoes_fim": 5,
        "secoes_comuns": 3,
        "secoes_adicionadas": 2,
        "secoes_removidas": 4,
        "secoes_movidas_in": 0,
        "secoes_movidas_out": 0,
        "secao_churn": 0.8571,
        "tipo_inicio": "Geral",
        "tipo_fim": "Geral",
        "tipo_par": "Geral -> Geral",
        "votos_hugo_inicio": 19,
        "votos_hugo_fim": 3,
        "delta_hugo": -16,
        "pct_delta_hugo": -84.21,
        "candidacy_status_hugo": "concorreu",
        "cargo_diferente_hugo": false,
        "votos_felipe_inicio": null,
        "votos_felipe_fim": null,
        "delta_felipe": null,
        "pct_delta_felipe": null,
        "candidacy_status_felipe": "nao_concorreu_inicio",
        "cargo_diferente_felipe": null,
        "votos_psd_inicio": 388,
        "votos_psd_fim": 376,
        "delta_psd": -12,
        "pct_delta_psd": -3.09,
        "candidacy_status_psd": "concorreu",
        "cargo_diferente_psd": false,
        "map_delta": -16,
        "map_abs_delta": 16
      },
      "geometry": {
        "type": "Point",
        "coordinates": [
          -43.0724233,
          -22.9362723
        ]
      }
    },
    {
      "type": "Feature",
      "properties": {
        "pair": "2014-2018",
        "ano_inicio": 2014,
        "ano_fim": 2018,
        "nr_local": "1368",
        "nm_local": "INSTITUTO SÃO JOSÉ",
        "bairro": "SANTA ROSA",
        "local_status": "both",
        "secoes_inicio": 21,
        "secoes_fim": 23,
        "secoes_comuns": 21,
        "secoes_adicionadas": 2,
        "secoes_removidas": 0,
        "secoes_movidas_in": 0,
        "secoes_movidas_out": 0,
        "secao_churn": 0.087,
        "tipo_inicio": "Geral",
        "tipo_fim": "Geral",
        "tipo_par": "Geral -> Geral",
        "votos_hugo_inicio": 53,
        "votos_hugo_fim": 30,
        "delta_hugo": -23,
        "pct_delta_hugo": -43.4,
        "candidacy_status_hugo": "concorreu",
        "cargo_diferente_hugo": false,
        "votos_felipe_inicio": null,
        "votos_felipe_fim": null,
        "delta_felipe": null,
        "pct_delta_felipe": null,
        "candidacy_status_felipe": "nao_concorreu_inicio",
        "cargo_diferente_felipe": null,
        "votos_psd_inicio": 942,
        "votos_psd_fim": 2178,
        "delta_psd": 1236,
        "pct_delta_psd": 131.21,
        "candidacy_status_psd": "concorreu",
        "cargo_diferente_psd": false,
        "map_delta": -23,
        "map_abs_delta": 23
      },
      "geometry": {
        "type": "Point",
        "coordinates": [
          -43.1018878,
          -22.901754
        ]
      }
    },
    {
      "type": "Feature",
      "properties": {
        "pair": "2014-2018",
        "ano_inicio": 2014,
        "ano_fim": 2018,
        "nr_local": "1376",
        "nm_local": "UNIVERSIDADE SALGADO DE OLIVEIRA - BL A",
        "bairro": null,
        "local_status": "start_only",
        "secoes_inicio": 10,
        "secoes_fim": 0,
        "secoes_comuns": 0,
        "secoes_adicionadas": 0,
        "secoes_removidas": 10,
        "secoes_movidas_in": 0,
        "secoes_movidas_out": 0,
        "secao_churn": 1,
        "tipo_inicio": "Geral",
        "tipo_fim": "Geral",
        "tipo_par": "Geral -> Geral",
        "votos_hugo_inicio": 16,
        "votos_hugo_fim": 0,
        "delta_hugo": -16,
        "pct_delta_hugo": -100,
        "candidacy_status_hugo": "concorreu",
        "cargo_diferente_hugo": false,
        "votos_felipe_inicio": null,
        "votos_felipe_fim": null,
        "delta_felipe": null,
        "pct_delta_felipe": null,
        "candidacy_status_felipe": "nao_concorreu_inicio",
        "cargo_diferente_felipe": null,
        "votos_psd_inicio": 251,
        "votos_psd_fim": 0,
        "delta_psd": -251,
        "pct_delta_psd": -100,
        "candidacy_status_psd": "concorreu",
        "cargo_diferente_psd": false,
        "map_delta": -16,
        "map_abs_delta": 16
      },
      "geometry": {
        "type": "Point",
        "coordinates": [
          -43.1221924,
          -22.8898672
        ]
      }
    },
    {
      "type": "Feature",
      "properties": {
        "pair": "2014-2018",
        "ano_inicio": 2014,
        "ano_fim": 2018,
        "nr_local": "1384",
        "nm_local": "UMEI OLGA BENÁRIO PRESTES",
        "bairro": "ENGENHO DO MATO",
        "local_status": "start_only",
        "secoes_inicio": 12,
        "secoes_fim": 0,
        "secoes_comuns": 0,
        "secoes_adicionadas": 0,
        "secoes_removidas": 12,
        "secoes_movidas_in": 0,
        "secoes_movidas_out": 0,
        "secao_churn": 1,
        "tipo_inicio": "Geral",
        "tipo_fim": "Geral",
        "tipo_par": "Geral -> Geral",
        "votos_hugo_inicio": 9,
        "votos_hugo_fim": 0,
        "delta_hugo": -9,
        "pct_delta_hugo": -100,
        "candidacy_status_hugo": "concorreu",
        "cargo_diferente_hugo": false,
        "votos_felipe_inicio": null,
        "votos_felipe_fim": null,
        "delta_felipe": null,
        "pct_delta_felipe": null,
        "candidacy_status_felipe": "nao_concorreu_inicio",
        "cargo_diferente_felipe": null,
        "votos_psd_inicio": 408,
        "votos_psd_fim": 0,
        "delta_psd": -408,
        "pct_delta_psd": -100,
        "candidacy_status_psd": "concorreu",
        "cargo_diferente_psd": false,
        "map_delta": -9,
        "map_abs_delta": 9
      },
      "geometry": {
        "type": "Point",
        "coordinates": [
          -43.0086653,
          -22.9354086
        ]
      }
    },
    {
      "type": "Feature",
      "properties": {
        "pair": "2014-2018",
        "ano_inicio": 2014,
        "ano_fim": 2018,
        "nr_local": "1392",
        "nm_local": "FACULDADE DE VETERINARIA DA UFF",
        "bairro": "VITAL BRASIL",
        "local_status": "both",
        "secoes_inicio": 14,
        "secoes_fim": 14,
        "secoes_comuns": 14,
        "secoes_adicionadas": 0,
        "secoes_removidas": 0,
        "secoes_movidas_in": 0,
        "secoes_movidas_out": 0,
        "secao_churn": 0,
        "tipo_inicio": "Geral",
        "tipo_fim": "Geral",
        "tipo_par": "Geral -> Geral",
        "votos_hugo_inicio": 20,
        "votos_hugo_fim": 4,
        "delta_hugo": -16,
        "pct_delta_hugo": -80,
        "candidacy_status_hugo": "concorreu",
        "cargo_diferente_hugo": false,
        "votos_felipe_inicio": null,
        "votos_felipe_fim": null,
        "delta_felipe": null,
        "pct_delta_felipe": null,
        "candidacy_status_felipe": "nao_concorreu_inicio",
        "cargo_diferente_felipe": null,
        "votos_psd_inicio": 539,
        "votos_psd_fim": 1078,
        "delta_psd": 539,
        "pct_delta_psd": 100,
        "candidacy_status_psd": "concorreu",
        "cargo_diferente_psd": false,
        "map_delta": -16,
        "map_abs_delta": 16
      },
      "geometry": {
        "type": "Point",
        "coordinates": [
          -43.098407,
          -22.904908
        ]
      }
    },
    {
      "type": "Feature",
      "properties": {
        "pair": "2014-2018",
        "ano_inicio": 2014,
        "ano_fim": 2018,
        "nr_local": "1406",
        "nm_local": "COLÉGIO NITERÓI",
        "bairro": "ENGENHOCA",
        "local_status": "both",
        "secoes_inicio": 19,
        "secoes_fim": 6,
        "secoes_comuns": 6,
        "secoes_adicionadas": 0,
        "secoes_removidas": 13,
        "secoes_movidas_in": 0,
        "secoes_movidas_out": 0,
        "secao_churn": 0.6842,
        "tipo_inicio": "Geral",
        "tipo_fim": "Geral",
        "tipo_par": "Geral -> Geral",
        "votos_hugo_inicio": 39,
        "votos_hugo_fim": 2,
        "delta_hugo": -37,
        "pct_delta_hugo": -94.87,
        "candidacy_status_hugo": "concorreu",
        "cargo_diferente_hugo": false,
        "votos_felipe_inicio": null,
        "votos_felipe_fim": null,
        "delta_felipe": null,
        "pct_delta_felipe": null,
        "candidacy_status_felipe": "nao_concorreu_inicio",
        "cargo_diferente_felipe": null,
        "votos_psd_inicio": 834,
        "votos_psd_fim": 605,
        "delta_psd": -229,
        "pct_delta_psd": -27.46,
        "candidacy_status_psd": "concorreu",
        "cargo_diferente_psd": false,
        "map_delta": -37,
        "map_abs_delta": 37
      },
      "geometry": {
        "type": "Point",
        "coordinates": [
          -43.1018717,
          -22.8706133
        ]
      }
    },
    {
      "type": "Feature",
      "properties": {
        "pair": "2014-2018",
        "ano_inicio": 2014,
        "ano_fim": 2018,
        "nr_local": "1414",
        "nm_local": "UNIVERSIDADE SALGADO DE OLIVEIRA - BL B (PRÓXIMO AO GUANABARA)",
        "bairro": "CENTRO",
        "local_status": "both",
        "secoes_inicio": 6,
        "secoes_fim": 8,
        "secoes_comuns": 0,
        "secoes_adicionadas": 8,
        "secoes_removidas": 6,
        "secoes_movidas_in": 0,
        "secoes_movidas_out": 0,
        "secao_churn": 1.75,
        "tipo_inicio": "Geral",
        "tipo_fim": "Geral",
        "tipo_par": "Geral -> Geral",
        "votos_hugo_inicio": 15,
        "votos_hugo_fim": 5,
        "delta_hugo": -10,
        "pct_delta_hugo": -66.67,
        "candidacy_status_hugo": "concorreu",
        "cargo_diferente_hugo": false,
        "votos_felipe_inicio": null,
        "votos_felipe_fim": null,
        "delta_felipe": null,
        "pct_delta_felipe": null,
        "candidacy_status_felipe": "nao_concorreu_inicio",
        "cargo_diferente_felipe": null,
        "votos_psd_inicio": 317,
        "votos_psd_fim": 572,
        "delta_psd": 255,
        "pct_delta_psd": 80.44,
        "candidacy_status_psd": "concorreu",
        "cargo_diferente_psd": false,
        "map_delta": -10,
        "map_abs_delta": 10
      },
      "geometry": {
        "type": "Point",
        "coordinates": [
          -43.1172001,
          -22.8893447
        ]
      }
    },
    {
      "type": "Feature",
      "properties": {
        "pair": "2014-2018",
        "ano_inicio": 2014,
        "ano_fim": 2018,
        "nr_local": "1422",
        "nm_local": "CLUBE PORTUGUES DE NITEROI",
        "bairro": "SÃO DOMINGOS",
        "local_status": "both",
        "secoes_inicio": 3,
        "secoes_fim": 6,
        "secoes_comuns": 0,
        "secoes_adicionadas": 6,
        "secoes_removidas": 3,
        "secoes_movidas_in": 0,
        "secoes_movidas_out": 0,
        "secao_churn": 1.5,
        "tipo_inicio": "Geral",
        "tipo_fim": "Geral",
        "tipo_par": "Geral -> Geral",
        "votos_hugo_inicio": 3,
        "votos_hugo_fim": 7,
        "delta_hugo": 4,
        "pct_delta_hugo": 133.33,
        "candidacy_status_hugo": "concorreu",
        "cargo_diferente_hugo": false,
        "votos_felipe_inicio": null,
        "votos_felipe_fim": null,
        "delta_felipe": null,
        "pct_delta_felipe": null,
        "candidacy_status_felipe": "nao_concorreu_inicio",
        "cargo_diferente_felipe": null,
        "votos_psd_inicio": 76,
        "votos_psd_fim": 396,
        "delta_psd": 320,
        "pct_delta_psd": 421.05,
        "candidacy_status_psd": "concorreu",
        "cargo_diferente_psd": false,
        "map_delta": 4,
        "map_abs_delta": 4
      },
      "geometry": {
        "type": "Point",
        "coordinates": [
          -43.1274594,
          -22.9021482
        ]
      }
    },
    {
      "type": "Feature",
      "properties": {
        "pair": "2014-2018",
        "ano_inicio": 2014,
        "ano_fim": 2018,
        "nr_local": "1430",
        "nm_local": "COLEGIO ESTADUAL AURELINO LEAL",
        "bairro": "INGÁ",
        "local_status": "end_only",
        "secoes_inicio": 0,
        "secoes_fim": 24,
        "secoes_comuns": 0,
        "secoes_adicionadas": 24,
        "secoes_removidas": 0,
        "secoes_movidas_in": 16,
        "secoes_movidas_out": 0,
        "secao_churn": 1,
        "tipo_inicio": "Geral",
        "tipo_fim": "Geral",
        "tipo_par": "Geral -> Geral",
        "votos_hugo_inicio": 0,
        "votos_hugo_fim": 28,
        "delta_hugo": 28,
        "pct_delta_hugo": null,
        "candidacy_status_hugo": "concorreu",
        "cargo_diferente_hugo": false,
        "votos_felipe_inicio": null,
        "votos_felipe_fim": null,
        "delta_felipe": null,
        "pct_delta_felipe": null,
        "candidacy_status_felipe": "nao_concorreu_inicio",
        "cargo_diferente_felipe": null,
        "votos_psd_inicio": 0,
        "votos_psd_fim": 1781,
        "delta_psd": 1781,
        "pct_delta_psd": null,
        "candidacy_status_psd": "concorreu",
        "cargo_diferente_psd": false,
        "map_delta": 28,
        "map_abs_delta": 28
      },
      "geometry": {
        "type": "Point",
        "coordinates": [
          -43.1254512,
          -22.9033321
        ]
      }
    },
    {
      "type": "Feature",
      "properties": {
        "pair": "2014-2018",
        "ano_inicio": 2014,
        "ano_fim": 2018,
        "nr_local": "1449",
        "nm_local": "CIEP 450 - BADU",
        "bairro": "BADU",
        "local_status": "both",
        "secoes_inicio": 19,
        "secoes_fim": 37,
        "secoes_comuns": 19,
        "secoes_adicionadas": 18,
        "secoes_removidas": 0,
        "secoes_movidas_in": 0,
        "secoes_movidas_out": 0,
        "secao_churn": 0.4865,
        "tipo_inicio": "Geral",
        "tipo_fim": "Geral",
        "tipo_par": "Geral -> Geral",
        "votos_hugo_inicio": 12,
        "votos_hugo_fim": 25,
        "delta_hugo": 13,
        "pct_delta_hugo": 108.33,
        "candidacy_status_hugo": "concorreu",
        "cargo_diferente_hugo": false,
        "votos_felipe_inicio": null,
        "votos_felipe_fim": null,
        "delta_felipe": null,
        "pct_delta_felipe": null,
        "candidacy_status_felipe": "nao_concorreu_inicio",
        "cargo_diferente_felipe": null,
        "votos_psd_inicio": 914,
        "votos_psd_fim": 4192,
        "delta_psd": 3278,
        "pct_delta_psd": 358.64,
        "candidacy_status_psd": "concorreu",
        "cargo_diferente_psd": false,
        "map_delta": 13,
        "map_abs_delta": 13
      },
      "geometry": {
        "type": "Point",
        "coordinates": [
          -43.0566124,
          -22.9071974
        ]
      }
    },
    {
      "type": "Feature",
      "properties": {
        "pair": "2014-2018",
        "ano_inicio": 2014,
        "ano_fim": 2018,
        "nr_local": "1457",
        "nm_local": "ÁGUAS DE NITEROI",
        "bairro": "CENTRO",
        "local_status": "both",
        "secoes_inicio": 10,
        "secoes_fim": 17,
        "secoes_comuns": 0,
        "secoes_adicionadas": 17,
        "secoes_removidas": 10,
        "secoes_movidas_in": 0,
        "secoes_movidas_out": 0,
        "secao_churn": 1.5882,
        "tipo_inicio": "Geral",
        "tipo_fim": "Geral",
        "tipo_par": "Geral -> Geral",
        "votos_hugo_inicio": 18,
        "votos_hugo_fim": 2,
        "delta_hugo": -16,
        "pct_delta_hugo": -88.89,
        "candidacy_status_hugo": "concorreu",
        "cargo_diferente_hugo": false,
        "votos_felipe_inicio": null,
        "votos_felipe_fim": null,
        "delta_felipe": null,
        "pct_delta_felipe": null,
        "candidacy_status_felipe": "nao_concorreu_inicio",
        "cargo_diferente_felipe": null,
        "votos_psd_inicio": 364,
        "votos_psd_fim": 1728,
        "delta_psd": 1364,
        "pct_delta_psd": 374.73,
        "candidacy_status_psd": "concorreu",
        "cargo_diferente_psd": false,
        "map_delta": -16,
        "map_abs_delta": 16
      },
      "geometry": {
        "type": "Point",
        "coordinates": [
          -43.1141378,
          -22.8915411
        ]
      }
    },
    {
      "type": "Feature",
      "properties": {
        "pair": "2014-2018",
        "ano_inicio": 2014,
        "ano_fim": 2018,
        "nr_local": "1465",
        "nm_local": "CENTRO UNIVERSITÁRIO ANHANGUERA (ANTIGO PLÍNIO LEITE)",
        "bairro": "CENTRO",
        "local_status": "both",
        "secoes_inicio": 9,
        "secoes_fim": 14,
        "secoes_comuns": 0,
        "secoes_adicionadas": 14,
        "secoes_removidas": 9,
        "secoes_movidas_in": 0,
        "secoes_movidas_out": 0,
        "secao_churn": 1.6429,
        "tipo_inicio": "Geral",
        "tipo_fim": "Geral",
        "tipo_par": "Geral -> Geral",
        "votos_hugo_inicio": 90,
        "votos_hugo_fim": 11,
        "delta_hugo": -79,
        "pct_delta_hugo": -87.78,
        "candidacy_status_hugo": "concorreu",
        "cargo_diferente_hugo": false,
        "votos_felipe_inicio": null,
        "votos_felipe_fim": null,
        "delta_felipe": null,
        "pct_delta_felipe": null,
        "candidacy_status_felipe": "nao_concorreu_inicio",
        "cargo_diferente_felipe": null,
        "votos_psd_inicio": 481,
        "votos_psd_fim": 1084,
        "delta_psd": 603,
        "pct_delta_psd": 125.36,
        "candidacy_status_psd": "concorreu",
        "cargo_diferente_psd": false,
        "map_delta": -79,
        "map_abs_delta": 79
      },
      "geometry": {
        "type": "Point",
        "coordinates": [
          -43.1245632,
          -22.8869267
        ]
      }
    },
    {
      "type": "Feature",
      "properties": {
        "pair": "2014-2018",
        "ano_inicio": 2014,
        "ano_fim": 2018,
        "nr_local": "1473",
        "nm_local": "COLÉGIO FORUM CULTURAL",
        "bairro": "CANTAGALO",
        "local_status": "both",
        "secoes_inicio": 21,
        "secoes_fim": 31,
        "secoes_comuns": 10,
        "secoes_adicionadas": 21,
        "secoes_removidas": 11,
        "secoes_movidas_in": 0,
        "secoes_movidas_out": 0,
        "secao_churn": 1.0323,
        "tipo_inicio": "Geral",
        "tipo_fim": "Geral",
        "tipo_par": "Geral -> Geral",
        "votos_hugo_inicio": 33,
        "votos_hugo_fim": 32,
        "delta_hugo": -1,
        "pct_delta_hugo": -3.03,
        "candidacy_status_hugo": "concorreu",
        "cargo_diferente_hugo": false,
        "votos_felipe_inicio": null,
        "votos_felipe_fim": null,
        "delta_felipe": null,
        "pct_delta_felipe": null,
        "candidacy_status_felipe": "nao_concorreu_inicio",
        "cargo_diferente_felipe": null,
        "votos_psd_inicio": 863,
        "votos_psd_fim": 3172,
        "delta_psd": 2309,
        "pct_delta_psd": 267.56,
        "candidacy_status_psd": "concorreu",
        "cargo_diferente_psd": false,
        "map_delta": -1,
        "map_abs_delta": 1
      },
      "geometry": {
        "type": "Point",
        "coordinates": [
          -43.0490094,
          -22.9163184
        ]
      }
    },
    {
      "type": "Feature",
      "properties": {
        "pair": "2014-2018",
        "ano_inicio": 2014,
        "ano_fim": 2018,
        "nr_local": "1481",
        "nm_local": "ESCOLA MUNICIPAL MAESTRO HEITOR VILLA-LOBOS (''COLÉGIO NOVO'')",
        "bairro": "ILHA DA CONCEIÇÃO",
        "local_status": "both",
        "secoes_inicio": 9,
        "secoes_fim": 20,
        "secoes_comuns": 0,
        "secoes_adicionadas": 20,
        "secoes_removidas": 9,
        "secoes_movidas_in": 0,
        "secoes_movidas_out": 0,
        "secao_churn": 1.45,
        "tipo_inicio": "Geral",
        "tipo_fim": "Geral",
        "tipo_par": "Geral -> Geral",
        "votos_hugo_inicio": 5,
        "votos_hugo_fim": 15,
        "delta_hugo": 10,
        "pct_delta_hugo": 200,
        "candidacy_status_hugo": "concorreu",
        "cargo_diferente_hugo": false,
        "votos_felipe_inicio": null,
        "votos_felipe_fim": null,
        "delta_felipe": null,
        "pct_delta_felipe": null,
        "candidacy_status_felipe": "nao_concorreu_inicio",
        "cargo_diferente_felipe": null,
        "votos_psd_inicio": 373,
        "votos_psd_fim": 1701,
        "delta_psd": 1328,
        "pct_delta_psd": 356.03,
        "candidacy_status_psd": "concorreu",
        "cargo_diferente_psd": false,
        "map_delta": 10,
        "map_abs_delta": 10
      },
      "geometry": {
        "type": "Point",
        "coordinates": [
          -43.1156463,
          -22.8731482
        ]
      }
    },
    {
      "type": "Feature",
      "properties": {
        "pair": "2014-2018",
        "ano_inicio": 2014,
        "ano_fim": 2018,
        "nr_local": "1490",
        "nm_local": "IGREJA BATISTA DO FONSECA",
        "bairro": "FONSECA",
        "local_status": "both",
        "secoes_inicio": 3,
        "secoes_fim": 5,
        "secoes_comuns": 0,
        "secoes_adicionadas": 5,
        "secoes_removidas": 3,
        "secoes_movidas_in": 0,
        "secoes_movidas_out": 0,
        "secao_churn": 1.6,
        "tipo_inicio": "Geral",
        "tipo_fim": "Geral",
        "tipo_par": "Geral -> Geral",
        "votos_hugo_inicio": 15,
        "votos_hugo_fim": 3,
        "delta_hugo": -12,
        "pct_delta_hugo": -80,
        "candidacy_status_hugo": "concorreu",
        "cargo_diferente_hugo": false,
        "votos_felipe_inicio": null,
        "votos_felipe_fim": null,
        "delta_felipe": null,
        "pct_delta_felipe": null,
        "candidacy_status_felipe": "nao_concorreu_inicio",
        "cargo_diferente_felipe": null,
        "votos_psd_inicio": 134,
        "votos_psd_fim": 526,
        "delta_psd": 392,
        "pct_delta_psd": 292.54,
        "candidacy_status_psd": "concorreu",
        "cargo_diferente_psd": false,
        "map_delta": -12,
        "map_abs_delta": 12
      },
      "geometry": {
        "type": "Point",
        "coordinates": [
          -43.0865383,
          -22.8810878
        ]
      }
    },
    {
      "type": "Feature",
      "properties": {
        "pair": "2014-2018",
        "ano_inicio": 2014,
        "ano_fim": 2018,
        "nr_local": "1503",
        "nm_local": "SERVICO DE ASSISTENCIA SOCIAL SAO DOMINGOS SAVIO",
        "bairro": "SANTA ROSA",
        "local_status": "both",
        "secoes_inicio": 5,
        "secoes_fim": 9,
        "secoes_comuns": 0,
        "secoes_adicionadas": 9,
        "secoes_removidas": 5,
        "secoes_movidas_in": 0,
        "secoes_movidas_out": 0,
        "secao_churn": 1.5556,
        "tipo_inicio": "Geral",
        "tipo_fim": "Geral",
        "tipo_par": "Geral -> Geral",
        "votos_hugo_inicio": 10,
        "votos_hugo_fim": 18,
        "delta_hugo": 8,
        "pct_delta_hugo": 80,
        "candidacy_status_hugo": "concorreu",
        "cargo_diferente_hugo": false,
        "votos_felipe_inicio": null,
        "votos_felipe_fim": null,
        "delta_felipe": null,
        "pct_delta_felipe": null,
        "candidacy_status_felipe": "nao_concorreu_inicio",
        "cargo_diferente_felipe": null,
        "votos_psd_inicio": 197,
        "votos_psd_fim": 738,
        "delta_psd": 541,
        "pct_delta_psd": 274.62,
        "candidacy_status_psd": "concorreu",
        "cargo_diferente_psd": false,
        "map_delta": 8,
        "map_abs_delta": 8
      },
      "geometry": {
        "type": "Point",
        "coordinates": [
          -43.0928214,
          -22.8988024
        ]
      }
    },
    {
      "type": "Feature",
      "properties": {
        "pair": "2014-2018",
        "ano_inicio": 2014,
        "ano_fim": 2018,
        "nr_local": "1511",
        "nm_local": "FACULDADE DE ADMINISTRAÇÃO E CIÊNCIAS CONTÁBEIS (VALONGUINHO)",
        "bairro": "CENTRO",
        "local_status": "end_only",
        "secoes_inicio": 0,
        "secoes_fim": 18,
        "secoes_comuns": 0,
        "secoes_adicionadas": 18,
        "secoes_removidas": 0,
        "secoes_movidas_in": 0,
        "secoes_movidas_out": 0,
        "secao_churn": 1,
        "tipo_inicio": "Geral",
        "tipo_fim": "Geral",
        "tipo_par": "Geral -> Geral",
        "votos_hugo_inicio": 0,
        "votos_hugo_fim": 10,
        "delta_hugo": 10,
        "pct_delta_hugo": null,
        "candidacy_status_hugo": "concorreu",
        "cargo_diferente_hugo": false,
        "votos_felipe_inicio": null,
        "votos_felipe_fim": null,
        "delta_felipe": null,
        "pct_delta_felipe": null,
        "candidacy_status_felipe": "nao_concorreu_inicio",
        "cargo_diferente_felipe": null,
        "votos_psd_inicio": 0,
        "votos_psd_fim": 1240,
        "delta_psd": 1240,
        "pct_delta_psd": null,
        "candidacy_status_psd": "concorreu",
        "cargo_diferente_psd": false,
        "map_delta": 10,
        "map_abs_delta": 10
      },
      "geometry": {
        "type": "Point",
        "coordinates": [
          -43.1252439,
          -22.8967413
        ]
      }
    },
    {
      "type": "Feature",
      "properties": {
        "pair": "2014-2018",
        "ano_inicio": 2014,
        "ano_fim": 2018,
        "nr_local": "1520",
        "nm_local": "ESCOLA MUNICIPAL LEVI CARNEIRO",
        "bairro": "SAPÊ",
        "local_status": "both",
        "secoes_inicio": 15,
        "secoes_fim": 22,
        "secoes_comuns": 15,
        "secoes_adicionadas": 7,
        "secoes_removidas": 0,
        "secoes_movidas_in": 0,
        "secoes_movidas_out": 0,
        "secao_churn": 0.3182,
        "tipo_inicio": "Geral",
        "tipo_fim": "Geral",
        "tipo_par": "Geral -> Geral",
        "votos_hugo_inicio": 13,
        "votos_hugo_fim": 12,
        "delta_hugo": -1,
        "pct_delta_hugo": -7.69,
        "candidacy_status_hugo": "concorreu",
        "cargo_diferente_hugo": false,
        "votos_felipe_inicio": null,
        "votos_felipe_fim": null,
        "delta_felipe": null,
        "pct_delta_felipe": null,
        "candidacy_status_felipe": "nao_concorreu_inicio",
        "cargo_diferente_felipe": null,
        "votos_psd_inicio": 870,
        "votos_psd_fim": 3071,
        "delta_psd": 2201,
        "pct_delta_psd": 252.99,
        "candidacy_status_psd": "concorreu",
        "cargo_diferente_psd": false,
        "map_delta": -1,
        "map_abs_delta": 1
      },
      "geometry": {
        "type": "Point",
        "coordinates": [
          -43.0583864,
          -22.8961721
        ]
      }
    },
    {
      "type": "Feature",
      "properties": {
        "pair": "2014-2018",
        "ano_inicio": 2014,
        "ano_fim": 2018,
        "nr_local": "1538",
        "nm_local": "ESCOLA CATAVENTO ESPAÇO DE EDUCAÇÃO",
        "bairro": "SAPÊ",
        "local_status": "both",
        "secoes_inicio": 10,
        "secoes_fim": 15,
        "secoes_comuns": 3,
        "secoes_adicionadas": 12,
        "secoes_removidas": 7,
        "secoes_movidas_in": 0,
        "secoes_movidas_out": 0,
        "secao_churn": 1.2667,
        "tipo_inicio": "Geral",
        "tipo_fim": "Geral",
        "tipo_par": "Geral -> Geral",
        "votos_hugo_inicio": 29,
        "votos_hugo_fim": 7,
        "delta_hugo": -22,
        "pct_delta_hugo": -75.86,
        "candidacy_status_hugo": "concorreu",
        "cargo_diferente_hugo": false,
        "votos_felipe_inicio": null,
        "votos_felipe_fim": null,
        "delta_felipe": null,
        "pct_delta_felipe": null,
        "candidacy_status_felipe": "nao_concorreu_inicio",
        "cargo_diferente_felipe": null,
        "votos_psd_inicio": 514,
        "votos_psd_fim": 954,
        "delta_psd": 440,
        "pct_delta_psd": 85.6,
        "candidacy_status_psd": "concorreu",
        "cargo_diferente_psd": false,
        "map_delta": -22,
        "map_abs_delta": 22
      },
      "geometry": {
        "type": "Point",
        "coordinates": [
          -43.0635188,
          -22.9024713
        ]
      }
    },
    {
      "type": "Feature",
      "properties": {
        "pair": "2014-2018",
        "ano_inicio": 2014,
        "ano_fim": 2018,
        "nr_local": "1546",
        "nm_local": "UNIVERSIDADE SALGADO DE OLIVEIRA - BL A",
        "bairro": "CENTRO",
        "local_status": "both",
        "secoes_inicio": 11,
        "secoes_fim": 25,
        "secoes_comuns": 4,
        "secoes_adicionadas": 21,
        "secoes_removidas": 7,
        "secoes_movidas_in": 0,
        "secoes_movidas_out": 2,
        "secao_churn": 1.12,
        "tipo_inicio": "Geral",
        "tipo_fim": "Geral",
        "tipo_par": "Geral -> Geral",
        "votos_hugo_inicio": 16,
        "votos_hugo_fim": 14,
        "delta_hugo": -2,
        "pct_delta_hugo": -12.5,
        "candidacy_status_hugo": "concorreu",
        "cargo_diferente_hugo": false,
        "votos_felipe_inicio": null,
        "votos_felipe_fim": null,
        "delta_felipe": null,
        "pct_delta_felipe": null,
        "candidacy_status_felipe": "nao_concorreu_inicio",
        "cargo_diferente_felipe": null,
        "votos_psd_inicio": 529,
        "votos_psd_fim": 1880,
        "delta_psd": 1351,
        "pct_delta_psd": 255.39,
        "candidacy_status_psd": "concorreu",
        "cargo_diferente_psd": false,
        "map_delta": -2,
        "map_abs_delta": 2
      },
      "geometry": {
        "type": "Point",
        "coordinates": [
          -43.1186087,
          -22.8894749
        ]
      }
    },
    {
      "type": "Feature",
      "properties": {
        "pair": "2014-2018",
        "ano_inicio": 2014,
        "ano_fim": 2018,
        "nr_local": "1554",
        "nm_local": "JARDIM ESCOLA GIRASSÓIS",
        "bairro": "LARGO DA BATALHA",
        "local_status": "both",
        "secoes_inicio": 9,
        "secoes_fim": 34,
        "secoes_comuns": 0,
        "secoes_adicionadas": 34,
        "secoes_removidas": 9,
        "secoes_movidas_in": 2,
        "secoes_movidas_out": 0,
        "secao_churn": 1.2647,
        "tipo_inicio": "Geral",
        "tipo_fim": "Geral",
        "tipo_par": "Geral -> Geral",
        "votos_hugo_inicio": 21,
        "votos_hugo_fim": 28,
        "delta_hugo": 7,
        "pct_delta_hugo": 33.33,
        "candidacy_status_hugo": "concorreu",
        "cargo_diferente_hugo": false,
        "votos_felipe_inicio": null,
        "votos_felipe_fim": null,
        "delta_felipe": null,
        "pct_delta_felipe": null,
        "candidacy_status_felipe": "nao_concorreu_inicio",
        "cargo_diferente_felipe": null,
        "votos_psd_inicio": 497,
        "votos_psd_fim": 2998,
        "delta_psd": 2501,
        "pct_delta_psd": 503.22,
        "candidacy_status_psd": "concorreu",
        "cargo_diferente_psd": false,
        "map_delta": 7,
        "map_abs_delta": 7
      },
      "geometry": {
        "type": "Point",
        "coordinates": [
          -43.0652722,
          -22.9077414
        ]
      }
    },
    {
      "type": "Feature",
      "properties": {
        "pair": "2014-2018",
        "ano_inicio": 2014,
        "ano_fim": 2018,
        "nr_local": "1562",
        "nm_local": "COLEGIO ESTADUAL RAUL VIDAL",
        "bairro": "CENTRO",
        "local_status": "end_only",
        "secoes_inicio": 0,
        "secoes_fim": 23,
        "secoes_comuns": 0,
        "secoes_adicionadas": 23,
        "secoes_removidas": 0,
        "secoes_movidas_in": 0,
        "secoes_movidas_out": 0,
        "secao_churn": 1,
        "tipo_inicio": "Geral",
        "tipo_fim": "Geral",
        "tipo_par": "Geral -> Geral",
        "votos_hugo_inicio": 0,
        "votos_hugo_fim": 27,
        "delta_hugo": 27,
        "pct_delta_hugo": null,
        "candidacy_status_hugo": "concorreu",
        "cargo_diferente_hugo": false,
        "votos_felipe_inicio": null,
        "votos_felipe_fim": null,
        "delta_felipe": null,
        "pct_delta_felipe": null,
        "candidacy_status_felipe": "nao_concorreu_inicio",
        "cargo_diferente_felipe": null,
        "votos_psd_inicio": 0,
        "votos_psd_fim": 1949,
        "delta_psd": 1949,
        "pct_delta_psd": null,
        "candidacy_status_psd": "concorreu",
        "cargo_diferente_psd": false,
        "map_delta": 27,
        "map_abs_delta": 27
      },
      "geometry": {
        "type": "Point",
        "coordinates": [
          -43.1242688,
          -22.8862372
        ]
      }
    },
    {
      "type": "Feature",
      "properties": {
        "pair": "2014-2018",
        "ano_inicio": 2014,
        "ano_fim": 2018,
        "nr_local": "1570",
        "nm_local": "IGREJA DO SANTUARIO NACIONAL DAS ALMAS",
        "bairro": "ICARAÍ",
        "local_status": "end_only",
        "secoes_inicio": 0,
        "secoes_fim": 25,
        "secoes_comuns": 0,
        "secoes_adicionadas": 25,
        "secoes_removidas": 0,
        "secoes_movidas_in": 0,
        "secoes_movidas_out": 0,
        "secao_churn": 1,
        "tipo_inicio": "Geral",
        "tipo_fim": "Geral",
        "tipo_par": "Geral -> Geral",
        "votos_hugo_inicio": 0,
        "votos_hugo_fim": 16,
        "delta_hugo": 16,
        "pct_delta_hugo": null,
        "candidacy_status_hugo": "concorreu",
        "cargo_diferente_hugo": false,
        "votos_felipe_inicio": null,
        "votos_felipe_fim": null,
        "delta_felipe": null,
        "pct_delta_felipe": null,
        "candidacy_status_felipe": "nao_concorreu_inicio",
        "cargo_diferente_felipe": null,
        "votos_psd_inicio": 0,
        "votos_psd_fim": 1512,
        "delta_psd": 1512,
        "pct_delta_psd": null,
        "candidacy_status_psd": "concorreu",
        "cargo_diferente_psd": false,
        "map_delta": 16,
        "map_abs_delta": 16
      },
      "geometry": {
        "type": "Point",
        "coordinates": [
          -43.1107182,
          -22.9004522
        ]
      }
    },
    {
      "type": "Feature",
      "properties": {
        "pair": "2014-2018",
        "ano_inicio": 2014,
        "ano_fim": 2018,
        "nr_local": "1589",
        "nm_local": "COLÉGIO NOSSA SENHORA DAS MERCÊS",
        "bairro": "FONSECA",
        "local_status": "both",
        "secoes_inicio": 5,
        "secoes_fim": 26,
        "secoes_comuns": 0,
        "secoes_adicionadas": 26,
        "secoes_removidas": 5,
        "secoes_movidas_in": 0,
        "secoes_movidas_out": 0,
        "secao_churn": 1.1923,
        "tipo_inicio": "Geral",
        "tipo_fim": "Geral",
        "tipo_par": "Geral -> Geral",
        "votos_hugo_inicio": 15,
        "votos_hugo_fim": 47,
        "delta_hugo": 32,
        "pct_delta_hugo": 213.33,
        "candidacy_status_hugo": "concorreu",
        "cargo_diferente_hugo": false,
        "votos_felipe_inicio": null,
        "votos_felipe_fim": null,
        "delta_felipe": null,
        "pct_delta_felipe": null,
        "candidacy_status_felipe": "nao_concorreu_inicio",
        "cargo_diferente_felipe": null,
        "votos_psd_inicio": 230,
        "votos_psd_fim": 2082,
        "delta_psd": 1852,
        "pct_delta_psd": 805.22,
        "candidacy_status_psd": "concorreu",
        "cargo_diferente_psd": false,
        "map_delta": 32,
        "map_abs_delta": 32
      },
      "geometry": {
        "type": "Point",
        "coordinates": [
          -43.1023535,
          -22.880345
        ]
      }
    },
    {
      "type": "Feature",
      "properties": {
        "pair": "2014-2018",
        "ano_inicio": 2014,
        "ano_fim": 2018,
        "nr_local": "1597",
        "nm_local": "COLÉGIO PONTO DE ENSINO",
        "bairro": "ICARAÍ",
        "local_status": "both",
        "secoes_inicio": 12,
        "secoes_fim": 25,
        "secoes_comuns": 0,
        "secoes_adicionadas": 25,
        "secoes_removidas": 12,
        "secoes_movidas_in": 0,
        "secoes_movidas_out": 0,
        "secao_churn": 1.48,
        "tipo_inicio": "Geral",
        "tipo_fim": "Geral",
        "tipo_par": "Geral -> Geral",
        "votos_hugo_inicio": 33,
        "votos_hugo_fim": 31,
        "delta_hugo": -2,
        "pct_delta_hugo": -6.06,
        "candidacy_status_hugo": "concorreu",
        "cargo_diferente_hugo": false,
        "votos_felipe_inicio": null,
        "votos_felipe_fim": null,
        "delta_felipe": null,
        "pct_delta_felipe": null,
        "candidacy_status_felipe": "nao_concorreu_inicio",
        "cargo_diferente_felipe": null,
        "votos_psd_inicio": 796,
        "votos_psd_fim": 1987,
        "delta_psd": 1191,
        "pct_delta_psd": 149.62,
        "candidacy_status_psd": "concorreu",
        "cargo_diferente_psd": false,
        "map_delta": -2,
        "map_abs_delta": 2
      },
      "geometry": {
        "type": "Point",
        "coordinates": [
          -43.1095209,
          -22.9092421
        ]
      }
    },
    {
      "type": "Feature",
      "properties": {
        "pair": "2014-2018",
        "ano_inicio": 2014,
        "ano_fim": 2018,
        "nr_local": "1600",
        "nm_local": "INSTITUTO DE EDUCAÇÃO PROFESSOR ISMAEL COUTINHO - IEPIC",
        "bairro": "SÃO DOMINGOS",
        "local_status": "both",
        "secoes_inicio": 8,
        "secoes_fim": 21,
        "secoes_comuns": 0,
        "secoes_adicionadas": 21,
        "secoes_removidas": 8,
        "secoes_movidas_in": 0,
        "secoes_movidas_out": 0,
        "secao_churn": 1.381,
        "tipo_inicio": "Geral",
        "tipo_fim": "Geral",
        "tipo_par": "Geral -> Geral",
        "votos_hugo_inicio": 24,
        "votos_hugo_fim": 9,
        "delta_hugo": -15,
        "pct_delta_hugo": -62.5,
        "candidacy_status_hugo": "concorreu",
        "cargo_diferente_hugo": false,
        "votos_felipe_inicio": null,
        "votos_felipe_fim": null,
        "delta_felipe": null,
        "pct_delta_felipe": null,
        "candidacy_status_felipe": "nao_concorreu_inicio",
        "cargo_diferente_felipe": null,
        "votos_psd_inicio": 292,
        "votos_psd_fim": 1293,
        "delta_psd": 1001,
        "pct_delta_psd": 342.81,
        "candidacy_status_psd": "concorreu",
        "cargo_diferente_psd": false,
        "map_delta": -15,
        "map_abs_delta": 15
      },
      "geometry": {
        "type": "Point",
        "coordinates": [
          -43.1271052,
          -22.8989767
        ]
      }
    },
    {
      "type": "Feature",
      "properties": {
        "pair": "2014-2018",
        "ano_inicio": 2014,
        "ano_fim": 2018,
        "nr_local": "1619",
        "nm_local": "COLEGIO ESTADUAL JOAQUIM TAVORA",
        "bairro": "ICARAÍ",
        "local_status": "end_only",
        "secoes_inicio": 0,
        "secoes_fim": 30,
        "secoes_comuns": 0,
        "secoes_adicionadas": 30,
        "secoes_removidas": 0,
        "secoes_movidas_in": 0,
        "secoes_movidas_out": 0,
        "secao_churn": 1,
        "tipo_inicio": "Geral",
        "tipo_fim": "Geral",
        "tipo_par": "Geral -> Geral",
        "votos_hugo_inicio": 0,
        "votos_hugo_fim": 24,
        "delta_hugo": 24,
        "pct_delta_hugo": null,
        "candidacy_status_hugo": "concorreu",
        "cargo_diferente_hugo": false,
        "votos_felipe_inicio": null,
        "votos_felipe_fim": null,
        "delta_felipe": null,
        "pct_delta_felipe": null,
        "candidacy_status_felipe": "nao_concorreu_inicio",
        "cargo_diferente_felipe": null,
        "votos_psd_inicio": 0,
        "votos_psd_fim": 1054,
        "delta_psd": 1054,
        "pct_delta_psd": null,
        "candidacy_status_psd": "concorreu",
        "cargo_diferente_psd": false,
        "map_delta": 24,
        "map_abs_delta": 24
      },
      "geometry": {
        "type": "Point",
        "coordinates": [
          -43.1081976,
          -22.9048788
        ]
      }
    },
    {
      "type": "Feature",
      "properties": {
        "pair": "2014-2018",
        "ano_inicio": 2014,
        "ano_fim": 2018,
        "nr_local": "1627",
        "nm_local": "ESCOLA ESTADUAL DOUTOR JAYME MEMORIA",
        "bairro": "CUBANGO",
        "local_status": "end_only",
        "secoes_inicio": 0,
        "secoes_fim": 22,
        "secoes_comuns": 0,
        "secoes_adicionadas": 22,
        "secoes_removidas": 0,
        "secoes_movidas_in": 0,
        "secoes_movidas_out": 0,
        "secao_churn": 1,
        "tipo_inicio": "Geral",
        "tipo_fim": "Geral",
        "tipo_par": "Geral -> Geral",
        "votos_hugo_inicio": 0,
        "votos_hugo_fim": 15,
        "delta_hugo": 15,
        "pct_delta_hugo": null,
        "candidacy_status_hugo": "concorreu",
        "cargo_diferente_hugo": false,
        "votos_felipe_inicio": null,
        "votos_felipe_fim": null,
        "delta_felipe": null,
        "pct_delta_felipe": null,
        "candidacy_status_felipe": "nao_concorreu_inicio",
        "cargo_diferente_felipe": null,
        "votos_psd_inicio": 0,
        "votos_psd_fim": 2248,
        "delta_psd": 2248,
        "pct_delta_psd": null,
        "candidacy_status_psd": "concorreu",
        "cargo_diferente_psd": false,
        "map_delta": 15,
        "map_abs_delta": 15
      },
      "geometry": {
        "type": "Point",
        "coordinates": [
          -43.0937712,
          -22.88949
        ]
      }
    },
    {
      "type": "Feature",
      "properties": {
        "pair": "2014-2018",
        "ano_inicio": 2014,
        "ano_fim": 2018,
        "nr_local": "1635",
        "nm_local": "ESCOLA MUNICIPAL DOM JOSÉ PEREIRA ALVES",
        "bairro": "FONSECA",
        "local_status": "both",
        "secoes_inicio": 12,
        "secoes_fim": 14,
        "secoes_comuns": 0,
        "secoes_adicionadas": 14,
        "secoes_removidas": 12,
        "secoes_movidas_in": 0,
        "secoes_movidas_out": 0,
        "secao_churn": 1.8571,
        "tipo_inicio": "Geral",
        "tipo_fim": "Geral",
        "tipo_par": "Geral -> Geral",
        "votos_hugo_inicio": 32,
        "votos_hugo_fim": 5,
        "delta_hugo": -27,
        "pct_delta_hugo": -84.38,
        "candidacy_status_hugo": "concorreu",
        "cargo_diferente_hugo": false,
        "votos_felipe_inicio": null,
        "votos_felipe_fim": null,
        "delta_felipe": null,
        "pct_delta_felipe": null,
        "candidacy_status_felipe": "nao_concorreu_inicio",
        "cargo_diferente_felipe": null,
        "votos_psd_inicio": 450,
        "votos_psd_fim": 934,
        "delta_psd": 484,
        "pct_delta_psd": 107.56,
        "candidacy_status_psd": "concorreu",
        "cargo_diferente_psd": false,
        "map_delta": -27,
        "map_abs_delta": 27
      },
      "geometry": {
        "type": "Point",
        "coordinates": [
          -43.0920686,
          -22.8783038
        ]
      }
    },
    {
      "type": "Feature",
      "properties": {
        "pair": "2014-2018",
        "ano_inicio": 2014,
        "ano_fim": 2018,
        "nr_local": "1643",
        "nm_local": "CENTRO MODERNO ALZIRA BITTENCOURT",
        "bairro": "ICARAÍ",
        "local_status": "both",
        "secoes_inicio": 6,
        "secoes_fim": 11,
        "secoes_comuns": 0,
        "secoes_adicionadas": 11,
        "secoes_removidas": 6,
        "secoes_movidas_in": 0,
        "secoes_movidas_out": 0,
        "secao_churn": 1.5455,
        "tipo_inicio": "Geral",
        "tipo_fim": "Geral",
        "tipo_par": "Geral -> Geral",
        "votos_hugo_inicio": 18,
        "votos_hugo_fim": 10,
        "delta_hugo": -8,
        "pct_delta_hugo": -44.44,
        "candidacy_status_hugo": "concorreu",
        "cargo_diferente_hugo": false,
        "votos_felipe_inicio": null,
        "votos_felipe_fim": null,
        "delta_felipe": null,
        "pct_delta_felipe": null,
        "candidacy_status_felipe": "nao_concorreu_inicio",
        "cargo_diferente_felipe": null,
        "votos_psd_inicio": 129,
        "votos_psd_fim": 665,
        "delta_psd": 536,
        "pct_delta_psd": 415.5,
        "candidacy_status_psd": "concorreu",
        "cargo_diferente_psd": false,
        "map_delta": -8,
        "map_abs_delta": 8
      },
      "geometry": {
        "type": "Point",
        "coordinates": [
          -43.110746,
          -22.9012326
        ]
      }
    },
    {
      "type": "Feature",
      "properties": {
        "pair": "2014-2018",
        "ano_inicio": 2014,
        "ano_fim": 2018,
        "nr_local": "1651",
        "nm_local": "PH COLÉGIO",
        "bairro": "ICARAÍ",
        "local_status": "end_only",
        "secoes_inicio": 0,
        "secoes_fim": 23,
        "secoes_comuns": 0,
        "secoes_adicionadas": 23,
        "secoes_removidas": 0,
        "secoes_movidas_in": 0,
        "secoes_movidas_out": 0,
        "secao_churn": 1,
        "tipo_inicio": "Geral",
        "tipo_fim": "Geral",
        "tipo_par": "Geral -> Geral",
        "votos_hugo_inicio": 0,
        "votos_hugo_fim": 23,
        "delta_hugo": 23,
        "pct_delta_hugo": null,
        "candidacy_status_hugo": "concorreu",
        "cargo_diferente_hugo": false,
        "votos_felipe_inicio": null,
        "votos_felipe_fim": null,
        "delta_felipe": null,
        "pct_delta_felipe": null,
        "candidacy_status_felipe": "nao_concorreu_inicio",
        "cargo_diferente_felipe": null,
        "votos_psd_inicio": 0,
        "votos_psd_fim": 1427,
        "delta_psd": 1427,
        "pct_delta_psd": null,
        "candidacy_status_psd": "concorreu",
        "cargo_diferente_psd": false,
        "map_delta": 23,
        "map_abs_delta": 23
      },
      "geometry": {
        "type": "Point",
        "coordinates": [
          -43.1110377,
          -22.9006508
        ]
      }
    },
    {
      "type": "Feature",
      "properties": {
        "pair": "2014-2018",
        "ano_inicio": 2014,
        "ano_fim": 2018,
        "nr_local": "1660",
        "nm_local": "CLUBE CENTRAL",
        "bairro": "ICARAÍ",
        "local_status": "both",
        "secoes_inicio": 3,
        "secoes_fim": 38,
        "secoes_comuns": 0,
        "secoes_adicionadas": 38,
        "secoes_removidas": 3,
        "secoes_movidas_in": 0,
        "secoes_movidas_out": 0,
        "secao_churn": 1.0789,
        "tipo_inicio": "Geral",
        "tipo_fim": "Geral",
        "tipo_par": "Geral -> Geral",
        "votos_hugo_inicio": 0,
        "votos_hugo_fim": 53,
        "delta_hugo": 53,
        "pct_delta_hugo": null,
        "candidacy_status_hugo": "concorreu",
        "cargo_diferente_hugo": false,
        "votos_felipe_inicio": null,
        "votos_felipe_fim": null,
        "delta_felipe": null,
        "pct_delta_felipe": null,
        "candidacy_status_felipe": "nao_concorreu_inicio",
        "cargo_diferente_felipe": null,
        "votos_psd_inicio": 53,
        "votos_psd_fim": 2764,
        "delta_psd": 2711,
        "pct_delta_psd": 5115.09,
        "candidacy_status_psd": "concorreu",
        "cargo_diferente_psd": false,
        "map_delta": 53,
        "map_abs_delta": 53
      },
      "geometry": {
        "type": "Point",
        "coordinates": [
          -43.111789,
          -22.9075784
        ]
      }
    },
    {
      "type": "Feature",
      "properties": {
        "pair": "2014-2018",
        "ano_inicio": 2014,
        "ano_fim": 2018,
        "nr_local": "1678",
        "nm_local": "LICEU NILO PEÇANHA",
        "bairro": "CENTRO",
        "local_status": "end_only",
        "secoes_inicio": 0,
        "secoes_fim": 24,
        "secoes_comuns": 0,
        "secoes_adicionadas": 24,
        "secoes_removidas": 0,
        "secoes_movidas_in": 0,
        "secoes_movidas_out": 0,
        "secao_churn": 1,
        "tipo_inicio": "Geral",
        "tipo_fim": "Geral",
        "tipo_par": "Geral -> Geral",
        "votos_hugo_inicio": 0,
        "votos_hugo_fim": 15,
        "delta_hugo": 15,
        "pct_delta_hugo": null,
        "candidacy_status_hugo": "concorreu",
        "cargo_diferente_hugo": false,
        "votos_felipe_inicio": null,
        "votos_felipe_fim": null,
        "delta_felipe": null,
        "pct_delta_felipe": null,
        "candidacy_status_felipe": "nao_concorreu_inicio",
        "cargo_diferente_felipe": null,
        "votos_psd_inicio": 0,
        "votos_psd_fim": 1786,
        "delta_psd": 1786,
        "pct_delta_psd": null,
        "candidacy_status_psd": "concorreu",
        "cargo_diferente_psd": false,
        "map_delta": 15,
        "map_abs_delta": 15
      },
      "geometry": {
        "type": "Point",
        "coordinates": [
          -43.1165611,
          -22.8935707
        ]
      }
    },
    {
      "type": "Feature",
      "properties": {
        "pair": "2014-2018",
        "ano_inicio": 2014,
        "ano_fim": 2018,
        "nr_local": "1686",
        "nm_local": "COLÉGIO DA POLÍCIA MILITAR",
        "bairro": "FONSECA",
        "local_status": "end_only",
        "secoes_inicio": 0,
        "secoes_fim": 21,
        "secoes_comuns": 0,
        "secoes_adicionadas": 21,
        "secoes_removidas": 0,
        "secoes_movidas_in": 0,
        "secoes_movidas_out": 0,
        "secao_churn": 1,
        "tipo_inicio": "Geral",
        "tipo_fim": "Geral",
        "tipo_par": "Geral -> Geral",
        "votos_hugo_inicio": 0,
        "votos_hugo_fim": 15,
        "delta_hugo": 15,
        "pct_delta_hugo": null,
        "candidacy_status_hugo": "concorreu",
        "cargo_diferente_hugo": false,
        "votos_felipe_inicio": null,
        "votos_felipe_fim": null,
        "delta_felipe": null,
        "pct_delta_felipe": null,
        "candidacy_status_felipe": "nao_concorreu_inicio",
        "cargo_diferente_felipe": null,
        "votos_psd_inicio": 0,
        "votos_psd_fim": 1231,
        "delta_psd": 1231,
        "pct_delta_psd": null,
        "candidacy_status_psd": "concorreu",
        "cargo_diferente_psd": false,
        "map_delta": 15,
        "map_abs_delta": 15
      },
      "geometry": {
        "type": "Point",
        "coordinates": [
          -43.0820149,
          -22.8818063
        ]
      }
    },
    {
      "type": "Feature",
      "properties": {
        "pair": "2014-2018",
        "ano_inicio": 2014,
        "ano_fim": 2018,
        "nr_local": "1694",
        "nm_local": "RIO CRICKET",
        "bairro": "INGÁ",
        "local_status": "end_only",
        "secoes_inicio": 0,
        "secoes_fim": 9,
        "secoes_comuns": 0,
        "secoes_adicionadas": 9,
        "secoes_removidas": 0,
        "secoes_movidas_in": 0,
        "secoes_movidas_out": 0,
        "secao_churn": 1,
        "tipo_inicio": "Geral",
        "tipo_fim": "Geral",
        "tipo_par": "Geral -> Geral",
        "votos_hugo_inicio": 0,
        "votos_hugo_fim": 11,
        "delta_hugo": 11,
        "pct_delta_hugo": null,
        "candidacy_status_hugo": "concorreu",
        "cargo_diferente_hugo": false,
        "votos_felipe_inicio": null,
        "votos_felipe_fim": null,
        "delta_felipe": null,
        "pct_delta_felipe": null,
        "candidacy_status_felipe": "nao_concorreu_inicio",
        "cargo_diferente_felipe": null,
        "votos_psd_inicio": 0,
        "votos_psd_fim": 672,
        "delta_psd": 672,
        "pct_delta_psd": null,
        "candidacy_status_psd": "concorreu",
        "cargo_diferente_psd": false,
        "map_delta": 11,
        "map_abs_delta": 11
      },
      "geometry": {
        "type": "Point",
        "coordinates": [
          -43.1133665,
          -22.8997052
        ]
      }
    },
    {
      "type": "Feature",
      "properties": {
        "pair": "2014-2018",
        "ano_inicio": 2014,
        "ano_fim": 2018,
        "nr_local": "1708",
        "nm_local": "ESCOLA MUNICIPAL JÚLIA CORTINES",
        "bairro": "ICARAÍ",
        "local_status": "end_only",
        "secoes_inicio": 0,
        "secoes_fim": 21,
        "secoes_comuns": 0,
        "secoes_adicionadas": 21,
        "secoes_removidas": 0,
        "secoes_movidas_in": 0,
        "secoes_movidas_out": 0,
        "secao_churn": 1,
        "tipo_inicio": "Geral",
        "tipo_fim": "Geral",
        "tipo_par": "Geral -> Geral",
        "votos_hugo_inicio": 0,
        "votos_hugo_fim": 14,
        "delta_hugo": 14,
        "pct_delta_hugo": null,
        "candidacy_status_hugo": "concorreu",
        "cargo_diferente_hugo": false,
        "votos_felipe_inicio": null,
        "votos_felipe_fim": null,
        "delta_felipe": null,
        "pct_delta_felipe": null,
        "candidacy_status_felipe": "nao_concorreu_inicio",
        "cargo_diferente_felipe": null,
        "votos_psd_inicio": 0,
        "votos_psd_fim": 600,
        "delta_psd": 600,
        "pct_delta_psd": null,
        "candidacy_status_psd": "concorreu",
        "cargo_diferente_psd": false,
        "map_delta": 14,
        "map_abs_delta": 14
      },
      "geometry": {
        "type": "Point",
        "coordinates": [
          -43.1086717,
          -22.9043592
        ]
      }
    },
    {
      "type": "Feature",
      "properties": {
        "pair": "2014-2018",
        "ano_inicio": 2014,
        "ano_fim": 2018,
        "nr_local": "1716",
        "nm_local": "ESCOLA VIVINFÂNCIA",
        "bairro": "ICARAÍ",
        "local_status": "both",
        "secoes_inicio": 6,
        "secoes_fim": 4,
        "secoes_comuns": 0,
        "secoes_adicionadas": 4,
        "secoes_removidas": 6,
        "secoes_movidas_in": 0,
        "secoes_movidas_out": 0,
        "secao_churn": 1.6667,
        "tipo_inicio": "Geral",
        "tipo_fim": "Geral",
        "tipo_par": "Geral -> Geral",
        "votos_hugo_inicio": 13,
        "votos_hugo_fim": 3,
        "delta_hugo": -10,
        "pct_delta_hugo": -76.92,
        "candidacy_status_hugo": "concorreu",
        "cargo_diferente_hugo": false,
        "votos_felipe_inicio": null,
        "votos_felipe_fim": null,
        "delta_felipe": null,
        "pct_delta_felipe": null,
        "candidacy_status_felipe": "nao_concorreu_inicio",
        "cargo_diferente_felipe": null,
        "votos_psd_inicio": 172,
        "votos_psd_fim": 237,
        "delta_psd": 65,
        "pct_delta_psd": 37.79,
        "candidacy_status_psd": "concorreu",
        "cargo_diferente_psd": false,
        "map_delta": -10,
        "map_abs_delta": 10
      },
      "geometry": {
        "type": "Point",
        "coordinates": [
          -43.1056898,
          -22.9079727
        ]
      }
    },
    {
      "type": "Feature",
      "properties": {
        "pair": "2014-2018",
        "ano_inicio": 2014,
        "ano_fim": 2018,
        "nr_local": "1724",
        "nm_local": "AABB",
        "bairro": "SÃO FRANCISCO",
        "local_status": "end_only",
        "secoes_inicio": 0,
        "secoes_fim": 8,
        "secoes_comuns": 0,
        "secoes_adicionadas": 8,
        "secoes_removidas": 0,
        "secoes_movidas_in": 0,
        "secoes_movidas_out": 0,
        "secao_churn": 1,
        "tipo_inicio": "Geral",
        "tipo_fim": "Geral",
        "tipo_par": "Geral -> Geral",
        "votos_hugo_inicio": 0,
        "votos_hugo_fim": 1,
        "delta_hugo": 1,
        "pct_delta_hugo": null,
        "candidacy_status_hugo": "concorreu",
        "cargo_diferente_hugo": false,
        "votos_felipe_inicio": null,
        "votos_felipe_fim": null,
        "delta_felipe": null,
        "pct_delta_felipe": null,
        "candidacy_status_felipe": "nao_concorreu_inicio",
        "cargo_diferente_felipe": null,
        "votos_psd_inicio": 0,
        "votos_psd_fim": 696,
        "delta_psd": 696,
        "pct_delta_psd": null,
        "candidacy_status_psd": "concorreu",
        "cargo_diferente_psd": false,
        "map_delta": 1,
        "map_abs_delta": 1
      },
      "geometry": {
        "type": "Point",
        "coordinates": [
          -43.0826083,
          -22.9172823
        ]
      }
    },
    {
      "type": "Feature",
      "properties": {
        "pair": "2014-2018",
        "ano_inicio": 2014,
        "ano_fim": 2018,
        "nr_local": "1732",
        "nm_local": "CLUBE NAVAL",
        "bairro": "JURUJUBA",
        "local_status": "both",
        "secoes_inicio": 3,
        "secoes_fim": 20,
        "secoes_comuns": 0,
        "secoes_adicionadas": 20,
        "secoes_removidas": 3,
        "secoes_movidas_in": 0,
        "secoes_movidas_out": 0,
        "secao_churn": 1.15,
        "tipo_inicio": "Geral",
        "tipo_fim": "Geral",
        "tipo_par": "Geral -> Geral",
        "votos_hugo_inicio": 4,
        "votos_hugo_fim": 7,
        "delta_hugo": 3,
        "pct_delta_hugo": 75,
        "candidacy_status_hugo": "concorreu",
        "cargo_diferente_hugo": false,
        "votos_felipe_inicio": null,
        "votos_felipe_fim": null,
        "delta_felipe": null,
        "pct_delta_felipe": null,
        "candidacy_status_felipe": "nao_concorreu_inicio",
        "cargo_diferente_felipe": null,
        "votos_psd_inicio": 70,
        "votos_psd_fim": 2573,
        "delta_psd": 2503,
        "pct_delta_psd": 3575.71,
        "candidacy_status_psd": "concorreu",
        "cargo_diferente_psd": false,
        "map_delta": 3,
        "map_abs_delta": 3
      },
      "geometry": {
        "type": "Point",
        "coordinates": [
          -43.1068139,
          -22.935737
        ]
      }
    },
    {
      "type": "Feature",
      "properties": {
        "pair": "2014-2018",
        "ano_inicio": 2014,
        "ano_fim": 2018,
        "nr_local": "1740",
        "nm_local": "ESCOLA MUNICIPAL PROFESSORA ELVIRA LÚCIA ESTEVES DE VASCONCELOS",
        "bairro": "ICARAÍ",
        "local_status": "end_only",
        "secoes_inicio": 0,
        "secoes_fim": 9,
        "secoes_comuns": 0,
        "secoes_adicionadas": 9,
        "secoes_removidas": 0,
        "secoes_movidas_in": 0,
        "secoes_movidas_out": 0,
        "secao_churn": 1,
        "tipo_inicio": "Geral",
        "tipo_fim": "Geral",
        "tipo_par": "Geral -> Geral",
        "votos_hugo_inicio": 0,
        "votos_hugo_fim": 7,
        "delta_hugo": 7,
        "pct_delta_hugo": null,
        "candidacy_status_hugo": "concorreu",
        "cargo_diferente_hugo": false,
        "votos_felipe_inicio": null,
        "votos_felipe_fim": null,
        "delta_felipe": null,
        "pct_delta_felipe": null,
        "candidacy_status_felipe": "nao_concorreu_inicio",
        "cargo_diferente_felipe": null,
        "votos_psd_inicio": 0,
        "votos_psd_fim": 622,
        "delta_psd": 622,
        "pct_delta_psd": null,
        "candidacy_status_psd": "concorreu",
        "cargo_diferente_psd": false,
        "map_delta": 7,
        "map_abs_delta": 7
      },
      "geometry": {
        "type": "Point",
        "coordinates": [
          -43.1073245,
          -22.9111671
        ]
      }
    },
    {
      "type": "Feature",
      "properties": {
        "pair": "2014-2018",
        "ano_inicio": 2014,
        "ano_fim": 2018,
        "nr_local": "1759",
        "nm_local": "COLÉGIO MV1",
        "bairro": "ICARAÍ",
        "local_status": "end_only",
        "secoes_inicio": 0,
        "secoes_fim": 18,
        "secoes_comuns": 0,
        "secoes_adicionadas": 18,
        "secoes_removidas": 0,
        "secoes_movidas_in": 0,
        "secoes_movidas_out": 0,
        "secao_churn": 1,
        "tipo_inicio": "Geral",
        "tipo_fim": "Geral",
        "tipo_par": "Geral -> Geral",
        "votos_hugo_inicio": 0,
        "votos_hugo_fim": 10,
        "delta_hugo": 10,
        "pct_delta_hugo": null,
        "candidacy_status_hugo": "concorreu",
        "cargo_diferente_hugo": false,
        "votos_felipe_inicio": null,
        "votos_felipe_fim": null,
        "delta_felipe": null,
        "pct_delta_felipe": null,
        "candidacy_status_felipe": "nao_concorreu_inicio",
        "cargo_diferente_felipe": null,
        "votos_psd_inicio": 0,
        "votos_psd_fim": 1071,
        "delta_psd": 1071,
        "pct_delta_psd": null,
        "candidacy_status_psd": "concorreu",
        "cargo_diferente_psd": false,
        "map_delta": 10,
        "map_abs_delta": 10
      },
      "geometry": {
        "type": "Point",
        "coordinates": [
          -43.1058651,
          -22.9079111
        ]
      }
    },
    {
      "type": "Feature",
      "properties": {
        "pair": "2014-2018",
        "ano_inicio": 2014,
        "ano_fim": 2018,
        "nr_local": "1767",
        "nm_local": "COLÉGIO ASSUNÇÃO",
        "bairro": "SÃO FRANCISCO",
        "local_status": "end_only",
        "secoes_inicio": 0,
        "secoes_fim": 15,
        "secoes_comuns": 0,
        "secoes_adicionadas": 15,
        "secoes_removidas": 0,
        "secoes_movidas_in": 0,
        "secoes_movidas_out": 0,
        "secao_churn": 1,
        "tipo_inicio": "Geral",
        "tipo_fim": "Geral",
        "tipo_par": "Geral -> Geral",
        "votos_hugo_inicio": 0,
        "votos_hugo_fim": 18,
        "delta_hugo": 18,
        "pct_delta_hugo": null,
        "candidacy_status_hugo": "concorreu",
        "cargo_diferente_hugo": false,
        "votos_felipe_inicio": null,
        "votos_felipe_fim": null,
        "delta_felipe": null,
        "pct_delta_felipe": null,
        "candidacy_status_felipe": "nao_concorreu_inicio",
        "cargo_diferente_felipe": null,
        "votos_psd_inicio": 0,
        "votos_psd_fim": 1026,
        "delta_psd": 1026,
        "pct_delta_psd": null,
        "candidacy_status_psd": "concorreu",
        "cargo_diferente_psd": false,
        "map_delta": 18,
        "map_abs_delta": 18
      },
      "geometry": {
        "type": "Point",
        "coordinates": [
          -43.0926525,
          -22.9208239
        ]
      }
    },
    {
      "type": "Feature",
      "properties": {
        "pair": "2014-2018",
        "ano_inicio": 2014,
        "ano_fim": 2018,
        "nr_local": "1775",
        "nm_local": "ESCOLA ESTADUAL CIZÍNIO SOARES PINTO",
        "bairro": "SÃO FRANCISCO",
        "local_status": "end_only",
        "secoes_inicio": 0,
        "secoes_fim": 7,
        "secoes_comuns": 0,
        "secoes_adicionadas": 7,
        "secoes_removidas": 0,
        "secoes_movidas_in": 0,
        "secoes_movidas_out": 0,
        "secao_churn": 1,
        "tipo_inicio": "Geral",
        "tipo_fim": "Geral",
        "tipo_par": "Geral -> Geral",
        "votos_hugo_inicio": 0,
        "votos_hugo_fim": 4,
        "delta_hugo": 4,
        "pct_delta_hugo": null,
        "candidacy_status_hugo": "concorreu",
        "cargo_diferente_hugo": false,
        "votos_felipe_inicio": null,
        "votos_felipe_fim": null,
        "delta_felipe": null,
        "pct_delta_felipe": null,
        "candidacy_status_felipe": "nao_concorreu_inicio",
        "cargo_diferente_felipe": null,
        "votos_psd_inicio": 0,
        "votos_psd_fim": 735,
        "delta_psd": 735,
        "pct_delta_psd": null,
        "candidacy_status_psd": "concorreu",
        "cargo_diferente_psd": false,
        "map_delta": 4,
        "map_abs_delta": 4
      },
      "geometry": {
        "type": "Point",
        "coordinates": [
          -43.093934,
          -22.9147594
        ]
      }
    },
    {
      "type": "Feature",
      "properties": {
        "pair": "2014-2018",
        "ano_inicio": 2014,
        "ano_fim": 2018,
        "nr_local": "1783",
        "nm_local": "SOCIEDADE BRASILEIRA DE CULTURA INGLESA",
        "bairro": "ICARAÍ",
        "local_status": "end_only",
        "secoes_inicio": 0,
        "secoes_fim": 4,
        "secoes_comuns": 0,
        "secoes_adicionadas": 4,
        "secoes_removidas": 0,
        "secoes_movidas_in": 0,
        "secoes_movidas_out": 0,
        "secao_churn": 1,
        "tipo_inicio": "Geral",
        "tipo_fim": "Geral",
        "tipo_par": "Geral -> Geral",
        "votos_hugo_inicio": 0,
        "votos_hugo_fim": 2,
        "delta_hugo": 2,
        "pct_delta_hugo": null,
        "candidacy_status_hugo": "concorreu",
        "cargo_diferente_hugo": false,
        "votos_felipe_inicio": null,
        "votos_felipe_fim": null,
        "delta_felipe": null,
        "pct_delta_felipe": null,
        "candidacy_status_felipe": "nao_concorreu_inicio",
        "cargo_diferente_felipe": null,
        "votos_psd_inicio": 0,
        "votos_psd_fim": 188,
        "delta_psd": 188,
        "pct_delta_psd": null,
        "candidacy_status_psd": "concorreu",
        "cargo_diferente_psd": false,
        "map_delta": 2,
        "map_abs_delta": 2
      },
      "geometry": {
        "type": "Point",
        "coordinates": [
          -43.1111859,
          -22.9075527
        ]
      }
    },
    {
      "type": "Feature",
      "properties": {
        "pair": "2016-2020",
        "ano_inicio": 2016,
        "ano_fim": 2020,
        "nr_local": "1015",
        "nm_local": "INSTITUTO JCA",
        "bairro": "SANTA BARBARA",
        "local_status": "both",
        "secoes_inicio": 42,
        "secoes_fim": 27,
        "secoes_comuns": 27,
        "secoes_adicionadas": 0,
        "secoes_removidas": 15,
        "secoes_movidas_in": 0,
        "secoes_movidas_out": 0,
        "secao_churn": 0.3571,
        "tipo_inicio": "Municipal",
        "tipo_fim": "Municipal",
        "tipo_par": "Municipal -> Municipal",
        "votos_hugo_inicio": null,
        "votos_hugo_fim": null,
        "delta_hugo": null,
        "pct_delta_hugo": null,
        "candidacy_status_hugo": "nao_concorreu_fim",
        "cargo_diferente_hugo": null,
        "votos_felipe_inicio": 5748,
        "votos_felipe_fim": 611,
        "delta_felipe": -5137,
        "pct_delta_felipe": -89.37,
        "candidacy_status_felipe": "concorreu",
        "cargo_diferente_felipe": false,
        "votos_psd_inicio": 65,
        "votos_psd_fim": 822,
        "delta_psd": 757,
        "pct_delta_psd": 1164.62,
        "candidacy_status_psd": "concorreu",
        "cargo_diferente_psd": false,
        "map_delta": null,
        "map_abs_delta": null
      },
      "geometry": {
        "type": "Point",
        "coordinates": [
          -43.0585179,
          -22.882301
        ]
      }
    },
    {
      "type": "Feature",
      "properties": {
        "pair": "2016-2020",
        "ano_inicio": 2016,
        "ano_fim": 2020,
        "nr_local": "1023",
        "nm_local": "PAROQUIA DE SAO JOAO BATISTA",
        "bairro": "TENENTE JARDIM",
        "local_status": "both",
        "secoes_inicio": 14,
        "secoes_fim": 8,
        "secoes_comuns": 8,
        "secoes_adicionadas": 0,
        "secoes_removidas": 6,
        "secoes_movidas_in": 0,
        "secoes_movidas_out": 0,
        "secao_churn": 0.4286,
        "tipo_inicio": "Municipal",
        "tipo_fim": "Municipal",
        "tipo_par": "Municipal -> Municipal",
        "votos_hugo_inicio": null,
        "votos_hugo_fim": null,
        "delta_hugo": null,
        "pct_delta_hugo": null,
        "candidacy_status_hugo": "nao_concorreu_fim",
        "cargo_diferente_hugo": null,
        "votos_felipe_inicio": 1618,
        "votos_felipe_fim": 129,
        "delta_felipe": -1489,
        "pct_delta_felipe": -92.03,
        "candidacy_status_felipe": "concorreu",
        "cargo_diferente_felipe": false,
        "votos_psd_inicio": 47,
        "votos_psd_fim": 206,
        "delta_psd": 159,
        "pct_delta_psd": 338.3,
        "candidacy_status_psd": "concorreu",
        "cargo_diferente_psd": false,
        "map_delta": null,
        "map_abs_delta": null
      },
      "geometry": {
        "type": "Point",
        "coordinates": [
          -43.0827273,
          -22.8639855
        ]
      }
    },
    {
      "type": "Feature",
      "properties": {
        "pair": "2016-2020",
        "ano_inicio": 2016,
        "ano_fim": 2020,
        "nr_local": "1031",
        "nm_local": "(PRÉDIO NOVO) COLÉGIO PEDRO II UNIDADE NITERÓI",
        "bairro": "BARRETO",
        "local_status": "both",
        "secoes_inicio": 41,
        "secoes_fim": 30,
        "secoes_comuns": 22,
        "secoes_adicionadas": 8,
        "secoes_removidas": 19,
        "secoes_movidas_in": 8,
        "secoes_movidas_out": 0,
        "secao_churn": 0.6585,
        "tipo_inicio": "Municipal",
        "tipo_fim": "Municipal",
        "tipo_par": "Municipal -> Municipal",
        "votos_hugo_inicio": null,
        "votos_hugo_fim": null,
        "delta_hugo": null,
        "pct_delta_hugo": null,
        "candidacy_status_hugo": "nao_concorreu_fim",
        "cargo_diferente_hugo": null,
        "votos_felipe_inicio": 4093,
        "votos_felipe_fim": 483,
        "delta_felipe": -3610,
        "pct_delta_felipe": -88.2,
        "candidacy_status_felipe": "concorreu",
        "cargo_diferente_felipe": false,
        "votos_psd_inicio": 64,
        "votos_psd_fim": 673,
        "delta_psd": 609,
        "pct_delta_psd": 951.56,
        "candidacy_status_psd": "concorreu",
        "cargo_diferente_psd": false,
        "map_delta": null,
        "map_abs_delta": null
      },
      "geometry": {
        "type": "Point",
        "coordinates": [
          -43.1037833,
          -22.8685685
        ]
      }
    },
    {
      "type": "Feature",
      "properties": {
        "pair": "2016-2020",
        "ano_inicio": 2016,
        "ano_fim": 2020,
        "nr_local": "1040",
        "nm_local": "CIEP 447 - CARAMUJO",
        "bairro": "CARAMUJO",
        "local_status": "both",
        "secoes_inicio": 20,
        "secoes_fim": 8,
        "secoes_comuns": 8,
        "secoes_adicionadas": 0,
        "secoes_removidas": 12,
        "secoes_movidas_in": 0,
        "secoes_movidas_out": 0,
        "secao_churn": 0.6,
        "tipo_inicio": "Municipal",
        "tipo_fim": "Municipal",
        "tipo_par": "Municipal -> Municipal",
        "votos_hugo_inicio": null,
        "votos_hugo_fim": null,
        "delta_hugo": null,
        "pct_delta_hugo": null,
        "candidacy_status_hugo": "nao_concorreu_fim",
        "cargo_diferente_hugo": null,
        "votos_felipe_inicio": 2124,
        "votos_felipe_fim": 131,
        "delta_felipe": -1993,
        "pct_delta_felipe": -93.83,
        "candidacy_status_felipe": "concorreu",
        "cargo_diferente_felipe": false,
        "votos_psd_inicio": 31,
        "votos_psd_fim": 167,
        "delta_psd": 136,
        "pct_delta_psd": 438.71,
        "candidacy_status_psd": "concorreu",
        "cargo_diferente_psd": false,
        "map_delta": null,
        "map_abs_delta": null
      },
      "geometry": {
        "type": "Point",
        "coordinates": [
          -43.065134,
          -22.8827294
        ]
      }
    },
    {
      "type": "Feature",
      "properties": {
        "pair": "2016-2020",
        "ano_inicio": 2016,
        "ano_fim": 2020,
        "nr_local": "1058",
        "nm_local": "INSTITUTO SÃO BENTO DE NITEROI",
        "bairro": null,
        "local_status": "start_only",
        "secoes_inicio": 29,
        "secoes_fim": 0,
        "secoes_comuns": 0,
        "secoes_adicionadas": 0,
        "secoes_removidas": 29,
        "secoes_movidas_in": 0,
        "secoes_movidas_out": 0,
        "secao_churn": 1,
        "tipo_inicio": "Municipal",
        "tipo_fim": "Municipal",
        "tipo_par": "Municipal -> Municipal",
        "votos_hugo_inicio": null,
        "votos_hugo_fim": null,
        "delta_hugo": null,
        "pct_delta_hugo": null,
        "candidacy_status_hugo": "nao_concorreu_fim",
        "cargo_diferente_hugo": null,
        "votos_felipe_inicio": 4230,
        "votos_felipe_fim": 0,
        "delta_felipe": -4230,
        "pct_delta_felipe": -100,
        "candidacy_status_felipe": "concorreu",
        "cargo_diferente_felipe": false,
        "votos_psd_inicio": 45,
        "votos_psd_fim": 0,
        "delta_psd": -45,
        "pct_delta_psd": -100,
        "candidacy_status_psd": "concorreu",
        "cargo_diferente_psd": false,
        "map_delta": null,
        "map_abs_delta": null
      },
      "geometry": {
        "type": "Point",
        "coordinates": [
          -43.0985232,
          -22.8970069
        ]
      }
    },
    {
      "type": "Feature",
      "properties": {
        "pair": "2016-2020",
        "ano_inicio": 2016,
        "ano_fim": 2020,
        "nr_local": "1066",
        "nm_local": "ITACOATIARA PAMPO CLUBE",
        "bairro": "ITACOATIARA",
        "local_status": "both",
        "secoes_inicio": 7,
        "secoes_fim": 7,
        "secoes_comuns": 7,
        "secoes_adicionadas": 0,
        "secoes_removidas": 0,
        "secoes_movidas_in": 0,
        "secoes_movidas_out": 0,
        "secao_churn": 0,
        "tipo_inicio": "Municipal",
        "tipo_fim": "Municipal",
        "tipo_par": "Municipal -> Municipal",
        "votos_hugo_inicio": null,
        "votos_hugo_fim": null,
        "delta_hugo": null,
        "pct_delta_hugo": null,
        "candidacy_status_hugo": "nao_concorreu_fim",
        "cargo_diferente_hugo": null,
        "votos_felipe_inicio": 1370,
        "votos_felipe_fim": 178,
        "delta_felipe": -1192,
        "pct_delta_felipe": -87.01,
        "candidacy_status_felipe": "concorreu",
        "cargo_diferente_felipe": false,
        "votos_psd_inicio": 32,
        "votos_psd_fim": 256,
        "delta_psd": 224,
        "pct_delta_psd": 700,
        "candidacy_status_psd": "concorreu",
        "cargo_diferente_psd": false,
        "map_delta": null,
        "map_abs_delta": null
      },
      "geometry": {
        "type": "Point",
        "coordinates": [
          -43.0332117,
          -22.9646939
        ]
      }
    },
    {
      "type": "Feature",
      "properties": {
        "pair": "2016-2020",
        "ano_inicio": 2016,
        "ano_fim": 2020,
        "nr_local": "1074",
        "nm_local": "COLEGIO ESTADUAL PAULO ASSIS RIBEIRO",
        "bairro": "BADU",
        "local_status": "both",
        "secoes_inicio": 44,
        "secoes_fim": 27,
        "secoes_comuns": 27,
        "secoes_adicionadas": 0,
        "secoes_removidas": 17,
        "secoes_movidas_in": 0,
        "secoes_movidas_out": 0,
        "secao_churn": 0.3864,
        "tipo_inicio": "Municipal",
        "tipo_fim": "Municipal",
        "tipo_par": "Municipal -> Municipal",
        "votos_hugo_inicio": null,
        "votos_hugo_fim": null,
        "delta_hugo": null,
        "pct_delta_hugo": null,
        "candidacy_status_hugo": "nao_concorreu_fim",
        "cargo_diferente_hugo": null,
        "votos_felipe_inicio": 7143,
        "votos_felipe_fim": 531,
        "delta_felipe": -6612,
        "pct_delta_felipe": -92.57,
        "candidacy_status_felipe": "concorreu",
        "cargo_diferente_felipe": false,
        "votos_psd_inicio": 81,
        "votos_psd_fim": 905,
        "delta_psd": 824,
        "pct_delta_psd": 1017.28,
        "candidacy_status_psd": "concorreu",
        "cargo_diferente_psd": false,
        "map_delta": null,
        "map_abs_delta": null
      },
      "geometry": {
        "type": "Point",
        "coordinates": [
          -43.0573891,
          -22.9068537
        ]
      }
    },
    {
      "type": "Feature",
      "properties": {
        "pair": "2016-2020",
        "ano_inicio": 2016,
        "ano_fim": 2020,
        "nr_local": "1082",
        "nm_local": "UMEI DR PAULO CESAR DE ALMEIDA PIMENTEL",
        "bairro": "ITAIPU",
        "local_status": "both",
        "secoes_inicio": 61,
        "secoes_fim": 6,
        "secoes_comuns": 6,
        "secoes_adicionadas": 0,
        "secoes_removidas": 55,
        "secoes_movidas_in": 0,
        "secoes_movidas_out": 2,
        "secao_churn": 0.9016,
        "tipo_inicio": "Municipal",
        "tipo_fim": "Municipal",
        "tipo_par": "Municipal -> Municipal",
        "votos_hugo_inicio": null,
        "votos_hugo_fim": null,
        "delta_hugo": null,
        "pct_delta_hugo": null,
        "candidacy_status_hugo": "nao_concorreu_fim",
        "cargo_diferente_hugo": null,
        "votos_felipe_inicio": 6864,
        "votos_felipe_fim": 165,
        "delta_felipe": -6699,
        "pct_delta_felipe": -97.6,
        "candidacy_status_felipe": "concorreu",
        "cargo_diferente_felipe": false,
        "votos_psd_inicio": 92,
        "votos_psd_fim": 242,
        "delta_psd": 150,
        "pct_delta_psd": 163.04,
        "candidacy_status_psd": "concorreu",
        "cargo_diferente_psd": false,
        "map_delta": null,
        "map_abs_delta": null
      },
      "geometry": {
        "type": "Point",
        "coordinates": [
          -43.0327165,
          -22.9614459
        ]
      }
    },
    {
      "type": "Feature",
      "properties": {
        "pair": "2016-2020",
        "ano_inicio": 2016,
        "ano_fim": 2020,
        "nr_local": "1090",
        "nm_local": "COLÉGIO ESTADUAL PROFESSORA ALCINA RODRIGUES LIMA",
        "bairro": "ITAIPU",
        "local_status": "both",
        "secoes_inicio": 54,
        "secoes_fim": 15,
        "secoes_comuns": 12,
        "secoes_adicionadas": 3,
        "secoes_removidas": 42,
        "secoes_movidas_in": 2,
        "secoes_movidas_out": 0,
        "secao_churn": 0.8333,
        "tipo_inicio": "Municipal",
        "tipo_fim": "Municipal",
        "tipo_par": "Municipal -> Municipal",
        "votos_hugo_inicio": null,
        "votos_hugo_fim": null,
        "delta_hugo": null,
        "pct_delta_hugo": null,
        "candidacy_status_hugo": "nao_concorreu_fim",
        "cargo_diferente_hugo": null,
        "votos_felipe_inicio": 6979,
        "votos_felipe_fim": 296,
        "delta_felipe": -6683,
        "pct_delta_felipe": -95.76,
        "candidacy_status_felipe": "concorreu",
        "cargo_diferente_felipe": false,
        "votos_psd_inicio": 109,
        "votos_psd_fim": 440,
        "delta_psd": 331,
        "pct_delta_psd": 303.67,
        "candidacy_status_psd": "concorreu",
        "cargo_diferente_psd": false,
        "map_delta": null,
        "map_abs_delta": null
      },
      "geometry": {
        "type": "Point",
        "coordinates": [
          -43.0285072,
          -22.9528491
        ]
      }
    },
    {
      "type": "Feature",
      "properties": {
        "pair": "2016-2020",
        "ano_inicio": 2016,
        "ano_fim": 2020,
        "nr_local": "1104",
        "nm_local": "ESCOLA MUNICIPAL ALTIVO CESAR",
        "bairro": "BARRETO",
        "local_status": "both",
        "secoes_inicio": 24,
        "secoes_fim": 23,
        "secoes_comuns": 22,
        "secoes_adicionadas": 1,
        "secoes_removidas": 2,
        "secoes_movidas_in": 0,
        "secoes_movidas_out": 0,
        "secao_churn": 0.125,
        "tipo_inicio": "Municipal",
        "tipo_fim": "Municipal",
        "tipo_par": "Municipal -> Municipal",
        "votos_hugo_inicio": null,
        "votos_hugo_fim": null,
        "delta_hugo": null,
        "pct_delta_hugo": null,
        "candidacy_status_hugo": "nao_concorreu_fim",
        "cargo_diferente_hugo": null,
        "votos_felipe_inicio": 3450,
        "votos_felipe_fim": 448,
        "delta_felipe": -3002,
        "pct_delta_felipe": -87.01,
        "candidacy_status_felipe": "concorreu",
        "cargo_diferente_felipe": false,
        "votos_psd_inicio": 48,
        "votos_psd_fim": 640,
        "delta_psd": 592,
        "pct_delta_psd": 1233.33,
        "candidacy_status_psd": "concorreu",
        "cargo_diferente_psd": false,
        "map_delta": null,
        "map_abs_delta": null
      },
      "geometry": {
        "type": "Point",
        "coordinates": [
          -43.0995714,
          -22.8645343
        ]
      }
    },
    {
      "type": "Feature",
      "properties": {
        "pair": "2016-2020",
        "ano_inicio": 2016,
        "ano_fim": 2020,
        "nr_local": "1112",
        "nm_local": "COLÉGIO SALESIANO REGIÃO OCEÂNICA",
        "bairro": "PIRATININGA",
        "local_status": "both",
        "secoes_inicio": 57,
        "secoes_fim": 38,
        "secoes_comuns": 36,
        "secoes_adicionadas": 2,
        "secoes_removidas": 21,
        "secoes_movidas_in": 0,
        "secoes_movidas_out": 0,
        "secao_churn": 0.4035,
        "tipo_inicio": "Municipal",
        "tipo_fim": "Municipal",
        "tipo_par": "Municipal -> Municipal",
        "votos_hugo_inicio": null,
        "votos_hugo_fim": null,
        "delta_hugo": null,
        "pct_delta_hugo": null,
        "candidacy_status_hugo": "nao_concorreu_fim",
        "cargo_diferente_hugo": null,
        "votos_felipe_inicio": 7895,
        "votos_felipe_fim": 748,
        "delta_felipe": -7147,
        "pct_delta_felipe": -90.53,
        "candidacy_status_felipe": "concorreu",
        "cargo_diferente_felipe": false,
        "votos_psd_inicio": 125,
        "votos_psd_fim": 1287,
        "delta_psd": 1162,
        "pct_delta_psd": 929.6,
        "candidacy_status_psd": "concorreu",
        "cargo_diferente_psd": false,
        "map_delta": null,
        "map_abs_delta": null
      },
      "geometry": {
        "type": "Point",
        "coordinates": [
          -43.0618731,
          -22.9393022
        ]
      }
    },
    {
      "type": "Feature",
      "properties": {
        "pair": "2016-2020",
        "ano_inicio": 2016,
        "ano_fim": 2020,
        "nr_local": "1120",
        "nm_local": "COLÉGIO ESTADUAL ALMIRANTE TAMANDARÉ",
        "bairro": "PIRATININGA",
        "local_status": "both",
        "secoes_inicio": 43,
        "secoes_fim": 10,
        "secoes_comuns": 10,
        "secoes_adicionadas": 0,
        "secoes_removidas": 33,
        "secoes_movidas_in": 0,
        "secoes_movidas_out": 0,
        "secao_churn": 0.7674,
        "tipo_inicio": "Municipal",
        "tipo_fim": "Municipal",
        "tipo_par": "Municipal -> Municipal",
        "votos_hugo_inicio": null,
        "votos_hugo_fim": null,
        "delta_hugo": null,
        "pct_delta_hugo": null,
        "candidacy_status_hugo": "nao_concorreu_fim",
        "cargo_diferente_hugo": null,
        "votos_felipe_inicio": 6210,
        "votos_felipe_fim": 185,
        "delta_felipe": -6025,
        "pct_delta_felipe": -97.02,
        "candidacy_status_felipe": "concorreu",
        "cargo_diferente_felipe": false,
        "votos_psd_inicio": 128,
        "votos_psd_fim": 293,
        "delta_psd": 165,
        "pct_delta_psd": 128.91,
        "candidacy_status_psd": "concorreu",
        "cargo_diferente_psd": false,
        "map_delta": null,
        "map_abs_delta": null
      },
      "geometry": {
        "type": "Point",
        "coordinates": [
          -43.0916732,
          -22.9512083
        ]
      }
    },
    {
      "type": "Feature",
      "properties": {
        "pair": "2016-2020",
        "ano_inicio": 2016,
        "ano_fim": 2020,
        "nr_local": "1139",
        "nm_local": "ESCOLA MUNICIPAL FRANCISCO PORTUGAL NEVES",
        "bairro": "PIRATININGA",
        "local_status": "both",
        "secoes_inicio": 31,
        "secoes_fim": 10,
        "secoes_comuns": 10,
        "secoes_adicionadas": 0,
        "secoes_removidas": 21,
        "secoes_movidas_in": 0,
        "secoes_movidas_out": 0,
        "secao_churn": 0.6774,
        "tipo_inicio": "Municipal",
        "tipo_fim": "Municipal",
        "tipo_par": "Municipal -> Municipal",
        "votos_hugo_inicio": null,
        "votos_hugo_fim": null,
        "delta_hugo": null,
        "pct_delta_hugo": null,
        "candidacy_status_hugo": "nao_concorreu_fim",
        "cargo_diferente_hugo": null,
        "votos_felipe_inicio": 3025,
        "votos_felipe_fim": 128,
        "delta_felipe": -2897,
        "pct_delta_felipe": -95.77,
        "candidacy_status_felipe": "concorreu",
        "cargo_diferente_felipe": false,
        "votos_psd_inicio": 45,
        "votos_psd_fim": 203,
        "delta_psd": 158,
        "pct_delta_psd": 351.11,
        "candidacy_status_psd": "concorreu",
        "cargo_diferente_psd": false,
        "map_delta": null,
        "map_abs_delta": null
      },
      "geometry": {
        "type": "Point",
        "coordinates": [
          -43.056665,
          -22.942363
        ]
      }
    },
    {
      "type": "Feature",
      "properties": {
        "pair": "2016-2020",
        "ano_inicio": 2016,
        "ano_fim": 2020,
        "nr_local": "1147",
        "nm_local": "ESCOLA MUNICIPAL VERA LUCIA MACHADO",
        "bairro": "BADU",
        "local_status": "both",
        "secoes_inicio": 23,
        "secoes_fim": 8,
        "secoes_comuns": 8,
        "secoes_adicionadas": 0,
        "secoes_removidas": 15,
        "secoes_movidas_in": 0,
        "secoes_movidas_out": 0,
        "secao_churn": 0.6522,
        "tipo_inicio": "Municipal",
        "tipo_fim": "Municipal",
        "tipo_par": "Municipal -> Municipal",
        "votos_hugo_inicio": null,
        "votos_hugo_fim": null,
        "delta_hugo": null,
        "pct_delta_hugo": null,
        "candidacy_status_hugo": "nao_concorreu_fim",
        "cargo_diferente_hugo": null,
        "votos_felipe_inicio": 2969,
        "votos_felipe_fim": 165,
        "delta_felipe": -2804,
        "pct_delta_felipe": -94.44,
        "candidacy_status_felipe": "concorreu",
        "cargo_diferente_felipe": false,
        "votos_psd_inicio": 38,
        "votos_psd_fim": 295,
        "delta_psd": 257,
        "pct_delta_psd": 676.32,
        "candidacy_status_psd": "concorreu",
        "cargo_diferente_psd": false,
        "map_delta": null,
        "map_abs_delta": null
      },
      "geometry": {
        "type": "Point",
        "coordinates": [
          -43.0500355,
          -22.9045
        ]
      }
    },
    {
      "type": "Feature",
      "properties": {
        "pair": "2016-2020",
        "ano_inicio": 2016,
        "ano_fim": 2020,
        "nr_local": "1155",
        "nm_local": "COLÉGIO ITAPUCA",
        "bairro": "PIRATININGA",
        "local_status": "both",
        "secoes_inicio": 36,
        "secoes_fim": 15,
        "secoes_comuns": 15,
        "secoes_adicionadas": 0,
        "secoes_removidas": 21,
        "secoes_movidas_in": 0,
        "secoes_movidas_out": 0,
        "secao_churn": 0.5833,
        "tipo_inicio": "Municipal",
        "tipo_fim": "Municipal",
        "tipo_par": "Municipal -> Municipal",
        "votos_hugo_inicio": null,
        "votos_hugo_fim": null,
        "delta_hugo": null,
        "pct_delta_hugo": null,
        "candidacy_status_hugo": "nao_concorreu_fim",
        "cargo_diferente_hugo": null,
        "votos_felipe_inicio": 3564,
        "votos_felipe_fim": 276,
        "delta_felipe": -3288,
        "pct_delta_felipe": -92.26,
        "candidacy_status_felipe": "concorreu",
        "cargo_diferente_felipe": false,
        "votos_psd_inicio": 59,
        "votos_psd_fim": 425,
        "delta_psd": 366,
        "pct_delta_psd": 620.34,
        "candidacy_status_psd": "concorreu",
        "cargo_diferente_psd": false,
        "map_delta": null,
        "map_abs_delta": null
      },
      "geometry": {
        "type": "Point",
        "coordinates": [
          -43.0593249,
          -22.9437854
        ]
      }
    },
    {
      "type": "Feature",
      "properties": {
        "pair": "2016-2020",
        "ano_inicio": 2016,
        "ano_fim": 2020,
        "nr_local": "1163",
        "nm_local": "COLÉGIO ESTADUAL CONSELHEIRO MACEDO SOARES",
        "bairro": "BARRETO",
        "local_status": "both",
        "secoes_inicio": 40,
        "secoes_fim": 16,
        "secoes_comuns": 15,
        "secoes_adicionadas": 1,
        "secoes_removidas": 25,
        "secoes_movidas_in": 0,
        "secoes_movidas_out": 0,
        "secao_churn": 0.65,
        "tipo_inicio": "Municipal",
        "tipo_fim": "Municipal",
        "tipo_par": "Municipal -> Municipal",
        "votos_hugo_inicio": null,
        "votos_hugo_fim": null,
        "delta_hugo": null,
        "pct_delta_hugo": null,
        "candidacy_status_hugo": "nao_concorreu_fim",
        "cargo_diferente_hugo": null,
        "votos_felipe_inicio": 4543,
        "votos_felipe_fim": 188,
        "delta_felipe": -4355,
        "pct_delta_felipe": -95.86,
        "candidacy_status_felipe": "concorreu",
        "cargo_diferente_felipe": false,
        "votos_psd_inicio": 43,
        "votos_psd_fim": 249,
        "delta_psd": 206,
        "pct_delta_psd": 479.07,
        "candidacy_status_psd": "concorreu",
        "cargo_diferente_psd": false,
        "map_delta": null,
        "map_abs_delta": null
      },
      "geometry": {
        "type": "Point",
        "coordinates": [
          -43.0924035,
          -22.8622231
        ]
      }
    },
    {
      "type": "Feature",
      "properties": {
        "pair": "2016-2020",
        "ano_inicio": 2016,
        "ano_fim": 2020,
        "nr_local": "1171",
        "nm_local": "ESCOLA MUNICIPAL ANTONIO COUTINHO DE AZEVEDO",
        "bairro": "SANTA BARBARA",
        "local_status": "both",
        "secoes_inicio": 29,
        "secoes_fim": 16,
        "secoes_comuns": 16,
        "secoes_adicionadas": 0,
        "secoes_removidas": 13,
        "secoes_movidas_in": 0,
        "secoes_movidas_out": 0,
        "secao_churn": 0.4483,
        "tipo_inicio": "Municipal",
        "tipo_fim": "Municipal",
        "tipo_par": "Municipal -> Municipal",
        "votos_hugo_inicio": null,
        "votos_hugo_fim": null,
        "delta_hugo": null,
        "pct_delta_hugo": null,
        "candidacy_status_hugo": "nao_concorreu_fim",
        "cargo_diferente_hugo": null,
        "votos_felipe_inicio": 3328,
        "votos_felipe_fim": 265,
        "delta_felipe": -3063,
        "pct_delta_felipe": -92.04,
        "candidacy_status_felipe": "concorreu",
        "cargo_diferente_felipe": false,
        "votos_psd_inicio": 36,
        "votos_psd_fim": 342,
        "delta_psd": 306,
        "pct_delta_psd": 850,
        "candidacy_status_psd": "concorreu",
        "cargo_diferente_psd": false,
        "map_delta": null,
        "map_abs_delta": null
      },
      "geometry": {
        "type": "Point",
        "coordinates": [
          -43.04869,
          -22.8756043
        ]
      }
    },
    {
      "type": "Feature",
      "properties": {
        "pair": "2016-2020",
        "ano_inicio": 2016,
        "ano_fim": 2020,
        "nr_local": "1180",
        "nm_local": "ESCOLA MUNICIPAL RACHIDE DA GLORIA SALIM SAKER",
        "bairro": "SANTA BARBARA",
        "local_status": "both",
        "secoes_inicio": 28,
        "secoes_fim": 8,
        "secoes_comuns": 8,
        "secoes_adicionadas": 0,
        "secoes_removidas": 20,
        "secoes_movidas_in": 0,
        "secoes_movidas_out": 0,
        "secao_churn": 0.7143,
        "tipo_inicio": "Municipal",
        "tipo_fim": "Municipal",
        "tipo_par": "Municipal -> Municipal",
        "votos_hugo_inicio": null,
        "votos_hugo_fim": null,
        "delta_hugo": null,
        "pct_delta_hugo": null,
        "candidacy_status_hugo": "nao_concorreu_fim",
        "cargo_diferente_hugo": null,
        "votos_felipe_inicio": 4360,
        "votos_felipe_fim": 122,
        "delta_felipe": -4238,
        "pct_delta_felipe": -97.2,
        "candidacy_status_felipe": "concorreu",
        "cargo_diferente_felipe": false,
        "votos_psd_inicio": 54,
        "votos_psd_fim": 149,
        "delta_psd": 95,
        "pct_delta_psd": 175.93,
        "candidacy_status_psd": "concorreu",
        "cargo_diferente_psd": false,
        "map_delta": null,
        "map_abs_delta": null
      },
      "geometry": {
        "type": "Point",
        "coordinates": [
          -43.0488967,
          -22.8766134
        ]
      }
    },
    {
      "type": "Feature",
      "properties": {
        "pair": "2016-2020",
        "ano_inicio": 2016,
        "ano_fim": 2020,
        "nr_local": "1198",
        "nm_local": "CIEP 448 RUY FRAZÃO SOARES",
        "bairro": "ITAIPU",
        "local_status": "both",
        "secoes_inicio": 26,
        "secoes_fim": 13,
        "secoes_comuns": 13,
        "secoes_adicionadas": 0,
        "secoes_removidas": 13,
        "secoes_movidas_in": 0,
        "secoes_movidas_out": 0,
        "secao_churn": 0.5,
        "tipo_inicio": "Municipal",
        "tipo_fim": "Municipal",
        "tipo_par": "Municipal -> Municipal",
        "votos_hugo_inicio": null,
        "votos_hugo_fim": null,
        "delta_hugo": null,
        "pct_delta_hugo": null,
        "candidacy_status_hugo": "nao_concorreu_fim",
        "cargo_diferente_hugo": null,
        "votos_felipe_inicio": 3522,
        "votos_felipe_fim": 226,
        "delta_felipe": -3296,
        "pct_delta_felipe": -93.58,
        "candidacy_status_felipe": "concorreu",
        "cargo_diferente_felipe": false,
        "votos_psd_inicio": 145,
        "votos_psd_fim": 284,
        "delta_psd": 139,
        "pct_delta_psd": 95.86,
        "candidacy_status_psd": "concorreu",
        "cargo_diferente_psd": false,
        "map_delta": null,
        "map_abs_delta": null
      },
      "geometry": {
        "type": "Point",
        "coordinates": [
          -43.0092644,
          -22.9356576
        ]
      }
    },
    {
      "type": "Feature",
      "properties": {
        "pair": "2016-2020",
        "ano_inicio": 2016,
        "ano_fim": 2020,
        "nr_local": "1201",
        "nm_local": "OFICINAS DO SENAI",
        "bairro": "BARRETO",
        "local_status": "both",
        "secoes_inicio": 16,
        "secoes_fim": 2,
        "secoes_comuns": 1,
        "secoes_adicionadas": 1,
        "secoes_removidas": 15,
        "secoes_movidas_in": 0,
        "secoes_movidas_out": 0,
        "secao_churn": 1,
        "tipo_inicio": "Municipal",
        "tipo_fim": "Municipal",
        "tipo_par": "Municipal -> Municipal",
        "votos_hugo_inicio": null,
        "votos_hugo_fim": null,
        "delta_hugo": null,
        "pct_delta_hugo": null,
        "candidacy_status_hugo": "nao_concorreu_fim",
        "cargo_diferente_hugo": null,
        "votos_felipe_inicio": 1714,
        "votos_felipe_fim": 38,
        "delta_felipe": -1676,
        "pct_delta_felipe": -97.78,
        "candidacy_status_felipe": "concorreu",
        "cargo_diferente_felipe": false,
        "votos_psd_inicio": 26,
        "votos_psd_fim": 59,
        "delta_psd": 33,
        "pct_delta_psd": 126.92,
        "candidacy_status_psd": "concorreu",
        "cargo_diferente_psd": false,
        "map_delta": null,
        "map_abs_delta": null
      },
      "geometry": {
        "type": "Point",
        "coordinates": [
          -43.1026046,
          -22.8614396
        ]
      }
    },
    {
      "type": "Feature",
      "properties": {
        "pair": "2016-2020",
        "ano_inicio": 2016,
        "ano_fim": 2020,
        "nr_local": "1210",
        "nm_local": "TIO SAM ESPORTE CLUBE",
        "bairro": "BARRETO",
        "local_status": "both",
        "secoes_inicio": 21,
        "secoes_fim": 12,
        "secoes_comuns": 12,
        "secoes_adicionadas": 0,
        "secoes_removidas": 9,
        "secoes_movidas_in": 0,
        "secoes_movidas_out": 0,
        "secao_churn": 0.4286,
        "tipo_inicio": "Municipal",
        "tipo_fim": "Municipal",
        "tipo_par": "Municipal -> Municipal",
        "votos_hugo_inicio": null,
        "votos_hugo_fim": null,
        "delta_hugo": null,
        "pct_delta_hugo": null,
        "candidacy_status_hugo": "nao_concorreu_fim",
        "cargo_diferente_hugo": null,
        "votos_felipe_inicio": 2655,
        "votos_felipe_fim": 140,
        "delta_felipe": -2515,
        "pct_delta_felipe": -94.73,
        "candidacy_status_felipe": "concorreu",
        "cargo_diferente_felipe": false,
        "votos_psd_inicio": 39,
        "votos_psd_fim": 194,
        "delta_psd": 155,
        "pct_delta_psd": 397.44,
        "candidacy_status_psd": "concorreu",
        "cargo_diferente_psd": false,
        "map_delta": null,
        "map_abs_delta": null
      },
      "geometry": {
        "type": "Point",
        "coordinates": [
          -43.104502,
          -22.8719306
        ]
      }
    },
    {
      "type": "Feature",
      "properties": {
        "pair": "2016-2020",
        "ano_inicio": 2016,
        "ano_fim": 2020,
        "nr_local": "1236",
        "nm_local": "COLÉGIO ESTADUAL MULLULO DA VEIGA",
        "bairro": "ENGENHOCA",
        "local_status": "both",
        "secoes_inicio": 42,
        "secoes_fim": 9,
        "secoes_comuns": 9,
        "secoes_adicionadas": 0,
        "secoes_removidas": 33,
        "secoes_movidas_in": 0,
        "secoes_movidas_out": 8,
        "secao_churn": 0.7857,
        "tipo_inicio": "Municipal",
        "tipo_fim": "Municipal",
        "tipo_par": "Municipal -> Municipal",
        "votos_hugo_inicio": null,
        "votos_hugo_fim": null,
        "delta_hugo": null,
        "pct_delta_hugo": null,
        "candidacy_status_hugo": "nao_concorreu_fim",
        "cargo_diferente_hugo": null,
        "votos_felipe_inicio": 3591,
        "votos_felipe_fim": 112,
        "delta_felipe": -3479,
        "pct_delta_felipe": -96.88,
        "candidacy_status_felipe": "concorreu",
        "cargo_diferente_felipe": false,
        "votos_psd_inicio": 55,
        "votos_psd_fim": 143,
        "delta_psd": 88,
        "pct_delta_psd": 160,
        "candidacy_status_psd": "concorreu",
        "cargo_diferente_psd": false,
        "map_delta": null,
        "map_abs_delta": null
      },
      "geometry": {
        "type": "Point",
        "coordinates": [
          -43.0988892,
          -22.8708282
        ]
      }
    },
    {
      "type": "Feature",
      "properties": {
        "pair": "2016-2020",
        "ano_inicio": 2016,
        "ano_fim": 2020,
        "nr_local": "1244",
        "nm_local": "ESCOLA ESTADUAL MANUEL DE ABREU",
        "bairro": "ICARAÍ",
        "local_status": "both",
        "secoes_inicio": 34,
        "secoes_fim": 18,
        "secoes_comuns": 18,
        "secoes_adicionadas": 0,
        "secoes_removidas": 16,
        "secoes_movidas_in": 0,
        "secoes_movidas_out": 0,
        "secao_churn": 0.4706,
        "tipo_inicio": "Municipal",
        "tipo_fim": "Municipal",
        "tipo_par": "Municipal -> Municipal",
        "votos_hugo_inicio": null,
        "votos_hugo_fim": null,
        "delta_hugo": null,
        "pct_delta_hugo": null,
        "candidacy_status_hugo": "nao_concorreu_fim",
        "cargo_diferente_hugo": null,
        "votos_felipe_inicio": 5403,
        "votos_felipe_fim": 297,
        "delta_felipe": -5106,
        "pct_delta_felipe": -94.5,
        "candidacy_status_felipe": "concorreu",
        "cargo_diferente_felipe": false,
        "votos_psd_inicio": 71,
        "votos_psd_fim": 442,
        "delta_psd": 371,
        "pct_delta_psd": 522.54,
        "candidacy_status_psd": "concorreu",
        "cargo_diferente_psd": false,
        "map_delta": null,
        "map_abs_delta": null
      },
      "geometry": {
        "type": "Point",
        "coordinates": [
          -43.1071569,
          -22.9023086
        ]
      }
    },
    {
      "type": "Feature",
      "properties": {
        "pair": "2016-2020",
        "ano_inicio": 2016,
        "ano_fim": 2020,
        "nr_local": "1252",
        "nm_local": "ESCOLA MUNICIPAL ADELINO MAGALHÃES",
        "bairro": "ENGENHOCA",
        "local_status": "both",
        "secoes_inicio": 29,
        "secoes_fim": 17,
        "secoes_comuns": 16,
        "secoes_adicionadas": 1,
        "secoes_removidas": 13,
        "secoes_movidas_in": 0,
        "secoes_movidas_out": 0,
        "secao_churn": 0.4828,
        "tipo_inicio": "Municipal",
        "tipo_fim": "Municipal",
        "tipo_par": "Municipal -> Municipal",
        "votos_hugo_inicio": null,
        "votos_hugo_fim": null,
        "delta_hugo": null,
        "pct_delta_hugo": null,
        "candidacy_status_hugo": "nao_concorreu_fim",
        "cargo_diferente_hugo": null,
        "votos_felipe_inicio": 3627,
        "votos_felipe_fim": 243,
        "delta_felipe": -3384,
        "pct_delta_felipe": -93.3,
        "candidacy_status_felipe": "concorreu",
        "cargo_diferente_felipe": false,
        "votos_psd_inicio": 100,
        "votos_psd_fim": 288,
        "delta_psd": 188,
        "pct_delta_psd": 188,
        "candidacy_status_psd": "concorreu",
        "cargo_diferente_psd": false,
        "map_delta": null,
        "map_abs_delta": null
      },
      "geometry": {
        "type": "Point",
        "coordinates": [
          -43.0944571,
          -22.8739038
        ]
      }
    },
    {
      "type": "Feature",
      "properties": {
        "pair": "2016-2020",
        "ano_inicio": 2016,
        "ano_fim": 2020,
        "nr_local": "1260",
        "nm_local": "INSTITUTO ABEL",
        "bairro": "ICARAÍ",
        "local_status": "both",
        "secoes_inicio": 33,
        "secoes_fim": 28,
        "secoes_comuns": 26,
        "secoes_adicionadas": 2,
        "secoes_removidas": 7,
        "secoes_movidas_in": 0,
        "secoes_movidas_out": 0,
        "secao_churn": 0.2727,
        "tipo_inicio": "Municipal",
        "tipo_fim": "Municipal",
        "tipo_par": "Municipal -> Municipal",
        "votos_hugo_inicio": null,
        "votos_hugo_fim": null,
        "delta_hugo": null,
        "pct_delta_hugo": null,
        "candidacy_status_hugo": "nao_concorreu_fim",
        "cargo_diferente_hugo": null,
        "votos_felipe_inicio": 5578,
        "votos_felipe_fim": 448,
        "delta_felipe": -5130,
        "pct_delta_felipe": -91.97,
        "candidacy_status_felipe": "concorreu",
        "cargo_diferente_felipe": false,
        "votos_psd_inicio": 103,
        "votos_psd_fim": 681,
        "delta_psd": 578,
        "pct_delta_psd": 561.17,
        "candidacy_status_psd": "concorreu",
        "cargo_diferente_psd": false,
        "map_delta": null,
        "map_abs_delta": null
      },
      "geometry": {
        "type": "Point",
        "coordinates": [
          -43.1094942,
          -22.9004168
        ]
      }
    },
    {
      "type": "Feature",
      "properties": {
        "pair": "2016-2020",
        "ano_inicio": 2016,
        "ano_fim": 2020,
        "nr_local": "1279",
        "nm_local": "INSTITUTO FOKUS (ANTIGO INTERAÇÃO CRECHE ESCOLA)",
        "bairro": "CAMBOINHAS",
        "local_status": "both",
        "secoes_inicio": 14,
        "secoes_fim": 4,
        "secoes_comuns": 4,
        "secoes_adicionadas": 0,
        "secoes_removidas": 10,
        "secoes_movidas_in": 0,
        "secoes_movidas_out": 0,
        "secao_churn": 0.7143,
        "tipo_inicio": "Municipal",
        "tipo_fim": "Municipal",
        "tipo_par": "Municipal -> Municipal",
        "votos_hugo_inicio": null,
        "votos_hugo_fim": null,
        "delta_hugo": null,
        "pct_delta_hugo": null,
        "candidacy_status_hugo": "nao_concorreu_fim",
        "cargo_diferente_hugo": null,
        "votos_felipe_inicio": 2239,
        "votos_felipe_fim": 82,
        "delta_felipe": -2157,
        "pct_delta_felipe": -96.34,
        "candidacy_status_felipe": "concorreu",
        "cargo_diferente_felipe": false,
        "votos_psd_inicio": 15,
        "votos_psd_fim": 161,
        "delta_psd": 146,
        "pct_delta_psd": 973.33,
        "candidacy_status_psd": "concorreu",
        "cargo_diferente_psd": false,
        "map_delta": null,
        "map_abs_delta": null
      },
      "geometry": {
        "type": "Point",
        "coordinates": [
          -43.062822,
          -22.9542456
        ]
      }
    },
    {
      "type": "Feature",
      "properties": {
        "pair": "2016-2020",
        "ano_inicio": 2016,
        "ano_fim": 2020,
        "nr_local": "1287",
        "nm_local": "ESCOLA MUNICIPAL PROF MARCOS WALDEMAR DE FREITAS REIS",
        "bairro": "ITAIPU",
        "local_status": "both",
        "secoes_inicio": 4,
        "secoes_fim": 3,
        "secoes_comuns": 3,
        "secoes_adicionadas": 0,
        "secoes_removidas": 1,
        "secoes_movidas_in": 0,
        "secoes_movidas_out": 0,
        "secao_churn": 0.25,
        "tipo_inicio": "Municipal",
        "tipo_fim": "Municipal",
        "tipo_par": "Municipal -> Municipal",
        "votos_hugo_inicio": null,
        "votos_hugo_fim": null,
        "delta_hugo": null,
        "pct_delta_hugo": null,
        "candidacy_status_hugo": "nao_concorreu_fim",
        "cargo_diferente_hugo": null,
        "votos_felipe_inicio": 471,
        "votos_felipe_fim": 72,
        "delta_felipe": -399,
        "pct_delta_felipe": -84.71,
        "candidacy_status_felipe": "concorreu",
        "cargo_diferente_felipe": false,
        "votos_psd_inicio": 13,
        "votos_psd_fim": 109,
        "delta_psd": 96,
        "pct_delta_psd": 738.46,
        "candidacy_status_psd": "concorreu",
        "cargo_diferente_psd": false,
        "map_delta": null,
        "map_abs_delta": null
      },
      "geometry": {
        "type": "Point",
        "coordinates": [
          -43.0330724,
          -22.9615628
        ]
      }
    },
    {
      "type": "Feature",
      "properties": {
        "pair": "2016-2020",
        "ano_inicio": 2016,
        "ano_fim": 2020,
        "nr_local": "1295",
        "nm_local": "UMEI PROFA ODETE ROSA DA MOTA",
        "bairro": "ITAIPU",
        "local_status": "both",
        "secoes_inicio": 28,
        "secoes_fim": 23,
        "secoes_comuns": 21,
        "secoes_adicionadas": 2,
        "secoes_removidas": 7,
        "secoes_movidas_in": 0,
        "secoes_movidas_out": 0,
        "secao_churn": 0.3214,
        "tipo_inicio": "Municipal",
        "tipo_fim": "Municipal",
        "tipo_par": "Municipal -> Municipal",
        "votos_hugo_inicio": null,
        "votos_hugo_fim": null,
        "delta_hugo": null,
        "pct_delta_hugo": null,
        "candidacy_status_hugo": "nao_concorreu_fim",
        "cargo_diferente_hugo": null,
        "votos_felipe_inicio": 4385,
        "votos_felipe_fim": 401,
        "delta_felipe": -3984,
        "pct_delta_felipe": -90.86,
        "candidacy_status_felipe": "concorreu",
        "cargo_diferente_felipe": false,
        "votos_psd_inicio": 72,
        "votos_psd_fim": 590,
        "delta_psd": 518,
        "pct_delta_psd": 719.44,
        "candidacy_status_psd": "concorreu",
        "cargo_diferente_psd": false,
        "map_delta": null,
        "map_abs_delta": null
      },
      "geometry": {
        "type": "Point",
        "coordinates": [
          -43.02859,
          -22.9532368
        ]
      }
    },
    {
      "type": "Feature",
      "properties": {
        "pair": "2016-2020",
        "ano_inicio": 2016,
        "ano_fim": 2020,
        "nr_local": "1309",
        "nm_local": "CURSO MARLY CURY",
        "bairro": "SANTA ROSA",
        "local_status": "both",
        "secoes_inicio": 20,
        "secoes_fim": 11,
        "secoes_comuns": 11,
        "secoes_adicionadas": 0,
        "secoes_removidas": 9,
        "secoes_movidas_in": 0,
        "secoes_movidas_out": 0,
        "secao_churn": 0.45,
        "tipo_inicio": "Municipal",
        "tipo_fim": "Municipal",
        "tipo_par": "Municipal -> Municipal",
        "votos_hugo_inicio": null,
        "votos_hugo_fim": null,
        "delta_hugo": null,
        "pct_delta_hugo": null,
        "candidacy_status_hugo": "nao_concorreu_fim",
        "cargo_diferente_hugo": null,
        "votos_felipe_inicio": 3018,
        "votos_felipe_fim": 181,
        "delta_felipe": -2837,
        "pct_delta_felipe": -94,
        "candidacy_status_felipe": "concorreu",
        "cargo_diferente_felipe": false,
        "votos_psd_inicio": 75,
        "votos_psd_fim": 289,
        "delta_psd": 214,
        "pct_delta_psd": 285.33,
        "candidacy_status_psd": "concorreu",
        "cargo_diferente_psd": false,
        "map_delta": null,
        "map_abs_delta": null
      },
      "geometry": {
        "type": "Point",
        "coordinates": [
          -43.1019227,
          -22.9054777
        ]
      }
    },
    {
      "type": "Feature",
      "properties": {
        "pair": "2016-2020",
        "ano_inicio": 2016,
        "ano_fim": 2020,
        "nr_local": "1317",
        "nm_local": "ESCOLA ESTADUAL BALTAZAR BERNARDINO",
        "bairro": "SANTA ROSA",
        "local_status": "both",
        "secoes_inicio": 22,
        "secoes_fim": 22,
        "secoes_comuns": 20,
        "secoes_adicionadas": 2,
        "secoes_removidas": 2,
        "secoes_movidas_in": 0,
        "secoes_movidas_out": 0,
        "secao_churn": 0.1818,
        "tipo_inicio": "Municipal",
        "tipo_fim": "Municipal",
        "tipo_par": "Municipal -> Municipal",
        "votos_hugo_inicio": null,
        "votos_hugo_fim": null,
        "delta_hugo": null,
        "pct_delta_hugo": null,
        "candidacy_status_hugo": "nao_concorreu_fim",
        "cargo_diferente_hugo": null,
        "votos_felipe_inicio": 3133,
        "votos_felipe_fim": 337,
        "delta_felipe": -2796,
        "pct_delta_felipe": -89.24,
        "candidacy_status_felipe": "concorreu",
        "cargo_diferente_felipe": false,
        "votos_psd_inicio": 58,
        "votos_psd_fim": 508,
        "delta_psd": 450,
        "pct_delta_psd": 775.86,
        "candidacy_status_psd": "concorreu",
        "cargo_diferente_psd": false,
        "map_delta": null,
        "map_abs_delta": null
      },
      "geometry": {
        "type": "Point",
        "coordinates": [
          -43.1012931,
          -22.9032359
        ]
      }
    },
    {
      "type": "Feature",
      "properties": {
        "pair": "2016-2020",
        "ano_inicio": 2016,
        "ano_fim": 2020,
        "nr_local": "1325",
        "nm_local": "ESCOLA MUNICIPAL SÍTIO DO IPÊ",
        "bairro": "MARIA PAULA",
        "local_status": "both",
        "secoes_inicio": 24,
        "secoes_fim": 18,
        "secoes_comuns": 17,
        "secoes_adicionadas": 1,
        "secoes_removidas": 7,
        "secoes_movidas_in": 0,
        "secoes_movidas_out": 0,
        "secao_churn": 0.3333,
        "tipo_inicio": "Municipal",
        "tipo_fim": "Municipal",
        "tipo_par": "Municipal -> Municipal",
        "votos_hugo_inicio": null,
        "votos_hugo_fim": null,
        "delta_hugo": null,
        "pct_delta_hugo": null,
        "candidacy_status_hugo": "nao_concorreu_fim",
        "cargo_diferente_hugo": null,
        "votos_felipe_inicio": 3702,
        "votos_felipe_fim": 450,
        "delta_felipe": -3252,
        "pct_delta_felipe": -87.84,
        "candidacy_status_felipe": "concorreu",
        "cargo_diferente_felipe": false,
        "votos_psd_inicio": 104,
        "votos_psd_fim": 574,
        "delta_psd": 470,
        "pct_delta_psd": 451.92,
        "candidacy_status_psd": "concorreu",
        "cargo_diferente_psd": false,
        "map_delta": null,
        "map_abs_delta": null
      },
      "geometry": {
        "type": "Point",
        "coordinates": [
          -43.0267087,
          -22.8821134
        ]
      }
    },
    {
      "type": "Feature",
      "properties": {
        "pair": "2016-2020",
        "ano_inicio": 2016,
        "ano_fim": 2020,
        "nr_local": "1333",
        "nm_local": "ESCOLA ME NINAR",
        "bairro": "ITAIPU",
        "local_status": "both",
        "secoes_inicio": 26,
        "secoes_fim": 12,
        "secoes_comuns": 11,
        "secoes_adicionadas": 1,
        "secoes_removidas": 15,
        "secoes_movidas_in": 0,
        "secoes_movidas_out": 0,
        "secao_churn": 0.6154,
        "tipo_inicio": "Municipal",
        "tipo_fim": "Municipal",
        "tipo_par": "Municipal -> Municipal",
        "votos_hugo_inicio": null,
        "votos_hugo_fim": null,
        "delta_hugo": null,
        "pct_delta_hugo": null,
        "candidacy_status_hugo": "nao_concorreu_fim",
        "cargo_diferente_hugo": null,
        "votos_felipe_inicio": 2707,
        "votos_felipe_fim": 174,
        "delta_felipe": -2533,
        "pct_delta_felipe": -93.57,
        "candidacy_status_felipe": "concorreu",
        "cargo_diferente_felipe": false,
        "votos_psd_inicio": 28,
        "votos_psd_fim": 260,
        "delta_psd": 232,
        "pct_delta_psd": 828.57,
        "candidacy_status_psd": "concorreu",
        "cargo_diferente_psd": false,
        "map_delta": null,
        "map_abs_delta": null
      },
      "geometry": {
        "type": "Point",
        "coordinates": [
          -43.0442198,
          -22.9408099
        ]
      }
    },
    {
      "type": "Feature",
      "properties": {
        "pair": "2016-2020",
        "ano_inicio": 2016,
        "ano_fim": 2020,
        "nr_local": "1341",
        "nm_local": "SOPRECAM",
        "bairro": "CAMBOINHAS",
        "local_status": "both",
        "secoes_inicio": 2,
        "secoes_fim": 1,
        "secoes_comuns": 1,
        "secoes_adicionadas": 0,
        "secoes_removidas": 1,
        "secoes_movidas_in": 0,
        "secoes_movidas_out": 0,
        "secao_churn": 0.5,
        "tipo_inicio": "Municipal",
        "tipo_fim": "Municipal",
        "tipo_par": "Municipal -> Municipal",
        "votos_hugo_inicio": null,
        "votos_hugo_fim": null,
        "delta_hugo": null,
        "pct_delta_hugo": null,
        "candidacy_status_hugo": "nao_concorreu_fim",
        "cargo_diferente_hugo": null,
        "votos_felipe_inicio": 221,
        "votos_felipe_fim": 27,
        "delta_felipe": -194,
        "pct_delta_felipe": -87.78,
        "candidacy_status_felipe": "concorreu",
        "cargo_diferente_felipe": false,
        "votos_psd_inicio": 0,
        "votos_psd_fim": 49,
        "delta_psd": 49,
        "pct_delta_psd": null,
        "candidacy_status_psd": "concorreu",
        "cargo_diferente_psd": false,
        "map_delta": null,
        "map_abs_delta": null
      },
      "geometry": {
        "type": "Point",
        "coordinates": [
          -43.0584356,
          -22.9537053
        ]
      }
    },
    {
      "type": "Feature",
      "properties": {
        "pair": "2016-2020",
        "ano_inicio": 2016,
        "ano_fim": 2020,
        "nr_local": "1350",
        "nm_local": "ESCOLA MUNICIPAL MARALEGRE",
        "bairro": "CAFUBÁ",
        "local_status": "both",
        "secoes_inicio": 8,
        "secoes_fim": 5,
        "secoes_comuns": 4,
        "secoes_adicionadas": 1,
        "secoes_removidas": 4,
        "secoes_movidas_in": 0,
        "secoes_movidas_out": 0,
        "secao_churn": 0.625,
        "tipo_inicio": "Municipal",
        "tipo_fim": "Municipal",
        "tipo_par": "Municipal -> Municipal",
        "votos_hugo_inicio": null,
        "votos_hugo_fim": null,
        "delta_hugo": null,
        "pct_delta_hugo": null,
        "candidacy_status_hugo": "nao_concorreu_fim",
        "cargo_diferente_hugo": null,
        "votos_felipe_inicio": 1039,
        "votos_felipe_fim": 68,
        "delta_felipe": -971,
        "pct_delta_felipe": -93.46,
        "candidacy_status_felipe": "concorreu",
        "cargo_diferente_felipe": false,
        "votos_psd_inicio": 15,
        "votos_psd_fim": 89,
        "delta_psd": 74,
        "pct_delta_psd": 493.33,
        "candidacy_status_psd": "concorreu",
        "cargo_diferente_psd": false,
        "map_delta": null,
        "map_abs_delta": null
      },
      "geometry": {
        "type": "Point",
        "coordinates": [
          -43.0724233,
          -22.9362723
        ]
      }
    },
    {
      "type": "Feature",
      "properties": {
        "pair": "2016-2020",
        "ano_inicio": 2016,
        "ano_fim": 2020,
        "nr_local": "1368",
        "nm_local": "INSTITUTO SÃO JOSÉ",
        "bairro": "SANTA ROSA",
        "local_status": "both",
        "secoes_inicio": 22,
        "secoes_fim": 23,
        "secoes_comuns": 21,
        "secoes_adicionadas": 2,
        "secoes_removidas": 1,
        "secoes_movidas_in": 0,
        "secoes_movidas_out": 0,
        "secao_churn": 0.1304,
        "tipo_inicio": "Municipal",
        "tipo_fim": "Municipal",
        "tipo_par": "Municipal -> Municipal",
        "votos_hugo_inicio": null,
        "votos_hugo_fim": null,
        "delta_hugo": null,
        "pct_delta_hugo": null,
        "candidacy_status_hugo": "nao_concorreu_fim",
        "cargo_diferente_hugo": null,
        "votos_felipe_inicio": 3372,
        "votos_felipe_fim": 411,
        "delta_felipe": -2961,
        "pct_delta_felipe": -87.81,
        "candidacy_status_felipe": "concorreu",
        "cargo_diferente_felipe": false,
        "votos_psd_inicio": 55,
        "votos_psd_fim": 629,
        "delta_psd": 574,
        "pct_delta_psd": 1043.64,
        "candidacy_status_psd": "concorreu",
        "cargo_diferente_psd": false,
        "map_delta": null,
        "map_abs_delta": null
      },
      "geometry": {
        "type": "Point",
        "coordinates": [
          -43.1018878,
          -22.901754
        ]
      }
    },
    {
      "type": "Feature",
      "properties": {
        "pair": "2016-2020",
        "ano_inicio": 2016,
        "ano_fim": 2020,
        "nr_local": "1376",
        "nm_local": "UNIVERSIDADE SALGADO DE OLIVEIRA - BL A",
        "bairro": null,
        "local_status": "start_only",
        "secoes_inicio": 10,
        "secoes_fim": 0,
        "secoes_comuns": 0,
        "secoes_adicionadas": 0,
        "secoes_removidas": 10,
        "secoes_movidas_in": 0,
        "secoes_movidas_out": 0,
        "secao_churn": 1,
        "tipo_inicio": "Municipal",
        "tipo_fim": "Municipal",
        "tipo_par": "Municipal -> Municipal",
        "votos_hugo_inicio": null,
        "votos_hugo_fim": null,
        "delta_hugo": null,
        "pct_delta_hugo": null,
        "candidacy_status_hugo": "nao_concorreu_fim",
        "cargo_diferente_hugo": null,
        "votos_felipe_inicio": 852,
        "votos_felipe_fim": 0,
        "delta_felipe": -852,
        "pct_delta_felipe": -100,
        "candidacy_status_felipe": "concorreu",
        "cargo_diferente_felipe": false,
        "votos_psd_inicio": 29,
        "votos_psd_fim": 0,
        "delta_psd": -29,
        "pct_delta_psd": -100,
        "candidacy_status_psd": "concorreu",
        "cargo_diferente_psd": false,
        "map_delta": null,
        "map_abs_delta": null
      },
      "geometry": {
        "type": "Point",
        "coordinates": [
          -43.1221924,
          -22.8898672
        ]
      }
    },
    {
      "type": "Feature",
      "properties": {
        "pair": "2016-2020",
        "ano_inicio": 2016,
        "ano_fim": 2020,
        "nr_local": "1384",
        "nm_local": "UMEI OLGA BENÁRIO PRESTES",
        "bairro": "ENGENHO DO MATO",
        "local_status": "both",
        "secoes_inicio": 12,
        "secoes_fim": 1,
        "secoes_comuns": 0,
        "secoes_adicionadas": 1,
        "secoes_removidas": 12,
        "secoes_movidas_in": 0,
        "secoes_movidas_out": 0,
        "secao_churn": 1.0833,
        "tipo_inicio": "Municipal",
        "tipo_fim": "Municipal",
        "tipo_par": "Municipal -> Municipal",
        "votos_hugo_inicio": null,
        "votos_hugo_fim": null,
        "delta_hugo": null,
        "pct_delta_hugo": null,
        "candidacy_status_hugo": "nao_concorreu_fim",
        "cargo_diferente_hugo": null,
        "votos_felipe_inicio": 1363,
        "votos_felipe_fim": 14,
        "delta_felipe": -1349,
        "pct_delta_felipe": -98.97,
        "candidacy_status_felipe": "concorreu",
        "cargo_diferente_felipe": false,
        "votos_psd_inicio": 36,
        "votos_psd_fim": 19,
        "delta_psd": -17,
        "pct_delta_psd": -47.22,
        "candidacy_status_psd": "concorreu",
        "cargo_diferente_psd": false,
        "map_delta": null,
        "map_abs_delta": null
      },
      "geometry": {
        "type": "Point",
        "coordinates": [
          -43.0086653,
          -22.9354086
        ]
      }
    },
    {
      "type": "Feature",
      "properties": {
        "pair": "2016-2020",
        "ano_inicio": 2016,
        "ano_fim": 2020,
        "nr_local": "1392",
        "nm_local": "FACULDADE DE VETERINARIA DA UFF",
        "bairro": "VITAL BRASIL",
        "local_status": "both",
        "secoes_inicio": 14,
        "secoes_fim": 18,
        "secoes_comuns": 14,
        "secoes_adicionadas": 4,
        "secoes_removidas": 0,
        "secoes_movidas_in": 0,
        "secoes_movidas_out": 0,
        "secao_churn": 0.2222,
        "tipo_inicio": "Municipal",
        "tipo_fim": "Municipal",
        "tipo_par": "Municipal -> Municipal",
        "votos_hugo_inicio": null,
        "votos_hugo_fim": null,
        "delta_hugo": null,
        "pct_delta_hugo": null,
        "candidacy_status_hugo": "nao_concorreu_fim",
        "cargo_diferente_hugo": null,
        "votos_felipe_inicio": 2519,
        "votos_felipe_fim": 335,
        "delta_felipe": -2184,
        "pct_delta_felipe": -86.7,
        "candidacy_status_felipe": "concorreu",
        "cargo_diferente_felipe": false,
        "votos_psd_inicio": 22,
        "votos_psd_fim": 499,
        "delta_psd": 477,
        "pct_delta_psd": 2168.18,
        "candidacy_status_psd": "concorreu",
        "cargo_diferente_psd": false,
        "map_delta": null,
        "map_abs_delta": null
      },
      "geometry": {
        "type": "Point",
        "coordinates": [
          -43.098407,
          -22.904908
        ]
      }
    },
    {
      "type": "Feature",
      "properties": {
        "pair": "2016-2020",
        "ano_inicio": 2016,
        "ano_fim": 2020,
        "nr_local": "1406",
        "nm_local": "COLÉGIO NITERÓI",
        "bairro": "ENGENHOCA",
        "local_status": "both",
        "secoes_inicio": 19,
        "secoes_fim": 5,
        "secoes_comuns": 5,
        "secoes_adicionadas": 0,
        "secoes_removidas": 14,
        "secoes_movidas_in": 0,
        "secoes_movidas_out": 0,
        "secao_churn": 0.7368,
        "tipo_inicio": "Municipal",
        "tipo_fim": "Municipal",
        "tipo_par": "Municipal -> Municipal",
        "votos_hugo_inicio": null,
        "votos_hugo_fim": null,
        "delta_hugo": null,
        "pct_delta_hugo": null,
        "candidacy_status_hugo": "nao_concorreu_fim",
        "cargo_diferente_hugo": null,
        "votos_felipe_inicio": 2547,
        "votos_felipe_fim": 82,
        "delta_felipe": -2465,
        "pct_delta_felipe": -96.78,
        "candidacy_status_felipe": "concorreu",
        "cargo_diferente_felipe": false,
        "votos_psd_inicio": 82,
        "votos_psd_fim": 105,
        "delta_psd": 23,
        "pct_delta_psd": 28.05,
        "candidacy_status_psd": "concorreu",
        "cargo_diferente_psd": false,
        "map_delta": null,
        "map_abs_delta": null
      },
      "geometry": {
        "type": "Point",
        "coordinates": [
          -43.1018717,
          -22.8706133
        ]
      }
    },
    {
      "type": "Feature",
      "properties": {
        "pair": "2016-2020",
        "ano_inicio": 2016,
        "ano_fim": 2020,
        "nr_local": "1414",
        "nm_local": "UNIVERSIDADE SALGADO DE OLIVEIRA - BL B (PRÓXIMO AO GUANABARA)",
        "bairro": "CENTRO",
        "local_status": "both",
        "secoes_inicio": 7,
        "secoes_fim": 4,
        "secoes_comuns": 0,
        "secoes_adicionadas": 4,
        "secoes_removidas": 7,
        "secoes_movidas_in": 0,
        "secoes_movidas_out": 0,
        "secao_churn": 1.5714,
        "tipo_inicio": "Municipal",
        "tipo_fim": "Municipal",
        "tipo_par": "Municipal -> Municipal",
        "votos_hugo_inicio": null,
        "votos_hugo_fim": null,
        "delta_hugo": null,
        "pct_delta_hugo": null,
        "candidacy_status_hugo": "nao_concorreu_fim",
        "cargo_diferente_hugo": null,
        "votos_felipe_inicio": 801,
        "votos_felipe_fim": 73,
        "delta_felipe": -728,
        "pct_delta_felipe": -90.89,
        "candidacy_status_felipe": "concorreu",
        "cargo_diferente_felipe": false,
        "votos_psd_inicio": 32,
        "votos_psd_fim": 93,
        "delta_psd": 61,
        "pct_delta_psd": 190.62,
        "candidacy_status_psd": "concorreu",
        "cargo_diferente_psd": false,
        "map_delta": null,
        "map_abs_delta": null
      },
      "geometry": {
        "type": "Point",
        "coordinates": [
          -43.1172001,
          -22.8893447
        ]
      }
    },
    {
      "type": "Feature",
      "properties": {
        "pair": "2016-2020",
        "ano_inicio": 2016,
        "ano_fim": 2020,
        "nr_local": "1422",
        "nm_local": "CLUBE PORTUGUES DE NITEROI",
        "bairro": "SÃO DOMINGOS",
        "local_status": "both",
        "secoes_inicio": 3,
        "secoes_fim": 6,
        "secoes_comuns": 0,
        "secoes_adicionadas": 6,
        "secoes_removidas": 3,
        "secoes_movidas_in": 0,
        "secoes_movidas_out": 0,
        "secao_churn": 1.5,
        "tipo_inicio": "Municipal",
        "tipo_fim": "Municipal",
        "tipo_par": "Municipal -> Municipal",
        "votos_hugo_inicio": null,
        "votos_hugo_fim": null,
        "delta_hugo": null,
        "pct_delta_hugo": null,
        "candidacy_status_hugo": "nao_concorreu_fim",
        "cargo_diferente_hugo": null,
        "votos_felipe_inicio": 201,
        "votos_felipe_fim": 78,
        "delta_felipe": -123,
        "pct_delta_felipe": -61.19,
        "candidacy_status_felipe": "concorreu",
        "cargo_diferente_felipe": false,
        "votos_psd_inicio": 11,
        "votos_psd_fim": 117,
        "delta_psd": 106,
        "pct_delta_psd": 963.64,
        "candidacy_status_psd": "concorreu",
        "cargo_diferente_psd": false,
        "map_delta": null,
        "map_abs_delta": null
      },
      "geometry": {
        "type": "Point",
        "coordinates": [
          -43.1274594,
          -22.9021482
        ]
      }
    },
    {
      "type": "Feature",
      "properties": {
        "pair": "2016-2020",
        "ano_inicio": 2016,
        "ano_fim": 2020,
        "nr_local": "1430",
        "nm_local": "COLEGIO ESTADUAL AURELINO LEAL",
        "bairro": "INGÁ",
        "local_status": "end_only",
        "secoes_inicio": 0,
        "secoes_fim": 8,
        "secoes_comuns": 0,
        "secoes_adicionadas": 8,
        "secoes_removidas": 0,
        "secoes_movidas_in": 0,
        "secoes_movidas_out": 0,
        "secao_churn": 1,
        "tipo_inicio": "Municipal",
        "tipo_fim": "Municipal",
        "tipo_par": "Municipal -> Municipal",
        "votos_hugo_inicio": null,
        "votos_hugo_fim": null,
        "delta_hugo": null,
        "pct_delta_hugo": null,
        "candidacy_status_hugo": "nao_concorreu_fim",
        "cargo_diferente_hugo": null,
        "votos_felipe_inicio": 0,
        "votos_felipe_fim": 82,
        "delta_felipe": 82,
        "pct_delta_felipe": null,
        "candidacy_status_felipe": "concorreu",
        "cargo_diferente_felipe": false,
        "votos_psd_inicio": 0,
        "votos_psd_fim": 130,
        "delta_psd": 130,
        "pct_delta_psd": null,
        "candidacy_status_psd": "concorreu",
        "cargo_diferente_psd": false,
        "map_delta": null,
        "map_abs_delta": null
      },
      "geometry": {
        "type": "Point",
        "coordinates": [
          -43.1254512,
          -22.9033321
        ]
      }
    },
    {
      "type": "Feature",
      "properties": {
        "pair": "2016-2020",
        "ano_inicio": 2016,
        "ano_fim": 2020,
        "nr_local": "1449",
        "nm_local": "CIEP 450 - BADU",
        "bairro": "BADU",
        "local_status": "both",
        "secoes_inicio": 19,
        "secoes_fim": 37,
        "secoes_comuns": 19,
        "secoes_adicionadas": 18,
        "secoes_removidas": 0,
        "secoes_movidas_in": 0,
        "secoes_movidas_out": 0,
        "secao_churn": 0.4865,
        "tipo_inicio": "Municipal",
        "tipo_fim": "Municipal",
        "tipo_par": "Municipal -> Municipal",
        "votos_hugo_inicio": null,
        "votos_hugo_fim": null,
        "delta_hugo": null,
        "pct_delta_hugo": null,
        "candidacy_status_hugo": "nao_concorreu_fim",
        "cargo_diferente_hugo": null,
        "votos_felipe_inicio": 3051,
        "votos_felipe_fim": 639,
        "delta_felipe": -2412,
        "pct_delta_felipe": -79.06,
        "candidacy_status_felipe": "concorreu",
        "cargo_diferente_felipe": false,
        "votos_psd_inicio": 27,
        "votos_psd_fim": 999,
        "delta_psd": 972,
        "pct_delta_psd": 3600,
        "candidacy_status_psd": "concorreu",
        "cargo_diferente_psd": false,
        "map_delta": null,
        "map_abs_delta": null
      },
      "geometry": {
        "type": "Point",
        "coordinates": [
          -43.0566124,
          -22.9071974
        ]
      }
    },
    {
      "type": "Feature",
      "properties": {
        "pair": "2016-2020",
        "ano_inicio": 2016,
        "ano_fim": 2020,
        "nr_local": "1457",
        "nm_local": "ÁGUAS DE NITEROI",
        "bairro": "CENTRO",
        "local_status": "both",
        "secoes_inicio": 11,
        "secoes_fim": 17,
        "secoes_comuns": 0,
        "secoes_adicionadas": 17,
        "secoes_removidas": 11,
        "secoes_movidas_in": 0,
        "secoes_movidas_out": 0,
        "secao_churn": 1.6471,
        "tipo_inicio": "Municipal",
        "tipo_fim": "Municipal",
        "tipo_par": "Municipal -> Municipal",
        "votos_hugo_inicio": null,
        "votos_hugo_fim": null,
        "delta_hugo": null,
        "pct_delta_hugo": null,
        "candidacy_status_hugo": "nao_concorreu_fim",
        "cargo_diferente_hugo": null,
        "votos_felipe_inicio": 1115,
        "votos_felipe_fim": 264,
        "delta_felipe": -851,
        "pct_delta_felipe": -76.32,
        "candidacy_status_felipe": "concorreu",
        "cargo_diferente_felipe": false,
        "votos_psd_inicio": 17,
        "votos_psd_fim": 349,
        "delta_psd": 332,
        "pct_delta_psd": 1952.94,
        "candidacy_status_psd": "concorreu",
        "cargo_diferente_psd": false,
        "map_delta": null,
        "map_abs_delta": null
      },
      "geometry": {
        "type": "Point",
        "coordinates": [
          -43.1141378,
          -22.8915411
        ]
      }
    },
    {
      "type": "Feature",
      "properties": {
        "pair": "2016-2020",
        "ano_inicio": 2016,
        "ano_fim": 2020,
        "nr_local": "1465",
        "nm_local": "CENTRO UNIVERSITÁRIO ANHANGUERA (ANTIGO PLÍNIO LEITE)",
        "bairro": "CENTRO",
        "local_status": "both",
        "secoes_inicio": 9,
        "secoes_fim": 9,
        "secoes_comuns": 0,
        "secoes_adicionadas": 9,
        "secoes_removidas": 9,
        "secoes_movidas_in": 0,
        "secoes_movidas_out": 0,
        "secao_churn": 2,
        "tipo_inicio": "Municipal",
        "tipo_fim": "Municipal",
        "tipo_par": "Municipal -> Municipal",
        "votos_hugo_inicio": null,
        "votos_hugo_fim": null,
        "delta_hugo": null,
        "pct_delta_hugo": null,
        "candidacy_status_hugo": "nao_concorreu_fim",
        "cargo_diferente_hugo": null,
        "votos_felipe_inicio": 824,
        "votos_felipe_fim": 129,
        "delta_felipe": -695,
        "pct_delta_felipe": -84.34,
        "candidacy_status_felipe": "concorreu",
        "cargo_diferente_felipe": false,
        "votos_psd_inicio": 24,
        "votos_psd_fim": 201,
        "delta_psd": 177,
        "pct_delta_psd": 737.5,
        "candidacy_status_psd": "concorreu",
        "cargo_diferente_psd": false,
        "map_delta": null,
        "map_abs_delta": null
      },
      "geometry": {
        "type": "Point",
        "coordinates": [
          -43.1245632,
          -22.8869267
        ]
      }
    },
    {
      "type": "Feature",
      "properties": {
        "pair": "2016-2020",
        "ano_inicio": 2016,
        "ano_fim": 2020,
        "nr_local": "1473",
        "nm_local": "COLÉGIO FORUM CULTURAL",
        "bairro": "CANTAGALO",
        "local_status": "both",
        "secoes_inicio": 21,
        "secoes_fim": 25,
        "secoes_comuns": 10,
        "secoes_adicionadas": 15,
        "secoes_removidas": 11,
        "secoes_movidas_in": 0,
        "secoes_movidas_out": 0,
        "secao_churn": 1.04,
        "tipo_inicio": "Municipal",
        "tipo_fim": "Municipal",
        "tipo_par": "Municipal -> Municipal",
        "votos_hugo_inicio": null,
        "votos_hugo_fim": null,
        "delta_hugo": null,
        "pct_delta_hugo": null,
        "candidacy_status_hugo": "nao_concorreu_fim",
        "cargo_diferente_hugo": null,
        "votos_felipe_inicio": 2684,
        "votos_felipe_fim": 361,
        "delta_felipe": -2323,
        "pct_delta_felipe": -86.55,
        "candidacy_status_felipe": "concorreu",
        "cargo_diferente_felipe": false,
        "votos_psd_inicio": 29,
        "votos_psd_fim": 510,
        "delta_psd": 481,
        "pct_delta_psd": 1658.62,
        "candidacy_status_psd": "concorreu",
        "cargo_diferente_psd": false,
        "map_delta": null,
        "map_abs_delta": null
      },
      "geometry": {
        "type": "Point",
        "coordinates": [
          -43.0490094,
          -22.9163184
        ]
      }
    },
    {
      "type": "Feature",
      "properties": {
        "pair": "2016-2020",
        "ano_inicio": 2016,
        "ano_fim": 2020,
        "nr_local": "1481",
        "nm_local": "ESCOLA MUNICIPAL MAESTRO HEITOR VILLA-LOBOS (''COLÉGIO NOVO'')",
        "bairro": "ILHA DA CONCEIÇÃO",
        "local_status": "both",
        "secoes_inicio": 9,
        "secoes_fim": 14,
        "secoes_comuns": 0,
        "secoes_adicionadas": 14,
        "secoes_removidas": 9,
        "secoes_movidas_in": 0,
        "secoes_movidas_out": 0,
        "secao_churn": 1.6429,
        "tipo_inicio": "Municipal",
        "tipo_fim": "Municipal",
        "tipo_par": "Municipal -> Municipal",
        "votos_hugo_inicio": null,
        "votos_hugo_fim": null,
        "delta_hugo": null,
        "pct_delta_hugo": null,
        "candidacy_status_hugo": "nao_concorreu_fim",
        "cargo_diferente_hugo": null,
        "votos_felipe_inicio": 891,
        "votos_felipe_fim": 206,
        "delta_felipe": -685,
        "pct_delta_felipe": -76.88,
        "candidacy_status_felipe": "concorreu",
        "cargo_diferente_felipe": false,
        "votos_psd_inicio": 10,
        "votos_psd_fim": 255,
        "delta_psd": 245,
        "pct_delta_psd": 2450,
        "candidacy_status_psd": "concorreu",
        "cargo_diferente_psd": false,
        "map_delta": null,
        "map_abs_delta": null
      },
      "geometry": {
        "type": "Point",
        "coordinates": [
          -43.1156463,
          -22.8731482
        ]
      }
    },
    {
      "type": "Feature",
      "properties": {
        "pair": "2016-2020",
        "ano_inicio": 2016,
        "ano_fim": 2020,
        "nr_local": "1490",
        "nm_local": "IGREJA BATISTA DO FONSECA",
        "bairro": "FONSECA",
        "local_status": "both",
        "secoes_inicio": 3,
        "secoes_fim": 5,
        "secoes_comuns": 0,
        "secoes_adicionadas": 5,
        "secoes_removidas": 3,
        "secoes_movidas_in": 0,
        "secoes_movidas_out": 0,
        "secao_churn": 1.6,
        "tipo_inicio": "Municipal",
        "tipo_fim": "Municipal",
        "tipo_par": "Municipal -> Municipal",
        "votos_hugo_inicio": null,
        "votos_hugo_fim": null,
        "delta_hugo": null,
        "pct_delta_hugo": null,
        "candidacy_status_hugo": "nao_concorreu_fim",
        "cargo_diferente_hugo": null,
        "votos_felipe_inicio": 362,
        "votos_felipe_fim": 62,
        "delta_felipe": -300,
        "pct_delta_felipe": -82.87,
        "candidacy_status_felipe": "concorreu",
        "cargo_diferente_felipe": false,
        "votos_psd_inicio": 10,
        "votos_psd_fim": 91,
        "delta_psd": 81,
        "pct_delta_psd": 810,
        "candidacy_status_psd": "concorreu",
        "cargo_diferente_psd": false,
        "map_delta": null,
        "map_abs_delta": null
      },
      "geometry": {
        "type": "Point",
        "coordinates": [
          -43.0865383,
          -22.8810878
        ]
      }
    },
    {
      "type": "Feature",
      "properties": {
        "pair": "2016-2020",
        "ano_inicio": 2016,
        "ano_fim": 2020,
        "nr_local": "1503",
        "nm_local": "SERVICO DE ASSISTENCIA SOCIAL SAO DOMINGOS SAVIO",
        "bairro": "SANTA ROSA",
        "local_status": "both",
        "secoes_inicio": 5,
        "secoes_fim": 7,
        "secoes_comuns": 0,
        "secoes_adicionadas": 7,
        "secoes_removidas": 5,
        "secoes_movidas_in": 0,
        "secoes_movidas_out": 0,
        "secao_churn": 1.7143,
        "tipo_inicio": "Municipal",
        "tipo_fim": "Municipal",
        "tipo_par": "Municipal -> Municipal",
        "votos_hugo_inicio": null,
        "votos_hugo_fim": null,
        "delta_hugo": null,
        "pct_delta_hugo": null,
        "candidacy_status_hugo": "nao_concorreu_fim",
        "cargo_diferente_hugo": null,
        "votos_felipe_inicio": 713,
        "votos_felipe_fim": 128,
        "delta_felipe": -585,
        "pct_delta_felipe": -82.05,
        "candidacy_status_felipe": "concorreu",
        "cargo_diferente_felipe": false,
        "votos_psd_inicio": 26,
        "votos_psd_fim": 185,
        "delta_psd": 159,
        "pct_delta_psd": 611.54,
        "candidacy_status_psd": "concorreu",
        "cargo_diferente_psd": false,
        "map_delta": null,
        "map_abs_delta": null
      },
      "geometry": {
        "type": "Point",
        "coordinates": [
          -43.0928214,
          -22.8988024
        ]
      }
    },
    {
      "type": "Feature",
      "properties": {
        "pair": "2016-2020",
        "ano_inicio": 2016,
        "ano_fim": 2020,
        "nr_local": "1511",
        "nm_local": "FACULDADE DE ADMINISTRAÇÃO E CIÊNCIAS CONTÁBEIS (VALONGUINHO)",
        "bairro": "CENTRO",
        "local_status": "end_only",
        "secoes_inicio": 0,
        "secoes_fim": 11,
        "secoes_comuns": 0,
        "secoes_adicionadas": 11,
        "secoes_removidas": 0,
        "secoes_movidas_in": 0,
        "secoes_movidas_out": 0,
        "secao_churn": 1,
        "tipo_inicio": "Municipal",
        "tipo_fim": "Municipal",
        "tipo_par": "Municipal -> Municipal",
        "votos_hugo_inicio": null,
        "votos_hugo_fim": null,
        "delta_hugo": null,
        "pct_delta_hugo": null,
        "candidacy_status_hugo": "nao_concorreu_fim",
        "cargo_diferente_hugo": null,
        "votos_felipe_inicio": 0,
        "votos_felipe_fim": 153,
        "delta_felipe": 153,
        "pct_delta_felipe": null,
        "candidacy_status_felipe": "concorreu",
        "cargo_diferente_felipe": false,
        "votos_psd_inicio": 0,
        "votos_psd_fim": 244,
        "delta_psd": 244,
        "pct_delta_psd": null,
        "candidacy_status_psd": "concorreu",
        "cargo_diferente_psd": false,
        "map_delta": null,
        "map_abs_delta": null
      },
      "geometry": {
        "type": "Point",
        "coordinates": [
          -43.1252439,
          -22.8967413
        ]
      }
    },
    {
      "type": "Feature",
      "properties": {
        "pair": "2016-2020",
        "ano_inicio": 2016,
        "ano_fim": 2020,
        "nr_local": "1520",
        "nm_local": "ESCOLA MUNICIPAL LEVI CARNEIRO",
        "bairro": "SAPÊ",
        "local_status": "both",
        "secoes_inicio": 15,
        "secoes_fim": 21,
        "secoes_comuns": 15,
        "secoes_adicionadas": 6,
        "secoes_removidas": 0,
        "secoes_movidas_in": 0,
        "secoes_movidas_out": 0,
        "secao_churn": 0.2857,
        "tipo_inicio": "Municipal",
        "tipo_fim": "Municipal",
        "tipo_par": "Municipal -> Municipal",
        "votos_hugo_inicio": null,
        "votos_hugo_fim": null,
        "delta_hugo": null,
        "pct_delta_hugo": null,
        "candidacy_status_hugo": "nao_concorreu_fim",
        "cargo_diferente_hugo": null,
        "votos_felipe_inicio": 2552,
        "votos_felipe_fim": 352,
        "delta_felipe": -2200,
        "pct_delta_felipe": -86.21,
        "candidacy_status_felipe": "concorreu",
        "cargo_diferente_felipe": false,
        "votos_psd_inicio": 20,
        "votos_psd_fim": 620,
        "delta_psd": 600,
        "pct_delta_psd": 3000,
        "candidacy_status_psd": "concorreu",
        "cargo_diferente_psd": false,
        "map_delta": null,
        "map_abs_delta": null
      },
      "geometry": {
        "type": "Point",
        "coordinates": [
          -43.0583864,
          -22.8961721
        ]
      }
    },
    {
      "type": "Feature",
      "properties": {
        "pair": "2016-2020",
        "ano_inicio": 2016,
        "ano_fim": 2020,
        "nr_local": "1538",
        "nm_local": "ESCOLA CATAVENTO ESPAÇO DE EDUCAÇÃO",
        "bairro": "SAPÊ",
        "local_status": "both",
        "secoes_inicio": 11,
        "secoes_fim": 7,
        "secoes_comuns": 3,
        "secoes_adicionadas": 4,
        "secoes_removidas": 8,
        "secoes_movidas_in": 0,
        "secoes_movidas_out": 0,
        "secao_churn": 1.0909,
        "tipo_inicio": "Municipal",
        "tipo_fim": "Municipal",
        "tipo_par": "Municipal -> Municipal",
        "votos_hugo_inicio": null,
        "votos_hugo_fim": null,
        "delta_hugo": null,
        "pct_delta_hugo": null,
        "candidacy_status_hugo": "nao_concorreu_fim",
        "cargo_diferente_hugo": null,
        "votos_felipe_inicio": 1614,
        "votos_felipe_fim": 153,
        "delta_felipe": -1461,
        "pct_delta_felipe": -90.52,
        "candidacy_status_felipe": "concorreu",
        "cargo_diferente_felipe": false,
        "votos_psd_inicio": 27,
        "votos_psd_fim": 244,
        "delta_psd": 217,
        "pct_delta_psd": 803.7,
        "candidacy_status_psd": "concorreu",
        "cargo_diferente_psd": false,
        "map_delta": null,
        "map_abs_delta": null
      },
      "geometry": {
        "type": "Point",
        "coordinates": [
          -43.0635188,
          -22.9024713
        ]
      }
    },
    {
      "type": "Feature",
      "properties": {
        "pair": "2016-2020",
        "ano_inicio": 2016,
        "ano_fim": 2020,
        "nr_local": "1546",
        "nm_local": "UNIVERSIDADE SALGADO DE OLIVEIRA - BL A",
        "bairro": "CENTRO",
        "local_status": "both",
        "secoes_inicio": 9,
        "secoes_fim": 15,
        "secoes_comuns": 3,
        "secoes_adicionadas": 12,
        "secoes_removidas": 6,
        "secoes_movidas_in": 0,
        "secoes_movidas_out": 0,
        "secao_churn": 1.2,
        "tipo_inicio": "Municipal",
        "tipo_fim": "Municipal",
        "tipo_par": "Municipal -> Municipal",
        "votos_hugo_inicio": null,
        "votos_hugo_fim": null,
        "delta_hugo": null,
        "pct_delta_hugo": null,
        "candidacy_status_hugo": "nao_concorreu_fim",
        "cargo_diferente_hugo": null,
        "votos_felipe_inicio": 1382,
        "votos_felipe_fim": 301,
        "delta_felipe": -1081,
        "pct_delta_felipe": -78.22,
        "candidacy_status_felipe": "concorreu",
        "cargo_diferente_felipe": false,
        "votos_psd_inicio": 7,
        "votos_psd_fim": 423,
        "delta_psd": 416,
        "pct_delta_psd": 5942.86,
        "candidacy_status_psd": "concorreu",
        "cargo_diferente_psd": false,
        "map_delta": null,
        "map_abs_delta": null
      },
      "geometry": {
        "type": "Point",
        "coordinates": [
          -43.1186087,
          -22.8894749
        ]
      }
    },
    {
      "type": "Feature",
      "properties": {
        "pair": "2016-2020",
        "ano_inicio": 2016,
        "ano_fim": 2020,
        "nr_local": "1554",
        "nm_local": "JARDIM ESCOLA GIRASSÓIS",
        "bairro": "LARGO DA BATALHA",
        "local_status": "both",
        "secoes_inicio": 13,
        "secoes_fim": 24,
        "secoes_comuns": 4,
        "secoes_adicionadas": 20,
        "secoes_removidas": 9,
        "secoes_movidas_in": 0,
        "secoes_movidas_out": 0,
        "secao_churn": 1.2083,
        "tipo_inicio": "Municipal",
        "tipo_fim": "Municipal",
        "tipo_par": "Municipal -> Municipal",
        "votos_hugo_inicio": null,
        "votos_hugo_fim": null,
        "delta_hugo": null,
        "pct_delta_hugo": null,
        "candidacy_status_hugo": "nao_concorreu_fim",
        "cargo_diferente_hugo": null,
        "votos_felipe_inicio": 1512,
        "votos_felipe_fim": 378,
        "delta_felipe": -1134,
        "pct_delta_felipe": -75,
        "candidacy_status_felipe": "concorreu",
        "cargo_diferente_felipe": false,
        "votos_psd_inicio": 62,
        "votos_psd_fim": 594,
        "delta_psd": 532,
        "pct_delta_psd": 858.06,
        "candidacy_status_psd": "concorreu",
        "cargo_diferente_psd": false,
        "map_delta": null,
        "map_abs_delta": null
      },
      "geometry": {
        "type": "Point",
        "coordinates": [
          -43.0652722,
          -22.9077414
        ]
      }
    },
    {
      "type": "Feature",
      "properties": {
        "pair": "2016-2020",
        "ano_inicio": 2016,
        "ano_fim": 2020,
        "nr_local": "1562",
        "nm_local": "COLEGIO ESTADUAL RAUL VIDAL",
        "bairro": "CENTRO",
        "local_status": "end_only",
        "secoes_inicio": 0,
        "secoes_fim": 15,
        "secoes_comuns": 0,
        "secoes_adicionadas": 15,
        "secoes_removidas": 0,
        "secoes_movidas_in": 0,
        "secoes_movidas_out": 0,
        "secao_churn": 1,
        "tipo_inicio": "Municipal",
        "tipo_fim": "Municipal",
        "tipo_par": "Municipal -> Municipal",
        "votos_hugo_inicio": null,
        "votos_hugo_fim": null,
        "delta_hugo": null,
        "pct_delta_hugo": null,
        "candidacy_status_hugo": "nao_concorreu_fim",
        "cargo_diferente_hugo": null,
        "votos_felipe_inicio": 0,
        "votos_felipe_fim": 269,
        "delta_felipe": 269,
        "pct_delta_felipe": null,
        "candidacy_status_felipe": "concorreu",
        "cargo_diferente_felipe": false,
        "votos_psd_inicio": 0,
        "votos_psd_fim": 380,
        "delta_psd": 380,
        "pct_delta_psd": null,
        "candidacy_status_psd": "concorreu",
        "cargo_diferente_psd": false,
        "map_delta": null,
        "map_abs_delta": null
      },
      "geometry": {
        "type": "Point",
        "coordinates": [
          -43.1242688,
          -22.8862372
        ]
      }
    },
    {
      "type": "Feature",
      "properties": {
        "pair": "2016-2020",
        "ano_inicio": 2016,
        "ano_fim": 2020,
        "nr_local": "1570",
        "nm_local": "IGREJA DO SANTUARIO NACIONAL DAS ALMAS",
        "bairro": "ICARAÍ",
        "local_status": "end_only",
        "secoes_inicio": 0,
        "secoes_fim": 23,
        "secoes_comuns": 0,
        "secoes_adicionadas": 23,
        "secoes_removidas": 0,
        "secoes_movidas_in": 0,
        "secoes_movidas_out": 0,
        "secao_churn": 1,
        "tipo_inicio": "Municipal",
        "tipo_fim": "Municipal",
        "tipo_par": "Municipal -> Municipal",
        "votos_hugo_inicio": null,
        "votos_hugo_fim": null,
        "delta_hugo": null,
        "pct_delta_hugo": null,
        "candidacy_status_hugo": "nao_concorreu_fim",
        "cargo_diferente_hugo": null,
        "votos_felipe_inicio": 0,
        "votos_felipe_fim": 298,
        "delta_felipe": 298,
        "pct_delta_felipe": null,
        "candidacy_status_felipe": "concorreu",
        "cargo_diferente_felipe": false,
        "votos_psd_inicio": 0,
        "votos_psd_fim": 422,
        "delta_psd": 422,
        "pct_delta_psd": null,
        "candidacy_status_psd": "concorreu",
        "cargo_diferente_psd": false,
        "map_delta": null,
        "map_abs_delta": null
      },
      "geometry": {
        "type": "Point",
        "coordinates": [
          -43.1107182,
          -22.9004522
        ]
      }
    },
    {
      "type": "Feature",
      "properties": {
        "pair": "2016-2020",
        "ano_inicio": 2016,
        "ano_fim": 2020,
        "nr_local": "1589",
        "nm_local": "COLÉGIO NOSSA SENHORA DAS MERCÊS",
        "bairro": "FONSECA",
        "local_status": "both",
        "secoes_inicio": 5,
        "secoes_fim": 21,
        "secoes_comuns": 0,
        "secoes_adicionadas": 21,
        "secoes_removidas": 5,
        "secoes_movidas_in": 0,
        "secoes_movidas_out": 0,
        "secao_churn": 1.2381,
        "tipo_inicio": "Municipal",
        "tipo_fim": "Municipal",
        "tipo_par": "Municipal -> Municipal",
        "votos_hugo_inicio": null,
        "votos_hugo_fim": null,
        "delta_hugo": null,
        "pct_delta_hugo": null,
        "candidacy_status_hugo": "nao_concorreu_fim",
        "cargo_diferente_hugo": null,
        "votos_felipe_inicio": 780,
        "votos_felipe_fim": 281,
        "delta_felipe": -499,
        "pct_delta_felipe": -63.97,
        "candidacy_status_felipe": "concorreu",
        "cargo_diferente_felipe": false,
        "votos_psd_inicio": 11,
        "votos_psd_fim": 402,
        "delta_psd": 391,
        "pct_delta_psd": 3554.55,
        "candidacy_status_psd": "concorreu",
        "cargo_diferente_psd": false,
        "map_delta": null,
        "map_abs_delta": null
      },
      "geometry": {
        "type": "Point",
        "coordinates": [
          -43.1023535,
          -22.880345
        ]
      }
    },
    {
      "type": "Feature",
      "properties": {
        "pair": "2016-2020",
        "ano_inicio": 2016,
        "ano_fim": 2020,
        "nr_local": "1597",
        "nm_local": "COLÉGIO PONTO DE ENSINO",
        "bairro": "ICARAÍ",
        "local_status": "both",
        "secoes_inicio": 13,
        "secoes_fim": 18,
        "secoes_comuns": 0,
        "secoes_adicionadas": 18,
        "secoes_removidas": 13,
        "secoes_movidas_in": 0,
        "secoes_movidas_out": 0,
        "secao_churn": 1.7222,
        "tipo_inicio": "Municipal",
        "tipo_fim": "Municipal",
        "tipo_par": "Municipal -> Municipal",
        "votos_hugo_inicio": null,
        "votos_hugo_fim": null,
        "delta_hugo": null,
        "pct_delta_hugo": null,
        "candidacy_status_hugo": "nao_concorreu_fim",
        "cargo_diferente_hugo": null,
        "votos_felipe_inicio": 1858,
        "votos_felipe_fim": 272,
        "delta_felipe": -1586,
        "pct_delta_felipe": -85.36,
        "candidacy_status_felipe": "concorreu",
        "cargo_diferente_felipe": false,
        "votos_psd_inicio": 26,
        "votos_psd_fim": 401,
        "delta_psd": 375,
        "pct_delta_psd": 1442.31,
        "candidacy_status_psd": "concorreu",
        "cargo_diferente_psd": false,
        "map_delta": null,
        "map_abs_delta": null
      },
      "geometry": {
        "type": "Point",
        "coordinates": [
          -43.1095209,
          -22.9092421
        ]
      }
    },
    {
      "type": "Feature",
      "properties": {
        "pair": "2016-2020",
        "ano_inicio": 2016,
        "ano_fim": 2020,
        "nr_local": "1600",
        "nm_local": "INSTITUTO DE EDUCAÇÃO PROFESSOR ISMAEL COUTINHO - IEPIC",
        "bairro": "SÃO DOMINGOS",
        "local_status": "both",
        "secoes_inicio": 8,
        "secoes_fim": 22,
        "secoes_comuns": 0,
        "secoes_adicionadas": 22,
        "secoes_removidas": 8,
        "secoes_movidas_in": 0,
        "secoes_movidas_out": 0,
        "secao_churn": 1.3636,
        "tipo_inicio": "Municipal",
        "tipo_fim": "Municipal",
        "tipo_par": "Municipal -> Municipal",
        "votos_hugo_inicio": null,
        "votos_hugo_fim": null,
        "delta_hugo": null,
        "pct_delta_hugo": null,
        "candidacy_status_hugo": "nao_concorreu_fim",
        "cargo_diferente_hugo": null,
        "votos_felipe_inicio": 1037,
        "votos_felipe_fim": 268,
        "delta_felipe": -769,
        "pct_delta_felipe": -74.16,
        "candidacy_status_felipe": "concorreu",
        "cargo_diferente_felipe": false,
        "votos_psd_inicio": 3,
        "votos_psd_fim": 398,
        "delta_psd": 395,
        "pct_delta_psd": 13166.67,
        "candidacy_status_psd": "concorreu",
        "cargo_diferente_psd": false,
        "map_delta": null,
        "map_abs_delta": null
      },
      "geometry": {
        "type": "Point",
        "coordinates": [
          -43.1271052,
          -22.8989767
        ]
      }
    },
    {
      "type": "Feature",
      "properties": {
        "pair": "2016-2020",
        "ano_inicio": 2016,
        "ano_fim": 2020,
        "nr_local": "1619",
        "nm_local": "COLEGIO ESTADUAL JOAQUIM TAVORA",
        "bairro": "ICARAÍ",
        "local_status": "end_only",
        "secoes_inicio": 0,
        "secoes_fim": 17,
        "secoes_comuns": 0,
        "secoes_adicionadas": 17,
        "secoes_removidas": 0,
        "secoes_movidas_in": 0,
        "secoes_movidas_out": 0,
        "secao_churn": 1,
        "tipo_inicio": "Municipal",
        "tipo_fim": "Municipal",
        "tipo_par": "Municipal -> Municipal",
        "votos_hugo_inicio": null,
        "votos_hugo_fim": null,
        "delta_hugo": null,
        "pct_delta_hugo": null,
        "candidacy_status_hugo": "nao_concorreu_fim",
        "cargo_diferente_hugo": null,
        "votos_felipe_inicio": 0,
        "votos_felipe_fim": 306,
        "delta_felipe": 306,
        "pct_delta_felipe": null,
        "candidacy_status_felipe": "concorreu",
        "cargo_diferente_felipe": false,
        "votos_psd_inicio": 0,
        "votos_psd_fim": 439,
        "delta_psd": 439,
        "pct_delta_psd": null,
        "candidacy_status_psd": "concorreu",
        "cargo_diferente_psd": false,
        "map_delta": null,
        "map_abs_delta": null
      },
      "geometry": {
        "type": "Point",
        "coordinates": [
          -43.1081976,
          -22.9048788
        ]
      }
    },
    {
      "type": "Feature",
      "properties": {
        "pair": "2016-2020",
        "ano_inicio": 2016,
        "ano_fim": 2020,
        "nr_local": "1627",
        "nm_local": "ESCOLA ESTADUAL DOUTOR JAYME MEMORIA",
        "bairro": "CUBANGO",
        "local_status": "end_only",
        "secoes_inicio": 0,
        "secoes_fim": 22,
        "secoes_comuns": 0,
        "secoes_adicionadas": 22,
        "secoes_removidas": 0,
        "secoes_movidas_in": 0,
        "secoes_movidas_out": 0,
        "secao_churn": 1,
        "tipo_inicio": "Municipal",
        "tipo_fim": "Municipal",
        "tipo_par": "Municipal -> Municipal",
        "votos_hugo_inicio": null,
        "votos_hugo_fim": null,
        "delta_hugo": null,
        "pct_delta_hugo": null,
        "candidacy_status_hugo": "nao_concorreu_fim",
        "cargo_diferente_hugo": null,
        "votos_felipe_inicio": 0,
        "votos_felipe_fim": 353,
        "delta_felipe": 353,
        "pct_delta_felipe": null,
        "candidacy_status_felipe": "concorreu",
        "cargo_diferente_felipe": false,
        "votos_psd_inicio": 0,
        "votos_psd_fim": 506,
        "delta_psd": 506,
        "pct_delta_psd": null,
        "candidacy_status_psd": "concorreu",
        "cargo_diferente_psd": false,
        "map_delta": null,
        "map_abs_delta": null
      },
      "geometry": {
        "type": "Point",
        "coordinates": [
          -43.0937712,
          -22.88949
        ]
      }
    },
    {
      "type": "Feature",
      "properties": {
        "pair": "2016-2020",
        "ano_inicio": 2016,
        "ano_fim": 2020,
        "nr_local": "1635",
        "nm_local": "ESCOLA MUNICIPAL DOM JOSÉ PEREIRA ALVES",
        "bairro": "FONSECA",
        "local_status": "both",
        "secoes_inicio": 12,
        "secoes_fim": 7,
        "secoes_comuns": 0,
        "secoes_adicionadas": 7,
        "secoes_removidas": 12,
        "secoes_movidas_in": 0,
        "secoes_movidas_out": 0,
        "secao_churn": 1.5833,
        "tipo_inicio": "Municipal",
        "tipo_fim": "Municipal",
        "tipo_par": "Municipal -> Municipal",
        "votos_hugo_inicio": null,
        "votos_hugo_fim": null,
        "delta_hugo": null,
        "pct_delta_hugo": null,
        "candidacy_status_hugo": "nao_concorreu_fim",
        "cargo_diferente_hugo": null,
        "votos_felipe_inicio": 1579,
        "votos_felipe_fim": 152,
        "delta_felipe": -1427,
        "pct_delta_felipe": -90.37,
        "candidacy_status_felipe": "concorreu",
        "cargo_diferente_felipe": false,
        "votos_psd_inicio": 12,
        "votos_psd_fim": 186,
        "delta_psd": 174,
        "pct_delta_psd": 1450,
        "candidacy_status_psd": "concorreu",
        "cargo_diferente_psd": false,
        "map_delta": null,
        "map_abs_delta": null
      },
      "geometry": {
        "type": "Point",
        "coordinates": [
          -43.0920686,
          -22.8783038
        ]
      }
    },
    {
      "type": "Feature",
      "properties": {
        "pair": "2016-2020",
        "ano_inicio": 2016,
        "ano_fim": 2020,
        "nr_local": "1643",
        "nm_local": "CENTRO MODERNO ALZIRA BITTENCOURT",
        "bairro": "ICARAÍ",
        "local_status": "both",
        "secoes_inicio": 6,
        "secoes_fim": 7,
        "secoes_comuns": 0,
        "secoes_adicionadas": 7,
        "secoes_removidas": 6,
        "secoes_movidas_in": 0,
        "secoes_movidas_out": 0,
        "secao_churn": 1.8571,
        "tipo_inicio": "Municipal",
        "tipo_fim": "Municipal",
        "tipo_par": "Municipal -> Municipal",
        "votos_hugo_inicio": null,
        "votos_hugo_fim": null,
        "delta_hugo": null,
        "pct_delta_hugo": null,
        "candidacy_status_hugo": "nao_concorreu_fim",
        "cargo_diferente_hugo": null,
        "votos_felipe_inicio": 740,
        "votos_felipe_fim": 122,
        "delta_felipe": -618,
        "pct_delta_felipe": -83.51,
        "candidacy_status_felipe": "concorreu",
        "cargo_diferente_felipe": false,
        "votos_psd_inicio": 1,
        "votos_psd_fim": 188,
        "delta_psd": 187,
        "pct_delta_psd": 18700,
        "candidacy_status_psd": "concorreu",
        "cargo_diferente_psd": false,
        "map_delta": null,
        "map_abs_delta": null
      },
      "geometry": {
        "type": "Point",
        "coordinates": [
          -43.110746,
          -22.9012326
        ]
      }
    },
    {
      "type": "Feature",
      "properties": {
        "pair": "2016-2020",
        "ano_inicio": 2016,
        "ano_fim": 2020,
        "nr_local": "1651",
        "nm_local": "PH COLÉGIO",
        "bairro": "ICARAÍ",
        "local_status": "end_only",
        "secoes_inicio": 0,
        "secoes_fim": 12,
        "secoes_comuns": 0,
        "secoes_adicionadas": 12,
        "secoes_removidas": 0,
        "secoes_movidas_in": 0,
        "secoes_movidas_out": 0,
        "secao_churn": 1,
        "tipo_inicio": "Municipal",
        "tipo_fim": "Municipal",
        "tipo_par": "Municipal -> Municipal",
        "votos_hugo_inicio": null,
        "votos_hugo_fim": null,
        "delta_hugo": null,
        "pct_delta_hugo": null,
        "candidacy_status_hugo": "nao_concorreu_fim",
        "cargo_diferente_hugo": null,
        "votos_felipe_inicio": 0,
        "votos_felipe_fim": 199,
        "delta_felipe": 199,
        "pct_delta_felipe": null,
        "candidacy_status_felipe": "concorreu",
        "cargo_diferente_felipe": false,
        "votos_psd_inicio": 0,
        "votos_psd_fim": 284,
        "delta_psd": 284,
        "pct_delta_psd": null,
        "candidacy_status_psd": "concorreu",
        "cargo_diferente_psd": false,
        "map_delta": null,
        "map_abs_delta": null
      },
      "geometry": {
        "type": "Point",
        "coordinates": [
          -43.1110377,
          -22.9006508
        ]
      }
    },
    {
      "type": "Feature",
      "properties": {
        "pair": "2016-2020",
        "ano_inicio": 2016,
        "ano_fim": 2020,
        "nr_local": "1660",
        "nm_local": "CLUBE CENTRAL",
        "bairro": "ICARAÍ",
        "local_status": "both",
        "secoes_inicio": 4,
        "secoes_fim": 38,
        "secoes_comuns": 0,
        "secoes_adicionadas": 38,
        "secoes_removidas": 4,
        "secoes_movidas_in": 0,
        "secoes_movidas_out": 0,
        "secao_churn": 1.1053,
        "tipo_inicio": "Municipal",
        "tipo_fim": "Municipal",
        "tipo_par": "Municipal -> Municipal",
        "votos_hugo_inicio": null,
        "votos_hugo_fim": null,
        "delta_hugo": null,
        "pct_delta_hugo": null,
        "candidacy_status_hugo": "nao_concorreu_fim",
        "cargo_diferente_hugo": null,
        "votos_felipe_inicio": 193,
        "votos_felipe_fim": 498,
        "delta_felipe": 305,
        "pct_delta_felipe": 158.03,
        "candidacy_status_felipe": "concorreu",
        "cargo_diferente_felipe": false,
        "votos_psd_inicio": 1,
        "votos_psd_fim": 693,
        "delta_psd": 692,
        "pct_delta_psd": 69200,
        "candidacy_status_psd": "concorreu",
        "cargo_diferente_psd": false,
        "map_delta": null,
        "map_abs_delta": null
      },
      "geometry": {
        "type": "Point",
        "coordinates": [
          -43.111789,
          -22.9075784
        ]
      }
    },
    {
      "type": "Feature",
      "properties": {
        "pair": "2016-2020",
        "ano_inicio": 2016,
        "ano_fim": 2020,
        "nr_local": "1678",
        "nm_local": "LICEU NILO PEÇANHA",
        "bairro": "CENTRO",
        "local_status": "end_only",
        "secoes_inicio": 0,
        "secoes_fim": 17,
        "secoes_comuns": 0,
        "secoes_adicionadas": 17,
        "secoes_removidas": 0,
        "secoes_movidas_in": 0,
        "secoes_movidas_out": 0,
        "secao_churn": 1,
        "tipo_inicio": "Municipal",
        "tipo_fim": "Municipal",
        "tipo_par": "Municipal -> Municipal",
        "votos_hugo_inicio": null,
        "votos_hugo_fim": null,
        "delta_hugo": null,
        "pct_delta_hugo": null,
        "candidacy_status_hugo": "nao_concorreu_fim",
        "cargo_diferente_hugo": null,
        "votos_felipe_inicio": 0,
        "votos_felipe_fim": 296,
        "delta_felipe": 296,
        "pct_delta_felipe": null,
        "candidacy_status_felipe": "concorreu",
        "cargo_diferente_felipe": false,
        "votos_psd_inicio": 0,
        "votos_psd_fim": 373,
        "delta_psd": 373,
        "pct_delta_psd": null,
        "candidacy_status_psd": "concorreu",
        "cargo_diferente_psd": false,
        "map_delta": null,
        "map_abs_delta": null
      },
      "geometry": {
        "type": "Point",
        "coordinates": [
          -43.1165611,
          -22.8935707
        ]
      }
    },
    {
      "type": "Feature",
      "properties": {
        "pair": "2016-2020",
        "ano_inicio": 2016,
        "ano_fim": 2020,
        "nr_local": "1686",
        "nm_local": "COLÉGIO DA POLÍCIA MILITAR",
        "bairro": "FONSECA",
        "local_status": "end_only",
        "secoes_inicio": 0,
        "secoes_fim": 13,
        "secoes_comuns": 0,
        "secoes_adicionadas": 13,
        "secoes_removidas": 0,
        "secoes_movidas_in": 0,
        "secoes_movidas_out": 0,
        "secao_churn": 1,
        "tipo_inicio": "Municipal",
        "tipo_fim": "Municipal",
        "tipo_par": "Municipal -> Municipal",
        "votos_hugo_inicio": null,
        "votos_hugo_fim": null,
        "delta_hugo": null,
        "pct_delta_hugo": null,
        "candidacy_status_hugo": "nao_concorreu_fim",
        "cargo_diferente_hugo": null,
        "votos_felipe_inicio": 0,
        "votos_felipe_fim": 187,
        "delta_felipe": 187,
        "pct_delta_felipe": null,
        "candidacy_status_felipe": "concorreu",
        "cargo_diferente_felipe": false,
        "votos_psd_inicio": 0,
        "votos_psd_fim": 291,
        "delta_psd": 291,
        "pct_delta_psd": null,
        "candidacy_status_psd": "concorreu",
        "cargo_diferente_psd": false,
        "map_delta": null,
        "map_abs_delta": null
      },
      "geometry": {
        "type": "Point",
        "coordinates": [
          -43.0820149,
          -22.8818063
        ]
      }
    },
    {
      "type": "Feature",
      "properties": {
        "pair": "2016-2020",
        "ano_inicio": 2016,
        "ano_fim": 2020,
        "nr_local": "1694",
        "nm_local": "RIO CRICKET",
        "bairro": "INGÁ",
        "local_status": "end_only",
        "secoes_inicio": 0,
        "secoes_fim": 9,
        "secoes_comuns": 0,
        "secoes_adicionadas": 9,
        "secoes_removidas": 0,
        "secoes_movidas_in": 0,
        "secoes_movidas_out": 0,
        "secao_churn": 1,
        "tipo_inicio": "Municipal",
        "tipo_fim": "Municipal",
        "tipo_par": "Municipal -> Municipal",
        "votos_hugo_inicio": null,
        "votos_hugo_fim": null,
        "delta_hugo": null,
        "pct_delta_hugo": null,
        "candidacy_status_hugo": "nao_concorreu_fim",
        "cargo_diferente_hugo": null,
        "votos_felipe_inicio": 0,
        "votos_felipe_fim": 156,
        "delta_felipe": 156,
        "pct_delta_felipe": null,
        "candidacy_status_felipe": "concorreu",
        "cargo_diferente_felipe": false,
        "votos_psd_inicio": 0,
        "votos_psd_fim": 219,
        "delta_psd": 219,
        "pct_delta_psd": null,
        "candidacy_status_psd": "concorreu",
        "cargo_diferente_psd": false,
        "map_delta": null,
        "map_abs_delta": null
      },
      "geometry": {
        "type": "Point",
        "coordinates": [
          -43.1133665,
          -22.8997052
        ]
      }
    },
    {
      "type": "Feature",
      "properties": {
        "pair": "2016-2020",
        "ano_inicio": 2016,
        "ano_fim": 2020,
        "nr_local": "1708",
        "nm_local": "ESCOLA MUNICIPAL JÚLIA CORTINES",
        "bairro": "ICARAÍ",
        "local_status": "end_only",
        "secoes_inicio": 0,
        "secoes_fim": 6,
        "secoes_comuns": 0,
        "secoes_adicionadas": 6,
        "secoes_removidas": 0,
        "secoes_movidas_in": 0,
        "secoes_movidas_out": 0,
        "secao_churn": 1,
        "tipo_inicio": "Municipal",
        "tipo_fim": "Municipal",
        "tipo_par": "Municipal -> Municipal",
        "votos_hugo_inicio": null,
        "votos_hugo_fim": null,
        "delta_hugo": null,
        "pct_delta_hugo": null,
        "candidacy_status_hugo": "nao_concorreu_fim",
        "cargo_diferente_hugo": null,
        "votos_felipe_inicio": 0,
        "votos_felipe_fim": 150,
        "delta_felipe": 150,
        "pct_delta_felipe": null,
        "candidacy_status_felipe": "concorreu",
        "cargo_diferente_felipe": false,
        "votos_psd_inicio": 0,
        "votos_psd_fim": 214,
        "delta_psd": 214,
        "pct_delta_psd": null,
        "candidacy_status_psd": "concorreu",
        "cargo_diferente_psd": false,
        "map_delta": null,
        "map_abs_delta": null
      },
      "geometry": {
        "type": "Point",
        "coordinates": [
          -43.1086717,
          -22.9043592
        ]
      }
    },
    {
      "type": "Feature",
      "properties": {
        "pair": "2016-2020",
        "ano_inicio": 2016,
        "ano_fim": 2020,
        "nr_local": "1716",
        "nm_local": "ESCOLA VIVINFÂNCIA",
        "bairro": "ICARAÍ",
        "local_status": "both",
        "secoes_inicio": 6,
        "secoes_fim": 3,
        "secoes_comuns": 0,
        "secoes_adicionadas": 3,
        "secoes_removidas": 6,
        "secoes_movidas_in": 0,
        "secoes_movidas_out": 0,
        "secao_churn": 1.5,
        "tipo_inicio": "Municipal",
        "tipo_fim": "Municipal",
        "tipo_par": "Municipal -> Municipal",
        "votos_hugo_inicio": null,
        "votos_hugo_fim": null,
        "delta_hugo": null,
        "pct_delta_hugo": null,
        "candidacy_status_hugo": "nao_concorreu_fim",
        "cargo_diferente_hugo": null,
        "votos_felipe_inicio": 755,
        "votos_felipe_fim": 49,
        "delta_felipe": -706,
        "pct_delta_felipe": -93.51,
        "candidacy_status_felipe": "concorreu",
        "cargo_diferente_felipe": false,
        "votos_psd_inicio": 7,
        "votos_psd_fim": 74,
        "delta_psd": 67,
        "pct_delta_psd": 957.14,
        "candidacy_status_psd": "concorreu",
        "cargo_diferente_psd": false,
        "map_delta": null,
        "map_abs_delta": null
      },
      "geometry": {
        "type": "Point",
        "coordinates": [
          -43.1056898,
          -22.9079727
        ]
      }
    },
    {
      "type": "Feature",
      "properties": {
        "pair": "2016-2020",
        "ano_inicio": 2016,
        "ano_fim": 2020,
        "nr_local": "1724",
        "nm_local": "AABB",
        "bairro": "SÃO FRANCISCO",
        "local_status": "end_only",
        "secoes_inicio": 0,
        "secoes_fim": 8,
        "secoes_comuns": 0,
        "secoes_adicionadas": 8,
        "secoes_removidas": 0,
        "secoes_movidas_in": 0,
        "secoes_movidas_out": 0,
        "secao_churn": 1,
        "tipo_inicio": "Municipal",
        "tipo_fim": "Municipal",
        "tipo_par": "Municipal -> Municipal",
        "votos_hugo_inicio": null,
        "votos_hugo_fim": null,
        "delta_hugo": null,
        "pct_delta_hugo": null,
        "candidacy_status_hugo": "nao_concorreu_fim",
        "cargo_diferente_hugo": null,
        "votos_felipe_inicio": 0,
        "votos_felipe_fim": 135,
        "delta_felipe": 135,
        "pct_delta_felipe": null,
        "candidacy_status_felipe": "concorreu",
        "cargo_diferente_felipe": false,
        "votos_psd_inicio": 0,
        "votos_psd_fim": 175,
        "delta_psd": 175,
        "pct_delta_psd": null,
        "candidacy_status_psd": "concorreu",
        "cargo_diferente_psd": false,
        "map_delta": null,
        "map_abs_delta": null
      },
      "geometry": {
        "type": "Point",
        "coordinates": [
          -43.0826083,
          -22.9172823
        ]
      }
    },
    {
      "type": "Feature",
      "properties": {
        "pair": "2016-2020",
        "ano_inicio": 2016,
        "ano_fim": 2020,
        "nr_local": "1732",
        "nm_local": "CLUBE NAVAL",
        "bairro": "JURUJUBA",
        "local_status": "both",
        "secoes_inicio": 3,
        "secoes_fim": 20,
        "secoes_comuns": 0,
        "secoes_adicionadas": 20,
        "secoes_removidas": 3,
        "secoes_movidas_in": 0,
        "secoes_movidas_out": 0,
        "secao_churn": 1.15,
        "tipo_inicio": "Municipal",
        "tipo_fim": "Municipal",
        "tipo_par": "Municipal -> Municipal",
        "votos_hugo_inicio": null,
        "votos_hugo_fim": null,
        "delta_hugo": null,
        "pct_delta_hugo": null,
        "candidacy_status_hugo": "nao_concorreu_fim",
        "cargo_diferente_hugo": null,
        "votos_felipe_inicio": 332,
        "votos_felipe_fim": 203,
        "delta_felipe": -129,
        "pct_delta_felipe": -38.86,
        "candidacy_status_felipe": "concorreu",
        "cargo_diferente_felipe": false,
        "votos_psd_inicio": 2,
        "votos_psd_fim": 288,
        "delta_psd": 286,
        "pct_delta_psd": 14300,
        "candidacy_status_psd": "concorreu",
        "cargo_diferente_psd": false,
        "map_delta": null,
        "map_abs_delta": null
      },
      "geometry": {
        "type": "Point",
        "coordinates": [
          -43.1068139,
          -22.935737
        ]
      }
    },
    {
      "type": "Feature",
      "properties": {
        "pair": "2016-2020",
        "ano_inicio": 2016,
        "ano_fim": 2020,
        "nr_local": "1740",
        "nm_local": "ESCOLA MUNICIPAL PROFESSORA ELVIRA LÚCIA ESTEVES DE VASCONCELOS",
        "bairro": "ICARAÍ",
        "local_status": "both",
        "secoes_inicio": 1,
        "secoes_fim": 9,
        "secoes_comuns": 0,
        "secoes_adicionadas": 9,
        "secoes_removidas": 1,
        "secoes_movidas_in": 0,
        "secoes_movidas_out": 0,
        "secao_churn": 1.1111,
        "tipo_inicio": "Municipal",
        "tipo_fim": "Municipal",
        "tipo_par": "Municipal -> Municipal",
        "votos_hugo_inicio": null,
        "votos_hugo_fim": null,
        "delta_hugo": null,
        "pct_delta_hugo": null,
        "candidacy_status_hugo": "nao_concorreu_fim",
        "cargo_diferente_hugo": null,
        "votos_felipe_inicio": 123,
        "votos_felipe_fim": 120,
        "delta_felipe": -3,
        "pct_delta_felipe": -2.44,
        "candidacy_status_felipe": "concorreu",
        "cargo_diferente_felipe": false,
        "votos_psd_inicio": 3,
        "votos_psd_fim": 174,
        "delta_psd": 171,
        "pct_delta_psd": 5700,
        "candidacy_status_psd": "concorreu",
        "cargo_diferente_psd": false,
        "map_delta": null,
        "map_abs_delta": null
      },
      "geometry": {
        "type": "Point",
        "coordinates": [
          -43.1073245,
          -22.9111671
        ]
      }
    },
    {
      "type": "Feature",
      "properties": {
        "pair": "2016-2020",
        "ano_inicio": 2016,
        "ano_fim": 2020,
        "nr_local": "1759",
        "nm_local": "COLÉGIO MV1",
        "bairro": "ICARAÍ",
        "local_status": "end_only",
        "secoes_inicio": 0,
        "secoes_fim": 17,
        "secoes_comuns": 0,
        "secoes_adicionadas": 17,
        "secoes_removidas": 0,
        "secoes_movidas_in": 0,
        "secoes_movidas_out": 0,
        "secao_churn": 1,
        "tipo_inicio": "Municipal",
        "tipo_fim": "Municipal",
        "tipo_par": "Municipal -> Municipal",
        "votos_hugo_inicio": null,
        "votos_hugo_fim": null,
        "delta_hugo": null,
        "pct_delta_hugo": null,
        "candidacy_status_hugo": "nao_concorreu_fim",
        "cargo_diferente_hugo": null,
        "votos_felipe_inicio": 0,
        "votos_felipe_fim": 213,
        "delta_felipe": 213,
        "pct_delta_felipe": null,
        "candidacy_status_felipe": "concorreu",
        "cargo_diferente_felipe": false,
        "votos_psd_inicio": 0,
        "votos_psd_fim": 312,
        "delta_psd": 312,
        "pct_delta_psd": null,
        "candidacy_status_psd": "concorreu",
        "cargo_diferente_psd": false,
        "map_delta": null,
        "map_abs_delta": null
      },
      "geometry": {
        "type": "Point",
        "coordinates": [
          -43.1058651,
          -22.9079111
        ]
      }
    },
    {
      "type": "Feature",
      "properties": {
        "pair": "2016-2020",
        "ano_inicio": 2016,
        "ano_fim": 2020,
        "nr_local": "1767",
        "nm_local": "COLÉGIO ASSUNÇÃO",
        "bairro": "SÃO FRANCISCO",
        "local_status": "end_only",
        "secoes_inicio": 0,
        "secoes_fim": 15,
        "secoes_comuns": 0,
        "secoes_adicionadas": 15,
        "secoes_removidas": 0,
        "secoes_movidas_in": 0,
        "secoes_movidas_out": 0,
        "secao_churn": 1,
        "tipo_inicio": "Municipal",
        "tipo_fim": "Municipal",
        "tipo_par": "Municipal -> Municipal",
        "votos_hugo_inicio": null,
        "votos_hugo_fim": null,
        "delta_hugo": null,
        "pct_delta_hugo": null,
        "candidacy_status_hugo": "nao_concorreu_fim",
        "cargo_diferente_hugo": null,
        "votos_felipe_inicio": 0,
        "votos_felipe_fim": 211,
        "delta_felipe": 211,
        "pct_delta_felipe": null,
        "candidacy_status_felipe": "concorreu",
        "cargo_diferente_felipe": false,
        "votos_psd_inicio": 0,
        "votos_psd_fim": 317,
        "delta_psd": 317,
        "pct_delta_psd": null,
        "candidacy_status_psd": "concorreu",
        "cargo_diferente_psd": false,
        "map_delta": null,
        "map_abs_delta": null
      },
      "geometry": {
        "type": "Point",
        "coordinates": [
          -43.0926525,
          -22.9208239
        ]
      }
    },
    {
      "type": "Feature",
      "properties": {
        "pair": "2016-2020",
        "ano_inicio": 2016,
        "ano_fim": 2020,
        "nr_local": "1775",
        "nm_local": "ESCOLA ESTADUAL CIZÍNIO SOARES PINTO",
        "bairro": "SÃO FRANCISCO",
        "local_status": "end_only",
        "secoes_inicio": 0,
        "secoes_fim": 7,
        "secoes_comuns": 0,
        "secoes_adicionadas": 7,
        "secoes_removidas": 0,
        "secoes_movidas_in": 0,
        "secoes_movidas_out": 0,
        "secao_churn": 1,
        "tipo_inicio": "Municipal",
        "tipo_fim": "Municipal",
        "tipo_par": "Municipal -> Municipal",
        "votos_hugo_inicio": null,
        "votos_hugo_fim": null,
        "delta_hugo": null,
        "pct_delta_hugo": null,
        "candidacy_status_hugo": "nao_concorreu_fim",
        "cargo_diferente_hugo": null,
        "votos_felipe_inicio": 0,
        "votos_felipe_fim": 128,
        "delta_felipe": 128,
        "pct_delta_felipe": null,
        "candidacy_status_felipe": "concorreu",
        "cargo_diferente_felipe": false,
        "votos_psd_inicio": 0,
        "votos_psd_fim": 177,
        "delta_psd": 177,
        "pct_delta_psd": null,
        "candidacy_status_psd": "concorreu",
        "cargo_diferente_psd": false,
        "map_delta": null,
        "map_abs_delta": null
      },
      "geometry": {
        "type": "Point",
        "coordinates": [
          -43.093934,
          -22.9147594
        ]
      }
    },
    {
      "type": "Feature",
      "properties": {
        "pair": "2016-2020",
        "ano_inicio": 2016,
        "ano_fim": 2020,
        "nr_local": "1783",
        "nm_local": "SOCIEDADE BRASILEIRA DE CULTURA INGLESA",
        "bairro": "ICARAÍ",
        "local_status": "end_only",
        "secoes_inicio": 0,
        "secoes_fim": 4,
        "secoes_comuns": 0,
        "secoes_adicionadas": 4,
        "secoes_removidas": 0,
        "secoes_movidas_in": 0,
        "secoes_movidas_out": 0,
        "secao_churn": 1,
        "tipo_inicio": "Municipal",
        "tipo_fim": "Municipal",
        "tipo_par": "Municipal -> Municipal",
        "votos_hugo_inicio": null,
        "votos_hugo_fim": null,
        "delta_hugo": null,
        "pct_delta_hugo": null,
        "candidacy_status_hugo": "nao_concorreu_fim",
        "cargo_diferente_hugo": null,
        "votos_felipe_inicio": 0,
        "votos_felipe_fim": 57,
        "delta_felipe": 57,
        "pct_delta_felipe": null,
        "candidacy_status_felipe": "concorreu",
        "cargo_diferente_felipe": false,
        "votos_psd_inicio": 0,
        "votos_psd_fim": 87,
        "delta_psd": 87,
        "pct_delta_psd": null,
        "candidacy_status_psd": "concorreu",
        "cargo_diferente_psd": false,
        "map_delta": null,
        "map_abs_delta": null
      },
      "geometry": {
        "type": "Point",
        "coordinates": [
          -43.1111859,
          -22.9075527
        ]
      }
    },
    {
      "type": "Feature",
      "properties": {
        "pair": "2018-2022",
        "ano_inicio": 2018,
        "ano_fim": 2022,
        "nr_local": "1015",
        "nm_local": "INSTITUTO JCA",
        "bairro": "SANTA BARBARA",
        "local_status": "both",
        "secoes_inicio": 34,
        "secoes_fim": 27,
        "secoes_comuns": 27,
        "secoes_adicionadas": 0,
        "secoes_removidas": 7,
        "secoes_movidas_in": 0,
        "secoes_movidas_out": 0,
        "secao_churn": 0.2059,
        "tipo_inicio": "Geral",
        "tipo_fim": "Geral",
        "tipo_par": "Geral -> Geral",
        "votos_hugo_inicio": 51,
        "votos_hugo_fim": 17,
        "delta_hugo": -34,
        "pct_delta_hugo": -66.67,
        "candidacy_status_hugo": "concorreu",
        "cargo_diferente_hugo": false,
        "votos_felipe_inicio": 461,
        "votos_felipe_fim": 317,
        "delta_felipe": -144,
        "pct_delta_felipe": -31.24,
        "candidacy_status_felipe": "concorreu",
        "cargo_diferente_felipe": true,
        "votos_psd_inicio": 3290,
        "votos_psd_fim": 1352,
        "delta_psd": -1938,
        "pct_delta_psd": -58.91,
        "candidacy_status_psd": "concorreu",
        "cargo_diferente_psd": false,
        "map_delta": -34,
        "map_abs_delta": 34
      },
      "geometry": {
        "type": "Point",
        "coordinates": [
          -43.0585179,
          -22.882301
        ]
      }
    },
    {
      "type": "Feature",
      "properties": {
        "pair": "2018-2022",
        "ano_inicio": 2018,
        "ano_fim": 2022,
        "nr_local": "1023",
        "nm_local": "PAROQUIA DE SAO JOAO BATISTA",
        "bairro": "TENENTE JARDIM",
        "local_status": "both",
        "secoes_inicio": 10,
        "secoes_fim": 10,
        "secoes_comuns": 10,
        "secoes_adicionadas": 0,
        "secoes_removidas": 0,
        "secoes_movidas_in": 0,
        "secoes_movidas_out": 0,
        "secao_churn": 0,
        "tipo_inicio": "Geral",
        "tipo_fim": "Geral",
        "tipo_par": "Geral -> Geral",
        "votos_hugo_inicio": 3,
        "votos_hugo_fim": 6,
        "delta_hugo": 3,
        "pct_delta_hugo": 100,
        "candidacy_status_hugo": "concorreu",
        "cargo_diferente_hugo": false,
        "votos_felipe_inicio": 54,
        "votos_felipe_fim": 36,
        "delta_felipe": -18,
        "pct_delta_felipe": -33.33,
        "candidacy_status_felipe": "concorreu",
        "cargo_diferente_felipe": true,
        "votos_psd_inicio": 846,
        "votos_psd_fim": 285,
        "delta_psd": -561,
        "pct_delta_psd": -66.31,
        "candidacy_status_psd": "concorreu",
        "cargo_diferente_psd": false,
        "map_delta": 3,
        "map_abs_delta": 3
      },
      "geometry": {
        "type": "Point",
        "coordinates": [
          -43.0827273,
          -22.8639855
        ]
      }
    },
    {
      "type": "Feature",
      "properties": {
        "pair": "2018-2022",
        "ano_inicio": 2018,
        "ano_fim": 2022,
        "nr_local": "1031",
        "nm_local": "(PRÉDIO NOVO) COLÉGIO PEDRO II UNIDADE NITERÓI",
        "bairro": "BARRETO",
        "local_status": "both",
        "secoes_inicio": 23,
        "secoes_fim": 39,
        "secoes_comuns": 23,
        "secoes_adicionadas": 16,
        "secoes_removidas": 0,
        "secoes_movidas_in": 16,
        "secoes_movidas_out": 0,
        "secao_churn": 0.4103,
        "tipo_inicio": "Geral",
        "tipo_fim": "Geral",
        "tipo_par": "Geral -> Geral",
        "votos_hugo_inicio": 26,
        "votos_hugo_fim": 17,
        "delta_hugo": -9,
        "pct_delta_hugo": -34.62,
        "candidacy_status_hugo": "concorreu",
        "cargo_diferente_hugo": false,
        "votos_felipe_inicio": 118,
        "votos_felipe_fim": 124,
        "delta_felipe": 6,
        "pct_delta_felipe": 5.08,
        "candidacy_status_felipe": "concorreu",
        "cargo_diferente_felipe": true,
        "votos_psd_inicio": 2407,
        "votos_psd_fim": 939,
        "delta_psd": -1468,
        "pct_delta_psd": -60.99,
        "candidacy_status_psd": "concorreu",
        "cargo_diferente_psd": false,
        "map_delta": -9,
        "map_abs_delta": 9
      },
      "geometry": {
        "type": "Point",
        "coordinates": [
          -43.1037833,
          -22.8685685
        ]
      }
    },
    {
      "type": "Feature",
      "properties": {
        "pair": "2018-2022",
        "ano_inicio": 2018,
        "ano_fim": 2022,
        "nr_local": "1040",
        "nm_local": "CIEP 447 - CARAMUJO",
        "bairro": "CARAMUJO",
        "local_status": "both",
        "secoes_inicio": 17,
        "secoes_fim": 17,
        "secoes_comuns": 17,
        "secoes_adicionadas": 0,
        "secoes_removidas": 0,
        "secoes_movidas_in": 0,
        "secoes_movidas_out": 0,
        "secao_churn": 0,
        "tipo_inicio": "Geral",
        "tipo_fim": "Geral",
        "tipo_par": "Geral -> Geral",
        "votos_hugo_inicio": 3,
        "votos_hugo_fim": 4,
        "delta_hugo": 1,
        "pct_delta_hugo": 33.33,
        "candidacy_status_hugo": "concorreu",
        "cargo_diferente_hugo": false,
        "votos_felipe_inicio": 51,
        "votos_felipe_fim": 27,
        "delta_felipe": -24,
        "pct_delta_felipe": -47.06,
        "candidacy_status_felipe": "concorreu",
        "cargo_diferente_felipe": true,
        "votos_psd_inicio": 2222,
        "votos_psd_fim": 400,
        "delta_psd": -1822,
        "pct_delta_psd": -82,
        "candidacy_status_psd": "concorreu",
        "cargo_diferente_psd": false,
        "map_delta": 1,
        "map_abs_delta": 1
      },
      "geometry": {
        "type": "Point",
        "coordinates": [
          -43.065134,
          -22.8827294
        ]
      }
    },
    {
      "type": "Feature",
      "properties": {
        "pair": "2018-2022",
        "ano_inicio": 2018,
        "ano_fim": 2022,
        "nr_local": "1066",
        "nm_local": "ITACOATIARA PAMPO CLUBE",
        "bairro": "ITACOATIARA",
        "local_status": "both",
        "secoes_inicio": 7,
        "secoes_fim": 7,
        "secoes_comuns": 7,
        "secoes_adicionadas": 0,
        "secoes_removidas": 0,
        "secoes_movidas_in": 0,
        "secoes_movidas_out": 0,
        "secao_churn": 0,
        "tipo_inicio": "Geral",
        "tipo_fim": "Geral",
        "tipo_par": "Geral -> Geral",
        "votos_hugo_inicio": 7,
        "votos_hugo_fim": 1,
        "delta_hugo": -6,
        "pct_delta_hugo": -85.71,
        "candidacy_status_hugo": "concorreu",
        "cargo_diferente_hugo": false,
        "votos_felipe_inicio": 183,
        "votos_felipe_fim": 148,
        "delta_felipe": -35,
        "pct_delta_felipe": -19.13,
        "candidacy_status_felipe": "concorreu",
        "cargo_diferente_felipe": true,
        "votos_psd_inicio": 660,
        "votos_psd_fim": 390,
        "delta_psd": -270,
        "pct_delta_psd": -40.91,
        "candidacy_status_psd": "concorreu",
        "cargo_diferente_psd": false,
        "map_delta": -6,
        "map_abs_delta": 6
      },
      "geometry": {
        "type": "Point",
        "coordinates": [
          -43.0332117,
          -22.9646939
        ]
      }
    },
    {
      "type": "Feature",
      "properties": {
        "pair": "2018-2022",
        "ano_inicio": 2018,
        "ano_fim": 2022,
        "nr_local": "1074",
        "nm_local": "COLEGIO ESTADUAL PAULO ASSIS RIBEIRO",
        "bairro": "BADU",
        "local_status": "both",
        "secoes_inicio": 27,
        "secoes_fim": 27,
        "secoes_comuns": 27,
        "secoes_adicionadas": 0,
        "secoes_removidas": 0,
        "secoes_movidas_in": 0,
        "secoes_movidas_out": 0,
        "secao_churn": 0,
        "tipo_inicio": "Geral",
        "tipo_fim": "Geral",
        "tipo_par": "Geral -> Geral",
        "votos_hugo_inicio": 16,
        "votos_hugo_fim": 20,
        "delta_hugo": 4,
        "pct_delta_hugo": 25,
        "candidacy_status_hugo": "concorreu",
        "cargo_diferente_hugo": false,
        "votos_felipe_inicio": 250,
        "votos_felipe_fim": 182,
        "delta_felipe": -68,
        "pct_delta_felipe": -27.2,
        "candidacy_status_felipe": "concorreu",
        "cargo_diferente_felipe": true,
        "votos_psd_inicio": 3490,
        "votos_psd_fim": 1013,
        "delta_psd": -2477,
        "pct_delta_psd": -70.97,
        "candidacy_status_psd": "concorreu",
        "cargo_diferente_psd": false,
        "map_delta": 4,
        "map_abs_delta": 4
      },
      "geometry": {
        "type": "Point",
        "coordinates": [
          -43.0573891,
          -22.9068537
        ]
      }
    },
    {
      "type": "Feature",
      "properties": {
        "pair": "2018-2022",
        "ano_inicio": 2018,
        "ano_fim": 2022,
        "nr_local": "1082",
        "nm_local": "UMEI DR PAULO CESAR DE ALMEIDA PIMENTEL",
        "bairro": "ITAIPU",
        "local_status": "both",
        "secoes_inicio": 13,
        "secoes_fim": 11,
        "secoes_comuns": 11,
        "secoes_adicionadas": 0,
        "secoes_removidas": 2,
        "secoes_movidas_in": 0,
        "secoes_movidas_out": 0,
        "secao_churn": 0.1538,
        "tipo_inicio": "Geral",
        "tipo_fim": "Geral",
        "tipo_par": "Geral -> Geral",
        "votos_hugo_inicio": 8,
        "votos_hugo_fim": 6,
        "delta_hugo": -2,
        "pct_delta_hugo": -25,
        "candidacy_status_hugo": "concorreu",
        "cargo_diferente_hugo": false,
        "votos_felipe_inicio": 127,
        "votos_felipe_fim": 83,
        "delta_felipe": -44,
        "pct_delta_felipe": -34.65,
        "candidacy_status_felipe": "concorreu",
        "cargo_diferente_felipe": true,
        "votos_psd_inicio": 1017,
        "votos_psd_fim": 311,
        "delta_psd": -706,
        "pct_delta_psd": -69.42,
        "candidacy_status_psd": "concorreu",
        "cargo_diferente_psd": false,
        "map_delta": -2,
        "map_abs_delta": 2
      },
      "geometry": {
        "type": "Point",
        "coordinates": [
          -43.0327165,
          -22.9614459
        ]
      }
    },
    {
      "type": "Feature",
      "properties": {
        "pair": "2018-2022",
        "ano_inicio": 2018,
        "ano_fim": 2022,
        "nr_local": "1090",
        "nm_local": "COLÉGIO ESTADUAL PROFESSORA ALCINA RODRIGUES LIMA",
        "bairro": "ITAIPU",
        "local_status": "both",
        "secoes_inicio": 28,
        "secoes_fim": 21,
        "secoes_comuns": 21,
        "secoes_adicionadas": 0,
        "secoes_removidas": 7,
        "secoes_movidas_in": 0,
        "secoes_movidas_out": 0,
        "secao_churn": 0.25,
        "tipo_inicio": "Geral",
        "tipo_fim": "Geral",
        "tipo_par": "Geral -> Geral",
        "votos_hugo_inicio": 28,
        "votos_hugo_fim": 19,
        "delta_hugo": -9,
        "pct_delta_hugo": -32.14,
        "candidacy_status_hugo": "concorreu",
        "cargo_diferente_hugo": false,
        "votos_felipe_inicio": 205,
        "votos_felipe_fim": 127,
        "delta_felipe": -78,
        "pct_delta_felipe": -38.05,
        "candidacy_status_felipe": "concorreu",
        "cargo_diferente_felipe": true,
        "votos_psd_inicio": 2356,
        "votos_psd_fim": 681,
        "delta_psd": -1675,
        "pct_delta_psd": -71.1,
        "candidacy_status_psd": "concorreu",
        "cargo_diferente_psd": false,
        "map_delta": -9,
        "map_abs_delta": 9
      },
      "geometry": {
        "type": "Point",
        "coordinates": [
          -43.0285072,
          -22.9528491
        ]
      }
    },
    {
      "type": "Feature",
      "properties": {
        "pair": "2018-2022",
        "ano_inicio": 2018,
        "ano_fim": 2022,
        "nr_local": "1104",
        "nm_local": "ESCOLA MUNICIPAL ALTIVO CESAR",
        "bairro": "BARRETO",
        "local_status": "both",
        "secoes_inicio": 25,
        "secoes_fim": 26,
        "secoes_comuns": 25,
        "secoes_adicionadas": 1,
        "secoes_removidas": 0,
        "secoes_movidas_in": 0,
        "secoes_movidas_out": 0,
        "secao_churn": 0.0385,
        "tipo_inicio": "Geral",
        "tipo_fim": "Geral",
        "tipo_par": "Geral -> Geral",
        "votos_hugo_inicio": 26,
        "votos_hugo_fim": 20,
        "delta_hugo": -6,
        "pct_delta_hugo": -23.08,
        "candidacy_status_hugo": "concorreu",
        "cargo_diferente_hugo": false,
        "votos_felipe_inicio": 245,
        "votos_felipe_fim": 211,
        "delta_felipe": -34,
        "pct_delta_felipe": -13.88,
        "candidacy_status_felipe": "concorreu",
        "cargo_diferente_felipe": true,
        "votos_psd_inicio": 2205,
        "votos_psd_fim": 985,
        "delta_psd": -1220,
        "pct_delta_psd": -55.33,
        "candidacy_status_psd": "concorreu",
        "cargo_diferente_psd": false,
        "map_delta": -6,
        "map_abs_delta": 6
      },
      "geometry": {
        "type": "Point",
        "coordinates": [
          -43.0995714,
          -22.8645343
        ]
      }
    },
    {
      "type": "Feature",
      "properties": {
        "pair": "2018-2022",
        "ano_inicio": 2018,
        "ano_fim": 2022,
        "nr_local": "1112",
        "nm_local": "COLÉGIO SALESIANO REGIÃO OCEÂNICA",
        "bairro": "PIRATININGA",
        "local_status": "both",
        "secoes_inicio": 38,
        "secoes_fim": 38,
        "secoes_comuns": 38,
        "secoes_adicionadas": 0,
        "secoes_removidas": 0,
        "secoes_movidas_in": 0,
        "secoes_movidas_out": 0,
        "secao_churn": 0,
        "tipo_inicio": "Geral",
        "tipo_fim": "Geral",
        "tipo_par": "Geral -> Geral",
        "votos_hugo_inicio": 23,
        "votos_hugo_fim": 22,
        "delta_hugo": -1,
        "pct_delta_hugo": -4.35,
        "candidacy_status_hugo": "concorreu",
        "cargo_diferente_hugo": false,
        "votos_felipe_inicio": 421,
        "votos_felipe_fim": 273,
        "delta_felipe": -148,
        "pct_delta_felipe": -35.15,
        "candidacy_status_felipe": "concorreu",
        "cargo_diferente_felipe": true,
        "votos_psd_inicio": 4882,
        "votos_psd_fim": 1152,
        "delta_psd": -3730,
        "pct_delta_psd": -76.4,
        "candidacy_status_psd": "concorreu",
        "cargo_diferente_psd": false,
        "map_delta": -1,
        "map_abs_delta": 1
      },
      "geometry": {
        "type": "Point",
        "coordinates": [
          -43.0618731,
          -22.9393022
        ]
      }
    },
    {
      "type": "Feature",
      "properties": {
        "pair": "2018-2022",
        "ano_inicio": 2018,
        "ano_fim": 2022,
        "nr_local": "1120",
        "nm_local": "COLÉGIO ESTADUAL ALMIRANTE TAMANDARÉ",
        "bairro": "PIRATININGA",
        "local_status": "both",
        "secoes_inicio": 11,
        "secoes_fim": 11,
        "secoes_comuns": 11,
        "secoes_adicionadas": 0,
        "secoes_removidas": 0,
        "secoes_movidas_in": 0,
        "secoes_movidas_out": 0,
        "secao_churn": 0,
        "tipo_inicio": "Geral",
        "tipo_fim": "Geral",
        "tipo_par": "Geral -> Geral",
        "votos_hugo_inicio": 11,
        "votos_hugo_fim": 11,
        "delta_hugo": 0,
        "pct_delta_hugo": 0,
        "candidacy_status_hugo": "concorreu",
        "cargo_diferente_hugo": false,
        "votos_felipe_inicio": 162,
        "votos_felipe_fim": 83,
        "delta_felipe": -79,
        "pct_delta_felipe": -48.77,
        "candidacy_status_felipe": "concorreu",
        "cargo_diferente_felipe": true,
        "votos_psd_inicio": 1226,
        "votos_psd_fim": 303,
        "delta_psd": -923,
        "pct_delta_psd": -75.29,
        "candidacy_status_psd": "concorreu",
        "cargo_diferente_psd": false,
        "map_delta": 0,
        "map_abs_delta": 0
      },
      "geometry": {
        "type": "Point",
        "coordinates": [
          -43.0916732,
          -22.9512083
        ]
      }
    },
    {
      "type": "Feature",
      "properties": {
        "pair": "2018-2022",
        "ano_inicio": 2018,
        "ano_fim": 2022,
        "nr_local": "1139",
        "nm_local": "ESCOLA MUNICIPAL FRANCISCO PORTUGAL NEVES",
        "bairro": "PIRATININGA",
        "local_status": "both",
        "secoes_inicio": 10,
        "secoes_fim": 10,
        "secoes_comuns": 10,
        "secoes_adicionadas": 0,
        "secoes_removidas": 0,
        "secoes_movidas_in": 0,
        "secoes_movidas_out": 0,
        "secao_churn": 0,
        "tipo_inicio": "Geral",
        "tipo_fim": "Geral",
        "tipo_par": "Geral -> Geral",
        "votos_hugo_inicio": 13,
        "votos_hugo_fim": 16,
        "delta_hugo": 3,
        "pct_delta_hugo": 23.08,
        "candidacy_status_hugo": "concorreu",
        "cargo_diferente_hugo": false,
        "votos_felipe_inicio": 140,
        "votos_felipe_fim": 82,
        "delta_felipe": -58,
        "pct_delta_felipe": -41.43,
        "candidacy_status_felipe": "concorreu",
        "cargo_diferente_felipe": true,
        "votos_psd_inicio": 1367,
        "votos_psd_fim": 315,
        "delta_psd": -1052,
        "pct_delta_psd": -76.96,
        "candidacy_status_psd": "concorreu",
        "cargo_diferente_psd": false,
        "map_delta": 3,
        "map_abs_delta": 3
      },
      "geometry": {
        "type": "Point",
        "coordinates": [
          -43.056665,
          -22.942363
        ]
      }
    },
    {
      "type": "Feature",
      "properties": {
        "pair": "2018-2022",
        "ano_inicio": 2018,
        "ano_fim": 2022,
        "nr_local": "1147",
        "nm_local": "ESCOLA MUNICIPAL VERA LUCIA MACHADO",
        "bairro": "BADU",
        "local_status": "both",
        "secoes_inicio": 8,
        "secoes_fim": 8,
        "secoes_comuns": 8,
        "secoes_adicionadas": 0,
        "secoes_removidas": 0,
        "secoes_movidas_in": 0,
        "secoes_movidas_out": 0,
        "secao_churn": 0,
        "tipo_inicio": "Geral",
        "tipo_fim": "Geral",
        "tipo_par": "Geral -> Geral",
        "votos_hugo_inicio": 1,
        "votos_hugo_fim": 8,
        "delta_hugo": 7,
        "pct_delta_hugo": 700,
        "candidacy_status_hugo": "concorreu",
        "cargo_diferente_hugo": false,
        "votos_felipe_inicio": 42,
        "votos_felipe_fim": 13,
        "delta_felipe": -29,
        "pct_delta_felipe": -69.05,
        "candidacy_status_felipe": "concorreu",
        "cargo_diferente_felipe": true,
        "votos_psd_inicio": 1117,
        "votos_psd_fim": 258,
        "delta_psd": -859,
        "pct_delta_psd": -76.9,
        "candidacy_status_psd": "concorreu",
        "cargo_diferente_psd": false,
        "map_delta": 7,
        "map_abs_delta": 7
      },
      "geometry": {
        "type": "Point",
        "coordinates": [
          -43.0500355,
          -22.9045
        ]
      }
    },
    {
      "type": "Feature",
      "properties": {
        "pair": "2018-2022",
        "ano_inicio": 2018,
        "ano_fim": 2022,
        "nr_local": "1155",
        "nm_local": "COLÉGIO ITAPUCA",
        "bairro": "PIRATININGA",
        "local_status": "both",
        "secoes_inicio": 15,
        "secoes_fim": 15,
        "secoes_comuns": 15,
        "secoes_adicionadas": 0,
        "secoes_removidas": 0,
        "secoes_movidas_in": 0,
        "secoes_movidas_out": 0,
        "secao_churn": 0,
        "tipo_inicio": "Geral",
        "tipo_fim": "Geral",
        "tipo_par": "Geral -> Geral",
        "votos_hugo_inicio": 13,
        "votos_hugo_fim": 15,
        "delta_hugo": 2,
        "pct_delta_hugo": 15.38,
        "candidacy_status_hugo": "concorreu",
        "cargo_diferente_hugo": false,
        "votos_felipe_inicio": 202,
        "votos_felipe_fim": 166,
        "delta_felipe": -36,
        "pct_delta_felipe": -17.82,
        "candidacy_status_felipe": "concorreu",
        "cargo_diferente_felipe": true,
        "votos_psd_inicio": 1607,
        "votos_psd_fim": 580,
        "delta_psd": -1027,
        "pct_delta_psd": -63.91,
        "candidacy_status_psd": "concorreu",
        "cargo_diferente_psd": false,
        "map_delta": 2,
        "map_abs_delta": 2
      },
      "geometry": {
        "type": "Point",
        "coordinates": [
          -43.0593249,
          -22.9437854
        ]
      }
    },
    {
      "type": "Feature",
      "properties": {
        "pair": "2018-2022",
        "ano_inicio": 2018,
        "ano_fim": 2022,
        "nr_local": "1163",
        "nm_local": "COLÉGIO ESTADUAL CONSELHEIRO MACEDO SOARES",
        "bairro": "BARRETO",
        "local_status": "both",
        "secoes_inicio": 17,
        "secoes_fim": 17,
        "secoes_comuns": 17,
        "secoes_adicionadas": 0,
        "secoes_removidas": 0,
        "secoes_movidas_in": 0,
        "secoes_movidas_out": 0,
        "secao_churn": 0,
        "tipo_inicio": "Geral",
        "tipo_fim": "Geral",
        "tipo_par": "Geral -> Geral",
        "votos_hugo_inicio": 8,
        "votos_hugo_fim": 6,
        "delta_hugo": -2,
        "pct_delta_hugo": -25,
        "candidacy_status_hugo": "concorreu",
        "cargo_diferente_hugo": false,
        "votos_felipe_inicio": 33,
        "votos_felipe_fim": 49,
        "delta_felipe": 16,
        "pct_delta_felipe": 48.48,
        "candidacy_status_felipe": "concorreu",
        "cargo_diferente_felipe": true,
        "votos_psd_inicio": 1901,
        "votos_psd_fim": 446,
        "delta_psd": -1455,
        "pct_delta_psd": -76.54,
        "candidacy_status_psd": "concorreu",
        "cargo_diferente_psd": false,
        "map_delta": -2,
        "map_abs_delta": 2
      },
      "geometry": {
        "type": "Point",
        "coordinates": [
          -43.0924035,
          -22.8622231
        ]
      }
    },
    {
      "type": "Feature",
      "properties": {
        "pair": "2018-2022",
        "ano_inicio": 2018,
        "ano_fim": 2022,
        "nr_local": "1171",
        "nm_local": "ESCOLA MUNICIPAL ANTONIO COUTINHO DE AZEVEDO",
        "bairro": "SANTA BARBARA",
        "local_status": "both",
        "secoes_inicio": 17,
        "secoes_fim": 17,
        "secoes_comuns": 17,
        "secoes_adicionadas": 0,
        "secoes_removidas": 0,
        "secoes_movidas_in": 0,
        "secoes_movidas_out": 0,
        "secao_churn": 0,
        "tipo_inicio": "Geral",
        "tipo_fim": "Geral",
        "tipo_par": "Geral -> Geral",
        "votos_hugo_inicio": 13,
        "votos_hugo_fim": 10,
        "delta_hugo": -3,
        "pct_delta_hugo": -23.08,
        "candidacy_status_hugo": "concorreu",
        "cargo_diferente_hugo": false,
        "votos_felipe_inicio": 76,
        "votos_felipe_fim": 55,
        "delta_felipe": -21,
        "pct_delta_felipe": -27.63,
        "candidacy_status_felipe": "concorreu",
        "cargo_diferente_felipe": true,
        "votos_psd_inicio": 1933,
        "votos_psd_fim": 369,
        "delta_psd": -1564,
        "pct_delta_psd": -80.91,
        "candidacy_status_psd": "concorreu",
        "cargo_diferente_psd": false,
        "map_delta": -3,
        "map_abs_delta": 3
      },
      "geometry": {
        "type": "Point",
        "coordinates": [
          -43.04869,
          -22.8756043
        ]
      }
    },
    {
      "type": "Feature",
      "properties": {
        "pair": "2018-2022",
        "ano_inicio": 2018,
        "ano_fim": 2022,
        "nr_local": "1180",
        "nm_local": "ESCOLA MUNICIPAL RACHIDE DA GLORIA SALIM SAKER",
        "bairro": "SANTA BARBARA",
        "local_status": "both",
        "secoes_inicio": 8,
        "secoes_fim": 8,
        "secoes_comuns": 8,
        "secoes_adicionadas": 0,
        "secoes_removidas": 0,
        "secoes_movidas_in": 0,
        "secoes_movidas_out": 0,
        "secao_churn": 0,
        "tipo_inicio": "Geral",
        "tipo_fim": "Geral",
        "tipo_par": "Geral -> Geral",
        "votos_hugo_inicio": 9,
        "votos_hugo_fim": 3,
        "delta_hugo": -6,
        "pct_delta_hugo": -66.67,
        "candidacy_status_hugo": "concorreu",
        "cargo_diferente_hugo": false,
        "votos_felipe_inicio": 34,
        "votos_felipe_fim": 10,
        "delta_felipe": -24,
        "pct_delta_felipe": -70.59,
        "candidacy_status_felipe": "concorreu",
        "cargo_diferente_felipe": true,
        "votos_psd_inicio": 1098,
        "votos_psd_fim": 149,
        "delta_psd": -949,
        "pct_delta_psd": -86.43,
        "candidacy_status_psd": "concorreu",
        "cargo_diferente_psd": false,
        "map_delta": -6,
        "map_abs_delta": 6
      },
      "geometry": {
        "type": "Point",
        "coordinates": [
          -43.0488967,
          -22.8766134
        ]
      }
    },
    {
      "type": "Feature",
      "properties": {
        "pair": "2018-2022",
        "ano_inicio": 2018,
        "ano_fim": 2022,
        "nr_local": "1198",
        "nm_local": "CIEP 448 RUY FRAZÃO SOARES",
        "bairro": "ITAIPU",
        "local_status": "both",
        "secoes_inicio": 13,
        "secoes_fim": 13,
        "secoes_comuns": 13,
        "secoes_adicionadas": 0,
        "secoes_removidas": 0,
        "secoes_movidas_in": 0,
        "secoes_movidas_out": 0,
        "secao_churn": 0,
        "tipo_inicio": "Geral",
        "tipo_fim": "Geral",
        "tipo_par": "Geral -> Geral",
        "votos_hugo_inicio": 11,
        "votos_hugo_fim": 4,
        "delta_hugo": -7,
        "pct_delta_hugo": -63.64,
        "candidacy_status_hugo": "concorreu",
        "cargo_diferente_hugo": false,
        "votos_felipe_inicio": 129,
        "votos_felipe_fim": 69,
        "delta_felipe": -60,
        "pct_delta_felipe": -46.51,
        "candidacy_status_felipe": "concorreu",
        "cargo_diferente_felipe": true,
        "votos_psd_inicio": 1704,
        "votos_psd_fim": 424,
        "delta_psd": -1280,
        "pct_delta_psd": -75.12,
        "candidacy_status_psd": "concorreu",
        "cargo_diferente_psd": false,
        "map_delta": -7,
        "map_abs_delta": 7
      },
      "geometry": {
        "type": "Point",
        "coordinates": [
          -43.0092644,
          -22.9356576
        ]
      }
    },
    {
      "type": "Feature",
      "properties": {
        "pair": "2018-2022",
        "ano_inicio": 2018,
        "ano_fim": 2022,
        "nr_local": "1201",
        "nm_local": "OFICINAS DO SENAI",
        "bairro": "BARRETO",
        "local_status": "both",
        "secoes_inicio": 3,
        "secoes_fim": 2,
        "secoes_comuns": 1,
        "secoes_adicionadas": 1,
        "secoes_removidas": 2,
        "secoes_movidas_in": 0,
        "secoes_movidas_out": 0,
        "secao_churn": 1,
        "tipo_inicio": "Geral",
        "tipo_fim": "Geral",
        "tipo_par": "Geral -> Geral",
        "votos_hugo_inicio": 1,
        "votos_hugo_fim": 2,
        "delta_hugo": 1,
        "pct_delta_hugo": 100,
        "candidacy_status_hugo": "concorreu",
        "cargo_diferente_hugo": false,
        "votos_felipe_inicio": 6,
        "votos_felipe_fim": 8,
        "delta_felipe": 2,
        "pct_delta_felipe": 33.33,
        "candidacy_status_felipe": "concorreu",
        "cargo_diferente_felipe": true,
        "votos_psd_inicio": 225,
        "votos_psd_fim": 67,
        "delta_psd": -158,
        "pct_delta_psd": -70.22,
        "candidacy_status_psd": "concorreu",
        "cargo_diferente_psd": false,
        "map_delta": 1,
        "map_abs_delta": 1
      },
      "geometry": {
        "type": "Point",
        "coordinates": [
          -43.1026046,
          -22.8614396
        ]
      }
    },
    {
      "type": "Feature",
      "properties": {
        "pair": "2018-2022",
        "ano_inicio": 2018,
        "ano_fim": 2022,
        "nr_local": "1210",
        "nm_local": "TIO SAM ESPORTE CLUBE",
        "bairro": "BARRETO",
        "local_status": "both",
        "secoes_inicio": 12,
        "secoes_fim": 12,
        "secoes_comuns": 12,
        "secoes_adicionadas": 0,
        "secoes_removidas": 0,
        "secoes_movidas_in": 0,
        "secoes_movidas_out": 0,
        "secao_churn": 0,
        "tipo_inicio": "Geral",
        "tipo_fim": "Geral",
        "tipo_par": "Geral -> Geral",
        "votos_hugo_inicio": 11,
        "votos_hugo_fim": 14,
        "delta_hugo": 3,
        "pct_delta_hugo": 27.27,
        "candidacy_status_hugo": "concorreu",
        "cargo_diferente_hugo": false,
        "votos_felipe_inicio": 48,
        "votos_felipe_fim": 54,
        "delta_felipe": 6,
        "pct_delta_felipe": 12.5,
        "candidacy_status_felipe": "concorreu",
        "cargo_diferente_felipe": true,
        "votos_psd_inicio": 1194,
        "votos_psd_fim": 326,
        "delta_psd": -868,
        "pct_delta_psd": -72.7,
        "candidacy_status_psd": "concorreu",
        "cargo_diferente_psd": false,
        "map_delta": 3,
        "map_abs_delta": 3
      },
      "geometry": {
        "type": "Point",
        "coordinates": [
          -43.104502,
          -22.8719306
        ]
      }
    },
    {
      "type": "Feature",
      "properties": {
        "pair": "2018-2022",
        "ano_inicio": 2018,
        "ano_fim": 2022,
        "nr_local": "1236",
        "nm_local": "COLÉGIO ESTADUAL MULLULO DA VEIGA",
        "bairro": "ENGENHOCA",
        "local_status": "both",
        "secoes_inicio": 11,
        "secoes_fim": 11,
        "secoes_comuns": 11,
        "secoes_adicionadas": 0,
        "secoes_removidas": 0,
        "secoes_movidas_in": 0,
        "secoes_movidas_out": 0,
        "secao_churn": 0,
        "tipo_inicio": "Geral",
        "tipo_fim": "Geral",
        "tipo_par": "Geral -> Geral",
        "votos_hugo_inicio": 16,
        "votos_hugo_fim": 4,
        "delta_hugo": -12,
        "pct_delta_hugo": -75,
        "candidacy_status_hugo": "concorreu",
        "cargo_diferente_hugo": false,
        "votos_felipe_inicio": 48,
        "votos_felipe_fim": 23,
        "delta_felipe": -25,
        "pct_delta_felipe": -52.08,
        "candidacy_status_felipe": "concorreu",
        "cargo_diferente_felipe": true,
        "votos_psd_inicio": 951,
        "votos_psd_fim": 214,
        "delta_psd": -737,
        "pct_delta_psd": -77.5,
        "candidacy_status_psd": "concorreu",
        "cargo_diferente_psd": false,
        "map_delta": -12,
        "map_abs_delta": 12
      },
      "geometry": {
        "type": "Point",
        "coordinates": [
          -43.0988892,
          -22.8708282
        ]
      }
    },
    {
      "type": "Feature",
      "properties": {
        "pair": "2018-2022",
        "ano_inicio": 2018,
        "ano_fim": 2022,
        "nr_local": "1244",
        "nm_local": "ESCOLA ESTADUAL MANUEL DE ABREU",
        "bairro": "ICARAÍ",
        "local_status": "both",
        "secoes_inicio": 19,
        "secoes_fim": 18,
        "secoes_comuns": 18,
        "secoes_adicionadas": 0,
        "secoes_removidas": 1,
        "secoes_movidas_in": 0,
        "secoes_movidas_out": 0,
        "secao_churn": 0.0526,
        "tipo_inicio": "Geral",
        "tipo_fim": "Geral",
        "tipo_par": "Geral -> Geral",
        "votos_hugo_inicio": 10,
        "votos_hugo_fim": 24,
        "delta_hugo": 14,
        "pct_delta_hugo": 140,
        "candidacy_status_hugo": "concorreu",
        "cargo_diferente_hugo": false,
        "votos_felipe_inicio": 235,
        "votos_felipe_fim": 188,
        "delta_felipe": -47,
        "pct_delta_felipe": -20,
        "candidacy_status_felipe": "concorreu",
        "cargo_diferente_felipe": true,
        "votos_psd_inicio": 1957,
        "votos_psd_fim": 794,
        "delta_psd": -1163,
        "pct_delta_psd": -59.43,
        "candidacy_status_psd": "concorreu",
        "cargo_diferente_psd": false,
        "map_delta": 14,
        "map_abs_delta": 14
      },
      "geometry": {
        "type": "Point",
        "coordinates": [
          -43.1071569,
          -22.9023086
        ]
      }
    },
    {
      "type": "Feature",
      "properties": {
        "pair": "2018-2022",
        "ano_inicio": 2018,
        "ano_fim": 2022,
        "nr_local": "1252",
        "nm_local": "ESCOLA MUNICIPAL ADELINO MAGALHÃES",
        "bairro": "ENGENHOCA",
        "local_status": "both",
        "secoes_inicio": 23,
        "secoes_fim": 17,
        "secoes_comuns": 17,
        "secoes_adicionadas": 0,
        "secoes_removidas": 6,
        "secoes_movidas_in": 0,
        "secoes_movidas_out": 0,
        "secao_churn": 0.2609,
        "tipo_inicio": "Geral",
        "tipo_fim": "Geral",
        "tipo_par": "Geral -> Geral",
        "votos_hugo_inicio": 26,
        "votos_hugo_fim": 13,
        "delta_hugo": -13,
        "pct_delta_hugo": -50,
        "candidacy_status_hugo": "concorreu",
        "cargo_diferente_hugo": false,
        "votos_felipe_inicio": 90,
        "votos_felipe_fim": 82,
        "delta_felipe": -8,
        "pct_delta_felipe": -8.89,
        "candidacy_status_felipe": "concorreu",
        "cargo_diferente_felipe": true,
        "votos_psd_inicio": 2243,
        "votos_psd_fim": 425,
        "delta_psd": -1818,
        "pct_delta_psd": -81.05,
        "candidacy_status_psd": "concorreu",
        "cargo_diferente_psd": false,
        "map_delta": -13,
        "map_abs_delta": 13
      },
      "geometry": {
        "type": "Point",
        "coordinates": [
          -43.0944571,
          -22.8739038
        ]
      }
    },
    {
      "type": "Feature",
      "properties": {
        "pair": "2018-2022",
        "ano_inicio": 2018,
        "ano_fim": 2022,
        "nr_local": "1260",
        "nm_local": "INSTITUTO ABEL",
        "bairro": "ICARAÍ",
        "local_status": "both",
        "secoes_inicio": 26,
        "secoes_fim": 30,
        "secoes_comuns": 26,
        "secoes_adicionadas": 4,
        "secoes_removidas": 0,
        "secoes_movidas_in": 0,
        "secoes_movidas_out": 0,
        "secao_churn": 0.1333,
        "tipo_inicio": "Geral",
        "tipo_fim": "Geral",
        "tipo_par": "Geral -> Geral",
        "votos_hugo_inicio": 29,
        "votos_hugo_fim": 26,
        "delta_hugo": -3,
        "pct_delta_hugo": -10.34,
        "candidacy_status_hugo": "concorreu",
        "cargo_diferente_hugo": false,
        "votos_felipe_inicio": 339,
        "votos_felipe_fim": 272,
        "delta_felipe": -67,
        "pct_delta_felipe": -19.76,
        "candidacy_status_felipe": "concorreu",
        "cargo_diferente_felipe": true,
        "votos_psd_inicio": 2398,
        "votos_psd_fim": 1418,
        "delta_psd": -980,
        "pct_delta_psd": -40.87,
        "candidacy_status_psd": "concorreu",
        "cargo_diferente_psd": false,
        "map_delta": -3,
        "map_abs_delta": 3
      },
      "geometry": {
        "type": "Point",
        "coordinates": [
          -43.1094942,
          -22.9004168
        ]
      }
    },
    {
      "type": "Feature",
      "properties": {
        "pair": "2018-2022",
        "ano_inicio": 2018,
        "ano_fim": 2022,
        "nr_local": "1279",
        "nm_local": "INSTITUTO FOKUS (ANTIGO INTERAÇÃO CRECHE ESCOLA)",
        "bairro": "CAMBOINHAS",
        "local_status": "both",
        "secoes_inicio": 4,
        "secoes_fim": 4,
        "secoes_comuns": 4,
        "secoes_adicionadas": 0,
        "secoes_removidas": 0,
        "secoes_movidas_in": 0,
        "secoes_movidas_out": 0,
        "secao_churn": 0,
        "tipo_inicio": "Geral",
        "tipo_fim": "Geral",
        "tipo_par": "Geral -> Geral",
        "votos_hugo_inicio": 5,
        "votos_hugo_fim": 6,
        "delta_hugo": 1,
        "pct_delta_hugo": 20,
        "candidacy_status_hugo": "concorreu",
        "cargo_diferente_hugo": false,
        "votos_felipe_inicio": 66,
        "votos_felipe_fim": 38,
        "delta_felipe": -28,
        "pct_delta_felipe": -42.42,
        "candidacy_status_felipe": "concorreu",
        "cargo_diferente_felipe": true,
        "votos_psd_inicio": 363,
        "votos_psd_fim": 156,
        "delta_psd": -207,
        "pct_delta_psd": -57.02,
        "candidacy_status_psd": "concorreu",
        "cargo_diferente_psd": false,
        "map_delta": 1,
        "map_abs_delta": 1
      },
      "geometry": {
        "type": "Point",
        "coordinates": [
          -43.062822,
          -22.9542456
        ]
      }
    },
    {
      "type": "Feature",
      "properties": {
        "pair": "2018-2022",
        "ano_inicio": 2018,
        "ano_fim": 2022,
        "nr_local": "1287",
        "nm_local": "ESCOLA MUNICIPAL PROF MARCOS WALDEMAR DE FREITAS REIS",
        "bairro": "ITAIPU",
        "local_status": "both",
        "secoes_inicio": 4,
        "secoes_fim": 4,
        "secoes_comuns": 4,
        "secoes_adicionadas": 0,
        "secoes_removidas": 0,
        "secoes_movidas_in": 0,
        "secoes_movidas_out": 0,
        "secao_churn": 0,
        "tipo_inicio": "Geral",
        "tipo_fim": "Geral",
        "tipo_par": "Geral -> Geral",
        "votos_hugo_inicio": 3,
        "votos_hugo_fim": 1,
        "delta_hugo": -2,
        "pct_delta_hugo": -66.67,
        "candidacy_status_hugo": "concorreu",
        "cargo_diferente_hugo": false,
        "votos_felipe_inicio": 44,
        "votos_felipe_fim": 44,
        "delta_felipe": 0,
        "pct_delta_felipe": 0,
        "candidacy_status_felipe": "concorreu",
        "cargo_diferente_felipe": true,
        "votos_psd_inicio": 305,
        "votos_psd_fim": 161,
        "delta_psd": -144,
        "pct_delta_psd": -47.21,
        "candidacy_status_psd": "concorreu",
        "cargo_diferente_psd": false,
        "map_delta": -2,
        "map_abs_delta": 2
      },
      "geometry": {
        "type": "Point",
        "coordinates": [
          -43.0330724,
          -22.9615628
        ]
      }
    },
    {
      "type": "Feature",
      "properties": {
        "pair": "2018-2022",
        "ano_inicio": 2018,
        "ano_fim": 2022,
        "nr_local": "1295",
        "nm_local": "UMEI PROFA ODETE ROSA DA MOTA",
        "bairro": "ITAIPU",
        "local_status": "both",
        "secoes_inicio": 24,
        "secoes_fim": 24,
        "secoes_comuns": 24,
        "secoes_adicionadas": 0,
        "secoes_removidas": 0,
        "secoes_movidas_in": 0,
        "secoes_movidas_out": 0,
        "secao_churn": 0,
        "tipo_inicio": "Geral",
        "tipo_fim": "Geral",
        "tipo_par": "Geral -> Geral",
        "votos_hugo_inicio": 30,
        "votos_hugo_fim": 27,
        "delta_hugo": -3,
        "pct_delta_hugo": -10,
        "candidacy_status_hugo": "concorreu",
        "cargo_diferente_hugo": false,
        "votos_felipe_inicio": 262,
        "votos_felipe_fim": 195,
        "delta_felipe": -67,
        "pct_delta_felipe": -25.57,
        "candidacy_status_felipe": "concorreu",
        "cargo_diferente_felipe": true,
        "votos_psd_inicio": 2159,
        "votos_psd_fim": 1093,
        "delta_psd": -1066,
        "pct_delta_psd": -49.37,
        "candidacy_status_psd": "concorreu",
        "cargo_diferente_psd": false,
        "map_delta": -3,
        "map_abs_delta": 3
      },
      "geometry": {
        "type": "Point",
        "coordinates": [
          -43.02859,
          -22.9532368
        ]
      }
    },
    {
      "type": "Feature",
      "properties": {
        "pair": "2018-2022",
        "ano_inicio": 2018,
        "ano_fim": 2022,
        "nr_local": "1309",
        "nm_local": "CURSO MARLY CURY",
        "bairro": "SANTA ROSA",
        "local_status": "both",
        "secoes_inicio": 11,
        "secoes_fim": 11,
        "secoes_comuns": 11,
        "secoes_adicionadas": 0,
        "secoes_removidas": 0,
        "secoes_movidas_in": 0,
        "secoes_movidas_out": 0,
        "secao_churn": 0,
        "tipo_inicio": "Geral",
        "tipo_fim": "Geral",
        "tipo_par": "Geral -> Geral",
        "votos_hugo_inicio": 10,
        "votos_hugo_fim": 11,
        "delta_hugo": 1,
        "pct_delta_hugo": 10,
        "candidacy_status_hugo": "concorreu",
        "cargo_diferente_hugo": false,
        "votos_felipe_inicio": 102,
        "votos_felipe_fim": 103,
        "delta_felipe": 1,
        "pct_delta_felipe": 0.98,
        "candidacy_status_felipe": "concorreu",
        "cargo_diferente_felipe": true,
        "votos_psd_inicio": 649,
        "votos_psd_fim": 571,
        "delta_psd": -78,
        "pct_delta_psd": -12.02,
        "candidacy_status_psd": "concorreu",
        "cargo_diferente_psd": false,
        "map_delta": 1,
        "map_abs_delta": 1
      },
      "geometry": {
        "type": "Point",
        "coordinates": [
          -43.1019227,
          -22.9054777
        ]
      }
    },
    {
      "type": "Feature",
      "properties": {
        "pair": "2018-2022",
        "ano_inicio": 2018,
        "ano_fim": 2022,
        "nr_local": "1317",
        "nm_local": "ESCOLA ESTADUAL BALTAZAR BERNARDINO",
        "bairro": "SANTA ROSA",
        "local_status": "both",
        "secoes_inicio": 24,
        "secoes_fim": 26,
        "secoes_comuns": 24,
        "secoes_adicionadas": 2,
        "secoes_removidas": 0,
        "secoes_movidas_in": 0,
        "secoes_movidas_out": 0,
        "secao_churn": 0.0769,
        "tipo_inicio": "Geral",
        "tipo_fim": "Geral",
        "tipo_par": "Geral -> Geral",
        "votos_hugo_inicio": 22,
        "votos_hugo_fim": 31,
        "delta_hugo": 9,
        "pct_delta_hugo": 40.91,
        "candidacy_status_hugo": "concorreu",
        "cargo_diferente_hugo": false,
        "votos_felipe_inicio": 227,
        "votos_felipe_fim": 172,
        "delta_felipe": -55,
        "pct_delta_felipe": -24.23,
        "candidacy_status_felipe": "concorreu",
        "cargo_diferente_felipe": true,
        "votos_psd_inicio": 2062,
        "votos_psd_fim": 1051,
        "delta_psd": -1011,
        "pct_delta_psd": -49.03,
        "candidacy_status_psd": "concorreu",
        "cargo_diferente_psd": false,
        "map_delta": 9,
        "map_abs_delta": 9
      },
      "geometry": {
        "type": "Point",
        "coordinates": [
          -43.1012931,
          -22.9032359
        ]
      }
    },
    {
      "type": "Feature",
      "properties": {
        "pair": "2018-2022",
        "ano_inicio": 2018,
        "ano_fim": 2022,
        "nr_local": "1325",
        "nm_local": "ESCOLA MUNICIPAL SÍTIO DO IPÊ",
        "bairro": "MARIA PAULA",
        "local_status": "both",
        "secoes_inicio": 18,
        "secoes_fim": 19,
        "secoes_comuns": 18,
        "secoes_adicionadas": 1,
        "secoes_removidas": 0,
        "secoes_movidas_in": 0,
        "secoes_movidas_out": 0,
        "secao_churn": 0.0526,
        "tipo_inicio": "Geral",
        "tipo_fim": "Geral",
        "tipo_par": "Geral -> Geral",
        "votos_hugo_inicio": 13,
        "votos_hugo_fim": 14,
        "delta_hugo": 1,
        "pct_delta_hugo": 7.69,
        "candidacy_status_hugo": "concorreu",
        "cargo_diferente_hugo": false,
        "votos_felipe_inicio": 145,
        "votos_felipe_fim": 113,
        "delta_felipe": -32,
        "pct_delta_felipe": -22.07,
        "candidacy_status_felipe": "concorreu",
        "cargo_diferente_felipe": true,
        "votos_psd_inicio": 1812,
        "votos_psd_fim": 1058,
        "delta_psd": -754,
        "pct_delta_psd": -41.61,
        "candidacy_status_psd": "concorreu",
        "cargo_diferente_psd": false,
        "map_delta": 1,
        "map_abs_delta": 1
      },
      "geometry": {
        "type": "Point",
        "coordinates": [
          -43.0267087,
          -22.8821134
        ]
      }
    },
    {
      "type": "Feature",
      "properties": {
        "pair": "2018-2022",
        "ano_inicio": 2018,
        "ano_fim": 2022,
        "nr_local": "1333",
        "nm_local": "ESCOLA ME NINAR",
        "bairro": "ITAIPU",
        "local_status": "both",
        "secoes_inicio": 12,
        "secoes_fim": 13,
        "secoes_comuns": 12,
        "secoes_adicionadas": 1,
        "secoes_removidas": 0,
        "secoes_movidas_in": 0,
        "secoes_movidas_out": 0,
        "secao_churn": 0.0769,
        "tipo_inicio": "Geral",
        "tipo_fim": "Geral",
        "tipo_par": "Geral -> Geral",
        "votos_hugo_inicio": 8,
        "votos_hugo_fim": 11,
        "delta_hugo": 3,
        "pct_delta_hugo": 37.5,
        "candidacy_status_hugo": "concorreu",
        "cargo_diferente_hugo": false,
        "votos_felipe_inicio": 116,
        "votos_felipe_fim": 81,
        "delta_felipe": -35,
        "pct_delta_felipe": -30.17,
        "candidacy_status_felipe": "concorreu",
        "cargo_diferente_felipe": true,
        "votos_psd_inicio": 836,
        "votos_psd_fim": 532,
        "delta_psd": -304,
        "pct_delta_psd": -36.36,
        "candidacy_status_psd": "concorreu",
        "cargo_diferente_psd": false,
        "map_delta": 3,
        "map_abs_delta": 3
      },
      "geometry": {
        "type": "Point",
        "coordinates": [
          -43.0442198,
          -22.9408099
        ]
      }
    },
    {
      "type": "Feature",
      "properties": {
        "pair": "2018-2022",
        "ano_inicio": 2018,
        "ano_fim": 2022,
        "nr_local": "1341",
        "nm_local": "SOPRECAM",
        "bairro": "CAMBOINHAS",
        "local_status": "both",
        "secoes_inicio": 2,
        "secoes_fim": 1,
        "secoes_comuns": 1,
        "secoes_adicionadas": 0,
        "secoes_removidas": 1,
        "secoes_movidas_in": 0,
        "secoes_movidas_out": 0,
        "secao_churn": 0.5,
        "tipo_inicio": "Geral",
        "tipo_fim": "Geral",
        "tipo_par": "Geral -> Geral",
        "votos_hugo_inicio": 2,
        "votos_hugo_fim": 5,
        "delta_hugo": 3,
        "pct_delta_hugo": 150,
        "candidacy_status_hugo": "concorreu",
        "cargo_diferente_hugo": false,
        "votos_felipe_inicio": 29,
        "votos_felipe_fim": 14,
        "delta_felipe": -15,
        "pct_delta_felipe": -51.72,
        "candidacy_status_felipe": "concorreu",
        "cargo_diferente_felipe": true,
        "votos_psd_inicio": 128,
        "votos_psd_fim": 63,
        "delta_psd": -65,
        "pct_delta_psd": -50.78,
        "candidacy_status_psd": "concorreu",
        "cargo_diferente_psd": false,
        "map_delta": 3,
        "map_abs_delta": 3
      },
      "geometry": {
        "type": "Point",
        "coordinates": [
          -43.0584356,
          -22.9537053
        ]
      }
    },
    {
      "type": "Feature",
      "properties": {
        "pair": "2018-2022",
        "ano_inicio": 2018,
        "ano_fim": 2022,
        "nr_local": "1350",
        "nm_local": "ESCOLA MUNICIPAL MARALEGRE",
        "bairro": "CAFUBÁ",
        "local_status": "both",
        "secoes_inicio": 5,
        "secoes_fim": 6,
        "secoes_comuns": 5,
        "secoes_adicionadas": 1,
        "secoes_removidas": 0,
        "secoes_movidas_in": 0,
        "secoes_movidas_out": 0,
        "secao_churn": 0.1667,
        "tipo_inicio": "Geral",
        "tipo_fim": "Geral",
        "tipo_par": "Geral -> Geral",
        "votos_hugo_inicio": 3,
        "votos_hugo_fim": 11,
        "delta_hugo": 8,
        "pct_delta_hugo": 266.67,
        "candidacy_status_hugo": "concorreu",
        "cargo_diferente_hugo": false,
        "votos_felipe_inicio": 23,
        "votos_felipe_fim": 41,
        "delta_felipe": 18,
        "pct_delta_felipe": 78.26,
        "candidacy_status_felipe": "concorreu",
        "cargo_diferente_felipe": true,
        "votos_psd_inicio": 376,
        "votos_psd_fim": 176,
        "delta_psd": -200,
        "pct_delta_psd": -53.19,
        "candidacy_status_psd": "concorreu",
        "cargo_diferente_psd": false,
        "map_delta": 8,
        "map_abs_delta": 8
      },
      "geometry": {
        "type": "Point",
        "coordinates": [
          -43.0724233,
          -22.9362723
        ]
      }
    },
    {
      "type": "Feature",
      "properties": {
        "pair": "2018-2022",
        "ano_inicio": 2018,
        "ano_fim": 2022,
        "nr_local": "1368",
        "nm_local": "INSTITUTO SÃO JOSÉ",
        "bairro": "SANTA ROSA",
        "local_status": "both",
        "secoes_inicio": 23,
        "secoes_fim": 25,
        "secoes_comuns": 23,
        "secoes_adicionadas": 2,
        "secoes_removidas": 0,
        "secoes_movidas_in": 0,
        "secoes_movidas_out": 0,
        "secao_churn": 0.08,
        "tipo_inicio": "Geral",
        "tipo_fim": "Geral",
        "tipo_par": "Geral -> Geral",
        "votos_hugo_inicio": 30,
        "votos_hugo_fim": 29,
        "delta_hugo": -1,
        "pct_delta_hugo": -3.33,
        "candidacy_status_hugo": "concorreu",
        "cargo_diferente_hugo": false,
        "votos_felipe_inicio": 213,
        "votos_felipe_fim": 163,
        "delta_felipe": -50,
        "pct_delta_felipe": -23.47,
        "candidacy_status_felipe": "concorreu",
        "cargo_diferente_felipe": true,
        "votos_psd_inicio": 2178,
        "votos_psd_fim": 840,
        "delta_psd": -1338,
        "pct_delta_psd": -61.43,
        "candidacy_status_psd": "concorreu",
        "cargo_diferente_psd": false,
        "map_delta": -1,
        "map_abs_delta": 1
      },
      "geometry": {
        "type": "Point",
        "coordinates": [
          -43.1018878,
          -22.901754
        ]
      }
    },
    {
      "type": "Feature",
      "properties": {
        "pair": "2018-2022",
        "ano_inicio": 2018,
        "ano_fim": 2022,
        "nr_local": "1384",
        "nm_local": "UMEI OLGA BENÁRIO PRESTES",
        "bairro": "ENGENHO DO MATO",
        "local_status": "end_only",
        "secoes_inicio": 0,
        "secoes_fim": 1,
        "secoes_comuns": 0,
        "secoes_adicionadas": 1,
        "secoes_removidas": 0,
        "secoes_movidas_in": 0,
        "secoes_movidas_out": 0,
        "secao_churn": 1,
        "tipo_inicio": "Geral",
        "tipo_fim": "Geral",
        "tipo_par": "Geral -> Geral",
        "votos_hugo_inicio": 0,
        "votos_hugo_fim": 0,
        "delta_hugo": 0,
        "pct_delta_hugo": null,
        "candidacy_status_hugo": "concorreu",
        "cargo_diferente_hugo": false,
        "votos_felipe_inicio": 0,
        "votos_felipe_fim": 0,
        "delta_felipe": 0,
        "pct_delta_felipe": null,
        "candidacy_status_felipe": "concorreu",
        "cargo_diferente_felipe": true,
        "votos_psd_inicio": 0,
        "votos_psd_fim": 32,
        "delta_psd": 32,
        "pct_delta_psd": null,
        "candidacy_status_psd": "concorreu",
        "cargo_diferente_psd": false,
        "map_delta": 0,
        "map_abs_delta": 0
      },
      "geometry": {
        "type": "Point",
        "coordinates": [
          -43.0086653,
          -22.9354086
        ]
      }
    },
    {
      "type": "Feature",
      "properties": {
        "pair": "2018-2022",
        "ano_inicio": 2018,
        "ano_fim": 2022,
        "nr_local": "1392",
        "nm_local": "FACULDADE DE VETERINARIA DA UFF",
        "bairro": "VITAL BRASIL",
        "local_status": "both",
        "secoes_inicio": 14,
        "secoes_fim": 20,
        "secoes_comuns": 14,
        "secoes_adicionadas": 6,
        "secoes_removidas": 0,
        "secoes_movidas_in": 0,
        "secoes_movidas_out": 0,
        "secao_churn": 0.3,
        "tipo_inicio": "Geral",
        "tipo_fim": "Geral",
        "tipo_par": "Geral -> Geral",
        "votos_hugo_inicio": 4,
        "votos_hugo_fim": 22,
        "delta_hugo": 18,
        "pct_delta_hugo": 450,
        "candidacy_status_hugo": "concorreu",
        "cargo_diferente_hugo": false,
        "votos_felipe_inicio": 130,
        "votos_felipe_fim": 150,
        "delta_felipe": 20,
        "pct_delta_felipe": 15.38,
        "candidacy_status_felipe": "concorreu",
        "cargo_diferente_felipe": true,
        "votos_psd_inicio": 1078,
        "votos_psd_fim": 919,
        "delta_psd": -159,
        "pct_delta_psd": -14.75,
        "candidacy_status_psd": "concorreu",
        "cargo_diferente_psd": false,
        "map_delta": 18,
        "map_abs_delta": 18
      },
      "geometry": {
        "type": "Point",
        "coordinates": [
          -43.098407,
          -22.904908
        ]
      }
    },
    {
      "type": "Feature",
      "properties": {
        "pair": "2018-2022",
        "ano_inicio": 2018,
        "ano_fim": 2022,
        "nr_local": "1406",
        "nm_local": "COLÉGIO NITERÓI",
        "bairro": "ENGENHOCA",
        "local_status": "both",
        "secoes_inicio": 6,
        "secoes_fim": 6,
        "secoes_comuns": 6,
        "secoes_adicionadas": 0,
        "secoes_removidas": 0,
        "secoes_movidas_in": 0,
        "secoes_movidas_out": 0,
        "secao_churn": 0,
        "tipo_inicio": "Geral",
        "tipo_fim": "Geral",
        "tipo_par": "Geral -> Geral",
        "votos_hugo_inicio": 2,
        "votos_hugo_fim": 4,
        "delta_hugo": 2,
        "pct_delta_hugo": 100,
        "candidacy_status_hugo": "concorreu",
        "cargo_diferente_hugo": false,
        "votos_felipe_inicio": 29,
        "votos_felipe_fim": 13,
        "delta_felipe": -16,
        "pct_delta_felipe": -55.17,
        "candidacy_status_felipe": "concorreu",
        "cargo_diferente_felipe": true,
        "votos_psd_inicio": 605,
        "votos_psd_fim": 132,
        "delta_psd": -473,
        "pct_delta_psd": -78.18,
        "candidacy_status_psd": "concorreu",
        "cargo_diferente_psd": false,
        "map_delta": 2,
        "map_abs_delta": 2
      },
      "geometry": {
        "type": "Point",
        "coordinates": [
          -43.1018717,
          -22.8706133
        ]
      }
    },
    {
      "type": "Feature",
      "properties": {
        "pair": "2018-2022",
        "ano_inicio": 2018,
        "ano_fim": 2022,
        "nr_local": "1414",
        "nm_local": "UNIVERSIDADE SALGADO DE OLIVEIRA - BL B (PRÓXIMO AO GUANABARA)",
        "bairro": "CENTRO",
        "local_status": "both",
        "secoes_inicio": 8,
        "secoes_fim": 8,
        "secoes_comuns": 8,
        "secoes_adicionadas": 0,
        "secoes_removidas": 0,
        "secoes_movidas_in": 0,
        "secoes_movidas_out": 0,
        "secao_churn": 0,
        "tipo_inicio": "Geral",
        "tipo_fim": "Geral",
        "tipo_par": "Geral -> Geral",
        "votos_hugo_inicio": 5,
        "votos_hugo_fim": 6,
        "delta_hugo": 1,
        "pct_delta_hugo": 20,
        "candidacy_status_hugo": "concorreu",
        "cargo_diferente_hugo": false,
        "votos_felipe_inicio": 21,
        "votos_felipe_fim": 17,
        "delta_felipe": -4,
        "pct_delta_felipe": -19.05,
        "candidacy_status_felipe": "concorreu",
        "cargo_diferente_felipe": true,
        "votos_psd_inicio": 572,
        "votos_psd_fim": 149,
        "delta_psd": -423,
        "pct_delta_psd": -73.95,
        "candidacy_status_psd": "concorreu",
        "cargo_diferente_psd": false,
        "map_delta": 1,
        "map_abs_delta": 1
      },
      "geometry": {
        "type": "Point",
        "coordinates": [
          -43.1172001,
          -22.8893447
        ]
      }
    },
    {
      "type": "Feature",
      "properties": {
        "pair": "2018-2022",
        "ano_inicio": 2018,
        "ano_fim": 2022,
        "nr_local": "1422",
        "nm_local": "CLUBE PORTUGUES DE NITEROI",
        "bairro": "SÃO DOMINGOS",
        "local_status": "both",
        "secoes_inicio": 6,
        "secoes_fim": 6,
        "secoes_comuns": 6,
        "secoes_adicionadas": 0,
        "secoes_removidas": 0,
        "secoes_movidas_in": 0,
        "secoes_movidas_out": 0,
        "secao_churn": 0,
        "tipo_inicio": "Geral",
        "tipo_fim": "Geral",
        "tipo_par": "Geral -> Geral",
        "votos_hugo_inicio": 7,
        "votos_hugo_fim": 2,
        "delta_hugo": -5,
        "pct_delta_hugo": -71.43,
        "candidacy_status_hugo": "concorreu",
        "cargo_diferente_hugo": false,
        "votos_felipe_inicio": 72,
        "votos_felipe_fim": 36,
        "delta_felipe": -36,
        "pct_delta_felipe": -50,
        "candidacy_status_felipe": "concorreu",
        "cargo_diferente_felipe": true,
        "votos_psd_inicio": 396,
        "votos_psd_fim": 253,
        "delta_psd": -143,
        "pct_delta_psd": -36.11,
        "candidacy_status_psd": "concorreu",
        "cargo_diferente_psd": false,
        "map_delta": -5,
        "map_abs_delta": 5
      },
      "geometry": {
        "type": "Point",
        "coordinates": [
          -43.1274594,
          -22.9021482
        ]
      }
    },
    {
      "type": "Feature",
      "properties": {
        "pair": "2018-2022",
        "ano_inicio": 2018,
        "ano_fim": 2022,
        "nr_local": "1430",
        "nm_local": "COLEGIO ESTADUAL AURELINO LEAL",
        "bairro": "INGÁ",
        "local_status": "both",
        "secoes_inicio": 24,
        "secoes_fim": 8,
        "secoes_comuns": 8,
        "secoes_adicionadas": 0,
        "secoes_removidas": 16,
        "secoes_movidas_in": 0,
        "secoes_movidas_out": 16,
        "secao_churn": 0.6667,
        "tipo_inicio": "Geral",
        "tipo_fim": "Geral",
        "tipo_par": "Geral -> Geral",
        "votos_hugo_inicio": 28,
        "votos_hugo_fim": 5,
        "delta_hugo": -23,
        "pct_delta_hugo": -82.14,
        "candidacy_status_hugo": "concorreu",
        "cargo_diferente_hugo": false,
        "votos_felipe_inicio": 108,
        "votos_felipe_fim": 55,
        "delta_felipe": -53,
        "pct_delta_felipe": -49.07,
        "candidacy_status_felipe": "concorreu",
        "cargo_diferente_felipe": true,
        "votos_psd_inicio": 1781,
        "votos_psd_fim": 293,
        "delta_psd": -1488,
        "pct_delta_psd": -83.55,
        "candidacy_status_psd": "concorreu",
        "cargo_diferente_psd": false,
        "map_delta": -23,
        "map_abs_delta": 23
      },
      "geometry": {
        "type": "Point",
        "coordinates": [
          -43.1254512,
          -22.9033321
        ]
      }
    },
    {
      "type": "Feature",
      "properties": {
        "pair": "2018-2022",
        "ano_inicio": 2018,
        "ano_fim": 2022,
        "nr_local": "1449",
        "nm_local": "CIEP 450 - BADU",
        "bairro": "BADU",
        "local_status": "both",
        "secoes_inicio": 37,
        "secoes_fim": 37,
        "secoes_comuns": 37,
        "secoes_adicionadas": 0,
        "secoes_removidas": 0,
        "secoes_movidas_in": 0,
        "secoes_movidas_out": 0,
        "secao_churn": 0,
        "tipo_inicio": "Geral",
        "tipo_fim": "Geral",
        "tipo_par": "Geral -> Geral",
        "votos_hugo_inicio": 25,
        "votos_hugo_fim": 41,
        "delta_hugo": 16,
        "pct_delta_hugo": 64,
        "candidacy_status_hugo": "concorreu",
        "cargo_diferente_hugo": false,
        "votos_felipe_inicio": 228,
        "votos_felipe_fim": 193,
        "delta_felipe": -35,
        "pct_delta_felipe": -15.35,
        "candidacy_status_felipe": "concorreu",
        "cargo_diferente_felipe": true,
        "votos_psd_inicio": 4192,
        "votos_psd_fim": 1342,
        "delta_psd": -2850,
        "pct_delta_psd": -67.99,
        "candidacy_status_psd": "concorreu",
        "cargo_diferente_psd": false,
        "map_delta": 16,
        "map_abs_delta": 16
      },
      "geometry": {
        "type": "Point",
        "coordinates": [
          -43.0566124,
          -22.9071974
        ]
      }
    },
    {
      "type": "Feature",
      "properties": {
        "pair": "2018-2022",
        "ano_inicio": 2018,
        "ano_fim": 2022,
        "nr_local": "1457",
        "nm_local": "ÁGUAS DE NITEROI",
        "bairro": "CENTRO",
        "local_status": "both",
        "secoes_inicio": 17,
        "secoes_fim": 17,
        "secoes_comuns": 17,
        "secoes_adicionadas": 0,
        "secoes_removidas": 0,
        "secoes_movidas_in": 0,
        "secoes_movidas_out": 0,
        "secao_churn": 0,
        "tipo_inicio": "Geral",
        "tipo_fim": "Geral",
        "tipo_par": "Geral -> Geral",
        "votos_hugo_inicio": 2,
        "votos_hugo_fim": 13,
        "delta_hugo": 11,
        "pct_delta_hugo": 550,
        "candidacy_status_hugo": "concorreu",
        "cargo_diferente_hugo": false,
        "votos_felipe_inicio": 94,
        "votos_felipe_fim": 55,
        "delta_felipe": -39,
        "pct_delta_felipe": -41.49,
        "candidacy_status_felipe": "concorreu",
        "cargo_diferente_felipe": true,
        "votos_psd_inicio": 1728,
        "votos_psd_fim": 569,
        "delta_psd": -1159,
        "pct_delta_psd": -67.07,
        "candidacy_status_psd": "concorreu",
        "cargo_diferente_psd": false,
        "map_delta": 11,
        "map_abs_delta": 11
      },
      "geometry": {
        "type": "Point",
        "coordinates": [
          -43.1141378,
          -22.8915411
        ]
      }
    },
    {
      "type": "Feature",
      "properties": {
        "pair": "2018-2022",
        "ano_inicio": 2018,
        "ano_fim": 2022,
        "nr_local": "1465",
        "nm_local": "CENTRO UNIVERSITÁRIO ANHANGUERA (ANTIGO PLÍNIO LEITE)",
        "bairro": "CENTRO",
        "local_status": "both",
        "secoes_inicio": 14,
        "secoes_fim": 13,
        "secoes_comuns": 13,
        "secoes_adicionadas": 0,
        "secoes_removidas": 1,
        "secoes_movidas_in": 0,
        "secoes_movidas_out": 1,
        "secao_churn": 0.0714,
        "tipo_inicio": "Geral",
        "tipo_fim": "Geral",
        "tipo_par": "Geral -> Geral",
        "votos_hugo_inicio": 11,
        "votos_hugo_fim": 7,
        "delta_hugo": -4,
        "pct_delta_hugo": -36.36,
        "candidacy_status_hugo": "concorreu",
        "cargo_diferente_hugo": false,
        "votos_felipe_inicio": 50,
        "votos_felipe_fim": 48,
        "delta_felipe": -2,
        "pct_delta_felipe": -4,
        "candidacy_status_felipe": "concorreu",
        "cargo_diferente_felipe": true,
        "votos_psd_inicio": 1084,
        "votos_psd_fim": 357,
        "delta_psd": -727,
        "pct_delta_psd": -67.07,
        "candidacy_status_psd": "concorreu",
        "cargo_diferente_psd": false,
        "map_delta": -4,
        "map_abs_delta": 4
      },
      "geometry": {
        "type": "Point",
        "coordinates": [
          -43.1245632,
          -22.8869267
        ]
      }
    },
    {
      "type": "Feature",
      "properties": {
        "pair": "2018-2022",
        "ano_inicio": 2018,
        "ano_fim": 2022,
        "nr_local": "1473",
        "nm_local": "COLÉGIO FORUM CULTURAL",
        "bairro": "CANTAGALO",
        "local_status": "both",
        "secoes_inicio": 31,
        "secoes_fim": 25,
        "secoes_comuns": 25,
        "secoes_adicionadas": 0,
        "secoes_removidas": 6,
        "secoes_movidas_in": 0,
        "secoes_movidas_out": 6,
        "secao_churn": 0.1935,
        "tipo_inicio": "Geral",
        "tipo_fim": "Geral",
        "tipo_par": "Geral -> Geral",
        "votos_hugo_inicio": 32,
        "votos_hugo_fim": 12,
        "delta_hugo": -20,
        "pct_delta_hugo": -62.5,
        "candidacy_status_hugo": "concorreu",
        "cargo_diferente_hugo": false,
        "votos_felipe_inicio": 170,
        "votos_felipe_fim": 110,
        "delta_felipe": -60,
        "pct_delta_felipe": -35.29,
        "candidacy_status_felipe": "concorreu",
        "cargo_diferente_felipe": true,
        "votos_psd_inicio": 3172,
        "votos_psd_fim": 719,
        "delta_psd": -2453,
        "pct_delta_psd": -77.33,
        "candidacy_status_psd": "concorreu",
        "cargo_diferente_psd": false,
        "map_delta": -20,
        "map_abs_delta": 20
      },
      "geometry": {
        "type": "Point",
        "coordinates": [
          -43.0490094,
          -22.9163184
        ]
      }
    },
    {
      "type": "Feature",
      "properties": {
        "pair": "2018-2022",
        "ano_inicio": 2018,
        "ano_fim": 2022,
        "nr_local": "1481",
        "nm_local": "ESCOLA MUNICIPAL MAESTRO HEITOR VILLA-LOBOS (''COLÉGIO NOVO'')",
        "bairro": "ILHA DA CONCEIÇÃO",
        "local_status": "both",
        "secoes_inicio": 20,
        "secoes_fim": 20,
        "secoes_comuns": 20,
        "secoes_adicionadas": 0,
        "secoes_removidas": 0,
        "secoes_movidas_in": 0,
        "secoes_movidas_out": 0,
        "secao_churn": 0,
        "tipo_inicio": "Geral",
        "tipo_fim": "Geral",
        "tipo_par": "Geral -> Geral",
        "votos_hugo_inicio": 15,
        "votos_hugo_fim": 15,
        "delta_hugo": 0,
        "pct_delta_hugo": 0,
        "candidacy_status_hugo": "concorreu",
        "cargo_diferente_hugo": false,
        "votos_felipe_inicio": 91,
        "votos_felipe_fim": 53,
        "delta_felipe": -38,
        "pct_delta_felipe": -41.76,
        "candidacy_status_felipe": "concorreu",
        "cargo_diferente_felipe": true,
        "votos_psd_inicio": 1701,
        "votos_psd_fim": 526,
        "delta_psd": -1175,
        "pct_delta_psd": -69.08,
        "candidacy_status_psd": "concorreu",
        "cargo_diferente_psd": false,
        "map_delta": 0,
        "map_abs_delta": 0
      },
      "geometry": {
        "type": "Point",
        "coordinates": [
          -43.1156463,
          -22.8731482
        ]
      }
    },
    {
      "type": "Feature",
      "properties": {
        "pair": "2018-2022",
        "ano_inicio": 2018,
        "ano_fim": 2022,
        "nr_local": "1490",
        "nm_local": "IGREJA BATISTA DO FONSECA",
        "bairro": "FONSECA",
        "local_status": "both",
        "secoes_inicio": 5,
        "secoes_fim": 5,
        "secoes_comuns": 5,
        "secoes_adicionadas": 0,
        "secoes_removidas": 0,
        "secoes_movidas_in": 0,
        "secoes_movidas_out": 0,
        "secao_churn": 0,
        "tipo_inicio": "Geral",
        "tipo_fim": "Geral",
        "tipo_par": "Geral -> Geral",
        "votos_hugo_inicio": 3,
        "votos_hugo_fim": 4,
        "delta_hugo": 1,
        "pct_delta_hugo": 33.33,
        "candidacy_status_hugo": "concorreu",
        "cargo_diferente_hugo": false,
        "votos_felipe_inicio": 21,
        "votos_felipe_fim": 18,
        "delta_felipe": -3,
        "pct_delta_felipe": -14.29,
        "candidacy_status_felipe": "concorreu",
        "cargo_diferente_felipe": true,
        "votos_psd_inicio": 526,
        "votos_psd_fim": 166,
        "delta_psd": -360,
        "pct_delta_psd": -68.44,
        "candidacy_status_psd": "concorreu",
        "cargo_diferente_psd": false,
        "map_delta": 1,
        "map_abs_delta": 1
      },
      "geometry": {
        "type": "Point",
        "coordinates": [
          -43.0865383,
          -22.8810878
        ]
      }
    },
    {
      "type": "Feature",
      "properties": {
        "pair": "2018-2022",
        "ano_inicio": 2018,
        "ano_fim": 2022,
        "nr_local": "1503",
        "nm_local": "SERVICO DE ASSISTENCIA SOCIAL SAO DOMINGOS SAVIO",
        "bairro": "SANTA ROSA",
        "local_status": "both",
        "secoes_inicio": 9,
        "secoes_fim": 7,
        "secoes_comuns": 7,
        "secoes_adicionadas": 0,
        "secoes_removidas": 2,
        "secoes_movidas_in": 0,
        "secoes_movidas_out": 1,
        "secao_churn": 0.2222,
        "tipo_inicio": "Geral",
        "tipo_fim": "Geral",
        "tipo_par": "Geral -> Geral",
        "votos_hugo_inicio": 18,
        "votos_hugo_fim": 11,
        "delta_hugo": -7,
        "pct_delta_hugo": -38.89,
        "candidacy_status_hugo": "concorreu",
        "cargo_diferente_hugo": false,
        "votos_felipe_inicio": 81,
        "votos_felipe_fim": 51,
        "delta_felipe": -30,
        "pct_delta_felipe": -37.04,
        "candidacy_status_felipe": "concorreu",
        "cargo_diferente_felipe": true,
        "votos_psd_inicio": 738,
        "votos_psd_fim": 249,
        "delta_psd": -489,
        "pct_delta_psd": -66.26,
        "candidacy_status_psd": "concorreu",
        "cargo_diferente_psd": false,
        "map_delta": -7,
        "map_abs_delta": 7
      },
      "geometry": {
        "type": "Point",
        "coordinates": [
          -43.0928214,
          -22.8988024
        ]
      }
    },
    {
      "type": "Feature",
      "properties": {
        "pair": "2018-2022",
        "ano_inicio": 2018,
        "ano_fim": 2022,
        "nr_local": "1511",
        "nm_local": "FACULDADE DE ADMINISTRAÇÃO E CIÊNCIAS CONTÁBEIS (VALONGUINHO)",
        "bairro": "CENTRO",
        "local_status": "both",
        "secoes_inicio": 18,
        "secoes_fim": 11,
        "secoes_comuns": 11,
        "secoes_adicionadas": 0,
        "secoes_removidas": 7,
        "secoes_movidas_in": 0,
        "secoes_movidas_out": 0,
        "secao_churn": 0.3889,
        "tipo_inicio": "Geral",
        "tipo_fim": "Geral",
        "tipo_par": "Geral -> Geral",
        "votos_hugo_inicio": 10,
        "votos_hugo_fim": 16,
        "delta_hugo": 6,
        "pct_delta_hugo": 60,
        "candidacy_status_hugo": "concorreu",
        "cargo_diferente_hugo": false,
        "votos_felipe_inicio": 76,
        "votos_felipe_fim": 58,
        "delta_felipe": -18,
        "pct_delta_felipe": -23.68,
        "candidacy_status_felipe": "concorreu",
        "cargo_diferente_felipe": true,
        "votos_psd_inicio": 1240,
        "votos_psd_fim": 471,
        "delta_psd": -769,
        "pct_delta_psd": -62.02,
        "candidacy_status_psd": "concorreu",
        "cargo_diferente_psd": false,
        "map_delta": 6,
        "map_abs_delta": 6
      },
      "geometry": {
        "type": "Point",
        "coordinates": [
          -43.1252439,
          -22.8967413
        ]
      }
    },
    {
      "type": "Feature",
      "properties": {
        "pair": "2018-2022",
        "ano_inicio": 2018,
        "ano_fim": 2022,
        "nr_local": "1520",
        "nm_local": "ESCOLA MUNICIPAL LEVI CARNEIRO",
        "bairro": "SAPÊ",
        "local_status": "both",
        "secoes_inicio": 22,
        "secoes_fim": 21,
        "secoes_comuns": 20,
        "secoes_adicionadas": 1,
        "secoes_removidas": 2,
        "secoes_movidas_in": 0,
        "secoes_movidas_out": 0,
        "secao_churn": 0.1364,
        "tipo_inicio": "Geral",
        "tipo_fim": "Geral",
        "tipo_par": "Geral -> Geral",
        "votos_hugo_inicio": 12,
        "votos_hugo_fim": 14,
        "delta_hugo": 2,
        "pct_delta_hugo": 16.67,
        "candidacy_status_hugo": "concorreu",
        "cargo_diferente_hugo": false,
        "votos_felipe_inicio": 132,
        "votos_felipe_fim": 118,
        "delta_felipe": -14,
        "pct_delta_felipe": -10.61,
        "candidacy_status_felipe": "concorreu",
        "cargo_diferente_felipe": true,
        "votos_psd_inicio": 3071,
        "votos_psd_fim": 708,
        "delta_psd": -2363,
        "pct_delta_psd": -76.95,
        "candidacy_status_psd": "concorreu",
        "cargo_diferente_psd": false,
        "map_delta": 2,
        "map_abs_delta": 2
      },
      "geometry": {
        "type": "Point",
        "coordinates": [
          -43.0583864,
          -22.8961721
        ]
      }
    },
    {
      "type": "Feature",
      "properties": {
        "pair": "2018-2022",
        "ano_inicio": 2018,
        "ano_fim": 2022,
        "nr_local": "1538",
        "nm_local": "ESCOLA CATAVENTO ESPAÇO DE EDUCAÇÃO",
        "bairro": "SAPÊ",
        "local_status": "both",
        "secoes_inicio": 15,
        "secoes_fim": 4,
        "secoes_comuns": 4,
        "secoes_adicionadas": 0,
        "secoes_removidas": 11,
        "secoes_movidas_in": 0,
        "secoes_movidas_out": 3,
        "secao_churn": 0.7333,
        "tipo_inicio": "Geral",
        "tipo_fim": "Geral",
        "tipo_par": "Geral -> Geral",
        "votos_hugo_inicio": 7,
        "votos_hugo_fim": 2,
        "delta_hugo": -5,
        "pct_delta_hugo": -71.43,
        "candidacy_status_hugo": "concorreu",
        "cargo_diferente_hugo": false,
        "votos_felipe_inicio": 56,
        "votos_felipe_fim": 22,
        "delta_felipe": -34,
        "pct_delta_felipe": -60.71,
        "candidacy_status_felipe": "concorreu",
        "cargo_diferente_felipe": true,
        "votos_psd_inicio": 954,
        "votos_psd_fim": 158,
        "delta_psd": -796,
        "pct_delta_psd": -83.44,
        "candidacy_status_psd": "concorreu",
        "cargo_diferente_psd": false,
        "map_delta": -5,
        "map_abs_delta": 5
      },
      "geometry": {
        "type": "Point",
        "coordinates": [
          -43.0635188,
          -22.9024713
        ]
      }
    },
    {
      "type": "Feature",
      "properties": {
        "pair": "2018-2022",
        "ano_inicio": 2018,
        "ano_fim": 2022,
        "nr_local": "1546",
        "nm_local": "UNIVERSIDADE SALGADO DE OLIVEIRA - BL A",
        "bairro": "CENTRO",
        "local_status": "both",
        "secoes_inicio": 25,
        "secoes_fim": 17,
        "secoes_comuns": 15,
        "secoes_adicionadas": 2,
        "secoes_removidas": 10,
        "secoes_movidas_in": 0,
        "secoes_movidas_out": 0,
        "secao_churn": 0.48,
        "tipo_inicio": "Geral",
        "tipo_fim": "Geral",
        "tipo_par": "Geral -> Geral",
        "votos_hugo_inicio": 14,
        "votos_hugo_fim": 22,
        "delta_hugo": 8,
        "pct_delta_hugo": 57.14,
        "candidacy_status_hugo": "concorreu",
        "cargo_diferente_hugo": false,
        "votos_felipe_inicio": 133,
        "votos_felipe_fim": 73,
        "delta_felipe": -60,
        "pct_delta_felipe": -45.11,
        "candidacy_status_felipe": "concorreu",
        "cargo_diferente_felipe": true,
        "votos_psd_inicio": 1880,
        "votos_psd_fim": 587,
        "delta_psd": -1293,
        "pct_delta_psd": -68.78,
        "candidacy_status_psd": "concorreu",
        "cargo_diferente_psd": false,
        "map_delta": 8,
        "map_abs_delta": 8
      },
      "geometry": {
        "type": "Point",
        "coordinates": [
          -43.1186087,
          -22.8894749
        ]
      }
    },
    {
      "type": "Feature",
      "properties": {
        "pair": "2018-2022",
        "ano_inicio": 2018,
        "ano_fim": 2022,
        "nr_local": "1554",
        "nm_local": "JARDIM ESCOLA GIRASSÓIS",
        "bairro": "LARGO DA BATALHA",
        "local_status": "both",
        "secoes_inicio": 34,
        "secoes_fim": 26,
        "secoes_comuns": 26,
        "secoes_adicionadas": 0,
        "secoes_removidas": 8,
        "secoes_movidas_in": 0,
        "secoes_movidas_out": 0,
        "secao_churn": 0.2353,
        "tipo_inicio": "Geral",
        "tipo_fim": "Geral",
        "tipo_par": "Geral -> Geral",
        "votos_hugo_inicio": 28,
        "votos_hugo_fim": 13,
        "delta_hugo": -15,
        "pct_delta_hugo": -53.57,
        "candidacy_status_hugo": "concorreu",
        "cargo_diferente_hugo": false,
        "votos_felipe_inicio": 181,
        "votos_felipe_fim": 143,
        "delta_felipe": -38,
        "pct_delta_felipe": -20.99,
        "candidacy_status_felipe": "concorreu",
        "cargo_diferente_felipe": true,
        "votos_psd_inicio": 2998,
        "votos_psd_fim": 984,
        "delta_psd": -2014,
        "pct_delta_psd": -67.18,
        "candidacy_status_psd": "concorreu",
        "cargo_diferente_psd": false,
        "map_delta": -15,
        "map_abs_delta": 15
      },
      "geometry": {
        "type": "Point",
        "coordinates": [
          -43.0652722,
          -22.9077414
        ]
      }
    },
    {
      "type": "Feature",
      "properties": {
        "pair": "2018-2022",
        "ano_inicio": 2018,
        "ano_fim": 2022,
        "nr_local": "1562",
        "nm_local": "COLEGIO ESTADUAL RAUL VIDAL",
        "bairro": "CENTRO",
        "local_status": "both",
        "secoes_inicio": 23,
        "secoes_fim": 23,
        "secoes_comuns": 23,
        "secoes_adicionadas": 0,
        "secoes_removidas": 0,
        "secoes_movidas_in": 0,
        "secoes_movidas_out": 0,
        "secao_churn": 0,
        "tipo_inicio": "Geral",
        "tipo_fim": "Geral",
        "tipo_par": "Geral -> Geral",
        "votos_hugo_inicio": 27,
        "votos_hugo_fim": 18,
        "delta_hugo": -9,
        "pct_delta_hugo": -33.33,
        "candidacy_status_hugo": "concorreu",
        "cargo_diferente_hugo": false,
        "votos_felipe_inicio": 78,
        "votos_felipe_fim": 83,
        "delta_felipe": 5,
        "pct_delta_felipe": 6.41,
        "candidacy_status_felipe": "concorreu",
        "cargo_diferente_felipe": true,
        "votos_psd_inicio": 1949,
        "votos_psd_fim": 635,
        "delta_psd": -1314,
        "pct_delta_psd": -67.42,
        "candidacy_status_psd": "concorreu",
        "cargo_diferente_psd": false,
        "map_delta": -9,
        "map_abs_delta": 9
      },
      "geometry": {
        "type": "Point",
        "coordinates": [
          -43.1242688,
          -22.8862372
        ]
      }
    },
    {
      "type": "Feature",
      "properties": {
        "pair": "2018-2022",
        "ano_inicio": 2018,
        "ano_fim": 2022,
        "nr_local": "1570",
        "nm_local": "IGREJA DO SANTUARIO NACIONAL DAS ALMAS",
        "bairro": "ICARAÍ",
        "local_status": "both",
        "secoes_inicio": 25,
        "secoes_fim": 25,
        "secoes_comuns": 25,
        "secoes_adicionadas": 0,
        "secoes_removidas": 0,
        "secoes_movidas_in": 0,
        "secoes_movidas_out": 0,
        "secao_churn": 0,
        "tipo_inicio": "Geral",
        "tipo_fim": "Geral",
        "tipo_par": "Geral -> Geral",
        "votos_hugo_inicio": 16,
        "votos_hugo_fim": 17,
        "delta_hugo": 1,
        "pct_delta_hugo": 6.25,
        "candidacy_status_hugo": "concorreu",
        "cargo_diferente_hugo": false,
        "votos_felipe_inicio": 131,
        "votos_felipe_fim": 101,
        "delta_felipe": -30,
        "pct_delta_felipe": -22.9,
        "candidacy_status_felipe": "concorreu",
        "cargo_diferente_felipe": true,
        "votos_psd_inicio": 1512,
        "votos_psd_fim": 739,
        "delta_psd": -773,
        "pct_delta_psd": -51.12,
        "candidacy_status_psd": "concorreu",
        "cargo_diferente_psd": false,
        "map_delta": 1,
        "map_abs_delta": 1
      },
      "geometry": {
        "type": "Point",
        "coordinates": [
          -43.1107182,
          -22.9004522
        ]
      }
    },
    {
      "type": "Feature",
      "properties": {
        "pair": "2018-2022",
        "ano_inicio": 2018,
        "ano_fim": 2022,
        "nr_local": "1589",
        "nm_local": "COLÉGIO NOSSA SENHORA DAS MERCÊS",
        "bairro": "FONSECA",
        "local_status": "both",
        "secoes_inicio": 26,
        "secoes_fim": 21,
        "secoes_comuns": 21,
        "secoes_adicionadas": 0,
        "secoes_removidas": 5,
        "secoes_movidas_in": 0,
        "secoes_movidas_out": 5,
        "secao_churn": 0.1923,
        "tipo_inicio": "Geral",
        "tipo_fim": "Geral",
        "tipo_par": "Geral -> Geral",
        "votos_hugo_inicio": 47,
        "votos_hugo_fim": 18,
        "delta_hugo": -29,
        "pct_delta_hugo": -61.7,
        "candidacy_status_hugo": "concorreu",
        "cargo_diferente_hugo": false,
        "votos_felipe_inicio": 223,
        "votos_felipe_fim": 134,
        "delta_felipe": -89,
        "pct_delta_felipe": -39.91,
        "candidacy_status_felipe": "concorreu",
        "cargo_diferente_felipe": true,
        "votos_psd_inicio": 2082,
        "votos_psd_fim": 935,
        "delta_psd": -1147,
        "pct_delta_psd": -55.09,
        "candidacy_status_psd": "concorreu",
        "cargo_diferente_psd": false,
        "map_delta": -29,
        "map_abs_delta": 29
      },
      "geometry": {
        "type": "Point",
        "coordinates": [
          -43.1023535,
          -22.880345
        ]
      }
    },
    {
      "type": "Feature",
      "properties": {
        "pair": "2018-2022",
        "ano_inicio": 2018,
        "ano_fim": 2022,
        "nr_local": "1597",
        "nm_local": "COLÉGIO PONTO DE ENSINO",
        "bairro": "ICARAÍ",
        "local_status": "both",
        "secoes_inicio": 25,
        "secoes_fim": 24,
        "secoes_comuns": 24,
        "secoes_adicionadas": 0,
        "secoes_removidas": 1,
        "secoes_movidas_in": 0,
        "secoes_movidas_out": 0,
        "secao_churn": 0.04,
        "tipo_inicio": "Geral",
        "tipo_fim": "Geral",
        "tipo_par": "Geral -> Geral",
        "votos_hugo_inicio": 31,
        "votos_hugo_fim": 7,
        "delta_hugo": -24,
        "pct_delta_hugo": -77.42,
        "candidacy_status_hugo": "concorreu",
        "cargo_diferente_hugo": false,
        "votos_felipe_inicio": 177,
        "votos_felipe_fim": 120,
        "delta_felipe": -57,
        "pct_delta_felipe": -32.2,
        "candidacy_status_felipe": "concorreu",
        "cargo_diferente_felipe": true,
        "votos_psd_inicio": 1987,
        "votos_psd_fim": 813,
        "delta_psd": -1174,
        "pct_delta_psd": -59.08,
        "candidacy_status_psd": "concorreu",
        "cargo_diferente_psd": false,
        "map_delta": -24,
        "map_abs_delta": 24
      },
      "geometry": {
        "type": "Point",
        "coordinates": [
          -43.1095209,
          -22.9092421
        ]
      }
    },
    {
      "type": "Feature",
      "properties": {
        "pair": "2018-2022",
        "ano_inicio": 2018,
        "ano_fim": 2022,
        "nr_local": "1600",
        "nm_local": "INSTITUTO DE EDUCAÇÃO PROFESSOR ISMAEL COUTINHO - IEPIC",
        "bairro": "SÃO DOMINGOS",
        "local_status": "both",
        "secoes_inicio": 21,
        "secoes_fim": 26,
        "secoes_comuns": 14,
        "secoes_adicionadas": 12,
        "secoes_removidas": 7,
        "secoes_movidas_in": 11,
        "secoes_movidas_out": 0,
        "secao_churn": 0.7308,
        "tipo_inicio": "Geral",
        "tipo_fim": "Geral",
        "tipo_par": "Geral -> Geral",
        "votos_hugo_inicio": 9,
        "votos_hugo_fim": 27,
        "delta_hugo": 18,
        "pct_delta_hugo": 200,
        "candidacy_status_hugo": "concorreu",
        "cargo_diferente_hugo": false,
        "votos_felipe_inicio": 52,
        "votos_felipe_fim": 81,
        "delta_felipe": 29,
        "pct_delta_felipe": 55.77,
        "candidacy_status_felipe": "concorreu",
        "cargo_diferente_felipe": true,
        "votos_psd_inicio": 1293,
        "votos_psd_fim": 727,
        "delta_psd": -566,
        "pct_delta_psd": -43.77,
        "candidacy_status_psd": "concorreu",
        "cargo_diferente_psd": false,
        "map_delta": 18,
        "map_abs_delta": 18
      },
      "geometry": {
        "type": "Point",
        "coordinates": [
          -43.1271052,
          -22.8989767
        ]
      }
    },
    {
      "type": "Feature",
      "properties": {
        "pair": "2018-2022",
        "ano_inicio": 2018,
        "ano_fim": 2022,
        "nr_local": "1619",
        "nm_local": "COLEGIO ESTADUAL JOAQUIM TAVORA",
        "bairro": "ICARAÍ",
        "local_status": "both",
        "secoes_inicio": 30,
        "secoes_fim": 20,
        "secoes_comuns": 15,
        "secoes_adicionadas": 5,
        "secoes_removidas": 15,
        "secoes_movidas_in": 5,
        "secoes_movidas_out": 0,
        "secao_churn": 0.6667,
        "tipo_inicio": "Geral",
        "tipo_fim": "Geral",
        "tipo_par": "Geral -> Geral",
        "votos_hugo_inicio": 24,
        "votos_hugo_fim": 16,
        "delta_hugo": -8,
        "pct_delta_hugo": -33.33,
        "candidacy_status_hugo": "concorreu",
        "cargo_diferente_hugo": false,
        "votos_felipe_inicio": 151,
        "votos_felipe_fim": 174,
        "delta_felipe": 23,
        "pct_delta_felipe": 15.23,
        "candidacy_status_felipe": "concorreu",
        "cargo_diferente_felipe": true,
        "votos_psd_inicio": 1054,
        "votos_psd_fim": 909,
        "delta_psd": -145,
        "pct_delta_psd": -13.76,
        "candidacy_status_psd": "concorreu",
        "cargo_diferente_psd": false,
        "map_delta": -8,
        "map_abs_delta": 8
      },
      "geometry": {
        "type": "Point",
        "coordinates": [
          -43.1081976,
          -22.9048788
        ]
      }
    },
    {
      "type": "Feature",
      "properties": {
        "pair": "2018-2022",
        "ano_inicio": 2018,
        "ano_fim": 2022,
        "nr_local": "1627",
        "nm_local": "ESCOLA ESTADUAL DOUTOR JAYME MEMORIA",
        "bairro": "CUBANGO",
        "local_status": "both",
        "secoes_inicio": 22,
        "secoes_fim": 24,
        "secoes_comuns": 22,
        "secoes_adicionadas": 2,
        "secoes_removidas": 0,
        "secoes_movidas_in": 1,
        "secoes_movidas_out": 0,
        "secao_churn": 0.0833,
        "tipo_inicio": "Geral",
        "tipo_fim": "Geral",
        "tipo_par": "Geral -> Geral",
        "votos_hugo_inicio": 15,
        "votos_hugo_fim": 28,
        "delta_hugo": 13,
        "pct_delta_hugo": 86.67,
        "candidacy_status_hugo": "concorreu",
        "cargo_diferente_hugo": false,
        "votos_felipe_inicio": 136,
        "votos_felipe_fim": 127,
        "delta_felipe": -9,
        "pct_delta_felipe": -6.62,
        "candidacy_status_felipe": "concorreu",
        "cargo_diferente_felipe": true,
        "votos_psd_inicio": 2248,
        "votos_psd_fim": 882,
        "delta_psd": -1366,
        "pct_delta_psd": -60.77,
        "candidacy_status_psd": "concorreu",
        "cargo_diferente_psd": false,
        "map_delta": 13,
        "map_abs_delta": 13
      },
      "geometry": {
        "type": "Point",
        "coordinates": [
          -43.0937712,
          -22.88949
        ]
      }
    },
    {
      "type": "Feature",
      "properties": {
        "pair": "2018-2022",
        "ano_inicio": 2018,
        "ano_fim": 2022,
        "nr_local": "1635",
        "nm_local": "ESCOLA MUNICIPAL DOM JOSÉ PEREIRA ALVES",
        "bairro": "FONSECA",
        "local_status": "both",
        "secoes_inicio": 14,
        "secoes_fim": 9,
        "secoes_comuns": 9,
        "secoes_adicionadas": 0,
        "secoes_removidas": 5,
        "secoes_movidas_in": 0,
        "secoes_movidas_out": 0,
        "secao_churn": 0.3571,
        "tipo_inicio": "Geral",
        "tipo_fim": "Geral",
        "tipo_par": "Geral -> Geral",
        "votos_hugo_inicio": 5,
        "votos_hugo_fim": 7,
        "delta_hugo": 2,
        "pct_delta_hugo": 40,
        "candidacy_status_hugo": "concorreu",
        "cargo_diferente_hugo": false,
        "votos_felipe_inicio": 48,
        "votos_felipe_fim": 32,
        "delta_felipe": -16,
        "pct_delta_felipe": -33.33,
        "candidacy_status_felipe": "concorreu",
        "cargo_diferente_felipe": true,
        "votos_psd_inicio": 934,
        "votos_psd_fim": 290,
        "delta_psd": -644,
        "pct_delta_psd": -68.95,
        "candidacy_status_psd": "concorreu",
        "cargo_diferente_psd": false,
        "map_delta": 2,
        "map_abs_delta": 2
      },
      "geometry": {
        "type": "Point",
        "coordinates": [
          -43.0920686,
          -22.8783038
        ]
      }
    },
    {
      "type": "Feature",
      "properties": {
        "pair": "2018-2022",
        "ano_inicio": 2018,
        "ano_fim": 2022,
        "nr_local": "1643",
        "nm_local": "CENTRO MODERNO ALZIRA BITTENCOURT",
        "bairro": "ICARAÍ",
        "local_status": "both",
        "secoes_inicio": 11,
        "secoes_fim": 9,
        "secoes_comuns": 9,
        "secoes_adicionadas": 0,
        "secoes_removidas": 2,
        "secoes_movidas_in": 0,
        "secoes_movidas_out": 0,
        "secao_churn": 0.1818,
        "tipo_inicio": "Geral",
        "tipo_fim": "Geral",
        "tipo_par": "Geral -> Geral",
        "votos_hugo_inicio": 10,
        "votos_hugo_fim": 8,
        "delta_hugo": -2,
        "pct_delta_hugo": -20,
        "candidacy_status_hugo": "concorreu",
        "cargo_diferente_hugo": false,
        "votos_felipe_inicio": 55,
        "votos_felipe_fim": 42,
        "delta_felipe": -13,
        "pct_delta_felipe": -23.64,
        "candidacy_status_felipe": "concorreu",
        "cargo_diferente_felipe": true,
        "votos_psd_inicio": 665,
        "votos_psd_fim": 259,
        "delta_psd": -406,
        "pct_delta_psd": -61.05,
        "candidacy_status_psd": "concorreu",
        "cargo_diferente_psd": false,
        "map_delta": -2,
        "map_abs_delta": 2
      },
      "geometry": {
        "type": "Point",
        "coordinates": [
          -43.110746,
          -22.9012326
        ]
      }
    },
    {
      "type": "Feature",
      "properties": {
        "pair": "2018-2022",
        "ano_inicio": 2018,
        "ano_fim": 2022,
        "nr_local": "1651",
        "nm_local": "PH COLÉGIO",
        "bairro": "ICARAÍ",
        "local_status": "both",
        "secoes_inicio": 23,
        "secoes_fim": 16,
        "secoes_comuns": 14,
        "secoes_adicionadas": 2,
        "secoes_removidas": 9,
        "secoes_movidas_in": 0,
        "secoes_movidas_out": 0,
        "secao_churn": 0.4783,
        "tipo_inicio": "Geral",
        "tipo_fim": "Geral",
        "tipo_par": "Geral -> Geral",
        "votos_hugo_inicio": 23,
        "votos_hugo_fim": 12,
        "delta_hugo": -11,
        "pct_delta_hugo": -47.83,
        "candidacy_status_hugo": "concorreu",
        "cargo_diferente_hugo": false,
        "votos_felipe_inicio": 92,
        "votos_felipe_fim": 95,
        "delta_felipe": 3,
        "pct_delta_felipe": 3.26,
        "candidacy_status_felipe": "concorreu",
        "cargo_diferente_felipe": true,
        "votos_psd_inicio": 1427,
        "votos_psd_fim": 557,
        "delta_psd": -870,
        "pct_delta_psd": -60.97,
        "candidacy_status_psd": "concorreu",
        "cargo_diferente_psd": false,
        "map_delta": -11,
        "map_abs_delta": 11
      },
      "geometry": {
        "type": "Point",
        "coordinates": [
          -43.1110377,
          -22.9006508
        ]
      }
    },
    {
      "type": "Feature",
      "properties": {
        "pair": "2018-2022",
        "ano_inicio": 2018,
        "ano_fim": 2022,
        "nr_local": "1660",
        "nm_local": "CLUBE CENTRAL",
        "bairro": "ICARAÍ",
        "local_status": "both",
        "secoes_inicio": 38,
        "secoes_fim": 38,
        "secoes_comuns": 38,
        "secoes_adicionadas": 0,
        "secoes_removidas": 0,
        "secoes_movidas_in": 0,
        "secoes_movidas_out": 0,
        "secao_churn": 0,
        "tipo_inicio": "Geral",
        "tipo_fim": "Geral",
        "tipo_par": "Geral -> Geral",
        "votos_hugo_inicio": 53,
        "votos_hugo_fim": 36,
        "delta_hugo": -17,
        "pct_delta_hugo": -32.08,
        "candidacy_status_hugo": "concorreu",
        "cargo_diferente_hugo": false,
        "votos_felipe_inicio": 258,
        "votos_felipe_fim": 221,
        "delta_felipe": -37,
        "pct_delta_felipe": -14.34,
        "candidacy_status_felipe": "concorreu",
        "cargo_diferente_felipe": true,
        "votos_psd_inicio": 2764,
        "votos_psd_fim": 1505,
        "delta_psd": -1259,
        "pct_delta_psd": -45.55,
        "candidacy_status_psd": "concorreu",
        "cargo_diferente_psd": false,
        "map_delta": -17,
        "map_abs_delta": 17
      },
      "geometry": {
        "type": "Point",
        "coordinates": [
          -43.111789,
          -22.9075784
        ]
      }
    },
    {
      "type": "Feature",
      "properties": {
        "pair": "2018-2022",
        "ano_inicio": 2018,
        "ano_fim": 2022,
        "nr_local": "1678",
        "nm_local": "LICEU NILO PEÇANHA",
        "bairro": "CENTRO",
        "local_status": "both",
        "secoes_inicio": 24,
        "secoes_fim": 23,
        "secoes_comuns": 18,
        "secoes_adicionadas": 5,
        "secoes_removidas": 6,
        "secoes_movidas_in": 3,
        "secoes_movidas_out": 0,
        "secao_churn": 0.4583,
        "tipo_inicio": "Geral",
        "tipo_fim": "Geral",
        "tipo_par": "Geral -> Geral",
        "votos_hugo_inicio": 15,
        "votos_hugo_fim": 17,
        "delta_hugo": 2,
        "pct_delta_hugo": 13.33,
        "candidacy_status_hugo": "concorreu",
        "cargo_diferente_hugo": false,
        "votos_felipe_inicio": 108,
        "votos_felipe_fim": 100,
        "delta_felipe": -8,
        "pct_delta_felipe": -7.41,
        "candidacy_status_felipe": "concorreu",
        "cargo_diferente_felipe": true,
        "votos_psd_inicio": 1786,
        "votos_psd_fim": 692,
        "delta_psd": -1094,
        "pct_delta_psd": -61.25,
        "candidacy_status_psd": "concorreu",
        "cargo_diferente_psd": false,
        "map_delta": 2,
        "map_abs_delta": 2
      },
      "geometry": {
        "type": "Point",
        "coordinates": [
          -43.1165611,
          -22.8935707
        ]
      }
    },
    {
      "type": "Feature",
      "properties": {
        "pair": "2018-2022",
        "ano_inicio": 2018,
        "ano_fim": 2022,
        "nr_local": "1686",
        "nm_local": "COLÉGIO DA POLÍCIA MILITAR",
        "bairro": "FONSECA",
        "local_status": "both",
        "secoes_inicio": 21,
        "secoes_fim": 13,
        "secoes_comuns": 13,
        "secoes_adicionadas": 0,
        "secoes_removidas": 8,
        "secoes_movidas_in": 0,
        "secoes_movidas_out": 4,
        "secao_churn": 0.381,
        "tipo_inicio": "Geral",
        "tipo_fim": "Geral",
        "tipo_par": "Geral -> Geral",
        "votos_hugo_inicio": 15,
        "votos_hugo_fim": 7,
        "delta_hugo": -8,
        "pct_delta_hugo": -53.33,
        "candidacy_status_hugo": "concorreu",
        "cargo_diferente_hugo": false,
        "votos_felipe_inicio": 106,
        "votos_felipe_fim": 67,
        "delta_felipe": -39,
        "pct_delta_felipe": -36.79,
        "candidacy_status_felipe": "concorreu",
        "cargo_diferente_felipe": true,
        "votos_psd_inicio": 1231,
        "votos_psd_fim": 487,
        "delta_psd": -744,
        "pct_delta_psd": -60.44,
        "candidacy_status_psd": "concorreu",
        "cargo_diferente_psd": false,
        "map_delta": -8,
        "map_abs_delta": 8
      },
      "geometry": {
        "type": "Point",
        "coordinates": [
          -43.0820149,
          -22.8818063
        ]
      }
    },
    {
      "type": "Feature",
      "properties": {
        "pair": "2018-2022",
        "ano_inicio": 2018,
        "ano_fim": 2022,
        "nr_local": "1694",
        "nm_local": "RIO CRICKET",
        "bairro": "INGÁ",
        "local_status": "both",
        "secoes_inicio": 9,
        "secoes_fim": 9,
        "secoes_comuns": 9,
        "secoes_adicionadas": 0,
        "secoes_removidas": 0,
        "secoes_movidas_in": 0,
        "secoes_movidas_out": 0,
        "secao_churn": 0,
        "tipo_inicio": "Geral",
        "tipo_fim": "Geral",
        "tipo_par": "Geral -> Geral",
        "votos_hugo_inicio": 11,
        "votos_hugo_fim": 12,
        "delta_hugo": 1,
        "pct_delta_hugo": 9.09,
        "candidacy_status_hugo": "concorreu",
        "cargo_diferente_hugo": false,
        "votos_felipe_inicio": 84,
        "votos_felipe_fim": 73,
        "delta_felipe": -11,
        "pct_delta_felipe": -13.1,
        "candidacy_status_felipe": "concorreu",
        "cargo_diferente_felipe": true,
        "votos_psd_inicio": 672,
        "votos_psd_fim": 440,
        "delta_psd": -232,
        "pct_delta_psd": -34.52,
        "candidacy_status_psd": "concorreu",
        "cargo_diferente_psd": false,
        "map_delta": 1,
        "map_abs_delta": 1
      },
      "geometry": {
        "type": "Point",
        "coordinates": [
          -43.1133665,
          -22.8997052
        ]
      }
    },
    {
      "type": "Feature",
      "properties": {
        "pair": "2018-2022",
        "ano_inicio": 2018,
        "ano_fim": 2022,
        "nr_local": "1708",
        "nm_local": "ESCOLA MUNICIPAL JÚLIA CORTINES",
        "bairro": "ICARAÍ",
        "local_status": "both",
        "secoes_inicio": 21,
        "secoes_fim": 8,
        "secoes_comuns": 8,
        "secoes_adicionadas": 0,
        "secoes_removidas": 13,
        "secoes_movidas_in": 0,
        "secoes_movidas_out": 0,
        "secao_churn": 0.619,
        "tipo_inicio": "Geral",
        "tipo_fim": "Geral",
        "tipo_par": "Geral -> Geral",
        "votos_hugo_inicio": 14,
        "votos_hugo_fim": 5,
        "delta_hugo": -9,
        "pct_delta_hugo": -64.29,
        "candidacy_status_hugo": "concorreu",
        "cargo_diferente_hugo": false,
        "votos_felipe_inicio": 114,
        "votos_felipe_fim": 73,
        "delta_felipe": -41,
        "pct_delta_felipe": -35.96,
        "candidacy_status_felipe": "concorreu",
        "cargo_diferente_felipe": true,
        "votos_psd_inicio": 600,
        "votos_psd_fim": 380,
        "delta_psd": -220,
        "pct_delta_psd": -36.67,
        "candidacy_status_psd": "concorreu",
        "cargo_diferente_psd": false,
        "map_delta": -9,
        "map_abs_delta": 9
      },
      "geometry": {
        "type": "Point",
        "coordinates": [
          -43.1086717,
          -22.9043592
        ]
      }
    },
    {
      "type": "Feature",
      "properties": {
        "pair": "2018-2022",
        "ano_inicio": 2018,
        "ano_fim": 2022,
        "nr_local": "1716",
        "nm_local": "ESCOLA VIVINFÂNCIA",
        "bairro": "ICARAÍ",
        "local_status": "both",
        "secoes_inicio": 4,
        "secoes_fim": 4,
        "secoes_comuns": 4,
        "secoes_adicionadas": 0,
        "secoes_removidas": 0,
        "secoes_movidas_in": 0,
        "secoes_movidas_out": 0,
        "secao_churn": 0,
        "tipo_inicio": "Geral",
        "tipo_fim": "Geral",
        "tipo_par": "Geral -> Geral",
        "votos_hugo_inicio": 3,
        "votos_hugo_fim": 4,
        "delta_hugo": 1,
        "pct_delta_hugo": 33.33,
        "candidacy_status_hugo": "concorreu",
        "cargo_diferente_hugo": false,
        "votos_felipe_inicio": 31,
        "votos_felipe_fim": 17,
        "delta_felipe": -14,
        "pct_delta_felipe": -45.16,
        "candidacy_status_felipe": "concorreu",
        "cargo_diferente_felipe": true,
        "votos_psd_inicio": 237,
        "votos_psd_fim": 128,
        "delta_psd": -109,
        "pct_delta_psd": -45.99,
        "candidacy_status_psd": "concorreu",
        "cargo_diferente_psd": false,
        "map_delta": 1,
        "map_abs_delta": 1
      },
      "geometry": {
        "type": "Point",
        "coordinates": [
          -43.1056898,
          -22.9079727
        ]
      }
    },
    {
      "type": "Feature",
      "properties": {
        "pair": "2018-2022",
        "ano_inicio": 2018,
        "ano_fim": 2022,
        "nr_local": "1724",
        "nm_local": "AABB",
        "bairro": "SÃO FRANCISCO",
        "local_status": "both",
        "secoes_inicio": 8,
        "secoes_fim": 8,
        "secoes_comuns": 8,
        "secoes_adicionadas": 0,
        "secoes_removidas": 0,
        "secoes_movidas_in": 0,
        "secoes_movidas_out": 0,
        "secao_churn": 0,
        "tipo_inicio": "Geral",
        "tipo_fim": "Geral",
        "tipo_par": "Geral -> Geral",
        "votos_hugo_inicio": 1,
        "votos_hugo_fim": 10,
        "delta_hugo": 9,
        "pct_delta_hugo": 900,
        "candidacy_status_hugo": "concorreu",
        "cargo_diferente_hugo": false,
        "votos_felipe_inicio": 71,
        "votos_felipe_fim": 65,
        "delta_felipe": -6,
        "pct_delta_felipe": -8.45,
        "candidacy_status_felipe": "concorreu",
        "cargo_diferente_felipe": true,
        "votos_psd_inicio": 696,
        "votos_psd_fim": 373,
        "delta_psd": -323,
        "pct_delta_psd": -46.41,
        "candidacy_status_psd": "concorreu",
        "cargo_diferente_psd": false,
        "map_delta": 9,
        "map_abs_delta": 9
      },
      "geometry": {
        "type": "Point",
        "coordinates": [
          -43.0826083,
          -22.9172823
        ]
      }
    },
    {
      "type": "Feature",
      "properties": {
        "pair": "2018-2022",
        "ano_inicio": 2018,
        "ano_fim": 2022,
        "nr_local": "1732",
        "nm_local": "CLUBE NAVAL",
        "bairro": "JURUJUBA",
        "local_status": "both",
        "secoes_inicio": 20,
        "secoes_fim": 20,
        "secoes_comuns": 20,
        "secoes_adicionadas": 0,
        "secoes_removidas": 0,
        "secoes_movidas_in": 0,
        "secoes_movidas_out": 0,
        "secao_churn": 0,
        "tipo_inicio": "Geral",
        "tipo_fim": "Geral",
        "tipo_par": "Geral -> Geral",
        "votos_hugo_inicio": 7,
        "votos_hugo_fim": 30,
        "delta_hugo": 23,
        "pct_delta_hugo": 328.57,
        "candidacy_status_hugo": "concorreu",
        "cargo_diferente_hugo": false,
        "votos_felipe_inicio": 94,
        "votos_felipe_fim": 75,
        "delta_felipe": -19,
        "pct_delta_felipe": -20.21,
        "candidacy_status_felipe": "concorreu",
        "cargo_diferente_felipe": true,
        "votos_psd_inicio": 2573,
        "votos_psd_fim": 476,
        "delta_psd": -2097,
        "pct_delta_psd": -81.5,
        "candidacy_status_psd": "concorreu",
        "cargo_diferente_psd": false,
        "map_delta": 23,
        "map_abs_delta": 23
      },
      "geometry": {
        "type": "Point",
        "coordinates": [
          -43.1068139,
          -22.935737
        ]
      }
    },
    {
      "type": "Feature",
      "properties": {
        "pair": "2018-2022",
        "ano_inicio": 2018,
        "ano_fim": 2022,
        "nr_local": "1740",
        "nm_local": "ESCOLA MUNICIPAL PROFESSORA ELVIRA LÚCIA ESTEVES DE VASCONCELOS",
        "bairro": "ICARAÍ",
        "local_status": "both",
        "secoes_inicio": 9,
        "secoes_fim": 9,
        "secoes_comuns": 9,
        "secoes_adicionadas": 0,
        "secoes_removidas": 0,
        "secoes_movidas_in": 0,
        "secoes_movidas_out": 0,
        "secao_churn": 0,
        "tipo_inicio": "Geral",
        "tipo_fim": "Geral",
        "tipo_par": "Geral -> Geral",
        "votos_hugo_inicio": 7,
        "votos_hugo_fim": 9,
        "delta_hugo": 2,
        "pct_delta_hugo": 28.57,
        "candidacy_status_hugo": "concorreu",
        "cargo_diferente_hugo": false,
        "votos_felipe_inicio": 90,
        "votos_felipe_fim": 61,
        "delta_felipe": -29,
        "pct_delta_felipe": -32.22,
        "candidacy_status_felipe": "concorreu",
        "cargo_diferente_felipe": true,
        "votos_psd_inicio": 622,
        "votos_psd_fim": 313,
        "delta_psd": -309,
        "pct_delta_psd": -49.68,
        "candidacy_status_psd": "concorreu",
        "cargo_diferente_psd": false,
        "map_delta": 2,
        "map_abs_delta": 2
      },
      "geometry": {
        "type": "Point",
        "coordinates": [
          -43.1073245,
          -22.9111671
        ]
      }
    },
    {
      "type": "Feature",
      "properties": {
        "pair": "2018-2022",
        "ano_inicio": 2018,
        "ano_fim": 2022,
        "nr_local": "1759",
        "nm_local": "COLÉGIO MV1",
        "bairro": "ICARAÍ",
        "local_status": "both",
        "secoes_inicio": 18,
        "secoes_fim": 18,
        "secoes_comuns": 18,
        "secoes_adicionadas": 0,
        "secoes_removidas": 0,
        "secoes_movidas_in": 0,
        "secoes_movidas_out": 0,
        "secao_churn": 0,
        "tipo_inicio": "Geral",
        "tipo_fim": "Geral",
        "tipo_par": "Geral -> Geral",
        "votos_hugo_inicio": 10,
        "votos_hugo_fim": 14,
        "delta_hugo": 4,
        "pct_delta_hugo": 40,
        "candidacy_status_hugo": "concorreu",
        "cargo_diferente_hugo": false,
        "votos_felipe_inicio": 137,
        "votos_felipe_fim": 89,
        "delta_felipe": -48,
        "pct_delta_felipe": -35.04,
        "candidacy_status_felipe": "concorreu",
        "cargo_diferente_felipe": true,
        "votos_psd_inicio": 1071,
        "votos_psd_fim": 643,
        "delta_psd": -428,
        "pct_delta_psd": -39.96,
        "candidacy_status_psd": "concorreu",
        "cargo_diferente_psd": false,
        "map_delta": 4,
        "map_abs_delta": 4
      },
      "geometry": {
        "type": "Point",
        "coordinates": [
          -43.1058651,
          -22.9079111
        ]
      }
    },
    {
      "type": "Feature",
      "properties": {
        "pair": "2018-2022",
        "ano_inicio": 2018,
        "ano_fim": 2022,
        "nr_local": "1767",
        "nm_local": "COLÉGIO ASSUNÇÃO",
        "bairro": "SÃO FRANCISCO",
        "local_status": "both",
        "secoes_inicio": 15,
        "secoes_fim": 15,
        "secoes_comuns": 15,
        "secoes_adicionadas": 0,
        "secoes_removidas": 0,
        "secoes_movidas_in": 0,
        "secoes_movidas_out": 0,
        "secao_churn": 0,
        "tipo_inicio": "Geral",
        "tipo_fim": "Geral",
        "tipo_par": "Geral -> Geral",
        "votos_hugo_inicio": 18,
        "votos_hugo_fim": 10,
        "delta_hugo": -8,
        "pct_delta_hugo": -44.44,
        "candidacy_status_hugo": "concorreu",
        "cargo_diferente_hugo": false,
        "votos_felipe_inicio": 144,
        "votos_felipe_fim": 154,
        "delta_felipe": 10,
        "pct_delta_felipe": 6.94,
        "candidacy_status_felipe": "concorreu",
        "cargo_diferente_felipe": true,
        "votos_psd_inicio": 1026,
        "votos_psd_fim": 699,
        "delta_psd": -327,
        "pct_delta_psd": -31.87,
        "candidacy_status_psd": "concorreu",
        "cargo_diferente_psd": false,
        "map_delta": -8,
        "map_abs_delta": 8
      },
      "geometry": {
        "type": "Point",
        "coordinates": [
          -43.0926525,
          -22.9208239
        ]
      }
    },
    {
      "type": "Feature",
      "properties": {
        "pair": "2018-2022",
        "ano_inicio": 2018,
        "ano_fim": 2022,
        "nr_local": "1775",
        "nm_local": "ESCOLA ESTADUAL CIZÍNIO SOARES PINTO",
        "bairro": "SÃO FRANCISCO",
        "local_status": "both",
        "secoes_inicio": 7,
        "secoes_fim": 7,
        "secoes_comuns": 7,
        "secoes_adicionadas": 0,
        "secoes_removidas": 0,
        "secoes_movidas_in": 0,
        "secoes_movidas_out": 0,
        "secao_churn": 0,
        "tipo_inicio": "Geral",
        "tipo_fim": "Geral",
        "tipo_par": "Geral -> Geral",
        "votos_hugo_inicio": 4,
        "votos_hugo_fim": 7,
        "delta_hugo": 3,
        "pct_delta_hugo": 75,
        "candidacy_status_hugo": "concorreu",
        "cargo_diferente_hugo": false,
        "votos_felipe_inicio": 55,
        "votos_felipe_fim": 45,
        "delta_felipe": -10,
        "pct_delta_felipe": -18.18,
        "candidacy_status_felipe": "concorreu",
        "cargo_diferente_felipe": true,
        "votos_psd_inicio": 735,
        "votos_psd_fim": 212,
        "delta_psd": -523,
        "pct_delta_psd": -71.16,
        "candidacy_status_psd": "concorreu",
        "cargo_diferente_psd": false,
        "map_delta": 3,
        "map_abs_delta": 3
      },
      "geometry": {
        "type": "Point",
        "coordinates": [
          -43.093934,
          -22.9147594
        ]
      }
    },
    {
      "type": "Feature",
      "properties": {
        "pair": "2018-2022",
        "ano_inicio": 2018,
        "ano_fim": 2022,
        "nr_local": "1783",
        "nm_local": "SOCIEDADE BRASILEIRA DE CULTURA INGLESA",
        "bairro": "ICARAÍ",
        "local_status": "both",
        "secoes_inicio": 4,
        "secoes_fim": 4,
        "secoes_comuns": 4,
        "secoes_adicionadas": 0,
        "secoes_removidas": 0,
        "secoes_movidas_in": 0,
        "secoes_movidas_out": 0,
        "secao_churn": 0,
        "tipo_inicio": "Geral",
        "tipo_fim": "Geral",
        "tipo_par": "Geral -> Geral",
        "votos_hugo_inicio": 2,
        "votos_hugo_fim": 2,
        "delta_hugo": 0,
        "pct_delta_hugo": 0,
        "candidacy_status_hugo": "concorreu",
        "cargo_diferente_hugo": false,
        "votos_felipe_inicio": 43,
        "votos_felipe_fim": 31,
        "delta_felipe": -12,
        "pct_delta_felipe": -27.91,
        "candidacy_status_felipe": "concorreu",
        "cargo_diferente_felipe": true,
        "votos_psd_inicio": 188,
        "votos_psd_fim": 184,
        "delta_psd": -4,
        "pct_delta_psd": -2.13,
        "candidacy_status_psd": "concorreu",
        "cargo_diferente_psd": false,
        "map_delta": 0,
        "map_abs_delta": 0
      },
      "geometry": {
        "type": "Point",
        "coordinates": [
          -43.1111859,
          -22.9075527
        ]
      }
    },
    {
      "type": "Feature",
      "properties": {
        "pair": "2020-2024",
        "ano_inicio": 2020,
        "ano_fim": 2024,
        "nr_local": "1015",
        "nm_local": "INSTITUTO JCA",
        "bairro": "SANTA BARBARA",
        "local_status": "both",
        "secoes_inicio": 27,
        "secoes_fim": 35,
        "secoes_comuns": 27,
        "secoes_adicionadas": 8,
        "secoes_removidas": 0,
        "secoes_movidas_in": 0,
        "secoes_movidas_out": 0,
        "secao_churn": 0.2286,
        "tipo_inicio": "Municipal",
        "tipo_fim": "Municipal",
        "tipo_par": "Municipal -> Municipal",
        "votos_hugo_inicio": null,
        "votos_hugo_fim": null,
        "delta_hugo": null,
        "pct_delta_hugo": null,
        "candidacy_status_hugo": "nao_concorreu",
        "cargo_diferente_hugo": null,
        "votos_felipe_inicio": null,
        "votos_felipe_fim": null,
        "delta_felipe": null,
        "pct_delta_felipe": null,
        "candidacy_status_felipe": "nao_concorreu_fim",
        "cargo_diferente_felipe": null,
        "votos_psd_inicio": 822,
        "votos_psd_fim": 270,
        "delta_psd": -552,
        "pct_delta_psd": -67.15,
        "candidacy_status_psd": "concorreu",
        "cargo_diferente_psd": false,
        "map_delta": null,
        "map_abs_delta": null
      },
      "geometry": {
        "type": "Point",
        "coordinates": [
          -43.0585179,
          -22.882301
        ]
      }
    },
    {
      "type": "Feature",
      "properties": {
        "pair": "2020-2024",
        "ano_inicio": 2020,
        "ano_fim": 2024,
        "nr_local": "1023",
        "nm_local": "PAROQUIA DE SAO JOAO BATISTA",
        "bairro": "TENENTE JARDIM",
        "local_status": "both",
        "secoes_inicio": 8,
        "secoes_fim": 10,
        "secoes_comuns": 8,
        "secoes_adicionadas": 2,
        "secoes_removidas": 0,
        "secoes_movidas_in": 0,
        "secoes_movidas_out": 0,
        "secao_churn": 0.2,
        "tipo_inicio": "Municipal",
        "tipo_fim": "Municipal",
        "tipo_par": "Municipal -> Municipal",
        "votos_hugo_inicio": null,
        "votos_hugo_fim": null,
        "delta_hugo": null,
        "pct_delta_hugo": null,
        "candidacy_status_hugo": "nao_concorreu",
        "cargo_diferente_hugo": null,
        "votos_felipe_inicio": null,
        "votos_felipe_fim": null,
        "delta_felipe": null,
        "pct_delta_felipe": null,
        "candidacy_status_felipe": "nao_concorreu_fim",
        "cargo_diferente_felipe": null,
        "votos_psd_inicio": 206,
        "votos_psd_fim": 88,
        "delta_psd": -118,
        "pct_delta_psd": -57.28,
        "candidacy_status_psd": "concorreu",
        "cargo_diferente_psd": false,
        "map_delta": null,
        "map_abs_delta": null
      },
      "geometry": {
        "type": "Point",
        "coordinates": [
          -43.0827273,
          -22.8639855
        ]
      }
    },
    {
      "type": "Feature",
      "properties": {
        "pair": "2020-2024",
        "ano_inicio": 2020,
        "ano_fim": 2024,
        "nr_local": "1031",
        "nm_local": "(PRÉDIO NOVO) COLÉGIO PEDRO II UNIDADE NITERÓI",
        "bairro": "BARRETO",
        "local_status": "both",
        "secoes_inicio": 30,
        "secoes_fim": 39,
        "secoes_comuns": 30,
        "secoes_adicionadas": 9,
        "secoes_removidas": 0,
        "secoes_movidas_in": 0,
        "secoes_movidas_out": 0,
        "secao_churn": 0.2308,
        "tipo_inicio": "Municipal",
        "tipo_fim": "Municipal",
        "tipo_par": "Municipal -> Municipal",
        "votos_hugo_inicio": null,
        "votos_hugo_fim": null,
        "delta_hugo": null,
        "pct_delta_hugo": null,
        "candidacy_status_hugo": "nao_concorreu",
        "cargo_diferente_hugo": null,
        "votos_felipe_inicio": null,
        "votos_felipe_fim": null,
        "delta_felipe": null,
        "pct_delta_felipe": null,
        "candidacy_status_felipe": "nao_concorreu_fim",
        "cargo_diferente_felipe": null,
        "votos_psd_inicio": 673,
        "votos_psd_fim": 328,
        "delta_psd": -345,
        "pct_delta_psd": -51.26,
        "candidacy_status_psd": "concorreu",
        "cargo_diferente_psd": false,
        "map_delta": null,
        "map_abs_delta": null
      },
      "geometry": {
        "type": "Point",
        "coordinates": [
          -43.1037833,
          -22.8685685
        ]
      }
    },
    {
      "type": "Feature",
      "properties": {
        "pair": "2020-2024",
        "ano_inicio": 2020,
        "ano_fim": 2024,
        "nr_local": "1040",
        "nm_local": "CIEP 447 - CARAMUJO",
        "bairro": "CARAMUJO",
        "local_status": "both",
        "secoes_inicio": 8,
        "secoes_fim": 17,
        "secoes_comuns": 8,
        "secoes_adicionadas": 9,
        "secoes_removidas": 0,
        "secoes_movidas_in": 0,
        "secoes_movidas_out": 0,
        "secao_churn": 0.5294,
        "tipo_inicio": "Municipal",
        "tipo_fim": "Municipal",
        "tipo_par": "Municipal -> Municipal",
        "votos_hugo_inicio": null,
        "votos_hugo_fim": null,
        "delta_hugo": null,
        "pct_delta_hugo": null,
        "candidacy_status_hugo": "nao_concorreu",
        "cargo_diferente_hugo": null,
        "votos_felipe_inicio": null,
        "votos_felipe_fim": null,
        "delta_felipe": null,
        "pct_delta_felipe": null,
        "candidacy_status_felipe": "nao_concorreu_fim",
        "cargo_diferente_felipe": null,
        "votos_psd_inicio": 167,
        "votos_psd_fim": 178,
        "delta_psd": 11,
        "pct_delta_psd": 6.59,
        "candidacy_status_psd": "concorreu",
        "cargo_diferente_psd": false,
        "map_delta": null,
        "map_abs_delta": null
      },
      "geometry": {
        "type": "Point",
        "coordinates": [
          -43.065134,
          -22.8827294
        ]
      }
    },
    {
      "type": "Feature",
      "properties": {
        "pair": "2020-2024",
        "ano_inicio": 2020,
        "ano_fim": 2024,
        "nr_local": "1066",
        "nm_local": "ITACOATIARA PAMPO CLUBE",
        "bairro": "ITACOATIARA",
        "local_status": "both",
        "secoes_inicio": 7,
        "secoes_fim": 7,
        "secoes_comuns": 7,
        "secoes_adicionadas": 0,
        "secoes_removidas": 0,
        "secoes_movidas_in": 0,
        "secoes_movidas_out": 0,
        "secao_churn": 0,
        "tipo_inicio": "Municipal",
        "tipo_fim": "Municipal",
        "tipo_par": "Municipal -> Municipal",
        "votos_hugo_inicio": null,
        "votos_hugo_fim": null,
        "delta_hugo": null,
        "pct_delta_hugo": null,
        "candidacy_status_hugo": "nao_concorreu",
        "cargo_diferente_hugo": null,
        "votos_felipe_inicio": null,
        "votos_felipe_fim": null,
        "delta_felipe": null,
        "pct_delta_felipe": null,
        "candidacy_status_felipe": "nao_concorreu_fim",
        "cargo_diferente_felipe": null,
        "votos_psd_inicio": 256,
        "votos_psd_fim": 106,
        "delta_psd": -150,
        "pct_delta_psd": -58.59,
        "candidacy_status_psd": "concorreu",
        "cargo_diferente_psd": false,
        "map_delta": null,
        "map_abs_delta": null
      },
      "geometry": {
        "type": "Point",
        "coordinates": [
          -43.0332117,
          -22.9646939
        ]
      }
    },
    {
      "type": "Feature",
      "properties": {
        "pair": "2020-2024",
        "ano_inicio": 2020,
        "ano_fim": 2024,
        "nr_local": "1074",
        "nm_local": "COLEGIO ESTADUAL PAULO ASSIS RIBEIRO",
        "bairro": "BADU",
        "local_status": "both",
        "secoes_inicio": 27,
        "secoes_fim": 27,
        "secoes_comuns": 27,
        "secoes_adicionadas": 0,
        "secoes_removidas": 0,
        "secoes_movidas_in": 0,
        "secoes_movidas_out": 0,
        "secao_churn": 0,
        "tipo_inicio": "Municipal",
        "tipo_fim": "Municipal",
        "tipo_par": "Municipal -> Municipal",
        "votos_hugo_inicio": null,
        "votos_hugo_fim": null,
        "delta_hugo": null,
        "pct_delta_hugo": null,
        "candidacy_status_hugo": "nao_concorreu",
        "cargo_diferente_hugo": null,
        "votos_felipe_inicio": null,
        "votos_felipe_fim": null,
        "delta_felipe": null,
        "pct_delta_felipe": null,
        "candidacy_status_felipe": "nao_concorreu_fim",
        "cargo_diferente_felipe": null,
        "votos_psd_inicio": 905,
        "votos_psd_fim": 432,
        "delta_psd": -473,
        "pct_delta_psd": -52.27,
        "candidacy_status_psd": "concorreu",
        "cargo_diferente_psd": false,
        "map_delta": null,
        "map_abs_delta": null
      },
      "geometry": {
        "type": "Point",
        "coordinates": [
          -43.0573891,
          -22.9068537
        ]
      }
    },
    {
      "type": "Feature",
      "properties": {
        "pair": "2020-2024",
        "ano_inicio": 2020,
        "ano_fim": 2024,
        "nr_local": "1082",
        "nm_local": "UMEI DR PAULO CESAR DE ALMEIDA PIMENTEL",
        "bairro": "ITAIPU",
        "local_status": "both",
        "secoes_inicio": 6,
        "secoes_fim": 10,
        "secoes_comuns": 6,
        "secoes_adicionadas": 4,
        "secoes_removidas": 0,
        "secoes_movidas_in": 0,
        "secoes_movidas_out": 0,
        "secao_churn": 0.4,
        "tipo_inicio": "Municipal",
        "tipo_fim": "Municipal",
        "tipo_par": "Municipal -> Municipal",
        "votos_hugo_inicio": null,
        "votos_hugo_fim": null,
        "delta_hugo": null,
        "pct_delta_hugo": null,
        "candidacy_status_hugo": "nao_concorreu",
        "cargo_diferente_hugo": null,
        "votos_felipe_inicio": null,
        "votos_felipe_fim": null,
        "delta_felipe": null,
        "pct_delta_felipe": null,
        "candidacy_status_felipe": "nao_concorreu_fim",
        "cargo_diferente_felipe": null,
        "votos_psd_inicio": 242,
        "votos_psd_fim": 77,
        "delta_psd": -165,
        "pct_delta_psd": -68.18,
        "candidacy_status_psd": "concorreu",
        "cargo_diferente_psd": false,
        "map_delta": null,
        "map_abs_delta": null
      },
      "geometry": {
        "type": "Point",
        "coordinates": [
          -43.0327165,
          -22.9614459
        ]
      }
    },
    {
      "type": "Feature",
      "properties": {
        "pair": "2020-2024",
        "ano_inicio": 2020,
        "ano_fim": 2024,
        "nr_local": "1090",
        "nm_local": "COLÉGIO ESTADUAL PROFESSORA ALCINA RODRIGUES LIMA",
        "bairro": "ITAIPU",
        "local_status": "both",
        "secoes_inicio": 15,
        "secoes_fim": 28,
        "secoes_comuns": 15,
        "secoes_adicionadas": 13,
        "secoes_removidas": 0,
        "secoes_movidas_in": 0,
        "secoes_movidas_out": 0,
        "secao_churn": 0.4643,
        "tipo_inicio": "Municipal",
        "tipo_fim": "Municipal",
        "tipo_par": "Municipal -> Municipal",
        "votos_hugo_inicio": null,
        "votos_hugo_fim": null,
        "delta_hugo": null,
        "pct_delta_hugo": null,
        "candidacy_status_hugo": "nao_concorreu",
        "cargo_diferente_hugo": null,
        "votos_felipe_inicio": null,
        "votos_felipe_fim": null,
        "delta_felipe": null,
        "pct_delta_felipe": null,
        "candidacy_status_felipe": "nao_concorreu_fim",
        "cargo_diferente_felipe": null,
        "votos_psd_inicio": 440,
        "votos_psd_fim": 233,
        "delta_psd": -207,
        "pct_delta_psd": -47.05,
        "candidacy_status_psd": "concorreu",
        "cargo_diferente_psd": false,
        "map_delta": null,
        "map_abs_delta": null
      },
      "geometry": {
        "type": "Point",
        "coordinates": [
          -43.0285072,
          -22.9528491
        ]
      }
    },
    {
      "type": "Feature",
      "properties": {
        "pair": "2020-2024",
        "ano_inicio": 2020,
        "ano_fim": 2024,
        "nr_local": "1104",
        "nm_local": "ESCOLA MUNICIPAL ALTIVO CESAR",
        "bairro": "BARRETO",
        "local_status": "both",
        "secoes_inicio": 23,
        "secoes_fim": 27,
        "secoes_comuns": 23,
        "secoes_adicionadas": 4,
        "secoes_removidas": 0,
        "secoes_movidas_in": 0,
        "secoes_movidas_out": 0,
        "secao_churn": 0.1481,
        "tipo_inicio": "Municipal",
        "tipo_fim": "Municipal",
        "tipo_par": "Municipal -> Municipal",
        "votos_hugo_inicio": null,
        "votos_hugo_fim": null,
        "delta_hugo": null,
        "pct_delta_hugo": null,
        "candidacy_status_hugo": "nao_concorreu",
        "cargo_diferente_hugo": null,
        "votos_felipe_inicio": null,
        "votos_felipe_fim": null,
        "delta_felipe": null,
        "pct_delta_felipe": null,
        "candidacy_status_felipe": "nao_concorreu_fim",
        "cargo_diferente_felipe": null,
        "votos_psd_inicio": 640,
        "votos_psd_fim": 269,
        "delta_psd": -371,
        "pct_delta_psd": -57.97,
        "candidacy_status_psd": "concorreu",
        "cargo_diferente_psd": false,
        "map_delta": null,
        "map_abs_delta": null
      },
      "geometry": {
        "type": "Point",
        "coordinates": [
          -43.0995714,
          -22.8645343
        ]
      }
    },
    {
      "type": "Feature",
      "properties": {
        "pair": "2020-2024",
        "ano_inicio": 2020,
        "ano_fim": 2024,
        "nr_local": "1112",
        "nm_local": "COLÉGIO SALESIANO REGIÃO OCEÂNICA",
        "bairro": "PIRATININGA",
        "local_status": "both",
        "secoes_inicio": 38,
        "secoes_fim": 38,
        "secoes_comuns": 38,
        "secoes_adicionadas": 0,
        "secoes_removidas": 0,
        "secoes_movidas_in": 0,
        "secoes_movidas_out": 0,
        "secao_churn": 0,
        "tipo_inicio": "Municipal",
        "tipo_fim": "Municipal",
        "tipo_par": "Municipal -> Municipal",
        "votos_hugo_inicio": null,
        "votos_hugo_fim": null,
        "delta_hugo": null,
        "pct_delta_hugo": null,
        "candidacy_status_hugo": "nao_concorreu",
        "cargo_diferente_hugo": null,
        "votos_felipe_inicio": null,
        "votos_felipe_fim": null,
        "delta_felipe": null,
        "pct_delta_felipe": null,
        "candidacy_status_felipe": "nao_concorreu_fim",
        "cargo_diferente_felipe": null,
        "votos_psd_inicio": 1287,
        "votos_psd_fim": 628,
        "delta_psd": -659,
        "pct_delta_psd": -51.2,
        "candidacy_status_psd": "concorreu",
        "cargo_diferente_psd": false,
        "map_delta": null,
        "map_abs_delta": null
      },
      "geometry": {
        "type": "Point",
        "coordinates": [
          -43.0618731,
          -22.9393022
        ]
      }
    },
    {
      "type": "Feature",
      "properties": {
        "pair": "2020-2024",
        "ano_inicio": 2020,
        "ano_fim": 2024,
        "nr_local": "1120",
        "nm_local": "COLÉGIO ESTADUAL ALMIRANTE TAMANDARÉ",
        "bairro": "PIRATININGA",
        "local_status": "both",
        "secoes_inicio": 10,
        "secoes_fim": 11,
        "secoes_comuns": 10,
        "secoes_adicionadas": 1,
        "secoes_removidas": 0,
        "secoes_movidas_in": 0,
        "secoes_movidas_out": 0,
        "secao_churn": 0.0909,
        "tipo_inicio": "Municipal",
        "tipo_fim": "Municipal",
        "tipo_par": "Municipal -> Municipal",
        "votos_hugo_inicio": null,
        "votos_hugo_fim": null,
        "delta_hugo": null,
        "pct_delta_hugo": null,
        "candidacy_status_hugo": "nao_concorreu",
        "cargo_diferente_hugo": null,
        "votos_felipe_inicio": null,
        "votos_felipe_fim": null,
        "delta_felipe": null,
        "pct_delta_felipe": null,
        "candidacy_status_felipe": "nao_concorreu_fim",
        "cargo_diferente_felipe": null,
        "votos_psd_inicio": 293,
        "votos_psd_fim": 139,
        "delta_psd": -154,
        "pct_delta_psd": -52.56,
        "candidacy_status_psd": "concorreu",
        "cargo_diferente_psd": false,
        "map_delta": null,
        "map_abs_delta": null
      },
      "geometry": {
        "type": "Point",
        "coordinates": [
          -43.0916732,
          -22.9512083
        ]
      }
    },
    {
      "type": "Feature",
      "properties": {
        "pair": "2020-2024",
        "ano_inicio": 2020,
        "ano_fim": 2024,
        "nr_local": "1139",
        "nm_local": "ESCOLA MUNICIPAL FRANCISCO PORTUGAL NEVES",
        "bairro": "PIRATININGA",
        "local_status": "both",
        "secoes_inicio": 10,
        "secoes_fim": 10,
        "secoes_comuns": 10,
        "secoes_adicionadas": 0,
        "secoes_removidas": 0,
        "secoes_movidas_in": 0,
        "secoes_movidas_out": 0,
        "secao_churn": 0,
        "tipo_inicio": "Municipal",
        "tipo_fim": "Municipal",
        "tipo_par": "Municipal -> Municipal",
        "votos_hugo_inicio": null,
        "votos_hugo_fim": null,
        "delta_hugo": null,
        "pct_delta_hugo": null,
        "candidacy_status_hugo": "nao_concorreu",
        "cargo_diferente_hugo": null,
        "votos_felipe_inicio": null,
        "votos_felipe_fim": null,
        "delta_felipe": null,
        "pct_delta_felipe": null,
        "candidacy_status_felipe": "nao_concorreu_fim",
        "cargo_diferente_felipe": null,
        "votos_psd_inicio": 203,
        "votos_psd_fim": 170,
        "delta_psd": -33,
        "pct_delta_psd": -16.26,
        "candidacy_status_psd": "concorreu",
        "cargo_diferente_psd": false,
        "map_delta": null,
        "map_abs_delta": null
      },
      "geometry": {
        "type": "Point",
        "coordinates": [
          -43.056665,
          -22.942363
        ]
      }
    },
    {
      "type": "Feature",
      "properties": {
        "pair": "2020-2024",
        "ano_inicio": 2020,
        "ano_fim": 2024,
        "nr_local": "1147",
        "nm_local": "ESCOLA MUNICIPAL VERA LUCIA MACHADO",
        "bairro": "BADU",
        "local_status": "both",
        "secoes_inicio": 8,
        "secoes_fim": 8,
        "secoes_comuns": 8,
        "secoes_adicionadas": 0,
        "secoes_removidas": 0,
        "secoes_movidas_in": 0,
        "secoes_movidas_out": 0,
        "secao_churn": 0,
        "tipo_inicio": "Municipal",
        "tipo_fim": "Municipal",
        "tipo_par": "Municipal -> Municipal",
        "votos_hugo_inicio": null,
        "votos_hugo_fim": null,
        "delta_hugo": null,
        "pct_delta_hugo": null,
        "candidacy_status_hugo": "nao_concorreu",
        "cargo_diferente_hugo": null,
        "votos_felipe_inicio": null,
        "votos_felipe_fim": null,
        "delta_felipe": null,
        "pct_delta_felipe": null,
        "candidacy_status_felipe": "nao_concorreu_fim",
        "cargo_diferente_felipe": null,
        "votos_psd_inicio": 295,
        "votos_psd_fim": 129,
        "delta_psd": -166,
        "pct_delta_psd": -56.27,
        "candidacy_status_psd": "concorreu",
        "cargo_diferente_psd": false,
        "map_delta": null,
        "map_abs_delta": null
      },
      "geometry": {
        "type": "Point",
        "coordinates": [
          -43.0500355,
          -22.9045
        ]
      }
    },
    {
      "type": "Feature",
      "properties": {
        "pair": "2020-2024",
        "ano_inicio": 2020,
        "ano_fim": 2024,
        "nr_local": "1155",
        "nm_local": "COLÉGIO ITAPUCA",
        "bairro": "PIRATININGA",
        "local_status": "both",
        "secoes_inicio": 15,
        "secoes_fim": 15,
        "secoes_comuns": 15,
        "secoes_adicionadas": 0,
        "secoes_removidas": 0,
        "secoes_movidas_in": 0,
        "secoes_movidas_out": 0,
        "secao_churn": 0,
        "tipo_inicio": "Municipal",
        "tipo_fim": "Municipal",
        "tipo_par": "Municipal -> Municipal",
        "votos_hugo_inicio": null,
        "votos_hugo_fim": null,
        "delta_hugo": null,
        "pct_delta_hugo": null,
        "candidacy_status_hugo": "nao_concorreu",
        "cargo_diferente_hugo": null,
        "votos_felipe_inicio": null,
        "votos_felipe_fim": null,
        "delta_felipe": null,
        "pct_delta_felipe": null,
        "candidacy_status_felipe": "nao_concorreu_fim",
        "cargo_diferente_felipe": null,
        "votos_psd_inicio": 425,
        "votos_psd_fim": 158,
        "delta_psd": -267,
        "pct_delta_psd": -62.82,
        "candidacy_status_psd": "concorreu",
        "cargo_diferente_psd": false,
        "map_delta": null,
        "map_abs_delta": null
      },
      "geometry": {
        "type": "Point",
        "coordinates": [
          -43.0593249,
          -22.9437854
        ]
      }
    },
    {
      "type": "Feature",
      "properties": {
        "pair": "2020-2024",
        "ano_inicio": 2020,
        "ano_fim": 2024,
        "nr_local": "1163",
        "nm_local": "COLÉGIO ESTADUAL CONSELHEIRO MACEDO SOARES",
        "bairro": "BARRETO",
        "local_status": "both",
        "secoes_inicio": 16,
        "secoes_fim": 17,
        "secoes_comuns": 16,
        "secoes_adicionadas": 1,
        "secoes_removidas": 0,
        "secoes_movidas_in": 0,
        "secoes_movidas_out": 0,
        "secao_churn": 0.0588,
        "tipo_inicio": "Municipal",
        "tipo_fim": "Municipal",
        "tipo_par": "Municipal -> Municipal",
        "votos_hugo_inicio": null,
        "votos_hugo_fim": null,
        "delta_hugo": null,
        "pct_delta_hugo": null,
        "candidacy_status_hugo": "nao_concorreu",
        "cargo_diferente_hugo": null,
        "votos_felipe_inicio": null,
        "votos_felipe_fim": null,
        "delta_felipe": null,
        "pct_delta_felipe": null,
        "candidacy_status_felipe": "nao_concorreu_fim",
        "cargo_diferente_felipe": null,
        "votos_psd_inicio": 249,
        "votos_psd_fim": 117,
        "delta_psd": -132,
        "pct_delta_psd": -53.01,
        "candidacy_status_psd": "concorreu",
        "cargo_diferente_psd": false,
        "map_delta": null,
        "map_abs_delta": null
      },
      "geometry": {
        "type": "Point",
        "coordinates": [
          -43.0924035,
          -22.8622231
        ]
      }
    },
    {
      "type": "Feature",
      "properties": {
        "pair": "2020-2024",
        "ano_inicio": 2020,
        "ano_fim": 2024,
        "nr_local": "1171",
        "nm_local": "ESCOLA MUNICIPAL ANTONIO COUTINHO DE AZEVEDO",
        "bairro": "SANTA BARBARA",
        "local_status": "both",
        "secoes_inicio": 16,
        "secoes_fim": 16,
        "secoes_comuns": 15,
        "secoes_adicionadas": 1,
        "secoes_removidas": 1,
        "secoes_movidas_in": 0,
        "secoes_movidas_out": 1,
        "secao_churn": 0.125,
        "tipo_inicio": "Municipal",
        "tipo_fim": "Municipal",
        "tipo_par": "Municipal -> Municipal",
        "votos_hugo_inicio": null,
        "votos_hugo_fim": null,
        "delta_hugo": null,
        "pct_delta_hugo": null,
        "candidacy_status_hugo": "nao_concorreu",
        "cargo_diferente_hugo": null,
        "votos_felipe_inicio": null,
        "votos_felipe_fim": null,
        "delta_felipe": null,
        "pct_delta_felipe": null,
        "candidacy_status_felipe": "nao_concorreu_fim",
        "cargo_diferente_felipe": null,
        "votos_psd_inicio": 342,
        "votos_psd_fim": 133,
        "delta_psd": -209,
        "pct_delta_psd": -61.11,
        "candidacy_status_psd": "concorreu",
        "cargo_diferente_psd": false,
        "map_delta": null,
        "map_abs_delta": null
      },
      "geometry": {
        "type": "Point",
        "coordinates": [
          -43.04869,
          -22.8756043
        ]
      }
    },
    {
      "type": "Feature",
      "properties": {
        "pair": "2020-2024",
        "ano_inicio": 2020,
        "ano_fim": 2024,
        "nr_local": "1180",
        "nm_local": "ESCOLA MUNICIPAL RACHIDE DA GLORIA SALIM SAKER",
        "bairro": "SANTA BARBARA",
        "local_status": "both",
        "secoes_inicio": 8,
        "secoes_fim": 8,
        "secoes_comuns": 8,
        "secoes_adicionadas": 0,
        "secoes_removidas": 0,
        "secoes_movidas_in": 0,
        "secoes_movidas_out": 0,
        "secao_churn": 0,
        "tipo_inicio": "Municipal",
        "tipo_fim": "Municipal",
        "tipo_par": "Municipal -> Municipal",
        "votos_hugo_inicio": null,
        "votos_hugo_fim": null,
        "delta_hugo": null,
        "pct_delta_hugo": null,
        "candidacy_status_hugo": "nao_concorreu",
        "cargo_diferente_hugo": null,
        "votos_felipe_inicio": null,
        "votos_felipe_fim": null,
        "delta_felipe": null,
        "pct_delta_felipe": null,
        "candidacy_status_felipe": "nao_concorreu_fim",
        "cargo_diferente_felipe": null,
        "votos_psd_inicio": 149,
        "votos_psd_fim": 65,
        "delta_psd": -84,
        "pct_delta_psd": -56.38,
        "candidacy_status_psd": "concorreu",
        "cargo_diferente_psd": false,
        "map_delta": null,
        "map_abs_delta": null
      },
      "geometry": {
        "type": "Point",
        "coordinates": [
          -43.0488967,
          -22.8766134
        ]
      }
    },
    {
      "type": "Feature",
      "properties": {
        "pair": "2020-2024",
        "ano_inicio": 2020,
        "ano_fim": 2024,
        "nr_local": "1198",
        "nm_local": "CIEP 448 RUY FRAZÃO SOARES",
        "bairro": "ITAIPU",
        "local_status": "both",
        "secoes_inicio": 13,
        "secoes_fim": 13,
        "secoes_comuns": 13,
        "secoes_adicionadas": 0,
        "secoes_removidas": 0,
        "secoes_movidas_in": 0,
        "secoes_movidas_out": 0,
        "secao_churn": 0,
        "tipo_inicio": "Municipal",
        "tipo_fim": "Municipal",
        "tipo_par": "Municipal -> Municipal",
        "votos_hugo_inicio": null,
        "votos_hugo_fim": null,
        "delta_hugo": null,
        "pct_delta_hugo": null,
        "candidacy_status_hugo": "nao_concorreu",
        "cargo_diferente_hugo": null,
        "votos_felipe_inicio": null,
        "votos_felipe_fim": null,
        "delta_felipe": null,
        "pct_delta_felipe": null,
        "candidacy_status_felipe": "nao_concorreu_fim",
        "cargo_diferente_felipe": null,
        "votos_psd_inicio": 284,
        "votos_psd_fim": 203,
        "delta_psd": -81,
        "pct_delta_psd": -28.52,
        "candidacy_status_psd": "concorreu",
        "cargo_diferente_psd": false,
        "map_delta": null,
        "map_abs_delta": null
      },
      "geometry": {
        "type": "Point",
        "coordinates": [
          -43.0092644,
          -22.9356576
        ]
      }
    },
    {
      "type": "Feature",
      "properties": {
        "pair": "2020-2024",
        "ano_inicio": 2020,
        "ano_fim": 2024,
        "nr_local": "1201",
        "nm_local": "OFICINAS DO SENAI",
        "bairro": "BARRETO",
        "local_status": "both",
        "secoes_inicio": 2,
        "secoes_fim": 3,
        "secoes_comuns": 1,
        "secoes_adicionadas": 2,
        "secoes_removidas": 1,
        "secoes_movidas_in": 0,
        "secoes_movidas_out": 0,
        "secao_churn": 1,
        "tipo_inicio": "Municipal",
        "tipo_fim": "Municipal",
        "tipo_par": "Municipal -> Municipal",
        "votos_hugo_inicio": null,
        "votos_hugo_fim": null,
        "delta_hugo": null,
        "pct_delta_hugo": null,
        "candidacy_status_hugo": "nao_concorreu",
        "cargo_diferente_hugo": null,
        "votos_felipe_inicio": null,
        "votos_felipe_fim": null,
        "delta_felipe": null,
        "pct_delta_felipe": null,
        "candidacy_status_felipe": "nao_concorreu_fim",
        "cargo_diferente_felipe": null,
        "votos_psd_inicio": 59,
        "votos_psd_fim": 21,
        "delta_psd": -38,
        "pct_delta_psd": -64.41,
        "candidacy_status_psd": "concorreu",
        "cargo_diferente_psd": false,
        "map_delta": null,
        "map_abs_delta": null
      },
      "geometry": {
        "type": "Point",
        "coordinates": [
          -43.1026046,
          -22.8614396
        ]
      }
    },
    {
      "type": "Feature",
      "properties": {
        "pair": "2020-2024",
        "ano_inicio": 2020,
        "ano_fim": 2024,
        "nr_local": "1210",
        "nm_local": "TIO SAM ESPORTE CLUBE",
        "bairro": "BARRETO",
        "local_status": "both",
        "secoes_inicio": 12,
        "secoes_fim": 12,
        "secoes_comuns": 12,
        "secoes_adicionadas": 0,
        "secoes_removidas": 0,
        "secoes_movidas_in": 0,
        "secoes_movidas_out": 0,
        "secao_churn": 0,
        "tipo_inicio": "Municipal",
        "tipo_fim": "Municipal",
        "tipo_par": "Municipal -> Municipal",
        "votos_hugo_inicio": null,
        "votos_hugo_fim": null,
        "delta_hugo": null,
        "pct_delta_hugo": null,
        "candidacy_status_hugo": "nao_concorreu",
        "cargo_diferente_hugo": null,
        "votos_felipe_inicio": null,
        "votos_felipe_fim": null,
        "delta_felipe": null,
        "pct_delta_felipe": null,
        "candidacy_status_felipe": "nao_concorreu_fim",
        "cargo_diferente_felipe": null,
        "votos_psd_inicio": 194,
        "votos_psd_fim": 150,
        "delta_psd": -44,
        "pct_delta_psd": -22.68,
        "candidacy_status_psd": "concorreu",
        "cargo_diferente_psd": false,
        "map_delta": null,
        "map_abs_delta": null
      },
      "geometry": {
        "type": "Point",
        "coordinates": [
          -43.104502,
          -22.8719306
        ]
      }
    },
    {
      "type": "Feature",
      "properties": {
        "pair": "2020-2024",
        "ano_inicio": 2020,
        "ano_fim": 2024,
        "nr_local": "1236",
        "nm_local": "COLÉGIO ESTADUAL MULLULO DA VEIGA",
        "bairro": "ENGENHOCA",
        "local_status": "both",
        "secoes_inicio": 9,
        "secoes_fim": 14,
        "secoes_comuns": 9,
        "secoes_adicionadas": 5,
        "secoes_removidas": 0,
        "secoes_movidas_in": 3,
        "secoes_movidas_out": 0,
        "secao_churn": 0.3571,
        "tipo_inicio": "Municipal",
        "tipo_fim": "Municipal",
        "tipo_par": "Municipal -> Municipal",
        "votos_hugo_inicio": null,
        "votos_hugo_fim": null,
        "delta_hugo": null,
        "pct_delta_hugo": null,
        "candidacy_status_hugo": "nao_concorreu",
        "cargo_diferente_hugo": null,
        "votos_felipe_inicio": null,
        "votos_felipe_fim": null,
        "delta_felipe": null,
        "pct_delta_felipe": null,
        "candidacy_status_felipe": "nao_concorreu_fim",
        "cargo_diferente_felipe": null,
        "votos_psd_inicio": 143,
        "votos_psd_fim": 155,
        "delta_psd": 12,
        "pct_delta_psd": 8.39,
        "candidacy_status_psd": "concorreu",
        "cargo_diferente_psd": false,
        "map_delta": null,
        "map_abs_delta": null
      },
      "geometry": {
        "type": "Point",
        "coordinates": [
          -43.0988892,
          -22.8708282
        ]
      }
    },
    {
      "type": "Feature",
      "properties": {
        "pair": "2020-2024",
        "ano_inicio": 2020,
        "ano_fim": 2024,
        "nr_local": "1244",
        "nm_local": "ESCOLA ESTADUAL MANUEL DE ABREU",
        "bairro": "ICARAÍ",
        "local_status": "both",
        "secoes_inicio": 18,
        "secoes_fim": 19,
        "secoes_comuns": 18,
        "secoes_adicionadas": 1,
        "secoes_removidas": 0,
        "secoes_movidas_in": 0,
        "secoes_movidas_out": 0,
        "secao_churn": 0.0526,
        "tipo_inicio": "Municipal",
        "tipo_fim": "Municipal",
        "tipo_par": "Municipal -> Municipal",
        "votos_hugo_inicio": null,
        "votos_hugo_fim": null,
        "delta_hugo": null,
        "pct_delta_hugo": null,
        "candidacy_status_hugo": "nao_concorreu",
        "cargo_diferente_hugo": null,
        "votos_felipe_inicio": null,
        "votos_felipe_fim": null,
        "delta_felipe": null,
        "pct_delta_felipe": null,
        "candidacy_status_felipe": "nao_concorreu_fim",
        "cargo_diferente_felipe": null,
        "votos_psd_inicio": 442,
        "votos_psd_fim": 222,
        "delta_psd": -220,
        "pct_delta_psd": -49.77,
        "candidacy_status_psd": "concorreu",
        "cargo_diferente_psd": false,
        "map_delta": null,
        "map_abs_delta": null
      },
      "geometry": {
        "type": "Point",
        "coordinates": [
          -43.1071569,
          -22.9023086
        ]
      }
    },
    {
      "type": "Feature",
      "properties": {
        "pair": "2020-2024",
        "ano_inicio": 2020,
        "ano_fim": 2024,
        "nr_local": "1252",
        "nm_local": "ESCOLA MUNICIPAL ADELINO MAGALHÃES",
        "bairro": "ENGENHOCA",
        "local_status": "both",
        "secoes_inicio": 17,
        "secoes_fim": 20,
        "secoes_comuns": 14,
        "secoes_adicionadas": 6,
        "secoes_removidas": 3,
        "secoes_movidas_in": 0,
        "secoes_movidas_out": 3,
        "secao_churn": 0.45,
        "tipo_inicio": "Municipal",
        "tipo_fim": "Municipal",
        "tipo_par": "Municipal -> Municipal",
        "votos_hugo_inicio": null,
        "votos_hugo_fim": null,
        "delta_hugo": null,
        "pct_delta_hugo": null,
        "candidacy_status_hugo": "nao_concorreu",
        "cargo_diferente_hugo": null,
        "votos_felipe_inicio": null,
        "votos_felipe_fim": null,
        "delta_felipe": null,
        "pct_delta_felipe": null,
        "candidacy_status_felipe": "nao_concorreu_fim",
        "cargo_diferente_felipe": null,
        "votos_psd_inicio": 288,
        "votos_psd_fim": 154,
        "delta_psd": -134,
        "pct_delta_psd": -46.53,
        "candidacy_status_psd": "concorreu",
        "cargo_diferente_psd": false,
        "map_delta": null,
        "map_abs_delta": null
      },
      "geometry": {
        "type": "Point",
        "coordinates": [
          -43.0944571,
          -22.8739038
        ]
      }
    },
    {
      "type": "Feature",
      "properties": {
        "pair": "2020-2024",
        "ano_inicio": 2020,
        "ano_fim": 2024,
        "nr_local": "1260",
        "nm_local": "INSTITUTO ABEL",
        "bairro": "ICARAÍ",
        "local_status": "both",
        "secoes_inicio": 28,
        "secoes_fim": 31,
        "secoes_comuns": 28,
        "secoes_adicionadas": 3,
        "secoes_removidas": 0,
        "secoes_movidas_in": 0,
        "secoes_movidas_out": 0,
        "secao_churn": 0.0968,
        "tipo_inicio": "Municipal",
        "tipo_fim": "Municipal",
        "tipo_par": "Municipal -> Municipal",
        "votos_hugo_inicio": null,
        "votos_hugo_fim": null,
        "delta_hugo": null,
        "pct_delta_hugo": null,
        "candidacy_status_hugo": "nao_concorreu",
        "cargo_diferente_hugo": null,
        "votos_felipe_inicio": null,
        "votos_felipe_fim": null,
        "delta_felipe": null,
        "pct_delta_felipe": null,
        "candidacy_status_felipe": "nao_concorreu_fim",
        "cargo_diferente_felipe": null,
        "votos_psd_inicio": 681,
        "votos_psd_fim": 365,
        "delta_psd": -316,
        "pct_delta_psd": -46.4,
        "candidacy_status_psd": "concorreu",
        "cargo_diferente_psd": false,
        "map_delta": null,
        "map_abs_delta": null
      },
      "geometry": {
        "type": "Point",
        "coordinates": [
          -43.1094942,
          -22.9004168
        ]
      }
    },
    {
      "type": "Feature",
      "properties": {
        "pair": "2020-2024",
        "ano_inicio": 2020,
        "ano_fim": 2024,
        "nr_local": "1279",
        "nm_local": "INSTITUTO FOKUS (ANTIGO INTERAÇÃO CRECHE ESCOLA)",
        "bairro": "CAMBOINHAS",
        "local_status": "start_only",
        "secoes_inicio": 4,
        "secoes_fim": 0,
        "secoes_comuns": 0,
        "secoes_adicionadas": 0,
        "secoes_removidas": 4,
        "secoes_movidas_in": 0,
        "secoes_movidas_out": 4,
        "secao_churn": 1,
        "tipo_inicio": "Municipal",
        "tipo_fim": "Municipal",
        "tipo_par": "Municipal -> Municipal",
        "votos_hugo_inicio": null,
        "votos_hugo_fim": null,
        "delta_hugo": null,
        "pct_delta_hugo": null,
        "candidacy_status_hugo": "nao_concorreu",
        "cargo_diferente_hugo": null,
        "votos_felipe_inicio": null,
        "votos_felipe_fim": null,
        "delta_felipe": null,
        "pct_delta_felipe": null,
        "candidacy_status_felipe": "nao_concorreu_fim",
        "cargo_diferente_felipe": null,
        "votos_psd_inicio": 161,
        "votos_psd_fim": 0,
        "delta_psd": -161,
        "pct_delta_psd": -100,
        "candidacy_status_psd": "concorreu",
        "cargo_diferente_psd": false,
        "map_delta": null,
        "map_abs_delta": null
      },
      "geometry": {
        "type": "Point",
        "coordinates": [
          -43.062822,
          -22.9542456
        ]
      }
    },
    {
      "type": "Feature",
      "properties": {
        "pair": "2020-2024",
        "ano_inicio": 2020,
        "ano_fim": 2024,
        "nr_local": "1287",
        "nm_local": "ESCOLA MUNICIPAL PROF MARCOS WALDEMAR DE FREITAS REIS",
        "bairro": "ITAIPU",
        "local_status": "both",
        "secoes_inicio": 3,
        "secoes_fim": 4,
        "secoes_comuns": 3,
        "secoes_adicionadas": 1,
        "secoes_removidas": 0,
        "secoes_movidas_in": 0,
        "secoes_movidas_out": 0,
        "secao_churn": 0.25,
        "tipo_inicio": "Municipal",
        "tipo_fim": "Municipal",
        "tipo_par": "Municipal -> Municipal",
        "votos_hugo_inicio": null,
        "votos_hugo_fim": null,
        "delta_hugo": null,
        "pct_delta_hugo": null,
        "candidacy_status_hugo": "nao_concorreu",
        "cargo_diferente_hugo": null,
        "votos_felipe_inicio": null,
        "votos_felipe_fim": null,
        "delta_felipe": null,
        "pct_delta_felipe": null,
        "candidacy_status_felipe": "nao_concorreu_fim",
        "cargo_diferente_felipe": null,
        "votos_psd_inicio": 109,
        "votos_psd_fim": 63,
        "delta_psd": -46,
        "pct_delta_psd": -42.2,
        "candidacy_status_psd": "concorreu",
        "cargo_diferente_psd": false,
        "map_delta": null,
        "map_abs_delta": null
      },
      "geometry": {
        "type": "Point",
        "coordinates": [
          -43.0330724,
          -22.9615628
        ]
      }
    },
    {
      "type": "Feature",
      "properties": {
        "pair": "2020-2024",
        "ano_inicio": 2020,
        "ano_fim": 2024,
        "nr_local": "1295",
        "nm_local": "UMEI PROFA ODETE ROSA DA MOTA",
        "bairro": "ITAIPU",
        "local_status": "both",
        "secoes_inicio": 23,
        "secoes_fim": 25,
        "secoes_comuns": 23,
        "secoes_adicionadas": 2,
        "secoes_removidas": 0,
        "secoes_movidas_in": 0,
        "secoes_movidas_out": 0,
        "secao_churn": 0.08,
        "tipo_inicio": "Municipal",
        "tipo_fim": "Municipal",
        "tipo_par": "Municipal -> Municipal",
        "votos_hugo_inicio": null,
        "votos_hugo_fim": null,
        "delta_hugo": null,
        "pct_delta_hugo": null,
        "candidacy_status_hugo": "nao_concorreu",
        "cargo_diferente_hugo": null,
        "votos_felipe_inicio": null,
        "votos_felipe_fim": null,
        "delta_felipe": null,
        "pct_delta_felipe": null,
        "candidacy_status_felipe": "nao_concorreu_fim",
        "cargo_diferente_felipe": null,
        "votos_psd_inicio": 590,
        "votos_psd_fim": 323,
        "delta_psd": -267,
        "pct_delta_psd": -45.25,
        "candidacy_status_psd": "concorreu",
        "cargo_diferente_psd": false,
        "map_delta": null,
        "map_abs_delta": null
      },
      "geometry": {
        "type": "Point",
        "coordinates": [
          -43.02859,
          -22.9532368
        ]
      }
    },
    {
      "type": "Feature",
      "properties": {
        "pair": "2020-2024",
        "ano_inicio": 2020,
        "ano_fim": 2024,
        "nr_local": "1309",
        "nm_local": "CURSO MARLY CURY",
        "bairro": "SANTA ROSA",
        "local_status": "both",
        "secoes_inicio": 11,
        "secoes_fim": 11,
        "secoes_comuns": 11,
        "secoes_adicionadas": 0,
        "secoes_removidas": 0,
        "secoes_movidas_in": 0,
        "secoes_movidas_out": 0,
        "secao_churn": 0,
        "tipo_inicio": "Municipal",
        "tipo_fim": "Municipal",
        "tipo_par": "Municipal -> Municipal",
        "votos_hugo_inicio": null,
        "votos_hugo_fim": null,
        "delta_hugo": null,
        "pct_delta_hugo": null,
        "candidacy_status_hugo": "nao_concorreu",
        "cargo_diferente_hugo": null,
        "votos_felipe_inicio": null,
        "votos_felipe_fim": null,
        "delta_felipe": null,
        "pct_delta_felipe": null,
        "candidacy_status_felipe": "nao_concorreu_fim",
        "cargo_diferente_felipe": null,
        "votos_psd_inicio": 289,
        "votos_psd_fim": 147,
        "delta_psd": -142,
        "pct_delta_psd": -49.13,
        "candidacy_status_psd": "concorreu",
        "cargo_diferente_psd": false,
        "map_delta": null,
        "map_abs_delta": null
      },
      "geometry": {
        "type": "Point",
        "coordinates": [
          -43.1019227,
          -22.9054777
        ]
      }
    },
    {
      "type": "Feature",
      "properties": {
        "pair": "2020-2024",
        "ano_inicio": 2020,
        "ano_fim": 2024,
        "nr_local": "1317",
        "nm_local": "ESCOLA ESTADUAL BALTAZAR BERNARDINO",
        "bairro": "SANTA ROSA",
        "local_status": "both",
        "secoes_inicio": 22,
        "secoes_fim": 26,
        "secoes_comuns": 22,
        "secoes_adicionadas": 4,
        "secoes_removidas": 0,
        "secoes_movidas_in": 0,
        "secoes_movidas_out": 0,
        "secao_churn": 0.1538,
        "tipo_inicio": "Municipal",
        "tipo_fim": "Municipal",
        "tipo_par": "Municipal -> Municipal",
        "votos_hugo_inicio": null,
        "votos_hugo_fim": null,
        "delta_hugo": null,
        "pct_delta_hugo": null,
        "candidacy_status_hugo": "nao_concorreu",
        "cargo_diferente_hugo": null,
        "votos_felipe_inicio": null,
        "votos_felipe_fim": null,
        "delta_felipe": null,
        "pct_delta_felipe": null,
        "candidacy_status_felipe": "nao_concorreu_fim",
        "cargo_diferente_felipe": null,
        "votos_psd_inicio": 508,
        "votos_psd_fim": 319,
        "delta_psd": -189,
        "pct_delta_psd": -37.2,
        "candidacy_status_psd": "concorreu",
        "cargo_diferente_psd": false,
        "map_delta": null,
        "map_abs_delta": null
      },
      "geometry": {
        "type": "Point",
        "coordinates": [
          -43.1012931,
          -22.9032359
        ]
      }
    },
    {
      "type": "Feature",
      "properties": {
        "pair": "2020-2024",
        "ano_inicio": 2020,
        "ano_fim": 2024,
        "nr_local": "1325",
        "nm_local": "ESCOLA MUNICIPAL SÍTIO DO IPÊ",
        "bairro": "MARIA PAULA",
        "local_status": "both",
        "secoes_inicio": 18,
        "secoes_fim": 20,
        "secoes_comuns": 18,
        "secoes_adicionadas": 2,
        "secoes_removidas": 0,
        "secoes_movidas_in": 0,
        "secoes_movidas_out": 0,
        "secao_churn": 0.1,
        "tipo_inicio": "Municipal",
        "tipo_fim": "Municipal",
        "tipo_par": "Municipal -> Municipal",
        "votos_hugo_inicio": null,
        "votos_hugo_fim": null,
        "delta_hugo": null,
        "pct_delta_hugo": null,
        "candidacy_status_hugo": "nao_concorreu",
        "cargo_diferente_hugo": null,
        "votos_felipe_inicio": null,
        "votos_felipe_fim": null,
        "delta_felipe": null,
        "pct_delta_felipe": null,
        "candidacy_status_felipe": "nao_concorreu_fim",
        "cargo_diferente_felipe": null,
        "votos_psd_inicio": 574,
        "votos_psd_fim": 366,
        "delta_psd": -208,
        "pct_delta_psd": -36.24,
        "candidacy_status_psd": "concorreu",
        "cargo_diferente_psd": false,
        "map_delta": null,
        "map_abs_delta": null
      },
      "geometry": {
        "type": "Point",
        "coordinates": [
          -43.0267087,
          -22.8821134
        ]
      }
    },
    {
      "type": "Feature",
      "properties": {
        "pair": "2020-2024",
        "ano_inicio": 2020,
        "ano_fim": 2024,
        "nr_local": "1333",
        "nm_local": "ESCOLA ME NINAR",
        "bairro": "ITAIPU",
        "local_status": "both",
        "secoes_inicio": 12,
        "secoes_fim": 10,
        "secoes_comuns": 10,
        "secoes_adicionadas": 0,
        "secoes_removidas": 2,
        "secoes_movidas_in": 0,
        "secoes_movidas_out": 2,
        "secao_churn": 0.1667,
        "tipo_inicio": "Municipal",
        "tipo_fim": "Municipal",
        "tipo_par": "Municipal -> Municipal",
        "votos_hugo_inicio": null,
        "votos_hugo_fim": null,
        "delta_hugo": null,
        "pct_delta_hugo": null,
        "candidacy_status_hugo": "nao_concorreu",
        "cargo_diferente_hugo": null,
        "votos_felipe_inicio": null,
        "votos_felipe_fim": null,
        "delta_felipe": null,
        "pct_delta_felipe": null,
        "candidacy_status_felipe": "nao_concorreu_fim",
        "cargo_diferente_felipe": null,
        "votos_psd_inicio": 260,
        "votos_psd_fim": 104,
        "delta_psd": -156,
        "pct_delta_psd": -60,
        "candidacy_status_psd": "concorreu",
        "cargo_diferente_psd": false,
        "map_delta": null,
        "map_abs_delta": null
      },
      "geometry": {
        "type": "Point",
        "coordinates": [
          -43.0442198,
          -22.9408099
        ]
      }
    },
    {
      "type": "Feature",
      "properties": {
        "pair": "2020-2024",
        "ano_inicio": 2020,
        "ano_fim": 2024,
        "nr_local": "1341",
        "nm_local": "SOPRECAM",
        "bairro": "CAMBOINHAS",
        "local_status": "both",
        "secoes_inicio": 1,
        "secoes_fim": 6,
        "secoes_comuns": 1,
        "secoes_adicionadas": 5,
        "secoes_removidas": 0,
        "secoes_movidas_in": 4,
        "secoes_movidas_out": 0,
        "secao_churn": 0.8333,
        "tipo_inicio": "Municipal",
        "tipo_fim": "Municipal",
        "tipo_par": "Municipal -> Municipal",
        "votos_hugo_inicio": null,
        "votos_hugo_fim": null,
        "delta_hugo": null,
        "pct_delta_hugo": null,
        "candidacy_status_hugo": "nao_concorreu",
        "cargo_diferente_hugo": null,
        "votos_felipe_inicio": null,
        "votos_felipe_fim": null,
        "delta_felipe": null,
        "pct_delta_felipe": null,
        "candidacy_status_felipe": "nao_concorreu_fim",
        "cargo_diferente_felipe": null,
        "votos_psd_inicio": 49,
        "votos_psd_fim": 53,
        "delta_psd": 4,
        "pct_delta_psd": 8.16,
        "candidacy_status_psd": "concorreu",
        "cargo_diferente_psd": false,
        "map_delta": null,
        "map_abs_delta": null
      },
      "geometry": {
        "type": "Point",
        "coordinates": [
          -43.0584356,
          -22.9537053
        ]
      }
    },
    {
      "type": "Feature",
      "properties": {
        "pair": "2020-2024",
        "ano_inicio": 2020,
        "ano_fim": 2024,
        "nr_local": "1350",
        "nm_local": "ESCOLA MUNICIPAL MARALEGRE",
        "bairro": "CAFUBÁ",
        "local_status": "both",
        "secoes_inicio": 5,
        "secoes_fim": 4,
        "secoes_comuns": 2,
        "secoes_adicionadas": 2,
        "secoes_removidas": 3,
        "secoes_movidas_in": 0,
        "secoes_movidas_out": 3,
        "secao_churn": 1,
        "tipo_inicio": "Municipal",
        "tipo_fim": "Municipal",
        "tipo_par": "Municipal -> Municipal",
        "votos_hugo_inicio": null,
        "votos_hugo_fim": null,
        "delta_hugo": null,
        "pct_delta_hugo": null,
        "candidacy_status_hugo": "nao_concorreu",
        "cargo_diferente_hugo": null,
        "votos_felipe_inicio": null,
        "votos_felipe_fim": null,
        "delta_felipe": null,
        "pct_delta_felipe": null,
        "candidacy_status_felipe": "nao_concorreu_fim",
        "cargo_diferente_felipe": null,
        "votos_psd_inicio": 89,
        "votos_psd_fim": 56,
        "delta_psd": -33,
        "pct_delta_psd": -37.08,
        "candidacy_status_psd": "concorreu",
        "cargo_diferente_psd": false,
        "map_delta": null,
        "map_abs_delta": null
      },
      "geometry": {
        "type": "Point",
        "coordinates": [
          -43.0724233,
          -22.9362723
        ]
      }
    },
    {
      "type": "Feature",
      "properties": {
        "pair": "2020-2024",
        "ano_inicio": 2020,
        "ano_fim": 2024,
        "nr_local": "1368",
        "nm_local": "INSTITUTO SÃO JOSÉ",
        "bairro": "SANTA ROSA",
        "local_status": "both",
        "secoes_inicio": 23,
        "secoes_fim": 25,
        "secoes_comuns": 23,
        "secoes_adicionadas": 2,
        "secoes_removidas": 0,
        "secoes_movidas_in": 0,
        "secoes_movidas_out": 0,
        "secao_churn": 0.08,
        "tipo_inicio": "Municipal",
        "tipo_fim": "Municipal",
        "tipo_par": "Municipal -> Municipal",
        "votos_hugo_inicio": null,
        "votos_hugo_fim": null,
        "delta_hugo": null,
        "pct_delta_hugo": null,
        "candidacy_status_hugo": "nao_concorreu",
        "cargo_diferente_hugo": null,
        "votos_felipe_inicio": null,
        "votos_felipe_fim": null,
        "delta_felipe": null,
        "pct_delta_felipe": null,
        "candidacy_status_felipe": "nao_concorreu_fim",
        "cargo_diferente_felipe": null,
        "votos_psd_inicio": 629,
        "votos_psd_fim": 307,
        "delta_psd": -322,
        "pct_delta_psd": -51.19,
        "candidacy_status_psd": "concorreu",
        "cargo_diferente_psd": false,
        "map_delta": null,
        "map_abs_delta": null
      },
      "geometry": {
        "type": "Point",
        "coordinates": [
          -43.1018878,
          -22.901754
        ]
      }
    },
    {
      "type": "Feature",
      "properties": {
        "pair": "2020-2024",
        "ano_inicio": 2020,
        "ano_fim": 2024,
        "nr_local": "1384",
        "nm_local": "UMEI OLGA BENÁRIO PRESTES",
        "bairro": "ENGENHO DO MATO",
        "local_status": "both",
        "secoes_inicio": 1,
        "secoes_fim": 2,
        "secoes_comuns": 1,
        "secoes_adicionadas": 1,
        "secoes_removidas": 0,
        "secoes_movidas_in": 0,
        "secoes_movidas_out": 0,
        "secao_churn": 0.5,
        "tipo_inicio": "Municipal",
        "tipo_fim": "Municipal",
        "tipo_par": "Municipal -> Municipal",
        "votos_hugo_inicio": null,
        "votos_hugo_fim": null,
        "delta_hugo": null,
        "pct_delta_hugo": null,
        "candidacy_status_hugo": "nao_concorreu",
        "cargo_diferente_hugo": null,
        "votos_felipe_inicio": null,
        "votos_felipe_fim": null,
        "delta_felipe": null,
        "pct_delta_felipe": null,
        "candidacy_status_felipe": "nao_concorreu_fim",
        "cargo_diferente_felipe": null,
        "votos_psd_inicio": 19,
        "votos_psd_fim": 39,
        "delta_psd": 20,
        "pct_delta_psd": 105.26,
        "candidacy_status_psd": "concorreu",
        "cargo_diferente_psd": false,
        "map_delta": null,
        "map_abs_delta": null
      },
      "geometry": {
        "type": "Point",
        "coordinates": [
          -43.0086653,
          -22.9354086
        ]
      }
    },
    {
      "type": "Feature",
      "properties": {
        "pair": "2020-2024",
        "ano_inicio": 2020,
        "ano_fim": 2024,
        "nr_local": "1392",
        "nm_local": "FACULDADE DE VETERINARIA DA UFF",
        "bairro": "VITAL BRASIL",
        "local_status": "both",
        "secoes_inicio": 18,
        "secoes_fim": 20,
        "secoes_comuns": 18,
        "secoes_adicionadas": 2,
        "secoes_removidas": 0,
        "secoes_movidas_in": 0,
        "secoes_movidas_out": 0,
        "secao_churn": 0.1,
        "tipo_inicio": "Municipal",
        "tipo_fim": "Municipal",
        "tipo_par": "Municipal -> Municipal",
        "votos_hugo_inicio": null,
        "votos_hugo_fim": null,
        "delta_hugo": null,
        "pct_delta_hugo": null,
        "candidacy_status_hugo": "nao_concorreu",
        "cargo_diferente_hugo": null,
        "votos_felipe_inicio": null,
        "votos_felipe_fim": null,
        "delta_felipe": null,
        "pct_delta_felipe": null,
        "candidacy_status_felipe": "nao_concorreu_fim",
        "cargo_diferente_felipe": null,
        "votos_psd_inicio": 499,
        "votos_psd_fim": 303,
        "delta_psd": -196,
        "pct_delta_psd": -39.28,
        "candidacy_status_psd": "concorreu",
        "cargo_diferente_psd": false,
        "map_delta": null,
        "map_abs_delta": null
      },
      "geometry": {
        "type": "Point",
        "coordinates": [
          -43.098407,
          -22.904908
        ]
      }
    },
    {
      "type": "Feature",
      "properties": {
        "pair": "2020-2024",
        "ano_inicio": 2020,
        "ano_fim": 2024,
        "nr_local": "1406",
        "nm_local": "COLÉGIO NITERÓI",
        "bairro": "ENGENHOCA",
        "local_status": "both",
        "secoes_inicio": 5,
        "secoes_fim": 10,
        "secoes_comuns": 5,
        "secoes_adicionadas": 5,
        "secoes_removidas": 0,
        "secoes_movidas_in": 0,
        "secoes_movidas_out": 0,
        "secao_churn": 0.5,
        "tipo_inicio": "Municipal",
        "tipo_fim": "Municipal",
        "tipo_par": "Municipal -> Municipal",
        "votos_hugo_inicio": null,
        "votos_hugo_fim": null,
        "delta_hugo": null,
        "pct_delta_hugo": null,
        "candidacy_status_hugo": "nao_concorreu",
        "cargo_diferente_hugo": null,
        "votos_felipe_inicio": null,
        "votos_felipe_fim": null,
        "delta_felipe": null,
        "pct_delta_felipe": null,
        "candidacy_status_felipe": "nao_concorreu_fim",
        "cargo_diferente_felipe": null,
        "votos_psd_inicio": 105,
        "votos_psd_fim": 96,
        "delta_psd": -9,
        "pct_delta_psd": -8.57,
        "candidacy_status_psd": "concorreu",
        "cargo_diferente_psd": false,
        "map_delta": null,
        "map_abs_delta": null
      },
      "geometry": {
        "type": "Point",
        "coordinates": [
          -43.1018717,
          -22.8706133
        ]
      }
    },
    {
      "type": "Feature",
      "properties": {
        "pair": "2020-2024",
        "ano_inicio": 2020,
        "ano_fim": 2024,
        "nr_local": "1414",
        "nm_local": "UNIVERSIDADE SALGADO DE OLIVEIRA - BL B (PRÓXIMO AO GUANABARA)",
        "bairro": "CENTRO",
        "local_status": "both",
        "secoes_inicio": 4,
        "secoes_fim": 8,
        "secoes_comuns": 4,
        "secoes_adicionadas": 4,
        "secoes_removidas": 0,
        "secoes_movidas_in": 0,
        "secoes_movidas_out": 0,
        "secao_churn": 0.5,
        "tipo_inicio": "Municipal",
        "tipo_fim": "Municipal",
        "tipo_par": "Municipal -> Municipal",
        "votos_hugo_inicio": null,
        "votos_hugo_fim": null,
        "delta_hugo": null,
        "pct_delta_hugo": null,
        "candidacy_status_hugo": "nao_concorreu",
        "cargo_diferente_hugo": null,
        "votos_felipe_inicio": null,
        "votos_felipe_fim": null,
        "delta_felipe": null,
        "pct_delta_felipe": null,
        "candidacy_status_felipe": "nao_concorreu_fim",
        "cargo_diferente_felipe": null,
        "votos_psd_inicio": 93,
        "votos_psd_fim": 70,
        "delta_psd": -23,
        "pct_delta_psd": -24.73,
        "candidacy_status_psd": "concorreu",
        "cargo_diferente_psd": false,
        "map_delta": null,
        "map_abs_delta": null
      },
      "geometry": {
        "type": "Point",
        "coordinates": [
          -43.1172001,
          -22.8893447
        ]
      }
    },
    {
      "type": "Feature",
      "properties": {
        "pair": "2020-2024",
        "ano_inicio": 2020,
        "ano_fim": 2024,
        "nr_local": "1422",
        "nm_local": "CLUBE PORTUGUES DE NITEROI",
        "bairro": "SÃO DOMINGOS",
        "local_status": "both",
        "secoes_inicio": 6,
        "secoes_fim": 8,
        "secoes_comuns": 6,
        "secoes_adicionadas": 2,
        "secoes_removidas": 0,
        "secoes_movidas_in": 0,
        "secoes_movidas_out": 0,
        "secao_churn": 0.25,
        "tipo_inicio": "Municipal",
        "tipo_fim": "Municipal",
        "tipo_par": "Municipal -> Municipal",
        "votos_hugo_inicio": null,
        "votos_hugo_fim": null,
        "delta_hugo": null,
        "pct_delta_hugo": null,
        "candidacy_status_hugo": "nao_concorreu",
        "cargo_diferente_hugo": null,
        "votos_felipe_inicio": null,
        "votos_felipe_fim": null,
        "delta_felipe": null,
        "pct_delta_felipe": null,
        "candidacy_status_felipe": "nao_concorreu_fim",
        "cargo_diferente_felipe": null,
        "votos_psd_inicio": 117,
        "votos_psd_fim": 94,
        "delta_psd": -23,
        "pct_delta_psd": -19.66,
        "candidacy_status_psd": "concorreu",
        "cargo_diferente_psd": false,
        "map_delta": null,
        "map_abs_delta": null
      },
      "geometry": {
        "type": "Point",
        "coordinates": [
          -43.1274594,
          -22.9021482
        ]
      }
    },
    {
      "type": "Feature",
      "properties": {
        "pair": "2020-2024",
        "ano_inicio": 2020,
        "ano_fim": 2024,
        "nr_local": "1430",
        "nm_local": "COLEGIO ESTADUAL AURELINO LEAL",
        "bairro": "INGÁ",
        "local_status": "both",
        "secoes_inicio": 8,
        "secoes_fim": 9,
        "secoes_comuns": 8,
        "secoes_adicionadas": 1,
        "secoes_removidas": 0,
        "secoes_movidas_in": 0,
        "secoes_movidas_out": 0,
        "secao_churn": 0.1111,
        "tipo_inicio": "Municipal",
        "tipo_fim": "Municipal",
        "tipo_par": "Municipal -> Municipal",
        "votos_hugo_inicio": null,
        "votos_hugo_fim": null,
        "delta_hugo": null,
        "pct_delta_hugo": null,
        "candidacy_status_hugo": "nao_concorreu",
        "cargo_diferente_hugo": null,
        "votos_felipe_inicio": null,
        "votos_felipe_fim": null,
        "delta_felipe": null,
        "pct_delta_felipe": null,
        "candidacy_status_felipe": "nao_concorreu_fim",
        "cargo_diferente_felipe": null,
        "votos_psd_inicio": 130,
        "votos_psd_fim": 90,
        "delta_psd": -40,
        "pct_delta_psd": -30.77,
        "candidacy_status_psd": "concorreu",
        "cargo_diferente_psd": false,
        "map_delta": null,
        "map_abs_delta": null
      },
      "geometry": {
        "type": "Point",
        "coordinates": [
          -43.1254512,
          -22.9033321
        ]
      }
    },
    {
      "type": "Feature",
      "properties": {
        "pair": "2020-2024",
        "ano_inicio": 2020,
        "ano_fim": 2024,
        "nr_local": "1449",
        "nm_local": "CIEP 450 - BADU",
        "bairro": "BADU",
        "local_status": "both",
        "secoes_inicio": 37,
        "secoes_fim": 38,
        "secoes_comuns": 37,
        "secoes_adicionadas": 1,
        "secoes_removidas": 0,
        "secoes_movidas_in": 0,
        "secoes_movidas_out": 0,
        "secao_churn": 0.0263,
        "tipo_inicio": "Municipal",
        "tipo_fim": "Municipal",
        "tipo_par": "Municipal -> Municipal",
        "votos_hugo_inicio": null,
        "votos_hugo_fim": null,
        "delta_hugo": null,
        "pct_delta_hugo": null,
        "candidacy_status_hugo": "nao_concorreu",
        "cargo_diferente_hugo": null,
        "votos_felipe_inicio": null,
        "votos_felipe_fim": null,
        "delta_felipe": null,
        "pct_delta_felipe": null,
        "candidacy_status_felipe": "nao_concorreu_fim",
        "cargo_diferente_felipe": null,
        "votos_psd_inicio": 999,
        "votos_psd_fim": 478,
        "delta_psd": -521,
        "pct_delta_psd": -52.15,
        "candidacy_status_psd": "concorreu",
        "cargo_diferente_psd": false,
        "map_delta": null,
        "map_abs_delta": null
      },
      "geometry": {
        "type": "Point",
        "coordinates": [
          -43.0566124,
          -22.9071974
        ]
      }
    },
    {
      "type": "Feature",
      "properties": {
        "pair": "2020-2024",
        "ano_inicio": 2020,
        "ano_fim": 2024,
        "nr_local": "1457",
        "nm_local": "ÁGUAS DE NITEROI",
        "bairro": "CENTRO",
        "local_status": "both",
        "secoes_inicio": 17,
        "secoes_fim": 19,
        "secoes_comuns": 17,
        "secoes_adicionadas": 2,
        "secoes_removidas": 0,
        "secoes_movidas_in": 0,
        "secoes_movidas_out": 0,
        "secao_churn": 0.1053,
        "tipo_inicio": "Municipal",
        "tipo_fim": "Municipal",
        "tipo_par": "Municipal -> Municipal",
        "votos_hugo_inicio": null,
        "votos_hugo_fim": null,
        "delta_hugo": null,
        "pct_delta_hugo": null,
        "candidacy_status_hugo": "nao_concorreu",
        "cargo_diferente_hugo": null,
        "votos_felipe_inicio": null,
        "votos_felipe_fim": null,
        "delta_felipe": null,
        "pct_delta_felipe": null,
        "candidacy_status_felipe": "nao_concorreu_fim",
        "cargo_diferente_felipe": null,
        "votos_psd_inicio": 349,
        "votos_psd_fim": 212,
        "delta_psd": -137,
        "pct_delta_psd": -39.26,
        "candidacy_status_psd": "concorreu",
        "cargo_diferente_psd": false,
        "map_delta": null,
        "map_abs_delta": null
      },
      "geometry": {
        "type": "Point",
        "coordinates": [
          -43.1141378,
          -22.8915411
        ]
      }
    },
    {
      "type": "Feature",
      "properties": {
        "pair": "2020-2024",
        "ano_inicio": 2020,
        "ano_fim": 2024,
        "nr_local": "1465",
        "nm_local": "CENTRO UNIVERSITÁRIO ANHANGUERA (ANTIGO PLÍNIO LEITE)",
        "bairro": "CENTRO",
        "local_status": "both",
        "secoes_inicio": 9,
        "secoes_fim": 18,
        "secoes_comuns": 9,
        "secoes_adicionadas": 9,
        "secoes_removidas": 0,
        "secoes_movidas_in": 2,
        "secoes_movidas_out": 0,
        "secao_churn": 0.5,
        "tipo_inicio": "Municipal",
        "tipo_fim": "Municipal",
        "tipo_par": "Municipal -> Municipal",
        "votos_hugo_inicio": null,
        "votos_hugo_fim": null,
        "delta_hugo": null,
        "pct_delta_hugo": null,
        "candidacy_status_hugo": "nao_concorreu",
        "cargo_diferente_hugo": null,
        "votos_felipe_inicio": null,
        "votos_felipe_fim": null,
        "delta_felipe": null,
        "pct_delta_felipe": null,
        "candidacy_status_felipe": "nao_concorreu_fim",
        "cargo_diferente_felipe": null,
        "votos_psd_inicio": 201,
        "votos_psd_fim": 153,
        "delta_psd": -48,
        "pct_delta_psd": -23.88,
        "candidacy_status_psd": "concorreu",
        "cargo_diferente_psd": false,
        "map_delta": null,
        "map_abs_delta": null
      },
      "geometry": {
        "type": "Point",
        "coordinates": [
          -43.1245632,
          -22.8869267
        ]
      }
    },
    {
      "type": "Feature",
      "properties": {
        "pair": "2020-2024",
        "ano_inicio": 2020,
        "ano_fim": 2024,
        "nr_local": "1473",
        "nm_local": "COLÉGIO FORUM CULTURAL",
        "bairro": "CANTAGALO",
        "local_status": "both",
        "secoes_inicio": 25,
        "secoes_fim": 30,
        "secoes_comuns": 25,
        "secoes_adicionadas": 5,
        "secoes_removidas": 0,
        "secoes_movidas_in": 4,
        "secoes_movidas_out": 0,
        "secao_churn": 0.1667,
        "tipo_inicio": "Municipal",
        "tipo_fim": "Municipal",
        "tipo_par": "Municipal -> Municipal",
        "votos_hugo_inicio": null,
        "votos_hugo_fim": null,
        "delta_hugo": null,
        "pct_delta_hugo": null,
        "candidacy_status_hugo": "nao_concorreu",
        "cargo_diferente_hugo": null,
        "votos_felipe_inicio": null,
        "votos_felipe_fim": null,
        "delta_felipe": null,
        "pct_delta_felipe": null,
        "candidacy_status_felipe": "nao_concorreu_fim",
        "cargo_diferente_felipe": null,
        "votos_psd_inicio": 510,
        "votos_psd_fim": 423,
        "delta_psd": -87,
        "pct_delta_psd": -17.06,
        "candidacy_status_psd": "concorreu",
        "cargo_diferente_psd": false,
        "map_delta": null,
        "map_abs_delta": null
      },
      "geometry": {
        "type": "Point",
        "coordinates": [
          -43.0490094,
          -22.9163184
        ]
      }
    },
    {
      "type": "Feature",
      "properties": {
        "pair": "2020-2024",
        "ano_inicio": 2020,
        "ano_fim": 2024,
        "nr_local": "1481",
        "nm_local": "ESCOLA MUNICIPAL MAESTRO HEITOR VILLA-LOBOS (''COLÉGIO NOVO'')",
        "bairro": "ILHA DA CONCEIÇÃO",
        "local_status": "both",
        "secoes_inicio": 14,
        "secoes_fim": 20,
        "secoes_comuns": 14,
        "secoes_adicionadas": 6,
        "secoes_removidas": 0,
        "secoes_movidas_in": 0,
        "secoes_movidas_out": 0,
        "secao_churn": 0.3,
        "tipo_inicio": "Municipal",
        "tipo_fim": "Municipal",
        "tipo_par": "Municipal -> Municipal",
        "votos_hugo_inicio": null,
        "votos_hugo_fim": null,
        "delta_hugo": null,
        "pct_delta_hugo": null,
        "candidacy_status_hugo": "nao_concorreu",
        "cargo_diferente_hugo": null,
        "votos_felipe_inicio": null,
        "votos_felipe_fim": null,
        "delta_felipe": null,
        "pct_delta_felipe": null,
        "candidacy_status_felipe": "nao_concorreu_fim",
        "cargo_diferente_felipe": null,
        "votos_psd_inicio": 255,
        "votos_psd_fim": 339,
        "delta_psd": 84,
        "pct_delta_psd": 32.94,
        "candidacy_status_psd": "concorreu",
        "cargo_diferente_psd": false,
        "map_delta": null,
        "map_abs_delta": null
      },
      "geometry": {
        "type": "Point",
        "coordinates": [
          -43.1156463,
          -22.8731482
        ]
      }
    },
    {
      "type": "Feature",
      "properties": {
        "pair": "2020-2024",
        "ano_inicio": 2020,
        "ano_fim": 2024,
        "nr_local": "1490",
        "nm_local": "IGREJA BATISTA DO FONSECA",
        "bairro": "FONSECA",
        "local_status": "both",
        "secoes_inicio": 5,
        "secoes_fim": 5,
        "secoes_comuns": 5,
        "secoes_adicionadas": 0,
        "secoes_removidas": 0,
        "secoes_movidas_in": 0,
        "secoes_movidas_out": 0,
        "secao_churn": 0,
        "tipo_inicio": "Municipal",
        "tipo_fim": "Municipal",
        "tipo_par": "Municipal -> Municipal",
        "votos_hugo_inicio": null,
        "votos_hugo_fim": null,
        "delta_hugo": null,
        "pct_delta_hugo": null,
        "candidacy_status_hugo": "nao_concorreu",
        "cargo_diferente_hugo": null,
        "votos_felipe_inicio": null,
        "votos_felipe_fim": null,
        "delta_felipe": null,
        "pct_delta_felipe": null,
        "candidacy_status_felipe": "nao_concorreu_fim",
        "cargo_diferente_felipe": null,
        "votos_psd_inicio": 91,
        "votos_psd_fim": 59,
        "delta_psd": -32,
        "pct_delta_psd": -35.16,
        "candidacy_status_psd": "concorreu",
        "cargo_diferente_psd": false,
        "map_delta": null,
        "map_abs_delta": null
      },
      "geometry": {
        "type": "Point",
        "coordinates": [
          -43.0865383,
          -22.8810878
        ]
      }
    },
    {
      "type": "Feature",
      "properties": {
        "pair": "2020-2024",
        "ano_inicio": 2020,
        "ano_fim": 2024,
        "nr_local": "1503",
        "nm_local": "SERVICO DE ASSISTENCIA SOCIAL SAO DOMINGOS SAVIO",
        "bairro": "SANTA ROSA",
        "local_status": "both",
        "secoes_inicio": 7,
        "secoes_fim": 7,
        "secoes_comuns": 7,
        "secoes_adicionadas": 0,
        "secoes_removidas": 0,
        "secoes_movidas_in": 0,
        "secoes_movidas_out": 0,
        "secao_churn": 0,
        "tipo_inicio": "Municipal",
        "tipo_fim": "Municipal",
        "tipo_par": "Municipal -> Municipal",
        "votos_hugo_inicio": null,
        "votos_hugo_fim": null,
        "delta_hugo": null,
        "pct_delta_hugo": null,
        "candidacy_status_hugo": "nao_concorreu",
        "cargo_diferente_hugo": null,
        "votos_felipe_inicio": null,
        "votos_felipe_fim": null,
        "delta_felipe": null,
        "pct_delta_felipe": null,
        "candidacy_status_felipe": "nao_concorreu_fim",
        "cargo_diferente_felipe": null,
        "votos_psd_inicio": 185,
        "votos_psd_fim": 86,
        "delta_psd": -99,
        "pct_delta_psd": -53.51,
        "candidacy_status_psd": "concorreu",
        "cargo_diferente_psd": false,
        "map_delta": null,
        "map_abs_delta": null
      },
      "geometry": {
        "type": "Point",
        "coordinates": [
          -43.0928214,
          -22.8988024
        ]
      }
    },
    {
      "type": "Feature",
      "properties": {
        "pair": "2020-2024",
        "ano_inicio": 2020,
        "ano_fim": 2024,
        "nr_local": "1511",
        "nm_local": "FACULDADE DE ADMINISTRAÇÃO E CIÊNCIAS CONTÁBEIS (VALONGUINHO)",
        "bairro": "CENTRO",
        "local_status": "both",
        "secoes_inicio": 11,
        "secoes_fim": 18,
        "secoes_comuns": 11,
        "secoes_adicionadas": 7,
        "secoes_removidas": 0,
        "secoes_movidas_in": 0,
        "secoes_movidas_out": 0,
        "secao_churn": 0.3889,
        "tipo_inicio": "Municipal",
        "tipo_fim": "Municipal",
        "tipo_par": "Municipal -> Municipal",
        "votos_hugo_inicio": null,
        "votos_hugo_fim": null,
        "delta_hugo": null,
        "pct_delta_hugo": null,
        "candidacy_status_hugo": "nao_concorreu",
        "cargo_diferente_hugo": null,
        "votos_felipe_inicio": null,
        "votos_felipe_fim": null,
        "delta_felipe": null,
        "pct_delta_felipe": null,
        "candidacy_status_felipe": "nao_concorreu_fim",
        "cargo_diferente_felipe": null,
        "votos_psd_inicio": 244,
        "votos_psd_fim": 179,
        "delta_psd": -65,
        "pct_delta_psd": -26.64,
        "candidacy_status_psd": "concorreu",
        "cargo_diferente_psd": false,
        "map_delta": null,
        "map_abs_delta": null
      },
      "geometry": {
        "type": "Point",
        "coordinates": [
          -43.1252439,
          -22.8967413
        ]
      }
    },
    {
      "type": "Feature",
      "properties": {
        "pair": "2020-2024",
        "ano_inicio": 2020,
        "ano_fim": 2024,
        "nr_local": "1520",
        "nm_local": "ESCOLA MUNICIPAL LEVI CARNEIRO",
        "bairro": "SAPÊ",
        "local_status": "both",
        "secoes_inicio": 21,
        "secoes_fim": 19,
        "secoes_comuns": 19,
        "secoes_adicionadas": 0,
        "secoes_removidas": 2,
        "secoes_movidas_in": 0,
        "secoes_movidas_out": 0,
        "secao_churn": 0.0952,
        "tipo_inicio": "Municipal",
        "tipo_fim": "Municipal",
        "tipo_par": "Municipal -> Municipal",
        "votos_hugo_inicio": null,
        "votos_hugo_fim": null,
        "delta_hugo": null,
        "pct_delta_hugo": null,
        "candidacy_status_hugo": "nao_concorreu",
        "cargo_diferente_hugo": null,
        "votos_felipe_inicio": null,
        "votos_felipe_fim": null,
        "delta_felipe": null,
        "pct_delta_felipe": null,
        "candidacy_status_felipe": "nao_concorreu_fim",
        "cargo_diferente_felipe": null,
        "votos_psd_inicio": 620,
        "votos_psd_fim": 378,
        "delta_psd": -242,
        "pct_delta_psd": -39.03,
        "candidacy_status_psd": "concorreu",
        "cargo_diferente_psd": false,
        "map_delta": null,
        "map_abs_delta": null
      },
      "geometry": {
        "type": "Point",
        "coordinates": [
          -43.0583864,
          -22.8961721
        ]
      }
    },
    {
      "type": "Feature",
      "properties": {
        "pair": "2020-2024",
        "ano_inicio": 2020,
        "ano_fim": 2024,
        "nr_local": "1538",
        "nm_local": "ESCOLA CATAVENTO ESPAÇO DE EDUCAÇÃO",
        "bairro": "SAPÊ",
        "local_status": "both",
        "secoes_inicio": 7,
        "secoes_fim": 5,
        "secoes_comuns": 3,
        "secoes_adicionadas": 2,
        "secoes_removidas": 4,
        "secoes_movidas_in": 0,
        "secoes_movidas_out": 4,
        "secao_churn": 0.8571,
        "tipo_inicio": "Municipal",
        "tipo_fim": "Municipal",
        "tipo_par": "Municipal -> Municipal",
        "votos_hugo_inicio": null,
        "votos_hugo_fim": null,
        "delta_hugo": null,
        "pct_delta_hugo": null,
        "candidacy_status_hugo": "nao_concorreu",
        "cargo_diferente_hugo": null,
        "votos_felipe_inicio": null,
        "votos_felipe_fim": null,
        "delta_felipe": null,
        "pct_delta_felipe": null,
        "candidacy_status_felipe": "nao_concorreu_fim",
        "cargo_diferente_felipe": null,
        "votos_psd_inicio": 244,
        "votos_psd_fim": 117,
        "delta_psd": -127,
        "pct_delta_psd": -52.05,
        "candidacy_status_psd": "concorreu",
        "cargo_diferente_psd": false,
        "map_delta": null,
        "map_abs_delta": null
      },
      "geometry": {
        "type": "Point",
        "coordinates": [
          -43.0635188,
          -22.9024713
        ]
      }
    },
    {
      "type": "Feature",
      "properties": {
        "pair": "2020-2024",
        "ano_inicio": 2020,
        "ano_fim": 2024,
        "nr_local": "1546",
        "nm_local": "UNIVERSIDADE SALGADO DE OLIVEIRA - BL A",
        "bairro": "CENTRO",
        "local_status": "both",
        "secoes_inicio": 15,
        "secoes_fim": 27,
        "secoes_comuns": 11,
        "secoes_adicionadas": 16,
        "secoes_removidas": 4,
        "secoes_movidas_in": 0,
        "secoes_movidas_out": 4,
        "secao_churn": 0.7407,
        "tipo_inicio": "Municipal",
        "tipo_fim": "Municipal",
        "tipo_par": "Municipal -> Municipal",
        "votos_hugo_inicio": null,
        "votos_hugo_fim": null,
        "delta_hugo": null,
        "pct_delta_hugo": null,
        "candidacy_status_hugo": "nao_concorreu",
        "cargo_diferente_hugo": null,
        "votos_felipe_inicio": null,
        "votos_felipe_fim": null,
        "delta_felipe": null,
        "pct_delta_felipe": null,
        "candidacy_status_felipe": "nao_concorreu_fim",
        "cargo_diferente_felipe": null,
        "votos_psd_inicio": 423,
        "votos_psd_fim": 214,
        "delta_psd": -209,
        "pct_delta_psd": -49.41,
        "candidacy_status_psd": "concorreu",
        "cargo_diferente_psd": false,
        "map_delta": null,
        "map_abs_delta": null
      },
      "geometry": {
        "type": "Point",
        "coordinates": [
          -43.1186087,
          -22.8894749
        ]
      }
    },
    {
      "type": "Feature",
      "properties": {
        "pair": "2020-2024",
        "ano_inicio": 2020,
        "ano_fim": 2024,
        "nr_local": "1554",
        "nm_local": "JARDIM ESCOLA GIRASSÓIS",
        "bairro": "LARGO DA BATALHA",
        "local_status": "both",
        "secoes_inicio": 24,
        "secoes_fim": 34,
        "secoes_comuns": 24,
        "secoes_adicionadas": 10,
        "secoes_removidas": 0,
        "secoes_movidas_in": 0,
        "secoes_movidas_out": 0,
        "secao_churn": 0.2941,
        "tipo_inicio": "Municipal",
        "tipo_fim": "Municipal",
        "tipo_par": "Municipal -> Municipal",
        "votos_hugo_inicio": null,
        "votos_hugo_fim": null,
        "delta_hugo": null,
        "pct_delta_hugo": null,
        "candidacy_status_hugo": "nao_concorreu",
        "cargo_diferente_hugo": null,
        "votos_felipe_inicio": null,
        "votos_felipe_fim": null,
        "delta_felipe": null,
        "pct_delta_felipe": null,
        "candidacy_status_felipe": "nao_concorreu_fim",
        "cargo_diferente_felipe": null,
        "votos_psd_inicio": 594,
        "votos_psd_fim": 487,
        "delta_psd": -107,
        "pct_delta_psd": -18.01,
        "candidacy_status_psd": "concorreu",
        "cargo_diferente_psd": false,
        "map_delta": null,
        "map_abs_delta": null
      },
      "geometry": {
        "type": "Point",
        "coordinates": [
          -43.0652722,
          -22.9077414
        ]
      }
    },
    {
      "type": "Feature",
      "properties": {
        "pair": "2020-2024",
        "ano_inicio": 2020,
        "ano_fim": 2024,
        "nr_local": "1562",
        "nm_local": "COLEGIO ESTADUAL RAUL VIDAL",
        "bairro": "CENTRO",
        "local_status": "both",
        "secoes_inicio": 15,
        "secoes_fim": 23,
        "secoes_comuns": 15,
        "secoes_adicionadas": 8,
        "secoes_removidas": 0,
        "secoes_movidas_in": 0,
        "secoes_movidas_out": 0,
        "secao_churn": 0.3478,
        "tipo_inicio": "Municipal",
        "tipo_fim": "Municipal",
        "tipo_par": "Municipal -> Municipal",
        "votos_hugo_inicio": null,
        "votos_hugo_fim": null,
        "delta_hugo": null,
        "pct_delta_hugo": null,
        "candidacy_status_hugo": "nao_concorreu",
        "cargo_diferente_hugo": null,
        "votos_felipe_inicio": null,
        "votos_felipe_fim": null,
        "delta_felipe": null,
        "pct_delta_felipe": null,
        "candidacy_status_felipe": "nao_concorreu_fim",
        "cargo_diferente_felipe": null,
        "votos_psd_inicio": 380,
        "votos_psd_fim": 463,
        "delta_psd": 83,
        "pct_delta_psd": 21.84,
        "candidacy_status_psd": "concorreu",
        "cargo_diferente_psd": false,
        "map_delta": null,
        "map_abs_delta": null
      },
      "geometry": {
        "type": "Point",
        "coordinates": [
          -43.1242688,
          -22.8862372
        ]
      }
    },
    {
      "type": "Feature",
      "properties": {
        "pair": "2020-2024",
        "ano_inicio": 2020,
        "ano_fim": 2024,
        "nr_local": "1570",
        "nm_local": "IGREJA DO SANTUARIO NACIONAL DAS ALMAS",
        "bairro": "ICARAÍ",
        "local_status": "both",
        "secoes_inicio": 23,
        "secoes_fim": 25,
        "secoes_comuns": 23,
        "secoes_adicionadas": 2,
        "secoes_removidas": 0,
        "secoes_movidas_in": 0,
        "secoes_movidas_out": 0,
        "secao_churn": 0.08,
        "tipo_inicio": "Municipal",
        "tipo_fim": "Municipal",
        "tipo_par": "Municipal -> Municipal",
        "votos_hugo_inicio": null,
        "votos_hugo_fim": null,
        "delta_hugo": null,
        "pct_delta_hugo": null,
        "candidacy_status_hugo": "nao_concorreu",
        "cargo_diferente_hugo": null,
        "votos_felipe_inicio": null,
        "votos_felipe_fim": null,
        "delta_felipe": null,
        "pct_delta_felipe": null,
        "candidacy_status_felipe": "nao_concorreu_fim",
        "cargo_diferente_felipe": null,
        "votos_psd_inicio": 422,
        "votos_psd_fim": 216,
        "delta_psd": -206,
        "pct_delta_psd": -48.82,
        "candidacy_status_psd": "concorreu",
        "cargo_diferente_psd": false,
        "map_delta": null,
        "map_abs_delta": null
      },
      "geometry": {
        "type": "Point",
        "coordinates": [
          -43.1107182,
          -22.9004522
        ]
      }
    },
    {
      "type": "Feature",
      "properties": {
        "pair": "2020-2024",
        "ano_inicio": 2020,
        "ano_fim": 2024,
        "nr_local": "1589",
        "nm_local": "COLÉGIO NOSSA SENHORA DAS MERCÊS",
        "bairro": "FONSECA",
        "local_status": "both",
        "secoes_inicio": 21,
        "secoes_fim": 21,
        "secoes_comuns": 21,
        "secoes_adicionadas": 0,
        "secoes_removidas": 0,
        "secoes_movidas_in": 0,
        "secoes_movidas_out": 0,
        "secao_churn": 0,
        "tipo_inicio": "Municipal",
        "tipo_fim": "Municipal",
        "tipo_par": "Municipal -> Municipal",
        "votos_hugo_inicio": null,
        "votos_hugo_fim": null,
        "delta_hugo": null,
        "pct_delta_hugo": null,
        "candidacy_status_hugo": "nao_concorreu",
        "cargo_diferente_hugo": null,
        "votos_felipe_inicio": null,
        "votos_felipe_fim": null,
        "delta_felipe": null,
        "pct_delta_felipe": null,
        "candidacy_status_felipe": "nao_concorreu_fim",
        "cargo_diferente_felipe": null,
        "votos_psd_inicio": 402,
        "votos_psd_fim": 229,
        "delta_psd": -173,
        "pct_delta_psd": -43.03,
        "candidacy_status_psd": "concorreu",
        "cargo_diferente_psd": false,
        "map_delta": null,
        "map_abs_delta": null
      },
      "geometry": {
        "type": "Point",
        "coordinates": [
          -43.1023535,
          -22.880345
        ]
      }
    },
    {
      "type": "Feature",
      "properties": {
        "pair": "2020-2024",
        "ano_inicio": 2020,
        "ano_fim": 2024,
        "nr_local": "1597",
        "nm_local": "COLÉGIO PONTO DE ENSINO",
        "bairro": "ICARAÍ",
        "local_status": "both",
        "secoes_inicio": 18,
        "secoes_fim": 29,
        "secoes_comuns": 16,
        "secoes_adicionadas": 13,
        "secoes_removidas": 2,
        "secoes_movidas_in": 4,
        "secoes_movidas_out": 0,
        "secao_churn": 0.5172,
        "tipo_inicio": "Municipal",
        "tipo_fim": "Municipal",
        "tipo_par": "Municipal -> Municipal",
        "votos_hugo_inicio": null,
        "votos_hugo_fim": null,
        "delta_hugo": null,
        "pct_delta_hugo": null,
        "candidacy_status_hugo": "nao_concorreu",
        "cargo_diferente_hugo": null,
        "votos_felipe_inicio": null,
        "votos_felipe_fim": null,
        "delta_felipe": null,
        "pct_delta_felipe": null,
        "candidacy_status_felipe": "nao_concorreu_fim",
        "cargo_diferente_felipe": null,
        "votos_psd_inicio": 401,
        "votos_psd_fim": 271,
        "delta_psd": -130,
        "pct_delta_psd": -32.42,
        "candidacy_status_psd": "concorreu",
        "cargo_diferente_psd": false,
        "map_delta": null,
        "map_abs_delta": null
      },
      "geometry": {
        "type": "Point",
        "coordinates": [
          -43.1095209,
          -22.9092421
        ]
      }
    },
    {
      "type": "Feature",
      "properties": {
        "pair": "2020-2024",
        "ano_inicio": 2020,
        "ano_fim": 2024,
        "nr_local": "1600",
        "nm_local": "INSTITUTO DE EDUCAÇÃO PROFESSOR ISMAEL COUTINHO - IEPIC",
        "bairro": "SÃO DOMINGOS",
        "local_status": "both",
        "secoes_inicio": 22,
        "secoes_fim": 31,
        "secoes_comuns": 19,
        "secoes_adicionadas": 12,
        "secoes_removidas": 3,
        "secoes_movidas_in": 0,
        "secoes_movidas_out": 3,
        "secao_churn": 0.4839,
        "tipo_inicio": "Municipal",
        "tipo_fim": "Municipal",
        "tipo_par": "Municipal -> Municipal",
        "votos_hugo_inicio": null,
        "votos_hugo_fim": null,
        "delta_hugo": null,
        "pct_delta_hugo": null,
        "candidacy_status_hugo": "nao_concorreu",
        "cargo_diferente_hugo": null,
        "votos_felipe_inicio": null,
        "votos_felipe_fim": null,
        "delta_felipe": null,
        "pct_delta_felipe": null,
        "candidacy_status_felipe": "nao_concorreu_fim",
        "cargo_diferente_felipe": null,
        "votos_psd_inicio": 398,
        "votos_psd_fim": 222,
        "delta_psd": -176,
        "pct_delta_psd": -44.22,
        "candidacy_status_psd": "concorreu",
        "cargo_diferente_psd": false,
        "map_delta": null,
        "map_abs_delta": null
      },
      "geometry": {
        "type": "Point",
        "coordinates": [
          -43.1271052,
          -22.8989767
        ]
      }
    },
    {
      "type": "Feature",
      "properties": {
        "pair": "2020-2024",
        "ano_inicio": 2020,
        "ano_fim": 2024,
        "nr_local": "1619",
        "nm_local": "COLEGIO ESTADUAL JOAQUIM TAVORA",
        "bairro": "ICARAÍ",
        "local_status": "both",
        "secoes_inicio": 17,
        "secoes_fim": 35,
        "secoes_comuns": 17,
        "secoes_adicionadas": 18,
        "secoes_removidas": 0,
        "secoes_movidas_in": 0,
        "secoes_movidas_out": 0,
        "secao_churn": 0.5143,
        "tipo_inicio": "Municipal",
        "tipo_fim": "Municipal",
        "tipo_par": "Municipal -> Municipal",
        "votos_hugo_inicio": null,
        "votos_hugo_fim": null,
        "delta_hugo": null,
        "pct_delta_hugo": null,
        "candidacy_status_hugo": "nao_concorreu",
        "cargo_diferente_hugo": null,
        "votos_felipe_inicio": null,
        "votos_felipe_fim": null,
        "delta_felipe": null,
        "pct_delta_felipe": null,
        "candidacy_status_felipe": "nao_concorreu_fim",
        "cargo_diferente_felipe": null,
        "votos_psd_inicio": 439,
        "votos_psd_fim": 236,
        "delta_psd": -203,
        "pct_delta_psd": -46.24,
        "candidacy_status_psd": "concorreu",
        "cargo_diferente_psd": false,
        "map_delta": null,
        "map_abs_delta": null
      },
      "geometry": {
        "type": "Point",
        "coordinates": [
          -43.1081976,
          -22.9048788
        ]
      }
    },
    {
      "type": "Feature",
      "properties": {
        "pair": "2020-2024",
        "ano_inicio": 2020,
        "ano_fim": 2024,
        "nr_local": "1627",
        "nm_local": "ESCOLA ESTADUAL DOUTOR JAYME MEMORIA",
        "bairro": "CUBANGO",
        "local_status": "both",
        "secoes_inicio": 22,
        "secoes_fim": 24,
        "secoes_comuns": 22,
        "secoes_adicionadas": 2,
        "secoes_removidas": 0,
        "secoes_movidas_in": 0,
        "secoes_movidas_out": 0,
        "secao_churn": 0.0833,
        "tipo_inicio": "Municipal",
        "tipo_fim": "Municipal",
        "tipo_par": "Municipal -> Municipal",
        "votos_hugo_inicio": null,
        "votos_hugo_fim": null,
        "delta_hugo": null,
        "pct_delta_hugo": null,
        "candidacy_status_hugo": "nao_concorreu",
        "cargo_diferente_hugo": null,
        "votos_felipe_inicio": null,
        "votos_felipe_fim": null,
        "delta_felipe": null,
        "pct_delta_felipe": null,
        "candidacy_status_felipe": "nao_concorreu_fim",
        "cargo_diferente_felipe": null,
        "votos_psd_inicio": 506,
        "votos_psd_fim": 377,
        "delta_psd": -129,
        "pct_delta_psd": -25.49,
        "candidacy_status_psd": "concorreu",
        "cargo_diferente_psd": false,
        "map_delta": null,
        "map_abs_delta": null
      },
      "geometry": {
        "type": "Point",
        "coordinates": [
          -43.0937712,
          -22.88949
        ]
      }
    },
    {
      "type": "Feature",
      "properties": {
        "pair": "2020-2024",
        "ano_inicio": 2020,
        "ano_fim": 2024,
        "nr_local": "1635",
        "nm_local": "ESCOLA MUNICIPAL DOM JOSÉ PEREIRA ALVES",
        "bairro": "FONSECA",
        "local_status": "both",
        "secoes_inicio": 7,
        "secoes_fim": 17,
        "secoes_comuns": 7,
        "secoes_adicionadas": 10,
        "secoes_removidas": 0,
        "secoes_movidas_in": 3,
        "secoes_movidas_out": 0,
        "secao_churn": 0.5882,
        "tipo_inicio": "Municipal",
        "tipo_fim": "Municipal",
        "tipo_par": "Municipal -> Municipal",
        "votos_hugo_inicio": null,
        "votos_hugo_fim": null,
        "delta_hugo": null,
        "pct_delta_hugo": null,
        "candidacy_status_hugo": "nao_concorreu",
        "cargo_diferente_hugo": null,
        "votos_felipe_inicio": null,
        "votos_felipe_fim": null,
        "delta_felipe": null,
        "pct_delta_felipe": null,
        "candidacy_status_felipe": "nao_concorreu_fim",
        "cargo_diferente_felipe": null,
        "votos_psd_inicio": 186,
        "votos_psd_fim": 156,
        "delta_psd": -30,
        "pct_delta_psd": -16.13,
        "candidacy_status_psd": "concorreu",
        "cargo_diferente_psd": false,
        "map_delta": null,
        "map_abs_delta": null
      },
      "geometry": {
        "type": "Point",
        "coordinates": [
          -43.0920686,
          -22.8783038
        ]
      }
    },
    {
      "type": "Feature",
      "properties": {
        "pair": "2020-2024",
        "ano_inicio": 2020,
        "ano_fim": 2024,
        "nr_local": "1643",
        "nm_local": "CENTRO MODERNO ALZIRA BITTENCOURT",
        "bairro": "ICARAÍ",
        "local_status": "both",
        "secoes_inicio": 7,
        "secoes_fim": 8,
        "secoes_comuns": 5,
        "secoes_adicionadas": 3,
        "secoes_removidas": 2,
        "secoes_movidas_in": 0,
        "secoes_movidas_out": 2,
        "secao_churn": 0.625,
        "tipo_inicio": "Municipal",
        "tipo_fim": "Municipal",
        "tipo_par": "Municipal -> Municipal",
        "votos_hugo_inicio": null,
        "votos_hugo_fim": null,
        "delta_hugo": null,
        "pct_delta_hugo": null,
        "candidacy_status_hugo": "nao_concorreu",
        "cargo_diferente_hugo": null,
        "votos_felipe_inicio": null,
        "votos_felipe_fim": null,
        "delta_felipe": null,
        "pct_delta_felipe": null,
        "candidacy_status_felipe": "nao_concorreu_fim",
        "cargo_diferente_felipe": null,
        "votos_psd_inicio": 188,
        "votos_psd_fim": 56,
        "delta_psd": -132,
        "pct_delta_psd": -70.21,
        "candidacy_status_psd": "concorreu",
        "cargo_diferente_psd": false,
        "map_delta": null,
        "map_abs_delta": null
      },
      "geometry": {
        "type": "Point",
        "coordinates": [
          -43.110746,
          -22.9012326
        ]
      }
    },
    {
      "type": "Feature",
      "properties": {
        "pair": "2020-2024",
        "ano_inicio": 2020,
        "ano_fim": 2024,
        "nr_local": "1651",
        "nm_local": "PH COLÉGIO",
        "bairro": "ICARAÍ",
        "local_status": "both",
        "secoes_inicio": 12,
        "secoes_fim": 26,
        "secoes_comuns": 12,
        "secoes_adicionadas": 14,
        "secoes_removidas": 0,
        "secoes_movidas_in": 0,
        "secoes_movidas_out": 0,
        "secao_churn": 0.5385,
        "tipo_inicio": "Municipal",
        "tipo_fim": "Municipal",
        "tipo_par": "Municipal -> Municipal",
        "votos_hugo_inicio": null,
        "votos_hugo_fim": null,
        "delta_hugo": null,
        "pct_delta_hugo": null,
        "candidacy_status_hugo": "nao_concorreu",
        "cargo_diferente_hugo": null,
        "votos_felipe_inicio": null,
        "votos_felipe_fim": null,
        "delta_felipe": null,
        "pct_delta_felipe": null,
        "candidacy_status_felipe": "nao_concorreu_fim",
        "cargo_diferente_felipe": null,
        "votos_psd_inicio": 284,
        "votos_psd_fim": 196,
        "delta_psd": -88,
        "pct_delta_psd": -30.99,
        "candidacy_status_psd": "concorreu",
        "cargo_diferente_psd": false,
        "map_delta": null,
        "map_abs_delta": null
      },
      "geometry": {
        "type": "Point",
        "coordinates": [
          -43.1110377,
          -22.9006508
        ]
      }
    },
    {
      "type": "Feature",
      "properties": {
        "pair": "2020-2024",
        "ano_inicio": 2020,
        "ano_fim": 2024,
        "nr_local": "1660",
        "nm_local": "CLUBE CENTRAL",
        "bairro": "ICARAÍ",
        "local_status": "both",
        "secoes_inicio": 38,
        "secoes_fim": 38,
        "secoes_comuns": 38,
        "secoes_adicionadas": 0,
        "secoes_removidas": 0,
        "secoes_movidas_in": 0,
        "secoes_movidas_out": 0,
        "secao_churn": 0,
        "tipo_inicio": "Municipal",
        "tipo_fim": "Municipal",
        "tipo_par": "Municipal -> Municipal",
        "votos_hugo_inicio": null,
        "votos_hugo_fim": null,
        "delta_hugo": null,
        "pct_delta_hugo": null,
        "candidacy_status_hugo": "nao_concorreu",
        "cargo_diferente_hugo": null,
        "votos_felipe_inicio": null,
        "votos_felipe_fim": null,
        "delta_felipe": null,
        "pct_delta_felipe": null,
        "candidacy_status_felipe": "nao_concorreu_fim",
        "cargo_diferente_felipe": null,
        "votos_psd_inicio": 693,
        "votos_psd_fim": 479,
        "delta_psd": -214,
        "pct_delta_psd": -30.88,
        "candidacy_status_psd": "concorreu",
        "cargo_diferente_psd": false,
        "map_delta": null,
        "map_abs_delta": null
      },
      "geometry": {
        "type": "Point",
        "coordinates": [
          -43.111789,
          -22.9075784
        ]
      }
    },
    {
      "type": "Feature",
      "properties": {
        "pair": "2020-2024",
        "ano_inicio": 2020,
        "ano_fim": 2024,
        "nr_local": "1678",
        "nm_local": "LICEU NILO PEÇANHA",
        "bairro": "CENTRO",
        "local_status": "both",
        "secoes_inicio": 17,
        "secoes_fim": 38,
        "secoes_comuns": 17,
        "secoes_adicionadas": 21,
        "secoes_removidas": 0,
        "secoes_movidas_in": 4,
        "secoes_movidas_out": 0,
        "secao_churn": 0.5526,
        "tipo_inicio": "Municipal",
        "tipo_fim": "Municipal",
        "tipo_par": "Municipal -> Municipal",
        "votos_hugo_inicio": null,
        "votos_hugo_fim": null,
        "delta_hugo": null,
        "pct_delta_hugo": null,
        "candidacy_status_hugo": "nao_concorreu",
        "cargo_diferente_hugo": null,
        "votos_felipe_inicio": null,
        "votos_felipe_fim": null,
        "delta_felipe": null,
        "pct_delta_felipe": null,
        "candidacy_status_felipe": "nao_concorreu_fim",
        "cargo_diferente_felipe": null,
        "votos_psd_inicio": 373,
        "votos_psd_fim": 313,
        "delta_psd": -60,
        "pct_delta_psd": -16.09,
        "candidacy_status_psd": "concorreu",
        "cargo_diferente_psd": false,
        "map_delta": null,
        "map_abs_delta": null
      },
      "geometry": {
        "type": "Point",
        "coordinates": [
          -43.1165611,
          -22.8935707
        ]
      }
    },
    {
      "type": "Feature",
      "properties": {
        "pair": "2020-2024",
        "ano_inicio": 2020,
        "ano_fim": 2024,
        "nr_local": "1686",
        "nm_local": "COLÉGIO DA POLÍCIA MILITAR",
        "bairro": "FONSECA",
        "local_status": "both",
        "secoes_inicio": 13,
        "secoes_fim": 17,
        "secoes_comuns": 13,
        "secoes_adicionadas": 4,
        "secoes_removidas": 0,
        "secoes_movidas_in": 0,
        "secoes_movidas_out": 0,
        "secao_churn": 0.2353,
        "tipo_inicio": "Municipal",
        "tipo_fim": "Municipal",
        "tipo_par": "Municipal -> Municipal",
        "votos_hugo_inicio": null,
        "votos_hugo_fim": null,
        "delta_hugo": null,
        "pct_delta_hugo": null,
        "candidacy_status_hugo": "nao_concorreu",
        "cargo_diferente_hugo": null,
        "votos_felipe_inicio": null,
        "votos_felipe_fim": null,
        "delta_felipe": null,
        "pct_delta_felipe": null,
        "candidacy_status_felipe": "nao_concorreu_fim",
        "cargo_diferente_felipe": null,
        "votos_psd_inicio": 291,
        "votos_psd_fim": 138,
        "delta_psd": -153,
        "pct_delta_psd": -52.58,
        "candidacy_status_psd": "concorreu",
        "cargo_diferente_psd": false,
        "map_delta": null,
        "map_abs_delta": null
      },
      "geometry": {
        "type": "Point",
        "coordinates": [
          -43.0820149,
          -22.8818063
        ]
      }
    },
    {
      "type": "Feature",
      "properties": {
        "pair": "2020-2024",
        "ano_inicio": 2020,
        "ano_fim": 2024,
        "nr_local": "1694",
        "nm_local": "RIO CRICKET",
        "bairro": "INGÁ",
        "local_status": "both",
        "secoes_inicio": 9,
        "secoes_fim": 14,
        "secoes_comuns": 9,
        "secoes_adicionadas": 5,
        "secoes_removidas": 0,
        "secoes_movidas_in": 2,
        "secoes_movidas_out": 0,
        "secao_churn": 0.3571,
        "tipo_inicio": "Municipal",
        "tipo_fim": "Municipal",
        "tipo_par": "Municipal -> Municipal",
        "votos_hugo_inicio": null,
        "votos_hugo_fim": null,
        "delta_hugo": null,
        "pct_delta_hugo": null,
        "candidacy_status_hugo": "nao_concorreu",
        "cargo_diferente_hugo": null,
        "votos_felipe_inicio": null,
        "votos_felipe_fim": null,
        "delta_felipe": null,
        "pct_delta_felipe": null,
        "candidacy_status_felipe": "nao_concorreu_fim",
        "cargo_diferente_felipe": null,
        "votos_psd_inicio": 219,
        "votos_psd_fim": 165,
        "delta_psd": -54,
        "pct_delta_psd": -24.66,
        "candidacy_status_psd": "concorreu",
        "cargo_diferente_psd": false,
        "map_delta": null,
        "map_abs_delta": null
      },
      "geometry": {
        "type": "Point",
        "coordinates": [
          -43.1133665,
          -22.8997052
        ]
      }
    },
    {
      "type": "Feature",
      "properties": {
        "pair": "2020-2024",
        "ano_inicio": 2020,
        "ano_fim": 2024,
        "nr_local": "1708",
        "nm_local": "ESCOLA MUNICIPAL JÚLIA CORTINES",
        "bairro": "ICARAÍ",
        "local_status": "both",
        "secoes_inicio": 6,
        "secoes_fim": 11,
        "secoes_comuns": 4,
        "secoes_adicionadas": 7,
        "secoes_removidas": 2,
        "secoes_movidas_in": 0,
        "secoes_movidas_out": 0,
        "secao_churn": 0.8182,
        "tipo_inicio": "Municipal",
        "tipo_fim": "Municipal",
        "tipo_par": "Municipal -> Municipal",
        "votos_hugo_inicio": null,
        "votos_hugo_fim": null,
        "delta_hugo": null,
        "pct_delta_hugo": null,
        "candidacy_status_hugo": "nao_concorreu",
        "cargo_diferente_hugo": null,
        "votos_felipe_inicio": null,
        "votos_felipe_fim": null,
        "delta_felipe": null,
        "pct_delta_felipe": null,
        "candidacy_status_felipe": "nao_concorreu_fim",
        "cargo_diferente_felipe": null,
        "votos_psd_inicio": 214,
        "votos_psd_fim": 84,
        "delta_psd": -130,
        "pct_delta_psd": -60.75,
        "candidacy_status_psd": "concorreu",
        "cargo_diferente_psd": false,
        "map_delta": null,
        "map_abs_delta": null
      },
      "geometry": {
        "type": "Point",
        "coordinates": [
          -43.1086717,
          -22.9043592
        ]
      }
    },
    {
      "type": "Feature",
      "properties": {
        "pair": "2020-2024",
        "ano_inicio": 2020,
        "ano_fim": 2024,
        "nr_local": "1716",
        "nm_local": "ESCOLA VIVINFÂNCIA",
        "bairro": "ICARAÍ",
        "local_status": "both",
        "secoes_inicio": 3,
        "secoes_fim": 4,
        "secoes_comuns": 3,
        "secoes_adicionadas": 1,
        "secoes_removidas": 0,
        "secoes_movidas_in": 0,
        "secoes_movidas_out": 0,
        "secao_churn": 0.25,
        "tipo_inicio": "Municipal",
        "tipo_fim": "Municipal",
        "tipo_par": "Municipal -> Municipal",
        "votos_hugo_inicio": null,
        "votos_hugo_fim": null,
        "delta_hugo": null,
        "pct_delta_hugo": null,
        "candidacy_status_hugo": "nao_concorreu",
        "cargo_diferente_hugo": null,
        "votos_felipe_inicio": null,
        "votos_felipe_fim": null,
        "delta_felipe": null,
        "pct_delta_felipe": null,
        "candidacy_status_felipe": "nao_concorreu_fim",
        "cargo_diferente_felipe": null,
        "votos_psd_inicio": 74,
        "votos_psd_fim": 22,
        "delta_psd": -52,
        "pct_delta_psd": -70.27,
        "candidacy_status_psd": "concorreu",
        "cargo_diferente_psd": false,
        "map_delta": null,
        "map_abs_delta": null
      },
      "geometry": {
        "type": "Point",
        "coordinates": [
          -43.1056898,
          -22.9079727
        ]
      }
    },
    {
      "type": "Feature",
      "properties": {
        "pair": "2020-2024",
        "ano_inicio": 2020,
        "ano_fim": 2024,
        "nr_local": "1724",
        "nm_local": "AABB",
        "bairro": "SÃO FRANCISCO",
        "local_status": "both",
        "secoes_inicio": 8,
        "secoes_fim": 8,
        "secoes_comuns": 8,
        "secoes_adicionadas": 0,
        "secoes_removidas": 0,
        "secoes_movidas_in": 0,
        "secoes_movidas_out": 0,
        "secao_churn": 0,
        "tipo_inicio": "Municipal",
        "tipo_fim": "Municipal",
        "tipo_par": "Municipal -> Municipal",
        "votos_hugo_inicio": null,
        "votos_hugo_fim": null,
        "delta_hugo": null,
        "pct_delta_hugo": null,
        "candidacy_status_hugo": "nao_concorreu",
        "cargo_diferente_hugo": null,
        "votos_felipe_inicio": null,
        "votos_felipe_fim": null,
        "delta_felipe": null,
        "pct_delta_felipe": null,
        "candidacy_status_felipe": "nao_concorreu_fim",
        "cargo_diferente_felipe": null,
        "votos_psd_inicio": 175,
        "votos_psd_fim": 187,
        "delta_psd": 12,
        "pct_delta_psd": 6.86,
        "candidacy_status_psd": "concorreu",
        "cargo_diferente_psd": false,
        "map_delta": null,
        "map_abs_delta": null
      },
      "geometry": {
        "type": "Point",
        "coordinates": [
          -43.0826083,
          -22.9172823
        ]
      }
    },
    {
      "type": "Feature",
      "properties": {
        "pair": "2020-2024",
        "ano_inicio": 2020,
        "ano_fim": 2024,
        "nr_local": "1732",
        "nm_local": "CLUBE NAVAL",
        "bairro": "JURUJUBA",
        "local_status": "both",
        "secoes_inicio": 20,
        "secoes_fim": 20,
        "secoes_comuns": 20,
        "secoes_adicionadas": 0,
        "secoes_removidas": 0,
        "secoes_movidas_in": 0,
        "secoes_movidas_out": 0,
        "secao_churn": 0,
        "tipo_inicio": "Municipal",
        "tipo_fim": "Municipal",
        "tipo_par": "Municipal -> Municipal",
        "votos_hugo_inicio": null,
        "votos_hugo_fim": null,
        "delta_hugo": null,
        "pct_delta_hugo": null,
        "candidacy_status_hugo": "nao_concorreu",
        "cargo_diferente_hugo": null,
        "votos_felipe_inicio": null,
        "votos_felipe_fim": null,
        "delta_felipe": null,
        "pct_delta_felipe": null,
        "candidacy_status_felipe": "nao_concorreu_fim",
        "cargo_diferente_felipe": null,
        "votos_psd_inicio": 288,
        "votos_psd_fim": 377,
        "delta_psd": 89,
        "pct_delta_psd": 30.9,
        "candidacy_status_psd": "concorreu",
        "cargo_diferente_psd": false,
        "map_delta": null,
        "map_abs_delta": null
      },
      "geometry": {
        "type": "Point",
        "coordinates": [
          -43.1068139,
          -22.935737
        ]
      }
    },
    {
      "type": "Feature",
      "properties": {
        "pair": "2020-2024",
        "ano_inicio": 2020,
        "ano_fim": 2024,
        "nr_local": "1740",
        "nm_local": "ESCOLA MUNICIPAL PROFESSORA ELVIRA LÚCIA ESTEVES DE VASCONCELOS",
        "bairro": "ICARAÍ",
        "local_status": "both",
        "secoes_inicio": 9,
        "secoes_fim": 9,
        "secoes_comuns": 9,
        "secoes_adicionadas": 0,
        "secoes_removidas": 0,
        "secoes_movidas_in": 0,
        "secoes_movidas_out": 0,
        "secao_churn": 0,
        "tipo_inicio": "Municipal",
        "tipo_fim": "Municipal",
        "tipo_par": "Municipal -> Municipal",
        "votos_hugo_inicio": null,
        "votos_hugo_fim": null,
        "delta_hugo": null,
        "pct_delta_hugo": null,
        "candidacy_status_hugo": "nao_concorreu",
        "cargo_diferente_hugo": null,
        "votos_felipe_inicio": null,
        "votos_felipe_fim": null,
        "delta_felipe": null,
        "pct_delta_felipe": null,
        "candidacy_status_felipe": "nao_concorreu_fim",
        "cargo_diferente_felipe": null,
        "votos_psd_inicio": 174,
        "votos_psd_fim": 71,
        "delta_psd": -103,
        "pct_delta_psd": -59.2,
        "candidacy_status_psd": "concorreu",
        "cargo_diferente_psd": false,
        "map_delta": null,
        "map_abs_delta": null
      },
      "geometry": {
        "type": "Point",
        "coordinates": [
          -43.1073245,
          -22.9111671
        ]
      }
    },
    {
      "type": "Feature",
      "properties": {
        "pair": "2020-2024",
        "ano_inicio": 2020,
        "ano_fim": 2024,
        "nr_local": "1759",
        "nm_local": "COLÉGIO MV1",
        "bairro": "ICARAÍ",
        "local_status": "both",
        "secoes_inicio": 17,
        "secoes_fim": 18,
        "secoes_comuns": 17,
        "secoes_adicionadas": 1,
        "secoes_removidas": 0,
        "secoes_movidas_in": 0,
        "secoes_movidas_out": 0,
        "secao_churn": 0.0556,
        "tipo_inicio": "Municipal",
        "tipo_fim": "Municipal",
        "tipo_par": "Municipal -> Municipal",
        "votos_hugo_inicio": null,
        "votos_hugo_fim": null,
        "delta_hugo": null,
        "pct_delta_hugo": null,
        "candidacy_status_hugo": "nao_concorreu",
        "cargo_diferente_hugo": null,
        "votos_felipe_inicio": null,
        "votos_felipe_fim": null,
        "delta_felipe": null,
        "pct_delta_felipe": null,
        "candidacy_status_felipe": "nao_concorreu_fim",
        "cargo_diferente_felipe": null,
        "votos_psd_inicio": 312,
        "votos_psd_fim": 135,
        "delta_psd": -177,
        "pct_delta_psd": -56.73,
        "candidacy_status_psd": "concorreu",
        "cargo_diferente_psd": false,
        "map_delta": null,
        "map_abs_delta": null
      },
      "geometry": {
        "type": "Point",
        "coordinates": [
          -43.1058651,
          -22.9079111
        ]
      }
    },
    {
      "type": "Feature",
      "properties": {
        "pair": "2020-2024",
        "ano_inicio": 2020,
        "ano_fim": 2024,
        "nr_local": "1767",
        "nm_local": "COLÉGIO ASSUNÇÃO",
        "bairro": "SÃO FRANCISCO",
        "local_status": "both",
        "secoes_inicio": 15,
        "secoes_fim": 15,
        "secoes_comuns": 15,
        "secoes_adicionadas": 0,
        "secoes_removidas": 0,
        "secoes_movidas_in": 0,
        "secoes_movidas_out": 0,
        "secao_churn": 0,
        "tipo_inicio": "Municipal",
        "tipo_fim": "Municipal",
        "tipo_par": "Municipal -> Municipal",
        "votos_hugo_inicio": null,
        "votos_hugo_fim": null,
        "delta_hugo": null,
        "pct_delta_hugo": null,
        "candidacy_status_hugo": "nao_concorreu",
        "cargo_diferente_hugo": null,
        "votos_felipe_inicio": null,
        "votos_felipe_fim": null,
        "delta_felipe": null,
        "pct_delta_felipe": null,
        "candidacy_status_felipe": "nao_concorreu_fim",
        "cargo_diferente_felipe": null,
        "votos_psd_inicio": 317,
        "votos_psd_fim": 237,
        "delta_psd": -80,
        "pct_delta_psd": -25.24,
        "candidacy_status_psd": "concorreu",
        "cargo_diferente_psd": false,
        "map_delta": null,
        "map_abs_delta": null
      },
      "geometry": {
        "type": "Point",
        "coordinates": [
          -43.0926525,
          -22.9208239
        ]
      }
    },
    {
      "type": "Feature",
      "properties": {
        "pair": "2020-2024",
        "ano_inicio": 2020,
        "ano_fim": 2024,
        "nr_local": "1775",
        "nm_local": "ESCOLA ESTADUAL CIZÍNIO SOARES PINTO",
        "bairro": "SÃO FRANCISCO",
        "local_status": "both",
        "secoes_inicio": 7,
        "secoes_fim": 7,
        "secoes_comuns": 7,
        "secoes_adicionadas": 0,
        "secoes_removidas": 0,
        "secoes_movidas_in": 0,
        "secoes_movidas_out": 0,
        "secao_churn": 0,
        "tipo_inicio": "Municipal",
        "tipo_fim": "Municipal",
        "tipo_par": "Municipal -> Municipal",
        "votos_hugo_inicio": null,
        "votos_hugo_fim": null,
        "delta_hugo": null,
        "pct_delta_hugo": null,
        "candidacy_status_hugo": "nao_concorreu",
        "cargo_diferente_hugo": null,
        "votos_felipe_inicio": null,
        "votos_felipe_fim": null,
        "delta_felipe": null,
        "pct_delta_felipe": null,
        "candidacy_status_felipe": "nao_concorreu_fim",
        "cargo_diferente_felipe": null,
        "votos_psd_inicio": 177,
        "votos_psd_fim": 145,
        "delta_psd": -32,
        "pct_delta_psd": -18.08,
        "candidacy_status_psd": "concorreu",
        "cargo_diferente_psd": false,
        "map_delta": null,
        "map_abs_delta": null
      },
      "geometry": {
        "type": "Point",
        "coordinates": [
          -43.093934,
          -22.9147594
        ]
      }
    },
    {
      "type": "Feature",
      "properties": {
        "pair": "2020-2024",
        "ano_inicio": 2020,
        "ano_fim": 2024,
        "nr_local": "1783",
        "nm_local": "SOCIEDADE BRASILEIRA DE CULTURA INGLESA",
        "bairro": "ICARAÍ",
        "local_status": "both",
        "secoes_inicio": 4,
        "secoes_fim": 4,
        "secoes_comuns": 4,
        "secoes_adicionadas": 0,
        "secoes_removidas": 0,
        "secoes_movidas_in": 0,
        "secoes_movidas_out": 0,
        "secao_churn": 0,
        "tipo_inicio": "Municipal",
        "tipo_fim": "Municipal",
        "tipo_par": "Municipal -> Municipal",
        "votos_hugo_inicio": null,
        "votos_hugo_fim": null,
        "delta_hugo": null,
        "pct_delta_hugo": null,
        "candidacy_status_hugo": "nao_concorreu",
        "cargo_diferente_hugo": null,
        "votos_felipe_inicio": null,
        "votos_felipe_fim": null,
        "delta_felipe": null,
        "pct_delta_felipe": null,
        "candidacy_status_felipe": "nao_concorreu_fim",
        "cargo_diferente_felipe": null,
        "votos_psd_inicio": 87,
        "votos_psd_fim": 36,
        "delta_psd": -51,
        "pct_delta_psd": -58.62,
        "candidacy_status_psd": "concorreu",
        "cargo_diferente_psd": false,
        "map_delta": null,
        "map_abs_delta": null
      },
      "geometry": {
        "type": "Point",
        "coordinates": [
          -43.1111859,
          -22.9075527
        ]
      }
    }
  ]
}