ano,NR_ZONA,NR_SECAO,NR_TURNO,QT_VOTOS,label,NR_LOCAL_VOTACAO,NM_LOCAL_VOTACAO,DS_LOCAL_VOTACAO_ENDERECO
2010,113,1,1,10,FELIPE PEIXOTO,1031,,
2010,113,10,1,8,FELIPE PEIXOTO,1031,,
2010,113,100,1,16,FELIPE PEIXOTO,1236,,
2010,113,101,1,13,FELIPE PEIXOTO,1309,,
2010,113,102,1,8,FELIPE PEIXOTO,1236,,
2010,113,103,1,4,FELIPE PEIXOTO,1163,,
2010,113,104,1,3,FELIPE PEIXOTO,1082,,
2010,113,106,1,25,FELIPE PEIXOTO,1023,,
2010,113,107,1,11,FELIPE PEIXOTO,1384,,
2010,113,108,1,10,FELIPE PEIXOTO,1082,,
2010,113,109,1,22,FELIPE PEIXOTO,1295,,
2010,113,11,1,10,FELIPE PEIXOTO,1082,,
2010,113,110,1,9,FELIPE PEIXOTO,1325,,
2010,113,111,1,9,FELIPE PEIXOTO,1120,,
2010,113,112,1,4,FELIPE PEIXOTO,1201,,
2010,113,113,1,11,FELIPE PEIXOTO,1171,,
2010,113,114,1,9,FELIPE PEIXOTO,1139,,
2010,113,115,1,14,FELIPE PEIXOTO,1384,,
2010,113,116,1,11,FELIPE PEIXOTO,1384,,
2010,113,117,1,7,FELIPE PEIXOTO,1325,,
2010,113,118,1,6,FELIPE PEIXOTO,1120,,
2010,113,119,1,12,FELIPE PEIXOTO,1376,,
2010,113,12,1,1,FELIPE PEIXOTO,1163,,
2010,113,120,1,6,FELIPE PEIXOTO,1171,,
2010,113,121,1,11,FELIPE PEIXOTO,1295,,
2010,113,122,1,15,FELIPE PEIXOTO,1309,,
2010,113,123,1,5,FELIPE PEIXOTO,1120,,
2010,113,13,1,19,FELIPE PEIXOTO,1163,,
2010,113,14,1,9,FELIPE PEIXOTO,1171,,
2010,113,15,1,8,FELIPE PEIXOTO,1171,,
2010,113,16,1,5,FELIPE PEIXOTO,1171,,
2010,113,17,1,8,FELIPE PEIXOTO,1082,,
2010,113,18,1,6,FELIPE PEIXOTO,1082,,
2010,113,19,1,6,FELIPE PEIXOTO,1082,,
2010,113,2,1,17,FELIPE PEIXOTO,1023,,
2010,113,20,1,6,FELIPE PEIXOTO,1082,,
2010,113,21,1,13,FELIPE PEIXOTO,1082,,
2010,113,22,1,5,FELIPE PEIXOTO,1082,,
2010,113,23,1,8,FELIPE PEIXOTO,1082,,
2010,113,24,1,13,FELIPE PEIXOTO,1163,,
2010,113,25,1,9,FELIPE PEIXOTO,1031,,
2010,113,26,1,8,FELIPE PEIXOTO,1031,,
2010,113,27,1,11,FELIPE PEIXOTO,1120,,
2010,113,28,1,8,FELIPE PEIXOTO,1139,,
2010,113,29,1,8,FELIPE PEIXOTO,1139,,
2010,113,3,1,17,FELIPE PEIXOTO,1023,,
2010,113,30,1,6,FELIPE PEIXOTO,1139,,
2010,113,31,1,12,FELIPE PEIXOTO,1139,,
2010,113,32,1,14,FELIPE PEIXOTO,1139,,
2010,113,33,1,12,FELIPE PEIXOTO,1139,,
2010,113,34,1,4,FELIPE PEIXOTO,1031,,
2010,113,35,1,8,FELIPE PEIXOTO,1384,,
2010,113,36,1,6,FELIPE PEIXOTO,1163,,
2010,113,37,1,8,FELIPE PEIXOTO,1163,,
2010,113,38,1,9,FELIPE PEIXOTO,1163,,
2010,113,39,1,7,FELIPE PEIXOTO,1171,,
2010,113,4,1,19,FELIPE PEIXOTO,1023,,
2010,113,40,1,3,FELIPE PEIXOTO,1171,,
2010,113,41,1,4,FELIPE PEIXOTO,1171,,
2010,113,42,1,7,FELIPE PEIXOTO,1171,,
2010,113,43,1,7,FELIPE PEIXOTO,1163,,
2010,113,44,1,6,FELIPE PEIXOTO,1163,,
2010,113,45,1,9,FELIPE PEIXOTO,1236,,
2010,113,46,1,26,FELIPE PEIXOTO,1201,,
2010,113,47,1,10,FELIPE PEIXOTO,1236,,
2010,113,48,1,13,FELIPE PEIXOTO,1236,,
2010,113,49,1,8,FELIPE PEIXOTO,1031,,
2010,113,5,1,8,FELIPE PEIXOTO,1031,,
2010,113,50,1,10,FELIPE PEIXOTO,1236,,
2010,113,51,1,9,FELIPE PEIXOTO,1236,,
2010,113,52,1,9,FELIPE PEIXOTO,1236,,
2010,113,53,1,11,FELIPE PEIXOTO,1236,,
2010,113,54,1,16,FELIPE PEIXOTO,1236,,
2010,113,55,1,10,FELIPE PEIXOTO,1236,,
2010,113,56,1,11,FELIPE PEIXOTO,1236,,
2010,113,57,1,12,FELIPE PEIXOTO,1384,,
2010,113,58,1,16,FELIPE PEIXOTO,1384,,
2010,113,59,1,11,FELIPE PEIXOTO,1384,,
2010,113,6,1,5,FELIPE PEIXOTO,1031,,
2010,113,60,1,10,FELIPE PEIXOTO,1384,,
2010,113,61,1,12,FELIPE PEIXOTO,1163,,
2010,113,62,1,5,FELIPE PEIXOTO,1031,,
2010,113,63,1,16,FELIPE PEIXOTO,1295,,
2010,113,64,1,17,FELIPE PEIXOTO,1295,,
2010,113,65,1,16,FELIPE PEIXOTO,1295,,
2010,113,66,1,13,FELIPE PEIXOTO,1309,,
2010,113,67,1,17,FELIPE PEIXOTO,1309,,
2010,113,68,1,10,FELIPE PEIXOTO,1309,,
2010,113,69,1,14,FELIPE PEIXOTO,1309,,
2010,113,7,1,7,FELIPE PEIXOTO,1031,,
2010,113,70,1,14,FELIPE PEIXOTO,1309,,
2010,113,71,1,18,FELIPE PEIXOTO,1325,,
2010,113,72,1,16,FELIPE PEIXOTO,1325,,
2010,113,73,1,15,FELIPE PEIXOTO,1325,,
2010,113,74,1,9,FELIPE PEIXOTO,1082,,
2010,113,75,1,12,FELIPE PEIXOTO,1082,,
2010,113,76,1,8,FELIPE PEIXOTO,1350,,
2010,113,77,1,8,FELIPE PEIXOTO,1350,,
2010,113,78,1,10,FELIPE PEIXOTO,1376,,
2010,113,79,1,9,FELIPE PEIXOTO,1376,,
2010,113,8,1,9,FELIPE PEIXOTO,1031,,
2010,113,80,1,14,FELIPE PEIXOTO,1376,,
2010,113,81,1,5,FELIPE PEIXOTO,1376,,
2010,113,82,1,15,FELIPE PEIXOTO,1376,,
2010,113,83,1,12,FELIPE PEIXOTO,1376,,
2010,113,84,1,11,FELIPE PEIXOTO,1376,,
2010,113,85,1,6,FELIPE PEIXOTO,1376,,
2010,113,86,1,10,FELIPE PEIXOTO,1376,,
2010,113,87,1,7,FELIPE PEIXOTO,1171,,
2010,113,88,1,12,FELIPE PEIXOTO,1295,,
2010,113,89,1,13,FELIPE PEIXOTO,1031,,
2010,113,9,1,12,FELIPE PEIXOTO,1031,,
2010,113,90,1,7,FELIPE PEIXOTO,1031,,
2010,113,91,1,12,FELIPE PEIXOTO,1171,,
2010,113,92,1,12,FELIPE PEIXOTO,1163,,
2010,113,93,1,12,FELIPE PEIXOTO,1139,,
2010,113,94,1,15,FELIPE PEIXOTO,1350,,
2010,113,95,1,11,FELIPE PEIXOTO,1120,,
2010,113,96,1,9,FELIPE PEIXOTO,1325,,
2010,113,97,1,9,FELIPE PEIXOTO,1082,,
2010,113,98,1,9,FELIPE PEIXOTO,1309,,
2010,113,99,1,7,FELIPE PEIXOTO,1171,,
2010,114,1,1,18,FELIPE PEIXOTO,1090,,
2010,114,10,1,30,FELIPE PEIXOTO,1082,,
2010,114,106,1,33,FELIPE PEIXOTO,1538,,
2010,114,107,1,27,FELIPE PEIXOTO,1538,,
2010,114,108,1,20,FELIPE PEIXOTO,1546,,
2010,114,109,1,28,FELIPE PEIXOTO,1546,,
2010,114,117,1,30,FELIPE PEIXOTO,1597,,
2010,114,118,1,25,FELIPE PEIXOTO,1597,,
2010,114,119,1,17,FELIPE PEIXOTO,1597,,
2010,114,12,1,20,FELIPE PEIXOTO,1090,,
2010,114,120,1,23,FELIPE PEIXOTO,1597,,
2010,114,121,1,14,FELIPE PEIXOTO,1597,,
2010,114,122,1,28,FELIPE PEIXOTO,1600,,
2010,114,123,1,31,FELIPE PEIXOTO,1600,,
2010,114,124,1,28,FELIPE PEIXOTO,1600,,
2010,114,125,1,30,FELIPE PEIXOTO,1600,,
2010,114,126,1,22,FELIPE PEIXOTO,1600,,
2010,114,127,1,39,FELIPE PEIXOTO,1082,,
2010,114,128,1,12,FELIPE PEIXOTO,1635,,
2010,114,129,1,19,FELIPE PEIXOTO,1635,,
2010,114,13,1,21,FELIPE PEIXOTO,1090,,
2010,114,130,1,19,FELIPE PEIXOTO,1635,,
2010,114,131,1,23,FELIPE PEIXOTO,1635,,
2010,114,132,1,22,FELIPE PEIXOTO,1635,,
2010,114,133,1,29,FELIPE PEIXOTO,1635,,
2010,114,134,1,21,FELIPE PEIXOTO,1635,,
2010,114,135,1,22,FELIPE PEIXOTO,1643,,
2010,114,136,1,19,FELIPE PEIXOTO,1643,,
2010,114,137,1,22,FELIPE PEIXOTO,1643,,
2010,114,138,1,15,FELIPE PEIXOTO,1660,,
2010,114,139,1,29,FELIPE PEIXOTO,1660,,
2010,114,14,1,13,FELIPE PEIXOTO,1090,,
2010,114,148,1,17,FELIPE PEIXOTO,1716,,
2010,114,149,1,21,FELIPE PEIXOTO,1716,,
2010,114,15,1,14,FELIPE PEIXOTO,1090,,
2010,114,150,1,28,FELIPE PEIXOTO,1716,,
2010,114,151,1,21,FELIPE PEIXOTO,1716,,
2010,114,152,1,15,FELIPE PEIXOTO,1732,,
2010,114,153,1,18,FELIPE PEIXOTO,1732,,
2010,114,154,1,9,FELIPE PEIXOTO,1732,,
2010,114,181,1,25,FELIPE PEIXOTO,1333,,
2010,114,186,1,17,FELIPE PEIXOTO,1090,,
2010,114,189,1,27,FELIPE PEIXOTO,1279,,
2010,114,199,1,33,FELIPE PEIXOTO,1333,,
2010,114,2,1,9,FELIPE PEIXOTO,1090,,
2010,114,200,1,13,FELIPE PEIXOTO,1090,,
2010,114,202,1,25,FELIPE PEIXOTO,1600,,
2010,114,203,1,29,FELIPE PEIXOTO,1635,,
2010,114,209,1,12,FELIPE PEIXOTO,1090,,
2010,114,210,1,32,FELIPE PEIXOTO,1597,,
2010,114,211,1,23,FELIPE PEIXOTO,1333,,
2010,114,217,1,25,FELIPE PEIXOTO,1635,,
2010,114,219,1,30,FELIPE PEIXOTO,1082,,
2010,114,225,1,25,FELIPE PEIXOTO,1546,,
2010,114,232,1,22,FELIPE PEIXOTO,1643,,
2010,114,235,1,15,FELIPE PEIXOTO,1082,,
2010,114,241,1,20,FELIPE PEIXOTO,1716,,
2010,114,246,1,21,FELIPE PEIXOTO,1635,,
2010,114,248,1,29,FELIPE PEIXOTO,1643,,
2010,114,249,1,15,FELIPE PEIXOTO,1090,,
2010,114,251,1,30,FELIPE PEIXOTO,1538,,
2010,114,254,1,24,FELIPE PEIXOTO,1643,,
2010,114,255,1,30,FELIPE PEIXOTO,1333,,
2010,114,256,1,43,FELIPE PEIXOTO,1600,,
2010,114,259,1,31,FELIPE PEIXOTO,1635,,
2010,114,26,1,24,FELIPE PEIXOTO,1333,,
2010,114,267,1,17,FELIPE PEIXOTO,1546,,
2010,114,268,1,24,FELIPE PEIXOTO,1279,,
2010,114,269,1,26,FELIPE PEIXOTO,1600,,
2010,114,270,1,27,FELIPE PEIXOTO,1716,,
2010,114,271,1,17,FELIPE PEIXOTO,1635,,
2010,114,272,1,18,FELIPE PEIXOTO,1090,,
2010,114,273,1,15,FELIPE PEIXOTO,1546,,
2010,114,3,1,21,FELIPE PEIXOTO,1082,,
2010,114,48,1,20,FELIPE PEIXOTO,1279,,
2010,114,49,1,22,FELIPE PEIXOTO,1279,,
2010,114,5,1,18,FELIPE PEIXOTO,1090,,
2010,114,50,1,23,FELIPE PEIXOTO,1279,,
2010,114,6,1,12,FELIPE PEIXOTO,1090,,
2010,114,65,1,29,FELIPE PEIXOTO,1333,,
2010,114,66,1,26,FELIPE PEIXOTO,1333,,
2010,114,67,1,17,FELIPE PEIXOTO,1333,,
2010,114,68,1,19,FELIPE PEIXOTO,1333,,
2010,114,69,1,29,FELIPE PEIXOTO,1333,,
2010,114,7,1,22,FELIPE PEIXOTO,1090,,
2010,114,70,1,15,FELIPE PEIXOTO,1333,,
2010,114,71,1,26,FELIPE PEIXOTO,1333,,
2010,114,72,1,21,FELIPE PEIXOTO,1333,,
2010,114,8,1,16,FELIPE PEIXOTO,1082,,
2010,114,87,1,18,FELIPE PEIXOTO,1333,,
2010,114,88,1,16,FELIPE PEIXOTO,1333,,
2010,115,100,1,10,FELIPE PEIXOTO,1414,,
2010,115,101,1,10,FELIPE PEIXOTO,1414,,
2010,115,102,1,13,FELIPE PEIXOTO,1457,,
2010,115,103,1,8,FELIPE PEIXOTO,1457,,
2010,115,104,1,10,FELIPE PEIXOTO,1457,,
2010,115,105,1,13,FELIPE PEIXOTO,1457,,
2010,115,106,1,10,FELIPE PEIXOTO,1457,,
2010,115,107,1,15,FELIPE PEIXOTO,1589,,
2010,115,108,1,15,FELIPE PEIXOTO,1589,,
2010,115,109,1,11,FELIPE PEIXOTO,1589,,
2010,115,110,1,12,FELIPE PEIXOTO,1589,,
2010,115,111,1,6,FELIPE PEIXOTO,1465,,
2010,115,112,1,9,FELIPE PEIXOTO,1465,,
2010,115,113,1,5,FELIPE PEIXOTO,1465,,
2010,115,114,1,7,FELIPE PEIXOTO,1465,,
2010,115,115,1,10,FELIPE PEIXOTO,1473,,
2010,115,116,1,7,FELIPE PEIXOTO,1473,,
2010,115,117,1,7,FELIPE PEIXOTO,1473,,
2010,115,118,1,7,FELIPE PEIXOTO,1473,,
2010,115,119,1,6,FELIPE PEIXOTO,1473,,
2010,115,120,1,4,FELIPE PEIXOTO,1473,,
2010,115,121,1,11,FELIPE PEIXOTO,1473,,
2010,115,122,1,12,FELIPE PEIXOTO,1481,,
2010,115,123,1,6,FELIPE PEIXOTO,1481,,
2010,115,124,1,10,FELIPE PEIXOTO,1481,,
2010,115,125,1,8,FELIPE PEIXOTO,1481,,
2010,115,126,1,15,FELIPE PEIXOTO,1481,,
2010,115,127,1,6,FELIPE PEIXOTO,1481,,
2010,115,128,1,6,FELIPE PEIXOTO,1490,,
2010,115,129,1,5,FELIPE PEIXOTO,1490,,
2010,115,130,1,13,FELIPE PEIXOTO,1503,,
2010,115,131,1,11,FELIPE PEIXOTO,1503,,
2010,115,132,1,12,FELIPE PEIXOTO,1503,,
2010,115,133,1,3,FELIPE PEIXOTO,1554,,
2010,115,134,1,15,FELIPE PEIXOTO,1520,,
2010,115,135,1,12,FELIPE PEIXOTO,1520,,
2010,115,136,1,10,FELIPE PEIXOTO,1538,,
2010,115,137,1,12,FELIPE PEIXOTO,1538,,
2010,115,138,1,10,FELIPE PEIXOTO,1457,,
2010,115,139,1,6,FELIPE PEIXOTO,1554,,
2010,115,140,1,7,FELIPE PEIXOTO,1554,,
2010,115,141,1,6,FELIPE PEIXOTO,1554,,
2010,115,147,1,6,FELIPE PEIXOTO,1473,,
2010,115,148,1,4,FELIPE PEIXOTO,1554,,
2010,115,153,1,11,FELIPE PEIXOTO,1490,,
2010,115,155,1,8,FELIPE PEIXOTO,1589,,
2010,115,158,1,6,FELIPE PEIXOTO,1465,,
2010,115,159,1,16,FELIPE PEIXOTO,1481,,
2010,115,165,1,7,FELIPE PEIXOTO,1520,,
2010,115,167,1,7,FELIPE PEIXOTO,1538,,
2010,115,169,1,12,FELIPE PEIXOTO,1414,,
2010,115,171,1,11,FELIPE PEIXOTO,1457,,
2010,115,172,1,11,FELIPE PEIXOTO,1554,,
2010,115,173,1,12,FELIPE PEIXOTO,1406,,
2010,115,175,1,13,FELIPE PEIXOTO,1503,,
2010,115,179,1,12,FELIPE PEIXOTO,1414,,
2010,115,180,1,7,FELIPE PEIXOTO,1422,,
2010,115,182,1,3,FELIPE PEIXOTO,1473,,
2010,115,183,1,13,FELIPE PEIXOTO,1457,,
2010,115,185,1,14,FELIPE PEIXOTO,1481,,
2010,115,186,1,20,FELIPE PEIXOTO,1406,,
2010,115,192,1,16,FELIPE PEIXOTO,1457,,
2010,115,195,1,5,FELIPE PEIXOTO,1465,,
2010,115,196,1,9,FELIPE PEIXOTO,1414,,
2010,115,199,1,16,FELIPE PEIXOTO,1406,,
2010,115,200,1,9,FELIPE PEIXOTO,1473,,
2010,115,202,1,8,FELIPE PEIXOTO,1457,,
2010,115,205,1,9,FELIPE PEIXOTO,1481,,
2010,115,206,1,13,FELIPE PEIXOTO,1384,,
2010,115,209,1,18,FELIPE PEIXOTO,1406,,
2010,115,210,1,11,FELIPE PEIXOTO,1538,,
2010,115,211,1,6,FELIPE PEIXOTO,1465,,
2010,115,212,1,5,FELIPE PEIXOTO,1465,,
2010,115,213,1,11,FELIPE PEIXOTO,1406,,
2010,115,214,1,15,FELIPE PEIXOTO,1457,,
2010,115,215,1,17,FELIPE PEIXOTO,1503,,
2010,115,216,1,7,FELIPE PEIXOTO,1473,,
2010,115,217,1,9,FELIPE PEIXOTO,1384,,
2010,115,83,1,7,FELIPE PEIXOTO,1465,,
2010,115,84,1,18,FELIPE PEIXOTO,1384,,
2010,115,85,1,15,FELIPE PEIXOTO,1384,,
2010,115,86,1,9,FELIPE PEIXOTO,1554,,
2010,115,87,1,10,FELIPE PEIXOTO,1520,,
2010,115,88,1,11,FELIPE PEIXOTO,1406,,
2010,115,89,1,18,FELIPE PEIXOTO,1406,,
2010,115,90,1,20,FELIPE PEIXOTO,1406,,
2010,115,91,1,14,FELIPE PEIXOTO,1406,,
2010,115,92,1,18,FELIPE PEIXOTO,1406,,
2010,115,93,1,16,FELIPE PEIXOTO,1406,,
2010,115,94,1,9,FELIPE PEIXOTO,1414,,
2010,115,95,1,11,FELIPE PEIXOTO,1414,,
2010,115,96,1,7,FELIPE PEIXOTO,1422,,
2010,115,97,1,7,FELIPE PEIXOTO,1422,,
2010,115,98,1,3,FELIPE PEIXOTO,1422,,
2010,115,99,1,9,FELIPE PEIXOTO,1422,,
2010,140,1,1,26,FELIPE PEIXOTO,1015,,
2010,140,10,1,22,FELIPE PEIXOTO,1023,,
2010,140,11,1,35,FELIPE PEIXOTO,1031,,
2010,140,12,1,32,FELIPE PEIXOTO,1031,,
2010,140,13,1,28,FELIPE PEIXOTO,1031,,
2010,140,14,1,32,FELIPE PEIXOTO,1040,,
2010,140,15,1,26,FELIPE PEIXOTO,1040,,
2010,140,16,1,26,FELIPE PEIXOTO,1082,,
2010,140,17,1,21,FELIPE PEIXOTO,1082,,
2010,140,18,1,38,FELIPE PEIXOTO,1066,,
2010,140,19,1,32,FELIPE PEIXOTO,1066,,
2010,140,2,1,28,FELIPE PEIXOTO,1015,,
2010,140,20,1,31,FELIPE PEIXOTO,1074,,
2010,140,21,1,33,FELIPE PEIXOTO,1074,,
2010,140,22,1,27,FELIPE PEIXOTO,1074,,
2010,140,23,1,31,FELIPE PEIXOTO,1074,,
2010,140,24,1,23,FELIPE PEIXOTO,1082,,
2010,140,25,1,20,FELIPE PEIXOTO,1082,,
2010,140,26,1,30,FELIPE PEIXOTO,1082,,
2010,140,27,1,30,FELIPE PEIXOTO,1082,,
2010,140,28,1,28,FELIPE PEIXOTO,1082,,
2010,140,29,1,19,FELIPE PEIXOTO,1090,,
2010,140,3,1,33,FELIPE PEIXOTO,1015,,
2010,140,30,1,29,FELIPE PEIXOTO,1090,,
2010,140,31,1,32,FELIPE PEIXOTO,1090,,
2010,140,32,1,32,FELIPE PEIXOTO,1090,,
2010,140,33,1,37,FELIPE PEIXOTO,1090,,
2010,140,34,1,12,FELIPE PEIXOTO,1104,,
2010,140,35,1,29,FELIPE PEIXOTO,1104,,
2010,140,36,1,35,FELIPE PEIXOTO,1104,,
2010,140,37,1,21,FELIPE PEIXOTO,1155,,
2010,140,38,1,16,FELIPE PEIXOTO,1155,,
2010,140,39,1,27,FELIPE PEIXOTO,1155,,
2010,140,4,1,44,FELIPE PEIXOTO,1015,,
2010,140,40,1,22,FELIPE PEIXOTO,1120,,
2010,140,41,1,29,FELIPE PEIXOTO,1120,,
2010,140,42,1,27,FELIPE PEIXOTO,1120,,
2010,140,43,1,30,FELIPE PEIXOTO,1120,,
2010,140,44,1,25,FELIPE PEIXOTO,1120,,
2010,140,45,1,29,FELIPE PEIXOTO,1120,,
2010,140,46,1,30,FELIPE PEIXOTO,1120,,
2010,140,47,1,19,FELIPE PEIXOTO,1120,,
2010,140,48,1,25,FELIPE PEIXOTO,1120,,
2010,140,49,1,34,FELIPE PEIXOTO,1120,,
2010,140,5,1,20,FELIPE PEIXOTO,1023,,
2010,140,50,1,31,FELIPE PEIXOTO,1120,,
2010,140,51,1,24,FELIPE PEIXOTO,1120,,
2010,140,52,1,20,FELIPE PEIXOTO,1139,,
2010,140,53,1,20,FELIPE PEIXOTO,1139,,
2010,140,54,1,24,FELIPE PEIXOTO,1139,,
2010,140,55,1,15,FELIPE PEIXOTO,1139,,
2010,140,56,1,21,FELIPE PEIXOTO,1139,,
2010,140,57,1,22,FELIPE PEIXOTO,1139,,
2010,140,58,1,18,FELIPE PEIXOTO,1139,,
2010,140,59,1,14,FELIPE PEIXOTO,1139,,
2010,140,6,1,18,FELIPE PEIXOTO,1023,,
2010,140,60,1,18,FELIPE PEIXOTO,1139,,
2010,140,61,1,18,FELIPE PEIXOTO,1139,,
2010,140,62,1,29,FELIPE PEIXOTO,1139,,
2010,140,63,1,21,FELIPE PEIXOTO,1139,,
2010,140,64,1,16,FELIPE PEIXOTO,1139,,
2010,140,65,1,23,FELIPE PEIXOTO,1139,,
2010,140,66,1,34,FELIPE PEIXOTO,1139,,
2010,140,67,1,28,FELIPE PEIXOTO,1120,,
2010,140,68,1,24,FELIPE PEIXOTO,1120,,
2010,140,69,1,26,FELIPE PEIXOTO,1120,,
2010,140,7,1,25,FELIPE PEIXOTO,1023,,
2010,140,70,1,41,FELIPE PEIXOTO,1120,,
2010,140,71,1,42,FELIPE PEIXOTO,1120,,
2010,140,72,1,10,FELIPE PEIXOTO,1155,,
2010,140,73,1,27,FELIPE PEIXOTO,1155,,
2010,140,74,1,26,FELIPE PEIXOTO,1155,,
2010,140,75,1,25,FELIPE PEIXOTO,1155,,
2010,140,76,1,20,FELIPE PEIXOTO,1155,,
2010,140,77,1,33,FELIPE PEIXOTO,1163,,
2010,140,78,1,30,FELIPE PEIXOTO,1163,,
2010,140,79,1,40,FELIPE PEIXOTO,1163,,
2010,140,8,1,17,FELIPE PEIXOTO,1023,,
2010,140,80,1,25,FELIPE PEIXOTO,1155,,
2010,140,81,1,18,FELIPE PEIXOTO,1155,,
2010,140,82,1,20,FELIPE PEIXOTO,1155,,
2010,140,83,1,20,FELIPE PEIXOTO,1155,,
2010,140,84,1,19,FELIPE PEIXOTO,1155,,
2010,140,85,1,20,FELIPE PEIXOTO,1155,,
2010,140,86,1,17,FELIPE PEIXOTO,1155,,
2010,140,87,1,23,FELIPE PEIXOTO,1040,,
2010,140,88,1,30,FELIPE PEIXOTO,1082,,
2010,140,89,1,27,FELIPE PEIXOTO,1074,,
2010,140,9,1,28,FELIPE PEIXOTO,1023,,
2010,140,90,1,19,FELIPE PEIXOTO,1163,,
2010,142,1,1,22,FELIPE PEIXOTO,1015,,
2010,142,10,1,20,FELIPE PEIXOTO,1058,,
2010,142,100,1,18,FELIPE PEIXOTO,1201,,
2010,142,101,1,24,FELIPE PEIXOTO,1201,,
2010,142,102,1,26,FELIPE PEIXOTO,1201,,
2010,142,103,1,28,FELIPE PEIXOTO,1201,,
2010,142,104,1,36,FELIPE PEIXOTO,1201,,
2010,142,105,1,20,FELIPE PEIXOTO,1201,,
2010,142,106,1,37,FELIPE PEIXOTO,1201,,
2010,142,107,1,15,FELIPE PEIXOTO,1210,,
2010,142,108,1,21,FELIPE PEIXOTO,1210,,
2010,142,109,1,24,FELIPE PEIXOTO,1210,,
2010,142,11,1,22,FELIPE PEIXOTO,1058,,
2010,142,110,1,29,FELIPE PEIXOTO,1244,,
2010,142,111,1,20,FELIPE PEIXOTO,1244,,
2010,142,112,1,23,FELIPE PEIXOTO,1244,,
2010,142,113,1,28,FELIPE PEIXOTO,1244,,
2010,142,114,1,30,FELIPE PEIXOTO,1244,,
2010,142,115,1,28,FELIPE PEIXOTO,1210,,
2010,142,116,1,23,FELIPE PEIXOTO,1210,,
2010,142,117,1,32,FELIPE PEIXOTO,1210,,
2010,142,118,1,24,FELIPE PEIXOTO,1210,,
2010,142,119,1,14,FELIPE PEIXOTO,1244,,
2010,142,12,1,33,FELIPE PEIXOTO,1058,,
2010,142,120,1,25,FELIPE PEIXOTO,1244,,
2010,142,121,1,22,FELIPE PEIXOTO,1244,,
2010,142,122,1,20,FELIPE PEIXOTO,1244,,
2010,142,123,1,19,FELIPE PEIXOTO,1244,,
2010,142,124,1,18,FELIPE PEIXOTO,1244,,
2010,142,125,1,32,FELIPE PEIXOTO,1244,,
2010,142,126,1,24,FELIPE PEIXOTO,1252,,
2010,142,127,1,21,FELIPE PEIXOTO,1252,,
2010,142,128,1,29,FELIPE PEIXOTO,1252,,
2010,142,129,1,31,FELIPE PEIXOTO,1252,,
2010,142,13,1,32,FELIPE PEIXOTO,1058,,
2010,142,130,1,35,FELIPE PEIXOTO,1260,,
2010,142,131,1,28,FELIPE PEIXOTO,1260,,
2010,142,132,1,31,FELIPE PEIXOTO,1260,,
2010,142,133,1,29,FELIPE PEIXOTO,1260,,
2010,142,134,1,33,FELIPE PEIXOTO,1260,,
2010,142,135,1,23,FELIPE PEIXOTO,1260,,
2010,142,136,1,31,FELIPE PEIXOTO,1260,,
2010,142,137,1,25,FELIPE PEIXOTO,1252,,
2010,142,138,1,31,FELIPE PEIXOTO,1252,,
2010,142,139,1,31,FELIPE PEIXOTO,1252,,
2010,142,14,1,24,FELIPE PEIXOTO,1058,,
2010,142,140,1,39,FELIPE PEIXOTO,1090,,
2010,142,141,1,21,FELIPE PEIXOTO,1090,,
2010,142,142,1,18,FELIPE PEIXOTO,1180,,
2010,142,143,1,37,FELIPE PEIXOTO,1112,,
2010,142,144,1,33,FELIPE PEIXOTO,1244,,
2010,142,145,1,24,FELIPE PEIXOTO,1201,,
2010,142,146,1,8,FELIPE PEIXOTO,1031,,
2010,142,147,1,25,FELIPE PEIXOTO,1244,,
2010,142,148,1,31,FELIPE PEIXOTO,1244,,
2010,142,149,1,28,FELIPE PEIXOTO,1279,,
2010,142,15,1,24,FELIPE PEIXOTO,1058,,
2010,142,150,1,18,FELIPE PEIXOTO,1198,,
2010,142,151,1,7,FELIPE PEIXOTO,1279,,
2010,142,152,1,17,FELIPE PEIXOTO,1198,,
2010,142,153,1,31,FELIPE PEIXOTO,1279,,
2010,142,154,1,18,FELIPE PEIXOTO,1031,,
2010,142,155,1,22,FELIPE PEIXOTO,1112,,
2010,142,156,1,21,FELIPE PEIXOTO,1210,,
2010,142,16,1,24,FELIPE PEIXOTO,1058,,
2010,142,17,1,38,FELIPE PEIXOTO,1058,,
2010,142,18,1,29,FELIPE PEIXOTO,1058,,
2010,142,19,1,31,FELIPE PEIXOTO,1058,,
2010,142,2,1,26,FELIPE PEIXOTO,1015,,
2010,142,20,1,23,FELIPE PEIXOTO,1058,,
2010,142,3,1,19,FELIPE PEIXOTO,1058,,
2010,142,4,1,23,FELIPE PEIXOTO,1058,,
2010,142,5,1,33,FELIPE PEIXOTO,1031,,
2010,142,50,1,30,FELIPE PEIXOTO,1090,,
2010,142,51,1,36,FELIPE PEIXOTO,1090,,
2010,142,52,1,27,FELIPE PEIXOTO,1090,,
2010,142,53,1,41,FELIPE PEIXOTO,1090,,
2010,142,54,1,27,FELIPE PEIXOTO,1090,,
2010,142,55,1,29,FELIPE PEIXOTO,1090,,
2010,142,56,1,27,FELIPE PEIXOTO,1090,,
2010,142,57,1,31,FELIPE PEIXOTO,1090,,
2010,142,58,1,33,FELIPE PEIXOTO,1104,,
2010,142,59,1,33,FELIPE PEIXOTO,1104,,
2010,142,6,1,21,FELIPE PEIXOTO,1031,,
2010,142,60,1,39,FELIPE PEIXOTO,1104,,
2010,142,61,1,31,FELIPE PEIXOTO,1112,,
2010,142,62,1,23,FELIPE PEIXOTO,1112,,
2010,142,63,1,42,FELIPE PEIXOTO,1112,,
2010,142,64,1,44,FELIPE PEIXOTO,1112,,
2010,142,65,1,42,FELIPE PEIXOTO,1112,,
2010,142,71,1,20,FELIPE PEIXOTO,1015,,
2010,142,72,1,35,FELIPE PEIXOTO,1015,,
2010,142,73,1,27,FELIPE PEIXOTO,1058,,
2010,142,74,1,28,FELIPE PEIXOTO,1058,,
2010,142,88,1,24,FELIPE PEIXOTO,1180,,
2010,142,89,1,21,FELIPE PEIXOTO,1180,,
2010,142,90,1,24,FELIPE PEIXOTO,1180,,
2010,142,91,1,26,FELIPE PEIXOTO,1180,,
2010,142,92,1,15,FELIPE PEIXOTO,1180,,
2010,142,93,1,22,FELIPE PEIXOTO,1180,,
2010,142,94,1,25,FELIPE PEIXOTO,1180,,
2010,142,95,1,24,FELIPE PEIXOTO,1180,,
2010,142,96,1,27,FELIPE PEIXOTO,1198,,
2010,142,97,1,28,FELIPE PEIXOTO,1198,,
2010,142,98,1,19,FELIPE PEIXOTO,1198,,
2010,142,99,1,16,FELIPE PEIXOTO,1198,,
2010,143,1,1,13,FELIPE PEIXOTO,1066,,
2010,143,10,1,26,FELIPE PEIXOTO,1031,,
2010,143,11,1,23,FELIPE PEIXOTO,1031,,
2010,143,12,1,12,FELIPE PEIXOTO,1112,,
2010,143,14,1,22,FELIPE PEIXOTO,1112,,
2010,143,15,1,25,FELIPE PEIXOTO,1058,,
2010,143,16,1,24,FELIPE PEIXOTO,1058,,
2010,143,17,1,27,FELIPE PEIXOTO,1058,,
2010,143,18,1,17,FELIPE PEIXOTO,1066,,
2010,143,19,1,11,FELIPE PEIXOTO,1066,,
2010,143,2,1,12,FELIPE PEIXOTO,1066,,
2010,143,20,1,17,FELIPE PEIXOTO,1074,,
2010,143,21,1,22,FELIPE PEIXOTO,1074,,
2010,143,22,1,14,FELIPE PEIXOTO,1074,,
2010,143,23,1,30,FELIPE PEIXOTO,1074,,
2010,143,24,1,16,FELIPE PEIXOTO,1074,,
2010,143,25,1,22,FELIPE PEIXOTO,1074,,
2010,143,26,1,12,FELIPE PEIXOTO,1074,,
2010,143,27,1,25,FELIPE PEIXOTO,1074,,
2010,143,28,1,16,FELIPE PEIXOTO,1082,,
2010,143,29,1,12,FELIPE PEIXOTO,1082,,
2010,143,3,1,20,FELIPE PEIXOTO,1066,,
2010,143,30,1,17,FELIPE PEIXOTO,1082,,
2010,143,31,1,16,FELIPE PEIXOTO,1082,,
2010,143,32,1,13,FELIPE PEIXOTO,1198,,
2010,143,33,1,16,FELIPE PEIXOTO,1198,,
2010,143,34,1,19,FELIPE PEIXOTO,1198,,
2010,143,35,1,13,FELIPE PEIXOTO,1120,,
2010,143,36,1,8,FELIPE PEIXOTO,1147,,
2010,143,37,1,9,FELIPE PEIXOTO,1147,,
2010,143,38,1,9,FELIPE PEIXOTO,1147,,
2010,143,4,1,24,FELIPE PEIXOTO,1058,,
2010,143,40,1,16,FELIPE PEIXOTO,1112,,
2010,143,42,1,22,FELIPE PEIXOTO,1112,,
2010,143,44,1,6,FELIPE PEIXOTO,1120,,
2010,143,45,1,13,FELIPE PEIXOTO,1120,,
2010,143,46,1,2,FELIPE PEIXOTO,1120,,
2010,143,47,1,10,FELIPE PEIXOTO,1120,,
2010,143,48,1,8,FELIPE PEIXOTO,1120,,
2010,143,49,1,10,FELIPE PEIXOTO,1120,,
2010,143,5,1,35,FELIPE PEIXOTO,1058,,
2010,143,50,1,13,FELIPE PEIXOTO,1120,,
2010,143,51,1,1,FELIPE PEIXOTO,1120,,
2010,143,52,1,9,FELIPE PEIXOTO,1120,,
2010,143,53,1,17,FELIPE PEIXOTO,1120,,
2010,143,54,1,16,FELIPE PEIXOTO,1112,,
2010,143,56,1,14,FELIPE PEIXOTO,1112,,
2010,143,58,1,11,FELIPE PEIXOTO,1147,,
2010,143,59,1,12,FELIPE PEIXOTO,1147,,
2010,143,6,1,34,FELIPE PEIXOTO,1058,,
2010,143,60,1,14,FELIPE PEIXOTO,1147,,
2010,143,61,1,14,FELIPE PEIXOTO,1147,,
2010,143,62,1,14,FELIPE PEIXOTO,1147,,
2010,143,63,1,22,FELIPE PEIXOTO,1112,,
2010,143,65,1,18,FELIPE PEIXOTO,1163,,
2010,143,66,1,13,FELIPE PEIXOTO,1163,,
2010,143,67,1,15,FELIPE PEIXOTO,1163,,
2010,143,68,1,12,FELIPE PEIXOTO,1163,,
2010,143,69,1,14,FELIPE PEIXOTO,1163,,
2010,143,7,1,11,FELIPE PEIXOTO,1031,,
2010,143,70,1,17,FELIPE PEIXOTO,1163,,
2010,143,71,1,17,FELIPE PEIXOTO,1163,,
2010,143,72,1,15,FELIPE PEIXOTO,1163,,
2010,143,73,1,11,FELIPE PEIXOTO,1163,,
2010,143,74,1,12,FELIPE PEIXOTO,1163,,
2010,143,75,1,13,FELIPE PEIXOTO,1163,,
2010,143,76,1,8,FELIPE PEIXOTO,1163,,
2010,143,77,1,6,FELIPE PEIXOTO,1163,,
2010,143,78,1,13,FELIPE PEIXOTO,1120,,
2010,143,79,1,9,FELIPE PEIXOTO,1120,,
2010,143,8,1,17,FELIPE PEIXOTO,1031,,
2010,143,80,1,10,FELIPE PEIXOTO,1120,,
2010,143,81,1,21,FELIPE PEIXOTO,1180,,
2010,143,82,1,28,FELIPE PEIXOTO,1180,,
2010,143,83,1,25,FELIPE PEIXOTO,1180,,
2010,143,84,1,23,FELIPE PEIXOTO,1180,,
2010,143,85,1,18,FELIPE PEIXOTO,1180,,
2010,143,86,1,16,FELIPE PEIXOTO,1031,,
2010,143,87,1,20,FELIPE PEIXOTO,1074,,
2010,143,88,1,10,FELIPE PEIXOTO,1120,,
2010,143,89,1,18,FELIPE PEIXOTO,1082,,
2010,143,9,1,18,FELIPE PEIXOTO,1031,,
2010,143,90,1,21,FELIPE PEIXOTO,1112,,
2010,143,91,1,29,FELIPE PEIXOTO,1058,,
2010,143,92,1,12,FELIPE PEIXOTO,1198,,
2010,143,93,1,21,FELIPE PEIXOTO,1066,,
2010,143,94,1,11,FELIPE PEIXOTO,1031,,
2010,143,96,1,19,FELIPE PEIXOTO,1074,,
2010,144,1,1,9,FELIPE PEIXOTO,1171,,
2010,144,10,1,5,FELIPE PEIXOTO,1031,,
2010,144,100,1,8,FELIPE PEIXOTO,1236,,
2010,144,101,1,9,FELIPE PEIXOTO,1236,,
2010,144,102,1,10,FELIPE PEIXOTO,1236,,
2010,144,103,1,6,FELIPE PEIXOTO,1236,,
2010,144,104,1,18,FELIPE PEIXOTO,1236,,
2010,144,105,1,8,FELIPE PEIXOTO,1317,,
2010,144,106,1,7,FELIPE PEIXOTO,1317,,
2010,144,107,1,7,FELIPE PEIXOTO,1350,,
2010,144,108,1,12,FELIPE PEIXOTO,1236,,
2010,144,109,1,5,FELIPE PEIXOTO,1236,,
2010,144,11,1,11,FELIPE PEIXOTO,1031,,
2010,144,110,1,2,FELIPE PEIXOTO,1236,,
2010,144,111,1,11,FELIPE PEIXOTO,1350,,
2010,144,112,1,8,FELIPE PEIXOTO,1350,,
2010,144,113,1,10,FELIPE PEIXOTO,1368,,
2010,144,114,1,10,FELIPE PEIXOTO,1368,,
2010,144,115,1,4,FELIPE PEIXOTO,1368,,
2010,144,116,1,16,FELIPE PEIXOTO,1210,,
2010,144,117,1,5,FELIPE PEIXOTO,1210,,
2010,144,118,1,17,FELIPE PEIXOTO,1210,,
2010,144,119,1,9,FELIPE PEIXOTO,1210,,
2010,144,12,1,12,FELIPE PEIXOTO,1201,,
2010,144,120,1,7,FELIPE PEIXOTO,1210,,
2010,144,121,1,9,FELIPE PEIXOTO,1210,,
2010,144,122,1,6,FELIPE PEIXOTO,1023,,
2010,144,123,1,3,FELIPE PEIXOTO,1171,,
2010,144,124,1,15,FELIPE PEIXOTO,1090,,
2010,144,125,1,11,FELIPE PEIXOTO,1236,,
2010,144,126,1,7,FELIPE PEIXOTO,1252,,
2010,144,127,1,9,FELIPE PEIXOTO,1210,,
2010,144,128,1,11,FELIPE PEIXOTO,1236,,
2010,144,129,1,7,FELIPE PEIXOTO,1236,,
2010,144,13,1,5,FELIPE PEIXOTO,1031,,
2010,144,130,1,12,FELIPE PEIXOTO,1104,,
2010,144,131,1,1,FELIPE PEIXOTO,1031,,
2010,144,134,1,4,FELIPE PEIXOTO,1163,,
2010,144,14,1,7,FELIPE PEIXOTO,1031,,
2010,144,15,1,4,FELIPE PEIXOTO,1031,,
2010,144,16,1,9,FELIPE PEIXOTO,1112,,
2010,144,17,1,12,FELIPE PEIXOTO,1112,,
2010,144,18,1,12,FELIPE PEIXOTO,1171,,
2010,144,19,1,9,FELIPE PEIXOTO,1171,,
2010,144,2,1,4,FELIPE PEIXOTO,1023,,
2010,144,20,1,6,FELIPE PEIXOTO,1082,,
2010,144,22,1,10,FELIPE PEIXOTO,1082,,
2010,144,23,1,7,FELIPE PEIXOTO,1090,,
2010,144,24,1,19,FELIPE PEIXOTO,1090,,
2010,144,25,1,8,FELIPE PEIXOTO,1090,,
2010,144,26,1,14,FELIPE PEIXOTO,1090,,
2010,144,27,1,16,FELIPE PEIXOTO,1104,,
2010,144,28,1,17,FELIPE PEIXOTO,1104,,
2010,144,29,1,15,FELIPE PEIXOTO,1104,,
2010,144,3,1,3,FELIPE PEIXOTO,1023,,
2010,144,30,1,15,FELIPE PEIXOTO,1104,,
2010,144,31,1,13,FELIPE PEIXOTO,1104,,
2010,144,32,1,22,FELIPE PEIXOTO,1104,,
2010,144,33,1,28,FELIPE PEIXOTO,1104,,
2010,144,34,1,6,FELIPE PEIXOTO,1112,,
2010,144,35,1,8,FELIPE PEIXOTO,1112,,
2010,144,36,1,6,FELIPE PEIXOTO,1112,,
2010,144,39,1,7,FELIPE PEIXOTO,1090,,
2010,144,4,1,8,FELIPE PEIXOTO,1023,,
2010,144,40,1,15,FELIPE PEIXOTO,1090,,
2010,144,42,1,6,FELIPE PEIXOTO,1082,,
2010,144,44,1,8,FELIPE PEIXOTO,1163,,
2010,144,45,1,5,FELIPE PEIXOTO,1163,,
2010,144,46,1,7,FELIPE PEIXOTO,1163,,
2010,144,47,1,11,FELIPE PEIXOTO,1163,,
2010,144,48,1,9,FELIPE PEIXOTO,1163,,
2010,144,49,1,6,FELIPE PEIXOTO,1163,,
2010,144,5,1,6,FELIPE PEIXOTO,1031,,
2010,144,50,1,13,FELIPE PEIXOTO,1163,,
2010,144,51,1,8,FELIPE PEIXOTO,1163,,
2010,144,52,1,14,FELIPE PEIXOTO,1171,,
2010,144,53,1,8,FELIPE PEIXOTO,1171,,
2010,144,54,1,8,FELIPE PEIXOTO,1171,,
2010,144,55,1,7,FELIPE PEIXOTO,1201,,
2010,144,57,1,16,FELIPE PEIXOTO,1104,,
2010,144,58,1,19,FELIPE PEIXOTO,1104,,
2010,144,59,1,17,FELIPE PEIXOTO,1104,,
2010,144,6,1,5,FELIPE PEIXOTO,1031,,
2010,144,60,1,11,FELIPE PEIXOTO,1201,,
2010,144,62,1,14,FELIPE PEIXOTO,1210,,
2010,144,63,1,10,FELIPE PEIXOTO,1210,,
2010,144,64,1,8,FELIPE PEIXOTO,1210,,
2010,144,65,1,6,FELIPE PEIXOTO,1210,,
2010,144,67,1,8,FELIPE PEIXOTO,1236,,
2010,144,68,1,3,FELIPE PEIXOTO,1236,,
2010,144,69,1,8,FELIPE PEIXOTO,1236,,
2010,144,7,1,4,FELIPE PEIXOTO,1031,,
2010,144,70,1,4,FELIPE PEIXOTO,1236,,
2010,144,71,1,7,FELIPE PEIXOTO,1236,,
2010,144,72,1,10,FELIPE PEIXOTO,1236,,
2010,144,73,1,5,FELIPE PEIXOTO,1236,,
2010,144,74,1,8,FELIPE PEIXOTO,1236,,
2010,144,75,1,16,FELIPE PEIXOTO,1406,,
2010,144,76,1,15,FELIPE PEIXOTO,1406,,
2010,144,77,1,18,FELIPE PEIXOTO,1406,,
2010,144,78,1,17,FELIPE PEIXOTO,1406,,
2010,144,79,1,8,FELIPE PEIXOTO,1406,,
2010,144,8,1,10,FELIPE PEIXOTO,1031,,
2010,144,80,1,10,FELIPE PEIXOTO,1406,,
2010,144,81,1,14,FELIPE PEIXOTO,1236,,
2010,144,82,1,11,FELIPE PEIXOTO,1236,,
2010,144,83,1,5,FELIPE PEIXOTO,1252,,
2010,144,84,1,6,FELIPE PEIXOTO,1252,,
2010,144,85,1,9,FELIPE PEIXOTO,1252,,
2010,144,86,1,5,FELIPE PEIXOTO,1252,,
2010,144,87,1,6,FELIPE PEIXOTO,1252,,
2010,144,88,1,5,FELIPE PEIXOTO,1317,,
2010,144,89,1,9,FELIPE PEIXOTO,1317,,
2010,144,9,1,6,FELIPE PEIXOTO,1031,,
2010,144,90,1,8,FELIPE PEIXOTO,1317,,
2010,144,91,1,4,FELIPE PEIXOTO,1252,,
2010,144,92,1,6,FELIPE PEIXOTO,1252,,
2010,144,93,1,7,FELIPE PEIXOTO,1252,,
2010,144,94,1,12,FELIPE PEIXOTO,1236,,
2010,144,95,1,7,FELIPE PEIXOTO,1236,,
2010,144,96,1,7,FELIPE PEIXOTO,1236,,
2010,144,97,1,9,FELIPE PEIXOTO,1236,,
2010,144,98,1,4,FELIPE PEIXOTO,1236,,
2010,144,99,1,9,FELIPE PEIXOTO,1236,,
2010,199,1,1,36,FELIPE PEIXOTO,1015,,
2010,199,10,1,21,FELIPE PEIXOTO,1031,,
2010,199,100,1,40,FELIPE PEIXOTO,1155,,
2010,199,101,1,56,FELIPE PEIXOTO,1112,,
2010,199,102,1,38,FELIPE PEIXOTO,1198,,
2010,199,103,1,12,FELIPE PEIXOTO,1023,,
2010,199,104,1,51,FELIPE PEIXOTO,1155,,
2010,199,105,1,38,FELIPE PEIXOTO,1244,,
2010,199,106,1,38,FELIPE PEIXOTO,1082,,
2010,199,107,1,34,FELIPE PEIXOTO,1198,,
2010,199,108,1,44,FELIPE PEIXOTO,1082,,
2010,199,109,1,42,FELIPE PEIXOTO,1074,,
2010,199,11,1,16,FELIPE PEIXOTO,1031,,
2010,199,110,1,50,FELIPE PEIXOTO,1155,,
2010,199,111,1,54,FELIPE PEIXOTO,1112,,
2010,199,112,1,29,FELIPE PEIXOTO,1040,,
2010,199,113,1,12,FELIPE PEIXOTO,1031,,
2010,199,114,1,47,FELIPE PEIXOTO,1198,,
2010,199,115,1,41,FELIPE PEIXOTO,1244,,
2010,199,116,1,38,FELIPE PEIXOTO,1090,,
2010,199,117,1,54,FELIPE PEIXOTO,1155,,
2010,199,118,1,49,FELIPE PEIXOTO,1112,,
2010,199,119,1,54,FELIPE PEIXOTO,1066,,
2010,199,12,1,18,FELIPE PEIXOTO,1031,,
2010,199,120,1,31,FELIPE PEIXOTO,1015,,
2010,199,121,1,44,FELIPE PEIXOTO,1198,,
2010,199,122,1,30,FELIPE PEIXOTO,1040,,
2010,199,123,1,40,FELIPE PEIXOTO,1139,,
2010,199,124,1,60,FELIPE PEIXOTO,1082,,
2010,199,125,1,9,FELIPE PEIXOTO,1031,,
2010,199,126,1,42,FELIPE PEIXOTO,1198,,
2010,199,127,1,47,FELIPE PEIXOTO,1090,,
2010,199,129,1,51,FELIPE PEIXOTO,1155,,
2010,199,13,1,15,FELIPE PEIXOTO,1031,,
2010,199,130,1,42,FELIPE PEIXOTO,1198,,
2010,199,131,1,12,FELIPE PEIXOTO,1040,,
2010,199,132,1,50,FELIPE PEIXOTO,1155,,
2010,199,133,1,28,FELIPE PEIXOTO,1198,,
2010,199,135,1,48,FELIPE PEIXOTO,1090,,
2010,199,136,1,37,FELIPE PEIXOTO,1244,,
2010,199,137,1,39,FELIPE PEIXOTO,1040,,
2010,199,138,1,56,FELIPE PEIXOTO,1112,,
2010,199,139,1,42,FELIPE PEIXOTO,1198,,
2010,199,14,1,28,FELIPE PEIXOTO,1040,,
2010,199,140,1,43,FELIPE PEIXOTO,1074,,
2010,199,141,1,55,FELIPE PEIXOTO,1082,,
2010,199,142,1,33,FELIPE PEIXOTO,1201,,
2010,199,143,1,48,FELIPE PEIXOTO,1155,,
2010,199,144,1,43,FELIPE PEIXOTO,1139,,
2010,199,145,1,33,FELIPE PEIXOTO,1090,,
2010,199,146,1,37,FELIPE PEIXOTO,1040,,
2010,199,147,1,41,FELIPE PEIXOTO,1112,,
2010,199,148,1,16,FELIPE PEIXOTO,1031,,
2010,199,149,1,32,FELIPE PEIXOTO,1198,,
2010,199,15,1,21,FELIPE PEIXOTO,1040,,
2010,199,150,1,35,FELIPE PEIXOTO,1066,,
2010,199,151,1,51,FELIPE PEIXOTO,1090,,
2010,199,152,1,39,FELIPE PEIXOTO,1260,,
2010,199,153,1,4,FELIPE PEIXOTO,1252,,
2010,199,154,1,22,FELIPE PEIXOTO,1279,,
2010,199,155,1,36,FELIPE PEIXOTO,1112,,
2010,199,156,1,17,FELIPE PEIXOTO,1155,,
2010,199,157,1,6,FELIPE PEIXOTO,1015,,
2010,199,158,1,12,FELIPE PEIXOTO,1287,,
2010,199,159,1,3,FELIPE PEIXOTO,1040,,
2010,199,16,1,32,FELIPE PEIXOTO,1040,,
2010,199,17,1,26,FELIPE PEIXOTO,1040,,
2010,199,18,1,22,FELIPE PEIXOTO,1040,,
2010,199,19,1,22,FELIPE PEIXOTO,1040,,
2010,199,2,1,28,FELIPE PEIXOTO,1015,,
2010,199,20,1,27,FELIPE PEIXOTO,1040,,
2010,199,21,1,75,FELIPE PEIXOTO,1066,,
2010,199,22,1,76,FELIPE PEIXOTO,1066,,
2010,199,23,1,99,FELIPE PEIXOTO,1066,,
2010,199,24,1,93,FELIPE PEIXOTO,1066,,
2010,199,25,1,52,FELIPE PEIXOTO,1074,,
2010,199,26,1,37,FELIPE PEIXOTO,1074,,
2010,199,27,1,46,FELIPE PEIXOTO,1074,,
2010,199,28,1,41,FELIPE PEIXOTO,1074,,
2010,199,29,1,55,FELIPE PEIXOTO,1074,,
2010,199,3,1,33,FELIPE PEIXOTO,1015,,
2010,199,30,1,64,FELIPE PEIXOTO,1082,,
2010,199,31,1,61,FELIPE PEIXOTO,1082,,
2010,199,32,1,41,FELIPE PEIXOTO,1082,,
2010,199,33,1,44,FELIPE PEIXOTO,1082,,
2010,199,34,1,47,FELIPE PEIXOTO,1090,,
2010,199,35,1,45,FELIPE PEIXOTO,1090,,
2010,199,36,1,44,FELIPE PEIXOTO,1090,,
2010,199,37,1,48,FELIPE PEIXOTO,1090,,
2010,199,38,1,42,FELIPE PEIXOTO,1090,,
2010,199,39,1,53,FELIPE PEIXOTO,1090,,
2010,199,4,1,19,FELIPE PEIXOTO,1023,,
2010,199,40,1,52,FELIPE PEIXOTO,1090,,
2010,199,41,1,40,FELIPE PEIXOTO,1090,,
2010,199,42,1,43,FELIPE PEIXOTO,1082,,
2010,199,43,1,32,FELIPE PEIXOTO,1082,,
2010,199,44,1,39,FELIPE PEIXOTO,1082,,
2010,199,45,1,47,FELIPE PEIXOTO,1112,,
2010,199,46,1,43,FELIPE PEIXOTO,1112,,
2010,199,47,1,35,FELIPE PEIXOTO,1112,,
2010,199,48,1,63,FELIPE PEIXOTO,1112,,
2010,199,49,1,53,FELIPE PEIXOTO,1120,,
2010,199,5,1,14,FELIPE PEIXOTO,1023,,
2010,199,50,1,43,FELIPE PEIXOTO,1120,,
2010,199,51,1,45,FELIPE PEIXOTO,1139,,
2010,199,52,1,46,FELIPE PEIXOTO,1139,,
2010,199,53,1,39,FELIPE PEIXOTO,1139,,
2010,199,54,1,31,FELIPE PEIXOTO,1139,,
2010,199,55,1,44,FELIPE PEIXOTO,1139,,
2010,199,56,1,38,FELIPE PEIXOTO,1139,,
2010,199,57,1,56,FELIPE PEIXOTO,1139,,
2010,199,58,1,44,FELIPE PEIXOTO,1120,,
2010,199,59,1,50,FELIPE PEIXOTO,1120,,
2010,199,6,1,20,FELIPE PEIXOTO,1023,,
2010,199,60,1,26,FELIPE PEIXOTO,1120,,
2010,199,61,1,44,FELIPE PEIXOTO,1120,,
2010,199,62,1,39,FELIPE PEIXOTO,1120,,
2010,199,63,1,35,FELIPE PEIXOTO,1120,,
2010,199,64,1,49,FELIPE PEIXOTO,1155,,
2010,199,65,1,55,FELIPE PEIXOTO,1155,,
2010,199,66,1,53,FELIPE PEIXOTO,1155,,
2010,199,67,1,60,FELIPE PEIXOTO,1155,,
2010,199,68,1,6,FELIPE PEIXOTO,1163,,
2010,199,69,1,4,FELIPE PEIXOTO,1163,,
2010,199,7,1,17,FELIPE PEIXOTO,1023,,
2010,199,70,1,7,FELIPE PEIXOTO,1163,,
2010,199,71,1,9,FELIPE PEIXOTO,1171,,
2010,199,72,1,15,FELIPE PEIXOTO,1163,,
2010,199,73,1,9,FELIPE PEIXOTO,1163,,
2010,199,74,1,3,FELIPE PEIXOTO,1163,,
2010,199,75,1,48,FELIPE PEIXOTO,1198,,
2010,199,76,1,47,FELIPE PEIXOTO,1198,,
2010,199,77,1,40,FELIPE PEIXOTO,1201,,
2010,199,78,1,10,FELIPE PEIXOTO,1163,,
2010,199,79,1,57,FELIPE PEIXOTO,1244,,
2010,199,8,1,27,FELIPE PEIXOTO,1023,,
2010,199,80,1,50,FELIPE PEIXOTO,1244,,
2010,199,81,1,46,FELIPE PEIXOTO,1244,,
2010,199,82,1,26,FELIPE PEIXOTO,1252,,
2010,199,83,1,29,FELIPE PEIXOTO,1252,,
2010,199,84,1,25,FELIPE PEIXOTO,1252,,
2010,199,85,1,28,FELIPE PEIXOTO,1252,,
2010,199,86,1,24,FELIPE PEIXOTO,1252,,
2010,199,87,1,23,FELIPE PEIXOTO,1252,,
2010,199,88,1,46,FELIPE PEIXOTO,1015,,
2010,199,89,1,29,FELIPE PEIXOTO,1040,,
2010,199,9,1,10,FELIPE PEIXOTO,1031,,
2010,199,90,1,45,FELIPE PEIXOTO,1082,,
2010,199,91,1,50,FELIPE PEIXOTO,1244,,
2010,199,92,1,40,FELIPE PEIXOTO,1120,,
2010,199,93,1,46,FELIPE PEIXOTO,1201,,
2010,199,94,1,18,FELIPE PEIXOTO,1031,,
2010,199,95,1,21,FELIPE PEIXOTO,1031,,
2010,199,96,1,29,FELIPE PEIXOTO,1040,,
2010,199,97,1,54,FELIPE PEIXOTO,1074,,
2010,199,98,1,39,FELIPE PEIXOTO,1244,,
2010,199,99,1,59,FELIPE PEIXOTO,1082,,
2010,71,1,1,49,FELIPE PEIXOTO,1015,,
2010,71,100,1,31,FELIPE PEIXOTO,1309,,
2010,71,101,1,42,FELIPE PEIXOTO,1309,,
2010,71,102,1,32,FELIPE PEIXOTO,1309,,
2010,71,103,1,31,FELIPE PEIXOTO,1309,,
2010,71,104,1,27,FELIPE PEIXOTO,1317,,
2010,71,105,1,25,FELIPE PEIXOTO,1317,,
2010,71,106,1,37,FELIPE PEIXOTO,1325,,
2010,71,107,1,19,FELIPE PEIXOTO,1325,,
2010,71,108,1,27,FELIPE PEIXOTO,1325,,
2010,71,109,1,29,FELIPE PEIXOTO,1325,,
2010,71,110,1,33,FELIPE PEIXOTO,1325,,
2010,71,111,1,37,FELIPE PEIXOTO,1325,,
2010,71,112,1,36,FELIPE PEIXOTO,1325,,
2010,71,113,1,23,FELIPE PEIXOTO,1325,,
2010,71,114,1,35,FELIPE PEIXOTO,1325,,
2010,71,115,1,27,FELIPE PEIXOTO,1325,,
2010,71,116,1,27,FELIPE PEIXOTO,1333,,
2010,71,117,1,33,FELIPE PEIXOTO,1333,,
2010,71,118,1,37,FELIPE PEIXOTO,1309,,
2010,71,119,1,33,FELIPE PEIXOTO,1309,,
2010,71,120,1,24,FELIPE PEIXOTO,1333,,
2010,71,121,1,43,FELIPE PEIXOTO,1333,,
2010,71,122,1,28,FELIPE PEIXOTO,1333,,
2010,71,123,1,29,FELIPE PEIXOTO,1368,,
2010,71,124,1,27,FELIPE PEIXOTO,1368,,
2010,71,125,1,31,FELIPE PEIXOTO,1368,,
2010,71,130,1,25,FELIPE PEIXOTO,1392,,
2010,71,131,1,51,FELIPE PEIXOTO,1392,,
2010,71,132,1,47,FELIPE PEIXOTO,1392,,
2010,71,133,1,25,FELIPE PEIXOTO,1392,,
2010,71,134,1,31,FELIPE PEIXOTO,1392,,
2010,71,135,1,35,FELIPE PEIXOTO,1392,,
2010,71,136,1,74,FELIPE PEIXOTO,1015,,
2010,71,138,1,42,FELIPE PEIXOTO,1260,,
2010,71,140,1,28,FELIPE PEIXOTO,1244,,
2010,71,142,1,37,FELIPE PEIXOTO,1295,,
2010,71,143,1,51,FELIPE PEIXOTO,1317,,
2010,71,144,1,29,FELIPE PEIXOTO,1325,,
2010,71,145,1,30,FELIPE PEIXOTO,1317,,
2010,71,146,1,31,FELIPE PEIXOTO,1368,,
2010,71,150,1,27,FELIPE PEIXOTO,1333,,
2010,71,151,1,49,FELIPE PEIXOTO,1104,,
2010,71,153,1,66,FELIPE PEIXOTO,1015,,
2010,71,156,1,35,FELIPE PEIXOTO,1309,,
2010,71,157,1,36,FELIPE PEIXOTO,1260,,
2010,71,158,1,34,FELIPE PEIXOTO,1392,,
2010,71,160,1,30,FELIPE PEIXOTO,1333,,
2010,71,161,1,39,FELIPE PEIXOTO,1392,,
2010,71,167,1,47,FELIPE PEIXOTO,1368,,
2010,71,168,1,34,FELIPE PEIXOTO,1244,,
2010,71,171,1,35,FELIPE PEIXOTO,1295,,
2010,71,172,1,37,FELIPE PEIXOTO,1325,,
2010,71,174,1,25,FELIPE PEIXOTO,1333,,
2010,71,175,1,27,FELIPE PEIXOTO,1309,,
2010,71,178,1,51,FELIPE PEIXOTO,1104,,
2010,71,179,1,36,FELIPE PEIXOTO,1392,,
2010,71,182,1,37,FELIPE PEIXOTO,1333,,
2010,71,183,1,51,FELIPE PEIXOTO,1104,,
2010,71,185,1,30,FELIPE PEIXOTO,1244,,
2010,71,186,1,34,FELIPE PEIXOTO,1392,,
2010,71,189,1,31,FELIPE PEIXOTO,1317,,
2010,71,190,1,37,FELIPE PEIXOTO,1260,,
2010,71,191,1,41,FELIPE PEIXOTO,1309,,
2010,71,192,1,40,FELIPE PEIXOTO,1392,,
2010,71,193,1,29,FELIPE PEIXOTO,1325,,
2010,71,194,1,33,FELIPE PEIXOTO,1295,,
2010,71,195,1,36,FELIPE PEIXOTO,1368,,
2010,71,196,1,45,FELIPE PEIXOTO,1392,,
2010,71,197,1,74,FELIPE PEIXOTO,1015,,
2010,71,198,1,38,FELIPE PEIXOTO,1260,,
2010,71,199,1,37,FELIPE PEIXOTO,1317,,
2010,71,2,1,59,FELIPE PEIXOTO,1015,,
2010,71,200,1,45,FELIPE PEIXOTO,1392,,
2010,71,201,1,36,FELIPE PEIXOTO,1260,,
2010,71,202,1,34,FELIPE PEIXOTO,1325,,
2010,71,27,1,40,FELIPE PEIXOTO,1104,,
2010,71,28,1,44,FELIPE PEIXOTO,1104,,
2010,71,29,1,48,FELIPE PEIXOTO,1104,,
2010,71,3,1,66,FELIPE PEIXOTO,1015,,
2010,71,30,1,52,FELIPE PEIXOTO,1104,,
2010,71,31,1,37,FELIPE PEIXOTO,1104,,
2010,71,32,1,34,FELIPE PEIXOTO,1104,,
2010,71,4,1,41,FELIPE PEIXOTO,1015,,
2010,71,5,1,54,FELIPE PEIXOTO,1015,,
2010,71,6,1,53,FELIPE PEIXOTO,1015,,
2010,71,69,1,24,FELIPE PEIXOTO,1244,,
2010,71,70,1,29,FELIPE PEIXOTO,1244,,
2010,71,71,1,21,FELIPE PEIXOTO,1260,,
2010,71,72,1,32,FELIPE PEIXOTO,1260,,
2010,71,73,1,29,FELIPE PEIXOTO,1260,,
2010,71,74,1,33,FELIPE PEIXOTO,1260,,
2010,71,75,1,28,FELIPE PEIXOTO,1368,,
2010,71,76,1,31,FELIPE PEIXOTO,1368,,
2010,71,77,1,31,FELIPE PEIXOTO,1244,,
2010,71,78,1,24,FELIPE PEIXOTO,1244,,
2010,71,79,1,20,FELIPE PEIXOTO,1244,,
2010,71,80,1,31,FELIPE PEIXOTO,1317,,
2010,71,81,1,25,FELIPE PEIXOTO,1317,,
2010,71,82,1,25,FELIPE PEIXOTO,1260,,
2010,71,83,1,30,FELIPE PEIXOTO,1260,,
2010,71,84,1,35,FELIPE PEIXOTO,1260,,
2010,71,85,1,20,FELIPE PEIXOTO,1333,,
2010,71,86,1,49,FELIPE PEIXOTO,1015,,
2010,71,87,1,50,FELIPE PEIXOTO,1015,,
2010,71,88,1,24,FELIPE PEIXOTO,1295,,
2010,71,89,1,35,FELIPE PEIXOTO,1295,,
2010,71,90,1,32,FELIPE PEIXOTO,1295,,
2010,71,91,1,30,FELIPE PEIXOTO,1295,,
2010,71,92,1,26,FELIPE PEIXOTO,1295,,
2010,71,93,1,27,FELIPE PEIXOTO,1295,,
2010,71,94,1,30,FELIPE PEIXOTO,1295,,
2010,71,95,1,31,FELIPE PEIXOTO,1295,,
2010,71,96,1,27,FELIPE PEIXOTO,1295,,
2010,71,97,1,32,FELIPE PEIXOTO,1295,,
2010,71,98,1,36,FELIPE PEIXOTO,1295,,
2010,71,99,1,30,FELIPE PEIXOTO,1295,,
2010,72,1,1,7,FELIPE PEIXOTO,1015,,
2010,72,10,1,15,FELIPE PEIXOTO,1040,,
2010,72,11,1,15,FELIPE PEIXOTO,1040,,
2010,72,113,1,30,FELIPE PEIXOTO,1368,,
2010,72,114,1,30,FELIPE PEIXOTO,1368,,
2010,72,118,1,13,FELIPE PEIXOTO,1040,,
2010,72,12,1,20,FELIPE PEIXOTO,1040,,
2010,72,120,1,30,FELIPE PEIXOTO,1449,,
2010,72,121,1,6,FELIPE PEIXOTO,1015,,
2010,72,122,1,35,FELIPE PEIXOTO,1074,,
2010,72,123,1,34,FELIPE PEIXOTO,1112,,
2010,72,126,1,22,FELIPE PEIXOTO,1180,,
2010,72,13,1,14,FELIPE PEIXOTO,1040,,
2010,72,130,1,18,FELIPE PEIXOTO,1147,,
2010,72,131,1,28,FELIPE PEIXOTO,1449,,
2010,72,132,1,32,FELIPE PEIXOTO,1368,,
2010,72,133,1,26,FELIPE PEIXOTO,1074,,
2010,72,136,1,30,FELIPE PEIXOTO,1112,,
2010,72,137,1,12,FELIPE PEIXOTO,1015,,
2010,72,139,1,25,FELIPE PEIXOTO,1171,,
2010,72,14,1,20,FELIPE PEIXOTO,1040,,
2010,72,143,1,6,FELIPE PEIXOTO,1015,,
2010,72,144,1,25,FELIPE PEIXOTO,1112,,
2010,72,146,1,28,FELIPE PEIXOTO,1171,,
2010,72,147,1,25,FELIPE PEIXOTO,1074,,
2010,72,149,1,9,FELIPE PEIXOTO,1015,,
2010,72,15,1,15,FELIPE PEIXOTO,1040,,
2010,72,150,1,28,FELIPE PEIXOTO,1449,,
2010,72,151,1,14,FELIPE PEIXOTO,1040,,
2010,72,152,1,9,FELIPE PEIXOTO,1040,,
2010,72,156,1,42,FELIPE PEIXOTO,1368,,
2010,72,159,1,19,FELIPE PEIXOTO,1449,,
2010,72,16,1,15,FELIPE PEIXOTO,1015,,
2010,72,160,1,18,FELIPE PEIXOTO,1147,,
2010,72,162,1,18,FELIPE PEIXOTO,1171,,
2010,72,163,1,21,FELIPE PEIXOTO,1449,,
2010,72,164,1,9,FELIPE PEIXOTO,1015,,
2010,72,168,1,22,FELIPE PEIXOTO,1074,,
2010,72,17,1,5,FELIPE PEIXOTO,1015,,
2010,72,173,1,26,FELIPE PEIXOTO,1449,,
2010,72,174,1,32,FELIPE PEIXOTO,1473,,
2010,72,177,1,17,FELIPE PEIXOTO,1015,,
2010,72,178,1,13,FELIPE PEIXOTO,1171,,
2010,72,179,1,36,FELIPE PEIXOTO,1490,,
2010,72,18,1,11,FELIPE PEIXOTO,1449,,
2010,72,181,1,27,FELIPE PEIXOTO,1473,,
2010,72,183,1,8,FELIPE PEIXOTO,1015,,
2010,72,184,1,19,FELIPE PEIXOTO,1147,,
2010,72,185,1,26,FELIPE PEIXOTO,1368,,
2010,72,186,1,18,FELIPE PEIXOTO,1473,,
2010,72,187,1,31,FELIPE PEIXOTO,1473,,
2010,72,188,1,18,FELIPE PEIXOTO,1040,,
2010,72,189,1,35,FELIPE PEIXOTO,1074,,
2010,72,19,1,19,FELIPE PEIXOTO,1449,,
2010,72,190,1,34,FELIPE PEIXOTO,1074,,
2010,72,191,1,29,FELIPE PEIXOTO,1473,,
2010,72,192,1,27,FELIPE PEIXOTO,1449,,
2010,72,193,1,17,FELIPE PEIXOTO,1473,,
2010,72,194,1,33,FELIPE PEIXOTO,1368,,
2010,72,195,1,23,FELIPE PEIXOTO,1449,,
2010,72,196,1,13,FELIPE PEIXOTO,1147,,
2010,72,197,1,5,FELIPE PEIXOTO,1040,,
2010,72,198,1,13,FELIPE PEIXOTO,1180,,
2010,72,199,1,20,FELIPE PEIXOTO,1368,,
2010,72,2,1,7,FELIPE PEIXOTO,1015,,
2010,72,20,1,22,FELIPE PEIXOTO,1449,,
2010,72,200,1,27,FELIPE PEIXOTO,1490,,
2010,72,201,1,17,FELIPE PEIXOTO,1473,,
2010,72,202,1,27,FELIPE PEIXOTO,1074,,
2010,72,203,1,21,FELIPE PEIXOTO,1449,,
2010,72,204,1,14,FELIPE PEIXOTO,1040,,
2010,72,205,1,33,FELIPE PEIXOTO,1368,,
2010,72,206,1,34,FELIPE PEIXOTO,1490,,
2010,72,207,1,34,FELIPE PEIXOTO,1473,,
2010,72,208,1,20,FELIPE PEIXOTO,1180,,
2010,72,209,1,19,FELIPE PEIXOTO,1074,,
2010,72,21,1,16,FELIPE PEIXOTO,1449,,
2010,72,210,1,32,FELIPE PEIXOTO,1074,,
2010,72,211,1,25,FELIPE PEIXOTO,1368,,
2010,72,212,1,21,FELIPE PEIXOTO,1040,,
2010,72,213,1,9,FELIPE PEIXOTO,1147,,
2010,72,215,1,11,FELIPE PEIXOTO,1074,,
2010,72,22,1,9,FELIPE PEIXOTO,1449,,
2010,72,23,1,23,FELIPE PEIXOTO,1074,,
2010,72,24,1,20,FELIPE PEIXOTO,1074,,
2010,72,25,1,30,FELIPE PEIXOTO,1074,,
2010,72,26,1,28,FELIPE PEIXOTO,1074,,
2010,72,27,1,20,FELIPE PEIXOTO,1449,,
2010,72,28,1,23,FELIPE PEIXOTO,1449,,
2010,72,29,1,23,FELIPE PEIXOTO,1449,,
2010,72,3,1,10,FELIPE PEIXOTO,1015,,
2010,72,30,1,15,FELIPE PEIXOTO,1449,,
2010,72,35,1,23,FELIPE PEIXOTO,1112,,
2010,72,36,1,30,FELIPE PEIXOTO,1112,,
2010,72,37,1,19,FELIPE PEIXOTO,1112,,
2010,72,38,1,31,FELIPE PEIXOTO,1112,,
2010,72,39,1,25,FELIPE PEIXOTO,1112,,
2010,72,4,1,6,FELIPE PEIXOTO,1015,,
2010,72,40,1,25,FELIPE PEIXOTO,1112,,
2010,72,41,1,28,FELIPE PEIXOTO,1112,,
2010,72,42,1,23,FELIPE PEIXOTO,1112,,
2010,72,43,1,21,FELIPE PEIXOTO,1112,,
2010,72,5,1,9,FELIPE PEIXOTO,1015,,
2010,72,52,1,29,FELIPE PEIXOTO,1147,,
2010,72,53,1,24,FELIPE PEIXOTO,1147,,
2010,72,54,1,24,FELIPE PEIXOTO,1074,,
2010,72,55,1,23,FELIPE PEIXOTO,1074,,
2010,72,56,1,15,FELIPE PEIXOTO,1074,,
2010,72,57,1,29,FELIPE PEIXOTO,1112,,
2010,72,58,1,29,FELIPE PEIXOTO,1112,,
2010,72,59,1,22,FELIPE PEIXOTO,1112,,
2010,72,6,1,11,FELIPE PEIXOTO,1015,,
2010,72,60,1,22,FELIPE PEIXOTO,1112,,
2010,72,61,1,26,FELIPE PEIXOTO,1112,,
2010,72,62,1,29,FELIPE PEIXOTO,1112,,
2010,72,63,1,28,FELIPE PEIXOTO,1171,,
2010,72,64,1,15,FELIPE PEIXOTO,1171,,
2010,72,65,1,23,FELIPE PEIXOTO,1171,,
2010,72,66,1,14,FELIPE PEIXOTO,1171,,
2010,72,67,1,17,FELIPE PEIXOTO,1171,,
2010,72,68,1,22,FELIPE PEIXOTO,1180,,
2010,72,69,1,15,FELIPE PEIXOTO,1180,,
2010,72,7,1,10,FELIPE PEIXOTO,1040,,
2010,72,70,1,18,FELIPE PEIXOTO,1180,,
2010,72,71,1,12,FELIPE PEIXOTO,1180,,
2010,72,8,1,11,FELIPE PEIXOTO,1040,,
2010,72,9,1,15,FELIPE PEIXOTO,1040,,
2012,113,1,1,47,FELIPE PEIXOTO,1031,,
2012,113,1,2,59,FELIPE PEIXOTO,1031,,
2012,113,10,1,49,FELIPE PEIXOTO,1031,,
2012,113,10,2,65,FELIPE PEIXOTO,1031,,
2012,113,100,1,56,FELIPE PEIXOTO,1236,,
2012,113,100,2,67,FELIPE PEIXOTO,1236,,
2012,113,101,1,121,FELIPE PEIXOTO,1309,,
2012,113,101,2,151,FELIPE PEIXOTO,1309,,
2012,113,102,1,46,FELIPE PEIXOTO,1236,,
2012,113,102,2,61,FELIPE PEIXOTO,1236,,
2012,113,103,1,43,FELIPE PEIXOTO,1163,,
2012,113,103,2,58,FELIPE PEIXOTO,1163,,
2012,113,104,1,61,FELIPE PEIXOTO,1082,,
2012,113,104,2,74,FELIPE PEIXOTO,1082,,
2012,113,106,1,59,FELIPE PEIXOTO,1023,,
2012,113,106,2,92,FELIPE PEIXOTO,1023,,
2012,113,107,1,47,FELIPE PEIXOTO,1384,,
2012,113,107,2,89,FELIPE PEIXOTO,1384,,
2012,113,108,1,67,FELIPE PEIXOTO,1082,,
2012,113,108,2,92,FELIPE PEIXOTO,1082,,
2012,113,109,1,62,FELIPE PEIXOTO,1295,,
2012,113,109,2,90,FELIPE PEIXOTO,1295,,
2012,113,11,1,46,FELIPE PEIXOTO,1082,,
2012,113,11,2,68,FELIPE PEIXOTO,1082,,
2012,113,110,1,107,FELIPE PEIXOTO,1325,,
2012,113,110,2,119,FELIPE PEIXOTO,1325,,
2012,113,111,1,51,FELIPE PEIXOTO,1236,,
2012,113,111,2,83,FELIPE PEIXOTO,1236,,
2012,113,112,1,36,FELIPE PEIXOTO,1201,,
2012,113,112,2,49,FELIPE PEIXOTO,1201,,
2012,113,113,1,73,FELIPE PEIXOTO,1171,,
2012,113,113,2,88,FELIPE PEIXOTO,1171,,
2012,113,114,1,36,FELIPE PEIXOTO,1139,,
2012,113,114,2,50,FELIPE PEIXOTO,1139,,
2012,113,115,1,60,FELIPE PEIXOTO,1384,,
2012,113,115,2,90,FELIPE PEIXOTO,1384,,
2012,113,116,1,40,FELIPE PEIXOTO,1384,,
2012,113,116,2,54,FELIPE PEIXOTO,1384,,
2012,113,117,1,91,FELIPE PEIXOTO,1325,,
2012,113,117,2,107,FELIPE PEIXOTO,1325,,
2012,113,118,1,47,FELIPE PEIXOTO,1236,,
2012,113,118,2,71,FELIPE PEIXOTO,1236,,
2012,113,119,1,59,FELIPE PEIXOTO,1376,,
2012,113,119,2,79,FELIPE PEIXOTO,1376,,
2012,113,12,1,34,FELIPE PEIXOTO,1163,,
2012,113,12,2,40,FELIPE PEIXOTO,1163,,
2012,113,120,1,81,FELIPE PEIXOTO,1171,,
2012,113,120,2,88,FELIPE PEIXOTO,1171,,
2012,113,121,1,48,FELIPE PEIXOTO,1295,,
2012,113,121,2,65,FELIPE PEIXOTO,1295,,
2012,113,122,1,85,FELIPE PEIXOTO,1309,,
2012,113,122,2,97,FELIPE PEIXOTO,1309,,
2012,113,123,1,39,FELIPE PEIXOTO,1236,,
2012,113,123,2,54,FELIPE PEIXOTO,1236,,
2012,113,124,1,95,FELIPE PEIXOTO,1325,,
2012,113,124,2,112,FELIPE PEIXOTO,1325,,
2012,113,125,1,73,FELIPE PEIXOTO,1309,,
2012,113,125,2,83,FELIPE PEIXOTO,1309,,
2012,113,13,1,46,FELIPE PEIXOTO,1163,,
2012,113,13,2,59,FELIPE PEIXOTO,1163,,
2012,113,14,1,67,FELIPE PEIXOTO,1171,,
2012,113,14,2,89,FELIPE PEIXOTO,1171,,
2012,113,15,1,56,FELIPE PEIXOTO,1171,,
2012,113,15,2,68,FELIPE PEIXOTO,1171,,
2012,113,16,1,66,FELIPE PEIXOTO,1171,,
2012,113,16,2,68,FELIPE PEIXOTO,1171,,
2012,113,17,1,63,FELIPE PEIXOTO,1082,,
2012,113,17,2,82,FELIPE PEIXOTO,1082,,
2012,113,18,1,76,FELIPE PEIXOTO,1082,,
2012,113,18,2,77,FELIPE PEIXOTO,1082,,
2012,113,19,1,63,FELIPE PEIXOTO,1082,,
2012,113,19,2,94,FELIPE PEIXOTO,1082,,
2012,113,2,1,49,FELIPE PEIXOTO,1023,,
2012,113,2,2,60,FELIPE PEIXOTO,1023,,
2012,113,20,1,70,FELIPE PEIXOTO,1082,,
2012,113,20,2,92,FELIPE PEIXOTO,1082,,
2012,113,21,1,81,FELIPE PEIXOTO,1082,,
2012,113,21,2,105,FELIPE PEIXOTO,1082,,
2012,113,22,1,60,FELIPE PEIXOTO,1082,,
2012,113,22,2,69,FELIPE PEIXOTO,1082,,
2012,113,23,1,85,FELIPE PEIXOTO,1082,,
2012,113,23,2,90,FELIPE PEIXOTO,1082,,
2012,113,24,1,62,FELIPE PEIXOTO,1163,,
2012,113,24,2,79,FELIPE PEIXOTO,1163,,
2012,113,25,1,47,FELIPE PEIXOTO,1031,,
2012,113,25,2,58,FELIPE PEIXOTO,1031,,
2012,113,26,1,38,FELIPE PEIXOTO,1031,,
2012,113,26,2,59,FELIPE PEIXOTO,1031,,
2012,113,27,1,70,FELIPE PEIXOTO,1236,,
2012,113,27,2,97,FELIPE PEIXOTO,1236,,
2012,113,28,1,46,FELIPE PEIXOTO,1139,,
2012,113,28,2,79,FELIPE PEIXOTO,1139,,
2012,113,29,1,45,FELIPE PEIXOTO,1139,,
2012,113,29,2,58,FELIPE PEIXOTO,1139,,
2012,113,3,1,69,FELIPE PEIXOTO,1023,,
2012,113,3,2,113,FELIPE PEIXOTO,1023,,
2012,113,30,1,47,FELIPE PEIXOTO,1139,,
2012,113,30,2,68,FELIPE PEIXOTO,1139,,
2012,113,31,1,50,FELIPE PEIXOTO,1139,,
2012,113,31,2,58,FELIPE PEIXOTO,1139,,
2012,113,32,1,50,FELIPE PEIXOTO,1139,,
2012,113,32,2,68,FELIPE PEIXOTO,1139,,
2012,113,33,1,50,FELIPE PEIXOTO,1139,,
2012,113,33,2,81,FELIPE PEIXOTO,1139,,
2012,113,34,1,48,FELIPE PEIXOTO,1031,,
2012,113,34,2,48,FELIPE PEIXOTO,1031,,
2012,113,35,1,49,FELIPE PEIXOTO,1384,,
2012,113,35,2,71,FELIPE PEIXOTO,1384,,
2012,113,36,1,47,FELIPE PEIXOTO,1163,,
2012,113,36,2,64,FELIPE PEIXOTO,1163,,
2012,113,37,1,48,FELIPE PEIXOTO,1163,,
2012,113,37,2,64,FELIPE PEIXOTO,1163,,
2012,113,38,1,60,FELIPE PEIXOTO,1163,,
2012,113,38,2,75,FELIPE PEIXOTO,1163,,
2012,113,39,1,81,FELIPE PEIXOTO,1171,,
2012,113,39,2,83,FELIPE PEIXOTO,1171,,
2012,113,4,1,63,FELIPE PEIXOTO,1023,,
2012,113,4,2,101,FELIPE PEIXOTO,1023,,
2012,113,40,1,52,FELIPE PEIXOTO,1171,,
2012,113,40,2,66,FELIPE PEIXOTO,1171,,
2012,113,41,1,64,FELIPE PEIXOTO,1171,,
2012,113,41,2,80,FELIPE PEIXOTO,1171,,
2012,113,42,1,64,FELIPE PEIXOTO,1171,,
2012,113,42,2,75,FELIPE PEIXOTO,1171,,
2012,113,43,1,51,FELIPE PEIXOTO,1163,,
2012,113,43,2,64,FELIPE PEIXOTO,1163,,
2012,113,44,1,46,FELIPE PEIXOTO,1163,,
2012,113,44,2,73,FELIPE PEIXOTO,1163,,
2012,113,45,1,39,FELIPE PEIXOTO,1236,,
2012,113,45,2,47,FELIPE PEIXOTO,1236,,
2012,113,46,1,74,FELIPE PEIXOTO,1201,,
2012,113,46,2,109,FELIPE PEIXOTO,1201,,
2012,113,47,1,52,FELIPE PEIXOTO,1236,,
2012,113,47,2,71,FELIPE PEIXOTO,1236,,
2012,113,48,1,60,FELIPE PEIXOTO,1236,,
2012,113,48,2,74,FELIPE PEIXOTO,1236,,
2012,113,49,1,39,FELIPE PEIXOTO,1031,,
2012,113,49,2,49,FELIPE PEIXOTO,1031,,
2012,113,5,1,48,FELIPE PEIXOTO,1031,,
2012,113,5,2,66,FELIPE PEIXOTO,1031,,
2012,113,50,1,63,FELIPE PEIXOTO,1236,,
2012,113,50,2,79,FELIPE PEIXOTO,1236,,
2012,113,51,1,50,FELIPE PEIXOTO,1236,,
2012,113,51,2,61,FELIPE PEIXOTO,1236,,
2012,113,52,1,54,FELIPE PEIXOTO,1236,,
2012,113,52,2,71,FELIPE PEIXOTO,1236,,
2012,113,53,1,44,FELIPE PEIXOTO,1236,,
2012,113,53,2,62,FELIPE PEIXOTO,1236,,
2012,113,54,1,52,FELIPE PEIXOTO,1236,,
2012,113,54,2,76,FELIPE PEIXOTO,1236,,
2012,113,55,1,52,FELIPE PEIXOTO,1236,,
2012,113,55,2,59,FELIPE PEIXOTO,1236,,
2012,113,56,1,51,FELIPE PEIXOTO,1236,,
2012,113,56,2,63,FELIPE PEIXOTO,1236,,
2012,113,57,1,56,FELIPE PEIXOTO,1384,,
2012,113,57,2,80,FELIPE PEIXOTO,1384,,
2012,113,58,1,55,FELIPE PEIXOTO,1384,,
2012,113,58,2,92,FELIPE PEIXOTO,1384,,
2012,113,59,1,61,FELIPE PEIXOTO,1384,,
2012,113,59,2,91,FELIPE PEIXOTO,1384,,
2012,113,6,1,53,FELIPE PEIXOTO,1031,,
2012,113,6,2,62,FELIPE PEIXOTO,1031,,
2012,113,60,1,56,FELIPE PEIXOTO,1384,,
2012,113,60,2,88,FELIPE PEIXOTO,1384,,
2012,113,61,1,54,FELIPE PEIXOTO,1163,,
2012,113,61,2,58,FELIPE PEIXOTO,1163,,
2012,113,62,1,45,FELIPE PEIXOTO,1031,,
2012,113,62,2,71,FELIPE PEIXOTO,1031,,
2012,113,63,1,75,FELIPE PEIXOTO,1295,,
2012,113,63,2,88,FELIPE PEIXOTO,1295,,
2012,113,64,1,78,FELIPE PEIXOTO,1295,,
2012,113,64,2,103,FELIPE PEIXOTO,1295,,
2012,113,65,1,83,FELIPE PEIXOTO,1295,,
2012,113,65,2,100,FELIPE PEIXOTO,1295,,
2012,113,66,1,113,FELIPE PEIXOTO,1309,,
2012,113,66,2,125,FELIPE PEIXOTO,1309,,
2012,113,67,1,103,FELIPE PEIXOTO,1309,,
2012,113,67,2,115,FELIPE PEIXOTO,1309,,
2012,113,68,1,122,FELIPE PEIXOTO,1309,,
2012,113,68,2,137,FELIPE PEIXOTO,1309,,
2012,113,69,1,127,FELIPE PEIXOTO,1309,,
2012,113,69,2,128,FELIPE PEIXOTO,1309,,
2012,113,7,1,50,FELIPE PEIXOTO,1031,,
2012,113,7,2,59,FELIPE PEIXOTO,1031,,
2012,113,70,1,114,FELIPE PEIXOTO,1309,,
2012,113,70,2,128,FELIPE PEIXOTO,1309,,
2012,113,71,1,120,FELIPE PEIXOTO,1325,,
2012,113,71,2,130,FELIPE PEIXOTO,1325,,
2012,113,72,1,109,FELIPE PEIXOTO,1325,,
2012,113,72,2,120,FELIPE PEIXOTO,1325,,
2012,113,73,1,113,FELIPE PEIXOTO,1325,,
2012,113,73,2,120,FELIPE PEIXOTO,1325,,
2012,113,74,1,71,FELIPE PEIXOTO,1082,,
2012,113,74,2,76,FELIPE PEIXOTO,1082,,
2012,113,75,1,71,FELIPE PEIXOTO,1082,,
2012,113,75,2,77,FELIPE PEIXOTO,1082,,
2012,113,76,1,94,FELIPE PEIXOTO,1350,,
2012,113,76,2,97,FELIPE PEIXOTO,1350,,
2012,113,77,1,83,FELIPE PEIXOTO,1350,,
2012,113,77,2,83,FELIPE PEIXOTO,1350,,
2012,113,78,1,67,FELIPE PEIXOTO,1376,,
2012,113,78,2,86,FELIPE PEIXOTO,1376,,
2012,113,79,1,52,FELIPE PEIXOTO,1376,,
2012,113,79,2,67,FELIPE PEIXOTO,1376,,
2012,113,8,1,46,FELIPE PEIXOTO,1031,,
2012,113,8,2,61,FELIPE PEIXOTO,1031,,
2012,113,80,1,51,FELIPE PEIXOTO,1376,,
2012,113,80,2,77,FELIPE PEIXOTO,1376,,
2012,113,81,1,63,FELIPE PEIXOTO,1376,,
2012,113,81,2,76,FELIPE PEIXOTO,1376,,
2012,113,82,1,55,FELIPE PEIXOTO,1376,,
2012,113,82,2,72,FELIPE PEIXOTO,1376,,
2012,113,83,1,52,FELIPE PEIXOTO,1376,,
2012,113,83,2,80,FELIPE PEIXOTO,1376,,
2012,113,84,1,50,FELIPE PEIXOTO,1376,,
2012,113,84,2,62,FELIPE PEIXOTO,1376,,
2012,113,85,1,69,FELIPE PEIXOTO,1376,,
2012,113,85,2,81,FELIPE PEIXOTO,1376,,
2012,113,86,1,51,FELIPE PEIXOTO,1376,,
2012,113,86,2,69,FELIPE PEIXOTO,1376,,
2012,113,87,1,68,FELIPE PEIXOTO,1171,,
2012,113,87,2,92,FELIPE PEIXOTO,1171,,
2012,113,88,1,63,FELIPE PEIXOTO,1295,,
2012,113,88,2,98,FELIPE PEIXOTO,1295,,
2012,113,89,1,38,FELIPE PEIXOTO,1031,,
2012,113,89,2,54,FELIPE PEIXOTO,1031,,
2012,113,9,1,55,FELIPE PEIXOTO,1031,,
2012,113,9,2,56,FELIPE PEIXOTO,1031,,
2012,113,90,1,41,FELIPE PEIXOTO,1031,,
2012,113,90,2,53,FELIPE PEIXOTO,1031,,
2012,113,91,1,84,FELIPE PEIXOTO,1171,,
2012,113,91,2,99,FELIPE PEIXOTO,1171,,
2012,113,92,1,43,FELIPE PEIXOTO,1163,,
2012,113,92,2,61,FELIPE PEIXOTO,1163,,
2012,113,93,1,45,FELIPE PEIXOTO,1139,,
2012,113,93,2,59,FELIPE PEIXOTO,1139,,
2012,113,94,1,89,FELIPE PEIXOTO,1350,,
2012,113,94,2,98,FELIPE PEIXOTO,1350,,
2012,113,95,1,63,FELIPE PEIXOTO,1236,,
2012,113,95,2,94,FELIPE PEIXOTO,1236,,
2012,113,96,1,97,FELIPE PEIXOTO,1325,,
2012,113,96,2,118,FELIPE PEIXOTO,1325,,
2012,113,97,1,67,FELIPE PEIXOTO,1082,,
2012,113,97,2,94,FELIPE PEIXOTO,1082,,
2012,113,98,1,114,FELIPE PEIXOTO,1309,,
2012,113,98,2,121,FELIPE PEIXOTO,1309,,
2012,113,99,1,64,FELIPE PEIXOTO,1171,,
2012,113,99,2,78,FELIPE PEIXOTO,1171,,
2012,114,1,1,65,FELIPE PEIXOTO,1090,,
2012,114,1,2,76,FELIPE PEIXOTO,1090,,
2012,114,10,1,40,FELIPE PEIXOTO,1082,,
2012,114,10,2,46,FELIPE PEIXOTO,1082,,
2012,114,106,1,69,FELIPE PEIXOTO,1538,,
2012,114,106,2,129,FELIPE PEIXOTO,1538,,
2012,114,107,1,82,FELIPE PEIXOTO,1538,,
2012,114,107,2,123,FELIPE PEIXOTO,1538,,
2012,114,108,1,59,FELIPE PEIXOTO,1546,,
2012,114,108,2,96,FELIPE PEIXOTO,1546,,
2012,114,109,1,87,FELIPE PEIXOTO,1546,,
2012,114,109,2,115,FELIPE PEIXOTO,1546,,
2012,114,11,1,32,FELIPE PEIXOTO,1082,,
2012,114,11,2,60,FELIPE PEIXOTO,1082,,
2012,114,117,1,82,FELIPE PEIXOTO,1597,,
2012,114,117,2,134,FELIPE PEIXOTO,1597,,
2012,114,118,1,86,FELIPE PEIXOTO,1597,,
2012,114,118,2,117,FELIPE PEIXOTO,1597,,
2012,114,119,1,82,FELIPE PEIXOTO,1597,,
2012,114,119,2,116,FELIPE PEIXOTO,1597,,
2012,114,12,1,67,FELIPE PEIXOTO,1090,,
2012,114,12,2,79,FELIPE PEIXOTO,1090,,
2012,114,120,1,59,FELIPE PEIXOTO,1597,,
2012,114,120,2,84,FELIPE PEIXOTO,1597,,
2012,114,121,1,71,FELIPE PEIXOTO,1597,,
2012,114,121,2,116,FELIPE PEIXOTO,1597,,
2012,114,122,1,78,FELIPE PEIXOTO,1600,,
2012,114,122,2,127,FELIPE PEIXOTO,1600,,
2012,114,123,1,89,FELIPE PEIXOTO,1600,,
2012,114,123,2,129,FELIPE PEIXOTO,1600,,
2012,114,124,1,83,FELIPE PEIXOTO,1600,,
2012,114,124,2,122,FELIPE PEIXOTO,1600,,
2012,114,125,1,81,FELIPE PEIXOTO,1600,,
2012,114,125,2,117,FELIPE PEIXOTO,1600,,
2012,114,126,1,93,FELIPE PEIXOTO,1600,,
2012,114,126,2,131,FELIPE PEIXOTO,1600,,
2012,114,127,1,52,FELIPE PEIXOTO,1082,,
2012,114,127,2,77,FELIPE PEIXOTO,1082,,
2012,114,128,1,59,FELIPE PEIXOTO,1635,,
2012,114,128,2,75,FELIPE PEIXOTO,1635,,
2012,114,129,1,90,FELIPE PEIXOTO,1635,,
2012,114,129,2,114,FELIPE PEIXOTO,1635,,
2012,114,13,1,71,FELIPE PEIXOTO,1090,,
2012,114,13,2,88,FELIPE PEIXOTO,1090,,
2012,114,130,1,68,FELIPE PEIXOTO,1635,,
2012,114,130,2,109,FELIPE PEIXOTO,1635,,
2012,114,131,1,81,FELIPE PEIXOTO,1635,,
2012,114,131,2,120,FELIPE PEIXOTO,1635,,
2012,114,132,1,69,FELIPE PEIXOTO,1635,,
2012,114,132,2,98,FELIPE PEIXOTO,1635,,
2012,114,133,1,68,FELIPE PEIXOTO,1635,,
2012,114,133,2,93,FELIPE PEIXOTO,1635,,
2012,114,134,1,68,FELIPE PEIXOTO,1635,,
2012,114,134,2,111,FELIPE PEIXOTO,1635,,
2012,114,135,1,66,FELIPE PEIXOTO,1643,,
2012,114,135,2,97,FELIPE PEIXOTO,1643,,
2012,114,136,1,73,FELIPE PEIXOTO,1643,,
2012,114,136,2,99,FELIPE PEIXOTO,1643,,
2012,114,137,1,65,FELIPE PEIXOTO,1643,,
2012,114,137,2,107,FELIPE PEIXOTO,1643,,
2012,114,138,1,51,FELIPE PEIXOTO,1660,,
2012,114,138,2,80,FELIPE PEIXOTO,1660,,
2012,114,139,1,44,FELIPE PEIXOTO,1660,,
2012,114,139,2,58,FELIPE PEIXOTO,1660,,
2012,114,14,1,59,FELIPE PEIXOTO,1090,,
2012,114,14,2,84,FELIPE PEIXOTO,1090,,
2012,114,148,1,78,FELIPE PEIXOTO,1716,,
2012,114,148,2,119,FELIPE PEIXOTO,1716,,
2012,114,149,1,78,FELIPE PEIXOTO,1716,,
2012,114,149,2,111,FELIPE PEIXOTO,1716,,
2012,114,15,1,63,FELIPE PEIXOTO,1090,,
2012,114,15,2,80,FELIPE PEIXOTO,1090,,
2012,114,150,1,85,FELIPE PEIXOTO,1716,,
2012,114,150,2,115,FELIPE PEIXOTO,1716,,
2012,114,151,1,78,FELIPE PEIXOTO,1716,,
2012,114,151,2,127,FELIPE PEIXOTO,1716,,
2012,114,152,1,71,FELIPE PEIXOTO,1732,,
2012,114,152,2,110,FELIPE PEIXOTO,1732,,
2012,114,153,1,80,FELIPE PEIXOTO,1732,,
2012,114,153,2,112,FELIPE PEIXOTO,1732,,
2012,114,154,1,64,FELIPE PEIXOTO,1732,,
2012,114,154,2,77,FELIPE PEIXOTO,1732,,
2012,114,181,1,73,FELIPE PEIXOTO,1333,,
2012,114,181,2,101,FELIPE PEIXOTO,1333,,
2012,114,182,1,53,FELIPE PEIXOTO,1660,,
2012,114,182,2,70,FELIPE PEIXOTO,1660,,
2012,114,186,1,60,FELIPE PEIXOTO,1090,,
2012,114,186,2,81,FELIPE PEIXOTO,1090,,
2012,114,189,1,90,FELIPE PEIXOTO,1279,,
2012,114,189,2,122,FELIPE PEIXOTO,1279,,
2012,114,199,1,68,FELIPE PEIXOTO,1333,,
2012,114,199,2,110,FELIPE PEIXOTO,1333,,
2012,114,2,1,66,FELIPE PEIXOTO,1090,,
2012,114,2,2,91,FELIPE PEIXOTO,1090,,
2012,114,200,1,65,FELIPE PEIXOTO,1090,,
2012,114,200,2,90,FELIPE PEIXOTO,1090,,
2012,114,202,1,75,FELIPE PEIXOTO,1600,,
2012,114,202,2,96,FELIPE PEIXOTO,1600,,
2012,114,203,1,76,FELIPE PEIXOTO,1635,,
2012,114,203,2,106,FELIPE PEIXOTO,1635,,
2012,114,209,1,62,FELIPE PEIXOTO,1090,,
2012,114,209,2,83,FELIPE PEIXOTO,1090,,
2012,114,210,1,87,FELIPE PEIXOTO,1597,,
2012,114,210,2,125,FELIPE PEIXOTO,1597,,
2012,114,211,1,61,FELIPE PEIXOTO,1333,,
2012,114,211,2,98,FELIPE PEIXOTO,1333,,
2012,114,217,1,81,FELIPE PEIXOTO,1635,,
2012,114,217,2,123,FELIPE PEIXOTO,1635,,
2012,114,218,1,33,FELIPE PEIXOTO,1082,,
2012,114,218,2,47,FELIPE PEIXOTO,1082,,
2012,114,219,1,41,FELIPE PEIXOTO,1082,,
2012,114,219,2,56,FELIPE PEIXOTO,1082,,
2012,114,225,1,61,FELIPE PEIXOTO,1546,,
2012,114,225,2,94,FELIPE PEIXOTO,1546,,
2012,114,227,1,44,FELIPE PEIXOTO,1082,,
2012,114,227,2,61,FELIPE PEIXOTO,1082,,
2012,114,232,1,74,FELIPE PEIXOTO,1643,,
2012,114,232,2,116,FELIPE PEIXOTO,1643,,
2012,114,235,1,42,FELIPE PEIXOTO,1082,,
2012,114,235,2,67,FELIPE PEIXOTO,1082,,
2012,114,241,1,63,FELIPE PEIXOTO,1716,,
2012,114,241,2,105,FELIPE PEIXOTO,1716,,
2012,114,246,1,84,FELIPE PEIXOTO,1635,,
2012,114,246,2,99,FELIPE PEIXOTO,1635,,
2012,114,248,1,61,FELIPE PEIXOTO,1643,,
2012,114,248,2,103,FELIPE PEIXOTO,1643,,
2012,114,249,1,67,FELIPE PEIXOTO,1090,,
2012,114,249,2,88,FELIPE PEIXOTO,1090,,
2012,114,251,1,58,FELIPE PEIXOTO,1538,,
2012,114,251,2,89,FELIPE PEIXOTO,1538,,
2012,114,254,1,57,FELIPE PEIXOTO,1643,,
2012,114,254,2,79,FELIPE PEIXOTO,1643,,
2012,114,255,1,62,FELIPE PEIXOTO,1333,,
2012,114,255,2,111,FELIPE PEIXOTO,1333,,
2012,114,256,1,85,FELIPE PEIXOTO,1600,,
2012,114,256,2,123,FELIPE PEIXOTO,1600,,
2012,114,259,1,89,FELIPE PEIXOTO,1635,,
2012,114,259,2,108,FELIPE PEIXOTO,1635,,
2012,114,26,1,64,FELIPE PEIXOTO,1333,,
2012,114,26,2,94,FELIPE PEIXOTO,1333,,
2012,114,260,1,27,FELIPE PEIXOTO,1660,,
2012,114,260,2,37,FELIPE PEIXOTO,1660,,
2012,114,267,1,76,FELIPE PEIXOTO,1546,,
2012,114,267,2,104,FELIPE PEIXOTO,1546,,
2012,114,268,1,70,FELIPE PEIXOTO,1279,,
2012,114,268,2,111,FELIPE PEIXOTO,1279,,
2012,114,269,1,92,FELIPE PEIXOTO,1600,,
2012,114,269,2,125,FELIPE PEIXOTO,1600,,
2012,114,270,1,78,FELIPE PEIXOTO,1716,,
2012,114,270,2,109,FELIPE PEIXOTO,1716,,
2012,114,271,1,64,FELIPE PEIXOTO,1635,,
2012,114,271,2,86,FELIPE PEIXOTO,1635,,
2012,114,272,1,56,FELIPE PEIXOTO,1090,,
2012,114,272,2,74,FELIPE PEIXOTO,1090,,
2012,114,273,1,68,FELIPE PEIXOTO,1546,,
2012,114,273,2,96,FELIPE PEIXOTO,1546,,
2012,114,3,1,45,FELIPE PEIXOTO,1082,,
2012,114,3,2,62,FELIPE PEIXOTO,1082,,
2012,114,4,1,46,FELIPE PEIXOTO,1082,,
2012,114,4,2,66,FELIPE PEIXOTO,1082,,
2012,114,48,1,93,FELIPE PEIXOTO,1279,,
2012,114,48,2,128,FELIPE PEIXOTO,1279,,
2012,114,49,1,96,FELIPE PEIXOTO,1279,,
2012,114,49,2,137,FELIPE PEIXOTO,1279,,
2012,114,5,1,70,FELIPE PEIXOTO,1090,,
2012,114,5,2,96,FELIPE PEIXOTO,1090,,
2012,114,50,1,96,FELIPE PEIXOTO,1279,,
2012,114,50,2,133,FELIPE PEIXOTO,1279,,
2012,114,6,1,53,FELIPE PEIXOTO,1090,,
2012,114,6,2,70,FELIPE PEIXOTO,1090,,
2012,114,65,1,86,FELIPE PEIXOTO,1333,,
2012,114,65,2,108,FELIPE PEIXOTO,1333,,
2012,114,66,1,75,FELIPE PEIXOTO,1333,,
2012,114,66,2,112,FELIPE PEIXOTO,1333,,
2012,114,67,1,75,FELIPE PEIXOTO,1333,,
2012,114,67,2,114,FELIPE PEIXOTO,1333,,
2012,114,68,1,71,FELIPE PEIXOTO,1333,,
2012,114,68,2,96,FELIPE PEIXOTO,1333,,
2012,114,69,1,61,FELIPE PEIXOTO,1333,,
2012,114,69,2,111,FELIPE PEIXOTO,1333,,
2012,114,7,1,77,FELIPE PEIXOTO,1090,,
2012,114,7,2,95,FELIPE PEIXOTO,1090,,
2012,114,70,1,85,FELIPE PEIXOTO,1333,,
2012,114,70,2,100,FELIPE PEIXOTO,1333,,
2012,114,71,1,72,FELIPE PEIXOTO,1333,,
2012,114,71,2,94,FELIPE PEIXOTO,1333,,
2012,114,72,1,64,FELIPE PEIXOTO,1333,,
2012,114,72,2,86,FELIPE PEIXOTO,1333,,
2012,114,8,1,44,FELIPE PEIXOTO,1082,,
2012,114,8,2,63,FELIPE PEIXOTO,1082,,
2012,114,87,1,65,FELIPE PEIXOTO,1333,,
2012,114,87,2,112,FELIPE PEIXOTO,1333,,
2012,114,88,1,71,FELIPE PEIXOTO,1333,,
2012,114,88,2,96,FELIPE PEIXOTO,1333,,
2012,114,9,1,39,FELIPE PEIXOTO,1082,,
2012,114,9,2,57,FELIPE PEIXOTO,1082,,
2012,115,100,1,73,FELIPE PEIXOTO,1414,,
2012,115,100,2,103,FELIPE PEIXOTO,1414,,
2012,115,101,1,68,FELIPE PEIXOTO,1414,,
2012,115,101,2,91,FELIPE PEIXOTO,1414,,
2012,115,102,1,84,FELIPE PEIXOTO,1457,,
2012,115,102,2,108,FELIPE PEIXOTO,1457,,
2012,115,103,1,76,FELIPE PEIXOTO,1457,,
2012,115,103,2,102,FELIPE PEIXOTO,1457,,
2012,115,104,1,63,FELIPE PEIXOTO,1457,,
2012,115,104,2,109,FELIPE PEIXOTO,1457,,
2012,115,105,1,86,FELIPE PEIXOTO,1457,,
2012,115,105,2,107,FELIPE PEIXOTO,1457,,
2012,115,106,1,70,FELIPE PEIXOTO,1457,,
2012,115,106,2,99,FELIPE PEIXOTO,1457,,
2012,115,107,1,93,FELIPE PEIXOTO,1589,,
2012,115,107,2,128,FELIPE PEIXOTO,1589,,
2012,115,108,1,97,FELIPE PEIXOTO,1589,,
2012,115,108,2,136,FELIPE PEIXOTO,1589,,
2012,115,109,1,72,FELIPE PEIXOTO,1589,,
2012,115,109,2,109,FELIPE PEIXOTO,1589,,
2012,115,110,1,93,FELIPE PEIXOTO,1589,,
2012,115,110,2,122,FELIPE PEIXOTO,1589,,
2012,115,111,1,51,FELIPE PEIXOTO,1465,,
2012,115,111,2,58,FELIPE PEIXOTO,1465,,
2012,115,112,1,71,FELIPE PEIXOTO,1465,,
2012,115,112,2,85,FELIPE PEIXOTO,1465,,
2012,115,113,1,55,FELIPE PEIXOTO,1465,,
2012,115,113,2,69,FELIPE PEIXOTO,1465,,
2012,115,114,1,69,FELIPE PEIXOTO,1465,,
2012,115,114,2,79,FELIPE PEIXOTO,1465,,
2012,115,115,1,65,FELIPE PEIXOTO,1473,,
2012,115,115,2,89,FELIPE PEIXOTO,1473,,
2012,115,116,1,71,FELIPE PEIXOTO,1473,,
2012,115,116,2,89,FELIPE PEIXOTO,1473,,
2012,115,117,1,58,FELIPE PEIXOTO,1473,,
2012,115,117,2,80,FELIPE PEIXOTO,1473,,
2012,115,118,1,72,FELIPE PEIXOTO,1473,,
2012,115,118,2,92,FELIPE PEIXOTO,1473,,
2012,115,119,1,66,FELIPE PEIXOTO,1473,,
2012,115,119,2,87,FELIPE PEIXOTO,1473,,
2012,115,120,1,77,FELIPE PEIXOTO,1473,,
2012,115,120,2,94,FELIPE PEIXOTO,1473,,
2012,115,121,1,66,FELIPE PEIXOTO,1473,,
2012,115,121,2,90,FELIPE PEIXOTO,1473,,
2012,115,122,1,95,FELIPE PEIXOTO,1481,,
2012,115,122,2,108,FELIPE PEIXOTO,1481,,
2012,115,123,1,108,FELIPE PEIXOTO,1481,,
2012,115,123,2,114,FELIPE PEIXOTO,1481,,
2012,115,124,1,104,FELIPE PEIXOTO,1481,,
2012,115,124,2,120,FELIPE PEIXOTO,1481,,
2012,115,125,1,96,FELIPE PEIXOTO,1481,,
2012,115,125,2,119,FELIPE PEIXOTO,1481,,
2012,115,126,1,102,FELIPE PEIXOTO,1481,,
2012,115,126,2,125,FELIPE PEIXOTO,1481,,
2012,115,127,1,87,FELIPE PEIXOTO,1481,,
2012,115,127,2,108,FELIPE PEIXOTO,1481,,
2012,115,128,1,83,FELIPE PEIXOTO,1490,,
2012,115,128,2,124,FELIPE PEIXOTO,1490,,
2012,115,129,1,55,FELIPE PEIXOTO,1490,,
2012,115,129,2,63,FELIPE PEIXOTO,1490,,
2012,115,130,1,83,FELIPE PEIXOTO,1503,,
2012,115,130,2,117,FELIPE PEIXOTO,1503,,
2012,115,131,1,100,FELIPE PEIXOTO,1503,,
2012,115,131,2,128,FELIPE PEIXOTO,1503,,
2012,115,132,1,66,FELIPE PEIXOTO,1503,,
2012,115,132,2,114,FELIPE PEIXOTO,1503,,
2012,115,133,1,65,FELIPE PEIXOTO,1554,,
2012,115,133,2,80,FELIPE PEIXOTO,1554,,
2012,115,134,1,46,FELIPE PEIXOTO,1520,,
2012,115,134,2,57,FELIPE PEIXOTO,1520,,
2012,115,135,1,46,FELIPE PEIXOTO,1520,,
2012,115,135,2,61,FELIPE PEIXOTO,1520,,
2012,115,136,1,87,FELIPE PEIXOTO,1538,,
2012,115,136,2,124,FELIPE PEIXOTO,1538,,
2012,115,137,1,100,FELIPE PEIXOTO,1538,,
2012,115,137,2,148,FELIPE PEIXOTO,1538,,
2012,115,138,1,71,FELIPE PEIXOTO,1457,,
2012,115,138,2,110,FELIPE PEIXOTO,1457,,
2012,115,139,1,65,FELIPE PEIXOTO,1554,,
2012,115,139,2,79,FELIPE PEIXOTO,1554,,
2012,115,140,1,62,FELIPE PEIXOTO,1554,,
2012,115,140,2,74,FELIPE PEIXOTO,1554,,
2012,115,141,1,57,FELIPE PEIXOTO,1554,,
2012,115,141,2,80,FELIPE PEIXOTO,1554,,
2012,115,147,1,62,FELIPE PEIXOTO,1473,,
2012,115,147,2,75,FELIPE PEIXOTO,1473,,
2012,115,148,1,32,FELIPE PEIXOTO,1554,,
2012,115,148,2,37,FELIPE PEIXOTO,1554,,
2012,115,153,1,70,FELIPE PEIXOTO,1490,,
2012,115,153,2,117,FELIPE PEIXOTO,1490,,
2012,115,155,1,56,FELIPE PEIXOTO,1589,,
2012,115,155,2,77,FELIPE PEIXOTO,1589,,
2012,115,158,1,44,FELIPE PEIXOTO,1465,,
2012,115,158,2,66,FELIPE PEIXOTO,1465,,
2012,115,159,1,101,FELIPE PEIXOTO,1481,,
2012,115,159,2,120,FELIPE PEIXOTO,1481,,
2012,115,165,1,49,FELIPE PEIXOTO,1520,,
2012,115,165,2,67,FELIPE PEIXOTO,1520,,
2012,115,167,1,70,FELIPE PEIXOTO,1538,,
2012,115,167,2,130,FELIPE PEIXOTO,1538,,
2012,115,169,1,94,FELIPE PEIXOTO,1414,,
2012,115,169,2,116,FELIPE PEIXOTO,1414,,
2012,115,171,1,53,FELIPE PEIXOTO,1457,,
2012,115,171,2,89,FELIPE PEIXOTO,1457,,
2012,115,172,1,73,FELIPE PEIXOTO,1554,,
2012,115,172,2,80,FELIPE PEIXOTO,1554,,
2012,115,173,1,84,FELIPE PEIXOTO,1406,,
2012,115,173,2,139,FELIPE PEIXOTO,1406,,
2012,115,175,1,85,FELIPE PEIXOTO,1503,,
2012,115,175,2,119,FELIPE PEIXOTO,1503,,
2012,115,179,1,54,FELIPE PEIXOTO,1414,,
2012,115,179,2,87,FELIPE PEIXOTO,1414,,
2012,115,180,1,85,FELIPE PEIXOTO,1422,,
2012,115,180,2,100,FELIPE PEIXOTO,1422,,
2012,115,182,1,82,FELIPE PEIXOTO,1473,,
2012,115,182,2,105,FELIPE PEIXOTO,1473,,
2012,115,183,1,74,FELIPE PEIXOTO,1457,,
2012,115,183,2,97,FELIPE PEIXOTO,1457,,
2012,115,185,1,90,FELIPE PEIXOTO,1481,,
2012,115,185,2,123,FELIPE PEIXOTO,1481,,
2012,115,186,1,81,FELIPE PEIXOTO,1406,,
2012,115,186,2,118,FELIPE PEIXOTO,1406,,
2012,115,192,1,79,FELIPE PEIXOTO,1457,,
2012,115,192,2,103,FELIPE PEIXOTO,1457,,
2012,115,195,1,68,FELIPE PEIXOTO,1465,,
2012,115,195,2,75,FELIPE PEIXOTO,1465,,
2012,115,196,1,29,FELIPE PEIXOTO,1414,,
2012,115,196,2,50,FELIPE PEIXOTO,1414,,
2012,115,199,1,49,FELIPE PEIXOTO,1406,,
2012,115,199,2,93,FELIPE PEIXOTO,1406,,
2012,115,200,1,65,FELIPE PEIXOTO,1473,,
2012,115,200,2,72,FELIPE PEIXOTO,1473,,
2012,115,202,1,48,FELIPE PEIXOTO,1457,,
2012,115,202,2,79,FELIPE PEIXOTO,1457,,
2012,115,205,1,86,FELIPE PEIXOTO,1481,,
2012,115,205,2,104,FELIPE PEIXOTO,1481,,
2012,115,206,1,75,FELIPE PEIXOTO,1384,,
2012,115,206,2,106,FELIPE PEIXOTO,1384,,
2012,115,209,1,69,FELIPE PEIXOTO,1406,,
2012,115,209,2,114,FELIPE PEIXOTO,1406,,
2012,115,210,1,73,FELIPE PEIXOTO,1538,,
2012,115,210,2,101,FELIPE PEIXOTO,1538,,
2012,115,211,1,47,FELIPE PEIXOTO,1465,,
2012,115,211,2,60,FELIPE PEIXOTO,1465,,
2012,115,212,1,42,FELIPE PEIXOTO,1465,,
2012,115,212,2,54,FELIPE PEIXOTO,1465,,
2012,115,213,1,73,FELIPE PEIXOTO,1406,,
2012,115,213,2,114,FELIPE PEIXOTO,1406,,
2012,115,214,1,74,FELIPE PEIXOTO,1457,,
2012,115,214,2,93,FELIPE PEIXOTO,1457,,
2012,115,215,1,72,FELIPE PEIXOTO,1503,,
2012,115,215,2,101,FELIPE PEIXOTO,1503,,
2012,115,216,1,65,FELIPE PEIXOTO,1473,,
2012,115,216,2,84,FELIPE PEIXOTO,1473,,
2012,115,217,1,59,FELIPE PEIXOTO,1384,,
2012,115,217,2,92,FELIPE PEIXOTO,1384,,
2012,115,219,1,35,FELIPE PEIXOTO,1406,,
2012,115,219,2,52,FELIPE PEIXOTO,1406,,
2012,115,83,1,55,FELIPE PEIXOTO,1465,,
2012,115,83,2,67,FELIPE PEIXOTO,1465,,
2012,115,84,1,99,FELIPE PEIXOTO,1384,,
2012,115,84,2,122,FELIPE PEIXOTO,1384,,
2012,115,85,1,83,FELIPE PEIXOTO,1384,,
2012,115,85,2,104,FELIPE PEIXOTO,1384,,
2012,115,86,1,40,FELIPE PEIXOTO,1554,,
2012,115,86,2,47,FELIPE PEIXOTO,1554,,
2012,115,87,1,42,FELIPE PEIXOTO,1520,,
2012,115,87,2,68,FELIPE PEIXOTO,1520,,
2012,115,88,1,82,FELIPE PEIXOTO,1406,,
2012,115,88,2,133,FELIPE PEIXOTO,1406,,
2012,115,89,1,79,FELIPE PEIXOTO,1406,,
2012,115,89,2,127,FELIPE PEIXOTO,1406,,
2012,115,90,1,89,FELIPE PEIXOTO,1406,,
2012,115,90,2,133,FELIPE PEIXOTO,1406,,
2012,115,91,1,82,FELIPE PEIXOTO,1406,,
2012,115,91,2,117,FELIPE PEIXOTO,1406,,
2012,115,92,1,77,FELIPE PEIXOTO,1406,,
2012,115,92,2,122,FELIPE PEIXOTO,1406,,
2012,115,93,1,80,FELIPE PEIXOTO,1406,,
2012,115,93,2,123,FELIPE PEIXOTO,1406,,
2012,115,94,1,72,FELIPE PEIXOTO,1414,,
2012,115,94,2,74,FELIPE PEIXOTO,1414,,
2012,115,95,1,74,FELIPE PEIXOTO,1414,,
2012,115,95,2,110,FELIPE PEIXOTO,1414,,
2012,115,96,1,93,FELIPE PEIXOTO,1422,,
2012,115,96,2,115,FELIPE PEIXOTO,1422,,
2012,115,97,1,85,FELIPE PEIXOTO,1422,,
2012,115,97,2,108,FELIPE PEIXOTO,1422,,
2012,115,98,1,59,FELIPE PEIXOTO,1422,,
2012,115,98,2,70,FELIPE PEIXOTO,1422,,
2012,115,99,1,84,FELIPE PEIXOTO,1422,,
2012,115,99,2,92,FELIPE PEIXOTO,1422,,
2012,140,1,1,59,FELIPE PEIXOTO,1015,,
2012,140,1,2,94,FELIPE PEIXOTO,1015,,
2012,140,10,1,57,FELIPE PEIXOTO,1023,,
2012,140,10,2,90,FELIPE PEIXOTO,1023,,
2012,140,11,1,95,FELIPE PEIXOTO,1031,,
2012,140,11,2,132,FELIPE PEIXOTO,1031,,
2012,140,12,1,96,FELIPE PEIXOTO,1031,,
2012,140,12,2,131,FELIPE PEIXOTO,1031,,
2012,140,13,1,64,FELIPE PEIXOTO,1031,,
2012,140,13,2,98,FELIPE PEIXOTO,1031,,
2012,140,14,1,112,FELIPE PEIXOTO,1040,,
2012,140,14,2,165,FELIPE PEIXOTO,1040,,
2012,140,15,1,81,FELIPE PEIXOTO,1040,,
2012,140,15,2,148,FELIPE PEIXOTO,1040,,
2012,140,16,1,67,FELIPE PEIXOTO,1082,,
2012,140,16,2,117,FELIPE PEIXOTO,1082,,
2012,140,17,1,56,FELIPE PEIXOTO,1082,,
2012,140,17,2,92,FELIPE PEIXOTO,1082,,
2012,140,18,1,89,FELIPE PEIXOTO,1066,,
2012,140,18,2,144,FELIPE PEIXOTO,1066,,
2012,140,19,1,86,FELIPE PEIXOTO,1066,,
2012,140,19,2,138,FELIPE PEIXOTO,1066,,
2012,140,2,1,93,FELIPE PEIXOTO,1015,,
2012,140,2,2,129,FELIPE PEIXOTO,1015,,
2012,140,20,1,91,FELIPE PEIXOTO,1074,,
2012,140,20,2,132,FELIPE PEIXOTO,1074,,
2012,140,21,1,84,FELIPE PEIXOTO,1074,,
2012,140,21,2,137,FELIPE PEIXOTO,1074,,
2012,140,22,1,71,FELIPE PEIXOTO,1074,,
2012,140,22,2,116,FELIPE PEIXOTO,1074,,
2012,140,23,1,69,FELIPE PEIXOTO,1074,,
2012,140,23,2,116,FELIPE PEIXOTO,1074,,
2012,140,24,1,87,FELIPE PEIXOTO,1082,,
2012,140,24,2,141,FELIPE PEIXOTO,1082,,
2012,140,25,1,75,FELIPE PEIXOTO,1082,,
2012,140,25,2,124,FELIPE PEIXOTO,1082,,
2012,140,26,1,90,FELIPE PEIXOTO,1082,,
2012,140,26,2,130,FELIPE PEIXOTO,1082,,
2012,140,27,1,81,FELIPE PEIXOTO,1082,,
2012,140,27,2,147,FELIPE PEIXOTO,1082,,
2012,140,28,1,77,FELIPE PEIXOTO,1082,,
2012,140,28,2,115,FELIPE PEIXOTO,1082,,
2012,140,29,1,78,FELIPE PEIXOTO,1090,,
2012,140,29,2,120,FELIPE PEIXOTO,1090,,
2012,140,3,1,91,FELIPE PEIXOTO,1015,,
2012,140,3,2,120,FELIPE PEIXOTO,1015,,
2012,140,30,1,58,FELIPE PEIXOTO,1090,,
2012,140,30,2,87,FELIPE PEIXOTO,1090,,
2012,140,31,1,76,FELIPE PEIXOTO,1090,,
2012,140,31,2,131,FELIPE PEIXOTO,1090,,
2012,140,32,1,84,FELIPE PEIXOTO,1090,,
2012,140,32,2,117,FELIPE PEIXOTO,1090,,
2012,140,33,1,68,FELIPE PEIXOTO,1090,,
2012,140,33,2,118,FELIPE PEIXOTO,1090,,
2012,140,34,1,71,FELIPE PEIXOTO,1104,,
2012,140,34,2,93,FELIPE PEIXOTO,1104,,
2012,140,35,1,89,FELIPE PEIXOTO,1104,,
2012,140,35,2,131,FELIPE PEIXOTO,1104,,
2012,140,36,1,92,FELIPE PEIXOTO,1104,,
2012,140,36,2,135,FELIPE PEIXOTO,1104,,
2012,140,37,1,56,FELIPE PEIXOTO,1155,,
2012,140,37,2,84,FELIPE PEIXOTO,1155,,
2012,140,38,1,54,FELIPE PEIXOTO,1155,,
2012,140,38,2,81,FELIPE PEIXOTO,1155,,
2012,140,39,1,72,FELIPE PEIXOTO,1155,,
2012,140,39,2,87,FELIPE PEIXOTO,1155,,
2012,140,4,1,77,FELIPE PEIXOTO,1015,,
2012,140,4,2,126,FELIPE PEIXOTO,1015,,
2012,140,40,1,94,FELIPE PEIXOTO,1120,,
2012,140,40,2,129,FELIPE PEIXOTO,1120,,
2012,140,41,1,81,FELIPE PEIXOTO,1120,,
2012,140,41,2,121,FELIPE PEIXOTO,1120,,
2012,140,42,1,87,FELIPE PEIXOTO,1120,,
2012,140,42,2,139,FELIPE PEIXOTO,1120,,
2012,140,43,1,89,FELIPE PEIXOTO,1120,,
2012,140,43,2,136,FELIPE PEIXOTO,1120,,
2012,140,44,1,79,FELIPE PEIXOTO,1120,,
2012,140,44,2,115,FELIPE PEIXOTO,1120,,
2012,140,45,1,71,FELIPE PEIXOTO,1120,,
2012,140,45,2,123,FELIPE PEIXOTO,1120,,
2012,140,46,1,89,FELIPE PEIXOTO,1120,,
2012,140,46,2,120,FELIPE PEIXOTO,1120,,
2012,140,47,1,84,FELIPE PEIXOTO,1120,,
2012,140,47,2,127,FELIPE PEIXOTO,1120,,
2012,140,48,1,89,FELIPE PEIXOTO,1120,,
2012,140,48,2,144,FELIPE PEIXOTO,1120,,
2012,140,49,1,66,FELIPE PEIXOTO,1120,,
2012,140,49,2,97,FELIPE PEIXOTO,1120,,
2012,140,5,1,64,FELIPE PEIXOTO,1023,,
2012,140,5,2,93,FELIPE PEIXOTO,1023,,
2012,140,50,1,91,FELIPE PEIXOTO,1120,,
2012,140,50,2,121,FELIPE PEIXOTO,1120,,
2012,140,51,1,78,FELIPE PEIXOTO,1120,,
2012,140,51,2,128,FELIPE PEIXOTO,1120,,
2012,140,52,1,54,FELIPE PEIXOTO,1139,,
2012,140,52,2,74,FELIPE PEIXOTO,1139,,
2012,140,53,1,66,FELIPE PEIXOTO,1139,,
2012,140,53,2,85,FELIPE PEIXOTO,1139,,
2012,140,54,1,78,FELIPE PEIXOTO,1139,,
2012,140,54,2,93,FELIPE PEIXOTO,1139,,
2012,140,55,1,59,FELIPE PEIXOTO,1139,,
2012,140,55,2,78,FELIPE PEIXOTO,1139,,
2012,140,56,1,67,FELIPE PEIXOTO,1139,,
2012,140,56,2,85,FELIPE PEIXOTO,1139,,
2012,140,57,1,50,FELIPE PEIXOTO,1139,,
2012,140,57,2,80,FELIPE PEIXOTO,1139,,
2012,140,58,1,62,FELIPE PEIXOTO,1139,,
2012,140,58,2,90,FELIPE PEIXOTO,1139,,
2012,140,59,1,62,FELIPE PEIXOTO,1139,,
2012,140,59,2,90,FELIPE PEIXOTO,1139,,
2012,140,6,1,64,FELIPE PEIXOTO,1023,,
2012,140,6,2,100,FELIPE PEIXOTO,1023,,
2012,140,60,1,52,FELIPE PEIXOTO,1139,,
2012,140,60,2,71,FELIPE PEIXOTO,1139,,
2012,140,61,1,55,FELIPE PEIXOTO,1139,,
2012,140,61,2,83,FELIPE PEIXOTO,1139,,
2012,140,62,1,52,FELIPE PEIXOTO,1139,,
2012,140,62,2,82,FELIPE PEIXOTO,1139,,
2012,140,63,1,52,FELIPE PEIXOTO,1139,,
2012,140,63,2,84,FELIPE PEIXOTO,1139,,
2012,140,64,1,45,FELIPE PEIXOTO,1139,,
2012,140,64,2,61,FELIPE PEIXOTO,1139,,
2012,140,65,1,56,FELIPE PEIXOTO,1139,,
2012,140,65,2,89,FELIPE PEIXOTO,1139,,
2012,140,66,1,51,FELIPE PEIXOTO,1139,,
2012,140,66,2,85,FELIPE PEIXOTO,1139,,
2012,140,67,1,86,FELIPE PEIXOTO,1120,,
2012,140,67,2,136,FELIPE PEIXOTO,1120,,
2012,140,68,1,83,FELIPE PEIXOTO,1120,,
2012,140,68,2,128,FELIPE PEIXOTO,1120,,
2012,140,69,1,67,FELIPE PEIXOTO,1120,,
2012,140,69,2,131,FELIPE PEIXOTO,1120,,
2012,140,7,1,73,FELIPE PEIXOTO,1023,,
2012,140,7,2,98,FELIPE PEIXOTO,1023,,
2012,140,70,1,66,FELIPE PEIXOTO,1120,,
2012,140,70,2,116,FELIPE PEIXOTO,1120,,
2012,140,71,1,97,FELIPE PEIXOTO,1120,,
2012,140,71,2,117,FELIPE PEIXOTO,1120,,
2012,140,72,1,58,FELIPE PEIXOTO,1155,,
2012,140,72,2,78,FELIPE PEIXOTO,1155,,
2012,140,73,1,61,FELIPE PEIXOTO,1155,,
2012,140,73,2,84,FELIPE PEIXOTO,1155,,
2012,140,74,1,57,FELIPE PEIXOTO,1155,,
2012,140,74,2,88,FELIPE PEIXOTO,1155,,
2012,140,75,1,68,FELIPE PEIXOTO,1155,,
2012,140,75,2,95,FELIPE PEIXOTO,1155,,
2012,140,76,1,68,FELIPE PEIXOTO,1155,,
2012,140,76,2,88,FELIPE PEIXOTO,1155,,
2012,140,77,1,82,FELIPE PEIXOTO,1163,,
2012,140,77,2,127,FELIPE PEIXOTO,1163,,
2012,140,78,1,86,FELIPE PEIXOTO,1163,,
2012,140,78,2,136,FELIPE PEIXOTO,1163,,
2012,140,79,1,98,FELIPE PEIXOTO,1163,,
2012,140,79,2,144,FELIPE PEIXOTO,1163,,
2012,140,8,1,49,FELIPE PEIXOTO,1023,,
2012,140,8,2,75,FELIPE PEIXOTO,1023,,
2012,140,80,1,50,FELIPE PEIXOTO,1155,,
2012,140,80,2,84,FELIPE PEIXOTO,1155,,
2012,140,81,1,50,FELIPE PEIXOTO,1155,,
2012,140,81,2,75,FELIPE PEIXOTO,1155,,
2012,140,82,1,48,FELIPE PEIXOTO,1155,,
2012,140,82,2,75,FELIPE PEIXOTO,1155,,
2012,140,83,1,57,FELIPE PEIXOTO,1155,,
2012,140,83,2,85,FELIPE PEIXOTO,1155,,
2012,140,84,1,51,FELIPE PEIXOTO,1155,,
2012,140,84,2,93,FELIPE PEIXOTO,1155,,
2012,140,85,1,70,FELIPE PEIXOTO,1155,,
2012,140,85,2,91,FELIPE PEIXOTO,1155,,
2012,140,86,1,59,FELIPE PEIXOTO,1155,,
2012,140,86,2,92,FELIPE PEIXOTO,1155,,
2012,140,87,1,60,FELIPE PEIXOTO,1040,,
2012,140,87,2,101,FELIPE PEIXOTO,1040,,
2012,140,88,1,79,FELIPE PEIXOTO,1082,,
2012,140,88,2,130,FELIPE PEIXOTO,1082,,
2012,140,89,1,63,FELIPE PEIXOTO,1074,,
2012,140,89,2,95,FELIPE PEIXOTO,1074,,
2012,140,9,1,63,FELIPE PEIXOTO,1023,,
2012,140,9,2,95,FELIPE PEIXOTO,1023,,
2012,140,90,1,51,FELIPE PEIXOTO,1163,,
2012,140,90,2,75,FELIPE PEIXOTO,1163,,
2012,142,1,1,67,FELIPE PEIXOTO,1015,,
2012,142,1,2,92,FELIPE PEIXOTO,1015,,
2012,142,10,1,73,FELIPE PEIXOTO,1058,,
2012,142,10,2,104,FELIPE PEIXOTO,1058,,
2012,142,100,1,70,FELIPE PEIXOTO,1201,,
2012,142,100,2,92,FELIPE PEIXOTO,1201,,
2012,142,101,1,83,FELIPE PEIXOTO,1201,,
2012,142,101,2,115,FELIPE PEIXOTO,1201,,
2012,142,102,1,72,FELIPE PEIXOTO,1201,,
2012,142,102,2,106,FELIPE PEIXOTO,1201,,
2012,142,103,1,83,FELIPE PEIXOTO,1201,,
2012,142,103,2,119,FELIPE PEIXOTO,1201,,
2012,142,104,1,80,FELIPE PEIXOTO,1201,,
2012,142,104,2,115,FELIPE PEIXOTO,1201,,
2012,142,105,1,80,FELIPE PEIXOTO,1201,,
2012,142,105,2,100,FELIPE PEIXOTO,1201,,
2012,142,106,1,67,FELIPE PEIXOTO,1201,,
2012,142,106,2,85,FELIPE PEIXOTO,1201,,
2012,142,107,1,63,FELIPE PEIXOTO,1210,,
2012,142,107,2,90,FELIPE PEIXOTO,1210,,
2012,142,108,1,84,FELIPE PEIXOTO,1210,,
2012,142,108,2,95,FELIPE PEIXOTO,1210,,
2012,142,109,1,70,FELIPE PEIXOTO,1210,,
2012,142,109,2,85,FELIPE PEIXOTO,1210,,
2012,142,11,1,67,FELIPE PEIXOTO,1058,,
2012,142,11,2,102,FELIPE PEIXOTO,1058,,
2012,142,110,1,86,FELIPE PEIXOTO,1244,,
2012,142,110,2,118,FELIPE PEIXOTO,1244,,
2012,142,111,1,64,FELIPE PEIXOTO,1244,,
2012,142,111,2,95,FELIPE PEIXOTO,1244,,
2012,142,112,1,76,FELIPE PEIXOTO,1244,,
2012,142,112,2,103,FELIPE PEIXOTO,1244,,
2012,142,113,1,92,FELIPE PEIXOTO,1244,,
2012,142,113,2,112,FELIPE PEIXOTO,1244,,
2012,142,114,1,73,FELIPE PEIXOTO,1244,,
2012,142,114,2,112,FELIPE PEIXOTO,1244,,
2012,142,115,1,87,FELIPE PEIXOTO,1210,,
2012,142,115,2,119,FELIPE PEIXOTO,1210,,
2012,142,116,1,86,FELIPE PEIXOTO,1210,,
2012,142,116,2,90,FELIPE PEIXOTO,1210,,
2012,142,117,1,84,FELIPE PEIXOTO,1210,,
2012,142,117,2,103,FELIPE PEIXOTO,1210,,
2012,142,118,1,89,FELIPE PEIXOTO,1210,,
2012,142,118,2,107,FELIPE PEIXOTO,1210,,
2012,142,119,1,58,FELIPE PEIXOTO,1244,,
2012,142,119,2,84,FELIPE PEIXOTO,1244,,
2012,142,12,1,69,FELIPE PEIXOTO,1058,,
2012,142,12,2,114,FELIPE PEIXOTO,1058,,
2012,142,120,1,68,FELIPE PEIXOTO,1244,,
2012,142,120,2,107,FELIPE PEIXOTO,1244,,
2012,142,121,1,74,FELIPE PEIXOTO,1244,,
2012,142,121,2,93,FELIPE PEIXOTO,1244,,
2012,142,122,1,60,FELIPE PEIXOTO,1244,,
2012,142,122,2,102,FELIPE PEIXOTO,1244,,
2012,142,123,1,58,FELIPE PEIXOTO,1244,,
2012,142,123,2,86,FELIPE PEIXOTO,1244,,
2012,142,124,1,69,FELIPE PEIXOTO,1244,,
2012,142,124,2,104,FELIPE PEIXOTO,1244,,
2012,142,125,1,67,FELIPE PEIXOTO,1244,,
2012,142,125,2,95,FELIPE PEIXOTO,1244,,
2012,142,126,1,85,FELIPE PEIXOTO,1252,,
2012,142,126,2,107,FELIPE PEIXOTO,1252,,
2012,142,127,1,81,FELIPE PEIXOTO,1252,,
2012,142,127,2,113,FELIPE PEIXOTO,1252,,
2012,142,128,1,72,FELIPE PEIXOTO,1252,,
2012,142,128,2,86,FELIPE PEIXOTO,1252,,
2012,142,129,1,85,FELIPE PEIXOTO,1252,,
2012,142,129,2,108,FELIPE PEIXOTO,1252,,
2012,142,13,1,72,FELIPE PEIXOTO,1058,,
2012,142,13,2,104,FELIPE PEIXOTO,1058,,
2012,142,130,1,97,FELIPE PEIXOTO,1260,,
2012,142,130,2,136,FELIPE PEIXOTO,1260,,
2012,142,131,1,79,FELIPE PEIXOTO,1260,,
2012,142,131,2,126,FELIPE PEIXOTO,1260,,
2012,142,132,1,85,FELIPE PEIXOTO,1260,,
2012,142,132,2,120,FELIPE PEIXOTO,1260,,
2012,142,133,1,73,FELIPE PEIXOTO,1260,,
2012,142,133,2,112,FELIPE PEIXOTO,1260,,
2012,142,134,1,82,FELIPE PEIXOTO,1260,,
2012,142,134,2,104,FELIPE PEIXOTO,1260,,
2012,142,135,1,76,FELIPE PEIXOTO,1260,,
2012,142,135,2,101,FELIPE PEIXOTO,1260,,
2012,142,136,1,82,FELIPE PEIXOTO,1260,,
2012,142,136,2,101,FELIPE PEIXOTO,1260,,
2012,142,137,1,89,FELIPE PEIXOTO,1252,,
2012,142,137,2,98,FELIPE PEIXOTO,1252,,
2012,142,138,1,85,FELIPE PEIXOTO,1252,,
2012,142,138,2,121,FELIPE PEIXOTO,1252,,
2012,142,139,1,81,FELIPE PEIXOTO,1252,,
2012,142,139,2,95,FELIPE PEIXOTO,1252,,
2012,142,14,1,79,FELIPE PEIXOTO,1058,,
2012,142,14,2,113,FELIPE PEIXOTO,1058,,
2012,142,140,1,80,FELIPE PEIXOTO,1090,,
2012,142,140,2,133,FELIPE PEIXOTO,1090,,
2012,142,141,1,61,FELIPE PEIXOTO,1090,,
2012,142,141,2,110,FELIPE PEIXOTO,1090,,
2012,142,142,1,69,FELIPE PEIXOTO,1180,,
2012,142,142,2,77,FELIPE PEIXOTO,1180,,
2012,142,143,1,61,FELIPE PEIXOTO,1112,,
2012,142,143,2,111,FELIPE PEIXOTO,1112,,
2012,142,144,1,74,FELIPE PEIXOTO,1244,,
2012,142,144,2,108,FELIPE PEIXOTO,1244,,
2012,142,145,1,62,FELIPE PEIXOTO,1201,,
2012,142,145,2,77,FELIPE PEIXOTO,1201,,
2012,142,146,1,50,FELIPE PEIXOTO,1031,,
2012,142,146,2,68,FELIPE PEIXOTO,1031,,
2012,142,147,1,51,FELIPE PEIXOTO,1244,,
2012,142,147,2,77,FELIPE PEIXOTO,1244,,
2012,142,148,1,65,FELIPE PEIXOTO,1244,,
2012,142,148,2,96,FELIPE PEIXOTO,1244,,
2012,142,149,1,85,FELIPE PEIXOTO,1279,,
2012,142,149,2,113,FELIPE PEIXOTO,1279,,
2012,142,15,1,69,FELIPE PEIXOTO,1058,,
2012,142,15,2,115,FELIPE PEIXOTO,1058,,
2012,142,150,1,87,FELIPE PEIXOTO,1198,,
2012,142,150,2,113,FELIPE PEIXOTO,1198,,
2012,142,151,1,62,FELIPE PEIXOTO,1279,,
2012,142,151,2,76,FELIPE PEIXOTO,1279,,
2012,142,152,1,90,FELIPE PEIXOTO,1198,,
2012,142,152,2,107,FELIPE PEIXOTO,1198,,
2012,142,153,1,80,FELIPE PEIXOTO,1279,,
2012,142,153,2,92,FELIPE PEIXOTO,1279,,
2012,142,154,1,65,FELIPE PEIXOTO,1031,,
2012,142,154,2,96,FELIPE PEIXOTO,1031,,
2012,142,155,1,74,FELIPE PEIXOTO,1112,,
2012,142,155,2,117,FELIPE PEIXOTO,1112,,
2012,142,156,1,62,FELIPE PEIXOTO,1210,,
2012,142,156,2,80,FELIPE PEIXOTO,1210,,
2012,142,157,1,46,FELIPE PEIXOTO,1198,,
2012,142,157,2,54,FELIPE PEIXOTO,1198,,
2012,142,158,1,56,FELIPE PEIXOTO,1112,,
2012,142,158,2,79,FELIPE PEIXOTO,1112,,
2012,142,16,1,60,FELIPE PEIXOTO,1058,,
2012,142,16,2,82,FELIPE PEIXOTO,1058,,
2012,142,17,1,75,FELIPE PEIXOTO,1058,,
2012,142,17,2,106,FELIPE PEIXOTO,1058,,
2012,142,18,1,70,FELIPE PEIXOTO,1058,,
2012,142,18,2,103,FELIPE PEIXOTO,1058,,
2012,142,19,1,70,FELIPE PEIXOTO,1058,,
2012,142,19,2,117,FELIPE PEIXOTO,1058,,
2012,142,2,1,83,FELIPE PEIXOTO,1015,,
2012,142,2,2,111,FELIPE PEIXOTO,1015,,
2012,142,20,1,62,FELIPE PEIXOTO,1058,,
2012,142,20,2,106,FELIPE PEIXOTO,1058,,
2012,142,3,1,68,FELIPE PEIXOTO,1058,,
2012,142,3,2,90,FELIPE PEIXOTO,1058,,
2012,142,4,1,61,FELIPE PEIXOTO,1058,,
2012,142,4,2,87,FELIPE PEIXOTO,1058,,
2012,142,5,1,65,FELIPE PEIXOTO,1031,,
2012,142,5,2,97,FELIPE PEIXOTO,1031,,
2012,142,50,1,70,FELIPE PEIXOTO,1090,,
2012,142,50,2,99,FELIPE PEIXOTO,1090,,
2012,142,51,1,77,FELIPE PEIXOTO,1090,,
2012,142,51,2,135,FELIPE PEIXOTO,1090,,
2012,142,52,1,88,FELIPE PEIXOTO,1090,,
2012,142,52,2,121,FELIPE PEIXOTO,1090,,
2012,142,53,1,67,FELIPE PEIXOTO,1090,,
2012,142,53,2,135,FELIPE PEIXOTO,1090,,
2012,142,54,1,88,FELIPE PEIXOTO,1090,,
2012,142,54,2,137,FELIPE PEIXOTO,1090,,
2012,142,55,1,90,FELIPE PEIXOTO,1090,,
2012,142,55,2,143,FELIPE PEIXOTO,1090,,
2012,142,56,1,95,FELIPE PEIXOTO,1090,,
2012,142,56,2,144,FELIPE PEIXOTO,1090,,
2012,142,57,1,106,FELIPE PEIXOTO,1090,,
2012,142,57,2,156,FELIPE PEIXOTO,1090,,
2012,142,58,1,87,FELIPE PEIXOTO,1104,,
2012,142,58,2,136,FELIPE PEIXOTO,1104,,
2012,142,59,1,75,FELIPE PEIXOTO,1104,,
2012,142,59,2,94,FELIPE PEIXOTO,1104,,
2012,142,6,1,71,FELIPE PEIXOTO,1031,,
2012,142,6,2,100,FELIPE PEIXOTO,1031,,
2012,142,60,1,95,FELIPE PEIXOTO,1104,,
2012,142,60,2,140,FELIPE PEIXOTO,1104,,
2012,142,61,1,96,FELIPE PEIXOTO,1112,,
2012,142,61,2,145,FELIPE PEIXOTO,1112,,
2012,142,62,1,82,FELIPE PEIXOTO,1112,,
2012,142,62,2,121,FELIPE PEIXOTO,1112,,
2012,142,63,1,95,FELIPE PEIXOTO,1112,,
2012,142,63,2,146,FELIPE PEIXOTO,1112,,
2012,142,64,1,76,FELIPE PEIXOTO,1112,,
2012,142,64,2,126,FELIPE PEIXOTO,1112,,
2012,142,65,1,80,FELIPE PEIXOTO,1112,,
2012,142,65,2,126,FELIPE PEIXOTO,1112,,
2012,142,71,1,75,FELIPE PEIXOTO,1015,,
2012,142,71,2,104,FELIPE PEIXOTO,1015,,
2012,142,72,1,89,FELIPE PEIXOTO,1015,,
2012,142,72,2,128,FELIPE PEIXOTO,1015,,
2012,142,73,1,74,FELIPE PEIXOTO,1058,,
2012,142,73,2,107,FELIPE PEIXOTO,1058,,
2012,142,74,1,74,FELIPE PEIXOTO,1058,,
2012,142,74,2,115,FELIPE PEIXOTO,1058,,
2012,142,88,1,105,FELIPE PEIXOTO,1180,,
2012,142,88,2,108,FELIPE PEIXOTO,1180,,
2012,142,89,1,92,FELIPE PEIXOTO,1180,,
2012,142,89,2,101,FELIPE PEIXOTO,1180,,
2012,142,90,1,100,FELIPE PEIXOTO,1180,,
2012,142,90,2,117,FELIPE PEIXOTO,1180,,
2012,142,91,1,84,FELIPE PEIXOTO,1180,,
2012,142,91,2,108,FELIPE PEIXOTO,1180,,
2012,142,92,1,83,FELIPE PEIXOTO,1180,,
2012,142,92,2,127,FELIPE PEIXOTO,1180,,
2012,142,93,1,89,FELIPE PEIXOTO,1180,,
2012,142,93,2,100,FELIPE PEIXOTO,1180,,
2012,142,94,1,112,FELIPE PEIXOTO,1180,,
2012,142,94,2,115,FELIPE PEIXOTO,1180,,
2012,142,95,1,98,FELIPE PEIXOTO,1180,,
2012,142,95,2,129,FELIPE PEIXOTO,1180,,
2012,142,96,1,98,FELIPE PEIXOTO,1198,,
2012,142,96,2,97,FELIPE PEIXOTO,1198,,
2012,142,97,1,96,FELIPE PEIXOTO,1198,,
2012,142,97,2,111,FELIPE PEIXOTO,1198,,
2012,142,98,1,89,FELIPE PEIXOTO,1198,,
2012,142,98,2,99,FELIPE PEIXOTO,1198,,
2012,142,99,1,97,FELIPE PEIXOTO,1198,,
2012,142,99,2,108,FELIPE PEIXOTO,1198,,
2012,143,1,1,53,FELIPE PEIXOTO,1066,,
2012,143,1,2,91,FELIPE PEIXOTO,1066,,
2012,143,10,1,65,FELIPE PEIXOTO,1031,,
2012,143,10,2,79,FELIPE PEIXOTO,1031,,
2012,143,11,1,64,FELIPE PEIXOTO,1031,,
2012,143,11,2,76,FELIPE PEIXOTO,1031,,
2012,143,12,1,101,FELIPE PEIXOTO,1112,,
2012,143,12,2,135,FELIPE PEIXOTO,1112,,
2012,143,14,1,105,FELIPE PEIXOTO,1112,,
2012,143,14,2,141,FELIPE PEIXOTO,1112,,
2012,143,15,1,81,FELIPE PEIXOTO,1058,,
2012,143,15,2,113,FELIPE PEIXOTO,1058,,
2012,143,16,1,84,FELIPE PEIXOTO,1058,,
2012,143,16,2,100,FELIPE PEIXOTO,1058,,
2012,143,17,1,58,FELIPE PEIXOTO,1058,,
2012,143,17,2,93,FELIPE PEIXOTO,1058,,
2012,143,18,1,76,FELIPE PEIXOTO,1066,,
2012,143,18,2,108,FELIPE PEIXOTO,1066,,
2012,143,19,1,60,FELIPE PEIXOTO,1066,,
2012,143,19,2,98,FELIPE PEIXOTO,1066,,
2012,143,2,1,87,FELIPE PEIXOTO,1066,,
2012,143,2,2,114,FELIPE PEIXOTO,1066,,
2012,143,20,1,80,FELIPE PEIXOTO,1074,,
2012,143,20,2,92,FELIPE PEIXOTO,1074,,
2012,143,21,1,58,FELIPE PEIXOTO,1074,,
2012,143,21,2,99,FELIPE PEIXOTO,1074,,
2012,143,22,1,75,FELIPE PEIXOTO,1074,,
2012,143,22,2,88,FELIPE PEIXOTO,1074,,
2012,143,23,1,69,FELIPE PEIXOTO,1074,,
2012,143,23,2,102,FELIPE PEIXOTO,1074,,
2012,143,24,1,89,FELIPE PEIXOTO,1074,,
2012,143,24,2,121,FELIPE PEIXOTO,1074,,
2012,143,25,1,87,FELIPE PEIXOTO,1074,,
2012,143,25,2,107,FELIPE PEIXOTO,1074,,
2012,143,26,1,69,FELIPE PEIXOTO,1074,,
2012,143,26,2,79,FELIPE PEIXOTO,1074,,
2012,143,27,1,75,FELIPE PEIXOTO,1074,,
2012,143,27,2,102,FELIPE PEIXOTO,1074,,
2012,143,28,1,71,FELIPE PEIXOTO,1082,,
2012,143,28,2,99,FELIPE PEIXOTO,1082,,
2012,143,29,1,58,FELIPE PEIXOTO,1082,,
2012,143,29,2,93,FELIPE PEIXOTO,1082,,
2012,143,3,1,69,FELIPE PEIXOTO,1066,,
2012,143,3,2,86,FELIPE PEIXOTO,1066,,
2012,143,30,1,79,FELIPE PEIXOTO,1082,,
2012,143,30,2,96,FELIPE PEIXOTO,1082,,
2012,143,31,1,67,FELIPE PEIXOTO,1082,,
2012,143,31,2,95,FELIPE PEIXOTO,1082,,
2012,143,32,1,70,FELIPE PEIXOTO,1198,,
2012,143,32,2,94,FELIPE PEIXOTO,1198,,
2012,143,33,1,66,FELIPE PEIXOTO,1198,,
2012,143,33,2,104,FELIPE PEIXOTO,1198,,
2012,143,34,1,57,FELIPE PEIXOTO,1198,,
2012,143,34,2,84,FELIPE PEIXOTO,1198,,
2012,143,35,1,63,FELIPE PEIXOTO,1120,,
2012,143,35,2,84,FELIPE PEIXOTO,1120,,
2012,143,36,1,75,FELIPE PEIXOTO,1147,,
2012,143,36,2,108,FELIPE PEIXOTO,1147,,
2012,143,37,1,58,FELIPE PEIXOTO,1147,,
2012,143,37,2,80,FELIPE PEIXOTO,1147,,
2012,143,38,1,64,FELIPE PEIXOTO,1147,,
2012,143,38,2,105,FELIPE PEIXOTO,1147,,
2012,143,4,1,70,FELIPE PEIXOTO,1058,,
2012,143,4,2,113,FELIPE PEIXOTO,1058,,
2012,143,40,1,89,FELIPE PEIXOTO,1112,,
2012,143,40,2,122,FELIPE PEIXOTO,1112,,
2012,143,42,1,125,FELIPE PEIXOTO,1112,,
2012,143,42,2,155,FELIPE PEIXOTO,1112,,
2012,143,44,1,75,FELIPE PEIXOTO,1120,,
2012,143,44,2,94,FELIPE PEIXOTO,1120,,
2012,143,45,1,73,FELIPE PEIXOTO,1120,,
2012,143,45,2,93,FELIPE PEIXOTO,1120,,
2012,143,46,1,62,FELIPE PEIXOTO,1120,,
2012,143,46,2,92,FELIPE PEIXOTO,1120,,
2012,143,47,1,71,FELIPE PEIXOTO,1120,,
2012,143,47,2,98,FELIPE PEIXOTO,1120,,
2012,143,48,1,56,FELIPE PEIXOTO,1120,,
2012,143,48,2,89,FELIPE PEIXOTO,1120,,
2012,143,49,1,58,FELIPE PEIXOTO,1120,,
2012,143,49,2,94,FELIPE PEIXOTO,1120,,
2012,143,5,1,85,FELIPE PEIXOTO,1058,,
2012,143,5,2,114,FELIPE PEIXOTO,1058,,
2012,143,50,1,73,FELIPE PEIXOTO,1120,,
2012,143,50,2,85,FELIPE PEIXOTO,1120,,
2012,143,51,1,58,FELIPE PEIXOTO,1120,,
2012,143,51,2,69,FELIPE PEIXOTO,1120,,
2012,143,52,1,79,FELIPE PEIXOTO,1120,,
2012,143,52,2,100,FELIPE PEIXOTO,1120,,
2012,143,53,1,60,FELIPE PEIXOTO,1120,,
2012,143,53,2,91,FELIPE PEIXOTO,1120,,
2012,143,54,1,105,FELIPE PEIXOTO,1112,,
2012,143,54,2,141,FELIPE PEIXOTO,1112,,
2012,143,56,1,103,FELIPE PEIXOTO,1112,,
2012,143,56,2,140,FELIPE PEIXOTO,1112,,
2012,143,58,1,86,FELIPE PEIXOTO,1147,,
2012,143,58,2,111,FELIPE PEIXOTO,1147,,
2012,143,59,1,69,FELIPE PEIXOTO,1147,,
2012,143,59,2,105,FELIPE PEIXOTO,1147,,
2012,143,6,1,71,FELIPE PEIXOTO,1058,,
2012,143,6,2,96,FELIPE PEIXOTO,1058,,
2012,143,60,1,87,FELIPE PEIXOTO,1147,,
2012,143,60,2,126,FELIPE PEIXOTO,1147,,
2012,143,61,1,77,FELIPE PEIXOTO,1147,,
2012,143,61,2,103,FELIPE PEIXOTO,1147,,
2012,143,62,1,66,FELIPE PEIXOTO,1147,,
2012,143,62,2,98,FELIPE PEIXOTO,1147,,
2012,143,63,1,88,FELIPE PEIXOTO,1112,,
2012,143,63,2,127,FELIPE PEIXOTO,1112,,
2012,143,65,1,81,FELIPE PEIXOTO,1163,,
2012,143,65,2,93,FELIPE PEIXOTO,1163,,
2012,143,66,1,81,FELIPE PEIXOTO,1163,,
2012,143,66,2,100,FELIPE PEIXOTO,1163,,
2012,143,67,1,76,FELIPE PEIXOTO,1163,,
2012,143,67,2,101,FELIPE PEIXOTO,1163,,
2012,143,68,1,55,FELIPE PEIXOTO,1163,,
2012,143,68,2,87,FELIPE PEIXOTO,1163,,
2012,143,69,1,63,FELIPE PEIXOTO,1163,,
2012,143,69,2,86,FELIPE PEIXOTO,1163,,
2012,143,7,1,62,FELIPE PEIXOTO,1031,,
2012,143,7,2,85,FELIPE PEIXOTO,1031,,
2012,143,70,1,69,FELIPE PEIXOTO,1163,,
2012,143,70,2,94,FELIPE PEIXOTO,1163,,
2012,143,71,1,66,FELIPE PEIXOTO,1163,,
2012,143,71,2,86,FELIPE PEIXOTO,1163,,
2012,143,72,1,57,FELIPE PEIXOTO,1163,,
2012,143,72,2,75,FELIPE PEIXOTO,1163,,
2012,143,73,1,62,FELIPE PEIXOTO,1163,,
2012,143,73,2,87,FELIPE PEIXOTO,1163,,
2012,143,74,1,80,FELIPE PEIXOTO,1163,,
2012,143,74,2,107,FELIPE PEIXOTO,1163,,
2012,143,75,1,68,FELIPE PEIXOTO,1163,,
2012,143,75,2,98,FELIPE PEIXOTO,1163,,
2012,143,76,1,59,FELIPE PEIXOTO,1163,,
2012,143,76,2,90,FELIPE PEIXOTO,1163,,
2012,143,77,1,54,FELIPE PEIXOTO,1163,,
2012,143,77,2,74,FELIPE PEIXOTO,1163,,
2012,143,78,1,55,FELIPE PEIXOTO,1120,,
2012,143,78,2,89,FELIPE PEIXOTO,1120,,
2012,143,79,1,74,FELIPE PEIXOTO,1120,,
2012,143,79,2,102,FELIPE PEIXOTO,1120,,
2012,143,8,1,55,FELIPE PEIXOTO,1031,,
2012,143,8,2,78,FELIPE PEIXOTO,1031,,
2012,143,80,1,77,FELIPE PEIXOTO,1120,,
2012,143,80,2,92,FELIPE PEIXOTO,1120,,
2012,143,81,1,83,FELIPE PEIXOTO,1180,,
2012,143,81,2,112,FELIPE PEIXOTO,1180,,
2012,143,82,1,103,FELIPE PEIXOTO,1180,,
2012,143,82,2,124,FELIPE PEIXOTO,1180,,
2012,143,83,1,74,FELIPE PEIXOTO,1180,,
2012,143,83,2,101,FELIPE PEIXOTO,1180,,
2012,143,84,1,68,FELIPE PEIXOTO,1180,,
2012,143,84,2,104,FELIPE PEIXOTO,1180,,
2012,143,85,1,51,FELIPE PEIXOTO,1180,,
2012,143,85,2,58,FELIPE PEIXOTO,1180,,
2012,143,86,1,61,FELIPE PEIXOTO,1031,,
2012,143,86,2,63,FELIPE PEIXOTO,1031,,
2012,143,87,1,79,FELIPE PEIXOTO,1074,,
2012,143,87,2,90,FELIPE PEIXOTO,1074,,
2012,143,88,1,76,FELIPE PEIXOTO,1120,,
2012,143,88,2,84,FELIPE PEIXOTO,1120,,
2012,143,89,1,47,FELIPE PEIXOTO,1082,,
2012,143,89,2,67,FELIPE PEIXOTO,1082,,
2012,143,9,1,53,FELIPE PEIXOTO,1031,,
2012,143,9,2,71,FELIPE PEIXOTO,1031,,
2012,143,90,1,89,FELIPE PEIXOTO,1112,,
2012,143,90,2,118,FELIPE PEIXOTO,1112,,
2012,143,91,1,64,FELIPE PEIXOTO,1058,,
2012,143,91,2,85,FELIPE PEIXOTO,1058,,
2012,143,92,1,63,FELIPE PEIXOTO,1198,,
2012,143,92,2,98,FELIPE PEIXOTO,1198,,
2012,143,93,1,56,FELIPE PEIXOTO,1066,,
2012,143,93,2,79,FELIPE PEIXOTO,1066,,
2012,143,94,1,47,FELIPE PEIXOTO,1031,,
2012,143,94,2,62,FELIPE PEIXOTO,1031,,
2012,143,96,1,66,FELIPE PEIXOTO,1074,,
2012,143,96,2,87,FELIPE PEIXOTO,1074,,
2012,143,97,1,33,FELIPE PEIXOTO,1198,,
2012,143,97,2,70,FELIPE PEIXOTO,1198,,
2012,143,98,1,46,FELIPE PEIXOTO,1082,,
2012,143,98,2,69,FELIPE PEIXOTO,1082,,
2012,143,99,1,37,FELIPE PEIXOTO,1058,,
2012,143,99,2,66,FELIPE PEIXOTO,1058,,
2012,144,1,1,64,FELIPE PEIXOTO,1171,,
2012,144,1,2,75,FELIPE PEIXOTO,1171,,
2012,144,10,1,65,FELIPE PEIXOTO,1031,,
2012,144,10,2,77,FELIPE PEIXOTO,1031,,
2012,144,100,1,69,FELIPE PEIXOTO,1236,,
2012,144,100,2,89,FELIPE PEIXOTO,1236,,
2012,144,101,1,78,FELIPE PEIXOTO,1236,,
2012,144,101,2,79,FELIPE PEIXOTO,1236,,
2012,144,102,1,71,FELIPE PEIXOTO,1236,,
2012,144,102,2,80,FELIPE PEIXOTO,1236,,
2012,144,103,1,75,FELIPE PEIXOTO,1236,,
2012,144,103,2,99,FELIPE PEIXOTO,1236,,
2012,144,104,1,75,FELIPE PEIXOTO,1236,,
2012,144,104,2,85,FELIPE PEIXOTO,1236,,
2012,144,105,1,82,FELIPE PEIXOTO,1317,,
2012,144,105,2,106,FELIPE PEIXOTO,1317,,
2012,144,106,1,42,FELIPE PEIXOTO,1317,,
2012,144,106,2,67,FELIPE PEIXOTO,1317,,
2012,144,107,1,93,FELIPE PEIXOTO,1350,,
2012,144,107,2,114,FELIPE PEIXOTO,1350,,
2012,144,108,1,53,FELIPE PEIXOTO,1236,,
2012,144,108,2,86,FELIPE PEIXOTO,1236,,
2012,144,109,1,61,FELIPE PEIXOTO,1236,,
2012,144,109,2,72,FELIPE PEIXOTO,1236,,
2012,144,11,1,58,FELIPE PEIXOTO,1031,,
2012,144,11,2,75,FELIPE PEIXOTO,1031,,
2012,144,110,1,76,FELIPE PEIXOTO,1236,,
2012,144,110,2,93,FELIPE PEIXOTO,1236,,
2012,144,111,1,111,FELIPE PEIXOTO,1350,,
2012,144,111,2,142,FELIPE PEIXOTO,1350,,
2012,144,112,1,100,FELIPE PEIXOTO,1350,,
2012,144,112,2,130,FELIPE PEIXOTO,1350,,
2012,144,113,1,65,FELIPE PEIXOTO,1368,,
2012,144,113,2,95,FELIPE PEIXOTO,1368,,
2012,144,114,1,74,FELIPE PEIXOTO,1368,,
2012,144,114,2,80,FELIPE PEIXOTO,1368,,
2012,144,115,1,57,FELIPE PEIXOTO,1368,,
2012,144,115,2,72,FELIPE PEIXOTO,1368,,
2012,144,116,1,90,FELIPE PEIXOTO,1210,,
2012,144,116,2,112,FELIPE PEIXOTO,1210,,
2012,144,117,1,95,FELIPE PEIXOTO,1210,,
2012,144,117,2,106,FELIPE PEIXOTO,1210,,
2012,144,118,1,79,FELIPE PEIXOTO,1210,,
2012,144,118,2,110,FELIPE PEIXOTO,1210,,
2012,144,119,1,89,FELIPE PEIXOTO,1210,,
2012,144,119,2,103,FELIPE PEIXOTO,1210,,
2012,144,12,1,76,FELIPE PEIXOTO,1201,,
2012,144,12,2,121,FELIPE PEIXOTO,1201,,
2012,144,120,1,112,FELIPE PEIXOTO,1210,,
2012,144,120,2,134,FELIPE PEIXOTO,1210,,
2012,144,121,1,94,FELIPE PEIXOTO,1210,,
2012,144,121,2,117,FELIPE PEIXOTO,1210,,
2012,144,122,1,64,FELIPE PEIXOTO,1023,,
2012,144,122,2,79,FELIPE PEIXOTO,1023,,
2012,144,123,1,52,FELIPE PEIXOTO,1171,,
2012,144,123,2,65,FELIPE PEIXOTO,1171,,
2012,144,124,1,52,FELIPE PEIXOTO,1090,,
2012,144,124,2,74,FELIPE PEIXOTO,1090,,
2012,144,125,1,67,FELIPE PEIXOTO,1236,,
2012,144,125,2,83,FELIPE PEIXOTO,1236,,
2012,144,126,1,58,FELIPE PEIXOTO,1252,,
2012,144,126,2,70,FELIPE PEIXOTO,1252,,
2012,144,127,1,108,FELIPE PEIXOTO,1210,,
2012,144,127,2,138,FELIPE PEIXOTO,1210,,
2012,144,128,1,66,FELIPE PEIXOTO,1236,,
2012,144,128,2,69,FELIPE PEIXOTO,1236,,
2012,144,129,1,59,FELIPE PEIXOTO,1236,,
2012,144,129,2,73,FELIPE PEIXOTO,1236,,
2012,144,13,1,52,FELIPE PEIXOTO,1031,,
2012,144,13,2,78,FELIPE PEIXOTO,1031,,
2012,144,130,1,34,FELIPE PEIXOTO,1104,,
2012,144,130,2,43,FELIPE PEIXOTO,1104,,
2012,144,131,1,53,FELIPE PEIXOTO,1031,,
2012,144,131,2,67,FELIPE PEIXOTO,1031,,
2012,144,134,1,61,FELIPE PEIXOTO,1163,,
2012,144,134,2,84,FELIPE PEIXOTO,1163,,
2012,144,14,1,73,FELIPE PEIXOTO,1031,,
2012,144,14,2,80,FELIPE PEIXOTO,1031,,
2012,144,15,1,52,FELIPE PEIXOTO,1031,,
2012,144,15,2,75,FELIPE PEIXOTO,1031,,
2012,144,16,1,84,FELIPE PEIXOTO,1112,,
2012,144,16,2,110,FELIPE PEIXOTO,1112,,
2012,144,17,1,76,FELIPE PEIXOTO,1112,,
2012,144,17,2,97,FELIPE PEIXOTO,1112,,
2012,144,18,1,70,FELIPE PEIXOTO,1171,,
2012,144,18,2,90,FELIPE PEIXOTO,1171,,
2012,144,19,1,60,FELIPE PEIXOTO,1171,,
2012,144,19,2,86,FELIPE PEIXOTO,1171,,
2012,144,2,1,79,FELIPE PEIXOTO,1023,,
2012,144,2,2,96,FELIPE PEIXOTO,1023,,
2012,144,20,1,104,FELIPE PEIXOTO,1082,,
2012,144,20,2,132,FELIPE PEIXOTO,1082,,
2012,144,22,1,110,FELIPE PEIXOTO,1082,,
2012,144,22,2,162,FELIPE PEIXOTO,1082,,
2012,144,23,1,58,FELIPE PEIXOTO,1090,,
2012,144,23,2,88,FELIPE PEIXOTO,1090,,
2012,144,24,1,74,FELIPE PEIXOTO,1090,,
2012,144,24,2,88,FELIPE PEIXOTO,1090,,
2012,144,25,1,62,FELIPE PEIXOTO,1090,,
2012,144,25,2,87,FELIPE PEIXOTO,1090,,
2012,144,26,1,69,FELIPE PEIXOTO,1090,,
2012,144,26,2,94,FELIPE PEIXOTO,1090,,
2012,144,27,1,79,FELIPE PEIXOTO,1104,,
2012,144,27,2,110,FELIPE PEIXOTO,1104,,
2012,144,28,1,81,FELIPE PEIXOTO,1104,,
2012,144,28,2,107,FELIPE PEIXOTO,1104,,
2012,144,29,1,92,FELIPE PEIXOTO,1104,,
2012,144,29,2,111,FELIPE PEIXOTO,1104,,
2012,144,3,1,61,FELIPE PEIXOTO,1023,,
2012,144,3,2,81,FELIPE PEIXOTO,1023,,
2012,144,30,1,98,FELIPE PEIXOTO,1104,,
2012,144,30,2,105,FELIPE PEIXOTO,1104,,
2012,144,31,1,72,FELIPE PEIXOTO,1104,,
2012,144,31,2,68,FELIPE PEIXOTO,1104,,
2012,144,32,1,95,FELIPE PEIXOTO,1104,,
2012,144,32,2,96,FELIPE PEIXOTO,1104,,
2012,144,33,1,77,FELIPE PEIXOTO,1104,,
2012,144,33,2,103,FELIPE PEIXOTO,1104,,
2012,144,34,1,61,FELIPE PEIXOTO,1112,,
2012,144,34,2,92,FELIPE PEIXOTO,1112,,
2012,144,35,1,89,FELIPE PEIXOTO,1112,,
2012,144,35,2,115,FELIPE PEIXOTO,1112,,
2012,144,36,1,73,FELIPE PEIXOTO,1112,,
2012,144,36,2,101,FELIPE PEIXOTO,1112,,
2012,144,39,1,66,FELIPE PEIXOTO,1090,,
2012,144,39,2,89,FELIPE PEIXOTO,1090,,
2012,144,4,1,76,FELIPE PEIXOTO,1023,,
2012,144,4,2,92,FELIPE PEIXOTO,1023,,
2012,144,40,1,72,FELIPE PEIXOTO,1090,,
2012,144,40,2,78,FELIPE PEIXOTO,1090,,
2012,144,42,1,98,FELIPE PEIXOTO,1082,,
2012,144,42,2,133,FELIPE PEIXOTO,1082,,
2012,144,44,1,88,FELIPE PEIXOTO,1163,,
2012,144,44,2,102,FELIPE PEIXOTO,1163,,
2012,144,45,1,81,FELIPE PEIXOTO,1163,,
2012,144,45,2,110,FELIPE PEIXOTO,1163,,
2012,144,46,1,83,FELIPE PEIXOTO,1163,,
2012,144,46,2,97,FELIPE PEIXOTO,1163,,
2012,144,47,1,78,FELIPE PEIXOTO,1163,,
2012,144,47,2,110,FELIPE PEIXOTO,1163,,
2012,144,48,1,82,FELIPE PEIXOTO,1163,,
2012,144,48,2,108,FELIPE PEIXOTO,1163,,
2012,144,49,1,71,FELIPE PEIXOTO,1163,,
2012,144,49,2,96,FELIPE PEIXOTO,1163,,
2012,144,5,1,74,FELIPE PEIXOTO,1031,,
2012,144,5,2,78,FELIPE PEIXOTO,1031,,
2012,144,50,1,68,FELIPE PEIXOTO,1163,,
2012,144,50,2,105,FELIPE PEIXOTO,1163,,
2012,144,51,1,77,FELIPE PEIXOTO,1163,,
2012,144,51,2,100,FELIPE PEIXOTO,1163,,
2012,144,52,1,67,FELIPE PEIXOTO,1171,,
2012,144,52,2,81,FELIPE PEIXOTO,1171,,
2012,144,53,1,77,FELIPE PEIXOTO,1171,,
2012,144,53,2,90,FELIPE PEIXOTO,1171,,
2012,144,54,1,68,FELIPE PEIXOTO,1171,,
2012,144,54,2,87,FELIPE PEIXOTO,1171,,
2012,144,55,1,100,FELIPE PEIXOTO,1201,,
2012,144,55,2,118,FELIPE PEIXOTO,1201,,
2012,144,57,1,86,FELIPE PEIXOTO,1104,,
2012,144,57,2,106,FELIPE PEIXOTO,1104,,
2012,144,58,1,78,FELIPE PEIXOTO,1104,,
2012,144,58,2,100,FELIPE PEIXOTO,1104,,
2012,144,59,1,98,FELIPE PEIXOTO,1104,,
2012,144,59,2,111,FELIPE PEIXOTO,1104,,
2012,144,6,1,68,FELIPE PEIXOTO,1031,,
2012,144,6,2,83,FELIPE PEIXOTO,1031,,
2012,144,60,1,62,FELIPE PEIXOTO,1201,,
2012,144,60,2,98,FELIPE PEIXOTO,1201,,
2012,144,62,1,99,FELIPE PEIXOTO,1210,,
2012,144,62,2,105,FELIPE PEIXOTO,1210,,
2012,144,63,1,87,FELIPE PEIXOTO,1210,,
2012,144,63,2,113,FELIPE PEIXOTO,1210,,
2012,144,64,1,95,FELIPE PEIXOTO,1210,,
2012,144,64,2,120,FELIPE PEIXOTO,1210,,
2012,144,65,1,65,FELIPE PEIXOTO,1210,,
2012,144,65,2,88,FELIPE PEIXOTO,1210,,
2012,144,67,1,81,FELIPE PEIXOTO,1236,,
2012,144,67,2,97,FELIPE PEIXOTO,1236,,
2012,144,68,1,78,FELIPE PEIXOTO,1236,,
2012,144,68,2,79,FELIPE PEIXOTO,1236,,
2012,144,69,1,75,FELIPE PEIXOTO,1236,,
2012,144,69,2,92,FELIPE PEIXOTO,1236,,
2012,144,7,1,70,FELIPE PEIXOTO,1031,,
2012,144,7,2,71,FELIPE PEIXOTO,1031,,
2012,144,70,1,73,FELIPE PEIXOTO,1236,,
2012,144,70,2,87,FELIPE PEIXOTO,1236,,
2012,144,71,1,73,FELIPE PEIXOTO,1236,,
2012,144,71,2,85,FELIPE PEIXOTO,1236,,
2012,144,72,1,83,FELIPE PEIXOTO,1236,,
2012,144,72,2,94,FELIPE PEIXOTO,1236,,
2012,144,73,1,65,FELIPE PEIXOTO,1236,,
2012,144,73,2,84,FELIPE PEIXOTO,1236,,
2012,144,74,1,75,FELIPE PEIXOTO,1236,,
2012,144,74,2,97,FELIPE PEIXOTO,1236,,
2012,144,75,1,83,FELIPE PEIXOTO,1406,,
2012,144,75,2,88,FELIPE PEIXOTO,1406,,
2012,144,76,1,66,FELIPE PEIXOTO,1406,,
2012,144,76,2,87,FELIPE PEIXOTO,1406,,
2012,144,77,1,69,FELIPE PEIXOTO,1406,,
2012,144,77,2,93,FELIPE PEIXOTO,1406,,
2012,144,78,1,73,FELIPE PEIXOTO,1406,,
2012,144,78,2,97,FELIPE PEIXOTO,1406,,
2012,144,79,1,70,FELIPE PEIXOTO,1406,,
2012,144,79,2,97,FELIPE PEIXOTO,1406,,
2012,144,8,1,63,FELIPE PEIXOTO,1031,,
2012,144,8,2,73,FELIPE PEIXOTO,1031,,
2012,144,80,1,59,FELIPE PEIXOTO,1406,,
2012,144,80,2,66,FELIPE PEIXOTO,1406,,
2012,144,81,1,63,FELIPE PEIXOTO,1236,,
2012,144,81,2,83,FELIPE PEIXOTO,1236,,
2012,144,82,1,52,FELIPE PEIXOTO,1236,,
2012,144,82,2,74,FELIPE PEIXOTO,1236,,
2012,144,83,1,76,FELIPE PEIXOTO,1252,,
2012,144,83,2,99,FELIPE PEIXOTO,1252,,
2012,144,84,1,76,FELIPE PEIXOTO,1252,,
2012,144,84,2,91,FELIPE PEIXOTO,1252,,
2012,144,85,1,72,FELIPE PEIXOTO,1252,,
2012,144,85,2,103,FELIPE PEIXOTO,1252,,
2012,144,86,1,85,FELIPE PEIXOTO,1252,,
2012,144,86,2,112,FELIPE PEIXOTO,1252,,
2012,144,87,1,65,FELIPE PEIXOTO,1252,,
2012,144,87,2,89,FELIPE PEIXOTO,1252,,
2012,144,88,1,89,FELIPE PEIXOTO,1317,,
2012,144,88,2,98,FELIPE PEIXOTO,1317,,
2012,144,89,1,78,FELIPE PEIXOTO,1317,,
2012,144,89,2,91,FELIPE PEIXOTO,1317,,
2012,144,9,1,71,FELIPE PEIXOTO,1031,,
2012,144,9,2,84,FELIPE PEIXOTO,1031,,
2012,144,90,1,78,FELIPE PEIXOTO,1317,,
2012,144,90,2,104,FELIPE PEIXOTO,1317,,
2012,144,91,1,60,FELIPE PEIXOTO,1252,,
2012,144,91,2,91,FELIPE PEIXOTO,1252,,
2012,144,92,1,85,FELIPE PEIXOTO,1252,,
2012,144,92,2,101,FELIPE PEIXOTO,1252,,
2012,144,93,1,92,FELIPE PEIXOTO,1252,,
2012,144,93,2,104,FELIPE PEIXOTO,1252,,
2012,144,94,1,72,FELIPE PEIXOTO,1236,,
2012,144,94,2,99,FELIPE PEIXOTO,1236,,
2012,144,95,1,51,FELIPE PEIXOTO,1236,,
2012,144,95,2,67,FELIPE PEIXOTO,1236,,
2012,144,96,1,64,FELIPE PEIXOTO,1236,,
2012,144,96,2,79,FELIPE PEIXOTO,1236,,
2012,144,97,1,81,FELIPE PEIXOTO,1236,,
2012,144,97,2,81,FELIPE PEIXOTO,1236,,
2012,144,98,1,72,FELIPE PEIXOTO,1236,,
2012,144,98,2,92,FELIPE PEIXOTO,1236,,
2012,144,99,1,70,FELIPE PEIXOTO,1236,,
2012,144,99,2,85,FELIPE PEIXOTO,1236,,
2012,199,1,1,82,FELIPE PEIXOTO,1015,,
2012,199,1,2,99,FELIPE PEIXOTO,1015,,
2012,199,10,1,111,FELIPE PEIXOTO,1031,,
2012,199,10,2,127,FELIPE PEIXOTO,1031,,
2012,199,100,1,74,FELIPE PEIXOTO,1155,,
2012,199,100,2,111,FELIPE PEIXOTO,1155,,
2012,199,101,1,88,FELIPE PEIXOTO,1112,,
2012,199,101,2,138,FELIPE PEIXOTO,1112,,
2012,199,102,1,91,FELIPE PEIXOTO,1198,,
2012,199,102,2,127,FELIPE PEIXOTO,1198,,
2012,199,103,1,55,FELIPE PEIXOTO,1023,,
2012,199,103,2,63,FELIPE PEIXOTO,1023,,
2012,199,104,1,80,FELIPE PEIXOTO,1155,,
2012,199,104,2,116,FELIPE PEIXOTO,1155,,
2012,199,105,1,88,FELIPE PEIXOTO,1244,,
2012,199,105,2,122,FELIPE PEIXOTO,1244,,
2012,199,106,1,77,FELIPE PEIXOTO,1082,,
2012,199,106,2,100,FELIPE PEIXOTO,1082,,
2012,199,107,1,81,FELIPE PEIXOTO,1198,,
2012,199,107,2,128,FELIPE PEIXOTO,1198,,
2012,199,108,1,78,FELIPE PEIXOTO,1082,,
2012,199,108,2,96,FELIPE PEIXOTO,1082,,
2012,199,109,1,60,FELIPE PEIXOTO,1074,,
2012,199,109,2,104,FELIPE PEIXOTO,1074,,
2012,199,11,1,109,FELIPE PEIXOTO,1031,,
2012,199,11,2,142,FELIPE PEIXOTO,1031,,
2012,199,110,1,84,FELIPE PEIXOTO,1155,,
2012,199,110,2,114,FELIPE PEIXOTO,1155,,
2012,199,111,1,83,FELIPE PEIXOTO,1112,,
2012,199,111,2,143,FELIPE PEIXOTO,1112,,
2012,199,112,1,107,FELIPE PEIXOTO,1040,,
2012,199,112,2,101,FELIPE PEIXOTO,1040,,
2012,199,113,1,96,FELIPE PEIXOTO,1031,,
2012,199,113,2,96,FELIPE PEIXOTO,1031,,
2012,199,114,1,78,FELIPE PEIXOTO,1198,,
2012,199,114,2,111,FELIPE PEIXOTO,1198,,
2012,199,115,1,74,FELIPE PEIXOTO,1244,,
2012,199,115,2,119,FELIPE PEIXOTO,1244,,
2012,199,116,1,76,FELIPE PEIXOTO,1090,,
2012,199,116,2,124,FELIPE PEIXOTO,1090,,
2012,199,117,1,81,FELIPE PEIXOTO,1155,,
2012,199,117,2,105,FELIPE PEIXOTO,1155,,
2012,199,118,1,94,FELIPE PEIXOTO,1112,,
2012,199,118,2,129,FELIPE PEIXOTO,1112,,
2012,199,119,1,90,FELIPE PEIXOTO,1066,,
2012,199,119,2,121,FELIPE PEIXOTO,1066,,
2012,199,12,1,120,FELIPE PEIXOTO,1031,,
2012,199,12,2,143,FELIPE PEIXOTO,1031,,
2012,199,120,1,93,FELIPE PEIXOTO,1015,,
2012,199,120,2,129,FELIPE PEIXOTO,1015,,
2012,199,121,1,89,FELIPE PEIXOTO,1198,,
2012,199,121,2,139,FELIPE PEIXOTO,1198,,
2012,199,122,1,83,FELIPE PEIXOTO,1040,,
2012,199,122,2,112,FELIPE PEIXOTO,1040,,
2012,199,123,1,99,FELIPE PEIXOTO,1139,,
2012,199,123,2,108,FELIPE PEIXOTO,1139,,
2012,199,124,1,95,FELIPE PEIXOTO,1082,,
2012,199,124,2,133,FELIPE PEIXOTO,1082,,
2012,199,125,1,133,FELIPE PEIXOTO,1031,,
2012,199,125,2,168,FELIPE PEIXOTO,1031,,
2012,199,126,1,95,FELIPE PEIXOTO,1198,,
2012,199,126,2,121,FELIPE PEIXOTO,1198,,
2012,199,127,1,90,FELIPE PEIXOTO,1090,,
2012,199,127,2,121,FELIPE PEIXOTO,1090,,
2012,199,129,1,90,FELIPE PEIXOTO,1155,,
2012,199,129,2,119,FELIPE PEIXOTO,1155,,
2012,199,13,1,109,FELIPE PEIXOTO,1031,,
2012,199,13,2,142,FELIPE PEIXOTO,1031,,
2012,199,130,1,88,FELIPE PEIXOTO,1198,,
2012,199,130,2,112,FELIPE PEIXOTO,1198,,
2012,199,131,1,42,FELIPE PEIXOTO,1040,,
2012,199,131,2,57,FELIPE PEIXOTO,1040,,
2012,199,132,1,78,FELIPE PEIXOTO,1155,,
2012,199,132,2,114,FELIPE PEIXOTO,1155,,
2012,199,133,1,80,FELIPE PEIXOTO,1198,,
2012,199,133,2,119,FELIPE PEIXOTO,1198,,
2012,199,135,1,83,FELIPE PEIXOTO,1090,,
2012,199,135,2,138,FELIPE PEIXOTO,1090,,
2012,199,136,1,57,FELIPE PEIXOTO,1244,,
2012,199,136,2,100,FELIPE PEIXOTO,1244,,
2012,199,137,1,84,FELIPE PEIXOTO,1040,,
2012,199,137,2,101,FELIPE PEIXOTO,1040,,
2012,199,138,1,97,FELIPE PEIXOTO,1112,,
2012,199,138,2,122,FELIPE PEIXOTO,1112,,
2012,199,139,1,71,FELIPE PEIXOTO,1198,,
2012,199,139,2,114,FELIPE PEIXOTO,1198,,
2012,199,14,1,97,FELIPE PEIXOTO,1040,,
2012,199,14,2,97,FELIPE PEIXOTO,1040,,
2012,199,140,1,80,FELIPE PEIXOTO,1074,,
2012,199,140,2,133,FELIPE PEIXOTO,1074,,
2012,199,141,1,79,FELIPE PEIXOTO,1082,,
2012,199,141,2,132,FELIPE PEIXOTO,1082,,
2012,199,142,1,100,FELIPE PEIXOTO,1201,,
2012,199,142,2,157,FELIPE PEIXOTO,1201,,
2012,199,143,1,103,FELIPE PEIXOTO,1155,,
2012,199,143,2,137,FELIPE PEIXOTO,1155,,
2012,199,144,1,74,FELIPE PEIXOTO,1139,,
2012,199,144,2,92,FELIPE PEIXOTO,1139,,
2012,199,145,1,84,FELIPE PEIXOTO,1090,,
2012,199,145,2,123,FELIPE PEIXOTO,1090,,
2012,199,146,1,102,FELIPE PEIXOTO,1040,,
2012,199,146,2,112,FELIPE PEIXOTO,1040,,
2012,199,147,1,74,FELIPE PEIXOTO,1112,,
2012,199,147,2,124,FELIPE PEIXOTO,1112,,
2012,199,148,1,114,FELIPE PEIXOTO,1031,,
2012,199,148,2,135,FELIPE PEIXOTO,1031,,
2012,199,149,1,68,FELIPE PEIXOTO,1198,,
2012,199,149,2,121,FELIPE PEIXOTO,1198,,
2012,199,15,1,96,FELIPE PEIXOTO,1040,,
2012,199,15,2,110,FELIPE PEIXOTO,1040,,
2012,199,150,1,57,FELIPE PEIXOTO,1066,,
2012,199,150,2,99,FELIPE PEIXOTO,1066,,
2012,199,151,1,68,FELIPE PEIXOTO,1090,,
2012,199,151,2,128,FELIPE PEIXOTO,1090,,
2012,199,152,1,79,FELIPE PEIXOTO,1260,,
2012,199,152,2,136,FELIPE PEIXOTO,1260,,
2012,199,153,1,103,FELIPE PEIXOTO,1252,,
2012,199,153,2,119,FELIPE PEIXOTO,1252,,
2012,199,154,1,97,FELIPE PEIXOTO,1279,,
2012,199,154,2,168,FELIPE PEIXOTO,1279,,
2012,199,155,1,73,FELIPE PEIXOTO,1112,,
2012,199,155,2,113,FELIPE PEIXOTO,1112,,
2012,199,156,1,77,FELIPE PEIXOTO,1155,,
2012,199,156,2,112,FELIPE PEIXOTO,1155,,
2012,199,157,1,49,FELIPE PEIXOTO,1015,,
2012,199,157,2,94,FELIPE PEIXOTO,1015,,
2012,199,158,1,79,FELIPE PEIXOTO,1287,,
2012,199,158,2,140,FELIPE PEIXOTO,1287,,
2012,199,159,1,38,FELIPE PEIXOTO,1040,,
2012,199,159,2,57,FELIPE PEIXOTO,1040,,
2012,199,16,1,99,FELIPE PEIXOTO,1040,,
2012,199,16,2,124,FELIPE PEIXOTO,1040,,
2012,199,160,1,87,FELIPE PEIXOTO,1120,,
2012,199,160,2,135,FELIPE PEIXOTO,1120,,
2012,199,161,1,55,FELIPE PEIXOTO,1260,,
2012,199,161,2,95,FELIPE PEIXOTO,1260,,
2012,199,162,1,88,FELIPE PEIXOTO,1198,,
2012,199,162,2,114,FELIPE PEIXOTO,1198,,
2012,199,163,1,100,FELIPE PEIXOTO,1260,,
2012,199,163,2,151,FELIPE PEIXOTO,1260,,
2012,199,164,1,100,FELIPE PEIXOTO,1295,,
2012,199,164,2,129,FELIPE PEIXOTO,1295,,
2012,199,165,1,87,FELIPE PEIXOTO,1090,,
2012,199,165,2,149,FELIPE PEIXOTO,1090,,
2012,199,167,1,56,FELIPE PEIXOTO,1112,,
2012,199,167,2,96,FELIPE PEIXOTO,1112,,
2012,199,17,1,100,FELIPE PEIXOTO,1040,,
2012,199,17,2,103,FELIPE PEIXOTO,1040,,
2012,199,18,1,108,FELIPE PEIXOTO,1040,,
2012,199,18,2,137,FELIPE PEIXOTO,1040,,
2012,199,19,1,92,FELIPE PEIXOTO,1040,,
2012,199,19,2,117,FELIPE PEIXOTO,1040,,
2012,199,2,1,94,FELIPE PEIXOTO,1015,,
2012,199,2,2,133,FELIPE PEIXOTO,1015,,
2012,199,20,1,94,FELIPE PEIXOTO,1040,,
2012,199,20,2,102,FELIPE PEIXOTO,1040,,
2012,199,21,1,120,FELIPE PEIXOTO,1066,,
2012,199,21,2,168,FELIPE PEIXOTO,1066,,
2012,199,22,1,115,FELIPE PEIXOTO,1066,,
2012,199,22,2,161,FELIPE PEIXOTO,1066,,
2012,199,23,1,102,FELIPE PEIXOTO,1066,,
2012,199,23,2,167,FELIPE PEIXOTO,1066,,
2012,199,24,1,128,FELIPE PEIXOTO,1066,,
2012,199,24,2,169,FELIPE PEIXOTO,1066,,
2012,199,25,1,108,FELIPE PEIXOTO,1074,,
2012,199,25,2,151,FELIPE PEIXOTO,1074,,
2012,199,26,1,102,FELIPE PEIXOTO,1074,,
2012,199,26,2,131,FELIPE PEIXOTO,1074,,
2012,199,27,1,100,FELIPE PEIXOTO,1074,,
2012,199,27,2,128,FELIPE PEIXOTO,1074,,
2012,199,28,1,98,FELIPE PEIXOTO,1074,,
2012,199,28,2,140,FELIPE PEIXOTO,1074,,
2012,199,29,1,102,FELIPE PEIXOTO,1074,,
2012,199,29,2,129,FELIPE PEIXOTO,1074,,
2012,199,3,1,103,FELIPE PEIXOTO,1015,,
2012,199,3,2,138,FELIPE PEIXOTO,1015,,
2012,199,30,1,95,FELIPE PEIXOTO,1082,,
2012,199,30,2,139,FELIPE PEIXOTO,1082,,
2012,199,31,1,98,FELIPE PEIXOTO,1082,,
2012,199,31,2,132,FELIPE PEIXOTO,1082,,
2012,199,32,1,84,FELIPE PEIXOTO,1082,,
2012,199,32,2,127,FELIPE PEIXOTO,1082,,
2012,199,33,1,91,FELIPE PEIXOTO,1082,,
2012,199,33,2,128,FELIPE PEIXOTO,1082,,
2012,199,34,1,96,FELIPE PEIXOTO,1090,,
2012,199,34,2,132,FELIPE PEIXOTO,1090,,
2012,199,35,1,92,FELIPE PEIXOTO,1090,,
2012,199,35,2,132,FELIPE PEIXOTO,1090,,
2012,199,36,1,84,FELIPE PEIXOTO,1090,,
2012,199,36,2,121,FELIPE PEIXOTO,1090,,
2012,199,37,1,119,FELIPE PEIXOTO,1090,,
2012,199,37,2,140,FELIPE PEIXOTO,1090,,
2012,199,38,1,91,FELIPE PEIXOTO,1090,,
2012,199,38,2,141,FELIPE PEIXOTO,1090,,
2012,199,39,1,90,FELIPE PEIXOTO,1090,,
2012,199,39,2,129,FELIPE PEIXOTO,1090,,
2012,199,4,1,84,FELIPE PEIXOTO,1023,,
2012,199,4,2,111,FELIPE PEIXOTO,1023,,
2012,199,40,1,94,FELIPE PEIXOTO,1090,,
2012,199,40,2,136,FELIPE PEIXOTO,1090,,
2012,199,41,1,108,FELIPE PEIXOTO,1090,,
2012,199,41,2,140,FELIPE PEIXOTO,1090,,
2012,199,42,1,85,FELIPE PEIXOTO,1082,,
2012,199,42,2,120,FELIPE PEIXOTO,1082,,
2012,199,43,1,75,FELIPE PEIXOTO,1082,,
2012,199,43,2,108,FELIPE PEIXOTO,1082,,
2012,199,44,1,79,FELIPE PEIXOTO,1082,,
2012,199,44,2,113,FELIPE PEIXOTO,1082,,
2012,199,45,1,95,FELIPE PEIXOTO,1112,,
2012,199,45,2,118,FELIPE PEIXOTO,1112,,
2012,199,46,1,97,FELIPE PEIXOTO,1112,,
2012,199,46,2,115,FELIPE PEIXOTO,1112,,
2012,199,47,1,107,FELIPE PEIXOTO,1112,,
2012,199,47,2,134,FELIPE PEIXOTO,1112,,
2012,199,48,1,96,FELIPE PEIXOTO,1112,,
2012,199,48,2,126,FELIPE PEIXOTO,1112,,
2012,199,49,1,110,FELIPE PEIXOTO,1120,,
2012,199,49,2,132,FELIPE PEIXOTO,1120,,
2012,199,5,1,72,FELIPE PEIXOTO,1023,,
2012,199,5,2,90,FELIPE PEIXOTO,1023,,
2012,199,50,1,100,FELIPE PEIXOTO,1120,,
2012,199,50,2,141,FELIPE PEIXOTO,1120,,
2012,199,51,1,88,FELIPE PEIXOTO,1139,,
2012,199,51,2,119,FELIPE PEIXOTO,1139,,
2012,199,52,1,89,FELIPE PEIXOTO,1139,,
2012,199,52,2,128,FELIPE PEIXOTO,1139,,
2012,199,53,1,78,FELIPE PEIXOTO,1139,,
2012,199,53,2,106,FELIPE PEIXOTO,1139,,
2012,199,54,1,85,FELIPE PEIXOTO,1139,,
2012,199,54,2,128,FELIPE PEIXOTO,1139,,
2012,199,55,1,88,FELIPE PEIXOTO,1139,,
2012,199,55,2,117,FELIPE PEIXOTO,1139,,
2012,199,56,1,87,FELIPE PEIXOTO,1139,,
2012,199,56,2,123,FELIPE PEIXOTO,1139,,
2012,199,57,1,86,FELIPE PEIXOTO,1139,,
2012,199,57,2,120,FELIPE PEIXOTO,1139,,
2012,199,58,1,79,FELIPE PEIXOTO,1120,,
2012,199,58,2,108,FELIPE PEIXOTO,1120,,
2012,199,59,1,96,FELIPE PEIXOTO,1120,,
2012,199,59,2,129,FELIPE PEIXOTO,1120,,
2012,199,6,1,63,FELIPE PEIXOTO,1023,,
2012,199,6,2,83,FELIPE PEIXOTO,1023,,
2012,199,60,1,76,FELIPE PEIXOTO,1120,,
2012,199,60,2,109,FELIPE PEIXOTO,1120,,
2012,199,61,1,98,FELIPE PEIXOTO,1120,,
2012,199,61,2,127,FELIPE PEIXOTO,1120,,
2012,199,62,1,81,FELIPE PEIXOTO,1120,,
2012,199,62,2,111,FELIPE PEIXOTO,1120,,
2012,199,63,1,100,FELIPE PEIXOTO,1120,,
2012,199,63,2,121,FELIPE PEIXOTO,1120,,
2012,199,64,1,101,FELIPE PEIXOTO,1155,,
2012,199,64,2,127,FELIPE PEIXOTO,1155,,
2012,199,65,1,98,FELIPE PEIXOTO,1155,,
2012,199,65,2,141,FELIPE PEIXOTO,1155,,
2012,199,66,1,104,FELIPE PEIXOTO,1155,,
2012,199,66,2,129,FELIPE PEIXOTO,1155,,
2012,199,67,1,100,FELIPE PEIXOTO,1155,,
2012,199,67,2,131,FELIPE PEIXOTO,1155,,
2012,199,68,1,128,FELIPE PEIXOTO,1163,,
2012,199,68,2,127,FELIPE PEIXOTO,1163,,
2012,199,69,1,95,FELIPE PEIXOTO,1163,,
2012,199,69,2,94,FELIPE PEIXOTO,1163,,
2012,199,7,1,70,FELIPE PEIXOTO,1023,,
2012,199,7,2,95,FELIPE PEIXOTO,1023,,
2012,199,70,1,116,FELIPE PEIXOTO,1163,,
2012,199,70,2,115,FELIPE PEIXOTO,1163,,
2012,199,71,1,118,FELIPE PEIXOTO,1171,,
2012,199,71,2,119,FELIPE PEIXOTO,1171,,
2012,199,72,1,129,FELIPE PEIXOTO,1163,,
2012,199,72,2,135,FELIPE PEIXOTO,1163,,
2012,199,73,1,124,FELIPE PEIXOTO,1163,,
2012,199,73,2,129,FELIPE PEIXOTO,1163,,
2012,199,74,1,89,FELIPE PEIXOTO,1163,,
2012,199,74,2,80,FELIPE PEIXOTO,1163,,
2012,199,75,1,70,FELIPE PEIXOTO,1198,,
2012,199,75,2,127,FELIPE PEIXOTO,1198,,
2012,199,76,1,91,FELIPE PEIXOTO,1198,,
2012,199,76,2,130,FELIPE PEIXOTO,1198,,
2012,199,77,1,83,FELIPE PEIXOTO,1201,,
2012,199,77,2,114,FELIPE PEIXOTO,1201,,
2012,199,78,1,127,FELIPE PEIXOTO,1163,,
2012,199,78,2,122,FELIPE PEIXOTO,1163,,
2012,199,79,1,94,FELIPE PEIXOTO,1244,,
2012,199,79,2,128,FELIPE PEIXOTO,1244,,
2012,199,8,1,81,FELIPE PEIXOTO,1023,,
2012,199,8,2,84,FELIPE PEIXOTO,1023,,
2012,199,80,1,73,FELIPE PEIXOTO,1244,,
2012,199,80,2,115,FELIPE PEIXOTO,1244,,
2012,199,81,1,105,FELIPE PEIXOTO,1244,,
2012,199,81,2,133,FELIPE PEIXOTO,1244,,
2012,199,82,1,124,FELIPE PEIXOTO,1252,,
2012,199,82,2,128,FELIPE PEIXOTO,1252,,
2012,199,83,1,120,FELIPE PEIXOTO,1252,,
2012,199,83,2,155,FELIPE PEIXOTO,1252,,
2012,199,84,1,113,FELIPE PEIXOTO,1252,,
2012,199,84,2,145,FELIPE PEIXOTO,1252,,
2012,199,85,1,92,FELIPE PEIXOTO,1252,,
2012,199,85,2,121,FELIPE PEIXOTO,1252,,
2012,199,86,1,105,FELIPE PEIXOTO,1252,,
2012,199,86,2,104,FELIPE PEIXOTO,1252,,
2012,199,87,1,90,FELIPE PEIXOTO,1252,,
2012,199,87,2,127,FELIPE PEIXOTO,1252,,
2012,199,88,1,104,FELIPE PEIXOTO,1015,,
2012,199,88,2,142,FELIPE PEIXOTO,1015,,
2012,199,89,1,91,FELIPE PEIXOTO,1040,,
2012,199,89,2,113,FELIPE PEIXOTO,1040,,
2012,199,9,1,121,FELIPE PEIXOTO,1031,,
2012,199,9,2,135,FELIPE PEIXOTO,1031,,
2012,199,90,1,78,FELIPE PEIXOTO,1082,,
2012,199,90,2,108,FELIPE PEIXOTO,1082,,
2012,199,91,1,81,FELIPE PEIXOTO,1244,,
2012,199,91,2,117,FELIPE PEIXOTO,1244,,
2012,199,92,1,104,FELIPE PEIXOTO,1120,,
2012,199,92,2,134,FELIPE PEIXOTO,1120,,
2012,199,93,1,101,FELIPE PEIXOTO,1201,,
2012,199,93,2,140,FELIPE PEIXOTO,1201,,
2012,199,94,1,110,FELIPE PEIXOTO,1031,,
2012,199,94,2,131,FELIPE PEIXOTO,1031,,
2012,199,95,1,118,FELIPE PEIXOTO,1031,,
2012,199,95,2,128,FELIPE PEIXOTO,1031,,
2012,199,96,1,95,FELIPE PEIXOTO,1040,,
2012,199,96,2,124,FELIPE PEIXOTO,1040,,
2012,199,97,1,89,FELIPE PEIXOTO,1074,,
2012,199,97,2,140,FELIPE PEIXOTO,1074,,
2012,199,98,1,78,FELIPE PEIXOTO,1244,,
2012,199,98,2,128,FELIPE PEIXOTO,1244,,
2012,199,99,1,109,FELIPE PEIXOTO,1082,,
2012,199,99,2,130,FELIPE PEIXOTO,1082,,
2012,71,1,1,100,FELIPE PEIXOTO,1015,,
2012,71,1,2,133,FELIPE PEIXOTO,1015,,
2012,71,100,1,84,FELIPE PEIXOTO,1309,,
2012,71,100,2,122,FELIPE PEIXOTO,1309,,
2012,71,101,1,101,FELIPE PEIXOTO,1309,,
2012,71,101,2,152,FELIPE PEIXOTO,1309,,
2012,71,102,1,93,FELIPE PEIXOTO,1309,,
2012,71,102,2,151,FELIPE PEIXOTO,1309,,
2012,71,103,1,91,FELIPE PEIXOTO,1309,,
2012,71,103,2,137,FELIPE PEIXOTO,1309,,
2012,71,104,1,78,FELIPE PEIXOTO,1317,,
2012,71,104,2,130,FELIPE PEIXOTO,1317,,
2012,71,105,1,89,FELIPE PEIXOTO,1317,,
2012,71,105,2,134,FELIPE PEIXOTO,1317,,
2012,71,106,1,83,FELIPE PEIXOTO,1325,,
2012,71,106,2,116,FELIPE PEIXOTO,1325,,
2012,71,107,1,92,FELIPE PEIXOTO,1325,,
2012,71,107,2,106,FELIPE PEIXOTO,1325,,
2012,71,108,1,94,FELIPE PEIXOTO,1325,,
2012,71,108,2,104,FELIPE PEIXOTO,1325,,
2012,71,109,1,84,FELIPE PEIXOTO,1325,,
2012,71,109,2,98,FELIPE PEIXOTO,1325,,
2012,71,110,1,83,FELIPE PEIXOTO,1325,,
2012,71,110,2,100,FELIPE PEIXOTO,1325,,
2012,71,111,1,102,FELIPE PEIXOTO,1325,,
2012,71,111,2,125,FELIPE PEIXOTO,1325,,
2012,71,112,1,96,FELIPE PEIXOTO,1325,,
2012,71,112,2,112,FELIPE PEIXOTO,1325,,
2012,71,113,1,94,FELIPE PEIXOTO,1325,,
2012,71,113,2,125,FELIPE PEIXOTO,1325,,
2012,71,114,1,94,FELIPE PEIXOTO,1325,,
2012,71,114,2,129,FELIPE PEIXOTO,1325,,
2012,71,115,1,99,FELIPE PEIXOTO,1325,,
2012,71,115,2,118,FELIPE PEIXOTO,1325,,
2012,71,116,1,79,FELIPE PEIXOTO,1333,,
2012,71,116,2,128,FELIPE PEIXOTO,1333,,
2012,71,117,1,83,FELIPE PEIXOTO,1333,,
2012,71,117,2,126,FELIPE PEIXOTO,1333,,
2012,71,118,1,74,FELIPE PEIXOTO,1309,,
2012,71,118,2,132,FELIPE PEIXOTO,1309,,
2012,71,119,1,98,FELIPE PEIXOTO,1309,,
2012,71,119,2,142,FELIPE PEIXOTO,1309,,
2012,71,120,1,76,FELIPE PEIXOTO,1333,,
2012,71,120,2,133,FELIPE PEIXOTO,1333,,
2012,71,121,1,96,FELIPE PEIXOTO,1333,,
2012,71,121,2,122,FELIPE PEIXOTO,1333,,
2012,71,122,1,87,FELIPE PEIXOTO,1333,,
2012,71,122,2,124,FELIPE PEIXOTO,1333,,
2012,71,123,1,72,FELIPE PEIXOTO,1368,,
2012,71,123,2,134,FELIPE PEIXOTO,1368,,
2012,71,124,1,85,FELIPE PEIXOTO,1368,,
2012,71,124,2,118,FELIPE PEIXOTO,1368,,
2012,71,125,1,85,FELIPE PEIXOTO,1368,,
2012,71,125,2,136,FELIPE PEIXOTO,1368,,
2012,71,130,1,88,FELIPE PEIXOTO,1392,,
2012,71,130,2,126,FELIPE PEIXOTO,1392,,
2012,71,131,1,97,FELIPE PEIXOTO,1392,,
2012,71,131,2,114,FELIPE PEIXOTO,1392,,
2012,71,132,1,110,FELIPE PEIXOTO,1392,,
2012,71,132,2,142,FELIPE PEIXOTO,1392,,
2012,71,133,1,88,FELIPE PEIXOTO,1392,,
2012,71,133,2,120,FELIPE PEIXOTO,1392,,
2012,71,134,1,88,FELIPE PEIXOTO,1392,,
2012,71,134,2,141,FELIPE PEIXOTO,1392,,
2012,71,135,1,91,FELIPE PEIXOTO,1392,,
2012,71,135,2,125,FELIPE PEIXOTO,1392,,
2012,71,136,1,104,FELIPE PEIXOTO,1015,,
2012,71,136,2,146,FELIPE PEIXOTO,1015,,
2012,71,138,1,89,FELIPE PEIXOTO,1260,,
2012,71,138,2,132,FELIPE PEIXOTO,1260,,
2012,71,140,1,81,FELIPE PEIXOTO,1244,,
2012,71,140,2,130,FELIPE PEIXOTO,1244,,
2012,71,142,1,85,FELIPE PEIXOTO,1295,,
2012,71,142,2,113,FELIPE PEIXOTO,1295,,
2012,71,143,1,100,FELIPE PEIXOTO,1317,,
2012,71,143,2,153,FELIPE PEIXOTO,1317,,
2012,71,144,1,67,FELIPE PEIXOTO,1325,,
2012,71,144,2,97,FELIPE PEIXOTO,1325,,
2012,71,145,1,73,FELIPE PEIXOTO,1317,,
2012,71,145,2,122,FELIPE PEIXOTO,1317,,
2012,71,146,1,81,FELIPE PEIXOTO,1368,,
2012,71,146,2,141,FELIPE PEIXOTO,1368,,
2012,71,150,1,73,FELIPE PEIXOTO,1333,,
2012,71,150,2,118,FELIPE PEIXOTO,1333,,
2012,71,151,1,92,FELIPE PEIXOTO,1104,,
2012,71,151,2,119,FELIPE PEIXOTO,1104,,
2012,71,153,1,112,FELIPE PEIXOTO,1015,,
2012,71,153,2,151,FELIPE PEIXOTO,1015,,
2012,71,156,1,95,FELIPE PEIXOTO,1309,,
2012,71,156,2,144,FELIPE PEIXOTO,1309,,
2012,71,157,1,80,FELIPE PEIXOTO,1260,,
2012,71,157,2,123,FELIPE PEIXOTO,1260,,
2012,71,158,1,99,FELIPE PEIXOTO,1392,,
2012,71,158,2,140,FELIPE PEIXOTO,1392,,
2012,71,160,1,100,FELIPE PEIXOTO,1333,,
2012,71,160,2,136,FELIPE PEIXOTO,1333,,
2012,71,161,1,99,FELIPE PEIXOTO,1392,,
2012,71,161,2,144,FELIPE PEIXOTO,1392,,
2012,71,167,1,90,FELIPE PEIXOTO,1368,,
2012,71,167,2,137,FELIPE PEIXOTO,1368,,
2012,71,168,1,82,FELIPE PEIXOTO,1244,,
2012,71,168,2,124,FELIPE PEIXOTO,1244,,
2012,71,171,1,82,FELIPE PEIXOTO,1295,,
2012,71,171,2,113,FELIPE PEIXOTO,1295,,
2012,71,172,1,80,FELIPE PEIXOTO,1325,,
2012,71,172,2,89,FELIPE PEIXOTO,1325,,
2012,71,174,1,80,FELIPE PEIXOTO,1333,,
2012,71,174,2,107,FELIPE PEIXOTO,1333,,
2012,71,175,1,90,FELIPE PEIXOTO,1309,,
2012,71,175,2,126,FELIPE PEIXOTO,1309,,
2012,71,178,1,93,FELIPE PEIXOTO,1104,,
2012,71,178,2,120,FELIPE PEIXOTO,1104,,
2012,71,179,1,99,FELIPE PEIXOTO,1392,,
2012,71,179,2,124,FELIPE PEIXOTO,1392,,
2012,71,182,1,73,FELIPE PEIXOTO,1333,,
2012,71,182,2,115,FELIPE PEIXOTO,1333,,
2012,71,183,1,99,FELIPE PEIXOTO,1104,,
2012,71,183,2,150,FELIPE PEIXOTO,1104,,
2012,71,185,1,87,FELIPE PEIXOTO,1244,,
2012,71,185,2,130,FELIPE PEIXOTO,1244,,
2012,71,186,1,94,FELIPE PEIXOTO,1392,,
2012,71,186,2,129,FELIPE PEIXOTO,1392,,
2012,71,189,1,81,FELIPE PEIXOTO,1317,,
2012,71,189,2,131,FELIPE PEIXOTO,1317,,
2012,71,190,1,78,FELIPE PEIXOTO,1260,,
2012,71,190,2,124,FELIPE PEIXOTO,1260,,
2012,71,191,1,93,FELIPE PEIXOTO,1309,,
2012,71,191,2,140,FELIPE PEIXOTO,1309,,
2012,71,192,1,83,FELIPE PEIXOTO,1392,,
2012,71,192,2,125,FELIPE PEIXOTO,1392,,
2012,71,193,1,91,FELIPE PEIXOTO,1325,,
2012,71,193,2,121,FELIPE PEIXOTO,1325,,
2012,71,194,1,79,FELIPE PEIXOTO,1295,,
2012,71,194,2,104,FELIPE PEIXOTO,1295,,
2012,71,195,1,78,FELIPE PEIXOTO,1368,,
2012,71,195,2,136,FELIPE PEIXOTO,1368,,
2012,71,196,1,94,FELIPE PEIXOTO,1392,,
2012,71,196,2,118,FELIPE PEIXOTO,1392,,
2012,71,197,1,101,FELIPE PEIXOTO,1015,,
2012,71,197,2,132,FELIPE PEIXOTO,1015,,
2012,71,198,1,78,FELIPE PEIXOTO,1260,,
2012,71,198,2,136,FELIPE PEIXOTO,1260,,
2012,71,199,1,77,FELIPE PEIXOTO,1317,,
2012,71,199,2,123,FELIPE PEIXOTO,1317,,
2012,71,2,1,95,FELIPE PEIXOTO,1015,,
2012,71,2,2,132,FELIPE PEIXOTO,1015,,
2012,71,200,1,88,FELIPE PEIXOTO,1392,,
2012,71,200,2,119,FELIPE PEIXOTO,1392,,
2012,71,201,1,77,FELIPE PEIXOTO,1260,,
2012,71,201,2,119,FELIPE PEIXOTO,1260,,
2012,71,202,1,82,FELIPE PEIXOTO,1325,,
2012,71,202,2,96,FELIPE PEIXOTO,1325,,
2012,71,27,1,87,FELIPE PEIXOTO,1104,,
2012,71,27,2,135,FELIPE PEIXOTO,1104,,
2012,71,28,1,101,FELIPE PEIXOTO,1104,,
2012,71,28,2,136,FELIPE PEIXOTO,1104,,
2012,71,29,1,86,FELIPE PEIXOTO,1104,,
2012,71,29,2,132,FELIPE PEIXOTO,1104,,
2012,71,3,1,102,FELIPE PEIXOTO,1015,,
2012,71,3,2,120,FELIPE PEIXOTO,1015,,
2012,71,30,1,95,FELIPE PEIXOTO,1104,,
2012,71,30,2,146,FELIPE PEIXOTO,1104,,
2012,71,31,1,73,FELIPE PEIXOTO,1104,,
2012,71,31,2,99,FELIPE PEIXOTO,1104,,
2012,71,32,1,90,FELIPE PEIXOTO,1104,,
2012,71,32,2,128,FELIPE PEIXOTO,1104,,
2012,71,4,1,102,FELIPE PEIXOTO,1015,,
2012,71,4,2,139,FELIPE PEIXOTO,1015,,
2012,71,5,1,97,FELIPE PEIXOTO,1015,,
2012,71,5,2,141,FELIPE PEIXOTO,1015,,
2012,71,6,1,108,FELIPE PEIXOTO,1015,,
2012,71,6,2,137,FELIPE PEIXOTO,1015,,
2012,71,69,1,83,FELIPE PEIXOTO,1244,,
2012,71,69,2,124,FELIPE PEIXOTO,1244,,
2012,71,70,1,89,FELIPE PEIXOTO,1244,,
2012,71,70,2,149,FELIPE PEIXOTO,1244,,
2012,71,71,1,84,FELIPE PEIXOTO,1260,,
2012,71,71,2,113,FELIPE PEIXOTO,1260,,
2012,71,72,1,94,FELIPE PEIXOTO,1260,,
2012,71,72,2,148,FELIPE PEIXOTO,1260,,
2012,71,73,1,89,FELIPE PEIXOTO,1260,,
2012,71,73,2,142,FELIPE PEIXOTO,1260,,
2012,71,74,1,90,FELIPE PEIXOTO,1260,,
2012,71,74,2,148,FELIPE PEIXOTO,1260,,
2012,71,75,1,90,FELIPE PEIXOTO,1368,,
2012,71,75,2,150,FELIPE PEIXOTO,1368,,
2012,71,76,1,115,FELIPE PEIXOTO,1368,,
2012,71,76,2,149,FELIPE PEIXOTO,1368,,
2012,71,77,1,93,FELIPE PEIXOTO,1244,,
2012,71,77,2,138,FELIPE PEIXOTO,1244,,
2012,71,78,1,97,FELIPE PEIXOTO,1244,,
2012,71,78,2,138,FELIPE PEIXOTO,1244,,
2012,71,79,1,83,FELIPE PEIXOTO,1244,,
2012,71,79,2,120,FELIPE PEIXOTO,1244,,
2012,71,80,1,92,FELIPE PEIXOTO,1317,,
2012,71,80,2,122,FELIPE PEIXOTO,1317,,
2012,71,81,1,84,FELIPE PEIXOTO,1317,,
2012,71,81,2,131,FELIPE PEIXOTO,1317,,
2012,71,82,1,81,FELIPE PEIXOTO,1260,,
2012,71,82,2,131,FELIPE PEIXOTO,1260,,
2012,71,83,1,75,FELIPE PEIXOTO,1260,,
2012,71,83,2,115,FELIPE PEIXOTO,1260,,
2012,71,84,1,73,FELIPE PEIXOTO,1260,,
2012,71,84,2,127,FELIPE PEIXOTO,1260,,
2012,71,85,1,48,FELIPE PEIXOTO,1333,,
2012,71,85,2,67,FELIPE PEIXOTO,1333,,
2012,71,86,1,89,FELIPE PEIXOTO,1015,,
2012,71,86,2,123,FELIPE PEIXOTO,1015,,
2012,71,87,1,98,FELIPE PEIXOTO,1015,,
2012,71,87,2,127,FELIPE PEIXOTO,1015,,
2012,71,88,1,89,FELIPE PEIXOTO,1295,,
2012,71,88,2,138,FELIPE PEIXOTO,1295,,
2012,71,89,1,88,FELIPE PEIXOTO,1295,,
2012,71,89,2,120,FELIPE PEIXOTO,1295,,
2012,71,90,1,82,FELIPE PEIXOTO,1295,,
2012,71,90,2,125,FELIPE PEIXOTO,1295,,
2012,71,91,1,91,FELIPE PEIXOTO,1295,,
2012,71,91,2,126,FELIPE PEIXOTO,1295,,
2012,71,92,1,78,FELIPE PEIXOTO,1295,,
2012,71,92,2,122,FELIPE PEIXOTO,1295,,
2012,71,93,1,96,FELIPE PEIXOTO,1295,,
2012,71,93,2,127,FELIPE PEIXOTO,1295,,
2012,71,94,1,82,FELIPE PEIXOTO,1295,,
2012,71,94,2,135,FELIPE PEIXOTO,1295,,
2012,71,95,1,88,FELIPE PEIXOTO,1295,,
2012,71,95,2,117,FELIPE PEIXOTO,1295,,
2012,71,96,1,61,FELIPE PEIXOTO,1295,,
2012,71,96,2,111,FELIPE PEIXOTO,1295,,
2012,71,97,1,101,FELIPE PEIXOTO,1295,,
2012,71,97,2,128,FELIPE PEIXOTO,1295,,
2012,71,98,1,105,FELIPE PEIXOTO,1295,,
2012,71,98,2,138,FELIPE PEIXOTO,1295,,
2012,71,99,1,93,FELIPE PEIXOTO,1295,,
2012,71,99,2,134,FELIPE PEIXOTO,1295,,
2012,72,1,1,58,FELIPE PEIXOTO,1015,,
2012,72,1,2,73,FELIPE PEIXOTO,1015,,
2012,72,10,1,75,FELIPE PEIXOTO,1040,,
2012,72,10,2,95,FELIPE PEIXOTO,1040,,
2012,72,11,1,54,FELIPE PEIXOTO,1040,,
2012,72,11,2,82,FELIPE PEIXOTO,1040,,
2012,72,113,1,91,FELIPE PEIXOTO,1368,,
2012,72,113,2,117,FELIPE PEIXOTO,1368,,
2012,72,114,1,96,FELIPE PEIXOTO,1368,,
2012,72,114,2,107,FELIPE PEIXOTO,1368,,
2012,72,118,1,81,FELIPE PEIXOTO,1040,,
2012,72,118,2,91,FELIPE PEIXOTO,1040,,
2012,72,12,1,73,FELIPE PEIXOTO,1040,,
2012,72,12,2,100,FELIPE PEIXOTO,1040,,
2012,72,120,1,99,FELIPE PEIXOTO,1449,,
2012,72,120,2,111,FELIPE PEIXOTO,1449,,
2012,72,121,1,54,FELIPE PEIXOTO,1015,,
2012,72,121,2,64,FELIPE PEIXOTO,1015,,
2012,72,122,1,106,FELIPE PEIXOTO,1074,,
2012,72,122,2,132,FELIPE PEIXOTO,1074,,
2012,72,123,1,98,FELIPE PEIXOTO,1112,,
2012,72,123,2,114,FELIPE PEIXOTO,1112,,
2012,72,126,1,112,FELIPE PEIXOTO,1180,,
2012,72,126,2,167,FELIPE PEIXOTO,1180,,
2012,72,13,1,85,FELIPE PEIXOTO,1040,,
2012,72,13,2,96,FELIPE PEIXOTO,1040,,
2012,72,130,1,96,FELIPE PEIXOTO,1147,,
2012,72,130,2,114,FELIPE PEIXOTO,1147,,
2012,72,131,1,112,FELIPE PEIXOTO,1449,,
2012,72,131,2,130,FELIPE PEIXOTO,1449,,
2012,72,132,1,89,FELIPE PEIXOTO,1368,,
2012,72,132,2,114,FELIPE PEIXOTO,1368,,
2012,72,133,1,113,FELIPE PEIXOTO,1074,,
2012,72,133,2,144,FELIPE PEIXOTO,1074,,
2012,72,136,1,95,FELIPE PEIXOTO,1112,,
2012,72,136,2,102,FELIPE PEIXOTO,1112,,
2012,72,137,1,56,FELIPE PEIXOTO,1015,,
2012,72,137,2,73,FELIPE PEIXOTO,1015,,
2012,72,139,1,94,FELIPE PEIXOTO,1171,,
2012,72,139,2,131,FELIPE PEIXOTO,1171,,
2012,72,14,1,91,FELIPE PEIXOTO,1040,,
2012,72,14,2,104,FELIPE PEIXOTO,1040,,
2012,72,143,1,46,FELIPE PEIXOTO,1015,,
2012,72,143,2,62,FELIPE PEIXOTO,1015,,
2012,72,144,1,92,FELIPE PEIXOTO,1112,,
2012,72,144,2,104,FELIPE PEIXOTO,1112,,
2012,72,146,1,98,FELIPE PEIXOTO,1171,,
2012,72,146,2,127,FELIPE PEIXOTO,1171,,
2012,72,147,1,83,FELIPE PEIXOTO,1074,,
2012,72,147,2,111,FELIPE PEIXOTO,1074,,
2012,72,149,1,49,FELIPE PEIXOTO,1015,,
2012,72,149,2,64,FELIPE PEIXOTO,1015,,
2012,72,15,1,78,FELIPE PEIXOTO,1040,,
2012,72,15,2,89,FELIPE PEIXOTO,1040,,
2012,72,150,1,100,FELIPE PEIXOTO,1449,,
2012,72,150,2,110,FELIPE PEIXOTO,1449,,
2012,72,151,1,39,FELIPE PEIXOTO,1040,,
2012,72,151,2,68,FELIPE PEIXOTO,1040,,
2012,72,152,1,60,FELIPE PEIXOTO,1040,,
2012,72,152,2,79,FELIPE PEIXOTO,1040,,
2012,72,156,1,92,FELIPE PEIXOTO,1368,,
2012,72,156,2,115,FELIPE PEIXOTO,1368,,
2012,72,159,1,104,FELIPE PEIXOTO,1449,,
2012,72,159,2,117,FELIPE PEIXOTO,1449,,
2012,72,16,1,53,FELIPE PEIXOTO,1015,,
2012,72,16,2,64,FELIPE PEIXOTO,1015,,
2012,72,160,1,99,FELIPE PEIXOTO,1147,,
2012,72,160,2,133,FELIPE PEIXOTO,1147,,
2012,72,162,1,85,FELIPE PEIXOTO,1171,,
2012,72,162,2,110,FELIPE PEIXOTO,1171,,
2012,72,163,1,98,FELIPE PEIXOTO,1449,,
2012,72,163,2,99,FELIPE PEIXOTO,1449,,
2012,72,164,1,51,FELIPE PEIXOTO,1015,,
2012,72,164,2,60,FELIPE PEIXOTO,1015,,
2012,72,168,1,95,FELIPE PEIXOTO,1074,,
2012,72,168,2,118,FELIPE PEIXOTO,1074,,
2012,72,17,1,49,FELIPE PEIXOTO,1015,,
2012,72,17,2,61,FELIPE PEIXOTO,1015,,
2012,72,173,1,100,FELIPE PEIXOTO,1449,,
2012,72,173,2,115,FELIPE PEIXOTO,1449,,
2012,72,174,1,94,FELIPE PEIXOTO,1473,,
2012,72,174,2,118,FELIPE PEIXOTO,1473,,
2012,72,177,1,41,FELIPE PEIXOTO,1015,,
2012,72,177,2,59,FELIPE PEIXOTO,1015,,
2012,72,178,1,85,FELIPE PEIXOTO,1171,,
2012,72,178,2,108,FELIPE PEIXOTO,1171,,
2012,72,179,1,109,FELIPE PEIXOTO,1490,,
2012,72,179,2,130,FELIPE PEIXOTO,1490,,
2012,72,18,1,93,FELIPE PEIXOTO,1449,,
2012,72,18,2,103,FELIPE PEIXOTO,1449,,
2012,72,181,1,116,FELIPE PEIXOTO,1473,,
2012,72,181,2,142,FELIPE PEIXOTO,1473,,
2012,72,183,1,43,FELIPE PEIXOTO,1015,,
2012,72,183,2,68,FELIPE PEIXOTO,1015,,
2012,72,184,1,112,FELIPE PEIXOTO,1147,,
2012,72,184,2,120,FELIPE PEIXOTO,1147,,
2012,72,185,1,88,FELIPE PEIXOTO,1368,,
2012,72,185,2,109,FELIPE PEIXOTO,1368,,
2012,72,186,1,112,FELIPE PEIXOTO,1473,,
2012,72,186,2,106,FELIPE PEIXOTO,1473,,
2012,72,187,1,108,FELIPE PEIXOTO,1473,,
2012,72,187,2,122,FELIPE PEIXOTO,1473,,
2012,72,188,1,57,FELIPE PEIXOTO,1040,,
2012,72,188,2,80,FELIPE PEIXOTO,1040,,
2012,72,189,1,103,FELIPE PEIXOTO,1074,,
2012,72,189,2,115,FELIPE PEIXOTO,1074,,
2012,72,19,1,85,FELIPE PEIXOTO,1449,,
2012,72,19,2,104,FELIPE PEIXOTO,1449,,
2012,72,190,1,110,FELIPE PEIXOTO,1074,,
2012,72,190,2,128,FELIPE PEIXOTO,1074,,
2012,72,191,1,105,FELIPE PEIXOTO,1473,,
2012,72,191,2,111,FELIPE PEIXOTO,1473,,
2012,72,192,1,106,FELIPE PEIXOTO,1449,,
2012,72,192,2,111,FELIPE PEIXOTO,1449,,
2012,72,193,1,117,FELIPE PEIXOTO,1473,,
2012,72,193,2,119,FELIPE PEIXOTO,1473,,
2012,72,194,1,92,FELIPE PEIXOTO,1368,,
2012,72,194,2,100,FELIPE PEIXOTO,1368,,
2012,72,195,1,92,FELIPE PEIXOTO,1449,,
2012,72,195,2,119,FELIPE PEIXOTO,1449,,
2012,72,196,1,83,FELIPE PEIXOTO,1147,,
2012,72,196,2,90,FELIPE PEIXOTO,1147,,
2012,72,197,1,40,FELIPE PEIXOTO,1040,,
2012,72,197,2,46,FELIPE PEIXOTO,1040,,
2012,72,198,1,86,FELIPE PEIXOTO,1180,,
2012,72,198,2,112,FELIPE PEIXOTO,1180,,
2012,72,199,1,59,FELIPE PEIXOTO,1368,,
2012,72,199,2,67,FELIPE PEIXOTO,1368,,
2012,72,2,1,52,FELIPE PEIXOTO,1015,,
2012,72,2,2,72,FELIPE PEIXOTO,1015,,
2012,72,20,1,101,FELIPE PEIXOTO,1449,,
2012,72,20,2,110,FELIPE PEIXOTO,1449,,
2012,72,200,1,84,FELIPE PEIXOTO,1490,,
2012,72,200,2,109,FELIPE PEIXOTO,1490,,
2012,72,201,1,87,FELIPE PEIXOTO,1473,,
2012,72,201,2,112,FELIPE PEIXOTO,1473,,
2012,72,202,1,125,FELIPE PEIXOTO,1074,,
2012,72,202,2,127,FELIPE PEIXOTO,1074,,
2012,72,203,1,101,FELIPE PEIXOTO,1449,,
2012,72,203,2,136,FELIPE PEIXOTO,1449,,
2012,72,204,1,74,FELIPE PEIXOTO,1040,,
2012,72,204,2,81,FELIPE PEIXOTO,1040,,
2012,72,205,1,93,FELIPE PEIXOTO,1368,,
2012,72,205,2,128,FELIPE PEIXOTO,1368,,
2012,72,206,1,91,FELIPE PEIXOTO,1490,,
2012,72,206,2,120,FELIPE PEIXOTO,1490,,
2012,72,207,1,107,FELIPE PEIXOTO,1473,,
2012,72,207,2,129,FELIPE PEIXOTO,1473,,
2012,72,208,1,91,FELIPE PEIXOTO,1180,,
2012,72,208,2,131,FELIPE PEIXOTO,1180,,
2012,72,209,1,83,FELIPE PEIXOTO,1074,,
2012,72,209,2,118,FELIPE PEIXOTO,1074,,
2012,72,21,1,86,FELIPE PEIXOTO,1449,,
2012,72,21,2,101,FELIPE PEIXOTO,1449,,
2012,72,210,1,87,FELIPE PEIXOTO,1074,,
2012,72,210,2,109,FELIPE PEIXOTO,1074,,
2012,72,211,1,103,FELIPE PEIXOTO,1368,,
2012,72,211,2,105,FELIPE PEIXOTO,1368,,
2012,72,212,1,64,FELIPE PEIXOTO,1040,,
2012,72,212,2,96,FELIPE PEIXOTO,1040,,
2012,72,213,1,68,FELIPE PEIXOTO,1147,,
2012,72,213,2,86,FELIPE PEIXOTO,1147,,
2012,72,214,1,93,FELIPE PEIXOTO,1473,,
2012,72,214,2,109,FELIPE PEIXOTO,1473,,
2012,72,215,1,100,FELIPE PEIXOTO,1074,,
2012,72,215,2,117,FELIPE PEIXOTO,1074,,
2012,72,216,1,83,FELIPE PEIXOTO,1490,,
2012,72,216,2,77,FELIPE PEIXOTO,1490,,
2012,72,217,1,49,FELIPE PEIXOTO,1040,,
2012,72,217,2,57,FELIPE PEIXOTO,1040,,
2012,72,218,1,59,FELIPE PEIXOTO,1180,,
2012,72,218,2,64,FELIPE PEIXOTO,1180,,
2012,72,219,1,44,FELIPE PEIXOTO,1074,,
2012,72,219,2,48,FELIPE PEIXOTO,1074,,
2012,72,22,1,90,FELIPE PEIXOTO,1449,,
2012,72,22,2,112,FELIPE PEIXOTO,1449,,
2012,72,23,1,121,FELIPE PEIXOTO,1074,,
2012,72,23,2,143,FELIPE PEIXOTO,1074,,
2012,72,24,1,106,FELIPE PEIXOTO,1074,,
2012,72,24,2,126,FELIPE PEIXOTO,1074,,
2012,72,25,1,119,FELIPE PEIXOTO,1074,,
2012,72,25,2,127,FELIPE PEIXOTO,1074,,
2012,72,26,1,106,FELIPE PEIXOTO,1074,,
2012,72,26,2,120,FELIPE PEIXOTO,1074,,
2012,72,27,1,106,FELIPE PEIXOTO,1449,,
2012,72,27,2,123,FELIPE PEIXOTO,1449,,
2012,72,28,1,85,FELIPE PEIXOTO,1449,,
2012,72,28,2,111,FELIPE PEIXOTO,1449,,
2012,72,29,1,84,FELIPE PEIXOTO,1449,,
2012,72,29,2,89,FELIPE PEIXOTO,1449,,
2012,72,3,1,60,FELIPE PEIXOTO,1015,,
2012,72,3,2,66,FELIPE PEIXOTO,1015,,
2012,72,30,1,108,FELIPE PEIXOTO,1449,,
2012,72,30,2,119,FELIPE PEIXOTO,1449,,
2012,72,35,1,87,FELIPE PEIXOTO,1112,,
2012,72,35,2,103,FELIPE PEIXOTO,1112,,
2012,72,36,1,87,FELIPE PEIXOTO,1112,,
2012,72,36,2,106,FELIPE PEIXOTO,1112,,
2012,72,37,1,79,FELIPE PEIXOTO,1112,,
2012,72,37,2,86,FELIPE PEIXOTO,1112,,
2012,72,38,1,95,FELIPE PEIXOTO,1112,,
2012,72,38,2,113,FELIPE PEIXOTO,1112,,
2012,72,39,1,83,FELIPE PEIXOTO,1112,,
2012,72,39,2,111,FELIPE PEIXOTO,1112,,
2012,72,4,1,57,FELIPE PEIXOTO,1015,,
2012,72,4,2,71,FELIPE PEIXOTO,1015,,
2012,72,40,1,93,FELIPE PEIXOTO,1112,,
2012,72,40,2,100,FELIPE PEIXOTO,1112,,
2012,72,41,1,94,FELIPE PEIXOTO,1112,,
2012,72,41,2,122,FELIPE PEIXOTO,1112,,
2012,72,42,1,90,FELIPE PEIXOTO,1112,,
2012,72,42,2,114,FELIPE PEIXOTO,1112,,
2012,72,43,1,86,FELIPE PEIXOTO,1112,,
2012,72,43,2,94,FELIPE PEIXOTO,1112,,
2012,72,5,1,58,FELIPE PEIXOTO,1015,,
2012,72,5,2,79,FELIPE PEIXOTO,1015,,
2012,72,52,1,95,FELIPE PEIXOTO,1147,,
2012,72,52,2,109,FELIPE PEIXOTO,1147,,
2012,72,53,1,104,FELIPE PEIXOTO,1147,,
2012,72,53,2,118,FELIPE PEIXOTO,1147,,
2012,72,54,1,104,FELIPE PEIXOTO,1074,,
2012,72,54,2,111,FELIPE PEIXOTO,1074,,
2012,72,55,1,118,FELIPE PEIXOTO,1074,,
2012,72,55,2,120,FELIPE PEIXOTO,1074,,
2012,72,56,1,96,FELIPE PEIXOTO,1074,,
2012,72,56,2,113,FELIPE PEIXOTO,1074,,
2012,72,57,1,77,FELIPE PEIXOTO,1112,,
2012,72,57,2,90,FELIPE PEIXOTO,1112,,
2012,72,58,1,88,FELIPE PEIXOTO,1112,,
2012,72,58,2,95,FELIPE PEIXOTO,1112,,
2012,72,59,1,82,FELIPE PEIXOTO,1112,,
2012,72,59,2,88,FELIPE PEIXOTO,1112,,
2012,72,6,1,66,FELIPE PEIXOTO,1015,,
2012,72,6,2,73,FELIPE PEIXOTO,1015,,
2012,72,60,1,72,FELIPE PEIXOTO,1112,,
2012,72,60,2,99,FELIPE PEIXOTO,1112,,
2012,72,61,1,70,FELIPE PEIXOTO,1112,,
2012,72,61,2,86,FELIPE PEIXOTO,1112,,
2012,72,62,1,85,FELIPE PEIXOTO,1112,,
2012,72,62,2,94,FELIPE PEIXOTO,1112,,
2012,72,63,1,94,FELIPE PEIXOTO,1171,,
2012,72,63,2,127,FELIPE PEIXOTO,1171,,
2012,72,64,1,82,FELIPE PEIXOTO,1171,,
2012,72,64,2,101,FELIPE PEIXOTO,1171,,
2012,72,65,1,92,FELIPE PEIXOTO,1171,,
2012,72,65,2,116,FELIPE PEIXOTO,1171,,
2012,72,66,1,107,FELIPE PEIXOTO,1171,,
2012,72,66,2,127,FELIPE PEIXOTO,1171,,
2012,72,67,1,76,FELIPE PEIXOTO,1171,,
2012,72,67,2,92,FELIPE PEIXOTO,1171,,
2012,72,68,1,119,FELIPE PEIXOTO,1180,,
2012,72,68,2,146,FELIPE PEIXOTO,1180,,
2012,72,69,1,128,FELIPE PEIXOTO,1180,,
2012,72,69,2,159,FELIPE PEIXOTO,1180,,
2012,72,7,1,57,FELIPE PEIXOTO,1040,,
2012,72,7,2,76,FELIPE PEIXOTO,1040,,
2012,72,70,1,108,FELIPE PEIXOTO,1180,,
2012,72,70,2,143,FELIPE PEIXOTO,1180,,
2012,72,71,1,112,FELIPE PEIXOTO,1180,,
2012,72,71,2,142,FELIPE PEIXOTO,1180,,
2012,72,8,1,48,FELIPE PEIXOTO,1040,,
2012,72,8,2,61,FELIPE PEIXOTO,1040,,
2012,72,9,1,50,FELIPE PEIXOTO,1040,,
2012,72,9,2,64,FELIPE PEIXOTO,1040,,
2016,113,1,1,28,FELIPE PEIXOTO,1031,CENTRO EDUCACIONAL DE NITERÓI,AV ERNANI DO AMARAL PEIXOTO 836
2016,113,1,2,32,FELIPE PEIXOTO,1031,CENTRO EDUCACIONAL DE NITERÓI,AV ERNANI DO AMARAL PEIXOTO 836
2016,113,10,1,17,FELIPE PEIXOTO,1031,CENTRO EDUCACIONAL DE NITERÓI,AV ERNANI DO AMARAL PEIXOTO 836
2016,113,10,2,29,FELIPE PEIXOTO,1031,CENTRO EDUCACIONAL DE NITERÓI,AV ERNANI DO AMARAL PEIXOTO 836
2016,113,100,1,39,FELIPE PEIXOTO,1236,LICEU NILO PEÇANHA,AV ERNANI DO AMARAL PEIXOTO 707
2016,113,100,2,59,FELIPE PEIXOTO,1236,LICEU NILO PEÇANHA,AV ERNANI DO AMARAL PEIXOTO 707
2016,113,101,1,63,FELIPE PEIXOTO,1309,ESCOLA MUNICIPAL MAESTRO HEITOR VILLA-LOBOS (COLÉGIO NOVO),RUA SALO BRAND S/N
2016,113,101,2,69,FELIPE PEIXOTO,1309,ESCOLA MUNICIPAL MAESTRO HEITOR VILLA-LOBOS (COLÉGIO NOVO),RUA SALO BRAND S/N
2016,113,102,1,44,FELIPE PEIXOTO,1236,LICEU NILO PEÇANHA,AV ERNANI DO AMARAL PEIXOTO 707
2016,113,102,2,56,FELIPE PEIXOTO,1236,LICEU NILO PEÇANHA,AV ERNANI DO AMARAL PEIXOTO 707
2016,113,104,1,46,FELIPE PEIXOTO,1082,CENTRO UNIVERSITÁRIO ANHANGUERA (ANTIGO PLÍNIO LEITE),RUA VISCONDE DO RIO BRANCO 123
2016,113,104,2,74,FELIPE PEIXOTO,1082,CENTRO UNIVERSITÁRIO ANHANGUERA (ANTIGO PLÍNIO LEITE),RUA VISCONDE DO RIO BRANCO 123
2016,113,106,1,52,FELIPE PEIXOTO,1023,ÁGUAS DE NITEROI,RUA MARQUÊS DO PARANÁ 108/110
2016,113,106,2,74,FELIPE PEIXOTO,1023,ÁGUAS DE NITEROI,RUA MARQUÊS DO PARANÁ 108/110
2016,113,107,1,39,FELIPE PEIXOTO,1384,UNIVERSIDADE SALGADO DE OLIVEIRA - BL B (PRÓXIMO AO GUANABARA),RUA MARECHAL DEODORO 263
2016,113,107,2,43,FELIPE PEIXOTO,1384,UNIVERSIDADE SALGADO DE OLIVEIRA - BL B (PRÓXIMO AO GUANABARA),RUA MARECHAL DEODORO 263
2016,113,108,1,64,FELIPE PEIXOTO,1082,CENTRO UNIVERSITÁRIO ANHANGUERA (ANTIGO PLÍNIO LEITE),RUA VISCONDE DO RIO BRANCO 123
2016,113,108,2,71,FELIPE PEIXOTO,1082,CENTRO UNIVERSITÁRIO ANHANGUERA (ANTIGO PLÍNIO LEITE),RUA VISCONDE DO RIO BRANCO 123
2016,113,109,1,62,FELIPE PEIXOTO,1295,ESCOLA MUNICIPAL SANTOS DUMONT,RUA MANOEL CORREIA S/N
2016,113,109,2,75,FELIPE PEIXOTO,1295,ESCOLA MUNICIPAL SANTOS DUMONT,RUA MANOEL CORREIA S/N
2016,113,11,1,46,FELIPE PEIXOTO,1082,CENTRO UNIVERSITÁRIO ANHANGUERA (ANTIGO PLÍNIO LEITE),RUA VISCONDE DO RIO BRANCO 123
2016,113,11,2,70,FELIPE PEIXOTO,1082,CENTRO UNIVERSITÁRIO ANHANGUERA (ANTIGO PLÍNIO LEITE),RUA VISCONDE DO RIO BRANCO 123
2016,113,110,1,61,FELIPE PEIXOTO,1325,COLÉGIO ESTADUAL ZULEIKA RAPÔSO VALLADARES (COLÉGIO VELHO),RUA SALO BRAND S/N
2016,113,110,2,83,FELIPE PEIXOTO,1325,COLÉGIO ESTADUAL ZULEIKA RAPÔSO VALLADARES (COLÉGIO VELHO),RUA SALO BRAND S/N
2016,113,111,1,30,FELIPE PEIXOTO,1236,LICEU NILO PEÇANHA,AV ERNANI DO AMARAL PEIXOTO 707
2016,113,111,2,47,FELIPE PEIXOTO,1236,LICEU NILO PEÇANHA,AV ERNANI DO AMARAL PEIXOTO 707
2016,113,112,1,21,FELIPE PEIXOTO,1201,JARDIM DE INFÂNCIA ALBERTO DE OLIVEIRA,RUA EVARISTO DA VEIGA 108
2016,113,112,2,30,FELIPE PEIXOTO,1201,JARDIM DE INFÂNCIA ALBERTO DE OLIVEIRA,RUA EVARISTO DA VEIGA 108
2016,113,113,1,44,FELIPE PEIXOTO,1171,COLEGIO ESTADUAL RAUL VIDAL,AVENIDA FELICIANO SODRE 21
2016,113,113,2,53,FELIPE PEIXOTO,1171,COLEGIO ESTADUAL RAUL VIDAL,AVENIDA FELICIANO SODRE 21
2016,113,114,1,27,FELIPE PEIXOTO,1139,FACULDADE DE ENFERMAGEM DA UFF,RUA DR CELESTINO 74
2016,113,114,2,40,FELIPE PEIXOTO,1139,FACULDADE DE ENFERMAGEM DA UFF,RUA DR CELESTINO 74
2016,113,115,1,52,FELIPE PEIXOTO,1384,UNIVERSIDADE SALGADO DE OLIVEIRA - BL B (PRÓXIMO AO GUANABARA),RUA MARECHAL DEODORO 263
2016,113,115,2,59,FELIPE PEIXOTO,1384,UNIVERSIDADE SALGADO DE OLIVEIRA - BL B (PRÓXIMO AO GUANABARA),RUA MARECHAL DEODORO 263
2016,113,116,1,25,FELIPE PEIXOTO,1384,UNIVERSIDADE SALGADO DE OLIVEIRA - BL B (PRÓXIMO AO GUANABARA),RUA MARECHAL DEODORO 263
2016,113,116,2,31,FELIPE PEIXOTO,1384,UNIVERSIDADE SALGADO DE OLIVEIRA - BL B (PRÓXIMO AO GUANABARA),RUA MARECHAL DEODORO 263
2016,113,117,1,54,FELIPE PEIXOTO,1325,COLÉGIO ESTADUAL ZULEIKA RAPÔSO VALLADARES (COLÉGIO VELHO),RUA SALO BRAND S/N
2016,113,117,2,58,FELIPE PEIXOTO,1325,COLÉGIO ESTADUAL ZULEIKA RAPÔSO VALLADARES (COLÉGIO VELHO),RUA SALO BRAND S/N
2016,113,118,1,27,FELIPE PEIXOTO,1201,JARDIM DE INFÂNCIA ALBERTO DE OLIVEIRA,RUA EVARISTO DA VEIGA 108
2016,113,118,2,41,FELIPE PEIXOTO,1201,JARDIM DE INFÂNCIA ALBERTO DE OLIVEIRA,RUA EVARISTO DA VEIGA 108
2016,113,119,1,44,FELIPE PEIXOTO,1376,UNIVERSIDADE SALGADO DE OLIVEIRA - BL A,RUA MARECHAL DEODORO 217
2016,113,119,2,58,FELIPE PEIXOTO,1376,UNIVERSIDADE SALGADO DE OLIVEIRA - BL A,RUA MARECHAL DEODORO 217
2016,113,12,1,22,FELIPE PEIXOTO,1163,ESCOLA ESTADUAL PINTO LIMA,RUA SÃO JOÃO 125
2016,113,12,2,32,FELIPE PEIXOTO,1163,ESCOLA ESTADUAL PINTO LIMA,RUA SÃO JOÃO 125
2016,113,120,1,56,FELIPE PEIXOTO,1171,COLEGIO ESTADUAL RAUL VIDAL,AVENIDA FELICIANO SODRE 21
2016,113,120,2,59,FELIPE PEIXOTO,1171,COLEGIO ESTADUAL RAUL VIDAL,AVENIDA FELICIANO SODRE 21
2016,113,121,1,34,FELIPE PEIXOTO,1295,ESCOLA MUNICIPAL SANTOS DUMONT,RUA MANOEL CORREIA S/N
2016,113,121,2,42,FELIPE PEIXOTO,1295,ESCOLA MUNICIPAL SANTOS DUMONT,RUA MANOEL CORREIA S/N
2016,113,122,1,43,FELIPE PEIXOTO,1309,ESCOLA MUNICIPAL MAESTRO HEITOR VILLA-LOBOS (COLÉGIO NOVO),RUA SALO BRAND S/N
2016,113,122,2,50,FELIPE PEIXOTO,1309,ESCOLA MUNICIPAL MAESTRO HEITOR VILLA-LOBOS (COLÉGIO NOVO),RUA SALO BRAND S/N
2016,113,123,1,31,FELIPE PEIXOTO,1236,LICEU NILO PEÇANHA,AV ERNANI DO AMARAL PEIXOTO 707
2016,113,123,2,40,FELIPE PEIXOTO,1236,LICEU NILO PEÇANHA,AV ERNANI DO AMARAL PEIXOTO 707
2016,113,124,1,61,FELIPE PEIXOTO,1325,COLÉGIO ESTADUAL ZULEIKA RAPÔSO VALLADARES (COLÉGIO VELHO),RUA SALO BRAND S/N
2016,113,124,2,86,FELIPE PEIXOTO,1325,COLÉGIO ESTADUAL ZULEIKA RAPÔSO VALLADARES (COLÉGIO VELHO),RUA SALO BRAND S/N
2016,113,125,1,48,FELIPE PEIXOTO,1309,ESCOLA MUNICIPAL MAESTRO HEITOR VILLA-LOBOS (COLÉGIO NOVO),RUA SALO BRAND S/N
2016,113,125,2,57,FELIPE PEIXOTO,1309,ESCOLA MUNICIPAL MAESTRO HEITOR VILLA-LOBOS (COLÉGIO NOVO),RUA SALO BRAND S/N
2016,113,126,1,111,FELIPE PEIXOTO,1350,LOJA MAÇÔNICA EVOLUÇÃO 2,RUA SANTA CLARA 77
2016,113,126,2,80,FELIPE PEIXOTO,1350,LOJA MAÇÔNICA EVOLUÇÃO 2,RUA SANTA CLARA 77
2016,113,13,1,31,FELIPE PEIXOTO,1163,ESCOLA ESTADUAL PINTO LIMA,RUA SÃO JOÃO 125
2016,113,13,2,36,FELIPE PEIXOTO,1163,ESCOLA ESTADUAL PINTO LIMA,RUA SÃO JOÃO 125
2016,113,14,1,52,FELIPE PEIXOTO,1171,COLEGIO ESTADUAL RAUL VIDAL,AVENIDA FELICIANO SODRE 21
2016,113,14,2,44,FELIPE PEIXOTO,1171,COLEGIO ESTADUAL RAUL VIDAL,AVENIDA FELICIANO SODRE 21
2016,113,15,1,49,FELIPE PEIXOTO,1171,COLEGIO ESTADUAL RAUL VIDAL,AVENIDA FELICIANO SODRE 21
2016,113,15,2,47,FELIPE PEIXOTO,1171,COLEGIO ESTADUAL RAUL VIDAL,AVENIDA FELICIANO SODRE 21
2016,113,16,1,51,FELIPE PEIXOTO,1171,COLEGIO ESTADUAL RAUL VIDAL,AVENIDA FELICIANO SODRE 21
2016,113,16,2,57,FELIPE PEIXOTO,1171,COLEGIO ESTADUAL RAUL VIDAL,AVENIDA FELICIANO SODRE 21
2016,113,17,1,45,FELIPE PEIXOTO,1082,CENTRO UNIVERSITÁRIO ANHANGUERA (ANTIGO PLÍNIO LEITE),RUA VISCONDE DO RIO BRANCO 123
2016,113,17,2,64,FELIPE PEIXOTO,1082,CENTRO UNIVERSITÁRIO ANHANGUERA (ANTIGO PLÍNIO LEITE),RUA VISCONDE DO RIO BRANCO 123
2016,113,18,1,46,FELIPE PEIXOTO,1082,CENTRO UNIVERSITÁRIO ANHANGUERA (ANTIGO PLÍNIO LEITE),RUA VISCONDE DO RIO BRANCO 123
2016,113,18,2,49,FELIPE PEIXOTO,1082,CENTRO UNIVERSITÁRIO ANHANGUERA (ANTIGO PLÍNIO LEITE),RUA VISCONDE DO RIO BRANCO 123
2016,113,19,1,45,FELIPE PEIXOTO,1082,CENTRO UNIVERSITÁRIO ANHANGUERA (ANTIGO PLÍNIO LEITE),RUA VISCONDE DO RIO BRANCO 123
2016,113,19,2,57,FELIPE PEIXOTO,1082,CENTRO UNIVERSITÁRIO ANHANGUERA (ANTIGO PLÍNIO LEITE),RUA VISCONDE DO RIO BRANCO 123
2016,113,2,1,56,FELIPE PEIXOTO,1023,ÁGUAS DE NITEROI,RUA MARQUÊS DO PARANÁ 108/110
2016,113,2,2,77,FELIPE PEIXOTO,1023,ÁGUAS DE NITEROI,RUA MARQUÊS DO PARANÁ 108/110
2016,113,20,1,61,FELIPE PEIXOTO,1082,CENTRO UNIVERSITÁRIO ANHANGUERA (ANTIGO PLÍNIO LEITE),RUA VISCONDE DO RIO BRANCO 123
2016,113,20,2,75,FELIPE PEIXOTO,1082,CENTRO UNIVERSITÁRIO ANHANGUERA (ANTIGO PLÍNIO LEITE),RUA VISCONDE DO RIO BRANCO 123
2016,113,21,1,50,FELIPE PEIXOTO,1082,CENTRO UNIVERSITÁRIO ANHANGUERA (ANTIGO PLÍNIO LEITE),RUA VISCONDE DO RIO BRANCO 123
2016,113,21,2,63,FELIPE PEIXOTO,1082,CENTRO UNIVERSITÁRIO ANHANGUERA (ANTIGO PLÍNIO LEITE),RUA VISCONDE DO RIO BRANCO 123
2016,113,22,1,38,FELIPE PEIXOTO,1082,CENTRO UNIVERSITÁRIO ANHANGUERA (ANTIGO PLÍNIO LEITE),RUA VISCONDE DO RIO BRANCO 123
2016,113,22,2,50,FELIPE PEIXOTO,1082,CENTRO UNIVERSITÁRIO ANHANGUERA (ANTIGO PLÍNIO LEITE),RUA VISCONDE DO RIO BRANCO 123
2016,113,23,1,54,FELIPE PEIXOTO,1082,CENTRO UNIVERSITÁRIO ANHANGUERA (ANTIGO PLÍNIO LEITE),RUA VISCONDE DO RIO BRANCO 123
2016,113,23,2,66,FELIPE PEIXOTO,1082,CENTRO UNIVERSITÁRIO ANHANGUERA (ANTIGO PLÍNIO LEITE),RUA VISCONDE DO RIO BRANCO 123
2016,113,24,1,32,FELIPE PEIXOTO,1163,ESCOLA ESTADUAL PINTO LIMA,RUA SÃO JOÃO 125
2016,113,24,2,48,FELIPE PEIXOTO,1163,ESCOLA ESTADUAL PINTO LIMA,RUA SÃO JOÃO 125
2016,113,26,1,38,FELIPE PEIXOTO,1031,CENTRO EDUCACIONAL DE NITERÓI,AV ERNANI DO AMARAL PEIXOTO 836
2016,113,26,2,48,FELIPE PEIXOTO,1031,CENTRO EDUCACIONAL DE NITERÓI,AV ERNANI DO AMARAL PEIXOTO 836
2016,113,27,1,41,FELIPE PEIXOTO,1236,LICEU NILO PEÇANHA,AV ERNANI DO AMARAL PEIXOTO 707
2016,113,27,2,46,FELIPE PEIXOTO,1236,LICEU NILO PEÇANHA,AV ERNANI DO AMARAL PEIXOTO 707
2016,113,28,1,24,FELIPE PEIXOTO,1139,FACULDADE DE ENFERMAGEM DA UFF,RUA DR CELESTINO 74
2016,113,28,2,37,FELIPE PEIXOTO,1139,FACULDADE DE ENFERMAGEM DA UFF,RUA DR CELESTINO 74
2016,113,29,1,58,FELIPE PEIXOTO,1139,FACULDADE DE ENFERMAGEM DA UFF,RUA DR CELESTINO 74
2016,113,29,2,76,FELIPE PEIXOTO,1139,FACULDADE DE ENFERMAGEM DA UFF,RUA DR CELESTINO 74
2016,113,3,1,47,FELIPE PEIXOTO,1023,ÁGUAS DE NITEROI,RUA MARQUÊS DO PARANÁ 108/110
2016,113,3,2,74,FELIPE PEIXOTO,1023,ÁGUAS DE NITEROI,RUA MARQUÊS DO PARANÁ 108/110
2016,113,30,1,26,FELIPE PEIXOTO,1139,FACULDADE DE ENFERMAGEM DA UFF,RUA DR CELESTINO 74
2016,113,30,2,37,FELIPE PEIXOTO,1139,FACULDADE DE ENFERMAGEM DA UFF,RUA DR CELESTINO 74
2016,113,31,1,18,FELIPE PEIXOTO,1139,FACULDADE DE ENFERMAGEM DA UFF,RUA DR CELESTINO 74
2016,113,31,2,23,FELIPE PEIXOTO,1139,FACULDADE DE ENFERMAGEM DA UFF,RUA DR CELESTINO 74
2016,113,32,1,57,FELIPE PEIXOTO,1139,FACULDADE DE ENFERMAGEM DA UFF,RUA DR CELESTINO 74
2016,113,32,2,82,FELIPE PEIXOTO,1139,FACULDADE DE ENFERMAGEM DA UFF,RUA DR CELESTINO 74
2016,113,34,1,41,FELIPE PEIXOTO,1031,CENTRO EDUCACIONAL DE NITERÓI,AV ERNANI DO AMARAL PEIXOTO 836
2016,113,34,2,57,FELIPE PEIXOTO,1031,CENTRO EDUCACIONAL DE NITERÓI,AV ERNANI DO AMARAL PEIXOTO 836
2016,113,35,1,40,FELIPE PEIXOTO,1384,UNIVERSIDADE SALGADO DE OLIVEIRA - BL B (PRÓXIMO AO GUANABARA),RUA MARECHAL DEODORO 263
2016,113,35,2,55,FELIPE PEIXOTO,1384,UNIVERSIDADE SALGADO DE OLIVEIRA - BL B (PRÓXIMO AO GUANABARA),RUA MARECHAL DEODORO 263
2016,113,36,1,63,FELIPE PEIXOTO,1163,ESCOLA ESTADUAL PINTO LIMA,RUA SÃO JOÃO 125
2016,113,36,2,89,FELIPE PEIXOTO,1163,ESCOLA ESTADUAL PINTO LIMA,RUA SÃO JOÃO 125
2016,113,39,1,42,FELIPE PEIXOTO,1171,COLEGIO ESTADUAL RAUL VIDAL,AVENIDA FELICIANO SODRE 21
2016,113,39,2,50,FELIPE PEIXOTO,1171,COLEGIO ESTADUAL RAUL VIDAL,AVENIDA FELICIANO SODRE 21
2016,113,4,1,55,FELIPE PEIXOTO,1023,ÁGUAS DE NITEROI,RUA MARQUÊS DO PARANÁ 108/110
2016,113,4,2,84,FELIPE PEIXOTO,1023,ÁGUAS DE NITEROI,RUA MARQUÊS DO PARANÁ 108/110
2016,113,40,1,27,FELIPE PEIXOTO,1171,COLEGIO ESTADUAL RAUL VIDAL,AVENIDA FELICIANO SODRE 21
2016,113,40,2,34,FELIPE PEIXOTO,1171,COLEGIO ESTADUAL RAUL VIDAL,AVENIDA FELICIANO SODRE 21
2016,113,41,1,59,FELIPE PEIXOTO,1171,COLEGIO ESTADUAL RAUL VIDAL,AVENIDA FELICIANO SODRE 21
2016,113,41,2,52,FELIPE PEIXOTO,1171,COLEGIO ESTADUAL RAUL VIDAL,AVENIDA FELICIANO SODRE 21
2016,113,42,1,56,FELIPE PEIXOTO,1171,COLEGIO ESTADUAL RAUL VIDAL,AVENIDA FELICIANO SODRE 21
2016,113,42,2,51,FELIPE PEIXOTO,1171,COLEGIO ESTADUAL RAUL VIDAL,AVENIDA FELICIANO SODRE 21
2016,113,44,1,60,FELIPE PEIXOTO,1163,ESCOLA ESTADUAL PINTO LIMA,RUA SÃO JOÃO 125
2016,113,44,2,78,FELIPE PEIXOTO,1163,ESCOLA ESTADUAL PINTO LIMA,RUA SÃO JOÃO 125
2016,113,45,1,37,FELIPE PEIXOTO,1236,LICEU NILO PEÇANHA,AV ERNANI DO AMARAL PEIXOTO 707
2016,113,45,2,45,FELIPE PEIXOTO,1236,LICEU NILO PEÇANHA,AV ERNANI DO AMARAL PEIXOTO 707
2016,113,46,1,38,FELIPE PEIXOTO,1201,JARDIM DE INFÂNCIA ALBERTO DE OLIVEIRA,RUA EVARISTO DA VEIGA 108
2016,113,46,2,55,FELIPE PEIXOTO,1201,JARDIM DE INFÂNCIA ALBERTO DE OLIVEIRA,RUA EVARISTO DA VEIGA 108
2016,113,47,1,42,FELIPE PEIXOTO,1236,LICEU NILO PEÇANHA,AV ERNANI DO AMARAL PEIXOTO 707
2016,113,47,2,53,FELIPE PEIXOTO,1236,LICEU NILO PEÇANHA,AV ERNANI DO AMARAL PEIXOTO 707
2016,113,48,1,24,FELIPE PEIXOTO,1236,LICEU NILO PEÇANHA,AV ERNANI DO AMARAL PEIXOTO 707
2016,113,48,2,30,FELIPE PEIXOTO,1236,LICEU NILO PEÇANHA,AV ERNANI DO AMARAL PEIXOTO 707
2016,113,5,1,28,FELIPE PEIXOTO,1031,CENTRO EDUCACIONAL DE NITERÓI,AV ERNANI DO AMARAL PEIXOTO 836
2016,113,5,2,34,FELIPE PEIXOTO,1031,CENTRO EDUCACIONAL DE NITERÓI,AV ERNANI DO AMARAL PEIXOTO 836
2016,113,50,1,36,FELIPE PEIXOTO,1236,LICEU NILO PEÇANHA,AV ERNANI DO AMARAL PEIXOTO 707
2016,113,50,2,56,FELIPE PEIXOTO,1236,LICEU NILO PEÇANHA,AV ERNANI DO AMARAL PEIXOTO 707
2016,113,51,1,40,FELIPE PEIXOTO,1236,LICEU NILO PEÇANHA,AV ERNANI DO AMARAL PEIXOTO 707
2016,113,51,2,63,FELIPE PEIXOTO,1236,LICEU NILO PEÇANHA,AV ERNANI DO AMARAL PEIXOTO 707
2016,113,52,1,40,FELIPE PEIXOTO,1236,LICEU NILO PEÇANHA,AV ERNANI DO AMARAL PEIXOTO 707
2016,113,52,2,46,FELIPE PEIXOTO,1236,LICEU NILO PEÇANHA,AV ERNANI DO AMARAL PEIXOTO 707
2016,113,53,1,38,FELIPE PEIXOTO,1236,LICEU NILO PEÇANHA,AV ERNANI DO AMARAL PEIXOTO 707
2016,113,53,2,47,FELIPE PEIXOTO,1236,LICEU NILO PEÇANHA,AV ERNANI DO AMARAL PEIXOTO 707
2016,113,54,1,40,FELIPE PEIXOTO,1236,LICEU NILO PEÇANHA,AV ERNANI DO AMARAL PEIXOTO 707
2016,113,54,2,50,FELIPE PEIXOTO,1236,LICEU NILO PEÇANHA,AV ERNANI DO AMARAL PEIXOTO 707
2016,113,55,1,34,FELIPE PEIXOTO,1236,LICEU NILO PEÇANHA,AV ERNANI DO AMARAL PEIXOTO 707
2016,113,55,2,45,FELIPE PEIXOTO,1236,LICEU NILO PEÇANHA,AV ERNANI DO AMARAL PEIXOTO 707
2016,113,56,1,34,FELIPE PEIXOTO,1236,LICEU NILO PEÇANHA,AV ERNANI DO AMARAL PEIXOTO 707
2016,113,56,2,43,FELIPE PEIXOTO,1236,LICEU NILO PEÇANHA,AV ERNANI DO AMARAL PEIXOTO 707
2016,113,57,1,43,FELIPE PEIXOTO,1384,UNIVERSIDADE SALGADO DE OLIVEIRA - BL B (PRÓXIMO AO GUANABARA),RUA MARECHAL DEODORO 263
2016,113,57,2,61,FELIPE PEIXOTO,1384,UNIVERSIDADE SALGADO DE OLIVEIRA - BL B (PRÓXIMO AO GUANABARA),RUA MARECHAL DEODORO 263
2016,113,58,1,58,FELIPE PEIXOTO,1384,UNIVERSIDADE SALGADO DE OLIVEIRA - BL B (PRÓXIMO AO GUANABARA),RUA MARECHAL DEODORO 263
2016,113,58,2,56,FELIPE PEIXOTO,1384,UNIVERSIDADE SALGADO DE OLIVEIRA - BL B (PRÓXIMO AO GUANABARA),RUA MARECHAL DEODORO 263
2016,113,59,1,41,FELIPE PEIXOTO,1384,UNIVERSIDADE SALGADO DE OLIVEIRA - BL B (PRÓXIMO AO GUANABARA),RUA MARECHAL DEODORO 263
2016,113,59,2,53,FELIPE PEIXOTO,1384,UNIVERSIDADE SALGADO DE OLIVEIRA - BL B (PRÓXIMO AO GUANABARA),RUA MARECHAL DEODORO 263
2016,113,6,1,21,FELIPE PEIXOTO,1031,CENTRO EDUCACIONAL DE NITERÓI,AV ERNANI DO AMARAL PEIXOTO 836
2016,113,6,2,25,FELIPE PEIXOTO,1031,CENTRO EDUCACIONAL DE NITERÓI,AV ERNANI DO AMARAL PEIXOTO 836
2016,113,60,1,48,FELIPE PEIXOTO,1384,UNIVERSIDADE SALGADO DE OLIVEIRA - BL B (PRÓXIMO AO GUANABARA),RUA MARECHAL DEODORO 263
2016,113,60,2,66,FELIPE PEIXOTO,1384,UNIVERSIDADE SALGADO DE OLIVEIRA - BL B (PRÓXIMO AO GUANABARA),RUA MARECHAL DEODORO 263
2016,113,61,1,63,FELIPE PEIXOTO,1163,ESCOLA ESTADUAL PINTO LIMA,RUA SÃO JOÃO 125
2016,113,61,2,69,FELIPE PEIXOTO,1163,ESCOLA ESTADUAL PINTO LIMA,RUA SÃO JOÃO 125
2016,113,62,1,30,FELIPE PEIXOTO,1031,CENTRO EDUCACIONAL DE NITERÓI,AV ERNANI DO AMARAL PEIXOTO 836
2016,113,62,2,28,FELIPE PEIXOTO,1031,CENTRO EDUCACIONAL DE NITERÓI,AV ERNANI DO AMARAL PEIXOTO 836
2016,113,63,1,61,FELIPE PEIXOTO,1295,ESCOLA MUNICIPAL SANTOS DUMONT,RUA MANOEL CORREIA S/N
2016,113,63,2,77,FELIPE PEIXOTO,1295,ESCOLA MUNICIPAL SANTOS DUMONT,RUA MANOEL CORREIA S/N
2016,113,64,1,81,FELIPE PEIXOTO,1295,ESCOLA MUNICIPAL SANTOS DUMONT,RUA MANOEL CORREIA S/N
2016,113,64,2,87,FELIPE PEIXOTO,1295,ESCOLA MUNICIPAL SANTOS DUMONT,RUA MANOEL CORREIA S/N
2016,113,65,1,76,FELIPE PEIXOTO,1295,ESCOLA MUNICIPAL SANTOS DUMONT,RUA MANOEL CORREIA S/N
2016,113,65,2,89,FELIPE PEIXOTO,1295,ESCOLA MUNICIPAL SANTOS DUMONT,RUA MANOEL CORREIA S/N
2016,113,66,1,66,FELIPE PEIXOTO,1309,ESCOLA MUNICIPAL MAESTRO HEITOR VILLA-LOBOS (COLÉGIO NOVO),RUA SALO BRAND S/N
2016,113,66,2,69,FELIPE PEIXOTO,1309,ESCOLA MUNICIPAL MAESTRO HEITOR VILLA-LOBOS (COLÉGIO NOVO),RUA SALO BRAND S/N
2016,113,67,1,51,FELIPE PEIXOTO,1309,ESCOLA MUNICIPAL MAESTRO HEITOR VILLA-LOBOS (COLÉGIO NOVO),RUA SALO BRAND S/N
2016,113,67,2,56,FELIPE PEIXOTO,1309,ESCOLA MUNICIPAL MAESTRO HEITOR VILLA-LOBOS (COLÉGIO NOVO),RUA SALO BRAND S/N
2016,113,68,1,44,FELIPE PEIXOTO,1309,ESCOLA MUNICIPAL MAESTRO HEITOR VILLA-LOBOS (COLÉGIO NOVO),RUA SALO BRAND S/N
2016,113,68,2,60,FELIPE PEIXOTO,1309,ESCOLA MUNICIPAL MAESTRO HEITOR VILLA-LOBOS (COLÉGIO NOVO),RUA SALO BRAND S/N
2016,113,69,1,49,FELIPE PEIXOTO,1309,ESCOLA MUNICIPAL MAESTRO HEITOR VILLA-LOBOS (COLÉGIO NOVO),RUA SALO BRAND S/N
2016,113,69,2,71,FELIPE PEIXOTO,1309,ESCOLA MUNICIPAL MAESTRO HEITOR VILLA-LOBOS (COLÉGIO NOVO),RUA SALO BRAND S/N
2016,113,7,1,22,FELIPE PEIXOTO,1031,CENTRO EDUCACIONAL DE NITERÓI,AV ERNANI DO AMARAL PEIXOTO 836
2016,113,7,2,30,FELIPE PEIXOTO,1031,CENTRO EDUCACIONAL DE NITERÓI,AV ERNANI DO AMARAL PEIXOTO 836
2016,113,70,1,47,FELIPE PEIXOTO,1309,ESCOLA MUNICIPAL MAESTRO HEITOR VILLA-LOBOS (COLÉGIO NOVO),RUA SALO BRAND S/N
2016,113,70,2,70,FELIPE PEIXOTO,1309,ESCOLA MUNICIPAL MAESTRO HEITOR VILLA-LOBOS (COLÉGIO NOVO),RUA SALO BRAND S/N
2016,113,71,1,66,FELIPE PEIXOTO,1325,COLÉGIO ESTADUAL ZULEIKA RAPÔSO VALLADARES (COLÉGIO VELHO),RUA SALO BRAND S/N
2016,113,71,2,89,FELIPE PEIXOTO,1325,COLÉGIO ESTADUAL ZULEIKA RAPÔSO VALLADARES (COLÉGIO VELHO),RUA SALO BRAND S/N
2016,113,72,1,60,FELIPE PEIXOTO,1325,COLÉGIO ESTADUAL ZULEIKA RAPÔSO VALLADARES (COLÉGIO VELHO),RUA SALO BRAND S/N
2016,113,72,2,66,FELIPE PEIXOTO,1325,COLÉGIO ESTADUAL ZULEIKA RAPÔSO VALLADARES (COLÉGIO VELHO),RUA SALO BRAND S/N
2016,113,73,1,46,FELIPE PEIXOTO,1325,COLÉGIO ESTADUAL ZULEIKA RAPÔSO VALLADARES (COLÉGIO VELHO),RUA SALO BRAND S/N
2016,113,73,2,68,FELIPE PEIXOTO,1325,COLÉGIO ESTADUAL ZULEIKA RAPÔSO VALLADARES (COLÉGIO VELHO),RUA SALO BRAND S/N
2016,113,74,1,55,FELIPE PEIXOTO,1082,CENTRO UNIVERSITÁRIO ANHANGUERA (ANTIGO PLÍNIO LEITE),RUA VISCONDE DO RIO BRANCO 123
2016,113,74,2,70,FELIPE PEIXOTO,1082,CENTRO UNIVERSITÁRIO ANHANGUERA (ANTIGO PLÍNIO LEITE),RUA VISCONDE DO RIO BRANCO 123
2016,113,75,1,50,FELIPE PEIXOTO,1082,CENTRO UNIVERSITÁRIO ANHANGUERA (ANTIGO PLÍNIO LEITE),RUA VISCONDE DO RIO BRANCO 123
2016,113,75,2,54,FELIPE PEIXOTO,1082,CENTRO UNIVERSITÁRIO ANHANGUERA (ANTIGO PLÍNIO LEITE),RUA VISCONDE DO RIO BRANCO 123
2016,113,76,1,81,FELIPE PEIXOTO,1350,LOJA MAÇÔNICA EVOLUÇÃO 2,RUA SANTA CLARA 77
2016,113,76,2,81,FELIPE PEIXOTO,1350,LOJA MAÇÔNICA EVOLUÇÃO 2,RUA SANTA CLARA 77
2016,113,77,1,47,FELIPE PEIXOTO,1350,LOJA MAÇÔNICA EVOLUÇÃO 2,RUA SANTA CLARA 77
2016,113,77,2,49,FELIPE PEIXOTO,1350,LOJA MAÇÔNICA EVOLUÇÃO 2,RUA SANTA CLARA 77
2016,113,78,1,36,FELIPE PEIXOTO,1376,UNIVERSIDADE SALGADO DE OLIVEIRA - BL A,RUA MARECHAL DEODORO 217
2016,113,78,2,46,FELIPE PEIXOTO,1376,UNIVERSIDADE SALGADO DE OLIVEIRA - BL A,RUA MARECHAL DEODORO 217
2016,113,79,1,38,FELIPE PEIXOTO,1376,UNIVERSIDADE SALGADO DE OLIVEIRA - BL A,RUA MARECHAL DEODORO 217
2016,113,79,2,42,FELIPE PEIXOTO,1376,UNIVERSIDADE SALGADO DE OLIVEIRA - BL A,RUA MARECHAL DEODORO 217
2016,113,8,1,38,FELIPE PEIXOTO,1031,CENTRO EDUCACIONAL DE NITERÓI,AV ERNANI DO AMARAL PEIXOTO 836
2016,113,8,2,57,FELIPE PEIXOTO,1031,CENTRO EDUCACIONAL DE NITERÓI,AV ERNANI DO AMARAL PEIXOTO 836
2016,113,80,1,44,FELIPE PEIXOTO,1376,UNIVERSIDADE SALGADO DE OLIVEIRA - BL A,RUA MARECHAL DEODORO 217
2016,113,80,2,61,FELIPE PEIXOTO,1376,UNIVERSIDADE SALGADO DE OLIVEIRA - BL A,RUA MARECHAL DEODORO 217
2016,113,81,1,33,FELIPE PEIXOTO,1376,UNIVERSIDADE SALGADO DE OLIVEIRA - BL A,RUA MARECHAL DEODORO 217
2016,113,81,2,47,FELIPE PEIXOTO,1376,UNIVERSIDADE SALGADO DE OLIVEIRA - BL A,RUA MARECHAL DEODORO 217
2016,113,82,1,32,FELIPE PEIXOTO,1376,UNIVERSIDADE SALGADO DE OLIVEIRA - BL A,RUA MARECHAL DEODORO 217
2016,113,82,2,42,FELIPE PEIXOTO,1376,UNIVERSIDADE SALGADO DE OLIVEIRA - BL A,RUA MARECHAL DEODORO 217
2016,113,83,1,39,FELIPE PEIXOTO,1376,UNIVERSIDADE SALGADO DE OLIVEIRA - BL A,RUA MARECHAL DEODORO 217
2016,113,83,2,46,FELIPE PEIXOTO,1376,UNIVERSIDADE SALGADO DE OLIVEIRA - BL A,RUA MARECHAL DEODORO 217
2016,113,84,1,31,FELIPE PEIXOTO,1376,UNIVERSIDADE SALGADO DE OLIVEIRA - BL A,RUA MARECHAL DEODORO 217
2016,113,84,2,39,FELIPE PEIXOTO,1376,UNIVERSIDADE SALGADO DE OLIVEIRA - BL A,RUA MARECHAL DEODORO 217
2016,113,85,1,33,FELIPE PEIXOTO,1376,UNIVERSIDADE SALGADO DE OLIVEIRA - BL A,RUA MARECHAL DEODORO 217
2016,113,85,2,49,FELIPE PEIXOTO,1376,UNIVERSIDADE SALGADO DE OLIVEIRA - BL A,RUA MARECHAL DEODORO 217
2016,113,86,1,41,FELIPE PEIXOTO,1376,UNIVERSIDADE SALGADO DE OLIVEIRA - BL A,RUA MARECHAL DEODORO 217
2016,113,86,2,51,FELIPE PEIXOTO,1376,UNIVERSIDADE SALGADO DE OLIVEIRA - BL A,RUA MARECHAL DEODORO 217
2016,113,87,1,60,FELIPE PEIXOTO,1171,COLEGIO ESTADUAL RAUL VIDAL,AVENIDA FELICIANO SODRE 21
2016,113,87,2,58,FELIPE PEIXOTO,1171,COLEGIO ESTADUAL RAUL VIDAL,AVENIDA FELICIANO SODRE 21
2016,113,88,1,62,FELIPE PEIXOTO,1295,ESCOLA MUNICIPAL SANTOS DUMONT,RUA MANOEL CORREIA S/N
2016,113,88,2,76,FELIPE PEIXOTO,1295,ESCOLA MUNICIPAL SANTOS DUMONT,RUA MANOEL CORREIA S/N
2016,113,89,1,30,FELIPE PEIXOTO,1031,CENTRO EDUCACIONAL DE NITERÓI,AV ERNANI DO AMARAL PEIXOTO 836
2016,113,89,2,36,FELIPE PEIXOTO,1031,CENTRO EDUCACIONAL DE NITERÓI,AV ERNANI DO AMARAL PEIXOTO 836
2016,113,90,1,24,FELIPE PEIXOTO,1031,CENTRO EDUCACIONAL DE NITERÓI,AV ERNANI DO AMARAL PEIXOTO 836
2016,113,90,2,28,FELIPE PEIXOTO,1031,CENTRO EDUCACIONAL DE NITERÓI,AV ERNANI DO AMARAL PEIXOTO 836
2016,113,91,1,57,FELIPE PEIXOTO,1171,COLEGIO ESTADUAL RAUL VIDAL,AVENIDA FELICIANO SODRE 21
2016,113,91,2,53,FELIPE PEIXOTO,1171,COLEGIO ESTADUAL RAUL VIDAL,AVENIDA FELICIANO SODRE 21
2016,113,92,1,54,FELIPE PEIXOTO,1163,ESCOLA ESTADUAL PINTO LIMA,RUA SÃO JOÃO 125
2016,113,92,2,78,FELIPE PEIXOTO,1163,ESCOLA ESTADUAL PINTO LIMA,RUA SÃO JOÃO 125
2016,113,94,1,86,FELIPE PEIXOTO,1350,LOJA MAÇÔNICA EVOLUÇÃO 2,RUA SANTA CLARA 77
2016,113,94,2,73,FELIPE PEIXOTO,1350,LOJA MAÇÔNICA EVOLUÇÃO 2,RUA SANTA CLARA 77
2016,113,95,1,27,FELIPE PEIXOTO,1201,JARDIM DE INFÂNCIA ALBERTO DE OLIVEIRA,RUA EVARISTO DA VEIGA 108
2016,113,95,2,32,FELIPE PEIXOTO,1201,JARDIM DE INFÂNCIA ALBERTO DE OLIVEIRA,RUA EVARISTO DA VEIGA 108
2016,113,96,1,60,FELIPE PEIXOTO,1325,COLÉGIO ESTADUAL ZULEIKA RAPÔSO VALLADARES (COLÉGIO VELHO),RUA SALO BRAND S/N
2016,113,96,2,78,FELIPE PEIXOTO,1325,COLÉGIO ESTADUAL ZULEIKA RAPÔSO VALLADARES (COLÉGIO VELHO),RUA SALO BRAND S/N
2016,113,97,1,51,FELIPE PEIXOTO,1082,CENTRO UNIVERSITÁRIO ANHANGUERA (ANTIGO PLÍNIO LEITE),RUA VISCONDE DO RIO BRANCO 123
2016,113,97,2,61,FELIPE PEIXOTO,1082,CENTRO UNIVERSITÁRIO ANHANGUERA (ANTIGO PLÍNIO LEITE),RUA VISCONDE DO RIO BRANCO 123
2016,113,98,1,50,FELIPE PEIXOTO,1309,ESCOLA MUNICIPAL MAESTRO HEITOR VILLA-LOBOS (COLÉGIO NOVO),RUA SALO BRAND S/N
2016,113,98,2,53,FELIPE PEIXOTO,1309,ESCOLA MUNICIPAL MAESTRO HEITOR VILLA-LOBOS (COLÉGIO NOVO),RUA SALO BRAND S/N
2016,113,99,1,55,FELIPE PEIXOTO,1171,COLEGIO ESTADUAL RAUL VIDAL,AVENIDA FELICIANO SODRE 21
2016,113,99,2,51,FELIPE PEIXOTO,1171,COLEGIO ESTADUAL RAUL VIDAL,AVENIDA FELICIANO SODRE 21
2016,114,1,1,44,FELIPE PEIXOTO,1090,INSTITUTO DE MATEMATICA DA UFF,RUA MÁRIO SANTOS BRAGA S/N
2016,114,1,2,53,FELIPE PEIXOTO,1090,INSTITUTO DE MATEMATICA DA UFF,RUA MÁRIO SANTOS BRAGA S/N
2016,114,10,1,18,FELIPE PEIXOTO,1082,INSTITUTO DE EDUCAÇÃO PROFESSOR ISMAEL COUTINHO,"TRAVESSA MANOEL CONTINENTINO, 31"
2016,114,10,2,23,FELIPE PEIXOTO,1082,INSTITUTO DE EDUCAÇÃO PROFESSOR ISMAEL COUTINHO,"TRAVESSA MANOEL CONTINENTINO, 31"
2016,114,106,1,79,FELIPE PEIXOTO,1538,REITORIA DA UFF,RUA MIGUEL DE FRIAS 9
2016,114,106,2,108,FELIPE PEIXOTO,1538,REITORIA DA UFF,RUA MIGUEL DE FRIAS 9
2016,114,107,1,77,FELIPE PEIXOTO,1538,REITORIA DA UFF,RUA MIGUEL DE FRIAS 9
2016,114,107,2,106,FELIPE PEIXOTO,1538,REITORIA DA UFF,RUA MIGUEL DE FRIAS 9
2016,114,108,1,49,FELIPE PEIXOTO,1546,RIO CRICKET,RUA FAGUNDES VARELA 637
2016,114,108,2,74,FELIPE PEIXOTO,1546,RIO CRICKET,RUA FAGUNDES VARELA 637
2016,114,109,1,82,FELIPE PEIXOTO,1546,RIO CRICKET,RUA FAGUNDES VARELA 637
2016,114,109,2,102,FELIPE PEIXOTO,1546,RIO CRICKET,RUA FAGUNDES VARELA 637
2016,114,11,1,20,FELIPE PEIXOTO,1082,INSTITUTO DE EDUCAÇÃO PROFESSOR ISMAEL COUTINHO,"TRAVESSA MANOEL CONTINENTINO, 31"
2016,114,11,2,30,FELIPE PEIXOTO,1082,INSTITUTO DE EDUCAÇÃO PROFESSOR ISMAEL COUTINHO,"TRAVESSA MANOEL CONTINENTINO, 31"
2016,114,117,1,63,FELIPE PEIXOTO,1597,CLUBE PORTUGUES DE NITEROI,RUA PROFESSOR LARA VILELA 176
2016,114,117,2,94,FELIPE PEIXOTO,1597,CLUBE PORTUGUES DE NITEROI,RUA PROFESSOR LARA VILELA 176
2016,114,118,1,53,FELIPE PEIXOTO,1597,CLUBE PORTUGUES DE NITEROI,RUA PROFESSOR LARA VILELA 176
2016,114,118,2,92,FELIPE PEIXOTO,1597,CLUBE PORTUGUES DE NITEROI,RUA PROFESSOR LARA VILELA 176
2016,114,119,1,72,FELIPE PEIXOTO,1597,CLUBE PORTUGUES DE NITEROI,RUA PROFESSOR LARA VILELA 176
2016,114,119,2,105,FELIPE PEIXOTO,1597,CLUBE PORTUGUES DE NITEROI,RUA PROFESSOR LARA VILELA 176
2016,114,12,1,35,FELIPE PEIXOTO,1090,INSTITUTO DE MATEMATICA DA UFF,RUA MÁRIO SANTOS BRAGA S/N
2016,114,12,2,46,FELIPE PEIXOTO,1090,INSTITUTO DE MATEMATICA DA UFF,RUA MÁRIO SANTOS BRAGA S/N
2016,114,120,1,54,FELIPE PEIXOTO,1597,CLUBE PORTUGUES DE NITEROI,RUA PROFESSOR LARA VILELA 176
2016,114,120,2,76,FELIPE PEIXOTO,1597,CLUBE PORTUGUES DE NITEROI,RUA PROFESSOR LARA VILELA 176
2016,114,121,1,56,FELIPE PEIXOTO,1597,CLUBE PORTUGUES DE NITEROI,RUA PROFESSOR LARA VILELA 176
2016,114,121,2,88,FELIPE PEIXOTO,1597,CLUBE PORTUGUES DE NITEROI,RUA PROFESSOR LARA VILELA 176
2016,114,122,1,53,FELIPE PEIXOTO,1600,COLEGIO ESTADUAL AURELINO LEAL,RUA PRESIDENTE PEDREIRA 79
2016,114,122,2,69,FELIPE PEIXOTO,1600,COLEGIO ESTADUAL AURELINO LEAL,RUA PRESIDENTE PEDREIRA 79
2016,114,123,1,53,FELIPE PEIXOTO,1600,COLEGIO ESTADUAL AURELINO LEAL,RUA PRESIDENTE PEDREIRA 79
2016,114,123,2,83,FELIPE PEIXOTO,1600,COLEGIO ESTADUAL AURELINO LEAL,RUA PRESIDENTE PEDREIRA 79
2016,114,124,1,51,FELIPE PEIXOTO,1600,COLEGIO ESTADUAL AURELINO LEAL,RUA PRESIDENTE PEDREIRA 79
2016,114,124,2,62,FELIPE PEIXOTO,1600,COLEGIO ESTADUAL AURELINO LEAL,RUA PRESIDENTE PEDREIRA 79
2016,114,125,1,49,FELIPE PEIXOTO,1600,COLEGIO ESTADUAL AURELINO LEAL,RUA PRESIDENTE PEDREIRA 79
2016,114,125,2,75,FELIPE PEIXOTO,1600,COLEGIO ESTADUAL AURELINO LEAL,RUA PRESIDENTE PEDREIRA 79
2016,114,126,1,58,FELIPE PEIXOTO,1600,COLEGIO ESTADUAL AURELINO LEAL,RUA PRESIDENTE PEDREIRA 79
2016,114,126,2,87,FELIPE PEIXOTO,1600,COLEGIO ESTADUAL AURELINO LEAL,RUA PRESIDENTE PEDREIRA 79
2016,114,127,1,26,FELIPE PEIXOTO,1082,INSTITUTO DE EDUCAÇÃO PROFESSOR ISMAEL COUTINHO,"TRAVESSA MANOEL CONTINENTINO, 31"
2016,114,127,2,39,FELIPE PEIXOTO,1082,INSTITUTO DE EDUCAÇÃO PROFESSOR ISMAEL COUTINHO,"TRAVESSA MANOEL CONTINENTINO, 31"
2016,114,128,1,53,FELIPE PEIXOTO,1635,FACULDADE DE DIREITO DA UFF,RUA PRESIDENTE PEDREIRA 62
2016,114,128,2,67,FELIPE PEIXOTO,1635,FACULDADE DE DIREITO DA UFF,RUA PRESIDENTE PEDREIRA 62
2016,114,129,1,62,FELIPE PEIXOTO,1635,FACULDADE DE DIREITO DA UFF,RUA PRESIDENTE PEDREIRA 62
2016,114,129,2,81,FELIPE PEIXOTO,1635,FACULDADE DE DIREITO DA UFF,RUA PRESIDENTE PEDREIRA 62
2016,114,13,1,40,FELIPE PEIXOTO,1090,INSTITUTO DE MATEMATICA DA UFF,RUA MÁRIO SANTOS BRAGA S/N
2016,114,13,2,62,FELIPE PEIXOTO,1090,INSTITUTO DE MATEMATICA DA UFF,RUA MÁRIO SANTOS BRAGA S/N
2016,114,130,1,47,FELIPE PEIXOTO,1635,FACULDADE DE DIREITO DA UFF,RUA PRESIDENTE PEDREIRA 62
2016,114,130,2,78,FELIPE PEIXOTO,1635,FACULDADE DE DIREITO DA UFF,RUA PRESIDENTE PEDREIRA 62
2016,114,131,1,53,FELIPE PEIXOTO,1635,FACULDADE DE DIREITO DA UFF,RUA PRESIDENTE PEDREIRA 62
2016,114,131,2,82,FELIPE PEIXOTO,1635,FACULDADE DE DIREITO DA UFF,RUA PRESIDENTE PEDREIRA 62
2016,114,132,1,51,FELIPE PEIXOTO,1635,FACULDADE DE DIREITO DA UFF,RUA PRESIDENTE PEDREIRA 62
2016,114,132,2,79,FELIPE PEIXOTO,1635,FACULDADE DE DIREITO DA UFF,RUA PRESIDENTE PEDREIRA 62
2016,114,133,1,55,FELIPE PEIXOTO,1635,FACULDADE DE DIREITO DA UFF,RUA PRESIDENTE PEDREIRA 62
2016,114,133,2,85,FELIPE PEIXOTO,1635,FACULDADE DE DIREITO DA UFF,RUA PRESIDENTE PEDREIRA 62
2016,114,134,1,64,FELIPE PEIXOTO,1635,FACULDADE DE DIREITO DA UFF,RUA PRESIDENTE PEDREIRA 62
2016,114,134,2,78,FELIPE PEIXOTO,1635,FACULDADE DE DIREITO DA UFF,RUA PRESIDENTE PEDREIRA 62
2016,114,135,1,50,FELIPE PEIXOTO,1643,FACULDADE DE DIREITO DA UFF (EX FAC. DE ECONOMIA E ADMINISTRAÇÃO),RUA TIRADENTES 17
2016,114,135,2,86,FELIPE PEIXOTO,1643,FACULDADE DE DIREITO DA UFF (EX FAC. DE ECONOMIA E ADMINISTRAÇÃO),RUA TIRADENTES 17
2016,114,136,1,46,FELIPE PEIXOTO,1643,FACULDADE DE DIREITO DA UFF (EX FAC. DE ECONOMIA E ADMINISTRAÇÃO),RUA TIRADENTES 17
2016,114,136,2,81,FELIPE PEIXOTO,1643,FACULDADE DE DIREITO DA UFF (EX FAC. DE ECONOMIA E ADMINISTRAÇÃO),RUA TIRADENTES 17
2016,114,137,1,53,FELIPE PEIXOTO,1643,FACULDADE DE DIREITO DA UFF (EX FAC. DE ECONOMIA E ADMINISTRAÇÃO),RUA TIRADENTES 17
2016,114,137,2,85,FELIPE PEIXOTO,1643,FACULDADE DE DIREITO DA UFF (EX FAC. DE ECONOMIA E ADMINISTRAÇÃO),RUA TIRADENTES 17
2016,114,138,1,25,FELIPE PEIXOTO,1660,INSTITUTO DE ARTE E COMUNICACAO DA UFF,RUA PROFESSOR LARA VILELA 126
2016,114,138,2,32,FELIPE PEIXOTO,1660,INSTITUTO DE ARTE E COMUNICACAO DA UFF,RUA PROFESSOR LARA VILELA 126
2016,114,139,1,17,FELIPE PEIXOTO,1660,INSTITUTO DE ARTE E COMUNICACAO DA UFF,RUA PROFESSOR LARA VILELA 126
2016,114,139,2,29,FELIPE PEIXOTO,1660,INSTITUTO DE ARTE E COMUNICACAO DA UFF,RUA PROFESSOR LARA VILELA 126
2016,114,14,1,38,FELIPE PEIXOTO,1090,INSTITUTO DE MATEMATICA DA UFF,RUA MÁRIO SANTOS BRAGA S/N
2016,114,14,2,57,FELIPE PEIXOTO,1090,INSTITUTO DE MATEMATICA DA UFF,RUA MÁRIO SANTOS BRAGA S/N
2016,114,148,1,51,FELIPE PEIXOTO,1716,FACULDADE DE ENGENHARIA DA UFF,RUA PASSO DA PATRIA 156
2016,114,148,2,76,FELIPE PEIXOTO,1716,FACULDADE DE ENGENHARIA DA UFF,RUA PASSO DA PATRIA 156
2016,114,149,1,44,FELIPE PEIXOTO,1716,FACULDADE DE ENGENHARIA DA UFF,RUA PASSO DA PATRIA 156
2016,114,149,2,78,FELIPE PEIXOTO,1716,FACULDADE DE ENGENHARIA DA UFF,RUA PASSO DA PATRIA 156
2016,114,15,1,41,FELIPE PEIXOTO,1090,INSTITUTO DE MATEMATICA DA UFF,RUA MÁRIO SANTOS BRAGA S/N
2016,114,15,2,55,FELIPE PEIXOTO,1090,INSTITUTO DE MATEMATICA DA UFF,RUA MÁRIO SANTOS BRAGA S/N
2016,114,150,1,51,FELIPE PEIXOTO,1716,FACULDADE DE ENGENHARIA DA UFF,RUA PASSO DA PATRIA 156
2016,114,150,2,83,FELIPE PEIXOTO,1716,FACULDADE DE ENGENHARIA DA UFF,RUA PASSO DA PATRIA 156
2016,114,151,1,72,FELIPE PEIXOTO,1716,FACULDADE DE ENGENHARIA DA UFF,RUA PASSO DA PATRIA 156
2016,114,151,2,80,FELIPE PEIXOTO,1716,FACULDADE DE ENGENHARIA DA UFF,RUA PASSO DA PATRIA 156
2016,114,152,1,62,FELIPE PEIXOTO,1732,COLÉGIO UNIVERSÍTÁRIO DA UFF (CIEP GRAGOATÁ),RUA ALEXANDRE MOURA 8
2016,114,152,2,75,FELIPE PEIXOTO,1732,COLÉGIO UNIVERSÍTÁRIO DA UFF (CIEP GRAGOATÁ),RUA ALEXANDRE MOURA 8
2016,114,153,1,53,FELIPE PEIXOTO,1732,COLÉGIO UNIVERSÍTÁRIO DA UFF (CIEP GRAGOATÁ),RUA ALEXANDRE MOURA 8
2016,114,153,2,78,FELIPE PEIXOTO,1732,COLÉGIO UNIVERSÍTÁRIO DA UFF (CIEP GRAGOATÁ),RUA ALEXANDRE MOURA 8
2016,114,154,1,25,FELIPE PEIXOTO,1732,COLÉGIO UNIVERSÍTÁRIO DA UFF (CIEP GRAGOATÁ),RUA ALEXANDRE MOURA 8
2016,114,154,2,39,FELIPE PEIXOTO,1732,COLÉGIO UNIVERSÍTÁRIO DA UFF (CIEP GRAGOATÁ),RUA ALEXANDRE MOURA 8
2016,114,181,1,23,FELIPE PEIXOTO,1333,COLEGIO SAO VICENTE DE PAULO,RUA MIGUEL DE FRIAS 123
2016,114,181,2,32,FELIPE PEIXOTO,1333,COLEGIO SAO VICENTE DE PAULO,RUA MIGUEL DE FRIAS 123
2016,114,182,1,18,FELIPE PEIXOTO,1660,INSTITUTO DE ARTE E COMUNICACAO DA UFF,RUA PROFESSOR LARA VILELA 126
2016,114,182,2,40,FELIPE PEIXOTO,1660,INSTITUTO DE ARTE E COMUNICACAO DA UFF,RUA PROFESSOR LARA VILELA 126
2016,114,186,1,56,FELIPE PEIXOTO,1090,INSTITUTO DE MATEMATICA DA UFF,RUA MÁRIO SANTOS BRAGA S/N
2016,114,186,2,62,FELIPE PEIXOTO,1090,INSTITUTO DE MATEMATICA DA UFF,RUA MÁRIO SANTOS BRAGA S/N
2016,114,189,1,68,FELIPE PEIXOTO,1279,CLUBE REGATAS ICARAI,AVENIDA JORNALISTA ALBERTO FRANCISCO TORRES 63
2016,114,189,2,101,FELIPE PEIXOTO,1279,CLUBE REGATAS ICARAI,AVENIDA JORNALISTA ALBERTO FRANCISCO TORRES 63
2016,114,199,1,39,FELIPE PEIXOTO,1333,COLEGIO SAO VICENTE DE PAULO,RUA MIGUEL DE FRIAS 123
2016,114,199,2,57,FELIPE PEIXOTO,1333,COLEGIO SAO VICENTE DE PAULO,RUA MIGUEL DE FRIAS 123
2016,114,2,1,35,FELIPE PEIXOTO,1090,INSTITUTO DE MATEMATICA DA UFF,RUA MÁRIO SANTOS BRAGA S/N
2016,114,2,2,56,FELIPE PEIXOTO,1090,INSTITUTO DE MATEMATICA DA UFF,RUA MÁRIO SANTOS BRAGA S/N
2016,114,200,1,45,FELIPE PEIXOTO,1090,INSTITUTO DE MATEMATICA DA UFF,RUA MÁRIO SANTOS BRAGA S/N
2016,114,200,2,55,FELIPE PEIXOTO,1090,INSTITUTO DE MATEMATICA DA UFF,RUA MÁRIO SANTOS BRAGA S/N
2016,114,202,1,58,FELIPE PEIXOTO,1600,COLEGIO ESTADUAL AURELINO LEAL,RUA PRESIDENTE PEDREIRA 79
2016,114,202,2,80,FELIPE PEIXOTO,1600,COLEGIO ESTADUAL AURELINO LEAL,RUA PRESIDENTE PEDREIRA 79
2016,114,203,1,60,FELIPE PEIXOTO,1635,FACULDADE DE DIREITO DA UFF,RUA PRESIDENTE PEDREIRA 62
2016,114,203,2,71,FELIPE PEIXOTO,1635,FACULDADE DE DIREITO DA UFF,RUA PRESIDENTE PEDREIRA 62
2016,114,209,1,42,FELIPE PEIXOTO,1090,INSTITUTO DE MATEMATICA DA UFF,RUA MÁRIO SANTOS BRAGA S/N
2016,114,209,2,63,FELIPE PEIXOTO,1090,INSTITUTO DE MATEMATICA DA UFF,RUA MÁRIO SANTOS BRAGA S/N
2016,114,210,1,60,FELIPE PEIXOTO,1597,CLUBE PORTUGUES DE NITEROI,RUA PROFESSOR LARA VILELA 176
2016,114,210,2,92,FELIPE PEIXOTO,1597,CLUBE PORTUGUES DE NITEROI,RUA PROFESSOR LARA VILELA 176
2016,114,211,1,26,FELIPE PEIXOTO,1333,COLEGIO SAO VICENTE DE PAULO,RUA MIGUEL DE FRIAS 123
2016,114,211,2,45,FELIPE PEIXOTO,1333,COLEGIO SAO VICENTE DE PAULO,RUA MIGUEL DE FRIAS 123
2016,114,217,1,54,FELIPE PEIXOTO,1635,FACULDADE DE DIREITO DA UFF,RUA PRESIDENTE PEDREIRA 62
2016,114,217,2,81,FELIPE PEIXOTO,1635,FACULDADE DE DIREITO DA UFF,RUA PRESIDENTE PEDREIRA 62
2016,114,218,1,29,FELIPE PEIXOTO,1082,INSTITUTO DE EDUCAÇÃO PROFESSOR ISMAEL COUTINHO,"TRAVESSA MANOEL CONTINENTINO, 31"
2016,114,218,2,44,FELIPE PEIXOTO,1082,INSTITUTO DE EDUCAÇÃO PROFESSOR ISMAEL COUTINHO,"TRAVESSA MANOEL CONTINENTINO, 31"
2016,114,219,1,20,FELIPE PEIXOTO,1082,INSTITUTO DE EDUCAÇÃO PROFESSOR ISMAEL COUTINHO,"TRAVESSA MANOEL CONTINENTINO, 31"
2016,114,219,2,31,FELIPE PEIXOTO,1082,INSTITUTO DE EDUCAÇÃO PROFESSOR ISMAEL COUTINHO,"TRAVESSA MANOEL CONTINENTINO, 31"
2016,114,225,1,62,FELIPE PEIXOTO,1546,RIO CRICKET,RUA FAGUNDES VARELA 637
2016,114,225,2,98,FELIPE PEIXOTO,1546,RIO CRICKET,RUA FAGUNDES VARELA 637
2016,114,227,1,19,FELIPE PEIXOTO,1082,INSTITUTO DE EDUCAÇÃO PROFESSOR ISMAEL COUTINHO,"TRAVESSA MANOEL CONTINENTINO, 31"
2016,114,227,2,37,FELIPE PEIXOTO,1082,INSTITUTO DE EDUCAÇÃO PROFESSOR ISMAEL COUTINHO,"TRAVESSA MANOEL CONTINENTINO, 31"
2016,114,232,1,54,FELIPE PEIXOTO,1643,FACULDADE DE DIREITO DA UFF (EX FAC. DE ECONOMIA E ADMINISTRAÇÃO),RUA TIRADENTES 17
2016,114,232,2,90,FELIPE PEIXOTO,1643,FACULDADE DE DIREITO DA UFF (EX FAC. DE ECONOMIA E ADMINISTRAÇÃO),RUA TIRADENTES 17
2016,114,235,1,32,FELIPE PEIXOTO,1082,INSTITUTO DE EDUCAÇÃO PROFESSOR ISMAEL COUTINHO,"TRAVESSA MANOEL CONTINENTINO, 31"
2016,114,235,2,32,FELIPE PEIXOTO,1082,INSTITUTO DE EDUCAÇÃO PROFESSOR ISMAEL COUTINHO,"TRAVESSA MANOEL CONTINENTINO, 31"
2016,114,241,1,50,FELIPE PEIXOTO,1716,FACULDADE DE ENGENHARIA DA UFF,RUA PASSO DA PATRIA 156
2016,114,241,2,61,FELIPE PEIXOTO,1716,FACULDADE DE ENGENHARIA DA UFF,RUA PASSO DA PATRIA 156
2016,114,246,1,51,FELIPE PEIXOTO,1635,FACULDADE DE DIREITO DA UFF,RUA PRESIDENTE PEDREIRA 62
2016,114,246,2,83,FELIPE PEIXOTO,1635,FACULDADE DE DIREITO DA UFF,RUA PRESIDENTE PEDREIRA 62
2016,114,248,1,46,FELIPE PEIXOTO,1643,FACULDADE DE DIREITO DA UFF (EX FAC. DE ECONOMIA E ADMINISTRAÇÃO),RUA TIRADENTES 17
2016,114,248,2,71,FELIPE PEIXOTO,1643,FACULDADE DE DIREITO DA UFF (EX FAC. DE ECONOMIA E ADMINISTRAÇÃO),RUA TIRADENTES 17
2016,114,249,1,46,FELIPE PEIXOTO,1090,INSTITUTO DE MATEMATICA DA UFF,RUA MÁRIO SANTOS BRAGA S/N
2016,114,249,2,60,FELIPE PEIXOTO,1090,INSTITUTO DE MATEMATICA DA UFF,RUA MÁRIO SANTOS BRAGA S/N
2016,114,251,1,51,FELIPE PEIXOTO,1538,REITORIA DA UFF,RUA MIGUEL DE FRIAS 9
2016,114,251,2,66,FELIPE PEIXOTO,1538,REITORIA DA UFF,RUA MIGUEL DE FRIAS 9
2016,114,254,1,36,FELIPE PEIXOTO,1643,FACULDADE DE DIREITO DA UFF (EX FAC. DE ECONOMIA E ADMINISTRAÇÃO),RUA TIRADENTES 17
2016,114,254,2,42,FELIPE PEIXOTO,1643,FACULDADE DE DIREITO DA UFF (EX FAC. DE ECONOMIA E ADMINISTRAÇÃO),RUA TIRADENTES 17
2016,114,255,1,46,FELIPE PEIXOTO,1333,COLEGIO SAO VICENTE DE PAULO,RUA MIGUEL DE FRIAS 123
2016,114,255,2,56,FELIPE PEIXOTO,1333,COLEGIO SAO VICENTE DE PAULO,RUA MIGUEL DE FRIAS 123
2016,114,256,1,59,FELIPE PEIXOTO,1600,COLEGIO ESTADUAL AURELINO LEAL,RUA PRESIDENTE PEDREIRA 79
2016,114,256,2,78,FELIPE PEIXOTO,1600,COLEGIO ESTADUAL AURELINO LEAL,RUA PRESIDENTE PEDREIRA 79
2016,114,259,1,55,FELIPE PEIXOTO,1635,FACULDADE DE DIREITO DA UFF,RUA PRESIDENTE PEDREIRA 62
2016,114,259,2,74,FELIPE PEIXOTO,1635,FACULDADE DE DIREITO DA UFF,RUA PRESIDENTE PEDREIRA 62
2016,114,26,1,29,FELIPE PEIXOTO,1333,COLEGIO SAO VICENTE DE PAULO,RUA MIGUEL DE FRIAS 123
2016,114,26,2,55,FELIPE PEIXOTO,1333,COLEGIO SAO VICENTE DE PAULO,RUA MIGUEL DE FRIAS 123
2016,114,260,1,14,FELIPE PEIXOTO,1660,INSTITUTO DE ARTE E COMUNICACAO DA UFF,RUA PROFESSOR LARA VILELA 126
2016,114,260,2,18,FELIPE PEIXOTO,1660,INSTITUTO DE ARTE E COMUNICACAO DA UFF,RUA PROFESSOR LARA VILELA 126
2016,114,267,1,66,FELIPE PEIXOTO,1546,RIO CRICKET,RUA FAGUNDES VARELA 637
2016,114,267,2,94,FELIPE PEIXOTO,1546,RIO CRICKET,RUA FAGUNDES VARELA 637
2016,114,268,1,61,FELIPE PEIXOTO,1279,CLUBE REGATAS ICARAI,AVENIDA JORNALISTA ALBERTO FRANCISCO TORRES 63
2016,114,268,2,76,FELIPE PEIXOTO,1279,CLUBE REGATAS ICARAI,AVENIDA JORNALISTA ALBERTO FRANCISCO TORRES 63
2016,114,269,1,46,FELIPE PEIXOTO,1600,COLEGIO ESTADUAL AURELINO LEAL,RUA PRESIDENTE PEDREIRA 79
2016,114,269,2,76,FELIPE PEIXOTO,1600,COLEGIO ESTADUAL AURELINO LEAL,RUA PRESIDENTE PEDREIRA 79
2016,114,270,1,44,FELIPE PEIXOTO,1716,FACULDADE DE ENGENHARIA DA UFF,RUA PASSO DA PATRIA 156
2016,114,270,2,65,FELIPE PEIXOTO,1716,FACULDADE DE ENGENHARIA DA UFF,RUA PASSO DA PATRIA 156
2016,114,271,1,42,FELIPE PEIXOTO,1635,FACULDADE DE DIREITO DA UFF,RUA PRESIDENTE PEDREIRA 62
2016,114,271,2,73,FELIPE PEIXOTO,1635,FACULDADE DE DIREITO DA UFF,RUA PRESIDENTE PEDREIRA 62
2016,114,272,1,49,FELIPE PEIXOTO,1090,INSTITUTO DE MATEMATICA DA UFF,RUA MÁRIO SANTOS BRAGA S/N
2016,114,272,2,61,FELIPE PEIXOTO,1090,INSTITUTO DE MATEMATICA DA UFF,RUA MÁRIO SANTOS BRAGA S/N
2016,114,273,1,65,FELIPE PEIXOTO,1546,RIO CRICKET,RUA FAGUNDES VARELA 637
2016,114,273,2,91,FELIPE PEIXOTO,1546,RIO CRICKET,RUA FAGUNDES VARELA 637
2016,114,275,1,52,FELIPE PEIXOTO,1740,COLÉGIO ÁGORA,"RUA TIRADENTES, 160"
2016,114,275,2,71,FELIPE PEIXOTO,1740,COLÉGIO ÁGORA,"RUA TIRADENTES, 160"
2016,114,3,1,20,FELIPE PEIXOTO,1082,INSTITUTO DE EDUCAÇÃO PROFESSOR ISMAEL COUTINHO,"TRAVESSA MANOEL CONTINENTINO, 31"
2016,114,3,2,32,FELIPE PEIXOTO,1082,INSTITUTO DE EDUCAÇÃO PROFESSOR ISMAEL COUTINHO,"TRAVESSA MANOEL CONTINENTINO, 31"
2016,114,4,1,26,FELIPE PEIXOTO,1082,INSTITUTO DE EDUCAÇÃO PROFESSOR ISMAEL COUTINHO,"TRAVESSA MANOEL CONTINENTINO, 31"
2016,114,4,2,42,FELIPE PEIXOTO,1082,INSTITUTO DE EDUCAÇÃO PROFESSOR ISMAEL COUTINHO,"TRAVESSA MANOEL CONTINENTINO, 31"
2016,114,48,1,64,FELIPE PEIXOTO,1279,CLUBE REGATAS ICARAI,AVENIDA JORNALISTA ALBERTO FRANCISCO TORRES 63
2016,114,48,2,90,FELIPE PEIXOTO,1279,CLUBE REGATAS ICARAI,AVENIDA JORNALISTA ALBERTO FRANCISCO TORRES 63
2016,114,49,1,77,FELIPE PEIXOTO,1279,CLUBE REGATAS ICARAI,AVENIDA JORNALISTA ALBERTO FRANCISCO TORRES 63
2016,114,49,2,99,FELIPE PEIXOTO,1279,CLUBE REGATAS ICARAI,AVENIDA JORNALISTA ALBERTO FRANCISCO TORRES 63
2016,114,5,1,41,FELIPE PEIXOTO,1090,INSTITUTO DE MATEMATICA DA UFF,RUA MÁRIO SANTOS BRAGA S/N
2016,114,5,2,49,FELIPE PEIXOTO,1090,INSTITUTO DE MATEMATICA DA UFF,RUA MÁRIO SANTOS BRAGA S/N
2016,114,50,1,67,FELIPE PEIXOTO,1279,CLUBE REGATAS ICARAI,AVENIDA JORNALISTA ALBERTO FRANCISCO TORRES 63
2016,114,50,2,89,FELIPE PEIXOTO,1279,CLUBE REGATAS ICARAI,AVENIDA JORNALISTA ALBERTO FRANCISCO TORRES 63
2016,114,6,1,43,FELIPE PEIXOTO,1090,INSTITUTO DE MATEMATICA DA UFF,RUA MÁRIO SANTOS BRAGA S/N
2016,114,6,2,56,FELIPE PEIXOTO,1090,INSTITUTO DE MATEMATICA DA UFF,RUA MÁRIO SANTOS BRAGA S/N
2016,114,65,1,33,FELIPE PEIXOTO,1333,COLEGIO SAO VICENTE DE PAULO,RUA MIGUEL DE FRIAS 123
2016,114,65,2,46,FELIPE PEIXOTO,1333,COLEGIO SAO VICENTE DE PAULO,RUA MIGUEL DE FRIAS 123
2016,114,66,1,37,FELIPE PEIXOTO,1333,COLEGIO SAO VICENTE DE PAULO,RUA MIGUEL DE FRIAS 123
2016,114,66,2,48,FELIPE PEIXOTO,1333,COLEGIO SAO VICENTE DE PAULO,RUA MIGUEL DE FRIAS 123
2016,114,67,1,27,FELIPE PEIXOTO,1333,COLEGIO SAO VICENTE DE PAULO,RUA MIGUEL DE FRIAS 123
2016,114,67,2,48,FELIPE PEIXOTO,1333,COLEGIO SAO VICENTE DE PAULO,RUA MIGUEL DE FRIAS 123
2016,114,68,1,27,FELIPE PEIXOTO,1333,COLEGIO SAO VICENTE DE PAULO,RUA MIGUEL DE FRIAS 123
2016,114,68,2,45,FELIPE PEIXOTO,1333,COLEGIO SAO VICENTE DE PAULO,RUA MIGUEL DE FRIAS 123
2016,114,69,1,32,FELIPE PEIXOTO,1333,COLEGIO SAO VICENTE DE PAULO,RUA MIGUEL DE FRIAS 123
2016,114,69,2,58,FELIPE PEIXOTO,1333,COLEGIO SAO VICENTE DE PAULO,RUA MIGUEL DE FRIAS 123
2016,114,7,1,39,FELIPE PEIXOTO,1090,INSTITUTO DE MATEMATICA DA UFF,RUA MÁRIO SANTOS BRAGA S/N
2016,114,7,2,61,FELIPE PEIXOTO,1090,INSTITUTO DE MATEMATICA DA UFF,RUA MÁRIO SANTOS BRAGA S/N
2016,114,70,1,36,FELIPE PEIXOTO,1333,COLEGIO SAO VICENTE DE PAULO,RUA MIGUEL DE FRIAS 123
2016,114,70,2,48,FELIPE PEIXOTO,1333,COLEGIO SAO VICENTE DE PAULO,RUA MIGUEL DE FRIAS 123
2016,114,71,1,34,FELIPE PEIXOTO,1333,COLEGIO SAO VICENTE DE PAULO,RUA MIGUEL DE FRIAS 123
2016,114,71,2,41,FELIPE PEIXOTO,1333,COLEGIO SAO VICENTE DE PAULO,RUA MIGUEL DE FRIAS 123
2016,114,72,1,40,FELIPE PEIXOTO,1333,COLEGIO SAO VICENTE DE PAULO,RUA MIGUEL DE FRIAS 123
2016,114,72,2,56,FELIPE PEIXOTO,1333,COLEGIO SAO VICENTE DE PAULO,RUA MIGUEL DE FRIAS 123
2016,114,8,1,34,FELIPE PEIXOTO,1082,INSTITUTO DE EDUCAÇÃO PROFESSOR ISMAEL COUTINHO,"TRAVESSA MANOEL CONTINENTINO, 31"
2016,114,8,2,36,FELIPE PEIXOTO,1082,INSTITUTO DE EDUCAÇÃO PROFESSOR ISMAEL COUTINHO,"TRAVESSA MANOEL CONTINENTINO, 31"
2016,114,87,1,43,FELIPE PEIXOTO,1333,COLEGIO SAO VICENTE DE PAULO,RUA MIGUEL DE FRIAS 123
2016,114,87,2,51,FELIPE PEIXOTO,1333,COLEGIO SAO VICENTE DE PAULO,RUA MIGUEL DE FRIAS 123
2016,114,88,1,40,FELIPE PEIXOTO,1333,COLEGIO SAO VICENTE DE PAULO,RUA MIGUEL DE FRIAS 123
2016,114,88,2,47,FELIPE PEIXOTO,1333,COLEGIO SAO VICENTE DE PAULO,RUA MIGUEL DE FRIAS 123
2016,114,9,1,21,FELIPE PEIXOTO,1082,INSTITUTO DE EDUCAÇÃO PROFESSOR ISMAEL COUTINHO,"TRAVESSA MANOEL CONTINENTINO, 31"
2016,114,9,2,27,FELIPE PEIXOTO,1082,INSTITUTO DE EDUCAÇÃO PROFESSOR ISMAEL COUTINHO,"TRAVESSA MANOEL CONTINENTINO, 31"
2016,115,100,1,54,FELIPE PEIXOTO,1414,JARDIM ESCOLA MEUS PRIMEIROS PASSOS,"RUA RIODADES, 22"
2016,115,100,2,71,FELIPE PEIXOTO,1414,JARDIM ESCOLA MEUS PRIMEIROS PASSOS,"RUA RIODADES, 22"
2016,115,101,1,58,FELIPE PEIXOTO,1414,JARDIM ESCOLA MEUS PRIMEIROS PASSOS,"RUA RIODADES, 22"
2016,115,101,2,68,FELIPE PEIXOTO,1414,JARDIM ESCOLA MEUS PRIMEIROS PASSOS,"RUA RIODADES, 22"
2016,115,102,1,53,FELIPE PEIXOTO,1457,ESCOLA MUNICIPAL DOM JOSÉ PEREIRA ALVES,"RUA TENENTE OSORIO, 73"
2016,115,102,2,59,FELIPE PEIXOTO,1457,ESCOLA MUNICIPAL DOM JOSÉ PEREIRA ALVES,"RUA TENENTE OSORIO, 73"
2016,115,103,1,48,FELIPE PEIXOTO,1457,ESCOLA MUNICIPAL DOM JOSÉ PEREIRA ALVES,"RUA TENENTE OSORIO, 73"
2016,115,103,2,49,FELIPE PEIXOTO,1457,ESCOLA MUNICIPAL DOM JOSÉ PEREIRA ALVES,"RUA TENENTE OSORIO, 73"
2016,115,104,1,54,FELIPE PEIXOTO,1457,ESCOLA MUNICIPAL DOM JOSÉ PEREIRA ALVES,"RUA TENENTE OSORIO, 73"
2016,115,104,2,66,FELIPE PEIXOTO,1457,ESCOLA MUNICIPAL DOM JOSÉ PEREIRA ALVES,"RUA TENENTE OSORIO, 73"
2016,115,105,1,58,FELIPE PEIXOTO,1457,ESCOLA MUNICIPAL DOM JOSÉ PEREIRA ALVES,"RUA TENENTE OSORIO, 73"
2016,115,105,2,62,FELIPE PEIXOTO,1457,ESCOLA MUNICIPAL DOM JOSÉ PEREIRA ALVES,"RUA TENENTE OSORIO, 73"
2016,115,106,1,44,FELIPE PEIXOTO,1457,ESCOLA MUNICIPAL DOM JOSÉ PEREIRA ALVES,"RUA TENENTE OSORIO, 73"
2016,115,106,2,50,FELIPE PEIXOTO,1457,ESCOLA MUNICIPAL DOM JOSÉ PEREIRA ALVES,"RUA TENENTE OSORIO, 73"
2016,115,107,1,87,FELIPE PEIXOTO,1589,ESCOLA MUNICIPAL JACINTA MEDELA,"RUA TENENTE OSORIO, 10"
2016,115,107,2,82,FELIPE PEIXOTO,1589,ESCOLA MUNICIPAL JACINTA MEDELA,"RUA TENENTE OSORIO, 10"
2016,115,108,1,81,FELIPE PEIXOTO,1589,ESCOLA MUNICIPAL JACINTA MEDELA,"RUA TENENTE OSORIO, 10"
2016,115,108,2,96,FELIPE PEIXOTO,1589,ESCOLA MUNICIPAL JACINTA MEDELA,"RUA TENENTE OSORIO, 10"
2016,115,109,1,68,FELIPE PEIXOTO,1589,ESCOLA MUNICIPAL JACINTA MEDELA,"RUA TENENTE OSORIO, 10"
2016,115,109,2,84,FELIPE PEIXOTO,1589,ESCOLA MUNICIPAL JACINTA MEDELA,"RUA TENENTE OSORIO, 10"
2016,115,110,1,75,FELIPE PEIXOTO,1589,ESCOLA MUNICIPAL JACINTA MEDELA,"RUA TENENTE OSORIO, 10"
2016,115,110,2,92,FELIPE PEIXOTO,1589,ESCOLA MUNICIPAL JACINTA MEDELA,"RUA TENENTE OSORIO, 10"
2016,115,111,1,48,FELIPE PEIXOTO,1465,COLÉGIO ESTADUAL CONSELHEIRO JOSINO,"RUA TEIXEIRA DE FREITAS, 421"
2016,115,111,2,59,FELIPE PEIXOTO,1465,COLÉGIO ESTADUAL CONSELHEIRO JOSINO,"RUA TEIXEIRA DE FREITAS, 421"
2016,115,112,1,48,FELIPE PEIXOTO,1465,COLÉGIO ESTADUAL CONSELHEIRO JOSINO,"RUA TEIXEIRA DE FREITAS, 421"
2016,115,112,2,52,FELIPE PEIXOTO,1465,COLÉGIO ESTADUAL CONSELHEIRO JOSINO,"RUA TEIXEIRA DE FREITAS, 421"
2016,115,113,1,42,FELIPE PEIXOTO,1465,COLÉGIO ESTADUAL CONSELHEIRO JOSINO,"RUA TEIXEIRA DE FREITAS, 421"
2016,115,113,2,53,FELIPE PEIXOTO,1465,COLÉGIO ESTADUAL CONSELHEIRO JOSINO,"RUA TEIXEIRA DE FREITAS, 421"
2016,115,114,1,41,FELIPE PEIXOTO,1465,COLÉGIO ESTADUAL CONSELHEIRO JOSINO,"RUA TEIXEIRA DE FREITAS, 421"
2016,115,114,2,49,FELIPE PEIXOTO,1465,COLÉGIO ESTADUAL CONSELHEIRO JOSINO,"RUA TEIXEIRA DE FREITAS, 421"
2016,115,115,1,36,FELIPE PEIXOTO,1473,GRUPO ESCOLAR EMBAIXADOR RAUL FERNANDES,"RUA RIODADES, 253"
2016,115,115,2,43,FELIPE PEIXOTO,1473,GRUPO ESCOLAR EMBAIXADOR RAUL FERNANDES,"RUA RIODADES, 253"
2016,115,116,1,44,FELIPE PEIXOTO,1473,GRUPO ESCOLAR EMBAIXADOR RAUL FERNANDES,"RUA RIODADES, 253"
2016,115,116,2,49,FELIPE PEIXOTO,1473,GRUPO ESCOLAR EMBAIXADOR RAUL FERNANDES,"RUA RIODADES, 253"
2016,115,117,1,47,FELIPE PEIXOTO,1473,GRUPO ESCOLAR EMBAIXADOR RAUL FERNANDES,"RUA RIODADES, 253"
2016,115,117,2,60,FELIPE PEIXOTO,1473,GRUPO ESCOLAR EMBAIXADOR RAUL FERNANDES,"RUA RIODADES, 253"
2016,115,118,1,49,FELIPE PEIXOTO,1473,GRUPO ESCOLAR EMBAIXADOR RAUL FERNANDES,"RUA RIODADES, 253"
2016,115,118,2,42,FELIPE PEIXOTO,1473,GRUPO ESCOLAR EMBAIXADOR RAUL FERNANDES,"RUA RIODADES, 253"
2016,115,119,1,50,FELIPE PEIXOTO,1473,GRUPO ESCOLAR EMBAIXADOR RAUL FERNANDES,"RUA RIODADES, 253"
2016,115,119,2,53,FELIPE PEIXOTO,1473,GRUPO ESCOLAR EMBAIXADOR RAUL FERNANDES,"RUA RIODADES, 253"
2016,115,120,1,47,FELIPE PEIXOTO,1473,GRUPO ESCOLAR EMBAIXADOR RAUL FERNANDES,"RUA RIODADES, 253"
2016,115,120,2,52,FELIPE PEIXOTO,1473,GRUPO ESCOLAR EMBAIXADOR RAUL FERNANDES,"RUA RIODADES, 253"
2016,115,121,1,46,FELIPE PEIXOTO,1473,GRUPO ESCOLAR EMBAIXADOR RAUL FERNANDES,"RUA RIODADES, 253"
2016,115,121,2,53,FELIPE PEIXOTO,1473,GRUPO ESCOLAR EMBAIXADOR RAUL FERNANDES,"RUA RIODADES, 253"
2016,115,122,1,32,FELIPE PEIXOTO,1481,GRUPO ESCOLAR NORONHA SANTOS,"RUA PREFEITO BRANDÃO JUNIOR, 184"
2016,115,122,2,48,FELIPE PEIXOTO,1481,GRUPO ESCOLAR NORONHA SANTOS,"RUA PREFEITO BRANDÃO JUNIOR, 184"
2016,115,123,1,37,FELIPE PEIXOTO,1481,GRUPO ESCOLAR NORONHA SANTOS,"RUA PREFEITO BRANDÃO JUNIOR, 184"
2016,115,123,2,54,FELIPE PEIXOTO,1481,GRUPO ESCOLAR NORONHA SANTOS,"RUA PREFEITO BRANDÃO JUNIOR, 184"
2016,115,124,1,48,FELIPE PEIXOTO,1481,GRUPO ESCOLAR NORONHA SANTOS,"RUA PREFEITO BRANDÃO JUNIOR, 184"
2016,115,124,2,53,FELIPE PEIXOTO,1481,GRUPO ESCOLAR NORONHA SANTOS,"RUA PREFEITO BRANDÃO JUNIOR, 184"
2016,115,125,1,42,FELIPE PEIXOTO,1481,GRUPO ESCOLAR NORONHA SANTOS,"RUA PREFEITO BRANDÃO JUNIOR, 184"
2016,115,125,2,59,FELIPE PEIXOTO,1481,GRUPO ESCOLAR NORONHA SANTOS,"RUA PREFEITO BRANDÃO JUNIOR, 184"
2016,115,126,1,36,FELIPE PEIXOTO,1481,GRUPO ESCOLAR NORONHA SANTOS,"RUA PREFEITO BRANDÃO JUNIOR, 184"
2016,115,126,2,67,FELIPE PEIXOTO,1481,GRUPO ESCOLAR NORONHA SANTOS,"RUA PREFEITO BRANDÃO JUNIOR, 184"
2016,115,127,1,43,FELIPE PEIXOTO,1481,GRUPO ESCOLAR NORONHA SANTOS,"RUA PREFEITO BRANDÃO JUNIOR, 184"
2016,115,127,2,47,FELIPE PEIXOTO,1481,GRUPO ESCOLAR NORONHA SANTOS,"RUA PREFEITO BRANDÃO JUNIOR, 184"
2016,115,128,1,63,FELIPE PEIXOTO,1490,IGREJA ASSEMBLÉIA DE DEUS,"TRAVESSA VICTOR PESTRE, 32"
2016,115,128,2,78,FELIPE PEIXOTO,1490,IGREJA ASSEMBLÉIA DE DEUS,"TRAVESSA VICTOR PESTRE, 32"
2016,115,129,1,33,FELIPE PEIXOTO,1490,IGREJA ASSEMBLÉIA DE DEUS,"TRAVESSA VICTOR PESTRE, 32"
2016,115,129,2,36,FELIPE PEIXOTO,1490,IGREJA ASSEMBLÉIA DE DEUS,"TRAVESSA VICTOR PESTRE, 32"
2016,115,130,1,72,FELIPE PEIXOTO,1503,IGREJA BATISTA DO FONSECA,ALAMEDA SAO BOAVENTURA  937
2016,115,130,2,86,FELIPE PEIXOTO,1503,IGREJA BATISTA DO FONSECA,ALAMEDA SAO BOAVENTURA  937
2016,115,131,1,66,FELIPE PEIXOTO,1503,IGREJA BATISTA DO FONSECA,ALAMEDA SAO BOAVENTURA  937
2016,115,131,2,67,FELIPE PEIXOTO,1503,IGREJA BATISTA DO FONSECA,ALAMEDA SAO BOAVENTURA  937
2016,115,132,1,59,FELIPE PEIXOTO,1503,IGREJA BATISTA DO FONSECA,ALAMEDA SAO BOAVENTURA  937
2016,115,132,2,79,FELIPE PEIXOTO,1503,IGREJA BATISTA DO FONSECA,ALAMEDA SAO BOAVENTURA  937
2016,115,133,1,51,FELIPE PEIXOTO,1554,INSTITUTO EDUCACIONAL TAURUS,"ALAMEDA SÃO BOAVENTURA, 15"
2016,115,133,2,61,FELIPE PEIXOTO,1554,INSTITUTO EDUCACIONAL TAURUS,"ALAMEDA SÃO BOAVENTURA, 15"
2016,115,134,1,27,FELIPE PEIXOTO,1554,INSTITUTO EDUCACIONAL TAURUS,"ALAMEDA SÃO BOAVENTURA, 15"
2016,115,134,2,33,FELIPE PEIXOTO,1554,INSTITUTO EDUCACIONAL TAURUS,"ALAMEDA SÃO BOAVENTURA, 15"
2016,115,135,1,53,FELIPE PEIXOTO,1554,INSTITUTO EDUCACIONAL TAURUS,"ALAMEDA SÃO BOAVENTURA, 15"
2016,115,135,2,72,FELIPE PEIXOTO,1554,INSTITUTO EDUCACIONAL TAURUS,"ALAMEDA SÃO BOAVENTURA, 15"
2016,115,136,1,61,FELIPE PEIXOTO,1538,SOCIEDADE EDUCACIONAL CRISMOGALI,RUA SAO JANUARIO 318
2016,115,136,2,83,FELIPE PEIXOTO,1538,SOCIEDADE EDUCACIONAL CRISMOGALI,RUA SAO JANUARIO 318
2016,115,137,1,64,FELIPE PEIXOTO,1538,SOCIEDADE EDUCACIONAL CRISMOGALI,RUA SAO JANUARIO 318
2016,115,137,2,83,FELIPE PEIXOTO,1538,SOCIEDADE EDUCACIONAL CRISMOGALI,RUA SAO JANUARIO 318
2016,115,138,1,51,FELIPE PEIXOTO,1457,ESCOLA MUNICIPAL DOM JOSÉ PEREIRA ALVES,"RUA TENENTE OSORIO, 73"
2016,115,138,2,55,FELIPE PEIXOTO,1457,ESCOLA MUNICIPAL DOM JOSÉ PEREIRA ALVES,"RUA TENENTE OSORIO, 73"
2016,115,139,1,50,FELIPE PEIXOTO,1554,INSTITUTO EDUCACIONAL TAURUS,"ALAMEDA SÃO BOAVENTURA, 15"
2016,115,139,2,61,FELIPE PEIXOTO,1554,INSTITUTO EDUCACIONAL TAURUS,"ALAMEDA SÃO BOAVENTURA, 15"
2016,115,140,1,47,FELIPE PEIXOTO,1554,INSTITUTO EDUCACIONAL TAURUS,"ALAMEDA SÃO BOAVENTURA, 15"
2016,115,140,2,51,FELIPE PEIXOTO,1554,INSTITUTO EDUCACIONAL TAURUS,"ALAMEDA SÃO BOAVENTURA, 15"
2016,115,141,1,45,FELIPE PEIXOTO,1554,INSTITUTO EDUCACIONAL TAURUS,"ALAMEDA SÃO BOAVENTURA, 15"
2016,115,141,2,62,FELIPE PEIXOTO,1554,INSTITUTO EDUCACIONAL TAURUS,"ALAMEDA SÃO BOAVENTURA, 15"
2016,115,147,1,33,FELIPE PEIXOTO,1473,GRUPO ESCOLAR EMBAIXADOR RAUL FERNANDES,"RUA RIODADES, 253"
2016,115,147,2,44,FELIPE PEIXOTO,1473,GRUPO ESCOLAR EMBAIXADOR RAUL FERNANDES,"RUA RIODADES, 253"
2016,115,153,1,74,FELIPE PEIXOTO,1490,IGREJA ASSEMBLÉIA DE DEUS,"TRAVESSA VICTOR PESTRE, 32"
2016,115,153,2,78,FELIPE PEIXOTO,1490,IGREJA ASSEMBLÉIA DE DEUS,"TRAVESSA VICTOR PESTRE, 32"
2016,115,155,1,54,FELIPE PEIXOTO,1589,ESCOLA MUNICIPAL JACINTA MEDELA,"RUA TENENTE OSORIO, 10"
2016,115,155,2,61,FELIPE PEIXOTO,1589,ESCOLA MUNICIPAL JACINTA MEDELA,"RUA TENENTE OSORIO, 10"
2016,115,158,1,35,FELIPE PEIXOTO,1465,COLÉGIO ESTADUAL CONSELHEIRO JOSINO,"RUA TEIXEIRA DE FREITAS, 421"
2016,115,158,2,51,FELIPE PEIXOTO,1465,COLÉGIO ESTADUAL CONSELHEIRO JOSINO,"RUA TEIXEIRA DE FREITAS, 421"
2016,115,159,1,44,FELIPE PEIXOTO,1481,GRUPO ESCOLAR NORONHA SANTOS,"RUA PREFEITO BRANDÃO JUNIOR, 184"
2016,115,159,2,59,FELIPE PEIXOTO,1481,GRUPO ESCOLAR NORONHA SANTOS,"RUA PREFEITO BRANDÃO JUNIOR, 184"
2016,115,165,1,43,FELIPE PEIXOTO,1554,INSTITUTO EDUCACIONAL TAURUS,"ALAMEDA SÃO BOAVENTURA, 15"
2016,115,165,2,54,FELIPE PEIXOTO,1554,INSTITUTO EDUCACIONAL TAURUS,"ALAMEDA SÃO BOAVENTURA, 15"
2016,115,167,1,63,FELIPE PEIXOTO,1538,SOCIEDADE EDUCACIONAL CRISMOGALI,RUA SAO JANUARIO 318
2016,115,167,2,86,FELIPE PEIXOTO,1538,SOCIEDADE EDUCACIONAL CRISMOGALI,RUA SAO JANUARIO 318
2016,115,169,1,64,FELIPE PEIXOTO,1414,JARDIM ESCOLA MEUS PRIMEIROS PASSOS,"RUA RIODADES, 22"
2016,115,169,2,78,FELIPE PEIXOTO,1414,JARDIM ESCOLA MEUS PRIMEIROS PASSOS,"RUA RIODADES, 22"
2016,115,171,1,32,FELIPE PEIXOTO,1457,ESCOLA MUNICIPAL DOM JOSÉ PEREIRA ALVES,"RUA TENENTE OSORIO, 73"
2016,115,171,2,46,FELIPE PEIXOTO,1457,ESCOLA MUNICIPAL DOM JOSÉ PEREIRA ALVES,"RUA TENENTE OSORIO, 73"
2016,115,172,1,46,FELIPE PEIXOTO,1554,INSTITUTO EDUCACIONAL TAURUS,"ALAMEDA SÃO BOAVENTURA, 15"
2016,115,172,2,63,FELIPE PEIXOTO,1554,INSTITUTO EDUCACIONAL TAURUS,"ALAMEDA SÃO BOAVENTURA, 15"
2016,115,173,1,67,FELIPE PEIXOTO,1406,COLÉGIO NOSSA SENHORA DAS MERCÊS,ALAMEDA SAO BOAVENTURA 297
2016,115,173,2,94,FELIPE PEIXOTO,1406,COLÉGIO NOSSA SENHORA DAS MERCÊS,ALAMEDA SAO BOAVENTURA 297
2016,115,175,1,62,FELIPE PEIXOTO,1503,IGREJA BATISTA DO FONSECA,ALAMEDA SAO BOAVENTURA  937
2016,115,175,2,77,FELIPE PEIXOTO,1503,IGREJA BATISTA DO FONSECA,ALAMEDA SAO BOAVENTURA  937
2016,115,179,1,68,FELIPE PEIXOTO,1414,JARDIM ESCOLA MEUS PRIMEIROS PASSOS,"RUA RIODADES, 22"
2016,115,179,2,79,FELIPE PEIXOTO,1414,JARDIM ESCOLA MEUS PRIMEIROS PASSOS,"RUA RIODADES, 22"
2016,115,180,1,22,FELIPE PEIXOTO,1422,ESCOLA MUNICIPAL DJALMA COUTINHO,"RUA CINCO DE MARÇO, 75"
2016,115,180,2,29,FELIPE PEIXOTO,1422,ESCOLA MUNICIPAL DJALMA COUTINHO,"RUA CINCO DE MARÇO, 75"
2016,115,182,1,50,FELIPE PEIXOTO,1473,GRUPO ESCOLAR EMBAIXADOR RAUL FERNANDES,"RUA RIODADES, 253"
2016,115,182,2,52,FELIPE PEIXOTO,1473,GRUPO ESCOLAR EMBAIXADOR RAUL FERNANDES,"RUA RIODADES, 253"
2016,115,183,1,53,FELIPE PEIXOTO,1457,ESCOLA MUNICIPAL DOM JOSÉ PEREIRA ALVES,"RUA TENENTE OSORIO, 73"
2016,115,183,2,60,FELIPE PEIXOTO,1457,ESCOLA MUNICIPAL DOM JOSÉ PEREIRA ALVES,"RUA TENENTE OSORIO, 73"
2016,115,185,1,43,FELIPE PEIXOTO,1481,GRUPO ESCOLAR NORONHA SANTOS,"RUA PREFEITO BRANDÃO JUNIOR, 184"
2016,115,185,2,77,FELIPE PEIXOTO,1481,GRUPO ESCOLAR NORONHA SANTOS,"RUA PREFEITO BRANDÃO JUNIOR, 184"
2016,115,186,1,67,FELIPE PEIXOTO,1406,COLÉGIO NOSSA SENHORA DAS MERCÊS,ALAMEDA SAO BOAVENTURA 297
2016,115,186,2,87,FELIPE PEIXOTO,1406,COLÉGIO NOSSA SENHORA DAS MERCÊS,ALAMEDA SAO BOAVENTURA 297
2016,115,192,1,55,FELIPE PEIXOTO,1457,ESCOLA MUNICIPAL DOM JOSÉ PEREIRA ALVES,"RUA TENENTE OSORIO, 73"
2016,115,192,2,63,FELIPE PEIXOTO,1457,ESCOLA MUNICIPAL DOM JOSÉ PEREIRA ALVES,"RUA TENENTE OSORIO, 73"
2016,115,195,1,51,FELIPE PEIXOTO,1465,COLÉGIO ESTADUAL CONSELHEIRO JOSINO,"RUA TEIXEIRA DE FREITAS, 421"
2016,115,195,2,61,FELIPE PEIXOTO,1465,COLÉGIO ESTADUAL CONSELHEIRO JOSINO,"RUA TEIXEIRA DE FREITAS, 421"
2016,115,196,1,34,FELIPE PEIXOTO,1414,JARDIM ESCOLA MEUS PRIMEIROS PASSOS,"RUA RIODADES, 22"
2016,115,196,2,37,FELIPE PEIXOTO,1414,JARDIM ESCOLA MEUS PRIMEIROS PASSOS,"RUA RIODADES, 22"
2016,115,199,1,73,FELIPE PEIXOTO,1406,COLÉGIO NOSSA SENHORA DAS MERCÊS,ALAMEDA SAO BOAVENTURA 297
2016,115,199,2,91,FELIPE PEIXOTO,1406,COLÉGIO NOSSA SENHORA DAS MERCÊS,ALAMEDA SAO BOAVENTURA 297
2016,115,200,1,49,FELIPE PEIXOTO,1473,GRUPO ESCOLAR EMBAIXADOR RAUL FERNANDES,"RUA RIODADES, 253"
2016,115,200,2,45,FELIPE PEIXOTO,1473,GRUPO ESCOLAR EMBAIXADOR RAUL FERNANDES,"RUA RIODADES, 253"
2016,115,202,1,23,FELIPE PEIXOTO,1457,ESCOLA MUNICIPAL DOM JOSÉ PEREIRA ALVES,"RUA TENENTE OSORIO, 73"
2016,115,202,2,28,FELIPE PEIXOTO,1457,ESCOLA MUNICIPAL DOM JOSÉ PEREIRA ALVES,"RUA TENENTE OSORIO, 73"
2016,115,205,1,45,FELIPE PEIXOTO,1481,GRUPO ESCOLAR NORONHA SANTOS,"RUA PREFEITO BRANDÃO JUNIOR, 184"
2016,115,205,2,57,FELIPE PEIXOTO,1481,GRUPO ESCOLAR NORONHA SANTOS,"RUA PREFEITO BRANDÃO JUNIOR, 184"
2016,115,206,1,54,FELIPE PEIXOTO,1384,CURSO WISE UP,"ALAMEDA SAO BOAVENTURA , 519"
2016,115,206,2,85,FELIPE PEIXOTO,1384,CURSO WISE UP,"ALAMEDA SAO BOAVENTURA , 519"
2016,115,209,1,61,FELIPE PEIXOTO,1406,COLÉGIO NOSSA SENHORA DAS MERCÊS,ALAMEDA SAO BOAVENTURA 297
2016,115,209,2,95,FELIPE PEIXOTO,1406,COLÉGIO NOSSA SENHORA DAS MERCÊS,ALAMEDA SAO BOAVENTURA 297
2016,115,210,1,56,FELIPE PEIXOTO,1538,SOCIEDADE EDUCACIONAL CRISMOGALI,RUA SAO JANUARIO 318
2016,115,210,2,59,FELIPE PEIXOTO,1538,SOCIEDADE EDUCACIONAL CRISMOGALI,RUA SAO JANUARIO 318
2016,115,211,1,46,FELIPE PEIXOTO,1465,COLÉGIO ESTADUAL CONSELHEIRO JOSINO,"RUA TEIXEIRA DE FREITAS, 421"
2016,115,211,2,43,FELIPE PEIXOTO,1465,COLÉGIO ESTADUAL CONSELHEIRO JOSINO,"RUA TEIXEIRA DE FREITAS, 421"
2016,115,212,1,28,FELIPE PEIXOTO,1465,COLÉGIO ESTADUAL CONSELHEIRO JOSINO,"RUA TEIXEIRA DE FREITAS, 421"
2016,115,212,2,34,FELIPE PEIXOTO,1465,COLÉGIO ESTADUAL CONSELHEIRO JOSINO,"RUA TEIXEIRA DE FREITAS, 421"
2016,115,213,1,57,FELIPE PEIXOTO,1406,COLÉGIO NOSSA SENHORA DAS MERCÊS,ALAMEDA SAO BOAVENTURA 297
2016,115,213,2,87,FELIPE PEIXOTO,1406,COLÉGIO NOSSA SENHORA DAS MERCÊS,ALAMEDA SAO BOAVENTURA 297
2016,115,214,1,58,FELIPE PEIXOTO,1457,ESCOLA MUNICIPAL DOM JOSÉ PEREIRA ALVES,"RUA TENENTE OSORIO, 73"
2016,115,214,2,48,FELIPE PEIXOTO,1457,ESCOLA MUNICIPAL DOM JOSÉ PEREIRA ALVES,"RUA TENENTE OSORIO, 73"
2016,115,215,1,63,FELIPE PEIXOTO,1503,IGREJA BATISTA DO FONSECA,ALAMEDA SAO BOAVENTURA  937
2016,115,215,2,82,FELIPE PEIXOTO,1503,IGREJA BATISTA DO FONSECA,ALAMEDA SAO BOAVENTURA  937
2016,115,216,1,39,FELIPE PEIXOTO,1473,GRUPO ESCOLAR EMBAIXADOR RAUL FERNANDES,"RUA RIODADES, 253"
2016,115,216,2,46,FELIPE PEIXOTO,1473,GRUPO ESCOLAR EMBAIXADOR RAUL FERNANDES,"RUA RIODADES, 253"
2016,115,217,1,72,FELIPE PEIXOTO,1384,CURSO WISE UP,"ALAMEDA SAO BOAVENTURA , 519"
2016,115,217,2,83,FELIPE PEIXOTO,1384,CURSO WISE UP,"ALAMEDA SAO BOAVENTURA , 519"
2016,115,219,1,53,FELIPE PEIXOTO,1406,COLÉGIO NOSSA SENHORA DAS MERCÊS,ALAMEDA SAO BOAVENTURA 297
2016,115,219,2,77,FELIPE PEIXOTO,1406,COLÉGIO NOSSA SENHORA DAS MERCÊS,ALAMEDA SAO BOAVENTURA 297
2016,115,220,1,66,FELIPE PEIXOTO,1597,CIEP 251 - DONA MARIA PORTUGAL,RODOVIA AMARAL PEIXOTO KM 3
2016,115,220,2,93,FELIPE PEIXOTO,1597,CIEP 251 - DONA MARIA PORTUGAL,RODOVIA AMARAL PEIXOTO KM 3
2016,115,221,1,35,FELIPE PEIXOTO,1597,CIEP 251 - DONA MARIA PORTUGAL,RODOVIA AMARAL PEIXOTO KM 3
2016,115,221,2,54,FELIPE PEIXOTO,1597,CIEP 251 - DONA MARIA PORTUGAL,RODOVIA AMARAL PEIXOTO KM 3
2016,115,222,1,65,FELIPE PEIXOTO,1597,CIEP 251 - DONA MARIA PORTUGAL,RODOVIA AMARAL PEIXOTO KM 3
2016,115,222,2,92,FELIPE PEIXOTO,1597,CIEP 251 - DONA MARIA PORTUGAL,RODOVIA AMARAL PEIXOTO KM 3
2016,115,223,1,68,FELIPE PEIXOTO,1597,CIEP 251 - DONA MARIA PORTUGAL,RODOVIA AMARAL PEIXOTO KM 3
2016,115,223,2,90,FELIPE PEIXOTO,1597,CIEP 251 - DONA MARIA PORTUGAL,RODOVIA AMARAL PEIXOTO KM 3
2016,115,224,1,59,FELIPE PEIXOTO,1597,CIEP 251 - DONA MARIA PORTUGAL,RODOVIA AMARAL PEIXOTO KM 3
2016,115,224,2,77,FELIPE PEIXOTO,1597,CIEP 251 - DONA MARIA PORTUGAL,RODOVIA AMARAL PEIXOTO KM 3
2016,115,225,1,55,FELIPE PEIXOTO,1406,COLÉGIO NOSSA SENHORA DAS MERCÊS,ALAMEDA SAO BOAVENTURA 297
2016,115,225,2,66,FELIPE PEIXOTO,1406,COLÉGIO NOSSA SENHORA DAS MERCÊS,ALAMEDA SAO BOAVENTURA 297
2016,115,226,1,67,FELIPE PEIXOTO,1597,CIEP 251 - DONA MARIA PORTUGAL,RODOVIA AMARAL PEIXOTO KM 3
2016,115,226,2,104,FELIPE PEIXOTO,1597,CIEP 251 - DONA MARIA PORTUGAL,RODOVIA AMARAL PEIXOTO KM 3
2016,115,227,1,36,FELIPE PEIXOTO,1597,CIEP 251 - DONA MARIA PORTUGAL,RODOVIA AMARAL PEIXOTO KM 3
2016,115,227,2,47,FELIPE PEIXOTO,1597,CIEP 251 - DONA MARIA PORTUGAL,RODOVIA AMARAL PEIXOTO KM 3
2016,115,83,1,39,FELIPE PEIXOTO,1465,COLÉGIO ESTADUAL CONSELHEIRO JOSINO,"RUA TEIXEIRA DE FREITAS, 421"
2016,115,83,2,44,FELIPE PEIXOTO,1465,COLÉGIO ESTADUAL CONSELHEIRO JOSINO,"RUA TEIXEIRA DE FREITAS, 421"
2016,115,84,1,72,FELIPE PEIXOTO,1384,CURSO WISE UP,"ALAMEDA SAO BOAVENTURA , 519"
2016,115,84,2,77,FELIPE PEIXOTO,1384,CURSO WISE UP,"ALAMEDA SAO BOAVENTURA , 519"
2016,115,85,1,61,FELIPE PEIXOTO,1384,CURSO WISE UP,"ALAMEDA SAO BOAVENTURA , 519"
2016,115,85,2,89,FELIPE PEIXOTO,1384,CURSO WISE UP,"ALAMEDA SAO BOAVENTURA , 519"
2016,115,87,1,42,FELIPE PEIXOTO,1554,INSTITUTO EDUCACIONAL TAURUS,"ALAMEDA SÃO BOAVENTURA, 15"
2016,115,87,2,53,FELIPE PEIXOTO,1554,INSTITUTO EDUCACIONAL TAURUS,"ALAMEDA SÃO BOAVENTURA, 15"
2016,115,88,1,51,FELIPE PEIXOTO,1406,COLÉGIO NOSSA SENHORA DAS MERCÊS,ALAMEDA SAO BOAVENTURA 297
2016,115,88,2,86,FELIPE PEIXOTO,1406,COLÉGIO NOSSA SENHORA DAS MERCÊS,ALAMEDA SAO BOAVENTURA 297
2016,115,89,1,45,FELIPE PEIXOTO,1406,COLÉGIO NOSSA SENHORA DAS MERCÊS,ALAMEDA SAO BOAVENTURA 297
2016,115,89,2,83,FELIPE PEIXOTO,1406,COLÉGIO NOSSA SENHORA DAS MERCÊS,ALAMEDA SAO BOAVENTURA 297
2016,115,90,1,71,FELIPE PEIXOTO,1406,COLÉGIO NOSSA SENHORA DAS MERCÊS,ALAMEDA SAO BOAVENTURA 297
2016,115,90,2,95,FELIPE PEIXOTO,1406,COLÉGIO NOSSA SENHORA DAS MERCÊS,ALAMEDA SAO BOAVENTURA 297
2016,115,91,1,53,FELIPE PEIXOTO,1406,COLÉGIO NOSSA SENHORA DAS MERCÊS,ALAMEDA SAO BOAVENTURA 297
2016,115,91,2,80,FELIPE PEIXOTO,1406,COLÉGIO NOSSA SENHORA DAS MERCÊS,ALAMEDA SAO BOAVENTURA 297
2016,115,92,1,65,FELIPE PEIXOTO,1406,COLÉGIO NOSSA SENHORA DAS MERCÊS,ALAMEDA SAO BOAVENTURA 297
2016,115,92,2,94,FELIPE PEIXOTO,1406,COLÉGIO NOSSA SENHORA DAS MERCÊS,ALAMEDA SAO BOAVENTURA 297
2016,115,93,1,61,FELIPE PEIXOTO,1406,COLÉGIO NOSSA SENHORA DAS MERCÊS,ALAMEDA SAO BOAVENTURA 297
2016,115,93,2,86,FELIPE PEIXOTO,1406,COLÉGIO NOSSA SENHORA DAS MERCÊS,ALAMEDA SAO BOAVENTURA 297
2016,115,94,1,30,FELIPE PEIXOTO,1414,JARDIM ESCOLA MEUS PRIMEIROS PASSOS,"RUA RIODADES, 22"
2016,115,94,2,40,FELIPE PEIXOTO,1414,JARDIM ESCOLA MEUS PRIMEIROS PASSOS,"RUA RIODADES, 22"
2016,115,95,1,53,FELIPE PEIXOTO,1414,JARDIM ESCOLA MEUS PRIMEIROS PASSOS,"RUA RIODADES, 22"
2016,115,95,2,67,FELIPE PEIXOTO,1414,JARDIM ESCOLA MEUS PRIMEIROS PASSOS,"RUA RIODADES, 22"
2016,115,96,1,42,FELIPE PEIXOTO,1422,ESCOLA MUNICIPAL DJALMA COUTINHO,"RUA CINCO DE MARÇO, 75"
2016,115,96,2,50,FELIPE PEIXOTO,1422,ESCOLA MUNICIPAL DJALMA COUTINHO,"RUA CINCO DE MARÇO, 75"
2016,115,97,1,29,FELIPE PEIXOTO,1422,ESCOLA MUNICIPAL DJALMA COUTINHO,"RUA CINCO DE MARÇO, 75"
2016,115,97,2,29,FELIPE PEIXOTO,1422,ESCOLA MUNICIPAL DJALMA COUTINHO,"RUA CINCO DE MARÇO, 75"
2016,140,1,1,28,FELIPE PEIXOTO,1015,ESCOLA MUNICIPAL PROFESSOR PAULO DE ALMEIDA CAMPOS,"RUA PEREIRA DA SILVA, 50"
2016,140,1,2,37,FELIPE PEIXOTO,1015,ESCOLA MUNICIPAL PROFESSOR PAULO DE ALMEIDA CAMPOS,"RUA PEREIRA DA SILVA, 50"
2016,140,10,1,46,FELIPE PEIXOTO,1155,ESCOLA MUNICIPAL JÚLIA CORTINES,CAMPO DE SÃO BENTO S/N
2016,140,10,2,69,FELIPE PEIXOTO,1155,ESCOLA MUNICIPAL JÚLIA CORTINES,CAMPO DE SÃO BENTO S/N
2016,140,11,1,46,FELIPE PEIXOTO,1031,BANCO BRADESCO,RUA GAVIAO PEIXOTO 108
2016,140,11,2,63,FELIPE PEIXOTO,1031,BANCO BRADESCO,RUA GAVIAO PEIXOTO 108
2016,140,12,1,43,FELIPE PEIXOTO,1031,BANCO BRADESCO,RUA GAVIAO PEIXOTO 108
2016,140,12,2,65,FELIPE PEIXOTO,1031,BANCO BRADESCO,RUA GAVIAO PEIXOTO 108
2016,140,13,1,36,FELIPE PEIXOTO,1031,BANCO BRADESCO,RUA GAVIAO PEIXOTO 108
2016,140,13,2,42,FELIPE PEIXOTO,1031,BANCO BRADESCO,RUA GAVIAO PEIXOTO 108
2016,140,14,1,66,FELIPE PEIXOTO,1040,BANCO ITAU,RUA GAVIAO PEIXOTO 166
2016,140,14,2,91,FELIPE PEIXOTO,1040,BANCO ITAU,RUA GAVIAO PEIXOTO 166
2016,140,15,1,60,FELIPE PEIXOTO,1040,BANCO ITAU,RUA GAVIAO PEIXOTO 166
2016,140,15,2,90,FELIPE PEIXOTO,1040,BANCO ITAU,RUA GAVIAO PEIXOTO 166
2016,140,16,1,68,FELIPE PEIXOTO,1082,ESCOLA DIVINA PROVIDENCIA,RUA TAVARES DE MACEDO 155
2016,140,16,2,102,FELIPE PEIXOTO,1082,ESCOLA DIVINA PROVIDENCIA,RUA TAVARES DE MACEDO 155
2016,140,17,1,59,FELIPE PEIXOTO,1082,ESCOLA DIVINA PROVIDENCIA,RUA TAVARES DE MACEDO 155
2016,140,17,2,82,FELIPE PEIXOTO,1082,ESCOLA DIVINA PROVIDENCIA,RUA TAVARES DE MACEDO 155
2016,140,18,1,67,FELIPE PEIXOTO,1180,CENTRO MODERNO ALZIRA BITTENCOURT,"RUA MEM DE SÁ, 71"
2016,140,18,2,100,FELIPE PEIXOTO,1180,CENTRO MODERNO ALZIRA BITTENCOURT,"RUA MEM DE SÁ, 71"
2016,140,19,1,50,FELIPE PEIXOTO,1180,CENTRO MODERNO ALZIRA BITTENCOURT,"RUA MEM DE SÁ, 71"
2016,140,19,2,62,FELIPE PEIXOTO,1180,CENTRO MODERNO ALZIRA BITTENCOURT,"RUA MEM DE SÁ, 71"
2016,140,2,1,42,FELIPE PEIXOTO,1015,ESCOLA MUNICIPAL PROFESSOR PAULO DE ALMEIDA CAMPOS,"RUA PEREIRA DA SILVA, 50"
2016,140,2,2,49,FELIPE PEIXOTO,1015,ESCOLA MUNICIPAL PROFESSOR PAULO DE ALMEIDA CAMPOS,"RUA PEREIRA DA SILVA, 50"
2016,140,20,1,60,FELIPE PEIXOTO,1074,PH COLÉGIO,RUA ALVARES DE AZEVEDO 237
2016,140,20,2,86,FELIPE PEIXOTO,1074,PH COLÉGIO,RUA ALVARES DE AZEVEDO 237
2016,140,21,1,69,FELIPE PEIXOTO,1074,PH COLÉGIO,RUA ALVARES DE AZEVEDO 237
2016,140,21,2,87,FELIPE PEIXOTO,1074,PH COLÉGIO,RUA ALVARES DE AZEVEDO 237
2016,140,22,1,65,FELIPE PEIXOTO,1074,PH COLÉGIO,RUA ALVARES DE AZEVEDO 237
2016,140,22,2,85,FELIPE PEIXOTO,1074,PH COLÉGIO,RUA ALVARES DE AZEVEDO 237
2016,140,23,1,64,FELIPE PEIXOTO,1074,PH COLÉGIO,RUA ALVARES DE AZEVEDO 237
2016,140,23,2,82,FELIPE PEIXOTO,1074,PH COLÉGIO,RUA ALVARES DE AZEVEDO 237
2016,140,24,1,79,FELIPE PEIXOTO,1082,ESCOLA DIVINA PROVIDENCIA,RUA TAVARES DE MACEDO 155
2016,140,24,2,103,FELIPE PEIXOTO,1082,ESCOLA DIVINA PROVIDENCIA,RUA TAVARES DE MACEDO 155
2016,140,25,1,68,FELIPE PEIXOTO,1082,ESCOLA DIVINA PROVIDENCIA,RUA TAVARES DE MACEDO 155
2016,140,25,2,96,FELIPE PEIXOTO,1082,ESCOLA DIVINA PROVIDENCIA,RUA TAVARES DE MACEDO 155
2016,140,26,1,65,FELIPE PEIXOTO,1082,ESCOLA DIVINA PROVIDENCIA,RUA TAVARES DE MACEDO 155
2016,140,26,2,102,FELIPE PEIXOTO,1082,ESCOLA DIVINA PROVIDENCIA,RUA TAVARES DE MACEDO 155
2016,140,27,1,65,FELIPE PEIXOTO,1082,ESCOLA DIVINA PROVIDENCIA,RUA TAVARES DE MACEDO 155
2016,140,27,2,98,FELIPE PEIXOTO,1082,ESCOLA DIVINA PROVIDENCIA,RUA TAVARES DE MACEDO 155
2016,140,28,1,57,FELIPE PEIXOTO,1082,ESCOLA DIVINA PROVIDENCIA,RUA TAVARES DE MACEDO 155
2016,140,28,2,86,FELIPE PEIXOTO,1082,ESCOLA DIVINA PROVIDENCIA,RUA TAVARES DE MACEDO 155
2016,140,29,1,74,FELIPE PEIXOTO,1090,IGREJA DO SANTUARIO NACIONAL DAS ALMAS,RUA ALVARES DE AZEVEDO 237
2016,140,29,2,106,FELIPE PEIXOTO,1090,IGREJA DO SANTUARIO NACIONAL DAS ALMAS,RUA ALVARES DE AZEVEDO 237
2016,140,3,1,51,FELIPE PEIXOTO,1015,ESCOLA MUNICIPAL PROFESSOR PAULO DE ALMEIDA CAMPOS,"RUA PEREIRA DA SILVA, 50"
2016,140,3,2,74,FELIPE PEIXOTO,1015,ESCOLA MUNICIPAL PROFESSOR PAULO DE ALMEIDA CAMPOS,"RUA PEREIRA DA SILVA, 50"
2016,140,30,1,57,FELIPE PEIXOTO,1090,IGREJA DO SANTUARIO NACIONAL DAS ALMAS,RUA ALVARES DE AZEVEDO 237
2016,140,30,2,69,FELIPE PEIXOTO,1090,IGREJA DO SANTUARIO NACIONAL DAS ALMAS,RUA ALVARES DE AZEVEDO 237
2016,140,31,1,66,FELIPE PEIXOTO,1090,IGREJA DO SANTUARIO NACIONAL DAS ALMAS,RUA ALVARES DE AZEVEDO 237
2016,140,31,2,90,FELIPE PEIXOTO,1090,IGREJA DO SANTUARIO NACIONAL DAS ALMAS,RUA ALVARES DE AZEVEDO 237
2016,140,32,1,76,FELIPE PEIXOTO,1090,IGREJA DO SANTUARIO NACIONAL DAS ALMAS,RUA ALVARES DE AZEVEDO 237
2016,140,32,2,103,FELIPE PEIXOTO,1090,IGREJA DO SANTUARIO NACIONAL DAS ALMAS,RUA ALVARES DE AZEVEDO 237
2016,140,33,1,62,FELIPE PEIXOTO,1090,IGREJA DO SANTUARIO NACIONAL DAS ALMAS,RUA ALVARES DE AZEVEDO 237
2016,140,33,2,84,FELIPE PEIXOTO,1090,IGREJA DO SANTUARIO NACIONAL DAS ALMAS,RUA ALVARES DE AZEVEDO 237
2016,140,34,1,56,FELIPE PEIXOTO,1090,IGREJA DO SANTUARIO NACIONAL DAS ALMAS,RUA ALVARES DE AZEVEDO 237
2016,140,34,2,83,FELIPE PEIXOTO,1090,IGREJA DO SANTUARIO NACIONAL DAS ALMAS,RUA ALVARES DE AZEVEDO 237
2016,140,35,1,72,FELIPE PEIXOTO,1090,IGREJA DO SANTUARIO NACIONAL DAS ALMAS,RUA ALVARES DE AZEVEDO 237
2016,140,35,2,98,FELIPE PEIXOTO,1090,IGREJA DO SANTUARIO NACIONAL DAS ALMAS,RUA ALVARES DE AZEVEDO 237
2016,140,36,1,81,FELIPE PEIXOTO,1090,IGREJA DO SANTUARIO NACIONAL DAS ALMAS,RUA ALVARES DE AZEVEDO 237
2016,140,36,2,99,FELIPE PEIXOTO,1090,IGREJA DO SANTUARIO NACIONAL DAS ALMAS,RUA ALVARES DE AZEVEDO 237
2016,140,37,1,31,FELIPE PEIXOTO,1155,ESCOLA MUNICIPAL JÚLIA CORTINES,CAMPO DE SÃO BENTO S/N
2016,140,37,2,44,FELIPE PEIXOTO,1155,ESCOLA MUNICIPAL JÚLIA CORTINES,CAMPO DE SÃO BENTO S/N
2016,140,38,1,22,FELIPE PEIXOTO,1155,ESCOLA MUNICIPAL JÚLIA CORTINES,CAMPO DE SÃO BENTO S/N
2016,140,38,2,40,FELIPE PEIXOTO,1155,ESCOLA MUNICIPAL JÚLIA CORTINES,CAMPO DE SÃO BENTO S/N
2016,140,39,1,21,FELIPE PEIXOTO,1155,ESCOLA MUNICIPAL JÚLIA CORTINES,CAMPO DE SÃO BENTO S/N
2016,140,39,2,27,FELIPE PEIXOTO,1155,ESCOLA MUNICIPAL JÚLIA CORTINES,CAMPO DE SÃO BENTO S/N
2016,140,4,1,42,FELIPE PEIXOTO,1015,ESCOLA MUNICIPAL PROFESSOR PAULO DE ALMEIDA CAMPOS,"RUA PEREIRA DA SILVA, 50"
2016,140,4,2,63,FELIPE PEIXOTO,1015,ESCOLA MUNICIPAL PROFESSOR PAULO DE ALMEIDA CAMPOS,"RUA PEREIRA DA SILVA, 50"
2016,140,40,1,71,FELIPE PEIXOTO,1120,CLUBE CENTRAL,"AVENIDA JORNALISTA ALBERTO FRANCISCO TORRES,  335"
2016,140,40,2,110,FELIPE PEIXOTO,1120,CLUBE CENTRAL,"AVENIDA JORNALISTA ALBERTO FRANCISCO TORRES,  335"
2016,140,41,1,72,FELIPE PEIXOTO,1120,CLUBE CENTRAL,"AVENIDA JORNALISTA ALBERTO FRANCISCO TORRES,  335"
2016,140,41,2,91,FELIPE PEIXOTO,1120,CLUBE CENTRAL,"AVENIDA JORNALISTA ALBERTO FRANCISCO TORRES,  335"
2016,140,42,1,70,FELIPE PEIXOTO,1120,CLUBE CENTRAL,"AVENIDA JORNALISTA ALBERTO FRANCISCO TORRES,  335"
2016,140,42,2,98,FELIPE PEIXOTO,1120,CLUBE CENTRAL,"AVENIDA JORNALISTA ALBERTO FRANCISCO TORRES,  335"
2016,140,43,1,85,FELIPE PEIXOTO,1120,CLUBE CENTRAL,"AVENIDA JORNALISTA ALBERTO FRANCISCO TORRES,  335"
2016,140,43,2,108,FELIPE PEIXOTO,1120,CLUBE CENTRAL,"AVENIDA JORNALISTA ALBERTO FRANCISCO TORRES,  335"
2016,140,44,1,59,FELIPE PEIXOTO,1120,CLUBE CENTRAL,"AVENIDA JORNALISTA ALBERTO FRANCISCO TORRES,  335"
2016,140,44,2,81,FELIPE PEIXOTO,1120,CLUBE CENTRAL,"AVENIDA JORNALISTA ALBERTO FRANCISCO TORRES,  335"
2016,140,45,1,80,FELIPE PEIXOTO,1120,CLUBE CENTRAL,"AVENIDA JORNALISTA ALBERTO FRANCISCO TORRES,  335"
2016,140,45,2,100,FELIPE PEIXOTO,1120,CLUBE CENTRAL,"AVENIDA JORNALISTA ALBERTO FRANCISCO TORRES,  335"
2016,140,46,1,76,FELIPE PEIXOTO,1120,CLUBE CENTRAL,"AVENIDA JORNALISTA ALBERTO FRANCISCO TORRES,  335"
2016,140,46,2,88,FELIPE PEIXOTO,1120,CLUBE CENTRAL,"AVENIDA JORNALISTA ALBERTO FRANCISCO TORRES,  335"
2016,140,47,1,82,FELIPE PEIXOTO,1120,CLUBE CENTRAL,"AVENIDA JORNALISTA ALBERTO FRANCISCO TORRES,  335"
2016,140,47,2,103,FELIPE PEIXOTO,1120,CLUBE CENTRAL,"AVENIDA JORNALISTA ALBERTO FRANCISCO TORRES,  335"
2016,140,48,1,75,FELIPE PEIXOTO,1120,CLUBE CENTRAL,"AVENIDA JORNALISTA ALBERTO FRANCISCO TORRES,  335"
2016,140,48,2,95,FELIPE PEIXOTO,1120,CLUBE CENTRAL,"AVENIDA JORNALISTA ALBERTO FRANCISCO TORRES,  335"
2016,140,49,1,73,FELIPE PEIXOTO,1120,CLUBE CENTRAL,"AVENIDA JORNALISTA ALBERTO FRANCISCO TORRES,  335"
2016,140,49,2,101,FELIPE PEIXOTO,1120,CLUBE CENTRAL,"AVENIDA JORNALISTA ALBERTO FRANCISCO TORRES,  335"
2016,140,5,1,43,FELIPE PEIXOTO,1155,ESCOLA MUNICIPAL JÚLIA CORTINES,CAMPO DE SÃO BENTO S/N
2016,140,5,2,57,FELIPE PEIXOTO,1155,ESCOLA MUNICIPAL JÚLIA CORTINES,CAMPO DE SÃO BENTO S/N
2016,140,50,1,87,FELIPE PEIXOTO,1120,CLUBE CENTRAL,"AVENIDA JORNALISTA ALBERTO FRANCISCO TORRES,  335"
2016,140,50,2,107,FELIPE PEIXOTO,1120,CLUBE CENTRAL,"AVENIDA JORNALISTA ALBERTO FRANCISCO TORRES,  335"
2016,140,51,1,77,FELIPE PEIXOTO,1120,CLUBE CENTRAL,"AVENIDA JORNALISTA ALBERTO FRANCISCO TORRES,  335"
2016,140,51,2,107,FELIPE PEIXOTO,1120,CLUBE CENTRAL,"AVENIDA JORNALISTA ALBERTO FRANCISCO TORRES,  335"
2016,140,52,1,31,FELIPE PEIXOTO,1139,COLEGIO ESTADUAL JOAQUIM TAVORA,CAMPO DE SAO BENTO S/N
2016,140,52,2,52,FELIPE PEIXOTO,1139,COLEGIO ESTADUAL JOAQUIM TAVORA,CAMPO DE SAO BENTO S/N
2016,140,53,1,35,FELIPE PEIXOTO,1139,COLEGIO ESTADUAL JOAQUIM TAVORA,CAMPO DE SAO BENTO S/N
2016,140,53,2,56,FELIPE PEIXOTO,1139,COLEGIO ESTADUAL JOAQUIM TAVORA,CAMPO DE SAO BENTO S/N
2016,140,54,1,47,FELIPE PEIXOTO,1139,COLEGIO ESTADUAL JOAQUIM TAVORA,CAMPO DE SAO BENTO S/N
2016,140,54,2,60,FELIPE PEIXOTO,1139,COLEGIO ESTADUAL JOAQUIM TAVORA,CAMPO DE SAO BENTO S/N
2016,140,55,1,32,FELIPE PEIXOTO,1139,COLEGIO ESTADUAL JOAQUIM TAVORA,CAMPO DE SAO BENTO S/N
2016,140,55,2,42,FELIPE PEIXOTO,1139,COLEGIO ESTADUAL JOAQUIM TAVORA,CAMPO DE SAO BENTO S/N
2016,140,56,1,36,FELIPE PEIXOTO,1139,COLEGIO ESTADUAL JOAQUIM TAVORA,CAMPO DE SAO BENTO S/N
2016,140,56,2,50,FELIPE PEIXOTO,1139,COLEGIO ESTADUAL JOAQUIM TAVORA,CAMPO DE SAO BENTO S/N
2016,140,57,1,30,FELIPE PEIXOTO,1139,COLEGIO ESTADUAL JOAQUIM TAVORA,CAMPO DE SAO BENTO S/N
2016,140,57,2,53,FELIPE PEIXOTO,1139,COLEGIO ESTADUAL JOAQUIM TAVORA,CAMPO DE SAO BENTO S/N
2016,140,58,1,42,FELIPE PEIXOTO,1139,COLEGIO ESTADUAL JOAQUIM TAVORA,CAMPO DE SAO BENTO S/N
2016,140,58,2,58,FELIPE PEIXOTO,1139,COLEGIO ESTADUAL JOAQUIM TAVORA,CAMPO DE SAO BENTO S/N
2016,140,59,1,31,FELIPE PEIXOTO,1139,COLEGIO ESTADUAL JOAQUIM TAVORA,CAMPO DE SAO BENTO S/N
2016,140,59,2,49,FELIPE PEIXOTO,1139,COLEGIO ESTADUAL JOAQUIM TAVORA,CAMPO DE SAO BENTO S/N
2016,140,6,1,24,FELIPE PEIXOTO,1155,ESCOLA MUNICIPAL JÚLIA CORTINES,CAMPO DE SÃO BENTO S/N
2016,140,6,2,52,FELIPE PEIXOTO,1155,ESCOLA MUNICIPAL JÚLIA CORTINES,CAMPO DE SÃO BENTO S/N
2016,140,60,1,35,FELIPE PEIXOTO,1139,COLEGIO ESTADUAL JOAQUIM TAVORA,CAMPO DE SAO BENTO S/N
2016,140,60,2,59,FELIPE PEIXOTO,1139,COLEGIO ESTADUAL JOAQUIM TAVORA,CAMPO DE SAO BENTO S/N
2016,140,61,1,45,FELIPE PEIXOTO,1139,COLEGIO ESTADUAL JOAQUIM TAVORA,CAMPO DE SAO BENTO S/N
2016,140,61,2,59,FELIPE PEIXOTO,1139,COLEGIO ESTADUAL JOAQUIM TAVORA,CAMPO DE SAO BENTO S/N
2016,140,62,1,44,FELIPE PEIXOTO,1139,COLEGIO ESTADUAL JOAQUIM TAVORA,CAMPO DE SAO BENTO S/N
2016,140,62,2,62,FELIPE PEIXOTO,1139,COLEGIO ESTADUAL JOAQUIM TAVORA,CAMPO DE SAO BENTO S/N
2016,140,63,1,41,FELIPE PEIXOTO,1139,COLEGIO ESTADUAL JOAQUIM TAVORA,CAMPO DE SAO BENTO S/N
2016,140,63,2,53,FELIPE PEIXOTO,1139,COLEGIO ESTADUAL JOAQUIM TAVORA,CAMPO DE SAO BENTO S/N
2016,140,64,1,37,FELIPE PEIXOTO,1139,COLEGIO ESTADUAL JOAQUIM TAVORA,CAMPO DE SAO BENTO S/N
2016,140,64,2,46,FELIPE PEIXOTO,1139,COLEGIO ESTADUAL JOAQUIM TAVORA,CAMPO DE SAO BENTO S/N
2016,140,65,1,30,FELIPE PEIXOTO,1139,COLEGIO ESTADUAL JOAQUIM TAVORA,CAMPO DE SAO BENTO S/N
2016,140,65,2,53,FELIPE PEIXOTO,1139,COLEGIO ESTADUAL JOAQUIM TAVORA,CAMPO DE SAO BENTO S/N
2016,140,66,1,40,FELIPE PEIXOTO,1139,COLEGIO ESTADUAL JOAQUIM TAVORA,CAMPO DE SAO BENTO S/N
2016,140,66,2,59,FELIPE PEIXOTO,1139,COLEGIO ESTADUAL JOAQUIM TAVORA,CAMPO DE SAO BENTO S/N
2016,140,67,1,71,FELIPE PEIXOTO,1120,CLUBE CENTRAL,"AVENIDA JORNALISTA ALBERTO FRANCISCO TORRES,  335"
2016,140,67,2,99,FELIPE PEIXOTO,1120,CLUBE CENTRAL,"AVENIDA JORNALISTA ALBERTO FRANCISCO TORRES,  335"
2016,140,68,1,74,FELIPE PEIXOTO,1120,CLUBE CENTRAL,"AVENIDA JORNALISTA ALBERTO FRANCISCO TORRES,  335"
2016,140,68,2,103,FELIPE PEIXOTO,1120,CLUBE CENTRAL,"AVENIDA JORNALISTA ALBERTO FRANCISCO TORRES,  335"
2016,140,69,1,70,FELIPE PEIXOTO,1120,CLUBE CENTRAL,"AVENIDA JORNALISTA ALBERTO FRANCISCO TORRES,  335"
2016,140,69,2,98,FELIPE PEIXOTO,1120,CLUBE CENTRAL,"AVENIDA JORNALISTA ALBERTO FRANCISCO TORRES,  335"
2016,140,7,1,46,FELIPE PEIXOTO,1155,ESCOLA MUNICIPAL JÚLIA CORTINES,CAMPO DE SÃO BENTO S/N
2016,140,7,2,59,FELIPE PEIXOTO,1155,ESCOLA MUNICIPAL JÚLIA CORTINES,CAMPO DE SÃO BENTO S/N
2016,140,70,1,85,FELIPE PEIXOTO,1120,CLUBE CENTRAL,"AVENIDA JORNALISTA ALBERTO FRANCISCO TORRES,  335"
2016,140,70,2,111,FELIPE PEIXOTO,1120,CLUBE CENTRAL,"AVENIDA JORNALISTA ALBERTO FRANCISCO TORRES,  335"
2016,140,71,1,71,FELIPE PEIXOTO,1120,CLUBE CENTRAL,"AVENIDA JORNALISTA ALBERTO FRANCISCO TORRES,  335"
2016,140,71,2,84,FELIPE PEIXOTO,1120,CLUBE CENTRAL,"AVENIDA JORNALISTA ALBERTO FRANCISCO TORRES,  335"
2016,140,72,1,22,FELIPE PEIXOTO,1155,ESCOLA MUNICIPAL JÚLIA CORTINES,CAMPO DE SÃO BENTO S/N
2016,140,72,2,44,FELIPE PEIXOTO,1155,ESCOLA MUNICIPAL JÚLIA CORTINES,CAMPO DE SÃO BENTO S/N
2016,140,73,1,31,FELIPE PEIXOTO,1155,ESCOLA MUNICIPAL JÚLIA CORTINES,CAMPO DE SÃO BENTO S/N
2016,140,73,2,39,FELIPE PEIXOTO,1155,ESCOLA MUNICIPAL JÚLIA CORTINES,CAMPO DE SÃO BENTO S/N
2016,140,74,1,20,FELIPE PEIXOTO,1155,ESCOLA MUNICIPAL JÚLIA CORTINES,CAMPO DE SÃO BENTO S/N
2016,140,74,2,28,FELIPE PEIXOTO,1155,ESCOLA MUNICIPAL JÚLIA CORTINES,CAMPO DE SÃO BENTO S/N
2016,140,75,1,37,FELIPE PEIXOTO,1155,ESCOLA MUNICIPAL JÚLIA CORTINES,CAMPO DE SÃO BENTO S/N
2016,140,75,2,44,FELIPE PEIXOTO,1155,ESCOLA MUNICIPAL JÚLIA CORTINES,CAMPO DE SÃO BENTO S/N
2016,140,76,1,28,FELIPE PEIXOTO,1155,ESCOLA MUNICIPAL JÚLIA CORTINES,CAMPO DE SÃO BENTO S/N
2016,140,76,2,31,FELIPE PEIXOTO,1155,ESCOLA MUNICIPAL JÚLIA CORTINES,CAMPO DE SÃO BENTO S/N
2016,140,77,1,55,FELIPE PEIXOTO,1163,SOCIEDADE BRASILEIRA DE CULTURA INGLESA,RUA OTAVIO CARNEIRO 23
2016,140,77,2,102,FELIPE PEIXOTO,1163,SOCIEDADE BRASILEIRA DE CULTURA INGLESA,RUA OTAVIO CARNEIRO 23
2016,140,78,1,72,FELIPE PEIXOTO,1163,SOCIEDADE BRASILEIRA DE CULTURA INGLESA,RUA OTAVIO CARNEIRO 23
2016,140,78,2,107,FELIPE PEIXOTO,1163,SOCIEDADE BRASILEIRA DE CULTURA INGLESA,RUA OTAVIO CARNEIRO 23
2016,140,79,1,85,FELIPE PEIXOTO,1163,SOCIEDADE BRASILEIRA DE CULTURA INGLESA,RUA OTAVIO CARNEIRO 23
2016,140,79,2,105,FELIPE PEIXOTO,1163,SOCIEDADE BRASILEIRA DE CULTURA INGLESA,RUA OTAVIO CARNEIRO 23
2016,140,8,1,23,FELIPE PEIXOTO,1155,ESCOLA MUNICIPAL JÚLIA CORTINES,CAMPO DE SÃO BENTO S/N
2016,140,8,2,40,FELIPE PEIXOTO,1155,ESCOLA MUNICIPAL JÚLIA CORTINES,CAMPO DE SÃO BENTO S/N
2016,140,80,1,24,FELIPE PEIXOTO,1155,ESCOLA MUNICIPAL JÚLIA CORTINES,CAMPO DE SÃO BENTO S/N
2016,140,80,2,33,FELIPE PEIXOTO,1155,ESCOLA MUNICIPAL JÚLIA CORTINES,CAMPO DE SÃO BENTO S/N
2016,140,81,1,19,FELIPE PEIXOTO,1155,ESCOLA MUNICIPAL JÚLIA CORTINES,CAMPO DE SÃO BENTO S/N
2016,140,81,2,30,FELIPE PEIXOTO,1155,ESCOLA MUNICIPAL JÚLIA CORTINES,CAMPO DE SÃO BENTO S/N
2016,140,82,1,32,FELIPE PEIXOTO,1155,ESCOLA MUNICIPAL JÚLIA CORTINES,CAMPO DE SÃO BENTO S/N
2016,140,82,2,42,FELIPE PEIXOTO,1155,ESCOLA MUNICIPAL JÚLIA CORTINES,CAMPO DE SÃO BENTO S/N
2016,140,83,1,25,FELIPE PEIXOTO,1155,ESCOLA MUNICIPAL JÚLIA CORTINES,CAMPO DE SÃO BENTO S/N
2016,140,83,2,38,FELIPE PEIXOTO,1155,ESCOLA MUNICIPAL JÚLIA CORTINES,CAMPO DE SÃO BENTO S/N
2016,140,84,1,27,FELIPE PEIXOTO,1155,ESCOLA MUNICIPAL JÚLIA CORTINES,CAMPO DE SÃO BENTO S/N
2016,140,84,2,39,FELIPE PEIXOTO,1155,ESCOLA MUNICIPAL JÚLIA CORTINES,CAMPO DE SÃO BENTO S/N
2016,140,85,1,28,FELIPE PEIXOTO,1155,ESCOLA MUNICIPAL JÚLIA CORTINES,CAMPO DE SÃO BENTO S/N
2016,140,85,2,42,FELIPE PEIXOTO,1155,ESCOLA MUNICIPAL JÚLIA CORTINES,CAMPO DE SÃO BENTO S/N
2016,140,86,1,32,FELIPE PEIXOTO,1155,ESCOLA MUNICIPAL JÚLIA CORTINES,CAMPO DE SÃO BENTO S/N
2016,140,86,2,39,FELIPE PEIXOTO,1155,ESCOLA MUNICIPAL JÚLIA CORTINES,CAMPO DE SÃO BENTO S/N
2016,140,87,1,63,FELIPE PEIXOTO,1040,BANCO ITAU,RUA GAVIAO PEIXOTO 166
2016,140,87,2,81,FELIPE PEIXOTO,1040,BANCO ITAU,RUA GAVIAO PEIXOTO 166
2016,140,88,1,64,FELIPE PEIXOTO,1082,ESCOLA DIVINA PROVIDENCIA,RUA TAVARES DE MACEDO 155
2016,140,88,2,116,FELIPE PEIXOTO,1082,ESCOLA DIVINA PROVIDENCIA,RUA TAVARES DE MACEDO 155
2016,140,89,1,44,FELIPE PEIXOTO,1074,PH COLÉGIO,RUA ALVARES DE AZEVEDO 237
2016,140,89,2,54,FELIPE PEIXOTO,1074,PH COLÉGIO,RUA ALVARES DE AZEVEDO 237
2016,140,9,1,46,FELIPE PEIXOTO,1155,ESCOLA MUNICIPAL JÚLIA CORTINES,CAMPO DE SÃO BENTO S/N
2016,140,9,2,69,FELIPE PEIXOTO,1155,ESCOLA MUNICIPAL JÚLIA CORTINES,CAMPO DE SÃO BENTO S/N
2016,140,90,1,84,FELIPE PEIXOTO,1163,SOCIEDADE BRASILEIRA DE CULTURA INGLESA,RUA OTAVIO CARNEIRO 23
2016,140,90,2,107,FELIPE PEIXOTO,1163,SOCIEDADE BRASILEIRA DE CULTURA INGLESA,RUA OTAVIO CARNEIRO 23
2016,140,91,1,72,FELIPE PEIXOTO,1180,CENTRO MODERNO ALZIRA BITTENCOURT,"RUA MEM DE SÁ, 71"
2016,140,91,2,93,FELIPE PEIXOTO,1180,CENTRO MODERNO ALZIRA BITTENCOURT,"RUA MEM DE SÁ, 71"
2016,140,92,1,84,FELIPE PEIXOTO,1074,PH COLÉGIO,RUA ALVARES DE AZEVEDO 237
2016,140,92,2,111,FELIPE PEIXOTO,1074,PH COLÉGIO,RUA ALVARES DE AZEVEDO 237
2016,142,1,1,43,FELIPE PEIXOTO,1015,ESCOLA VIVINFÂNCIA,RUA GAVIÃO PEIXOTO 384
2016,142,1,2,64,FELIPE PEIXOTO,1015,ESCOLA VIVINFÂNCIA,RUA GAVIÃO PEIXOTO 384
2016,142,10,1,67,FELIPE PEIXOTO,1058,COLÉGIO MV1,RUA GAVIÃO PEIXOTO 398
2016,142,10,2,86,FELIPE PEIXOTO,1058,COLÉGIO MV1,RUA GAVIÃO PEIXOTO 398
2016,142,100,1,62,FELIPE PEIXOTO,1201,AABB,RUA HÉLIO DA SILVA CARNEIRO 78
2016,142,100,2,92,FELIPE PEIXOTO,1201,AABB,RUA HÉLIO DA SILVA CARNEIRO 78
2016,142,101,1,62,FELIPE PEIXOTO,1201,AABB,RUA HÉLIO DA SILVA CARNEIRO 78
2016,142,101,2,87,FELIPE PEIXOTO,1201,AABB,RUA HÉLIO DA SILVA CARNEIRO 78
2016,142,102,1,72,FELIPE PEIXOTO,1201,AABB,RUA HÉLIO DA SILVA CARNEIRO 78
2016,142,102,2,74,FELIPE PEIXOTO,1201,AABB,RUA HÉLIO DA SILVA CARNEIRO 78
2016,142,103,1,68,FELIPE PEIXOTO,1201,AABB,RUA HÉLIO DA SILVA CARNEIRO 78
2016,142,103,2,87,FELIPE PEIXOTO,1201,AABB,RUA HÉLIO DA SILVA CARNEIRO 78
2016,142,104,1,51,FELIPE PEIXOTO,1201,AABB,RUA HÉLIO DA SILVA CARNEIRO 78
2016,142,104,2,75,FELIPE PEIXOTO,1201,AABB,RUA HÉLIO DA SILVA CARNEIRO 78
2016,142,105,1,52,FELIPE PEIXOTO,1201,AABB,RUA HÉLIO DA SILVA CARNEIRO 78
2016,142,105,2,68,FELIPE PEIXOTO,1201,AABB,RUA HÉLIO DA SILVA CARNEIRO 78
2016,142,106,1,61,FELIPE PEIXOTO,1201,AABB,RUA HÉLIO DA SILVA CARNEIRO 78
2016,142,106,2,90,FELIPE PEIXOTO,1201,AABB,RUA HÉLIO DA SILVA CARNEIRO 78
2016,142,107,1,21,FELIPE PEIXOTO,1210,CIEP 449,AVENIDA CARLOS ERMELINDO MARINS S/N
2016,142,107,2,29,FELIPE PEIXOTO,1210,CIEP 449,AVENIDA CARLOS ERMELINDO MARINS S/N
2016,142,108,1,77,FELIPE PEIXOTO,1210,CIEP 449,AVENIDA CARLOS ERMELINDO MARINS S/N
2016,142,108,2,87,FELIPE PEIXOTO,1210,CIEP 449,AVENIDA CARLOS ERMELINDO MARINS S/N
2016,142,109,1,73,FELIPE PEIXOTO,1210,CIEP 449,AVENIDA CARLOS ERMELINDO MARINS S/N
2016,142,109,2,89,FELIPE PEIXOTO,1210,CIEP 449,AVENIDA CARLOS ERMELINDO MARINS S/N
2016,142,11,1,63,FELIPE PEIXOTO,1058,COLÉGIO MV1,RUA GAVIÃO PEIXOTO 398
2016,142,11,2,95,FELIPE PEIXOTO,1058,COLÉGIO MV1,RUA GAVIÃO PEIXOTO 398
2016,142,110,1,66,FELIPE PEIXOTO,1244,COLÉGIO ASSUNÇÃO,RUA GENERAL RONDON 842
2016,142,110,2,93,FELIPE PEIXOTO,1244,COLÉGIO ASSUNÇÃO,RUA GENERAL RONDON 842
2016,142,111,1,76,FELIPE PEIXOTO,1244,COLÉGIO ASSUNÇÃO,RUA GENERAL RONDON 842
2016,142,111,2,95,FELIPE PEIXOTO,1244,COLÉGIO ASSUNÇÃO,RUA GENERAL RONDON 842
2016,142,112,1,63,FELIPE PEIXOTO,1244,COLÉGIO ASSUNÇÃO,RUA GENERAL RONDON 842
2016,142,112,2,86,FELIPE PEIXOTO,1244,COLÉGIO ASSUNÇÃO,RUA GENERAL RONDON 842
2016,142,113,1,68,FELIPE PEIXOTO,1244,COLÉGIO ASSUNÇÃO,RUA GENERAL RONDON 842
2016,142,113,2,108,FELIPE PEIXOTO,1244,COLÉGIO ASSUNÇÃO,RUA GENERAL RONDON 842
2016,142,114,1,64,FELIPE PEIXOTO,1244,COLÉGIO ASSUNÇÃO,RUA GENERAL RONDON 842
2016,142,114,2,87,FELIPE PEIXOTO,1244,COLÉGIO ASSUNÇÃO,RUA GENERAL RONDON 842
2016,142,115,1,82,FELIPE PEIXOTO,1210,CIEP 449,AVENIDA CARLOS ERMELINDO MARINS S/N
2016,142,115,2,90,FELIPE PEIXOTO,1210,CIEP 449,AVENIDA CARLOS ERMELINDO MARINS S/N
2016,142,116,1,58,FELIPE PEIXOTO,1210,CIEP 449,AVENIDA CARLOS ERMELINDO MARINS S/N
2016,142,116,2,70,FELIPE PEIXOTO,1210,CIEP 449,AVENIDA CARLOS ERMELINDO MARINS S/N
2016,142,117,1,63,FELIPE PEIXOTO,1210,CIEP 449,AVENIDA CARLOS ERMELINDO MARINS S/N
2016,142,117,2,70,FELIPE PEIXOTO,1210,CIEP 449,AVENIDA CARLOS ERMELINDO MARINS S/N
2016,142,118,1,64,FELIPE PEIXOTO,1210,CIEP 449,AVENIDA CARLOS ERMELINDO MARINS S/N
2016,142,118,2,94,FELIPE PEIXOTO,1210,CIEP 449,AVENIDA CARLOS ERMELINDO MARINS S/N
2016,142,119,1,62,FELIPE PEIXOTO,1244,COLÉGIO ASSUNÇÃO,RUA GENERAL RONDON 842
2016,142,119,2,81,FELIPE PEIXOTO,1244,COLÉGIO ASSUNÇÃO,RUA GENERAL RONDON 842
2016,142,12,1,58,FELIPE PEIXOTO,1058,COLÉGIO MV1,RUA GAVIÃO PEIXOTO 398
2016,142,12,2,83,FELIPE PEIXOTO,1058,COLÉGIO MV1,RUA GAVIÃO PEIXOTO 398
2016,142,120,1,62,FELIPE PEIXOTO,1244,COLÉGIO ASSUNÇÃO,RUA GENERAL RONDON 842
2016,142,120,2,87,FELIPE PEIXOTO,1244,COLÉGIO ASSUNÇÃO,RUA GENERAL RONDON 842
2016,142,121,1,66,FELIPE PEIXOTO,1244,COLÉGIO ASSUNÇÃO,RUA GENERAL RONDON 842
2016,142,121,2,95,FELIPE PEIXOTO,1244,COLÉGIO ASSUNÇÃO,RUA GENERAL RONDON 842
2016,142,122,1,57,FELIPE PEIXOTO,1244,COLÉGIO ASSUNÇÃO,RUA GENERAL RONDON 842
2016,142,122,2,86,FELIPE PEIXOTO,1244,COLÉGIO ASSUNÇÃO,RUA GENERAL RONDON 842
2016,142,123,1,76,FELIPE PEIXOTO,1244,COLÉGIO ASSUNÇÃO,RUA GENERAL RONDON 842
2016,142,123,2,91,FELIPE PEIXOTO,1244,COLÉGIO ASSUNÇÃO,RUA GENERAL RONDON 842
2016,142,124,1,72,FELIPE PEIXOTO,1244,COLÉGIO ASSUNÇÃO,RUA GENERAL RONDON 842
2016,142,124,2,99,FELIPE PEIXOTO,1244,COLÉGIO ASSUNÇÃO,RUA GENERAL RONDON 842
2016,142,125,1,70,FELIPE PEIXOTO,1244,COLÉGIO ASSUNÇÃO,RUA GENERAL RONDON 842
2016,142,125,2,91,FELIPE PEIXOTO,1244,COLÉGIO ASSUNÇÃO,RUA GENERAL RONDON 842
2016,142,126,1,66,FELIPE PEIXOTO,1252,ESCOLA ESTADUAL CIZÍNIO SOARES PINTO,RUA PRESIDENTE ROOSEVELT 2
2016,142,126,2,70,FELIPE PEIXOTO,1252,ESCOLA ESTADUAL CIZÍNIO SOARES PINTO,RUA PRESIDENTE ROOSEVELT 2
2016,142,127,1,56,FELIPE PEIXOTO,1252,ESCOLA ESTADUAL CIZÍNIO SOARES PINTO,RUA PRESIDENTE ROOSEVELT 2
2016,142,127,2,72,FELIPE PEIXOTO,1252,ESCOLA ESTADUAL CIZÍNIO SOARES PINTO,RUA PRESIDENTE ROOSEVELT 2
2016,142,128,1,42,FELIPE PEIXOTO,1252,ESCOLA ESTADUAL CIZÍNIO SOARES PINTO,RUA PRESIDENTE ROOSEVELT 2
2016,142,128,2,49,FELIPE PEIXOTO,1252,ESCOLA ESTADUAL CIZÍNIO SOARES PINTO,RUA PRESIDENTE ROOSEVELT 2
2016,142,129,1,58,FELIPE PEIXOTO,1252,ESCOLA ESTADUAL CIZÍNIO SOARES PINTO,RUA PRESIDENTE ROOSEVELT 2
2016,142,129,2,78,FELIPE PEIXOTO,1252,ESCOLA ESTADUAL CIZÍNIO SOARES PINTO,RUA PRESIDENTE ROOSEVELT 2
2016,142,13,1,64,FELIPE PEIXOTO,1058,COLÉGIO MV1,RUA GAVIÃO PEIXOTO 398
2016,142,13,2,90,FELIPE PEIXOTO,1058,COLÉGIO MV1,RUA GAVIÃO PEIXOTO 398
2016,142,130,1,67,FELIPE PEIXOTO,1260,COLÉGIO GAY-LUSSAC,RUA MARIA CALDAS 35
2016,142,130,2,107,FELIPE PEIXOTO,1260,COLÉGIO GAY-LUSSAC,RUA MARIA CALDAS 35
2016,142,131,1,71,FELIPE PEIXOTO,1260,COLÉGIO GAY-LUSSAC,RUA MARIA CALDAS 35
2016,142,131,2,106,FELIPE PEIXOTO,1260,COLÉGIO GAY-LUSSAC,RUA MARIA CALDAS 35
2016,142,132,1,63,FELIPE PEIXOTO,1260,COLÉGIO GAY-LUSSAC,RUA MARIA CALDAS 35
2016,142,132,2,97,FELIPE PEIXOTO,1260,COLÉGIO GAY-LUSSAC,RUA MARIA CALDAS 35
2016,142,133,1,62,FELIPE PEIXOTO,1260,COLÉGIO GAY-LUSSAC,RUA MARIA CALDAS 35
2016,142,133,2,106,FELIPE PEIXOTO,1260,COLÉGIO GAY-LUSSAC,RUA MARIA CALDAS 35
2016,142,134,1,76,FELIPE PEIXOTO,1260,COLÉGIO GAY-LUSSAC,RUA MARIA CALDAS 35
2016,142,134,2,95,FELIPE PEIXOTO,1260,COLÉGIO GAY-LUSSAC,RUA MARIA CALDAS 35
2016,142,135,1,71,FELIPE PEIXOTO,1260,COLÉGIO GAY-LUSSAC,RUA MARIA CALDAS 35
2016,142,135,2,103,FELIPE PEIXOTO,1260,COLÉGIO GAY-LUSSAC,RUA MARIA CALDAS 35
2016,142,136,1,63,FELIPE PEIXOTO,1260,COLÉGIO GAY-LUSSAC,RUA MARIA CALDAS 35
2016,142,136,2,91,FELIPE PEIXOTO,1260,COLÉGIO GAY-LUSSAC,RUA MARIA CALDAS 35
2016,142,137,1,63,FELIPE PEIXOTO,1252,ESCOLA ESTADUAL CIZÍNIO SOARES PINTO,RUA PRESIDENTE ROOSEVELT 2
2016,142,137,2,74,FELIPE PEIXOTO,1252,ESCOLA ESTADUAL CIZÍNIO SOARES PINTO,RUA PRESIDENTE ROOSEVELT 2
2016,142,138,1,76,FELIPE PEIXOTO,1252,ESCOLA ESTADUAL CIZÍNIO SOARES PINTO,RUA PRESIDENTE ROOSEVELT 2
2016,142,138,2,83,FELIPE PEIXOTO,1252,ESCOLA ESTADUAL CIZÍNIO SOARES PINTO,RUA PRESIDENTE ROOSEVELT 2
2016,142,139,1,66,FELIPE PEIXOTO,1252,ESCOLA ESTADUAL CIZÍNIO SOARES PINTO,RUA PRESIDENTE ROOSEVELT 2
2016,142,139,2,68,FELIPE PEIXOTO,1252,ESCOLA ESTADUAL CIZÍNIO SOARES PINTO,RUA PRESIDENTE ROOSEVELT 2
2016,142,14,1,74,FELIPE PEIXOTO,1058,COLÉGIO MV1,RUA GAVIÃO PEIXOTO 398
2016,142,14,2,98,FELIPE PEIXOTO,1058,COLÉGIO MV1,RUA GAVIÃO PEIXOTO 398
2016,142,140,1,71,FELIPE PEIXOTO,1090,COLÉGIO PONTO DE ENSINO,RUA OSWALDO CRUZ 32
2016,142,140,2,92,FELIPE PEIXOTO,1090,COLÉGIO PONTO DE ENSINO,RUA OSWALDO CRUZ 32
2016,142,141,1,62,FELIPE PEIXOTO,1090,COLÉGIO PONTO DE ENSINO,RUA OSWALDO CRUZ 32
2016,142,141,2,81,FELIPE PEIXOTO,1090,COLÉGIO PONTO DE ENSINO,RUA OSWALDO CRUZ 32
2016,142,142,1,60,FELIPE PEIXOTO,1180,CLUBE NAVAL,AVENIDA CARLOS ERMELINDO MARINS 68
2016,142,142,2,82,FELIPE PEIXOTO,1180,CLUBE NAVAL,AVENIDA CARLOS ERMELINDO MARINS 68
2016,142,143,1,75,FELIPE PEIXOTO,1112,COLÉGIO GAUSS,AV. ALMIRANTE ARY PARREIRAS 73
2016,142,143,2,110,FELIPE PEIXOTO,1112,COLÉGIO GAUSS,AV. ALMIRANTE ARY PARREIRAS 73
2016,142,144,1,57,FELIPE PEIXOTO,1244,COLÉGIO ASSUNÇÃO,RUA GENERAL RONDON 842
2016,142,144,2,92,FELIPE PEIXOTO,1244,COLÉGIO ASSUNÇÃO,RUA GENERAL RONDON 842
2016,142,145,1,49,FELIPE PEIXOTO,1201,AABB,RUA HÉLIO DA SILVA CARNEIRO 78
2016,142,145,2,72,FELIPE PEIXOTO,1201,AABB,RUA HÉLIO DA SILVA CARNEIRO 78
2016,142,146,1,60,FELIPE PEIXOTO,1031,ÁGUAS DE NITERÓI,RUA LEMOS CUNHA 510
2016,142,146,2,76,FELIPE PEIXOTO,1031,ÁGUAS DE NITERÓI,RUA LEMOS CUNHA 510
2016,142,147,1,62,FELIPE PEIXOTO,1244,COLÉGIO ASSUNÇÃO,RUA GENERAL RONDON 842
2016,142,147,2,89,FELIPE PEIXOTO,1244,COLÉGIO ASSUNÇÃO,RUA GENERAL RONDON 842
2016,142,148,1,76,FELIPE PEIXOTO,1244,COLÉGIO ASSUNÇÃO,RUA GENERAL RONDON 842
2016,142,148,2,81,FELIPE PEIXOTO,1244,COLÉGIO ASSUNÇÃO,RUA GENERAL RONDON 842
2016,142,149,1,88,FELIPE PEIXOTO,1279,ESCOLA MUNICIPAL HELENA ANTIPOFF,RUA RUI BARBOSA 710
2016,142,149,2,85,FELIPE PEIXOTO,1279,ESCOLA MUNICIPAL HELENA ANTIPOFF,RUA RUI BARBOSA 710
2016,142,15,1,61,FELIPE PEIXOTO,1058,COLÉGIO MV1,RUA GAVIÃO PEIXOTO 398
2016,142,15,2,76,FELIPE PEIXOTO,1058,COLÉGIO MV1,RUA GAVIÃO PEIXOTO 398
2016,142,150,1,53,FELIPE PEIXOTO,1198,CENTRO DE ARTES E ESPORTES UNIFICADOS ISMAEL SILVA,"AV. CARLOS ERMELINDO MARINS, 34"
2016,142,150,2,77,FELIPE PEIXOTO,1198,CENTRO DE ARTES E ESPORTES UNIFICADOS ISMAEL SILVA,"AV. CARLOS ERMELINDO MARINS, 34"
2016,142,151,1,28,FELIPE PEIXOTO,1279,ESCOLA MUNICIPAL HELENA ANTIPOFF,RUA RUI BARBOSA 710
2016,142,151,2,40,FELIPE PEIXOTO,1279,ESCOLA MUNICIPAL HELENA ANTIPOFF,RUA RUI BARBOSA 710
2016,142,152,1,67,FELIPE PEIXOTO,1198,CENTRO DE ARTES E ESPORTES UNIFICADOS ISMAEL SILVA,"AV. CARLOS ERMELINDO MARINS, 34"
2016,142,152,2,83,FELIPE PEIXOTO,1198,CENTRO DE ARTES E ESPORTES UNIFICADOS ISMAEL SILVA,"AV. CARLOS ERMELINDO MARINS, 34"
2016,142,153,1,88,FELIPE PEIXOTO,1279,ESCOLA MUNICIPAL HELENA ANTIPOFF,RUA RUI BARBOSA 710
2016,142,153,2,89,FELIPE PEIXOTO,1279,ESCOLA MUNICIPAL HELENA ANTIPOFF,RUA RUI BARBOSA 710
2016,142,154,1,46,FELIPE PEIXOTO,1031,ÁGUAS DE NITERÓI,RUA LEMOS CUNHA 510
2016,142,154,2,77,FELIPE PEIXOTO,1031,ÁGUAS DE NITERÓI,RUA LEMOS CUNHA 510
2016,142,155,1,77,FELIPE PEIXOTO,1112,COLÉGIO GAUSS,AV. ALMIRANTE ARY PARREIRAS 73
2016,142,155,2,93,FELIPE PEIXOTO,1112,COLÉGIO GAUSS,AV. ALMIRANTE ARY PARREIRAS 73
2016,142,156,1,66,FELIPE PEIXOTO,1210,CIEP 449,AVENIDA CARLOS ERMELINDO MARINS S/N
2016,142,156,2,67,FELIPE PEIXOTO,1210,CIEP 449,AVENIDA CARLOS ERMELINDO MARINS S/N
2016,142,157,1,65,FELIPE PEIXOTO,1198,CENTRO DE ARTES E ESPORTES UNIFICADOS ISMAEL SILVA,"AV. CARLOS ERMELINDO MARINS, 34"
2016,142,157,2,72,FELIPE PEIXOTO,1198,CENTRO DE ARTES E ESPORTES UNIFICADOS ISMAEL SILVA,"AV. CARLOS ERMELINDO MARINS, 34"
2016,142,158,1,80,FELIPE PEIXOTO,1112,COLÉGIO GAUSS,AV. ALMIRANTE ARY PARREIRAS 73
2016,142,158,2,113,FELIPE PEIXOTO,1112,COLÉGIO GAUSS,AV. ALMIRANTE ARY PARREIRAS 73
2016,142,159,1,88,FELIPE PEIXOTO,1279,ESCOLA MUNICIPAL HELENA ANTIPOFF,RUA RUI BARBOSA 710
2016,142,159,2,94,FELIPE PEIXOTO,1279,ESCOLA MUNICIPAL HELENA ANTIPOFF,RUA RUI BARBOSA 710
2016,142,16,1,43,FELIPE PEIXOTO,1058,COLÉGIO MV1,RUA GAVIÃO PEIXOTO 398
2016,142,16,2,62,FELIPE PEIXOTO,1058,COLÉGIO MV1,RUA GAVIÃO PEIXOTO 398
2016,142,160,1,69,FELIPE PEIXOTO,1180,CLUBE NAVAL,AVENIDA CARLOS ERMELINDO MARINS 68
2016,142,160,2,89,FELIPE PEIXOTO,1180,CLUBE NAVAL,AVENIDA CARLOS ERMELINDO MARINS 68
2016,142,161,1,73,FELIPE PEIXOTO,1210,CIEP 449,AVENIDA CARLOS ERMELINDO MARINS S/N
2016,142,161,2,112,FELIPE PEIXOTO,1210,CIEP 449,AVENIDA CARLOS ERMELINDO MARINS S/N
2016,142,162,1,69,FELIPE PEIXOTO,1112,COLÉGIO GAUSS,AV. ALMIRANTE ARY PARREIRAS 73
2016,142,162,2,112,FELIPE PEIXOTO,1112,COLÉGIO GAUSS,AV. ALMIRANTE ARY PARREIRAS 73
2016,142,163,1,61,FELIPE PEIXOTO,1279,ESCOLA MUNICIPAL HELENA ANTIPOFF,RUA RUI BARBOSA 710
2016,142,163,2,66,FELIPE PEIXOTO,1279,ESCOLA MUNICIPAL HELENA ANTIPOFF,RUA RUI BARBOSA 710
2016,142,17,1,61,FELIPE PEIXOTO,1058,COLÉGIO MV1,RUA GAVIÃO PEIXOTO 398
2016,142,17,2,89,FELIPE PEIXOTO,1058,COLÉGIO MV1,RUA GAVIÃO PEIXOTO 398
2016,142,18,1,69,FELIPE PEIXOTO,1058,COLÉGIO MV1,RUA GAVIÃO PEIXOTO 398
2016,142,18,2,98,FELIPE PEIXOTO,1058,COLÉGIO MV1,RUA GAVIÃO PEIXOTO 398
2016,142,19,1,58,FELIPE PEIXOTO,1058,COLÉGIO MV1,RUA GAVIÃO PEIXOTO 398
2016,142,19,2,87,FELIPE PEIXOTO,1058,COLÉGIO MV1,RUA GAVIÃO PEIXOTO 398
2016,142,2,1,48,FELIPE PEIXOTO,1015,ESCOLA VIVINFÂNCIA,RUA GAVIÃO PEIXOTO 384
2016,142,2,2,87,FELIPE PEIXOTO,1015,ESCOLA VIVINFÂNCIA,RUA GAVIÃO PEIXOTO 384
2016,142,20,1,65,FELIPE PEIXOTO,1058,COLÉGIO MV1,RUA GAVIÃO PEIXOTO 398
2016,142,20,2,85,FELIPE PEIXOTO,1058,COLÉGIO MV1,RUA GAVIÃO PEIXOTO 398
2016,142,3,1,62,FELIPE PEIXOTO,1058,COLÉGIO MV1,RUA GAVIÃO PEIXOTO 398
2016,142,3,2,80,FELIPE PEIXOTO,1058,COLÉGIO MV1,RUA GAVIÃO PEIXOTO 398
2016,142,4,1,41,FELIPE PEIXOTO,1058,COLÉGIO MV1,RUA GAVIÃO PEIXOTO 398
2016,142,4,2,42,FELIPE PEIXOTO,1058,COLÉGIO MV1,RUA GAVIÃO PEIXOTO 398
2016,142,5,1,68,FELIPE PEIXOTO,1031,ÁGUAS DE NITERÓI,RUA LEMOS CUNHA 510
2016,142,5,2,72,FELIPE PEIXOTO,1031,ÁGUAS DE NITERÓI,RUA LEMOS CUNHA 510
2016,142,50,1,65,FELIPE PEIXOTO,1090,COLÉGIO PONTO DE ENSINO,RUA OSWALDO CRUZ 32
2016,142,50,2,83,FELIPE PEIXOTO,1090,COLÉGIO PONTO DE ENSINO,RUA OSWALDO CRUZ 32
2016,142,51,1,73,FELIPE PEIXOTO,1090,COLÉGIO PONTO DE ENSINO,RUA OSWALDO CRUZ 32
2016,142,51,2,110,FELIPE PEIXOTO,1090,COLÉGIO PONTO DE ENSINO,RUA OSWALDO CRUZ 32
2016,142,52,1,76,FELIPE PEIXOTO,1090,COLÉGIO PONTO DE ENSINO,RUA OSWALDO CRUZ 32
2016,142,52,2,97,FELIPE PEIXOTO,1090,COLÉGIO PONTO DE ENSINO,RUA OSWALDO CRUZ 32
2016,142,53,1,56,FELIPE PEIXOTO,1090,COLÉGIO PONTO DE ENSINO,RUA OSWALDO CRUZ 32
2016,142,53,2,91,FELIPE PEIXOTO,1090,COLÉGIO PONTO DE ENSINO,RUA OSWALDO CRUZ 32
2016,142,54,1,70,FELIPE PEIXOTO,1090,COLÉGIO PONTO DE ENSINO,RUA OSWALDO CRUZ 32
2016,142,54,2,102,FELIPE PEIXOTO,1090,COLÉGIO PONTO DE ENSINO,RUA OSWALDO CRUZ 32
2016,142,55,1,62,FELIPE PEIXOTO,1090,COLÉGIO PONTO DE ENSINO,RUA OSWALDO CRUZ 32
2016,142,55,2,101,FELIPE PEIXOTO,1090,COLÉGIO PONTO DE ENSINO,RUA OSWALDO CRUZ 32
2016,142,56,1,69,FELIPE PEIXOTO,1090,COLÉGIO PONTO DE ENSINO,RUA OSWALDO CRUZ 32
2016,142,56,2,96,FELIPE PEIXOTO,1090,COLÉGIO PONTO DE ENSINO,RUA OSWALDO CRUZ 32
2016,142,57,1,82,FELIPE PEIXOTO,1090,COLÉGIO PONTO DE ENSINO,RUA OSWALDO CRUZ 32
2016,142,57,2,101,FELIPE PEIXOTO,1090,COLÉGIO PONTO DE ENSINO,RUA OSWALDO CRUZ 32
2016,142,58,1,62,FELIPE PEIXOTO,1058,COLÉGIO MV1,RUA GAVIÃO PEIXOTO 398
2016,142,58,2,72,FELIPE PEIXOTO,1058,COLÉGIO MV1,RUA GAVIÃO PEIXOTO 398
2016,142,59,1,38,FELIPE PEIXOTO,1058,COLÉGIO MV1,RUA GAVIÃO PEIXOTO 398
2016,142,59,2,54,FELIPE PEIXOTO,1058,COLÉGIO MV1,RUA GAVIÃO PEIXOTO 398
2016,142,6,1,58,FELIPE PEIXOTO,1031,ÁGUAS DE NITERÓI,RUA LEMOS CUNHA 510
2016,142,6,2,87,FELIPE PEIXOTO,1031,ÁGUAS DE NITERÓI,RUA LEMOS CUNHA 510
2016,142,60,1,59,FELIPE PEIXOTO,1058,COLÉGIO MV1,RUA GAVIÃO PEIXOTO 398
2016,142,60,2,82,FELIPE PEIXOTO,1058,COLÉGIO MV1,RUA GAVIÃO PEIXOTO 398
2016,142,61,1,71,FELIPE PEIXOTO,1112,COLÉGIO GAUSS,AV. ALMIRANTE ARY PARREIRAS 73
2016,142,61,2,103,FELIPE PEIXOTO,1112,COLÉGIO GAUSS,AV. ALMIRANTE ARY PARREIRAS 73
2016,142,62,1,62,FELIPE PEIXOTO,1112,COLÉGIO GAUSS,AV. ALMIRANTE ARY PARREIRAS 73
2016,142,62,2,97,FELIPE PEIXOTO,1112,COLÉGIO GAUSS,AV. ALMIRANTE ARY PARREIRAS 73
2016,142,63,1,90,FELIPE PEIXOTO,1112,COLÉGIO GAUSS,AV. ALMIRANTE ARY PARREIRAS 73
2016,142,63,2,125,FELIPE PEIXOTO,1112,COLÉGIO GAUSS,AV. ALMIRANTE ARY PARREIRAS 73
2016,142,64,1,71,FELIPE PEIXOTO,1112,COLÉGIO GAUSS,AV. ALMIRANTE ARY PARREIRAS 73
2016,142,64,2,103,FELIPE PEIXOTO,1112,COLÉGIO GAUSS,AV. ALMIRANTE ARY PARREIRAS 73
2016,142,65,1,82,FELIPE PEIXOTO,1112,COLÉGIO GAUSS,AV. ALMIRANTE ARY PARREIRAS 73
2016,142,65,2,111,FELIPE PEIXOTO,1112,COLÉGIO GAUSS,AV. ALMIRANTE ARY PARREIRAS 73
2016,142,71,1,64,FELIPE PEIXOTO,1015,ESCOLA VIVINFÂNCIA,RUA GAVIÃO PEIXOTO 384
2016,142,71,2,90,FELIPE PEIXOTO,1015,ESCOLA VIVINFÂNCIA,RUA GAVIÃO PEIXOTO 384
2016,142,72,1,63,FELIPE PEIXOTO,1015,ESCOLA VIVINFÂNCIA,RUA GAVIÃO PEIXOTO 384
2016,142,72,2,97,FELIPE PEIXOTO,1015,ESCOLA VIVINFÂNCIA,RUA GAVIÃO PEIXOTO 384
2016,142,73,1,60,FELIPE PEIXOTO,1058,COLÉGIO MV1,RUA GAVIÃO PEIXOTO 398
2016,142,73,2,86,FELIPE PEIXOTO,1058,COLÉGIO MV1,RUA GAVIÃO PEIXOTO 398
2016,142,74,1,71,FELIPE PEIXOTO,1058,COLÉGIO MV1,RUA GAVIÃO PEIXOTO 398
2016,142,74,2,96,FELIPE PEIXOTO,1058,COLÉGIO MV1,RUA GAVIÃO PEIXOTO 398
2016,142,88,1,57,FELIPE PEIXOTO,1180,CLUBE NAVAL,AVENIDA CARLOS ERMELINDO MARINS 68
2016,142,88,2,80,FELIPE PEIXOTO,1180,CLUBE NAVAL,AVENIDA CARLOS ERMELINDO MARINS 68
2016,142,89,1,64,FELIPE PEIXOTO,1180,CLUBE NAVAL,AVENIDA CARLOS ERMELINDO MARINS 68
2016,142,89,2,79,FELIPE PEIXOTO,1180,CLUBE NAVAL,AVENIDA CARLOS ERMELINDO MARINS 68
2016,142,90,1,63,FELIPE PEIXOTO,1180,CLUBE NAVAL,AVENIDA CARLOS ERMELINDO MARINS 68
2016,142,90,2,83,FELIPE PEIXOTO,1180,CLUBE NAVAL,AVENIDA CARLOS ERMELINDO MARINS 68
2016,142,91,1,62,FELIPE PEIXOTO,1180,CLUBE NAVAL,AVENIDA CARLOS ERMELINDO MARINS 68
2016,142,91,2,86,FELIPE PEIXOTO,1180,CLUBE NAVAL,AVENIDA CARLOS ERMELINDO MARINS 68
2016,142,92,1,76,FELIPE PEIXOTO,1180,CLUBE NAVAL,AVENIDA CARLOS ERMELINDO MARINS 68
2016,142,92,2,95,FELIPE PEIXOTO,1180,CLUBE NAVAL,AVENIDA CARLOS ERMELINDO MARINS 68
2016,142,93,1,66,FELIPE PEIXOTO,1180,CLUBE NAVAL,AVENIDA CARLOS ERMELINDO MARINS 68
2016,142,93,2,79,FELIPE PEIXOTO,1180,CLUBE NAVAL,AVENIDA CARLOS ERMELINDO MARINS 68
2016,142,94,1,65,FELIPE PEIXOTO,1180,CLUBE NAVAL,AVENIDA CARLOS ERMELINDO MARINS 68
2016,142,94,2,89,FELIPE PEIXOTO,1180,CLUBE NAVAL,AVENIDA CARLOS ERMELINDO MARINS 68
2016,142,95,1,66,FELIPE PEIXOTO,1180,CLUBE NAVAL,AVENIDA CARLOS ERMELINDO MARINS 68
2016,142,95,2,86,FELIPE PEIXOTO,1180,CLUBE NAVAL,AVENIDA CARLOS ERMELINDO MARINS 68
2016,142,96,1,52,FELIPE PEIXOTO,1198,CENTRO DE ARTES E ESPORTES UNIFICADOS ISMAEL SILVA,"AV. CARLOS ERMELINDO MARINS, 34"
2016,142,96,2,70,FELIPE PEIXOTO,1198,CENTRO DE ARTES E ESPORTES UNIFICADOS ISMAEL SILVA,"AV. CARLOS ERMELINDO MARINS, 34"
2016,142,97,1,65,FELIPE PEIXOTO,1198,CENTRO DE ARTES E ESPORTES UNIFICADOS ISMAEL SILVA,"AV. CARLOS ERMELINDO MARINS, 34"
2016,142,97,2,90,FELIPE PEIXOTO,1198,CENTRO DE ARTES E ESPORTES UNIFICADOS ISMAEL SILVA,"AV. CARLOS ERMELINDO MARINS, 34"
2016,142,98,1,50,FELIPE PEIXOTO,1198,CENTRO DE ARTES E ESPORTES UNIFICADOS ISMAEL SILVA,"AV. CARLOS ERMELINDO MARINS, 34"
2016,142,98,2,80,FELIPE PEIXOTO,1198,CENTRO DE ARTES E ESPORTES UNIFICADOS ISMAEL SILVA,"AV. CARLOS ERMELINDO MARINS, 34"
2016,142,99,1,60,FELIPE PEIXOTO,1198,CENTRO DE ARTES E ESPORTES UNIFICADOS ISMAEL SILVA,"AV. CARLOS ERMELINDO MARINS, 34"
2016,142,99,2,67,FELIPE PEIXOTO,1198,CENTRO DE ARTES E ESPORTES UNIFICADOS ISMAEL SILVA,"AV. CARLOS ERMELINDO MARINS, 34"
2016,143,1,1,57,FELIPE PEIXOTO,1082,ESCOLA ESTADUAL MACHADO DE ASSIS,RUA DESEMBARGADOR LIMA CASTRO 97
2016,143,1,2,79,FELIPE PEIXOTO,1082,ESCOLA ESTADUAL MACHADO DE ASSIS,RUA DESEMBARGADOR LIMA CASTRO 97
2016,143,10,1,44,FELIPE PEIXOTO,1147,ESCOLA MUNICIPAL PROFESSOR PAULO FREIRE,RUA SOARES DE MIRANDA 77
2016,143,10,2,53,FELIPE PEIXOTO,1147,ESCOLA MUNICIPAL PROFESSOR PAULO FREIRE,RUA SOARES DE MIRANDA 77
2016,143,100,1,77,FELIPE PEIXOTO,1180,SERVICO DE ASSISTENCIA SOCIAL SAO DOMINGOS SAVIO,RUA MARTINS TORRES 223
2016,143,100,2,113,FELIPE PEIXOTO,1180,SERVICO DE ASSISTENCIA SOCIAL SAO DOMINGOS SAVIO,RUA MARTINS TORRES 223
2016,143,101,1,82,FELIPE PEIXOTO,1074,ESCOLA ESTADUAL DOUTOR JAYME MEMORIA,RUA NORONHA TORREZAO 625
2016,143,101,2,111,FELIPE PEIXOTO,1074,ESCOLA ESTADUAL DOUTOR JAYME MEMORIA,RUA NORONHA TORREZAO 625
2016,143,102,1,64,FELIPE PEIXOTO,1058,INSTITUTO SÃO BENTO DE NITEROI,RUA VEREADOR DUQUE ESTRADA 28
2016,143,102,2,85,FELIPE PEIXOTO,1058,INSTITUTO SÃO BENTO DE NITEROI,RUA VEREADOR DUQUE ESTRADA 28
2016,143,103,1,62,FELIPE PEIXOTO,1058,INSTITUTO SÃO BENTO DE NITEROI,RUA VEREADOR DUQUE ESTRADA 28
2016,143,103,2,83,FELIPE PEIXOTO,1058,INSTITUTO SÃO BENTO DE NITEROI,RUA VEREADOR DUQUE ESTRADA 28
2016,143,104,1,56,FELIPE PEIXOTO,1198,LBV LEGIÃO DA BOA VONTADE,ALAMEDA SÃO BOAVENTURA 474
2016,143,104,2,84,FELIPE PEIXOTO,1198,LBV LEGIÃO DA BOA VONTADE,ALAMEDA SÃO BOAVENTURA 474
2016,143,105,1,98,FELIPE PEIXOTO,1058,INSTITUTO SÃO BENTO DE NITEROI,RUA VEREADOR DUQUE ESTRADA 28
2016,143,105,2,90,FELIPE PEIXOTO,1058,INSTITUTO SÃO BENTO DE NITEROI,RUA VEREADOR DUQUE ESTRADA 28
2016,143,106,1,48,FELIPE PEIXOTO,1180,SERVICO DE ASSISTENCIA SOCIAL SAO DOMINGOS SAVIO,RUA MARTINS TORRES 223
2016,143,106,2,65,FELIPE PEIXOTO,1180,SERVICO DE ASSISTENCIA SOCIAL SAO DOMINGOS SAVIO,RUA MARTINS TORRES 223
2016,143,107,1,6,FELIPE PEIXOTO,1201,ESCOLA MUNICIPAL SEBASTIANA GONÇALVES PINHO,ESTRADA VIÇOSO JARDIM S/N
2016,143,107,2,7,FELIPE PEIXOTO,1201,ESCOLA MUNICIPAL SEBASTIANA GONÇALVES PINHO,ESTRADA VIÇOSO JARDIM S/N
2016,143,108,1,24,FELIPE PEIXOTO,1082,ESCOLA ESTADUAL MACHADO DE ASSIS,RUA DESEMBARGADOR LIMA CASTRO 97
2016,143,108,2,25,FELIPE PEIXOTO,1082,ESCOLA ESTADUAL MACHADO DE ASSIS,RUA DESEMBARGADOR LIMA CASTRO 97
2016,143,11,1,62,FELIPE PEIXOTO,1147,ESCOLA MUNICIPAL PROFESSOR PAULO FREIRE,RUA SOARES DE MIRANDA 77
2016,143,11,2,64,FELIPE PEIXOTO,1147,ESCOLA MUNICIPAL PROFESSOR PAULO FREIRE,RUA SOARES DE MIRANDA 77
2016,143,12,1,58,FELIPE PEIXOTO,1112,ESCOLA ESTADUAL HILARIO RIBEIRO,ALAMEDA SAO BOAVENTURA 794
2016,143,12,2,70,FELIPE PEIXOTO,1112,ESCOLA ESTADUAL HILARIO RIBEIRO,ALAMEDA SAO BOAVENTURA 794
2016,143,14,1,61,FELIPE PEIXOTO,1112,ESCOLA ESTADUAL HILARIO RIBEIRO,ALAMEDA SAO BOAVENTURA 794
2016,143,14,2,80,FELIPE PEIXOTO,1112,ESCOLA ESTADUAL HILARIO RIBEIRO,ALAMEDA SAO BOAVENTURA 794
2016,143,15,1,81,FELIPE PEIXOTO,1058,INSTITUTO SÃO BENTO DE NITEROI,RUA VEREADOR DUQUE ESTRADA 28
2016,143,15,2,91,FELIPE PEIXOTO,1058,INSTITUTO SÃO BENTO DE NITEROI,RUA VEREADOR DUQUE ESTRADA 28
2016,143,16,1,58,FELIPE PEIXOTO,1058,INSTITUTO SÃO BENTO DE NITEROI,RUA VEREADOR DUQUE ESTRADA 28
2016,143,16,2,89,FELIPE PEIXOTO,1058,INSTITUTO SÃO BENTO DE NITEROI,RUA VEREADOR DUQUE ESTRADA 28
2016,143,17,1,65,FELIPE PEIXOTO,1058,INSTITUTO SÃO BENTO DE NITEROI,RUA VEREADOR DUQUE ESTRADA 28
2016,143,17,2,87,FELIPE PEIXOTO,1058,INSTITUTO SÃO BENTO DE NITEROI,RUA VEREADOR DUQUE ESTRADA 28
2016,143,18,1,58,FELIPE PEIXOTO,1082,ESCOLA ESTADUAL MACHADO DE ASSIS,RUA DESEMBARGADOR LIMA CASTRO 97
2016,143,18,2,83,FELIPE PEIXOTO,1082,ESCOLA ESTADUAL MACHADO DE ASSIS,RUA DESEMBARGADOR LIMA CASTRO 97
2016,143,19,1,62,FELIPE PEIXOTO,1082,ESCOLA ESTADUAL MACHADO DE ASSIS,RUA DESEMBARGADOR LIMA CASTRO 97
2016,143,19,2,70,FELIPE PEIXOTO,1082,ESCOLA ESTADUAL MACHADO DE ASSIS,RUA DESEMBARGADOR LIMA CASTRO 97
2016,143,2,1,59,FELIPE PEIXOTO,1082,ESCOLA ESTADUAL MACHADO DE ASSIS,RUA DESEMBARGADOR LIMA CASTRO 97
2016,143,2,2,86,FELIPE PEIXOTO,1082,ESCOLA ESTADUAL MACHADO DE ASSIS,RUA DESEMBARGADOR LIMA CASTRO 97
2016,143,20,1,72,FELIPE PEIXOTO,1074,ESCOLA ESTADUAL DOUTOR JAYME MEMORIA,RUA NORONHA TORREZAO 625
2016,143,20,2,78,FELIPE PEIXOTO,1074,ESCOLA ESTADUAL DOUTOR JAYME MEMORIA,RUA NORONHA TORREZAO 625
2016,143,21,1,81,FELIPE PEIXOTO,1074,ESCOLA ESTADUAL DOUTOR JAYME MEMORIA,RUA NORONHA TORREZAO 625
2016,143,21,2,95,FELIPE PEIXOTO,1074,ESCOLA ESTADUAL DOUTOR JAYME MEMORIA,RUA NORONHA TORREZAO 625
2016,143,22,1,73,FELIPE PEIXOTO,1074,ESCOLA ESTADUAL DOUTOR JAYME MEMORIA,RUA NORONHA TORREZAO 625
2016,143,22,2,89,FELIPE PEIXOTO,1074,ESCOLA ESTADUAL DOUTOR JAYME MEMORIA,RUA NORONHA TORREZAO 625
2016,143,23,1,77,FELIPE PEIXOTO,1074,ESCOLA ESTADUAL DOUTOR JAYME MEMORIA,RUA NORONHA TORREZAO 625
2016,143,23,2,82,FELIPE PEIXOTO,1074,ESCOLA ESTADUAL DOUTOR JAYME MEMORIA,RUA NORONHA TORREZAO 625
2016,143,24,1,77,FELIPE PEIXOTO,1074,ESCOLA ESTADUAL DOUTOR JAYME MEMORIA,RUA NORONHA TORREZAO 625
2016,143,24,2,94,FELIPE PEIXOTO,1074,ESCOLA ESTADUAL DOUTOR JAYME MEMORIA,RUA NORONHA TORREZAO 625
2016,143,25,1,84,FELIPE PEIXOTO,1074,ESCOLA ESTADUAL DOUTOR JAYME MEMORIA,RUA NORONHA TORREZAO 625
2016,143,25,2,102,FELIPE PEIXOTO,1074,ESCOLA ESTADUAL DOUTOR JAYME MEMORIA,RUA NORONHA TORREZAO 625
2016,143,26,1,59,FELIPE PEIXOTO,1074,ESCOLA ESTADUAL DOUTOR JAYME MEMORIA,RUA NORONHA TORREZAO 625
2016,143,26,2,70,FELIPE PEIXOTO,1074,ESCOLA ESTADUAL DOUTOR JAYME MEMORIA,RUA NORONHA TORREZAO 625
2016,143,27,1,76,FELIPE PEIXOTO,1074,ESCOLA ESTADUAL DOUTOR JAYME MEMORIA,RUA NORONHA TORREZAO 625
2016,143,27,2,103,FELIPE PEIXOTO,1074,ESCOLA ESTADUAL DOUTOR JAYME MEMORIA,RUA NORONHA TORREZAO 625
2016,143,28,1,65,FELIPE PEIXOTO,1082,ESCOLA ESTADUAL MACHADO DE ASSIS,RUA DESEMBARGADOR LIMA CASTRO 97
2016,143,28,2,80,FELIPE PEIXOTO,1082,ESCOLA ESTADUAL MACHADO DE ASSIS,RUA DESEMBARGADOR LIMA CASTRO 97
2016,143,29,1,66,FELIPE PEIXOTO,1082,ESCOLA ESTADUAL MACHADO DE ASSIS,RUA DESEMBARGADOR LIMA CASTRO 97
2016,143,29,2,76,FELIPE PEIXOTO,1082,ESCOLA ESTADUAL MACHADO DE ASSIS,RUA DESEMBARGADOR LIMA CASTRO 97
2016,143,3,1,71,FELIPE PEIXOTO,1082,ESCOLA ESTADUAL MACHADO DE ASSIS,RUA DESEMBARGADOR LIMA CASTRO 97
2016,143,3,2,90,FELIPE PEIXOTO,1082,ESCOLA ESTADUAL MACHADO DE ASSIS,RUA DESEMBARGADOR LIMA CASTRO 97
2016,143,30,1,58,FELIPE PEIXOTO,1082,ESCOLA ESTADUAL MACHADO DE ASSIS,RUA DESEMBARGADOR LIMA CASTRO 97
2016,143,30,2,74,FELIPE PEIXOTO,1082,ESCOLA ESTADUAL MACHADO DE ASSIS,RUA DESEMBARGADOR LIMA CASTRO 97
2016,143,31,1,61,FELIPE PEIXOTO,1082,ESCOLA ESTADUAL MACHADO DE ASSIS,RUA DESEMBARGADOR LIMA CASTRO 97
2016,143,31,2,84,FELIPE PEIXOTO,1082,ESCOLA ESTADUAL MACHADO DE ASSIS,RUA DESEMBARGADOR LIMA CASTRO 97
2016,143,32,1,65,FELIPE PEIXOTO,1198,LBV LEGIÃO DA BOA VONTADE,ALAMEDA SÃO BOAVENTURA 474
2016,143,32,2,81,FELIPE PEIXOTO,1198,LBV LEGIÃO DA BOA VONTADE,ALAMEDA SÃO BOAVENTURA 474
2016,143,33,1,58,FELIPE PEIXOTO,1198,LBV LEGIÃO DA BOA VONTADE,ALAMEDA SÃO BOAVENTURA 474
2016,143,33,2,69,FELIPE PEIXOTO,1198,LBV LEGIÃO DA BOA VONTADE,ALAMEDA SÃO BOAVENTURA 474
2016,143,34,1,38,FELIPE PEIXOTO,1198,LBV LEGIÃO DA BOA VONTADE,ALAMEDA SÃO BOAVENTURA 474
2016,143,34,2,50,FELIPE PEIXOTO,1198,LBV LEGIÃO DA BOA VONTADE,ALAMEDA SÃO BOAVENTURA 474
2016,143,35,1,44,FELIPE PEIXOTO,1120,ESCOLA ESTADUAL JOSE BONIFACIO,RUA CARLOS MAXIMIANO 20
2016,143,35,2,73,FELIPE PEIXOTO,1120,ESCOLA ESTADUAL JOSE BONIFACIO,RUA CARLOS MAXIMIANO 20
2016,143,36,1,52,FELIPE PEIXOTO,1147,ESCOLA MUNICIPAL PROFESSOR PAULO FREIRE,RUA SOARES DE MIRANDA 77
2016,143,36,2,64,FELIPE PEIXOTO,1147,ESCOLA MUNICIPAL PROFESSOR PAULO FREIRE,RUA SOARES DE MIRANDA 77
2016,143,37,1,44,FELIPE PEIXOTO,1147,ESCOLA MUNICIPAL PROFESSOR PAULO FREIRE,RUA SOARES DE MIRANDA 77
2016,143,37,2,52,FELIPE PEIXOTO,1147,ESCOLA MUNICIPAL PROFESSOR PAULO FREIRE,RUA SOARES DE MIRANDA 77
2016,143,38,1,55,FELIPE PEIXOTO,1147,ESCOLA MUNICIPAL PROFESSOR PAULO FREIRE,RUA SOARES DE MIRANDA 77
2016,143,38,2,60,FELIPE PEIXOTO,1147,ESCOLA MUNICIPAL PROFESSOR PAULO FREIRE,RUA SOARES DE MIRANDA 77
2016,143,4,1,62,FELIPE PEIXOTO,1058,INSTITUTO SÃO BENTO DE NITEROI,RUA VEREADOR DUQUE ESTRADA 28
2016,143,4,2,90,FELIPE PEIXOTO,1058,INSTITUTO SÃO BENTO DE NITEROI,RUA VEREADOR DUQUE ESTRADA 28
2016,143,40,1,53,FELIPE PEIXOTO,1112,ESCOLA ESTADUAL HILARIO RIBEIRO,ALAMEDA SAO BOAVENTURA 794
2016,143,40,2,83,FELIPE PEIXOTO,1112,ESCOLA ESTADUAL HILARIO RIBEIRO,ALAMEDA SAO BOAVENTURA 794
2016,143,42,1,66,FELIPE PEIXOTO,1112,ESCOLA ESTADUAL HILARIO RIBEIRO,ALAMEDA SAO BOAVENTURA 794
2016,143,42,2,77,FELIPE PEIXOTO,1112,ESCOLA ESTADUAL HILARIO RIBEIRO,ALAMEDA SAO BOAVENTURA 794
2016,143,44,1,56,FELIPE PEIXOTO,1120,ESCOLA ESTADUAL JOSE BONIFACIO,RUA CARLOS MAXIMIANO 20
2016,143,44,2,51,FELIPE PEIXOTO,1120,ESCOLA ESTADUAL JOSE BONIFACIO,RUA CARLOS MAXIMIANO 20
2016,143,45,1,51,FELIPE PEIXOTO,1120,ESCOLA ESTADUAL JOSE BONIFACIO,RUA CARLOS MAXIMIANO 20
2016,143,45,2,63,FELIPE PEIXOTO,1120,ESCOLA ESTADUAL JOSE BONIFACIO,RUA CARLOS MAXIMIANO 20
2016,143,46,1,54,FELIPE PEIXOTO,1120,ESCOLA ESTADUAL JOSE BONIFACIO,RUA CARLOS MAXIMIANO 20
2016,143,46,2,64,FELIPE PEIXOTO,1120,ESCOLA ESTADUAL JOSE BONIFACIO,RUA CARLOS MAXIMIANO 20
2016,143,47,1,63,FELIPE PEIXOTO,1120,ESCOLA ESTADUAL JOSE BONIFACIO,RUA CARLOS MAXIMIANO 20
2016,143,47,2,76,FELIPE PEIXOTO,1120,ESCOLA ESTADUAL JOSE BONIFACIO,RUA CARLOS MAXIMIANO 20
2016,143,48,1,65,FELIPE PEIXOTO,1120,ESCOLA ESTADUAL JOSE BONIFACIO,RUA CARLOS MAXIMIANO 20
2016,143,48,2,87,FELIPE PEIXOTO,1120,ESCOLA ESTADUAL JOSE BONIFACIO,RUA CARLOS MAXIMIANO 20
2016,143,49,1,58,FELIPE PEIXOTO,1120,ESCOLA ESTADUAL JOSE BONIFACIO,RUA CARLOS MAXIMIANO 20
2016,143,49,2,75,FELIPE PEIXOTO,1120,ESCOLA ESTADUAL JOSE BONIFACIO,RUA CARLOS MAXIMIANO 20
2016,143,5,1,73,FELIPE PEIXOTO,1058,INSTITUTO SÃO BENTO DE NITEROI,RUA VEREADOR DUQUE ESTRADA 28
2016,143,5,2,90,FELIPE PEIXOTO,1058,INSTITUTO SÃO BENTO DE NITEROI,RUA VEREADOR DUQUE ESTRADA 28
2016,143,50,1,58,FELIPE PEIXOTO,1120,ESCOLA ESTADUAL JOSE BONIFACIO,RUA CARLOS MAXIMIANO 20
2016,143,50,2,67,FELIPE PEIXOTO,1120,ESCOLA ESTADUAL JOSE BONIFACIO,RUA CARLOS MAXIMIANO 20
2016,143,51,1,49,FELIPE PEIXOTO,1120,ESCOLA ESTADUAL JOSE BONIFACIO,RUA CARLOS MAXIMIANO 20
2016,143,51,2,64,FELIPE PEIXOTO,1120,ESCOLA ESTADUAL JOSE BONIFACIO,RUA CARLOS MAXIMIANO 20
2016,143,52,1,38,FELIPE PEIXOTO,1120,ESCOLA ESTADUAL JOSE BONIFACIO,RUA CARLOS MAXIMIANO 20
2016,143,52,2,73,FELIPE PEIXOTO,1120,ESCOLA ESTADUAL JOSE BONIFACIO,RUA CARLOS MAXIMIANO 20
2016,143,53,1,58,FELIPE PEIXOTO,1120,ESCOLA ESTADUAL JOSE BONIFACIO,RUA CARLOS MAXIMIANO 20
2016,143,53,2,83,FELIPE PEIXOTO,1120,ESCOLA ESTADUAL JOSE BONIFACIO,RUA CARLOS MAXIMIANO 20
2016,143,54,1,26,FELIPE PEIXOTO,1112,ESCOLA ESTADUAL HILARIO RIBEIRO,ALAMEDA SAO BOAVENTURA 794
2016,143,54,2,35,FELIPE PEIXOTO,1112,ESCOLA ESTADUAL HILARIO RIBEIRO,ALAMEDA SAO BOAVENTURA 794
2016,143,55,1,30,FELIPE PEIXOTO,1112,ESCOLA ESTADUAL HILARIO RIBEIRO,ALAMEDA SAO BOAVENTURA 794
2016,143,55,2,48,FELIPE PEIXOTO,1112,ESCOLA ESTADUAL HILARIO RIBEIRO,ALAMEDA SAO BOAVENTURA 794
2016,143,56,1,35,FELIPE PEIXOTO,1112,ESCOLA ESTADUAL HILARIO RIBEIRO,ALAMEDA SAO BOAVENTURA 794
2016,143,56,2,35,FELIPE PEIXOTO,1112,ESCOLA ESTADUAL HILARIO RIBEIRO,ALAMEDA SAO BOAVENTURA 794
2016,143,57,1,23,FELIPE PEIXOTO,1112,ESCOLA ESTADUAL HILARIO RIBEIRO,ALAMEDA SAO BOAVENTURA 794
2016,143,57,2,33,FELIPE PEIXOTO,1112,ESCOLA ESTADUAL HILARIO RIBEIRO,ALAMEDA SAO BOAVENTURA 794
2016,143,58,1,50,FELIPE PEIXOTO,1147,ESCOLA MUNICIPAL PROFESSOR PAULO FREIRE,RUA SOARES DE MIRANDA 77
2016,143,58,2,54,FELIPE PEIXOTO,1147,ESCOLA MUNICIPAL PROFESSOR PAULO FREIRE,RUA SOARES DE MIRANDA 77
2016,143,59,1,47,FELIPE PEIXOTO,1147,ESCOLA MUNICIPAL PROFESSOR PAULO FREIRE,RUA SOARES DE MIRANDA 77
2016,143,59,2,60,FELIPE PEIXOTO,1147,ESCOLA MUNICIPAL PROFESSOR PAULO FREIRE,RUA SOARES DE MIRANDA 77
2016,143,6,1,69,FELIPE PEIXOTO,1058,INSTITUTO SÃO BENTO DE NITEROI,RUA VEREADOR DUQUE ESTRADA 28
2016,143,6,2,93,FELIPE PEIXOTO,1058,INSTITUTO SÃO BENTO DE NITEROI,RUA VEREADOR DUQUE ESTRADA 28
2016,143,60,1,54,FELIPE PEIXOTO,1147,ESCOLA MUNICIPAL PROFESSOR PAULO FREIRE,RUA SOARES DE MIRANDA 77
2016,143,60,2,66,FELIPE PEIXOTO,1147,ESCOLA MUNICIPAL PROFESSOR PAULO FREIRE,RUA SOARES DE MIRANDA 77
2016,143,61,1,48,FELIPE PEIXOTO,1147,ESCOLA MUNICIPAL PROFESSOR PAULO FREIRE,RUA SOARES DE MIRANDA 77
2016,143,61,2,67,FELIPE PEIXOTO,1147,ESCOLA MUNICIPAL PROFESSOR PAULO FREIRE,RUA SOARES DE MIRANDA 77
2016,143,62,1,60,FELIPE PEIXOTO,1147,ESCOLA MUNICIPAL PROFESSOR PAULO FREIRE,RUA SOARES DE MIRANDA 77
2016,143,62,2,63,FELIPE PEIXOTO,1147,ESCOLA MUNICIPAL PROFESSOR PAULO FREIRE,RUA SOARES DE MIRANDA 77
2016,143,63,1,27,FELIPE PEIXOTO,1112,ESCOLA ESTADUAL HILARIO RIBEIRO,ALAMEDA SAO BOAVENTURA 794
2016,143,63,2,34,FELIPE PEIXOTO,1112,ESCOLA ESTADUAL HILARIO RIBEIRO,ALAMEDA SAO BOAVENTURA 794
2016,143,64,1,22,FELIPE PEIXOTO,1112,ESCOLA ESTADUAL HILARIO RIBEIRO,ALAMEDA SAO BOAVENTURA 794
2016,143,64,2,33,FELIPE PEIXOTO,1112,ESCOLA ESTADUAL HILARIO RIBEIRO,ALAMEDA SAO BOAVENTURA 794
2016,143,65,1,36,FELIPE PEIXOTO,1163,SECRETARIA DE ESTADO DE AGRICULTURA E ABASTECIMENTO,ALAMEDA SAO BOAVENTURA 770  
2016,143,65,2,46,FELIPE PEIXOTO,1163,SECRETARIA DE ESTADO DE AGRICULTURA E ABASTECIMENTO,ALAMEDA SAO BOAVENTURA 770  
2016,143,66,1,35,FELIPE PEIXOTO,1163,SECRETARIA DE ESTADO DE AGRICULTURA E ABASTECIMENTO,ALAMEDA SAO BOAVENTURA 770  
2016,143,66,2,41,FELIPE PEIXOTO,1163,SECRETARIA DE ESTADO DE AGRICULTURA E ABASTECIMENTO,ALAMEDA SAO BOAVENTURA 770  
2016,143,67,1,51,FELIPE PEIXOTO,1163,SECRETARIA DE ESTADO DE AGRICULTURA E ABASTECIMENTO,ALAMEDA SAO BOAVENTURA 770  
2016,143,67,2,61,FELIPE PEIXOTO,1163,SECRETARIA DE ESTADO DE AGRICULTURA E ABASTECIMENTO,ALAMEDA SAO BOAVENTURA 770  
2016,143,68,1,42,FELIPE PEIXOTO,1163,SECRETARIA DE ESTADO DE AGRICULTURA E ABASTECIMENTO,ALAMEDA SAO BOAVENTURA 770  
2016,143,68,2,53,FELIPE PEIXOTO,1163,SECRETARIA DE ESTADO DE AGRICULTURA E ABASTECIMENTO,ALAMEDA SAO BOAVENTURA 770  
2016,143,69,1,38,FELIPE PEIXOTO,1163,SECRETARIA DE ESTADO DE AGRICULTURA E ABASTECIMENTO,ALAMEDA SAO BOAVENTURA 770  
2016,143,69,2,59,FELIPE PEIXOTO,1163,SECRETARIA DE ESTADO DE AGRICULTURA E ABASTECIMENTO,ALAMEDA SAO BOAVENTURA 770  
2016,143,7,1,46,FELIPE PEIXOTO,1147,ESCOLA MUNICIPAL PROFESSOR PAULO FREIRE,RUA SOARES DE MIRANDA 77
2016,143,7,2,55,FELIPE PEIXOTO,1147,ESCOLA MUNICIPAL PROFESSOR PAULO FREIRE,RUA SOARES DE MIRANDA 77
2016,143,70,1,42,FELIPE PEIXOTO,1163,SECRETARIA DE ESTADO DE AGRICULTURA E ABASTECIMENTO,ALAMEDA SAO BOAVENTURA 770  
2016,143,70,2,53,FELIPE PEIXOTO,1163,SECRETARIA DE ESTADO DE AGRICULTURA E ABASTECIMENTO,ALAMEDA SAO BOAVENTURA 770  
2016,143,71,1,43,FELIPE PEIXOTO,1163,SECRETARIA DE ESTADO DE AGRICULTURA E ABASTECIMENTO,ALAMEDA SAO BOAVENTURA 770  
2016,143,71,2,56,FELIPE PEIXOTO,1163,SECRETARIA DE ESTADO DE AGRICULTURA E ABASTECIMENTO,ALAMEDA SAO BOAVENTURA 770  
2016,143,72,1,45,FELIPE PEIXOTO,1163,SECRETARIA DE ESTADO DE AGRICULTURA E ABASTECIMENTO,ALAMEDA SAO BOAVENTURA 770  
2016,143,72,2,52,FELIPE PEIXOTO,1163,SECRETARIA DE ESTADO DE AGRICULTURA E ABASTECIMENTO,ALAMEDA SAO BOAVENTURA 770  
2016,143,73,1,44,FELIPE PEIXOTO,1163,SECRETARIA DE ESTADO DE AGRICULTURA E ABASTECIMENTO,ALAMEDA SAO BOAVENTURA 770  
2016,143,73,2,53,FELIPE PEIXOTO,1163,SECRETARIA DE ESTADO DE AGRICULTURA E ABASTECIMENTO,ALAMEDA SAO BOAVENTURA 770  
2016,143,74,1,43,FELIPE PEIXOTO,1163,SECRETARIA DE ESTADO DE AGRICULTURA E ABASTECIMENTO,ALAMEDA SAO BOAVENTURA 770  
2016,143,74,2,50,FELIPE PEIXOTO,1163,SECRETARIA DE ESTADO DE AGRICULTURA E ABASTECIMENTO,ALAMEDA SAO BOAVENTURA 770  
2016,143,75,1,50,FELIPE PEIXOTO,1163,SECRETARIA DE ESTADO DE AGRICULTURA E ABASTECIMENTO,ALAMEDA SAO BOAVENTURA 770  
2016,143,75,2,55,FELIPE PEIXOTO,1163,SECRETARIA DE ESTADO DE AGRICULTURA E ABASTECIMENTO,ALAMEDA SAO BOAVENTURA 770  
2016,143,76,1,35,FELIPE PEIXOTO,1163,SECRETARIA DE ESTADO DE AGRICULTURA E ABASTECIMENTO,ALAMEDA SAO BOAVENTURA 770  
2016,143,76,2,47,FELIPE PEIXOTO,1163,SECRETARIA DE ESTADO DE AGRICULTURA E ABASTECIMENTO,ALAMEDA SAO BOAVENTURA 770  
2016,143,77,1,53,FELIPE PEIXOTO,1163,SECRETARIA DE ESTADO DE AGRICULTURA E ABASTECIMENTO,ALAMEDA SAO BOAVENTURA 770  
2016,143,77,2,55,FELIPE PEIXOTO,1163,SECRETARIA DE ESTADO DE AGRICULTURA E ABASTECIMENTO,ALAMEDA SAO BOAVENTURA 770  
2016,143,78,1,51,FELIPE PEIXOTO,1120,ESCOLA ESTADUAL JOSE BONIFACIO,RUA CARLOS MAXIMIANO 20
2016,143,78,2,58,FELIPE PEIXOTO,1120,ESCOLA ESTADUAL JOSE BONIFACIO,RUA CARLOS MAXIMIANO 20
2016,143,79,1,61,FELIPE PEIXOTO,1120,ESCOLA ESTADUAL JOSE BONIFACIO,RUA CARLOS MAXIMIANO 20
2016,143,79,2,70,FELIPE PEIXOTO,1120,ESCOLA ESTADUAL JOSE BONIFACIO,RUA CARLOS MAXIMIANO 20
2016,143,8,1,41,FELIPE PEIXOTO,1147,ESCOLA MUNICIPAL PROFESSOR PAULO FREIRE,RUA SOARES DE MIRANDA 77
2016,143,8,2,60,FELIPE PEIXOTO,1147,ESCOLA MUNICIPAL PROFESSOR PAULO FREIRE,RUA SOARES DE MIRANDA 77
2016,143,80,1,48,FELIPE PEIXOTO,1120,ESCOLA ESTADUAL JOSE BONIFACIO,RUA CARLOS MAXIMIANO 20
2016,143,80,2,62,FELIPE PEIXOTO,1120,ESCOLA ESTADUAL JOSE BONIFACIO,RUA CARLOS MAXIMIANO 20
2016,143,81,1,65,FELIPE PEIXOTO,1180,SERVICO DE ASSISTENCIA SOCIAL SAO DOMINGOS SAVIO,RUA MARTINS TORRES 223
2016,143,81,2,88,FELIPE PEIXOTO,1180,SERVICO DE ASSISTENCIA SOCIAL SAO DOMINGOS SAVIO,RUA MARTINS TORRES 223
2016,143,82,1,65,FELIPE PEIXOTO,1180,SERVICO DE ASSISTENCIA SOCIAL SAO DOMINGOS SAVIO,RUA MARTINS TORRES 223
2016,143,82,2,81,FELIPE PEIXOTO,1180,SERVICO DE ASSISTENCIA SOCIAL SAO DOMINGOS SAVIO,RUA MARTINS TORRES 223
2016,143,83,1,64,FELIPE PEIXOTO,1180,SERVICO DE ASSISTENCIA SOCIAL SAO DOMINGOS SAVIO,RUA MARTINS TORRES 223
2016,143,83,2,77,FELIPE PEIXOTO,1180,SERVICO DE ASSISTENCIA SOCIAL SAO DOMINGOS SAVIO,RUA MARTINS TORRES 223
2016,143,84,1,50,FELIPE PEIXOTO,1180,SERVICO DE ASSISTENCIA SOCIAL SAO DOMINGOS SAVIO,RUA MARTINS TORRES 223
2016,143,84,2,63,FELIPE PEIXOTO,1180,SERVICO DE ASSISTENCIA SOCIAL SAO DOMINGOS SAVIO,RUA MARTINS TORRES 223
2016,143,85,1,46,FELIPE PEIXOTO,1180,SERVICO DE ASSISTENCIA SOCIAL SAO DOMINGOS SAVIO,RUA MARTINS TORRES 223
2016,143,85,2,51,FELIPE PEIXOTO,1180,SERVICO DE ASSISTENCIA SOCIAL SAO DOMINGOS SAVIO,RUA MARTINS TORRES 223
2016,143,86,1,41,FELIPE PEIXOTO,1147,ESCOLA MUNICIPAL PROFESSOR PAULO FREIRE,RUA SOARES DE MIRANDA 77
2016,143,86,2,58,FELIPE PEIXOTO,1147,ESCOLA MUNICIPAL PROFESSOR PAULO FREIRE,RUA SOARES DE MIRANDA 77
2016,143,87,1,64,FELIPE PEIXOTO,1074,ESCOLA ESTADUAL DOUTOR JAYME MEMORIA,RUA NORONHA TORREZAO 625
2016,143,87,2,89,FELIPE PEIXOTO,1074,ESCOLA ESTADUAL DOUTOR JAYME MEMORIA,RUA NORONHA TORREZAO 625
2016,143,88,1,55,FELIPE PEIXOTO,1120,ESCOLA ESTADUAL JOSE BONIFACIO,RUA CARLOS MAXIMIANO 20
2016,143,88,2,62,FELIPE PEIXOTO,1120,ESCOLA ESTADUAL JOSE BONIFACIO,RUA CARLOS MAXIMIANO 20
2016,143,89,1,68,FELIPE PEIXOTO,1082,ESCOLA ESTADUAL MACHADO DE ASSIS,RUA DESEMBARGADOR LIMA CASTRO 97
2016,143,89,2,77,FELIPE PEIXOTO,1082,ESCOLA ESTADUAL MACHADO DE ASSIS,RUA DESEMBARGADOR LIMA CASTRO 97
2016,143,9,1,44,FELIPE PEIXOTO,1147,ESCOLA MUNICIPAL PROFESSOR PAULO FREIRE,RUA SOARES DE MIRANDA 77
2016,143,9,2,51,FELIPE PEIXOTO,1147,ESCOLA MUNICIPAL PROFESSOR PAULO FREIRE,RUA SOARES DE MIRANDA 77
2016,143,90,1,31,FELIPE PEIXOTO,1112,ESCOLA ESTADUAL HILARIO RIBEIRO,ALAMEDA SAO BOAVENTURA 794
2016,143,90,2,35,FELIPE PEIXOTO,1112,ESCOLA ESTADUAL HILARIO RIBEIRO,ALAMEDA SAO BOAVENTURA 794
2016,143,91,1,50,FELIPE PEIXOTO,1058,INSTITUTO SÃO BENTO DE NITEROI,RUA VEREADOR DUQUE ESTRADA 28
2016,143,91,2,63,FELIPE PEIXOTO,1058,INSTITUTO SÃO BENTO DE NITEROI,RUA VEREADOR DUQUE ESTRADA 28
2016,143,92,1,69,FELIPE PEIXOTO,1198,LBV LEGIÃO DA BOA VONTADE,ALAMEDA SÃO BOAVENTURA 474
2016,143,92,2,86,FELIPE PEIXOTO,1198,LBV LEGIÃO DA BOA VONTADE,ALAMEDA SÃO BOAVENTURA 474
2016,143,93,1,44,FELIPE PEIXOTO,1082,ESCOLA ESTADUAL MACHADO DE ASSIS,RUA DESEMBARGADOR LIMA CASTRO 97
2016,143,93,2,62,FELIPE PEIXOTO,1082,ESCOLA ESTADUAL MACHADO DE ASSIS,RUA DESEMBARGADOR LIMA CASTRO 97
2016,143,94,1,41,FELIPE PEIXOTO,1147,ESCOLA MUNICIPAL PROFESSOR PAULO FREIRE,RUA SOARES DE MIRANDA 77
2016,143,94,2,51,FELIPE PEIXOTO,1147,ESCOLA MUNICIPAL PROFESSOR PAULO FREIRE,RUA SOARES DE MIRANDA 77
2016,143,95,1,27,FELIPE PEIXOTO,1112,ESCOLA ESTADUAL HILARIO RIBEIRO,ALAMEDA SAO BOAVENTURA 794
2016,143,95,2,33,FELIPE PEIXOTO,1112,ESCOLA ESTADUAL HILARIO RIBEIRO,ALAMEDA SAO BOAVENTURA 794
2016,143,96,1,63,FELIPE PEIXOTO,1074,ESCOLA ESTADUAL DOUTOR JAYME MEMORIA,RUA NORONHA TORREZAO 625
2016,143,96,2,95,FELIPE PEIXOTO,1074,ESCOLA ESTADUAL DOUTOR JAYME MEMORIA,RUA NORONHA TORREZAO 625
2016,143,97,1,58,FELIPE PEIXOTO,1198,LBV LEGIÃO DA BOA VONTADE,ALAMEDA SÃO BOAVENTURA 474
2016,143,97,2,81,FELIPE PEIXOTO,1198,LBV LEGIÃO DA BOA VONTADE,ALAMEDA SÃO BOAVENTURA 474
2016,143,98,1,66,FELIPE PEIXOTO,1082,ESCOLA ESTADUAL MACHADO DE ASSIS,RUA DESEMBARGADOR LIMA CASTRO 97
2016,143,98,2,88,FELIPE PEIXOTO,1082,ESCOLA ESTADUAL MACHADO DE ASSIS,RUA DESEMBARGADOR LIMA CASTRO 97
2016,143,99,1,60,FELIPE PEIXOTO,1058,INSTITUTO SÃO BENTO DE NITEROI,RUA VEREADOR DUQUE ESTRADA 28
2016,143,99,2,90,FELIPE PEIXOTO,1058,INSTITUTO SÃO BENTO DE NITEROI,RUA VEREADOR DUQUE ESTRADA 28
2016,144,1,1,37,FELIPE PEIXOTO,1171,ESCOLA ESTADUAL MENEZES VIEIRA,RUA ASSIS DE VASCONCELOS N 30
2016,144,1,2,59,FELIPE PEIXOTO,1171,ESCOLA ESTADUAL MENEZES VIEIRA,RUA ASSIS DE VASCONCELOS N 30
2016,144,10,1,34,FELIPE PEIXOTO,1031,COLÉGIO PEDRO II UNIDADE NITERÓI,RUA GENERAL CASTRIOTO S/N
2016,144,10,2,44,FELIPE PEIXOTO,1031,COLÉGIO PEDRO II UNIDADE NITERÓI,RUA GENERAL CASTRIOTO S/N
2016,144,100,1,47,FELIPE PEIXOTO,1236,COLÉGIO ESTADUAL MULLULO DA VEIGA,RUA CORONEL GUIMARÃES 505
2016,144,100,2,58,FELIPE PEIXOTO,1236,COLÉGIO ESTADUAL MULLULO DA VEIGA,RUA CORONEL GUIMARÃES 505
2016,144,101,1,32,FELIPE PEIXOTO,1236,COLÉGIO ESTADUAL MULLULO DA VEIGA,RUA CORONEL GUIMARÃES 505
2016,144,101,2,57,FELIPE PEIXOTO,1236,COLÉGIO ESTADUAL MULLULO DA VEIGA,RUA CORONEL GUIMARÃES 505
2016,144,102,1,33,FELIPE PEIXOTO,1236,COLÉGIO ESTADUAL MULLULO DA VEIGA,RUA CORONEL GUIMARÃES 505
2016,144,102,2,45,FELIPE PEIXOTO,1236,COLÉGIO ESTADUAL MULLULO DA VEIGA,RUA CORONEL GUIMARÃES 505
2016,144,103,1,33,FELIPE PEIXOTO,1236,COLÉGIO ESTADUAL MULLULO DA VEIGA,RUA CORONEL GUIMARÃES 505
2016,144,103,2,39,FELIPE PEIXOTO,1236,COLÉGIO ESTADUAL MULLULO DA VEIGA,RUA CORONEL GUIMARÃES 505
2016,144,104,1,39,FELIPE PEIXOTO,1236,COLÉGIO ESTADUAL MULLULO DA VEIGA,RUA CORONEL GUIMARÃES 505
2016,144,104,2,53,FELIPE PEIXOTO,1236,COLÉGIO ESTADUAL MULLULO DA VEIGA,RUA CORONEL GUIMARÃES 505
2016,144,105,1,61,FELIPE PEIXOTO,1317,IGREJA BATISTA BETEL DE NITERÓI,RUA DANIEL TORRES 72
2016,144,105,2,89,FELIPE PEIXOTO,1317,IGREJA BATISTA BETEL DE NITERÓI,RUA DANIEL TORRES 72
2016,144,106,1,30,FELIPE PEIXOTO,1317,IGREJA BATISTA BETEL DE NITERÓI,RUA DANIEL TORRES 72
2016,144,106,2,50,FELIPE PEIXOTO,1317,IGREJA BATISTA BETEL DE NITERÓI,RUA DANIEL TORRES 72
2016,144,107,1,43,FELIPE PEIXOTO,1350,PAROQUIA NOSSA SENHORA MAE DA DIVINA PROVIDENCIA,RUA DOM ANTONIO DE ALMEIDA MORAES JR. 125
2016,144,107,2,67,FELIPE PEIXOTO,1350,PAROQUIA NOSSA SENHORA MAE DA DIVINA PROVIDENCIA,RUA DOM ANTONIO DE ALMEIDA MORAES JR. 125
2016,144,108,1,35,FELIPE PEIXOTO,1236,COLÉGIO ESTADUAL MULLULO DA VEIGA,RUA CORONEL GUIMARÃES 505
2016,144,108,2,44,FELIPE PEIXOTO,1236,COLÉGIO ESTADUAL MULLULO DA VEIGA,RUA CORONEL GUIMARÃES 505
2016,144,109,1,26,FELIPE PEIXOTO,1236,COLÉGIO ESTADUAL MULLULO DA VEIGA,RUA CORONEL GUIMARÃES 505
2016,144,109,2,36,FELIPE PEIXOTO,1236,COLÉGIO ESTADUAL MULLULO DA VEIGA,RUA CORONEL GUIMARÃES 505
2016,144,11,1,34,FELIPE PEIXOTO,1031,COLÉGIO PEDRO II UNIDADE NITERÓI,RUA GENERAL CASTRIOTO S/N
2016,144,11,2,42,FELIPE PEIXOTO,1031,COLÉGIO PEDRO II UNIDADE NITERÓI,RUA GENERAL CASTRIOTO S/N
2016,144,110,1,34,FELIPE PEIXOTO,1236,COLÉGIO ESTADUAL MULLULO DA VEIGA,RUA CORONEL GUIMARÃES 505
2016,144,110,2,57,FELIPE PEIXOTO,1236,COLÉGIO ESTADUAL MULLULO DA VEIGA,RUA CORONEL GUIMARÃES 505
2016,144,111,1,55,FELIPE PEIXOTO,1350,PAROQUIA NOSSA SENHORA MAE DA DIVINA PROVIDENCIA,RUA DOM ANTONIO DE ALMEIDA MORAES JR. 125
2016,144,111,2,79,FELIPE PEIXOTO,1350,PAROQUIA NOSSA SENHORA MAE DA DIVINA PROVIDENCIA,RUA DOM ANTONIO DE ALMEIDA MORAES JR. 125
2016,144,112,1,44,FELIPE PEIXOTO,1350,PAROQUIA NOSSA SENHORA MAE DA DIVINA PROVIDENCIA,RUA DOM ANTONIO DE ALMEIDA MORAES JR. 125
2016,144,112,2,79,FELIPE PEIXOTO,1350,PAROQUIA NOSSA SENHORA MAE DA DIVINA PROVIDENCIA,RUA DOM ANTONIO DE ALMEIDA MORAES JR. 125
2016,144,113,1,51,FELIPE PEIXOTO,1252,ESCOLA MUNICIPAL ADELINO MAGALHÃES,"RUA DR. NELSON PENA, 17"
2016,144,113,2,72,FELIPE PEIXOTO,1252,ESCOLA MUNICIPAL ADELINO MAGALHÃES,"RUA DR. NELSON PENA, 17"
2016,144,114,1,48,FELIPE PEIXOTO,1252,ESCOLA MUNICIPAL ADELINO MAGALHÃES,"RUA DR. NELSON PENA, 17"
2016,144,114,2,61,FELIPE PEIXOTO,1252,ESCOLA MUNICIPAL ADELINO MAGALHÃES,"RUA DR. NELSON PENA, 17"
2016,144,115,1,37,FELIPE PEIXOTO,1252,ESCOLA MUNICIPAL ADELINO MAGALHÃES,"RUA DR. NELSON PENA, 17"
2016,144,115,2,48,FELIPE PEIXOTO,1252,ESCOLA MUNICIPAL ADELINO MAGALHÃES,"RUA DR. NELSON PENA, 17"
2016,144,116,1,44,FELIPE PEIXOTO,1210,TIO SAM ESPORTE CLUBE,RUA BENJAMIM CONSTANT 562
2016,144,116,2,59,FELIPE PEIXOTO,1210,TIO SAM ESPORTE CLUBE,RUA BENJAMIM CONSTANT 562
2016,144,117,1,49,FELIPE PEIXOTO,1210,TIO SAM ESPORTE CLUBE,RUA BENJAMIM CONSTANT 562
2016,144,117,2,71,FELIPE PEIXOTO,1210,TIO SAM ESPORTE CLUBE,RUA BENJAMIM CONSTANT 562
2016,144,118,1,50,FELIPE PEIXOTO,1210,TIO SAM ESPORTE CLUBE,RUA BENJAMIM CONSTANT 562
2016,144,118,2,72,FELIPE PEIXOTO,1210,TIO SAM ESPORTE CLUBE,RUA BENJAMIM CONSTANT 562
2016,144,119,1,51,FELIPE PEIXOTO,1210,TIO SAM ESPORTE CLUBE,RUA BENJAMIM CONSTANT 562
2016,144,119,2,69,FELIPE PEIXOTO,1210,TIO SAM ESPORTE CLUBE,RUA BENJAMIM CONSTANT 562
2016,144,12,1,53,FELIPE PEIXOTO,1201,OFICINAS DO SENAI,RUA GALVAO S/N
2016,144,12,2,71,FELIPE PEIXOTO,1201,OFICINAS DO SENAI,RUA GALVAO S/N
2016,144,120,1,44,FELIPE PEIXOTO,1210,TIO SAM ESPORTE CLUBE,RUA BENJAMIM CONSTANT 562
2016,144,120,2,77,FELIPE PEIXOTO,1210,TIO SAM ESPORTE CLUBE,RUA BENJAMIM CONSTANT 562
2016,144,121,1,42,FELIPE PEIXOTO,1210,TIO SAM ESPORTE CLUBE,RUA BENJAMIM CONSTANT 562
2016,144,121,2,75,FELIPE PEIXOTO,1210,TIO SAM ESPORTE CLUBE,RUA BENJAMIM CONSTANT 562
2016,144,122,1,32,FELIPE PEIXOTO,1023,PAROQUIA DE SAO JOAO BATISTA,RUA DR. MARCH 666
2016,144,122,2,42,FELIPE PEIXOTO,1023,PAROQUIA DE SAO JOAO BATISTA,RUA DR. MARCH 666
2016,144,123,1,23,FELIPE PEIXOTO,1171,ESCOLA ESTADUAL MENEZES VIEIRA,RUA ASSIS DE VASCONCELOS N 30
2016,144,123,2,33,FELIPE PEIXOTO,1171,ESCOLA ESTADUAL MENEZES VIEIRA,RUA ASSIS DE VASCONCELOS N 30
2016,144,124,1,43,FELIPE PEIXOTO,1090,ESCOLA TÉCNICA ESTADUAL HENRIQUE LAGE,RUA GUIMARÃES JUNIOR 182
2016,144,124,2,46,FELIPE PEIXOTO,1090,ESCOLA TÉCNICA ESTADUAL HENRIQUE LAGE,RUA GUIMARÃES JUNIOR 182
2016,144,125,1,31,FELIPE PEIXOTO,1236,COLÉGIO ESTADUAL MULLULO DA VEIGA,RUA CORONEL GUIMARÃES 505
2016,144,125,2,57,FELIPE PEIXOTO,1236,COLÉGIO ESTADUAL MULLULO DA VEIGA,RUA CORONEL GUIMARÃES 505
2016,144,126,1,24,FELIPE PEIXOTO,1252,ESCOLA MUNICIPAL ADELINO MAGALHÃES,"RUA DR. NELSON PENA, 17"
2016,144,126,2,35,FELIPE PEIXOTO,1252,ESCOLA MUNICIPAL ADELINO MAGALHÃES,"RUA DR. NELSON PENA, 17"
2016,144,127,1,40,FELIPE PEIXOTO,1210,TIO SAM ESPORTE CLUBE,RUA BENJAMIM CONSTANT 562
2016,144,127,2,54,FELIPE PEIXOTO,1210,TIO SAM ESPORTE CLUBE,RUA BENJAMIM CONSTANT 562
2016,144,128,1,50,FELIPE PEIXOTO,1236,COLÉGIO ESTADUAL MULLULO DA VEIGA,RUA CORONEL GUIMARÃES 505
2016,144,128,2,54,FELIPE PEIXOTO,1236,COLÉGIO ESTADUAL MULLULO DA VEIGA,RUA CORONEL GUIMARÃES 505
2016,144,129,1,23,FELIPE PEIXOTO,1236,COLÉGIO ESTADUAL MULLULO DA VEIGA,RUA CORONEL GUIMARÃES 505
2016,144,129,2,40,FELIPE PEIXOTO,1236,COLÉGIO ESTADUAL MULLULO DA VEIGA,RUA CORONEL GUIMARÃES 505
2016,144,13,1,27,FELIPE PEIXOTO,1031,COLÉGIO PEDRO II UNIDADE NITERÓI,RUA GENERAL CASTRIOTO S/N
2016,144,13,2,42,FELIPE PEIXOTO,1031,COLÉGIO PEDRO II UNIDADE NITERÓI,RUA GENERAL CASTRIOTO S/N
2016,144,130,1,33,FELIPE PEIXOTO,1104,ESCOLA MUNICIPAL ALTIVO CESAR,"RUA DR. LUIZ PALMIER, 25"
2016,144,130,2,40,FELIPE PEIXOTO,1104,ESCOLA MUNICIPAL ALTIVO CESAR,"RUA DR. LUIZ PALMIER, 25"
2016,144,131,1,31,FELIPE PEIXOTO,1031,COLÉGIO PEDRO II UNIDADE NITERÓI,RUA GENERAL CASTRIOTO S/N
2016,144,131,2,46,FELIPE PEIXOTO,1031,COLÉGIO PEDRO II UNIDADE NITERÓI,RUA GENERAL CASTRIOTO S/N
2016,144,134,1,61,FELIPE PEIXOTO,1163,COLÉGIO ESTADUAL CONSELHEIRO MACEDO SOARES,RUA DR. MARCH 392
2016,144,134,2,79,FELIPE PEIXOTO,1163,COLÉGIO ESTADUAL CONSELHEIRO MACEDO SOARES,RUA DR. MARCH 392
2016,144,135,1,47,FELIPE PEIXOTO,1252,ESCOLA MUNICIPAL ADELINO MAGALHÃES,"RUA DR. NELSON PENA, 17"
2016,144,135,2,64,FELIPE PEIXOTO,1252,ESCOLA MUNICIPAL ADELINO MAGALHÃES,"RUA DR. NELSON PENA, 17"
2016,144,136,1,52,FELIPE PEIXOTO,1210,TIO SAM ESPORTE CLUBE,RUA BENJAMIM CONSTANT 562
2016,144,136,2,90,FELIPE PEIXOTO,1210,TIO SAM ESPORTE CLUBE,RUA BENJAMIM CONSTANT 562
2016,144,137,1,19,FELIPE PEIXOTO,1090,ESCOLA TÉCNICA ESTADUAL HENRIQUE LAGE,RUA GUIMARÃES JUNIOR 182
2016,144,137,2,33,FELIPE PEIXOTO,1090,ESCOLA TÉCNICA ESTADUAL HENRIQUE LAGE,RUA GUIMARÃES JUNIOR 182
2016,144,14,1,41,FELIPE PEIXOTO,1031,COLÉGIO PEDRO II UNIDADE NITERÓI,RUA GENERAL CASTRIOTO S/N
2016,144,14,2,49,FELIPE PEIXOTO,1031,COLÉGIO PEDRO II UNIDADE NITERÓI,RUA GENERAL CASTRIOTO S/N
2016,144,15,1,33,FELIPE PEIXOTO,1031,COLÉGIO PEDRO II UNIDADE NITERÓI,RUA GENERAL CASTRIOTO S/N
2016,144,15,2,40,FELIPE PEIXOTO,1031,COLÉGIO PEDRO II UNIDADE NITERÓI,RUA GENERAL CASTRIOTO S/N
2016,144,16,1,41,FELIPE PEIXOTO,1112,ESCOLA MUNICIPAL TIRADENTES,"RUA DR. MARCH, 628"
2016,144,16,2,67,FELIPE PEIXOTO,1112,ESCOLA MUNICIPAL TIRADENTES,"RUA DR. MARCH, 628"
2016,144,17,1,55,FELIPE PEIXOTO,1112,ESCOLA MUNICIPAL TIRADENTES,"RUA DR. MARCH, 628"
2016,144,17,2,66,FELIPE PEIXOTO,1112,ESCOLA MUNICIPAL TIRADENTES,"RUA DR. MARCH, 628"
2016,144,18,1,34,FELIPE PEIXOTO,1171,ESCOLA ESTADUAL MENEZES VIEIRA,RUA ASSIS DE VASCONCELOS N 30
2016,144,18,2,46,FELIPE PEIXOTO,1171,ESCOLA ESTADUAL MENEZES VIEIRA,RUA ASSIS DE VASCONCELOS N 30
2016,144,19,1,46,FELIPE PEIXOTO,1171,ESCOLA ESTADUAL MENEZES VIEIRA,RUA ASSIS DE VASCONCELOS N 30
2016,144,19,2,57,FELIPE PEIXOTO,1171,ESCOLA ESTADUAL MENEZES VIEIRA,RUA ASSIS DE VASCONCELOS N 30
2016,144,2,1,46,FELIPE PEIXOTO,1023,PAROQUIA DE SAO JOAO BATISTA,RUA DR. MARCH 666
2016,144,2,2,72,FELIPE PEIXOTO,1023,PAROQUIA DE SAO JOAO BATISTA,RUA DR. MARCH 666
2016,144,20,1,57,FELIPE PEIXOTO,1082,ESCOLA TÉCNICA ESTADUAL HENRIQUE LAGE,RUA GUIMARÃES JUNIOR 182
2016,144,20,2,68,FELIPE PEIXOTO,1082,ESCOLA TÉCNICA ESTADUAL HENRIQUE LAGE,RUA GUIMARÃES JUNIOR 182
2016,144,22,1,49,FELIPE PEIXOTO,1082,ESCOLA TÉCNICA ESTADUAL HENRIQUE LAGE,RUA GUIMARÃES JUNIOR 182
2016,144,22,2,62,FELIPE PEIXOTO,1082,ESCOLA TÉCNICA ESTADUAL HENRIQUE LAGE,RUA GUIMARÃES JUNIOR 182
2016,144,23,1,59,FELIPE PEIXOTO,1090,ESCOLA TÉCNICA ESTADUAL HENRIQUE LAGE,RUA GUIMARÃES JUNIOR 182
2016,144,23,2,76,FELIPE PEIXOTO,1090,ESCOLA TÉCNICA ESTADUAL HENRIQUE LAGE,RUA GUIMARÃES JUNIOR 182
2016,144,24,1,49,FELIPE PEIXOTO,1090,ESCOLA TÉCNICA ESTADUAL HENRIQUE LAGE,RUA GUIMARÃES JUNIOR 182
2016,144,24,2,69,FELIPE PEIXOTO,1090,ESCOLA TÉCNICA ESTADUAL HENRIQUE LAGE,RUA GUIMARÃES JUNIOR 182
2016,144,25,1,50,FELIPE PEIXOTO,1090,ESCOLA TÉCNICA ESTADUAL HENRIQUE LAGE,RUA GUIMARÃES JUNIOR 182
2016,144,25,2,71,FELIPE PEIXOTO,1090,ESCOLA TÉCNICA ESTADUAL HENRIQUE LAGE,RUA GUIMARÃES JUNIOR 182
2016,144,26,1,66,FELIPE PEIXOTO,1090,ESCOLA TÉCNICA ESTADUAL HENRIQUE LAGE,RUA GUIMARÃES JUNIOR 182
2016,144,26,2,74,FELIPE PEIXOTO,1090,ESCOLA TÉCNICA ESTADUAL HENRIQUE LAGE,RUA GUIMARÃES JUNIOR 182
2016,144,27,1,46,FELIPE PEIXOTO,1104,ESCOLA MUNICIPAL ALTIVO CESAR,"RUA DR. LUIZ PALMIER, 25"
2016,144,27,2,68,FELIPE PEIXOTO,1104,ESCOLA MUNICIPAL ALTIVO CESAR,"RUA DR. LUIZ PALMIER, 25"
2016,144,28,1,50,FELIPE PEIXOTO,1104,ESCOLA MUNICIPAL ALTIVO CESAR,"RUA DR. LUIZ PALMIER, 25"
2016,144,28,2,69,FELIPE PEIXOTO,1104,ESCOLA MUNICIPAL ALTIVO CESAR,"RUA DR. LUIZ PALMIER, 25"
2016,144,29,1,50,FELIPE PEIXOTO,1104,ESCOLA MUNICIPAL ALTIVO CESAR,"RUA DR. LUIZ PALMIER, 25"
2016,144,29,2,80,FELIPE PEIXOTO,1104,ESCOLA MUNICIPAL ALTIVO CESAR,"RUA DR. LUIZ PALMIER, 25"
2016,144,3,1,43,FELIPE PEIXOTO,1023,PAROQUIA DE SAO JOAO BATISTA,RUA DR. MARCH 666
2016,144,3,2,69,FELIPE PEIXOTO,1023,PAROQUIA DE SAO JOAO BATISTA,RUA DR. MARCH 666
2016,144,30,1,53,FELIPE PEIXOTO,1104,ESCOLA MUNICIPAL ALTIVO CESAR,"RUA DR. LUIZ PALMIER, 25"
2016,144,30,2,75,FELIPE PEIXOTO,1104,ESCOLA MUNICIPAL ALTIVO CESAR,"RUA DR. LUIZ PALMIER, 25"
2016,144,31,1,26,FELIPE PEIXOTO,1104,ESCOLA MUNICIPAL ALTIVO CESAR,"RUA DR. LUIZ PALMIER, 25"
2016,144,31,2,31,FELIPE PEIXOTO,1104,ESCOLA MUNICIPAL ALTIVO CESAR,"RUA DR. LUIZ PALMIER, 25"
2016,144,32,1,56,FELIPE PEIXOTO,1104,ESCOLA MUNICIPAL ALTIVO CESAR,"RUA DR. LUIZ PALMIER, 25"
2016,144,32,2,75,FELIPE PEIXOTO,1104,ESCOLA MUNICIPAL ALTIVO CESAR,"RUA DR. LUIZ PALMIER, 25"
2016,144,33,1,55,FELIPE PEIXOTO,1104,ESCOLA MUNICIPAL ALTIVO CESAR,"RUA DR. LUIZ PALMIER, 25"
2016,144,33,2,75,FELIPE PEIXOTO,1104,ESCOLA MUNICIPAL ALTIVO CESAR,"RUA DR. LUIZ PALMIER, 25"
2016,144,34,1,37,FELIPE PEIXOTO,1112,ESCOLA MUNICIPAL TIRADENTES,"RUA DR. MARCH, 628"
2016,144,34,2,51,FELIPE PEIXOTO,1112,ESCOLA MUNICIPAL TIRADENTES,"RUA DR. MARCH, 628"
2016,144,35,1,52,FELIPE PEIXOTO,1112,ESCOLA MUNICIPAL TIRADENTES,"RUA DR. MARCH, 628"
2016,144,35,2,77,FELIPE PEIXOTO,1112,ESCOLA MUNICIPAL TIRADENTES,"RUA DR. MARCH, 628"
2016,144,36,1,54,FELIPE PEIXOTO,1112,ESCOLA MUNICIPAL TIRADENTES,"RUA DR. MARCH, 628"
2016,144,36,2,81,FELIPE PEIXOTO,1112,ESCOLA MUNICIPAL TIRADENTES,"RUA DR. MARCH, 628"
2016,144,39,1,39,FELIPE PEIXOTO,1090,ESCOLA TÉCNICA ESTADUAL HENRIQUE LAGE,RUA GUIMARÃES JUNIOR 182
2016,144,39,2,59,FELIPE PEIXOTO,1090,ESCOLA TÉCNICA ESTADUAL HENRIQUE LAGE,RUA GUIMARÃES JUNIOR 182
2016,144,4,1,44,FELIPE PEIXOTO,1023,PAROQUIA DE SAO JOAO BATISTA,RUA DR. MARCH 666
2016,144,4,2,71,FELIPE PEIXOTO,1023,PAROQUIA DE SAO JOAO BATISTA,RUA DR. MARCH 666
2016,144,40,1,54,FELIPE PEIXOTO,1090,ESCOLA TÉCNICA ESTADUAL HENRIQUE LAGE,RUA GUIMARÃES JUNIOR 182
2016,144,40,2,84,FELIPE PEIXOTO,1090,ESCOLA TÉCNICA ESTADUAL HENRIQUE LAGE,RUA GUIMARÃES JUNIOR 182
2016,144,42,1,32,FELIPE PEIXOTO,1082,ESCOLA TÉCNICA ESTADUAL HENRIQUE LAGE,RUA GUIMARÃES JUNIOR 182
2016,144,42,2,51,FELIPE PEIXOTO,1082,ESCOLA TÉCNICA ESTADUAL HENRIQUE LAGE,RUA GUIMARÃES JUNIOR 182
2016,144,44,1,64,FELIPE PEIXOTO,1163,COLÉGIO ESTADUAL CONSELHEIRO MACEDO SOARES,RUA DR. MARCH 392
2016,144,44,2,69,FELIPE PEIXOTO,1163,COLÉGIO ESTADUAL CONSELHEIRO MACEDO SOARES,RUA DR. MARCH 392
2016,144,45,1,48,FELIPE PEIXOTO,1163,COLÉGIO ESTADUAL CONSELHEIRO MACEDO SOARES,RUA DR. MARCH 392
2016,144,45,2,58,FELIPE PEIXOTO,1163,COLÉGIO ESTADUAL CONSELHEIRO MACEDO SOARES,RUA DR. MARCH 392
2016,144,46,1,52,FELIPE PEIXOTO,1163,COLÉGIO ESTADUAL CONSELHEIRO MACEDO SOARES,RUA DR. MARCH 392
2016,144,46,2,65,FELIPE PEIXOTO,1163,COLÉGIO ESTADUAL CONSELHEIRO MACEDO SOARES,RUA DR. MARCH 392
2016,144,47,1,57,FELIPE PEIXOTO,1163,COLÉGIO ESTADUAL CONSELHEIRO MACEDO SOARES,RUA DR. MARCH 392
2016,144,47,2,62,FELIPE PEIXOTO,1163,COLÉGIO ESTADUAL CONSELHEIRO MACEDO SOARES,RUA DR. MARCH 392
2016,144,48,1,67,FELIPE PEIXOTO,1163,COLÉGIO ESTADUAL CONSELHEIRO MACEDO SOARES,RUA DR. MARCH 392
2016,144,48,2,82,FELIPE PEIXOTO,1163,COLÉGIO ESTADUAL CONSELHEIRO MACEDO SOARES,RUA DR. MARCH 392
2016,144,49,1,47,FELIPE PEIXOTO,1163,COLÉGIO ESTADUAL CONSELHEIRO MACEDO SOARES,RUA DR. MARCH 392
2016,144,49,2,69,FELIPE PEIXOTO,1163,COLÉGIO ESTADUAL CONSELHEIRO MACEDO SOARES,RUA DR. MARCH 392
2016,144,5,1,32,FELIPE PEIXOTO,1031,COLÉGIO PEDRO II UNIDADE NITERÓI,RUA GENERAL CASTRIOTO S/N
2016,144,5,2,35,FELIPE PEIXOTO,1031,COLÉGIO PEDRO II UNIDADE NITERÓI,RUA GENERAL CASTRIOTO S/N
2016,144,50,1,59,FELIPE PEIXOTO,1163,COLÉGIO ESTADUAL CONSELHEIRO MACEDO SOARES,RUA DR. MARCH 392
2016,144,50,2,70,FELIPE PEIXOTO,1163,COLÉGIO ESTADUAL CONSELHEIRO MACEDO SOARES,RUA DR. MARCH 392
2016,144,51,1,42,FELIPE PEIXOTO,1163,COLÉGIO ESTADUAL CONSELHEIRO MACEDO SOARES,RUA DR. MARCH 392
2016,144,51,2,57,FELIPE PEIXOTO,1163,COLÉGIO ESTADUAL CONSELHEIRO MACEDO SOARES,RUA DR. MARCH 392
2016,144,52,1,39,FELIPE PEIXOTO,1171,ESCOLA ESTADUAL MENEZES VIEIRA,RUA ASSIS DE VASCONCELOS N 30
2016,144,52,2,44,FELIPE PEIXOTO,1171,ESCOLA ESTADUAL MENEZES VIEIRA,RUA ASSIS DE VASCONCELOS N 30
2016,144,53,1,40,FELIPE PEIXOTO,1171,ESCOLA ESTADUAL MENEZES VIEIRA,RUA ASSIS DE VASCONCELOS N 30
2016,144,53,2,48,FELIPE PEIXOTO,1171,ESCOLA ESTADUAL MENEZES VIEIRA,RUA ASSIS DE VASCONCELOS N 30
2016,144,54,1,40,FELIPE PEIXOTO,1171,ESCOLA ESTADUAL MENEZES VIEIRA,RUA ASSIS DE VASCONCELOS N 30
2016,144,54,2,60,FELIPE PEIXOTO,1171,ESCOLA ESTADUAL MENEZES VIEIRA,RUA ASSIS DE VASCONCELOS N 30
2016,144,55,1,52,FELIPE PEIXOTO,1201,OFICINAS DO SENAI,RUA GALVAO S/N
2016,144,55,2,75,FELIPE PEIXOTO,1201,OFICINAS DO SENAI,RUA GALVAO S/N
2016,144,57,1,54,FELIPE PEIXOTO,1104,ESCOLA MUNICIPAL ALTIVO CESAR,"RUA DR. LUIZ PALMIER, 25"
2016,144,57,2,78,FELIPE PEIXOTO,1104,ESCOLA MUNICIPAL ALTIVO CESAR,"RUA DR. LUIZ PALMIER, 25"
2016,144,58,1,49,FELIPE PEIXOTO,1104,ESCOLA MUNICIPAL ALTIVO CESAR,"RUA DR. LUIZ PALMIER, 25"
2016,144,58,2,75,FELIPE PEIXOTO,1104,ESCOLA MUNICIPAL ALTIVO CESAR,"RUA DR. LUIZ PALMIER, 25"
2016,144,59,1,58,FELIPE PEIXOTO,1104,ESCOLA MUNICIPAL ALTIVO CESAR,"RUA DR. LUIZ PALMIER, 25"
2016,144,59,2,89,FELIPE PEIXOTO,1104,ESCOLA MUNICIPAL ALTIVO CESAR,"RUA DR. LUIZ PALMIER, 25"
2016,144,6,1,38,FELIPE PEIXOTO,1031,COLÉGIO PEDRO II UNIDADE NITERÓI,RUA GENERAL CASTRIOTO S/N
2016,144,6,2,44,FELIPE PEIXOTO,1031,COLÉGIO PEDRO II UNIDADE NITERÓI,RUA GENERAL CASTRIOTO S/N
2016,144,60,1,24,FELIPE PEIXOTO,1201,OFICINAS DO SENAI,RUA GALVAO S/N
2016,144,60,2,33,FELIPE PEIXOTO,1201,OFICINAS DO SENAI,RUA GALVAO S/N
2016,144,62,1,46,FELIPE PEIXOTO,1210,TIO SAM ESPORTE CLUBE,RUA BENJAMIM CONSTANT 562
2016,144,62,2,60,FELIPE PEIXOTO,1210,TIO SAM ESPORTE CLUBE,RUA BENJAMIM CONSTANT 562
2016,144,63,1,36,FELIPE PEIXOTO,1210,TIO SAM ESPORTE CLUBE,RUA BENJAMIM CONSTANT 562
2016,144,63,2,67,FELIPE PEIXOTO,1210,TIO SAM ESPORTE CLUBE,RUA BENJAMIM CONSTANT 562
2016,144,64,1,47,FELIPE PEIXOTO,1210,TIO SAM ESPORTE CLUBE,RUA BENJAMIM CONSTANT 562
2016,144,64,2,69,FELIPE PEIXOTO,1210,TIO SAM ESPORTE CLUBE,RUA BENJAMIM CONSTANT 562
2016,144,65,1,42,FELIPE PEIXOTO,1210,TIO SAM ESPORTE CLUBE,RUA BENJAMIM CONSTANT 562
2016,144,65,2,64,FELIPE PEIXOTO,1210,TIO SAM ESPORTE CLUBE,RUA BENJAMIM CONSTANT 562
2016,144,67,1,36,FELIPE PEIXOTO,1236,COLÉGIO ESTADUAL MULLULO DA VEIGA,RUA CORONEL GUIMARÃES 505
2016,144,67,2,53,FELIPE PEIXOTO,1236,COLÉGIO ESTADUAL MULLULO DA VEIGA,RUA CORONEL GUIMARÃES 505
2016,144,68,1,41,FELIPE PEIXOTO,1236,COLÉGIO ESTADUAL MULLULO DA VEIGA,RUA CORONEL GUIMARÃES 505
2016,144,68,2,51,FELIPE PEIXOTO,1236,COLÉGIO ESTADUAL MULLULO DA VEIGA,RUA CORONEL GUIMARÃES 505
2016,144,69,1,33,FELIPE PEIXOTO,1236,COLÉGIO ESTADUAL MULLULO DA VEIGA,RUA CORONEL GUIMARÃES 505
2016,144,69,2,47,FELIPE PEIXOTO,1236,COLÉGIO ESTADUAL MULLULO DA VEIGA,RUA CORONEL GUIMARÃES 505
2016,144,7,1,24,FELIPE PEIXOTO,1031,COLÉGIO PEDRO II UNIDADE NITERÓI,RUA GENERAL CASTRIOTO S/N
2016,144,7,2,31,FELIPE PEIXOTO,1031,COLÉGIO PEDRO II UNIDADE NITERÓI,RUA GENERAL CASTRIOTO S/N
2016,144,70,1,35,FELIPE PEIXOTO,1236,COLÉGIO ESTADUAL MULLULO DA VEIGA,RUA CORONEL GUIMARÃES 505
2016,144,70,2,57,FELIPE PEIXOTO,1236,COLÉGIO ESTADUAL MULLULO DA VEIGA,RUA CORONEL GUIMARÃES 505
2016,144,71,1,40,FELIPE PEIXOTO,1236,COLÉGIO ESTADUAL MULLULO DA VEIGA,RUA CORONEL GUIMARÃES 505
2016,144,71,2,49,FELIPE PEIXOTO,1236,COLÉGIO ESTADUAL MULLULO DA VEIGA,RUA CORONEL GUIMARÃES 505
2016,144,72,1,36,FELIPE PEIXOTO,1236,COLÉGIO ESTADUAL MULLULO DA VEIGA,RUA CORONEL GUIMARÃES 505
2016,144,72,2,44,FELIPE PEIXOTO,1236,COLÉGIO ESTADUAL MULLULO DA VEIGA,RUA CORONEL GUIMARÃES 505
2016,144,73,1,33,FELIPE PEIXOTO,1236,COLÉGIO ESTADUAL MULLULO DA VEIGA,RUA CORONEL GUIMARÃES 505
2016,144,73,2,46,FELIPE PEIXOTO,1236,COLÉGIO ESTADUAL MULLULO DA VEIGA,RUA CORONEL GUIMARÃES 505
2016,144,74,1,50,FELIPE PEIXOTO,1236,COLÉGIO ESTADUAL MULLULO DA VEIGA,RUA CORONEL GUIMARÃES 505
2016,144,74,2,60,FELIPE PEIXOTO,1236,COLÉGIO ESTADUAL MULLULO DA VEIGA,RUA CORONEL GUIMARÃES 505
2016,144,75,1,47,FELIPE PEIXOTO,1406,COLÉGIO NITERÓI,"RUA  VEREADOR JOSÉ VICENTE SOBRINHO, 269"
2016,144,75,2,60,FELIPE PEIXOTO,1406,COLÉGIO NITERÓI,"RUA  VEREADOR JOSÉ VICENTE SOBRINHO, 269"
2016,144,76,1,51,FELIPE PEIXOTO,1406,COLÉGIO NITERÓI,"RUA  VEREADOR JOSÉ VICENTE SOBRINHO, 269"
2016,144,76,2,67,FELIPE PEIXOTO,1406,COLÉGIO NITERÓI,"RUA  VEREADOR JOSÉ VICENTE SOBRINHO, 269"
2016,144,77,1,38,FELIPE PEIXOTO,1406,COLÉGIO NITERÓI,"RUA  VEREADOR JOSÉ VICENTE SOBRINHO, 269"
2016,144,77,2,65,FELIPE PEIXOTO,1406,COLÉGIO NITERÓI,"RUA  VEREADOR JOSÉ VICENTE SOBRINHO, 269"
2016,144,78,1,54,FELIPE PEIXOTO,1406,COLÉGIO NITERÓI,"RUA  VEREADOR JOSÉ VICENTE SOBRINHO, 269"
2016,144,78,2,68,FELIPE PEIXOTO,1406,COLÉGIO NITERÓI,"RUA  VEREADOR JOSÉ VICENTE SOBRINHO, 269"
2016,144,79,1,54,FELIPE PEIXOTO,1406,COLÉGIO NITERÓI,"RUA  VEREADOR JOSÉ VICENTE SOBRINHO, 269"
2016,144,79,2,69,FELIPE PEIXOTO,1406,COLÉGIO NITERÓI,"RUA  VEREADOR JOSÉ VICENTE SOBRINHO, 269"
2016,144,8,1,31,FELIPE PEIXOTO,1031,COLÉGIO PEDRO II UNIDADE NITERÓI,RUA GENERAL CASTRIOTO S/N
2016,144,8,2,41,FELIPE PEIXOTO,1031,COLÉGIO PEDRO II UNIDADE NITERÓI,RUA GENERAL CASTRIOTO S/N
2016,144,80,1,34,FELIPE PEIXOTO,1406,COLÉGIO NITERÓI,"RUA  VEREADOR JOSÉ VICENTE SOBRINHO, 269"
2016,144,80,2,40,FELIPE PEIXOTO,1406,COLÉGIO NITERÓI,"RUA  VEREADOR JOSÉ VICENTE SOBRINHO, 269"
2016,144,81,1,29,FELIPE PEIXOTO,1236,COLÉGIO ESTADUAL MULLULO DA VEIGA,RUA CORONEL GUIMARÃES 505
2016,144,81,2,42,FELIPE PEIXOTO,1236,COLÉGIO ESTADUAL MULLULO DA VEIGA,RUA CORONEL GUIMARÃES 505
2016,144,82,1,38,FELIPE PEIXOTO,1236,COLÉGIO ESTADUAL MULLULO DA VEIGA,RUA CORONEL GUIMARÃES 505
2016,144,82,2,52,FELIPE PEIXOTO,1236,COLÉGIO ESTADUAL MULLULO DA VEIGA,RUA CORONEL GUIMARÃES 505
2016,144,83,1,50,FELIPE PEIXOTO,1252,ESCOLA MUNICIPAL ADELINO MAGALHÃES,"RUA DR. NELSON PENA, 17"
2016,144,83,2,66,FELIPE PEIXOTO,1252,ESCOLA MUNICIPAL ADELINO MAGALHÃES,"RUA DR. NELSON PENA, 17"
2016,144,84,1,41,FELIPE PEIXOTO,1252,ESCOLA MUNICIPAL ADELINO MAGALHÃES,"RUA DR. NELSON PENA, 17"
2016,144,84,2,63,FELIPE PEIXOTO,1252,ESCOLA MUNICIPAL ADELINO MAGALHÃES,"RUA DR. NELSON PENA, 17"
2016,144,85,1,42,FELIPE PEIXOTO,1252,ESCOLA MUNICIPAL ADELINO MAGALHÃES,"RUA DR. NELSON PENA, 17"
2016,144,85,2,59,FELIPE PEIXOTO,1252,ESCOLA MUNICIPAL ADELINO MAGALHÃES,"RUA DR. NELSON PENA, 17"
2016,144,86,1,42,FELIPE PEIXOTO,1252,ESCOLA MUNICIPAL ADELINO MAGALHÃES,"RUA DR. NELSON PENA, 17"
2016,144,86,2,53,FELIPE PEIXOTO,1252,ESCOLA MUNICIPAL ADELINO MAGALHÃES,"RUA DR. NELSON PENA, 17"
2016,144,87,1,43,FELIPE PEIXOTO,1252,ESCOLA MUNICIPAL ADELINO MAGALHÃES,"RUA DR. NELSON PENA, 17"
2016,144,87,2,64,FELIPE PEIXOTO,1252,ESCOLA MUNICIPAL ADELINO MAGALHÃES,"RUA DR. NELSON PENA, 17"
2016,144,88,1,45,FELIPE PEIXOTO,1317,IGREJA BATISTA BETEL DE NITERÓI,RUA DANIEL TORRES 72
2016,144,88,2,73,FELIPE PEIXOTO,1317,IGREJA BATISTA BETEL DE NITERÓI,RUA DANIEL TORRES 72
2016,144,89,1,49,FELIPE PEIXOTO,1317,IGREJA BATISTA BETEL DE NITERÓI,RUA DANIEL TORRES 72
2016,144,89,2,79,FELIPE PEIXOTO,1317,IGREJA BATISTA BETEL DE NITERÓI,RUA DANIEL TORRES 72
2016,144,9,1,29,FELIPE PEIXOTO,1031,COLÉGIO PEDRO II UNIDADE NITERÓI,RUA GENERAL CASTRIOTO S/N
2016,144,9,2,49,FELIPE PEIXOTO,1031,COLÉGIO PEDRO II UNIDADE NITERÓI,RUA GENERAL CASTRIOTO S/N
2016,144,90,1,47,FELIPE PEIXOTO,1317,IGREJA BATISTA BETEL DE NITERÓI,RUA DANIEL TORRES 72
2016,144,90,2,69,FELIPE PEIXOTO,1317,IGREJA BATISTA BETEL DE NITERÓI,RUA DANIEL TORRES 72
2016,144,91,1,41,FELIPE PEIXOTO,1252,ESCOLA MUNICIPAL ADELINO MAGALHÃES,"RUA DR. NELSON PENA, 17"
2016,144,91,2,65,FELIPE PEIXOTO,1252,ESCOLA MUNICIPAL ADELINO MAGALHÃES,"RUA DR. NELSON PENA, 17"
2016,144,92,1,37,FELIPE PEIXOTO,1252,ESCOLA MUNICIPAL ADELINO MAGALHÃES,"RUA DR. NELSON PENA, 17"
2016,144,92,2,49,FELIPE PEIXOTO,1252,ESCOLA MUNICIPAL ADELINO MAGALHÃES,"RUA DR. NELSON PENA, 17"
2016,144,93,1,40,FELIPE PEIXOTO,1252,ESCOLA MUNICIPAL ADELINO MAGALHÃES,"RUA DR. NELSON PENA, 17"
2016,144,93,2,58,FELIPE PEIXOTO,1252,ESCOLA MUNICIPAL ADELINO MAGALHÃES,"RUA DR. NELSON PENA, 17"
2016,144,94,1,40,FELIPE PEIXOTO,1236,COLÉGIO ESTADUAL MULLULO DA VEIGA,RUA CORONEL GUIMARÃES 505
2016,144,94,2,55,FELIPE PEIXOTO,1236,COLÉGIO ESTADUAL MULLULO DA VEIGA,RUA CORONEL GUIMARÃES 505
2016,144,95,1,31,FELIPE PEIXOTO,1236,COLÉGIO ESTADUAL MULLULO DA VEIGA,RUA CORONEL GUIMARÃES 505
2016,144,95,2,40,FELIPE PEIXOTO,1236,COLÉGIO ESTADUAL MULLULO DA VEIGA,RUA CORONEL GUIMARÃES 505
2016,144,96,1,35,FELIPE PEIXOTO,1236,COLÉGIO ESTADUAL MULLULO DA VEIGA,RUA CORONEL GUIMARÃES 505
2016,144,96,2,50,FELIPE PEIXOTO,1236,COLÉGIO ESTADUAL MULLULO DA VEIGA,RUA CORONEL GUIMARÃES 505
2016,144,97,1,39,FELIPE PEIXOTO,1236,COLÉGIO ESTADUAL MULLULO DA VEIGA,RUA CORONEL GUIMARÃES 505
2016,144,97,2,45,FELIPE PEIXOTO,1236,COLÉGIO ESTADUAL MULLULO DA VEIGA,RUA CORONEL GUIMARÃES 505
2016,144,98,1,41,FELIPE PEIXOTO,1236,COLÉGIO ESTADUAL MULLULO DA VEIGA,RUA CORONEL GUIMARÃES 505
2016,144,98,2,56,FELIPE PEIXOTO,1236,COLÉGIO ESTADUAL MULLULO DA VEIGA,RUA CORONEL GUIMARÃES 505
2016,144,99,1,38,FELIPE PEIXOTO,1236,COLÉGIO ESTADUAL MULLULO DA VEIGA,RUA CORONEL GUIMARÃES 505
2016,144,99,2,50,FELIPE PEIXOTO,1236,COLÉGIO ESTADUAL MULLULO DA VEIGA,RUA CORONEL GUIMARÃES 505
2016,199,1,1,39,FELIPE PEIXOTO,1015,COUNTRY CLUB DE NITEROI,RUA CHILE 135
2016,199,1,2,62,FELIPE PEIXOTO,1015,COUNTRY CLUB DE NITEROI,RUA CHILE 135
2016,199,10,1,54,FELIPE PEIXOTO,1031,ESCOLA MUNICIPAL HONORINA DE CARVALHO,RUA PROF. JOSE PECANHA S/N
2016,199,10,2,82,FELIPE PEIXOTO,1031,ESCOLA MUNICIPAL HONORINA DE CARVALHO,RUA PROF. JOSE PECANHA S/N
2016,199,100,1,48,FELIPE PEIXOTO,1155,COLEGIO ITAPUCA,"AV. ERNANI DE FARIAS ALVES, N 124 TREVO DE PIRATININGA"
2016,199,100,2,74,FELIPE PEIXOTO,1155,COLEGIO ITAPUCA,"AV. ERNANI DE FARIAS ALVES, N 124 TREVO DE PIRATININGA"
2016,199,101,1,50,FELIPE PEIXOTO,1112,COLÉGIO SALESIANO REGIÃO OCEÂNICA,"RUA DOUTOR CORNÉLIO DE MELLO JÚNIOR, 117"
2016,199,101,2,63,FELIPE PEIXOTO,1112,COLÉGIO SALESIANO REGIÃO OCEÂNICA,"RUA DOUTOR CORNÉLIO DE MELLO JÚNIOR, 117"
2016,199,102,1,71,FELIPE PEIXOTO,1198,ESCOLA ESTADUAL RUI FRAZAO SOARES - CIEP 448,ESTRADA DO ENGENHO DO MATO S/N - PRACA
2016,199,102,2,89,FELIPE PEIXOTO,1198,ESCOLA ESTADUAL RUI FRAZAO SOARES - CIEP 448,ESTRADA DO ENGENHO DO MATO S/N - PRACA
2016,199,103,1,30,FELIPE PEIXOTO,1023,ESCOLA ESTADUAL FELISBERTO DE CARVALHO,ESTRADA CAETANO MONTEIRO 896
2016,199,103,2,47,FELIPE PEIXOTO,1023,ESCOLA ESTADUAL FELISBERTO DE CARVALHO,ESTRADA CAETANO MONTEIRO 896
2016,199,104,1,58,FELIPE PEIXOTO,1155,COLEGIO ITAPUCA,"AV. ERNANI DE FARIAS ALVES, N 124 TREVO DE PIRATININGA"
2016,199,104,2,66,FELIPE PEIXOTO,1155,COLEGIO ITAPUCA,"AV. ERNANI DE FARIAS ALVES, N 124 TREVO DE PIRATININGA"
2016,199,105,1,64,FELIPE PEIXOTO,1244,CURSO LAPLACE,"RUA MANOEL PACHECO DE CARVALHO, N 80"
2016,199,105,2,95,FELIPE PEIXOTO,1244,CURSO LAPLACE,"RUA MANOEL PACHECO DE CARVALHO, N 80"
2016,199,106,1,28,FELIPE PEIXOTO,1082,COLÉGIO CENECISTA ATHAYDE PARREIRAS,"EST. FRANCISCO DA CRUZ NUNES, 7245"
2016,199,106,2,37,FELIPE PEIXOTO,1082,COLÉGIO CENECISTA ATHAYDE PARREIRAS,"EST. FRANCISCO DA CRUZ NUNES, 7245"
2016,199,107,1,56,FELIPE PEIXOTO,1198,ESCOLA ESTADUAL RUI FRAZAO SOARES - CIEP 448,ESTRADA DO ENGENHO DO MATO S/N - PRACA
2016,199,107,2,75,FELIPE PEIXOTO,1198,ESCOLA ESTADUAL RUI FRAZAO SOARES - CIEP 448,ESTRADA DO ENGENHO DO MATO S/N - PRACA
2016,199,108,1,45,FELIPE PEIXOTO,1082,COLÉGIO CENECISTA ATHAYDE PARREIRAS,"EST. FRANCISCO DA CRUZ NUNES, 7245"
2016,199,108,2,57,FELIPE PEIXOTO,1082,COLÉGIO CENECISTA ATHAYDE PARREIRAS,"EST. FRANCISCO DA CRUZ NUNES, 7245"
2016,199,109,1,42,FELIPE PEIXOTO,1074,COLÉGIO GAUSS EM ITAIPU,AVENIDA FREI FABIANO N 155 LOT SANTO ANTÔNIO ITAIPU
2016,199,109,2,68,FELIPE PEIXOTO,1074,COLÉGIO GAUSS EM ITAIPU,AVENIDA FREI FABIANO N 155 LOT SANTO ANTÔNIO ITAIPU
2016,199,11,1,51,FELIPE PEIXOTO,1031,ESCOLA MUNICIPAL HONORINA DE CARVALHO,RUA PROF. JOSE PECANHA S/N
2016,199,11,2,80,FELIPE PEIXOTO,1031,ESCOLA MUNICIPAL HONORINA DE CARVALHO,RUA PROF. JOSE PECANHA S/N
2016,199,110,1,59,FELIPE PEIXOTO,1155,COLEGIO ITAPUCA,"AV. ERNANI DE FARIAS ALVES, N 124 TREVO DE PIRATININGA"
2016,199,110,2,77,FELIPE PEIXOTO,1155,COLEGIO ITAPUCA,"AV. ERNANI DE FARIAS ALVES, N 124 TREVO DE PIRATININGA"
2016,199,111,1,48,FELIPE PEIXOTO,1112,COLÉGIO SALESIANO REGIÃO OCEÂNICA,"RUA DOUTOR CORNÉLIO DE MELLO JÚNIOR, 117"
2016,199,111,2,70,FELIPE PEIXOTO,1112,COLÉGIO SALESIANO REGIÃO OCEÂNICA,"RUA DOUTOR CORNÉLIO DE MELLO JÚNIOR, 117"
2016,199,113,1,51,FELIPE PEIXOTO,1031,ESCOLA MUNICIPAL HONORINA DE CARVALHO,RUA PROF. JOSE PECANHA S/N
2016,199,113,2,66,FELIPE PEIXOTO,1031,ESCOLA MUNICIPAL HONORINA DE CARVALHO,RUA PROF. JOSE PECANHA S/N
2016,199,114,1,72,FELIPE PEIXOTO,1198,ESCOLA ESTADUAL RUI FRAZAO SOARES - CIEP 448,ESTRADA DO ENGENHO DO MATO S/N - PRACA
2016,199,114,2,72,FELIPE PEIXOTO,1198,ESCOLA ESTADUAL RUI FRAZAO SOARES - CIEP 448,ESTRADA DO ENGENHO DO MATO S/N - PRACA
2016,199,115,1,43,FELIPE PEIXOTO,1244,CURSO LAPLACE,"RUA MANOEL PACHECO DE CARVALHO, N 80"
2016,199,115,2,48,FELIPE PEIXOTO,1244,CURSO LAPLACE,"RUA MANOEL PACHECO DE CARVALHO, N 80"
2016,199,116,1,49,FELIPE PEIXOTO,1090,ESCOLA ESTADUAL PROF. ALCINA RODRIGUES LIMA,"ESTRADA FRANCISCO DA CRUZ NUNES, S/N"
2016,199,116,2,60,FELIPE PEIXOTO,1090,ESCOLA ESTADUAL PROF. ALCINA RODRIGUES LIMA,"ESTRADA FRANCISCO DA CRUZ NUNES, S/N"
2016,199,117,1,56,FELIPE PEIXOTO,1155,COLEGIO ITAPUCA,"AV. ERNANI DE FARIAS ALVES, N 124 TREVO DE PIRATININGA"
2016,199,117,2,87,FELIPE PEIXOTO,1155,COLEGIO ITAPUCA,"AV. ERNANI DE FARIAS ALVES, N 124 TREVO DE PIRATININGA"
2016,199,118,1,48,FELIPE PEIXOTO,1112,COLÉGIO SALESIANO REGIÃO OCEÂNICA,"RUA DOUTOR CORNÉLIO DE MELLO JÚNIOR, 117"
2016,199,118,2,59,FELIPE PEIXOTO,1112,COLÉGIO SALESIANO REGIÃO OCEÂNICA,"RUA DOUTOR CORNÉLIO DE MELLO JÚNIOR, 117"
2016,199,119,1,100,FELIPE PEIXOTO,1066,ITACOATIARA PAMPO CLUBE,AV. BEIRA MAR 205
2016,199,119,2,106,FELIPE PEIXOTO,1066,ITACOATIARA PAMPO CLUBE,AV. BEIRA MAR 205
2016,199,12,1,42,FELIPE PEIXOTO,1031,ESCOLA MUNICIPAL HONORINA DE CARVALHO,RUA PROF. JOSE PECANHA S/N
2016,199,12,2,81,FELIPE PEIXOTO,1031,ESCOLA MUNICIPAL HONORINA DE CARVALHO,RUA PROF. JOSE PECANHA S/N
2016,199,120,1,69,FELIPE PEIXOTO,1015,COUNTRY CLUB DE NITEROI,RUA CHILE 135
2016,199,120,2,128,FELIPE PEIXOTO,1015,COUNTRY CLUB DE NITEROI,RUA CHILE 135
2016,199,121,1,51,FELIPE PEIXOTO,1198,ESCOLA ESTADUAL RUI FRAZAO SOARES - CIEP 448,ESTRADA DO ENGENHO DO MATO S/N - PRACA
2016,199,121,2,73,FELIPE PEIXOTO,1198,ESCOLA ESTADUAL RUI FRAZAO SOARES - CIEP 448,ESTRADA DO ENGENHO DO MATO S/N - PRACA
2016,199,123,1,56,FELIPE PEIXOTO,1139,ESCOLA MUNICIPAL FRANCISCO PORTUGAL NEVES,"RUA MANOEL PACHECO DE CARVALHO, N 14 TREVO DE PIRATININGA"
2016,199,123,2,56,FELIPE PEIXOTO,1139,ESCOLA MUNICIPAL FRANCISCO PORTUGAL NEVES,"RUA MANOEL PACHECO DE CARVALHO, N 14 TREVO DE PIRATININGA"
2016,199,124,1,53,FELIPE PEIXOTO,1082,COLÉGIO CENECISTA ATHAYDE PARREIRAS,"EST. FRANCISCO DA CRUZ NUNES, 7245"
2016,199,124,2,64,FELIPE PEIXOTO,1082,COLÉGIO CENECISTA ATHAYDE PARREIRAS,"EST. FRANCISCO DA CRUZ NUNES, 7245"
2016,199,125,1,44,FELIPE PEIXOTO,1031,ESCOLA MUNICIPAL HONORINA DE CARVALHO,RUA PROF. JOSE PECANHA S/N
2016,199,125,2,63,FELIPE PEIXOTO,1031,ESCOLA MUNICIPAL HONORINA DE CARVALHO,RUA PROF. JOSE PECANHA S/N
2016,199,126,1,65,FELIPE PEIXOTO,1198,ESCOLA ESTADUAL RUI FRAZAO SOARES - CIEP 448,ESTRADA DO ENGENHO DO MATO S/N - PRACA
2016,199,126,2,73,FELIPE PEIXOTO,1198,ESCOLA ESTADUAL RUI FRAZAO SOARES - CIEP 448,ESTRADA DO ENGENHO DO MATO S/N - PRACA
2016,199,127,1,48,FELIPE PEIXOTO,1090,ESCOLA ESTADUAL PROF. ALCINA RODRIGUES LIMA,"ESTRADA FRANCISCO DA CRUZ NUNES, S/N"
2016,199,127,2,60,FELIPE PEIXOTO,1090,ESCOLA ESTADUAL PROF. ALCINA RODRIGUES LIMA,"ESTRADA FRANCISCO DA CRUZ NUNES, S/N"
2016,199,129,1,68,FELIPE PEIXOTO,1155,COLEGIO ITAPUCA,"AV. ERNANI DE FARIAS ALVES, N 124 TREVO DE PIRATININGA"
2016,199,129,2,80,FELIPE PEIXOTO,1155,COLEGIO ITAPUCA,"AV. ERNANI DE FARIAS ALVES, N 124 TREVO DE PIRATININGA"
2016,199,13,1,48,FELIPE PEIXOTO,1031,ESCOLA MUNICIPAL HONORINA DE CARVALHO,RUA PROF. JOSE PECANHA S/N
2016,199,13,2,85,FELIPE PEIXOTO,1031,ESCOLA MUNICIPAL HONORINA DE CARVALHO,RUA PROF. JOSE PECANHA S/N
2016,199,130,1,58,FELIPE PEIXOTO,1198,ESCOLA ESTADUAL RUI FRAZAO SOARES - CIEP 448,ESTRADA DO ENGENHO DO MATO S/N - PRACA
2016,199,130,2,78,FELIPE PEIXOTO,1198,ESCOLA ESTADUAL RUI FRAZAO SOARES - CIEP 448,ESTRADA DO ENGENHO DO MATO S/N - PRACA
2016,199,132,1,52,FELIPE PEIXOTO,1155,COLEGIO ITAPUCA,"AV. ERNANI DE FARIAS ALVES, N 124 TREVO DE PIRATININGA"
2016,199,132,2,74,FELIPE PEIXOTO,1155,COLEGIO ITAPUCA,"AV. ERNANI DE FARIAS ALVES, N 124 TREVO DE PIRATININGA"
2016,199,133,1,53,FELIPE PEIXOTO,1198,ESCOLA ESTADUAL RUI FRAZAO SOARES - CIEP 448,ESTRADA DO ENGENHO DO MATO S/N - PRACA
2016,199,133,2,60,FELIPE PEIXOTO,1198,ESCOLA ESTADUAL RUI FRAZAO SOARES - CIEP 448,ESTRADA DO ENGENHO DO MATO S/N - PRACA
2016,199,134,1,22,FELIPE PEIXOTO,1244,CURSO LAPLACE,"RUA MANOEL PACHECO DE CARVALHO, N 80"
2016,199,134,2,29,FELIPE PEIXOTO,1244,CURSO LAPLACE,"RUA MANOEL PACHECO DE CARVALHO, N 80"
2016,199,135,1,62,FELIPE PEIXOTO,1090,ESCOLA ESTADUAL PROF. ALCINA RODRIGUES LIMA,"ESTRADA FRANCISCO DA CRUZ NUNES, S/N"
2016,199,135,2,74,FELIPE PEIXOTO,1090,ESCOLA ESTADUAL PROF. ALCINA RODRIGUES LIMA,"ESTRADA FRANCISCO DA CRUZ NUNES, S/N"
2016,199,136,1,72,FELIPE PEIXOTO,1244,CURSO LAPLACE,"RUA MANOEL PACHECO DE CARVALHO, N 80"
2016,199,136,2,92,FELIPE PEIXOTO,1244,CURSO LAPLACE,"RUA MANOEL PACHECO DE CARVALHO, N 80"
2016,199,138,1,65,FELIPE PEIXOTO,1112,COLÉGIO SALESIANO REGIÃO OCEÂNICA,"RUA DOUTOR CORNÉLIO DE MELLO JÚNIOR, 117"
2016,199,138,2,85,FELIPE PEIXOTO,1112,COLÉGIO SALESIANO REGIÃO OCEÂNICA,"RUA DOUTOR CORNÉLIO DE MELLO JÚNIOR, 117"
2016,199,139,1,57,FELIPE PEIXOTO,1198,ESCOLA ESTADUAL RUI FRAZAO SOARES - CIEP 448,ESTRADA DO ENGENHO DO MATO S/N - PRACA
2016,199,139,2,60,FELIPE PEIXOTO,1198,ESCOLA ESTADUAL RUI FRAZAO SOARES - CIEP 448,ESTRADA DO ENGENHO DO MATO S/N - PRACA
2016,199,140,1,65,FELIPE PEIXOTO,1074,COLÉGIO GAUSS EM ITAIPU,AVENIDA FREI FABIANO N 155 LOT SANTO ANTÔNIO ITAIPU
2016,199,140,2,75,FELIPE PEIXOTO,1074,COLÉGIO GAUSS EM ITAIPU,AVENIDA FREI FABIANO N 155 LOT SANTO ANTÔNIO ITAIPU
2016,199,141,1,35,FELIPE PEIXOTO,1082,COLÉGIO CENECISTA ATHAYDE PARREIRAS,"EST. FRANCISCO DA CRUZ NUNES, 7245"
2016,199,141,2,51,FELIPE PEIXOTO,1082,COLÉGIO CENECISTA ATHAYDE PARREIRAS,"EST. FRANCISCO DA CRUZ NUNES, 7245"
2016,199,142,1,75,FELIPE PEIXOTO,1317,COLÉGIO PAULO FREIRE,"AVENIDA IRENE LOPES SODRÉ, N22"
2016,199,142,2,96,FELIPE PEIXOTO,1317,COLÉGIO PAULO FREIRE,"AVENIDA IRENE LOPES SODRÉ, N22"
2016,199,143,1,56,FELIPE PEIXOTO,1155,COLEGIO ITAPUCA,"AV. ERNANI DE FARIAS ALVES, N 124 TREVO DE PIRATININGA"
2016,199,143,2,73,FELIPE PEIXOTO,1155,COLEGIO ITAPUCA,"AV. ERNANI DE FARIAS ALVES, N 124 TREVO DE PIRATININGA"
2016,199,144,1,51,FELIPE PEIXOTO,1139,ESCOLA MUNICIPAL FRANCISCO PORTUGAL NEVES,"RUA MANOEL PACHECO DE CARVALHO, N 14 TREVO DE PIRATININGA"
2016,199,144,2,67,FELIPE PEIXOTO,1139,ESCOLA MUNICIPAL FRANCISCO PORTUGAL NEVES,"RUA MANOEL PACHECO DE CARVALHO, N 14 TREVO DE PIRATININGA"
2016,199,145,1,50,FELIPE PEIXOTO,1090,ESCOLA ESTADUAL PROF. ALCINA RODRIGUES LIMA,"ESTRADA FRANCISCO DA CRUZ NUNES, S/N"
2016,199,145,2,62,FELIPE PEIXOTO,1090,ESCOLA ESTADUAL PROF. ALCINA RODRIGUES LIMA,"ESTRADA FRANCISCO DA CRUZ NUNES, S/N"
2016,199,147,1,44,FELIPE PEIXOTO,1112,COLÉGIO SALESIANO REGIÃO OCEÂNICA,"RUA DOUTOR CORNÉLIO DE MELLO JÚNIOR, 117"
2016,199,147,2,62,FELIPE PEIXOTO,1112,COLÉGIO SALESIANO REGIÃO OCEÂNICA,"RUA DOUTOR CORNÉLIO DE MELLO JÚNIOR, 117"
2016,199,148,1,62,FELIPE PEIXOTO,1031,ESCOLA MUNICIPAL HONORINA DE CARVALHO,RUA PROF. JOSE PECANHA S/N
2016,199,148,2,100,FELIPE PEIXOTO,1031,ESCOLA MUNICIPAL HONORINA DE CARVALHO,RUA PROF. JOSE PECANHA S/N
2016,199,149,1,57,FELIPE PEIXOTO,1198,ESCOLA ESTADUAL RUI FRAZAO SOARES - CIEP 448,ESTRADA DO ENGENHO DO MATO S/N - PRACA
2016,199,149,2,64,FELIPE PEIXOTO,1198,ESCOLA ESTADUAL RUI FRAZAO SOARES - CIEP 448,ESTRADA DO ENGENHO DO MATO S/N - PRACA
2016,199,150,1,93,FELIPE PEIXOTO,1066,ITACOATIARA PAMPO CLUBE,AV. BEIRA MAR 205
2016,199,150,2,105,FELIPE PEIXOTO,1066,ITACOATIARA PAMPO CLUBE,AV. BEIRA MAR 205
2016,199,151,1,46,FELIPE PEIXOTO,1090,ESCOLA ESTADUAL PROF. ALCINA RODRIGUES LIMA,"ESTRADA FRANCISCO DA CRUZ NUNES, S/N"
2016,199,151,2,71,FELIPE PEIXOTO,1090,ESCOLA ESTADUAL PROF. ALCINA RODRIGUES LIMA,"ESTRADA FRANCISCO DA CRUZ NUNES, S/N"
2016,199,152,1,67,FELIPE PEIXOTO,1260,COLÉGIO PLUZ,"RUA JOSÉ BITTENCOURT (ANT RUA 10 SOTER), N 20"
2016,199,152,2,82,FELIPE PEIXOTO,1260,COLÉGIO PLUZ,"RUA JOSÉ BITTENCOURT (ANT RUA 10 SOTER), N 20"
2016,199,153,1,77,FELIPE PEIXOTO,1252,CIEP 307 -  DJANIRA,AV. EWERTON XAVIER S/N - PRACA
2016,199,153,2,101,FELIPE PEIXOTO,1252,CIEP 307 -  DJANIRA,AV. EWERTON XAVIER S/N - PRACA
2016,199,154,1,70,FELIPE PEIXOTO,1279,COLÉGIO SAINT NICHOLAS (EX INSTITUTO SARALÊ),"AVENIDA PROF CARLOS NELSON FERREIRA SANTOS(ANT AVENIDA 5) , 658"
2016,199,154,2,91,FELIPE PEIXOTO,1279,COLÉGIO SAINT NICHOLAS (EX INSTITUTO SARALÊ),"AVENIDA PROF CARLOS NELSON FERREIRA SANTOS(ANT AVENIDA 5) , 658"
2016,199,155,1,47,FELIPE PEIXOTO,1112,COLÉGIO SALESIANO REGIÃO OCEÂNICA,"RUA DOUTOR CORNÉLIO DE MELLO JÚNIOR, 117"
2016,199,155,2,55,FELIPE PEIXOTO,1112,COLÉGIO SALESIANO REGIÃO OCEÂNICA,"RUA DOUTOR CORNÉLIO DE MELLO JÚNIOR, 117"
2016,199,156,1,45,FELIPE PEIXOTO,1155,COLEGIO ITAPUCA,"AV. ERNANI DE FARIAS ALVES, N 124 TREVO DE PIRATININGA"
2016,199,156,2,78,FELIPE PEIXOTO,1155,COLEGIO ITAPUCA,"AV. ERNANI DE FARIAS ALVES, N 124 TREVO DE PIRATININGA"
2016,199,157,1,71,FELIPE PEIXOTO,1015,COUNTRY CLUB DE NITEROI,RUA CHILE 135
2016,199,157,2,94,FELIPE PEIXOTO,1015,COUNTRY CLUB DE NITEROI,RUA CHILE 135
2016,199,158,1,74,FELIPE PEIXOTO,1287,ESCOLA MUNICPAL PROF MARCOS WALDEMAR DE FREITAS REIS,"RUA ANTONIO LUIZ SAIÃO, S/N ITAIPU"
2016,199,158,2,94,FELIPE PEIXOTO,1287,ESCOLA MUNICPAL PROF MARCOS WALDEMAR DE FREITAS REIS,"RUA ANTONIO LUIZ SAIÃO, S/N ITAIPU"
2016,199,160,1,58,FELIPE PEIXOTO,1120,ESCOLA ESTADUAL ALMIRANTE TAMANDARE,AV. ACURCIO TORRES S/N
2016,199,160,2,74,FELIPE PEIXOTO,1120,ESCOLA ESTADUAL ALMIRANTE TAMANDARE,AV. ACURCIO TORRES S/N
2016,199,161,1,66,FELIPE PEIXOTO,1260,COLÉGIO PLUZ,"RUA JOSÉ BITTENCOURT (ANT RUA 10 SOTER), N 20"
2016,199,161,2,79,FELIPE PEIXOTO,1260,COLÉGIO PLUZ,"RUA JOSÉ BITTENCOURT (ANT RUA 10 SOTER), N 20"
2016,199,162,1,51,FELIPE PEIXOTO,1198,ESCOLA ESTADUAL RUI FRAZAO SOARES - CIEP 448,ESTRADA DO ENGENHO DO MATO S/N - PRACA
2016,199,162,2,80,FELIPE PEIXOTO,1198,ESCOLA ESTADUAL RUI FRAZAO SOARES - CIEP 448,ESTRADA DO ENGENHO DO MATO S/N - PRACA
2016,199,163,1,65,FELIPE PEIXOTO,1260,COLÉGIO PLUZ,"RUA JOSÉ BITTENCOURT (ANT RUA 10 SOTER), N 20"
2016,199,163,2,84,FELIPE PEIXOTO,1260,COLÉGIO PLUZ,"RUA JOSÉ BITTENCOURT (ANT RUA 10 SOTER), N 20"
2016,199,165,1,67,FELIPE PEIXOTO,1090,ESCOLA ESTADUAL PROF. ALCINA RODRIGUES LIMA,"ESTRADA FRANCISCO DA CRUZ NUNES, S/N"
2016,199,165,2,74,FELIPE PEIXOTO,1090,ESCOLA ESTADUAL PROF. ALCINA RODRIGUES LIMA,"ESTRADA FRANCISCO DA CRUZ NUNES, S/N"
2016,199,166,1,59,FELIPE PEIXOTO,1031,ESCOLA MUNICIPAL HONORINA DE CARVALHO,RUA PROF. JOSE PECANHA S/N
2016,199,166,2,89,FELIPE PEIXOTO,1031,ESCOLA MUNICIPAL HONORINA DE CARVALHO,RUA PROF. JOSE PECANHA S/N
2016,199,167,1,38,FELIPE PEIXOTO,1112,COLÉGIO SALESIANO REGIÃO OCEÂNICA,"RUA DOUTOR CORNÉLIO DE MELLO JÚNIOR, 117"
2016,199,167,2,52,FELIPE PEIXOTO,1112,COLÉGIO SALESIANO REGIÃO OCEÂNICA,"RUA DOUTOR CORNÉLIO DE MELLO JÚNIOR, 117"
2016,199,168,1,68,FELIPE PEIXOTO,1139,ESCOLA MUNICIPAL FRANCISCO PORTUGAL NEVES,"RUA MANOEL PACHECO DE CARVALHO, N 14 TREVO DE PIRATININGA"
2016,199,168,2,78,FELIPE PEIXOTO,1139,ESCOLA MUNICIPAL FRANCISCO PORTUGAL NEVES,"RUA MANOEL PACHECO DE CARVALHO, N 14 TREVO DE PIRATININGA"
2016,199,169,1,60,FELIPE PEIXOTO,1317,COLÉGIO PAULO FREIRE,"AVENIDA IRENE LOPES SODRÉ, N22"
2016,199,169,2,76,FELIPE PEIXOTO,1317,COLÉGIO PAULO FREIRE,"AVENIDA IRENE LOPES SODRÉ, N22"
2016,199,170,1,94,FELIPE PEIXOTO,1279,COLÉGIO SAINT NICHOLAS (EX INSTITUTO SARALÊ),"AVENIDA PROF CARLOS NELSON FERREIRA SANTOS(ANT AVENIDA 5) , 658"
2016,199,170,2,119,FELIPE PEIXOTO,1279,COLÉGIO SAINT NICHOLAS (EX INSTITUTO SARALÊ),"AVENIDA PROF CARLOS NELSON FERREIRA SANTOS(ANT AVENIDA 5) , 658"
2016,199,171,1,68,FELIPE PEIXOTO,1260,COLÉGIO PLUZ,"RUA JOSÉ BITTENCOURT (ANT RUA 10 SOTER), N 20"
2016,199,171,2,90,FELIPE PEIXOTO,1260,COLÉGIO PLUZ,"RUA JOSÉ BITTENCOURT (ANT RUA 10 SOTER), N 20"
2016,199,173,1,62,FELIPE PEIXOTO,1112,COLÉGIO SALESIANO REGIÃO OCEÂNICA,"RUA DOUTOR CORNÉLIO DE MELLO JÚNIOR, 117"
2016,199,173,2,89,FELIPE PEIXOTO,1112,COLÉGIO SALESIANO REGIÃO OCEÂNICA,"RUA DOUTOR CORNÉLIO DE MELLO JÚNIOR, 117"
2016,199,174,1,82,FELIPE PEIXOTO,1287,ESCOLA MUNICPAL PROF MARCOS WALDEMAR DE FREITAS REIS,"RUA ANTONIO LUIZ SAIÃO, S/N ITAIPU"
2016,199,174,2,93,FELIPE PEIXOTO,1287,ESCOLA MUNICPAL PROF MARCOS WALDEMAR DE FREITAS REIS,"RUA ANTONIO LUIZ SAIÃO, S/N ITAIPU"
2016,199,175,1,97,FELIPE PEIXOTO,1066,ITACOATIARA PAMPO CLUBE,AV. BEIRA MAR 205
2016,199,175,2,123,FELIPE PEIXOTO,1066,ITACOATIARA PAMPO CLUBE,AV. BEIRA MAR 205
2016,199,176,1,85,FELIPE PEIXOTO,1260,COLÉGIO PLUZ,"RUA JOSÉ BITTENCOURT (ANT RUA 10 SOTER), N 20"
2016,199,176,2,94,FELIPE PEIXOTO,1260,COLÉGIO PLUZ,"RUA JOSÉ BITTENCOURT (ANT RUA 10 SOTER), N 20"
2016,199,177,1,78,FELIPE PEIXOTO,1295,UMEI PROFA ODETE ROSA DA MATA,ESTRADA FRANCISCO DA CRUZ NUNES S/N (PRÓXIMO AO CORPO DE BOMBEIROS)
2016,199,177,2,94,FELIPE PEIXOTO,1295,UMEI PROFA ODETE ROSA DA MATA,ESTRADA FRANCISCO DA CRUZ NUNES S/N (PRÓXIMO AO CORPO DE BOMBEIROS)
2016,199,178,1,65,FELIPE PEIXOTO,1155,COLEGIO ITAPUCA,"AV. ERNANI DE FARIAS ALVES, N 124 TREVO DE PIRATININGA"
2016,199,178,2,97,FELIPE PEIXOTO,1155,COLEGIO ITAPUCA,"AV. ERNANI DE FARIAS ALVES, N 124 TREVO DE PIRATININGA"
2016,199,179,1,99,FELIPE PEIXOTO,1341,SOPRECAM,"AV. PROFESSOR CARLOS NELSON FERREIRA, S/N"
2016,199,179,2,95,FELIPE PEIXOTO,1341,SOPRECAM,"AV. PROFESSOR CARLOS NELSON FERREIRA, S/N"
2016,199,180,1,59,FELIPE PEIXOTO,1198,ESCOLA ESTADUAL RUI FRAZAO SOARES - CIEP 448,ESTRADA DO ENGENHO DO MATO S/N - PRACA
2016,199,180,2,93,FELIPE PEIXOTO,1198,ESCOLA ESTADUAL RUI FRAZAO SOARES - CIEP 448,ESTRADA DO ENGENHO DO MATO S/N - PRACA
2016,199,181,1,96,FELIPE PEIXOTO,1015,COUNTRY CLUB DE NITEROI,RUA CHILE 135
2016,199,181,2,121,FELIPE PEIXOTO,1015,COUNTRY CLUB DE NITEROI,RUA CHILE 135
2016,199,182,1,55,FELIPE PEIXOTO,1112,COLÉGIO SALESIANO REGIÃO OCEÂNICA,"RUA DOUTOR CORNÉLIO DE MELLO JÚNIOR, 117"
2016,199,182,2,81,FELIPE PEIXOTO,1112,COLÉGIO SALESIANO REGIÃO OCEÂNICA,"RUA DOUTOR CORNÉLIO DE MELLO JÚNIOR, 117"
2016,199,183,1,73,FELIPE PEIXOTO,1252,CIEP 307 -  DJANIRA,AV. EWERTON XAVIER S/N - PRACA
2016,199,183,2,83,FELIPE PEIXOTO,1252,CIEP 307 -  DJANIRA,AV. EWERTON XAVIER S/N - PRACA
2016,199,184,1,77,FELIPE PEIXOTO,1260,COLÉGIO PLUZ,"RUA JOSÉ BITTENCOURT (ANT RUA 10 SOTER), N 20"
2016,199,184,2,94,FELIPE PEIXOTO,1260,COLÉGIO PLUZ,"RUA JOSÉ BITTENCOURT (ANT RUA 10 SOTER), N 20"
2016,199,185,1,60,FELIPE PEIXOTO,1155,COLEGIO ITAPUCA,"AV. ERNANI DE FARIAS ALVES, N 124 TREVO DE PIRATININGA"
2016,199,185,2,74,FELIPE PEIXOTO,1155,COLEGIO ITAPUCA,"AV. ERNANI DE FARIAS ALVES, N 124 TREVO DE PIRATININGA"
2016,199,186,1,57,FELIPE PEIXOTO,1031,ESCOLA MUNICIPAL HONORINA DE CARVALHO,RUA PROF. JOSE PECANHA S/N
2016,199,186,2,99,FELIPE PEIXOTO,1031,ESCOLA MUNICIPAL HONORINA DE CARVALHO,RUA PROF. JOSE PECANHA S/N
2016,199,187,1,66,FELIPE PEIXOTO,1104,FISK CENTRO DE ENSINO,RUA ERNANI DE FARIAS ALVES 161
2016,199,187,2,78,FELIPE PEIXOTO,1104,FISK CENTRO DE ENSINO,RUA ERNANI DE FARIAS ALVES 161
2016,199,188,1,78,FELIPE PEIXOTO,1260,COLÉGIO PLUZ,"RUA JOSÉ BITTENCOURT (ANT RUA 10 SOTER), N 20"
2016,199,188,2,104,FELIPE PEIXOTO,1260,COLÉGIO PLUZ,"RUA JOSÉ BITTENCOURT (ANT RUA 10 SOTER), N 20"
2016,199,189,1,49,FELIPE PEIXOTO,1120,ESCOLA ESTADUAL ALMIRANTE TAMANDARE,AV. ACURCIO TORRES S/N
2016,199,189,2,69,FELIPE PEIXOTO,1120,ESCOLA ESTADUAL ALMIRANTE TAMANDARE,AV. ACURCIO TORRES S/N
2016,199,190,1,81,FELIPE PEIXOTO,1279,COLÉGIO SAINT NICHOLAS (EX INSTITUTO SARALÊ),"AVENIDA PROF CARLOS NELSON FERREIRA SANTOS(ANT AVENIDA 5) , 658"
2016,199,190,2,104,FELIPE PEIXOTO,1279,COLÉGIO SAINT NICHOLAS (EX INSTITUTO SARALÊ),"AVENIDA PROF CARLOS NELSON FERREIRA SANTOS(ANT AVENIDA 5) , 658"
2016,199,191,1,85,FELIPE PEIXOTO,1295,UMEI PROFA ODETE ROSA DA MATA,ESTRADA FRANCISCO DA CRUZ NUNES S/N (PRÓXIMO AO CORPO DE BOMBEIROS)
2016,199,191,2,110,FELIPE PEIXOTO,1295,UMEI PROFA ODETE ROSA DA MATA,ESTRADA FRANCISCO DA CRUZ NUNES S/N (PRÓXIMO AO CORPO DE BOMBEIROS)
2016,199,192,1,43,FELIPE PEIXOTO,1155,COLEGIO ITAPUCA,"AV. ERNANI DE FARIAS ALVES, N 124 TREVO DE PIRATININGA"
2016,199,192,2,81,FELIPE PEIXOTO,1155,COLEGIO ITAPUCA,"AV. ERNANI DE FARIAS ALVES, N 124 TREVO DE PIRATININGA"
2016,199,193,1,83,FELIPE PEIXOTO,1260,COLÉGIO PLUZ,"RUA JOSÉ BITTENCOURT (ANT RUA 10 SOTER), N 20"
2016,199,193,2,108,FELIPE PEIXOTO,1260,COLÉGIO PLUZ,"RUA JOSÉ BITTENCOURT (ANT RUA 10 SOTER), N 20"
2016,199,194,1,66,FELIPE PEIXOTO,1295,UMEI PROFA ODETE ROSA DA MATA,ESTRADA FRANCISCO DA CRUZ NUNES S/N (PRÓXIMO AO CORPO DE BOMBEIROS)
2016,199,194,2,75,FELIPE PEIXOTO,1295,UMEI PROFA ODETE ROSA DA MATA,ESTRADA FRANCISCO DA CRUZ NUNES S/N (PRÓXIMO AO CORPO DE BOMBEIROS)
2016,199,195,1,69,FELIPE PEIXOTO,1074,COLÉGIO GAUSS EM ITAIPU,AVENIDA FREI FABIANO N 155 LOT SANTO ANTÔNIO ITAIPU
2016,199,195,2,95,FELIPE PEIXOTO,1074,COLÉGIO GAUSS EM ITAIPU,AVENIDA FREI FABIANO N 155 LOT SANTO ANTÔNIO ITAIPU
2016,199,196,1,85,FELIPE PEIXOTO,1015,COUNTRY CLUB DE NITEROI,RUA CHILE 135
2016,199,196,2,118,FELIPE PEIXOTO,1015,COUNTRY CLUB DE NITEROI,RUA CHILE 135
2016,199,197,1,72,FELIPE PEIXOTO,1295,UMEI PROFA ODETE ROSA DA MATA,ESTRADA FRANCISCO DA CRUZ NUNES S/N (PRÓXIMO AO CORPO DE BOMBEIROS)
2016,199,197,2,102,FELIPE PEIXOTO,1295,UMEI PROFA ODETE ROSA DA MATA,ESTRADA FRANCISCO DA CRUZ NUNES S/N (PRÓXIMO AO CORPO DE BOMBEIROS)
2016,199,198,1,63,FELIPE PEIXOTO,1104,FISK CENTRO DE ENSINO,RUA ERNANI DE FARIAS ALVES 161
2016,199,198,2,89,FELIPE PEIXOTO,1104,FISK CENTRO DE ENSINO,RUA ERNANI DE FARIAS ALVES 161
2016,199,199,1,65,FELIPE PEIXOTO,1244,CURSO LAPLACE,"RUA MANOEL PACHECO DE CARVALHO, N 80"
2016,199,199,2,82,FELIPE PEIXOTO,1244,CURSO LAPLACE,"RUA MANOEL PACHECO DE CARVALHO, N 80"
2016,199,2,1,79,FELIPE PEIXOTO,1015,COUNTRY CLUB DE NITEROI,RUA CHILE 135
2016,199,2,2,114,FELIPE PEIXOTO,1015,COUNTRY CLUB DE NITEROI,RUA CHILE 135
2016,199,200,1,69,FELIPE PEIXOTO,1279,COLÉGIO SAINT NICHOLAS (EX INSTITUTO SARALÊ),"AVENIDA PROF CARLOS NELSON FERREIRA SANTOS(ANT AVENIDA 5) , 658"
2016,199,200,2,92,FELIPE PEIXOTO,1279,COLÉGIO SAINT NICHOLAS (EX INSTITUTO SARALÊ),"AVENIDA PROF CARLOS NELSON FERREIRA SANTOS(ANT AVENIDA 5) , 658"
2016,199,201,1,61,FELIPE PEIXOTO,1252,CIEP 307 -  DJANIRA,AV. EWERTON XAVIER S/N - PRACA
2016,199,201,2,82,FELIPE PEIXOTO,1252,CIEP 307 -  DJANIRA,AV. EWERTON XAVIER S/N - PRACA
2016,199,202,1,81,FELIPE PEIXOTO,1317,COLÉGIO PAULO FREIRE,"AVENIDA IRENE LOPES SODRÉ, N22"
2016,199,202,2,99,FELIPE PEIXOTO,1317,COLÉGIO PAULO FREIRE,"AVENIDA IRENE LOPES SODRÉ, N22"
2016,199,203,1,39,FELIPE PEIXOTO,1287,ESCOLA MUNICPAL PROF MARCOS WALDEMAR DE FREITAS REIS,"RUA ANTONIO LUIZ SAIÃO, S/N ITAIPU"
2016,199,203,2,52,FELIPE PEIXOTO,1287,ESCOLA MUNICPAL PROF MARCOS WALDEMAR DE FREITAS REIS,"RUA ANTONIO LUIZ SAIÃO, S/N ITAIPU"
2016,199,204,1,76,FELIPE PEIXOTO,1260,COLÉGIO PLUZ,"RUA JOSÉ BITTENCOURT (ANT RUA 10 SOTER), N 20"
2016,199,204,2,106,FELIPE PEIXOTO,1260,COLÉGIO PLUZ,"RUA JOSÉ BITTENCOURT (ANT RUA 10 SOTER), N 20"
2016,199,205,1,71,FELIPE PEIXOTO,1295,UMEI PROFA ODETE ROSA DA MATA,ESTRADA FRANCISCO DA CRUZ NUNES S/N (PRÓXIMO AO CORPO DE BOMBEIROS)
2016,199,205,2,109,FELIPE PEIXOTO,1295,UMEI PROFA ODETE ROSA DA MATA,ESTRADA FRANCISCO DA CRUZ NUNES S/N (PRÓXIMO AO CORPO DE BOMBEIROS)
2016,199,206,1,34,FELIPE PEIXOTO,1325,ESCOLA MUNICIPAL SÍTIO DO IPÊ,RUA PROF. JOSÉ PEÇANHA
2016,199,206,2,52,FELIPE PEIXOTO,1325,ESCOLA MUNICIPAL SÍTIO DO IPÊ,RUA PROF. JOSÉ PEÇANHA
2016,199,207,1,57,FELIPE PEIXOTO,1104,FISK CENTRO DE ENSINO,RUA ERNANI DE FARIAS ALVES 161
2016,199,207,2,75,FELIPE PEIXOTO,1104,FISK CENTRO DE ENSINO,RUA ERNANI DE FARIAS ALVES 161
2016,199,208,1,73,FELIPE PEIXOTO,1260,COLÉGIO PLUZ,"RUA JOSÉ BITTENCOURT (ANT RUA 10 SOTER), N 20"
2016,199,208,2,88,FELIPE PEIXOTO,1260,COLÉGIO PLUZ,"RUA JOSÉ BITTENCOURT (ANT RUA 10 SOTER), N 20"
2016,199,209,1,40,FELIPE PEIXOTO,1317,COLÉGIO PAULO FREIRE,"AVENIDA IRENE LOPES SODRÉ, N22"
2016,199,209,2,51,FELIPE PEIXOTO,1317,COLÉGIO PAULO FREIRE,"AVENIDA IRENE LOPES SODRÉ, N22"
2016,199,21,1,87,FELIPE PEIXOTO,1066,ITACOATIARA PAMPO CLUBE,AV. BEIRA MAR 205
2016,199,21,2,113,FELIPE PEIXOTO,1066,ITACOATIARA PAMPO CLUBE,AV. BEIRA MAR 205
2016,199,211,1,32,FELIPE PEIXOTO,1104,FISK CENTRO DE ENSINO,RUA ERNANI DE FARIAS ALVES 161
2016,199,211,2,43,FELIPE PEIXOTO,1104,FISK CENTRO DE ENSINO,RUA ERNANI DE FARIAS ALVES 161
2016,199,212,1,68,FELIPE PEIXOTO,1317,COLÉGIO PAULO FREIRE,"AVENIDA IRENE LOPES SODRÉ, N22"
2016,199,212,2,90,FELIPE PEIXOTO,1317,COLÉGIO PAULO FREIRE,"AVENIDA IRENE LOPES SODRÉ, N22"
2016,199,213,1,55,FELIPE PEIXOTO,1325,ESCOLA MUNICIPAL SÍTIO DO IPÊ,RUA PROF. JOSÉ PEÇANHA
2016,199,213,2,90,FELIPE PEIXOTO,1325,ESCOLA MUNICIPAL SÍTIO DO IPÊ,RUA PROF. JOSÉ PEÇANHA
2016,199,214,1,40,FELIPE PEIXOTO,1333,ESCOLA ME NINAR,"RUA 03, N 88 E 101"
2016,199,214,2,46,FELIPE PEIXOTO,1333,ESCOLA ME NINAR,"RUA 03, N 88 E 101"
2016,199,215,1,24,FELIPE PEIXOTO,1350,ESCOLA MUNICIPAL MARALEGRE,"RUA DR. WALDIR COSTA, LOTES 10 E 11"
2016,199,215,2,40,FELIPE PEIXOTO,1350,ESCOLA MUNICIPAL MARALEGRE,"RUA DR. WALDIR COSTA, LOTES 10 E 11"
2016,199,216,1,16,FELIPE PEIXOTO,1287,ESCOLA MUNICPAL PROF MARCOS WALDEMAR DE FREITAS REIS,"RUA ANTONIO LUIZ SAIÃO, S/N ITAIPU"
2016,199,216,2,21,FELIPE PEIXOTO,1287,ESCOLA MUNICPAL PROF MARCOS WALDEMAR DE FREITAS REIS,"RUA ANTONIO LUIZ SAIÃO, S/N ITAIPU"
2016,199,217,1,11,FELIPE PEIXOTO,1341,SOPRECAM,"AV. PROFESSOR CARLOS NELSON FERREIRA, S/N"
2016,199,217,2,16,FELIPE PEIXOTO,1341,SOPRECAM,"AV. PROFESSOR CARLOS NELSON FERREIRA, S/N"
2016,199,218,1,34,FELIPE PEIXOTO,1368,UMEI PROFESSORA NINA RITA TORRES,"AVENIDA DOUTOR ACÚRCIO TORRES, 691"
2016,199,218,2,38,FELIPE PEIXOTO,1368,UMEI PROFESSORA NINA RITA TORRES,"AVENIDA DOUTOR ACÚRCIO TORRES, 691"
2016,199,219,1,18,FELIPE PEIXOTO,1317,COLÉGIO PAULO FREIRE,"AVENIDA IRENE LOPES SODRÉ, N22"
2016,199,219,2,24,FELIPE PEIXOTO,1317,COLÉGIO PAULO FREIRE,"AVENIDA IRENE LOPES SODRÉ, N22"
2016,199,22,1,81,FELIPE PEIXOTO,1066,ITACOATIARA PAMPO CLUBE,AV. BEIRA MAR 205
2016,199,22,2,97,FELIPE PEIXOTO,1066,ITACOATIARA PAMPO CLUBE,AV. BEIRA MAR 205
2016,199,23,1,80,FELIPE PEIXOTO,1066,ITACOATIARA PAMPO CLUBE,AV. BEIRA MAR 205
2016,199,23,2,109,FELIPE PEIXOTO,1066,ITACOATIARA PAMPO CLUBE,AV. BEIRA MAR 205
2016,199,24,1,82,FELIPE PEIXOTO,1066,ITACOATIARA PAMPO CLUBE,AV. BEIRA MAR 205
2016,199,24,2,97,FELIPE PEIXOTO,1066,ITACOATIARA PAMPO CLUBE,AV. BEIRA MAR 205
2016,199,25,1,71,FELIPE PEIXOTO,1074,COLÉGIO GAUSS EM ITAIPU,AVENIDA FREI FABIANO N 155 LOT SANTO ANTÔNIO ITAIPU
2016,199,25,2,101,FELIPE PEIXOTO,1074,COLÉGIO GAUSS EM ITAIPU,AVENIDA FREI FABIANO N 155 LOT SANTO ANTÔNIO ITAIPU
2016,199,26,1,76,FELIPE PEIXOTO,1074,COLÉGIO GAUSS EM ITAIPU,AVENIDA FREI FABIANO N 155 LOT SANTO ANTÔNIO ITAIPU
2016,199,26,2,94,FELIPE PEIXOTO,1074,COLÉGIO GAUSS EM ITAIPU,AVENIDA FREI FABIANO N 155 LOT SANTO ANTÔNIO ITAIPU
2016,199,27,1,66,FELIPE PEIXOTO,1074,COLÉGIO GAUSS EM ITAIPU,AVENIDA FREI FABIANO N 155 LOT SANTO ANTÔNIO ITAIPU
2016,199,27,2,93,FELIPE PEIXOTO,1074,COLÉGIO GAUSS EM ITAIPU,AVENIDA FREI FABIANO N 155 LOT SANTO ANTÔNIO ITAIPU
2016,199,28,1,70,FELIPE PEIXOTO,1074,COLÉGIO GAUSS EM ITAIPU,AVENIDA FREI FABIANO N 155 LOT SANTO ANTÔNIO ITAIPU
2016,199,28,2,96,FELIPE PEIXOTO,1074,COLÉGIO GAUSS EM ITAIPU,AVENIDA FREI FABIANO N 155 LOT SANTO ANTÔNIO ITAIPU
2016,199,29,1,67,FELIPE PEIXOTO,1074,COLÉGIO GAUSS EM ITAIPU,AVENIDA FREI FABIANO N 155 LOT SANTO ANTÔNIO ITAIPU
2016,199,29,2,90,FELIPE PEIXOTO,1074,COLÉGIO GAUSS EM ITAIPU,AVENIDA FREI FABIANO N 155 LOT SANTO ANTÔNIO ITAIPU
2016,199,3,1,62,FELIPE PEIXOTO,1015,COUNTRY CLUB DE NITEROI,RUA CHILE 135
2016,199,3,2,105,FELIPE PEIXOTO,1015,COUNTRY CLUB DE NITEROI,RUA CHILE 135
2016,199,30,1,61,FELIPE PEIXOTO,1082,COLÉGIO CENECISTA ATHAYDE PARREIRAS,"EST. FRANCISCO DA CRUZ NUNES, 7245"
2016,199,30,2,78,FELIPE PEIXOTO,1082,COLÉGIO CENECISTA ATHAYDE PARREIRAS,"EST. FRANCISCO DA CRUZ NUNES, 7245"
2016,199,31,1,66,FELIPE PEIXOTO,1082,COLÉGIO CENECISTA ATHAYDE PARREIRAS,"EST. FRANCISCO DA CRUZ NUNES, 7245"
2016,199,31,2,76,FELIPE PEIXOTO,1082,COLÉGIO CENECISTA ATHAYDE PARREIRAS,"EST. FRANCISCO DA CRUZ NUNES, 7245"
2016,199,32,1,39,FELIPE PEIXOTO,1082,COLÉGIO CENECISTA ATHAYDE PARREIRAS,"EST. FRANCISCO DA CRUZ NUNES, 7245"
2016,199,32,2,53,FELIPE PEIXOTO,1082,COLÉGIO CENECISTA ATHAYDE PARREIRAS,"EST. FRANCISCO DA CRUZ NUNES, 7245"
2016,199,33,1,61,FELIPE PEIXOTO,1082,COLÉGIO CENECISTA ATHAYDE PARREIRAS,"EST. FRANCISCO DA CRUZ NUNES, 7245"
2016,199,33,2,70,FELIPE PEIXOTO,1082,COLÉGIO CENECISTA ATHAYDE PARREIRAS,"EST. FRANCISCO DA CRUZ NUNES, 7245"
2016,199,34,1,54,FELIPE PEIXOTO,1090,ESCOLA ESTADUAL PROF. ALCINA RODRIGUES LIMA,"ESTRADA FRANCISCO DA CRUZ NUNES, S/N"
2016,199,34,2,76,FELIPE PEIXOTO,1090,ESCOLA ESTADUAL PROF. ALCINA RODRIGUES LIMA,"ESTRADA FRANCISCO DA CRUZ NUNES, S/N"
2016,199,35,1,57,FELIPE PEIXOTO,1090,ESCOLA ESTADUAL PROF. ALCINA RODRIGUES LIMA,"ESTRADA FRANCISCO DA CRUZ NUNES, S/N"
2016,199,35,2,71,FELIPE PEIXOTO,1090,ESCOLA ESTADUAL PROF. ALCINA RODRIGUES LIMA,"ESTRADA FRANCISCO DA CRUZ NUNES, S/N"
2016,199,36,1,50,FELIPE PEIXOTO,1090,ESCOLA ESTADUAL PROF. ALCINA RODRIGUES LIMA,"ESTRADA FRANCISCO DA CRUZ NUNES, S/N"
2016,199,36,2,61,FELIPE PEIXOTO,1090,ESCOLA ESTADUAL PROF. ALCINA RODRIGUES LIMA,"ESTRADA FRANCISCO DA CRUZ NUNES, S/N"
2016,199,37,1,59,FELIPE PEIXOTO,1090,ESCOLA ESTADUAL PROF. ALCINA RODRIGUES LIMA,"ESTRADA FRANCISCO DA CRUZ NUNES, S/N"
2016,199,37,2,74,FELIPE PEIXOTO,1090,ESCOLA ESTADUAL PROF. ALCINA RODRIGUES LIMA,"ESTRADA FRANCISCO DA CRUZ NUNES, S/N"
2016,199,38,1,58,FELIPE PEIXOTO,1090,ESCOLA ESTADUAL PROF. ALCINA RODRIGUES LIMA,"ESTRADA FRANCISCO DA CRUZ NUNES, S/N"
2016,199,38,2,76,FELIPE PEIXOTO,1090,ESCOLA ESTADUAL PROF. ALCINA RODRIGUES LIMA,"ESTRADA FRANCISCO DA CRUZ NUNES, S/N"
2016,199,39,1,62,FELIPE PEIXOTO,1090,ESCOLA ESTADUAL PROF. ALCINA RODRIGUES LIMA,"ESTRADA FRANCISCO DA CRUZ NUNES, S/N"
2016,199,39,2,72,FELIPE PEIXOTO,1090,ESCOLA ESTADUAL PROF. ALCINA RODRIGUES LIMA,"ESTRADA FRANCISCO DA CRUZ NUNES, S/N"
2016,199,4,1,51,FELIPE PEIXOTO,1023,ESCOLA ESTADUAL FELISBERTO DE CARVALHO,ESTRADA CAETANO MONTEIRO 896
2016,199,4,2,67,FELIPE PEIXOTO,1023,ESCOLA ESTADUAL FELISBERTO DE CARVALHO,ESTRADA CAETANO MONTEIRO 896
2016,199,40,1,63,FELIPE PEIXOTO,1090,ESCOLA ESTADUAL PROF. ALCINA RODRIGUES LIMA,"ESTRADA FRANCISCO DA CRUZ NUNES, S/N"
2016,199,40,2,74,FELIPE PEIXOTO,1090,ESCOLA ESTADUAL PROF. ALCINA RODRIGUES LIMA,"ESTRADA FRANCISCO DA CRUZ NUNES, S/N"
2016,199,41,1,65,FELIPE PEIXOTO,1090,ESCOLA ESTADUAL PROF. ALCINA RODRIGUES LIMA,"ESTRADA FRANCISCO DA CRUZ NUNES, S/N"
2016,199,41,2,87,FELIPE PEIXOTO,1090,ESCOLA ESTADUAL PROF. ALCINA RODRIGUES LIMA,"ESTRADA FRANCISCO DA CRUZ NUNES, S/N"
2016,199,42,1,47,FELIPE PEIXOTO,1082,COLÉGIO CENECISTA ATHAYDE PARREIRAS,"EST. FRANCISCO DA CRUZ NUNES, 7245"
2016,199,42,2,52,FELIPE PEIXOTO,1082,COLÉGIO CENECISTA ATHAYDE PARREIRAS,"EST. FRANCISCO DA CRUZ NUNES, 7245"
2016,199,43,1,45,FELIPE PEIXOTO,1082,COLÉGIO CENECISTA ATHAYDE PARREIRAS,"EST. FRANCISCO DA CRUZ NUNES, 7245"
2016,199,43,2,58,FELIPE PEIXOTO,1082,COLÉGIO CENECISTA ATHAYDE PARREIRAS,"EST. FRANCISCO DA CRUZ NUNES, 7245"
2016,199,44,1,38,FELIPE PEIXOTO,1082,COLÉGIO CENECISTA ATHAYDE PARREIRAS,"EST. FRANCISCO DA CRUZ NUNES, 7245"
2016,199,44,2,49,FELIPE PEIXOTO,1082,COLÉGIO CENECISTA ATHAYDE PARREIRAS,"EST. FRANCISCO DA CRUZ NUNES, 7245"
2016,199,45,1,58,FELIPE PEIXOTO,1112,COLÉGIO SALESIANO REGIÃO OCEÂNICA,"RUA DOUTOR CORNÉLIO DE MELLO JÚNIOR, 117"
2016,199,45,2,69,FELIPE PEIXOTO,1112,COLÉGIO SALESIANO REGIÃO OCEÂNICA,"RUA DOUTOR CORNÉLIO DE MELLO JÚNIOR, 117"
2016,199,46,1,42,FELIPE PEIXOTO,1112,COLÉGIO SALESIANO REGIÃO OCEÂNICA,"RUA DOUTOR CORNÉLIO DE MELLO JÚNIOR, 117"
2016,199,46,2,60,FELIPE PEIXOTO,1112,COLÉGIO SALESIANO REGIÃO OCEÂNICA,"RUA DOUTOR CORNÉLIO DE MELLO JÚNIOR, 117"
2016,199,47,1,50,FELIPE PEIXOTO,1112,COLÉGIO SALESIANO REGIÃO OCEÂNICA,"RUA DOUTOR CORNÉLIO DE MELLO JÚNIOR, 117"
2016,199,47,2,63,FELIPE PEIXOTO,1112,COLÉGIO SALESIANO REGIÃO OCEÂNICA,"RUA DOUTOR CORNÉLIO DE MELLO JÚNIOR, 117"
2016,199,48,1,61,FELIPE PEIXOTO,1112,COLÉGIO SALESIANO REGIÃO OCEÂNICA,"RUA DOUTOR CORNÉLIO DE MELLO JÚNIOR, 117"
2016,199,48,2,85,FELIPE PEIXOTO,1112,COLÉGIO SALESIANO REGIÃO OCEÂNICA,"RUA DOUTOR CORNÉLIO DE MELLO JÚNIOR, 117"
2016,199,49,1,61,FELIPE PEIXOTO,1120,ESCOLA ESTADUAL ALMIRANTE TAMANDARE,AV. ACURCIO TORRES S/N
2016,199,49,2,75,FELIPE PEIXOTO,1120,ESCOLA ESTADUAL ALMIRANTE TAMANDARE,AV. ACURCIO TORRES S/N
2016,199,5,1,51,FELIPE PEIXOTO,1023,ESCOLA ESTADUAL FELISBERTO DE CARVALHO,ESTRADA CAETANO MONTEIRO 896
2016,199,5,2,65,FELIPE PEIXOTO,1023,ESCOLA ESTADUAL FELISBERTO DE CARVALHO,ESTRADA CAETANO MONTEIRO 896
2016,199,50,1,67,FELIPE PEIXOTO,1120,ESCOLA ESTADUAL ALMIRANTE TAMANDARE,AV. ACURCIO TORRES S/N
2016,199,50,2,94,FELIPE PEIXOTO,1120,ESCOLA ESTADUAL ALMIRANTE TAMANDARE,AV. ACURCIO TORRES S/N
2016,199,51,1,53,FELIPE PEIXOTO,1139,ESCOLA MUNICIPAL FRANCISCO PORTUGAL NEVES,"RUA MANOEL PACHECO DE CARVALHO, N 14 TREVO DE PIRATININGA"
2016,199,51,2,67,FELIPE PEIXOTO,1139,ESCOLA MUNICIPAL FRANCISCO PORTUGAL NEVES,"RUA MANOEL PACHECO DE CARVALHO, N 14 TREVO DE PIRATININGA"
2016,199,52,1,50,FELIPE PEIXOTO,1139,ESCOLA MUNICIPAL FRANCISCO PORTUGAL NEVES,"RUA MANOEL PACHECO DE CARVALHO, N 14 TREVO DE PIRATININGA"
2016,199,52,2,57,FELIPE PEIXOTO,1139,ESCOLA MUNICIPAL FRANCISCO PORTUGAL NEVES,"RUA MANOEL PACHECO DE CARVALHO, N 14 TREVO DE PIRATININGA"
2016,199,53,1,40,FELIPE PEIXOTO,1139,ESCOLA MUNICIPAL FRANCISCO PORTUGAL NEVES,"RUA MANOEL PACHECO DE CARVALHO, N 14 TREVO DE PIRATININGA"
2016,199,53,2,54,FELIPE PEIXOTO,1139,ESCOLA MUNICIPAL FRANCISCO PORTUGAL NEVES,"RUA MANOEL PACHECO DE CARVALHO, N 14 TREVO DE PIRATININGA"
2016,199,54,1,48,FELIPE PEIXOTO,1139,ESCOLA MUNICIPAL FRANCISCO PORTUGAL NEVES,"RUA MANOEL PACHECO DE CARVALHO, N 14 TREVO DE PIRATININGA"
2016,199,54,2,61,FELIPE PEIXOTO,1139,ESCOLA MUNICIPAL FRANCISCO PORTUGAL NEVES,"RUA MANOEL PACHECO DE CARVALHO, N 14 TREVO DE PIRATININGA"
2016,199,55,1,54,FELIPE PEIXOTO,1139,ESCOLA MUNICIPAL FRANCISCO PORTUGAL NEVES,"RUA MANOEL PACHECO DE CARVALHO, N 14 TREVO DE PIRATININGA"
2016,199,55,2,74,FELIPE PEIXOTO,1139,ESCOLA MUNICIPAL FRANCISCO PORTUGAL NEVES,"RUA MANOEL PACHECO DE CARVALHO, N 14 TREVO DE PIRATININGA"
2016,199,56,1,43,FELIPE PEIXOTO,1139,ESCOLA MUNICIPAL FRANCISCO PORTUGAL NEVES,"RUA MANOEL PACHECO DE CARVALHO, N 14 TREVO DE PIRATININGA"
2016,199,56,2,73,FELIPE PEIXOTO,1139,ESCOLA MUNICIPAL FRANCISCO PORTUGAL NEVES,"RUA MANOEL PACHECO DE CARVALHO, N 14 TREVO DE PIRATININGA"
2016,199,57,1,41,FELIPE PEIXOTO,1139,ESCOLA MUNICIPAL FRANCISCO PORTUGAL NEVES,"RUA MANOEL PACHECO DE CARVALHO, N 14 TREVO DE PIRATININGA"
2016,199,57,2,62,FELIPE PEIXOTO,1139,ESCOLA MUNICIPAL FRANCISCO PORTUGAL NEVES,"RUA MANOEL PACHECO DE CARVALHO, N 14 TREVO DE PIRATININGA"
2016,199,58,1,43,FELIPE PEIXOTO,1120,ESCOLA ESTADUAL ALMIRANTE TAMANDARE,AV. ACURCIO TORRES S/N
2016,199,58,2,54,FELIPE PEIXOTO,1120,ESCOLA ESTADUAL ALMIRANTE TAMANDARE,AV. ACURCIO TORRES S/N
2016,199,59,1,58,FELIPE PEIXOTO,1120,ESCOLA ESTADUAL ALMIRANTE TAMANDARE,AV. ACURCIO TORRES S/N
2016,199,59,2,63,FELIPE PEIXOTO,1120,ESCOLA ESTADUAL ALMIRANTE TAMANDARE,AV. ACURCIO TORRES S/N
2016,199,6,1,44,FELIPE PEIXOTO,1023,ESCOLA ESTADUAL FELISBERTO DE CARVALHO,ESTRADA CAETANO MONTEIRO 896
2016,199,6,2,59,FELIPE PEIXOTO,1023,ESCOLA ESTADUAL FELISBERTO DE CARVALHO,ESTRADA CAETANO MONTEIRO 896
2016,199,60,1,36,FELIPE PEIXOTO,1120,ESCOLA ESTADUAL ALMIRANTE TAMANDARE,AV. ACURCIO TORRES S/N
2016,199,60,2,46,FELIPE PEIXOTO,1120,ESCOLA ESTADUAL ALMIRANTE TAMANDARE,AV. ACURCIO TORRES S/N
2016,199,61,1,55,FELIPE PEIXOTO,1120,ESCOLA ESTADUAL ALMIRANTE TAMANDARE,AV. ACURCIO TORRES S/N
2016,199,61,2,78,FELIPE PEIXOTO,1120,ESCOLA ESTADUAL ALMIRANTE TAMANDARE,AV. ACURCIO TORRES S/N
2016,199,62,1,70,FELIPE PEIXOTO,1120,ESCOLA ESTADUAL ALMIRANTE TAMANDARE,AV. ACURCIO TORRES S/N
2016,199,62,2,87,FELIPE PEIXOTO,1120,ESCOLA ESTADUAL ALMIRANTE TAMANDARE,AV. ACURCIO TORRES S/N
2016,199,63,1,45,FELIPE PEIXOTO,1120,ESCOLA ESTADUAL ALMIRANTE TAMANDARE,AV. ACURCIO TORRES S/N
2016,199,63,2,72,FELIPE PEIXOTO,1120,ESCOLA ESTADUAL ALMIRANTE TAMANDARE,AV. ACURCIO TORRES S/N
2016,199,64,1,66,FELIPE PEIXOTO,1155,COLEGIO ITAPUCA,"AV. ERNANI DE FARIAS ALVES, N 124 TREVO DE PIRATININGA"
2016,199,64,2,71,FELIPE PEIXOTO,1155,COLEGIO ITAPUCA,"AV. ERNANI DE FARIAS ALVES, N 124 TREVO DE PIRATININGA"
2016,199,65,1,71,FELIPE PEIXOTO,1155,COLEGIO ITAPUCA,"AV. ERNANI DE FARIAS ALVES, N 124 TREVO DE PIRATININGA"
2016,199,65,2,85,FELIPE PEIXOTO,1155,COLEGIO ITAPUCA,"AV. ERNANI DE FARIAS ALVES, N 124 TREVO DE PIRATININGA"
2016,199,66,1,62,FELIPE PEIXOTO,1155,COLEGIO ITAPUCA,"AV. ERNANI DE FARIAS ALVES, N 124 TREVO DE PIRATININGA"
2016,199,66,2,76,FELIPE PEIXOTO,1155,COLEGIO ITAPUCA,"AV. ERNANI DE FARIAS ALVES, N 124 TREVO DE PIRATININGA"
2016,199,67,1,56,FELIPE PEIXOTO,1155,COLEGIO ITAPUCA,"AV. ERNANI DE FARIAS ALVES, N 124 TREVO DE PIRATININGA"
2016,199,67,2,73,FELIPE PEIXOTO,1155,COLEGIO ITAPUCA,"AV. ERNANI DE FARIAS ALVES, N 124 TREVO DE PIRATININGA"
2016,199,68,1,45,FELIPE PEIXOTO,1163,ANDEF (EX FAETEC),ESTRADA VELHA DE MARICA 4830
2016,199,68,2,88,FELIPE PEIXOTO,1163,ANDEF (EX FAETEC),ESTRADA VELHA DE MARICA 4830
2016,199,69,1,21,FELIPE PEIXOTO,1163,ANDEF (EX FAETEC),ESTRADA VELHA DE MARICA 4830
2016,199,69,2,42,FELIPE PEIXOTO,1163,ANDEF (EX FAETEC),ESTRADA VELHA DE MARICA 4830
2016,199,7,1,68,FELIPE PEIXOTO,1023,ESCOLA ESTADUAL FELISBERTO DE CARVALHO,ESTRADA CAETANO MONTEIRO 896
2016,199,7,2,90,FELIPE PEIXOTO,1023,ESCOLA ESTADUAL FELISBERTO DE CARVALHO,ESTRADA CAETANO MONTEIRO 896
2016,199,70,1,37,FELIPE PEIXOTO,1163,ANDEF (EX FAETEC),ESTRADA VELHA DE MARICA 4830
2016,199,70,2,63,FELIPE PEIXOTO,1163,ANDEF (EX FAETEC),ESTRADA VELHA DE MARICA 4830
2016,199,71,1,47,FELIPE PEIXOTO,1171,ESCOLA ESTADUAL SOUZA SOARES,RODOVIA AMARAL PEIXOTO KM 10
2016,199,71,2,69,FELIPE PEIXOTO,1171,ESCOLA ESTADUAL SOUZA SOARES,RODOVIA AMARAL PEIXOTO KM 10
2016,199,72,1,48,FELIPE PEIXOTO,1163,ANDEF (EX FAETEC),ESTRADA VELHA DE MARICA 4830
2016,199,72,2,84,FELIPE PEIXOTO,1163,ANDEF (EX FAETEC),ESTRADA VELHA DE MARICA 4830
2016,199,73,1,37,FELIPE PEIXOTO,1163,ANDEF (EX FAETEC),ESTRADA VELHA DE MARICA 4830
2016,199,73,2,70,FELIPE PEIXOTO,1163,ANDEF (EX FAETEC),ESTRADA VELHA DE MARICA 4830
2016,199,74,1,31,FELIPE PEIXOTO,1163,ANDEF (EX FAETEC),ESTRADA VELHA DE MARICA 4830
2016,199,74,2,54,FELIPE PEIXOTO,1163,ANDEF (EX FAETEC),ESTRADA VELHA DE MARICA 4830
2016,199,75,1,67,FELIPE PEIXOTO,1198,ESCOLA ESTADUAL RUI FRAZAO SOARES - CIEP 448,ESTRADA DO ENGENHO DO MATO S/N - PRACA
2016,199,75,2,80,FELIPE PEIXOTO,1198,ESCOLA ESTADUAL RUI FRAZAO SOARES - CIEP 448,ESTRADA DO ENGENHO DO MATO S/N - PRACA
2016,199,76,1,70,FELIPE PEIXOTO,1198,ESCOLA ESTADUAL RUI FRAZAO SOARES - CIEP 448,ESTRADA DO ENGENHO DO MATO S/N - PRACA
2016,199,76,2,92,FELIPE PEIXOTO,1198,ESCOLA ESTADUAL RUI FRAZAO SOARES - CIEP 448,ESTRADA DO ENGENHO DO MATO S/N - PRACA
2016,199,77,1,70,FELIPE PEIXOTO,1317,COLÉGIO PAULO FREIRE,"AVENIDA IRENE LOPES SODRÉ, N22"
2016,199,77,2,70,FELIPE PEIXOTO,1317,COLÉGIO PAULO FREIRE,"AVENIDA IRENE LOPES SODRÉ, N22"
2016,199,78,1,39,FELIPE PEIXOTO,1163,ANDEF (EX FAETEC),ESTRADA VELHA DE MARICA 4830
2016,199,78,2,66,FELIPE PEIXOTO,1163,ANDEF (EX FAETEC),ESTRADA VELHA DE MARICA 4830
2016,199,79,1,65,FELIPE PEIXOTO,1244,CURSO LAPLACE,"RUA MANOEL PACHECO DE CARVALHO, N 80"
2016,199,79,2,87,FELIPE PEIXOTO,1244,CURSO LAPLACE,"RUA MANOEL PACHECO DE CARVALHO, N 80"
2016,199,8,1,42,FELIPE PEIXOTO,1023,ESCOLA ESTADUAL FELISBERTO DE CARVALHO,ESTRADA CAETANO MONTEIRO 896
2016,199,8,2,66,FELIPE PEIXOTO,1023,ESCOLA ESTADUAL FELISBERTO DE CARVALHO,ESTRADA CAETANO MONTEIRO 896
2016,199,80,1,79,FELIPE PEIXOTO,1244,CURSO LAPLACE,"RUA MANOEL PACHECO DE CARVALHO, N 80"
2016,199,80,2,89,FELIPE PEIXOTO,1244,CURSO LAPLACE,"RUA MANOEL PACHECO DE CARVALHO, N 80"
2016,199,81,1,69,FELIPE PEIXOTO,1244,CURSO LAPLACE,"RUA MANOEL PACHECO DE CARVALHO, N 80"
2016,199,81,2,86,FELIPE PEIXOTO,1244,CURSO LAPLACE,"RUA MANOEL PACHECO DE CARVALHO, N 80"
2016,199,82,1,75,FELIPE PEIXOTO,1252,CIEP 307 -  DJANIRA,AV. EWERTON XAVIER S/N - PRACA
2016,199,82,2,83,FELIPE PEIXOTO,1252,CIEP 307 -  DJANIRA,AV. EWERTON XAVIER S/N - PRACA
2016,199,83,1,75,FELIPE PEIXOTO,1252,CIEP 307 -  DJANIRA,AV. EWERTON XAVIER S/N - PRACA
2016,199,83,2,99,FELIPE PEIXOTO,1252,CIEP 307 -  DJANIRA,AV. EWERTON XAVIER S/N - PRACA
2016,199,84,1,58,FELIPE PEIXOTO,1252,CIEP 307 -  DJANIRA,AV. EWERTON XAVIER S/N - PRACA
2016,199,84,2,69,FELIPE PEIXOTO,1252,CIEP 307 -  DJANIRA,AV. EWERTON XAVIER S/N - PRACA
2016,199,85,1,75,FELIPE PEIXOTO,1252,CIEP 307 -  DJANIRA,AV. EWERTON XAVIER S/N - PRACA
2016,199,85,2,92,FELIPE PEIXOTO,1252,CIEP 307 -  DJANIRA,AV. EWERTON XAVIER S/N - PRACA
2016,199,86,1,54,FELIPE PEIXOTO,1252,CIEP 307 -  DJANIRA,AV. EWERTON XAVIER S/N - PRACA
2016,199,86,2,71,FELIPE PEIXOTO,1252,CIEP 307 -  DJANIRA,AV. EWERTON XAVIER S/N - PRACA
2016,199,87,1,83,FELIPE PEIXOTO,1252,CIEP 307 -  DJANIRA,AV. EWERTON XAVIER S/N - PRACA
2016,199,87,2,95,FELIPE PEIXOTO,1252,CIEP 307 -  DJANIRA,AV. EWERTON XAVIER S/N - PRACA
2016,199,88,1,82,FELIPE PEIXOTO,1015,COUNTRY CLUB DE NITEROI,RUA CHILE 135
2016,199,88,2,101,FELIPE PEIXOTO,1015,COUNTRY CLUB DE NITEROI,RUA CHILE 135
2016,199,9,1,70,FELIPE PEIXOTO,1031,ESCOLA MUNICIPAL HONORINA DE CARVALHO,RUA PROF. JOSE PECANHA S/N
2016,199,9,2,93,FELIPE PEIXOTO,1031,ESCOLA MUNICIPAL HONORINA DE CARVALHO,RUA PROF. JOSE PECANHA S/N
2016,199,90,1,49,FELIPE PEIXOTO,1082,COLÉGIO CENECISTA ATHAYDE PARREIRAS,"EST. FRANCISCO DA CRUZ NUNES, 7245"
2016,199,90,2,61,FELIPE PEIXOTO,1082,COLÉGIO CENECISTA ATHAYDE PARREIRAS,"EST. FRANCISCO DA CRUZ NUNES, 7245"
2016,199,91,1,64,FELIPE PEIXOTO,1244,CURSO LAPLACE,"RUA MANOEL PACHECO DE CARVALHO, N 80"
2016,199,91,2,85,FELIPE PEIXOTO,1244,CURSO LAPLACE,"RUA MANOEL PACHECO DE CARVALHO, N 80"
2016,199,92,1,76,FELIPE PEIXOTO,1120,ESCOLA ESTADUAL ALMIRANTE TAMANDARE,AV. ACURCIO TORRES S/N
2016,199,92,2,81,FELIPE PEIXOTO,1120,ESCOLA ESTADUAL ALMIRANTE TAMANDARE,AV. ACURCIO TORRES S/N
2016,199,93,1,82,FELIPE PEIXOTO,1317,COLÉGIO PAULO FREIRE,"AVENIDA IRENE LOPES SODRÉ, N22"
2016,199,93,2,107,FELIPE PEIXOTO,1317,COLÉGIO PAULO FREIRE,"AVENIDA IRENE LOPES SODRÉ, N22"
2016,199,94,1,80,FELIPE PEIXOTO,1031,ESCOLA MUNICIPAL HONORINA DE CARVALHO,RUA PROF. JOSE PECANHA S/N
2016,199,94,2,92,FELIPE PEIXOTO,1031,ESCOLA MUNICIPAL HONORINA DE CARVALHO,RUA PROF. JOSE PECANHA S/N
2016,199,95,1,70,FELIPE PEIXOTO,1031,ESCOLA MUNICIPAL HONORINA DE CARVALHO,RUA PROF. JOSE PECANHA S/N
2016,199,95,2,98,FELIPE PEIXOTO,1031,ESCOLA MUNICIPAL HONORINA DE CARVALHO,RUA PROF. JOSE PECANHA S/N
2016,199,97,1,72,FELIPE PEIXOTO,1074,COLÉGIO GAUSS EM ITAIPU,AVENIDA FREI FABIANO N 155 LOT SANTO ANTÔNIO ITAIPU
2016,199,97,2,92,FELIPE PEIXOTO,1074,COLÉGIO GAUSS EM ITAIPU,AVENIDA FREI FABIANO N 155 LOT SANTO ANTÔNIO ITAIPU
2016,199,98,1,77,FELIPE PEIXOTO,1244,CURSO LAPLACE,"RUA MANOEL PACHECO DE CARVALHO, N 80"
2016,199,98,2,104,FELIPE PEIXOTO,1244,CURSO LAPLACE,"RUA MANOEL PACHECO DE CARVALHO, N 80"
2016,199,99,1,54,FELIPE PEIXOTO,1082,COLÉGIO CENECISTA ATHAYDE PARREIRAS,"EST. FRANCISCO DA CRUZ NUNES, 7245"
2016,199,99,2,62,FELIPE PEIXOTO,1082,COLÉGIO CENECISTA ATHAYDE PARREIRAS,"EST. FRANCISCO DA CRUZ NUNES, 7245"
2016,71,1,1,72,FELIPE PEIXOTO,1015,CENTRO EDUCACIONAL DE NITEROI,RUA ITAGUAI 173
2016,71,1,2,101,FELIPE PEIXOTO,1015,CENTRO EDUCACIONAL DE NITEROI,RUA ITAGUAI 173
2016,71,100,1,68,FELIPE PEIXOTO,1309,CURSO MARLY CURY,AV. SETE DE SETEMBRO 165
2016,71,100,2,92,FELIPE PEIXOTO,1309,CURSO MARLY CURY,AV. SETE DE SETEMBRO 165
2016,71,101,1,72,FELIPE PEIXOTO,1309,CURSO MARLY CURY,AV. SETE DE SETEMBRO 165
2016,71,101,2,88,FELIPE PEIXOTO,1309,CURSO MARLY CURY,AV. SETE DE SETEMBRO 165
2016,71,102,1,76,FELIPE PEIXOTO,1309,CURSO MARLY CURY,AV. SETE DE SETEMBRO 165
2016,71,102,2,106,FELIPE PEIXOTO,1309,CURSO MARLY CURY,AV. SETE DE SETEMBRO 165
2016,71,103,1,82,FELIPE PEIXOTO,1309,CURSO MARLY CURY,AV. SETE DE SETEMBRO 165
2016,71,103,2,116,FELIPE PEIXOTO,1309,CURSO MARLY CURY,AV. SETE DE SETEMBRO 165
2016,71,104,1,63,FELIPE PEIXOTO,1317,ESCOLA ESTADUAL BALTHAZAR BERNARDINO,RUA MARIZ E BARROS 444
2016,71,104,2,85,FELIPE PEIXOTO,1317,ESCOLA ESTADUAL BALTHAZAR BERNARDINO,RUA MARIZ E BARROS 444
2016,71,105,1,77,FELIPE PEIXOTO,1317,ESCOLA ESTADUAL BALTHAZAR BERNARDINO,RUA MARIZ E BARROS 444
2016,71,105,2,91,FELIPE PEIXOTO,1317,ESCOLA ESTADUAL BALTHAZAR BERNARDINO,RUA MARIZ E BARROS 444
2016,71,106,1,75,FELIPE PEIXOTO,1325,ESCOLA ESTADUAL GUILHERME BRIGGS,RUA MARIO VIANNA 625
2016,71,106,2,96,FELIPE PEIXOTO,1325,ESCOLA ESTADUAL GUILHERME BRIGGS,RUA MARIO VIANNA 625
2016,71,107,1,75,FELIPE PEIXOTO,1325,ESCOLA ESTADUAL GUILHERME BRIGGS,RUA MARIO VIANNA 625
2016,71,107,2,76,FELIPE PEIXOTO,1325,ESCOLA ESTADUAL GUILHERME BRIGGS,RUA MARIO VIANNA 625
2016,71,108,1,88,FELIPE PEIXOTO,1325,ESCOLA ESTADUAL GUILHERME BRIGGS,RUA MARIO VIANNA 625
2016,71,108,2,93,FELIPE PEIXOTO,1325,ESCOLA ESTADUAL GUILHERME BRIGGS,RUA MARIO VIANNA 625
2016,71,109,1,66,FELIPE PEIXOTO,1325,ESCOLA ESTADUAL GUILHERME BRIGGS,RUA MARIO VIANNA 625
2016,71,109,2,86,FELIPE PEIXOTO,1325,ESCOLA ESTADUAL GUILHERME BRIGGS,RUA MARIO VIANNA 625
2016,71,110,1,78,FELIPE PEIXOTO,1325,ESCOLA ESTADUAL GUILHERME BRIGGS,RUA MARIO VIANNA 625
2016,71,110,2,88,FELIPE PEIXOTO,1325,ESCOLA ESTADUAL GUILHERME BRIGGS,RUA MARIO VIANNA 625
2016,71,111,1,88,FELIPE PEIXOTO,1325,ESCOLA ESTADUAL GUILHERME BRIGGS,RUA MARIO VIANNA 625
2016,71,111,2,100,FELIPE PEIXOTO,1325,ESCOLA ESTADUAL GUILHERME BRIGGS,RUA MARIO VIANNA 625
2016,71,112,1,70,FELIPE PEIXOTO,1325,ESCOLA ESTADUAL GUILHERME BRIGGS,RUA MARIO VIANNA 625
2016,71,112,2,92,FELIPE PEIXOTO,1325,ESCOLA ESTADUAL GUILHERME BRIGGS,RUA MARIO VIANNA 625
2016,71,113,1,80,FELIPE PEIXOTO,1325,ESCOLA ESTADUAL GUILHERME BRIGGS,RUA MARIO VIANNA 625
2016,71,113,2,90,FELIPE PEIXOTO,1325,ESCOLA ESTADUAL GUILHERME BRIGGS,RUA MARIO VIANNA 625
2016,71,114,1,87,FELIPE PEIXOTO,1325,ESCOLA ESTADUAL GUILHERME BRIGGS,RUA MARIO VIANNA 625
2016,71,114,2,93,FELIPE PEIXOTO,1325,ESCOLA ESTADUAL GUILHERME BRIGGS,RUA MARIO VIANNA 625
2016,71,115,1,69,FELIPE PEIXOTO,1325,ESCOLA ESTADUAL GUILHERME BRIGGS,RUA MARIO VIANNA 625
2016,71,115,2,79,FELIPE PEIXOTO,1325,ESCOLA ESTADUAL GUILHERME BRIGGS,RUA MARIO VIANNA 625
2016,71,116,1,63,FELIPE PEIXOTO,1333,PARÓQUIA NOSSA SENHORA AUXILIADORA - CENTRO COMUNITÁRIO AUXILIUM,"RUA SANTA ROSA, 216"
2016,71,116,2,96,FELIPE PEIXOTO,1333,PARÓQUIA NOSSA SENHORA AUXILIADORA - CENTRO COMUNITÁRIO AUXILIUM,"RUA SANTA ROSA, 216"
2016,71,117,1,63,FELIPE PEIXOTO,1333,PARÓQUIA NOSSA SENHORA AUXILIADORA - CENTRO COMUNITÁRIO AUXILIUM,"RUA SANTA ROSA, 216"
2016,71,117,2,80,FELIPE PEIXOTO,1333,PARÓQUIA NOSSA SENHORA AUXILIADORA - CENTRO COMUNITÁRIO AUXILIUM,"RUA SANTA ROSA, 216"
2016,71,118,1,65,FELIPE PEIXOTO,1309,CURSO MARLY CURY,AV. SETE DE SETEMBRO 165
2016,71,118,2,97,FELIPE PEIXOTO,1309,CURSO MARLY CURY,AV. SETE DE SETEMBRO 165
2016,71,119,1,79,FELIPE PEIXOTO,1309,CURSO MARLY CURY,AV. SETE DE SETEMBRO 165
2016,71,119,2,114,FELIPE PEIXOTO,1309,CURSO MARLY CURY,AV. SETE DE SETEMBRO 165
2016,71,120,1,52,FELIPE PEIXOTO,1333,PARÓQUIA NOSSA SENHORA AUXILIADORA - CENTRO COMUNITÁRIO AUXILIUM,"RUA SANTA ROSA, 216"
2016,71,120,2,77,FELIPE PEIXOTO,1333,PARÓQUIA NOSSA SENHORA AUXILIADORA - CENTRO COMUNITÁRIO AUXILIUM,"RUA SANTA ROSA, 216"
2016,71,121,1,55,FELIPE PEIXOTO,1333,PARÓQUIA NOSSA SENHORA AUXILIADORA - CENTRO COMUNITÁRIO AUXILIUM,"RUA SANTA ROSA, 216"
2016,71,121,2,78,FELIPE PEIXOTO,1333,PARÓQUIA NOSSA SENHORA AUXILIADORA - CENTRO COMUNITÁRIO AUXILIUM,"RUA SANTA ROSA, 216"
2016,71,122,1,67,FELIPE PEIXOTO,1333,PARÓQUIA NOSSA SENHORA AUXILIADORA - CENTRO COMUNITÁRIO AUXILIUM,"RUA SANTA ROSA, 216"
2016,71,122,2,77,FELIPE PEIXOTO,1333,PARÓQUIA NOSSA SENHORA AUXILIADORA - CENTRO COMUNITÁRIO AUXILIUM,"RUA SANTA ROSA, 216"
2016,71,123,1,57,FELIPE PEIXOTO,1368,INSTITUTO SÃO JOSÉ,RUA GERALDO MARTINS 166
2016,71,123,2,91,FELIPE PEIXOTO,1368,INSTITUTO SÃO JOSÉ,RUA GERALDO MARTINS 166
2016,71,124,1,54,FELIPE PEIXOTO,1368,INSTITUTO SÃO JOSÉ,RUA GERALDO MARTINS 166
2016,71,124,2,66,FELIPE PEIXOTO,1368,INSTITUTO SÃO JOSÉ,RUA GERALDO MARTINS 166
2016,71,125,1,75,FELIPE PEIXOTO,1368,INSTITUTO SÃO JOSÉ,RUA GERALDO MARTINS 166
2016,71,125,2,94,FELIPE PEIXOTO,1368,INSTITUTO SÃO JOSÉ,RUA GERALDO MARTINS 166
2016,71,130,1,58,FELIPE PEIXOTO,1392,FACULDADE DE VETERINARIA DA UFF,RUA VITAL BRASIL FILHO 64
2016,71,130,2,93,FELIPE PEIXOTO,1392,FACULDADE DE VETERINARIA DA UFF,RUA VITAL BRASIL FILHO 64
2016,71,131,1,80,FELIPE PEIXOTO,1392,FACULDADE DE VETERINARIA DA UFF,RUA VITAL BRASIL FILHO 64
2016,71,131,2,118,FELIPE PEIXOTO,1392,FACULDADE DE VETERINARIA DA UFF,RUA VITAL BRASIL FILHO 64
2016,71,132,1,72,FELIPE PEIXOTO,1392,FACULDADE DE VETERINARIA DA UFF,RUA VITAL BRASIL FILHO 64
2016,71,132,2,95,FELIPE PEIXOTO,1392,FACULDADE DE VETERINARIA DA UFF,RUA VITAL BRASIL FILHO 64
2016,71,133,1,71,FELIPE PEIXOTO,1392,FACULDADE DE VETERINARIA DA UFF,RUA VITAL BRASIL FILHO 64
2016,71,133,2,107,FELIPE PEIXOTO,1392,FACULDADE DE VETERINARIA DA UFF,RUA VITAL BRASIL FILHO 64
2016,71,134,1,79,FELIPE PEIXOTO,1392,FACULDADE DE VETERINARIA DA UFF,RUA VITAL BRASIL FILHO 64
2016,71,134,2,111,FELIPE PEIXOTO,1392,FACULDADE DE VETERINARIA DA UFF,RUA VITAL BRASIL FILHO 64
2016,71,135,1,73,FELIPE PEIXOTO,1392,FACULDADE DE VETERINARIA DA UFF,RUA VITAL BRASIL FILHO 64
2016,71,135,2,101,FELIPE PEIXOTO,1392,FACULDADE DE VETERINARIA DA UFF,RUA VITAL BRASIL FILHO 64
2016,71,136,1,82,FELIPE PEIXOTO,1015,CENTRO EDUCACIONAL DE NITEROI,RUA ITAGUAI 173
2016,71,136,2,121,FELIPE PEIXOTO,1015,CENTRO EDUCACIONAL DE NITEROI,RUA ITAGUAI 173
2016,71,138,1,66,FELIPE PEIXOTO,1260,INSTITUTO ABEL,AV. ROBERTO SILVEIRA 29
2016,71,138,2,87,FELIPE PEIXOTO,1260,INSTITUTO ABEL,AV. ROBERTO SILVEIRA 29
2016,71,140,1,94,FELIPE PEIXOTO,1244,ESCOLA ESTADUAL MANUEL DE ABREU,RUA LOPES TROVAO 287-A
2016,71,140,2,104,FELIPE PEIXOTO,1244,ESCOLA ESTADUAL MANUEL DE ABREU,RUA LOPES TROVAO 287-A
2016,71,142,1,63,FELIPE PEIXOTO,1295,COLEGIO SALESIANO SANTA ROSA,RUA SANTA ROSA 207
2016,71,142,2,90,FELIPE PEIXOTO,1295,COLEGIO SALESIANO SANTA ROSA,RUA SANTA ROSA 207
2016,71,143,1,91,FELIPE PEIXOTO,1317,ESCOLA ESTADUAL BALTHAZAR BERNARDINO,RUA MARIZ E BARROS 444
2016,71,143,2,108,FELIPE PEIXOTO,1317,ESCOLA ESTADUAL BALTHAZAR BERNARDINO,RUA MARIZ E BARROS 444
2016,71,144,1,68,FELIPE PEIXOTO,1325,ESCOLA ESTADUAL GUILHERME BRIGGS,RUA MARIO VIANNA 625
2016,71,144,2,93,FELIPE PEIXOTO,1325,ESCOLA ESTADUAL GUILHERME BRIGGS,RUA MARIO VIANNA 625
2016,71,145,1,62,FELIPE PEIXOTO,1317,ESCOLA ESTADUAL BALTHAZAR BERNARDINO,RUA MARIZ E BARROS 444
2016,71,145,2,85,FELIPE PEIXOTO,1317,ESCOLA ESTADUAL BALTHAZAR BERNARDINO,RUA MARIZ E BARROS 444
2016,71,146,1,69,FELIPE PEIXOTO,1368,INSTITUTO SÃO JOSÉ,RUA GERALDO MARTINS 166
2016,71,146,2,94,FELIPE PEIXOTO,1368,INSTITUTO SÃO JOSÉ,RUA GERALDO MARTINS 166
2016,71,150,1,58,FELIPE PEIXOTO,1333,PARÓQUIA NOSSA SENHORA AUXILIADORA - CENTRO COMUNITÁRIO AUXILIUM,"RUA SANTA ROSA, 216"
2016,71,150,2,87,FELIPE PEIXOTO,1333,PARÓQUIA NOSSA SENHORA AUXILIADORA - CENTRO COMUNITÁRIO AUXILIUM,"RUA SANTA ROSA, 216"
2016,71,151,1,81,FELIPE PEIXOTO,1104,INSTITUTO MAIA VINAGRE,RUA NORONHA TORREZÃO 68
2016,71,151,2,109,FELIPE PEIXOTO,1104,INSTITUTO MAIA VINAGRE,RUA NORONHA TORREZÃO 68
2016,71,153,1,94,FELIPE PEIXOTO,1015,CENTRO EDUCACIONAL DE NITEROI,RUA ITAGUAI 173
2016,71,153,2,120,FELIPE PEIXOTO,1015,CENTRO EDUCACIONAL DE NITEROI,RUA ITAGUAI 173
2016,71,156,1,78,FELIPE PEIXOTO,1309,CURSO MARLY CURY,AV. SETE DE SETEMBRO 165
2016,71,156,2,104,FELIPE PEIXOTO,1309,CURSO MARLY CURY,AV. SETE DE SETEMBRO 165
2016,71,157,1,84,FELIPE PEIXOTO,1260,INSTITUTO ABEL,AV. ROBERTO SILVEIRA 29
2016,71,157,2,114,FELIPE PEIXOTO,1260,INSTITUTO ABEL,AV. ROBERTO SILVEIRA 29
2016,71,158,1,88,FELIPE PEIXOTO,1392,FACULDADE DE VETERINARIA DA UFF,RUA VITAL BRASIL FILHO 64
2016,71,158,2,105,FELIPE PEIXOTO,1392,FACULDADE DE VETERINARIA DA UFF,RUA VITAL BRASIL FILHO 64
2016,71,160,1,55,FELIPE PEIXOTO,1333,PARÓQUIA NOSSA SENHORA AUXILIADORA - CENTRO COMUNITÁRIO AUXILIUM,"RUA SANTA ROSA, 216"
2016,71,160,2,74,FELIPE PEIXOTO,1333,PARÓQUIA NOSSA SENHORA AUXILIADORA - CENTRO COMUNITÁRIO AUXILIUM,"RUA SANTA ROSA, 216"
2016,71,161,1,79,FELIPE PEIXOTO,1392,FACULDADE DE VETERINARIA DA UFF,RUA VITAL BRASIL FILHO 64
2016,71,161,2,96,FELIPE PEIXOTO,1392,FACULDADE DE VETERINARIA DA UFF,RUA VITAL BRASIL FILHO 64
2016,71,167,1,92,FELIPE PEIXOTO,1368,INSTITUTO SÃO JOSÉ,RUA GERALDO MARTINS 166
2016,71,167,2,116,FELIPE PEIXOTO,1368,INSTITUTO SÃO JOSÉ,RUA GERALDO MARTINS 166
2016,71,168,1,76,FELIPE PEIXOTO,1244,ESCOLA ESTADUAL MANUEL DE ABREU,RUA LOPES TROVAO 287-A
2016,71,168,2,98,FELIPE PEIXOTO,1244,ESCOLA ESTADUAL MANUEL DE ABREU,RUA LOPES TROVAO 287-A
2016,71,171,1,78,FELIPE PEIXOTO,1295,COLEGIO SALESIANO SANTA ROSA,RUA SANTA ROSA 207
2016,71,171,2,83,FELIPE PEIXOTO,1295,COLEGIO SALESIANO SANTA ROSA,RUA SANTA ROSA 207
2016,71,172,1,80,FELIPE PEIXOTO,1325,ESCOLA ESTADUAL GUILHERME BRIGGS,RUA MARIO VIANNA 625
2016,71,172,2,94,FELIPE PEIXOTO,1325,ESCOLA ESTADUAL GUILHERME BRIGGS,RUA MARIO VIANNA 625
2016,71,174,1,54,FELIPE PEIXOTO,1333,PARÓQUIA NOSSA SENHORA AUXILIADORA - CENTRO COMUNITÁRIO AUXILIUM,"RUA SANTA ROSA, 216"
2016,71,174,2,75,FELIPE PEIXOTO,1333,PARÓQUIA NOSSA SENHORA AUXILIADORA - CENTRO COMUNITÁRIO AUXILIUM,"RUA SANTA ROSA, 216"
2016,71,175,1,77,FELIPE PEIXOTO,1309,CURSO MARLY CURY,AV. SETE DE SETEMBRO 165
2016,71,175,2,101,FELIPE PEIXOTO,1309,CURSO MARLY CURY,AV. SETE DE SETEMBRO 165
2016,71,178,1,77,FELIPE PEIXOTO,1104,INSTITUTO MAIA VINAGRE,RUA NORONHA TORREZÃO 68
2016,71,178,2,105,FELIPE PEIXOTO,1104,INSTITUTO MAIA VINAGRE,RUA NORONHA TORREZÃO 68
2016,71,179,1,85,FELIPE PEIXOTO,1392,FACULDADE DE VETERINARIA DA UFF,RUA VITAL BRASIL FILHO 64
2016,71,179,2,97,FELIPE PEIXOTO,1392,FACULDADE DE VETERINARIA DA UFF,RUA VITAL BRASIL FILHO 64
2016,71,182,1,65,FELIPE PEIXOTO,1333,PARÓQUIA NOSSA SENHORA AUXILIADORA - CENTRO COMUNITÁRIO AUXILIUM,"RUA SANTA ROSA, 216"
2016,71,182,2,75,FELIPE PEIXOTO,1333,PARÓQUIA NOSSA SENHORA AUXILIADORA - CENTRO COMUNITÁRIO AUXILIUM,"RUA SANTA ROSA, 216"
2016,71,183,1,89,FELIPE PEIXOTO,1104,INSTITUTO MAIA VINAGRE,RUA NORONHA TORREZÃO 68
2016,71,183,2,114,FELIPE PEIXOTO,1104,INSTITUTO MAIA VINAGRE,RUA NORONHA TORREZÃO 68
2016,71,185,1,76,FELIPE PEIXOTO,1244,ESCOLA ESTADUAL MANUEL DE ABREU,RUA LOPES TROVAO 287-A
2016,71,185,2,91,FELIPE PEIXOTO,1244,ESCOLA ESTADUAL MANUEL DE ABREU,RUA LOPES TROVAO 287-A
2016,71,186,1,93,FELIPE PEIXOTO,1392,FACULDADE DE VETERINARIA DA UFF,RUA VITAL BRASIL FILHO 64
2016,71,186,2,107,FELIPE PEIXOTO,1392,FACULDADE DE VETERINARIA DA UFF,RUA VITAL BRASIL FILHO 64
2016,71,189,1,78,FELIPE PEIXOTO,1317,ESCOLA ESTADUAL BALTHAZAR BERNARDINO,RUA MARIZ E BARROS 444
2016,71,189,2,96,FELIPE PEIXOTO,1317,ESCOLA ESTADUAL BALTHAZAR BERNARDINO,RUA MARIZ E BARROS 444
2016,71,190,1,80,FELIPE PEIXOTO,1260,INSTITUTO ABEL,AV. ROBERTO SILVEIRA 29
2016,71,190,2,108,FELIPE PEIXOTO,1260,INSTITUTO ABEL,AV. ROBERTO SILVEIRA 29
2016,71,191,1,73,FELIPE PEIXOTO,1309,CURSO MARLY CURY,AV. SETE DE SETEMBRO 165
2016,71,191,2,99,FELIPE PEIXOTO,1309,CURSO MARLY CURY,AV. SETE DE SETEMBRO 165
2016,71,192,1,74,FELIPE PEIXOTO,1392,FACULDADE DE VETERINARIA DA UFF,RUA VITAL BRASIL FILHO 64
2016,71,192,2,102,FELIPE PEIXOTO,1392,FACULDADE DE VETERINARIA DA UFF,RUA VITAL BRASIL FILHO 64
2016,71,193,1,81,FELIPE PEIXOTO,1325,ESCOLA ESTADUAL GUILHERME BRIGGS,RUA MARIO VIANNA 625
2016,71,193,2,108,FELIPE PEIXOTO,1325,ESCOLA ESTADUAL GUILHERME BRIGGS,RUA MARIO VIANNA 625
2016,71,194,1,72,FELIPE PEIXOTO,1295,COLEGIO SALESIANO SANTA ROSA,RUA SANTA ROSA 207
2016,71,194,2,92,FELIPE PEIXOTO,1295,COLEGIO SALESIANO SANTA ROSA,RUA SANTA ROSA 207
2016,71,195,1,68,FELIPE PEIXOTO,1368,INSTITUTO SÃO JOSÉ,RUA GERALDO MARTINS 166
2016,71,195,2,90,FELIPE PEIXOTO,1368,INSTITUTO SÃO JOSÉ,RUA GERALDO MARTINS 166
2016,71,196,1,68,FELIPE PEIXOTO,1392,FACULDADE DE VETERINARIA DA UFF,RUA VITAL BRASIL FILHO 64
2016,71,196,2,92,FELIPE PEIXOTO,1392,FACULDADE DE VETERINARIA DA UFF,RUA VITAL BRASIL FILHO 64
2016,71,197,1,66,FELIPE PEIXOTO,1015,CENTRO EDUCACIONAL DE NITEROI,RUA ITAGUAI 173
2016,71,197,2,98,FELIPE PEIXOTO,1015,CENTRO EDUCACIONAL DE NITEROI,RUA ITAGUAI 173
2016,71,198,1,82,FELIPE PEIXOTO,1260,INSTITUTO ABEL,AV. ROBERTO SILVEIRA 29
2016,71,198,2,101,FELIPE PEIXOTO,1260,INSTITUTO ABEL,AV. ROBERTO SILVEIRA 29
2016,71,199,1,76,FELIPE PEIXOTO,1317,ESCOLA ESTADUAL BALTHAZAR BERNARDINO,RUA MARIZ E BARROS 444
2016,71,199,2,87,FELIPE PEIXOTO,1317,ESCOLA ESTADUAL BALTHAZAR BERNARDINO,RUA MARIZ E BARROS 444
2016,71,2,1,75,FELIPE PEIXOTO,1015,CENTRO EDUCACIONAL DE NITEROI,RUA ITAGUAI 173
2016,71,2,2,97,FELIPE PEIXOTO,1015,CENTRO EDUCACIONAL DE NITEROI,RUA ITAGUAI 173
2016,71,200,1,77,FELIPE PEIXOTO,1392,FACULDADE DE VETERINARIA DA UFF,RUA VITAL BRASIL FILHO 64
2016,71,200,2,110,FELIPE PEIXOTO,1392,FACULDADE DE VETERINARIA DA UFF,RUA VITAL BRASIL FILHO 64
2016,71,201,1,76,FELIPE PEIXOTO,1260,INSTITUTO ABEL,AV. ROBERTO SILVEIRA 29
2016,71,201,2,118,FELIPE PEIXOTO,1260,INSTITUTO ABEL,AV. ROBERTO SILVEIRA 29
2016,71,202,1,77,FELIPE PEIXOTO,1325,ESCOLA ESTADUAL GUILHERME BRIGGS,RUA MARIO VIANNA 625
2016,71,202,2,87,FELIPE PEIXOTO,1325,ESCOLA ESTADUAL GUILHERME BRIGGS,RUA MARIO VIANNA 625
2016,71,203,1,88,FELIPE PEIXOTO,1260,INSTITUTO ABEL,AV. ROBERTO SILVEIRA 29
2016,71,203,2,119,FELIPE PEIXOTO,1260,INSTITUTO ABEL,AV. ROBERTO SILVEIRA 29
2016,71,204,1,87,FELIPE PEIXOTO,1295,COLEGIO SALESIANO SANTA ROSA,RUA SANTA ROSA 207
2016,71,204,2,105,FELIPE PEIXOTO,1295,COLEGIO SALESIANO SANTA ROSA,RUA SANTA ROSA 207
2016,71,205,1,76,FELIPE PEIXOTO,1317,ESCOLA ESTADUAL BALTHAZAR BERNARDINO,RUA MARIZ E BARROS 444
2016,71,205,2,103,FELIPE PEIXOTO,1317,ESCOLA ESTADUAL BALTHAZAR BERNARDINO,RUA MARIZ E BARROS 444
2016,71,206,1,83,FELIPE PEIXOTO,1260,INSTITUTO ABEL,AV. ROBERTO SILVEIRA 29
2016,71,206,2,113,FELIPE PEIXOTO,1260,INSTITUTO ABEL,AV. ROBERTO SILVEIRA 29
2016,71,207,1,72,FELIPE PEIXOTO,1325,ESCOLA ESTADUAL GUILHERME BRIGGS,RUA MARIO VIANNA 625
2016,71,207,2,106,FELIPE PEIXOTO,1325,ESCOLA ESTADUAL GUILHERME BRIGGS,RUA MARIO VIANNA 625
2016,71,208,1,82,FELIPE PEIXOTO,1244,ESCOLA ESTADUAL MANUEL DE ABREU,RUA LOPES TROVAO 287-A
2016,71,208,2,111,FELIPE PEIXOTO,1244,ESCOLA ESTADUAL MANUEL DE ABREU,RUA LOPES TROVAO 287-A
2016,71,209,1,69,FELIPE PEIXOTO,1368,INSTITUTO SÃO JOSÉ,RUA GERALDO MARTINS 166
2016,71,209,2,110,FELIPE PEIXOTO,1368,INSTITUTO SÃO JOSÉ,RUA GERALDO MARTINS 166
2016,71,210,1,96,FELIPE PEIXOTO,1309,CURSO MARLY CURY,AV. SETE DE SETEMBRO 165
2016,71,210,2,141,FELIPE PEIXOTO,1309,CURSO MARLY CURY,AV. SETE DE SETEMBRO 165
2016,71,211,1,74,FELIPE PEIXOTO,1392,FACULDADE DE VETERINARIA DA UFF,RUA VITAL BRASIL FILHO 64
2016,71,211,2,114,FELIPE PEIXOTO,1392,FACULDADE DE VETERINARIA DA UFF,RUA VITAL BRASIL FILHO 64
2016,71,212,1,47,FELIPE PEIXOTO,1260,INSTITUTO ABEL,AV. ROBERTO SILVEIRA 29
2016,71,212,2,58,FELIPE PEIXOTO,1260,INSTITUTO ABEL,AV. ROBERTO SILVEIRA 29
2016,71,213,1,78,FELIPE PEIXOTO,1295,COLEGIO SALESIANO SANTA ROSA,RUA SANTA ROSA 207
2016,71,213,2,96,FELIPE PEIXOTO,1295,COLEGIO SALESIANO SANTA ROSA,RUA SANTA ROSA 207
2016,71,214,1,78,FELIPE PEIXOTO,1309,CURSO MARLY CURY,AV. SETE DE SETEMBRO 165
2016,71,214,2,100,FELIPE PEIXOTO,1309,CURSO MARLY CURY,AV. SETE DE SETEMBRO 165
2016,71,215,1,65,FELIPE PEIXOTO,1260,INSTITUTO ABEL,AV. ROBERTO SILVEIRA 29
2016,71,215,2,97,FELIPE PEIXOTO,1260,INSTITUTO ABEL,AV. ROBERTO SILVEIRA 29
2016,71,216,1,48,FELIPE PEIXOTO,1368,INSTITUTO SÃO JOSÉ,RUA GERALDO MARTINS 166
2016,71,216,2,67,FELIPE PEIXOTO,1368,INSTITUTO SÃO JOSÉ,RUA GERALDO MARTINS 166
2016,71,27,1,85,FELIPE PEIXOTO,1104,INSTITUTO MAIA VINAGRE,RUA NORONHA TORREZÃO 68
2016,71,27,2,111,FELIPE PEIXOTO,1104,INSTITUTO MAIA VINAGRE,RUA NORONHA TORREZÃO 68
2016,71,28,1,83,FELIPE PEIXOTO,1104,INSTITUTO MAIA VINAGRE,RUA NORONHA TORREZÃO 68
2016,71,28,2,95,FELIPE PEIXOTO,1104,INSTITUTO MAIA VINAGRE,RUA NORONHA TORREZÃO 68
2016,71,29,1,87,FELIPE PEIXOTO,1104,INSTITUTO MAIA VINAGRE,RUA NORONHA TORREZÃO 68
2016,71,29,2,94,FELIPE PEIXOTO,1104,INSTITUTO MAIA VINAGRE,RUA NORONHA TORREZÃO 68
2016,71,3,1,74,FELIPE PEIXOTO,1015,CENTRO EDUCACIONAL DE NITEROI,RUA ITAGUAI 173
2016,71,3,2,88,FELIPE PEIXOTO,1015,CENTRO EDUCACIONAL DE NITEROI,RUA ITAGUAI 173
2016,71,30,1,69,FELIPE PEIXOTO,1104,INSTITUTO MAIA VINAGRE,RUA NORONHA TORREZÃO 68
2016,71,30,2,117,FELIPE PEIXOTO,1104,INSTITUTO MAIA VINAGRE,RUA NORONHA TORREZÃO 68
2016,71,31,1,75,FELIPE PEIXOTO,1104,INSTITUTO MAIA VINAGRE,RUA NORONHA TORREZÃO 68
2016,71,31,2,88,FELIPE PEIXOTO,1104,INSTITUTO MAIA VINAGRE,RUA NORONHA TORREZÃO 68
2016,71,32,1,70,FELIPE PEIXOTO,1104,INSTITUTO MAIA VINAGRE,RUA NORONHA TORREZÃO 68
2016,71,32,2,113,FELIPE PEIXOTO,1104,INSTITUTO MAIA VINAGRE,RUA NORONHA TORREZÃO 68
2016,71,4,1,97,FELIPE PEIXOTO,1015,CENTRO EDUCACIONAL DE NITEROI,RUA ITAGUAI 173
2016,71,4,2,117,FELIPE PEIXOTO,1015,CENTRO EDUCACIONAL DE NITEROI,RUA ITAGUAI 173
2016,71,5,1,82,FELIPE PEIXOTO,1015,CENTRO EDUCACIONAL DE NITEROI,RUA ITAGUAI 173
2016,71,5,2,121,FELIPE PEIXOTO,1015,CENTRO EDUCACIONAL DE NITEROI,RUA ITAGUAI 173
2016,71,6,1,77,FELIPE PEIXOTO,1015,CENTRO EDUCACIONAL DE NITEROI,RUA ITAGUAI 173
2016,71,6,2,108,FELIPE PEIXOTO,1015,CENTRO EDUCACIONAL DE NITEROI,RUA ITAGUAI 173
2016,71,69,1,59,FELIPE PEIXOTO,1244,ESCOLA ESTADUAL MANUEL DE ABREU,RUA LOPES TROVAO 287-A
2016,71,69,2,81,FELIPE PEIXOTO,1244,ESCOLA ESTADUAL MANUEL DE ABREU,RUA LOPES TROVAO 287-A
2016,71,70,1,88,FELIPE PEIXOTO,1244,ESCOLA ESTADUAL MANUEL DE ABREU,RUA LOPES TROVAO 287-A
2016,71,70,2,119,FELIPE PEIXOTO,1244,ESCOLA ESTADUAL MANUEL DE ABREU,RUA LOPES TROVAO 287-A
2016,71,71,1,49,FELIPE PEIXOTO,1260,INSTITUTO ABEL,AV. ROBERTO SILVEIRA 29
2016,71,71,2,67,FELIPE PEIXOTO,1260,INSTITUTO ABEL,AV. ROBERTO SILVEIRA 29
2016,71,72,1,82,FELIPE PEIXOTO,1260,INSTITUTO ABEL,AV. ROBERTO SILVEIRA 29
2016,71,72,2,117,FELIPE PEIXOTO,1260,INSTITUTO ABEL,AV. ROBERTO SILVEIRA 29
2016,71,73,1,73,FELIPE PEIXOTO,1260,INSTITUTO ABEL,AV. ROBERTO SILVEIRA 29
2016,71,73,2,114,FELIPE PEIXOTO,1260,INSTITUTO ABEL,AV. ROBERTO SILVEIRA 29
2016,71,74,1,67,FELIPE PEIXOTO,1260,INSTITUTO ABEL,AV. ROBERTO SILVEIRA 29
2016,71,74,2,96,FELIPE PEIXOTO,1260,INSTITUTO ABEL,AV. ROBERTO SILVEIRA 29
2016,71,75,1,80,FELIPE PEIXOTO,1368,INSTITUTO SÃO JOSÉ,RUA GERALDO MARTINS 166
2016,71,75,2,99,FELIPE PEIXOTO,1368,INSTITUTO SÃO JOSÉ,RUA GERALDO MARTINS 166
2016,71,76,1,67,FELIPE PEIXOTO,1368,INSTITUTO SÃO JOSÉ,RUA GERALDO MARTINS 166
2016,71,76,2,96,FELIPE PEIXOTO,1368,INSTITUTO SÃO JOSÉ,RUA GERALDO MARTINS 166
2016,71,77,1,78,FELIPE PEIXOTO,1244,ESCOLA ESTADUAL MANUEL DE ABREU,RUA LOPES TROVAO 287-A
2016,71,77,2,113,FELIPE PEIXOTO,1244,ESCOLA ESTADUAL MANUEL DE ABREU,RUA LOPES TROVAO 287-A
2016,71,78,1,63,FELIPE PEIXOTO,1244,ESCOLA ESTADUAL MANUEL DE ABREU,RUA LOPES TROVAO 287-A
2016,71,78,2,99,FELIPE PEIXOTO,1244,ESCOLA ESTADUAL MANUEL DE ABREU,RUA LOPES TROVAO 287-A
2016,71,79,1,77,FELIPE PEIXOTO,1244,ESCOLA ESTADUAL MANUEL DE ABREU,RUA LOPES TROVAO 287-A
2016,71,79,2,119,FELIPE PEIXOTO,1244,ESCOLA ESTADUAL MANUEL DE ABREU,RUA LOPES TROVAO 287-A
2016,71,80,1,52,FELIPE PEIXOTO,1317,ESCOLA ESTADUAL BALTHAZAR BERNARDINO,RUA MARIZ E BARROS 444
2016,71,80,2,87,FELIPE PEIXOTO,1317,ESCOLA ESTADUAL BALTHAZAR BERNARDINO,RUA MARIZ E BARROS 444
2016,71,81,1,52,FELIPE PEIXOTO,1317,ESCOLA ESTADUAL BALTHAZAR BERNARDINO,RUA MARIZ E BARROS 444
2016,71,81,2,65,FELIPE PEIXOTO,1317,ESCOLA ESTADUAL BALTHAZAR BERNARDINO,RUA MARIZ E BARROS 444
2016,71,82,1,73,FELIPE PEIXOTO,1260,INSTITUTO ABEL,AV. ROBERTO SILVEIRA 29
2016,71,82,2,86,FELIPE PEIXOTO,1260,INSTITUTO ABEL,AV. ROBERTO SILVEIRA 29
2016,71,83,1,70,FELIPE PEIXOTO,1260,INSTITUTO ABEL,AV. ROBERTO SILVEIRA 29
2016,71,83,2,88,FELIPE PEIXOTO,1260,INSTITUTO ABEL,AV. ROBERTO SILVEIRA 29
2016,71,84,1,63,FELIPE PEIXOTO,1260,INSTITUTO ABEL,AV. ROBERTO SILVEIRA 29
2016,71,84,2,102,FELIPE PEIXOTO,1260,INSTITUTO ABEL,AV. ROBERTO SILVEIRA 29
2016,71,85,1,56,FELIPE PEIXOTO,1333,PARÓQUIA NOSSA SENHORA AUXILIADORA - CENTRO COMUNITÁRIO AUXILIUM,"RUA SANTA ROSA, 216"
2016,71,85,2,69,FELIPE PEIXOTO,1333,PARÓQUIA NOSSA SENHORA AUXILIADORA - CENTRO COMUNITÁRIO AUXILIUM,"RUA SANTA ROSA, 216"
2016,71,86,1,80,FELIPE PEIXOTO,1015,CENTRO EDUCACIONAL DE NITEROI,RUA ITAGUAI 173
2016,71,86,2,100,FELIPE PEIXOTO,1015,CENTRO EDUCACIONAL DE NITEROI,RUA ITAGUAI 173
2016,71,87,1,88,FELIPE PEIXOTO,1015,CENTRO EDUCACIONAL DE NITEROI,RUA ITAGUAI 173
2016,71,87,2,102,FELIPE PEIXOTO,1015,CENTRO EDUCACIONAL DE NITEROI,RUA ITAGUAI 173
2016,71,88,1,76,FELIPE PEIXOTO,1295,COLEGIO SALESIANO SANTA ROSA,RUA SANTA ROSA 207
2016,71,88,2,99,FELIPE PEIXOTO,1295,COLEGIO SALESIANO SANTA ROSA,RUA SANTA ROSA 207
2016,71,89,1,50,FELIPE PEIXOTO,1295,COLEGIO SALESIANO SANTA ROSA,RUA SANTA ROSA 207
2016,71,89,2,84,FELIPE PEIXOTO,1295,COLEGIO SALESIANO SANTA ROSA,RUA SANTA ROSA 207
2016,71,90,1,65,FELIPE PEIXOTO,1295,COLEGIO SALESIANO SANTA ROSA,RUA SANTA ROSA 207
2016,71,90,2,97,FELIPE PEIXOTO,1295,COLEGIO SALESIANO SANTA ROSA,RUA SANTA ROSA 207
2016,71,91,1,63,FELIPE PEIXOTO,1295,COLEGIO SALESIANO SANTA ROSA,RUA SANTA ROSA 207
2016,71,91,2,86,FELIPE PEIXOTO,1295,COLEGIO SALESIANO SANTA ROSA,RUA SANTA ROSA 207
2016,71,92,1,56,FELIPE PEIXOTO,1295,COLEGIO SALESIANO SANTA ROSA,RUA SANTA ROSA 207
2016,71,92,2,76,FELIPE PEIXOTO,1295,COLEGIO SALESIANO SANTA ROSA,RUA SANTA ROSA 207
2016,71,93,1,60,FELIPE PEIXOTO,1295,COLEGIO SALESIANO SANTA ROSA,RUA SANTA ROSA 207
2016,71,93,2,85,FELIPE PEIXOTO,1295,COLEGIO SALESIANO SANTA ROSA,RUA SANTA ROSA 207
2016,71,94,1,63,FELIPE PEIXOTO,1295,COLEGIO SALESIANO SANTA ROSA,RUA SANTA ROSA 207
2016,71,94,2,90,FELIPE PEIXOTO,1295,COLEGIO SALESIANO SANTA ROSA,RUA SANTA ROSA 207
2016,71,95,1,60,FELIPE PEIXOTO,1295,COLEGIO SALESIANO SANTA ROSA,RUA SANTA ROSA 207
2016,71,95,2,84,FELIPE PEIXOTO,1295,COLEGIO SALESIANO SANTA ROSA,RUA SANTA ROSA 207
2016,71,96,1,59,FELIPE PEIXOTO,1295,COLEGIO SALESIANO SANTA ROSA,RUA SANTA ROSA 207
2016,71,96,2,85,FELIPE PEIXOTO,1295,COLEGIO SALESIANO SANTA ROSA,RUA SANTA ROSA 207
2016,71,97,1,78,FELIPE PEIXOTO,1295,COLEGIO SALESIANO SANTA ROSA,RUA SANTA ROSA 207
2016,71,97,2,102,FELIPE PEIXOTO,1295,COLEGIO SALESIANO SANTA ROSA,RUA SANTA ROSA 207
2016,71,98,1,64,FELIPE PEIXOTO,1295,COLEGIO SALESIANO SANTA ROSA,RUA SANTA ROSA 207
2016,71,98,2,98,FELIPE PEIXOTO,1295,COLEGIO SALESIANO SANTA ROSA,RUA SANTA ROSA 207
2016,71,99,1,64,FELIPE PEIXOTO,1295,COLEGIO SALESIANO SANTA ROSA,RUA SANTA ROSA 207
2016,71,99,2,113,FELIPE PEIXOTO,1295,COLEGIO SALESIANO SANTA ROSA,RUA SANTA ROSA 207
2016,72,1,1,36,FELIPE PEIXOTO,1015,ESCOLA ESTADUAL DR LUCIANO PESTRE,AV PASTOR JOSE GOMES DE SOUZA S/N
2016,72,1,2,42,FELIPE PEIXOTO,1015,ESCOLA ESTADUAL DR LUCIANO PESTRE,AV PASTOR JOSE GOMES DE SOUZA S/N
2016,72,10,1,52,FELIPE PEIXOTO,1040,CIEP 447 - CARAMUJO,RODOVIA AMARAL PEIXOTO KM 2  
2016,72,10,2,67,FELIPE PEIXOTO,1040,CIEP 447 - CARAMUJO,RODOVIA AMARAL PEIXOTO KM 2  
2016,72,11,1,42,FELIPE PEIXOTO,1040,CIEP 447 - CARAMUJO,RODOVIA AMARAL PEIXOTO KM 2  
2016,72,11,2,57,FELIPE PEIXOTO,1040,CIEP 447 - CARAMUJO,RODOVIA AMARAL PEIXOTO KM 2  
2016,72,113,1,65,FELIPE PEIXOTO,1368,ESCOLA MUNICIPAL VILA COSTA MONTEIRO,RUA ITITIOCA S/N
2016,72,113,2,95,FELIPE PEIXOTO,1368,ESCOLA MUNICIPAL VILA COSTA MONTEIRO,RUA ITITIOCA S/N
2016,72,114,1,72,FELIPE PEIXOTO,1368,ESCOLA MUNICIPAL VILA COSTA MONTEIRO,RUA ITITIOCA S/N
2016,72,114,2,87,FELIPE PEIXOTO,1368,ESCOLA MUNICIPAL VILA COSTA MONTEIRO,RUA ITITIOCA S/N
2016,72,118,1,50,FELIPE PEIXOTO,1040,CIEP 447 - CARAMUJO,RODOVIA AMARAL PEIXOTO KM 2  
2016,72,118,2,61,FELIPE PEIXOTO,1040,CIEP 447 - CARAMUJO,RODOVIA AMARAL PEIXOTO KM 2  
2016,72,12,1,49,FELIPE PEIXOTO,1040,CIEP 447 - CARAMUJO,RODOVIA AMARAL PEIXOTO KM 2  
2016,72,12,2,74,FELIPE PEIXOTO,1040,CIEP 447 - CARAMUJO,RODOVIA AMARAL PEIXOTO KM 2  
2016,72,120,1,83,FELIPE PEIXOTO,1449,CIEP 450 - BADU,ESTRADA CAETANO MONTEIRO S/N
2016,72,120,2,93,FELIPE PEIXOTO,1449,CIEP 450 - BADU,ESTRADA CAETANO MONTEIRO S/N
2016,72,121,1,36,FELIPE PEIXOTO,1015,ESCOLA ESTADUAL DR LUCIANO PESTRE,AV PASTOR JOSE GOMES DE SOUZA S/N
2016,72,121,2,43,FELIPE PEIXOTO,1015,ESCOLA ESTADUAL DR LUCIANO PESTRE,AV PASTOR JOSE GOMES DE SOUZA S/N
2016,72,122,1,80,FELIPE PEIXOTO,1074,COLEGIO ESTADUAL PAULO ASSIS RIBEIRO,ESTRADA CAETANO MONTEIRO 814
2016,72,122,2,93,FELIPE PEIXOTO,1074,COLEGIO ESTADUAL PAULO ASSIS RIBEIRO,ESTRADA CAETANO MONTEIRO 814
2016,72,123,1,97,FELIPE PEIXOTO,1112,ESCOLA ESTADUAL LEOPOLDO FROES,RUA REVERENDO ARMANDO FERREIRA  S/N
2016,72,123,2,123,FELIPE PEIXOTO,1112,ESCOLA ESTADUAL LEOPOLDO FROES,RUA REVERENDO ARMANDO FERREIRA  S/N
2016,72,126,1,106,FELIPE PEIXOTO,1180,ESCOLA MUNICIPAL RACHIDE DA GLORIA SALIM SAKER,RUA JANDIRA PEREIRA 620
2016,72,126,2,102,FELIPE PEIXOTO,1180,ESCOLA MUNICIPAL RACHIDE DA GLORIA SALIM SAKER,RUA JANDIRA PEREIRA 620
2016,72,13,1,53,FELIPE PEIXOTO,1040,CIEP 447 - CARAMUJO,RODOVIA AMARAL PEIXOTO KM 2  
2016,72,13,2,58,FELIPE PEIXOTO,1040,CIEP 447 - CARAMUJO,RODOVIA AMARAL PEIXOTO KM 2  
2016,72,130,1,66,FELIPE PEIXOTO,1147,ESCOLA MUNICIPAL VERA LUCIA MACHADO,RUA ALDEMAR DE PAIVA LOTE 7 E 8
2016,72,130,2,105,FELIPE PEIXOTO,1147,ESCOLA MUNICIPAL VERA LUCIA MACHADO,RUA ALDEMAR DE PAIVA LOTE 7 E 8
2016,72,131,1,61,FELIPE PEIXOTO,1449,CIEP 450 - BADU,ESTRADA CAETANO MONTEIRO S/N
2016,72,131,2,96,FELIPE PEIXOTO,1449,CIEP 450 - BADU,ESTRADA CAETANO MONTEIRO S/N
2016,72,132,1,72,FELIPE PEIXOTO,1368,ESCOLA MUNICIPAL VILA COSTA MONTEIRO,RUA ITITIOCA S/N
2016,72,132,2,86,FELIPE PEIXOTO,1368,ESCOLA MUNICIPAL VILA COSTA MONTEIRO,RUA ITITIOCA S/N
2016,72,133,1,76,FELIPE PEIXOTO,1074,COLEGIO ESTADUAL PAULO ASSIS RIBEIRO,ESTRADA CAETANO MONTEIRO 814
2016,72,133,2,93,FELIPE PEIXOTO,1074,COLEGIO ESTADUAL PAULO ASSIS RIBEIRO,ESTRADA CAETANO MONTEIRO 814
2016,72,136,1,80,FELIPE PEIXOTO,1112,ESCOLA ESTADUAL LEOPOLDO FROES,RUA REVERENDO ARMANDO FERREIRA  S/N
2016,72,136,2,91,FELIPE PEIXOTO,1112,ESCOLA ESTADUAL LEOPOLDO FROES,RUA REVERENDO ARMANDO FERREIRA  S/N
2016,72,137,1,39,FELIPE PEIXOTO,1015,ESCOLA ESTADUAL DR LUCIANO PESTRE,AV PASTOR JOSE GOMES DE SOUZA S/N
2016,72,137,2,51,FELIPE PEIXOTO,1015,ESCOLA ESTADUAL DR LUCIANO PESTRE,AV PASTOR JOSE GOMES DE SOUZA S/N
2016,72,139,1,75,FELIPE PEIXOTO,1171,ESCOLA MUNICIPAL ANTONIO COUTINHO DE AZEVEDO,AV NESTOR RODRIGUES PERLINGEIRO S/N
2016,72,139,2,86,FELIPE PEIXOTO,1171,ESCOLA MUNICIPAL ANTONIO COUTINHO DE AZEVEDO,AV NESTOR RODRIGUES PERLINGEIRO S/N
2016,72,14,1,43,FELIPE PEIXOTO,1040,CIEP 447 - CARAMUJO,RODOVIA AMARAL PEIXOTO KM 2  
2016,72,14,2,58,FELIPE PEIXOTO,1040,CIEP 447 - CARAMUJO,RODOVIA AMARAL PEIXOTO KM 2  
2016,72,143,1,34,FELIPE PEIXOTO,1015,ESCOLA ESTADUAL DR LUCIANO PESTRE,AV PASTOR JOSE GOMES DE SOUZA S/N
2016,72,143,2,49,FELIPE PEIXOTO,1015,ESCOLA ESTADUAL DR LUCIANO PESTRE,AV PASTOR JOSE GOMES DE SOUZA S/N
2016,72,144,1,81,FELIPE PEIXOTO,1112,ESCOLA ESTADUAL LEOPOLDO FROES,RUA REVERENDO ARMANDO FERREIRA  S/N
2016,72,144,2,99,FELIPE PEIXOTO,1112,ESCOLA ESTADUAL LEOPOLDO FROES,RUA REVERENDO ARMANDO FERREIRA  S/N
2016,72,146,1,82,FELIPE PEIXOTO,1171,ESCOLA MUNICIPAL ANTONIO COUTINHO DE AZEVEDO,AV NESTOR RODRIGUES PERLINGEIRO S/N
2016,72,146,2,87,FELIPE PEIXOTO,1171,ESCOLA MUNICIPAL ANTONIO COUTINHO DE AZEVEDO,AV NESTOR RODRIGUES PERLINGEIRO S/N
2016,72,147,1,83,FELIPE PEIXOTO,1074,COLEGIO ESTADUAL PAULO ASSIS RIBEIRO,ESTRADA CAETANO MONTEIRO 814
2016,72,147,2,102,FELIPE PEIXOTO,1074,COLEGIO ESTADUAL PAULO ASSIS RIBEIRO,ESTRADA CAETANO MONTEIRO 814
2016,72,149,1,36,FELIPE PEIXOTO,1015,ESCOLA ESTADUAL DR LUCIANO PESTRE,AV PASTOR JOSE GOMES DE SOUZA S/N
2016,72,149,2,55,FELIPE PEIXOTO,1015,ESCOLA ESTADUAL DR LUCIANO PESTRE,AV PASTOR JOSE GOMES DE SOUZA S/N
2016,72,15,1,33,FELIPE PEIXOTO,1040,CIEP 447 - CARAMUJO,RODOVIA AMARAL PEIXOTO KM 2  
2016,72,15,2,65,FELIPE PEIXOTO,1040,CIEP 447 - CARAMUJO,RODOVIA AMARAL PEIXOTO KM 2  
2016,72,150,1,70,FELIPE PEIXOTO,1449,CIEP 450 - BADU,ESTRADA CAETANO MONTEIRO S/N
2016,72,150,2,82,FELIPE PEIXOTO,1449,CIEP 450 - BADU,ESTRADA CAETANO MONTEIRO S/N
2016,72,151,1,44,FELIPE PEIXOTO,1040,CIEP 447 - CARAMUJO,RODOVIA AMARAL PEIXOTO KM 2  
2016,72,151,2,60,FELIPE PEIXOTO,1040,CIEP 447 - CARAMUJO,RODOVIA AMARAL PEIXOTO KM 2  
2016,72,152,1,27,FELIPE PEIXOTO,1040,CIEP 447 - CARAMUJO,RODOVIA AMARAL PEIXOTO KM 2  
2016,72,152,2,42,FELIPE PEIXOTO,1040,CIEP 447 - CARAMUJO,RODOVIA AMARAL PEIXOTO KM 2  
2016,72,156,1,77,FELIPE PEIXOTO,1368,ESCOLA MUNICIPAL VILA COSTA MONTEIRO,RUA ITITIOCA S/N
2016,72,156,2,93,FELIPE PEIXOTO,1368,ESCOLA MUNICIPAL VILA COSTA MONTEIRO,RUA ITITIOCA S/N
2016,72,159,1,70,FELIPE PEIXOTO,1449,CIEP 450 - BADU,ESTRADA CAETANO MONTEIRO S/N
2016,72,159,2,98,FELIPE PEIXOTO,1449,CIEP 450 - BADU,ESTRADA CAETANO MONTEIRO S/N
2016,72,16,1,42,FELIPE PEIXOTO,1015,ESCOLA ESTADUAL DR LUCIANO PESTRE,AV PASTOR JOSE GOMES DE SOUZA S/N
2016,72,16,2,57,FELIPE PEIXOTO,1015,ESCOLA ESTADUAL DR LUCIANO PESTRE,AV PASTOR JOSE GOMES DE SOUZA S/N
2016,72,160,1,89,FELIPE PEIXOTO,1147,ESCOLA MUNICIPAL VERA LUCIA MACHADO,RUA ALDEMAR DE PAIVA LOTE 7 E 8
2016,72,160,2,114,FELIPE PEIXOTO,1147,ESCOLA MUNICIPAL VERA LUCIA MACHADO,RUA ALDEMAR DE PAIVA LOTE 7 E 8
2016,72,162,1,76,FELIPE PEIXOTO,1171,ESCOLA MUNICIPAL ANTONIO COUTINHO DE AZEVEDO,AV NESTOR RODRIGUES PERLINGEIRO S/N
2016,72,162,2,91,FELIPE PEIXOTO,1171,ESCOLA MUNICIPAL ANTONIO COUTINHO DE AZEVEDO,AV NESTOR RODRIGUES PERLINGEIRO S/N
2016,72,163,1,54,FELIPE PEIXOTO,1449,CIEP 450 - BADU,ESTRADA CAETANO MONTEIRO S/N
2016,72,163,2,95,FELIPE PEIXOTO,1449,CIEP 450 - BADU,ESTRADA CAETANO MONTEIRO S/N
2016,72,164,1,31,FELIPE PEIXOTO,1015,ESCOLA ESTADUAL DR LUCIANO PESTRE,AV PASTOR JOSE GOMES DE SOUZA S/N
2016,72,164,2,41,FELIPE PEIXOTO,1015,ESCOLA ESTADUAL DR LUCIANO PESTRE,AV PASTOR JOSE GOMES DE SOUZA S/N
2016,72,168,1,89,FELIPE PEIXOTO,1074,COLEGIO ESTADUAL PAULO ASSIS RIBEIRO,ESTRADA CAETANO MONTEIRO 814
2016,72,168,2,108,FELIPE PEIXOTO,1074,COLEGIO ESTADUAL PAULO ASSIS RIBEIRO,ESTRADA CAETANO MONTEIRO 814
2016,72,17,1,50,FELIPE PEIXOTO,1015,ESCOLA ESTADUAL DR LUCIANO PESTRE,AV PASTOR JOSE GOMES DE SOUZA S/N
2016,72,17,2,53,FELIPE PEIXOTO,1015,ESCOLA ESTADUAL DR LUCIANO PESTRE,AV PASTOR JOSE GOMES DE SOUZA S/N
2016,72,173,1,66,FELIPE PEIXOTO,1449,CIEP 450 - BADU,ESTRADA CAETANO MONTEIRO S/N
2016,72,173,2,84,FELIPE PEIXOTO,1449,CIEP 450 - BADU,ESTRADA CAETANO MONTEIRO S/N
2016,72,174,1,84,FELIPE PEIXOTO,1473,COLÉGIO FORUM CULTURAL,ESTRADA FRANCISCO DA CRUZ NUNES 2454
2016,72,174,2,112,FELIPE PEIXOTO,1473,COLÉGIO FORUM CULTURAL,ESTRADA FRANCISCO DA CRUZ NUNES 2454
2016,72,177,1,39,FELIPE PEIXOTO,1015,ESCOLA ESTADUAL DR LUCIANO PESTRE,AV PASTOR JOSE GOMES DE SOUZA S/N
2016,72,177,2,59,FELIPE PEIXOTO,1015,ESCOLA ESTADUAL DR LUCIANO PESTRE,AV PASTOR JOSE GOMES DE SOUZA S/N
2016,72,178,1,74,FELIPE PEIXOTO,1171,ESCOLA MUNICIPAL ANTONIO COUTINHO DE AZEVEDO,AV NESTOR RODRIGUES PERLINGEIRO S/N
2016,72,178,2,84,FELIPE PEIXOTO,1171,ESCOLA MUNICIPAL ANTONIO COUTINHO DE AZEVEDO,AV NESTOR RODRIGUES PERLINGEIRO S/N
2016,72,18,1,62,FELIPE PEIXOTO,1449,CIEP 450 - BADU,ESTRADA CAETANO MONTEIRO S/N
2016,72,18,2,84,FELIPE PEIXOTO,1449,CIEP 450 - BADU,ESTRADA CAETANO MONTEIRO S/N
2016,72,181,1,54,FELIPE PEIXOTO,1473,COLÉGIO FORUM CULTURAL,ESTRADA FRANCISCO DA CRUZ NUNES 2454
2016,72,181,2,85,FELIPE PEIXOTO,1473,COLÉGIO FORUM CULTURAL,ESTRADA FRANCISCO DA CRUZ NUNES 2454
2016,72,183,1,43,FELIPE PEIXOTO,1015,ESCOLA ESTADUAL DR LUCIANO PESTRE,AV PASTOR JOSE GOMES DE SOUZA S/N
2016,72,183,2,54,FELIPE PEIXOTO,1015,ESCOLA ESTADUAL DR LUCIANO PESTRE,AV PASTOR JOSE GOMES DE SOUZA S/N
2016,72,184,1,74,FELIPE PEIXOTO,1147,ESCOLA MUNICIPAL VERA LUCIA MACHADO,RUA ALDEMAR DE PAIVA LOTE 7 E 8
2016,72,184,2,121,FELIPE PEIXOTO,1147,ESCOLA MUNICIPAL VERA LUCIA MACHADO,RUA ALDEMAR DE PAIVA LOTE 7 E 8
2016,72,185,1,77,FELIPE PEIXOTO,1368,ESCOLA MUNICIPAL VILA COSTA MONTEIRO,RUA ITITIOCA S/N
2016,72,185,2,108,FELIPE PEIXOTO,1368,ESCOLA MUNICIPAL VILA COSTA MONTEIRO,RUA ITITIOCA S/N
2016,72,186,1,63,FELIPE PEIXOTO,1473,COLÉGIO FORUM CULTURAL,ESTRADA FRANCISCO DA CRUZ NUNES 2454
2016,72,186,2,96,FELIPE PEIXOTO,1473,COLÉGIO FORUM CULTURAL,ESTRADA FRANCISCO DA CRUZ NUNES 2454
2016,72,187,1,87,FELIPE PEIXOTO,1473,COLÉGIO FORUM CULTURAL,ESTRADA FRANCISCO DA CRUZ NUNES 2454
2016,72,187,2,99,FELIPE PEIXOTO,1473,COLÉGIO FORUM CULTURAL,ESTRADA FRANCISCO DA CRUZ NUNES 2454
2016,72,188,1,49,FELIPE PEIXOTO,1040,CIEP 447 - CARAMUJO,RODOVIA AMARAL PEIXOTO KM 2  
2016,72,188,2,71,FELIPE PEIXOTO,1040,CIEP 447 - CARAMUJO,RODOVIA AMARAL PEIXOTO KM 2  
2016,72,189,1,70,FELIPE PEIXOTO,1074,COLEGIO ESTADUAL PAULO ASSIS RIBEIRO,ESTRADA CAETANO MONTEIRO 814
2016,72,189,2,84,FELIPE PEIXOTO,1074,COLEGIO ESTADUAL PAULO ASSIS RIBEIRO,ESTRADA CAETANO MONTEIRO 814
2016,72,19,1,69,FELIPE PEIXOTO,1449,CIEP 450 - BADU,ESTRADA CAETANO MONTEIRO S/N
2016,72,19,2,79,FELIPE PEIXOTO,1449,CIEP 450 - BADU,ESTRADA CAETANO MONTEIRO S/N
2016,72,190,1,67,FELIPE PEIXOTO,1074,COLEGIO ESTADUAL PAULO ASSIS RIBEIRO,ESTRADA CAETANO MONTEIRO 814
2016,72,190,2,90,FELIPE PEIXOTO,1074,COLEGIO ESTADUAL PAULO ASSIS RIBEIRO,ESTRADA CAETANO MONTEIRO 814
2016,72,191,1,71,FELIPE PEIXOTO,1473,COLÉGIO FORUM CULTURAL,ESTRADA FRANCISCO DA CRUZ NUNES 2454
2016,72,191,2,100,FELIPE PEIXOTO,1473,COLÉGIO FORUM CULTURAL,ESTRADA FRANCISCO DA CRUZ NUNES 2454
2016,72,192,1,69,FELIPE PEIXOTO,1449,CIEP 450 - BADU,ESTRADA CAETANO MONTEIRO S/N
2016,72,192,2,86,FELIPE PEIXOTO,1449,CIEP 450 - BADU,ESTRADA CAETANO MONTEIRO S/N
2016,72,193,1,71,FELIPE PEIXOTO,1473,COLÉGIO FORUM CULTURAL,ESTRADA FRANCISCO DA CRUZ NUNES 2454
2016,72,193,2,113,FELIPE PEIXOTO,1473,COLÉGIO FORUM CULTURAL,ESTRADA FRANCISCO DA CRUZ NUNES 2454
2016,72,194,1,66,FELIPE PEIXOTO,1368,ESCOLA MUNICIPAL VILA COSTA MONTEIRO,RUA ITITIOCA S/N
2016,72,194,2,86,FELIPE PEIXOTO,1368,ESCOLA MUNICIPAL VILA COSTA MONTEIRO,RUA ITITIOCA S/N
2016,72,195,1,70,FELIPE PEIXOTO,1449,CIEP 450 - BADU,ESTRADA CAETANO MONTEIRO S/N
2016,72,195,2,95,FELIPE PEIXOTO,1449,CIEP 450 - BADU,ESTRADA CAETANO MONTEIRO S/N
2016,72,196,1,66,FELIPE PEIXOTO,1147,ESCOLA MUNICIPAL VERA LUCIA MACHADO,RUA ALDEMAR DE PAIVA LOTE 7 E 8
2016,72,196,2,84,FELIPE PEIXOTO,1147,ESCOLA MUNICIPAL VERA LUCIA MACHADO,RUA ALDEMAR DE PAIVA LOTE 7 E 8
2016,72,197,1,22,FELIPE PEIXOTO,1040,CIEP 447 - CARAMUJO,RODOVIA AMARAL PEIXOTO KM 2  
2016,72,197,2,32,FELIPE PEIXOTO,1040,CIEP 447 - CARAMUJO,RODOVIA AMARAL PEIXOTO KM 2  
2016,72,198,1,76,FELIPE PEIXOTO,1180,ESCOLA MUNICIPAL RACHIDE DA GLORIA SALIM SAKER,RUA JANDIRA PEREIRA 620
2016,72,198,2,76,FELIPE PEIXOTO,1180,ESCOLA MUNICIPAL RACHIDE DA GLORIA SALIM SAKER,RUA JANDIRA PEREIRA 620
2016,72,199,1,48,FELIPE PEIXOTO,1368,ESCOLA MUNICIPAL VILA COSTA MONTEIRO,RUA ITITIOCA S/N
2016,72,199,2,66,FELIPE PEIXOTO,1368,ESCOLA MUNICIPAL VILA COSTA MONTEIRO,RUA ITITIOCA S/N
2016,72,2,1,43,FELIPE PEIXOTO,1015,ESCOLA ESTADUAL DR LUCIANO PESTRE,AV PASTOR JOSE GOMES DE SOUZA S/N
2016,72,2,2,50,FELIPE PEIXOTO,1015,ESCOLA ESTADUAL DR LUCIANO PESTRE,AV PASTOR JOSE GOMES DE SOUZA S/N
2016,72,20,1,78,FELIPE PEIXOTO,1449,CIEP 450 - BADU,ESTRADA CAETANO MONTEIRO S/N
2016,72,20,2,92,FELIPE PEIXOTO,1449,CIEP 450 - BADU,ESTRADA CAETANO MONTEIRO S/N
2016,72,201,1,71,FELIPE PEIXOTO,1473,COLÉGIO FORUM CULTURAL,ESTRADA FRANCISCO DA CRUZ NUNES 2454
2016,72,201,2,76,FELIPE PEIXOTO,1473,COLÉGIO FORUM CULTURAL,ESTRADA FRANCISCO DA CRUZ NUNES 2454
2016,72,202,1,74,FELIPE PEIXOTO,1074,COLEGIO ESTADUAL PAULO ASSIS RIBEIRO,ESTRADA CAETANO MONTEIRO 814
2016,72,202,2,96,FELIPE PEIXOTO,1074,COLEGIO ESTADUAL PAULO ASSIS RIBEIRO,ESTRADA CAETANO MONTEIRO 814
2016,72,203,1,73,FELIPE PEIXOTO,1449,CIEP 450 - BADU,ESTRADA CAETANO MONTEIRO S/N
2016,72,203,2,101,FELIPE PEIXOTO,1449,CIEP 450 - BADU,ESTRADA CAETANO MONTEIRO S/N
2016,72,204,1,55,FELIPE PEIXOTO,1040,CIEP 447 - CARAMUJO,RODOVIA AMARAL PEIXOTO KM 2  
2016,72,204,2,65,FELIPE PEIXOTO,1040,CIEP 447 - CARAMUJO,RODOVIA AMARAL PEIXOTO KM 2  
2016,72,205,1,58,FELIPE PEIXOTO,1368,ESCOLA MUNICIPAL VILA COSTA MONTEIRO,RUA ITITIOCA S/N
2016,72,205,2,87,FELIPE PEIXOTO,1368,ESCOLA MUNICIPAL VILA COSTA MONTEIRO,RUA ITITIOCA S/N
2016,72,207,1,56,FELIPE PEIXOTO,1473,COLÉGIO FORUM CULTURAL,ESTRADA FRANCISCO DA CRUZ NUNES 2454
2016,72,207,2,93,FELIPE PEIXOTO,1473,COLÉGIO FORUM CULTURAL,ESTRADA FRANCISCO DA CRUZ NUNES 2454
2016,72,208,1,92,FELIPE PEIXOTO,1180,ESCOLA MUNICIPAL RACHIDE DA GLORIA SALIM SAKER,RUA JANDIRA PEREIRA 620
2016,72,208,2,106,FELIPE PEIXOTO,1180,ESCOLA MUNICIPAL RACHIDE DA GLORIA SALIM SAKER,RUA JANDIRA PEREIRA 620
2016,72,209,1,79,FELIPE PEIXOTO,1074,COLEGIO ESTADUAL PAULO ASSIS RIBEIRO,ESTRADA CAETANO MONTEIRO 814
2016,72,209,2,86,FELIPE PEIXOTO,1074,COLEGIO ESTADUAL PAULO ASSIS RIBEIRO,ESTRADA CAETANO MONTEIRO 814
2016,72,21,1,50,FELIPE PEIXOTO,1449,CIEP 450 - BADU,ESTRADA CAETANO MONTEIRO S/N
2016,72,21,2,83,FELIPE PEIXOTO,1449,CIEP 450 - BADU,ESTRADA CAETANO MONTEIRO S/N
2016,72,210,1,76,FELIPE PEIXOTO,1074,COLEGIO ESTADUAL PAULO ASSIS RIBEIRO,ESTRADA CAETANO MONTEIRO 814
2016,72,210,2,103,FELIPE PEIXOTO,1074,COLEGIO ESTADUAL PAULO ASSIS RIBEIRO,ESTRADA CAETANO MONTEIRO 814
2016,72,211,1,71,FELIPE PEIXOTO,1368,ESCOLA MUNICIPAL VILA COSTA MONTEIRO,RUA ITITIOCA S/N
2016,72,211,2,103,FELIPE PEIXOTO,1368,ESCOLA MUNICIPAL VILA COSTA MONTEIRO,RUA ITITIOCA S/N
2016,72,212,1,46,FELIPE PEIXOTO,1040,CIEP 447 - CARAMUJO,RODOVIA AMARAL PEIXOTO KM 2  
2016,72,212,2,70,FELIPE PEIXOTO,1040,CIEP 447 - CARAMUJO,RODOVIA AMARAL PEIXOTO KM 2  
2016,72,213,1,72,FELIPE PEIXOTO,1147,ESCOLA MUNICIPAL VERA LUCIA MACHADO,RUA ALDEMAR DE PAIVA LOTE 7 E 8
2016,72,213,2,97,FELIPE PEIXOTO,1147,ESCOLA MUNICIPAL VERA LUCIA MACHADO,RUA ALDEMAR DE PAIVA LOTE 7 E 8
2016,72,214,1,66,FELIPE PEIXOTO,1473,COLÉGIO FORUM CULTURAL,ESTRADA FRANCISCO DA CRUZ NUNES 2454
2016,72,214,2,101,FELIPE PEIXOTO,1473,COLÉGIO FORUM CULTURAL,ESTRADA FRANCISCO DA CRUZ NUNES 2454
2016,72,215,1,65,FELIPE PEIXOTO,1074,COLEGIO ESTADUAL PAULO ASSIS RIBEIRO,ESTRADA CAETANO MONTEIRO 814
2016,72,215,2,92,FELIPE PEIXOTO,1074,COLEGIO ESTADUAL PAULO ASSIS RIBEIRO,ESTRADA CAETANO MONTEIRO 814
2016,72,217,1,44,FELIPE PEIXOTO,1040,CIEP 447 - CARAMUJO,RODOVIA AMARAL PEIXOTO KM 2  
2016,72,217,2,57,FELIPE PEIXOTO,1040,CIEP 447 - CARAMUJO,RODOVIA AMARAL PEIXOTO KM 2  
2016,72,218,1,80,FELIPE PEIXOTO,1180,ESCOLA MUNICIPAL RACHIDE DA GLORIA SALIM SAKER,RUA JANDIRA PEREIRA 620
2016,72,218,2,91,FELIPE PEIXOTO,1180,ESCOLA MUNICIPAL RACHIDE DA GLORIA SALIM SAKER,RUA JANDIRA PEREIRA 620
2016,72,219,1,59,FELIPE PEIXOTO,1074,COLEGIO ESTADUAL PAULO ASSIS RIBEIRO,ESTRADA CAETANO MONTEIRO 814
2016,72,219,2,86,FELIPE PEIXOTO,1074,COLEGIO ESTADUAL PAULO ASSIS RIBEIRO,ESTRADA CAETANO MONTEIRO 814
2016,72,22,1,65,FELIPE PEIXOTO,1449,CIEP 450 - BADU,ESTRADA CAETANO MONTEIRO S/N
2016,72,22,2,92,FELIPE PEIXOTO,1449,CIEP 450 - BADU,ESTRADA CAETANO MONTEIRO S/N
2016,72,220,1,66,FELIPE PEIXOTO,1368,ESCOLA MUNICIPAL VILA COSTA MONTEIRO,RUA ITITIOCA S/N
2016,72,220,2,82,FELIPE PEIXOTO,1368,ESCOLA MUNICIPAL VILA COSTA MONTEIRO,RUA ITITIOCA S/N
2016,72,221,1,83,FELIPE PEIXOTO,1449,CIEP 450 - BADU,ESTRADA CAETANO MONTEIRO S/N
2016,72,221,2,107,FELIPE PEIXOTO,1449,CIEP 450 - BADU,ESTRADA CAETANO MONTEIRO S/N
2016,72,222,1,79,FELIPE PEIXOTO,1520,ESCOLA MUNICIPAL LEVI CARNEIRO,AVENIDA WASHINGTON LUIS 488
2016,72,222,2,95,FELIPE PEIXOTO,1520,ESCOLA MUNICIPAL LEVI CARNEIRO,AVENIDA WASHINGTON LUIS 488
2016,72,223,1,68,FELIPE PEIXOTO,1520,ESCOLA MUNICIPAL LEVI CARNEIRO,AVENIDA WASHINGTON LUIS 488
2016,72,223,2,81,FELIPE PEIXOTO,1520,ESCOLA MUNICIPAL LEVI CARNEIRO,AVENIDA WASHINGTON LUIS 488
2016,72,224,1,101,FELIPE PEIXOTO,1520,ESCOLA MUNICIPAL LEVI CARNEIRO,AVENIDA WASHINGTON LUIS 488
2016,72,224,2,114,FELIPE PEIXOTO,1520,ESCOLA MUNICIPAL LEVI CARNEIRO,AVENIDA WASHINGTON LUIS 488
2016,72,225,1,80,FELIPE PEIXOTO,1520,ESCOLA MUNICIPAL LEVI CARNEIRO,AVENIDA WASHINGTON LUIS 488
2016,72,225,2,103,FELIPE PEIXOTO,1520,ESCOLA MUNICIPAL LEVI CARNEIRO,AVENIDA WASHINGTON LUIS 488
2016,72,226,1,82,FELIPE PEIXOTO,1520,ESCOLA MUNICIPAL LEVI CARNEIRO,AVENIDA WASHINGTON LUIS 488
2016,72,226,2,97,FELIPE PEIXOTO,1520,ESCOLA MUNICIPAL LEVI CARNEIRO,AVENIDA WASHINGTON LUIS 488
2016,72,227,1,76,FELIPE PEIXOTO,1520,ESCOLA MUNICIPAL LEVI CARNEIRO,AVENIDA WASHINGTON LUIS 488
2016,72,227,2,92,FELIPE PEIXOTO,1520,ESCOLA MUNICIPAL LEVI CARNEIRO,AVENIDA WASHINGTON LUIS 488
2016,72,228,1,80,FELIPE PEIXOTO,1520,ESCOLA MUNICIPAL LEVI CARNEIRO,AVENIDA WASHINGTON LUIS 488
2016,72,228,2,104,FELIPE PEIXOTO,1520,ESCOLA MUNICIPAL LEVI CARNEIRO,AVENIDA WASHINGTON LUIS 488
2016,72,229,1,82,FELIPE PEIXOTO,1520,ESCOLA MUNICIPAL LEVI CARNEIRO,AVENIDA WASHINGTON LUIS 488
2016,72,229,2,102,FELIPE PEIXOTO,1520,ESCOLA MUNICIPAL LEVI CARNEIRO,AVENIDA WASHINGTON LUIS 488
2016,72,23,1,70,FELIPE PEIXOTO,1074,COLEGIO ESTADUAL PAULO ASSIS RIBEIRO,ESTRADA CAETANO MONTEIRO 814
2016,72,23,2,106,FELIPE PEIXOTO,1074,COLEGIO ESTADUAL PAULO ASSIS RIBEIRO,ESTRADA CAETANO MONTEIRO 814
2016,72,230,1,88,FELIPE PEIXOTO,1520,ESCOLA MUNICIPAL LEVI CARNEIRO,AVENIDA WASHINGTON LUIS 488
2016,72,230,2,102,FELIPE PEIXOTO,1520,ESCOLA MUNICIPAL LEVI CARNEIRO,AVENIDA WASHINGTON LUIS 488
2016,72,231,1,44,FELIPE PEIXOTO,1520,ESCOLA MUNICIPAL LEVI CARNEIRO,AVENIDA WASHINGTON LUIS 488
2016,72,231,2,50,FELIPE PEIXOTO,1520,ESCOLA MUNICIPAL LEVI CARNEIRO,AVENIDA WASHINGTON LUIS 488
2016,72,232,1,86,FELIPE PEIXOTO,1520,ESCOLA MUNICIPAL LEVI CARNEIRO,AVENIDA WASHINGTON LUIS 488
2016,72,232,2,108,FELIPE PEIXOTO,1520,ESCOLA MUNICIPAL LEVI CARNEIRO,AVENIDA WASHINGTON LUIS 488
2016,72,233,1,55,FELIPE PEIXOTO,1520,ESCOLA MUNICIPAL LEVI CARNEIRO,AVENIDA WASHINGTON LUIS 488
2016,72,233,2,60,FELIPE PEIXOTO,1520,ESCOLA MUNICIPAL LEVI CARNEIRO,AVENIDA WASHINGTON LUIS 488
2016,72,234,1,69,FELIPE PEIXOTO,1520,ESCOLA MUNICIPAL LEVI CARNEIRO,AVENIDA WASHINGTON LUIS 488
2016,72,234,2,95,FELIPE PEIXOTO,1520,ESCOLA MUNICIPAL LEVI CARNEIRO,AVENIDA WASHINGTON LUIS 488
2016,72,235,1,74,FELIPE PEIXOTO,1520,ESCOLA MUNICIPAL LEVI CARNEIRO,AVENIDA WASHINGTON LUIS 488
2016,72,235,2,106,FELIPE PEIXOTO,1520,ESCOLA MUNICIPAL LEVI CARNEIRO,AVENIDA WASHINGTON LUIS 488
2016,72,236,1,84,FELIPE PEIXOTO,1520,ESCOLA MUNICIPAL LEVI CARNEIRO,AVENIDA WASHINGTON LUIS 488
2016,72,236,2,95,FELIPE PEIXOTO,1520,ESCOLA MUNICIPAL LEVI CARNEIRO,AVENIDA WASHINGTON LUIS 488
2016,72,237,1,96,FELIPE PEIXOTO,1538,ESCOLA CATAVENTO ESPAÇO DE EDUCAÇÃO,"ESTRADA WASHINGTON LUIZ, 224"
2016,72,237,2,101,FELIPE PEIXOTO,1538,ESCOLA CATAVENTO ESPAÇO DE EDUCAÇÃO,"ESTRADA WASHINGTON LUIZ, 224"
2016,72,238,1,80,FELIPE PEIXOTO,1538,ESCOLA CATAVENTO ESPAÇO DE EDUCAÇÃO,"ESTRADA WASHINGTON LUIZ, 224"
2016,72,238,2,91,FELIPE PEIXOTO,1538,ESCOLA CATAVENTO ESPAÇO DE EDUCAÇÃO,"ESTRADA WASHINGTON LUIZ, 224"
2016,72,239,1,74,FELIPE PEIXOTO,1546,COLÉGIO GOMES PEREIRA,AVENIDA RUI BARBOSA 1250
2016,72,239,2,95,FELIPE PEIXOTO,1546,COLÉGIO GOMES PEREIRA,AVENIDA RUI BARBOSA 1250
2016,72,24,1,73,FELIPE PEIXOTO,1074,COLEGIO ESTADUAL PAULO ASSIS RIBEIRO,ESTRADA CAETANO MONTEIRO 814
2016,72,24,2,84,FELIPE PEIXOTO,1074,COLEGIO ESTADUAL PAULO ASSIS RIBEIRO,ESTRADA CAETANO MONTEIRO 814
2016,72,240,1,70,FELIPE PEIXOTO,1546,COLÉGIO GOMES PEREIRA,AVENIDA RUI BARBOSA 1250
2016,72,240,2,95,FELIPE PEIXOTO,1546,COLÉGIO GOMES PEREIRA,AVENIDA RUI BARBOSA 1250
2016,72,241,1,84,FELIPE PEIXOTO,1546,COLÉGIO GOMES PEREIRA,AVENIDA RUI BARBOSA 1250
2016,72,241,2,107,FELIPE PEIXOTO,1546,COLÉGIO GOMES PEREIRA,AVENIDA RUI BARBOSA 1250
2016,72,242,1,70,FELIPE PEIXOTO,1538,ESCOLA CATAVENTO ESPAÇO DE EDUCAÇÃO,"ESTRADA WASHINGTON LUIZ, 224"
2016,72,242,2,114,FELIPE PEIXOTO,1538,ESCOLA CATAVENTO ESPAÇO DE EDUCAÇÃO,"ESTRADA WASHINGTON LUIZ, 224"
2016,72,243,1,70,FELIPE PEIXOTO,1473,COLÉGIO FORUM CULTURAL,ESTRADA FRANCISCO DA CRUZ NUNES 2454
2016,72,243,2,87,FELIPE PEIXOTO,1473,COLÉGIO FORUM CULTURAL,ESTRADA FRANCISCO DA CRUZ NUNES 2454
2016,72,244,1,67,FELIPE PEIXOTO,1554,JARDIM ESCOLA GIRASSÓIS,"ESTRADA CAETANO MONTEIRO, 813 E 817"
2016,72,244,2,91,FELIPE PEIXOTO,1554,JARDIM ESCOLA GIRASSÓIS,"ESTRADA CAETANO MONTEIRO, 813 E 817"
2016,72,245,1,56,FELIPE PEIXOTO,1368,ESCOLA MUNICIPAL VILA COSTA MONTEIRO,RUA ITITIOCA S/N
2016,72,245,2,77,FELIPE PEIXOTO,1368,ESCOLA MUNICIPAL VILA COSTA MONTEIRO,RUA ITITIOCA S/N
2016,72,246,1,48,FELIPE PEIXOTO,1147,ESCOLA MUNICIPAL VERA LUCIA MACHADO,RUA ALDEMAR DE PAIVA LOTE 7 E 8
2016,72,246,2,81,FELIPE PEIXOTO,1147,ESCOLA MUNICIPAL VERA LUCIA MACHADO,RUA ALDEMAR DE PAIVA LOTE 7 E 8
2016,72,247,1,75,FELIPE PEIXOTO,1554,JARDIM ESCOLA GIRASSÓIS,"ESTRADA CAETANO MONTEIRO, 813 E 817"
2016,72,247,2,112,FELIPE PEIXOTO,1554,JARDIM ESCOLA GIRASSÓIS,"ESTRADA CAETANO MONTEIRO, 813 E 817"
2016,72,248,1,34,FELIPE PEIXOTO,1546,COLÉGIO GOMES PEREIRA,AVENIDA RUI BARBOSA 1250
2016,72,248,2,40,FELIPE PEIXOTO,1546,COLÉGIO GOMES PEREIRA,AVENIDA RUI BARBOSA 1250
2016,72,249,1,30,FELIPE PEIXOTO,1554,JARDIM ESCOLA GIRASSÓIS,"ESTRADA CAETANO MONTEIRO, 813 E 817"
2016,72,249,2,38,FELIPE PEIXOTO,1554,JARDIM ESCOLA GIRASSÓIS,"ESTRADA CAETANO MONTEIRO, 813 E 817"
2016,72,25,1,75,FELIPE PEIXOTO,1074,COLEGIO ESTADUAL PAULO ASSIS RIBEIRO,ESTRADA CAETANO MONTEIRO 814
2016,72,25,2,101,FELIPE PEIXOTO,1074,COLEGIO ESTADUAL PAULO ASSIS RIBEIRO,ESTRADA CAETANO MONTEIRO 814
2016,72,250,1,93,FELIPE PEIXOTO,1554,JARDIM ESCOLA GIRASSÓIS,"ESTRADA CAETANO MONTEIRO, 813 E 817"
2016,72,250,2,92,FELIPE PEIXOTO,1554,JARDIM ESCOLA GIRASSÓIS,"ESTRADA CAETANO MONTEIRO, 813 E 817"
2016,72,251,1,8,FELIPE PEIXOTO,1538,ESCOLA CATAVENTO ESPAÇO DE EDUCAÇÃO,"ESTRADA WASHINGTON LUIZ, 224"
2016,72,251,2,12,FELIPE PEIXOTO,1538,ESCOLA CATAVENTO ESPAÇO DE EDUCAÇÃO,"ESTRADA WASHINGTON LUIZ, 224"
2016,72,26,1,67,FELIPE PEIXOTO,1074,COLEGIO ESTADUAL PAULO ASSIS RIBEIRO,ESTRADA CAETANO MONTEIRO 814
2016,72,26,2,106,FELIPE PEIXOTO,1074,COLEGIO ESTADUAL PAULO ASSIS RIBEIRO,ESTRADA CAETANO MONTEIRO 814
2016,72,27,1,90,FELIPE PEIXOTO,1449,CIEP 450 - BADU,ESTRADA CAETANO MONTEIRO S/N
2016,72,27,2,105,FELIPE PEIXOTO,1449,CIEP 450 - BADU,ESTRADA CAETANO MONTEIRO S/N
2016,72,28,1,84,FELIPE PEIXOTO,1449,CIEP 450 - BADU,ESTRADA CAETANO MONTEIRO S/N
2016,72,28,2,105,FELIPE PEIXOTO,1449,CIEP 450 - BADU,ESTRADA CAETANO MONTEIRO S/N
2016,72,29,1,51,FELIPE PEIXOTO,1449,CIEP 450 - BADU,ESTRADA CAETANO MONTEIRO S/N
2016,72,29,2,61,FELIPE PEIXOTO,1449,CIEP 450 - BADU,ESTRADA CAETANO MONTEIRO S/N
2016,72,3,1,36,FELIPE PEIXOTO,1015,ESCOLA ESTADUAL DR LUCIANO PESTRE,AV PASTOR JOSE GOMES DE SOUZA S/N
2016,72,3,2,48,FELIPE PEIXOTO,1015,ESCOLA ESTADUAL DR LUCIANO PESTRE,AV PASTOR JOSE GOMES DE SOUZA S/N
2016,72,30,1,71,FELIPE PEIXOTO,1449,CIEP 450 - BADU,ESTRADA CAETANO MONTEIRO S/N
2016,72,30,2,94,FELIPE PEIXOTO,1449,CIEP 450 - BADU,ESTRADA CAETANO MONTEIRO S/N
2016,72,35,1,82,FELIPE PEIXOTO,1112,ESCOLA ESTADUAL LEOPOLDO FROES,RUA REVERENDO ARMANDO FERREIRA  S/N
2016,72,35,2,95,FELIPE PEIXOTO,1112,ESCOLA ESTADUAL LEOPOLDO FROES,RUA REVERENDO ARMANDO FERREIRA  S/N
2016,72,36,1,78,FELIPE PEIXOTO,1112,ESCOLA ESTADUAL LEOPOLDO FROES,RUA REVERENDO ARMANDO FERREIRA  S/N
2016,72,36,2,83,FELIPE PEIXOTO,1112,ESCOLA ESTADUAL LEOPOLDO FROES,RUA REVERENDO ARMANDO FERREIRA  S/N
2016,72,37,1,69,FELIPE PEIXOTO,1112,ESCOLA ESTADUAL LEOPOLDO FROES,RUA REVERENDO ARMANDO FERREIRA  S/N
2016,72,37,2,87,FELIPE PEIXOTO,1112,ESCOLA ESTADUAL LEOPOLDO FROES,RUA REVERENDO ARMANDO FERREIRA  S/N
2016,72,38,1,85,FELIPE PEIXOTO,1112,ESCOLA ESTADUAL LEOPOLDO FROES,RUA REVERENDO ARMANDO FERREIRA  S/N
2016,72,38,2,83,FELIPE PEIXOTO,1112,ESCOLA ESTADUAL LEOPOLDO FROES,RUA REVERENDO ARMANDO FERREIRA  S/N
2016,72,39,1,85,FELIPE PEIXOTO,1112,ESCOLA ESTADUAL LEOPOLDO FROES,RUA REVERENDO ARMANDO FERREIRA  S/N
2016,72,39,2,95,FELIPE PEIXOTO,1112,ESCOLA ESTADUAL LEOPOLDO FROES,RUA REVERENDO ARMANDO FERREIRA  S/N
2016,72,4,1,35,FELIPE PEIXOTO,1015,ESCOLA ESTADUAL DR LUCIANO PESTRE,AV PASTOR JOSE GOMES DE SOUZA S/N
2016,72,4,2,54,FELIPE PEIXOTO,1015,ESCOLA ESTADUAL DR LUCIANO PESTRE,AV PASTOR JOSE GOMES DE SOUZA S/N
2016,72,40,1,82,FELIPE PEIXOTO,1112,ESCOLA ESTADUAL LEOPOLDO FROES,RUA REVERENDO ARMANDO FERREIRA  S/N
2016,72,40,2,96,FELIPE PEIXOTO,1112,ESCOLA ESTADUAL LEOPOLDO FROES,RUA REVERENDO ARMANDO FERREIRA  S/N
2016,72,41,1,70,FELIPE PEIXOTO,1112,ESCOLA ESTADUAL LEOPOLDO FROES,RUA REVERENDO ARMANDO FERREIRA  S/N
2016,72,41,2,83,FELIPE PEIXOTO,1112,ESCOLA ESTADUAL LEOPOLDO FROES,RUA REVERENDO ARMANDO FERREIRA  S/N
2016,72,42,1,83,FELIPE PEIXOTO,1112,ESCOLA ESTADUAL LEOPOLDO FROES,RUA REVERENDO ARMANDO FERREIRA  S/N
2016,72,42,2,95,FELIPE PEIXOTO,1112,ESCOLA ESTADUAL LEOPOLDO FROES,RUA REVERENDO ARMANDO FERREIRA  S/N
2016,72,43,1,79,FELIPE PEIXOTO,1112,ESCOLA ESTADUAL LEOPOLDO FROES,RUA REVERENDO ARMANDO FERREIRA  S/N
2016,72,43,2,101,FELIPE PEIXOTO,1112,ESCOLA ESTADUAL LEOPOLDO FROES,RUA REVERENDO ARMANDO FERREIRA  S/N
2016,72,5,1,39,FELIPE PEIXOTO,1015,ESCOLA ESTADUAL DR LUCIANO PESTRE,AV PASTOR JOSE GOMES DE SOUZA S/N
2016,72,5,2,50,FELIPE PEIXOTO,1015,ESCOLA ESTADUAL DR LUCIANO PESTRE,AV PASTOR JOSE GOMES DE SOUZA S/N
2016,72,52,1,61,FELIPE PEIXOTO,1147,ESCOLA MUNICIPAL VERA LUCIA MACHADO,RUA ALDEMAR DE PAIVA LOTE 7 E 8
2016,72,52,2,102,FELIPE PEIXOTO,1147,ESCOLA MUNICIPAL VERA LUCIA MACHADO,RUA ALDEMAR DE PAIVA LOTE 7 E 8
2016,72,53,1,72,FELIPE PEIXOTO,1147,ESCOLA MUNICIPAL VERA LUCIA MACHADO,RUA ALDEMAR DE PAIVA LOTE 7 E 8
2016,72,53,2,110,FELIPE PEIXOTO,1147,ESCOLA MUNICIPAL VERA LUCIA MACHADO,RUA ALDEMAR DE PAIVA LOTE 7 E 8
2016,72,54,1,75,FELIPE PEIXOTO,1074,COLEGIO ESTADUAL PAULO ASSIS RIBEIRO,ESTRADA CAETANO MONTEIRO 814
2016,72,54,2,96,FELIPE PEIXOTO,1074,COLEGIO ESTADUAL PAULO ASSIS RIBEIRO,ESTRADA CAETANO MONTEIRO 814
2016,72,55,1,72,FELIPE PEIXOTO,1074,COLEGIO ESTADUAL PAULO ASSIS RIBEIRO,ESTRADA CAETANO MONTEIRO 814
2016,72,55,2,89,FELIPE PEIXOTO,1074,COLEGIO ESTADUAL PAULO ASSIS RIBEIRO,ESTRADA CAETANO MONTEIRO 814
2016,72,56,1,70,FELIPE PEIXOTO,1074,COLEGIO ESTADUAL PAULO ASSIS RIBEIRO,ESTRADA CAETANO MONTEIRO 814
2016,72,56,2,99,FELIPE PEIXOTO,1074,COLEGIO ESTADUAL PAULO ASSIS RIBEIRO,ESTRADA CAETANO MONTEIRO 814
2016,72,57,1,59,FELIPE PEIXOTO,1112,ESCOLA ESTADUAL LEOPOLDO FROES,RUA REVERENDO ARMANDO FERREIRA  S/N
2016,72,57,2,76,FELIPE PEIXOTO,1112,ESCOLA ESTADUAL LEOPOLDO FROES,RUA REVERENDO ARMANDO FERREIRA  S/N
2016,72,58,1,77,FELIPE PEIXOTO,1112,ESCOLA ESTADUAL LEOPOLDO FROES,RUA REVERENDO ARMANDO FERREIRA  S/N
2016,72,58,2,86,FELIPE PEIXOTO,1112,ESCOLA ESTADUAL LEOPOLDO FROES,RUA REVERENDO ARMANDO FERREIRA  S/N
2016,72,59,1,63,FELIPE PEIXOTO,1112,ESCOLA ESTADUAL LEOPOLDO FROES,RUA REVERENDO ARMANDO FERREIRA  S/N
2016,72,59,2,84,FELIPE PEIXOTO,1112,ESCOLA ESTADUAL LEOPOLDO FROES,RUA REVERENDO ARMANDO FERREIRA  S/N
2016,72,6,1,35,FELIPE PEIXOTO,1015,ESCOLA ESTADUAL DR LUCIANO PESTRE,AV PASTOR JOSE GOMES DE SOUZA S/N
2016,72,6,2,40,FELIPE PEIXOTO,1015,ESCOLA ESTADUAL DR LUCIANO PESTRE,AV PASTOR JOSE GOMES DE SOUZA S/N
2016,72,60,1,86,FELIPE PEIXOTO,1112,ESCOLA ESTADUAL LEOPOLDO FROES,RUA REVERENDO ARMANDO FERREIRA  S/N
2016,72,60,2,108,FELIPE PEIXOTO,1112,ESCOLA ESTADUAL LEOPOLDO FROES,RUA REVERENDO ARMANDO FERREIRA  S/N
2016,72,61,1,65,FELIPE PEIXOTO,1112,ESCOLA ESTADUAL LEOPOLDO FROES,RUA REVERENDO ARMANDO FERREIRA  S/N
2016,72,61,2,74,FELIPE PEIXOTO,1112,ESCOLA ESTADUAL LEOPOLDO FROES,RUA REVERENDO ARMANDO FERREIRA  S/N
2016,72,62,1,79,FELIPE PEIXOTO,1112,ESCOLA ESTADUAL LEOPOLDO FROES,RUA REVERENDO ARMANDO FERREIRA  S/N
2016,72,62,2,95,FELIPE PEIXOTO,1112,ESCOLA ESTADUAL LEOPOLDO FROES,RUA REVERENDO ARMANDO FERREIRA  S/N
2016,72,63,1,83,FELIPE PEIXOTO,1171,ESCOLA MUNICIPAL ANTONIO COUTINHO DE AZEVEDO,AV NESTOR RODRIGUES PERLINGEIRO S/N
2016,72,63,2,95,FELIPE PEIXOTO,1171,ESCOLA MUNICIPAL ANTONIO COUTINHO DE AZEVEDO,AV NESTOR RODRIGUES PERLINGEIRO S/N
2016,72,64,1,65,FELIPE PEIXOTO,1171,ESCOLA MUNICIPAL ANTONIO COUTINHO DE AZEVEDO,AV NESTOR RODRIGUES PERLINGEIRO S/N
2016,72,64,2,85,FELIPE PEIXOTO,1171,ESCOLA MUNICIPAL ANTONIO COUTINHO DE AZEVEDO,AV NESTOR RODRIGUES PERLINGEIRO S/N
2016,72,65,1,73,FELIPE PEIXOTO,1171,ESCOLA MUNICIPAL ANTONIO COUTINHO DE AZEVEDO,AV NESTOR RODRIGUES PERLINGEIRO S/N
2016,72,65,2,77,FELIPE PEIXOTO,1171,ESCOLA MUNICIPAL ANTONIO COUTINHO DE AZEVEDO,AV NESTOR RODRIGUES PERLINGEIRO S/N
2016,72,66,1,66,FELIPE PEIXOTO,1171,ESCOLA MUNICIPAL ANTONIO COUTINHO DE AZEVEDO,AV NESTOR RODRIGUES PERLINGEIRO S/N
2016,72,66,2,83,FELIPE PEIXOTO,1171,ESCOLA MUNICIPAL ANTONIO COUTINHO DE AZEVEDO,AV NESTOR RODRIGUES PERLINGEIRO S/N
2016,72,67,1,51,FELIPE PEIXOTO,1171,ESCOLA MUNICIPAL ANTONIO COUTINHO DE AZEVEDO,AV NESTOR RODRIGUES PERLINGEIRO S/N
2016,72,67,2,56,FELIPE PEIXOTO,1171,ESCOLA MUNICIPAL ANTONIO COUTINHO DE AZEVEDO,AV NESTOR RODRIGUES PERLINGEIRO S/N
2016,72,68,1,90,FELIPE PEIXOTO,1180,ESCOLA MUNICIPAL RACHIDE DA GLORIA SALIM SAKER,RUA JANDIRA PEREIRA 620
2016,72,68,2,90,FELIPE PEIXOTO,1180,ESCOLA MUNICIPAL RACHIDE DA GLORIA SALIM SAKER,RUA JANDIRA PEREIRA 620
2016,72,69,1,92,FELIPE PEIXOTO,1180,ESCOLA MUNICIPAL RACHIDE DA GLORIA SALIM SAKER,RUA JANDIRA PEREIRA 620
2016,72,69,2,114,FELIPE PEIXOTO,1180,ESCOLA MUNICIPAL RACHIDE DA GLORIA SALIM SAKER,RUA JANDIRA PEREIRA 620
2016,72,7,1,39,FELIPE PEIXOTO,1040,CIEP 447 - CARAMUJO,RODOVIA AMARAL PEIXOTO KM 2  
2016,72,7,2,62,FELIPE PEIXOTO,1040,CIEP 447 - CARAMUJO,RODOVIA AMARAL PEIXOTO KM 2  
2016,72,70,1,85,FELIPE PEIXOTO,1180,ESCOLA MUNICIPAL RACHIDE DA GLORIA SALIM SAKER,RUA JANDIRA PEREIRA 620
2016,72,70,2,79,FELIPE PEIXOTO,1180,ESCOLA MUNICIPAL RACHIDE DA GLORIA SALIM SAKER,RUA JANDIRA PEREIRA 620
2016,72,71,1,89,FELIPE PEIXOTO,1180,ESCOLA MUNICIPAL RACHIDE DA GLORIA SALIM SAKER,RUA JANDIRA PEREIRA 620
2016,72,71,2,99,FELIPE PEIXOTO,1180,ESCOLA MUNICIPAL RACHIDE DA GLORIA SALIM SAKER,RUA JANDIRA PEREIRA 620
2016,72,8,1,31,FELIPE PEIXOTO,1040,CIEP 447 - CARAMUJO,RODOVIA AMARAL PEIXOTO KM 2  
2016,72,8,2,39,FELIPE PEIXOTO,1040,CIEP 447 - CARAMUJO,RODOVIA AMARAL PEIXOTO KM 2  
2016,72,9,1,19,FELIPE PEIXOTO,1040,CIEP 447 - CARAMUJO,RODOVIA AMARAL PEIXOTO KM 2  
2016,72,9,2,37,FELIPE PEIXOTO,1040,CIEP 447 - CARAMUJO,RODOVIA AMARAL PEIXOTO KM 2  
2018,144,1,1,5,FELIPE PEIXOTO,1171,ESCOLA ESTADUAL MENEZES VIEIRA,RUA ASSIS DE VASCONCELOS N 30
2018,144,10,1,4,FELIPE PEIXOTO,1031,(PRÉDIO NOVO) COLÉGIO PEDRO II UNIDADE NITERÓI,RUA ASSIS DE VASCONCELOS S/N
2018,144,100,1,4,FELIPE PEIXOTO,1430,(PRÉDIO NOVO) COLÉGIO PEDRO II UNIDADE NITERÓI,RUA ASSIS DE VASCONCELOS S/N
2018,144,101,1,3,FELIPE PEIXOTO,1430,(PRÉDIO NOVO) COLÉGIO PEDRO II UNIDADE NITERÓI,RUA ASSIS DE VASCONCELOS S/N
2018,144,102,1,4,FELIPE PEIXOTO,1430,(PRÉDIO NOVO) COLÉGIO PEDRO II UNIDADE NITERÓI,RUA ASSIS DE VASCONCELOS S/N
2018,144,103,1,1,FELIPE PEIXOTO,1430,(PRÉDIO NOVO) COLÉGIO PEDRO II UNIDADE NITERÓI,RUA ASSIS DE VASCONCELOS S/N
2018,144,104,1,4,FELIPE PEIXOTO,1430,(PRÉDIO NOVO) COLÉGIO PEDRO II UNIDADE NITERÓI,RUA ASSIS DE VASCONCELOS S/N
2018,144,105,1,7,FELIPE PEIXOTO,1317,IGREJA BATISTA BETEL DE NITERÓI,RUA DANIEL TORRES 72
2018,144,106,1,4,FELIPE PEIXOTO,1317,IGREJA BATISTA BETEL DE NITERÓI,RUA DANIEL TORRES 72
2018,144,107,1,4,FELIPE PEIXOTO,1350,PAROQUIA NOSSA SENHORA MAE DA DIVINA PROVIDENCIA,RUA DOM ANTONIO DE ALMEIDA MORAES JR. 125
2018,144,108,1,5,FELIPE PEIXOTO,1430,(PRÉDIO NOVO) COLÉGIO PEDRO II UNIDADE NITERÓI,RUA ASSIS DE VASCONCELOS S/N
2018,144,109,1,5,FELIPE PEIXOTO,1236,COLÉGIO ESTADUAL MULLULO DA VEIGA,RUA CORONEL GUIMARÃES 505
2018,144,11,1,5,FELIPE PEIXOTO,1031,(PRÉDIO NOVO) COLÉGIO PEDRO II UNIDADE NITERÓI,RUA ASSIS DE VASCONCELOS S/N
2018,144,110,1,4,FELIPE PEIXOTO,1430,(PRÉDIO NOVO) COLÉGIO PEDRO II UNIDADE NITERÓI,RUA ASSIS DE VASCONCELOS S/N
2018,144,111,1,3,FELIPE PEIXOTO,1350,PAROQUIA NOSSA SENHORA MAE DA DIVINA PROVIDENCIA,RUA DOM ANTONIO DE ALMEIDA MORAES JR. 125
2018,144,112,1,5,FELIPE PEIXOTO,1350,PAROQUIA NOSSA SENHORA MAE DA DIVINA PROVIDENCIA,RUA DOM ANTONIO DE ALMEIDA MORAES JR. 125
2018,144,113,1,2,FELIPE PEIXOTO,1252,ESCOLA MUNICIPAL ADELINO MAGALHÃES,"RUA DR. NELSON PENA, 17"
2018,144,114,1,4,FELIPE PEIXOTO,1252,ESCOLA MUNICIPAL ADELINO MAGALHÃES,"RUA DR. NELSON PENA, 17"
2018,144,115,1,4,FELIPE PEIXOTO,1252,ESCOLA MUNICIPAL ADELINO MAGALHÃES,"RUA DR. NELSON PENA, 17"
2018,144,116,1,2,FELIPE PEIXOTO,1210,TIO SAM ESPORTE CLUBE,RUA BENJAMIM CONSTANT 562
2018,144,117,1,5,FELIPE PEIXOTO,1210,TIO SAM ESPORTE CLUBE,RUA BENJAMIM CONSTANT 562
2018,144,118,1,4,FELIPE PEIXOTO,1210,TIO SAM ESPORTE CLUBE,RUA BENJAMIM CONSTANT 562
2018,144,119,1,1,FELIPE PEIXOTO,1210,TIO SAM ESPORTE CLUBE,RUA BENJAMIM CONSTANT 562
2018,144,12,1,1,FELIPE PEIXOTO,1201,OFICINAS DO SENAI,RUA GALVAO S/N
2018,144,120,1,5,FELIPE PEIXOTO,1210,TIO SAM ESPORTE CLUBE,RUA BENJAMIM CONSTANT 562
2018,144,121,1,3,FELIPE PEIXOTO,1210,TIO SAM ESPORTE CLUBE,RUA BENJAMIM CONSTANT 562
2018,144,122,1,1,FELIPE PEIXOTO,1023,PAROQUIA DE SAO JOAO BATISTA,RUA DR. MARCH 666
2018,144,123,1,4,FELIPE PEIXOTO,1171,ESCOLA ESTADUAL MENEZES VIEIRA,RUA ASSIS DE VASCONCELOS N 30
2018,144,124,1,5,FELIPE PEIXOTO,1090,ESCOLA TÉCNICA ESTADUAL HENRIQUE LAGE,RUA GUIMARÃES JUNIOR 182
2018,144,125,1,4,FELIPE PEIXOTO,1430,(PRÉDIO NOVO) COLÉGIO PEDRO II UNIDADE NITERÓI,RUA ASSIS DE VASCONCELOS S/N
2018,144,126,1,3,FELIPE PEIXOTO,1252,ESCOLA MUNICIPAL ADELINO MAGALHÃES,"RUA DR. NELSON PENA, 17"
2018,144,127,1,1,FELIPE PEIXOTO,1210,TIO SAM ESPORTE CLUBE,RUA BENJAMIM CONSTANT 562
2018,144,128,1,5,FELIPE PEIXOTO,1430,(PRÉDIO NOVO) COLÉGIO PEDRO II UNIDADE NITERÓI,RUA ASSIS DE VASCONCELOS S/N
2018,144,129,1,3,FELIPE PEIXOTO,1236,COLÉGIO ESTADUAL MULLULO DA VEIGA,RUA CORONEL GUIMARÃES 505
2018,144,13,1,1,FELIPE PEIXOTO,1031,(PRÉDIO NOVO) COLÉGIO PEDRO II UNIDADE NITERÓI,RUA ASSIS DE VASCONCELOS S/N
2018,144,130,1,4,FELIPE PEIXOTO,1104,ESCOLA MUNICIPAL ALTIVO CESAR,"RUA DR. LUIZ PALMIER, 25"
2018,144,131,1,4,FELIPE PEIXOTO,1031,(PRÉDIO NOVO) COLÉGIO PEDRO II UNIDADE NITERÓI,RUA ASSIS DE VASCONCELOS S/N
2018,144,134,1,5,FELIPE PEIXOTO,1163,COLÉGIO ESTADUAL CONSELHEIRO MACEDO SOARES,RUA DR. MARCH 392
2018,144,135,1,6,FELIPE PEIXOTO,1252,ESCOLA MUNICIPAL ADELINO MAGALHÃES,"RUA DR. NELSON PENA, 17"
2018,144,136,1,6,FELIPE PEIXOTO,1210,TIO SAM ESPORTE CLUBE,RUA BENJAMIM CONSTANT 562
2018,144,137,1,4,FELIPE PEIXOTO,1090,ESCOLA TÉCNICA ESTADUAL HENRIQUE LAGE,RUA GUIMARÃES JUNIOR 182
2018,144,138,1,11,FELIPE PEIXOTO,1449,INSTITUTO SÃO BENTO DE NITEROI,RUA VEREADOR DUQUE ESTRADA 28
2018,144,139,1,11,FELIPE PEIXOTO,1449,INSTITUTO SÃO BENTO DE NITEROI,RUA VEREADOR DUQUE ESTRADA 28
2018,144,14,1,5,FELIPE PEIXOTO,1031,(PRÉDIO NOVO) COLÉGIO PEDRO II UNIDADE NITERÓI,RUA ASSIS DE VASCONCELOS S/N
2018,144,140,1,4,FELIPE PEIXOTO,1449,INSTITUTO SÃO BENTO DE NITEROI,RUA VEREADOR DUQUE ESTRADA 28
2018,144,141,1,8,FELIPE PEIXOTO,1449,INSTITUTO SÃO BENTO DE NITEROI,RUA VEREADOR DUQUE ESTRADA 28
2018,144,142,1,11,FELIPE PEIXOTO,1449,INSTITUTO SÃO BENTO DE NITEROI,RUA VEREADOR DUQUE ESTRADA 28
2018,144,143,1,9,FELIPE PEIXOTO,1449,INSTITUTO SÃO BENTO DE NITEROI,RUA VEREADOR DUQUE ESTRADA 28
2018,144,144,1,2,FELIPE PEIXOTO,1449,INSTITUTO SÃO BENTO DE NITEROI,RUA VEREADOR DUQUE ESTRADA 28
2018,144,145,1,9,FELIPE PEIXOTO,1449,INSTITUTO SÃO BENTO DE NITEROI,RUA VEREADOR DUQUE ESTRADA 28
2018,144,146,1,5,FELIPE PEIXOTO,1449,INSTITUTO SÃO BENTO DE NITEROI,RUA VEREADOR DUQUE ESTRADA 28
2018,144,147,1,7,FELIPE PEIXOTO,1449,INSTITUTO SÃO BENTO DE NITEROI,RUA VEREADOR DUQUE ESTRADA 28
2018,144,148,1,6,FELIPE PEIXOTO,1449,INSTITUTO SÃO BENTO DE NITEROI,RUA VEREADOR DUQUE ESTRADA 28
2018,144,149,1,3,FELIPE PEIXOTO,1457,ESCOLA ESTADUAL MACHADO DE ASSIS,RUA DESEMBARGADOR LIMA CASTRO 97
2018,144,15,1,4,FELIPE PEIXOTO,1031,(PRÉDIO NOVO) COLÉGIO PEDRO II UNIDADE NITERÓI,RUA ASSIS DE VASCONCELOS S/N
2018,144,150,1,6,FELIPE PEIXOTO,1457,ESCOLA ESTADUAL MACHADO DE ASSIS,RUA DESEMBARGADOR LIMA CASTRO 97
2018,144,151,1,5,FELIPE PEIXOTO,1457,ESCOLA ESTADUAL MACHADO DE ASSIS,RUA DESEMBARGADOR LIMA CASTRO 97
2018,144,152,1,5,FELIPE PEIXOTO,1457,ESCOLA ESTADUAL MACHADO DE ASSIS,RUA DESEMBARGADOR LIMA CASTRO 97
2018,144,153,1,7,FELIPE PEIXOTO,1457,ESCOLA ESTADUAL MACHADO DE ASSIS,RUA DESEMBARGADOR LIMA CASTRO 97
2018,144,154,1,4,FELIPE PEIXOTO,1457,ESCOLA ESTADUAL MACHADO DE ASSIS,RUA DESEMBARGADOR LIMA CASTRO 97
2018,144,155,1,1,FELIPE PEIXOTO,1457,ESCOLA ESTADUAL MACHADO DE ASSIS,RUA DESEMBARGADOR LIMA CASTRO 97
2018,144,156,1,6,FELIPE PEIXOTO,1457,ESCOLA ESTADUAL MACHADO DE ASSIS,RUA DESEMBARGADOR LIMA CASTRO 97
2018,144,157,1,5,FELIPE PEIXOTO,1457,ESCOLA ESTADUAL MACHADO DE ASSIS,RUA DESEMBARGADOR LIMA CASTRO 97
2018,144,158,1,8,FELIPE PEIXOTO,1457,ESCOLA ESTADUAL MACHADO DE ASSIS,RUA DESEMBARGADOR LIMA CASTRO 97
2018,144,159,1,4,FELIPE PEIXOTO,1457,ESCOLA ESTADUAL MACHADO DE ASSIS,RUA DESEMBARGADOR LIMA CASTRO 97
2018,144,16,1,5,FELIPE PEIXOTO,1112,ESCOLA MUNICIPAL TIRADENTES,"RUA DR. MARCH, 628"
2018,144,160,1,5,FELIPE PEIXOTO,1457,ESCOLA ESTADUAL MACHADO DE ASSIS,RUA DESEMBARGADOR LIMA CASTRO 97
2018,144,161,1,4,FELIPE PEIXOTO,1457,ESCOLA ESTADUAL MACHADO DE ASSIS,RUA DESEMBARGADOR LIMA CASTRO 97
2018,144,162,1,2,FELIPE PEIXOTO,1465,ESCOLA MUNICIPAL SEBASTIANA GONÇALVES PINHO,ESTRADA VIÇOSO JARDIM S/N
2018,144,163,1,5,FELIPE PEIXOTO,1473,ESCOLA ESTADUAL JOSE BONIFACIO,RUA CARLOS MAXIMIANO 20
2018,144,164,1,4,FELIPE PEIXOTO,1473,ESCOLA ESTADUAL JOSE BONIFACIO,RUA CARLOS MAXIMIANO 20
2018,144,165,1,4,FELIPE PEIXOTO,1473,ESCOLA ESTADUAL JOSE BONIFACIO,RUA CARLOS MAXIMIANO 20
2018,144,166,1,6,FELIPE PEIXOTO,1473,ESCOLA ESTADUAL JOSE BONIFACIO,RUA CARLOS MAXIMIANO 20
2018,144,167,1,5,FELIPE PEIXOTO,1473,ESCOLA ESTADUAL JOSE BONIFACIO,RUA CARLOS MAXIMIANO 20
2018,144,168,1,6,FELIPE PEIXOTO,1473,ESCOLA ESTADUAL JOSE BONIFACIO,RUA CARLOS MAXIMIANO 20
2018,144,169,1,2,FELIPE PEIXOTO,1473,ESCOLA ESTADUAL JOSE BONIFACIO,RUA CARLOS MAXIMIANO 20
2018,144,17,1,3,FELIPE PEIXOTO,1112,ESCOLA MUNICIPAL TIRADENTES,"RUA DR. MARCH, 628"
2018,144,170,1,6,FELIPE PEIXOTO,1473,ESCOLA ESTADUAL JOSE BONIFACIO,RUA CARLOS MAXIMIANO 20
2018,144,171,1,5,FELIPE PEIXOTO,1473,ESCOLA ESTADUAL JOSE BONIFACIO,RUA CARLOS MAXIMIANO 20
2018,144,172,1,5,FELIPE PEIXOTO,1473,ESCOLA ESTADUAL JOSE BONIFACIO,RUA CARLOS MAXIMIANO 20
2018,144,173,1,3,FELIPE PEIXOTO,1473,ESCOLA ESTADUAL JOSE BONIFACIO,RUA CARLOS MAXIMIANO 20
2018,144,174,1,5,FELIPE PEIXOTO,1473,ESCOLA ESTADUAL JOSE BONIFACIO,RUA CARLOS MAXIMIANO 20
2018,144,175,1,8,FELIPE PEIXOTO,1473,ESCOLA ESTADUAL JOSE BONIFACIO,RUA CARLOS MAXIMIANO 20
2018,144,176,1,5,FELIPE PEIXOTO,1473,ESCOLA ESTADUAL JOSE BONIFACIO,RUA CARLOS MAXIMIANO 20
2018,144,177,1,3,FELIPE PEIXOTO,1473,ESCOLA ESTADUAL JOSE BONIFACIO,RUA CARLOS MAXIMIANO 20
2018,144,178,1,1,FELIPE PEIXOTO,1481,GRUPO ESCOLAR EMBAIXADOR RAUL FERNANDES,"RUA RIODADES, 253"
2018,144,179,1,1,FELIPE PEIXOTO,1481,GRUPO ESCOLAR EMBAIXADOR RAUL FERNANDES,"RUA RIODADES, 253"
2018,144,18,1,7,FELIPE PEIXOTO,1171,ESCOLA ESTADUAL MENEZES VIEIRA,RUA ASSIS DE VASCONCELOS N 30
2018,144,180,1,2,FELIPE PEIXOTO,1481,GRUPO ESCOLAR EMBAIXADOR RAUL FERNANDES,"RUA RIODADES, 253"
2018,144,181,1,4,FELIPE PEIXOTO,1481,GRUPO ESCOLAR EMBAIXADOR RAUL FERNANDES,"RUA RIODADES, 253"
2018,144,182,1,2,FELIPE PEIXOTO,1481,GRUPO ESCOLAR EMBAIXADOR RAUL FERNANDES,"RUA RIODADES, 253"
2018,144,183,1,5,FELIPE PEIXOTO,1481,GRUPO ESCOLAR EMBAIXADOR RAUL FERNANDES,"RUA RIODADES, 253"
2018,144,184,1,4,FELIPE PEIXOTO,1481,GRUPO ESCOLAR EMBAIXADOR RAUL FERNANDES,"RUA RIODADES, 253"
2018,144,185,1,7,FELIPE PEIXOTO,1481,GRUPO ESCOLAR EMBAIXADOR RAUL FERNANDES,"RUA RIODADES, 253"
2018,144,186,1,7,FELIPE PEIXOTO,1481,GRUPO ESCOLAR EMBAIXADOR RAUL FERNANDES,"RUA RIODADES, 253"
2018,144,187,1,1,FELIPE PEIXOTO,1481,GRUPO ESCOLAR EMBAIXADOR RAUL FERNANDES,"RUA RIODADES, 253"
2018,144,188,1,3,FELIPE PEIXOTO,1481,GRUPO ESCOLAR EMBAIXADOR RAUL FERNANDES,"RUA RIODADES, 253"
2018,144,189,1,4,FELIPE PEIXOTO,1490,IGREJA BATISTA DO FONSECA,ALAMEDA SAO BOAVENTURA  937
2018,144,19,1,5,FELIPE PEIXOTO,1171,ESCOLA ESTADUAL MENEZES VIEIRA,RUA ASSIS DE VASCONCELOS N 30
2018,144,190,1,4,FELIPE PEIXOTO,1490,IGREJA BATISTA DO FONSECA,ALAMEDA SAO BOAVENTURA  937
2018,144,191,1,6,FELIPE PEIXOTO,1490,IGREJA BATISTA DO FONSECA,ALAMEDA SAO BOAVENTURA  937
2018,144,192,1,5,FELIPE PEIXOTO,1490,IGREJA BATISTA DO FONSECA,ALAMEDA SAO BOAVENTURA  937
2018,144,193,1,2,FELIPE PEIXOTO,1490,IGREJA BATISTA DO FONSECA,ALAMEDA SAO BOAVENTURA  937
2018,144,194,1,7,FELIPE PEIXOTO,1503,SERVICO DE ASSISTENCIA SOCIAL SAO DOMINGOS SAVIO,RUA MARTINS TORRES 223
2018,144,195,1,10,FELIPE PEIXOTO,1503,SERVICO DE ASSISTENCIA SOCIAL SAO DOMINGOS SAVIO,RUA MARTINS TORRES 223
2018,144,196,1,10,FELIPE PEIXOTO,1503,SERVICO DE ASSISTENCIA SOCIAL SAO DOMINGOS SAVIO,RUA MARTINS TORRES 223
2018,144,197,1,14,FELIPE PEIXOTO,1503,SERVICO DE ASSISTENCIA SOCIAL SAO DOMINGOS SAVIO,RUA MARTINS TORRES 223
2018,144,198,1,10,FELIPE PEIXOTO,1503,SERVICO DE ASSISTENCIA SOCIAL SAO DOMINGOS SAVIO,RUA MARTINS TORRES 223
2018,144,199,1,14,FELIPE PEIXOTO,1503,SERVICO DE ASSISTENCIA SOCIAL SAO DOMINGOS SAVIO,RUA MARTINS TORRES 223
2018,144,2,1,3,FELIPE PEIXOTO,1023,PAROQUIA DE SAO JOAO BATISTA,RUA DR. MARCH 666
2018,144,200,1,11,FELIPE PEIXOTO,1503,SERVICO DE ASSISTENCIA SOCIAL SAO DOMINGOS SAVIO,RUA MARTINS TORRES 223
2018,144,202,1,9,FELIPE PEIXOTO,1511,SOCIEDADE EDUCACIONAL CRISMOGALI,RUA SAO JANUARIO 318
2018,144,203,1,4,FELIPE PEIXOTO,1511,SOCIEDADE EDUCACIONAL CRISMOGALI,RUA SAO JANUARIO 318
2018,144,204,1,3,FELIPE PEIXOTO,1511,SOCIEDADE EDUCACIONAL CRISMOGALI,RUA SAO JANUARIO 318
2018,144,205,1,4,FELIPE PEIXOTO,1520,ESCOLA MUNICIPAL DJALMA COUTINHO,"RUA CINCO DE MARÇO, 75"
2018,144,206,1,5,FELIPE PEIXOTO,1520,ESCOLA MUNICIPAL DJALMA COUTINHO,"RUA CINCO DE MARÇO, 75"
2018,144,207,1,2,FELIPE PEIXOTO,1520,ESCOLA MUNICIPAL DJALMA COUTINHO,"RUA CINCO DE MARÇO, 75"
2018,144,21,1,6,FELIPE PEIXOTO,1090,ESCOLA TÉCNICA ESTADUAL HENRIQUE LAGE,RUA GUIMARÃES JUNIOR 182
2018,144,211,1,5,FELIPE PEIXOTO,1546,CURSO WISE UP,"ALAMEDA SAO BOAVENTURA , 519"
2018,144,212,1,2,FELIPE PEIXOTO,1546,CURSO WISE UP,"ALAMEDA SAO BOAVENTURA , 519"
2018,144,213,1,5,FELIPE PEIXOTO,1546,CURSO WISE UP,"ALAMEDA SAO BOAVENTURA , 519"
2018,144,214,1,14,FELIPE PEIXOTO,1546,CURSO WISE UP,"ALAMEDA SAO BOAVENTURA , 519"
2018,144,215,1,5,FELIPE PEIXOTO,1554,ESCOLA MUNICIPAL PROFESSOR PAULO FREIRE,RUA SOARES DE MIRANDA 77
2018,144,216,1,4,FELIPE PEIXOTO,1554,ESCOLA MUNICIPAL PROFESSOR PAULO FREIRE,RUA SOARES DE MIRANDA 77
2018,144,217,1,3,FELIPE PEIXOTO,1554,ESCOLA MUNICIPAL PROFESSOR PAULO FREIRE,RUA SOARES DE MIRANDA 77
2018,144,218,1,3,FELIPE PEIXOTO,1554,ESCOLA MUNICIPAL PROFESSOR PAULO FREIRE,RUA SOARES DE MIRANDA 77
2018,144,219,1,5,FELIPE PEIXOTO,1554,ESCOLA MUNICIPAL PROFESSOR PAULO FREIRE,RUA SOARES DE MIRANDA 77
2018,144,22,1,1,FELIPE PEIXOTO,1090,ESCOLA TÉCNICA ESTADUAL HENRIQUE LAGE,RUA GUIMARÃES JUNIOR 182
2018,144,220,1,1,FELIPE PEIXOTO,1554,ESCOLA MUNICIPAL PROFESSOR PAULO FREIRE,RUA SOARES DE MIRANDA 77
2018,144,221,1,6,FELIPE PEIXOTO,1554,ESCOLA MUNICIPAL PROFESSOR PAULO FREIRE,RUA SOARES DE MIRANDA 77
2018,144,222,1,4,FELIPE PEIXOTO,1554,ESCOLA MUNICIPAL PROFESSOR PAULO FREIRE,RUA SOARES DE MIRANDA 77
2018,144,223,1,3,FELIPE PEIXOTO,1554,ESCOLA MUNICIPAL PROFESSOR PAULO FREIRE,RUA SOARES DE MIRANDA 77
2018,144,225,1,8,FELIPE PEIXOTO,1554,ESCOLA MUNICIPAL PROFESSOR PAULO FREIRE,RUA SOARES DE MIRANDA 77
2018,144,226,1,5,FELIPE PEIXOTO,1554,ESCOLA MUNICIPAL PROFESSOR PAULO FREIRE,RUA SOARES DE MIRANDA 77
2018,144,227,1,1,FELIPE PEIXOTO,1554,ESCOLA MUNICIPAL PROFESSOR PAULO FREIRE,RUA SOARES DE MIRANDA 77
2018,144,228,1,2,FELIPE PEIXOTO,1554,ESCOLA MUNICIPAL PROFESSOR PAULO FREIRE,RUA SOARES DE MIRANDA 77
2018,144,229,1,3,FELIPE PEIXOTO,1554,ESCOLA MUNICIPAL PROFESSOR PAULO FREIRE,RUA SOARES DE MIRANDA 77
2018,144,23,1,2,FELIPE PEIXOTO,1090,ESCOLA TÉCNICA ESTADUAL HENRIQUE LAGE,RUA GUIMARÃES JUNIOR 182
2018,144,230,1,3,FELIPE PEIXOTO,1562,LBV LEGIÃO DA BOA VONTADE,ALAMEDA SÃO BOAVENTURA 474
2018,144,231,1,5,FELIPE PEIXOTO,1562,LBV LEGIÃO DA BOA VONTADE,ALAMEDA SÃO BOAVENTURA 474
2018,144,232,1,3,FELIPE PEIXOTO,1562,LBV LEGIÃO DA BOA VONTADE,ALAMEDA SÃO BOAVENTURA 474
2018,144,233,1,5,FELIPE PEIXOTO,1562,LBV LEGIÃO DA BOA VONTADE,ALAMEDA SÃO BOAVENTURA 474
2018,144,234,1,2,FELIPE PEIXOTO,1562,LBV LEGIÃO DA BOA VONTADE,ALAMEDA SÃO BOAVENTURA 474
2018,144,235,1,4,FELIPE PEIXOTO,1562,LBV LEGIÃO DA BOA VONTADE,ALAMEDA SÃO BOAVENTURA 474
2018,144,236,1,3,FELIPE PEIXOTO,1570,SECRETARIA DE ESTADO DE AGRICULTURA E ABASTECIMENTO,ALAMEDA SAO BOAVENTURA 770
2018,144,237,1,3,FELIPE PEIXOTO,1570,SECRETARIA DE ESTADO DE AGRICULTURA E ABASTECIMENTO,ALAMEDA SAO BOAVENTURA 770
2018,144,238,1,2,FELIPE PEIXOTO,1570,SECRETARIA DE ESTADO DE AGRICULTURA E ABASTECIMENTO,ALAMEDA SAO BOAVENTURA 770
2018,144,239,1,3,FELIPE PEIXOTO,1570,SECRETARIA DE ESTADO DE AGRICULTURA E ABASTECIMENTO,ALAMEDA SAO BOAVENTURA 770
2018,144,24,1,5,FELIPE PEIXOTO,1090,ESCOLA TÉCNICA ESTADUAL HENRIQUE LAGE,RUA GUIMARÃES JUNIOR 182
2018,144,240,1,3,FELIPE PEIXOTO,1570,SECRETARIA DE ESTADO DE AGRICULTURA E ABASTECIMENTO,ALAMEDA SAO BOAVENTURA 770
2018,144,241,1,2,FELIPE PEIXOTO,1570,SECRETARIA DE ESTADO DE AGRICULTURA E ABASTECIMENTO,ALAMEDA SAO BOAVENTURA 770
2018,144,242,1,4,FELIPE PEIXOTO,1570,SECRETARIA DE ESTADO DE AGRICULTURA E ABASTECIMENTO,ALAMEDA SAO BOAVENTURA 770
2018,144,243,1,2,FELIPE PEIXOTO,1570,SECRETARIA DE ESTADO DE AGRICULTURA E ABASTECIMENTO,ALAMEDA SAO BOAVENTURA 770
2018,144,244,1,4,FELIPE PEIXOTO,1570,SECRETARIA DE ESTADO DE AGRICULTURA E ABASTECIMENTO,ALAMEDA SAO BOAVENTURA 770
2018,144,245,1,3,FELIPE PEIXOTO,1570,SECRETARIA DE ESTADO DE AGRICULTURA E ABASTECIMENTO,ALAMEDA SAO BOAVENTURA 770
2018,144,246,1,5,FELIPE PEIXOTO,1570,SECRETARIA DE ESTADO DE AGRICULTURA E ABASTECIMENTO,ALAMEDA SAO BOAVENTURA 770
2018,144,247,1,3,FELIPE PEIXOTO,1570,SECRETARIA DE ESTADO DE AGRICULTURA E ABASTECIMENTO,ALAMEDA SAO BOAVENTURA 770
2018,144,248,1,3,FELIPE PEIXOTO,1570,SECRETARIA DE ESTADO DE AGRICULTURA E ABASTECIMENTO,ALAMEDA SAO BOAVENTURA 770
2018,144,249,1,3,FELIPE PEIXOTO,1589,COLÉGIO NOSSA SENHORA DAS MERCÊS,ALAMEDA SAO BOAVENTURA 297
2018,144,25,1,2,FELIPE PEIXOTO,1090,ESCOLA TÉCNICA ESTADUAL HENRIQUE LAGE,RUA GUIMARÃES JUNIOR 182
2018,144,250,1,7,FELIPE PEIXOTO,1589,COLÉGIO NOSSA SENHORA DAS MERCÊS,ALAMEDA SAO BOAVENTURA 297
2018,144,251,1,2,FELIPE PEIXOTO,1589,COLÉGIO NOSSA SENHORA DAS MERCÊS,ALAMEDA SAO BOAVENTURA 297
2018,144,252,1,4,FELIPE PEIXOTO,1589,COLÉGIO NOSSA SENHORA DAS MERCÊS,ALAMEDA SAO BOAVENTURA 297
2018,144,253,1,6,FELIPE PEIXOTO,1589,COLÉGIO NOSSA SENHORA DAS MERCÊS,ALAMEDA SAO BOAVENTURA 297
2018,144,254,1,8,FELIPE PEIXOTO,1589,COLÉGIO NOSSA SENHORA DAS MERCÊS,ALAMEDA SAO BOAVENTURA 297
2018,144,255,1,9,FELIPE PEIXOTO,1589,COLÉGIO NOSSA SENHORA DAS MERCÊS,ALAMEDA SAO BOAVENTURA 297
2018,144,256,1,9,FELIPE PEIXOTO,1589,COLÉGIO NOSSA SENHORA DAS MERCÊS,ALAMEDA SAO BOAVENTURA 297
2018,144,257,1,4,FELIPE PEIXOTO,1589,COLÉGIO NOSSA SENHORA DAS MERCÊS,ALAMEDA SAO BOAVENTURA 297
2018,144,258,1,9,FELIPE PEIXOTO,1589,COLÉGIO NOSSA SENHORA DAS MERCÊS,ALAMEDA SAO BOAVENTURA 297
2018,144,259,1,13,FELIPE PEIXOTO,1589,COLÉGIO NOSSA SENHORA DAS MERCÊS,ALAMEDA SAO BOAVENTURA 297
2018,144,26,1,6,FELIPE PEIXOTO,1090,ESCOLA TÉCNICA ESTADUAL HENRIQUE LAGE,RUA GUIMARÃES JUNIOR 182
2018,144,260,1,5,FELIPE PEIXOTO,1589,COLÉGIO NOSSA SENHORA DAS MERCÊS,ALAMEDA SAO BOAVENTURA 297
2018,144,261,1,4,FELIPE PEIXOTO,1589,COLÉGIO NOSSA SENHORA DAS MERCÊS,ALAMEDA SAO BOAVENTURA 297
2018,144,262,1,7,FELIPE PEIXOTO,1597,ESCOLA ESTADUAL HILARIO RIBEIRO,ALAMEDA SAO BOAVENTURA 794
2018,144,264,1,1,FELIPE PEIXOTO,1597,ESCOLA ESTADUAL HILARIO RIBEIRO,ALAMEDA SAO BOAVENTURA 794
2018,144,266,1,6,FELIPE PEIXOTO,1597,ESCOLA ESTADUAL HILARIO RIBEIRO,ALAMEDA SAO BOAVENTURA 794
2018,144,268,1,4,FELIPE PEIXOTO,1597,ESCOLA ESTADUAL HILARIO RIBEIRO,ALAMEDA SAO BOAVENTURA 794
2018,144,27,1,5,FELIPE PEIXOTO,1104,ESCOLA MUNICIPAL ALTIVO CESAR,"RUA DR. LUIZ PALMIER, 25"
2018,144,270,1,5,FELIPE PEIXOTO,1597,ESCOLA ESTADUAL HILARIO RIBEIRO,ALAMEDA SAO BOAVENTURA 794
2018,144,272,1,8,FELIPE PEIXOTO,1597,ESCOLA ESTADUAL HILARIO RIBEIRO,ALAMEDA SAO BOAVENTURA 794
2018,144,274,1,3,FELIPE PEIXOTO,1597,ESCOLA ESTADUAL HILARIO RIBEIRO,ALAMEDA SAO BOAVENTURA 794
2018,144,276,1,4,FELIPE PEIXOTO,1597,ESCOLA ESTADUAL HILARIO RIBEIRO,ALAMEDA SAO BOAVENTURA 794
2018,144,277,1,1,FELIPE PEIXOTO,1597,ESCOLA ESTADUAL HILARIO RIBEIRO,ALAMEDA SAO BOAVENTURA 794
2018,144,278,1,3,FELIPE PEIXOTO,1600,CIEP 251 - DONA MARIA PORTUGAL,RODOVIA AMARAL PEIXOTO KM 3
2018,144,279,1,2,FELIPE PEIXOTO,1600,CIEP 251 - DONA MARIA PORTUGAL,RODOVIA AMARAL PEIXOTO KM 3
2018,144,28,1,6,FELIPE PEIXOTO,1104,ESCOLA MUNICIPAL ALTIVO CESAR,"RUA DR. LUIZ PALMIER, 25"
2018,144,280,1,4,FELIPE PEIXOTO,1600,CIEP 251 - DONA MARIA PORTUGAL,RODOVIA AMARAL PEIXOTO KM 3
2018,144,281,1,1,FELIPE PEIXOTO,1600,CIEP 251 - DONA MARIA PORTUGAL,RODOVIA AMARAL PEIXOTO KM 3
2018,144,282,1,3,FELIPE PEIXOTO,1600,CIEP 251 - DONA MARIA PORTUGAL,RODOVIA AMARAL PEIXOTO KM 3
2018,144,283,1,2,FELIPE PEIXOTO,1600,CIEP 251 - DONA MARIA PORTUGAL,RODOVIA AMARAL PEIXOTO KM 3
2018,144,284,1,2,FELIPE PEIXOTO,1600,CIEP 251 - DONA MARIA PORTUGAL,RODOVIA AMARAL PEIXOTO KM 3
2018,144,285,1,5,FELIPE PEIXOTO,1554,ESCOLA MUNICIPAL PROFESSOR PAULO FREIRE,RUA SOARES DE MIRANDA 77
2018,144,286,1,7,FELIPE PEIXOTO,1554,ESCOLA MUNICIPAL PROFESSOR PAULO FREIRE,RUA SOARES DE MIRANDA 77
2018,144,287,1,5,FELIPE PEIXOTO,1554,ESCOLA MUNICIPAL PROFESSOR PAULO FREIRE,RUA SOARES DE MIRANDA 77
2018,144,288,1,5,FELIPE PEIXOTO,1554,ESCOLA MUNICIPAL PROFESSOR PAULO FREIRE,RUA SOARES DE MIRANDA 77
2018,144,289,1,9,FELIPE PEIXOTO,1554,ESCOLA MUNICIPAL PROFESSOR PAULO FREIRE,RUA SOARES DE MIRANDA 77
2018,144,29,1,3,FELIPE PEIXOTO,1104,ESCOLA MUNICIPAL ALTIVO CESAR,"RUA DR. LUIZ PALMIER, 25"
2018,144,290,1,3,FELIPE PEIXOTO,1554,ESCOLA MUNICIPAL PROFESSOR PAULO FREIRE,RUA SOARES DE MIRANDA 77
2018,144,291,1,2,FELIPE PEIXOTO,1554,ESCOLA MUNICIPAL PROFESSOR PAULO FREIRE,RUA SOARES DE MIRANDA 77
2018,144,292,1,7,FELIPE PEIXOTO,1627,ESCOLA ESTADUAL DOUTOR JAYME MEMORIA,RUA NORONHA TORREZAO 625
2018,144,293,1,4,FELIPE PEIXOTO,1627,ESCOLA ESTADUAL DOUTOR JAYME MEMORIA,RUA NORONHA TORREZAO 625
2018,144,294,1,5,FELIPE PEIXOTO,1627,ESCOLA ESTADUAL DOUTOR JAYME MEMORIA,RUA NORONHA TORREZAO 625
2018,144,295,1,6,FELIPE PEIXOTO,1627,ESCOLA ESTADUAL DOUTOR JAYME MEMORIA,RUA NORONHA TORREZAO 625
2018,144,296,1,4,FELIPE PEIXOTO,1627,ESCOLA ESTADUAL DOUTOR JAYME MEMORIA,RUA NORONHA TORREZAO 625
2018,144,297,1,8,FELIPE PEIXOTO,1627,ESCOLA ESTADUAL DOUTOR JAYME MEMORIA,RUA NORONHA TORREZAO 625
2018,144,298,1,5,FELIPE PEIXOTO,1627,ESCOLA ESTADUAL DOUTOR JAYME MEMORIA,RUA NORONHA TORREZAO 625
2018,144,299,1,7,FELIPE PEIXOTO,1627,ESCOLA ESTADUAL DOUTOR JAYME MEMORIA,RUA NORONHA TORREZAO 625
2018,144,3,1,3,FELIPE PEIXOTO,1023,PAROQUIA DE SAO JOAO BATISTA,RUA DR. MARCH 666
2018,144,30,1,1,FELIPE PEIXOTO,1104,ESCOLA MUNICIPAL ALTIVO CESAR,"RUA DR. LUIZ PALMIER, 25"
2018,144,300,1,2,FELIPE PEIXOTO,1627,ESCOLA ESTADUAL DOUTOR JAYME MEMORIA,RUA NORONHA TORREZAO 625
2018,144,301,1,6,FELIPE PEIXOTO,1627,ESCOLA ESTADUAL DOUTOR JAYME MEMORIA,RUA NORONHA TORREZAO 625
2018,144,302,1,7,FELIPE PEIXOTO,1627,ESCOLA ESTADUAL DOUTOR JAYME MEMORIA,RUA NORONHA TORREZAO 625
2018,144,303,1,1,FELIPE PEIXOTO,1635,ESCOLA MUNICIPAL DOM JOSÉ PEREIRA ALVES,"RUA TENENTE OSORIO, 73"
2018,144,304,1,3,FELIPE PEIXOTO,1635,ESCOLA MUNICIPAL DOM JOSÉ PEREIRA ALVES,"RUA TENENTE OSORIO, 73"
2018,144,305,1,4,FELIPE PEIXOTO,1635,ESCOLA MUNICIPAL DOM JOSÉ PEREIRA ALVES,"RUA TENENTE OSORIO, 73"
2018,144,306,1,4,FELIPE PEIXOTO,1635,ESCOLA MUNICIPAL DOM JOSÉ PEREIRA ALVES,"RUA TENENTE OSORIO, 73"
2018,144,307,1,3,FELIPE PEIXOTO,1635,ESCOLA MUNICIPAL DOM JOSÉ PEREIRA ALVES,"RUA TENENTE OSORIO, 73"
2018,144,308,1,4,FELIPE PEIXOTO,1635,ESCOLA MUNICIPAL DOM JOSÉ PEREIRA ALVES,"RUA TENENTE OSORIO, 73"
2018,144,309,1,2,FELIPE PEIXOTO,1635,ESCOLA MUNICIPAL DOM JOSÉ PEREIRA ALVES,"RUA TENENTE OSORIO, 73"
2018,144,310,1,2,FELIPE PEIXOTO,1635,ESCOLA MUNICIPAL DOM JOSÉ PEREIRA ALVES,"RUA TENENTE OSORIO, 73"
2018,144,311,1,6,FELIPE PEIXOTO,1635,ESCOLA MUNICIPAL DOM JOSÉ PEREIRA ALVES,"RUA TENENTE OSORIO, 73"
2018,144,312,1,1,FELIPE PEIXOTO,1635,ESCOLA MUNICIPAL DOM JOSÉ PEREIRA ALVES,"RUA TENENTE OSORIO, 73"
2018,144,313,1,2,FELIPE PEIXOTO,1635,ESCOLA MUNICIPAL DOM JOSÉ PEREIRA ALVES,"RUA TENENTE OSORIO, 73"
2018,144,314,1,5,FELIPE PEIXOTO,1643,IGREJA ASSEMBLÉIA DE DEUS,"TRAVESSA VICTOR PESTRE, 32"
2018,144,315,1,3,FELIPE PEIXOTO,1643,IGREJA ASSEMBLÉIA DE DEUS,"TRAVESSA VICTOR PESTRE, 32"
2018,144,316,1,8,FELIPE PEIXOTO,1643,IGREJA ASSEMBLÉIA DE DEUS,"TRAVESSA VICTOR PESTRE, 32"
2018,144,317,1,2,FELIPE PEIXOTO,1651,INSTITUTO EDUCACIONAL TAURUS,"ALAMEDA SÃO BOAVENTURA, 15"
2018,144,318,1,2,FELIPE PEIXOTO,1651,INSTITUTO EDUCACIONAL TAURUS,"ALAMEDA SÃO BOAVENTURA, 15"
2018,144,319,1,2,FELIPE PEIXOTO,1651,INSTITUTO EDUCACIONAL TAURUS,"ALAMEDA SÃO BOAVENTURA, 15"
2018,144,32,1,6,FELIPE PEIXOTO,1104,ESCOLA MUNICIPAL ALTIVO CESAR,"RUA DR. LUIZ PALMIER, 25"
2018,144,320,1,1,FELIPE PEIXOTO,1651,INSTITUTO EDUCACIONAL TAURUS,"ALAMEDA SÃO BOAVENTURA, 15"
2018,144,322,1,1,FELIPE PEIXOTO,1651,INSTITUTO EDUCACIONAL TAURUS,"ALAMEDA SÃO BOAVENTURA, 15"
2018,144,323,1,5,FELIPE PEIXOTO,1651,INSTITUTO EDUCACIONAL TAURUS,"ALAMEDA SÃO BOAVENTURA, 15"
2018,144,324,1,4,FELIPE PEIXOTO,1651,INSTITUTO EDUCACIONAL TAURUS,"ALAMEDA SÃO BOAVENTURA, 15"
2018,144,326,1,2,FELIPE PEIXOTO,1651,INSTITUTO EDUCACIONAL TAURUS,"ALAMEDA SÃO BOAVENTURA, 15"
2018,144,327,1,3,FELIPE PEIXOTO,1651,INSTITUTO EDUCACIONAL TAURUS,"ALAMEDA SÃO BOAVENTURA, 15"
2018,144,328,1,1,FELIPE PEIXOTO,1660,COLÉGIO ESTADUAL CONSELHEIRO JOSINO,"RUA TEIXEIRA DE FREITAS, 421"
2018,144,329,1,1,FELIPE PEIXOTO,1660,COLÉGIO ESTADUAL CONSELHEIRO JOSINO,"RUA TEIXEIRA DE FREITAS, 421"
2018,144,33,1,8,FELIPE PEIXOTO,1104,ESCOLA MUNICIPAL ALTIVO CESAR,"RUA DR. LUIZ PALMIER, 25"
2018,144,331,1,3,FELIPE PEIXOTO,1660,COLÉGIO ESTADUAL CONSELHEIRO JOSINO,"RUA TEIXEIRA DE FREITAS, 421"
2018,144,332,1,1,FELIPE PEIXOTO,1660,COLÉGIO ESTADUAL CONSELHEIRO JOSINO,"RUA TEIXEIRA DE FREITAS, 421"
2018,144,334,1,3,FELIPE PEIXOTO,1660,COLÉGIO ESTADUAL CONSELHEIRO JOSINO,"RUA TEIXEIRA DE FREITAS, 421"
2018,144,337,1,3,FELIPE PEIXOTO,1678,ESCOLA MUNICIPAL JACINTA MEDELA,"RUA TENENTE OSORIO, 10"
2018,144,338,1,7,FELIPE PEIXOTO,1678,ESCOLA MUNICIPAL JACINTA MEDELA,"RUA TENENTE OSORIO, 10"
2018,144,339,1,4,FELIPE PEIXOTO,1678,ESCOLA MUNICIPAL JACINTA MEDELA,"RUA TENENTE OSORIO, 10"
2018,144,34,1,6,FELIPE PEIXOTO,1112,ESCOLA MUNICIPAL TIRADENTES,"RUA DR. MARCH, 628"
2018,144,340,1,4,FELIPE PEIXOTO,1678,ESCOLA MUNICIPAL JACINTA MEDELA,"RUA TENENTE OSORIO, 10"
2018,144,343,1,1,FELIPE PEIXOTO,1686,GRUPO ESCOLAR NORONHA SANTOS,"RUA PREFEITO BRANDÃO JUNIOR, 184"
2018,144,344,1,2,FELIPE PEIXOTO,1686,GRUPO ESCOLAR NORONHA SANTOS,"RUA PREFEITO BRANDÃO JUNIOR, 184"
2018,144,345,1,1,FELIPE PEIXOTO,1686,GRUPO ESCOLAR NORONHA SANTOS,"RUA PREFEITO BRANDÃO JUNIOR, 184"
2018,144,346,1,2,FELIPE PEIXOTO,1686,GRUPO ESCOLAR NORONHA SANTOS,"RUA PREFEITO BRANDÃO JUNIOR, 184"
2018,144,347,1,2,FELIPE PEIXOTO,1686,GRUPO ESCOLAR NORONHA SANTOS,"RUA PREFEITO BRANDÃO JUNIOR, 184"
2018,144,348,1,1,FELIPE PEIXOTO,1686,GRUPO ESCOLAR NORONHA SANTOS,"RUA PREFEITO BRANDÃO JUNIOR, 184"
2018,144,349,1,1,FELIPE PEIXOTO,1686,GRUPO ESCOLAR NORONHA SANTOS,"RUA PREFEITO BRANDÃO JUNIOR, 184"
2018,144,35,1,4,FELIPE PEIXOTO,1112,ESCOLA MUNICIPAL TIRADENTES,"RUA DR. MARCH, 628"
2018,144,350,1,1,FELIPE PEIXOTO,1686,GRUPO ESCOLAR NORONHA SANTOS,"RUA PREFEITO BRANDÃO JUNIOR, 184"
2018,144,36,1,4,FELIPE PEIXOTO,1112,ESCOLA MUNICIPAL TIRADENTES,"RUA DR. MARCH, 628"
2018,144,39,1,1,FELIPE PEIXOTO,1090,ESCOLA TÉCNICA ESTADUAL HENRIQUE LAGE,RUA GUIMARÃES JUNIOR 182
2018,144,4,1,1,FELIPE PEIXOTO,1023,PAROQUIA DE SAO JOAO BATISTA,RUA DR. MARCH 666
2018,144,40,1,4,FELIPE PEIXOTO,1090,ESCOLA TÉCNICA ESTADUAL HENRIQUE LAGE,RUA GUIMARÃES JUNIOR 182
2018,144,42,1,1,FELIPE PEIXOTO,1090,ESCOLA TÉCNICA ESTADUAL HENRIQUE LAGE,RUA GUIMARÃES JUNIOR 182
2018,144,43,1,4,FELIPE PEIXOTO,1090,ESCOLA TÉCNICA ESTADUAL HENRIQUE LAGE,RUA GUIMARÃES JUNIOR 182
2018,144,44,1,1,FELIPE PEIXOTO,1163,COLÉGIO ESTADUAL CONSELHEIRO MACEDO SOARES,RUA DR. MARCH 392
2018,144,45,1,1,FELIPE PEIXOTO,1163,COLÉGIO ESTADUAL CONSELHEIRO MACEDO SOARES,RUA DR. MARCH 392
2018,144,46,1,1,FELIPE PEIXOTO,1163,COLÉGIO ESTADUAL CONSELHEIRO MACEDO SOARES,RUA DR. MARCH 392
2018,144,47,1,7,FELIPE PEIXOTO,1163,COLÉGIO ESTADUAL CONSELHEIRO MACEDO SOARES,RUA DR. MARCH 392
2018,144,48,1,3,FELIPE PEIXOTO,1163,COLÉGIO ESTADUAL CONSELHEIRO MACEDO SOARES,RUA DR. MARCH 392
2018,144,49,1,1,FELIPE PEIXOTO,1163,COLÉGIO ESTADUAL CONSELHEIRO MACEDO SOARES,RUA DR. MARCH 392
2018,144,5,1,6,FELIPE PEIXOTO,1031,(PRÉDIO NOVO) COLÉGIO PEDRO II UNIDADE NITERÓI,RUA ASSIS DE VASCONCELOS S/N
2018,144,50,1,1,FELIPE PEIXOTO,1163,COLÉGIO ESTADUAL CONSELHEIRO MACEDO SOARES,RUA DR. MARCH 392
2018,144,52,1,8,FELIPE PEIXOTO,1171,ESCOLA ESTADUAL MENEZES VIEIRA,RUA ASSIS DE VASCONCELOS N 30
2018,144,53,1,1,FELIPE PEIXOTO,1171,ESCOLA ESTADUAL MENEZES VIEIRA,RUA ASSIS DE VASCONCELOS N 30
2018,144,54,1,5,FELIPE PEIXOTO,1171,ESCOLA ESTADUAL MENEZES VIEIRA,RUA ASSIS DE VASCONCELOS N 30
2018,144,55,1,3,FELIPE PEIXOTO,1201,OFICINAS DO SENAI,RUA GALVAO S/N
2018,144,57,1,2,FELIPE PEIXOTO,1104,ESCOLA MUNICIPAL ALTIVO CESAR,"RUA DR. LUIZ PALMIER, 25"
2018,144,58,1,11,FELIPE PEIXOTO,1104,ESCOLA MUNICIPAL ALTIVO CESAR,"RUA DR. LUIZ PALMIER, 25"
2018,144,59,1,7,FELIPE PEIXOTO,1104,ESCOLA MUNICIPAL ALTIVO CESAR,"RUA DR. LUIZ PALMIER, 25"
2018,144,6,1,6,FELIPE PEIXOTO,1031,(PRÉDIO NOVO) COLÉGIO PEDRO II UNIDADE NITERÓI,RUA ASSIS DE VASCONCELOS S/N
2018,144,60,1,2,FELIPE PEIXOTO,1201,OFICINAS DO SENAI,RUA GALVAO S/N
2018,144,62,1,2,FELIPE PEIXOTO,1210,TIO SAM ESPORTE CLUBE,RUA BENJAMIM CONSTANT 562
2018,144,63,1,10,FELIPE PEIXOTO,1210,TIO SAM ESPORTE CLUBE,RUA BENJAMIM CONSTANT 562
2018,144,64,1,4,FELIPE PEIXOTO,1210,TIO SAM ESPORTE CLUBE,RUA BENJAMIM CONSTANT 562
2018,144,65,1,5,FELIPE PEIXOTO,1210,TIO SAM ESPORTE CLUBE,RUA BENJAMIM CONSTANT 562
2018,144,67,1,5,FELIPE PEIXOTO,1236,COLÉGIO ESTADUAL MULLULO DA VEIGA,RUA CORONEL GUIMARÃES 505
2018,144,68,1,4,FELIPE PEIXOTO,1236,COLÉGIO ESTADUAL MULLULO DA VEIGA,RUA CORONEL GUIMARÃES 505
2018,144,69,1,8,FELIPE PEIXOTO,1236,COLÉGIO ESTADUAL MULLULO DA VEIGA,RUA CORONEL GUIMARÃES 505
2018,144,7,1,3,FELIPE PEIXOTO,1031,(PRÉDIO NOVO) COLÉGIO PEDRO II UNIDADE NITERÓI,RUA ASSIS DE VASCONCELOS S/N
2018,144,70,1,3,FELIPE PEIXOTO,1236,COLÉGIO ESTADUAL MULLULO DA VEIGA,RUA CORONEL GUIMARÃES 505
2018,144,71,1,4,FELIPE PEIXOTO,1236,COLÉGIO ESTADUAL MULLULO DA VEIGA,RUA CORONEL GUIMARÃES 505
2018,144,72,1,2,FELIPE PEIXOTO,1236,COLÉGIO ESTADUAL MULLULO DA VEIGA,RUA CORONEL GUIMARÃES 505
2018,144,73,1,7,FELIPE PEIXOTO,1236,COLÉGIO ESTADUAL MULLULO DA VEIGA,RUA CORONEL GUIMARÃES 505
2018,144,74,1,6,FELIPE PEIXOTO,1236,COLÉGIO ESTADUAL MULLULO DA VEIGA,RUA CORONEL GUIMARÃES 505
2018,144,75,1,10,FELIPE PEIXOTO,1406,COLÉGIO NITERÓI,"RUA  VEREADOR JOSÉ VICENTE SOBRINHO, 269"
2018,144,76,1,5,FELIPE PEIXOTO,1406,COLÉGIO NITERÓI,"RUA  VEREADOR JOSÉ VICENTE SOBRINHO, 269"
2018,144,77,1,3,FELIPE PEIXOTO,1406,COLÉGIO NITERÓI,"RUA  VEREADOR JOSÉ VICENTE SOBRINHO, 269"
2018,144,78,1,3,FELIPE PEIXOTO,1406,COLÉGIO NITERÓI,"RUA  VEREADOR JOSÉ VICENTE SOBRINHO, 269"
2018,144,79,1,7,FELIPE PEIXOTO,1406,COLÉGIO NITERÓI,"RUA  VEREADOR JOSÉ VICENTE SOBRINHO, 269"
2018,144,8,1,4,FELIPE PEIXOTO,1031,(PRÉDIO NOVO) COLÉGIO PEDRO II UNIDADE NITERÓI,RUA ASSIS DE VASCONCELOS S/N
2018,144,80,1,1,FELIPE PEIXOTO,1406,COLÉGIO NITERÓI,"RUA  VEREADOR JOSÉ VICENTE SOBRINHO, 269"
2018,144,81,1,1,FELIPE PEIXOTO,1430,(PRÉDIO NOVO) COLÉGIO PEDRO II UNIDADE NITERÓI,RUA ASSIS DE VASCONCELOS S/N
2018,144,82,1,2,FELIPE PEIXOTO,1430,(PRÉDIO NOVO) COLÉGIO PEDRO II UNIDADE NITERÓI,RUA ASSIS DE VASCONCELOS S/N
2018,144,83,1,2,FELIPE PEIXOTO,1252,ESCOLA MUNICIPAL ADELINO MAGALHÃES,"RUA DR. NELSON PENA, 17"
2018,144,84,1,4,FELIPE PEIXOTO,1252,ESCOLA MUNICIPAL ADELINO MAGALHÃES,"RUA DR. NELSON PENA, 17"
2018,144,85,1,2,FELIPE PEIXOTO,1252,ESCOLA MUNICIPAL ADELINO MAGALHÃES,"RUA DR. NELSON PENA, 17"
2018,144,87,1,2,FELIPE PEIXOTO,1252,ESCOLA MUNICIPAL ADELINO MAGALHÃES,"RUA DR. NELSON PENA, 17"
2018,144,88,1,7,FELIPE PEIXOTO,1317,IGREJA BATISTA BETEL DE NITERÓI,RUA DANIEL TORRES 72
2018,144,89,1,3,FELIPE PEIXOTO,1317,IGREJA BATISTA BETEL DE NITERÓI,RUA DANIEL TORRES 72
2018,144,9,1,3,FELIPE PEIXOTO,1031,(PRÉDIO NOVO) COLÉGIO PEDRO II UNIDADE NITERÓI,RUA ASSIS DE VASCONCELOS S/N
2018,144,90,1,6,FELIPE PEIXOTO,1317,IGREJA BATISTA BETEL DE NITERÓI,RUA DANIEL TORRES 72
2018,144,91,1,5,FELIPE PEIXOTO,1252,ESCOLA MUNICIPAL ADELINO MAGALHÃES,"RUA DR. NELSON PENA, 17"
2018,144,92,1,3,FELIPE PEIXOTO,1252,ESCOLA MUNICIPAL ADELINO MAGALHÃES,"RUA DR. NELSON PENA, 17"
2018,144,93,1,2,FELIPE PEIXOTO,1252,ESCOLA MUNICIPAL ADELINO MAGALHÃES,"RUA DR. NELSON PENA, 17"
2018,144,94,1,4,FELIPE PEIXOTO,1430,(PRÉDIO NOVO) COLÉGIO PEDRO II UNIDADE NITERÓI,RUA ASSIS DE VASCONCELOS S/N
2018,144,95,1,1,FELIPE PEIXOTO,1236,COLÉGIO ESTADUAL MULLULO DA VEIGA,RUA CORONEL GUIMARÃES 505
2018,144,96,1,4,FELIPE PEIXOTO,1430,(PRÉDIO NOVO) COLÉGIO PEDRO II UNIDADE NITERÓI,RUA ASSIS DE VASCONCELOS S/N
2018,144,97,1,8,FELIPE PEIXOTO,1430,(PRÉDIO NOVO) COLÉGIO PEDRO II UNIDADE NITERÓI,RUA ASSIS DE VASCONCELOS S/N
2018,144,98,1,7,FELIPE PEIXOTO,1430,(PRÉDIO NOVO) COLÉGIO PEDRO II UNIDADE NITERÓI,RUA ASSIS DE VASCONCELOS S/N
2018,144,99,1,7,FELIPE PEIXOTO,1430,(PRÉDIO NOVO) COLÉGIO PEDRO II UNIDADE NITERÓI,RUA ASSIS DE VASCONCELOS S/N
2018,199,1,1,7,FELIPE PEIXOTO,1015,COUNTRY CLUB DE NITEROI,RUA CHILE 135
2018,199,10,1,3,FELIPE PEIXOTO,1031,ESCOLA MUNICIPAL HONORINA DE CARVALHO,RUA PROF. JOSE PECANHA S/N
2018,199,100,1,12,FELIPE PEIXOTO,1155,COLEGIO ITAPUCA,"AV. ERNANI DE FARIAS ALVES, N 124 TREVO DE PIRATININGA"
2018,199,101,1,10,FELIPE PEIXOTO,1112,COLÉGIO SALESIANO REGIÃO OCEÂNICA,"RUA DOUTOR CORNÉLIO DE MELLO JÚNIOR, 117"
2018,199,102,1,8,FELIPE PEIXOTO,1198,ESCOLA ESTADUAL RUI FRAZAO SOARES - CIEP 448,ESTRADA DO ENGENHO DO MATO S/N - PRACA
2018,199,103,1,2,FELIPE PEIXOTO,1023,ESCOLA ESTADUAL FELISBERTO DE CARVALHO,ESTRADA CAETANO MONTEIRO 896
2018,199,104,1,13,FELIPE PEIXOTO,1155,COLEGIO ITAPUCA,"AV. ERNANI DE FARIAS ALVES, N 124 TREVO DE PIRATININGA"
2018,199,105,1,20,FELIPE PEIXOTO,1244,CURSO LAPLACE,"RUA MANOEL PACHECO DE CARVALHO, N 80"
2018,199,106,1,7,FELIPE PEIXOTO,1082,ESCOLA MUNICIPAL UMEI DR PAULO CESAR DE ALMEIDA PIMENTEL,RUA ANTONIO LUIZ SAIÃO CAMPO BELO
2018,199,107,1,11,FELIPE PEIXOTO,1198,ESCOLA ESTADUAL RUI FRAZAO SOARES - CIEP 448,ESTRADA DO ENGENHO DO MATO S/N - PRACA
2018,199,108,1,8,FELIPE PEIXOTO,1082,ESCOLA MUNICIPAL UMEI DR PAULO CESAR DE ALMEIDA PIMENTEL,RUA ANTONIO LUIZ SAIÃO CAMPO BELO
2018,199,109,1,9,FELIPE PEIXOTO,1074,COLÉGIO GAUSS EM ITAIPU,AVENIDA FREI FABIANO N 155 LOT SANTO ANTÔNIO ITAIPU
2018,199,11,1,1,FELIPE PEIXOTO,1031,ESCOLA MUNICIPAL HONORINA DE CARVALHO,RUA PROF. JOSE PECANHA S/N
2018,199,110,1,10,FELIPE PEIXOTO,1155,COLEGIO ITAPUCA,"AV. ERNANI DE FARIAS ALVES, N 124 TREVO DE PIRATININGA"
2018,199,111,1,20,FELIPE PEIXOTO,1112,COLÉGIO SALESIANO REGIÃO OCEÂNICA,"RUA DOUTOR CORNÉLIO DE MELLO JÚNIOR, 117"
2018,199,113,1,3,FELIPE PEIXOTO,1031,ESCOLA MUNICIPAL HONORINA DE CARVALHO,RUA PROF. JOSE PECANHA S/N
2018,199,114,1,10,FELIPE PEIXOTO,1198,ESCOLA ESTADUAL RUI FRAZAO SOARES - CIEP 448,ESTRADA DO ENGENHO DO MATO S/N - PRACA
2018,199,115,1,8,FELIPE PEIXOTO,1244,CURSO LAPLACE,"RUA MANOEL PACHECO DE CARVALHO, N 80"
2018,199,116,1,15,FELIPE PEIXOTO,1090,ESCOLA ESTADUAL PROF. ALCINA RODRIGUES LIMA,"ESTRADA FRANCISCO DA CRUZ NUNES, S/N"
2018,199,117,1,12,FELIPE PEIXOTO,1155,COLEGIO ITAPUCA,"AV. ERNANI DE FARIAS ALVES, N 124 TREVO DE PIRATININGA"
2018,199,118,1,22,FELIPE PEIXOTO,1112,COLÉGIO SALESIANO REGIÃO OCEÂNICA,"RUA DOUTOR CORNÉLIO DE MELLO JÚNIOR, 117"
2018,199,119,1,28,FELIPE PEIXOTO,1066,ITACOATIARA PAMPO CLUBE,AV. BEIRA MAR 205
2018,199,12,1,10,FELIPE PEIXOTO,1031,ESCOLA MUNICIPAL HONORINA DE CARVALHO,RUA PROF. JOSE PECANHA S/N
2018,199,120,1,11,FELIPE PEIXOTO,1015,COUNTRY CLUB DE NITEROI,RUA CHILE 135
2018,199,121,1,16,FELIPE PEIXOTO,1198,ESCOLA ESTADUAL RUI FRAZAO SOARES - CIEP 448,ESTRADA DO ENGENHO DO MATO S/N - PRACA
2018,199,123,1,12,FELIPE PEIXOTO,1139,ESCOLA MUNICIPAL FRANCISCO PORTUGAL NEVES,"RUA MANOEL PACHECO DE CARVALHO, N 14 TREVO DE PIRATININGA"
2018,199,124,1,19,FELIPE PEIXOTO,1082,ESCOLA MUNICIPAL UMEI DR PAULO CESAR DE ALMEIDA PIMENTEL,RUA ANTONIO LUIZ SAIÃO CAMPO BELO
2018,199,125,1,4,FELIPE PEIXOTO,1031,ESCOLA MUNICIPAL HONORINA DE CARVALHO,RUA PROF. JOSE PECANHA S/N
2018,199,126,1,14,FELIPE PEIXOTO,1198,ESCOLA ESTADUAL RUI FRAZAO SOARES - CIEP 448,ESTRADA DO ENGENHO DO MATO S/N - PRACA
2018,199,127,1,13,FELIPE PEIXOTO,1090,ESCOLA ESTADUAL PROF. ALCINA RODRIGUES LIMA,"ESTRADA FRANCISCO DA CRUZ NUNES, S/N"
2018,199,129,1,18,FELIPE PEIXOTO,1155,COLEGIO ITAPUCA,"AV. ERNANI DE FARIAS ALVES, N 124 TREVO DE PIRATININGA"
2018,199,13,1,9,FELIPE PEIXOTO,1031,ESCOLA MUNICIPAL HONORINA DE CARVALHO,RUA PROF. JOSE PECANHA S/N
2018,199,130,1,10,FELIPE PEIXOTO,1198,ESCOLA ESTADUAL RUI FRAZAO SOARES - CIEP 448,ESTRADA DO ENGENHO DO MATO S/N - PRACA
2018,199,132,1,10,FELIPE PEIXOTO,1155,COLEGIO ITAPUCA,"AV. ERNANI DE FARIAS ALVES, N 124 TREVO DE PIRATININGA"
2018,199,133,1,7,FELIPE PEIXOTO,1198,ESCOLA ESTADUAL RUI FRAZAO SOARES - CIEP 448,ESTRADA DO ENGENHO DO MATO S/N - PRACA
2018,199,134,1,10,FELIPE PEIXOTO,1244,CURSO LAPLACE,"RUA MANOEL PACHECO DE CARVALHO, N 80"
2018,199,135,1,9,FELIPE PEIXOTO,1090,ESCOLA ESTADUAL PROF. ALCINA RODRIGUES LIMA,"ESTRADA FRANCISCO DA CRUZ NUNES, S/N"
2018,199,136,1,18,FELIPE PEIXOTO,1244,CURSO LAPLACE,"RUA MANOEL PACHECO DE CARVALHO, N 80"
2018,199,138,1,21,FELIPE PEIXOTO,1112,COLÉGIO SALESIANO REGIÃO OCEÂNICA,"RUA DOUTOR CORNÉLIO DE MELLO JÚNIOR, 117"
2018,199,139,1,11,FELIPE PEIXOTO,1198,ESCOLA ESTADUAL RUI FRAZAO SOARES - CIEP 448,ESTRADA DO ENGENHO DO MATO S/N - PRACA
2018,199,140,1,17,FELIPE PEIXOTO,1074,COLÉGIO GAUSS EM ITAIPU,AVENIDA FREI FABIANO N 155 LOT SANTO ANTÔNIO ITAIPU
2018,199,141,1,9,FELIPE PEIXOTO,1082,ESCOLA MUNICIPAL UMEI DR PAULO CESAR DE ALMEIDA PIMENTEL,RUA ANTONIO LUIZ SAIÃO CAMPO BELO
2018,199,142,1,10,FELIPE PEIXOTO,1317,COLÉGIO PAULO FREIRE,"AVENIDA IRENE LOPES SODRÉ, N22"
2018,199,143,1,9,FELIPE PEIXOTO,1155,COLEGIO ITAPUCA,"AV. ERNANI DE FARIAS ALVES, N 124 TREVO DE PIRATININGA"
2018,199,144,1,10,FELIPE PEIXOTO,1139,ESCOLA MUNICIPAL FRANCISCO PORTUGAL NEVES,"RUA MANOEL PACHECO DE CARVALHO, N 14 TREVO DE PIRATININGA"
2018,199,145,1,8,FELIPE PEIXOTO,1090,ESCOLA ESTADUAL PROF. ALCINA RODRIGUES LIMA,"ESTRADA FRANCISCO DA CRUZ NUNES, S/N"
2018,199,147,1,14,FELIPE PEIXOTO,1112,COLÉGIO SALESIANO REGIÃO OCEÂNICA,"RUA DOUTOR CORNÉLIO DE MELLO JÚNIOR, 117"
2018,199,148,1,7,FELIPE PEIXOTO,1031,ESCOLA MUNICIPAL HONORINA DE CARVALHO,RUA PROF. JOSE PECANHA S/N
2018,199,149,1,5,FELIPE PEIXOTO,1198,ESCOLA ESTADUAL RUI FRAZAO SOARES - CIEP 448,ESTRADA DO ENGENHO DO MATO S/N - PRACA
2018,199,150,1,21,FELIPE PEIXOTO,1066,ITACOATIARA PAMPO CLUBE,AV. BEIRA MAR 205
2018,199,151,1,5,FELIPE PEIXOTO,1090,ESCOLA ESTADUAL PROF. ALCINA RODRIGUES LIMA,"ESTRADA FRANCISCO DA CRUZ NUNES, S/N"
2018,199,152,1,18,FELIPE PEIXOTO,1260,COLÉGIO PLUZ,"RUA JOSÉ BITTENCOURT (ANT RUA 10 SOTER), N 20"
2018,199,153,1,6,FELIPE PEIXOTO,1252,CIEP 307 -  DJANIRA,AV. EWERTON XAVIER S/N - PRACA
2018,199,154,1,15,FELIPE PEIXOTO,1279,ESPAÇO CREARE CAMBOINHAS (EX SAINT NICHOLAS),"AVENIDA PROF CARLOS NELSON FERREIRA SANTOS(ANT AVENIDA 5) , 658"
2018,199,155,1,14,FELIPE PEIXOTO,1112,COLÉGIO SALESIANO REGIÃO OCEÂNICA,"RUA DOUTOR CORNÉLIO DE MELLO JÚNIOR, 117"
2018,199,156,1,11,FELIPE PEIXOTO,1155,COLEGIO ITAPUCA,"AV. ERNANI DE FARIAS ALVES, N 124 TREVO DE PIRATININGA"
2018,199,157,1,9,FELIPE PEIXOTO,1015,COUNTRY CLUB DE NITEROI,RUA CHILE 135
2018,199,158,1,15,FELIPE PEIXOTO,1287,ESCOLA MUNICPAL PROF MARCOS WALDEMAR DE FREITAS REIS,"RUA ANTONIO LUIZ SAIÃO, S/N ITAIPU"
2018,199,160,1,15,FELIPE PEIXOTO,1120,ESCOLA ESTADUAL ALMIRANTE TAMANDARE,AV. ACURCIO TORRES S/N
2018,199,161,1,16,FELIPE PEIXOTO,1260,COLÉGIO PLUZ,"RUA JOSÉ BITTENCOURT (ANT RUA 10 SOTER), N 20"
2018,199,162,1,9,FELIPE PEIXOTO,1198,ESCOLA ESTADUAL RUI FRAZAO SOARES - CIEP 448,ESTRADA DO ENGENHO DO MATO S/N - PRACA
2018,199,163,1,18,FELIPE PEIXOTO,1260,COLÉGIO PLUZ,"RUA JOSÉ BITTENCOURT (ANT RUA 10 SOTER), N 20"
2018,199,165,1,12,FELIPE PEIXOTO,1090,ESCOLA ESTADUAL PROF. ALCINA RODRIGUES LIMA,"ESTRADA FRANCISCO DA CRUZ NUNES, S/N"
2018,199,166,1,7,FELIPE PEIXOTO,1031,ESCOLA MUNICIPAL HONORINA DE CARVALHO,RUA PROF. JOSE PECANHA S/N
2018,199,167,1,21,FELIPE PEIXOTO,1112,COLÉGIO SALESIANO REGIÃO OCEÂNICA,"RUA DOUTOR CORNÉLIO DE MELLO JÚNIOR, 117"
2018,199,168,1,12,FELIPE PEIXOTO,1139,ESCOLA MUNICIPAL FRANCISCO PORTUGAL NEVES,"RUA MANOEL PACHECO DE CARVALHO, N 14 TREVO DE PIRATININGA"
2018,199,169,1,11,FELIPE PEIXOTO,1317,COLÉGIO PAULO FREIRE,"AVENIDA IRENE LOPES SODRÉ, N22"
2018,199,170,1,20,FELIPE PEIXOTO,1279,ESPAÇO CREARE CAMBOINHAS (EX SAINT NICHOLAS),"AVENIDA PROF CARLOS NELSON FERREIRA SANTOS(ANT AVENIDA 5) , 658"
2018,199,171,1,16,FELIPE PEIXOTO,1260,COLÉGIO PLUZ,"RUA JOSÉ BITTENCOURT (ANT RUA 10 SOTER), N 20"
2018,199,173,1,23,FELIPE PEIXOTO,1112,COLÉGIO SALESIANO REGIÃO OCEÂNICA,"RUA DOUTOR CORNÉLIO DE MELLO JÚNIOR, 117"
2018,199,174,1,14,FELIPE PEIXOTO,1287,ESCOLA MUNICPAL PROF MARCOS WALDEMAR DE FREITAS REIS,"RUA ANTONIO LUIZ SAIÃO, S/N ITAIPU"
2018,199,175,1,30,FELIPE PEIXOTO,1066,ITACOATIARA PAMPO CLUBE,AV. BEIRA MAR 205
2018,199,176,1,17,FELIPE PEIXOTO,1260,COLÉGIO PLUZ,"RUA JOSÉ BITTENCOURT (ANT RUA 10 SOTER), N 20"
2018,199,177,1,24,FELIPE PEIXOTO,1295,UMEI PROFA ODETE ROSA DA MOTA,ESTRADA FRANCISCO DA CRUZ NUNES S/N (PRÓXIMO AO CORPO DE BOMBEIROS)
2018,199,178,1,15,FELIPE PEIXOTO,1155,COLEGIO ITAPUCA,"AV. ERNANI DE FARIAS ALVES, N 124 TREVO DE PIRATININGA"
2018,199,179,1,18,FELIPE PEIXOTO,1341,SOPRECAM,"AV. PROFESSOR CARLOS NELSON FERREIRA, S/N"
2018,199,180,1,6,FELIPE PEIXOTO,1198,ESCOLA ESTADUAL RUI FRAZAO SOARES - CIEP 448,ESTRADA DO ENGENHO DO MATO S/N - PRACA
2018,199,181,1,16,FELIPE PEIXOTO,1015,COUNTRY CLUB DE NITEROI,RUA CHILE 135
2018,199,182,1,17,FELIPE PEIXOTO,1112,COLÉGIO SALESIANO REGIÃO OCEÂNICA,"RUA DOUTOR CORNÉLIO DE MELLO JÚNIOR, 117"
2018,199,183,1,6,FELIPE PEIXOTO,1252,CIEP 307 -  DJANIRA,AV. EWERTON XAVIER S/N - PRACA
2018,199,184,1,31,FELIPE PEIXOTO,1260,COLÉGIO PLUZ,"RUA JOSÉ BITTENCOURT (ANT RUA 10 SOTER), N 20"
2018,199,185,1,18,FELIPE PEIXOTO,1155,COLEGIO ITAPUCA,"AV. ERNANI DE FARIAS ALVES, N 124 TREVO DE PIRATININGA"
2018,199,186,1,4,FELIPE PEIXOTO,1031,ESCOLA MUNICIPAL HONORINA DE CARVALHO,RUA PROF. JOSE PECANHA S/N
2018,199,187,1,21,FELIPE PEIXOTO,1104,FISK CENTRO DE ENSINO,RUA ERNANI DE FARIAS ALVES 161
2018,199,188,1,14,FELIPE PEIXOTO,1260,COLÉGIO PLUZ,"RUA JOSÉ BITTENCOURT (ANT RUA 10 SOTER), N 20"
2018,199,189,1,11,FELIPE PEIXOTO,1120,ESCOLA ESTADUAL ALMIRANTE TAMANDARE,AV. ACURCIO TORRES S/N
2018,199,190,1,21,FELIPE PEIXOTO,1279,ESPAÇO CREARE CAMBOINHAS (EX SAINT NICHOLAS),"AVENIDA PROF CARLOS NELSON FERREIRA SANTOS(ANT AVENIDA 5) , 658"
2018,199,191,1,18,FELIPE PEIXOTO,1295,UMEI PROFA ODETE ROSA DA MOTA,ESTRADA FRANCISCO DA CRUZ NUNES S/N (PRÓXIMO AO CORPO DE BOMBEIROS)
2018,199,192,1,16,FELIPE PEIXOTO,1155,COLEGIO ITAPUCA,"AV. ERNANI DE FARIAS ALVES, N 124 TREVO DE PIRATININGA"
2018,199,193,1,16,FELIPE PEIXOTO,1260,COLÉGIO PLUZ,"RUA JOSÉ BITTENCOURT (ANT RUA 10 SOTER), N 20"
2018,199,194,1,16,FELIPE PEIXOTO,1295,UMEI PROFA ODETE ROSA DA MOTA,ESTRADA FRANCISCO DA CRUZ NUNES S/N (PRÓXIMO AO CORPO DE BOMBEIROS)
2018,199,195,1,13,FELIPE PEIXOTO,1074,COLÉGIO GAUSS EM ITAIPU,AVENIDA FREI FABIANO N 155 LOT SANTO ANTÔNIO ITAIPU
2018,199,196,1,13,FELIPE PEIXOTO,1015,COUNTRY CLUB DE NITEROI,RUA CHILE 135
2018,199,197,1,19,FELIPE PEIXOTO,1295,UMEI PROFA ODETE ROSA DA MOTA,ESTRADA FRANCISCO DA CRUZ NUNES S/N (PRÓXIMO AO CORPO DE BOMBEIROS)
2018,199,198,1,23,FELIPE PEIXOTO,1104,FISK CENTRO DE ENSINO,RUA ERNANI DE FARIAS ALVES 161
2018,199,199,1,18,FELIPE PEIXOTO,1244,CURSO LAPLACE,"RUA MANOEL PACHECO DE CARVALHO, N 80"
2018,199,2,1,8,FELIPE PEIXOTO,1015,COUNTRY CLUB DE NITEROI,RUA CHILE 135
2018,199,200,1,10,FELIPE PEIXOTO,1279,ESPAÇO CREARE CAMBOINHAS (EX SAINT NICHOLAS),"AVENIDA PROF CARLOS NELSON FERREIRA SANTOS(ANT AVENIDA 5) , 658"
2018,199,201,1,2,FELIPE PEIXOTO,1252,CIEP 307 -  DJANIRA,AV. EWERTON XAVIER S/N - PRACA
2018,199,202,1,29,FELIPE PEIXOTO,1317,COLÉGIO PAULO FREIRE,"AVENIDA IRENE LOPES SODRÉ, N22"
2018,199,203,1,6,FELIPE PEIXOTO,1287,ESCOLA MUNICPAL PROF MARCOS WALDEMAR DE FREITAS REIS,"RUA ANTONIO LUIZ SAIÃO, S/N ITAIPU"
2018,199,204,1,17,FELIPE PEIXOTO,1260,COLÉGIO PLUZ,"RUA JOSÉ BITTENCOURT (ANT RUA 10 SOTER), N 20"
2018,199,205,1,10,FELIPE PEIXOTO,1295,UMEI PROFA ODETE ROSA DA MOTA,ESTRADA FRANCISCO DA CRUZ NUNES S/N (PRÓXIMO AO CORPO DE BOMBEIROS)
2018,199,206,1,1,FELIPE PEIXOTO,1325,ESCOLA MUNICIPAL SÍTIO DO IPÊ,RUA PROF. JOSÉ PEÇANHA
2018,199,207,1,13,FELIPE PEIXOTO,1104,FISK CENTRO DE ENSINO,RUA ERNANI DE FARIAS ALVES 161
2018,199,208,1,17,FELIPE PEIXOTO,1260,COLÉGIO PLUZ,"RUA JOSÉ BITTENCOURT (ANT RUA 10 SOTER), N 20"
2018,199,209,1,7,FELIPE PEIXOTO,1317,COLÉGIO PAULO FREIRE,"AVENIDA IRENE LOPES SODRÉ, N22"
2018,199,21,1,33,FELIPE PEIXOTO,1066,ITACOATIARA PAMPO CLUBE,AV. BEIRA MAR 205
2018,199,211,1,9,FELIPE PEIXOTO,1104,FISK CENTRO DE ENSINO,RUA ERNANI DE FARIAS ALVES 161
2018,199,212,1,9,FELIPE PEIXOTO,1317,COLÉGIO PAULO FREIRE,"AVENIDA IRENE LOPES SODRÉ, N22"
2018,199,213,1,7,FELIPE PEIXOTO,1325,ESCOLA MUNICIPAL SÍTIO DO IPÊ,RUA PROF. JOSÉ PEÇANHA
2018,199,214,1,10,FELIPE PEIXOTO,1333,ESCOLA ME NINAR,"RUA 03, N 88 E 101"
2018,199,215,1,6,FELIPE PEIXOTO,1350,ESCOLA MUNICIPAL MARALEGRE,"RUA DR. WALDIR COSTA, LOTES 10 E 11"
2018,199,216,1,9,FELIPE PEIXOTO,1287,ESCOLA MUNICPAL PROF MARCOS WALDEMAR DE FREITAS REIS,"RUA ANTONIO LUIZ SAIÃO, S/N ITAIPU"
2018,199,217,1,11,FELIPE PEIXOTO,1341,SOPRECAM,"AV. PROFESSOR CARLOS NELSON FERREIRA, S/N"
2018,199,218,1,9,FELIPE PEIXOTO,1368,UMEI PROFESSORA NINA RITA TORRES,"AVENIDA DOUTOR ACÚRCIO TORRES, 691"
2018,199,219,1,14,FELIPE PEIXOTO,1317,COLÉGIO PAULO FREIRE,"AVENIDA IRENE LOPES SODRÉ, N22"
2018,199,22,1,30,FELIPE PEIXOTO,1066,ITACOATIARA PAMPO CLUBE,AV. BEIRA MAR 205
2018,199,220,1,1,FELIPE PEIXOTO,1163,ANDEF (EX FAETEC),ESTRADA VELHA DE MARICA 4830
2018,199,221,1,3,FELIPE PEIXOTO,1325,ESCOLA MUNICIPAL SÍTIO DO IPÊ,RUA PROF. JOSÉ PEÇANHA
2018,199,222,1,3,FELIPE PEIXOTO,1252,CIEP 307 -  DJANIRA,AV. EWERTON XAVIER S/N - PRACA
2018,199,223,1,5,FELIPE PEIXOTO,1350,ESCOLA MUNICIPAL MARALEGRE,"RUA DR. WALDIR COSTA, LOTES 10 E 11"
2018,199,224,1,5,FELIPE PEIXOTO,1368,UMEI PROFESSORA NINA RITA TORRES,"AVENIDA DOUTOR ACÚRCIO TORRES, 691"
2018,199,225,1,13,FELIPE PEIXOTO,1333,ESCOLA ME NINAR,"RUA 03, N 88 E 101"
2018,199,226,1,14,FELIPE PEIXOTO,1295,UMEI PROFA ODETE ROSA DA MOTA,ESTRADA FRANCISCO DA CRUZ NUNES S/N (PRÓXIMO AO CORPO DE BOMBEIROS)
2018,199,227,1,12,FELIPE PEIXOTO,1112,COLÉGIO SALESIANO REGIÃO OCEÂNICA,"RUA DOUTOR CORNÉLIO DE MELLO JÚNIOR, 117"
2018,199,228,1,1,FELIPE PEIXOTO,1317,COLÉGIO PAULO FREIRE,"AVENIDA IRENE LOPES SODRÉ, N22"
2018,199,229,1,10,FELIPE PEIXOTO,1317,COLÉGIO PAULO FREIRE,"AVENIDA IRENE LOPES SODRÉ, N22"
2018,199,23,1,22,FELIPE PEIXOTO,1066,ITACOATIARA PAMPO CLUBE,AV. BEIRA MAR 205
2018,199,230,1,2,FELIPE PEIXOTO,1104,FISK CENTRO DE ENSINO,RUA ERNANI DE FARIAS ALVES 161
2018,199,231,1,11,FELIPE PEIXOTO,1112,COLÉGIO SALESIANO REGIÃO OCEÂNICA,"RUA DOUTOR CORNÉLIO DE MELLO JÚNIOR, 117"
2018,199,24,1,19,FELIPE PEIXOTO,1066,ITACOATIARA PAMPO CLUBE,AV. BEIRA MAR 205
2018,199,25,1,12,FELIPE PEIXOTO,1074,COLÉGIO GAUSS EM ITAIPU,AVENIDA FREI FABIANO N 155 LOT SANTO ANTÔNIO ITAIPU
2018,199,26,1,18,FELIPE PEIXOTO,1074,COLÉGIO GAUSS EM ITAIPU,AVENIDA FREI FABIANO N 155 LOT SANTO ANTÔNIO ITAIPU
2018,199,27,1,19,FELIPE PEIXOTO,1074,COLÉGIO GAUSS EM ITAIPU,AVENIDA FREI FABIANO N 155 LOT SANTO ANTÔNIO ITAIPU
2018,199,28,1,14,FELIPE PEIXOTO,1074,COLÉGIO GAUSS EM ITAIPU,AVENIDA FREI FABIANO N 155 LOT SANTO ANTÔNIO ITAIPU
2018,199,29,1,16,FELIPE PEIXOTO,1074,COLÉGIO GAUSS EM ITAIPU,AVENIDA FREI FABIANO N 155 LOT SANTO ANTÔNIO ITAIPU
2018,199,3,1,12,FELIPE PEIXOTO,1015,COUNTRY CLUB DE NITEROI,RUA CHILE 135
2018,199,30,1,15,FELIPE PEIXOTO,1082,ESCOLA MUNICIPAL UMEI DR PAULO CESAR DE ALMEIDA PIMENTEL,RUA ANTONIO LUIZ SAIÃO CAMPO BELO
2018,199,31,1,9,FELIPE PEIXOTO,1082,ESCOLA MUNICIPAL UMEI DR PAULO CESAR DE ALMEIDA PIMENTEL,RUA ANTONIO LUIZ SAIÃO CAMPO BELO
2018,199,32,1,5,FELIPE PEIXOTO,1082,ESCOLA MUNICIPAL UMEI DR PAULO CESAR DE ALMEIDA PIMENTEL,RUA ANTONIO LUIZ SAIÃO CAMPO BELO
2018,199,33,1,9,FELIPE PEIXOTO,1082,ESCOLA MUNICIPAL UMEI DR PAULO CESAR DE ALMEIDA PIMENTEL,RUA ANTONIO LUIZ SAIÃO CAMPO BELO
2018,199,34,1,15,FELIPE PEIXOTO,1090,ESCOLA ESTADUAL PROF. ALCINA RODRIGUES LIMA,"ESTRADA FRANCISCO DA CRUZ NUNES, S/N"
2018,199,35,1,11,FELIPE PEIXOTO,1090,ESCOLA ESTADUAL PROF. ALCINA RODRIGUES LIMA,"ESTRADA FRANCISCO DA CRUZ NUNES, S/N"
2018,199,36,1,9,FELIPE PEIXOTO,1090,ESCOLA ESTADUAL PROF. ALCINA RODRIGUES LIMA,"ESTRADA FRANCISCO DA CRUZ NUNES, S/N"
2018,199,37,1,12,FELIPE PEIXOTO,1090,ESCOLA ESTADUAL PROF. ALCINA RODRIGUES LIMA,"ESTRADA FRANCISCO DA CRUZ NUNES, S/N"
2018,199,38,1,14,FELIPE PEIXOTO,1090,ESCOLA ESTADUAL PROF. ALCINA RODRIGUES LIMA,"ESTRADA FRANCISCO DA CRUZ NUNES, S/N"
2018,199,39,1,10,FELIPE PEIXOTO,1090,ESCOLA ESTADUAL PROF. ALCINA RODRIGUES LIMA,"ESTRADA FRANCISCO DA CRUZ NUNES, S/N"
2018,199,4,1,8,FELIPE PEIXOTO,1023,ESCOLA ESTADUAL FELISBERTO DE CARVALHO,ESTRADA CAETANO MONTEIRO 896
2018,199,40,1,13,FELIPE PEIXOTO,1090,ESCOLA ESTADUAL PROF. ALCINA RODRIGUES LIMA,"ESTRADA FRANCISCO DA CRUZ NUNES, S/N"
2018,199,41,1,18,FELIPE PEIXOTO,1090,ESCOLA ESTADUAL PROF. ALCINA RODRIGUES LIMA,"ESTRADA FRANCISCO DA CRUZ NUNES, S/N"
2018,199,42,1,7,FELIPE PEIXOTO,1082,ESCOLA MUNICIPAL UMEI DR PAULO CESAR DE ALMEIDA PIMENTEL,RUA ANTONIO LUIZ SAIÃO CAMPO BELO
2018,199,43,1,9,FELIPE PEIXOTO,1082,ESCOLA MUNICIPAL UMEI DR PAULO CESAR DE ALMEIDA PIMENTEL,RUA ANTONIO LUIZ SAIÃO CAMPO BELO
2018,199,44,1,11,FELIPE PEIXOTO,1082,ESCOLA MUNICIPAL UMEI DR PAULO CESAR DE ALMEIDA PIMENTEL,RUA ANTONIO LUIZ SAIÃO CAMPO BELO
2018,199,45,1,26,FELIPE PEIXOTO,1112,COLÉGIO SALESIANO REGIÃO OCEÂNICA,"RUA DOUTOR CORNÉLIO DE MELLO JÚNIOR, 117"
2018,199,46,1,17,FELIPE PEIXOTO,1112,COLÉGIO SALESIANO REGIÃO OCEÂNICA,"RUA DOUTOR CORNÉLIO DE MELLO JÚNIOR, 117"
2018,199,47,1,21,FELIPE PEIXOTO,1112,COLÉGIO SALESIANO REGIÃO OCEÂNICA,"RUA DOUTOR CORNÉLIO DE MELLO JÚNIOR, 117"
2018,199,48,1,27,FELIPE PEIXOTO,1112,COLÉGIO SALESIANO REGIÃO OCEÂNICA,"RUA DOUTOR CORNÉLIO DE MELLO JÚNIOR, 117"
2018,199,49,1,20,FELIPE PEIXOTO,1120,ESCOLA ESTADUAL ALMIRANTE TAMANDARE,AV. ACURCIO TORRES S/N
2018,199,5,1,7,FELIPE PEIXOTO,1023,ESCOLA ESTADUAL FELISBERTO DE CARVALHO,ESTRADA CAETANO MONTEIRO 896
2018,199,50,1,26,FELIPE PEIXOTO,1120,ESCOLA ESTADUAL ALMIRANTE TAMANDARE,AV. ACURCIO TORRES S/N
2018,199,51,1,16,FELIPE PEIXOTO,1139,ESCOLA MUNICIPAL FRANCISCO PORTUGAL NEVES,"RUA MANOEL PACHECO DE CARVALHO, N 14 TREVO DE PIRATININGA"
2018,199,52,1,19,FELIPE PEIXOTO,1139,ESCOLA MUNICIPAL FRANCISCO PORTUGAL NEVES,"RUA MANOEL PACHECO DE CARVALHO, N 14 TREVO DE PIRATININGA"
2018,199,53,1,19,FELIPE PEIXOTO,1139,ESCOLA MUNICIPAL FRANCISCO PORTUGAL NEVES,"RUA MANOEL PACHECO DE CARVALHO, N 14 TREVO DE PIRATININGA"
2018,199,54,1,14,FELIPE PEIXOTO,1139,ESCOLA MUNICIPAL FRANCISCO PORTUGAL NEVES,"RUA MANOEL PACHECO DE CARVALHO, N 14 TREVO DE PIRATININGA"
2018,199,55,1,15,FELIPE PEIXOTO,1139,ESCOLA MUNICIPAL FRANCISCO PORTUGAL NEVES,"RUA MANOEL PACHECO DE CARVALHO, N 14 TREVO DE PIRATININGA"
2018,199,56,1,13,FELIPE PEIXOTO,1139,ESCOLA MUNICIPAL FRANCISCO PORTUGAL NEVES,"RUA MANOEL PACHECO DE CARVALHO, N 14 TREVO DE PIRATININGA"
2018,199,57,1,10,FELIPE PEIXOTO,1139,ESCOLA MUNICIPAL FRANCISCO PORTUGAL NEVES,"RUA MANOEL PACHECO DE CARVALHO, N 14 TREVO DE PIRATININGA"
2018,199,58,1,14,FELIPE PEIXOTO,1120,ESCOLA ESTADUAL ALMIRANTE TAMANDARE,AV. ACURCIO TORRES S/N
2018,199,59,1,18,FELIPE PEIXOTO,1120,ESCOLA ESTADUAL ALMIRANTE TAMANDARE,AV. ACURCIO TORRES S/N
2018,199,6,1,6,FELIPE PEIXOTO,1023,ESCOLA ESTADUAL FELISBERTO DE CARVALHO,ESTRADA CAETANO MONTEIRO 896
2018,199,60,1,8,FELIPE PEIXOTO,1120,ESCOLA ESTADUAL ALMIRANTE TAMANDARE,AV. ACURCIO TORRES S/N
2018,199,61,1,20,FELIPE PEIXOTO,1120,ESCOLA ESTADUAL ALMIRANTE TAMANDARE,AV. ACURCIO TORRES S/N
2018,199,62,1,9,FELIPE PEIXOTO,1120,ESCOLA ESTADUAL ALMIRANTE TAMANDARE,AV. ACURCIO TORRES S/N
2018,199,63,1,7,FELIPE PEIXOTO,1120,ESCOLA ESTADUAL ALMIRANTE TAMANDARE,AV. ACURCIO TORRES S/N
2018,199,64,1,14,FELIPE PEIXOTO,1155,COLEGIO ITAPUCA,"AV. ERNANI DE FARIAS ALVES, N 124 TREVO DE PIRATININGA"
2018,199,65,1,15,FELIPE PEIXOTO,1155,COLEGIO ITAPUCA,"AV. ERNANI DE FARIAS ALVES, N 124 TREVO DE PIRATININGA"
2018,199,66,1,17,FELIPE PEIXOTO,1155,COLEGIO ITAPUCA,"AV. ERNANI DE FARIAS ALVES, N 124 TREVO DE PIRATININGA"
2018,199,67,1,12,FELIPE PEIXOTO,1155,COLEGIO ITAPUCA,"AV. ERNANI DE FARIAS ALVES, N 124 TREVO DE PIRATININGA"
2018,199,68,1,1,FELIPE PEIXOTO,1163,ANDEF (EX FAETEC),ESTRADA VELHA DE MARICA 4830
2018,199,7,1,12,FELIPE PEIXOTO,1023,ESCOLA ESTADUAL FELISBERTO DE CARVALHO,ESTRADA CAETANO MONTEIRO 896
2018,199,70,1,2,FELIPE PEIXOTO,1163,ANDEF (EX FAETEC),ESTRADA VELHA DE MARICA 4830
2018,199,71,1,13,FELIPE PEIXOTO,1171,ESCOLA ESTADUAL SOUZA SOARES,RODOVIA AMARAL PEIXOTO KM 10
2018,199,72,1,1,FELIPE PEIXOTO,1163,ANDEF (EX FAETEC),ESTRADA VELHA DE MARICA 4830
2018,199,73,1,2,FELIPE PEIXOTO,1163,ANDEF (EX FAETEC),ESTRADA VELHA DE MARICA 4830
2018,199,74,1,3,FELIPE PEIXOTO,1163,ANDEF (EX FAETEC),ESTRADA VELHA DE MARICA 4830
2018,199,75,1,7,FELIPE PEIXOTO,1198,ESCOLA ESTADUAL RUI FRAZAO SOARES - CIEP 448,ESTRADA DO ENGENHO DO MATO S/N - PRACA
2018,199,76,1,15,FELIPE PEIXOTO,1198,ESCOLA ESTADUAL RUI FRAZAO SOARES - CIEP 448,ESTRADA DO ENGENHO DO MATO S/N - PRACA
2018,199,77,1,18,FELIPE PEIXOTO,1317,COLÉGIO PAULO FREIRE,"AVENIDA IRENE LOPES SODRÉ, N22"
2018,199,78,1,3,FELIPE PEIXOTO,1163,ANDEF (EX FAETEC),ESTRADA VELHA DE MARICA 4830
2018,199,79,1,22,FELIPE PEIXOTO,1244,CURSO LAPLACE,"RUA MANOEL PACHECO DE CARVALHO, N 80"
2018,199,8,1,11,FELIPE PEIXOTO,1023,ESCOLA ESTADUAL FELISBERTO DE CARVALHO,ESTRADA CAETANO MONTEIRO 896
2018,199,80,1,12,FELIPE PEIXOTO,1244,CURSO LAPLACE,"RUA MANOEL PACHECO DE CARVALHO, N 80"
2018,199,81,1,14,FELIPE PEIXOTO,1244,CURSO LAPLACE,"RUA MANOEL PACHECO DE CARVALHO, N 80"
2018,199,82,1,6,FELIPE PEIXOTO,1252,CIEP 307 -  DJANIRA,AV. EWERTON XAVIER S/N - PRACA
2018,199,83,1,8,FELIPE PEIXOTO,1252,CIEP 307 -  DJANIRA,AV. EWERTON XAVIER S/N - PRACA
2018,199,84,1,3,FELIPE PEIXOTO,1252,CIEP 307 -  DJANIRA,AV. EWERTON XAVIER S/N - PRACA
2018,199,85,1,4,FELIPE PEIXOTO,1252,CIEP 307 -  DJANIRA,AV. EWERTON XAVIER S/N - PRACA
2018,199,86,1,8,FELIPE PEIXOTO,1252,CIEP 307 -  DJANIRA,AV. EWERTON XAVIER S/N - PRACA
2018,199,87,1,5,FELIPE PEIXOTO,1252,CIEP 307 -  DJANIRA,AV. EWERTON XAVIER S/N - PRACA
2018,199,88,1,9,FELIPE PEIXOTO,1015,COUNTRY CLUB DE NITEROI,RUA CHILE 135
2018,199,9,1,10,FELIPE PEIXOTO,1031,ESCOLA MUNICIPAL HONORINA DE CARVALHO,RUA PROF. JOSE PECANHA S/N
2018,199,90,1,8,FELIPE PEIXOTO,1082,ESCOLA MUNICIPAL UMEI DR PAULO CESAR DE ALMEIDA PIMENTEL,RUA ANTONIO LUIZ SAIÃO CAMPO BELO
2018,199,91,1,17,FELIPE PEIXOTO,1244,CURSO LAPLACE,"RUA MANOEL PACHECO DE CARVALHO, N 80"
2018,199,92,1,14,FELIPE PEIXOTO,1120,ESCOLA ESTADUAL ALMIRANTE TAMANDARE,AV. ACURCIO TORRES S/N
2018,199,93,1,18,FELIPE PEIXOTO,1317,COLÉGIO PAULO FREIRE,"AVENIDA IRENE LOPES SODRÉ, N22"
2018,199,94,1,6,FELIPE PEIXOTO,1031,ESCOLA MUNICIPAL HONORINA DE CARVALHO,RUA PROF. JOSE PECANHA S/N
2018,199,95,1,9,FELIPE PEIXOTO,1031,ESCOLA MUNICIPAL HONORINA DE CARVALHO,RUA PROF. JOSE PECANHA S/N
2018,199,97,1,15,FELIPE PEIXOTO,1074,COLÉGIO GAUSS EM ITAIPU,AVENIDA FREI FABIANO N 155 LOT SANTO ANTÔNIO ITAIPU
2018,199,98,1,9,FELIPE PEIXOTO,1244,CURSO LAPLACE,"RUA MANOEL PACHECO DE CARVALHO, N 80"
2018,199,99,1,11,FELIPE PEIXOTO,1082,ESCOLA MUNICIPAL UMEI DR PAULO CESAR DE ALMEIDA PIMENTEL,RUA ANTONIO LUIZ SAIÃO CAMPO BELO
2018,71,1,1,26,FELIPE PEIXOTO,1015,CENTRO EDUCACIONAL DE NITEROI - CENTRINHO,RUA ITAGUAI 173
2018,71,100,1,9,FELIPE PEIXOTO,1309,CURSO MARLY CURY,AV. SETE DE SETEMBRO 165
2018,71,101,1,6,FELIPE PEIXOTO,1309,CURSO MARLY CURY,AV. SETE DE SETEMBRO 165
2018,71,102,1,9,FELIPE PEIXOTO,1309,CURSO MARLY CURY,AV. SETE DE SETEMBRO 165
2018,71,103,1,15,FELIPE PEIXOTO,1309,CURSO MARLY CURY,AV. SETE DE SETEMBRO 165
2018,71,104,1,8,FELIPE PEIXOTO,1317,ESCOLA ESTADUAL BALTHAZAR BERNARDINO,RUA MARIZ E BARROS 444
2018,71,105,1,6,FELIPE PEIXOTO,1317,ESCOLA ESTADUAL BALTHAZAR BERNARDINO,RUA MARIZ E BARROS 444
2018,71,106,1,11,FELIPE PEIXOTO,1325,ESCOLA ESTADUAL GUILHERME BRIGGS,RUA MARIO VIANNA 625
2018,71,107,1,11,FELIPE PEIXOTO,1325,ESCOLA ESTADUAL GUILHERME BRIGGS,RUA MARIO VIANNA 625
2018,71,108,1,8,FELIPE PEIXOTO,1325,ESCOLA ESTADUAL GUILHERME BRIGGS,RUA MARIO VIANNA 625
2018,71,109,1,10,FELIPE PEIXOTO,1325,ESCOLA ESTADUAL GUILHERME BRIGGS,RUA MARIO VIANNA 625
2018,71,110,1,11,FELIPE PEIXOTO,1325,ESCOLA ESTADUAL GUILHERME BRIGGS,RUA MARIO VIANNA 625
2018,71,111,1,10,FELIPE PEIXOTO,1325,ESCOLA ESTADUAL GUILHERME BRIGGS,RUA MARIO VIANNA 625
2018,71,112,1,9,FELIPE PEIXOTO,1325,ESCOLA ESTADUAL GUILHERME BRIGGS,RUA MARIO VIANNA 625
2018,71,113,1,10,FELIPE PEIXOTO,1325,ESCOLA ESTADUAL GUILHERME BRIGGS,RUA MARIO VIANNA 625
2018,71,114,1,6,FELIPE PEIXOTO,1325,ESCOLA ESTADUAL GUILHERME BRIGGS,RUA MARIO VIANNA 625
2018,71,115,1,10,FELIPE PEIXOTO,1325,ESCOLA ESTADUAL GUILHERME BRIGGS,RUA MARIO VIANNA 625
2018,71,116,1,9,FELIPE PEIXOTO,1333,PARÓQUIA NOSSA SENHORA AUXILIADORA - CENTRO COMUNITÁRIO,"RUA SANTA ROSA, 216"
2018,71,117,1,14,FELIPE PEIXOTO,1333,PARÓQUIA NOSSA SENHORA AUXILIADORA - CENTRO COMUNITÁRIO,"RUA SANTA ROSA, 216"
2018,71,118,1,12,FELIPE PEIXOTO,1309,CURSO MARLY CURY,AV. SETE DE SETEMBRO 165
2018,71,119,1,6,FELIPE PEIXOTO,1309,CURSO MARLY CURY,AV. SETE DE SETEMBRO 165
2018,71,120,1,6,FELIPE PEIXOTO,1333,PARÓQUIA NOSSA SENHORA AUXILIADORA - CENTRO COMUNITÁRIO,"RUA SANTA ROSA, 216"
2018,71,121,1,13,FELIPE PEIXOTO,1333,PARÓQUIA NOSSA SENHORA AUXILIADORA - CENTRO COMUNITÁRIO,"RUA SANTA ROSA, 216"
2018,71,122,1,8,FELIPE PEIXOTO,1333,PARÓQUIA NOSSA SENHORA AUXILIADORA - CENTRO COMUNITÁRIO,"RUA SANTA ROSA, 216"
2018,71,123,1,10,FELIPE PEIXOTO,1368,INSTITUTO SÃO JOSÉ,RUA GERALDO MARTINS 166
2018,71,124,1,8,FELIPE PEIXOTO,1368,INSTITUTO SÃO JOSÉ,RUA GERALDO MARTINS 166
2018,71,125,1,9,FELIPE PEIXOTO,1368,INSTITUTO SÃO JOSÉ,RUA GERALDO MARTINS 166
2018,71,130,1,6,FELIPE PEIXOTO,1392,FACULDADE DE VETERINARIA DA UFF,RUA VITAL BRASIL FILHO 64
2018,71,131,1,11,FELIPE PEIXOTO,1392,FACULDADE DE VETERINARIA DA UFF,RUA VITAL BRASIL FILHO 64
2018,71,132,1,8,FELIPE PEIXOTO,1392,FACULDADE DE VETERINARIA DA UFF,RUA VITAL BRASIL FILHO 64
2018,71,133,1,10,FELIPE PEIXOTO,1392,FACULDADE DE VETERINARIA DA UFF,RUA VITAL BRASIL FILHO 64
2018,71,134,1,9,FELIPE PEIXOTO,1392,FACULDADE DE VETERINARIA DA UFF,RUA VITAL BRASIL FILHO 64
2018,71,135,1,10,FELIPE PEIXOTO,1392,FACULDADE DE VETERINARIA DA UFF,RUA VITAL BRASIL FILHO 64
2018,71,136,1,29,FELIPE PEIXOTO,1015,CENTRO EDUCACIONAL DE NITEROI - CENTRINHO,RUA ITAGUAI 173
2018,71,138,1,11,FELIPE PEIXOTO,1260,INSTITUTO ABEL,AV. ROBERTO SILVEIRA 29
2018,71,140,1,10,FELIPE PEIXOTO,1244,ESCOLA ESTADUAL MANUEL DE ABREU,RUA LOPES TROVAO 287-A
2018,71,142,1,6,FELIPE PEIXOTO,1295,COLEGIO SALESIANO SANTA ROSA,RUA SANTA ROSA 207
2018,71,143,1,7,FELIPE PEIXOTO,1317,ESCOLA ESTADUAL BALTHAZAR BERNARDINO,RUA MARIZ E BARROS 444
2018,71,144,1,8,FELIPE PEIXOTO,1325,ESCOLA ESTADUAL GUILHERME BRIGGS,RUA MARIO VIANNA 625
2018,71,145,1,11,FELIPE PEIXOTO,1317,ESCOLA ESTADUAL BALTHAZAR BERNARDINO,RUA MARIZ E BARROS 444
2018,71,146,1,15,FELIPE PEIXOTO,1368,INSTITUTO SÃO JOSÉ,RUA GERALDO MARTINS 166
2018,71,150,1,11,FELIPE PEIXOTO,1333,PARÓQUIA NOSSA SENHORA AUXILIADORA - CENTRO COMUNITÁRIO,"RUA SANTA ROSA, 216"
2018,71,151,1,9,FELIPE PEIXOTO,1104,INSTITUTO MAIA VINAGRE,RUA NORONHA TORREZÃO 68
2018,71,153,1,42,FELIPE PEIXOTO,1015,CENTRO EDUCACIONAL DE NITEROI - CENTRINHO,RUA ITAGUAI 173
2018,71,156,1,9,FELIPE PEIXOTO,1309,CURSO MARLY CURY,AV. SETE DE SETEMBRO 165
2018,71,157,1,14,FELIPE PEIXOTO,1260,INSTITUTO ABEL,AV. ROBERTO SILVEIRA 29
2018,71,158,1,11,FELIPE PEIXOTO,1392,FACULDADE DE VETERINARIA DA UFF,RUA VITAL BRASIL FILHO 64
2018,71,160,1,7,FELIPE PEIXOTO,1333,PARÓQUIA NOSSA SENHORA AUXILIADORA - CENTRO COMUNITÁRIO,"RUA SANTA ROSA, 216"
2018,71,161,1,13,FELIPE PEIXOTO,1392,FACULDADE DE VETERINARIA DA UFF,RUA VITAL BRASIL FILHO 64
2018,71,167,1,12,FELIPE PEIXOTO,1368,INSTITUTO SÃO JOSÉ,RUA GERALDO MARTINS 166
2018,71,168,1,9,FELIPE PEIXOTO,1244,ESCOLA ESTADUAL MANUEL DE ABREU,RUA LOPES TROVAO 287-A
2018,71,171,1,11,FELIPE PEIXOTO,1295,COLEGIO SALESIANO SANTA ROSA,RUA SANTA ROSA 207
2018,71,172,1,10,FELIPE PEIXOTO,1325,ESCOLA ESTADUAL GUILHERME BRIGGS,RUA MARIO VIANNA 625
2018,71,174,1,9,FELIPE PEIXOTO,1333,PARÓQUIA NOSSA SENHORA AUXILIADORA - CENTRO COMUNITÁRIO,"RUA SANTA ROSA, 216"
2018,71,175,1,8,FELIPE PEIXOTO,1309,CURSO MARLY CURY,AV. SETE DE SETEMBRO 165
2018,71,178,1,16,FELIPE PEIXOTO,1104,INSTITUTO MAIA VINAGRE,RUA NORONHA TORREZÃO 68
2018,71,179,1,15,FELIPE PEIXOTO,1392,FACULDADE DE VETERINARIA DA UFF,RUA VITAL BRASIL FILHO 64
2018,71,182,1,9,FELIPE PEIXOTO,1333,PARÓQUIA NOSSA SENHORA AUXILIADORA - CENTRO COMUNITÁRIO,"RUA SANTA ROSA, 216"
2018,71,183,1,13,FELIPE PEIXOTO,1104,INSTITUTO MAIA VINAGRE,RUA NORONHA TORREZÃO 68
2018,71,185,1,7,FELIPE PEIXOTO,1244,ESCOLA ESTADUAL MANUEL DE ABREU,RUA LOPES TROVAO 287-A
2018,71,186,1,7,FELIPE PEIXOTO,1392,FACULDADE DE VETERINARIA DA UFF,RUA VITAL BRASIL FILHO 64
2018,71,189,1,10,FELIPE PEIXOTO,1317,ESCOLA ESTADUAL BALTHAZAR BERNARDINO,RUA MARIZ E BARROS 444
2018,71,190,1,13,FELIPE PEIXOTO,1260,INSTITUTO ABEL,AV. ROBERTO SILVEIRA 29
2018,71,191,1,6,FELIPE PEIXOTO,1309,CURSO MARLY CURY,AV. SETE DE SETEMBRO 165
2018,71,192,1,5,FELIPE PEIXOTO,1392,FACULDADE DE VETERINARIA DA UFF,RUA VITAL BRASIL FILHO 64
2018,71,193,1,10,FELIPE PEIXOTO,1325,ESCOLA ESTADUAL GUILHERME BRIGGS,RUA MARIO VIANNA 625
2018,71,194,1,12,FELIPE PEIXOTO,1295,COLEGIO SALESIANO SANTA ROSA,RUA SANTA ROSA 207
2018,71,195,1,13,FELIPE PEIXOTO,1368,INSTITUTO SÃO JOSÉ,RUA GERALDO MARTINS 166
2018,71,196,1,6,FELIPE PEIXOTO,1392,FACULDADE DE VETERINARIA DA UFF,RUA VITAL BRASIL FILHO 64
2018,71,197,1,27,FELIPE PEIXOTO,1015,CENTRO EDUCACIONAL DE NITEROI - CENTRINHO,RUA ITAGUAI 173
2018,71,198,1,9,FELIPE PEIXOTO,1260,INSTITUTO ABEL,AV. ROBERTO SILVEIRA 29
2018,71,199,1,4,FELIPE PEIXOTO,1317,ESCOLA ESTADUAL BALTHAZAR BERNARDINO,RUA MARIZ E BARROS 444
2018,71,2,1,35,FELIPE PEIXOTO,1015,CENTRO EDUCACIONAL DE NITEROI - CENTRINHO,RUA ITAGUAI 173
2018,71,200,1,10,FELIPE PEIXOTO,1392,FACULDADE DE VETERINARIA DA UFF,RUA VITAL BRASIL FILHO 64
2018,71,201,1,13,FELIPE PEIXOTO,1260,INSTITUTO ABEL,AV. ROBERTO SILVEIRA 29
2018,71,202,1,5,FELIPE PEIXOTO,1325,ESCOLA ESTADUAL GUILHERME BRIGGS,RUA MARIO VIANNA 625
2018,71,203,1,8,FELIPE PEIXOTO,1260,INSTITUTO ABEL,AV. ROBERTO SILVEIRA 29
2018,71,204,1,10,FELIPE PEIXOTO,1295,COLEGIO SALESIANO SANTA ROSA,RUA SANTA ROSA 207
2018,71,205,1,12,FELIPE PEIXOTO,1317,ESCOLA ESTADUAL BALTHAZAR BERNARDINO,RUA MARIZ E BARROS 444
2018,71,206,1,9,FELIPE PEIXOTO,1260,INSTITUTO ABEL,AV. ROBERTO SILVEIRA 29
2018,71,207,1,5,FELIPE PEIXOTO,1325,ESCOLA ESTADUAL GUILHERME BRIGGS,RUA MARIO VIANNA 625
2018,71,208,1,8,FELIPE PEIXOTO,1244,ESCOLA ESTADUAL MANUEL DE ABREU,RUA LOPES TROVAO 287-A
2018,71,209,1,6,FELIPE PEIXOTO,1368,INSTITUTO SÃO JOSÉ,RUA GERALDO MARTINS 166
2018,71,210,1,11,FELIPE PEIXOTO,1309,CURSO MARLY CURY,AV. SETE DE SETEMBRO 165
2018,71,211,1,9,FELIPE PEIXOTO,1392,FACULDADE DE VETERINARIA DA UFF,RUA VITAL BRASIL FILHO 64
2018,71,212,1,7,FELIPE PEIXOTO,1260,INSTITUTO ABEL,AV. ROBERTO SILVEIRA 29
2018,71,213,1,7,FELIPE PEIXOTO,1295,COLEGIO SALESIANO SANTA ROSA,RUA SANTA ROSA 207
2018,71,214,1,11,FELIPE PEIXOTO,1309,CURSO MARLY CURY,AV. SETE DE SETEMBRO 165
2018,71,215,1,3,FELIPE PEIXOTO,1260,INSTITUTO ABEL,AV. ROBERTO SILVEIRA 29
2018,71,216,1,8,FELIPE PEIXOTO,1368,INSTITUTO SÃO JOSÉ,RUA GERALDO MARTINS 166
2018,71,217,1,3,FELIPE PEIXOTO,1414,UNIVERSIDADE SALGADO DE OLIVEIRA - BL B (PRÓXIMO AO GUANABARA),RUA MARECHAL DEODORO 263
2018,71,218,1,2,FELIPE PEIXOTO,1414,UNIVERSIDADE SALGADO DE OLIVEIRA - BL B (PRÓXIMO AO GUANABARA),RUA MARECHAL DEODORO 263
2018,71,219,1,2,FELIPE PEIXOTO,1414,UNIVERSIDADE SALGADO DE OLIVEIRA - BL B (PRÓXIMO AO GUANABARA),RUA MARECHAL DEODORO 263
2018,71,220,1,3,FELIPE PEIXOTO,1414,UNIVERSIDADE SALGADO DE OLIVEIRA - BL B (PRÓXIMO AO GUANABARA),RUA MARECHAL DEODORO 263
2018,71,221,1,5,FELIPE PEIXOTO,1414,UNIVERSIDADE SALGADO DE OLIVEIRA - BL B (PRÓXIMO AO GUANABARA),RUA MARECHAL DEODORO 263
2018,71,222,1,1,FELIPE PEIXOTO,1414,UNIVERSIDADE SALGADO DE OLIVEIRA - BL B (PRÓXIMO AO GUANABARA),RUA MARECHAL DEODORO 263
2018,71,223,1,3,FELIPE PEIXOTO,1414,UNIVERSIDADE SALGADO DE OLIVEIRA - BL B (PRÓXIMO AO GUANABARA),RUA MARECHAL DEODORO 263
2018,71,224,1,2,FELIPE PEIXOTO,1414,UNIVERSIDADE SALGADO DE OLIVEIRA - BL B (PRÓXIMO AO GUANABARA),RUA MARECHAL DEODORO 263
2018,71,225,1,14,FELIPE PEIXOTO,1422,CLUBE PORTUGUES DE NITEROI,RUA PROFESSOR LARA VILELA 176
2018,71,226,1,10,FELIPE PEIXOTO,1422,CLUBE PORTUGUES DE NITEROI,RUA PROFESSOR LARA VILELA 176
2018,71,227,1,11,FELIPE PEIXOTO,1422,CLUBE PORTUGUES DE NITEROI,RUA PROFESSOR LARA VILELA 176
2018,71,228,1,10,FELIPE PEIXOTO,1422,CLUBE PORTUGUES DE NITEROI,RUA PROFESSOR LARA VILELA 176
2018,71,229,1,11,FELIPE PEIXOTO,1422,CLUBE PORTUGUES DE NITEROI,RUA PROFESSOR LARA VILELA 176
2018,71,230,1,16,FELIPE PEIXOTO,1422,CLUBE PORTUGUES DE NITEROI,RUA PROFESSOR LARA VILELA 176
2018,71,231,1,2,FELIPE PEIXOTO,1430,COLEGIO ESTADUAL AURELINO LEAL,RUA PRESIDENTE PEDREIRA 79
2018,71,232,1,2,FELIPE PEIXOTO,1430,COLEGIO ESTADUAL AURELINO LEAL,RUA PRESIDENTE PEDREIRA 79
2018,71,233,1,8,FELIPE PEIXOTO,1430,COLEGIO ESTADUAL AURELINO LEAL,RUA PRESIDENTE PEDREIRA 79
2018,71,234,1,6,FELIPE PEIXOTO,1430,COLEGIO ESTADUAL AURELINO LEAL,RUA PRESIDENTE PEDREIRA 79
2018,71,235,1,2,FELIPE PEIXOTO,1430,COLEGIO ESTADUAL AURELINO LEAL,RUA PRESIDENTE PEDREIRA 79
2018,71,236,1,11,FELIPE PEIXOTO,1430,COLEGIO ESTADUAL AURELINO LEAL,RUA PRESIDENTE PEDREIRA 79
2018,71,237,1,2,FELIPE PEIXOTO,1430,COLEGIO ESTADUAL AURELINO LEAL,RUA PRESIDENTE PEDREIRA 79
2018,71,238,1,8,FELIPE PEIXOTO,1430,COLEGIO ESTADUAL AURELINO LEAL,RUA PRESIDENTE PEDREIRA 79
2018,71,239,1,7,FELIPE PEIXOTO,1449,COLÉGIO ESTADUAL ZULEIKA RAPÔSO VALLADARES (COLÉGIO VELHO),RUA SALO BRAND S/N
2018,71,240,1,5,FELIPE PEIXOTO,1449,COLÉGIO ESTADUAL ZULEIKA RAPÔSO VALLADARES (COLÉGIO VELHO),RUA SALO BRAND S/N
2018,71,241,1,8,FELIPE PEIXOTO,1449,COLÉGIO ESTADUAL ZULEIKA RAPÔSO VALLADARES (COLÉGIO VELHO),RUA SALO BRAND S/N
2018,71,242,1,4,FELIPE PEIXOTO,1449,COLÉGIO ESTADUAL ZULEIKA RAPÔSO VALLADARES (COLÉGIO VELHO),RUA SALO BRAND S/N
2018,71,243,1,5,FELIPE PEIXOTO,1449,COLÉGIO ESTADUAL ZULEIKA RAPÔSO VALLADARES (COLÉGIO VELHO),RUA SALO BRAND S/N
2018,71,244,1,7,FELIPE PEIXOTO,1449,COLÉGIO ESTADUAL ZULEIKA RAPÔSO VALLADARES (COLÉGIO VELHO),RUA SALO BRAND S/N
2018,71,245,1,3,FELIPE PEIXOTO,1449,COLÉGIO ESTADUAL ZULEIKA RAPÔSO VALLADARES (COLÉGIO VELHO),RUA SALO BRAND S/N
2018,71,246,1,9,FELIPE PEIXOTO,1457,ÁGUAS DE NITEROI,RUA MARQUÊS DO PARANÁ 108/110
2018,71,247,1,7,FELIPE PEIXOTO,1457,ÁGUAS DE NITEROI,RUA MARQUÊS DO PARANÁ 108/110
2018,71,248,1,7,FELIPE PEIXOTO,1457,ÁGUAS DE NITEROI,RUA MARQUÊS DO PARANÁ 108/110
2018,71,249,1,8,FELIPE PEIXOTO,1457,ÁGUAS DE NITEROI,RUA MARQUÊS DO PARANÁ 108/110
2018,71,250,1,5,FELIPE PEIXOTO,1465,CENTRO UNIVERSITÁRIO ANHANGUERA (ANTIGO PLÍNIO LEITE),RUA VISCONDE DO RIO BRANCO 123
2018,71,251,1,7,FELIPE PEIXOTO,1465,CENTRO UNIVERSITÁRIO ANHANGUERA (ANTIGO PLÍNIO LEITE),RUA VISCONDE DO RIO BRANCO 123
2018,71,252,1,3,FELIPE PEIXOTO,1465,CENTRO UNIVERSITÁRIO ANHANGUERA (ANTIGO PLÍNIO LEITE),RUA VISCONDE DO RIO BRANCO 123
2018,71,253,1,2,FELIPE PEIXOTO,1465,CENTRO UNIVERSITÁRIO ANHANGUERA (ANTIGO PLÍNIO LEITE),RUA VISCONDE DO RIO BRANCO 123
2018,71,254,1,5,FELIPE PEIXOTO,1465,CENTRO UNIVERSITÁRIO ANHANGUERA (ANTIGO PLÍNIO LEITE),RUA VISCONDE DO RIO BRANCO 123
2018,71,255,1,5,FELIPE PEIXOTO,1465,CENTRO UNIVERSITÁRIO ANHANGUERA (ANTIGO PLÍNIO LEITE),RUA VISCONDE DO RIO BRANCO 123
2018,71,256,1,1,FELIPE PEIXOTO,1465,CENTRO UNIVERSITÁRIO ANHANGUERA (ANTIGO PLÍNIO LEITE),RUA VISCONDE DO RIO BRANCO 123
2018,71,257,1,5,FELIPE PEIXOTO,1465,CENTRO UNIVERSITÁRIO ANHANGUERA (ANTIGO PLÍNIO LEITE),RUA VISCONDE DO RIO BRANCO 123
2018,71,258,1,3,FELIPE PEIXOTO,1465,CENTRO UNIVERSITÁRIO ANHANGUERA (ANTIGO PLÍNIO LEITE),RUA VISCONDE DO RIO BRANCO 123
2018,71,259,1,4,FELIPE PEIXOTO,1465,CENTRO UNIVERSITÁRIO ANHANGUERA (ANTIGO PLÍNIO LEITE),RUA VISCONDE DO RIO BRANCO 123
2018,71,260,1,3,FELIPE PEIXOTO,1465,CENTRO UNIVERSITÁRIO ANHANGUERA (ANTIGO PLÍNIO LEITE),RUA VISCONDE DO RIO BRANCO 123
2018,71,261,1,3,FELIPE PEIXOTO,1465,CENTRO UNIVERSITÁRIO ANHANGUERA (ANTIGO PLÍNIO LEITE),RUA VISCONDE DO RIO BRANCO 123
2018,71,262,1,2,FELIPE PEIXOTO,1465,CENTRO UNIVERSITÁRIO ANHANGUERA (ANTIGO PLÍNIO LEITE),RUA VISCONDE DO RIO BRANCO 123
2018,71,263,1,6,FELIPE PEIXOTO,1473,FACULDADE DE DIREITO DA UFF - UFF - DIREITO 2,RUA TIRADENTES 17
2018,71,264,1,3,FELIPE PEIXOTO,1473,FACULDADE DE DIREITO DA UFF - UFF - DIREITO 2,RUA TIRADENTES 17
2018,71,265,1,7,FELIPE PEIXOTO,1473,FACULDADE DE DIREITO DA UFF - UFF - DIREITO 2,RUA TIRADENTES 17
2018,71,266,1,5,FELIPE PEIXOTO,1473,FACULDADE DE DIREITO DA UFF - UFF - DIREITO 2,RUA TIRADENTES 17
2018,71,267,1,4,FELIPE PEIXOTO,1473,FACULDADE DE DIREITO DA UFF - UFF - DIREITO 2,RUA TIRADENTES 17
2018,71,268,1,5,FELIPE PEIXOTO,1473,FACULDADE DE DIREITO DA UFF - UFF - DIREITO 2,RUA TIRADENTES 17
2018,71,269,1,9,FELIPE PEIXOTO,1481,ESCOLA MUNICIPAL MAESTRO HEITOR VILLA-LOBOS (COLÉGIO NOVO),RUA SALO BRAND S/N
2018,71,27,1,22,FELIPE PEIXOTO,1104,INSTITUTO MAIA VINAGRE,RUA NORONHA TORREZÃO 68
2018,71,270,1,5,FELIPE PEIXOTO,1481,ESCOLA MUNICIPAL MAESTRO HEITOR VILLA-LOBOS (COLÉGIO NOVO),RUA SALO BRAND S/N
2018,71,271,1,8,FELIPE PEIXOTO,1481,ESCOLA MUNICIPAL MAESTRO HEITOR VILLA-LOBOS (COLÉGIO NOVO),RUA SALO BRAND S/N
2018,71,272,1,7,FELIPE PEIXOTO,1481,ESCOLA MUNICIPAL MAESTRO HEITOR VILLA-LOBOS (COLÉGIO NOVO),RUA SALO BRAND S/N
2018,71,273,1,3,FELIPE PEIXOTO,1481,ESCOLA MUNICIPAL MAESTRO HEITOR VILLA-LOBOS (COLÉGIO NOVO),RUA SALO BRAND S/N
2018,71,274,1,8,FELIPE PEIXOTO,1481,ESCOLA MUNICIPAL MAESTRO HEITOR VILLA-LOBOS (COLÉGIO NOVO),RUA SALO BRAND S/N
2018,71,275,1,10,FELIPE PEIXOTO,1481,ESCOLA MUNICIPAL MAESTRO HEITOR VILLA-LOBOS (COLÉGIO NOVO),RUA SALO BRAND S/N
2018,71,276,1,4,FELIPE PEIXOTO,1481,ESCOLA MUNICIPAL MAESTRO HEITOR VILLA-LOBOS (COLÉGIO NOVO),RUA SALO BRAND S/N
2018,71,278,1,2,FELIPE PEIXOTO,1546,UNIVERSIDADE SALGADO DE OLIVEIRA - BL A,RUA MARECHAL DEODORO 217
2018,71,279,1,3,FELIPE PEIXOTO,1546,UNIVERSIDADE SALGADO DE OLIVEIRA - BL A,RUA MARECHAL DEODORO 217
2018,71,28,1,9,FELIPE PEIXOTO,1104,INSTITUTO MAIA VINAGRE,RUA NORONHA TORREZÃO 68
2018,71,280,1,3,FELIPE PEIXOTO,1546,UNIVERSIDADE SALGADO DE OLIVEIRA - BL A,RUA MARECHAL DEODORO 217
2018,71,281,1,7,FELIPE PEIXOTO,1546,UNIVERSIDADE SALGADO DE OLIVEIRA - BL A,RUA MARECHAL DEODORO 217
2018,71,285,1,14,FELIPE PEIXOTO,1546,UNIVERSIDADE SALGADO DE OLIVEIRA - BL A,RUA MARECHAL DEODORO 217
2018,71,286,1,9,FELIPE PEIXOTO,1546,UNIVERSIDADE SALGADO DE OLIVEIRA - BL A,RUA MARECHAL DEODORO 217
2018,71,287,1,8,FELIPE PEIXOTO,1546,UNIVERSIDADE SALGADO DE OLIVEIRA - BL A,RUA MARECHAL DEODORO 217
2018,71,29,1,10,FELIPE PEIXOTO,1104,INSTITUTO MAIA VINAGRE,RUA NORONHA TORREZÃO 68
2018,71,290,1,3,FELIPE PEIXOTO,1503,COLÉGIO ÁGORA,"RUA TIRADENTES, 160"
2018,71,291,1,3,FELIPE PEIXOTO,1511,INSTITUTO DE MATEMATICA DA UFF (VALONGUINHO),RUA MÁRIO SANTOS BRAGA S/N
2018,71,292,1,5,FELIPE PEIXOTO,1511,INSTITUTO DE MATEMATICA DA UFF (VALONGUINHO),RUA MÁRIO SANTOS BRAGA S/N
2018,71,293,1,5,FELIPE PEIXOTO,1511,INSTITUTO DE MATEMATICA DA UFF (VALONGUINHO),RUA MÁRIO SANTOS BRAGA S/N
2018,71,294,1,4,FELIPE PEIXOTO,1511,INSTITUTO DE MATEMATICA DA UFF (VALONGUINHO),RUA MÁRIO SANTOS BRAGA S/N
2018,71,295,1,6,FELIPE PEIXOTO,1511,INSTITUTO DE MATEMATICA DA UFF (VALONGUINHO),RUA MÁRIO SANTOS BRAGA S/N
2018,71,296,1,3,FELIPE PEIXOTO,1511,INSTITUTO DE MATEMATICA DA UFF (VALONGUINHO),RUA MÁRIO SANTOS BRAGA S/N
2018,71,297,1,5,FELIPE PEIXOTO,1511,INSTITUTO DE MATEMATICA DA UFF (VALONGUINHO),RUA MÁRIO SANTOS BRAGA S/N
2018,71,298,1,5,FELIPE PEIXOTO,1511,INSTITUTO DE MATEMATICA DA UFF (VALONGUINHO),RUA MÁRIO SANTOS BRAGA S/N
2018,71,299,1,3,FELIPE PEIXOTO,1511,INSTITUTO DE MATEMATICA DA UFF (VALONGUINHO),RUA MÁRIO SANTOS BRAGA S/N
2018,71,3,1,39,FELIPE PEIXOTO,1015,CENTRO EDUCACIONAL DE NITEROI - CENTRINHO,RUA ITAGUAI 173
2018,71,30,1,12,FELIPE PEIXOTO,1104,INSTITUTO MAIA VINAGRE,RUA NORONHA TORREZÃO 68
2018,71,300,1,6,FELIPE PEIXOTO,1511,INSTITUTO DE MATEMATICA DA UFF (VALONGUINHO),RUA MÁRIO SANTOS BRAGA S/N
2018,71,301,1,5,FELIPE PEIXOTO,1511,INSTITUTO DE MATEMATICA DA UFF (VALONGUINHO),RUA MÁRIO SANTOS BRAGA S/N
2018,71,302,1,3,FELIPE PEIXOTO,1511,INSTITUTO DE MATEMATICA DA UFF (VALONGUINHO),RUA MÁRIO SANTOS BRAGA S/N
2018,71,303,1,5,FELIPE PEIXOTO,1511,INSTITUTO DE MATEMATICA DA UFF (VALONGUINHO),RUA MÁRIO SANTOS BRAGA S/N
2018,71,304,1,2,FELIPE PEIXOTO,1511,INSTITUTO DE MATEMATICA DA UFF (VALONGUINHO),RUA MÁRIO SANTOS BRAGA S/N
2018,71,305,1,6,FELIPE PEIXOTO,1520,LOJA MAÇÔNICA EVOLUÇÃO 2,RUA SANTA CLARA 77
2018,71,306,1,3,FELIPE PEIXOTO,1520,LOJA MAÇÔNICA EVOLUÇÃO 2,RUA SANTA CLARA 77
2018,71,307,1,4,FELIPE PEIXOTO,1520,LOJA MAÇÔNICA EVOLUÇÃO 2,RUA SANTA CLARA 77
2018,71,308,1,9,FELIPE PEIXOTO,1520,LOJA MAÇÔNICA EVOLUÇÃO 2,RUA SANTA CLARA 77
2018,71,31,1,17,FELIPE PEIXOTO,1104,INSTITUTO MAIA VINAGRE,RUA NORONHA TORREZÃO 68
2018,71,310,1,2,FELIPE PEIXOTO,1538,FUNDAÇÃO GETÚLIO VARGAS - FGV (EX CENTRÃO),AV ERNANI DO AMARAL PEIXOTO 836
2018,71,311,1,3,FELIPE PEIXOTO,1538,FUNDAÇÃO GETÚLIO VARGAS - FGV (EX CENTRÃO),AV ERNANI DO AMARAL PEIXOTO 836
2018,71,312,1,2,FELIPE PEIXOTO,1538,FUNDAÇÃO GETÚLIO VARGAS - FGV (EX CENTRÃO),AV ERNANI DO AMARAL PEIXOTO 836
2018,71,313,1,3,FELIPE PEIXOTO,1538,FUNDAÇÃO GETÚLIO VARGAS - FGV (EX CENTRÃO),AV ERNANI DO AMARAL PEIXOTO 836
2018,71,315,1,1,FELIPE PEIXOTO,1538,FUNDAÇÃO GETÚLIO VARGAS - FGV (EX CENTRÃO),AV ERNANI DO AMARAL PEIXOTO 836
2018,71,317,1,8,FELIPE PEIXOTO,1538,FUNDAÇÃO GETÚLIO VARGAS - FGV (EX CENTRÃO),AV ERNANI DO AMARAL PEIXOTO 836
2018,71,318,1,4,FELIPE PEIXOTO,1538,FUNDAÇÃO GETÚLIO VARGAS - FGV (EX CENTRÃO),AV ERNANI DO AMARAL PEIXOTO 836
2018,71,32,1,16,FELIPE PEIXOTO,1104,INSTITUTO MAIA VINAGRE,RUA NORONHA TORREZÃO 68
2018,71,320,1,4,FELIPE PEIXOTO,1538,FUNDAÇÃO GETÚLIO VARGAS - FGV (EX CENTRÃO),AV ERNANI DO AMARAL PEIXOTO 836
2018,71,321,1,2,FELIPE PEIXOTO,1538,FUNDAÇÃO GETÚLIO VARGAS - FGV (EX CENTRÃO),AV ERNANI DO AMARAL PEIXOTO 836
2018,71,322,1,3,FELIPE PEIXOTO,1538,FUNDAÇÃO GETÚLIO VARGAS - FGV (EX CENTRÃO),AV ERNANI DO AMARAL PEIXOTO 836
2018,71,323,1,2,FELIPE PEIXOTO,1546,UNIVERSIDADE SALGADO DE OLIVEIRA - BL A,RUA MARECHAL DEODORO 217
2018,71,324,1,3,FELIPE PEIXOTO,1546,UNIVERSIDADE SALGADO DE OLIVEIRA - BL A,RUA MARECHAL DEODORO 217
2018,71,325,1,4,FELIPE PEIXOTO,1546,UNIVERSIDADE SALGADO DE OLIVEIRA - BL A,RUA MARECHAL DEODORO 217
2018,71,326,1,9,FELIPE PEIXOTO,1546,UNIVERSIDADE SALGADO DE OLIVEIRA - BL A,RUA MARECHAL DEODORO 217
2018,71,327,1,2,FELIPE PEIXOTO,1546,UNIVERSIDADE SALGADO DE OLIVEIRA - BL A,RUA MARECHAL DEODORO 217
2018,71,328,1,3,FELIPE PEIXOTO,1546,UNIVERSIDADE SALGADO DE OLIVEIRA - BL A,RUA MARECHAL DEODORO 217
2018,71,331,1,1,FELIPE PEIXOTO,1546,UNIVERSIDADE SALGADO DE OLIVEIRA - BL A,RUA MARECHAL DEODORO 217
2018,71,332,1,7,FELIPE PEIXOTO,1546,UNIVERSIDADE SALGADO DE OLIVEIRA - BL A,RUA MARECHAL DEODORO 217
2018,71,333,1,11,FELIPE PEIXOTO,1554,FACULDADE DE ENGENHARIA DA UFF,RUA PASSO DA PATRIA 156
2018,71,334,1,9,FELIPE PEIXOTO,1554,FACULDADE DE ENGENHARIA DA UFF,RUA PASSO DA PATRIA 156
2018,71,335,1,9,FELIPE PEIXOTO,1554,FACULDADE DE ENGENHARIA DA UFF,RUA PASSO DA PATRIA 156
2018,71,336,1,14,FELIPE PEIXOTO,1554,FACULDADE DE ENGENHARIA DA UFF,RUA PASSO DA PATRIA 156
2018,71,337,1,7,FELIPE PEIXOTO,1554,FACULDADE DE ENGENHARIA DA UFF,RUA PASSO DA PATRIA 156
2018,71,338,1,5,FELIPE PEIXOTO,1554,FACULDADE DE ENGENHARIA DA UFF,RUA PASSO DA PATRIA 156
2018,71,339,1,5,FELIPE PEIXOTO,1562,COLEGIO ESTADUAL RAUL VIDAL,AVENIDA FELICIANO SODRE 21
2018,71,340,1,3,FELIPE PEIXOTO,1562,COLEGIO ESTADUAL RAUL VIDAL,AVENIDA FELICIANO SODRE 21
2018,71,342,1,2,FELIPE PEIXOTO,1562,COLEGIO ESTADUAL RAUL VIDAL,AVENIDA FELICIANO SODRE 21
2018,71,344,1,9,FELIPE PEIXOTO,1562,COLEGIO ESTADUAL RAUL VIDAL,AVENIDA FELICIANO SODRE 21
2018,71,345,1,5,FELIPE PEIXOTO,1562,COLEGIO ESTADUAL RAUL VIDAL,AVENIDA FELICIANO SODRE 21
2018,71,346,1,3,FELIPE PEIXOTO,1562,COLEGIO ESTADUAL RAUL VIDAL,AVENIDA FELICIANO SODRE 21
2018,71,347,1,5,FELIPE PEIXOTO,1562,COLEGIO ESTADUAL RAUL VIDAL,AVENIDA FELICIANO SODRE 21
2018,71,348,1,2,FELIPE PEIXOTO,1562,COLEGIO ESTADUAL RAUL VIDAL,AVENIDA FELICIANO SODRE 21
2018,71,349,1,5,FELIPE PEIXOTO,1562,COLEGIO ESTADUAL RAUL VIDAL,AVENIDA FELICIANO SODRE 21
2018,71,350,1,3,FELIPE PEIXOTO,1562,COLEGIO ESTADUAL RAUL VIDAL,AVENIDA FELICIANO SODRE 21
2018,71,351,1,8,FELIPE PEIXOTO,1570,COLÉGIO UNIVERSÍTÁRIO DA UFF (CIEP GRAGOATÁ),RUA ALEXANDRE MOURA 8
2018,71,352,1,5,FELIPE PEIXOTO,1570,COLÉGIO UNIVERSÍTÁRIO DA UFF (CIEP GRAGOATÁ),RUA ALEXANDRE MOURA 8
2018,71,353,1,2,FELIPE PEIXOTO,1570,COLÉGIO UNIVERSÍTÁRIO DA UFF (CIEP GRAGOATÁ),RUA ALEXANDRE MOURA 8
2018,71,355,1,11,FELIPE PEIXOTO,1589,COLÉGIO SÃO VICENTE DE PAULO - GINÁSIO,"RUA MIGUEL DE FRIAS, 123"
2018,71,356,1,11,FELIPE PEIXOTO,1589,COLÉGIO SÃO VICENTE DE PAULO - GINÁSIO,"RUA MIGUEL DE FRIAS, 123"
2018,71,357,1,6,FELIPE PEIXOTO,1589,COLÉGIO SÃO VICENTE DE PAULO - GINÁSIO,"RUA MIGUEL DE FRIAS, 123"
2018,71,358,1,6,FELIPE PEIXOTO,1589,COLÉGIO SÃO VICENTE DE PAULO - GINÁSIO,"RUA MIGUEL DE FRIAS, 123"
2018,71,359,1,6,FELIPE PEIXOTO,1589,COLÉGIO SÃO VICENTE DE PAULO - GINÁSIO,"RUA MIGUEL DE FRIAS, 123"
2018,71,360,1,2,FELIPE PEIXOTO,1597,ESCOLA MUNICIPAL SANTOS DUMONT,RUA MANOEL CORREIA S/N
2018,71,361,1,12,FELIPE PEIXOTO,1597,ESCOLA MUNICIPAL SANTOS DUMONT,RUA MANOEL CORREIA S/N
2018,71,362,1,7,FELIPE PEIXOTO,1597,ESCOLA MUNICIPAL SANTOS DUMONT,RUA MANOEL CORREIA S/N
2018,71,363,1,1,FELIPE PEIXOTO,1597,ESCOLA MUNICIPAL SANTOS DUMONT,RUA MANOEL CORREIA S/N
2018,71,364,1,7,FELIPE PEIXOTO,1597,ESCOLA MUNICIPAL SANTOS DUMONT,RUA MANOEL CORREIA S/N
2018,71,365,1,4,FELIPE PEIXOTO,1597,ESCOLA MUNICIPAL SANTOS DUMONT,RUA MANOEL CORREIA S/N
2018,71,366,1,4,FELIPE PEIXOTO,1600,INSTITUTO DE EDUCAÇÃO PROFESSOR ISMAEL COUTINHO - IEPIC,"TRAVESSA MANOEL CONTINENTINO, 31"
2018,71,368,1,2,FELIPE PEIXOTO,1600,INSTITUTO DE EDUCAÇÃO PROFESSOR ISMAEL COUTINHO - IEPIC,"TRAVESSA MANOEL CONTINENTINO, 31"
2018,71,369,1,1,FELIPE PEIXOTO,1600,INSTITUTO DE EDUCAÇÃO PROFESSOR ISMAEL COUTINHO - IEPIC,"TRAVESSA MANOEL CONTINENTINO, 31"
2018,71,370,1,1,FELIPE PEIXOTO,1600,INSTITUTO DE EDUCAÇÃO PROFESSOR ISMAEL COUTINHO - IEPIC,"TRAVESSA MANOEL CONTINENTINO, 31"
2018,71,371,1,2,FELIPE PEIXOTO,1600,INSTITUTO DE EDUCAÇÃO PROFESSOR ISMAEL COUTINHO - IEPIC,"TRAVESSA MANOEL CONTINENTINO, 31"
2018,71,372,1,5,FELIPE PEIXOTO,1600,INSTITUTO DE EDUCAÇÃO PROFESSOR ISMAEL COUTINHO - IEPIC,"TRAVESSA MANOEL CONTINENTINO, 31"
2018,71,373,1,1,FELIPE PEIXOTO,1600,INSTITUTO DE EDUCAÇÃO PROFESSOR ISMAEL COUTINHO - IEPIC,"TRAVESSA MANOEL CONTINENTINO, 31"
2018,71,374,1,2,FELIPE PEIXOTO,1600,INSTITUTO DE EDUCAÇÃO PROFESSOR ISMAEL COUTINHO - IEPIC,"TRAVESSA MANOEL CONTINENTINO, 31"
2018,71,375,1,1,FELIPE PEIXOTO,1600,INSTITUTO DE EDUCAÇÃO PROFESSOR ISMAEL COUTINHO - IEPIC,"TRAVESSA MANOEL CONTINENTINO, 31"
2018,71,376,1,1,FELIPE PEIXOTO,1600,INSTITUTO DE EDUCAÇÃO PROFESSOR ISMAEL COUTINHO - IEPIC,"TRAVESSA MANOEL CONTINENTINO, 31"
2018,71,377,1,6,FELIPE PEIXOTO,1619,COLEGIO SAO VICENTE DE PAULO,RUA MIGUEL DE FRIAS 123
2018,71,378,1,7,FELIPE PEIXOTO,1619,COLEGIO SAO VICENTE DE PAULO,RUA MIGUEL DE FRIAS 123
2018,71,379,1,2,FELIPE PEIXOTO,1619,COLEGIO SAO VICENTE DE PAULO,RUA MIGUEL DE FRIAS 123
2018,71,380,1,5,FELIPE PEIXOTO,1619,COLEGIO SAO VICENTE DE PAULO,RUA MIGUEL DE FRIAS 123
2018,71,381,1,3,FELIPE PEIXOTO,1619,COLEGIO SAO VICENTE DE PAULO,RUA MIGUEL DE FRIAS 123
2018,71,383,1,7,FELIPE PEIXOTO,1619,COLEGIO SAO VICENTE DE PAULO,RUA MIGUEL DE FRIAS 123
2018,71,384,1,4,FELIPE PEIXOTO,1619,COLEGIO SAO VICENTE DE PAULO,RUA MIGUEL DE FRIAS 123
2018,71,385,1,2,FELIPE PEIXOTO,1619,COLEGIO SAO VICENTE DE PAULO,RUA MIGUEL DE FRIAS 123
2018,71,386,1,7,FELIPE PEIXOTO,1619,COLEGIO SAO VICENTE DE PAULO,RUA MIGUEL DE FRIAS 123
2018,71,387,1,10,FELIPE PEIXOTO,1619,COLEGIO SAO VICENTE DE PAULO,RUA MIGUEL DE FRIAS 123
2018,71,388,1,4,FELIPE PEIXOTO,1619,COLEGIO SAO VICENTE DE PAULO,RUA MIGUEL DE FRIAS 123
2018,71,389,1,3,FELIPE PEIXOTO,1619,COLEGIO SAO VICENTE DE PAULO,RUA MIGUEL DE FRIAS 123
2018,71,390,1,6,FELIPE PEIXOTO,1619,COLEGIO SAO VICENTE DE PAULO,RUA MIGUEL DE FRIAS 123
2018,71,391,1,9,FELIPE PEIXOTO,1619,COLEGIO SAO VICENTE DE PAULO,RUA MIGUEL DE FRIAS 123
2018,71,392,1,14,FELIPE PEIXOTO,1627,REITORIA DA UFF,RUA MIGUEL DE FRIAS 9
2018,71,393,1,6,FELIPE PEIXOTO,1627,REITORIA DA UFF,RUA MIGUEL DE FRIAS 9
2018,71,394,1,12,FELIPE PEIXOTO,1627,REITORIA DA UFF,RUA MIGUEL DE FRIAS 9
2018,71,397,1,5,FELIPE PEIXOTO,1643,JARDIM DE INFÂNCIA ALBERTO DE OLIVEIRA,RUA EVARISTO DA VEIGA 108
2018,71,398,1,4,FELIPE PEIXOTO,1643,JARDIM DE INFÂNCIA ALBERTO DE OLIVEIRA,RUA EVARISTO DA VEIGA 108
2018,71,4,1,32,FELIPE PEIXOTO,1015,CENTRO EDUCACIONAL DE NITEROI - CENTRINHO,RUA ITAGUAI 173
2018,71,400,1,2,FELIPE PEIXOTO,1643,JARDIM DE INFÂNCIA ALBERTO DE OLIVEIRA,RUA EVARISTO DA VEIGA 108
2018,71,402,1,8,FELIPE PEIXOTO,1651,FACULDADE DE ENFERMAGEM DA UFF,RUA DR CELESTINO 74
2018,71,403,1,1,FELIPE PEIXOTO,1651,FACULDADE DE ENFERMAGEM DA UFF,RUA DR CELESTINO 74
2018,71,404,1,1,FELIPE PEIXOTO,1651,FACULDADE DE ENFERMAGEM DA UFF,RUA DR CELESTINO 74
2018,71,405,1,3,FELIPE PEIXOTO,1651,FACULDADE DE ENFERMAGEM DA UFF,RUA DR CELESTINO 74
2018,71,408,1,3,FELIPE PEIXOTO,1651,FACULDADE DE ENFERMAGEM DA UFF,RUA DR CELESTINO 74
2018,71,409,1,3,FELIPE PEIXOTO,1660,FACULDADE DE DIREITO DA UFF - UFF - DIREITO 1,RUA PRESIDENTE PEDREIRA 62
2018,71,410,1,7,FELIPE PEIXOTO,1660,FACULDADE DE DIREITO DA UFF - UFF - DIREITO 1,RUA PRESIDENTE PEDREIRA 62
2018,71,411,1,5,FELIPE PEIXOTO,1660,FACULDADE DE DIREITO DA UFF - UFF - DIREITO 1,RUA PRESIDENTE PEDREIRA 62
2018,71,412,1,7,FELIPE PEIXOTO,1660,FACULDADE DE DIREITO DA UFF - UFF - DIREITO 1,RUA PRESIDENTE PEDREIRA 62
2018,71,413,1,5,FELIPE PEIXOTO,1660,FACULDADE DE DIREITO DA UFF - UFF - DIREITO 1,RUA PRESIDENTE PEDREIRA 62
2018,71,414,1,9,FELIPE PEIXOTO,1660,FACULDADE DE DIREITO DA UFF - UFF - DIREITO 1,RUA PRESIDENTE PEDREIRA 62
2018,71,415,1,10,FELIPE PEIXOTO,1660,FACULDADE DE DIREITO DA UFF - UFF - DIREITO 1,RUA PRESIDENTE PEDREIRA 62
2018,71,416,1,8,FELIPE PEIXOTO,1660,FACULDADE DE DIREITO DA UFF - UFF - DIREITO 1,RUA PRESIDENTE PEDREIRA 62
2018,71,417,1,10,FELIPE PEIXOTO,1660,FACULDADE DE DIREITO DA UFF - UFF - DIREITO 1,RUA PRESIDENTE PEDREIRA 62
2018,71,418,1,9,FELIPE PEIXOTO,1660,FACULDADE DE DIREITO DA UFF - UFF - DIREITO 1,RUA PRESIDENTE PEDREIRA 62
2018,71,419,1,3,FELIPE PEIXOTO,1660,FACULDADE DE DIREITO DA UFF - UFF - DIREITO 1,RUA PRESIDENTE PEDREIRA 62
2018,71,420,1,2,FELIPE PEIXOTO,1660,FACULDADE DE DIREITO DA UFF - UFF - DIREITO 1,RUA PRESIDENTE PEDREIRA 62
2018,71,421,1,2,FELIPE PEIXOTO,1678,LICEU NILO PEÇANHA,AV ERNANI DO AMARAL PEIXOTO 707
2018,71,422,1,9,FELIPE PEIXOTO,1678,LICEU NILO PEÇANHA,AV ERNANI DO AMARAL PEIXOTO 707
2018,71,423,1,7,FELIPE PEIXOTO,1678,LICEU NILO PEÇANHA,AV ERNANI DO AMARAL PEIXOTO 707
2018,71,424,1,1,FELIPE PEIXOTO,1678,LICEU NILO PEÇANHA,AV ERNANI DO AMARAL PEIXOTO 707
2018,71,425,1,7,FELIPE PEIXOTO,1678,LICEU NILO PEÇANHA,AV ERNANI DO AMARAL PEIXOTO 707
2018,71,426,1,7,FELIPE PEIXOTO,1678,LICEU NILO PEÇANHA,AV ERNANI DO AMARAL PEIXOTO 707
2018,71,427,1,5,FELIPE PEIXOTO,1678,LICEU NILO PEÇANHA,AV ERNANI DO AMARAL PEIXOTO 707
2018,71,428,1,4,FELIPE PEIXOTO,1678,LICEU NILO PEÇANHA,AV ERNANI DO AMARAL PEIXOTO 707
2018,71,429,1,3,FELIPE PEIXOTO,1678,LICEU NILO PEÇANHA,AV ERNANI DO AMARAL PEIXOTO 707
2018,71,430,1,4,FELIPE PEIXOTO,1678,LICEU NILO PEÇANHA,AV ERNANI DO AMARAL PEIXOTO 707
2018,71,431,1,4,FELIPE PEIXOTO,1678,LICEU NILO PEÇANHA,AV ERNANI DO AMARAL PEIXOTO 707
2018,71,432,1,4,FELIPE PEIXOTO,1678,LICEU NILO PEÇANHA,AV ERNANI DO AMARAL PEIXOTO 707
2018,71,433,1,5,FELIPE PEIXOTO,1678,LICEU NILO PEÇANHA,AV ERNANI DO AMARAL PEIXOTO 707
2018,71,434,1,2,FELIPE PEIXOTO,1678,LICEU NILO PEÇANHA,AV ERNANI DO AMARAL PEIXOTO 707
2018,71,435,1,5,FELIPE PEIXOTO,1678,LICEU NILO PEÇANHA,AV ERNANI DO AMARAL PEIXOTO 707
2018,71,436,1,5,FELIPE PEIXOTO,1686,INSTITUTO DE ARTE E COMUNICACAO DA UFF - IACS,RUA PROFESSOR LARA VILELA 126
2018,71,437,1,2,FELIPE PEIXOTO,1686,INSTITUTO DE ARTE E COMUNICACAO DA UFF - IACS,RUA PROFESSOR LARA VILELA 126
2018,71,438,1,4,FELIPE PEIXOTO,1686,INSTITUTO DE ARTE E COMUNICACAO DA UFF - IACS,RUA PROFESSOR LARA VILELA 126
2018,71,439,1,1,FELIPE PEIXOTO,1686,INSTITUTO DE ARTE E COMUNICACAO DA UFF - IACS,RUA PROFESSOR LARA VILELA 126
2018,71,440,1,11,FELIPE PEIXOTO,1694,RIO CRICKET,RUA FAGUNDES VARELA 637
2018,71,441,1,18,FELIPE PEIXOTO,1694,RIO CRICKET,RUA FAGUNDES VARELA 637
2018,71,442,1,7,FELIPE PEIXOTO,1694,RIO CRICKET,RUA FAGUNDES VARELA 637
2018,71,443,1,7,FELIPE PEIXOTO,1694,RIO CRICKET,RUA FAGUNDES VARELA 637
2018,71,444,1,8,FELIPE PEIXOTO,1694,RIO CRICKET,RUA FAGUNDES VARELA 637
2018,71,445,1,2,FELIPE PEIXOTO,1503,COLÉGIO ÁGORA,"RUA TIRADENTES, 160"
2018,71,5,1,29,FELIPE PEIXOTO,1015,CENTRO EDUCACIONAL DE NITEROI - CENTRINHO,RUA ITAGUAI 173
2018,71,6,1,29,FELIPE PEIXOTO,1015,CENTRO EDUCACIONAL DE NITEROI - CENTRINHO,RUA ITAGUAI 173
2018,71,69,1,3,FELIPE PEIXOTO,1244,ESCOLA ESTADUAL MANUEL DE ABREU,RUA LOPES TROVAO 287-A
2018,71,70,1,15,FELIPE PEIXOTO,1244,ESCOLA ESTADUAL MANUEL DE ABREU,RUA LOPES TROVAO 287-A
2018,71,71,1,7,FELIPE PEIXOTO,1260,INSTITUTO ABEL,AV. ROBERTO SILVEIRA 29
2018,71,72,1,15,FELIPE PEIXOTO,1260,INSTITUTO ABEL,AV. ROBERTO SILVEIRA 29
2018,71,73,1,8,FELIPE PEIXOTO,1260,INSTITUTO ABEL,AV. ROBERTO SILVEIRA 29
2018,71,74,1,14,FELIPE PEIXOTO,1260,INSTITUTO ABEL,AV. ROBERTO SILVEIRA 29
2018,71,75,1,16,FELIPE PEIXOTO,1368,INSTITUTO SÃO JOSÉ,RUA GERALDO MARTINS 166
2018,71,76,1,17,FELIPE PEIXOTO,1368,INSTITUTO SÃO JOSÉ,RUA GERALDO MARTINS 166
2018,71,77,1,15,FELIPE PEIXOTO,1244,ESCOLA ESTADUAL MANUEL DE ABREU,RUA LOPES TROVAO 287-A
2018,71,78,1,14,FELIPE PEIXOTO,1244,ESCOLA ESTADUAL MANUEL DE ABREU,RUA LOPES TROVAO 287-A
2018,71,79,1,6,FELIPE PEIXOTO,1244,ESCOLA ESTADUAL MANUEL DE ABREU,RUA LOPES TROVAO 287-A
2018,71,80,1,8,FELIPE PEIXOTO,1317,ESCOLA ESTADUAL BALTHAZAR BERNARDINO,RUA MARIZ E BARROS 444
2018,71,81,1,7,FELIPE PEIXOTO,1317,ESCOLA ESTADUAL BALTHAZAR BERNARDINO,RUA MARIZ E BARROS 444
2018,71,82,1,5,FELIPE PEIXOTO,1260,INSTITUTO ABEL,AV. ROBERTO SILVEIRA 29
2018,71,83,1,13,FELIPE PEIXOTO,1260,INSTITUTO ABEL,AV. ROBERTO SILVEIRA 29
2018,71,84,1,10,FELIPE PEIXOTO,1260,INSTITUTO ABEL,AV. ROBERTO SILVEIRA 29
2018,71,85,1,7,FELIPE PEIXOTO,1333,PARÓQUIA NOSSA SENHORA AUXILIADORA - CENTRO COMUNITÁRIO,"RUA SANTA ROSA, 216"
2018,71,86,1,30,FELIPE PEIXOTO,1015,CENTRO EDUCACIONAL DE NITEROI - CENTRINHO,RUA ITAGUAI 173
2018,71,87,1,22,FELIPE PEIXOTO,1015,CENTRO EDUCACIONAL DE NITEROI - CENTRINHO,RUA ITAGUAI 173
2018,71,88,1,5,FELIPE PEIXOTO,1295,COLEGIO SALESIANO SANTA ROSA,RUA SANTA ROSA 207
2018,71,89,1,10,FELIPE PEIXOTO,1295,COLEGIO SALESIANO SANTA ROSA,RUA SANTA ROSA 207
2018,71,90,1,7,FELIPE PEIXOTO,1295,COLEGIO SALESIANO SANTA ROSA,RUA SANTA ROSA 207
2018,71,91,1,11,FELIPE PEIXOTO,1295,COLEGIO SALESIANO SANTA ROSA,RUA SANTA ROSA 207
2018,71,92,1,10,FELIPE PEIXOTO,1295,COLEGIO SALESIANO SANTA ROSA,RUA SANTA ROSA 207
2018,71,93,1,12,FELIPE PEIXOTO,1295,COLEGIO SALESIANO SANTA ROSA,RUA SANTA ROSA 207
2018,71,94,1,9,FELIPE PEIXOTO,1295,COLEGIO SALESIANO SANTA ROSA,RUA SANTA ROSA 207
2018,71,95,1,5,FELIPE PEIXOTO,1295,COLEGIO SALESIANO SANTA ROSA,RUA SANTA ROSA 207
2018,71,96,1,8,FELIPE PEIXOTO,1295,COLEGIO SALESIANO SANTA ROSA,RUA SANTA ROSA 207
2018,71,97,1,12,FELIPE PEIXOTO,1295,COLEGIO SALESIANO SANTA ROSA,RUA SANTA ROSA 207
2018,71,98,1,14,FELIPE PEIXOTO,1295,COLEGIO SALESIANO SANTA ROSA,RUA SANTA ROSA 207
2018,71,99,1,12,FELIPE PEIXOTO,1295,COLEGIO SALESIANO SANTA ROSA,RUA SANTA ROSA 207
2018,72,1,1,2,FELIPE PEIXOTO,1015,ESCOLA ESTADUAL DR LUCIANO PESTRE,AV PASTOR JOSE GOMES DE SOUZA S/N
2018,72,10,1,3,FELIPE PEIXOTO,1040,CIEP 447 - CARAMUJO,RODOVIA AMARAL PEIXOTO KM 2
2018,72,11,1,5,FELIPE PEIXOTO,1040,CIEP 447 - CARAMUJO,RODOVIA AMARAL PEIXOTO KM 2
2018,72,113,1,11,FELIPE PEIXOTO,1368,ESCOLA MUNICIPAL VILA COSTA MONTEIRO,RUA ITITIOCA S/N
2018,72,114,1,9,FELIPE PEIXOTO,1368,ESCOLA MUNICIPAL VILA COSTA MONTEIRO,RUA ITITIOCA S/N
2018,72,118,1,1,FELIPE PEIXOTO,1040,CIEP 447 - CARAMUJO,RODOVIA AMARAL PEIXOTO KM 2
2018,72,12,1,1,FELIPE PEIXOTO,1040,CIEP 447 - CARAMUJO,RODOVIA AMARAL PEIXOTO KM 2
2018,72,120,1,7,FELIPE PEIXOTO,1449,CIEP 450 - BADU,ESTRADA CAETANO MONTEIRO S/N
2018,72,121,1,3,FELIPE PEIXOTO,1015,ESCOLA ESTADUAL DR LUCIANO PESTRE,AV PASTOR JOSE GOMES DE SOUZA S/N
2018,72,122,1,5,FELIPE PEIXOTO,1074,COLEGIO ESTADUAL PAULO ASSIS RIBEIRO,ESTRADA CAETANO MONTEIRO 814
2018,72,123,1,5,FELIPE PEIXOTO,1112,ESCOLA ESTADUAL LEOPOLDO FROES,RUA REVERENDO ARMANDO FERREIRA  S/N
2018,72,126,1,4,FELIPE PEIXOTO,1180,ESCOLA MUNICIPAL RACHIDE DA GLORIA SALIM SAKER,RUA JANDIRA PEREIRA 620
2018,72,13,1,4,FELIPE PEIXOTO,1040,CIEP 447 - CARAMUJO,RODOVIA AMARAL PEIXOTO KM 2
2018,72,130,1,1,FELIPE PEIXOTO,1147,ESCOLA MUNICIPAL VERA LUCIA MACHADO,RUA ALDEMAR DE PAIVA LOTE 7 E 8
2018,72,131,1,4,FELIPE PEIXOTO,1449,CIEP 450 - BADU,ESTRADA CAETANO MONTEIRO S/N
2018,72,132,1,6,FELIPE PEIXOTO,1368,ESCOLA MUNICIPAL VILA COSTA MONTEIRO,RUA ITITIOCA S/N
2018,72,133,1,6,FELIPE PEIXOTO,1074,COLEGIO ESTADUAL PAULO ASSIS RIBEIRO,ESTRADA CAETANO MONTEIRO 814
2018,72,136,1,6,FELIPE PEIXOTO,1112,ESCOLA ESTADUAL LEOPOLDO FROES,RUA REVERENDO ARMANDO FERREIRA  S/N
2018,72,137,1,4,FELIPE PEIXOTO,1015,ESCOLA ESTADUAL DR LUCIANO PESTRE,AV PASTOR JOSE GOMES DE SOUZA S/N
2018,72,139,1,7,FELIPE PEIXOTO,1171,ESCOLA MUNICIPAL ANTONIO COUTINHO DE AZEVEDO,AV DES NESTOR RODRIGUES PERLINGEIRO S/N
2018,72,14,1,3,FELIPE PEIXOTO,1040,CIEP 447 - CARAMUJO,RODOVIA AMARAL PEIXOTO KM 2
2018,72,143,1,3,FELIPE PEIXOTO,1015,ESCOLA ESTADUAL DR LUCIANO PESTRE,AV PASTOR JOSE GOMES DE SOUZA S/N
2018,72,144,1,10,FELIPE PEIXOTO,1112,ESCOLA ESTADUAL LEOPOLDO FROES,RUA REVERENDO ARMANDO FERREIRA  S/N
2018,72,146,1,4,FELIPE PEIXOTO,1171,ESCOLA MUNICIPAL ANTONIO COUTINHO DE AZEVEDO,AV DES NESTOR RODRIGUES PERLINGEIRO S/N
2018,72,147,1,8,FELIPE PEIXOTO,1074,COLEGIO ESTADUAL PAULO ASSIS RIBEIRO,ESTRADA CAETANO MONTEIRO 814
2018,72,149,1,1,FELIPE PEIXOTO,1015,ESCOLA ESTADUAL DR LUCIANO PESTRE,AV PASTOR JOSE GOMES DE SOUZA S/N
2018,72,15,1,7,FELIPE PEIXOTO,1040,CIEP 447 - CARAMUJO,RODOVIA AMARAL PEIXOTO KM 2
2018,72,150,1,3,FELIPE PEIXOTO,1449,CIEP 450 - BADU,ESTRADA CAETANO MONTEIRO S/N
2018,72,151,1,2,FELIPE PEIXOTO,1040,CIEP 447 - CARAMUJO,RODOVIA AMARAL PEIXOTO KM 2
2018,72,152,1,1,FELIPE PEIXOTO,1040,CIEP 447 - CARAMUJO,RODOVIA AMARAL PEIXOTO KM 2
2018,72,156,1,7,FELIPE PEIXOTO,1368,ESCOLA MUNICIPAL VILA COSTA MONTEIRO,RUA ITITIOCA S/N
2018,72,159,1,4,FELIPE PEIXOTO,1449,CIEP 450 - BADU,ESTRADA CAETANO MONTEIRO S/N
2018,72,16,1,3,FELIPE PEIXOTO,1015,ESCOLA ESTADUAL DR LUCIANO PESTRE,AV PASTOR JOSE GOMES DE SOUZA S/N
2018,72,160,1,7,FELIPE PEIXOTO,1147,ESCOLA MUNICIPAL VERA LUCIA MACHADO,RUA ALDEMAR DE PAIVA LOTE 7 E 8
2018,72,162,1,4,FELIPE PEIXOTO,1171,ESCOLA MUNICIPAL ANTONIO COUTINHO DE AZEVEDO,AV DES NESTOR RODRIGUES PERLINGEIRO S/N
2018,72,163,1,5,FELIPE PEIXOTO,1449,CIEP 450 - BADU,ESTRADA CAETANO MONTEIRO S/N
2018,72,164,1,2,FELIPE PEIXOTO,1015,ESCOLA ESTADUAL DR LUCIANO PESTRE,AV PASTOR JOSE GOMES DE SOUZA S/N
2018,72,168,1,6,FELIPE PEIXOTO,1074,COLEGIO ESTADUAL PAULO ASSIS RIBEIRO,ESTRADA CAETANO MONTEIRO 814
2018,72,17,1,4,FELIPE PEIXOTO,1015,ESCOLA ESTADUAL DR LUCIANO PESTRE,AV PASTOR JOSE GOMES DE SOUZA S/N
2018,72,173,1,8,FELIPE PEIXOTO,1449,CIEP 450 - BADU,ESTRADA CAETANO MONTEIRO S/N
2018,72,174,1,6,FELIPE PEIXOTO,1473,COLÉGIO FORUM CULTURAL,ESTRADA FRANCISCO DA CRUZ NUNES 2454
2018,72,178,1,4,FELIPE PEIXOTO,1171,ESCOLA MUNICIPAL ANTONIO COUTINHO DE AZEVEDO,AV DES NESTOR RODRIGUES PERLINGEIRO S/N
2018,72,18,1,4,FELIPE PEIXOTO,1449,CIEP 450 - BADU,ESTRADA CAETANO MONTEIRO S/N
2018,72,181,1,7,FELIPE PEIXOTO,1473,COLÉGIO FORUM CULTURAL,ESTRADA FRANCISCO DA CRUZ NUNES 2454
2018,72,183,1,2,FELIPE PEIXOTO,1015,ESCOLA ESTADUAL DR LUCIANO PESTRE,AV PASTOR JOSE GOMES DE SOUZA S/N
2018,72,184,1,6,FELIPE PEIXOTO,1147,ESCOLA MUNICIPAL VERA LUCIA MACHADO,RUA ALDEMAR DE PAIVA LOTE 7 E 8
2018,72,185,1,5,FELIPE PEIXOTO,1368,ESCOLA MUNICIPAL VILA COSTA MONTEIRO,RUA ITITIOCA S/N
2018,72,186,1,5,FELIPE PEIXOTO,1473,COLÉGIO FORUM CULTURAL,ESTRADA FRANCISCO DA CRUZ NUNES 2454
2018,72,187,1,6,FELIPE PEIXOTO,1473,COLÉGIO FORUM CULTURAL,ESTRADA FRANCISCO DA CRUZ NUNES 2454
2018,72,188,1,7,FELIPE PEIXOTO,1040,CIEP 447 - CARAMUJO,RODOVIA AMARAL PEIXOTO KM 2
2018,72,189,1,4,FELIPE PEIXOTO,1074,COLEGIO ESTADUAL PAULO ASSIS RIBEIRO,ESTRADA CAETANO MONTEIRO 814
2018,72,19,1,8,FELIPE PEIXOTO,1449,CIEP 450 - BADU,ESTRADA CAETANO MONTEIRO S/N
2018,72,190,1,8,FELIPE PEIXOTO,1074,COLEGIO ESTADUAL PAULO ASSIS RIBEIRO,ESTRADA CAETANO MONTEIRO 814
2018,72,191,1,6,FELIPE PEIXOTO,1473,COLÉGIO FORUM CULTURAL,ESTRADA FRANCISCO DA CRUZ NUNES 2454
2018,72,192,1,7,FELIPE PEIXOTO,1449,CIEP 450 - BADU,ESTRADA CAETANO MONTEIRO S/N
2018,72,193,1,9,FELIPE PEIXOTO,1473,COLÉGIO FORUM CULTURAL,ESTRADA FRANCISCO DA CRUZ NUNES 2454
2018,72,194,1,6,FELIPE PEIXOTO,1368,ESCOLA MUNICIPAL VILA COSTA MONTEIRO,RUA ITITIOCA S/N
2018,72,195,1,7,FELIPE PEIXOTO,1449,CIEP 450 - BADU,ESTRADA CAETANO MONTEIRO S/N
2018,72,196,1,3,FELIPE PEIXOTO,1147,ESCOLA MUNICIPAL VERA LUCIA MACHADO,RUA ALDEMAR DE PAIVA LOTE 7 E 8
2018,72,198,1,4,FELIPE PEIXOTO,1180,ESCOLA MUNICIPAL RACHIDE DA GLORIA SALIM SAKER,RUA JANDIRA PEREIRA 620
2018,72,199,1,6,FELIPE PEIXOTO,1368,ESCOLA MUNICIPAL VILA COSTA MONTEIRO,RUA ITITIOCA S/N
2018,72,2,1,3,FELIPE PEIXOTO,1015,ESCOLA ESTADUAL DR LUCIANO PESTRE,AV PASTOR JOSE GOMES DE SOUZA S/N
2018,72,20,1,6,FELIPE PEIXOTO,1449,CIEP 450 - BADU,ESTRADA CAETANO MONTEIRO S/N
2018,72,201,1,7,FELIPE PEIXOTO,1473,COLÉGIO FORUM CULTURAL,ESTRADA FRANCISCO DA CRUZ NUNES 2454
2018,72,202,1,3,FELIPE PEIXOTO,1074,COLEGIO ESTADUAL PAULO ASSIS RIBEIRO,ESTRADA CAETANO MONTEIRO 814
2018,72,203,1,5,FELIPE PEIXOTO,1449,CIEP 450 - BADU,ESTRADA CAETANO MONTEIRO S/N
2018,72,205,1,7,FELIPE PEIXOTO,1368,ESCOLA MUNICIPAL VILA COSTA MONTEIRO,RUA ITITIOCA S/N
2018,72,207,1,8,FELIPE PEIXOTO,1473,COLÉGIO FORUM CULTURAL,ESTRADA FRANCISCO DA CRUZ NUNES 2454
2018,72,208,1,6,FELIPE PEIXOTO,1180,ESCOLA MUNICIPAL RACHIDE DA GLORIA SALIM SAKER,RUA JANDIRA PEREIRA 620
2018,72,209,1,5,FELIPE PEIXOTO,1074,COLEGIO ESTADUAL PAULO ASSIS RIBEIRO,ESTRADA CAETANO MONTEIRO 814
2018,72,21,1,5,FELIPE PEIXOTO,1449,CIEP 450 - BADU,ESTRADA CAETANO MONTEIRO S/N
2018,72,210,1,7,FELIPE PEIXOTO,1074,COLEGIO ESTADUAL PAULO ASSIS RIBEIRO,ESTRADA CAETANO MONTEIRO 814
2018,72,211,1,12,FELIPE PEIXOTO,1368,ESCOLA MUNICIPAL VILA COSTA MONTEIRO,RUA ITITIOCA S/N
2018,72,212,1,5,FELIPE PEIXOTO,1040,CIEP 447 - CARAMUJO,RODOVIA AMARAL PEIXOTO KM 2
2018,72,213,1,8,FELIPE PEIXOTO,1147,ESCOLA MUNICIPAL VERA LUCIA MACHADO,RUA ALDEMAR DE PAIVA LOTE 7 E 8
2018,72,214,1,6,FELIPE PEIXOTO,1473,COLÉGIO FORUM CULTURAL,ESTRADA FRANCISCO DA CRUZ NUNES 2454
2018,72,215,1,5,FELIPE PEIXOTO,1074,COLEGIO ESTADUAL PAULO ASSIS RIBEIRO,ESTRADA CAETANO MONTEIRO 814
2018,72,217,1,3,FELIPE PEIXOTO,1040,CIEP 447 - CARAMUJO,RODOVIA AMARAL PEIXOTO KM 2
2018,72,219,1,7,FELIPE PEIXOTO,1074,COLEGIO ESTADUAL PAULO ASSIS RIBEIRO,ESTRADA CAETANO MONTEIRO 814
2018,72,22,1,4,FELIPE PEIXOTO,1449,CIEP 450 - BADU,ESTRADA CAETANO MONTEIRO S/N
2018,72,220,1,12,FELIPE PEIXOTO,1368,ESCOLA MUNICIPAL VILA COSTA MONTEIRO,RUA ITITIOCA S/N
2018,72,221,1,5,FELIPE PEIXOTO,1449,CIEP 450 - BADU,ESTRADA CAETANO MONTEIRO S/N
2018,72,222,1,7,FELIPE PEIXOTO,1520,ESCOLA MUNICIPAL LEVI CARNEIRO,ESTRADA WASHINGTON LUIS 488
2018,72,223,1,3,FELIPE PEIXOTO,1520,ESCOLA MUNICIPAL LEVI CARNEIRO,ESTRADA WASHINGTON LUIS 488
2018,72,224,1,8,FELIPE PEIXOTO,1520,ESCOLA MUNICIPAL LEVI CARNEIRO,ESTRADA WASHINGTON LUIS 488
2018,72,225,1,9,FELIPE PEIXOTO,1520,ESCOLA MUNICIPAL LEVI CARNEIRO,ESTRADA WASHINGTON LUIS 488
2018,72,226,1,6,FELIPE PEIXOTO,1520,ESCOLA MUNICIPAL LEVI CARNEIRO,ESTRADA WASHINGTON LUIS 488
2018,72,227,1,5,FELIPE PEIXOTO,1520,ESCOLA MUNICIPAL LEVI CARNEIRO,ESTRADA WASHINGTON LUIS 488
2018,72,228,1,8,FELIPE PEIXOTO,1520,ESCOLA MUNICIPAL LEVI CARNEIRO,ESTRADA WASHINGTON LUIS 488
2018,72,229,1,5,FELIPE PEIXOTO,1520,ESCOLA MUNICIPAL LEVI CARNEIRO,ESTRADA WASHINGTON LUIS 488
2018,72,23,1,11,FELIPE PEIXOTO,1074,COLEGIO ESTADUAL PAULO ASSIS RIBEIRO,ESTRADA CAETANO MONTEIRO 814
2018,72,230,1,13,FELIPE PEIXOTO,1520,ESCOLA MUNICIPAL LEVI CARNEIRO,ESTRADA WASHINGTON LUIS 488
2018,72,231,1,7,FELIPE PEIXOTO,1520,ESCOLA MUNICIPAL LEVI CARNEIRO,ESTRADA WASHINGTON LUIS 488
2018,72,232,1,5,FELIPE PEIXOTO,1520,ESCOLA MUNICIPAL LEVI CARNEIRO,ESTRADA WASHINGTON LUIS 488
2018,72,233,1,4,FELIPE PEIXOTO,1520,ESCOLA MUNICIPAL LEVI CARNEIRO,ESTRADA WASHINGTON LUIS 488
2018,72,234,1,5,FELIPE PEIXOTO,1520,ESCOLA MUNICIPAL LEVI CARNEIRO,ESTRADA WASHINGTON LUIS 488
2018,72,235,1,8,FELIPE PEIXOTO,1520,ESCOLA MUNICIPAL LEVI CARNEIRO,ESTRADA WASHINGTON LUIS 488
2018,72,236,1,6,FELIPE PEIXOTO,1520,ESCOLA MUNICIPAL LEVI CARNEIRO,ESTRADA WASHINGTON LUIS 488
2018,72,237,1,5,FELIPE PEIXOTO,1538,ESCOLA CATAVENTO ESPAÇO DE EDUCAÇÃO,"ESTRADA WASHINGTON LUIZ, 224"
2018,72,238,1,8,FELIPE PEIXOTO,1538,ESCOLA CATAVENTO ESPAÇO DE EDUCAÇÃO,"ESTRADA WASHINGTON LUIZ, 224"
2018,72,239,1,12,FELIPE PEIXOTO,1546,COLÉGIO GOMES PEREIRA,AVENIDA RUI BARBOSA 1250
2018,72,24,1,7,FELIPE PEIXOTO,1074,COLEGIO ESTADUAL PAULO ASSIS RIBEIRO,ESTRADA CAETANO MONTEIRO 814
2018,72,240,1,11,FELIPE PEIXOTO,1546,COLÉGIO GOMES PEREIRA,AVENIDA RUI BARBOSA 1250
2018,72,241,1,5,FELIPE PEIXOTO,1546,COLÉGIO GOMES PEREIRA,AVENIDA RUI BARBOSA 1250
2018,72,242,1,11,FELIPE PEIXOTO,1538,ESCOLA CATAVENTO ESPAÇO DE EDUCAÇÃO,"ESTRADA WASHINGTON LUIZ, 224"
2018,72,243,1,8,FELIPE PEIXOTO,1473,COLÉGIO FORUM CULTURAL,ESTRADA FRANCISCO DA CRUZ NUNES 2454
2018,72,244,1,7,FELIPE PEIXOTO,1554,JARDIM ESCOLA GIRASSÓIS,"ESTRADA CAETANO MONTEIRO, 820"
2018,72,245,1,4,FELIPE PEIXOTO,1368,ESCOLA MUNICIPAL VILA COSTA MONTEIRO,RUA ITITIOCA S/N
2018,72,246,1,5,FELIPE PEIXOTO,1147,ESCOLA MUNICIPAL VERA LUCIA MACHADO,RUA ALDEMAR DE PAIVA LOTE 7 E 8
2018,72,247,1,6,FELIPE PEIXOTO,1554,JARDIM ESCOLA GIRASSÓIS,"ESTRADA CAETANO MONTEIRO, 820"
2018,72,248,1,2,FELIPE PEIXOTO,1546,COLÉGIO GOMES PEREIRA,AVENIDA RUI BARBOSA 1250
2018,72,25,1,9,FELIPE PEIXOTO,1074,COLEGIO ESTADUAL PAULO ASSIS RIBEIRO,ESTRADA CAETANO MONTEIRO 814
2018,72,250,1,12,FELIPE PEIXOTO,1554,JARDIM ESCOLA GIRASSÓIS,"ESTRADA CAETANO MONTEIRO, 820"
2018,72,252,1,7,FELIPE PEIXOTO,1554,JARDIM ESCOLA GIRASSÓIS,"ESTRADA CAETANO MONTEIRO, 820"
2018,72,253,1,3,FELIPE PEIXOTO,1562,ESCOLA MUNICIPAL HELENA ANTIPOFF,RUA RUI BARBOSA 710
2018,72,254,1,1,FELIPE PEIXOTO,1562,ESCOLA MUNICIPAL HELENA ANTIPOFF,RUA RUI BARBOSA 710
2018,72,255,1,1,FELIPE PEIXOTO,1562,ESCOLA MUNICIPAL HELENA ANTIPOFF,RUA RUI BARBOSA 710
2018,72,256,1,4,FELIPE PEIXOTO,1562,ESCOLA MUNICIPAL HELENA ANTIPOFF,RUA RUI BARBOSA 710
2018,72,257,1,5,FELIPE PEIXOTO,1562,ESCOLA MUNICIPAL HELENA ANTIPOFF,RUA RUI BARBOSA 710
2018,72,258,1,10,FELIPE PEIXOTO,1570,IGREJA DO SANTUARIO NACIONAL DAS ALMAS,RUA ALVARES DE AZEVEDO 237
2018,72,259,1,10,FELIPE PEIXOTO,1570,IGREJA DO SANTUARIO NACIONAL DAS ALMAS,RUA ALVARES DE AZEVEDO 237
2018,72,26,1,4,FELIPE PEIXOTO,1074,COLEGIO ESTADUAL PAULO ASSIS RIBEIRO,ESTRADA CAETANO MONTEIRO 814
2018,72,260,1,10,FELIPE PEIXOTO,1570,IGREJA DO SANTUARIO NACIONAL DAS ALMAS,RUA ALVARES DE AZEVEDO 237
2018,72,261,1,11,FELIPE PEIXOTO,1570,IGREJA DO SANTUARIO NACIONAL DAS ALMAS,RUA ALVARES DE AZEVEDO 237
2018,72,262,1,6,FELIPE PEIXOTO,1570,IGREJA DO SANTUARIO NACIONAL DAS ALMAS,RUA ALVARES DE AZEVEDO 237
2018,72,263,1,8,FELIPE PEIXOTO,1570,IGREJA DO SANTUARIO NACIONAL DAS ALMAS,RUA ALVARES DE AZEVEDO 237
2018,72,264,1,13,FELIPE PEIXOTO,1570,IGREJA DO SANTUARIO NACIONAL DAS ALMAS,RUA ALVARES DE AZEVEDO 237
2018,72,265,1,8,FELIPE PEIXOTO,1570,IGREJA DO SANTUARIO NACIONAL DAS ALMAS,RUA ALVARES DE AZEVEDO 237
2018,72,266,1,12,FELIPE PEIXOTO,1589,COLÉGIO GAY-LUSSAC,RUA MARIA CALDAS 35
2018,72,267,1,14,FELIPE PEIXOTO,1589,COLÉGIO GAY-LUSSAC,RUA MARIA CALDAS 35
2018,72,268,1,18,FELIPE PEIXOTO,1589,COLÉGIO GAY-LUSSAC,RUA MARIA CALDAS 35
2018,72,269,1,5,FELIPE PEIXOTO,1589,COLÉGIO GAY-LUSSAC,RUA MARIA CALDAS 35
2018,72,27,1,3,FELIPE PEIXOTO,1449,CIEP 450 - BADU,ESTRADA CAETANO MONTEIRO S/N
2018,72,270,1,19,FELIPE PEIXOTO,1589,COLÉGIO GAY-LUSSAC,RUA MARIA CALDAS 35
2018,72,271,1,9,FELIPE PEIXOTO,1589,COLÉGIO GAY-LUSSAC,RUA MARIA CALDAS 35
2018,72,272,1,19,FELIPE PEIXOTO,1589,COLÉGIO GAY-LUSSAC,RUA MARIA CALDAS 35
2018,72,273,1,4,FELIPE PEIXOTO,1589,COLÉGIO GAY-LUSSAC,RUA MARIA CALDAS 35
2018,72,274,1,8,FELIPE PEIXOTO,1597,COLÉGIO PONTO DE ENSINO,RUA OSWALDO CRUZ 32
2018,72,275,1,16,FELIPE PEIXOTO,1597,COLÉGIO PONTO DE ENSINO,RUA OSWALDO CRUZ 32
2018,72,276,1,13,FELIPE PEIXOTO,1597,COLÉGIO PONTO DE ENSINO,RUA OSWALDO CRUZ 32
2018,72,277,1,7,FELIPE PEIXOTO,1597,COLÉGIO PONTO DE ENSINO,RUA OSWALDO CRUZ 32
2018,72,278,1,14,FELIPE PEIXOTO,1597,COLÉGIO PONTO DE ENSINO,RUA OSWALDO CRUZ 32
2018,72,279,1,12,FELIPE PEIXOTO,1597,COLÉGIO PONTO DE ENSINO,RUA OSWALDO CRUZ 32
2018,72,28,1,10,FELIPE PEIXOTO,1449,CIEP 450 - BADU,ESTRADA CAETANO MONTEIRO S/N
2018,72,280,1,7,FELIPE PEIXOTO,1597,COLÉGIO PONTO DE ENSINO,RUA OSWALDO CRUZ 32
2018,72,281,1,12,FELIPE PEIXOTO,1597,COLÉGIO PONTO DE ENSINO,RUA OSWALDO CRUZ 32
2018,72,282,1,9,FELIPE PEIXOTO,1597,COLÉGIO PONTO DE ENSINO,RUA OSWALDO CRUZ 32
2018,72,283,1,7,FELIPE PEIXOTO,1597,COLÉGIO PONTO DE ENSINO,RUA OSWALDO CRUZ 32
2018,72,284,1,5,FELIPE PEIXOTO,1600,BANCO ITAU,RUA GAVIAO PEIXOTO 166
2018,72,285,1,3,FELIPE PEIXOTO,1600,BANCO ITAU,RUA GAVIAO PEIXOTO 166
2018,72,286,1,7,FELIPE PEIXOTO,1600,BANCO ITAU,RUA GAVIAO PEIXOTO 166
2018,72,287,1,7,FELIPE PEIXOTO,1619,COLEGIO ESTADUAL JOAQUIM TAVORA,PRAÇA PREF.FERRAZ-CAMPO DE SAO BENTO S/N
2018,72,288,1,6,FELIPE PEIXOTO,1619,COLEGIO ESTADUAL JOAQUIM TAVORA,PRAÇA PREF.FERRAZ-CAMPO DE SAO BENTO S/N
2018,72,289,1,6,FELIPE PEIXOTO,1619,COLEGIO ESTADUAL JOAQUIM TAVORA,PRAÇA PREF.FERRAZ-CAMPO DE SAO BENTO S/N
2018,72,29,1,3,FELIPE PEIXOTO,1449,CIEP 450 - BADU,ESTRADA CAETANO MONTEIRO S/N
2018,72,290,1,2,FELIPE PEIXOTO,1619,COLEGIO ESTADUAL JOAQUIM TAVORA,PRAÇA PREF.FERRAZ-CAMPO DE SAO BENTO S/N
2018,72,291,1,8,FELIPE PEIXOTO,1619,COLEGIO ESTADUAL JOAQUIM TAVORA,PRAÇA PREF.FERRAZ-CAMPO DE SAO BENTO S/N
2018,72,292,1,1,FELIPE PEIXOTO,1619,COLEGIO ESTADUAL JOAQUIM TAVORA,PRAÇA PREF.FERRAZ-CAMPO DE SAO BENTO S/N
2018,72,293,1,7,FELIPE PEIXOTO,1619,COLEGIO ESTADUAL JOAQUIM TAVORA,PRAÇA PREF.FERRAZ-CAMPO DE SAO BENTO S/N
2018,72,294,1,4,FELIPE PEIXOTO,1619,COLEGIO ESTADUAL JOAQUIM TAVORA,PRAÇA PREF.FERRAZ-CAMPO DE SAO BENTO S/N
2018,72,295,1,3,FELIPE PEIXOTO,1619,COLEGIO ESTADUAL JOAQUIM TAVORA,PRAÇA PREF.FERRAZ-CAMPO DE SAO BENTO S/N
2018,72,296,1,7,FELIPE PEIXOTO,1619,COLEGIO ESTADUAL JOAQUIM TAVORA,PRAÇA PREF.FERRAZ-CAMPO DE SAO BENTO S/N
2018,72,297,1,7,FELIPE PEIXOTO,1619,COLEGIO ESTADUAL JOAQUIM TAVORA,PRAÇA PREF.FERRAZ-CAMPO DE SAO BENTO S/N
2018,72,298,1,3,FELIPE PEIXOTO,1619,COLEGIO ESTADUAL JOAQUIM TAVORA,PRAÇA PREF.FERRAZ-CAMPO DE SAO BENTO S/N
2018,72,299,1,3,FELIPE PEIXOTO,1619,COLEGIO ESTADUAL JOAQUIM TAVORA,PRAÇA PREF.FERRAZ-CAMPO DE SAO BENTO S/N
2018,72,3,1,3,FELIPE PEIXOTO,1015,ESCOLA ESTADUAL DR LUCIANO PESTRE,AV PASTOR JOSE GOMES DE SOUZA S/N
2018,72,30,1,8,FELIPE PEIXOTO,1449,CIEP 450 - BADU,ESTRADA CAETANO MONTEIRO S/N
2018,72,300,1,6,FELIPE PEIXOTO,1619,COLEGIO ESTADUAL JOAQUIM TAVORA,PRAÇA PREF.FERRAZ-CAMPO DE SAO BENTO S/N
2018,72,301,1,6,FELIPE PEIXOTO,1619,COLEGIO ESTADUAL JOAQUIM TAVORA,PRAÇA PREF.FERRAZ-CAMPO DE SAO BENTO S/N
2018,72,302,1,7,FELIPE PEIXOTO,1627,CENTRO DE ARTES E ESPORTES UNIFICADOS ISMAEL SILVA,"AV. CARLOS ERMELINDO MARINS, 34"
2018,72,303,1,6,FELIPE PEIXOTO,1627,CENTRO DE ARTES E ESPORTES UNIFICADOS ISMAEL SILVA,"AV. CARLOS ERMELINDO MARINS, 34"
2018,72,304,1,3,FELIPE PEIXOTO,1627,CENTRO DE ARTES E ESPORTES UNIFICADOS ISMAEL SILVA,"AV. CARLOS ERMELINDO MARINS, 34"
2018,72,305,1,4,FELIPE PEIXOTO,1627,CENTRO DE ARTES E ESPORTES UNIFICADOS ISMAEL SILVA,"AV. CARLOS ERMELINDO MARINS, 34"
2018,72,306,1,2,FELIPE PEIXOTO,1627,CENTRO DE ARTES E ESPORTES UNIFICADOS ISMAEL SILVA,"AV. CARLOS ERMELINDO MARINS, 34"
2018,72,307,1,9,FELIPE PEIXOTO,1627,CENTRO DE ARTES E ESPORTES UNIFICADOS ISMAEL SILVA,"AV. CARLOS ERMELINDO MARINS, 34"
2018,72,308,1,9,FELIPE PEIXOTO,1627,CENTRO DE ARTES E ESPORTES UNIFICADOS ISMAEL SILVA,"AV. CARLOS ERMELINDO MARINS, 34"
2018,72,309,1,3,FELIPE PEIXOTO,1627,CENTRO DE ARTES E ESPORTES UNIFICADOS ISMAEL SILVA,"AV. CARLOS ERMELINDO MARINS, 34"
2018,72,310,1,5,FELIPE PEIXOTO,1635,BANCO BRADESCO,RUA GAVIAO PEIXOTO 108
2018,72,311,1,7,FELIPE PEIXOTO,1635,BANCO BRADESCO,RUA GAVIAO PEIXOTO 108
2018,72,312,1,4,FELIPE PEIXOTO,1635,BANCO BRADESCO,RUA GAVIAO PEIXOTO 108
2018,72,313,1,5,FELIPE PEIXOTO,1643,CENTRO MODERNO ALZIRA BITTENCOURT,"RUA MEM DE SÁ, 71"
2018,72,314,1,10,FELIPE PEIXOTO,1643,CENTRO MODERNO ALZIRA BITTENCOURT,"RUA MEM DE SÁ, 71"
2018,72,315,1,6,FELIPE PEIXOTO,1643,CENTRO MODERNO ALZIRA BITTENCOURT,"RUA MEM DE SÁ, 71"
2018,72,316,1,7,FELIPE PEIXOTO,1643,CENTRO MODERNO ALZIRA BITTENCOURT,"RUA MEM DE SÁ, 71"
2018,72,317,1,6,FELIPE PEIXOTO,1651,PH COLÉGIO,RUA ALVARES DE AZEVEDO 237
2018,72,318,1,11,FELIPE PEIXOTO,1651,PH COLÉGIO,RUA ALVARES DE AZEVEDO 237
2018,72,319,1,13,FELIPE PEIXOTO,1651,PH COLÉGIO,RUA ALVARES DE AZEVEDO 237
2018,72,320,1,8,FELIPE PEIXOTO,1651,PH COLÉGIO,RUA ALVARES DE AZEVEDO 237
2018,72,321,1,6,FELIPE PEIXOTO,1651,PH COLÉGIO,RUA ALVARES DE AZEVEDO 237
2018,72,322,1,8,FELIPE PEIXOTO,1651,PH COLÉGIO,RUA ALVARES DE AZEVEDO 237
2018,72,323,1,2,FELIPE PEIXOTO,1651,PH COLÉGIO,RUA ALVARES DE AZEVEDO 237
2018,72,324,1,11,FELIPE PEIXOTO,1660,CLUBE CENTRAL,"AVENIDA JORNALISTA ALBERTO FRANCISCO TORRES,  335"
2018,72,325,1,7,FELIPE PEIXOTO,1660,CLUBE CENTRAL,"AVENIDA JORNALISTA ALBERTO FRANCISCO TORRES,  335"
2018,72,326,1,12,FELIPE PEIXOTO,1660,CLUBE CENTRAL,"AVENIDA JORNALISTA ALBERTO FRANCISCO TORRES,  335"
2018,72,327,1,13,FELIPE PEIXOTO,1660,CLUBE CENTRAL,"AVENIDA JORNALISTA ALBERTO FRANCISCO TORRES,  335"
2018,72,328,1,12,FELIPE PEIXOTO,1660,CLUBE CENTRAL,"AVENIDA JORNALISTA ALBERTO FRANCISCO TORRES,  335"
2018,72,329,1,9,FELIPE PEIXOTO,1660,CLUBE CENTRAL,"AVENIDA JORNALISTA ALBERTO FRANCISCO TORRES,  335"
2018,72,330,1,7,FELIPE PEIXOTO,1660,CLUBE CENTRAL,"AVENIDA JORNALISTA ALBERTO FRANCISCO TORRES,  335"
2018,72,331,1,8,FELIPE PEIXOTO,1660,CLUBE CENTRAL,"AVENIDA JORNALISTA ALBERTO FRANCISCO TORRES,  335"
2018,72,332,1,5,FELIPE PEIXOTO,1660,CLUBE CENTRAL,"AVENIDA JORNALISTA ALBERTO FRANCISCO TORRES,  335"
2018,72,333,1,12,FELIPE PEIXOTO,1660,CLUBE CENTRAL,"AVENIDA JORNALISTA ALBERTO FRANCISCO TORRES,  335"
2018,72,334,1,6,FELIPE PEIXOTO,1660,CLUBE CENTRAL,"AVENIDA JORNALISTA ALBERTO FRANCISCO TORRES,  335"
2018,72,335,1,9,FELIPE PEIXOTO,1660,CLUBE CENTRAL,"AVENIDA JORNALISTA ALBERTO FRANCISCO TORRES,  335"
2018,72,336,1,11,FELIPE PEIXOTO,1660,CLUBE CENTRAL,"AVENIDA JORNALISTA ALBERTO FRANCISCO TORRES,  335"
2018,72,337,1,18,FELIPE PEIXOTO,1660,CLUBE CENTRAL,"AVENIDA JORNALISTA ALBERTO FRANCISCO TORRES,  335"
2018,72,338,1,9,FELIPE PEIXOTO,1660,CLUBE CENTRAL,"AVENIDA JORNALISTA ALBERTO FRANCISCO TORRES,  335"
2018,72,339,1,11,FELIPE PEIXOTO,1660,CLUBE CENTRAL,"AVENIDA JORNALISTA ALBERTO FRANCISCO TORRES,  335"
2018,72,340,1,11,FELIPE PEIXOTO,1660,CLUBE CENTRAL,"AVENIDA JORNALISTA ALBERTO FRANCISCO TORRES,  335"
2018,72,341,1,7,FELIPE PEIXOTO,1678,ÁGUAS DE NITERÓI,RUA LEMOS CUNHA 510
2018,72,342,1,2,FELIPE PEIXOTO,1678,ÁGUAS DE NITERÓI,RUA LEMOS CUNHA 510
2018,72,343,1,3,FELIPE PEIXOTO,1678,ÁGUAS DE NITERÓI,RUA LEMOS CUNHA 510
2018,72,344,1,9,FELIPE PEIXOTO,1678,ÁGUAS DE NITERÓI,RUA LEMOS CUNHA 510
2018,72,345,1,11,FELIPE PEIXOTO,1686,ESCOLA DIVINA PROVIDENCIA,RUA TAVARES DE MACEDO 155
2018,72,346,1,9,FELIPE PEIXOTO,1686,ESCOLA DIVINA PROVIDENCIA,RUA TAVARES DE MACEDO 155
2018,72,347,1,15,FELIPE PEIXOTO,1686,ESCOLA DIVINA PROVIDENCIA,RUA TAVARES DE MACEDO 155
2018,72,348,1,14,FELIPE PEIXOTO,1686,ESCOLA DIVINA PROVIDENCIA,RUA TAVARES DE MACEDO 155
2018,72,349,1,8,FELIPE PEIXOTO,1686,ESCOLA DIVINA PROVIDENCIA,RUA TAVARES DE MACEDO 155
2018,72,35,1,6,FELIPE PEIXOTO,1112,ESCOLA ESTADUAL LEOPOLDO FROES,RUA REVERENDO ARMANDO FERREIRA  S/N
2018,72,350,1,12,FELIPE PEIXOTO,1686,ESCOLA DIVINA PROVIDENCIA,RUA TAVARES DE MACEDO 155
2018,72,351,1,10,FELIPE PEIXOTO,1686,ESCOLA DIVINA PROVIDENCIA,RUA TAVARES DE MACEDO 155
2018,72,352,1,4,FELIPE PEIXOTO,1686,ESCOLA DIVINA PROVIDENCIA,RUA TAVARES DE MACEDO 155
2018,72,353,1,5,FELIPE PEIXOTO,1694,ESCOLA MUNICIPAL PROFESSOR PAULO DE ALMEIDA CAMPOS,"RUA PEREIRA DA SILVA, 50"
2018,72,354,1,4,FELIPE PEIXOTO,1694,ESCOLA MUNICIPAL PROFESSOR PAULO DE ALMEIDA CAMPOS,"RUA PEREIRA DA SILVA, 50"
2018,72,355,1,13,FELIPE PEIXOTO,1694,ESCOLA MUNICIPAL PROFESSOR PAULO DE ALMEIDA CAMPOS,"RUA PEREIRA DA SILVA, 50"
2018,72,356,1,11,FELIPE PEIXOTO,1694,ESCOLA MUNICIPAL PROFESSOR PAULO DE ALMEIDA CAMPOS,"RUA PEREIRA DA SILVA, 50"
2018,72,357,1,14,FELIPE PEIXOTO,1708,ESCOLA MUNICIPAL JÚLIA CORTINES,RUA LOPES TROVAO 1-CAMPO DE SÃO BENTO S/N
2018,72,358,1,7,FELIPE PEIXOTO,1708,ESCOLA MUNICIPAL JÚLIA CORTINES,RUA LOPES TROVAO 1-CAMPO DE SÃO BENTO S/N
2018,72,359,1,7,FELIPE PEIXOTO,1708,ESCOLA MUNICIPAL JÚLIA CORTINES,RUA LOPES TROVAO 1-CAMPO DE SÃO BENTO S/N
2018,72,36,1,7,FELIPE PEIXOTO,1112,ESCOLA ESTADUAL LEOPOLDO FROES,RUA REVERENDO ARMANDO FERREIRA  S/N
2018,72,360,1,5,FELIPE PEIXOTO,1708,ESCOLA MUNICIPAL JÚLIA CORTINES,RUA LOPES TROVAO 1-CAMPO DE SÃO BENTO S/N
2018,72,361,1,12,FELIPE PEIXOTO,1708,ESCOLA MUNICIPAL JÚLIA CORTINES,RUA LOPES TROVAO 1-CAMPO DE SÃO BENTO S/N
2018,72,362,1,7,FELIPE PEIXOTO,1708,ESCOLA MUNICIPAL JÚLIA CORTINES,RUA LOPES TROVAO 1-CAMPO DE SÃO BENTO S/N
2018,72,363,1,5,FELIPE PEIXOTO,1708,ESCOLA MUNICIPAL JÚLIA CORTINES,RUA LOPES TROVAO 1-CAMPO DE SÃO BENTO S/N
2018,72,364,1,2,FELIPE PEIXOTO,1708,ESCOLA MUNICIPAL JÚLIA CORTINES,RUA LOPES TROVAO 1-CAMPO DE SÃO BENTO S/N
2018,72,365,1,3,FELIPE PEIXOTO,1708,ESCOLA MUNICIPAL JÚLIA CORTINES,RUA LOPES TROVAO 1-CAMPO DE SÃO BENTO S/N
2018,72,366,1,6,FELIPE PEIXOTO,1708,ESCOLA MUNICIPAL JÚLIA CORTINES,RUA LOPES TROVAO 1-CAMPO DE SÃO BENTO S/N
2018,72,367,1,5,FELIPE PEIXOTO,1708,ESCOLA MUNICIPAL JÚLIA CORTINES,RUA LOPES TROVAO 1-CAMPO DE SÃO BENTO S/N
2018,72,368,1,3,FELIPE PEIXOTO,1708,ESCOLA MUNICIPAL JÚLIA CORTINES,RUA LOPES TROVAO 1-CAMPO DE SÃO BENTO S/N
2018,72,369,1,5,FELIPE PEIXOTO,1708,ESCOLA MUNICIPAL JÚLIA CORTINES,RUA LOPES TROVAO 1-CAMPO DE SÃO BENTO S/N
2018,72,37,1,6,FELIPE PEIXOTO,1112,ESCOLA ESTADUAL LEOPOLDO FROES,RUA REVERENDO ARMANDO FERREIRA  S/N
2018,72,370,1,4,FELIPE PEIXOTO,1708,ESCOLA MUNICIPAL JÚLIA CORTINES,RUA LOPES TROVAO 1-CAMPO DE SÃO BENTO S/N
2018,72,371,1,5,FELIPE PEIXOTO,1708,ESCOLA MUNICIPAL JÚLIA CORTINES,RUA LOPES TROVAO 1-CAMPO DE SÃO BENTO S/N
2018,72,372,1,3,FELIPE PEIXOTO,1708,ESCOLA MUNICIPAL JÚLIA CORTINES,RUA LOPES TROVAO 1-CAMPO DE SÃO BENTO S/N
2018,72,373,1,5,FELIPE PEIXOTO,1708,ESCOLA MUNICIPAL JÚLIA CORTINES,RUA LOPES TROVAO 1-CAMPO DE SÃO BENTO S/N
2018,72,374,1,3,FELIPE PEIXOTO,1708,ESCOLA MUNICIPAL JÚLIA CORTINES,RUA LOPES TROVAO 1-CAMPO DE SÃO BENTO S/N
2018,72,375,1,2,FELIPE PEIXOTO,1708,ESCOLA MUNICIPAL JÚLIA CORTINES,RUA LOPES TROVAO 1-CAMPO DE SÃO BENTO S/N
2018,72,376,1,6,FELIPE PEIXOTO,1708,ESCOLA MUNICIPAL JÚLIA CORTINES,RUA LOPES TROVAO 1-CAMPO DE SÃO BENTO S/N
2018,72,377,1,5,FELIPE PEIXOTO,1708,ESCOLA MUNICIPAL JÚLIA CORTINES,RUA LOPES TROVAO 1-CAMPO DE SÃO BENTO S/N
2018,72,378,1,4,FELIPE PEIXOTO,1716,ESCOLA VIVINFÂNCIA,RUA GAVIÃO PEIXOTO 384
2018,72,379,1,8,FELIPE PEIXOTO,1716,ESCOLA VIVINFÂNCIA,RUA GAVIÃO PEIXOTO 384
2018,72,38,1,5,FELIPE PEIXOTO,1112,ESCOLA ESTADUAL LEOPOLDO FROES,RUA REVERENDO ARMANDO FERREIRA  S/N
2018,72,380,1,9,FELIPE PEIXOTO,1716,ESCOLA VIVINFÂNCIA,RUA GAVIÃO PEIXOTO 384
2018,72,381,1,10,FELIPE PEIXOTO,1716,ESCOLA VIVINFÂNCIA,RUA GAVIÃO PEIXOTO 384
2018,72,382,1,12,FELIPE PEIXOTO,1724,AABB,RUA HÉLIO DA SILVA CARNEIRO 78
2018,72,383,1,8,FELIPE PEIXOTO,1724,AABB,RUA HÉLIO DA SILVA CARNEIRO 78
2018,72,384,1,9,FELIPE PEIXOTO,1724,AABB,RUA HÉLIO DA SILVA CARNEIRO 78
2018,72,385,1,16,FELIPE PEIXOTO,1724,AABB,RUA HÉLIO DA SILVA CARNEIRO 78
2018,72,386,1,4,FELIPE PEIXOTO,1724,AABB,RUA HÉLIO DA SILVA CARNEIRO 78
2018,72,387,1,8,FELIPE PEIXOTO,1724,AABB,RUA HÉLIO DA SILVA CARNEIRO 78
2018,72,388,1,8,FELIPE PEIXOTO,1724,AABB,RUA HÉLIO DA SILVA CARNEIRO 78
2018,72,389,1,6,FELIPE PEIXOTO,1724,AABB,RUA HÉLIO DA SILVA CARNEIRO 78
2018,72,39,1,12,FELIPE PEIXOTO,1112,ESCOLA ESTADUAL LEOPOLDO FROES,RUA REVERENDO ARMANDO FERREIRA  S/N
2018,72,390,1,5,FELIPE PEIXOTO,1732,CLUBE NAVAL,AVENIDA CARLOS ERMELINDO MARINS 68
2018,72,391,1,5,FELIPE PEIXOTO,1732,CLUBE NAVAL,AVENIDA CARLOS ERMELINDO MARINS 68
2018,72,392,1,5,FELIPE PEIXOTO,1732,CLUBE NAVAL,AVENIDA CARLOS ERMELINDO MARINS 68
2018,72,393,1,10,FELIPE PEIXOTO,1732,CLUBE NAVAL,AVENIDA CARLOS ERMELINDO MARINS 68
2018,72,394,1,4,FELIPE PEIXOTO,1732,CLUBE NAVAL,AVENIDA CARLOS ERMELINDO MARINS 68
2018,72,395,1,5,FELIPE PEIXOTO,1732,CLUBE NAVAL,AVENIDA CARLOS ERMELINDO MARINS 68
2018,72,396,1,2,FELIPE PEIXOTO,1732,CLUBE NAVAL,AVENIDA CARLOS ERMELINDO MARINS 68
2018,72,397,1,4,FELIPE PEIXOTO,1732,CLUBE NAVAL,AVENIDA CARLOS ERMELINDO MARINS 68
2018,72,398,1,1,FELIPE PEIXOTO,1732,CLUBE NAVAL,AVENIDA CARLOS ERMELINDO MARINS 68
2018,72,399,1,5,FELIPE PEIXOTO,1732,CLUBE NAVAL,AVENIDA CARLOS ERMELINDO MARINS 68
2018,72,40,1,8,FELIPE PEIXOTO,1112,ESCOLA ESTADUAL LEOPOLDO FROES,RUA REVERENDO ARMANDO FERREIRA  S/N
2018,72,400,1,8,FELIPE PEIXOTO,1732,CLUBE NAVAL,AVENIDA CARLOS ERMELINDO MARINS 68
2018,72,401,1,4,FELIPE PEIXOTO,1732,CLUBE NAVAL,AVENIDA CARLOS ERMELINDO MARINS 68
2018,72,402,1,3,FELIPE PEIXOTO,1732,CLUBE NAVAL,AVENIDA CARLOS ERMELINDO MARINS 68
2018,72,403,1,2,FELIPE PEIXOTO,1732,CLUBE NAVAL,AVENIDA CARLOS ERMELINDO MARINS 68
2018,72,404,1,6,FELIPE PEIXOTO,1732,CLUBE NAVAL,AVENIDA CARLOS ERMELINDO MARINS 68
2018,72,405,1,6,FELIPE PEIXOTO,1732,CLUBE NAVAL,AVENIDA CARLOS ERMELINDO MARINS 68
2018,72,406,1,5,FELIPE PEIXOTO,1732,CLUBE NAVAL,AVENIDA CARLOS ERMELINDO MARINS 68
2018,72,407,1,7,FELIPE PEIXOTO,1732,CLUBE NAVAL,AVENIDA CARLOS ERMELINDO MARINS 68
2018,72,408,1,3,FELIPE PEIXOTO,1732,CLUBE NAVAL,AVENIDA CARLOS ERMELINDO MARINS 68
2018,72,409,1,4,FELIPE PEIXOTO,1732,CLUBE NAVAL,AVENIDA CARLOS ERMELINDO MARINS 68
2018,72,41,1,13,FELIPE PEIXOTO,1112,ESCOLA ESTADUAL LEOPOLDO FROES,RUA REVERENDO ARMANDO FERREIRA  S/N
2018,72,410,1,16,FELIPE PEIXOTO,1740,COLÉGIO GAUSS,AV. ALMIRANTE ARY PARREIRAS 73
2018,72,411,1,9,FELIPE PEIXOTO,1740,COLÉGIO GAUSS,AV. ALMIRANTE ARY PARREIRAS 73
2018,72,412,1,10,FELIPE PEIXOTO,1740,COLÉGIO GAUSS,AV. ALMIRANTE ARY PARREIRAS 73
2018,72,413,1,8,FELIPE PEIXOTO,1740,COLÉGIO GAUSS,AV. ALMIRANTE ARY PARREIRAS 73
2018,72,414,1,10,FELIPE PEIXOTO,1740,COLÉGIO GAUSS,AV. ALMIRANTE ARY PARREIRAS 73
2018,72,415,1,5,FELIPE PEIXOTO,1740,COLÉGIO GAUSS,AV. ALMIRANTE ARY PARREIRAS 73
2018,72,416,1,10,FELIPE PEIXOTO,1740,COLÉGIO GAUSS,AV. ALMIRANTE ARY PARREIRAS 73
2018,72,417,1,9,FELIPE PEIXOTO,1740,COLÉGIO GAUSS,AV. ALMIRANTE ARY PARREIRAS 73
2018,72,418,1,13,FELIPE PEIXOTO,1740,COLÉGIO GAUSS,AV. ALMIRANTE ARY PARREIRAS 73
2018,72,419,1,10,FELIPE PEIXOTO,1759,COLÉGIO MV1,RUA GAVIÃO PEIXOTO 398
2018,72,42,1,3,FELIPE PEIXOTO,1112,ESCOLA ESTADUAL LEOPOLDO FROES,RUA REVERENDO ARMANDO FERREIRA  S/N
2018,72,420,1,4,FELIPE PEIXOTO,1759,COLÉGIO MV1,RUA GAVIÃO PEIXOTO 398
2018,72,421,1,6,FELIPE PEIXOTO,1759,COLÉGIO MV1,RUA GAVIÃO PEIXOTO 398
2018,72,422,1,7,FELIPE PEIXOTO,1759,COLÉGIO MV1,RUA GAVIÃO PEIXOTO 398
2018,72,423,1,7,FELIPE PEIXOTO,1759,COLÉGIO MV1,RUA GAVIÃO PEIXOTO 398
2018,72,424,1,13,FELIPE PEIXOTO,1759,COLÉGIO MV1,RUA GAVIÃO PEIXOTO 398
2018,72,425,1,9,FELIPE PEIXOTO,1759,COLÉGIO MV1,RUA GAVIÃO PEIXOTO 398
2018,72,426,1,8,FELIPE PEIXOTO,1759,COLÉGIO MV1,RUA GAVIÃO PEIXOTO 398
2018,72,427,1,4,FELIPE PEIXOTO,1759,COLÉGIO MV1,RUA GAVIÃO PEIXOTO 398
2018,72,428,1,9,FELIPE PEIXOTO,1759,COLÉGIO MV1,RUA GAVIÃO PEIXOTO 398
2018,72,429,1,11,FELIPE PEIXOTO,1759,COLÉGIO MV1,RUA GAVIÃO PEIXOTO 398
2018,72,43,1,5,FELIPE PEIXOTO,1112,ESCOLA ESTADUAL LEOPOLDO FROES,RUA REVERENDO ARMANDO FERREIRA  S/N
2018,72,430,1,5,FELIPE PEIXOTO,1759,COLÉGIO MV1,RUA GAVIÃO PEIXOTO 398
2018,72,431,1,12,FELIPE PEIXOTO,1759,COLÉGIO MV1,RUA GAVIÃO PEIXOTO 398
2018,72,432,1,9,FELIPE PEIXOTO,1759,COLÉGIO MV1,RUA GAVIÃO PEIXOTO 398
2018,72,433,1,1,FELIPE PEIXOTO,1759,COLÉGIO MV1,RUA GAVIÃO PEIXOTO 398
2018,72,434,1,8,FELIPE PEIXOTO,1759,COLÉGIO MV1,RUA GAVIÃO PEIXOTO 398
2018,72,435,1,10,FELIPE PEIXOTO,1759,COLÉGIO MV1,RUA GAVIÃO PEIXOTO 398
2018,72,436,1,4,FELIPE PEIXOTO,1759,COLÉGIO MV1,RUA GAVIÃO PEIXOTO 398
2018,72,437,1,7,FELIPE PEIXOTO,1767,COLÉGIO ASSUNÇÃO,RUA GENERAL RONDON 842
2018,72,438,1,8,FELIPE PEIXOTO,1767,COLÉGIO ASSUNÇÃO,RUA GENERAL RONDON 842
2018,72,439,1,10,FELIPE PEIXOTO,1767,COLÉGIO ASSUNÇÃO,RUA GENERAL RONDON 842
2018,72,440,1,14,FELIPE PEIXOTO,1767,COLÉGIO ASSUNÇÃO,RUA GENERAL RONDON 842
2018,72,441,1,16,FELIPE PEIXOTO,1767,COLÉGIO ASSUNÇÃO,RUA GENERAL RONDON 842
2018,72,442,1,7,FELIPE PEIXOTO,1767,COLÉGIO ASSUNÇÃO,RUA GENERAL RONDON 842
2018,72,443,1,9,FELIPE PEIXOTO,1767,COLÉGIO ASSUNÇÃO,RUA GENERAL RONDON 842
2018,72,444,1,8,FELIPE PEIXOTO,1767,COLÉGIO ASSUNÇÃO,RUA GENERAL RONDON 842
2018,72,445,1,5,FELIPE PEIXOTO,1767,COLÉGIO ASSUNÇÃO,RUA GENERAL RONDON 842
2018,72,446,1,10,FELIPE PEIXOTO,1767,COLÉGIO ASSUNÇÃO,RUA GENERAL RONDON 842
2018,72,447,1,18,FELIPE PEIXOTO,1767,COLÉGIO ASSUNÇÃO,RUA GENERAL RONDON 842
2018,72,448,1,8,FELIPE PEIXOTO,1767,COLÉGIO ASSUNÇÃO,RUA GENERAL RONDON 842
2018,72,449,1,9,FELIPE PEIXOTO,1767,COLÉGIO ASSUNÇÃO,RUA GENERAL RONDON 842
2018,72,450,1,7,FELIPE PEIXOTO,1767,COLÉGIO ASSUNÇÃO,RUA GENERAL RONDON 842
2018,72,451,1,8,FELIPE PEIXOTO,1767,COLÉGIO ASSUNÇÃO,RUA GENERAL RONDON 842
2018,72,452,1,7,FELIPE PEIXOTO,1775,ESCOLA ESTADUAL CIZÍNIO SOARES PINTO,RUA PRESIDENTE ROOSEVELT 2
2018,72,453,1,8,FELIPE PEIXOTO,1775,ESCOLA ESTADUAL CIZÍNIO SOARES PINTO,RUA PRESIDENTE ROOSEVELT 2
2018,72,454,1,7,FELIPE PEIXOTO,1775,ESCOLA ESTADUAL CIZÍNIO SOARES PINTO,RUA PRESIDENTE ROOSEVELT 2
2018,72,455,1,7,FELIPE PEIXOTO,1775,ESCOLA ESTADUAL CIZÍNIO SOARES PINTO,RUA PRESIDENTE ROOSEVELT 2
2018,72,456,1,12,FELIPE PEIXOTO,1775,ESCOLA ESTADUAL CIZÍNIO SOARES PINTO,RUA PRESIDENTE ROOSEVELT 2
2018,72,457,1,10,FELIPE PEIXOTO,1775,ESCOLA ESTADUAL CIZÍNIO SOARES PINTO,RUA PRESIDENTE ROOSEVELT 2
2018,72,458,1,4,FELIPE PEIXOTO,1775,ESCOLA ESTADUAL CIZÍNIO SOARES PINTO,RUA PRESIDENTE ROOSEVELT 2
2018,72,459,1,10,FELIPE PEIXOTO,1783,SOCIEDADE BRASILEIRA DE CULTURA INGLESA,RUA OTAVIO CARNEIRO 23
2018,72,460,1,10,FELIPE PEIXOTO,1783,SOCIEDADE BRASILEIRA DE CULTURA INGLESA,RUA OTAVIO CARNEIRO 23
2018,72,461,1,12,FELIPE PEIXOTO,1783,SOCIEDADE BRASILEIRA DE CULTURA INGLESA,RUA OTAVIO CARNEIRO 23
2018,72,462,1,11,FELIPE PEIXOTO,1783,SOCIEDADE BRASILEIRA DE CULTURA INGLESA,RUA OTAVIO CARNEIRO 23
2018,72,463,1,5,FELIPE PEIXOTO,1554,JARDIM ESCOLA GIRASSÓIS,"ESTRADA CAETANO MONTEIRO, 820"
2018,72,5,1,2,FELIPE PEIXOTO,1015,ESCOLA ESTADUAL DR LUCIANO PESTRE,AV PASTOR JOSE GOMES DE SOUZA S/N
2018,72,52,1,6,FELIPE PEIXOTO,1147,ESCOLA MUNICIPAL VERA LUCIA MACHADO,RUA ALDEMAR DE PAIVA LOTE 7 E 8
2018,72,53,1,6,FELIPE PEIXOTO,1147,ESCOLA MUNICIPAL VERA LUCIA MACHADO,RUA ALDEMAR DE PAIVA LOTE 7 E 8
2018,72,54,1,5,FELIPE PEIXOTO,1074,COLEGIO ESTADUAL PAULO ASSIS RIBEIRO,ESTRADA CAETANO MONTEIRO 814
2018,72,55,1,9,FELIPE PEIXOTO,1074,COLEGIO ESTADUAL PAULO ASSIS RIBEIRO,ESTRADA CAETANO MONTEIRO 814
2018,72,56,1,8,FELIPE PEIXOTO,1074,COLEGIO ESTADUAL PAULO ASSIS RIBEIRO,ESTRADA CAETANO MONTEIRO 814
2018,72,57,1,7,FELIPE PEIXOTO,1112,ESCOLA ESTADUAL LEOPOLDO FROES,RUA REVERENDO ARMANDO FERREIRA  S/N
2018,72,58,1,5,FELIPE PEIXOTO,1112,ESCOLA ESTADUAL LEOPOLDO FROES,RUA REVERENDO ARMANDO FERREIRA  S/N
2018,72,59,1,3,FELIPE PEIXOTO,1112,ESCOLA ESTADUAL LEOPOLDO FROES,RUA REVERENDO ARMANDO FERREIRA  S/N
2018,72,6,1,4,FELIPE PEIXOTO,1015,ESCOLA ESTADUAL DR LUCIANO PESTRE,AV PASTOR JOSE GOMES DE SOUZA S/N
2018,72,60,1,10,FELIPE PEIXOTO,1112,ESCOLA ESTADUAL LEOPOLDO FROES,RUA REVERENDO ARMANDO FERREIRA  S/N
2018,72,61,1,5,FELIPE PEIXOTO,1112,ESCOLA ESTADUAL LEOPOLDO FROES,RUA REVERENDO ARMANDO FERREIRA  S/N
2018,72,62,1,7,FELIPE PEIXOTO,1112,ESCOLA ESTADUAL LEOPOLDO FROES,RUA REVERENDO ARMANDO FERREIRA  S/N
2018,72,63,1,2,FELIPE PEIXOTO,1171,ESCOLA MUNICIPAL ANTONIO COUTINHO DE AZEVEDO,AV DES NESTOR RODRIGUES PERLINGEIRO S/N
2018,72,64,1,2,FELIPE PEIXOTO,1171,ESCOLA MUNICIPAL ANTONIO COUTINHO DE AZEVEDO,AV DES NESTOR RODRIGUES PERLINGEIRO S/N
2018,72,65,1,2,FELIPE PEIXOTO,1171,ESCOLA MUNICIPAL ANTONIO COUTINHO DE AZEVEDO,AV DES NESTOR RODRIGUES PERLINGEIRO S/N
2018,72,66,1,2,FELIPE PEIXOTO,1171,ESCOLA MUNICIPAL ANTONIO COUTINHO DE AZEVEDO,AV DES NESTOR RODRIGUES PERLINGEIRO S/N
2018,72,67,1,1,FELIPE PEIXOTO,1171,ESCOLA MUNICIPAL ANTONIO COUTINHO DE AZEVEDO,AV DES NESTOR RODRIGUES PERLINGEIRO S/N
2018,72,68,1,8,FELIPE PEIXOTO,1180,ESCOLA MUNICIPAL RACHIDE DA GLORIA SALIM SAKER,RUA JANDIRA PEREIRA 620
2018,72,69,1,2,FELIPE PEIXOTO,1180,ESCOLA MUNICIPAL RACHIDE DA GLORIA SALIM SAKER,RUA JANDIRA PEREIRA 620
2018,72,7,1,4,FELIPE PEIXOTO,1040,CIEP 447 - CARAMUJO,RODOVIA AMARAL PEIXOTO KM 2
2018,72,70,1,3,FELIPE PEIXOTO,1180,ESCOLA MUNICIPAL RACHIDE DA GLORIA SALIM SAKER,RUA JANDIRA PEREIRA 620
2018,72,71,1,7,FELIPE PEIXOTO,1180,ESCOLA MUNICIPAL RACHIDE DA GLORIA SALIM SAKER,RUA JANDIRA PEREIRA 620
2018,72,8,1,4,FELIPE PEIXOTO,1040,CIEP 447 - CARAMUJO,RODOVIA AMARAL PEIXOTO KM 2
2018,72,9,1,1,FELIPE PEIXOTO,1040,CIEP 447 - CARAMUJO,RODOVIA AMARAL PEIXOTO KM 2
2020,144,1,1,12,FELIPE PEIXOTO,1171,ESCOLA ESTADUAL MENEZES VIEIRA,RUA ASSIS DE VASCONCELOS N 30
2020,144,10,1,12,FELIPE PEIXOTO,1031,(PRÉDIO NOVO) COLÉGIO PEDRO II UNIDADE NITERÓI,RUA ASSIS DE VASCONCELOS S/N
2020,144,100,1,26,FELIPE PEIXOTO,1031,(PRÉDIO NOVO) COLÉGIO PEDRO II UNIDADE NITERÓI,RUA ASSIS DE VASCONCELOS S/N
2020,144,106,1,18,FELIPE PEIXOTO,1317,IGREJA BATISTA BETEL DE NITERÓI,RUA DANIEL TORRES 72
2020,144,107,1,7,FELIPE PEIXOTO,1350,PAROQUIA NOSSA SENHORA MAE DA DIVINA PROVIDENCIA,RUA DOM ANTONIO DE ALMEIDA MORAES JR. 125
2020,144,109,1,18,FELIPE PEIXOTO,1236,COLÉGIO ESTADUAL MULLULO DA VEIGA,RUA CORONEL GUIMARÃES 505
2020,144,11,1,11,FELIPE PEIXOTO,1031,(PRÉDIO NOVO) COLÉGIO PEDRO II UNIDADE NITERÓI,RUA ASSIS DE VASCONCELOS S/N
2020,144,110,1,26,FELIPE PEIXOTO,1031,(PRÉDIO NOVO) COLÉGIO PEDRO II UNIDADE NITERÓI,RUA ASSIS DE VASCONCELOS S/N
2020,144,111,1,10,FELIPE PEIXOTO,1350,PAROQUIA NOSSA SENHORA MAE DA DIVINA PROVIDENCIA,RUA DOM ANTONIO DE ALMEIDA MORAES JR. 125
2020,144,112,1,9,FELIPE PEIXOTO,1350,PAROQUIA NOSSA SENHORA MAE DA DIVINA PROVIDENCIA,RUA DOM ANTONIO DE ALMEIDA MORAES JR. 125
2020,144,113,1,13,FELIPE PEIXOTO,1252,ESCOLA MUNICIPAL ADELINO MAGALHÃES,"RUA DR. NELSON PENA, 17"
2020,144,115,1,18,FELIPE PEIXOTO,1252,ESCOLA MUNICIPAL ADELINO MAGALHÃES,"RUA DR. NELSON PENA, 17"
2020,144,116,1,14,FELIPE PEIXOTO,1210,TIO SAM ESPORTE CLUBE,RUA BENJAMIM CONSTANT 562
2020,144,117,1,10,FELIPE PEIXOTO,1210,TIO SAM ESPORTE CLUBE,RUA BENJAMIM CONSTANT 562
2020,144,118,1,11,FELIPE PEIXOTO,1210,TIO SAM ESPORTE CLUBE,RUA BENJAMIM CONSTANT 562
2020,144,119,1,10,FELIPE PEIXOTO,1210,TIO SAM ESPORTE CLUBE,RUA BENJAMIM CONSTANT 562
2020,144,120,1,15,FELIPE PEIXOTO,1210,TIO SAM ESPORTE CLUBE,RUA BENJAMIM CONSTANT 562
2020,144,121,1,11,FELIPE PEIXOTO,1210,TIO SAM ESPORTE CLUBE,RUA BENJAMIM CONSTANT 562
2020,144,122,1,23,FELIPE PEIXOTO,1023,PAROQUIA DE SAO JOAO BATISTA,RUA DR. MARCH 666
2020,144,123,1,26,FELIPE PEIXOTO,1171,ESCOLA ESTADUAL MENEZES VIEIRA,RUA ASSIS DE VASCONCELOS N 30
2020,144,125,1,18,FELIPE PEIXOTO,1031,(PRÉDIO NOVO) COLÉGIO PEDRO II UNIDADE NITERÓI,RUA ASSIS DE VASCONCELOS S/N
2020,144,127,1,11,FELIPE PEIXOTO,1210,TIO SAM ESPORTE CLUBE,RUA BENJAMIM CONSTANT 562
2020,144,128,1,24,FELIPE PEIXOTO,1031,(PRÉDIO NOVO) COLÉGIO PEDRO II UNIDADE NITERÓI,RUA ASSIS DE VASCONCELOS S/N
2020,144,129,1,21,FELIPE PEIXOTO,1236,COLÉGIO ESTADUAL MULLULO DA VEIGA,RUA CORONEL GUIMARÃES 505
2020,144,13,1,11,FELIPE PEIXOTO,1031,(PRÉDIO NOVO) COLÉGIO PEDRO II UNIDADE NITERÓI,RUA ASSIS DE VASCONCELOS S/N
2020,144,130,1,26,FELIPE PEIXOTO,1104,ESCOLA MUNICIPAL ALTIVO CESAR,"RUA DR. LUIZ PALMIER, 25"
2020,144,131,1,6,FELIPE PEIXOTO,1031,(PRÉDIO NOVO) COLÉGIO PEDRO II UNIDADE NITERÓI,RUA ASSIS DE VASCONCELOS S/N
2020,144,134,1,14,FELIPE PEIXOTO,1163,COLÉGIO ESTADUAL CONSELHEIRO MACEDO SOARES,RUA DR. MARCH 392
2020,144,135,1,20,FELIPE PEIXOTO,1252,ESCOLA MUNICIPAL ADELINO MAGALHÃES,"RUA DR. NELSON PENA, 17"
2020,144,136,1,12,FELIPE PEIXOTO,1210,TIO SAM ESPORTE CLUBE,RUA BENJAMIM CONSTANT 562
2020,144,137,1,19,FELIPE PEIXOTO,1090,ESCOLA TÉCNICA ESTADUAL HENRIQUE LAGE,RUA GUIMARÃES JUNIOR 182
2020,144,138,1,15,FELIPE PEIXOTO,1449,INSTITUTO SÃO BENTO DE NITEROI,RUA VEREADOR DUQUE ESTRADA 28
2020,144,139,1,14,FELIPE PEIXOTO,1449,INSTITUTO SÃO BENTO DE NITEROI,RUA VEREADOR DUQUE ESTRADA 28
2020,144,14,1,7,FELIPE PEIXOTO,1031,(PRÉDIO NOVO) COLÉGIO PEDRO II UNIDADE NITERÓI,RUA ASSIS DE VASCONCELOS S/N
2020,144,140,1,11,FELIPE PEIXOTO,1449,INSTITUTO SÃO BENTO DE NITEROI,RUA VEREADOR DUQUE ESTRADA 28
2020,144,141,1,16,FELIPE PEIXOTO,1449,INSTITUTO SÃO BENTO DE NITEROI,RUA VEREADOR DUQUE ESTRADA 28
2020,144,142,1,19,FELIPE PEIXOTO,1449,INSTITUTO SÃO BENTO DE NITEROI,RUA VEREADOR DUQUE ESTRADA 28
2020,144,143,1,20,FELIPE PEIXOTO,1449,INSTITUTO SÃO BENTO DE NITEROI,RUA VEREADOR DUQUE ESTRADA 28
2020,144,144,1,10,FELIPE PEIXOTO,1449,INSTITUTO SÃO BENTO DE NITEROI,RUA VEREADOR DUQUE ESTRADA 28
2020,144,145,1,10,FELIPE PEIXOTO,1449,INSTITUTO SÃO BENTO DE NITEROI,RUA VEREADOR DUQUE ESTRADA 28
2020,144,146,1,17,FELIPE PEIXOTO,1449,INSTITUTO SÃO BENTO DE NITEROI,RUA VEREADOR DUQUE ESTRADA 28
2020,144,147,1,14,FELIPE PEIXOTO,1449,INSTITUTO SÃO BENTO DE NITEROI,RUA VEREADOR DUQUE ESTRADA 28
2020,144,148,1,19,FELIPE PEIXOTO,1449,INSTITUTO SÃO BENTO DE NITEROI,RUA VEREADOR DUQUE ESTRADA 28
2020,144,149,1,20,FELIPE PEIXOTO,1457,ESCOLA ESTADUAL MACHADO DE ASSIS,RUA DESEMBARGADOR LIMA CASTRO 97
2020,144,15,1,6,FELIPE PEIXOTO,1031,(PRÉDIO NOVO) COLÉGIO PEDRO II UNIDADE NITERÓI,RUA ASSIS DE VASCONCELOS S/N
2020,144,150,1,19,FELIPE PEIXOTO,1457,ESCOLA ESTADUAL MACHADO DE ASSIS,RUA DESEMBARGADOR LIMA CASTRO 97
2020,144,151,1,18,FELIPE PEIXOTO,1457,ESCOLA ESTADUAL MACHADO DE ASSIS,RUA DESEMBARGADOR LIMA CASTRO 97
2020,144,152,1,14,FELIPE PEIXOTO,1457,ESCOLA ESTADUAL MACHADO DE ASSIS,RUA DESEMBARGADOR LIMA CASTRO 97
2020,144,153,1,11,FELIPE PEIXOTO,1457,ESCOLA ESTADUAL MACHADO DE ASSIS,RUA DESEMBARGADOR LIMA CASTRO 97
2020,144,154,1,19,FELIPE PEIXOTO,1457,ESCOLA ESTADUAL MACHADO DE ASSIS,RUA DESEMBARGADOR LIMA CASTRO 97
2020,144,155,1,13,FELIPE PEIXOTO,1457,ESCOLA ESTADUAL MACHADO DE ASSIS,RUA DESEMBARGADOR LIMA CASTRO 97
2020,144,156,1,18,FELIPE PEIXOTO,1457,ESCOLA ESTADUAL MACHADO DE ASSIS,RUA DESEMBARGADOR LIMA CASTRO 97
2020,144,157,1,18,FELIPE PEIXOTO,1457,ESCOLA ESTADUAL MACHADO DE ASSIS,RUA DESEMBARGADOR LIMA CASTRO 97
2020,144,158,1,16,FELIPE PEIXOTO,1457,ESCOLA ESTADUAL MACHADO DE ASSIS,RUA DESEMBARGADOR LIMA CASTRO 97
2020,144,159,1,14,FELIPE PEIXOTO,1457,ESCOLA ESTADUAL MACHADO DE ASSIS,RUA DESEMBARGADOR LIMA CASTRO 97
2020,144,16,1,19,FELIPE PEIXOTO,1112,ESCOLA MUNICIPAL TIRADENTES,"RUA DR. MARCH, 628"
2020,144,160,1,13,FELIPE PEIXOTO,1457,ESCOLA ESTADUAL MACHADO DE ASSIS,RUA DESEMBARGADOR LIMA CASTRO 97
2020,144,161,1,15,FELIPE PEIXOTO,1457,ESCOLA ESTADUAL MACHADO DE ASSIS,RUA DESEMBARGADOR LIMA CASTRO 97
2020,144,163,1,11,FELIPE PEIXOTO,1473,ESCOLA ESTADUAL JOSE BONIFACIO,RUA CARLOS MAXIMIANO 20
2020,144,164,1,15,FELIPE PEIXOTO,1473,ESCOLA ESTADUAL JOSE BONIFACIO,RUA CARLOS MAXIMIANO 20
2020,144,165,1,15,FELIPE PEIXOTO,1473,ESCOLA ESTADUAL JOSE BONIFACIO,RUA CARLOS MAXIMIANO 20
2020,144,166,1,14,FELIPE PEIXOTO,1473,ESCOLA ESTADUAL JOSE BONIFACIO,RUA CARLOS MAXIMIANO 20
2020,144,167,1,20,FELIPE PEIXOTO,1473,ESCOLA ESTADUAL JOSE BONIFACIO,RUA CARLOS MAXIMIANO 20
2020,144,168,1,21,FELIPE PEIXOTO,1473,ESCOLA ESTADUAL JOSE BONIFACIO,RUA CARLOS MAXIMIANO 20
2020,144,169,1,13,FELIPE PEIXOTO,1473,ESCOLA ESTADUAL JOSE BONIFACIO,RUA CARLOS MAXIMIANO 20
2020,144,17,1,18,FELIPE PEIXOTO,1112,ESCOLA MUNICIPAL TIRADENTES,"RUA DR. MARCH, 628"
2020,144,170,1,15,FELIPE PEIXOTO,1473,ESCOLA ESTADUAL JOSE BONIFACIO,RUA CARLOS MAXIMIANO 20
2020,144,171,1,4,FELIPE PEIXOTO,1473,ESCOLA ESTADUAL JOSE BONIFACIO,RUA CARLOS MAXIMIANO 20
2020,144,172,1,20,FELIPE PEIXOTO,1473,ESCOLA ESTADUAL JOSE BONIFACIO,RUA CARLOS MAXIMIANO 20
2020,144,173,1,16,FELIPE PEIXOTO,1473,ESCOLA ESTADUAL JOSE BONIFACIO,RUA CARLOS MAXIMIANO 20
2020,144,174,1,14,FELIPE PEIXOTO,1473,ESCOLA ESTADUAL JOSE BONIFACIO,RUA CARLOS MAXIMIANO 20
2020,144,175,1,17,FELIPE PEIXOTO,1473,ESCOLA ESTADUAL JOSE BONIFACIO,RUA CARLOS MAXIMIANO 20
2020,144,176,1,13,FELIPE PEIXOTO,1473,ESCOLA ESTADUAL JOSE BONIFACIO,RUA CARLOS MAXIMIANO 20
2020,144,177,1,17,FELIPE PEIXOTO,1473,ESCOLA ESTADUAL JOSE BONIFACIO,RUA CARLOS MAXIMIANO 20
2020,144,179,1,30,FELIPE PEIXOTO,1481,GRUPO ESCOLAR EMBAIXADOR RAUL FERNANDES,"RUA RIODADES, 253"
2020,144,18,1,15,FELIPE PEIXOTO,1171,ESCOLA ESTADUAL MENEZES VIEIRA,RUA ASSIS DE VASCONCELOS N 30
2020,144,181,1,9,FELIPE PEIXOTO,1481,GRUPO ESCOLAR EMBAIXADOR RAUL FERNANDES,"RUA RIODADES, 253"
2020,144,182,1,17,FELIPE PEIXOTO,1481,GRUPO ESCOLAR EMBAIXADOR RAUL FERNANDES,"RUA RIODADES, 253"
2020,144,183,1,14,FELIPE PEIXOTO,1481,GRUPO ESCOLAR EMBAIXADOR RAUL FERNANDES,"RUA RIODADES, 253"
2020,144,186,1,18,FELIPE PEIXOTO,1481,GRUPO ESCOLAR EMBAIXADOR RAUL FERNANDES,"RUA RIODADES, 253"
2020,144,187,1,14,FELIPE PEIXOTO,1481,GRUPO ESCOLAR EMBAIXADOR RAUL FERNANDES,"RUA RIODADES, 253"
2020,144,189,1,17,FELIPE PEIXOTO,1490,IGREJA BATISTA DO FONSECA,ALAMEDA SAO BOAVENTURA  937
2020,144,190,1,8,FELIPE PEIXOTO,1490,IGREJA BATISTA DO FONSECA,ALAMEDA SAO BOAVENTURA  937
2020,144,191,1,11,FELIPE PEIXOTO,1490,IGREJA BATISTA DO FONSECA,ALAMEDA SAO BOAVENTURA  937
2020,144,192,1,14,FELIPE PEIXOTO,1490,IGREJA BATISTA DO FONSECA,ALAMEDA SAO BOAVENTURA  937
2020,144,193,1,12,FELIPE PEIXOTO,1490,IGREJA BATISTA DO FONSECA,ALAMEDA SAO BOAVENTURA  937
2020,144,194,1,19,FELIPE PEIXOTO,1503,SERVICO DE ASSISTENCIA SOCIAL SAO DOMINGOS SAVIO,RUA MARTINS TORRES 223
2020,144,195,1,15,FELIPE PEIXOTO,1503,SERVICO DE ASSISTENCIA SOCIAL SAO DOMINGOS SAVIO,RUA MARTINS TORRES 223
2020,144,196,1,14,FELIPE PEIXOTO,1503,SERVICO DE ASSISTENCIA SOCIAL SAO DOMINGOS SAVIO,RUA MARTINS TORRES 223
2020,144,197,1,17,FELIPE PEIXOTO,1503,SERVICO DE ASSISTENCIA SOCIAL SAO DOMINGOS SAVIO,RUA MARTINS TORRES 223
2020,144,198,1,12,FELIPE PEIXOTO,1503,SERVICO DE ASSISTENCIA SOCIAL SAO DOMINGOS SAVIO,RUA MARTINS TORRES 223
2020,144,199,1,32,FELIPE PEIXOTO,1503,SERVICO DE ASSISTENCIA SOCIAL SAO DOMINGOS SAVIO,RUA MARTINS TORRES 223
2020,144,2,1,15,FELIPE PEIXOTO,1023,PAROQUIA DE SAO JOAO BATISTA,RUA DR. MARCH 666
2020,144,20,1,11,FELIPE PEIXOTO,1090,ESCOLA TÉCNICA ESTADUAL HENRIQUE LAGE,RUA GUIMARÃES JUNIOR 182
2020,144,200,1,19,FELIPE PEIXOTO,1503,SERVICO DE ASSISTENCIA SOCIAL SAO DOMINGOS SAVIO,RUA MARTINS TORRES 223
2020,144,201,1,9,FELIPE PEIXOTO,1511,COLÉGIO OPÇÃO - NITERÓI,"ALAMEDA SÃO BOAVENTURA, 824"
2020,144,202,1,8,FELIPE PEIXOTO,1511,COLÉGIO OPÇÃO - NITERÓI,"ALAMEDA SÃO BOAVENTURA, 824"
2020,144,203,1,17,FELIPE PEIXOTO,1511,COLÉGIO OPÇÃO - NITERÓI,"ALAMEDA SÃO BOAVENTURA, 824"
2020,144,204,1,8,FELIPE PEIXOTO,1511,COLÉGIO OPÇÃO - NITERÓI,"ALAMEDA SÃO BOAVENTURA, 824"
2020,144,206,1,10,FELIPE PEIXOTO,1520,ESCOLA MUNICIPAL DJALMA COUTINHO,"RUA CINCO DE MARÇO, 75"
2020,144,210,1,11,FELIPE PEIXOTO,1520,ESCOLA MUNICIPAL DJALMA COUTINHO,"RUA CINCO DE MARÇO, 75"
2020,144,211,1,24,FELIPE PEIXOTO,1546,ESCOLA ESTADUAL HILARIO RIBEIRO,"ALAMEDA SAO BOAVENTURA , 794"
2020,144,212,1,19,FELIPE PEIXOTO,1546,ESCOLA ESTADUAL HILARIO RIBEIRO,"ALAMEDA SAO BOAVENTURA , 794"
2020,144,213,1,18,FELIPE PEIXOTO,1546,ESCOLA ESTADUAL HILARIO RIBEIRO,"ALAMEDA SAO BOAVENTURA , 794"
2020,144,214,1,27,FELIPE PEIXOTO,1546,ESCOLA ESTADUAL HILARIO RIBEIRO,"ALAMEDA SAO BOAVENTURA , 794"
2020,144,216,1,21,FELIPE PEIXOTO,1554,ESCOLA MUNICIPAL PROFESSOR PAULO FREIRE,RUA SOARES DE MIRANDA 77
2020,144,217,1,14,FELIPE PEIXOTO,1554,ESCOLA MUNICIPAL PROFESSOR PAULO FREIRE,RUA SOARES DE MIRANDA 77
2020,144,22,1,22,FELIPE PEIXOTO,1090,ESCOLA TÉCNICA ESTADUAL HENRIQUE LAGE,RUA GUIMARÃES JUNIOR 182
2020,144,221,1,14,FELIPE PEIXOTO,1554,ESCOLA MUNICIPAL PROFESSOR PAULO FREIRE,RUA SOARES DE MIRANDA 77
2020,144,222,1,17,FELIPE PEIXOTO,1554,ESCOLA MUNICIPAL PROFESSOR PAULO FREIRE,RUA SOARES DE MIRANDA 77
2020,144,224,1,9,FELIPE PEIXOTO,1554,ESCOLA MUNICIPAL PROFESSOR PAULO FREIRE,RUA SOARES DE MIRANDA 77
2020,144,226,1,14,FELIPE PEIXOTO,1554,ESCOLA MUNICIPAL PROFESSOR PAULO FREIRE,RUA SOARES DE MIRANDA 77
2020,144,228,1,22,FELIPE PEIXOTO,1554,ESCOLA MUNICIPAL PROFESSOR PAULO FREIRE,RUA SOARES DE MIRANDA 77
2020,144,230,1,13,FELIPE PEIXOTO,1562,LBV LEGIÃO DA BOA VONTADE,ALAMEDA SÃO BOAVENTURA 474
2020,144,232,1,13,FELIPE PEIXOTO,1562,LBV LEGIÃO DA BOA VONTADE,ALAMEDA SÃO BOAVENTURA 474
2020,144,233,1,12,FELIPE PEIXOTO,1562,LBV LEGIÃO DA BOA VONTADE,ALAMEDA SÃO BOAVENTURA 474
2020,144,234,1,11,FELIPE PEIXOTO,1562,LBV LEGIÃO DA BOA VONTADE,ALAMEDA SÃO BOAVENTURA 474
2020,144,235,1,17,FELIPE PEIXOTO,1562,LBV LEGIÃO DA BOA VONTADE,ALAMEDA SÃO BOAVENTURA 474
2020,144,236,1,9,FELIPE PEIXOTO,1570,SECRETARIA DE ESTADO DE AGRICULTURA E ABASTECIMENTO,ALAMEDA SAO BOAVENTURA 770
2020,144,237,1,10,FELIPE PEIXOTO,1570,SECRETARIA DE ESTADO DE AGRICULTURA E ABASTECIMENTO,ALAMEDA SAO BOAVENTURA 770
2020,144,238,1,15,FELIPE PEIXOTO,1570,SECRETARIA DE ESTADO DE AGRICULTURA E ABASTECIMENTO,ALAMEDA SAO BOAVENTURA 770
2020,144,239,1,18,FELIPE PEIXOTO,1570,SECRETARIA DE ESTADO DE AGRICULTURA E ABASTECIMENTO,ALAMEDA SAO BOAVENTURA 770
2020,144,24,1,24,FELIPE PEIXOTO,1090,ESCOLA TÉCNICA ESTADUAL HENRIQUE LAGE,RUA GUIMARÃES JUNIOR 182
2020,144,240,1,10,FELIPE PEIXOTO,1570,SECRETARIA DE ESTADO DE AGRICULTURA E ABASTECIMENTO,ALAMEDA SAO BOAVENTURA 770
2020,144,241,1,7,FELIPE PEIXOTO,1570,SECRETARIA DE ESTADO DE AGRICULTURA E ABASTECIMENTO,ALAMEDA SAO BOAVENTURA 770
2020,144,242,1,8,FELIPE PEIXOTO,1570,SECRETARIA DE ESTADO DE AGRICULTURA E ABASTECIMENTO,ALAMEDA SAO BOAVENTURA 770
2020,144,243,1,10,FELIPE PEIXOTO,1570,SECRETARIA DE ESTADO DE AGRICULTURA E ABASTECIMENTO,ALAMEDA SAO BOAVENTURA 770
2020,144,244,1,16,FELIPE PEIXOTO,1570,SECRETARIA DE ESTADO DE AGRICULTURA E ABASTECIMENTO,ALAMEDA SAO BOAVENTURA 770
2020,144,245,1,15,FELIPE PEIXOTO,1570,SECRETARIA DE ESTADO DE AGRICULTURA E ABASTECIMENTO,ALAMEDA SAO BOAVENTURA 770
2020,144,246,1,11,FELIPE PEIXOTO,1570,SECRETARIA DE ESTADO DE AGRICULTURA E ABASTECIMENTO,ALAMEDA SAO BOAVENTURA 770
2020,144,247,1,10,FELIPE PEIXOTO,1570,SECRETARIA DE ESTADO DE AGRICULTURA E ABASTECIMENTO,ALAMEDA SAO BOAVENTURA 770
2020,144,248,1,14,FELIPE PEIXOTO,1570,SECRETARIA DE ESTADO DE AGRICULTURA E ABASTECIMENTO,ALAMEDA SAO BOAVENTURA 770
2020,144,249,1,9,FELIPE PEIXOTO,1589,COLÉGIO NOSSA SENHORA DAS MERCÊS,ALAMEDA SAO BOAVENTURA 297
2020,144,25,1,12,FELIPE PEIXOTO,1090,ESCOLA TÉCNICA ESTADUAL HENRIQUE LAGE,RUA GUIMARÃES JUNIOR 182
2020,144,250,1,15,FELIPE PEIXOTO,1589,COLÉGIO NOSSA SENHORA DAS MERCÊS,ALAMEDA SAO BOAVENTURA 297
2020,144,251,1,13,FELIPE PEIXOTO,1589,COLÉGIO NOSSA SENHORA DAS MERCÊS,ALAMEDA SAO BOAVENTURA 297
2020,144,252,1,11,FELIPE PEIXOTO,1589,COLÉGIO NOSSA SENHORA DAS MERCÊS,ALAMEDA SAO BOAVENTURA 297
2020,144,253,1,16,FELIPE PEIXOTO,1589,COLÉGIO NOSSA SENHORA DAS MERCÊS,ALAMEDA SAO BOAVENTURA 297
2020,144,254,1,11,FELIPE PEIXOTO,1589,COLÉGIO NOSSA SENHORA DAS MERCÊS,ALAMEDA SAO BOAVENTURA 297
2020,144,255,1,10,FELIPE PEIXOTO,1589,COLÉGIO NOSSA SENHORA DAS MERCÊS,ALAMEDA SAO BOAVENTURA 297
2020,144,256,1,11,FELIPE PEIXOTO,1589,COLÉGIO NOSSA SENHORA DAS MERCÊS,ALAMEDA SAO BOAVENTURA 297
2020,144,257,1,14,FELIPE PEIXOTO,1589,COLÉGIO NOSSA SENHORA DAS MERCÊS,ALAMEDA SAO BOAVENTURA 297
2020,144,258,1,14,FELIPE PEIXOTO,1589,COLÉGIO NOSSA SENHORA DAS MERCÊS,ALAMEDA SAO BOAVENTURA 297
2020,144,259,1,14,FELIPE PEIXOTO,1589,COLÉGIO NOSSA SENHORA DAS MERCÊS,ALAMEDA SAO BOAVENTURA 297
2020,144,26,1,13,FELIPE PEIXOTO,1090,ESCOLA TÉCNICA ESTADUAL HENRIQUE LAGE,RUA GUIMARÃES JUNIOR 182
2020,144,260,1,14,FELIPE PEIXOTO,1589,COLÉGIO NOSSA SENHORA DAS MERCÊS,ALAMEDA SAO BOAVENTURA 297
2020,144,261,1,12,FELIPE PEIXOTO,1589,COLÉGIO NOSSA SENHORA DAS MERCÊS,ALAMEDA SAO BOAVENTURA 297
2020,144,266,1,14,FELIPE PEIXOTO,1597,ESCOLA ESTADUAL HILARIO RIBEIRO,ALAMEDA SAO BOAVENTURA 794
2020,144,27,1,15,FELIPE PEIXOTO,1104,ESCOLA MUNICIPAL ALTIVO CESAR,"RUA DR. LUIZ PALMIER, 25"
2020,144,273,1,17,FELIPE PEIXOTO,1597,ESCOLA ESTADUAL HILARIO RIBEIRO,ALAMEDA SAO BOAVENTURA 794
2020,144,274,1,15,FELIPE PEIXOTO,1597,ESCOLA ESTADUAL HILARIO RIBEIRO,ALAMEDA SAO BOAVENTURA 794
2020,144,277,1,14,FELIPE PEIXOTO,1597,ESCOLA ESTADUAL HILARIO RIBEIRO,ALAMEDA SAO BOAVENTURA 794
2020,144,278,1,13,FELIPE PEIXOTO,1600,CIEP 251 - DONA MARIA PORTUGAL,RODOVIA AMARAL PEIXOTO KM 3
2020,144,279,1,11,FELIPE PEIXOTO,1600,CIEP 251 - DONA MARIA PORTUGAL,RODOVIA AMARAL PEIXOTO KM 3
2020,144,28,1,23,FELIPE PEIXOTO,1104,ESCOLA MUNICIPAL ALTIVO CESAR,"RUA DR. LUIZ PALMIER, 25"
2020,144,280,1,12,FELIPE PEIXOTO,1600,CIEP 251 - DONA MARIA PORTUGAL,RODOVIA AMARAL PEIXOTO KM 3
2020,144,281,1,10,FELIPE PEIXOTO,1600,CIEP 251 - DONA MARIA PORTUGAL,RODOVIA AMARAL PEIXOTO KM 3
2020,144,282,1,9,FELIPE PEIXOTO,1600,CIEP 251 - DONA MARIA PORTUGAL,RODOVIA AMARAL PEIXOTO KM 3
2020,144,283,1,7,FELIPE PEIXOTO,1600,CIEP 251 - DONA MARIA PORTUGAL,RODOVIA AMARAL PEIXOTO KM 3
2020,144,284,1,12,FELIPE PEIXOTO,1600,CIEP 251 - DONA MARIA PORTUGAL,RODOVIA AMARAL PEIXOTO KM 3
2020,144,286,1,9,FELIPE PEIXOTO,1554,ESCOLA MUNICIPAL PROFESSOR PAULO FREIRE,RUA SOARES DE MIRANDA 77
2020,144,287,1,20,FELIPE PEIXOTO,1554,ESCOLA MUNICIPAL PROFESSOR PAULO FREIRE,RUA SOARES DE MIRANDA 77
2020,144,288,1,13,FELIPE PEIXOTO,1554,ESCOLA MUNICIPAL PROFESSOR PAULO FREIRE,RUA SOARES DE MIRANDA 77
2020,144,289,1,13,FELIPE PEIXOTO,1554,ESCOLA MUNICIPAL PROFESSOR PAULO FREIRE,RUA SOARES DE MIRANDA 77
2020,144,29,1,14,FELIPE PEIXOTO,1104,ESCOLA MUNICIPAL ALTIVO CESAR,"RUA DR. LUIZ PALMIER, 25"
2020,144,290,1,20,FELIPE PEIXOTO,1554,ESCOLA MUNICIPAL PROFESSOR PAULO FREIRE,RUA SOARES DE MIRANDA 77
2020,144,292,1,21,FELIPE PEIXOTO,1627,ESCOLA ESTADUAL DOUTOR JAYME MEMORIA,RUA NORONHA TORREZAO 625
2020,144,293,1,17,FELIPE PEIXOTO,1627,ESCOLA ESTADUAL DOUTOR JAYME MEMORIA,RUA NORONHA TORREZAO 625
2020,144,294,1,25,FELIPE PEIXOTO,1627,ESCOLA ESTADUAL DOUTOR JAYME MEMORIA,RUA NORONHA TORREZAO 625
2020,144,295,1,27,FELIPE PEIXOTO,1627,ESCOLA ESTADUAL DOUTOR JAYME MEMORIA,RUA NORONHA TORREZAO 625
2020,144,296,1,16,FELIPE PEIXOTO,1627,ESCOLA ESTADUAL DOUTOR JAYME MEMORIA,RUA NORONHA TORREZAO 625
2020,144,297,1,17,FELIPE PEIXOTO,1627,ESCOLA ESTADUAL DOUTOR JAYME MEMORIA,RUA NORONHA TORREZAO 625
2020,144,298,1,8,FELIPE PEIXOTO,1627,ESCOLA ESTADUAL DOUTOR JAYME MEMORIA,RUA NORONHA TORREZAO 625
2020,144,299,1,17,FELIPE PEIXOTO,1627,ESCOLA ESTADUAL DOUTOR JAYME MEMORIA,RUA NORONHA TORREZAO 625
2020,144,30,1,16,FELIPE PEIXOTO,1104,ESCOLA MUNICIPAL ALTIVO CESAR,"RUA DR. LUIZ PALMIER, 25"
2020,144,300,1,18,FELIPE PEIXOTO,1627,ESCOLA ESTADUAL DOUTOR JAYME MEMORIA,RUA NORONHA TORREZAO 625
2020,144,301,1,20,FELIPE PEIXOTO,1627,ESCOLA ESTADUAL DOUTOR JAYME MEMORIA,RUA NORONHA TORREZAO 625
2020,144,302,1,17,FELIPE PEIXOTO,1627,ESCOLA ESTADUAL DOUTOR JAYME MEMORIA,RUA NORONHA TORREZAO 625
2020,144,304,1,16,FELIPE PEIXOTO,1635,ESCOLA MUNICIPAL DOM JOSÉ PEREIRA ALVES,"RUA TENENTE OSORIO, 73"
2020,144,305,1,20,FELIPE PEIXOTO,1635,ESCOLA MUNICIPAL DOM JOSÉ PEREIRA ALVES,"RUA TENENTE OSORIO, 73"
2020,144,306,1,29,FELIPE PEIXOTO,1635,ESCOLA MUNICIPAL DOM JOSÉ PEREIRA ALVES,"RUA TENENTE OSORIO, 73"
2020,144,309,1,27,FELIPE PEIXOTO,1635,ESCOLA MUNICIPAL DOM JOSÉ PEREIRA ALVES,"RUA TENENTE OSORIO, 73"
2020,144,310,1,25,FELIPE PEIXOTO,1635,ESCOLA MUNICIPAL DOM JOSÉ PEREIRA ALVES,"RUA TENENTE OSORIO, 73"
2020,144,314,1,16,FELIPE PEIXOTO,1643,IGREJA ASSEMBLÉIA DE DEUS,"TRAVESSA VICTOR PESTRE, 32"
2020,144,315,1,28,FELIPE PEIXOTO,1643,IGREJA ASSEMBLÉIA DE DEUS,"TRAVESSA VICTOR PESTRE, 32"
2020,144,317,1,10,FELIPE PEIXOTO,1651,INSTITUTO EDUCACIONAL TAURUS,"ALAMEDA SÃO BOAVENTURA, 15"
2020,144,319,1,24,FELIPE PEIXOTO,1651,INSTITUTO EDUCACIONAL TAURUS,"ALAMEDA SÃO BOAVENTURA, 15"
2020,144,32,1,17,FELIPE PEIXOTO,1104,ESCOLA MUNICIPAL ALTIVO CESAR,"RUA DR. LUIZ PALMIER, 25"
2020,144,321,1,14,FELIPE PEIXOTO,1651,INSTITUTO EDUCACIONAL TAURUS,"ALAMEDA SÃO BOAVENTURA, 15"
2020,144,323,1,21,FELIPE PEIXOTO,1651,INSTITUTO EDUCACIONAL TAURUS,"ALAMEDA SÃO BOAVENTURA, 15"
2020,144,326,1,18,FELIPE PEIXOTO,1651,INSTITUTO EDUCACIONAL TAURUS,"ALAMEDA SÃO BOAVENTURA, 15"
2020,144,328,1,14,FELIPE PEIXOTO,1660,COLÉGIO ESTADUAL CONSELHEIRO JOSINO,"RUA TEIXEIRA DE FREITAS, 421"
2020,144,329,1,5,FELIPE PEIXOTO,1660,COLÉGIO ESTADUAL CONSELHEIRO JOSINO,"RUA TEIXEIRA DE FREITAS, 421"
2020,144,33,1,13,FELIPE PEIXOTO,1104,ESCOLA MUNICIPAL ALTIVO CESAR,"RUA DR. LUIZ PALMIER, 25"
2020,144,330,1,18,FELIPE PEIXOTO,1660,COLÉGIO ESTADUAL CONSELHEIRO JOSINO,"RUA TEIXEIRA DE FREITAS, 421"
2020,144,331,1,14,FELIPE PEIXOTO,1660,COLÉGIO ESTADUAL CONSELHEIRO JOSINO,"RUA TEIXEIRA DE FREITAS, 421"
2020,144,332,1,15,FELIPE PEIXOTO,1660,COLÉGIO ESTADUAL CONSELHEIRO JOSINO,"RUA TEIXEIRA DE FREITAS, 421"
2020,144,333,1,4,FELIPE PEIXOTO,1660,COLÉGIO ESTADUAL CONSELHEIRO JOSINO,"RUA TEIXEIRA DE FREITAS, 421"
2020,144,334,1,13,FELIPE PEIXOTO,1660,COLÉGIO ESTADUAL CONSELHEIRO JOSINO,"RUA TEIXEIRA DE FREITAS, 421"
2020,144,335,1,13,FELIPE PEIXOTO,1660,COLÉGIO ESTADUAL CONSELHEIRO JOSINO,"RUA TEIXEIRA DE FREITAS, 421"
2020,144,336,1,9,FELIPE PEIXOTO,1660,COLÉGIO ESTADUAL CONSELHEIRO JOSINO,"RUA TEIXEIRA DE FREITAS, 421"
2020,144,337,1,15,FELIPE PEIXOTO,1678,ESCOLA MUNICIPAL JACINTA MEDELA,"RUA TENENTE OSORIO, 10"
2020,144,338,1,20,FELIPE PEIXOTO,1678,ESCOLA MUNICIPAL JACINTA MEDELA,"RUA TENENTE OSORIO, 10"
2020,144,339,1,28,FELIPE PEIXOTO,1678,ESCOLA MUNICIPAL JACINTA MEDELA,"RUA TENENTE OSORIO, 10"
2020,144,34,1,17,FELIPE PEIXOTO,1112,ESCOLA MUNICIPAL TIRADENTES,"RUA DR. MARCH, 628"
2020,144,340,1,20,FELIPE PEIXOTO,1678,ESCOLA MUNICIPAL JACINTA MEDELA,"RUA TENENTE OSORIO, 10"
2020,144,341,1,11,FELIPE PEIXOTO,1678,ESCOLA MUNICIPAL JACINTA MEDELA,"RUA TENENTE OSORIO, 10"
2020,144,342,1,15,FELIPE PEIXOTO,1686,GRUPO ESCOLAR NORONHA SANTOS,"RUA PREFEITO BRANDÃO JUNIOR, 184"
2020,144,343,1,7,FELIPE PEIXOTO,1686,GRUPO ESCOLAR NORONHA SANTOS,"RUA PREFEITO BRANDÃO JUNIOR, 184"
2020,144,345,1,15,FELIPE PEIXOTO,1686,GRUPO ESCOLAR NORONHA SANTOS,"RUA PREFEITO BRANDÃO JUNIOR, 184"
2020,144,347,1,19,FELIPE PEIXOTO,1686,GRUPO ESCOLAR NORONHA SANTOS,"RUA PREFEITO BRANDÃO JUNIOR, 184"
2020,144,35,1,15,FELIPE PEIXOTO,1112,ESCOLA MUNICIPAL TIRADENTES,"RUA DR. MARCH, 628"
2020,144,350,1,15,FELIPE PEIXOTO,1686,GRUPO ESCOLAR NORONHA SANTOS,"RUA PREFEITO BRANDÃO JUNIOR, 184"
2020,144,36,1,13,FELIPE PEIXOTO,1112,ESCOLA MUNICIPAL TIRADENTES,"RUA DR. MARCH, 628"
2020,144,38,1,18,FELIPE PEIXOTO,1201,OFICINAS DO SENAI,RUA GALVAO S/N
2020,144,4,1,7,FELIPE PEIXOTO,1023,PAROQUIA DE SAO JOAO BATISTA,RUA DR. MARCH 666
2020,144,41,1,19,FELIPE PEIXOTO,1090,ESCOLA TÉCNICA ESTADUAL HENRIQUE LAGE,RUA GUIMARÃES JUNIOR 182
2020,144,44,1,11,FELIPE PEIXOTO,1163,COLÉGIO ESTADUAL CONSELHEIRO MACEDO SOARES,RUA DR. MARCH 392
2020,144,45,1,16,FELIPE PEIXOTO,1163,COLÉGIO ESTADUAL CONSELHEIRO MACEDO SOARES,RUA DR. MARCH 392
2020,144,46,1,11,FELIPE PEIXOTO,1163,COLÉGIO ESTADUAL CONSELHEIRO MACEDO SOARES,RUA DR. MARCH 392
2020,144,47,1,6,FELIPE PEIXOTO,1163,COLÉGIO ESTADUAL CONSELHEIRO MACEDO SOARES,RUA DR. MARCH 392
2020,144,48,1,8,FELIPE PEIXOTO,1163,COLÉGIO ESTADUAL CONSELHEIRO MACEDO SOARES,RUA DR. MARCH 392
2020,144,49,1,10,FELIPE PEIXOTO,1163,COLÉGIO ESTADUAL CONSELHEIRO MACEDO SOARES,RUA DR. MARCH 392
2020,144,5,1,10,FELIPE PEIXOTO,1031,(PRÉDIO NOVO) COLÉGIO PEDRO II UNIDADE NITERÓI,RUA ASSIS DE VASCONCELOS S/N
2020,144,50,1,11,FELIPE PEIXOTO,1163,COLÉGIO ESTADUAL CONSELHEIRO MACEDO SOARES,RUA DR. MARCH 392
2020,144,51,1,15,FELIPE PEIXOTO,1163,COLÉGIO ESTADUAL CONSELHEIRO MACEDO SOARES,RUA DR. MARCH 392
2020,144,52,1,18,FELIPE PEIXOTO,1171,ESCOLA ESTADUAL MENEZES VIEIRA,RUA ASSIS DE VASCONCELOS N 30
2020,144,53,1,7,FELIPE PEIXOTO,1171,ESCOLA ESTADUAL MENEZES VIEIRA,RUA ASSIS DE VASCONCELOS N 30
2020,144,54,1,26,FELIPE PEIXOTO,1171,ESCOLA ESTADUAL MENEZES VIEIRA,RUA ASSIS DE VASCONCELOS N 30
2020,144,55,1,20,FELIPE PEIXOTO,1201,OFICINAS DO SENAI,RUA GALVAO S/N
2020,144,57,1,7,FELIPE PEIXOTO,1104,ESCOLA MUNICIPAL ALTIVO CESAR,"RUA DR. LUIZ PALMIER, 25"
2020,144,58,1,10,FELIPE PEIXOTO,1104,ESCOLA MUNICIPAL ALTIVO CESAR,"RUA DR. LUIZ PALMIER, 25"
2020,144,59,1,18,FELIPE PEIXOTO,1104,ESCOLA MUNICIPAL ALTIVO CESAR,"RUA DR. LUIZ PALMIER, 25"
2020,144,6,1,9,FELIPE PEIXOTO,1031,(PRÉDIO NOVO) COLÉGIO PEDRO II UNIDADE NITERÓI,RUA ASSIS DE VASCONCELOS S/N
2020,144,62,1,6,FELIPE PEIXOTO,1210,TIO SAM ESPORTE CLUBE,RUA BENJAMIM CONSTANT 562
2020,144,63,1,14,FELIPE PEIXOTO,1210,TIO SAM ESPORTE CLUBE,RUA BENJAMIM CONSTANT 562
2020,144,64,1,15,FELIPE PEIXOTO,1210,TIO SAM ESPORTE CLUBE,RUA BENJAMIM CONSTANT 562
2020,144,65,1,11,FELIPE PEIXOTO,1210,TIO SAM ESPORTE CLUBE,RUA BENJAMIM CONSTANT 562
2020,144,67,1,13,FELIPE PEIXOTO,1236,COLÉGIO ESTADUAL MULLULO DA VEIGA,RUA CORONEL GUIMARÃES 505
2020,144,68,1,10,FELIPE PEIXOTO,1236,COLÉGIO ESTADUAL MULLULO DA VEIGA,RUA CORONEL GUIMARÃES 505
2020,144,7,1,11,FELIPE PEIXOTO,1031,(PRÉDIO NOVO) COLÉGIO PEDRO II UNIDADE NITERÓI,RUA ASSIS DE VASCONCELOS S/N
2020,144,70,1,15,FELIPE PEIXOTO,1236,COLÉGIO ESTADUAL MULLULO DA VEIGA,RUA CORONEL GUIMARÃES 505
2020,144,71,1,9,FELIPE PEIXOTO,1236,COLÉGIO ESTADUAL MULLULO DA VEIGA,RUA CORONEL GUIMARÃES 505
2020,144,72,1,6,FELIPE PEIXOTO,1236,COLÉGIO ESTADUAL MULLULO DA VEIGA,RUA CORONEL GUIMARÃES 505
2020,144,73,1,9,FELIPE PEIXOTO,1236,COLÉGIO ESTADUAL MULLULO DA VEIGA,RUA CORONEL GUIMARÃES 505
2020,144,74,1,11,FELIPE PEIXOTO,1236,COLÉGIO ESTADUAL MULLULO DA VEIGA,RUA CORONEL GUIMARÃES 505
2020,144,75,1,17,FELIPE PEIXOTO,1406,COLÉGIO NITERÓI,"RUA  VEREADOR JOSÉ VICENTE SOBRINHO, 269"
2020,144,77,1,9,FELIPE PEIXOTO,1406,COLÉGIO NITERÓI,"RUA  VEREADOR JOSÉ VICENTE SOBRINHO, 269"
2020,144,78,1,13,FELIPE PEIXOTO,1406,COLÉGIO NITERÓI,"RUA  VEREADOR JOSÉ VICENTE SOBRINHO, 269"
2020,144,79,1,13,FELIPE PEIXOTO,1406,COLÉGIO NITERÓI,"RUA  VEREADOR JOSÉ VICENTE SOBRINHO, 269"
2020,144,8,1,11,FELIPE PEIXOTO,1031,(PRÉDIO NOVO) COLÉGIO PEDRO II UNIDADE NITERÓI,RUA ASSIS DE VASCONCELOS S/N
2020,144,80,1,30,FELIPE PEIXOTO,1406,COLÉGIO NITERÓI,"RUA  VEREADOR JOSÉ VICENTE SOBRINHO, 269"
2020,144,82,1,17,FELIPE PEIXOTO,1031,(PRÉDIO NOVO) COLÉGIO PEDRO II UNIDADE NITERÓI,RUA ASSIS DE VASCONCELOS S/N
2020,144,84,1,19,FELIPE PEIXOTO,1252,ESCOLA MUNICIPAL ADELINO MAGALHÃES,"RUA DR. NELSON PENA, 17"
2020,144,85,1,12,FELIPE PEIXOTO,1252,ESCOLA MUNICIPAL ADELINO MAGALHÃES,"RUA DR. NELSON PENA, 17"
2020,144,87,1,19,FELIPE PEIXOTO,1252,ESCOLA MUNICIPAL ADELINO MAGALHÃES,"RUA DR. NELSON PENA, 17"
2020,144,88,1,25,FELIPE PEIXOTO,1317,IGREJA BATISTA BETEL DE NITERÓI,RUA DANIEL TORRES 72
2020,144,89,1,9,FELIPE PEIXOTO,1317,IGREJA BATISTA BETEL DE NITERÓI,RUA DANIEL TORRES 72
2020,144,9,1,7,FELIPE PEIXOTO,1031,(PRÉDIO NOVO) COLÉGIO PEDRO II UNIDADE NITERÓI,RUA ASSIS DE VASCONCELOS S/N
2020,144,93,1,17,FELIPE PEIXOTO,1252,ESCOLA MUNICIPAL ADELINO MAGALHÃES,"RUA DR. NELSON PENA, 17"
2020,144,96,1,22,FELIPE PEIXOTO,1031,(PRÉDIO NOVO) COLÉGIO PEDRO II UNIDADE NITERÓI,RUA ASSIS DE VASCONCELOS S/N
2020,144,97,1,8,FELIPE PEIXOTO,1031,(PRÉDIO NOVO) COLÉGIO PEDRO II UNIDADE NITERÓI,RUA ASSIS DE VASCONCELOS S/N
2020,144,98,1,22,FELIPE PEIXOTO,1031,(PRÉDIO NOVO) COLÉGIO PEDRO II UNIDADE NITERÓI,RUA ASSIS DE VASCONCELOS S/N
2020,199,1,1,18,FELIPE PEIXOTO,1015,COUNTRY CLUB DE NITEROI,RUA CHILE 135
2020,199,10,1,20,FELIPE PEIXOTO,1031,ESCOLA MUNICIPAL HONORINA DE CARVALHO,RUA PROF. JOSE PECANHA S/N
2020,199,100,1,13,FELIPE PEIXOTO,1155,COLÉGIO ITAPUCA,"AV. ERNANI DE FARIAS ALVES, N 124 TREVO DE PIRATININGA"
2020,199,101,1,24,FELIPE PEIXOTO,1112,COLÉGIO SALESIANO REGIÃO OCEÂNICA,"RUA DOUTOR CORNÉLIO DE MELLO JÚNIOR, 117"
2020,199,102,1,18,FELIPE PEIXOTO,1198,CIEP 448 RUY FRAZÃO SOARES,ESTRADA DO ENGENHO DO MATO S/N - PRACA
2020,199,103,1,26,FELIPE PEIXOTO,1023,ESCOLA MUNICIPAL FELISBERTO DE CARVALHO,ESTRADA CAETANO MONTEIRO 896
2020,199,104,1,20,FELIPE PEIXOTO,1155,COLÉGIO ITAPUCA,"AV. ERNANI DE FARIAS ALVES, N 124 TREVO DE PIRATININGA"
2020,199,105,1,11,FELIPE PEIXOTO,1244,COLÉGIO LAPLACE,"RUA MANOEL PACHECO DE CARVALHO, N 80"
2020,199,106,1,41,FELIPE PEIXOTO,1082,UMEI DR PAULO CESAR DE ALMEIDA PIMENTEL,RUA ANTONIO LUIZ SAIÃO CAMPO BELO
2020,199,107,1,16,FELIPE PEIXOTO,1198,CIEP 448 RUY FRAZÃO SOARES,ESTRADA DO ENGENHO DO MATO S/N - PRACA
2020,199,109,1,10,FELIPE PEIXOTO,1074,COLÉGIO FUTURO VIP (ANT GAUSS),"RUA JULIO BRAGA, 65 LOT SANTO ANTÔNIO ITAIPU"
2020,199,11,1,16,FELIPE PEIXOTO,1031,ESCOLA MUNICIPAL HONORINA DE CARVALHO,RUA PROF. JOSE PECANHA S/N
2020,199,110,1,12,FELIPE PEIXOTO,1155,COLÉGIO ITAPUCA,"AV. ERNANI DE FARIAS ALVES, N 124 TREVO DE PIRATININGA"
2020,199,111,1,22,FELIPE PEIXOTO,1112,COLÉGIO SALESIANO REGIÃO OCEÂNICA,"RUA DOUTOR CORNÉLIO DE MELLO JÚNIOR, 117"
2020,199,113,1,41,FELIPE PEIXOTO,1031,ESCOLA MUNICIPAL HONORINA DE CARVALHO,RUA PROF. JOSE PECANHA S/N
2020,199,114,1,11,FELIPE PEIXOTO,1198,CIEP 448 RUY FRAZÃO SOARES,ESTRADA DO ENGENHO DO MATO S/N - PRACA
2020,199,117,1,8,FELIPE PEIXOTO,1155,COLÉGIO ITAPUCA,"AV. ERNANI DE FARIAS ALVES, N 124 TREVO DE PIRATININGA"
2020,199,118,1,24,FELIPE PEIXOTO,1112,COLÉGIO SALESIANO REGIÃO OCEÂNICA,"RUA DOUTOR CORNÉLIO DE MELLO JÚNIOR, 117"
2020,199,119,1,24,FELIPE PEIXOTO,1066,ITACOATIARA PAMPO CLUBE,AV. BEIRA MAR 205
2020,199,12,1,13,FELIPE PEIXOTO,1031,ESCOLA MUNICIPAL HONORINA DE CARVALHO,RUA PROF. JOSE PECANHA S/N
2020,199,120,1,14,FELIPE PEIXOTO,1015,COUNTRY CLUB DE NITEROI,RUA CHILE 135
2020,199,121,1,15,FELIPE PEIXOTO,1198,CIEP 448 RUY FRAZÃO SOARES,ESTRADA DO ENGENHO DO MATO S/N - PRACA
2020,199,123,1,14,FELIPE PEIXOTO,1139,ESCOLA MUNICIPAL FRANCISCO PORTUGAL NEVES,"RUA MANOEL PACHECO DE CARVALHO, N 14 TREVO DE PIRATININGA"
2020,199,126,1,18,FELIPE PEIXOTO,1198,CIEP 448 RUY FRAZÃO SOARES,ESTRADA DO ENGENHO DO MATO S/N - PRACA
2020,199,127,1,33,FELIPE PEIXOTO,1090,COLÉGIO ESTADUAL PROFESSORA ALCINA RODRIGUES LIMA,"ESTRADA FRANCISCO DA CRUZ NUNES, S/N"
2020,199,129,1,15,FELIPE PEIXOTO,1155,COLÉGIO ITAPUCA,"AV. ERNANI DE FARIAS ALVES, N 124 TREVO DE PIRATININGA"
2020,199,13,1,11,FELIPE PEIXOTO,1031,ESCOLA MUNICIPAL HONORINA DE CARVALHO,RUA PROF. JOSE PECANHA S/N
2020,199,130,1,16,FELIPE PEIXOTO,1198,CIEP 448 RUY FRAZÃO SOARES,ESTRADA DO ENGENHO DO MATO S/N - PRACA
2020,199,132,1,28,FELIPE PEIXOTO,1155,COLÉGIO ITAPUCA,"AV. ERNANI DE FARIAS ALVES, N 124 TREVO DE PIRATININGA"
2020,199,133,1,13,FELIPE PEIXOTO,1198,CIEP 448 RUY FRAZÃO SOARES,ESTRADA DO ENGENHO DO MATO S/N - PRACA
2020,199,134,1,21,FELIPE PEIXOTO,1244,COLÉGIO LAPLACE,"RUA MANOEL PACHECO DE CARVALHO, N 80"
2020,199,136,1,13,FELIPE PEIXOTO,1244,COLÉGIO LAPLACE,"RUA MANOEL PACHECO DE CARVALHO, N 80"
2020,199,138,1,33,FELIPE PEIXOTO,1112,COLÉGIO SALESIANO REGIÃO OCEÂNICA,"RUA DOUTOR CORNÉLIO DE MELLO JÚNIOR, 117"
2020,199,139,1,18,FELIPE PEIXOTO,1198,CIEP 448 RUY FRAZÃO SOARES,ESTRADA DO ENGENHO DO MATO S/N - PRACA
2020,199,140,1,22,FELIPE PEIXOTO,1074,COLÉGIO FUTURO VIP (ANT GAUSS),"RUA JULIO BRAGA, 65 LOT SANTO ANTÔNIO ITAIPU"
2020,199,142,1,11,FELIPE PEIXOTO,1317,COLÉGIO PAULO FREIRE,"AVENIDA IRENE LOPES SODRÉ, N22"
2020,199,143,1,27,FELIPE PEIXOTO,1155,COLÉGIO ITAPUCA,"AV. ERNANI DE FARIAS ALVES, N 124 TREVO DE PIRATININGA"
2020,199,144,1,11,FELIPE PEIXOTO,1139,ESCOLA MUNICIPAL FRANCISCO PORTUGAL NEVES,"RUA MANOEL PACHECO DE CARVALHO, N 14 TREVO DE PIRATININGA"
2020,199,147,1,21,FELIPE PEIXOTO,1112,COLÉGIO SALESIANO REGIÃO OCEÂNICA,"RUA DOUTOR CORNÉLIO DE MELLO JÚNIOR, 117"
2020,199,148,1,18,FELIPE PEIXOTO,1031,ESCOLA MUNICIPAL HONORINA DE CARVALHO,RUA PROF. JOSE PECANHA S/N
2020,199,149,1,18,FELIPE PEIXOTO,1198,CIEP 448 RUY FRAZÃO SOARES,ESTRADA DO ENGENHO DO MATO S/N - PRACA
2020,199,150,1,28,FELIPE PEIXOTO,1066,ITACOATIARA PAMPO CLUBE,AV. BEIRA MAR 205
2020,199,152,1,13,FELIPE PEIXOTO,1260,COLÉGIO PLUZ,"RUA NICARÁGUA, 20"
2020,199,153,1,17,FELIPE PEIXOTO,1252,CIEP 307 DJANIRA,AV. EWERTON XAVIER S/N - PRACA
2020,199,154,1,17,FELIPE PEIXOTO,1279,INTERAÇÃO CRECHE ESCOLA (EX CREARE),"AVENIDA PROF CARLOS NELSON FERREIRA SANTOS(ANT AVENIDA 5) , 658"
2020,199,155,1,15,FELIPE PEIXOTO,1112,COLÉGIO SALESIANO REGIÃO OCEÂNICA,"RUA DOUTOR CORNÉLIO DE MELLO JÚNIOR, 117"
2020,199,156,1,10,FELIPE PEIXOTO,1155,COLÉGIO ITAPUCA,"AV. ERNANI DE FARIAS ALVES, N 124 TREVO DE PIRATININGA"
2020,199,157,1,11,FELIPE PEIXOTO,1015,COUNTRY CLUB DE NITEROI,RUA CHILE 135
2020,199,158,1,21,FELIPE PEIXOTO,1287,ESCOLA MUNICIPAL PROF MARCOS WALDEMAR DE FREITAS REIS,"RUA ANTONIO LUIZ SAIÃO, S/N ITAIPU"
2020,199,160,1,23,FELIPE PEIXOTO,1120,COLÉGIO ESTADUAL ALMIRANTE TAMANDARÉ,AV. ACURCIO TORRES S/N
2020,199,161,1,13,FELIPE PEIXOTO,1260,COLÉGIO PLUZ,"RUA NICARÁGUA, 20"
2020,199,162,1,20,FELIPE PEIXOTO,1198,CIEP 448 RUY FRAZÃO SOARES,ESTRADA DO ENGENHO DO MATO S/N - PRACA
2020,199,163,1,12,FELIPE PEIXOTO,1260,COLÉGIO PLUZ,"RUA NICARÁGUA, 20"
2020,199,166,1,12,FELIPE PEIXOTO,1031,ESCOLA MUNICIPAL HONORINA DE CARVALHO,RUA PROF. JOSE PECANHA S/N
2020,199,167,1,20,FELIPE PEIXOTO,1112,COLÉGIO SALESIANO REGIÃO OCEÂNICA,"RUA DOUTOR CORNÉLIO DE MELLO JÚNIOR, 117"
2020,199,168,1,12,FELIPE PEIXOTO,1139,ESCOLA MUNICIPAL FRANCISCO PORTUGAL NEVES,"RUA MANOEL PACHECO DE CARVALHO, N 14 TREVO DE PIRATININGA"
2020,199,169,1,22,FELIPE PEIXOTO,1317,COLÉGIO PAULO FREIRE,"AVENIDA IRENE LOPES SODRÉ, N22"
2020,199,170,1,26,FELIPE PEIXOTO,1279,INTERAÇÃO CRECHE ESCOLA (EX CREARE),"AVENIDA PROF CARLOS NELSON FERREIRA SANTOS(ANT AVENIDA 5) , 658"
2020,199,171,1,16,FELIPE PEIXOTO,1260,COLÉGIO PLUZ,"RUA NICARÁGUA, 20"
2020,199,173,1,19,FELIPE PEIXOTO,1112,COLÉGIO SALESIANO REGIÃO OCEÂNICA,"RUA DOUTOR CORNÉLIO DE MELLO JÚNIOR, 117"
2020,199,174,1,25,FELIPE PEIXOTO,1287,ESCOLA MUNICIPAL PROF MARCOS WALDEMAR DE FREITAS REIS,"RUA ANTONIO LUIZ SAIÃO, S/N ITAIPU"
2020,199,175,1,31,FELIPE PEIXOTO,1066,ITACOATIARA PAMPO CLUBE,AV. BEIRA MAR 205
2020,199,176,1,23,FELIPE PEIXOTO,1260,COLÉGIO PLUZ,"RUA NICARÁGUA, 20"
2020,199,177,1,17,FELIPE PEIXOTO,1295,UMEI PROFA ODETE ROSA DA MOTA,ESTRADA FRANCISCO DA CRUZ NUNES S/N (PRÓXIMO AO CORPO DE BOMBEIROS)
2020,199,178,1,22,FELIPE PEIXOTO,1155,COLÉGIO ITAPUCA,"AV. ERNANI DE FARIAS ALVES, N 124 TREVO DE PIRATININGA"
2020,199,180,1,19,FELIPE PEIXOTO,1198,CIEP 448 RUY FRAZÃO SOARES,ESTRADA DO ENGENHO DO MATO S/N - PRACA
2020,199,181,1,37,FELIPE PEIXOTO,1015,COUNTRY CLUB DE NITEROI,RUA CHILE 135
2020,199,182,1,22,FELIPE PEIXOTO,1112,COLÉGIO SALESIANO REGIÃO OCEÂNICA,"RUA DOUTOR CORNÉLIO DE MELLO JÚNIOR, 117"
2020,199,183,1,14,FELIPE PEIXOTO,1252,CIEP 307 DJANIRA,AV. EWERTON XAVIER S/N - PRACA
2020,199,184,1,28,FELIPE PEIXOTO,1260,COLÉGIO PLUZ,"RUA NICARÁGUA, 20"
2020,199,185,1,21,FELIPE PEIXOTO,1155,COLÉGIO ITAPUCA,"AV. ERNANI DE FARIAS ALVES, N 124 TREVO DE PIRATININGA"
2020,199,186,1,12,FELIPE PEIXOTO,1031,ESCOLA MUNICIPAL HONORINA DE CARVALHO,RUA PROF. JOSE PECANHA S/N
2020,199,187,1,14,FELIPE PEIXOTO,1104,FISK CENTRO DE ENSINO,RUA ERNANI DE FARIAS ALVES 161
2020,199,188,1,15,FELIPE PEIXOTO,1260,COLÉGIO PLUZ,"RUA NICARÁGUA, 20"
2020,199,189,1,17,FELIPE PEIXOTO,1120,COLÉGIO ESTADUAL ALMIRANTE TAMANDARÉ,AV. ACURCIO TORRES S/N
2020,199,190,1,21,FELIPE PEIXOTO,1279,INTERAÇÃO CRECHE ESCOLA (EX CREARE),"AVENIDA PROF CARLOS NELSON FERREIRA SANTOS(ANT AVENIDA 5) , 658"
2020,199,191,1,23,FELIPE PEIXOTO,1295,UMEI PROFA ODETE ROSA DA MOTA,ESTRADA FRANCISCO DA CRUZ NUNES S/N (PRÓXIMO AO CORPO DE BOMBEIROS)
2020,199,192,1,17,FELIPE PEIXOTO,1155,COLÉGIO ITAPUCA,"AV. ERNANI DE FARIAS ALVES, N 124 TREVO DE PIRATININGA"
2020,199,193,1,16,FELIPE PEIXOTO,1260,COLÉGIO PLUZ,"RUA NICARÁGUA, 20"
2020,199,194,1,20,FELIPE PEIXOTO,1295,UMEI PROFA ODETE ROSA DA MOTA,ESTRADA FRANCISCO DA CRUZ NUNES S/N (PRÓXIMO AO CORPO DE BOMBEIROS)
2020,199,195,1,18,FELIPE PEIXOTO,1074,COLÉGIO FUTURO VIP (ANT GAUSS),"RUA JULIO BRAGA, 65 LOT SANTO ANTÔNIO ITAIPU"
2020,199,196,1,28,FELIPE PEIXOTO,1015,COUNTRY CLUB DE NITEROI,RUA CHILE 135
2020,199,197,1,23,FELIPE PEIXOTO,1295,UMEI PROFA ODETE ROSA DA MOTA,ESTRADA FRANCISCO DA CRUZ NUNES S/N (PRÓXIMO AO CORPO DE BOMBEIROS)
2020,199,198,1,25,FELIPE PEIXOTO,1104,FISK CENTRO DE ENSINO,RUA ERNANI DE FARIAS ALVES 161
2020,199,199,1,22,FELIPE PEIXOTO,1244,COLÉGIO LAPLACE,"RUA MANOEL PACHECO DE CARVALHO, N 80"
2020,199,2,1,17,FELIPE PEIXOTO,1015,COUNTRY CLUB DE NITEROI,RUA CHILE 135
2020,199,200,1,18,FELIPE PEIXOTO,1279,INTERAÇÃO CRECHE ESCOLA (EX CREARE),"AVENIDA PROF CARLOS NELSON FERREIRA SANTOS(ANT AVENIDA 5) , 658"
2020,199,201,1,11,FELIPE PEIXOTO,1252,CIEP 307 DJANIRA,AV. EWERTON XAVIER S/N - PRACA
2020,199,202,1,23,FELIPE PEIXOTO,1317,COLÉGIO PAULO FREIRE,"AVENIDA IRENE LOPES SODRÉ, N22"
2020,199,204,1,14,FELIPE PEIXOTO,1260,COLÉGIO PLUZ,"RUA NICARÁGUA, 20"
2020,199,206,1,22,FELIPE PEIXOTO,1325,ESCOLA MUNICIPAL SÍTIO DO IPÊ,RUA PROF. JOSÉ PEÇANHA
2020,199,208,1,16,FELIPE PEIXOTO,1260,COLÉGIO PLUZ,"RUA NICARÁGUA, 20"
2020,199,209,1,9,FELIPE PEIXOTO,1317,COLÉGIO PAULO FREIRE,"AVENIDA IRENE LOPES SODRÉ, N22"
2020,199,21,1,33,FELIPE PEIXOTO,1066,ITACOATIARA PAMPO CLUBE,AV. BEIRA MAR 205
2020,199,210,1,23,FELIPE PEIXOTO,1295,UMEI PROFA ODETE ROSA DA MOTA,ESTRADA FRANCISCO DA CRUZ NUNES S/N (PRÓXIMO AO CORPO DE BOMBEIROS)
2020,199,211,1,16,FELIPE PEIXOTO,1104,FISK CENTRO DE ENSINO,RUA ERNANI DE FARIAS ALVES 161
2020,199,212,1,18,FELIPE PEIXOTO,1317,COLÉGIO PAULO FREIRE,"AVENIDA IRENE LOPES SODRÉ, N22"
2020,199,213,1,19,FELIPE PEIXOTO,1325,ESCOLA MUNICIPAL SÍTIO DO IPÊ,RUA PROF. JOSÉ PEÇANHA
2020,199,214,1,17,FELIPE PEIXOTO,1333,ESCOLA ME NINAR,"RUA 03, N 88 E 101"
2020,199,215,1,28,FELIPE PEIXOTO,1350,ESCOLA MUNICIPAL MARALEGRE,"RUA DR. WALDIR COSTA, LOTES 10 E 11"
2020,199,216,1,26,FELIPE PEIXOTO,1287,ESCOLA MUNICIPAL PROF MARCOS WALDEMAR DE FREITAS REIS,"RUA ANTONIO LUIZ SAIÃO, S/N ITAIPU"
2020,199,217,1,27,FELIPE PEIXOTO,1341,SOPRECAM,"AV. PROFESSOR CARLOS NELSON FERREIRA, S/N"
2020,199,219,1,13,FELIPE PEIXOTO,1317,COLÉGIO PAULO FREIRE,"AVENIDA IRENE LOPES SODRÉ, N22"
2020,199,22,1,24,FELIPE PEIXOTO,1066,ITACOATIARA PAMPO CLUBE,AV. BEIRA MAR 205
2020,199,220,1,13,FELIPE PEIXOTO,1163,ANDEF (EX FAETEC),ESTRADA VELHA DE MARICA 4830
2020,199,221,1,16,FELIPE PEIXOTO,1325,ESCOLA MUNICIPAL SÍTIO DO IPÊ,RUA PROF. JOSÉ PEÇANHA
2020,199,222,1,10,FELIPE PEIXOTO,1252,CIEP 307 DJANIRA,AV. EWERTON XAVIER S/N - PRACA
2020,199,223,1,14,FELIPE PEIXOTO,1350,ESCOLA MUNICIPAL MARALEGRE,"RUA DR. WALDIR COSTA, LOTES 10 E 11"
2020,199,224,1,15,FELIPE PEIXOTO,1368,UMEI PROFESSORA NINA RITA TORRES,"AVENIDA DOUTOR ACÚRCIO TORRES, 691"
2020,199,225,1,17,FELIPE PEIXOTO,1333,ESCOLA ME NINAR,"RUA 03, N 88 E 101"
2020,199,226,1,19,FELIPE PEIXOTO,1295,UMEI PROFA ODETE ROSA DA MOTA,ESTRADA FRANCISCO DA CRUZ NUNES S/N (PRÓXIMO AO CORPO DE BOMBEIROS)
2020,199,227,1,13,FELIPE PEIXOTO,1112,COLÉGIO SALESIANO REGIÃO OCEÂNICA,"RUA DOUTOR CORNÉLIO DE MELLO JÚNIOR, 117"
2020,199,228,1,3,FELIPE PEIXOTO,1317,COLÉGIO PAULO FREIRE,"AVENIDA IRENE LOPES SODRÉ, N22"
2020,199,229,1,18,FELIPE PEIXOTO,1317,COLÉGIO PAULO FREIRE,"AVENIDA IRENE LOPES SODRÉ, N22"
2020,199,23,1,19,FELIPE PEIXOTO,1066,ITACOATIARA PAMPO CLUBE,AV. BEIRA MAR 205
2020,199,230,1,22,FELIPE PEIXOTO,1104,FISK CENTRO DE ENSINO,RUA ERNANI DE FARIAS ALVES 161
2020,199,231,1,15,FELIPE PEIXOTO,1112,COLÉGIO SALESIANO REGIÃO OCEÂNICA,"RUA DOUTOR CORNÉLIO DE MELLO JÚNIOR, 117"
2020,199,232,1,11,FELIPE PEIXOTO,1392,CULTURA INGLESA EM ITAIPU,"ESTRADA FRANCISCO DA CRUZ NUNES, N 6956"
2020,199,233,1,12,FELIPE PEIXOTO,1260,COLÉGIO PLUZ,"RUA NICARÁGUA, 20"
2020,199,235,1,23,FELIPE PEIXOTO,1392,CULTURA INGLESA EM ITAIPU,"ESTRADA FRANCISCO DA CRUZ NUNES, N 6956"
2020,199,236,1,14,FELIPE PEIXOTO,1384,UMEI OLGA BENÁRIO PRESTES,"PRAÇA IRENE DE MATOS, S/N"
2020,199,237,1,20,FELIPE PEIXOTO,1392,CULTURA INGLESA EM ITAIPU,"ESTRADA FRANCISCO DA CRUZ NUNES, N 6956"
2020,199,238,1,18,FELIPE PEIXOTO,1368,UMEI PROFESSORA NINA RITA TORRES,"AVENIDA DOUTOR ACÚRCIO TORRES, 691"
2020,199,239,1,6,FELIPE PEIXOTO,1392,CULTURA INGLESA EM ITAIPU,"ESTRADA FRANCISCO DA CRUZ NUNES, N 6956"
2020,199,24,1,19,FELIPE PEIXOTO,1066,ITACOATIARA PAMPO CLUBE,AV. BEIRA MAR 205
2020,199,25,1,11,FELIPE PEIXOTO,1074,COLÉGIO FUTURO VIP (ANT GAUSS),"RUA JULIO BRAGA, 65 LOT SANTO ANTÔNIO ITAIPU"
2020,199,26,1,15,FELIPE PEIXOTO,1074,COLÉGIO FUTURO VIP (ANT GAUSS),"RUA JULIO BRAGA, 65 LOT SANTO ANTÔNIO ITAIPU"
2020,199,27,1,21,FELIPE PEIXOTO,1074,COLÉGIO FUTURO VIP (ANT GAUSS),"RUA JULIO BRAGA, 65 LOT SANTO ANTÔNIO ITAIPU"
2020,199,28,1,18,FELIPE PEIXOTO,1074,COLÉGIO FUTURO VIP (ANT GAUSS),"RUA JULIO BRAGA, 65 LOT SANTO ANTÔNIO ITAIPU"
2020,199,29,1,13,FELIPE PEIXOTO,1074,COLÉGIO FUTURO VIP (ANT GAUSS),"RUA JULIO BRAGA, 65 LOT SANTO ANTÔNIO ITAIPU"
2020,199,3,1,26,FELIPE PEIXOTO,1015,COUNTRY CLUB DE NITEROI,RUA CHILE 135
2020,199,31,1,27,FELIPE PEIXOTO,1082,UMEI DR PAULO CESAR DE ALMEIDA PIMENTEL,RUA ANTONIO LUIZ SAIÃO CAMPO BELO
2020,199,32,1,28,FELIPE PEIXOTO,1082,UMEI DR PAULO CESAR DE ALMEIDA PIMENTEL,RUA ANTONIO LUIZ SAIÃO CAMPO BELO
2020,199,33,1,25,FELIPE PEIXOTO,1082,UMEI DR PAULO CESAR DE ALMEIDA PIMENTEL,RUA ANTONIO LUIZ SAIÃO CAMPO BELO
2020,199,34,1,24,FELIPE PEIXOTO,1090,COLÉGIO ESTADUAL PROFESSORA ALCINA RODRIGUES LIMA,"ESTRADA FRANCISCO DA CRUZ NUNES, S/N"
2020,199,35,1,27,FELIPE PEIXOTO,1090,COLÉGIO ESTADUAL PROFESSORA ALCINA RODRIGUES LIMA,"ESTRADA FRANCISCO DA CRUZ NUNES, S/N"
2020,199,36,1,23,FELIPE PEIXOTO,1090,COLÉGIO ESTADUAL PROFESSORA ALCINA RODRIGUES LIMA,"ESTRADA FRANCISCO DA CRUZ NUNES, S/N"
2020,199,37,1,12,FELIPE PEIXOTO,1090,COLÉGIO ESTADUAL PROFESSORA ALCINA RODRIGUES LIMA,"ESTRADA FRANCISCO DA CRUZ NUNES, S/N"
2020,199,38,1,17,FELIPE PEIXOTO,1090,COLÉGIO ESTADUAL PROFESSORA ALCINA RODRIGUES LIMA,"ESTRADA FRANCISCO DA CRUZ NUNES, S/N"
2020,199,39,1,12,FELIPE PEIXOTO,1090,COLÉGIO ESTADUAL PROFESSORA ALCINA RODRIGUES LIMA,"ESTRADA FRANCISCO DA CRUZ NUNES, S/N"
2020,199,4,1,18,FELIPE PEIXOTO,1023,ESCOLA MUNICIPAL FELISBERTO DE CARVALHO,ESTRADA CAETANO MONTEIRO 896
2020,199,40,1,28,FELIPE PEIXOTO,1090,COLÉGIO ESTADUAL PROFESSORA ALCINA RODRIGUES LIMA,"ESTRADA FRANCISCO DA CRUZ NUNES, S/N"
2020,199,45,1,16,FELIPE PEIXOTO,1112,COLÉGIO SALESIANO REGIÃO OCEÂNICA,"RUA DOUTOR CORNÉLIO DE MELLO JÚNIOR, 117"
2020,199,46,1,17,FELIPE PEIXOTO,1112,COLÉGIO SALESIANO REGIÃO OCEÂNICA,"RUA DOUTOR CORNÉLIO DE MELLO JÚNIOR, 117"
2020,199,47,1,19,FELIPE PEIXOTO,1112,COLÉGIO SALESIANO REGIÃO OCEÂNICA,"RUA DOUTOR CORNÉLIO DE MELLO JÚNIOR, 117"
2020,199,48,1,18,FELIPE PEIXOTO,1112,COLÉGIO SALESIANO REGIÃO OCEÂNICA,"RUA DOUTOR CORNÉLIO DE MELLO JÚNIOR, 117"
2020,199,49,1,16,FELIPE PEIXOTO,1120,COLÉGIO ESTADUAL ALMIRANTE TAMANDARÉ,AV. ACURCIO TORRES S/N
2020,199,5,1,13,FELIPE PEIXOTO,1023,ESCOLA MUNICIPAL FELISBERTO DE CARVALHO,ESTRADA CAETANO MONTEIRO 896
2020,199,50,1,22,FELIPE PEIXOTO,1120,COLÉGIO ESTADUAL ALMIRANTE TAMANDARÉ,AV. ACURCIO TORRES S/N
2020,199,51,1,22,FELIPE PEIXOTO,1139,ESCOLA MUNICIPAL FRANCISCO PORTUGAL NEVES,"RUA MANOEL PACHECO DE CARVALHO, N 14 TREVO DE PIRATININGA"
2020,199,52,1,10,FELIPE PEIXOTO,1139,ESCOLA MUNICIPAL FRANCISCO PORTUGAL NEVES,"RUA MANOEL PACHECO DE CARVALHO, N 14 TREVO DE PIRATININGA"
2020,199,53,1,9,FELIPE PEIXOTO,1139,ESCOLA MUNICIPAL FRANCISCO PORTUGAL NEVES,"RUA MANOEL PACHECO DE CARVALHO, N 14 TREVO DE PIRATININGA"
2020,199,54,1,22,FELIPE PEIXOTO,1139,ESCOLA MUNICIPAL FRANCISCO PORTUGAL NEVES,"RUA MANOEL PACHECO DE CARVALHO, N 14 TREVO DE PIRATININGA"
2020,199,55,1,8,FELIPE PEIXOTO,1139,ESCOLA MUNICIPAL FRANCISCO PORTUGAL NEVES,"RUA MANOEL PACHECO DE CARVALHO, N 14 TREVO DE PIRATININGA"
2020,199,56,1,12,FELIPE PEIXOTO,1139,ESCOLA MUNICIPAL FRANCISCO PORTUGAL NEVES,"RUA MANOEL PACHECO DE CARVALHO, N 14 TREVO DE PIRATININGA"
2020,199,57,1,8,FELIPE PEIXOTO,1139,ESCOLA MUNICIPAL FRANCISCO PORTUGAL NEVES,"RUA MANOEL PACHECO DE CARVALHO, N 14 TREVO DE PIRATININGA"
2020,199,59,1,9,FELIPE PEIXOTO,1120,COLÉGIO ESTADUAL ALMIRANTE TAMANDARÉ,AV. ACURCIO TORRES S/N
2020,199,6,1,15,FELIPE PEIXOTO,1023,ESCOLA MUNICIPAL FELISBERTO DE CARVALHO,ESTRADA CAETANO MONTEIRO 896
2020,199,60,1,23,FELIPE PEIXOTO,1120,COLÉGIO ESTADUAL ALMIRANTE TAMANDARÉ,AV. ACURCIO TORRES S/N
2020,199,61,1,20,FELIPE PEIXOTO,1120,COLÉGIO ESTADUAL ALMIRANTE TAMANDARÉ,AV. ACURCIO TORRES S/N
2020,199,62,1,17,FELIPE PEIXOTO,1120,COLÉGIO ESTADUAL ALMIRANTE TAMANDARÉ,AV. ACURCIO TORRES S/N
2020,199,63,1,22,FELIPE PEIXOTO,1120,COLÉGIO ESTADUAL ALMIRANTE TAMANDARÉ,AV. ACURCIO TORRES S/N
2020,199,64,1,20,FELIPE PEIXOTO,1155,COLÉGIO ITAPUCA,"AV. ERNANI DE FARIAS ALVES, N 124 TREVO DE PIRATININGA"
2020,199,65,1,27,FELIPE PEIXOTO,1155,COLÉGIO ITAPUCA,"AV. ERNANI DE FARIAS ALVES, N 124 TREVO DE PIRATININGA"
2020,199,66,1,15,FELIPE PEIXOTO,1155,COLÉGIO ITAPUCA,"AV. ERNANI DE FARIAS ALVES, N 124 TREVO DE PIRATININGA"
2020,199,67,1,21,FELIPE PEIXOTO,1155,COLÉGIO ITAPUCA,"AV. ERNANI DE FARIAS ALVES, N 124 TREVO DE PIRATININGA"
2020,199,68,1,13,FELIPE PEIXOTO,1163,ANDEF (EX FAETEC),ESTRADA VELHA DE MARICA 4830
2020,199,69,1,24,FELIPE PEIXOTO,1163,ANDEF (EX FAETEC),ESTRADA VELHA DE MARICA 4830
2020,199,70,1,9,FELIPE PEIXOTO,1163,ANDEF (EX FAETEC),ESTRADA VELHA DE MARICA 4830
2020,199,71,1,7,FELIPE PEIXOTO,1171,COLÉGIO ESTADUAL DOUTOR SOUZA SOARES,RODOVIA AMARAL PEIXOTO KM 10
2020,199,72,1,8,FELIPE PEIXOTO,1163,ANDEF (EX FAETEC),ESTRADA VELHA DE MARICA 4830
2020,199,73,1,7,FELIPE PEIXOTO,1163,ANDEF (EX FAETEC),ESTRADA VELHA DE MARICA 4830
2020,199,75,1,20,FELIPE PEIXOTO,1198,CIEP 448 RUY FRAZÃO SOARES,ESTRADA DO ENGENHO DO MATO S/N - PRACA
2020,199,76,1,24,FELIPE PEIXOTO,1198,CIEP 448 RUY FRAZÃO SOARES,ESTRADA DO ENGENHO DO MATO S/N - PRACA
2020,199,77,1,11,FELIPE PEIXOTO,1317,COLÉGIO PAULO FREIRE,"AVENIDA IRENE LOPES SODRÉ, N22"
2020,199,78,1,12,FELIPE PEIXOTO,1163,ANDEF (EX FAETEC),ESTRADA VELHA DE MARICA 4830
2020,199,79,1,18,FELIPE PEIXOTO,1244,COLÉGIO LAPLACE,"RUA MANOEL PACHECO DE CARVALHO, N 80"
2020,199,8,1,12,FELIPE PEIXOTO,1023,ESCOLA MUNICIPAL FELISBERTO DE CARVALHO,ESTRADA CAETANO MONTEIRO 896
2020,199,80,1,23,FELIPE PEIXOTO,1244,COLÉGIO LAPLACE,"RUA MANOEL PACHECO DE CARVALHO, N 80"
2020,199,81,1,18,FELIPE PEIXOTO,1244,COLÉGIO LAPLACE,"RUA MANOEL PACHECO DE CARVALHO, N 80"
2020,199,82,1,7,FELIPE PEIXOTO,1252,CIEP 307 DJANIRA,AV. EWERTON XAVIER S/N - PRACA
2020,199,83,1,13,FELIPE PEIXOTO,1252,CIEP 307 DJANIRA,AV. EWERTON XAVIER S/N - PRACA
2020,199,84,1,12,FELIPE PEIXOTO,1252,CIEP 307 DJANIRA,AV. EWERTON XAVIER S/N - PRACA
2020,199,85,1,18,FELIPE PEIXOTO,1252,CIEP 307 DJANIRA,AV. EWERTON XAVIER S/N - PRACA
2020,199,86,1,12,FELIPE PEIXOTO,1252,CIEP 307 DJANIRA,AV. EWERTON XAVIER S/N - PRACA
2020,199,87,1,11,FELIPE PEIXOTO,1252,CIEP 307 DJANIRA,AV. EWERTON XAVIER S/N - PRACA
2020,199,88,1,25,FELIPE PEIXOTO,1015,COUNTRY CLUB DE NITEROI,RUA CHILE 135
2020,199,9,1,21,FELIPE PEIXOTO,1031,ESCOLA MUNICIPAL HONORINA DE CARVALHO,RUA PROF. JOSE PECANHA S/N
2020,199,90,1,24,FELIPE PEIXOTO,1082,UMEI DR PAULO CESAR DE ALMEIDA PIMENTEL,RUA ANTONIO LUIZ SAIÃO CAMPO BELO
2020,199,91,1,19,FELIPE PEIXOTO,1244,COLÉGIO LAPLACE,"RUA MANOEL PACHECO DE CARVALHO, N 80"
2020,199,92,1,16,FELIPE PEIXOTO,1120,COLÉGIO ESTADUAL ALMIRANTE TAMANDARÉ,AV. ACURCIO TORRES S/N
2020,199,93,1,21,FELIPE PEIXOTO,1317,COLÉGIO PAULO FREIRE,"AVENIDA IRENE LOPES SODRÉ, N22"
2020,199,94,1,32,FELIPE PEIXOTO,1031,ESCOLA MUNICIPAL HONORINA DE CARVALHO,RUA PROF. JOSE PECANHA S/N
2020,199,95,1,23,FELIPE PEIXOTO,1031,ESCOLA MUNICIPAL HONORINA DE CARVALHO,RUA PROF. JOSE PECANHA S/N
2020,199,97,1,16,FELIPE PEIXOTO,1074,COLÉGIO FUTURO VIP (ANT GAUSS),"RUA JULIO BRAGA, 65 LOT SANTO ANTÔNIO ITAIPU"
2020,199,98,1,14,FELIPE PEIXOTO,1244,COLÉGIO LAPLACE,"RUA MANOEL PACHECO DE CARVALHO, N 80"
2020,199,99,1,20,FELIPE PEIXOTO,1082,UMEI DR PAULO CESAR DE ALMEIDA PIMENTEL,RUA ANTONIO LUIZ SAIÃO CAMPO BELO
2020,71,1,1,26,FELIPE PEIXOTO,1015,CENTRO EDUCACIONAL DE NITEROI - CENTRINHO,RUA ITAGUAI 173
2020,71,100,1,21,FELIPE PEIXOTO,1309,CURSO MARLY CURY,AV. SETE DE SETEMBRO 165
2020,71,101,1,16,FELIPE PEIXOTO,1309,CURSO MARLY CURY,AV. SETE DE SETEMBRO 165
2020,71,102,1,12,FELIPE PEIXOTO,1309,CURSO MARLY CURY,AV. SETE DE SETEMBRO 165
2020,71,103,1,19,FELIPE PEIXOTO,1309,CURSO MARLY CURY,AV. SETE DE SETEMBRO 165
2020,71,104,1,14,FELIPE PEIXOTO,1317,ESCOLA ESTADUAL BALTAZAR BERNARDINO,RUA MARIZ E BARROS 444
2020,71,105,1,17,FELIPE PEIXOTO,1317,ESCOLA ESTADUAL BALTAZAR BERNARDINO,RUA MARIZ E BARROS 444
2020,71,106,1,26,FELIPE PEIXOTO,1325,ESCOLA ESTADUAL GUILHERME BRIGGS,RUA MARIO VIANNA 625
2020,71,107,1,27,FELIPE PEIXOTO,1325,ESCOLA ESTADUAL GUILHERME BRIGGS,RUA MARIO VIANNA 625
2020,71,108,1,30,FELIPE PEIXOTO,1325,ESCOLA ESTADUAL GUILHERME BRIGGS,RUA MARIO VIANNA 625
2020,71,109,1,22,FELIPE PEIXOTO,1325,ESCOLA ESTADUAL GUILHERME BRIGGS,RUA MARIO VIANNA 625
2020,71,110,1,26,FELIPE PEIXOTO,1325,ESCOLA ESTADUAL GUILHERME BRIGGS,RUA MARIO VIANNA 625
2020,71,111,1,27,FELIPE PEIXOTO,1325,ESCOLA ESTADUAL GUILHERME BRIGGS,RUA MARIO VIANNA 625
2020,71,112,1,26,FELIPE PEIXOTO,1325,ESCOLA ESTADUAL GUILHERME BRIGGS,RUA MARIO VIANNA 625
2020,71,113,1,22,FELIPE PEIXOTO,1325,ESCOLA ESTADUAL GUILHERME BRIGGS,RUA MARIO VIANNA 625
2020,71,114,1,22,FELIPE PEIXOTO,1325,ESCOLA ESTADUAL GUILHERME BRIGGS,RUA MARIO VIANNA 625
2020,71,115,1,35,FELIPE PEIXOTO,1325,ESCOLA ESTADUAL GUILHERME BRIGGS,RUA MARIO VIANNA 625
2020,71,116,1,14,FELIPE PEIXOTO,1333,PARÓQUIA NOSSA SENHORA AUXILIADORA - CENTRO COMUNITÁRIO,"RUA SANTA ROSA, 216"
2020,71,117,1,17,FELIPE PEIXOTO,1333,PARÓQUIA NOSSA SENHORA AUXILIADORA - CENTRO COMUNITÁRIO,"RUA SANTA ROSA, 216"
2020,71,118,1,10,FELIPE PEIXOTO,1309,CURSO MARLY CURY,AV. SETE DE SETEMBRO 165
2020,71,119,1,16,FELIPE PEIXOTO,1309,CURSO MARLY CURY,AV. SETE DE SETEMBRO 165
2020,71,120,1,7,FELIPE PEIXOTO,1333,PARÓQUIA NOSSA SENHORA AUXILIADORA - CENTRO COMUNITÁRIO,"RUA SANTA ROSA, 216"
2020,71,121,1,11,FELIPE PEIXOTO,1333,PARÓQUIA NOSSA SENHORA AUXILIADORA - CENTRO COMUNITÁRIO,"RUA SANTA ROSA, 216"
2020,71,122,1,19,FELIPE PEIXOTO,1333,PARÓQUIA NOSSA SENHORA AUXILIADORA - CENTRO COMUNITÁRIO,"RUA SANTA ROSA, 216"
2020,71,123,1,15,FELIPE PEIXOTO,1368,INSTITUTO SÃO JOSÉ,RUA GERALDO MARTINS 166
2020,71,124,1,13,FELIPE PEIXOTO,1368,INSTITUTO SÃO JOSÉ,RUA GERALDO MARTINS 166
2020,71,125,1,20,FELIPE PEIXOTO,1368,INSTITUTO SÃO JOSÉ,RUA GERALDO MARTINS 166
2020,71,130,1,16,FELIPE PEIXOTO,1392,FACULDADE DE VETERINARIA DA UFF,RUA VITAL BRASIL FILHO 64
2020,71,131,1,24,FELIPE PEIXOTO,1392,FACULDADE DE VETERINARIA DA UFF,RUA VITAL BRASIL FILHO 64
2020,71,132,1,17,FELIPE PEIXOTO,1392,FACULDADE DE VETERINARIA DA UFF,RUA VITAL BRASIL FILHO 64
2020,71,133,1,25,FELIPE PEIXOTO,1392,FACULDADE DE VETERINARIA DA UFF,RUA VITAL BRASIL FILHO 64
2020,71,134,1,15,FELIPE PEIXOTO,1392,FACULDADE DE VETERINARIA DA UFF,RUA VITAL BRASIL FILHO 64
2020,71,135,1,18,FELIPE PEIXOTO,1392,FACULDADE DE VETERINARIA DA UFF,RUA VITAL BRASIL FILHO 64
2020,71,136,1,32,FELIPE PEIXOTO,1015,CENTRO EDUCACIONAL DE NITEROI - CENTRINHO,RUA ITAGUAI 173
2020,71,138,1,23,FELIPE PEIXOTO,1260,INSTITUTO ABEL,AV. ROBERTO SILVEIRA 29
2020,71,140,1,15,FELIPE PEIXOTO,1244,ESCOLA ESTADUAL MANUEL DE ABREU,RUA LOPES TROVAO 287-A
2020,71,142,1,13,FELIPE PEIXOTO,1295,COLEGIO SALESIANO SANTA ROSA,RUA SANTA ROSA 207
2020,71,143,1,20,FELIPE PEIXOTO,1317,ESCOLA ESTADUAL BALTAZAR BERNARDINO,RUA MARIZ E BARROS 444
2020,71,144,1,23,FELIPE PEIXOTO,1325,ESCOLA ESTADUAL GUILHERME BRIGGS,RUA MARIO VIANNA 625
2020,71,145,1,17,FELIPE PEIXOTO,1317,ESCOLA ESTADUAL BALTAZAR BERNARDINO,RUA MARIZ E BARROS 444
2020,71,146,1,18,FELIPE PEIXOTO,1368,INSTITUTO SÃO JOSÉ,RUA GERALDO MARTINS 166
2020,71,150,1,13,FELIPE PEIXOTO,1333,PARÓQUIA NOSSA SENHORA AUXILIADORA - CENTRO COMUNITÁRIO,"RUA SANTA ROSA, 216"
2020,71,151,1,16,FELIPE PEIXOTO,1104,INSTITUTO MAIA VINAGRE,RUA NORONHA TORREZÃO 68
2020,71,153,1,42,FELIPE PEIXOTO,1015,CENTRO EDUCACIONAL DE NITEROI - CENTRINHO,RUA ITAGUAI 173
2020,71,156,1,13,FELIPE PEIXOTO,1309,CURSO MARLY CURY,AV. SETE DE SETEMBRO 165
2020,71,157,1,18,FELIPE PEIXOTO,1260,INSTITUTO ABEL,AV. ROBERTO SILVEIRA 29
2020,71,158,1,19,FELIPE PEIXOTO,1392,FACULDADE DE VETERINARIA DA UFF,RUA VITAL BRASIL FILHO 64
2020,71,160,1,13,FELIPE PEIXOTO,1333,PARÓQUIA NOSSA SENHORA AUXILIADORA - CENTRO COMUNITÁRIO,"RUA SANTA ROSA, 216"
2020,71,161,1,27,FELIPE PEIXOTO,1392,FACULDADE DE VETERINARIA DA UFF,RUA VITAL BRASIL FILHO 64
2020,71,167,1,21,FELIPE PEIXOTO,1368,INSTITUTO SÃO JOSÉ,RUA GERALDO MARTINS 166
2020,71,168,1,22,FELIPE PEIXOTO,1244,ESCOLA ESTADUAL MANUEL DE ABREU,RUA LOPES TROVAO 287-A
2020,71,171,1,20,FELIPE PEIXOTO,1295,COLEGIO SALESIANO SANTA ROSA,RUA SANTA ROSA 207
2020,71,172,1,28,FELIPE PEIXOTO,1325,ESCOLA ESTADUAL GUILHERME BRIGGS,RUA MARIO VIANNA 625
2020,71,174,1,17,FELIPE PEIXOTO,1333,PARÓQUIA NOSSA SENHORA AUXILIADORA - CENTRO COMUNITÁRIO,"RUA SANTA ROSA, 216"
2020,71,175,1,24,FELIPE PEIXOTO,1309,CURSO MARLY CURY,AV. SETE DE SETEMBRO 165
2020,71,178,1,22,FELIPE PEIXOTO,1104,INSTITUTO MAIA VINAGRE,RUA NORONHA TORREZÃO 68
2020,71,179,1,23,FELIPE PEIXOTO,1392,FACULDADE DE VETERINARIA DA UFF,RUA VITAL BRASIL FILHO 64
2020,71,182,1,20,FELIPE PEIXOTO,1333,PARÓQUIA NOSSA SENHORA AUXILIADORA - CENTRO COMUNITÁRIO,"RUA SANTA ROSA, 216"
2020,71,183,1,28,FELIPE PEIXOTO,1104,INSTITUTO MAIA VINAGRE,RUA NORONHA TORREZÃO 68
2020,71,185,1,11,FELIPE PEIXOTO,1244,ESCOLA ESTADUAL MANUEL DE ABREU,RUA LOPES TROVAO 287-A
2020,71,186,1,19,FELIPE PEIXOTO,1392,FACULDADE DE VETERINARIA DA UFF,RUA VITAL BRASIL FILHO 64
2020,71,189,1,17,FELIPE PEIXOTO,1317,ESCOLA ESTADUAL BALTAZAR BERNARDINO,RUA MARIZ E BARROS 444
2020,71,190,1,15,FELIPE PEIXOTO,1260,INSTITUTO ABEL,AV. ROBERTO SILVEIRA 29
2020,71,191,1,17,FELIPE PEIXOTO,1309,CURSO MARLY CURY,AV. SETE DE SETEMBRO 165
2020,71,192,1,17,FELIPE PEIXOTO,1392,FACULDADE DE VETERINARIA DA UFF,RUA VITAL BRASIL FILHO 64
2020,71,193,1,24,FELIPE PEIXOTO,1325,ESCOLA ESTADUAL GUILHERME BRIGGS,RUA MARIO VIANNA 625
2020,71,194,1,23,FELIPE PEIXOTO,1295,COLEGIO SALESIANO SANTA ROSA,RUA SANTA ROSA 207
2020,71,195,1,14,FELIPE PEIXOTO,1368,INSTITUTO SÃO JOSÉ,RUA GERALDO MARTINS 166
2020,71,196,1,21,FELIPE PEIXOTO,1392,FACULDADE DE VETERINARIA DA UFF,RUA VITAL BRASIL FILHO 64
2020,71,197,1,25,FELIPE PEIXOTO,1015,CENTRO EDUCACIONAL DE NITEROI - CENTRINHO,RUA ITAGUAI 173
2020,71,198,1,11,FELIPE PEIXOTO,1260,INSTITUTO ABEL,AV. ROBERTO SILVEIRA 29
2020,71,199,1,15,FELIPE PEIXOTO,1317,ESCOLA ESTADUAL BALTAZAR BERNARDINO,RUA MARIZ E BARROS 444
2020,71,2,1,22,FELIPE PEIXOTO,1015,CENTRO EDUCACIONAL DE NITEROI - CENTRINHO,RUA ITAGUAI 173
2020,71,200,1,18,FELIPE PEIXOTO,1392,FACULDADE DE VETERINARIA DA UFF,RUA VITAL BRASIL FILHO 64
2020,71,201,1,14,FELIPE PEIXOTO,1260,INSTITUTO ABEL,AV. ROBERTO SILVEIRA 29
2020,71,202,1,36,FELIPE PEIXOTO,1325,ESCOLA ESTADUAL GUILHERME BRIGGS,RUA MARIO VIANNA 625
2020,71,203,1,17,FELIPE PEIXOTO,1260,INSTITUTO ABEL,AV. ROBERTO SILVEIRA 29
2020,71,204,1,12,FELIPE PEIXOTO,1295,COLEGIO SALESIANO SANTA ROSA,RUA SANTA ROSA 207
2020,71,205,1,15,FELIPE PEIXOTO,1317,ESCOLA ESTADUAL BALTAZAR BERNARDINO,RUA MARIZ E BARROS 444
2020,71,206,1,22,FELIPE PEIXOTO,1260,INSTITUTO ABEL,AV. ROBERTO SILVEIRA 29
2020,71,207,1,19,FELIPE PEIXOTO,1325,ESCOLA ESTADUAL GUILHERME BRIGGS,RUA MARIO VIANNA 625
2020,71,208,1,17,FELIPE PEIXOTO,1244,ESCOLA ESTADUAL MANUEL DE ABREU,RUA LOPES TROVAO 287-A
2020,71,209,1,16,FELIPE PEIXOTO,1368,INSTITUTO SÃO JOSÉ,RUA GERALDO MARTINS 166
2020,71,210,1,20,FELIPE PEIXOTO,1309,CURSO MARLY CURY,AV. SETE DE SETEMBRO 165
2020,71,211,1,16,FELIPE PEIXOTO,1392,FACULDADE DE VETERINARIA DA UFF,RUA VITAL BRASIL FILHO 64
2020,71,212,1,14,FELIPE PEIXOTO,1260,INSTITUTO ABEL,AV. ROBERTO SILVEIRA 29
2020,71,213,1,20,FELIPE PEIXOTO,1295,COLEGIO SALESIANO SANTA ROSA,RUA SANTA ROSA 207
2020,71,214,1,13,FELIPE PEIXOTO,1309,CURSO MARLY CURY,AV. SETE DE SETEMBRO 165
2020,71,215,1,15,FELIPE PEIXOTO,1260,INSTITUTO ABEL,AV. ROBERTO SILVEIRA 29
2020,71,216,1,12,FELIPE PEIXOTO,1368,INSTITUTO SÃO JOSÉ,RUA GERALDO MARTINS 166
2020,71,217,1,16,FELIPE PEIXOTO,1414,UNIVERSIDADE SALGADO DE OLIVEIRA - BL B (PRÓXIMO AO GUANABARA),RUA MARECHAL DEODORO 263
2020,71,219,1,23,FELIPE PEIXOTO,1414,UNIVERSIDADE SALGADO DE OLIVEIRA - BL B (PRÓXIMO AO GUANABARA),RUA MARECHAL DEODORO 263
2020,71,221,1,17,FELIPE PEIXOTO,1414,UNIVERSIDADE SALGADO DE OLIVEIRA - BL B (PRÓXIMO AO GUANABARA),RUA MARECHAL DEODORO 263
2020,71,223,1,17,FELIPE PEIXOTO,1414,UNIVERSIDADE SALGADO DE OLIVEIRA - BL B (PRÓXIMO AO GUANABARA),RUA MARECHAL DEODORO 263
2020,71,225,1,10,FELIPE PEIXOTO,1422,CLUBE PORTUGUES DE NITEROI,RUA PROFESSOR LARA VILELA 176
2020,71,226,1,13,FELIPE PEIXOTO,1422,CLUBE PORTUGUES DE NITEROI,RUA PROFESSOR LARA VILELA 176
2020,71,227,1,17,FELIPE PEIXOTO,1422,CLUBE PORTUGUES DE NITEROI,RUA PROFESSOR LARA VILELA 176
2020,71,228,1,11,FELIPE PEIXOTO,1422,CLUBE PORTUGUES DE NITEROI,RUA PROFESSOR LARA VILELA 176
2020,71,229,1,12,FELIPE PEIXOTO,1422,CLUBE PORTUGUES DE NITEROI,RUA PROFESSOR LARA VILELA 176
2020,71,230,1,15,FELIPE PEIXOTO,1422,CLUBE PORTUGUES DE NITEROI,RUA PROFESSOR LARA VILELA 176
2020,71,231,1,8,FELIPE PEIXOTO,1430,COLEGIO ESTADUAL AURELINO LEAL,RUA PRESIDENTE PEDREIRA 79
2020,71,232,1,5,FELIPE PEIXOTO,1430,COLEGIO ESTADUAL AURELINO LEAL,RUA PRESIDENTE PEDREIRA 79
2020,71,233,1,8,FELIPE PEIXOTO,1430,COLEGIO ESTADUAL AURELINO LEAL,RUA PRESIDENTE PEDREIRA 79
2020,71,234,1,13,FELIPE PEIXOTO,1430,COLEGIO ESTADUAL AURELINO LEAL,RUA PRESIDENTE PEDREIRA 79
2020,71,235,1,11,FELIPE PEIXOTO,1430,COLEGIO ESTADUAL AURELINO LEAL,RUA PRESIDENTE PEDREIRA 79
2020,71,236,1,8,FELIPE PEIXOTO,1430,COLEGIO ESTADUAL AURELINO LEAL,RUA PRESIDENTE PEDREIRA 79
2020,71,237,1,14,FELIPE PEIXOTO,1430,COLEGIO ESTADUAL AURELINO LEAL,RUA PRESIDENTE PEDREIRA 79
2020,71,238,1,15,FELIPE PEIXOTO,1430,COLEGIO ESTADUAL AURELINO LEAL,RUA PRESIDENTE PEDREIRA 79
2020,71,239,1,14,FELIPE PEIXOTO,1449,COLÉGIO ESTADUAL ZULEIKA RAPÔSO VALLADARES (COLÉGIO VELHO),RUA SALO BRAND S/N
2020,71,240,1,14,FELIPE PEIXOTO,1449,COLÉGIO ESTADUAL ZULEIKA RAPÔSO VALLADARES (COLÉGIO VELHO),RUA SALO BRAND S/N
2020,71,241,1,13,FELIPE PEIXOTO,1449,COLÉGIO ESTADUAL ZULEIKA RAPÔSO VALLADARES (COLÉGIO VELHO),RUA SALO BRAND S/N
2020,71,242,1,26,FELIPE PEIXOTO,1449,COLÉGIO ESTADUAL ZULEIKA RAPÔSO VALLADARES (COLÉGIO VELHO),RUA SALO BRAND S/N
2020,71,243,1,9,FELIPE PEIXOTO,1449,COLÉGIO ESTADUAL ZULEIKA RAPÔSO VALLADARES (COLÉGIO VELHO),RUA SALO BRAND S/N
2020,71,244,1,10,FELIPE PEIXOTO,1449,COLÉGIO ESTADUAL ZULEIKA RAPÔSO VALLADARES (COLÉGIO VELHO),RUA SALO BRAND S/N
2020,71,245,1,20,FELIPE PEIXOTO,1449,COLÉGIO ESTADUAL ZULEIKA RAPÔSO VALLADARES (COLÉGIO VELHO),RUA SALO BRAND S/N
2020,71,246,1,20,FELIPE PEIXOTO,1457,ÁGUAS DE NITEROI,RUA MARQUÊS DO PARANÁ 108/110
2020,71,247,1,12,FELIPE PEIXOTO,1457,ÁGUAS DE NITEROI,RUA MARQUÊS DO PARANÁ 108/110
2020,71,248,1,12,FELIPE PEIXOTO,1457,ÁGUAS DE NITEROI,RUA MARQUÊS DO PARANÁ 108/110
2020,71,249,1,12,FELIPE PEIXOTO,1457,ÁGUAS DE NITEROI,RUA MARQUÊS DO PARANÁ 108/110
2020,71,250,1,19,FELIPE PEIXOTO,1465,CENTRO UNIVERSITÁRIO ANHANGUERA (ANTIGO PLÍNIO LEITE),RUA VISCONDE DO RIO BRANCO 123
2020,71,251,1,21,FELIPE PEIXOTO,1465,CENTRO UNIVERSITÁRIO ANHANGUERA (ANTIGO PLÍNIO LEITE),RUA VISCONDE DO RIO BRANCO 123
2020,71,253,1,19,FELIPE PEIXOTO,1465,CENTRO UNIVERSITÁRIO ANHANGUERA (ANTIGO PLÍNIO LEITE),RUA VISCONDE DO RIO BRANCO 123
2020,71,255,1,19,FELIPE PEIXOTO,1465,CENTRO UNIVERSITÁRIO ANHANGUERA (ANTIGO PLÍNIO LEITE),RUA VISCONDE DO RIO BRANCO 123
2020,71,258,1,12,FELIPE PEIXOTO,1465,CENTRO UNIVERSITÁRIO ANHANGUERA (ANTIGO PLÍNIO LEITE),RUA VISCONDE DO RIO BRANCO 123
2020,71,259,1,7,FELIPE PEIXOTO,1465,CENTRO UNIVERSITÁRIO ANHANGUERA (ANTIGO PLÍNIO LEITE),RUA VISCONDE DO RIO BRANCO 123
2020,71,260,1,10,FELIPE PEIXOTO,1465,CENTRO UNIVERSITÁRIO ANHANGUERA (ANTIGO PLÍNIO LEITE),RUA VISCONDE DO RIO BRANCO 123
2020,71,261,1,10,FELIPE PEIXOTO,1465,CENTRO UNIVERSITÁRIO ANHANGUERA (ANTIGO PLÍNIO LEITE),RUA VISCONDE DO RIO BRANCO 123
2020,71,262,1,12,FELIPE PEIXOTO,1465,CENTRO UNIVERSITÁRIO ANHANGUERA (ANTIGO PLÍNIO LEITE),RUA VISCONDE DO RIO BRANCO 123
2020,71,263,1,13,FELIPE PEIXOTO,1600,INSTITUTO DE EDUCAÇÃO PROFESSOR ISMAEL COUTINHO - IEPIC,"TRAVESSA MANOEL CONTINENTINO, 31"
2020,71,264,1,16,FELIPE PEIXOTO,1600,INSTITUTO DE EDUCAÇÃO PROFESSOR ISMAEL COUTINHO - IEPIC,"TRAVESSA MANOEL CONTINENTINO, 31"
2020,71,265,1,9,FELIPE PEIXOTO,1600,INSTITUTO DE EDUCAÇÃO PROFESSOR ISMAEL COUTINHO - IEPIC,"TRAVESSA MANOEL CONTINENTINO, 31"
2020,71,266,1,12,FELIPE PEIXOTO,1600,INSTITUTO DE EDUCAÇÃO PROFESSOR ISMAEL COUTINHO - IEPIC,"TRAVESSA MANOEL CONTINENTINO, 31"
2020,71,267,1,13,FELIPE PEIXOTO,1600,INSTITUTO DE EDUCAÇÃO PROFESSOR ISMAEL COUTINHO - IEPIC,"TRAVESSA MANOEL CONTINENTINO, 31"
2020,71,268,1,5,FELIPE PEIXOTO,1600,INSTITUTO DE EDUCAÇÃO PROFESSOR ISMAEL COUTINHO - IEPIC,"TRAVESSA MANOEL CONTINENTINO, 31"
2020,71,269,1,12,FELIPE PEIXOTO,1481,ESCOLA MUNICIPAL MAESTRO HEITOR VILLA-LOBOS (COLÉGIO NOVO),RUA SALO BRAND S/N
2020,71,27,1,30,FELIPE PEIXOTO,1104,INSTITUTO MAIA VINAGRE,RUA NORONHA TORREZÃO 68
2020,71,270,1,16,FELIPE PEIXOTO,1481,ESCOLA MUNICIPAL MAESTRO HEITOR VILLA-LOBOS (COLÉGIO NOVO),RUA SALO BRAND S/N
2020,71,271,1,14,FELIPE PEIXOTO,1481,ESCOLA MUNICIPAL MAESTRO HEITOR VILLA-LOBOS (COLÉGIO NOVO),RUA SALO BRAND S/N
2020,71,272,1,7,FELIPE PEIXOTO,1481,ESCOLA MUNICIPAL MAESTRO HEITOR VILLA-LOBOS (COLÉGIO NOVO),RUA SALO BRAND S/N
2020,71,273,1,9,FELIPE PEIXOTO,1481,ESCOLA MUNICIPAL MAESTRO HEITOR VILLA-LOBOS (COLÉGIO NOVO),RUA SALO BRAND S/N
2020,71,274,1,8,FELIPE PEIXOTO,1481,ESCOLA MUNICIPAL MAESTRO HEITOR VILLA-LOBOS (COLÉGIO NOVO),RUA SALO BRAND S/N
2020,71,275,1,12,FELIPE PEIXOTO,1481,ESCOLA MUNICIPAL MAESTRO HEITOR VILLA-LOBOS (COLÉGIO NOVO),RUA SALO BRAND S/N
2020,71,276,1,26,FELIPE PEIXOTO,1481,ESCOLA MUNICIPAL MAESTRO HEITOR VILLA-LOBOS (COLÉGIO NOVO),RUA SALO BRAND S/N
2020,71,278,1,16,FELIPE PEIXOTO,1546,UNIVERSIDADE SALGADO DE OLIVEIRA - BL A,RUA MARECHAL DEODORO 217
2020,71,28,1,22,FELIPE PEIXOTO,1104,INSTITUTO MAIA VINAGRE,RUA NORONHA TORREZÃO 68
2020,71,281,1,27,FELIPE PEIXOTO,1546,UNIVERSIDADE SALGADO DE OLIVEIRA - BL A,RUA MARECHAL DEODORO 217
2020,71,284,1,14,FELIPE PEIXOTO,1546,UNIVERSIDADE SALGADO DE OLIVEIRA - BL A,RUA MARECHAL DEODORO 217
2020,71,287,1,22,FELIPE PEIXOTO,1546,UNIVERSIDADE SALGADO DE OLIVEIRA - BL A,RUA MARECHAL DEODORO 217
2020,71,289,1,12,FELIPE PEIXOTO,1600,INSTITUTO DE EDUCAÇÃO PROFESSOR ISMAEL COUTINHO - IEPIC,"TRAVESSA MANOEL CONTINENTINO, 31"
2020,71,29,1,17,FELIPE PEIXOTO,1104,INSTITUTO MAIA VINAGRE,RUA NORONHA TORREZÃO 68
2020,71,291,1,20,FELIPE PEIXOTO,1511,INSTITUTO DE MATEMATICA DA UFF (VALONGUINHO),RUA MÁRIO SANTOS BRAGA S/N
2020,71,293,1,15,FELIPE PEIXOTO,1511,INSTITUTO DE MATEMATICA DA UFF (VALONGUINHO),RUA MÁRIO SANTOS BRAGA S/N
2020,71,295,1,18,FELIPE PEIXOTO,1511,INSTITUTO DE MATEMATICA DA UFF (VALONGUINHO),RUA MÁRIO SANTOS BRAGA S/N
2020,71,297,1,16,FELIPE PEIXOTO,1511,INSTITUTO DE MATEMATICA DA UFF (VALONGUINHO),RUA MÁRIO SANTOS BRAGA S/N
2020,71,299,1,10,FELIPE PEIXOTO,1511,INSTITUTO DE MATEMATICA DA UFF (VALONGUINHO),RUA MÁRIO SANTOS BRAGA S/N
2020,71,3,1,35,FELIPE PEIXOTO,1015,CENTRO EDUCACIONAL DE NITEROI - CENTRINHO,RUA ITAGUAI 173
2020,71,30,1,21,FELIPE PEIXOTO,1104,INSTITUTO MAIA VINAGRE,RUA NORONHA TORREZÃO 68
2020,71,301,1,13,FELIPE PEIXOTO,1511,INSTITUTO DE MATEMATICA DA UFF (VALONGUINHO),RUA MÁRIO SANTOS BRAGA S/N
2020,71,303,1,19,FELIPE PEIXOTO,1511,INSTITUTO DE MATEMATICA DA UFF (VALONGUINHO),RUA MÁRIO SANTOS BRAGA S/N
2020,71,305,1,9,FELIPE PEIXOTO,1520,LOJA MAÇÔNICA EVOLUÇÃO 2,RUA SANTA CLARA 77
2020,71,306,1,8,FELIPE PEIXOTO,1520,LOJA MAÇÔNICA EVOLUÇÃO 2,RUA SANTA CLARA 77
2020,71,307,1,7,FELIPE PEIXOTO,1520,LOJA MAÇÔNICA EVOLUÇÃO 2,RUA SANTA CLARA 77
2020,71,308,1,14,FELIPE PEIXOTO,1520,LOJA MAÇÔNICA EVOLUÇÃO 2,RUA SANTA CLARA 77
2020,71,309,1,17,FELIPE PEIXOTO,1538,FUNDAÇÃO GETÚLIO VARGAS - FGV (EX CENTRÃO),AV ERNANI DO AMARAL PEIXOTO 836
2020,71,31,1,29,FELIPE PEIXOTO,1104,INSTITUTO MAIA VINAGRE,RUA NORONHA TORREZÃO 68
2020,71,313,1,17,FELIPE PEIXOTO,1538,FUNDAÇÃO GETÚLIO VARGAS - FGV (EX CENTRÃO),AV ERNANI DO AMARAL PEIXOTO 836
2020,71,317,1,20,FELIPE PEIXOTO,1538,FUNDAÇÃO GETÚLIO VARGAS - FGV (EX CENTRÃO),AV ERNANI DO AMARAL PEIXOTO 836
2020,71,32,1,27,FELIPE PEIXOTO,1104,INSTITUTO MAIA VINAGRE,RUA NORONHA TORREZÃO 68
2020,71,321,1,11,FELIPE PEIXOTO,1538,FUNDAÇÃO GETÚLIO VARGAS - FGV (EX CENTRÃO),AV ERNANI DO AMARAL PEIXOTO 836
2020,71,324,1,20,FELIPE PEIXOTO,1546,UNIVERSIDADE SALGADO DE OLIVEIRA - BL A,RUA MARECHAL DEODORO 217
2020,71,327,1,32,FELIPE PEIXOTO,1546,UNIVERSIDADE SALGADO DE OLIVEIRA - BL A,RUA MARECHAL DEODORO 217
2020,71,330,1,18,FELIPE PEIXOTO,1546,UNIVERSIDADE SALGADO DE OLIVEIRA - BL A,RUA MARECHAL DEODORO 217
2020,71,332,1,9,FELIPE PEIXOTO,1546,UNIVERSIDADE SALGADO DE OLIVEIRA - BL A,RUA MARECHAL DEODORO 217
2020,71,333,1,16,FELIPE PEIXOTO,1554,FACULDADE DE ENGENHARIA DA UFF,RUA PASSO DA PATRIA 156
2020,71,334,1,9,FELIPE PEIXOTO,1554,FACULDADE DE ENGENHARIA DA UFF,RUA PASSO DA PATRIA 156
2020,71,335,1,18,FELIPE PEIXOTO,1554,FACULDADE DE ENGENHARIA DA UFF,RUA PASSO DA PATRIA 156
2020,71,336,1,10,FELIPE PEIXOTO,1554,FACULDADE DE ENGENHARIA DA UFF,RUA PASSO DA PATRIA 156
2020,71,337,1,8,FELIPE PEIXOTO,1554,FACULDADE DE ENGENHARIA DA UFF,RUA PASSO DA PATRIA 156
2020,71,338,1,6,FELIPE PEIXOTO,1554,FACULDADE DE ENGENHARIA DA UFF,RUA PASSO DA PATRIA 156
2020,71,339,1,25,FELIPE PEIXOTO,1562,COLEGIO ESTADUAL RAUL VIDAL,AVENIDA FELICIANO SODRE 21
2020,71,341,1,13,FELIPE PEIXOTO,1562,COLEGIO ESTADUAL RAUL VIDAL,AVENIDA FELICIANO SODRE 21
2020,71,343,1,22,FELIPE PEIXOTO,1562,COLEGIO ESTADUAL RAUL VIDAL,AVENIDA FELICIANO SODRE 21
2020,71,345,1,19,FELIPE PEIXOTO,1562,COLEGIO ESTADUAL RAUL VIDAL,AVENIDA FELICIANO SODRE 21
2020,71,347,1,17,FELIPE PEIXOTO,1562,COLEGIO ESTADUAL RAUL VIDAL,AVENIDA FELICIANO SODRE 21
2020,71,349,1,22,FELIPE PEIXOTO,1562,COLEGIO ESTADUAL RAUL VIDAL,AVENIDA FELICIANO SODRE 21
2020,71,351,1,15,FELIPE PEIXOTO,1570,COLÉGIO UNIVERSÍTÁRIO DA UFF (CIEP GRAGOATÁ),RUA ALEXANDRE MOURA 8
2020,71,352,1,15,FELIPE PEIXOTO,1570,COLÉGIO UNIVERSÍTÁRIO DA UFF (CIEP GRAGOATÁ),RUA ALEXANDRE MOURA 8
2020,71,353,1,11,FELIPE PEIXOTO,1570,COLÉGIO UNIVERSÍTÁRIO DA UFF (CIEP GRAGOATÁ),RUA ALEXANDRE MOURA 8
2020,71,355,1,20,FELIPE PEIXOTO,1619,COLEGIO SAO VICENTE DE PAULO,RUA MIGUEL DE FRIAS 123
2020,71,356,1,19,FELIPE PEIXOTO,1619,COLEGIO SAO VICENTE DE PAULO,RUA MIGUEL DE FRIAS 123
2020,71,357,1,12,FELIPE PEIXOTO,1619,COLEGIO SAO VICENTE DE PAULO,RUA MIGUEL DE FRIAS 123
2020,71,358,1,21,FELIPE PEIXOTO,1619,COLEGIO SAO VICENTE DE PAULO,RUA MIGUEL DE FRIAS 123
2020,71,360,1,28,FELIPE PEIXOTO,1597,ESCOLA MUNICIPAL SANTOS DUMONT,RUA MANOEL CORREIA S/N
2020,71,362,1,28,FELIPE PEIXOTO,1597,ESCOLA MUNICIPAL SANTOS DUMONT,RUA MANOEL CORREIA S/N
2020,71,364,1,14,FELIPE PEIXOTO,1597,ESCOLA MUNICIPAL SANTOS DUMONT,RUA MANOEL CORREIA S/N
2020,71,365,1,8,FELIPE PEIXOTO,1597,ESCOLA MUNICIPAL SANTOS DUMONT,RUA MANOEL CORREIA S/N
2020,71,366,1,12,FELIPE PEIXOTO,1600,INSTITUTO DE EDUCAÇÃO PROFESSOR ISMAEL COUTINHO - IEPIC,"TRAVESSA MANOEL CONTINENTINO, 31"
2020,71,369,1,15,FELIPE PEIXOTO,1600,INSTITUTO DE EDUCAÇÃO PROFESSOR ISMAEL COUTINHO - IEPIC,"TRAVESSA MANOEL CONTINENTINO, 31"
2020,71,372,1,18,FELIPE PEIXOTO,1600,INSTITUTO DE EDUCAÇÃO PROFESSOR ISMAEL COUTINHO - IEPIC,"TRAVESSA MANOEL CONTINENTINO, 31"
2020,71,375,1,3,FELIPE PEIXOTO,1600,INSTITUTO DE EDUCAÇÃO PROFESSOR ISMAEL COUTINHO - IEPIC,"TRAVESSA MANOEL CONTINENTINO, 31"
2020,71,377,1,19,FELIPE PEIXOTO,1619,COLEGIO SAO VICENTE DE PAULO,RUA MIGUEL DE FRIAS 123
2020,71,380,1,27,FELIPE PEIXOTO,1619,COLEGIO SAO VICENTE DE PAULO,RUA MIGUEL DE FRIAS 123
2020,71,383,1,21,FELIPE PEIXOTO,1619,COLEGIO SAO VICENTE DE PAULO,RUA MIGUEL DE FRIAS 123
2020,71,386,1,18,FELIPE PEIXOTO,1619,COLEGIO SAO VICENTE DE PAULO,RUA MIGUEL DE FRIAS 123
2020,71,389,1,20,FELIPE PEIXOTO,1619,COLEGIO SAO VICENTE DE PAULO,RUA MIGUEL DE FRIAS 123
2020,71,392,1,22,FELIPE PEIXOTO,1627,REITORIA DA UFF,RUA MIGUEL DE FRIAS 9
2020,71,393,1,20,FELIPE PEIXOTO,1627,REITORIA DA UFF,RUA MIGUEL DE FRIAS 9
2020,71,394,1,12,FELIPE PEIXOTO,1627,REITORIA DA UFF,RUA MIGUEL DE FRIAS 9
2020,71,397,1,15,FELIPE PEIXOTO,1643,JARDIM DE INFÂNCIA ALBERTO DE OLIVEIRA,RUA EVARISTO DA VEIGA 108
2020,71,398,1,14,FELIPE PEIXOTO,1643,JARDIM DE INFÂNCIA ALBERTO DE OLIVEIRA,RUA EVARISTO DA VEIGA 108
2020,71,4,1,26,FELIPE PEIXOTO,1015,CENTRO EDUCACIONAL DE NITEROI - CENTRINHO,RUA ITAGUAI 173
2020,71,401,1,24,FELIPE PEIXOTO,1651,FACULDADE DE ENFERMAGEM DA UFF,RUA DR CELESTINO 74
2020,71,404,1,10,FELIPE PEIXOTO,1651,FACULDADE DE ENFERMAGEM DA UFF,RUA DR CELESTINO 74
2020,71,407,1,13,FELIPE PEIXOTO,1651,FACULDADE DE ENFERMAGEM DA UFF,RUA DR CELESTINO 74
2020,71,409,1,10,FELIPE PEIXOTO,1660,FACULDADE DE DIREITO DA UFF - UFF - DIREITO 1,RUA PRESIDENTE PEDREIRA 62
2020,71,410,1,14,FELIPE PEIXOTO,1660,FACULDADE DE DIREITO DA UFF - UFF - DIREITO 1,RUA PRESIDENTE PEDREIRA 62
2020,71,411,1,18,FELIPE PEIXOTO,1660,FACULDADE DE DIREITO DA UFF - UFF - DIREITO 1,RUA PRESIDENTE PEDREIRA 62
2020,71,412,1,15,FELIPE PEIXOTO,1660,FACULDADE DE DIREITO DA UFF - UFF - DIREITO 1,RUA PRESIDENTE PEDREIRA 62
2020,71,413,1,16,FELIPE PEIXOTO,1660,FACULDADE DE DIREITO DA UFF - UFF - DIREITO 1,RUA PRESIDENTE PEDREIRA 62
2020,71,414,1,10,FELIPE PEIXOTO,1660,FACULDADE DE DIREITO DA UFF - UFF - DIREITO 1,RUA PRESIDENTE PEDREIRA 62
2020,71,415,1,15,FELIPE PEIXOTO,1660,FACULDADE DE DIREITO DA UFF - UFF - DIREITO 1,RUA PRESIDENTE PEDREIRA 62
2020,71,416,1,13,FELIPE PEIXOTO,1660,FACULDADE DE DIREITO DA UFF - UFF - DIREITO 1,RUA PRESIDENTE PEDREIRA 62
2020,71,417,1,12,FELIPE PEIXOTO,1660,FACULDADE DE DIREITO DA UFF - UFF - DIREITO 1,RUA PRESIDENTE PEDREIRA 62
2020,71,418,1,14,FELIPE PEIXOTO,1660,FACULDADE DE DIREITO DA UFF - UFF - DIREITO 1,RUA PRESIDENTE PEDREIRA 62
2020,71,419,1,14,FELIPE PEIXOTO,1660,FACULDADE DE DIREITO DA UFF - UFF - DIREITO 1,RUA PRESIDENTE PEDREIRA 62
2020,71,420,1,15,FELIPE PEIXOTO,1660,FACULDADE DE DIREITO DA UFF - UFF - DIREITO 1,RUA PRESIDENTE PEDREIRA 62
2020,71,421,1,24,FELIPE PEIXOTO,1678,LICEU NILO PEÇANHA,AV ERNANI DO AMARAL PEIXOTO 707
2020,71,423,1,15,FELIPE PEIXOTO,1678,LICEU NILO PEÇANHA,AV ERNANI DO AMARAL PEIXOTO 707
2020,71,425,1,36,FELIPE PEIXOTO,1678,LICEU NILO PEÇANHA,AV ERNANI DO AMARAL PEIXOTO 707
2020,71,427,1,15,FELIPE PEIXOTO,1678,LICEU NILO PEÇANHA,AV ERNANI DO AMARAL PEIXOTO 707
2020,71,429,1,20,FELIPE PEIXOTO,1678,LICEU NILO PEÇANHA,AV ERNANI DO AMARAL PEIXOTO 707
2020,71,431,1,29,FELIPE PEIXOTO,1678,LICEU NILO PEÇANHA,AV ERNANI DO AMARAL PEIXOTO 707
2020,71,433,1,11,FELIPE PEIXOTO,1678,LICEU NILO PEÇANHA,AV ERNANI DO AMARAL PEIXOTO 707
2020,71,435,1,5,FELIPE PEIXOTO,1678,LICEU NILO PEÇANHA,AV ERNANI DO AMARAL PEIXOTO 707
2020,71,436,1,20,FELIPE PEIXOTO,1600,INSTITUTO DE EDUCAÇÃO PROFESSOR ISMAEL COUTINHO - IEPIC,"TRAVESSA MANOEL CONTINENTINO, 31"
2020,71,440,1,13,FELIPE PEIXOTO,1694,RIO CRICKET,RUA FAGUNDES VARELA 637
2020,71,441,1,23,FELIPE PEIXOTO,1694,RIO CRICKET,RUA FAGUNDES VARELA 637
2020,71,442,1,13,FELIPE PEIXOTO,1694,RIO CRICKET,RUA FAGUNDES VARELA 637
2020,71,443,1,23,FELIPE PEIXOTO,1694,RIO CRICKET,RUA FAGUNDES VARELA 637
2020,71,444,1,14,FELIPE PEIXOTO,1694,RIO CRICKET,RUA FAGUNDES VARELA 637
2020,71,446,1,10,FELIPE PEIXOTO,1260,INSTITUTO ABEL,AV. ROBERTO SILVEIRA 29
2020,71,5,1,30,FELIPE PEIXOTO,1015,CENTRO EDUCACIONAL DE NITEROI - CENTRINHO,RUA ITAGUAI 173
2020,71,6,1,37,FELIPE PEIXOTO,1015,CENTRO EDUCACIONAL DE NITEROI - CENTRINHO,RUA ITAGUAI 173
2020,71,69,1,15,FELIPE PEIXOTO,1244,ESCOLA ESTADUAL MANUEL DE ABREU,RUA LOPES TROVAO 287-A
2020,71,70,1,12,FELIPE PEIXOTO,1244,ESCOLA ESTADUAL MANUEL DE ABREU,RUA LOPES TROVAO 287-A
2020,71,71,1,15,FELIPE PEIXOTO,1260,INSTITUTO ABEL,AV. ROBERTO SILVEIRA 29
2020,71,72,1,20,FELIPE PEIXOTO,1260,INSTITUTO ABEL,AV. ROBERTO SILVEIRA 29
2020,71,73,1,16,FELIPE PEIXOTO,1260,INSTITUTO ABEL,AV. ROBERTO SILVEIRA 29
2020,71,74,1,16,FELIPE PEIXOTO,1260,INSTITUTO ABEL,AV. ROBERTO SILVEIRA 29
2020,71,75,1,20,FELIPE PEIXOTO,1368,INSTITUTO SÃO JOSÉ,RUA GERALDO MARTINS 166
2020,71,76,1,24,FELIPE PEIXOTO,1368,INSTITUTO SÃO JOSÉ,RUA GERALDO MARTINS 166
2020,71,77,1,14,FELIPE PEIXOTO,1244,ESCOLA ESTADUAL MANUEL DE ABREU,RUA LOPES TROVAO 287-A
2020,71,78,1,16,FELIPE PEIXOTO,1244,ESCOLA ESTADUAL MANUEL DE ABREU,RUA LOPES TROVAO 287-A
2020,71,79,1,16,FELIPE PEIXOTO,1244,ESCOLA ESTADUAL MANUEL DE ABREU,RUA LOPES TROVAO 287-A
2020,71,80,1,11,FELIPE PEIXOTO,1317,ESCOLA ESTADUAL BALTAZAR BERNARDINO,RUA MARIZ E BARROS 444
2020,71,81,1,10,FELIPE PEIXOTO,1317,ESCOLA ESTADUAL BALTAZAR BERNARDINO,RUA MARIZ E BARROS 444
2020,71,82,1,13,FELIPE PEIXOTO,1260,INSTITUTO ABEL,AV. ROBERTO SILVEIRA 29
2020,71,83,1,14,FELIPE PEIXOTO,1260,INSTITUTO ABEL,AV. ROBERTO SILVEIRA 29
2020,71,84,1,17,FELIPE PEIXOTO,1260,INSTITUTO ABEL,AV. ROBERTO SILVEIRA 29
2020,71,85,1,9,FELIPE PEIXOTO,1333,PARÓQUIA NOSSA SENHORA AUXILIADORA - CENTRO COMUNITÁRIO,"RUA SANTA ROSA, 216"
2020,71,86,1,32,FELIPE PEIXOTO,1015,CENTRO EDUCACIONAL DE NITEROI - CENTRINHO,RUA ITAGUAI 173
2020,71,87,1,30,FELIPE PEIXOTO,1015,CENTRO EDUCACIONAL DE NITEROI - CENTRINHO,RUA ITAGUAI 173
2020,71,88,1,10,FELIPE PEIXOTO,1295,COLEGIO SALESIANO SANTA ROSA,RUA SANTA ROSA 207
2020,71,89,1,22,FELIPE PEIXOTO,1295,COLEGIO SALESIANO SANTA ROSA,RUA SANTA ROSA 207
2020,71,90,1,13,FELIPE PEIXOTO,1295,COLEGIO SALESIANO SANTA ROSA,RUA SANTA ROSA 207
2020,71,91,1,23,FELIPE PEIXOTO,1295,COLEGIO SALESIANO SANTA ROSA,RUA SANTA ROSA 207
2020,71,92,1,8,FELIPE PEIXOTO,1295,COLEGIO SALESIANO SANTA ROSA,RUA SANTA ROSA 207
2020,71,93,1,7,FELIPE PEIXOTO,1295,COLEGIO SALESIANO SANTA ROSA,RUA SANTA ROSA 207
2020,71,94,1,22,FELIPE PEIXOTO,1295,COLEGIO SALESIANO SANTA ROSA,RUA SANTA ROSA 207
2020,71,95,1,11,FELIPE PEIXOTO,1295,COLEGIO SALESIANO SANTA ROSA,RUA SANTA ROSA 207
2020,71,96,1,15,FELIPE PEIXOTO,1295,COLEGIO SALESIANO SANTA ROSA,RUA SANTA ROSA 207
2020,71,97,1,18,FELIPE PEIXOTO,1295,COLEGIO SALESIANO SANTA ROSA,RUA SANTA ROSA 207
2020,71,98,1,21,FELIPE PEIXOTO,1295,COLEGIO SALESIANO SANTA ROSA,RUA SANTA ROSA 207
2020,71,99,1,18,FELIPE PEIXOTO,1295,COLEGIO SALESIANO SANTA ROSA,RUA SANTA ROSA 207
2020,72,1,1,18,FELIPE PEIXOTO,1015,ESCOLA ESTADUAL DR LUCIANO PESTRE,AV PASTOR JOSE GOMES DE SOUZA S/N
2020,72,10,1,16,FELIPE PEIXOTO,1040,CIEP 447 - CARAMUJO,RODOVIA AMARAL PEIXOTO KM 2
2020,72,113,1,7,FELIPE PEIXOTO,1368,ESCOLA MUNICIPAL VILA COSTA MONTEIRO,RUA ITITIOCA S/N
2020,72,114,1,24,FELIPE PEIXOTO,1368,ESCOLA MUNICIPAL VILA COSTA MONTEIRO,RUA ITITIOCA S/N
2020,72,118,1,20,FELIPE PEIXOTO,1040,CIEP 447 - CARAMUJO,RODOVIA AMARAL PEIXOTO KM 2
2020,72,12,1,17,FELIPE PEIXOTO,1040,CIEP 447 - CARAMUJO,RODOVIA AMARAL PEIXOTO KM 2
2020,72,120,1,19,FELIPE PEIXOTO,1449,CIEP 450 - BADU,ESTRADA CAETANO MONTEIRO S/N
2020,72,121,1,18,FELIPE PEIXOTO,1015,ESCOLA ESTADUAL DR LUCIANO PESTRE,AV PASTOR JOSE GOMES DE SOUZA S/N
2020,72,122,1,21,FELIPE PEIXOTO,1074,COLEGIO ESTADUAL PAULO ASSIS RIBEIRO,ESTRADA CAETANO MONTEIRO 814
2020,72,123,1,20,FELIPE PEIXOTO,1112,ESCOLA ESTADUAL LEOPOLDO FROES,RUA REVERENDO ARMANDO FERREIRA  S/N
2020,72,126,1,22,FELIPE PEIXOTO,1180,ESCOLA MUNICIPAL RACHIDE DA GLORIA SALIM SAKER,RUA JANDIRA PEREIRA 620
2020,72,130,1,18,FELIPE PEIXOTO,1147,ESCOLA MUNICIPAL VERA LUCIA MACHADO,RUA ALDEMAR DE PAIVA LOTE 7 E 8
2020,72,131,1,25,FELIPE PEIXOTO,1449,CIEP 450 - BADU,ESTRADA CAETANO MONTEIRO S/N
2020,72,132,1,24,FELIPE PEIXOTO,1368,ESCOLA MUNICIPAL VILA COSTA MONTEIRO,RUA ITITIOCA S/N
2020,72,133,1,26,FELIPE PEIXOTO,1074,COLEGIO ESTADUAL PAULO ASSIS RIBEIRO,ESTRADA CAETANO MONTEIRO 814
2020,72,136,1,24,FELIPE PEIXOTO,1112,ESCOLA ESTADUAL LEOPOLDO FROES,RUA REVERENDO ARMANDO FERREIRA  S/N
2020,72,139,1,24,FELIPE PEIXOTO,1171,ESCOLA MUNICIPAL ANTONIO COUTINHO DE AZEVEDO,AV DES NESTOR RODRIGUES PERLINGEIRO S/N
2020,72,14,1,13,FELIPE PEIXOTO,1040,CIEP 447 - CARAMUJO,RODOVIA AMARAL PEIXOTO KM 2
2020,72,143,1,16,FELIPE PEIXOTO,1015,ESCOLA ESTADUAL DR LUCIANO PESTRE,AV PASTOR JOSE GOMES DE SOUZA S/N
2020,72,144,1,19,FELIPE PEIXOTO,1112,ESCOLA ESTADUAL LEOPOLDO FROES,RUA REVERENDO ARMANDO FERREIRA  S/N
2020,72,146,1,23,FELIPE PEIXOTO,1171,ESCOLA MUNICIPAL ANTONIO COUTINHO DE AZEVEDO,AV DES NESTOR RODRIGUES PERLINGEIRO S/N
2020,72,147,1,21,FELIPE PEIXOTO,1074,COLEGIO ESTADUAL PAULO ASSIS RIBEIRO,ESTRADA CAETANO MONTEIRO 814
2020,72,149,1,13,FELIPE PEIXOTO,1015,ESCOLA ESTADUAL DR LUCIANO PESTRE,AV PASTOR JOSE GOMES DE SOUZA S/N
2020,72,150,1,23,FELIPE PEIXOTO,1449,CIEP 450 - BADU,ESTRADA CAETANO MONTEIRO S/N
2020,72,156,1,18,FELIPE PEIXOTO,1368,ESCOLA MUNICIPAL VILA COSTA MONTEIRO,RUA ITITIOCA S/N
2020,72,159,1,24,FELIPE PEIXOTO,1449,CIEP 450 - BADU,ESTRADA CAETANO MONTEIRO S/N
2020,72,16,1,8,FELIPE PEIXOTO,1015,ESCOLA ESTADUAL DR LUCIANO PESTRE,AV PASTOR JOSE GOMES DE SOUZA S/N
2020,72,160,1,31,FELIPE PEIXOTO,1147,ESCOLA MUNICIPAL VERA LUCIA MACHADO,RUA ALDEMAR DE PAIVA LOTE 7 E 8
2020,72,162,1,13,FELIPE PEIXOTO,1171,ESCOLA MUNICIPAL ANTONIO COUTINHO DE AZEVEDO,AV DES NESTOR RODRIGUES PERLINGEIRO S/N
2020,72,163,1,20,FELIPE PEIXOTO,1449,CIEP 450 - BADU,ESTRADA CAETANO MONTEIRO S/N
2020,72,168,1,25,FELIPE PEIXOTO,1074,COLEGIO ESTADUAL PAULO ASSIS RIBEIRO,ESTRADA CAETANO MONTEIRO 814
2020,72,173,1,21,FELIPE PEIXOTO,1449,CIEP 450 - BADU,ESTRADA CAETANO MONTEIRO S/N
2020,72,174,1,17,FELIPE PEIXOTO,1473,COLÉGIO FORUM CULTURAL,ESTRADA FRANCISCO DA CRUZ NUNES 2454
2020,72,177,1,12,FELIPE PEIXOTO,1015,ESCOLA ESTADUAL DR LUCIANO PESTRE,AV PASTOR JOSE GOMES DE SOUZA S/N
2020,72,178,1,13,FELIPE PEIXOTO,1171,ESCOLA MUNICIPAL ANTONIO COUTINHO DE AZEVEDO,AV DES NESTOR RODRIGUES PERLINGEIRO S/N
2020,72,18,1,11,FELIPE PEIXOTO,1449,CIEP 450 - BADU,ESTRADA CAETANO MONTEIRO S/N
2020,72,181,1,13,FELIPE PEIXOTO,1473,COLÉGIO FORUM CULTURAL,ESTRADA FRANCISCO DA CRUZ NUNES 2454
2020,72,184,1,22,FELIPE PEIXOTO,1147,ESCOLA MUNICIPAL VERA LUCIA MACHADO,RUA ALDEMAR DE PAIVA LOTE 7 E 8
2020,72,185,1,20,FELIPE PEIXOTO,1368,ESCOLA MUNICIPAL VILA COSTA MONTEIRO,RUA ITITIOCA S/N
2020,72,186,1,9,FELIPE PEIXOTO,1473,COLÉGIO FORUM CULTURAL,ESTRADA FRANCISCO DA CRUZ NUNES 2454
2020,72,187,1,17,FELIPE PEIXOTO,1473,COLÉGIO FORUM CULTURAL,ESTRADA FRANCISCO DA CRUZ NUNES 2454
2020,72,188,1,21,FELIPE PEIXOTO,1040,CIEP 447 - CARAMUJO,RODOVIA AMARAL PEIXOTO KM 2
2020,72,189,1,15,FELIPE PEIXOTO,1074,COLEGIO ESTADUAL PAULO ASSIS RIBEIRO,ESTRADA CAETANO MONTEIRO 814
2020,72,19,1,11,FELIPE PEIXOTO,1449,CIEP 450 - BADU,ESTRADA CAETANO MONTEIRO S/N
2020,72,190,1,30,FELIPE PEIXOTO,1074,COLEGIO ESTADUAL PAULO ASSIS RIBEIRO,ESTRADA CAETANO MONTEIRO 814
2020,72,191,1,16,FELIPE PEIXOTO,1473,COLÉGIO FORUM CULTURAL,ESTRADA FRANCISCO DA CRUZ NUNES 2454
2020,72,192,1,16,FELIPE PEIXOTO,1449,CIEP 450 - BADU,ESTRADA CAETANO MONTEIRO S/N
2020,72,193,1,13,FELIPE PEIXOTO,1473,COLÉGIO FORUM CULTURAL,ESTRADA FRANCISCO DA CRUZ NUNES 2454
2020,72,194,1,19,FELIPE PEIXOTO,1368,ESCOLA MUNICIPAL VILA COSTA MONTEIRO,RUA ITITIOCA S/N
2020,72,195,1,17,FELIPE PEIXOTO,1449,CIEP 450 - BADU,ESTRADA CAETANO MONTEIRO S/N
2020,72,196,1,16,FELIPE PEIXOTO,1147,ESCOLA MUNICIPAL VERA LUCIA MACHADO,RUA ALDEMAR DE PAIVA LOTE 7 E 8
2020,72,198,1,9,FELIPE PEIXOTO,1180,ESCOLA MUNICIPAL RACHIDE DA GLORIA SALIM SAKER,RUA JANDIRA PEREIRA 620
2020,72,199,1,22,FELIPE PEIXOTO,1368,ESCOLA MUNICIPAL VILA COSTA MONTEIRO,RUA ITITIOCA S/N
2020,72,20,1,24,FELIPE PEIXOTO,1449,CIEP 450 - BADU,ESTRADA CAETANO MONTEIRO S/N
2020,72,201,1,17,FELIPE PEIXOTO,1473,COLÉGIO FORUM CULTURAL,ESTRADA FRANCISCO DA CRUZ NUNES 2454
2020,72,202,1,15,FELIPE PEIXOTO,1074,COLEGIO ESTADUAL PAULO ASSIS RIBEIRO,ESTRADA CAETANO MONTEIRO 814
2020,72,203,1,21,FELIPE PEIXOTO,1449,CIEP 450 - BADU,ESTRADA CAETANO MONTEIRO S/N
2020,72,205,1,16,FELIPE PEIXOTO,1368,ESCOLA MUNICIPAL VILA COSTA MONTEIRO,RUA ITITIOCA S/N
2020,72,207,1,12,FELIPE PEIXOTO,1473,COLÉGIO FORUM CULTURAL,ESTRADA FRANCISCO DA CRUZ NUNES 2454
2020,72,208,1,10,FELIPE PEIXOTO,1180,ESCOLA MUNICIPAL RACHIDE DA GLORIA SALIM SAKER,RUA JANDIRA PEREIRA 620
2020,72,209,1,17,FELIPE PEIXOTO,1074,COLEGIO ESTADUAL PAULO ASSIS RIBEIRO,ESTRADA CAETANO MONTEIRO 814
2020,72,21,1,16,FELIPE PEIXOTO,1449,CIEP 450 - BADU,ESTRADA CAETANO MONTEIRO S/N
2020,72,210,1,25,FELIPE PEIXOTO,1074,COLEGIO ESTADUAL PAULO ASSIS RIBEIRO,ESTRADA CAETANO MONTEIRO 814
2020,72,211,1,23,FELIPE PEIXOTO,1368,ESCOLA MUNICIPAL VILA COSTA MONTEIRO,RUA ITITIOCA S/N
2020,72,212,1,16,FELIPE PEIXOTO,1040,CIEP 447 - CARAMUJO,RODOVIA AMARAL PEIXOTO KM 2
2020,72,213,1,16,FELIPE PEIXOTO,1147,ESCOLA MUNICIPAL VERA LUCIA MACHADO,RUA ALDEMAR DE PAIVA LOTE 7 E 8
2020,72,214,1,6,FELIPE PEIXOTO,1473,COLÉGIO FORUM CULTURAL,ESTRADA FRANCISCO DA CRUZ NUNES 2454
2020,72,215,1,18,FELIPE PEIXOTO,1074,COLEGIO ESTADUAL PAULO ASSIS RIBEIRO,ESTRADA CAETANO MONTEIRO 814
2020,72,218,1,16,FELIPE PEIXOTO,1180,ESCOLA MUNICIPAL RACHIDE DA GLORIA SALIM SAKER,RUA JANDIRA PEREIRA 620
2020,72,219,1,16,FELIPE PEIXOTO,1074,COLEGIO ESTADUAL PAULO ASSIS RIBEIRO,ESTRADA CAETANO MONTEIRO 814
2020,72,22,1,20,FELIPE PEIXOTO,1449,CIEP 450 - BADU,ESTRADA CAETANO MONTEIRO S/N
2020,72,220,1,22,FELIPE PEIXOTO,1368,ESCOLA MUNICIPAL VILA COSTA MONTEIRO,RUA ITITIOCA S/N
2020,72,221,1,14,FELIPE PEIXOTO,1449,CIEP 450 - BADU,ESTRADA CAETANO MONTEIRO S/N
2020,72,222,1,20,FELIPE PEIXOTO,1520,ESCOLA MUNICIPAL LEVI CARNEIRO,ESTRADA WASHINGTON LUIS 488
2020,72,223,1,19,FELIPE PEIXOTO,1520,ESCOLA MUNICIPAL LEVI CARNEIRO,ESTRADA WASHINGTON LUIS 488
2020,72,224,1,25,FELIPE PEIXOTO,1520,ESCOLA MUNICIPAL LEVI CARNEIRO,ESTRADA WASHINGTON LUIS 488
2020,72,225,1,23,FELIPE PEIXOTO,1520,ESCOLA MUNICIPAL LEVI CARNEIRO,ESTRADA WASHINGTON LUIS 488
2020,72,226,1,26,FELIPE PEIXOTO,1520,ESCOLA MUNICIPAL LEVI CARNEIRO,ESTRADA WASHINGTON LUIS 488
2020,72,227,1,11,FELIPE PEIXOTO,1520,ESCOLA MUNICIPAL LEVI CARNEIRO,ESTRADA WASHINGTON LUIS 488
2020,72,228,1,20,FELIPE PEIXOTO,1520,ESCOLA MUNICIPAL LEVI CARNEIRO,ESTRADA WASHINGTON LUIS 488
2020,72,229,1,22,FELIPE PEIXOTO,1520,ESCOLA MUNICIPAL LEVI CARNEIRO,ESTRADA WASHINGTON LUIS 488
2020,72,23,1,18,FELIPE PEIXOTO,1074,COLEGIO ESTADUAL PAULO ASSIS RIBEIRO,ESTRADA CAETANO MONTEIRO 814
2020,72,230,1,28,FELIPE PEIXOTO,1520,ESCOLA MUNICIPAL LEVI CARNEIRO,ESTRADA WASHINGTON LUIS 488
2020,72,231,1,18,FELIPE PEIXOTO,1520,ESCOLA MUNICIPAL LEVI CARNEIRO,ESTRADA WASHINGTON LUIS 488
2020,72,232,1,21,FELIPE PEIXOTO,1520,ESCOLA MUNICIPAL LEVI CARNEIRO,ESTRADA WASHINGTON LUIS 488
2020,72,233,1,10,FELIPE PEIXOTO,1520,ESCOLA MUNICIPAL LEVI CARNEIRO,ESTRADA WASHINGTON LUIS 488
2020,72,234,1,14,FELIPE PEIXOTO,1520,ESCOLA MUNICIPAL LEVI CARNEIRO,ESTRADA WASHINGTON LUIS 488
2020,72,235,1,18,FELIPE PEIXOTO,1520,ESCOLA MUNICIPAL LEVI CARNEIRO,ESTRADA WASHINGTON LUIS 488
2020,72,236,1,18,FELIPE PEIXOTO,1520,ESCOLA MUNICIPAL LEVI CARNEIRO,ESTRADA WASHINGTON LUIS 488
2020,72,237,1,20,FELIPE PEIXOTO,1538,ESCOLA CATAVENTO ESPAÇO DE EDUCAÇÃO,"ESTRADA WASHINGTON LUIZ, 224"
2020,72,238,1,36,FELIPE PEIXOTO,1538,ESCOLA CATAVENTO ESPAÇO DE EDUCAÇÃO,"ESTRADA WASHINGTON LUIZ, 224"
2020,72,239,1,15,FELIPE PEIXOTO,1546,COLÉGIO GOMES PEREIRA,AVENIDA RUI BARBOSA 1250
2020,72,24,1,22,FELIPE PEIXOTO,1074,COLEGIO ESTADUAL PAULO ASSIS RIBEIRO,ESTRADA CAETANO MONTEIRO 814
2020,72,240,1,11,FELIPE PEIXOTO,1546,COLÉGIO GOMES PEREIRA,AVENIDA RUI BARBOSA 1250
2020,72,241,1,29,FELIPE PEIXOTO,1546,COLÉGIO GOMES PEREIRA,AVENIDA RUI BARBOSA 1250
2020,72,242,1,32,FELIPE PEIXOTO,1538,ESCOLA CATAVENTO ESPAÇO DE EDUCAÇÃO,"ESTRADA WASHINGTON LUIZ, 224"
2020,72,243,1,16,FELIPE PEIXOTO,1473,COLÉGIO FORUM CULTURAL,ESTRADA FRANCISCO DA CRUZ NUNES 2454
2020,72,244,1,21,FELIPE PEIXOTO,1554,JARDIM ESCOLA GIRASSÓIS,"ESTRADA CAETANO MONTEIRO, 820"
2020,72,245,1,10,FELIPE PEIXOTO,1368,ESCOLA MUNICIPAL VILA COSTA MONTEIRO,RUA ITITIOCA S/N
2020,72,246,1,19,FELIPE PEIXOTO,1147,ESCOLA MUNICIPAL VERA LUCIA MACHADO,RUA ALDEMAR DE PAIVA LOTE 7 E 8
2020,72,247,1,23,FELIPE PEIXOTO,1554,JARDIM ESCOLA GIRASSÓIS,"ESTRADA CAETANO MONTEIRO, 820"
2020,72,249,1,14,FELIPE PEIXOTO,1554,JARDIM ESCOLA GIRASSÓIS,"ESTRADA CAETANO MONTEIRO, 820"
2020,72,25,1,27,FELIPE PEIXOTO,1074,COLEGIO ESTADUAL PAULO ASSIS RIBEIRO,ESTRADA CAETANO MONTEIRO 814
2020,72,250,1,22,FELIPE PEIXOTO,1554,JARDIM ESCOLA GIRASSÓIS,"ESTRADA CAETANO MONTEIRO, 820"
2020,72,252,1,20,FELIPE PEIXOTO,1554,JARDIM ESCOLA GIRASSÓIS,"ESTRADA CAETANO MONTEIRO, 820"
2020,72,253,1,31,FELIPE PEIXOTO,1562,ESCOLA MUNICIPAL HELENA ANTIPOFF,RUA RUI BARBOSA 710
2020,72,255,1,20,FELIPE PEIXOTO,1562,ESCOLA MUNICIPAL HELENA ANTIPOFF,RUA RUI BARBOSA 710
2020,72,256,1,16,FELIPE PEIXOTO,1562,ESCOLA MUNICIPAL HELENA ANTIPOFF,RUA RUI BARBOSA 710
2020,72,257,1,18,FELIPE PEIXOTO,1562,ESCOLA MUNICIPAL HELENA ANTIPOFF,RUA RUI BARBOSA 710
2020,72,258,1,10,FELIPE PEIXOTO,1570,IGREJA DO SANTUARIO NACIONAL DAS ALMAS,RUA ALVARES DE AZEVEDO 237
2020,72,259,1,23,FELIPE PEIXOTO,1570,IGREJA DO SANTUARIO NACIONAL DAS ALMAS,RUA ALVARES DE AZEVEDO 237
2020,72,26,1,16,FELIPE PEIXOTO,1074,COLEGIO ESTADUAL PAULO ASSIS RIBEIRO,ESTRADA CAETANO MONTEIRO 814
2020,72,260,1,13,FELIPE PEIXOTO,1570,IGREJA DO SANTUARIO NACIONAL DAS ALMAS,RUA ALVARES DE AZEVEDO 237
2020,72,261,1,19,FELIPE PEIXOTO,1570,IGREJA DO SANTUARIO NACIONAL DAS ALMAS,RUA ALVARES DE AZEVEDO 237
2020,72,262,1,8,FELIPE PEIXOTO,1570,IGREJA DO SANTUARIO NACIONAL DAS ALMAS,RUA ALVARES DE AZEVEDO 237
2020,72,264,1,9,FELIPE PEIXOTO,1570,IGREJA DO SANTUARIO NACIONAL DAS ALMAS,RUA ALVARES DE AZEVEDO 237
2020,72,265,1,22,FELIPE PEIXOTO,1570,IGREJA DO SANTUARIO NACIONAL DAS ALMAS,RUA ALVARES DE AZEVEDO 237
2020,72,266,1,18,FELIPE PEIXOTO,1589,COLÉGIO GAY-LUSSAC,RUA MARIA CALDAS 35
2020,72,267,1,16,FELIPE PEIXOTO,1589,COLÉGIO GAY-LUSSAC,RUA MARIA CALDAS 35
2020,72,268,1,16,FELIPE PEIXOTO,1589,COLÉGIO GAY-LUSSAC,RUA MARIA CALDAS 35
2020,72,269,1,15,FELIPE PEIXOTO,1589,COLÉGIO GAY-LUSSAC,RUA MARIA CALDAS 35
2020,72,27,1,19,FELIPE PEIXOTO,1449,CIEP 450 - BADU,ESTRADA CAETANO MONTEIRO S/N
2020,72,270,1,16,FELIPE PEIXOTO,1589,COLÉGIO GAY-LUSSAC,RUA MARIA CALDAS 35
2020,72,271,1,8,FELIPE PEIXOTO,1589,COLÉGIO GAY-LUSSAC,RUA MARIA CALDAS 35
2020,72,272,1,20,FELIPE PEIXOTO,1589,COLÉGIO GAY-LUSSAC,RUA MARIA CALDAS 35
2020,72,273,1,8,FELIPE PEIXOTO,1589,COLÉGIO GAY-LUSSAC,RUA MARIA CALDAS 35
2020,72,274,1,12,FELIPE PEIXOTO,1597,COLÉGIO PONTO DE ENSINO,RUA OSWALDO CRUZ 32
2020,72,275,1,14,FELIPE PEIXOTO,1597,COLÉGIO PONTO DE ENSINO,RUA OSWALDO CRUZ 32
2020,72,276,1,14,FELIPE PEIXOTO,1597,COLÉGIO PONTO DE ENSINO,RUA OSWALDO CRUZ 32
2020,72,277,1,16,FELIPE PEIXOTO,1597,COLÉGIO PONTO DE ENSINO,RUA OSWALDO CRUZ 32
2020,72,278,1,14,FELIPE PEIXOTO,1597,COLÉGIO PONTO DE ENSINO,RUA OSWALDO CRUZ 32
2020,72,279,1,16,FELIPE PEIXOTO,1597,COLÉGIO PONTO DE ENSINO,RUA OSWALDO CRUZ 32
2020,72,28,1,24,FELIPE PEIXOTO,1449,CIEP 450 - BADU,ESTRADA CAETANO MONTEIRO S/N
2020,72,280,1,15,FELIPE PEIXOTO,1597,COLÉGIO PONTO DE ENSINO,RUA OSWALDO CRUZ 32
2020,72,281,1,13,FELIPE PEIXOTO,1597,COLÉGIO PONTO DE ENSINO,RUA OSWALDO CRUZ 32
2020,72,282,1,12,FELIPE PEIXOTO,1597,COLÉGIO PONTO DE ENSINO,RUA OSWALDO CRUZ 32
2020,72,283,1,8,FELIPE PEIXOTO,1597,COLÉGIO PONTO DE ENSINO,RUA OSWALDO CRUZ 32
2020,72,284,1,15,FELIPE PEIXOTO,1600,BANCO ITAU,RUA GAVIAO PEIXOTO 166
2020,72,285,1,24,FELIPE PEIXOTO,1600,BANCO ITAU,RUA GAVIAO PEIXOTO 166
2020,72,286,1,7,FELIPE PEIXOTO,1600,BANCO ITAU,RUA GAVIAO PEIXOTO 166
2020,72,287,1,23,FELIPE PEIXOTO,1619,COLEGIO ESTADUAL JOAQUIM TAVORA,PRAÇA PREF.FERRAZ-CAMPO DE SAO BENTO S/N
2020,72,289,1,19,FELIPE PEIXOTO,1619,COLEGIO ESTADUAL JOAQUIM TAVORA,PRAÇA PREF.FERRAZ-CAMPO DE SAO BENTO S/N
2020,72,29,1,22,FELIPE PEIXOTO,1449,CIEP 450 - BADU,ESTRADA CAETANO MONTEIRO S/N
2020,72,291,1,14,FELIPE PEIXOTO,1619,COLEGIO ESTADUAL JOAQUIM TAVORA,PRAÇA PREF.FERRAZ-CAMPO DE SAO BENTO S/N
2020,72,293,1,10,FELIPE PEIXOTO,1619,COLEGIO ESTADUAL JOAQUIM TAVORA,PRAÇA PREF.FERRAZ-CAMPO DE SAO BENTO S/N
2020,72,295,1,18,FELIPE PEIXOTO,1619,COLEGIO ESTADUAL JOAQUIM TAVORA,PRAÇA PREF.FERRAZ-CAMPO DE SAO BENTO S/N
2020,72,297,1,15,FELIPE PEIXOTO,1619,COLEGIO ESTADUAL JOAQUIM TAVORA,PRAÇA PREF.FERRAZ-CAMPO DE SAO BENTO S/N
2020,72,299,1,9,FELIPE PEIXOTO,1619,COLEGIO ESTADUAL JOAQUIM TAVORA,PRAÇA PREF.FERRAZ-CAMPO DE SAO BENTO S/N
2020,72,3,1,9,FELIPE PEIXOTO,1015,ESCOLA ESTADUAL DR LUCIANO PESTRE,AV PASTOR JOSE GOMES DE SOUZA S/N
2020,72,30,1,21,FELIPE PEIXOTO,1449,CIEP 450 - BADU,ESTRADA CAETANO MONTEIRO S/N
2020,72,300,1,21,FELIPE PEIXOTO,1619,COLEGIO ESTADUAL JOAQUIM TAVORA,PRAÇA PREF.FERRAZ-CAMPO DE SAO BENTO S/N
2020,72,302,1,8,FELIPE PEIXOTO,1627,ESCOLA MUNICIPAL PROFESSORA LUCIA MARIA SILVEIRA ROCHA,"AV. CARLOS ERMELINDO MARINS, 34"
2020,72,303,1,12,FELIPE PEIXOTO,1627,ESCOLA MUNICIPAL PROFESSORA LUCIA MARIA SILVEIRA ROCHA,"AV. CARLOS ERMELINDO MARINS, 34"
2020,72,304,1,9,FELIPE PEIXOTO,1627,ESCOLA MUNICIPAL PROFESSORA LUCIA MARIA SILVEIRA ROCHA,"AV. CARLOS ERMELINDO MARINS, 34"
2020,72,305,1,16,FELIPE PEIXOTO,1627,ESCOLA MUNICIPAL PROFESSORA LUCIA MARIA SILVEIRA ROCHA,"AV. CARLOS ERMELINDO MARINS, 34"
2020,72,306,1,11,FELIPE PEIXOTO,1627,ESCOLA MUNICIPAL PROFESSORA LUCIA MARIA SILVEIRA ROCHA,"AV. CARLOS ERMELINDO MARINS, 34"
2020,72,307,1,15,FELIPE PEIXOTO,1627,ESCOLA MUNICIPAL PROFESSORA LUCIA MARIA SILVEIRA ROCHA,"AV. CARLOS ERMELINDO MARINS, 34"
2020,72,308,1,10,FELIPE PEIXOTO,1627,ESCOLA MUNICIPAL PROFESSORA LUCIA MARIA SILVEIRA ROCHA,"AV. CARLOS ERMELINDO MARINS, 34"
2020,72,309,1,15,FELIPE PEIXOTO,1627,ESCOLA MUNICIPAL PROFESSORA LUCIA MARIA SILVEIRA ROCHA,"AV. CARLOS ERMELINDO MARINS, 34"
2020,72,310,1,12,FELIPE PEIXOTO,1635,BANCO BRADESCO,RUA GAVIAO PEIXOTO 108
2020,72,311,1,23,FELIPE PEIXOTO,1635,BANCO BRADESCO,RUA GAVIAO PEIXOTO 108
2020,72,313,1,24,FELIPE PEIXOTO,1643,CENTRO MODERNO ALZIRA BITTENCOURT,"RUA MEM DE SÁ, 71"
2020,72,315,1,13,FELIPE PEIXOTO,1643,CENTRO MODERNO ALZIRA BITTENCOURT,"RUA MEM DE SÁ, 71"
2020,72,316,1,12,FELIPE PEIXOTO,1643,CENTRO MODERNO ALZIRA BITTENCOURT,"RUA MEM DE SÁ, 71"
2020,72,317,1,18,FELIPE PEIXOTO,1651,PH COLÉGIO,RUA ALVARES DE AZEVEDO 237
2020,72,319,1,26,FELIPE PEIXOTO,1651,PH COLÉGIO,RUA ALVARES DE AZEVEDO 237
2020,72,321,1,12,FELIPE PEIXOTO,1651,PH COLÉGIO,RUA ALVARES DE AZEVEDO 237
2020,72,322,1,9,FELIPE PEIXOTO,1651,PH COLÉGIO,RUA ALVARES DE AZEVEDO 237
2020,72,324,1,15,FELIPE PEIXOTO,1660,CLUBE CENTRAL,"AVENIDA JORNALISTA ALBERTO FRANCISCO TORRES,  335"
2020,72,325,1,14,FELIPE PEIXOTO,1660,CLUBE CENTRAL,"AVENIDA JORNALISTA ALBERTO FRANCISCO TORRES,  335"
2020,72,326,1,11,FELIPE PEIXOTO,1660,CLUBE CENTRAL,"AVENIDA JORNALISTA ALBERTO FRANCISCO TORRES,  335"
2020,72,327,1,15,FELIPE PEIXOTO,1660,CLUBE CENTRAL,"AVENIDA JORNALISTA ALBERTO FRANCISCO TORRES,  335"
2020,72,328,1,17,FELIPE PEIXOTO,1660,CLUBE CENTRAL,"AVENIDA JORNALISTA ALBERTO FRANCISCO TORRES,  335"
2020,72,329,1,9,FELIPE PEIXOTO,1660,CLUBE CENTRAL,"AVENIDA JORNALISTA ALBERTO FRANCISCO TORRES,  335"
2020,72,330,1,12,FELIPE PEIXOTO,1660,CLUBE CENTRAL,"AVENIDA JORNALISTA ALBERTO FRANCISCO TORRES,  335"
2020,72,331,1,15,FELIPE PEIXOTO,1660,CLUBE CENTRAL,"AVENIDA JORNALISTA ALBERTO FRANCISCO TORRES,  335"
2020,72,332,1,18,FELIPE PEIXOTO,1660,CLUBE CENTRAL,"AVENIDA JORNALISTA ALBERTO FRANCISCO TORRES,  335"
2020,72,333,1,15,FELIPE PEIXOTO,1660,CLUBE CENTRAL,"AVENIDA JORNALISTA ALBERTO FRANCISCO TORRES,  335"
2020,72,334,1,14,FELIPE PEIXOTO,1660,CLUBE CENTRAL,"AVENIDA JORNALISTA ALBERTO FRANCISCO TORRES,  335"
2020,72,335,1,15,FELIPE PEIXOTO,1660,CLUBE CENTRAL,"AVENIDA JORNALISTA ALBERTO FRANCISCO TORRES,  335"
2020,72,336,1,11,FELIPE PEIXOTO,1660,CLUBE CENTRAL,"AVENIDA JORNALISTA ALBERTO FRANCISCO TORRES,  335"
2020,72,337,1,16,FELIPE PEIXOTO,1660,CLUBE CENTRAL,"AVENIDA JORNALISTA ALBERTO FRANCISCO TORRES,  335"
2020,72,338,1,12,FELIPE PEIXOTO,1660,CLUBE CENTRAL,"AVENIDA JORNALISTA ALBERTO FRANCISCO TORRES,  335"
2020,72,339,1,7,FELIPE PEIXOTO,1660,CLUBE CENTRAL,"AVENIDA JORNALISTA ALBERTO FRANCISCO TORRES,  335"
2020,72,340,1,11,FELIPE PEIXOTO,1660,CLUBE CENTRAL,"AVENIDA JORNALISTA ALBERTO FRANCISCO TORRES,  335"
2020,72,341,1,10,FELIPE PEIXOTO,1678,ÁGUAS DE NITERÓI,RUA LEMOS CUNHA 510
2020,72,342,1,13,FELIPE PEIXOTO,1678,ÁGUAS DE NITERÓI,RUA LEMOS CUNHA 510
2020,72,343,1,16,FELIPE PEIXOTO,1678,ÁGUAS DE NITERÓI,RUA LEMOS CUNHA 510
2020,72,344,1,8,FELIPE PEIXOTO,1678,ÁGUAS DE NITERÓI,RUA LEMOS CUNHA 510
2020,72,345,1,5,FELIPE PEIXOTO,1686,CAIXA ECONÔMICA FEDERAL - AGÊNCIA ICARAÍ,"RUA GAVIÃO PEIXOTO, 226"
2020,72,346,1,12,FELIPE PEIXOTO,1686,CAIXA ECONÔMICA FEDERAL - AGÊNCIA ICARAÍ,"RUA GAVIÃO PEIXOTO, 226"
2020,72,347,1,21,FELIPE PEIXOTO,1686,CAIXA ECONÔMICA FEDERAL - AGÊNCIA ICARAÍ,"RUA GAVIÃO PEIXOTO, 226"
2020,72,348,1,11,FELIPE PEIXOTO,1686,CAIXA ECONÔMICA FEDERAL - AGÊNCIA ICARAÍ,"RUA GAVIÃO PEIXOTO, 226"
2020,72,349,1,22,FELIPE PEIXOTO,1686,CAIXA ECONÔMICA FEDERAL - AGÊNCIA ICARAÍ,"RUA GAVIÃO PEIXOTO, 226"
2020,72,35,1,22,FELIPE PEIXOTO,1112,ESCOLA ESTADUAL LEOPOLDO FROES,RUA REVERENDO ARMANDO FERREIRA  S/N
2020,72,350,1,17,FELIPE PEIXOTO,1686,CAIXA ECONÔMICA FEDERAL - AGÊNCIA ICARAÍ,"RUA GAVIÃO PEIXOTO, 226"
2020,72,351,1,12,FELIPE PEIXOTO,1686,CAIXA ECONÔMICA FEDERAL - AGÊNCIA ICARAÍ,"RUA GAVIÃO PEIXOTO, 226"
2020,72,352,1,16,FELIPE PEIXOTO,1686,CAIXA ECONÔMICA FEDERAL - AGÊNCIA ICARAÍ,"RUA GAVIÃO PEIXOTO, 226"
2020,72,353,1,17,FELIPE PEIXOTO,1694,ESCOLA MUNICIPAL PROFESSOR PAULO DE ALMEIDA CAMPOS,"RUA PEREIRA DA SILVA, 50"
2020,72,354,1,13,FELIPE PEIXOTO,1694,ESCOLA MUNICIPAL PROFESSOR PAULO DE ALMEIDA CAMPOS,"RUA PEREIRA DA SILVA, 50"
2020,72,355,1,21,FELIPE PEIXOTO,1694,ESCOLA MUNICIPAL PROFESSOR PAULO DE ALMEIDA CAMPOS,"RUA PEREIRA DA SILVA, 50"
2020,72,356,1,19,FELIPE PEIXOTO,1694,ESCOLA MUNICIPAL PROFESSOR PAULO DE ALMEIDA CAMPOS,"RUA PEREIRA DA SILVA, 50"
2020,72,357,1,29,FELIPE PEIXOTO,1708,ESCOLA MUNICIPAL JÚLIA CORTINES,RUA LOPES TROVAO 1-CAMPO DE SÃO BENTO S/N
2020,72,359,1,28,FELIPE PEIXOTO,1708,ESCOLA MUNICIPAL JÚLIA CORTINES,RUA LOPES TROVAO 1-CAMPO DE SÃO BENTO S/N
2020,72,36,1,21,FELIPE PEIXOTO,1112,ESCOLA ESTADUAL LEOPOLDO FROES,RUA REVERENDO ARMANDO FERREIRA  S/N
2020,72,363,1,23,FELIPE PEIXOTO,1708,ESCOLA MUNICIPAL JÚLIA CORTINES,RUA LOPES TROVAO 1-CAMPO DE SÃO BENTO S/N
2020,72,366,1,27,FELIPE PEIXOTO,1708,ESCOLA MUNICIPAL JÚLIA CORTINES,RUA LOPES TROVAO 1-CAMPO DE SÃO BENTO S/N
2020,72,37,1,17,FELIPE PEIXOTO,1112,ESCOLA ESTADUAL LEOPOLDO FROES,RUA REVERENDO ARMANDO FERREIRA  S/N
2020,72,370,1,20,FELIPE PEIXOTO,1708,ESCOLA MUNICIPAL JÚLIA CORTINES,RUA LOPES TROVAO 1-CAMPO DE SÃO BENTO S/N
2020,72,374,1,23,FELIPE PEIXOTO,1708,ESCOLA MUNICIPAL JÚLIA CORTINES,RUA LOPES TROVAO 1-CAMPO DE SÃO BENTO S/N
2020,72,378,1,19,FELIPE PEIXOTO,1716,ESCOLA VIVINFÂNCIA,RUA GAVIÃO PEIXOTO 384
2020,72,38,1,21,FELIPE PEIXOTO,1112,ESCOLA ESTADUAL LEOPOLDO FROES,RUA REVERENDO ARMANDO FERREIRA  S/N
2020,72,380,1,20,FELIPE PEIXOTO,1716,ESCOLA VIVINFÂNCIA,RUA GAVIÃO PEIXOTO 384
2020,72,381,1,10,FELIPE PEIXOTO,1716,ESCOLA VIVINFÂNCIA,RUA GAVIÃO PEIXOTO 384
2020,72,382,1,13,FELIPE PEIXOTO,1724,AABB,RUA HÉLIO DA SILVA CARNEIRO 78
2020,72,383,1,19,FELIPE PEIXOTO,1724,AABB,RUA HÉLIO DA SILVA CARNEIRO 78
2020,72,384,1,16,FELIPE PEIXOTO,1724,AABB,RUA HÉLIO DA SILVA CARNEIRO 78
2020,72,385,1,15,FELIPE PEIXOTO,1724,AABB,RUA HÉLIO DA SILVA CARNEIRO 78
2020,72,386,1,17,FELIPE PEIXOTO,1724,AABB,RUA HÉLIO DA SILVA CARNEIRO 78
2020,72,387,1,20,FELIPE PEIXOTO,1724,AABB,RUA HÉLIO DA SILVA CARNEIRO 78
2020,72,388,1,13,FELIPE PEIXOTO,1724,AABB,RUA HÉLIO DA SILVA CARNEIRO 78
2020,72,389,1,22,FELIPE PEIXOTO,1724,AABB,RUA HÉLIO DA SILVA CARNEIRO 78
2020,72,39,1,23,FELIPE PEIXOTO,1112,ESCOLA ESTADUAL LEOPOLDO FROES,RUA REVERENDO ARMANDO FERREIRA  S/N
2020,72,390,1,11,FELIPE PEIXOTO,1732,CLUBE NAVAL,AVENIDA CARLOS ERMELINDO MARINS 68
2020,72,391,1,11,FELIPE PEIXOTO,1732,CLUBE NAVAL,AVENIDA CARLOS ERMELINDO MARINS 68
2020,72,392,1,11,FELIPE PEIXOTO,1732,CLUBE NAVAL,AVENIDA CARLOS ERMELINDO MARINS 68
2020,72,393,1,15,FELIPE PEIXOTO,1732,CLUBE NAVAL,AVENIDA CARLOS ERMELINDO MARINS 68
2020,72,394,1,11,FELIPE PEIXOTO,1732,CLUBE NAVAL,AVENIDA CARLOS ERMELINDO MARINS 68
2020,72,395,1,11,FELIPE PEIXOTO,1732,CLUBE NAVAL,AVENIDA CARLOS ERMELINDO MARINS 68
2020,72,396,1,12,FELIPE PEIXOTO,1732,CLUBE NAVAL,AVENIDA CARLOS ERMELINDO MARINS 68
2020,72,397,1,14,FELIPE PEIXOTO,1732,CLUBE NAVAL,AVENIDA CARLOS ERMELINDO MARINS 68
2020,72,398,1,6,FELIPE PEIXOTO,1732,CLUBE NAVAL,AVENIDA CARLOS ERMELINDO MARINS 68
2020,72,399,1,16,FELIPE PEIXOTO,1732,CLUBE NAVAL,AVENIDA CARLOS ERMELINDO MARINS 68
2020,72,40,1,25,FELIPE PEIXOTO,1112,ESCOLA ESTADUAL LEOPOLDO FROES,RUA REVERENDO ARMANDO FERREIRA  S/N
2020,72,400,1,13,FELIPE PEIXOTO,1732,CLUBE NAVAL,AVENIDA CARLOS ERMELINDO MARINS 68
2020,72,401,1,11,FELIPE PEIXOTO,1732,CLUBE NAVAL,AVENIDA CARLOS ERMELINDO MARINS 68
2020,72,402,1,7,FELIPE PEIXOTO,1732,CLUBE NAVAL,AVENIDA CARLOS ERMELINDO MARINS 68
2020,72,403,1,7,FELIPE PEIXOTO,1732,CLUBE NAVAL,AVENIDA CARLOS ERMELINDO MARINS 68
2020,72,404,1,12,FELIPE PEIXOTO,1732,CLUBE NAVAL,AVENIDA CARLOS ERMELINDO MARINS 68
2020,72,405,1,4,FELIPE PEIXOTO,1732,CLUBE NAVAL,AVENIDA CARLOS ERMELINDO MARINS 68
2020,72,406,1,6,FELIPE PEIXOTO,1732,CLUBE NAVAL,AVENIDA CARLOS ERMELINDO MARINS 68
2020,72,407,1,9,FELIPE PEIXOTO,1732,CLUBE NAVAL,AVENIDA CARLOS ERMELINDO MARINS 68
2020,72,408,1,8,FELIPE PEIXOTO,1732,CLUBE NAVAL,AVENIDA CARLOS ERMELINDO MARINS 68
2020,72,409,1,8,FELIPE PEIXOTO,1732,CLUBE NAVAL,AVENIDA CARLOS ERMELINDO MARINS 68
2020,72,41,1,25,FELIPE PEIXOTO,1112,ESCOLA ESTADUAL LEOPOLDO FROES,RUA REVERENDO ARMANDO FERREIRA  S/N
2020,72,410,1,21,FELIPE PEIXOTO,1740,ESCOLA MUNICIPAL PROFESSORA ELVIRA LÚCIA ESTEVES DE VASCONCELOS,"TRAVESSA EMÍLIO ANGRADA 2, RUA JOAQUIM TÁVORA"
2020,72,411,1,9,FELIPE PEIXOTO,1740,ESCOLA MUNICIPAL PROFESSORA ELVIRA LÚCIA ESTEVES DE VASCONCELOS,"TRAVESSA EMÍLIO ANGRADA 2, RUA JOAQUIM TÁVORA"
2020,72,412,1,12,FELIPE PEIXOTO,1740,ESCOLA MUNICIPAL PROFESSORA ELVIRA LÚCIA ESTEVES DE VASCONCELOS,"TRAVESSA EMÍLIO ANGRADA 2, RUA JOAQUIM TÁVORA"
2020,72,413,1,12,FELIPE PEIXOTO,1740,ESCOLA MUNICIPAL PROFESSORA ELVIRA LÚCIA ESTEVES DE VASCONCELOS,"TRAVESSA EMÍLIO ANGRADA 2, RUA JOAQUIM TÁVORA"
2020,72,414,1,13,FELIPE PEIXOTO,1740,ESCOLA MUNICIPAL PROFESSORA ELVIRA LÚCIA ESTEVES DE VASCONCELOS,"TRAVESSA EMÍLIO ANGRADA 2, RUA JOAQUIM TÁVORA"
2020,72,415,1,14,FELIPE PEIXOTO,1740,ESCOLA MUNICIPAL PROFESSORA ELVIRA LÚCIA ESTEVES DE VASCONCELOS,"TRAVESSA EMÍLIO ANGRADA 2, RUA JOAQUIM TÁVORA"
2020,72,416,1,15,FELIPE PEIXOTO,1740,ESCOLA MUNICIPAL PROFESSORA ELVIRA LÚCIA ESTEVES DE VASCONCELOS,"TRAVESSA EMÍLIO ANGRADA 2, RUA JOAQUIM TÁVORA"
2020,72,417,1,10,FELIPE PEIXOTO,1740,ESCOLA MUNICIPAL PROFESSORA ELVIRA LÚCIA ESTEVES DE VASCONCELOS,"TRAVESSA EMÍLIO ANGRADA 2, RUA JOAQUIM TÁVORA"
2020,72,418,1,14,FELIPE PEIXOTO,1740,ESCOLA MUNICIPAL PROFESSORA ELVIRA LÚCIA ESTEVES DE VASCONCELOS,"TRAVESSA EMÍLIO ANGRADA 2, RUA JOAQUIM TÁVORA"
2020,72,419,1,15,FELIPE PEIXOTO,1759,COLÉGIO MV1,RUA GAVIÃO PEIXOTO 398
2020,72,42,1,22,FELIPE PEIXOTO,1112,ESCOLA ESTADUAL LEOPOLDO FROES,RUA REVERENDO ARMANDO FERREIRA  S/N
2020,72,420,1,23,FELIPE PEIXOTO,1759,COLÉGIO MV1,RUA GAVIÃO PEIXOTO 398
2020,72,421,1,13,FELIPE PEIXOTO,1759,COLÉGIO MV1,RUA GAVIÃO PEIXOTO 398
2020,72,422,1,8,FELIPE PEIXOTO,1759,COLÉGIO MV1,RUA GAVIÃO PEIXOTO 398
2020,72,423,1,9,FELIPE PEIXOTO,1759,COLÉGIO MV1,RUA GAVIÃO PEIXOTO 398
2020,72,424,1,12,FELIPE PEIXOTO,1759,COLÉGIO MV1,RUA GAVIÃO PEIXOTO 398
2020,72,425,1,16,FELIPE PEIXOTO,1759,COLÉGIO MV1,RUA GAVIÃO PEIXOTO 398
2020,72,426,1,10,FELIPE PEIXOTO,1759,COLÉGIO MV1,RUA GAVIÃO PEIXOTO 398
2020,72,428,1,16,FELIPE PEIXOTO,1759,COLÉGIO MV1,RUA GAVIÃO PEIXOTO 398
2020,72,429,1,13,FELIPE PEIXOTO,1759,COLÉGIO MV1,RUA GAVIÃO PEIXOTO 398
2020,72,43,1,21,FELIPE PEIXOTO,1112,ESCOLA ESTADUAL LEOPOLDO FROES,RUA REVERENDO ARMANDO FERREIRA  S/N
2020,72,430,1,12,FELIPE PEIXOTO,1759,COLÉGIO MV1,RUA GAVIÃO PEIXOTO 398
2020,72,431,1,10,FELIPE PEIXOTO,1759,COLÉGIO MV1,RUA GAVIÃO PEIXOTO 398
2020,72,432,1,8,FELIPE PEIXOTO,1759,COLÉGIO MV1,RUA GAVIÃO PEIXOTO 398
2020,72,433,1,6,FELIPE PEIXOTO,1759,COLÉGIO MV1,RUA GAVIÃO PEIXOTO 398
2020,72,434,1,17,FELIPE PEIXOTO,1759,COLÉGIO MV1,RUA GAVIÃO PEIXOTO 398
2020,72,435,1,13,FELIPE PEIXOTO,1759,COLÉGIO MV1,RUA GAVIÃO PEIXOTO 398
2020,72,436,1,12,FELIPE PEIXOTO,1759,COLÉGIO MV1,RUA GAVIÃO PEIXOTO 398
2020,72,437,1,17,FELIPE PEIXOTO,1767,COLÉGIO ASSUNÇÃO,RUA GENERAL RONDON 842
2020,72,438,1,10,FELIPE PEIXOTO,1767,COLÉGIO ASSUNÇÃO,RUA GENERAL RONDON 842
2020,72,439,1,15,FELIPE PEIXOTO,1767,COLÉGIO ASSUNÇÃO,RUA GENERAL RONDON 842
2020,72,440,1,11,FELIPE PEIXOTO,1767,COLÉGIO ASSUNÇÃO,RUA GENERAL RONDON 842
2020,72,441,1,10,FELIPE PEIXOTO,1767,COLÉGIO ASSUNÇÃO,RUA GENERAL RONDON 842
2020,72,442,1,11,FELIPE PEIXOTO,1767,COLÉGIO ASSUNÇÃO,RUA GENERAL RONDON 842
2020,72,443,1,15,FELIPE PEIXOTO,1767,COLÉGIO ASSUNÇÃO,RUA GENERAL RONDON 842
2020,72,444,1,14,FELIPE PEIXOTO,1767,COLÉGIO ASSUNÇÃO,RUA GENERAL RONDON 842
2020,72,445,1,12,FELIPE PEIXOTO,1767,COLÉGIO ASSUNÇÃO,RUA GENERAL RONDON 842
2020,72,446,1,15,FELIPE PEIXOTO,1767,COLÉGIO ASSUNÇÃO,RUA GENERAL RONDON 842
2020,72,447,1,16,FELIPE PEIXOTO,1767,COLÉGIO ASSUNÇÃO,RUA GENERAL RONDON 842
2020,72,448,1,18,FELIPE PEIXOTO,1767,COLÉGIO ASSUNÇÃO,RUA GENERAL RONDON 842
2020,72,449,1,16,FELIPE PEIXOTO,1767,COLÉGIO ASSUNÇÃO,RUA GENERAL RONDON 842
2020,72,450,1,15,FELIPE PEIXOTO,1767,COLÉGIO ASSUNÇÃO,RUA GENERAL RONDON 842
2020,72,451,1,16,FELIPE PEIXOTO,1767,COLÉGIO ASSUNÇÃO,RUA GENERAL RONDON 842
2020,72,452,1,21,FELIPE PEIXOTO,1775,ESCOLA ESTADUAL CIZÍNIO SOARES PINTO,RUA PRESIDENTE ROOSEVELT 2
2020,72,453,1,15,FELIPE PEIXOTO,1775,ESCOLA ESTADUAL CIZÍNIO SOARES PINTO,RUA PRESIDENTE ROOSEVELT 2
2020,72,454,1,14,FELIPE PEIXOTO,1775,ESCOLA ESTADUAL CIZÍNIO SOARES PINTO,RUA PRESIDENTE ROOSEVELT 2
2020,72,455,1,17,FELIPE PEIXOTO,1775,ESCOLA ESTADUAL CIZÍNIO SOARES PINTO,RUA PRESIDENTE ROOSEVELT 2
2020,72,456,1,21,FELIPE PEIXOTO,1775,ESCOLA ESTADUAL CIZÍNIO SOARES PINTO,RUA PRESIDENTE ROOSEVELT 2
2020,72,457,1,18,FELIPE PEIXOTO,1775,ESCOLA ESTADUAL CIZÍNIO SOARES PINTO,RUA PRESIDENTE ROOSEVELT 2
2020,72,458,1,22,FELIPE PEIXOTO,1775,ESCOLA ESTADUAL CIZÍNIO SOARES PINTO,RUA PRESIDENTE ROOSEVELT 2
2020,72,459,1,15,FELIPE PEIXOTO,1783,SOCIEDADE BRASILEIRA DE CULTURA INGLESA,RUA OTAVIO CARNEIRO 23
2020,72,460,1,14,FELIPE PEIXOTO,1783,SOCIEDADE BRASILEIRA DE CULTURA INGLESA,RUA OTAVIO CARNEIRO 23
2020,72,461,1,15,FELIPE PEIXOTO,1783,SOCIEDADE BRASILEIRA DE CULTURA INGLESA,RUA OTAVIO CARNEIRO 23
2020,72,462,1,13,FELIPE PEIXOTO,1783,SOCIEDADE BRASILEIRA DE CULTURA INGLESA,RUA OTAVIO CARNEIRO 23
2020,72,463,1,25,FELIPE PEIXOTO,1554,JARDIM ESCOLA GIRASSÓIS,"ESTRADA CAETANO MONTEIRO, 820"
2020,72,5,1,4,FELIPE PEIXOTO,1015,ESCOLA ESTADUAL DR LUCIANO PESTRE,AV PASTOR JOSE GOMES DE SOUZA S/N
2020,72,52,1,20,FELIPE PEIXOTO,1147,ESCOLA MUNICIPAL VERA LUCIA MACHADO,RUA ALDEMAR DE PAIVA LOTE 7 E 8
2020,72,53,1,23,FELIPE PEIXOTO,1147,ESCOLA MUNICIPAL VERA LUCIA MACHADO,RUA ALDEMAR DE PAIVA LOTE 7 E 8
2020,72,54,1,29,FELIPE PEIXOTO,1074,COLEGIO ESTADUAL PAULO ASSIS RIBEIRO,ESTRADA CAETANO MONTEIRO 814
2020,72,55,1,19,FELIPE PEIXOTO,1074,COLEGIO ESTADUAL PAULO ASSIS RIBEIRO,ESTRADA CAETANO MONTEIRO 814
2020,72,56,1,27,FELIPE PEIXOTO,1074,COLEGIO ESTADUAL PAULO ASSIS RIBEIRO,ESTRADA CAETANO MONTEIRO 814
2020,72,57,1,22,FELIPE PEIXOTO,1112,ESCOLA ESTADUAL LEOPOLDO FROES,RUA REVERENDO ARMANDO FERREIRA  S/N
2020,72,58,1,14,FELIPE PEIXOTO,1112,ESCOLA ESTADUAL LEOPOLDO FROES,RUA REVERENDO ARMANDO FERREIRA  S/N
2020,72,59,1,9,FELIPE PEIXOTO,1112,ESCOLA ESTADUAL LEOPOLDO FROES,RUA REVERENDO ARMANDO FERREIRA  S/N
2020,72,60,1,20,FELIPE PEIXOTO,1112,ESCOLA ESTADUAL LEOPOLDO FROES,RUA REVERENDO ARMANDO FERREIRA  S/N
2020,72,61,1,25,FELIPE PEIXOTO,1112,ESCOLA ESTADUAL LEOPOLDO FROES,RUA REVERENDO ARMANDO FERREIRA  S/N
2020,72,62,1,18,FELIPE PEIXOTO,1112,ESCOLA ESTADUAL LEOPOLDO FROES,RUA REVERENDO ARMANDO FERREIRA  S/N
2020,72,63,1,18,FELIPE PEIXOTO,1171,ESCOLA MUNICIPAL ANTONIO COUTINHO DE AZEVEDO,AV DES NESTOR RODRIGUES PERLINGEIRO S/N
2020,72,64,1,15,FELIPE PEIXOTO,1171,ESCOLA MUNICIPAL ANTONIO COUTINHO DE AZEVEDO,AV DES NESTOR RODRIGUES PERLINGEIRO S/N
2020,72,65,1,12,FELIPE PEIXOTO,1171,ESCOLA MUNICIPAL ANTONIO COUTINHO DE AZEVEDO,AV DES NESTOR RODRIGUES PERLINGEIRO S/N
2020,72,66,1,21,FELIPE PEIXOTO,1171,ESCOLA MUNICIPAL ANTONIO COUTINHO DE AZEVEDO,AV DES NESTOR RODRIGUES PERLINGEIRO S/N
2020,72,67,1,15,FELIPE PEIXOTO,1171,ESCOLA MUNICIPAL ANTONIO COUTINHO DE AZEVEDO,AV DES NESTOR RODRIGUES PERLINGEIRO S/N
2020,72,68,1,20,FELIPE PEIXOTO,1180,ESCOLA MUNICIPAL RACHIDE DA GLORIA SALIM SAKER,RUA JANDIRA PEREIRA 620
2020,72,69,1,15,FELIPE PEIXOTO,1180,ESCOLA MUNICIPAL RACHIDE DA GLORIA SALIM SAKER,RUA JANDIRA PEREIRA 620
2020,72,7,1,11,FELIPE PEIXOTO,1040,CIEP 447 - CARAMUJO,RODOVIA AMARAL PEIXOTO KM 2
2020,72,70,1,14,FELIPE PEIXOTO,1180,ESCOLA MUNICIPAL RACHIDE DA GLORIA SALIM SAKER,RUA JANDIRA PEREIRA 620
2020,72,71,1,16,FELIPE PEIXOTO,1180,ESCOLA MUNICIPAL RACHIDE DA GLORIA SALIM SAKER,RUA JANDIRA PEREIRA 620
2020,72,8,1,17,FELIPE PEIXOTO,1040,CIEP 447 - CARAMUJO,RODOVIA AMARAL PEIXOTO KM 2
2022,144,1,1,6,FELIPE PEIXOTO,1171,ESCOLA ESTADUAL MENEZES VIEIRA,RUA ASSIS DE VASCONCELOS N 30
2022,144,10,1,2,FELIPE PEIXOTO,1031,(PRÉDIO NOVO) COLÉGIO PEDRO II UNIDADE NITERÓI,RUA ASSIS DE VASCONCELOS S/N
2022,144,100,1,3,FELIPE PEIXOTO,1031,(PRÉDIO NOVO) COLÉGIO PEDRO II UNIDADE NITERÓI,RUA ASSIS DE VASCONCELOS S/N
2022,144,101,1,2,FELIPE PEIXOTO,1031,(PRÉDIO NOVO) COLÉGIO PEDRO II UNIDADE NITERÓI,RUA ASSIS DE VASCONCELOS S/N
2022,144,102,1,2,FELIPE PEIXOTO,1031,(PRÉDIO NOVO) COLÉGIO PEDRO II UNIDADE NITERÓI,RUA ASSIS DE VASCONCELOS S/N
2022,144,103,1,1,FELIPE PEIXOTO,1031,(PRÉDIO NOVO) COLÉGIO PEDRO II UNIDADE NITERÓI,RUA ASSIS DE VASCONCELOS S/N
2022,144,104,1,2,FELIPE PEIXOTO,1031,(PRÉDIO NOVO) COLÉGIO PEDRO II UNIDADE NITERÓI,RUA ASSIS DE VASCONCELOS S/N
2022,144,105,1,4,FELIPE PEIXOTO,1317,IGREJA BATISTA BETEL DE NITERÓI,RUA DANIEL TORRES 72
2022,144,106,1,5,FELIPE PEIXOTO,1317,IGREJA BATISTA BETEL DE NITERÓI,RUA DANIEL TORRES 72
2022,144,107,1,3,FELIPE PEIXOTO,1350,PAROQUIA NOSSA SENHORA MAE DA DIVINA PROVIDENCIA,RUA DOM ANTONIO DE ALMEIDA MORAES JR. 125
2022,144,109,1,3,FELIPE PEIXOTO,1236,COLÉGIO ESTADUAL MULLULO DA VEIGA,RUA CORONEL GUIMARÃES 505
2022,144,11,1,1,FELIPE PEIXOTO,1031,(PRÉDIO NOVO) COLÉGIO PEDRO II UNIDADE NITERÓI,RUA ASSIS DE VASCONCELOS S/N
2022,144,110,1,3,FELIPE PEIXOTO,1031,(PRÉDIO NOVO) COLÉGIO PEDRO II UNIDADE NITERÓI,RUA ASSIS DE VASCONCELOS S/N
2022,144,111,1,1,FELIPE PEIXOTO,1350,PAROQUIA NOSSA SENHORA MAE DA DIVINA PROVIDENCIA,RUA DOM ANTONIO DE ALMEIDA MORAES JR. 125
2022,144,112,1,2,FELIPE PEIXOTO,1350,PAROQUIA NOSSA SENHORA MAE DA DIVINA PROVIDENCIA,RUA DOM ANTONIO DE ALMEIDA MORAES JR. 125
2022,144,113,1,7,FELIPE PEIXOTO,1252,ESCOLA MUNICIPAL ADELINO MAGALHÃES,"RUA DR. NELSON PENA, 17"
2022,144,115,1,6,FELIPE PEIXOTO,1252,ESCOLA MUNICIPAL ADELINO MAGALHÃES,"RUA DR. NELSON PENA, 17"
2022,144,116,1,4,FELIPE PEIXOTO,1210,TIO SAM ESPORTE CLUBE,RUA BENJAMIM CONSTANT 562
2022,144,117,1,7,FELIPE PEIXOTO,1210,TIO SAM ESPORTE CLUBE,RUA BENJAMIM CONSTANT 562
2022,144,118,1,3,FELIPE PEIXOTO,1210,TIO SAM ESPORTE CLUBE,RUA BENJAMIM CONSTANT 562
2022,144,119,1,4,FELIPE PEIXOTO,1210,TIO SAM ESPORTE CLUBE,RUA BENJAMIM CONSTANT 562
2022,144,12,1,3,FELIPE PEIXOTO,1201,OFICINAS DO SENAI,RUA GALVAO S/N
2022,144,120,1,7,FELIPE PEIXOTO,1210,TIO SAM ESPORTE CLUBE,RUA BENJAMIM CONSTANT 562
2022,144,121,1,6,FELIPE PEIXOTO,1210,TIO SAM ESPORTE CLUBE,RUA BENJAMIM CONSTANT 562
2022,144,122,1,1,FELIPE PEIXOTO,1023,PAROQUIA DE SAO JOAO BATISTA,RUA DR. MARCH 666
2022,144,123,1,9,FELIPE PEIXOTO,1171,ESCOLA ESTADUAL MENEZES VIEIRA,RUA ASSIS DE VASCONCELOS N 30
2022,144,125,1,2,FELIPE PEIXOTO,1031,(PRÉDIO NOVO) COLÉGIO PEDRO II UNIDADE NITERÓI,RUA ASSIS DE VASCONCELOS S/N
2022,144,127,1,5,FELIPE PEIXOTO,1210,TIO SAM ESPORTE CLUBE,RUA BENJAMIM CONSTANT 562
2022,144,128,1,3,FELIPE PEIXOTO,1031,(PRÉDIO NOVO) COLÉGIO PEDRO II UNIDADE NITERÓI,RUA ASSIS DE VASCONCELOS S/N
2022,144,129,1,2,FELIPE PEIXOTO,1236,COLÉGIO ESTADUAL MULLULO DA VEIGA,RUA CORONEL GUIMARÃES 505
2022,144,13,1,4,FELIPE PEIXOTO,1031,(PRÉDIO NOVO) COLÉGIO PEDRO II UNIDADE NITERÓI,RUA ASSIS DE VASCONCELOS S/N
2022,144,130,1,1,FELIPE PEIXOTO,1104,ESCOLA MUNICIPAL ALTIVO CESAR,"RUA DR. LUIZ PALMIER, 25"
2022,144,131,1,1,FELIPE PEIXOTO,1031,(PRÉDIO NOVO) COLÉGIO PEDRO II UNIDADE NITERÓI,RUA ASSIS DE VASCONCELOS S/N
2022,144,134,1,4,FELIPE PEIXOTO,1163,COLÉGIO ESTADUAL CONSELHEIRO MACEDO SOARES,RUA DR. MARCH 392
2022,144,135,1,2,FELIPE PEIXOTO,1252,ESCOLA MUNICIPAL ADELINO MAGALHÃES,"RUA DR. NELSON PENA, 17"
2022,144,136,1,4,FELIPE PEIXOTO,1210,TIO SAM ESPORTE CLUBE,RUA BENJAMIM CONSTANT 562
2022,144,138,1,10,FELIPE PEIXOTO,1449,INSTITUTO SÃO BENTO DE NITEROI,RUA VEREADOR DUQUE ESTRADA 28
2022,144,139,1,6,FELIPE PEIXOTO,1449,INSTITUTO SÃO BENTO DE NITEROI,RUA VEREADOR DUQUE ESTRADA 28
2022,144,14,1,5,FELIPE PEIXOTO,1031,(PRÉDIO NOVO) COLÉGIO PEDRO II UNIDADE NITERÓI,RUA ASSIS DE VASCONCELOS S/N
2022,144,140,1,5,FELIPE PEIXOTO,1449,INSTITUTO SÃO BENTO DE NITEROI,RUA VEREADOR DUQUE ESTRADA 28
2022,144,141,1,5,FELIPE PEIXOTO,1449,INSTITUTO SÃO BENTO DE NITEROI,RUA VEREADOR DUQUE ESTRADA 28
2022,144,142,1,7,FELIPE PEIXOTO,1449,INSTITUTO SÃO BENTO DE NITEROI,RUA VEREADOR DUQUE ESTRADA 28
2022,144,143,1,5,FELIPE PEIXOTO,1449,INSTITUTO SÃO BENTO DE NITEROI,RUA VEREADOR DUQUE ESTRADA 28
2022,144,144,1,9,FELIPE PEIXOTO,1449,INSTITUTO SÃO BENTO DE NITEROI,RUA VEREADOR DUQUE ESTRADA 28
2022,144,145,1,4,FELIPE PEIXOTO,1449,INSTITUTO SÃO BENTO DE NITEROI,RUA VEREADOR DUQUE ESTRADA 28
2022,144,146,1,8,FELIPE PEIXOTO,1449,INSTITUTO SÃO BENTO DE NITEROI,RUA VEREADOR DUQUE ESTRADA 28
2022,144,147,1,5,FELIPE PEIXOTO,1449,INSTITUTO SÃO BENTO DE NITEROI,RUA VEREADOR DUQUE ESTRADA 28
2022,144,148,1,8,FELIPE PEIXOTO,1449,INSTITUTO SÃO BENTO DE NITEROI,RUA VEREADOR DUQUE ESTRADA 28
2022,144,149,1,3,FELIPE PEIXOTO,1457,ESCOLA ESTADUAL MACHADO DE ASSIS,RUA DESEMBARGADOR LIMA CASTRO 97
2022,144,15,1,2,FELIPE PEIXOTO,1031,(PRÉDIO NOVO) COLÉGIO PEDRO II UNIDADE NITERÓI,RUA ASSIS DE VASCONCELOS S/N
2022,144,150,1,6,FELIPE PEIXOTO,1457,ESCOLA ESTADUAL MACHADO DE ASSIS,RUA DESEMBARGADOR LIMA CASTRO 97
2022,144,151,1,4,FELIPE PEIXOTO,1457,ESCOLA ESTADUAL MACHADO DE ASSIS,RUA DESEMBARGADOR LIMA CASTRO 97
2022,144,152,1,3,FELIPE PEIXOTO,1457,ESCOLA ESTADUAL MACHADO DE ASSIS,RUA DESEMBARGADOR LIMA CASTRO 97
2022,144,153,1,5,FELIPE PEIXOTO,1457,ESCOLA ESTADUAL MACHADO DE ASSIS,RUA DESEMBARGADOR LIMA CASTRO 97
2022,144,154,1,5,FELIPE PEIXOTO,1457,ESCOLA ESTADUAL MACHADO DE ASSIS,RUA DESEMBARGADOR LIMA CASTRO 97
2022,144,155,1,2,FELIPE PEIXOTO,1457,ESCOLA ESTADUAL MACHADO DE ASSIS,RUA DESEMBARGADOR LIMA CASTRO 97
2022,144,157,1,3,FELIPE PEIXOTO,1457,ESCOLA ESTADUAL MACHADO DE ASSIS,RUA DESEMBARGADOR LIMA CASTRO 97
2022,144,158,1,3,FELIPE PEIXOTO,1457,ESCOLA ESTADUAL MACHADO DE ASSIS,RUA DESEMBARGADOR LIMA CASTRO 97
2022,144,16,1,2,FELIPE PEIXOTO,1112,ESCOLA MUNICIPAL TIRADENTES,"RUA DR. MARCH, 628"
2022,144,160,1,7,FELIPE PEIXOTO,1457,ESCOLA ESTADUAL MACHADO DE ASSIS,RUA DESEMBARGADOR LIMA CASTRO 97
2022,144,161,1,3,FELIPE PEIXOTO,1457,ESCOLA ESTADUAL MACHADO DE ASSIS,RUA DESEMBARGADOR LIMA CASTRO 97
2022,144,162,1,5,FELIPE PEIXOTO,1627,ESCOLA ESTADUAL DOUTOR JAYME MEMORIA,RUA NORONHA TORREZAO 625
2022,144,163,1,6,FELIPE PEIXOTO,1473,ESCOLA ESTADUAL JOSE BONIFACIO,RUA CARLOS MAXIMIANO 20
2022,144,164,1,6,FELIPE PEIXOTO,1473,ESCOLA ESTADUAL JOSE BONIFACIO,RUA CARLOS MAXIMIANO 20
2022,144,165,1,7,FELIPE PEIXOTO,1473,ESCOLA ESTADUAL JOSE BONIFACIO,RUA CARLOS MAXIMIANO 20
2022,144,166,1,2,FELIPE PEIXOTO,1473,ESCOLA ESTADUAL JOSE BONIFACIO,RUA CARLOS MAXIMIANO 20
2022,144,167,1,6,FELIPE PEIXOTO,1473,ESCOLA ESTADUAL JOSE BONIFACIO,RUA CARLOS MAXIMIANO 20
2022,144,168,1,4,FELIPE PEIXOTO,1473,ESCOLA ESTADUAL JOSE BONIFACIO,RUA CARLOS MAXIMIANO 20
2022,144,169,1,5,FELIPE PEIXOTO,1473,ESCOLA ESTADUAL JOSE BONIFACIO,RUA CARLOS MAXIMIANO 20
2022,144,17,1,1,FELIPE PEIXOTO,1112,ESCOLA MUNICIPAL TIRADENTES,"RUA DR. MARCH, 628"
2022,144,170,1,6,FELIPE PEIXOTO,1473,ESCOLA ESTADUAL JOSE BONIFACIO,RUA CARLOS MAXIMIANO 20
2022,144,171,1,1,FELIPE PEIXOTO,1473,ESCOLA ESTADUAL JOSE BONIFACIO,RUA CARLOS MAXIMIANO 20
2022,144,172,1,4,FELIPE PEIXOTO,1473,ESCOLA ESTADUAL JOSE BONIFACIO,RUA CARLOS MAXIMIANO 20
2022,144,173,1,3,FELIPE PEIXOTO,1473,ESCOLA ESTADUAL JOSE BONIFACIO,RUA CARLOS MAXIMIANO 20
2022,144,174,1,2,FELIPE PEIXOTO,1473,ESCOLA ESTADUAL JOSE BONIFACIO,RUA CARLOS MAXIMIANO 20
2022,144,175,1,6,FELIPE PEIXOTO,1473,ESCOLA ESTADUAL JOSE BONIFACIO,RUA CARLOS MAXIMIANO 20
2022,144,176,1,1,FELIPE PEIXOTO,1473,ESCOLA ESTADUAL JOSE BONIFACIO,RUA CARLOS MAXIMIANO 20
2022,144,177,1,2,FELIPE PEIXOTO,1473,ESCOLA ESTADUAL JOSE BONIFACIO,RUA CARLOS MAXIMIANO 20
2022,144,178,1,1,FELIPE PEIXOTO,1481,GRUPO ESCOLAR EMBAIXADOR RAUL FERNANDES,"RUA RIODADES, 253"
2022,144,179,1,2,FELIPE PEIXOTO,1481,GRUPO ESCOLAR EMBAIXADOR RAUL FERNANDES,"RUA RIODADES, 253"
2022,144,18,1,7,FELIPE PEIXOTO,1171,ESCOLA ESTADUAL MENEZES VIEIRA,RUA ASSIS DE VASCONCELOS N 30
2022,144,180,1,2,FELIPE PEIXOTO,1481,GRUPO ESCOLAR EMBAIXADOR RAUL FERNANDES,"RUA RIODADES, 253"
2022,144,181,1,3,FELIPE PEIXOTO,1481,GRUPO ESCOLAR EMBAIXADOR RAUL FERNANDES,"RUA RIODADES, 253"
2022,144,182,1,1,FELIPE PEIXOTO,1481,GRUPO ESCOLAR EMBAIXADOR RAUL FERNANDES,"RUA RIODADES, 253"
2022,144,183,1,4,FELIPE PEIXOTO,1481,GRUPO ESCOLAR EMBAIXADOR RAUL FERNANDES,"RUA RIODADES, 253"
2022,144,184,1,2,FELIPE PEIXOTO,1481,GRUPO ESCOLAR EMBAIXADOR RAUL FERNANDES,"RUA RIODADES, 253"
2022,144,185,1,2,FELIPE PEIXOTO,1481,GRUPO ESCOLAR EMBAIXADOR RAUL FERNANDES,"RUA RIODADES, 253"
2022,144,186,1,4,FELIPE PEIXOTO,1481,GRUPO ESCOLAR EMBAIXADOR RAUL FERNANDES,"RUA RIODADES, 253"
2022,144,187,1,1,FELIPE PEIXOTO,1481,GRUPO ESCOLAR EMBAIXADOR RAUL FERNANDES,"RUA RIODADES, 253"
2022,144,188,1,1,FELIPE PEIXOTO,1481,GRUPO ESCOLAR EMBAIXADOR RAUL FERNANDES,"RUA RIODADES, 253"
2022,144,189,1,5,FELIPE PEIXOTO,1490,IGREJA BATISTA DO FONSECA,ALAMEDA SAO BOAVENTURA  937
2022,144,19,1,5,FELIPE PEIXOTO,1171,ESCOLA ESTADUAL MENEZES VIEIRA,RUA ASSIS DE VASCONCELOS N 30
2022,144,190,1,3,FELIPE PEIXOTO,1490,IGREJA BATISTA DO FONSECA,ALAMEDA SAO BOAVENTURA  937
2022,144,191,1,2,FELIPE PEIXOTO,1490,IGREJA BATISTA DO FONSECA,ALAMEDA SAO BOAVENTURA  937
2022,144,192,1,4,FELIPE PEIXOTO,1490,IGREJA BATISTA DO FONSECA,ALAMEDA SAO BOAVENTURA  937
2022,144,193,1,4,FELIPE PEIXOTO,1490,IGREJA BATISTA DO FONSECA,ALAMEDA SAO BOAVENTURA  937
2022,144,194,1,5,FELIPE PEIXOTO,1503,SERVICO DE ASSISTENCIA SOCIAL SAO DOMINGOS SAVIO,RUA MARTINS TORRES 223
2022,144,195,1,5,FELIPE PEIXOTO,1503,SERVICO DE ASSISTENCIA SOCIAL SAO DOMINGOS SAVIO,RUA MARTINS TORRES 223
2022,144,196,1,7,FELIPE PEIXOTO,1503,SERVICO DE ASSISTENCIA SOCIAL SAO DOMINGOS SAVIO,RUA MARTINS TORRES 223
2022,144,197,1,6,FELIPE PEIXOTO,1503,SERVICO DE ASSISTENCIA SOCIAL SAO DOMINGOS SAVIO,RUA MARTINS TORRES 223
2022,144,198,1,11,FELIPE PEIXOTO,1503,SERVICO DE ASSISTENCIA SOCIAL SAO DOMINGOS SAVIO,RUA MARTINS TORRES 223
2022,144,199,1,12,FELIPE PEIXOTO,1503,SERVICO DE ASSISTENCIA SOCIAL SAO DOMINGOS SAVIO,RUA MARTINS TORRES 223
2022,144,20,1,2,FELIPE PEIXOTO,1090,ESCOLA TÉCNICA ESTADUAL HENRIQUE LAGE,RUA GUIMARÃES JUNIOR 182
2022,144,200,1,5,FELIPE PEIXOTO,1503,SERVICO DE ASSISTENCIA SOCIAL SAO DOMINGOS SAVIO,RUA MARTINS TORRES 223
2022,144,201,1,2,FELIPE PEIXOTO,1511,COLÉGIO OPÇÃO - NITERÓI,"ALAMEDA SÃO BOAVENTURA, 824"
2022,144,203,1,3,FELIPE PEIXOTO,1511,COLÉGIO OPÇÃO - NITERÓI,"ALAMEDA SÃO BOAVENTURA, 824"
2022,144,204,1,5,FELIPE PEIXOTO,1511,COLÉGIO OPÇÃO - NITERÓI,"ALAMEDA SÃO BOAVENTURA, 824"
2022,144,205,1,5,FELIPE PEIXOTO,1520,ESCOLA MUNICIPAL DJALMA COUTINHO,"RUA CINCO DE MARÇO, 75"
2022,144,208,1,1,FELIPE PEIXOTO,1520,ESCOLA MUNICIPAL DJALMA COUTINHO,"RUA CINCO DE MARÇO, 75"
2022,144,211,1,2,FELIPE PEIXOTO,1546,ESCOLA ESTADUAL HILARIO RIBEIRO,"ALAMEDA SAO BOAVENTURA , 794"
2022,144,213,1,3,FELIPE PEIXOTO,1546,ESCOLA ESTADUAL HILARIO RIBEIRO,"ALAMEDA SAO BOAVENTURA , 794"
2022,144,214,1,4,FELIPE PEIXOTO,1546,ESCOLA ESTADUAL HILARIO RIBEIRO,"ALAMEDA SAO BOAVENTURA , 794"
2022,144,215,1,3,FELIPE PEIXOTO,1554,ESCOLA MUNICIPAL PROFESSOR PAULO FREIRE,RUA SOARES DE MIRANDA 77
2022,144,217,1,11,FELIPE PEIXOTO,1554,ESCOLA MUNICIPAL PROFESSOR PAULO FREIRE,RUA SOARES DE MIRANDA 77
2022,144,219,1,5,FELIPE PEIXOTO,1554,ESCOLA MUNICIPAL PROFESSOR PAULO FREIRE,RUA SOARES DE MIRANDA 77
2022,144,22,1,2,FELIPE PEIXOTO,1090,ESCOLA TÉCNICA ESTADUAL HENRIQUE LAGE,RUA GUIMARÃES JUNIOR 182
2022,144,221,1,1,FELIPE PEIXOTO,1554,ESCOLA MUNICIPAL PROFESSOR PAULO FREIRE,RUA SOARES DE MIRANDA 77
2022,144,222,1,1,FELIPE PEIXOTO,1554,ESCOLA MUNICIPAL PROFESSOR PAULO FREIRE,RUA SOARES DE MIRANDA 77
2022,144,224,1,7,FELIPE PEIXOTO,1554,ESCOLA MUNICIPAL PROFESSOR PAULO FREIRE,RUA SOARES DE MIRANDA 77
2022,144,226,1,6,FELIPE PEIXOTO,1554,ESCOLA MUNICIPAL PROFESSOR PAULO FREIRE,RUA SOARES DE MIRANDA 77
2022,144,228,1,4,FELIPE PEIXOTO,1554,ESCOLA MUNICIPAL PROFESSOR PAULO FREIRE,RUA SOARES DE MIRANDA 77
2022,144,230,1,4,FELIPE PEIXOTO,1562,LBV LEGIÃO DA BOA VONTADE,ALAMEDA SÃO BOAVENTURA 474
2022,144,231,1,2,FELIPE PEIXOTO,1562,LBV LEGIÃO DA BOA VONTADE,ALAMEDA SÃO BOAVENTURA 474
2022,144,232,1,3,FELIPE PEIXOTO,1562,LBV LEGIÃO DA BOA VONTADE,ALAMEDA SÃO BOAVENTURA 474
2022,144,233,1,2,FELIPE PEIXOTO,1562,LBV LEGIÃO DA BOA VONTADE,ALAMEDA SÃO BOAVENTURA 474
2022,144,234,1,6,FELIPE PEIXOTO,1562,LBV LEGIÃO DA BOA VONTADE,ALAMEDA SÃO BOAVENTURA 474
2022,144,235,1,4,FELIPE PEIXOTO,1562,LBV LEGIÃO DA BOA VONTADE,ALAMEDA SÃO BOAVENTURA 474
2022,144,236,1,4,FELIPE PEIXOTO,1570,SECRETARIA DE ESTADO DE AGRICULTURA E ABASTECIMENTO,ALAMEDA SAO BOAVENTURA 770
2022,144,237,1,2,FELIPE PEIXOTO,1570,SECRETARIA DE ESTADO DE AGRICULTURA E ABASTECIMENTO,ALAMEDA SAO BOAVENTURA 770
2022,144,238,1,5,FELIPE PEIXOTO,1570,SECRETARIA DE ESTADO DE AGRICULTURA E ABASTECIMENTO,ALAMEDA SAO BOAVENTURA 770
2022,144,239,1,4,FELIPE PEIXOTO,1570,SECRETARIA DE ESTADO DE AGRICULTURA E ABASTECIMENTO,ALAMEDA SAO BOAVENTURA 770
2022,144,24,1,2,FELIPE PEIXOTO,1090,ESCOLA TÉCNICA ESTADUAL HENRIQUE LAGE,RUA GUIMARÃES JUNIOR 182
2022,144,240,1,3,FELIPE PEIXOTO,1570,SECRETARIA DE ESTADO DE AGRICULTURA E ABASTECIMENTO,ALAMEDA SAO BOAVENTURA 770
2022,144,241,1,4,FELIPE PEIXOTO,1570,SECRETARIA DE ESTADO DE AGRICULTURA E ABASTECIMENTO,ALAMEDA SAO BOAVENTURA 770
2022,144,242,1,5,FELIPE PEIXOTO,1570,SECRETARIA DE ESTADO DE AGRICULTURA E ABASTECIMENTO,ALAMEDA SAO BOAVENTURA 770
2022,144,243,1,3,FELIPE PEIXOTO,1570,SECRETARIA DE ESTADO DE AGRICULTURA E ABASTECIMENTO,ALAMEDA SAO BOAVENTURA 770
2022,144,244,1,1,FELIPE PEIXOTO,1570,SECRETARIA DE ESTADO DE AGRICULTURA E ABASTECIMENTO,ALAMEDA SAO BOAVENTURA 770
2022,144,245,1,3,FELIPE PEIXOTO,1570,SECRETARIA DE ESTADO DE AGRICULTURA E ABASTECIMENTO,ALAMEDA SAO BOAVENTURA 770
2022,144,246,1,4,FELIPE PEIXOTO,1570,SECRETARIA DE ESTADO DE AGRICULTURA E ABASTECIMENTO,ALAMEDA SAO BOAVENTURA 770
2022,144,247,1,1,FELIPE PEIXOTO,1570,SECRETARIA DE ESTADO DE AGRICULTURA E ABASTECIMENTO,ALAMEDA SAO BOAVENTURA 770
2022,144,248,1,1,FELIPE PEIXOTO,1570,SECRETARIA DE ESTADO DE AGRICULTURA E ABASTECIMENTO,ALAMEDA SAO BOAVENTURA 770
2022,144,249,1,2,FELIPE PEIXOTO,1589,COLÉGIO NOSSA SENHORA DAS MERCÊS,ALAMEDA SAO BOAVENTURA 297
2022,144,250,1,7,FELIPE PEIXOTO,1589,COLÉGIO NOSSA SENHORA DAS MERCÊS,ALAMEDA SAO BOAVENTURA 297
2022,144,251,1,7,FELIPE PEIXOTO,1589,COLÉGIO NOSSA SENHORA DAS MERCÊS,ALAMEDA SAO BOAVENTURA 297
2022,144,252,1,4,FELIPE PEIXOTO,1589,COLÉGIO NOSSA SENHORA DAS MERCÊS,ALAMEDA SAO BOAVENTURA 297
2022,144,253,1,4,FELIPE PEIXOTO,1589,COLÉGIO NOSSA SENHORA DAS MERCÊS,ALAMEDA SAO BOAVENTURA 297
2022,144,254,1,3,FELIPE PEIXOTO,1589,COLÉGIO NOSSA SENHORA DAS MERCÊS,ALAMEDA SAO BOAVENTURA 297
2022,144,255,1,7,FELIPE PEIXOTO,1589,COLÉGIO NOSSA SENHORA DAS MERCÊS,ALAMEDA SAO BOAVENTURA 297
2022,144,256,1,7,FELIPE PEIXOTO,1589,COLÉGIO NOSSA SENHORA DAS MERCÊS,ALAMEDA SAO BOAVENTURA 297
2022,144,257,1,6,FELIPE PEIXOTO,1589,COLÉGIO NOSSA SENHORA DAS MERCÊS,ALAMEDA SAO BOAVENTURA 297
2022,144,258,1,3,FELIPE PEIXOTO,1589,COLÉGIO NOSSA SENHORA DAS MERCÊS,ALAMEDA SAO BOAVENTURA 297
2022,144,259,1,2,FELIPE PEIXOTO,1589,COLÉGIO NOSSA SENHORA DAS MERCÊS,ALAMEDA SAO BOAVENTURA 297
2022,144,26,1,6,FELIPE PEIXOTO,1090,ESCOLA TÉCNICA ESTADUAL HENRIQUE LAGE,RUA GUIMARÃES JUNIOR 182
2022,144,260,1,3,FELIPE PEIXOTO,1589,COLÉGIO NOSSA SENHORA DAS MERCÊS,ALAMEDA SAO BOAVENTURA 297
2022,144,261,1,6,FELIPE PEIXOTO,1589,COLÉGIO NOSSA SENHORA DAS MERCÊS,ALAMEDA SAO BOAVENTURA 297
2022,144,262,1,1,FELIPE PEIXOTO,1597,ESCOLA ESTADUAL HILARIO RIBEIRO,ALAMEDA SAO BOAVENTURA 794
2022,144,264,1,3,FELIPE PEIXOTO,1597,ESCOLA ESTADUAL HILARIO RIBEIRO,ALAMEDA SAO BOAVENTURA 794
2022,144,266,1,4,FELIPE PEIXOTO,1597,ESCOLA ESTADUAL HILARIO RIBEIRO,ALAMEDA SAO BOAVENTURA 794
2022,144,268,1,3,FELIPE PEIXOTO,1597,ESCOLA ESTADUAL HILARIO RIBEIRO,ALAMEDA SAO BOAVENTURA 794
2022,144,27,1,5,FELIPE PEIXOTO,1104,ESCOLA MUNICIPAL ALTIVO CESAR,"RUA DR. LUIZ PALMIER, 25"
2022,144,270,1,7,FELIPE PEIXOTO,1597,ESCOLA ESTADUAL HILARIO RIBEIRO,ALAMEDA SAO BOAVENTURA 794
2022,144,272,1,2,FELIPE PEIXOTO,1597,ESCOLA ESTADUAL HILARIO RIBEIRO,ALAMEDA SAO BOAVENTURA 794
2022,144,274,1,6,FELIPE PEIXOTO,1597,ESCOLA ESTADUAL HILARIO RIBEIRO,ALAMEDA SAO BOAVENTURA 794
2022,144,276,1,4,FELIPE PEIXOTO,1597,ESCOLA ESTADUAL HILARIO RIBEIRO,ALAMEDA SAO BOAVENTURA 794
2022,144,278,1,1,FELIPE PEIXOTO,1600,CIEP 251 - DONA MARIA PORTUGAL,RODOVIA AMARAL PEIXOTO KM 3
2022,144,279,1,6,FELIPE PEIXOTO,1600,CIEP 251 - DONA MARIA PORTUGAL,RODOVIA AMARAL PEIXOTO KM 3
2022,144,28,1,1,FELIPE PEIXOTO,1104,ESCOLA MUNICIPAL ALTIVO CESAR,"RUA DR. LUIZ PALMIER, 25"
2022,144,280,1,2,FELIPE PEIXOTO,1600,CIEP 251 - DONA MARIA PORTUGAL,RODOVIA AMARAL PEIXOTO KM 3
2022,144,281,1,4,FELIPE PEIXOTO,1600,CIEP 251 - DONA MARIA PORTUGAL,RODOVIA AMARAL PEIXOTO KM 3
2022,144,282,1,1,FELIPE PEIXOTO,1600,CIEP 251 - DONA MARIA PORTUGAL,RODOVIA AMARAL PEIXOTO KM 3
2022,144,283,1,2,FELIPE PEIXOTO,1600,CIEP 251 - DONA MARIA PORTUGAL,RODOVIA AMARAL PEIXOTO KM 3
2022,144,285,1,5,FELIPE PEIXOTO,1554,ESCOLA MUNICIPAL PROFESSOR PAULO FREIRE,RUA SOARES DE MIRANDA 77
2022,144,286,1,6,FELIPE PEIXOTO,1554,ESCOLA MUNICIPAL PROFESSOR PAULO FREIRE,RUA SOARES DE MIRANDA 77
2022,144,287,1,3,FELIPE PEIXOTO,1554,ESCOLA MUNICIPAL PROFESSOR PAULO FREIRE,RUA SOARES DE MIRANDA 77
2022,144,288,1,5,FELIPE PEIXOTO,1554,ESCOLA MUNICIPAL PROFESSOR PAULO FREIRE,RUA SOARES DE MIRANDA 77
2022,144,289,1,4,FELIPE PEIXOTO,1554,ESCOLA MUNICIPAL PROFESSOR PAULO FREIRE,RUA SOARES DE MIRANDA 77
2022,144,29,1,5,FELIPE PEIXOTO,1104,ESCOLA MUNICIPAL ALTIVO CESAR,"RUA DR. LUIZ PALMIER, 25"
2022,144,290,1,3,FELIPE PEIXOTO,1554,ESCOLA MUNICIPAL PROFESSOR PAULO FREIRE,RUA SOARES DE MIRANDA 77
2022,144,292,1,3,FELIPE PEIXOTO,1627,ESCOLA ESTADUAL DOUTOR JAYME MEMORIA,RUA NORONHA TORREZAO 625
2022,144,293,1,5,FELIPE PEIXOTO,1627,ESCOLA ESTADUAL DOUTOR JAYME MEMORIA,RUA NORONHA TORREZAO 625
2022,144,294,1,3,FELIPE PEIXOTO,1627,ESCOLA ESTADUAL DOUTOR JAYME MEMORIA,RUA NORONHA TORREZAO 625
2022,144,295,1,8,FELIPE PEIXOTO,1627,ESCOLA ESTADUAL DOUTOR JAYME MEMORIA,RUA NORONHA TORREZAO 625
2022,144,296,1,6,FELIPE PEIXOTO,1627,ESCOLA ESTADUAL DOUTOR JAYME MEMORIA,RUA NORONHA TORREZAO 625
2022,144,297,1,10,FELIPE PEIXOTO,1627,ESCOLA ESTADUAL DOUTOR JAYME MEMORIA,RUA NORONHA TORREZAO 625
2022,144,298,1,1,FELIPE PEIXOTO,1627,ESCOLA ESTADUAL DOUTOR JAYME MEMORIA,RUA NORONHA TORREZAO 625
2022,144,299,1,3,FELIPE PEIXOTO,1627,ESCOLA ESTADUAL DOUTOR JAYME MEMORIA,RUA NORONHA TORREZAO 625
2022,144,30,1,7,FELIPE PEIXOTO,1104,ESCOLA MUNICIPAL ALTIVO CESAR,"RUA DR. LUIZ PALMIER, 25"
2022,144,300,1,5,FELIPE PEIXOTO,1627,ESCOLA ESTADUAL DOUTOR JAYME MEMORIA,RUA NORONHA TORREZAO 625
2022,144,301,1,6,FELIPE PEIXOTO,1627,ESCOLA ESTADUAL DOUTOR JAYME MEMORIA,RUA NORONHA TORREZAO 625
2022,144,302,1,4,FELIPE PEIXOTO,1627,ESCOLA ESTADUAL DOUTOR JAYME MEMORIA,RUA NORONHA TORREZAO 625
2022,144,303,1,3,FELIPE PEIXOTO,1635,ESCOLA MUNICIPAL DOM JOSÉ PEREIRA ALVES,"RUA TENENTE OSORIO, 73"
2022,144,305,1,3,FELIPE PEIXOTO,1635,ESCOLA MUNICIPAL DOM JOSÉ PEREIRA ALVES,"RUA TENENTE OSORIO, 73"
2022,144,307,1,2,FELIPE PEIXOTO,1635,ESCOLA MUNICIPAL DOM JOSÉ PEREIRA ALVES,"RUA TENENTE OSORIO, 73"
2022,144,309,1,6,FELIPE PEIXOTO,1635,ESCOLA MUNICIPAL DOM JOSÉ PEREIRA ALVES,"RUA TENENTE OSORIO, 73"
2022,144,31,1,5,FELIPE PEIXOTO,1104,ESCOLA MUNICIPAL ALTIVO CESAR,"RUA DR. LUIZ PALMIER, 25"
2022,144,311,1,3,FELIPE PEIXOTO,1635,ESCOLA MUNICIPAL DOM JOSÉ PEREIRA ALVES,"RUA TENENTE OSORIO, 73"
2022,144,312,1,1,FELIPE PEIXOTO,1635,ESCOLA MUNICIPAL DOM JOSÉ PEREIRA ALVES,"RUA TENENTE OSORIO, 73"
2022,144,314,1,4,FELIPE PEIXOTO,1643,IGREJA ASSEMBLÉIA DE DEUS,"TRAVESSA VICTOR PESTRE, 32"
2022,144,315,1,3,FELIPE PEIXOTO,1643,IGREJA ASSEMBLÉIA DE DEUS,"TRAVESSA VICTOR PESTRE, 32"
2022,144,316,1,7,FELIPE PEIXOTO,1643,IGREJA ASSEMBLÉIA DE DEUS,"TRAVESSA VICTOR PESTRE, 32"
2022,144,317,1,4,FELIPE PEIXOTO,1651,INSTITUTO EDUCACIONAL TAURUS,"ALAMEDA SÃO BOAVENTURA, 15"
2022,144,319,1,7,FELIPE PEIXOTO,1651,INSTITUTO EDUCACIONAL TAURUS,"ALAMEDA SÃO BOAVENTURA, 15"
2022,144,32,1,6,FELIPE PEIXOTO,1104,ESCOLA MUNICIPAL ALTIVO CESAR,"RUA DR. LUIZ PALMIER, 25"
2022,144,321,1,8,FELIPE PEIXOTO,1651,INSTITUTO EDUCACIONAL TAURUS,"ALAMEDA SÃO BOAVENTURA, 15"
2022,144,323,1,10,FELIPE PEIXOTO,1651,INSTITUTO EDUCACIONAL TAURUS,"ALAMEDA SÃO BOAVENTURA, 15"
2022,144,325,1,3,FELIPE PEIXOTO,1651,INSTITUTO EDUCACIONAL TAURUS,"ALAMEDA SÃO BOAVENTURA, 15"
2022,144,326,1,6,FELIPE PEIXOTO,1651,INSTITUTO EDUCACIONAL TAURUS,"ALAMEDA SÃO BOAVENTURA, 15"
2022,144,328,1,1,FELIPE PEIXOTO,1660,COLÉGIO ESTADUAL CONSELHEIRO JOSINO,"RUA TEIXEIRA DE FREITAS, 421"
2022,144,33,1,4,FELIPE PEIXOTO,1104,ESCOLA MUNICIPAL ALTIVO CESAR,"RUA DR. LUIZ PALMIER, 25"
2022,144,330,1,2,FELIPE PEIXOTO,1660,COLÉGIO ESTADUAL CONSELHEIRO JOSINO,"RUA TEIXEIRA DE FREITAS, 421"
2022,144,331,1,2,FELIPE PEIXOTO,1660,COLÉGIO ESTADUAL CONSELHEIRO JOSINO,"RUA TEIXEIRA DE FREITAS, 421"
2022,144,332,1,2,FELIPE PEIXOTO,1660,COLÉGIO ESTADUAL CONSELHEIRO JOSINO,"RUA TEIXEIRA DE FREITAS, 421"
2022,144,334,1,3,FELIPE PEIXOTO,1660,COLÉGIO ESTADUAL CONSELHEIRO JOSINO,"RUA TEIXEIRA DE FREITAS, 421"
2022,144,335,1,3,FELIPE PEIXOTO,1660,COLÉGIO ESTADUAL CONSELHEIRO JOSINO,"RUA TEIXEIRA DE FREITAS, 421"
2022,144,337,1,4,FELIPE PEIXOTO,1678,ESCOLA MUNICIPAL JACINTA MEDELA,"RUA TENENTE OSORIO, 10"
2022,144,338,1,4,FELIPE PEIXOTO,1678,ESCOLA MUNICIPAL JACINTA MEDELA,"RUA TENENTE OSORIO, 10"
2022,144,339,1,4,FELIPE PEIXOTO,1678,ESCOLA MUNICIPAL JACINTA MEDELA,"RUA TENENTE OSORIO, 10"
2022,144,34,1,3,FELIPE PEIXOTO,1112,ESCOLA MUNICIPAL TIRADENTES,"RUA DR. MARCH, 628"
2022,144,340,1,5,FELIPE PEIXOTO,1678,ESCOLA MUNICIPAL JACINTA MEDELA,"RUA TENENTE OSORIO, 10"
2022,144,341,1,4,FELIPE PEIXOTO,1678,ESCOLA MUNICIPAL JACINTA MEDELA,"RUA TENENTE OSORIO, 10"
2022,144,342,1,3,FELIPE PEIXOTO,1686,GRUPO ESCOLAR NORONHA SANTOS,"RUA PREFEITO BRANDÃO JUNIOR, 184"
2022,144,344,1,2,FELIPE PEIXOTO,1686,GRUPO ESCOLAR NORONHA SANTOS,"RUA PREFEITO BRANDÃO JUNIOR, 184"
2022,144,346,1,1,FELIPE PEIXOTO,1686,GRUPO ESCOLAR NORONHA SANTOS,"RUA PREFEITO BRANDÃO JUNIOR, 184"
2022,144,347,1,3,FELIPE PEIXOTO,1686,GRUPO ESCOLAR NORONHA SANTOS,"RUA PREFEITO BRANDÃO JUNIOR, 184"
2022,144,349,1,3,FELIPE PEIXOTO,1686,GRUPO ESCOLAR NORONHA SANTOS,"RUA PREFEITO BRANDÃO JUNIOR, 184"
2022,144,351,1,1,FELIPE PEIXOTO,1627,ESCOLA ESTADUAL DOUTOR JAYME MEMORIA,RUA NORONHA TORREZAO 625
2022,144,36,1,3,FELIPE PEIXOTO,1112,ESCOLA MUNICIPAL TIRADENTES,"RUA DR. MARCH, 628"
2022,144,4,1,1,FELIPE PEIXOTO,1023,PAROQUIA DE SAO JOAO BATISTA,RUA DR. MARCH 666
2022,144,40,1,7,FELIPE PEIXOTO,1090,ESCOLA TÉCNICA ESTADUAL HENRIQUE LAGE,RUA GUIMARÃES JUNIOR 182
2022,144,42,1,6,FELIPE PEIXOTO,1090,ESCOLA TÉCNICA ESTADUAL HENRIQUE LAGE,RUA GUIMARÃES JUNIOR 182
2022,144,43,1,4,FELIPE PEIXOTO,1090,ESCOLA TÉCNICA ESTADUAL HENRIQUE LAGE,RUA GUIMARÃES JUNIOR 182
2022,144,44,1,1,FELIPE PEIXOTO,1163,COLÉGIO ESTADUAL CONSELHEIRO MACEDO SOARES,RUA DR. MARCH 392
2022,144,45,1,2,FELIPE PEIXOTO,1163,COLÉGIO ESTADUAL CONSELHEIRO MACEDO SOARES,RUA DR. MARCH 392
2022,144,46,1,4,FELIPE PEIXOTO,1163,COLÉGIO ESTADUAL CONSELHEIRO MACEDO SOARES,RUA DR. MARCH 392
2022,144,47,1,3,FELIPE PEIXOTO,1163,COLÉGIO ESTADUAL CONSELHEIRO MACEDO SOARES,RUA DR. MARCH 392
2022,144,48,1,3,FELIPE PEIXOTO,1163,COLÉGIO ESTADUAL CONSELHEIRO MACEDO SOARES,RUA DR. MARCH 392
2022,144,49,1,1,FELIPE PEIXOTO,1163,COLÉGIO ESTADUAL CONSELHEIRO MACEDO SOARES,RUA DR. MARCH 392
2022,144,5,1,5,FELIPE PEIXOTO,1031,(PRÉDIO NOVO) COLÉGIO PEDRO II UNIDADE NITERÓI,RUA ASSIS DE VASCONCELOS S/N
2022,144,50,1,5,FELIPE PEIXOTO,1163,COLÉGIO ESTADUAL CONSELHEIRO MACEDO SOARES,RUA DR. MARCH 392
2022,144,51,1,1,FELIPE PEIXOTO,1163,COLÉGIO ESTADUAL CONSELHEIRO MACEDO SOARES,RUA DR. MARCH 392
2022,144,52,1,6,FELIPE PEIXOTO,1171,ESCOLA ESTADUAL MENEZES VIEIRA,RUA ASSIS DE VASCONCELOS N 30
2022,144,53,1,5,FELIPE PEIXOTO,1171,ESCOLA ESTADUAL MENEZES VIEIRA,RUA ASSIS DE VASCONCELOS N 30
2022,144,54,1,5,FELIPE PEIXOTO,1171,ESCOLA ESTADUAL MENEZES VIEIRA,RUA ASSIS DE VASCONCELOS N 30
2022,144,56,1,5,FELIPE PEIXOTO,1201,OFICINAS DO SENAI,RUA GALVAO S/N
2022,144,57,1,5,FELIPE PEIXOTO,1104,ESCOLA MUNICIPAL ALTIVO CESAR,"RUA DR. LUIZ PALMIER, 25"
2022,144,58,1,2,FELIPE PEIXOTO,1104,ESCOLA MUNICIPAL ALTIVO CESAR,"RUA DR. LUIZ PALMIER, 25"
2022,144,59,1,3,FELIPE PEIXOTO,1104,ESCOLA MUNICIPAL ALTIVO CESAR,"RUA DR. LUIZ PALMIER, 25"
2022,144,6,1,2,FELIPE PEIXOTO,1031,(PRÉDIO NOVO) COLÉGIO PEDRO II UNIDADE NITERÓI,RUA ASSIS DE VASCONCELOS S/N
2022,144,62,1,4,FELIPE PEIXOTO,1210,TIO SAM ESPORTE CLUBE,RUA BENJAMIM CONSTANT 562
2022,144,63,1,2,FELIPE PEIXOTO,1210,TIO SAM ESPORTE CLUBE,RUA BENJAMIM CONSTANT 562
2022,144,64,1,4,FELIPE PEIXOTO,1210,TIO SAM ESPORTE CLUBE,RUA BENJAMIM CONSTANT 562
2022,144,65,1,4,FELIPE PEIXOTO,1210,TIO SAM ESPORTE CLUBE,RUA BENJAMIM CONSTANT 562
2022,144,67,1,1,FELIPE PEIXOTO,1236,COLÉGIO ESTADUAL MULLULO DA VEIGA,RUA CORONEL GUIMARÃES 505
2022,144,68,1,1,FELIPE PEIXOTO,1236,COLÉGIO ESTADUAL MULLULO DA VEIGA,RUA CORONEL GUIMARÃES 505
2022,144,69,1,1,FELIPE PEIXOTO,1236,COLÉGIO ESTADUAL MULLULO DA VEIGA,RUA CORONEL GUIMARÃES 505
2022,144,7,1,5,FELIPE PEIXOTO,1031,(PRÉDIO NOVO) COLÉGIO PEDRO II UNIDADE NITERÓI,RUA ASSIS DE VASCONCELOS S/N
2022,144,70,1,1,FELIPE PEIXOTO,1236,COLÉGIO ESTADUAL MULLULO DA VEIGA,RUA CORONEL GUIMARÃES 505
2022,144,71,1,4,FELIPE PEIXOTO,1236,COLÉGIO ESTADUAL MULLULO DA VEIGA,RUA CORONEL GUIMARÃES 505
2022,144,72,1,3,FELIPE PEIXOTO,1236,COLÉGIO ESTADUAL MULLULO DA VEIGA,RUA CORONEL GUIMARÃES 505
2022,144,73,1,3,FELIPE PEIXOTO,1236,COLÉGIO ESTADUAL MULLULO DA VEIGA,RUA CORONEL GUIMARÃES 505
2022,144,74,1,2,FELIPE PEIXOTO,1236,COLÉGIO ESTADUAL MULLULO DA VEIGA,RUA CORONEL GUIMARÃES 505
2022,144,75,1,1,FELIPE PEIXOTO,1406,COLÉGIO NITERÓI,"RUA  VEREADOR JOSÉ VICENTE SOBRINHO, 269"
2022,144,76,1,2,FELIPE PEIXOTO,1406,COLÉGIO NITERÓI,"RUA  VEREADOR JOSÉ VICENTE SOBRINHO, 269"
2022,144,77,1,3,FELIPE PEIXOTO,1406,COLÉGIO NITERÓI,"RUA  VEREADOR JOSÉ VICENTE SOBRINHO, 269"
2022,144,78,1,2,FELIPE PEIXOTO,1406,COLÉGIO NITERÓI,"RUA  VEREADOR JOSÉ VICENTE SOBRINHO, 269"
2022,144,79,1,3,FELIPE PEIXOTO,1406,COLÉGIO NITERÓI,"RUA  VEREADOR JOSÉ VICENTE SOBRINHO, 269"
2022,144,8,1,2,FELIPE PEIXOTO,1031,(PRÉDIO NOVO) COLÉGIO PEDRO II UNIDADE NITERÓI,RUA ASSIS DE VASCONCELOS S/N
2022,144,80,1,2,FELIPE PEIXOTO,1406,COLÉGIO NITERÓI,"RUA  VEREADOR JOSÉ VICENTE SOBRINHO, 269"
2022,144,81,1,2,FELIPE PEIXOTO,1031,(PRÉDIO NOVO) COLÉGIO PEDRO II UNIDADE NITERÓI,RUA ASSIS DE VASCONCELOS S/N
2022,144,82,1,4,FELIPE PEIXOTO,1031,(PRÉDIO NOVO) COLÉGIO PEDRO II UNIDADE NITERÓI,RUA ASSIS DE VASCONCELOS S/N
2022,144,83,1,3,FELIPE PEIXOTO,1252,ESCOLA MUNICIPAL ADELINO MAGALHÃES,"RUA DR. NELSON PENA, 17"
2022,144,85,1,2,FELIPE PEIXOTO,1252,ESCOLA MUNICIPAL ADELINO MAGALHÃES,"RUA DR. NELSON PENA, 17"
2022,144,87,1,5,FELIPE PEIXOTO,1252,ESCOLA MUNICIPAL ADELINO MAGALHÃES,"RUA DR. NELSON PENA, 17"
2022,144,88,1,5,FELIPE PEIXOTO,1317,IGREJA BATISTA BETEL DE NITERÓI,RUA DANIEL TORRES 72
2022,144,89,1,1,FELIPE PEIXOTO,1317,IGREJA BATISTA BETEL DE NITERÓI,RUA DANIEL TORRES 72
2022,144,9,1,2,FELIPE PEIXOTO,1031,(PRÉDIO NOVO) COLÉGIO PEDRO II UNIDADE NITERÓI,RUA ASSIS DE VASCONCELOS S/N
2022,144,90,1,2,FELIPE PEIXOTO,1317,IGREJA BATISTA BETEL DE NITERÓI,RUA DANIEL TORRES 72
2022,144,92,1,10,FELIPE PEIXOTO,1252,ESCOLA MUNICIPAL ADELINO MAGALHÃES,"RUA DR. NELSON PENA, 17"
2022,144,94,1,2,FELIPE PEIXOTO,1031,(PRÉDIO NOVO) COLÉGIO PEDRO II UNIDADE NITERÓI,RUA ASSIS DE VASCONCELOS S/N
2022,144,95,1,2,FELIPE PEIXOTO,1236,COLÉGIO ESTADUAL MULLULO DA VEIGA,RUA CORONEL GUIMARÃES 505
2022,144,96,1,5,FELIPE PEIXOTO,1031,(PRÉDIO NOVO) COLÉGIO PEDRO II UNIDADE NITERÓI,RUA ASSIS DE VASCONCELOS S/N
2022,144,97,1,4,FELIPE PEIXOTO,1031,(PRÉDIO NOVO) COLÉGIO PEDRO II UNIDADE NITERÓI,RUA ASSIS DE VASCONCELOS S/N
2022,144,98,1,3,FELIPE PEIXOTO,1031,(PRÉDIO NOVO) COLÉGIO PEDRO II UNIDADE NITERÓI,RUA ASSIS DE VASCONCELOS S/N
2022,144,99,1,3,FELIPE PEIXOTO,1031,(PRÉDIO NOVO) COLÉGIO PEDRO II UNIDADE NITERÓI,RUA ASSIS DE VASCONCELOS S/N
2022,199,1,1,11,FELIPE PEIXOTO,1015,COUNTRY CLUB DE NITEROI,RUA CHILE 135
2022,199,10,1,2,FELIPE PEIXOTO,1031,ESCOLA MUNICIPAL HONORINA DE CARVALHO,RUA PROF. JOSE PECANHA S/N
2022,199,100,1,6,FELIPE PEIXOTO,1155,COLÉGIO ITAPUCA,"AV. ERNANI DE FARIAS ALVES, N 124 TREVO DE PIRATININGA"
2022,199,101,1,11,FELIPE PEIXOTO,1112,COLÉGIO SALESIANO REGIÃO OCEÂNICA,"RUA DOUTOR CORNÉLIO DE MELLO JÚNIOR, 117"
2022,199,102,1,6,FELIPE PEIXOTO,1198,CIEP 448 RUY FRAZÃO SOARES,ESTRADA DO ENGENHO DO MATO S/N - PRACA
2022,199,103,1,2,FELIPE PEIXOTO,1023,ESCOLA MUNICIPAL FELISBERTO DE CARVALHO,ESTRADA CAETANO MONTEIRO 896
2022,199,104,1,11,FELIPE PEIXOTO,1155,COLÉGIO ITAPUCA,"AV. ERNANI DE FARIAS ALVES, N 124 TREVO DE PIRATININGA"
2022,199,105,1,7,FELIPE PEIXOTO,1244,COLÉGIO LAPLACE,"RUA MANOEL PACHECO DE CARVALHO, N 80"
2022,199,106,1,8,FELIPE PEIXOTO,1082,UMEI DR PAULO CESAR DE ALMEIDA PIMENTEL,RUA ANTONIO LUIZ SAIÃO CAMPO BELO
2022,199,107,1,7,FELIPE PEIXOTO,1198,CIEP 448 RUY FRAZÃO SOARES,ESTRADA DO ENGENHO DO MATO S/N - PRACA
2022,199,109,1,6,FELIPE PEIXOTO,1074,COLÉGIO FUTURO VIP (ANT GAUSS),"RUA JULIO BRAGA, 65 LOT SANTO ANTÔNIO ITAIPU"
2022,199,11,1,2,FELIPE PEIXOTO,1031,ESCOLA MUNICIPAL HONORINA DE CARVALHO,RUA PROF. JOSE PECANHA S/N
2022,199,110,1,9,FELIPE PEIXOTO,1155,COLÉGIO ITAPUCA,"AV. ERNANI DE FARIAS ALVES, N 124 TREVO DE PIRATININGA"
2022,199,111,1,19,FELIPE PEIXOTO,1112,COLÉGIO SALESIANO REGIÃO OCEÂNICA,"RUA DOUTOR CORNÉLIO DE MELLO JÚNIOR, 117"
2022,199,113,1,3,FELIPE PEIXOTO,1031,ESCOLA MUNICIPAL HONORINA DE CARVALHO,RUA PROF. JOSE PECANHA S/N
2022,199,114,1,7,FELIPE PEIXOTO,1198,CIEP 448 RUY FRAZÃO SOARES,ESTRADA DO ENGENHO DO MATO S/N - PRACA
2022,199,115,1,7,FELIPE PEIXOTO,1244,COLÉGIO LAPLACE,"RUA MANOEL PACHECO DE CARVALHO, N 80"
2022,199,116,1,8,FELIPE PEIXOTO,1090,COLÉGIO ESTADUAL PROFESSORA ALCINA RODRIGUES LIMA,"ESTRADA FRANCISCO DA CRUZ NUNES, S/N"
2022,199,117,1,8,FELIPE PEIXOTO,1155,COLÉGIO ITAPUCA,"AV. ERNANI DE FARIAS ALVES, N 124 TREVO DE PIRATININGA"
2022,199,118,1,18,FELIPE PEIXOTO,1112,COLÉGIO SALESIANO REGIÃO OCEÂNICA,"RUA DOUTOR CORNÉLIO DE MELLO JÚNIOR, 117"
2022,199,119,1,24,FELIPE PEIXOTO,1066,ITACOATIARA PAMPO CLUBE,AV. BEIRA MAR 205
2022,199,12,1,5,FELIPE PEIXOTO,1031,ESCOLA MUNICIPAL HONORINA DE CARVALHO,RUA PROF. JOSE PECANHA S/N
2022,199,120,1,6,FELIPE PEIXOTO,1015,COUNTRY CLUB DE NITEROI,RUA CHILE 135
2022,199,121,1,4,FELIPE PEIXOTO,1198,CIEP 448 RUY FRAZÃO SOARES,ESTRADA DO ENGENHO DO MATO S/N - PRACA
2022,199,123,1,15,FELIPE PEIXOTO,1139,ESCOLA MUNICIPAL FRANCISCO PORTUGAL NEVES,"RUA MANOEL PACHECO DE CARVALHO, N 14 TREVO DE PIRATININGA"
2022,199,124,1,12,FELIPE PEIXOTO,1082,UMEI DR PAULO CESAR DE ALMEIDA PIMENTEL,RUA ANTONIO LUIZ SAIÃO CAMPO BELO
2022,199,125,1,2,FELIPE PEIXOTO,1031,ESCOLA MUNICIPAL HONORINA DE CARVALHO,RUA PROF. JOSE PECANHA S/N
2022,199,126,1,8,FELIPE PEIXOTO,1198,CIEP 448 RUY FRAZÃO SOARES,ESTRADA DO ENGENHO DO MATO S/N - PRACA
2022,199,127,1,6,FELIPE PEIXOTO,1090,COLÉGIO ESTADUAL PROFESSORA ALCINA RODRIGUES LIMA,"ESTRADA FRANCISCO DA CRUZ NUNES, S/N"
2022,199,129,1,13,FELIPE PEIXOTO,1155,COLÉGIO ITAPUCA,"AV. ERNANI DE FARIAS ALVES, N 124 TREVO DE PIRATININGA"
2022,199,13,1,6,FELIPE PEIXOTO,1031,ESCOLA MUNICIPAL HONORINA DE CARVALHO,RUA PROF. JOSE PECANHA S/N
2022,199,130,1,3,FELIPE PEIXOTO,1198,CIEP 448 RUY FRAZÃO SOARES,ESTRADA DO ENGENHO DO MATO S/N - PRACA
2022,199,132,1,18,FELIPE PEIXOTO,1155,COLÉGIO ITAPUCA,"AV. ERNANI DE FARIAS ALVES, N 124 TREVO DE PIRATININGA"
2022,199,133,1,3,FELIPE PEIXOTO,1198,CIEP 448 RUY FRAZÃO SOARES,ESTRADA DO ENGENHO DO MATO S/N - PRACA
2022,199,135,1,3,FELIPE PEIXOTO,1090,COLÉGIO ESTADUAL PROFESSORA ALCINA RODRIGUES LIMA,"ESTRADA FRANCISCO DA CRUZ NUNES, S/N"
2022,199,136,1,11,FELIPE PEIXOTO,1244,COLÉGIO LAPLACE,"RUA MANOEL PACHECO DE CARVALHO, N 80"
2022,199,138,1,15,FELIPE PEIXOTO,1112,COLÉGIO SALESIANO REGIÃO OCEÂNICA,"RUA DOUTOR CORNÉLIO DE MELLO JÚNIOR, 117"
2022,199,139,1,7,FELIPE PEIXOTO,1198,CIEP 448 RUY FRAZÃO SOARES,ESTRADA DO ENGENHO DO MATO S/N - PRACA
2022,199,140,1,7,FELIPE PEIXOTO,1074,COLÉGIO FUTURO VIP (ANT GAUSS),"RUA JULIO BRAGA, 65 LOT SANTO ANTÔNIO ITAIPU"
2022,199,141,1,7,FELIPE PEIXOTO,1082,UMEI DR PAULO CESAR DE ALMEIDA PIMENTEL,RUA ANTONIO LUIZ SAIÃO CAMPO BELO
2022,199,142,1,6,FELIPE PEIXOTO,1317,COLÉGIO PAULO FREIRE,"AVENIDA IRENE LOPES SODRÉ, N22"
2022,199,143,1,14,FELIPE PEIXOTO,1155,COLÉGIO ITAPUCA,"AV. ERNANI DE FARIAS ALVES, N 124 TREVO DE PIRATININGA"
2022,199,144,1,4,FELIPE PEIXOTO,1139,ESCOLA MUNICIPAL FRANCISCO PORTUGAL NEVES,"RUA MANOEL PACHECO DE CARVALHO, N 14 TREVO DE PIRATININGA"
2022,199,145,1,3,FELIPE PEIXOTO,1090,COLÉGIO ESTADUAL PROFESSORA ALCINA RODRIGUES LIMA,"ESTRADA FRANCISCO DA CRUZ NUNES, S/N"
2022,199,147,1,14,FELIPE PEIXOTO,1112,COLÉGIO SALESIANO REGIÃO OCEÂNICA,"RUA DOUTOR CORNÉLIO DE MELLO JÚNIOR, 117"
2022,199,148,1,3,FELIPE PEIXOTO,1031,ESCOLA MUNICIPAL HONORINA DE CARVALHO,RUA PROF. JOSE PECANHA S/N
2022,199,149,1,7,FELIPE PEIXOTO,1198,CIEP 448 RUY FRAZÃO SOARES,ESTRADA DO ENGENHO DO MATO S/N - PRACA
2022,199,150,1,21,FELIPE PEIXOTO,1066,ITACOATIARA PAMPO CLUBE,AV. BEIRA MAR 205
2022,199,151,1,5,FELIPE PEIXOTO,1090,COLÉGIO ESTADUAL PROFESSORA ALCINA RODRIGUES LIMA,"ESTRADA FRANCISCO DA CRUZ NUNES, S/N"
2022,199,152,1,7,FELIPE PEIXOTO,1260,COLÉGIO PLUZ,"RUA NICARÁGUA, 20"
2022,199,153,1,8,FELIPE PEIXOTO,1252,CIEP 307 DJANIRA,AV. EWERTON XAVIER S/N - PRACA
2022,199,154,1,8,FELIPE PEIXOTO,1279,INSTITUTO FOKUS (ANTIGO INTERAÇÃO CRECHE ESCOLA),"AVENIDA PROF CARLOS NELSON FERREIRA SANTOS(ANT AVENIDA 5) , 658"
2022,199,155,1,10,FELIPE PEIXOTO,1112,COLÉGIO SALESIANO REGIÃO OCEÂNICA,"RUA DOUTOR CORNÉLIO DE MELLO JÚNIOR, 117"
2022,199,156,1,5,FELIPE PEIXOTO,1155,COLÉGIO ITAPUCA,"AV. ERNANI DE FARIAS ALVES, N 124 TREVO DE PIRATININGA"
2022,199,157,1,7,FELIPE PEIXOTO,1015,COUNTRY CLUB DE NITEROI,RUA CHILE 135
2022,199,158,1,11,FELIPE PEIXOTO,1287,ESCOLA MUNICIPAL PROF MARCOS WALDEMAR DE FREITAS REIS,"RUA ANTONIO LUIZ SAIÃO, S/N ITAIPU"
2022,199,160,1,15,FELIPE PEIXOTO,1120,COLÉGIO ESTADUAL ALMIRANTE TAMANDARÉ,AV. ACURCIO TORRES S/N
2022,199,161,1,7,FELIPE PEIXOTO,1260,COLÉGIO PLUZ,"RUA NICARÁGUA, 20"
2022,199,162,1,3,FELIPE PEIXOTO,1198,CIEP 448 RUY FRAZÃO SOARES,ESTRADA DO ENGENHO DO MATO S/N - PRACA
2022,199,163,1,6,FELIPE PEIXOTO,1260,COLÉGIO PLUZ,"RUA NICARÁGUA, 20"
2022,199,165,1,14,FELIPE PEIXOTO,1090,COLÉGIO ESTADUAL PROFESSORA ALCINA RODRIGUES LIMA,"ESTRADA FRANCISCO DA CRUZ NUNES, S/N"
2022,199,166,1,8,FELIPE PEIXOTO,1031,ESCOLA MUNICIPAL HONORINA DE CARVALHO,RUA PROF. JOSE PECANHA S/N
2022,199,167,1,6,FELIPE PEIXOTO,1112,COLÉGIO SALESIANO REGIÃO OCEÂNICA,"RUA DOUTOR CORNÉLIO DE MELLO JÚNIOR, 117"
2022,199,168,1,10,FELIPE PEIXOTO,1139,ESCOLA MUNICIPAL FRANCISCO PORTUGAL NEVES,"RUA MANOEL PACHECO DE CARVALHO, N 14 TREVO DE PIRATININGA"
2022,199,169,1,13,FELIPE PEIXOTO,1317,COLÉGIO PAULO FREIRE,"AVENIDA IRENE LOPES SODRÉ, N22"
2022,199,170,1,13,FELIPE PEIXOTO,1279,INSTITUTO FOKUS (ANTIGO INTERAÇÃO CRECHE ESCOLA),"AVENIDA PROF CARLOS NELSON FERREIRA SANTOS(ANT AVENIDA 5) , 658"
2022,199,171,1,10,FELIPE PEIXOTO,1260,COLÉGIO PLUZ,"RUA NICARÁGUA, 20"
2022,199,173,1,24,FELIPE PEIXOTO,1112,COLÉGIO SALESIANO REGIÃO OCEÂNICA,"RUA DOUTOR CORNÉLIO DE MELLO JÚNIOR, 117"
2022,199,174,1,16,FELIPE PEIXOTO,1287,ESCOLA MUNICIPAL PROF MARCOS WALDEMAR DE FREITAS REIS,"RUA ANTONIO LUIZ SAIÃO, S/N ITAIPU"
2022,199,175,1,31,FELIPE PEIXOTO,1066,ITACOATIARA PAMPO CLUBE,AV. BEIRA MAR 205
2022,199,176,1,5,FELIPE PEIXOTO,1260,COLÉGIO PLUZ,"RUA NICARÁGUA, 20"
2022,199,177,1,13,FELIPE PEIXOTO,1295,UMEI PROFA ODETE ROSA DA MOTA,ESTRADA FRANCISCO DA CRUZ NUNES S/N (PRÓXIMO AO CORPO DE BOMBEIROS)
2022,199,178,1,8,FELIPE PEIXOTO,1155,COLÉGIO ITAPUCA,"AV. ERNANI DE FARIAS ALVES, N 124 TREVO DE PIRATININGA"
2022,199,179,1,14,FELIPE PEIXOTO,1341,SOPRECAM,"AV. PROFESSOR CARLOS NELSON FERREIRADOS SANTOS, S/N"
2022,199,180,1,4,FELIPE PEIXOTO,1198,CIEP 448 RUY FRAZÃO SOARES,ESTRADA DO ENGENHO DO MATO S/N - PRACA
2022,199,181,1,14,FELIPE PEIXOTO,1015,COUNTRY CLUB DE NITEROI,RUA CHILE 135
2022,199,182,1,13,FELIPE PEIXOTO,1112,COLÉGIO SALESIANO REGIÃO OCEÂNICA,"RUA DOUTOR CORNÉLIO DE MELLO JÚNIOR, 117"
2022,199,183,1,3,FELIPE PEIXOTO,1252,CIEP 307 DJANIRA,AV. EWERTON XAVIER S/N - PRACA
2022,199,184,1,9,FELIPE PEIXOTO,1260,COLÉGIO PLUZ,"RUA NICARÁGUA, 20"
2022,199,185,1,12,FELIPE PEIXOTO,1155,COLÉGIO ITAPUCA,"AV. ERNANI DE FARIAS ALVES, N 124 TREVO DE PIRATININGA"
2022,199,187,1,14,FELIPE PEIXOTO,1104,FISK CENTRO DE ENSINO,RUA ERNANI DE FARIAS ALVES 161
2022,199,188,1,5,FELIPE PEIXOTO,1260,COLÉGIO PLUZ,"RUA NICARÁGUA, 20"
2022,199,189,1,10,FELIPE PEIXOTO,1120,COLÉGIO ESTADUAL ALMIRANTE TAMANDARÉ,AV. ACURCIO TORRES S/N
2022,199,190,1,12,FELIPE PEIXOTO,1279,INSTITUTO FOKUS (ANTIGO INTERAÇÃO CRECHE ESCOLA),"AVENIDA PROF CARLOS NELSON FERREIRA SANTOS(ANT AVENIDA 5) , 658"
2022,199,191,1,8,FELIPE PEIXOTO,1295,UMEI PROFA ODETE ROSA DA MOTA,ESTRADA FRANCISCO DA CRUZ NUNES S/N (PRÓXIMO AO CORPO DE BOMBEIROS)
2022,199,192,1,8,FELIPE PEIXOTO,1155,COLÉGIO ITAPUCA,"AV. ERNANI DE FARIAS ALVES, N 124 TREVO DE PIRATININGA"
2022,199,193,1,11,FELIPE PEIXOTO,1260,COLÉGIO PLUZ,"RUA NICARÁGUA, 20"
2022,199,194,1,9,FELIPE PEIXOTO,1295,UMEI PROFA ODETE ROSA DA MOTA,ESTRADA FRANCISCO DA CRUZ NUNES S/N (PRÓXIMO AO CORPO DE BOMBEIROS)
2022,199,195,1,13,FELIPE PEIXOTO,1074,COLÉGIO FUTURO VIP (ANT GAUSS),"RUA JULIO BRAGA, 65 LOT SANTO ANTÔNIO ITAIPU"
2022,199,196,1,7,FELIPE PEIXOTO,1015,COUNTRY CLUB DE NITEROI,RUA CHILE 135
2022,199,197,1,5,FELIPE PEIXOTO,1295,UMEI PROFA ODETE ROSA DA MOTA,ESTRADA FRANCISCO DA CRUZ NUNES S/N (PRÓXIMO AO CORPO DE BOMBEIROS)
2022,199,198,1,7,FELIPE PEIXOTO,1104,FISK CENTRO DE ENSINO,RUA ERNANI DE FARIAS ALVES 161
2022,199,199,1,11,FELIPE PEIXOTO,1244,COLÉGIO LAPLACE,"RUA MANOEL PACHECO DE CARVALHO, N 80"
2022,199,2,1,6,FELIPE PEIXOTO,1015,COUNTRY CLUB DE NITEROI,RUA CHILE 135
2022,199,200,1,5,FELIPE PEIXOTO,1279,INSTITUTO FOKUS (ANTIGO INTERAÇÃO CRECHE ESCOLA),"AVENIDA PROF CARLOS NELSON FERREIRA SANTOS(ANT AVENIDA 5) , 658"
2022,199,201,1,5,FELIPE PEIXOTO,1252,CIEP 307 DJANIRA,AV. EWERTON XAVIER S/N - PRACA
2022,199,202,1,18,FELIPE PEIXOTO,1317,COLÉGIO PAULO FREIRE,"AVENIDA IRENE LOPES SODRÉ, N22"
2022,199,203,1,9,FELIPE PEIXOTO,1287,ESCOLA MUNICIPAL PROF MARCOS WALDEMAR DE FREITAS REIS,"RUA ANTONIO LUIZ SAIÃO, S/N ITAIPU"
2022,199,204,1,7,FELIPE PEIXOTO,1260,COLÉGIO PLUZ,"RUA NICARÁGUA, 20"
2022,199,205,1,7,FELIPE PEIXOTO,1295,UMEI PROFA ODETE ROSA DA MOTA,ESTRADA FRANCISCO DA CRUZ NUNES S/N (PRÓXIMO AO CORPO DE BOMBEIROS)
2022,199,206,1,1,FELIPE PEIXOTO,1325,ESCOLA MUNICIPAL SÍTIO DO IPÊ,RUA PROF. JOSÉ PEÇANHA
2022,199,207,1,17,FELIPE PEIXOTO,1104,FISK CENTRO DE ENSINO,RUA ERNANI DE FARIAS ALVES 161
2022,199,208,1,11,FELIPE PEIXOTO,1260,COLÉGIO PLUZ,"RUA NICARÁGUA, 20"
2022,199,209,1,6,FELIPE PEIXOTO,1317,COLÉGIO PAULO FREIRE,"AVENIDA IRENE LOPES SODRÉ, N22"
2022,199,21,1,19,FELIPE PEIXOTO,1066,ITACOATIARA PAMPO CLUBE,AV. BEIRA MAR 205
2022,199,210,1,7,FELIPE PEIXOTO,1295,UMEI PROFA ODETE ROSA DA MOTA,ESTRADA FRANCISCO DA CRUZ NUNES S/N (PRÓXIMO AO CORPO DE BOMBEIROS)
2022,199,211,1,5,FELIPE PEIXOTO,1104,FISK CENTRO DE ENSINO,RUA ERNANI DE FARIAS ALVES 161
2022,199,212,1,9,FELIPE PEIXOTO,1317,COLÉGIO PAULO FREIRE,"AVENIDA IRENE LOPES SODRÉ, N22"
2022,199,213,1,2,FELIPE PEIXOTO,1325,ESCOLA MUNICIPAL SÍTIO DO IPÊ,RUA PROF. JOSÉ PEÇANHA
2022,199,214,1,9,FELIPE PEIXOTO,1333,ESCOLA ME NINAR,"RUA 03, N 88 E 101"
2022,199,215,1,13,FELIPE PEIXOTO,1350,ESCOLA MUNICIPAL MARALEGRE,"RUA DR. WALDIR COSTA, LOTES 10 E 11"
2022,199,216,1,8,FELIPE PEIXOTO,1287,ESCOLA MUNICIPAL PROF MARCOS WALDEMAR DE FREITAS REIS,"RUA ANTONIO LUIZ SAIÃO, S/N ITAIPU"
2022,199,218,1,20,FELIPE PEIXOTO,1368,UMEI PROFESSORA NINA RITA TORRES,"AVENIDA DOUTOR ACÚRCIO TORRES, 691"
2022,199,219,1,8,FELIPE PEIXOTO,1317,COLÉGIO PAULO FREIRE,"AVENIDA IRENE LOPES SODRÉ, N22"
2022,199,22,1,23,FELIPE PEIXOTO,1066,ITACOATIARA PAMPO CLUBE,AV. BEIRA MAR 205
2022,199,220,1,4,FELIPE PEIXOTO,1163,ANDEF (EX FAETEC),ESTRADA VELHA DE MARICA 4830
2022,199,221,1,5,FELIPE PEIXOTO,1325,ESCOLA MUNICIPAL SÍTIO DO IPÊ,RUA PROF. JOSÉ PEÇANHA
2022,199,222,1,5,FELIPE PEIXOTO,1252,CIEP 307 DJANIRA,AV. EWERTON XAVIER S/N - PRACA
2022,199,223,1,9,FELIPE PEIXOTO,1350,ESCOLA MUNICIPAL MARALEGRE,"RUA DR. WALDIR COSTA, LOTES 10 E 11"
2022,199,224,1,6,FELIPE PEIXOTO,1368,UMEI PROFESSORA NINA RITA TORRES,"AVENIDA DOUTOR ACÚRCIO TORRES, 691"
2022,199,225,1,5,FELIPE PEIXOTO,1333,ESCOLA ME NINAR,"RUA 03, N 88 E 101"
2022,199,226,1,5,FELIPE PEIXOTO,1295,UMEI PROFA ODETE ROSA DA MOTA,ESTRADA FRANCISCO DA CRUZ NUNES S/N (PRÓXIMO AO CORPO DE BOMBEIROS)
2022,199,227,1,6,FELIPE PEIXOTO,1112,COLÉGIO SALESIANO REGIÃO OCEÂNICA,"RUA DOUTOR CORNÉLIO DE MELLO JÚNIOR, 117"
2022,199,228,1,10,FELIPE PEIXOTO,1317,COLÉGIO PAULO FREIRE,"AVENIDA IRENE LOPES SODRÉ, N22"
2022,199,229,1,9,FELIPE PEIXOTO,1317,COLÉGIO PAULO FREIRE,"AVENIDA IRENE LOPES SODRÉ, N22"
2022,199,23,1,17,FELIPE PEIXOTO,1066,ITACOATIARA PAMPO CLUBE,AV. BEIRA MAR 205
2022,199,230,1,7,FELIPE PEIXOTO,1104,FISK CENTRO DE ENSINO,RUA ERNANI DE FARIAS ALVES 161
2022,199,231,1,6,FELIPE PEIXOTO,1112,COLÉGIO SALESIANO REGIÃO OCEÂNICA,"RUA DOUTOR CORNÉLIO DE MELLO JÚNIOR, 117"
2022,199,232,1,4,FELIPE PEIXOTO,1392,CULTURA INGLESA EM ITAIPU,"ESTRADA FRANCISCO DA CRUZ NUNES, N 6956"
2022,199,233,1,5,FELIPE PEIXOTO,1260,COLÉGIO PLUZ,"RUA NICARÁGUA, 20"
2022,199,234,1,2,FELIPE PEIXOTO,1325,ESCOLA MUNICIPAL SÍTIO DO IPÊ,RUA PROF. JOSÉ PEÇANHA
2022,199,235,1,4,FELIPE PEIXOTO,1392,CULTURA INGLESA EM ITAIPU,"ESTRADA FRANCISCO DA CRUZ NUNES, N 6956"
2022,199,237,1,12,FELIPE PEIXOTO,1392,CULTURA INGLESA EM ITAIPU,"ESTRADA FRANCISCO DA CRUZ NUNES, N 6956"
2022,199,238,1,9,FELIPE PEIXOTO,1368,UMEI PROFESSORA NINA RITA TORRES,"AVENIDA DOUTOR ACÚRCIO TORRES, 691"
2022,199,239,1,3,FELIPE PEIXOTO,1392,CULTURA INGLESA EM ITAIPU,"ESTRADA FRANCISCO DA CRUZ NUNES, N 6956"
2022,199,24,1,13,FELIPE PEIXOTO,1066,ITACOATIARA PAMPO CLUBE,AV. BEIRA MAR 205
2022,199,240,1,7,FELIPE PEIXOTO,1392,CULTURA INGLESA EM ITAIPU,"ESTRADA FRANCISCO DA CRUZ NUNES, N 6956"
2022,199,241,1,2,FELIPE PEIXOTO,1260,COLÉGIO PLUZ,"RUA NICARÁGUA, 20"
2022,199,242,1,13,FELIPE PEIXOTO,1350,ESCOLA MUNICIPAL MARALEGRE,"RUA DR. WALDIR COSTA, LOTES 10 E 11"
2022,199,243,1,10,FELIPE PEIXOTO,1333,ESCOLA ME NINAR,"RUA 03, N 88 E 101"
2022,199,244,1,4,FELIPE PEIXOTO,1317,COLÉGIO PAULO FREIRE,"AVENIDA IRENE LOPES SODRÉ, N22"
2022,199,245,1,8,FELIPE PEIXOTO,1392,CULTURA INGLESA EM ITAIPU,"ESTRADA FRANCISCO DA CRUZ NUNES, N 6956"
2022,199,246,1,6,FELIPE PEIXOTO,1104,FISK CENTRO DE ENSINO,RUA ERNANI DE FARIAS ALVES 161
2022,199,247,1,2,FELIPE PEIXOTO,1317,COLÉGIO PAULO FREIRE,"AVENIDA IRENE LOPES SODRÉ, N22"
2022,199,248,1,2,FELIPE PEIXOTO,1368,UMEI PROFESSORA NINA RITA TORRES,"AVENIDA DOUTOR ACÚRCIO TORRES, 691"
2022,199,249,1,2,FELIPE PEIXOTO,1260,COLÉGIO PLUZ,"RUA NICARÁGUA, 20"
2022,199,25,1,18,FELIPE PEIXOTO,1074,COLÉGIO FUTURO VIP (ANT GAUSS),"RUA JULIO BRAGA, 65 LOT SANTO ANTÔNIO ITAIPU"
2022,199,26,1,10,FELIPE PEIXOTO,1074,COLÉGIO FUTURO VIP (ANT GAUSS),"RUA JULIO BRAGA, 65 LOT SANTO ANTÔNIO ITAIPU"
2022,199,27,1,8,FELIPE PEIXOTO,1074,COLÉGIO FUTURO VIP (ANT GAUSS),"RUA JULIO BRAGA, 65 LOT SANTO ANTÔNIO ITAIPU"
2022,199,28,1,10,FELIPE PEIXOTO,1074,COLÉGIO FUTURO VIP (ANT GAUSS),"RUA JULIO BRAGA, 65 LOT SANTO ANTÔNIO ITAIPU"
2022,199,29,1,8,FELIPE PEIXOTO,1074,COLÉGIO FUTURO VIP (ANT GAUSS),"RUA JULIO BRAGA, 65 LOT SANTO ANTÔNIO ITAIPU"
2022,199,3,1,11,FELIPE PEIXOTO,1015,COUNTRY CLUB DE NITEROI,RUA CHILE 135
2022,199,30,1,5,FELIPE PEIXOTO,1082,UMEI DR PAULO CESAR DE ALMEIDA PIMENTEL,RUA ANTONIO LUIZ SAIÃO CAMPO BELO
2022,199,31,1,8,FELIPE PEIXOTO,1082,UMEI DR PAULO CESAR DE ALMEIDA PIMENTEL,RUA ANTONIO LUIZ SAIÃO CAMPO BELO
2022,199,32,1,8,FELIPE PEIXOTO,1082,UMEI DR PAULO CESAR DE ALMEIDA PIMENTEL,RUA ANTONIO LUIZ SAIÃO CAMPO BELO
2022,199,33,1,11,FELIPE PEIXOTO,1082,UMEI DR PAULO CESAR DE ALMEIDA PIMENTEL,RUA ANTONIO LUIZ SAIÃO CAMPO BELO
2022,199,34,1,6,FELIPE PEIXOTO,1090,COLÉGIO ESTADUAL PROFESSORA ALCINA RODRIGUES LIMA,"ESTRADA FRANCISCO DA CRUZ NUNES, S/N"
2022,199,35,1,10,FELIPE PEIXOTO,1090,COLÉGIO ESTADUAL PROFESSORA ALCINA RODRIGUES LIMA,"ESTRADA FRANCISCO DA CRUZ NUNES, S/N"
2022,199,36,1,7,FELIPE PEIXOTO,1090,COLÉGIO ESTADUAL PROFESSORA ALCINA RODRIGUES LIMA,"ESTRADA FRANCISCO DA CRUZ NUNES, S/N"
2022,199,37,1,6,FELIPE PEIXOTO,1090,COLÉGIO ESTADUAL PROFESSORA ALCINA RODRIGUES LIMA,"ESTRADA FRANCISCO DA CRUZ NUNES, S/N"
2022,199,38,1,11,FELIPE PEIXOTO,1090,COLÉGIO ESTADUAL PROFESSORA ALCINA RODRIGUES LIMA,"ESTRADA FRANCISCO DA CRUZ NUNES, S/N"
2022,199,39,1,7,FELIPE PEIXOTO,1090,COLÉGIO ESTADUAL PROFESSORA ALCINA RODRIGUES LIMA,"ESTRADA FRANCISCO DA CRUZ NUNES, S/N"
2022,199,4,1,2,FELIPE PEIXOTO,1023,ESCOLA MUNICIPAL FELISBERTO DE CARVALHO,ESTRADA CAETANO MONTEIRO 896
2022,199,40,1,6,FELIPE PEIXOTO,1090,COLÉGIO ESTADUAL PROFESSORA ALCINA RODRIGUES LIMA,"ESTRADA FRANCISCO DA CRUZ NUNES, S/N"
2022,199,41,1,6,FELIPE PEIXOTO,1090,COLÉGIO ESTADUAL PROFESSORA ALCINA RODRIGUES LIMA,"ESTRADA FRANCISCO DA CRUZ NUNES, S/N"
2022,199,42,1,6,FELIPE PEIXOTO,1082,UMEI DR PAULO CESAR DE ALMEIDA PIMENTEL,RUA ANTONIO LUIZ SAIÃO CAMPO BELO
2022,199,43,1,6,FELIPE PEIXOTO,1082,UMEI DR PAULO CESAR DE ALMEIDA PIMENTEL,RUA ANTONIO LUIZ SAIÃO CAMPO BELO
2022,199,45,1,11,FELIPE PEIXOTO,1112,COLÉGIO SALESIANO REGIÃO OCEÂNICA,"RUA DOUTOR CORNÉLIO DE MELLO JÚNIOR, 117"
2022,199,46,1,10,FELIPE PEIXOTO,1112,COLÉGIO SALESIANO REGIÃO OCEÂNICA,"RUA DOUTOR CORNÉLIO DE MELLO JÚNIOR, 117"
2022,199,47,1,16,FELIPE PEIXOTO,1112,COLÉGIO SALESIANO REGIÃO OCEÂNICA,"RUA DOUTOR CORNÉLIO DE MELLO JÚNIOR, 117"
2022,199,48,1,12,FELIPE PEIXOTO,1112,COLÉGIO SALESIANO REGIÃO OCEÂNICA,"RUA DOUTOR CORNÉLIO DE MELLO JÚNIOR, 117"
2022,199,49,1,6,FELIPE PEIXOTO,1120,COLÉGIO ESTADUAL ALMIRANTE TAMANDARÉ,AV. ACURCIO TORRES S/N
2022,199,5,1,5,FELIPE PEIXOTO,1023,ESCOLA MUNICIPAL FELISBERTO DE CARVALHO,ESTRADA CAETANO MONTEIRO 896
2022,199,50,1,10,FELIPE PEIXOTO,1120,COLÉGIO ESTADUAL ALMIRANTE TAMANDARÉ,AV. ACURCIO TORRES S/N
2022,199,51,1,5,FELIPE PEIXOTO,1139,ESCOLA MUNICIPAL FRANCISCO PORTUGAL NEVES,"RUA MANOEL PACHECO DE CARVALHO, N 14 TREVO DE PIRATININGA"
2022,199,52,1,9,FELIPE PEIXOTO,1139,ESCOLA MUNICIPAL FRANCISCO PORTUGAL NEVES,"RUA MANOEL PACHECO DE CARVALHO, N 14 TREVO DE PIRATININGA"
2022,199,53,1,6,FELIPE PEIXOTO,1139,ESCOLA MUNICIPAL FRANCISCO PORTUGAL NEVES,"RUA MANOEL PACHECO DE CARVALHO, N 14 TREVO DE PIRATININGA"
2022,199,54,1,10,FELIPE PEIXOTO,1139,ESCOLA MUNICIPAL FRANCISCO PORTUGAL NEVES,"RUA MANOEL PACHECO DE CARVALHO, N 14 TREVO DE PIRATININGA"
2022,199,55,1,11,FELIPE PEIXOTO,1139,ESCOLA MUNICIPAL FRANCISCO PORTUGAL NEVES,"RUA MANOEL PACHECO DE CARVALHO, N 14 TREVO DE PIRATININGA"
2022,199,56,1,6,FELIPE PEIXOTO,1139,ESCOLA MUNICIPAL FRANCISCO PORTUGAL NEVES,"RUA MANOEL PACHECO DE CARVALHO, N 14 TREVO DE PIRATININGA"
2022,199,57,1,6,FELIPE PEIXOTO,1139,ESCOLA MUNICIPAL FRANCISCO PORTUGAL NEVES,"RUA MANOEL PACHECO DE CARVALHO, N 14 TREVO DE PIRATININGA"
2022,199,58,1,7,FELIPE PEIXOTO,1120,COLÉGIO ESTADUAL ALMIRANTE TAMANDARÉ,AV. ACURCIO TORRES S/N
2022,199,59,1,4,FELIPE PEIXOTO,1120,COLÉGIO ESTADUAL ALMIRANTE TAMANDARÉ,AV. ACURCIO TORRES S/N
2022,199,6,1,6,FELIPE PEIXOTO,1023,ESCOLA MUNICIPAL FELISBERTO DE CARVALHO,ESTRADA CAETANO MONTEIRO 896
2022,199,60,1,4,FELIPE PEIXOTO,1120,COLÉGIO ESTADUAL ALMIRANTE TAMANDARÉ,AV. ACURCIO TORRES S/N
2022,199,61,1,7,FELIPE PEIXOTO,1120,COLÉGIO ESTADUAL ALMIRANTE TAMANDARÉ,AV. ACURCIO TORRES S/N
2022,199,62,1,5,FELIPE PEIXOTO,1120,COLÉGIO ESTADUAL ALMIRANTE TAMANDARÉ,AV. ACURCIO TORRES S/N
2022,199,63,1,8,FELIPE PEIXOTO,1120,COLÉGIO ESTADUAL ALMIRANTE TAMANDARÉ,AV. ACURCIO TORRES S/N
2022,199,64,1,15,FELIPE PEIXOTO,1155,COLÉGIO ITAPUCA,"AV. ERNANI DE FARIAS ALVES, N 124 TREVO DE PIRATININGA"
2022,199,65,1,12,FELIPE PEIXOTO,1155,COLÉGIO ITAPUCA,"AV. ERNANI DE FARIAS ALVES, N 124 TREVO DE PIRATININGA"
2022,199,66,1,12,FELIPE PEIXOTO,1155,COLÉGIO ITAPUCA,"AV. ERNANI DE FARIAS ALVES, N 124 TREVO DE PIRATININGA"
2022,199,67,1,15,FELIPE PEIXOTO,1155,COLÉGIO ITAPUCA,"AV. ERNANI DE FARIAS ALVES, N 124 TREVO DE PIRATININGA"
2022,199,68,1,6,FELIPE PEIXOTO,1163,ANDEF (EX FAETEC),ESTRADA VELHA DE MARICA 4830
2022,199,69,1,2,FELIPE PEIXOTO,1163,ANDEF (EX FAETEC),ESTRADA VELHA DE MARICA 4830
2022,199,7,1,11,FELIPE PEIXOTO,1023,ESCOLA MUNICIPAL FELISBERTO DE CARVALHO,ESTRADA CAETANO MONTEIRO 896
2022,199,70,1,4,FELIPE PEIXOTO,1163,ANDEF (EX FAETEC),ESTRADA VELHA DE MARICA 4830
2022,199,71,1,1,FELIPE PEIXOTO,1171,COLÉGIO ESTADUAL DOUTOR SOUZA SOARES,RODOVIA AMARAL PEIXOTO KM 10
2022,199,72,1,2,FELIPE PEIXOTO,1163,ANDEF (EX FAETEC),ESTRADA VELHA DE MARICA 4830
2022,199,73,1,2,FELIPE PEIXOTO,1163,ANDEF (EX FAETEC),ESTRADA VELHA DE MARICA 4830
2022,199,74,1,2,FELIPE PEIXOTO,1163,ANDEF (EX FAETEC),ESTRADA VELHA DE MARICA 4830
2022,199,75,1,4,FELIPE PEIXOTO,1198,CIEP 448 RUY FRAZÃO SOARES,ESTRADA DO ENGENHO DO MATO S/N - PRACA
2022,199,76,1,6,FELIPE PEIXOTO,1198,CIEP 448 RUY FRAZÃO SOARES,ESTRADA DO ENGENHO DO MATO S/N - PRACA
2022,199,77,1,10,FELIPE PEIXOTO,1317,COLÉGIO PAULO FREIRE,"AVENIDA IRENE LOPES SODRÉ, N22"
2022,199,78,1,3,FELIPE PEIXOTO,1163,ANDEF (EX FAETEC),ESTRADA VELHA DE MARICA 4830
2022,199,79,1,13,FELIPE PEIXOTO,1244,COLÉGIO LAPLACE,"RUA MANOEL PACHECO DE CARVALHO, N 80"
2022,199,8,1,8,FELIPE PEIXOTO,1023,ESCOLA MUNICIPAL FELISBERTO DE CARVALHO,ESTRADA CAETANO MONTEIRO 896
2022,199,80,1,14,FELIPE PEIXOTO,1244,COLÉGIO LAPLACE,"RUA MANOEL PACHECO DE CARVALHO, N 80"
2022,199,81,1,15,FELIPE PEIXOTO,1244,COLÉGIO LAPLACE,"RUA MANOEL PACHECO DE CARVALHO, N 80"
2022,199,82,1,3,FELIPE PEIXOTO,1252,CIEP 307 DJANIRA,AV. EWERTON XAVIER S/N - PRACA
2022,199,83,1,7,FELIPE PEIXOTO,1252,CIEP 307 DJANIRA,AV. EWERTON XAVIER S/N - PRACA
2022,199,84,1,6,FELIPE PEIXOTO,1252,CIEP 307 DJANIRA,AV. EWERTON XAVIER S/N - PRACA
2022,199,85,1,3,FELIPE PEIXOTO,1252,CIEP 307 DJANIRA,AV. EWERTON XAVIER S/N - PRACA
2022,199,86,1,6,FELIPE PEIXOTO,1252,CIEP 307 DJANIRA,AV. EWERTON XAVIER S/N - PRACA
2022,199,87,1,1,FELIPE PEIXOTO,1252,CIEP 307 DJANIRA,AV. EWERTON XAVIER S/N - PRACA
2022,199,88,1,8,FELIPE PEIXOTO,1015,COUNTRY CLUB DE NITEROI,RUA CHILE 135
2022,199,9,1,5,FELIPE PEIXOTO,1031,ESCOLA MUNICIPAL HONORINA DE CARVALHO,RUA PROF. JOSE PECANHA S/N
2022,199,90,1,6,FELIPE PEIXOTO,1082,UMEI DR PAULO CESAR DE ALMEIDA PIMENTEL,RUA ANTONIO LUIZ SAIÃO CAMPO BELO
2022,199,91,1,16,FELIPE PEIXOTO,1244,COLÉGIO LAPLACE,"RUA MANOEL PACHECO DE CARVALHO, N 80"
2022,199,92,1,7,FELIPE PEIXOTO,1120,COLÉGIO ESTADUAL ALMIRANTE TAMANDARÉ,AV. ACURCIO TORRES S/N
2022,199,93,1,10,FELIPE PEIXOTO,1317,COLÉGIO PAULO FREIRE,"AVENIDA IRENE LOPES SODRÉ, N22"
2022,199,94,1,8,FELIPE PEIXOTO,1031,ESCOLA MUNICIPAL HONORINA DE CARVALHO,RUA PROF. JOSE PECANHA S/N
2022,199,95,1,8,FELIPE PEIXOTO,1031,ESCOLA MUNICIPAL HONORINA DE CARVALHO,RUA PROF. JOSE PECANHA S/N
2022,199,97,1,9,FELIPE PEIXOTO,1074,COLÉGIO FUTURO VIP (ANT GAUSS),"RUA JULIO BRAGA, 65 LOT SANTO ANTÔNIO ITAIPU"
2022,199,98,1,7,FELIPE PEIXOTO,1244,COLÉGIO LAPLACE,"RUA MANOEL PACHECO DE CARVALHO, N 80"
2022,199,99,1,6,FELIPE PEIXOTO,1082,UMEI DR PAULO CESAR DE ALMEIDA PIMENTEL,RUA ANTONIO LUIZ SAIÃO CAMPO BELO
2022,71,1,1,14,FELIPE PEIXOTO,1015,CENTRO EDUCACIONAL DE NITEROI - CENTRINHO,RUA ITAGUAI 173
2022,71,100,1,10,FELIPE PEIXOTO,1309,CURSO MARLY CURY,AV. SETE DE SETEMBRO 165
2022,71,101,1,6,FELIPE PEIXOTO,1309,CURSO MARLY CURY,AV. SETE DE SETEMBRO 165
2022,71,102,1,14,FELIPE PEIXOTO,1309,CURSO MARLY CURY,AV. SETE DE SETEMBRO 165
2022,71,103,1,11,FELIPE PEIXOTO,1309,CURSO MARLY CURY,AV. SETE DE SETEMBRO 165
2022,71,104,1,2,FELIPE PEIXOTO,1317,ESCOLA ESTADUAL BALTAZAR BERNARDINO,RUA MARIZ E BARROS 444
2022,71,105,1,5,FELIPE PEIXOTO,1317,ESCOLA ESTADUAL BALTAZAR BERNARDINO,RUA MARIZ E BARROS 444
2022,71,106,1,10,FELIPE PEIXOTO,1325,ESCOLA ESTADUAL GUILHERME BRIGGS,RUA MARIO VIANNA 625
2022,71,107,1,9,FELIPE PEIXOTO,1325,ESCOLA ESTADUAL GUILHERME BRIGGS,RUA MARIO VIANNA 625
2022,71,108,1,9,FELIPE PEIXOTO,1325,ESCOLA ESTADUAL GUILHERME BRIGGS,RUA MARIO VIANNA 625
2022,71,109,1,12,FELIPE PEIXOTO,1325,ESCOLA ESTADUAL GUILHERME BRIGGS,RUA MARIO VIANNA 625
2022,71,110,1,4,FELIPE PEIXOTO,1325,ESCOLA ESTADUAL GUILHERME BRIGGS,RUA MARIO VIANNA 625
2022,71,111,1,3,FELIPE PEIXOTO,1325,ESCOLA ESTADUAL GUILHERME BRIGGS,RUA MARIO VIANNA 625
2022,71,112,1,7,FELIPE PEIXOTO,1325,ESCOLA ESTADUAL GUILHERME BRIGGS,RUA MARIO VIANNA 625
2022,71,113,1,3,FELIPE PEIXOTO,1325,ESCOLA ESTADUAL GUILHERME BRIGGS,RUA MARIO VIANNA 625
2022,71,114,1,6,FELIPE PEIXOTO,1325,ESCOLA ESTADUAL GUILHERME BRIGGS,RUA MARIO VIANNA 625
2022,71,115,1,8,FELIPE PEIXOTO,1325,ESCOLA ESTADUAL GUILHERME BRIGGS,RUA MARIO VIANNA 625
2022,71,116,1,12,FELIPE PEIXOTO,1333,PARÓQUIA NOSSA SENHORA AUXILIADORA - CENTRO COMUNITÁRIO,"RUA SANTA ROSA, 216"
2022,71,117,1,6,FELIPE PEIXOTO,1333,PARÓQUIA NOSSA SENHORA AUXILIADORA - CENTRO COMUNITÁRIO,"RUA SANTA ROSA, 216"
2022,71,118,1,5,FELIPE PEIXOTO,1309,CURSO MARLY CURY,AV. SETE DE SETEMBRO 165
2022,71,119,1,5,FELIPE PEIXOTO,1309,CURSO MARLY CURY,AV. SETE DE SETEMBRO 165
2022,71,120,1,3,FELIPE PEIXOTO,1333,PARÓQUIA NOSSA SENHORA AUXILIADORA - CENTRO COMUNITÁRIO,"RUA SANTA ROSA, 216"
2022,71,121,1,4,FELIPE PEIXOTO,1333,PARÓQUIA NOSSA SENHORA AUXILIADORA - CENTRO COMUNITÁRIO,"RUA SANTA ROSA, 216"
2022,71,122,1,7,FELIPE PEIXOTO,1333,PARÓQUIA NOSSA SENHORA AUXILIADORA - CENTRO COMUNITÁRIO,"RUA SANTA ROSA, 216"
2022,71,123,1,7,FELIPE PEIXOTO,1368,INSTITUTO SÃO JOSÉ,RUA GERALDO MARTINS 166
2022,71,124,1,11,FELIPE PEIXOTO,1368,INSTITUTO SÃO JOSÉ,RUA GERALDO MARTINS 166
2022,71,125,1,6,FELIPE PEIXOTO,1368,INSTITUTO SÃO JOSÉ,RUA GERALDO MARTINS 166
2022,71,130,1,9,FELIPE PEIXOTO,1392,FACULDADE DE VETERINARIA DA UFF,RUA VITAL BRASIL FILHO 64
2022,71,131,1,10,FELIPE PEIXOTO,1392,FACULDADE DE VETERINARIA DA UFF,RUA VITAL BRASIL FILHO 64
2022,71,132,1,8,FELIPE PEIXOTO,1392,FACULDADE DE VETERINARIA DA UFF,RUA VITAL BRASIL FILHO 64
2022,71,133,1,3,FELIPE PEIXOTO,1392,FACULDADE DE VETERINARIA DA UFF,RUA VITAL BRASIL FILHO 64
2022,71,134,1,7,FELIPE PEIXOTO,1392,FACULDADE DE VETERINARIA DA UFF,RUA VITAL BRASIL FILHO 64
2022,71,135,1,9,FELIPE PEIXOTO,1392,FACULDADE DE VETERINARIA DA UFF,RUA VITAL BRASIL FILHO 64
2022,71,136,1,19,FELIPE PEIXOTO,1015,CENTRO EDUCACIONAL DE NITEROI - CENTRINHO,RUA ITAGUAI 173
2022,71,138,1,10,FELIPE PEIXOTO,1260,INSTITUTO ABEL,AV. ROBERTO SILVEIRA 29
2022,71,140,1,5,FELIPE PEIXOTO,1244,ESCOLA ESTADUAL MANUEL DE ABREU,RUA LOPES TROVAO 287-A
2022,71,142,1,14,FELIPE PEIXOTO,1295,COLEGIO SALESIANO SANTA ROSA,RUA SANTA ROSA 207
2022,71,143,1,9,FELIPE PEIXOTO,1317,ESCOLA ESTADUAL BALTAZAR BERNARDINO,RUA MARIZ E BARROS 444
2022,71,144,1,5,FELIPE PEIXOTO,1325,ESCOLA ESTADUAL GUILHERME BRIGGS,RUA MARIO VIANNA 625
2022,71,145,1,5,FELIPE PEIXOTO,1317,ESCOLA ESTADUAL BALTAZAR BERNARDINO,RUA MARIZ E BARROS 444
2022,71,146,1,7,FELIPE PEIXOTO,1368,INSTITUTO SÃO JOSÉ,RUA GERALDO MARTINS 166
2022,71,150,1,9,FELIPE PEIXOTO,1333,PARÓQUIA NOSSA SENHORA AUXILIADORA - CENTRO COMUNITÁRIO,"RUA SANTA ROSA, 216"
2022,71,151,1,6,FELIPE PEIXOTO,1104,INSTITUTO MAIA VINAGRE,RUA NORONHA TORREZÃO 68
2022,71,153,1,32,FELIPE PEIXOTO,1015,CENTRO EDUCACIONAL DE NITEROI - CENTRINHO,RUA ITAGUAI 173
2022,71,156,1,12,FELIPE PEIXOTO,1309,CURSO MARLY CURY,AV. SETE DE SETEMBRO 165
2022,71,157,1,11,FELIPE PEIXOTO,1260,INSTITUTO ABEL,AV. ROBERTO SILVEIRA 29
2022,71,158,1,9,FELIPE PEIXOTO,1392,FACULDADE DE VETERINARIA DA UFF,RUA VITAL BRASIL FILHO 64
2022,71,160,1,4,FELIPE PEIXOTO,1333,PARÓQUIA NOSSA SENHORA AUXILIADORA - CENTRO COMUNITÁRIO,"RUA SANTA ROSA, 216"
2022,71,161,1,8,FELIPE PEIXOTO,1392,FACULDADE DE VETERINARIA DA UFF,RUA VITAL BRASIL FILHO 64
2022,71,167,1,11,FELIPE PEIXOTO,1368,INSTITUTO SÃO JOSÉ,RUA GERALDO MARTINS 166
2022,71,168,1,12,FELIPE PEIXOTO,1244,ESCOLA ESTADUAL MANUEL DE ABREU,RUA LOPES TROVAO 287-A
2022,71,171,1,9,FELIPE PEIXOTO,1295,COLEGIO SALESIANO SANTA ROSA,RUA SANTA ROSA 207
2022,71,172,1,8,FELIPE PEIXOTO,1325,ESCOLA ESTADUAL GUILHERME BRIGGS,RUA MARIO VIANNA 625
2022,71,174,1,6,FELIPE PEIXOTO,1333,PARÓQUIA NOSSA SENHORA AUXILIADORA - CENTRO COMUNITÁRIO,"RUA SANTA ROSA, 216"
2022,71,175,1,16,FELIPE PEIXOTO,1309,CURSO MARLY CURY,AV. SETE DE SETEMBRO 165
2022,71,178,1,19,FELIPE PEIXOTO,1104,INSTITUTO MAIA VINAGRE,RUA NORONHA TORREZÃO 68
2022,71,179,1,11,FELIPE PEIXOTO,1392,FACULDADE DE VETERINARIA DA UFF,RUA VITAL BRASIL FILHO 64
2022,71,182,1,4,FELIPE PEIXOTO,1333,PARÓQUIA NOSSA SENHORA AUXILIADORA - CENTRO COMUNITÁRIO,"RUA SANTA ROSA, 216"
2022,71,183,1,17,FELIPE PEIXOTO,1104,INSTITUTO MAIA VINAGRE,RUA NORONHA TORREZÃO 68
2022,71,185,1,4,FELIPE PEIXOTO,1244,ESCOLA ESTADUAL MANUEL DE ABREU,RUA LOPES TROVAO 287-A
2022,71,186,1,8,FELIPE PEIXOTO,1392,FACULDADE DE VETERINARIA DA UFF,RUA VITAL BRASIL FILHO 64
2022,71,189,1,11,FELIPE PEIXOTO,1317,ESCOLA ESTADUAL BALTAZAR BERNARDINO,RUA MARIZ E BARROS 444
2022,71,190,1,13,FELIPE PEIXOTO,1260,INSTITUTO ABEL,AV. ROBERTO SILVEIRA 29
2022,71,191,1,4,FELIPE PEIXOTO,1309,CURSO MARLY CURY,AV. SETE DE SETEMBRO 165
2022,71,192,1,9,FELIPE PEIXOTO,1392,FACULDADE DE VETERINARIA DA UFF,RUA VITAL BRASIL FILHO 64
2022,71,193,1,7,FELIPE PEIXOTO,1325,ESCOLA ESTADUAL GUILHERME BRIGGS,RUA MARIO VIANNA 625
2022,71,194,1,4,FELIPE PEIXOTO,1295,COLEGIO SALESIANO SANTA ROSA,RUA SANTA ROSA 207
2022,71,195,1,14,FELIPE PEIXOTO,1368,INSTITUTO SÃO JOSÉ,RUA GERALDO MARTINS 166
2022,71,196,1,5,FELIPE PEIXOTO,1392,FACULDADE DE VETERINARIA DA UFF,RUA VITAL BRASIL FILHO 64
2022,71,197,1,19,FELIPE PEIXOTO,1015,CENTRO EDUCACIONAL DE NITEROI - CENTRINHO,RUA ITAGUAI 173
2022,71,198,1,16,FELIPE PEIXOTO,1260,INSTITUTO ABEL,AV. ROBERTO SILVEIRA 29
2022,71,199,1,4,FELIPE PEIXOTO,1317,ESCOLA ESTADUAL BALTAZAR BERNARDINO,RUA MARIZ E BARROS 444
2022,71,2,1,16,FELIPE PEIXOTO,1015,CENTRO EDUCACIONAL DE NITEROI - CENTRINHO,RUA ITAGUAI 173
2022,71,200,1,6,FELIPE PEIXOTO,1392,FACULDADE DE VETERINARIA DA UFF,RUA VITAL BRASIL FILHO 64
2022,71,201,1,16,FELIPE PEIXOTO,1260,INSTITUTO ABEL,AV. ROBERTO SILVEIRA 29
2022,71,202,1,8,FELIPE PEIXOTO,1325,ESCOLA ESTADUAL GUILHERME BRIGGS,RUA MARIO VIANNA 625
2022,71,203,1,10,FELIPE PEIXOTO,1260,INSTITUTO ABEL,AV. ROBERTO SILVEIRA 29
2022,71,204,1,11,FELIPE PEIXOTO,1295,COLEGIO SALESIANO SANTA ROSA,RUA SANTA ROSA 207
2022,71,205,1,5,FELIPE PEIXOTO,1317,ESCOLA ESTADUAL BALTAZAR BERNARDINO,RUA MARIZ E BARROS 444
2022,71,206,1,12,FELIPE PEIXOTO,1260,INSTITUTO ABEL,AV. ROBERTO SILVEIRA 29
2022,71,207,1,4,FELIPE PEIXOTO,1325,ESCOLA ESTADUAL GUILHERME BRIGGS,RUA MARIO VIANNA 625
2022,71,208,1,10,FELIPE PEIXOTO,1244,ESCOLA ESTADUAL MANUEL DE ABREU,RUA LOPES TROVAO 287-A
2022,71,209,1,6,FELIPE PEIXOTO,1368,INSTITUTO SÃO JOSÉ,RUA GERALDO MARTINS 166
2022,71,210,1,7,FELIPE PEIXOTO,1309,CURSO MARLY CURY,AV. SETE DE SETEMBRO 165
2022,71,211,1,10,FELIPE PEIXOTO,1392,FACULDADE DE VETERINARIA DA UFF,RUA VITAL BRASIL FILHO 64
2022,71,212,1,13,FELIPE PEIXOTO,1260,INSTITUTO ABEL,AV. ROBERTO SILVEIRA 29
2022,71,213,1,14,FELIPE PEIXOTO,1295,COLEGIO SALESIANO SANTA ROSA,RUA SANTA ROSA 207
2022,71,214,1,13,FELIPE PEIXOTO,1309,CURSO MARLY CURY,AV. SETE DE SETEMBRO 165
2022,71,215,1,10,FELIPE PEIXOTO,1260,INSTITUTO ABEL,AV. ROBERTO SILVEIRA 29
2022,71,216,1,5,FELIPE PEIXOTO,1368,INSTITUTO SÃO JOSÉ,RUA GERALDO MARTINS 166
2022,71,217,1,2,FELIPE PEIXOTO,1414,UNIVERSIDADE SALGADO DE OLIVEIRA - BL B (PRÓXIMO AO GUANABARA),RUA MARECHAL DEODORO 263
2022,71,219,1,1,FELIPE PEIXOTO,1414,UNIVERSIDADE SALGADO DE OLIVEIRA - BL B (PRÓXIMO AO GUANABARA),RUA MARECHAL DEODORO 263
2022,71,220,1,3,FELIPE PEIXOTO,1414,UNIVERSIDADE SALGADO DE OLIVEIRA - BL B (PRÓXIMO AO GUANABARA),RUA MARECHAL DEODORO 263
2022,71,221,1,5,FELIPE PEIXOTO,1414,UNIVERSIDADE SALGADO DE OLIVEIRA - BL B (PRÓXIMO AO GUANABARA),RUA MARECHAL DEODORO 263
2022,71,222,1,2,FELIPE PEIXOTO,1414,UNIVERSIDADE SALGADO DE OLIVEIRA - BL B (PRÓXIMO AO GUANABARA),RUA MARECHAL DEODORO 263
2022,71,223,1,1,FELIPE PEIXOTO,1414,UNIVERSIDADE SALGADO DE OLIVEIRA - BL B (PRÓXIMO AO GUANABARA),RUA MARECHAL DEODORO 263
2022,71,224,1,3,FELIPE PEIXOTO,1414,UNIVERSIDADE SALGADO DE OLIVEIRA - BL B (PRÓXIMO AO GUANABARA),RUA MARECHAL DEODORO 263
2022,71,225,1,6,FELIPE PEIXOTO,1422,CLUBE PORTUGUES DE NITEROI,RUA PROFESSOR LARA VILELA 176
2022,71,226,1,7,FELIPE PEIXOTO,1422,CLUBE PORTUGUES DE NITEROI,RUA PROFESSOR LARA VILELA 176
2022,71,227,1,7,FELIPE PEIXOTO,1422,CLUBE PORTUGUES DE NITEROI,RUA PROFESSOR LARA VILELA 176
2022,71,228,1,3,FELIPE PEIXOTO,1422,CLUBE PORTUGUES DE NITEROI,RUA PROFESSOR LARA VILELA 176
2022,71,229,1,6,FELIPE PEIXOTO,1422,CLUBE PORTUGUES DE NITEROI,RUA PROFESSOR LARA VILELA 176
2022,71,230,1,7,FELIPE PEIXOTO,1422,CLUBE PORTUGUES DE NITEROI,RUA PROFESSOR LARA VILELA 176
2022,71,231,1,8,FELIPE PEIXOTO,1430,COLEGIO ESTADUAL AURELINO LEAL,RUA PRESIDENTE PEDREIRA 79
2022,71,232,1,10,FELIPE PEIXOTO,1430,COLEGIO ESTADUAL AURELINO LEAL,RUA PRESIDENTE PEDREIRA 79
2022,71,233,1,3,FELIPE PEIXOTO,1430,COLEGIO ESTADUAL AURELINO LEAL,RUA PRESIDENTE PEDREIRA 79
2022,71,234,1,5,FELIPE PEIXOTO,1430,COLEGIO ESTADUAL AURELINO LEAL,RUA PRESIDENTE PEDREIRA 79
2022,71,235,1,8,FELIPE PEIXOTO,1430,COLEGIO ESTADUAL AURELINO LEAL,RUA PRESIDENTE PEDREIRA 79
2022,71,236,1,6,FELIPE PEIXOTO,1430,COLEGIO ESTADUAL AURELINO LEAL,RUA PRESIDENTE PEDREIRA 79
2022,71,237,1,7,FELIPE PEIXOTO,1430,COLEGIO ESTADUAL AURELINO LEAL,RUA PRESIDENTE PEDREIRA 79
2022,71,238,1,8,FELIPE PEIXOTO,1430,COLEGIO ESTADUAL AURELINO LEAL,RUA PRESIDENTE PEDREIRA 79
2022,71,239,1,4,FELIPE PEIXOTO,1449,COLÉGIO ESTADUAL ZULEIKA RAPÔSO VALLADARES (COLÉGIO VELHO),RUA SALO BRAND S/N
2022,71,240,1,3,FELIPE PEIXOTO,1449,COLÉGIO ESTADUAL ZULEIKA RAPÔSO VALLADARES (COLÉGIO VELHO),RUA SALO BRAND S/N
2022,71,241,1,5,FELIPE PEIXOTO,1449,COLÉGIO ESTADUAL ZULEIKA RAPÔSO VALLADARES (COLÉGIO VELHO),RUA SALO BRAND S/N
2022,71,242,1,3,FELIPE PEIXOTO,1449,COLÉGIO ESTADUAL ZULEIKA RAPÔSO VALLADARES (COLÉGIO VELHO),RUA SALO BRAND S/N
2022,71,243,1,3,FELIPE PEIXOTO,1449,COLÉGIO ESTADUAL ZULEIKA RAPÔSO VALLADARES (COLÉGIO VELHO),RUA SALO BRAND S/N
2022,71,244,1,5,FELIPE PEIXOTO,1449,COLÉGIO ESTADUAL ZULEIKA RAPÔSO VALLADARES (COLÉGIO VELHO),RUA SALO BRAND S/N
2022,71,245,1,3,FELIPE PEIXOTO,1449,COLÉGIO ESTADUAL ZULEIKA RAPÔSO VALLADARES (COLÉGIO VELHO),RUA SALO BRAND S/N
2022,71,246,1,5,FELIPE PEIXOTO,1457,ÁGUAS DE NITEROI,RUA MARQUÊS DO PARANÁ 108/110
2022,71,247,1,3,FELIPE PEIXOTO,1457,ÁGUAS DE NITEROI,RUA MARQUÊS DO PARANÁ 108/110
2022,71,248,1,1,FELIPE PEIXOTO,1457,ÁGUAS DE NITEROI,RUA MARQUÊS DO PARANÁ 108/110
2022,71,249,1,2,FELIPE PEIXOTO,1457,ÁGUAS DE NITEROI,RUA MARQUÊS DO PARANÁ 108/110
2022,71,250,1,4,FELIPE PEIXOTO,1465,CENTRO UNIVERSITÁRIO ANHANGUERA (ANTIGO PLÍNIO LEITE),RUA VISCONDE DO RIO BRANCO 123
2022,71,251,1,6,FELIPE PEIXOTO,1465,CENTRO UNIVERSITÁRIO ANHANGUERA (ANTIGO PLÍNIO LEITE),RUA VISCONDE DO RIO BRANCO 123
2022,71,252,1,3,FELIPE PEIXOTO,1465,CENTRO UNIVERSITÁRIO ANHANGUERA (ANTIGO PLÍNIO LEITE),RUA VISCONDE DO RIO BRANCO 123
2022,71,253,1,5,FELIPE PEIXOTO,1465,CENTRO UNIVERSITÁRIO ANHANGUERA (ANTIGO PLÍNIO LEITE),RUA VISCONDE DO RIO BRANCO 123
2022,71,254,1,2,FELIPE PEIXOTO,1465,CENTRO UNIVERSITÁRIO ANHANGUERA (ANTIGO PLÍNIO LEITE),RUA VISCONDE DO RIO BRANCO 123
2022,71,255,1,1,FELIPE PEIXOTO,1465,CENTRO UNIVERSITÁRIO ANHANGUERA (ANTIGO PLÍNIO LEITE),RUA VISCONDE DO RIO BRANCO 123
2022,71,256,1,1,FELIPE PEIXOTO,1465,CENTRO UNIVERSITÁRIO ANHANGUERA (ANTIGO PLÍNIO LEITE),RUA VISCONDE DO RIO BRANCO 123
2022,71,257,1,5,FELIPE PEIXOTO,1465,CENTRO UNIVERSITÁRIO ANHANGUERA (ANTIGO PLÍNIO LEITE),RUA VISCONDE DO RIO BRANCO 123
2022,71,258,1,6,FELIPE PEIXOTO,1465,CENTRO UNIVERSITÁRIO ANHANGUERA (ANTIGO PLÍNIO LEITE),RUA VISCONDE DO RIO BRANCO 123
2022,71,259,1,4,FELIPE PEIXOTO,1465,CENTRO UNIVERSITÁRIO ANHANGUERA (ANTIGO PLÍNIO LEITE),RUA VISCONDE DO RIO BRANCO 123
2022,71,260,1,4,FELIPE PEIXOTO,1465,CENTRO UNIVERSITÁRIO ANHANGUERA (ANTIGO PLÍNIO LEITE),RUA VISCONDE DO RIO BRANCO 123
2022,71,261,1,2,FELIPE PEIXOTO,1465,CENTRO UNIVERSITÁRIO ANHANGUERA (ANTIGO PLÍNIO LEITE),RUA VISCONDE DO RIO BRANCO 123
2022,71,262,1,5,FELIPE PEIXOTO,1465,CENTRO UNIVERSITÁRIO ANHANGUERA (ANTIGO PLÍNIO LEITE),RUA VISCONDE DO RIO BRANCO 123
2022,71,263,1,5,FELIPE PEIXOTO,1600,INSTITUTO DE EDUCAÇÃO PROFESSOR ISMAEL COUTINHO - IEPIC,"TRAVESSA MANOEL CONTINENTINO, 31"
2022,71,264,1,2,FELIPE PEIXOTO,1600,INSTITUTO DE EDUCAÇÃO PROFESSOR ISMAEL COUTINHO - IEPIC,"TRAVESSA MANOEL CONTINENTINO, 31"
2022,71,265,1,5,FELIPE PEIXOTO,1600,INSTITUTO DE EDUCAÇÃO PROFESSOR ISMAEL COUTINHO - IEPIC,"TRAVESSA MANOEL CONTINENTINO, 31"
2022,71,266,1,3,FELIPE PEIXOTO,1600,INSTITUTO DE EDUCAÇÃO PROFESSOR ISMAEL COUTINHO - IEPIC,"TRAVESSA MANOEL CONTINENTINO, 31"
2022,71,267,1,2,FELIPE PEIXOTO,1600,INSTITUTO DE EDUCAÇÃO PROFESSOR ISMAEL COUTINHO - IEPIC,"TRAVESSA MANOEL CONTINENTINO, 31"
2022,71,268,1,4,FELIPE PEIXOTO,1600,INSTITUTO DE EDUCAÇÃO PROFESSOR ISMAEL COUTINHO - IEPIC,"TRAVESSA MANOEL CONTINENTINO, 31"
2022,71,269,1,4,FELIPE PEIXOTO,1481,ESCOLA MUNICIPAL MAESTRO HEITOR VILLA-LOBOS (COLÉGIO NOVO),RUA SALO BRAND S/N
2022,71,27,1,15,FELIPE PEIXOTO,1104,INSTITUTO MAIA VINAGRE,RUA NORONHA TORREZÃO 68
2022,71,270,1,3,FELIPE PEIXOTO,1481,ESCOLA MUNICIPAL MAESTRO HEITOR VILLA-LOBOS (COLÉGIO NOVO),RUA SALO BRAND S/N
2022,71,271,1,3,FELIPE PEIXOTO,1481,ESCOLA MUNICIPAL MAESTRO HEITOR VILLA-LOBOS (COLÉGIO NOVO),RUA SALO BRAND S/N
2022,71,272,1,2,FELIPE PEIXOTO,1481,ESCOLA MUNICIPAL MAESTRO HEITOR VILLA-LOBOS (COLÉGIO NOVO),RUA SALO BRAND S/N
2022,71,273,1,5,FELIPE PEIXOTO,1481,ESCOLA MUNICIPAL MAESTRO HEITOR VILLA-LOBOS (COLÉGIO NOVO),RUA SALO BRAND S/N
2022,71,274,1,5,FELIPE PEIXOTO,1481,ESCOLA MUNICIPAL MAESTRO HEITOR VILLA-LOBOS (COLÉGIO NOVO),RUA SALO BRAND S/N
2022,71,275,1,2,FELIPE PEIXOTO,1481,ESCOLA MUNICIPAL MAESTRO HEITOR VILLA-LOBOS (COLÉGIO NOVO),RUA SALO BRAND S/N
2022,71,276,1,5,FELIPE PEIXOTO,1481,ESCOLA MUNICIPAL MAESTRO HEITOR VILLA-LOBOS (COLÉGIO NOVO),RUA SALO BRAND S/N
2022,71,277,1,1,FELIPE PEIXOTO,1481,ESCOLA MUNICIPAL MAESTRO HEITOR VILLA-LOBOS (COLÉGIO NOVO),RUA SALO BRAND S/N
2022,71,278,1,3,FELIPE PEIXOTO,1546,UNIVERSIDADE SALGADO DE OLIVEIRA - BL A,RUA MARECHAL DEODORO 217
2022,71,28,1,8,FELIPE PEIXOTO,1104,INSTITUTO MAIA VINAGRE,RUA NORONHA TORREZÃO 68
2022,71,280,1,3,FELIPE PEIXOTO,1546,UNIVERSIDADE SALGADO DE OLIVEIRA - BL A,RUA MARECHAL DEODORO 217
2022,71,282,1,9,FELIPE PEIXOTO,1546,UNIVERSIDADE SALGADO DE OLIVEIRA - BL A,RUA MARECHAL DEODORO 217
2022,71,285,1,7,FELIPE PEIXOTO,1546,UNIVERSIDADE SALGADO DE OLIVEIRA - BL A,RUA MARECHAL DEODORO 217
2022,71,288,1,4,FELIPE PEIXOTO,1546,UNIVERSIDADE SALGADO DE OLIVEIRA - BL A,RUA MARECHAL DEODORO 217
2022,71,289,1,5,FELIPE PEIXOTO,1600,INSTITUTO DE EDUCAÇÃO PROFESSOR ISMAEL COUTINHO - IEPIC,"TRAVESSA MANOEL CONTINENTINO, 31"
2022,71,29,1,10,FELIPE PEIXOTO,1104,INSTITUTO MAIA VINAGRE,RUA NORONHA TORREZÃO 68
2022,71,291,1,9,FELIPE PEIXOTO,1511,FACULDADE DE ADMINISTRAÇÃO E CIÊNCIAS CONTÁBEIS (VALONGUINHO),RUA MÁRIO SANTOS BRAGA S/N
2022,71,292,1,4,FELIPE PEIXOTO,1511,FACULDADE DE ADMINISTRAÇÃO E CIÊNCIAS CONTÁBEIS (VALONGUINHO),RUA MÁRIO SANTOS BRAGA S/N
2022,71,294,1,10,FELIPE PEIXOTO,1511,FACULDADE DE ADMINISTRAÇÃO E CIÊNCIAS CONTÁBEIS (VALONGUINHO),RUA MÁRIO SANTOS BRAGA S/N
2022,71,296,1,10,FELIPE PEIXOTO,1511,FACULDADE DE ADMINISTRAÇÃO E CIÊNCIAS CONTÁBEIS (VALONGUINHO),RUA MÁRIO SANTOS BRAGA S/N
2022,71,298,1,4,FELIPE PEIXOTO,1511,FACULDADE DE ADMINISTRAÇÃO E CIÊNCIAS CONTÁBEIS (VALONGUINHO),RUA MÁRIO SANTOS BRAGA S/N
2022,71,3,1,27,FELIPE PEIXOTO,1015,CENTRO EDUCACIONAL DE NITEROI - CENTRINHO,RUA ITAGUAI 173
2022,71,30,1,15,FELIPE PEIXOTO,1104,INSTITUTO MAIA VINAGRE,RUA NORONHA TORREZÃO 68
2022,71,300,1,5,FELIPE PEIXOTO,1511,FACULDADE DE ADMINISTRAÇÃO E CIÊNCIAS CONTÁBEIS (VALONGUINHO),RUA MÁRIO SANTOS BRAGA S/N
2022,71,302,1,6,FELIPE PEIXOTO,1511,FACULDADE DE ADMINISTRAÇÃO E CIÊNCIAS CONTÁBEIS (VALONGUINHO),RUA MÁRIO SANTOS BRAGA S/N
2022,71,305,1,3,FELIPE PEIXOTO,1520,LOJA MAÇÔNICA EVOLUÇÃO 2,RUA SANTA CLARA 77
2022,71,306,1,4,FELIPE PEIXOTO,1520,LOJA MAÇÔNICA EVOLUÇÃO 2,RUA SANTA CLARA 77
2022,71,307,1,2,FELIPE PEIXOTO,1520,LOJA MAÇÔNICA EVOLUÇÃO 2,RUA SANTA CLARA 77
2022,71,308,1,11,FELIPE PEIXOTO,1520,LOJA MAÇÔNICA EVOLUÇÃO 2,RUA SANTA CLARA 77
2022,71,309,1,2,FELIPE PEIXOTO,1678,LICEU NILO PEÇANHA,AV ERNANI DO AMARAL PEIXOTO 707
2022,71,31,1,8,FELIPE PEIXOTO,1104,INSTITUTO MAIA VINAGRE,RUA NORONHA TORREZÃO 68
2022,71,310,1,2,FELIPE PEIXOTO,1678,LICEU NILO PEÇANHA,AV ERNANI DO AMARAL PEIXOTO 707
2022,71,313,1,3,FELIPE PEIXOTO,1678,LICEU NILO PEÇANHA,AV ERNANI DO AMARAL PEIXOTO 707
2022,71,316,1,5,FELIPE PEIXOTO,1678,LICEU NILO PEÇANHA,AV ERNANI DO AMARAL PEIXOTO 707
2022,71,319,1,5,FELIPE PEIXOTO,1678,LICEU NILO PEÇANHA,AV ERNANI DO AMARAL PEIXOTO 707
2022,71,32,1,13,FELIPE PEIXOTO,1104,INSTITUTO MAIA VINAGRE,RUA NORONHA TORREZÃO 68
2022,71,324,1,3,FELIPE PEIXOTO,1546,UNIVERSIDADE SALGADO DE OLIVEIRA - BL A,RUA MARECHAL DEODORO 217
2022,71,326,1,6,FELIPE PEIXOTO,1546,UNIVERSIDADE SALGADO DE OLIVEIRA - BL A,RUA MARECHAL DEODORO 217
2022,71,328,1,4,FELIPE PEIXOTO,1546,UNIVERSIDADE SALGADO DE OLIVEIRA - BL A,RUA MARECHAL DEODORO 217
2022,71,331,1,3,FELIPE PEIXOTO,1546,UNIVERSIDADE SALGADO DE OLIVEIRA - BL A,RUA MARECHAL DEODORO 217
2022,71,333,1,6,FELIPE PEIXOTO,1554,FACULDADE DE ENGENHARIA DA UFF,RUA PASSO DA PATRIA 156
2022,71,334,1,2,FELIPE PEIXOTO,1554,FACULDADE DE ENGENHARIA DA UFF,RUA PASSO DA PATRIA 156
2022,71,335,1,8,FELIPE PEIXOTO,1554,FACULDADE DE ENGENHARIA DA UFF,RUA PASSO DA PATRIA 156
2022,71,336,1,7,FELIPE PEIXOTO,1554,FACULDADE DE ENGENHARIA DA UFF,RUA PASSO DA PATRIA 156
2022,71,337,1,5,FELIPE PEIXOTO,1554,FACULDADE DE ENGENHARIA DA UFF,RUA PASSO DA PATRIA 156
2022,71,338,1,9,FELIPE PEIXOTO,1554,FACULDADE DE ENGENHARIA DA UFF,RUA PASSO DA PATRIA 156
2022,71,339,1,5,FELIPE PEIXOTO,1562,COLEGIO ESTADUAL RAUL VIDAL,AVENIDA FELICIANO SODRE 21
2022,71,340,1,3,FELIPE PEIXOTO,1562,COLEGIO ESTADUAL RAUL VIDAL,AVENIDA FELICIANO SODRE 21
2022,71,341,1,2,FELIPE PEIXOTO,1562,COLEGIO ESTADUAL RAUL VIDAL,AVENIDA FELICIANO SODRE 21
2022,71,342,1,1,FELIPE PEIXOTO,1562,COLEGIO ESTADUAL RAUL VIDAL,AVENIDA FELICIANO SODRE 21
2022,71,343,1,3,FELIPE PEIXOTO,1562,COLEGIO ESTADUAL RAUL VIDAL,AVENIDA FELICIANO SODRE 21
2022,71,344,1,5,FELIPE PEIXOTO,1562,COLEGIO ESTADUAL RAUL VIDAL,AVENIDA FELICIANO SODRE 21
2022,71,345,1,1,FELIPE PEIXOTO,1562,COLEGIO ESTADUAL RAUL VIDAL,AVENIDA FELICIANO SODRE 21
2022,71,346,1,1,FELIPE PEIXOTO,1562,COLEGIO ESTADUAL RAUL VIDAL,AVENIDA FELICIANO SODRE 21
2022,71,347,1,3,FELIPE PEIXOTO,1562,COLEGIO ESTADUAL RAUL VIDAL,AVENIDA FELICIANO SODRE 21
2022,71,348,1,1,FELIPE PEIXOTO,1562,COLEGIO ESTADUAL RAUL VIDAL,AVENIDA FELICIANO SODRE 21
2022,71,349,1,3,FELIPE PEIXOTO,1562,COLEGIO ESTADUAL RAUL VIDAL,AVENIDA FELICIANO SODRE 21
2022,71,350,1,5,FELIPE PEIXOTO,1562,COLEGIO ESTADUAL RAUL VIDAL,AVENIDA FELICIANO SODRE 21
2022,71,351,1,5,FELIPE PEIXOTO,1570,COLÉGIO UNIVERSÍTÁRIO DA UFF (CIEP GRAGOATÁ),RUA ALEXANDRE MOURA 8
2022,71,352,1,3,FELIPE PEIXOTO,1570,COLÉGIO UNIVERSÍTÁRIO DA UFF (CIEP GRAGOATÁ),RUA ALEXANDRE MOURA 8
2022,71,353,1,6,FELIPE PEIXOTO,1570,COLÉGIO UNIVERSÍTÁRIO DA UFF (CIEP GRAGOATÁ),RUA ALEXANDRE MOURA 8
2022,71,354,1,1,FELIPE PEIXOTO,1570,COLÉGIO UNIVERSÍTÁRIO DA UFF (CIEP GRAGOATÁ),RUA ALEXANDRE MOURA 8
2022,71,355,1,7,FELIPE PEIXOTO,1619,COLEGIO SAO VICENTE DE PAULO,RUA MIGUEL DE FRIAS 123
2022,71,356,1,8,FELIPE PEIXOTO,1619,COLEGIO SAO VICENTE DE PAULO,RUA MIGUEL DE FRIAS 123
2022,71,357,1,8,FELIPE PEIXOTO,1619,COLEGIO SAO VICENTE DE PAULO,RUA MIGUEL DE FRIAS 123
2022,71,358,1,4,FELIPE PEIXOTO,1619,COLEGIO SAO VICENTE DE PAULO,RUA MIGUEL DE FRIAS 123
2022,71,359,1,8,FELIPE PEIXOTO,1619,COLEGIO SAO VICENTE DE PAULO,RUA MIGUEL DE FRIAS 123
2022,71,360,1,2,FELIPE PEIXOTO,1597,ESCOLA MUNICIPAL SANTOS DUMONT,RUA MANOEL CORREIA S/N
2022,71,361,1,2,FELIPE PEIXOTO,1597,ESCOLA MUNICIPAL SANTOS DUMONT,RUA MANOEL CORREIA S/N
2022,71,362,1,3,FELIPE PEIXOTO,1597,ESCOLA MUNICIPAL SANTOS DUMONT,RUA MANOEL CORREIA S/N
2022,71,363,1,3,FELIPE PEIXOTO,1597,ESCOLA MUNICIPAL SANTOS DUMONT,RUA MANOEL CORREIA S/N
2022,71,364,1,6,FELIPE PEIXOTO,1597,ESCOLA MUNICIPAL SANTOS DUMONT,RUA MANOEL CORREIA S/N
2022,71,365,1,3,FELIPE PEIXOTO,1597,ESCOLA MUNICIPAL SANTOS DUMONT,RUA MANOEL CORREIA S/N
2022,71,366,1,3,FELIPE PEIXOTO,1600,INSTITUTO DE EDUCAÇÃO PROFESSOR ISMAEL COUTINHO - IEPIC,"TRAVESSA MANOEL CONTINENTINO, 31"
2022,71,368,1,3,FELIPE PEIXOTO,1600,INSTITUTO DE EDUCAÇÃO PROFESSOR ISMAEL COUTINHO - IEPIC,"TRAVESSA MANOEL CONTINENTINO, 31"
2022,71,369,1,2,FELIPE PEIXOTO,1600,INSTITUTO DE EDUCAÇÃO PROFESSOR ISMAEL COUTINHO - IEPIC,"TRAVESSA MANOEL CONTINENTINO, 31"
2022,71,372,1,6,FELIPE PEIXOTO,1600,INSTITUTO DE EDUCAÇÃO PROFESSOR ISMAEL COUTINHO - IEPIC,"TRAVESSA MANOEL CONTINENTINO, 31"
2022,71,378,1,8,FELIPE PEIXOTO,1619,COLEGIO SAO VICENTE DE PAULO,RUA MIGUEL DE FRIAS 123
2022,71,380,1,6,FELIPE PEIXOTO,1619,COLEGIO SAO VICENTE DE PAULO,RUA MIGUEL DE FRIAS 123
2022,71,382,1,7,FELIPE PEIXOTO,1619,COLEGIO SAO VICENTE DE PAULO,RUA MIGUEL DE FRIAS 123
2022,71,384,1,11,FELIPE PEIXOTO,1619,COLEGIO SAO VICENTE DE PAULO,RUA MIGUEL DE FRIAS 123
2022,71,385,1,8,FELIPE PEIXOTO,1619,COLEGIO SAO VICENTE DE PAULO,RUA MIGUEL DE FRIAS 123
2022,71,387,1,12,FELIPE PEIXOTO,1619,COLEGIO SAO VICENTE DE PAULO,RUA MIGUEL DE FRIAS 123
2022,71,390,1,12,FELIPE PEIXOTO,1619,COLEGIO SAO VICENTE DE PAULO,RUA MIGUEL DE FRIAS 123
2022,71,392,1,12,FELIPE PEIXOTO,1627,REITORIA DA UFF,RUA MIGUEL DE FRIAS 9
2022,71,393,1,12,FELIPE PEIXOTO,1627,REITORIA DA UFF,RUA MIGUEL DE FRIAS 9
2022,71,394,1,11,FELIPE PEIXOTO,1627,REITORIA DA UFF,RUA MIGUEL DE FRIAS 9
2022,71,397,1,3,FELIPE PEIXOTO,1643,JARDIM DE INFÂNCIA ALBERTO DE OLIVEIRA,RUA EVARISTO DA VEIGA 108
2022,71,399,1,1,FELIPE PEIXOTO,1643,JARDIM DE INFÂNCIA ALBERTO DE OLIVEIRA,RUA EVARISTO DA VEIGA 108
2022,71,4,1,26,FELIPE PEIXOTO,1015,CENTRO EDUCACIONAL DE NITEROI - CENTRINHO,RUA ITAGUAI 173
2022,71,401,1,9,FELIPE PEIXOTO,1651,FACULDADE DE ENFERMAGEM DA UFF,RUA DR CELESTINO 74
2022,71,403,1,9,FELIPE PEIXOTO,1651,FACULDADE DE ENFERMAGEM DA UFF,RUA DR CELESTINO 74
2022,71,406,1,7,FELIPE PEIXOTO,1651,FACULDADE DE ENFERMAGEM DA UFF,RUA DR CELESTINO 74
2022,71,409,1,6,FELIPE PEIXOTO,1660,FACULDADE DE DIREITO DA UFF - UFF - DIREITO 1,RUA PRESIDENTE PEDREIRA 62
2022,71,410,1,5,FELIPE PEIXOTO,1660,FACULDADE DE DIREITO DA UFF - UFF - DIREITO 1,RUA PRESIDENTE PEDREIRA 62
2022,71,411,1,6,FELIPE PEIXOTO,1660,FACULDADE DE DIREITO DA UFF - UFF - DIREITO 1,RUA PRESIDENTE PEDREIRA 62
2022,71,412,1,7,FELIPE PEIXOTO,1660,FACULDADE DE DIREITO DA UFF - UFF - DIREITO 1,RUA PRESIDENTE PEDREIRA 62
2022,71,413,1,3,FELIPE PEIXOTO,1660,FACULDADE DE DIREITO DA UFF - UFF - DIREITO 1,RUA PRESIDENTE PEDREIRA 62
2022,71,414,1,7,FELIPE PEIXOTO,1660,FACULDADE DE DIREITO DA UFF - UFF - DIREITO 1,RUA PRESIDENTE PEDREIRA 62
2022,71,415,1,7,FELIPE PEIXOTO,1660,FACULDADE DE DIREITO DA UFF - UFF - DIREITO 1,RUA PRESIDENTE PEDREIRA 62
2022,71,416,1,8,FELIPE PEIXOTO,1660,FACULDADE DE DIREITO DA UFF - UFF - DIREITO 1,RUA PRESIDENTE PEDREIRA 62
2022,71,417,1,7,FELIPE PEIXOTO,1660,FACULDADE DE DIREITO DA UFF - UFF - DIREITO 1,RUA PRESIDENTE PEDREIRA 62
2022,71,418,1,3,FELIPE PEIXOTO,1660,FACULDADE DE DIREITO DA UFF - UFF - DIREITO 1,RUA PRESIDENTE PEDREIRA 62
2022,71,419,1,8,FELIPE PEIXOTO,1660,FACULDADE DE DIREITO DA UFF - UFF - DIREITO 1,RUA PRESIDENTE PEDREIRA 62
2022,71,420,1,5,FELIPE PEIXOTO,1660,FACULDADE DE DIREITO DA UFF - UFF - DIREITO 1,RUA PRESIDENTE PEDREIRA 62
2022,71,421,1,3,FELIPE PEIXOTO,1678,LICEU NILO PEÇANHA,AV ERNANI DO AMARAL PEIXOTO 707
2022,71,422,1,2,FELIPE PEIXOTO,1678,LICEU NILO PEÇANHA,AV ERNANI DO AMARAL PEIXOTO 707
2022,71,423,1,5,FELIPE PEIXOTO,1678,LICEU NILO PEÇANHA,AV ERNANI DO AMARAL PEIXOTO 707
2022,71,425,1,11,FELIPE PEIXOTO,1678,LICEU NILO PEÇANHA,AV ERNANI DO AMARAL PEIXOTO 707
2022,71,427,1,4,FELIPE PEIXOTO,1678,LICEU NILO PEÇANHA,AV ERNANI DO AMARAL PEIXOTO 707
2022,71,429,1,6,FELIPE PEIXOTO,1678,LICEU NILO PEÇANHA,AV ERNANI DO AMARAL PEIXOTO 707
2022,71,431,1,3,FELIPE PEIXOTO,1678,LICEU NILO PEÇANHA,AV ERNANI DO AMARAL PEIXOTO 707
2022,71,433,1,5,FELIPE PEIXOTO,1678,LICEU NILO PEÇANHA,AV ERNANI DO AMARAL PEIXOTO 707
2022,71,435,1,2,FELIPE PEIXOTO,1678,LICEU NILO PEÇANHA,AV ERNANI DO AMARAL PEIXOTO 707
2022,71,438,1,5,FELIPE PEIXOTO,1600,INSTITUTO DE EDUCAÇÃO PROFESSOR ISMAEL COUTINHO - IEPIC,"TRAVESSA MANOEL CONTINENTINO, 31"
2022,71,439,1,1,FELIPE PEIXOTO,1600,INSTITUTO DE EDUCAÇÃO PROFESSOR ISMAEL COUTINHO - IEPIC,"TRAVESSA MANOEL CONTINENTINO, 31"
2022,71,440,1,7,FELIPE PEIXOTO,1694,RIO CRICKET,RUA FAGUNDES VARELA 637
2022,71,441,1,16,FELIPE PEIXOTO,1694,RIO CRICKET,RUA FAGUNDES VARELA 637
2022,71,442,1,7,FELIPE PEIXOTO,1694,RIO CRICKET,RUA FAGUNDES VARELA 637
2022,71,443,1,3,FELIPE PEIXOTO,1694,RIO CRICKET,RUA FAGUNDES VARELA 637
2022,71,444,1,9,FELIPE PEIXOTO,1694,RIO CRICKET,RUA FAGUNDES VARELA 637
2022,71,445,1,3,FELIPE PEIXOTO,1600,INSTITUTO DE EDUCAÇÃO PROFESSOR ISMAEL COUTINHO - IEPIC,"TRAVESSA MANOEL CONTINENTINO, 31"
2022,71,446,1,5,FELIPE PEIXOTO,1260,INSTITUTO ABEL,AV. ROBERTO SILVEIRA 29
2022,71,5,1,22,FELIPE PEIXOTO,1015,CENTRO EDUCACIONAL DE NITEROI - CENTRINHO,RUA ITAGUAI 173
2022,71,6,1,19,FELIPE PEIXOTO,1015,CENTRO EDUCACIONAL DE NITEROI - CENTRINHO,RUA ITAGUAI 173
2022,71,69,1,6,FELIPE PEIXOTO,1244,ESCOLA ESTADUAL MANUEL DE ABREU,RUA LOPES TROVAO 287-A
2022,71,70,1,14,FELIPE PEIXOTO,1244,ESCOLA ESTADUAL MANUEL DE ABREU,RUA LOPES TROVAO 287-A
2022,71,71,1,6,FELIPE PEIXOTO,1260,INSTITUTO ABEL,AV. ROBERTO SILVEIRA 29
2022,71,72,1,15,FELIPE PEIXOTO,1260,INSTITUTO ABEL,AV. ROBERTO SILVEIRA 29
2022,71,73,1,11,FELIPE PEIXOTO,1260,INSTITUTO ABEL,AV. ROBERTO SILVEIRA 29
2022,71,74,1,10,FELIPE PEIXOTO,1260,INSTITUTO ABEL,AV. ROBERTO SILVEIRA 29
2022,71,75,1,7,FELIPE PEIXOTO,1368,INSTITUTO SÃO JOSÉ,RUA GERALDO MARTINS 166
2022,71,76,1,10,FELIPE PEIXOTO,1368,INSTITUTO SÃO JOSÉ,RUA GERALDO MARTINS 166
2022,71,77,1,14,FELIPE PEIXOTO,1244,ESCOLA ESTADUAL MANUEL DE ABREU,RUA LOPES TROVAO 287-A
2022,71,78,1,12,FELIPE PEIXOTO,1244,ESCOLA ESTADUAL MANUEL DE ABREU,RUA LOPES TROVAO 287-A
2022,71,79,1,10,FELIPE PEIXOTO,1244,ESCOLA ESTADUAL MANUEL DE ABREU,RUA LOPES TROVAO 287-A
2022,71,80,1,7,FELIPE PEIXOTO,1317,ESCOLA ESTADUAL BALTAZAR BERNARDINO,RUA MARIZ E BARROS 444
2022,71,81,1,2,FELIPE PEIXOTO,1317,ESCOLA ESTADUAL BALTAZAR BERNARDINO,RUA MARIZ E BARROS 444
2022,71,82,1,13,FELIPE PEIXOTO,1260,INSTITUTO ABEL,AV. ROBERTO SILVEIRA 29
2022,71,83,1,8,FELIPE PEIXOTO,1260,INSTITUTO ABEL,AV. ROBERTO SILVEIRA 29
2022,71,84,1,6,FELIPE PEIXOTO,1260,INSTITUTO ABEL,AV. ROBERTO SILVEIRA 29
2022,71,85,1,2,FELIPE PEIXOTO,1333,PARÓQUIA NOSSA SENHORA AUXILIADORA - CENTRO COMUNITÁRIO,"RUA SANTA ROSA, 216"
2022,71,86,1,17,FELIPE PEIXOTO,1015,CENTRO EDUCACIONAL DE NITEROI - CENTRINHO,RUA ITAGUAI 173
2022,71,87,1,17,FELIPE PEIXOTO,1015,CENTRO EDUCACIONAL DE NITEROI - CENTRINHO,RUA ITAGUAI 173
2022,71,88,1,6,FELIPE PEIXOTO,1295,COLEGIO SALESIANO SANTA ROSA,RUA SANTA ROSA 207
2022,71,89,1,5,FELIPE PEIXOTO,1295,COLEGIO SALESIANO SANTA ROSA,RUA SANTA ROSA 207
2022,71,90,1,4,FELIPE PEIXOTO,1295,COLEGIO SALESIANO SANTA ROSA,RUA SANTA ROSA 207
2022,71,91,1,11,FELIPE PEIXOTO,1295,COLEGIO SALESIANO SANTA ROSA,RUA SANTA ROSA 207
2022,71,92,1,10,FELIPE PEIXOTO,1295,COLEGIO SALESIANO SANTA ROSA,RUA SANTA ROSA 207
2022,71,93,1,10,FELIPE PEIXOTO,1295,COLEGIO SALESIANO SANTA ROSA,RUA SANTA ROSA 207
2022,71,94,1,5,FELIPE PEIXOTO,1295,COLEGIO SALESIANO SANTA ROSA,RUA SANTA ROSA 207
2022,71,95,1,6,FELIPE PEIXOTO,1295,COLEGIO SALESIANO SANTA ROSA,RUA SANTA ROSA 207
2022,71,96,1,4,FELIPE PEIXOTO,1295,COLEGIO SALESIANO SANTA ROSA,RUA SANTA ROSA 207
2022,71,97,1,6,FELIPE PEIXOTO,1295,COLEGIO SALESIANO SANTA ROSA,RUA SANTA ROSA 207
2022,71,98,1,11,FELIPE PEIXOTO,1295,COLEGIO SALESIANO SANTA ROSA,RUA SANTA ROSA 207
2022,71,99,1,11,FELIPE PEIXOTO,1295,COLEGIO SALESIANO SANTA ROSA,RUA SANTA ROSA 207
2022,72,1,1,6,FELIPE PEIXOTO,1015,ESCOLA ESTADUAL DR LUCIANO PESTRE,AV PASTOR JOSE GOMES DE SOUZA S/N
2022,72,10,1,1,FELIPE PEIXOTO,1040,CIEP 447 - CARAMUJO,RODOVIA AMARAL PEIXOTO KM 2
2022,72,11,1,1,FELIPE PEIXOTO,1040,CIEP 447 - CARAMUJO,RODOVIA AMARAL PEIXOTO KM 2
2022,72,113,1,2,FELIPE PEIXOTO,1368,ESCOLA MUNICIPAL VILA COSTA MONTEIRO,RUA ITITIOCA S/N
2022,72,114,1,5,FELIPE PEIXOTO,1368,ESCOLA MUNICIPAL VILA COSTA MONTEIRO,RUA ITITIOCA S/N
2022,72,118,1,2,FELIPE PEIXOTO,1040,CIEP 447 - CARAMUJO,RODOVIA AMARAL PEIXOTO KM 2
2022,72,12,1,5,FELIPE PEIXOTO,1040,CIEP 447 - CARAMUJO,RODOVIA AMARAL PEIXOTO KM 2
2022,72,120,1,9,FELIPE PEIXOTO,1449,CIEP 450 - BADU,ESTRADA CAETANO MONTEIRO S/N
2022,72,122,1,5,FELIPE PEIXOTO,1074,COLEGIO ESTADUAL PAULO ASSIS RIBEIRO,ESTRADA CAETANO MONTEIRO 814
2022,72,123,1,6,FELIPE PEIXOTO,1112,ESCOLA ESTADUAL LEOPOLDO FROES,RUA REVERENDO ARMANDO FERREIRA  S/N
2022,72,126,1,2,FELIPE PEIXOTO,1180,ESCOLA MUNICIPAL RACHIDE DA GLORIA SALIM SAKER,RUA JANDIRA PEREIRA 620
2022,72,13,1,2,FELIPE PEIXOTO,1040,CIEP 447 - CARAMUJO,RODOVIA AMARAL PEIXOTO KM 2
2022,72,131,1,3,FELIPE PEIXOTO,1449,CIEP 450 - BADU,ESTRADA CAETANO MONTEIRO S/N
2022,72,132,1,3,FELIPE PEIXOTO,1368,ESCOLA MUNICIPAL VILA COSTA MONTEIRO,RUA ITITIOCA S/N
2022,72,133,1,5,FELIPE PEIXOTO,1074,COLEGIO ESTADUAL PAULO ASSIS RIBEIRO,ESTRADA CAETANO MONTEIRO 814
2022,72,136,1,3,FELIPE PEIXOTO,1112,ESCOLA ESTADUAL LEOPOLDO FROES,RUA REVERENDO ARMANDO FERREIRA  S/N
2022,72,139,1,3,FELIPE PEIXOTO,1171,ESCOLA MUNICIPAL ANTONIO COUTINHO DE AZEVEDO,AV DES NESTOR RODRIGUES PERLINGEIRO S/N
2022,72,143,1,1,FELIPE PEIXOTO,1015,ESCOLA ESTADUAL DR LUCIANO PESTRE,AV PASTOR JOSE GOMES DE SOUZA S/N
2022,72,144,1,3,FELIPE PEIXOTO,1112,ESCOLA ESTADUAL LEOPOLDO FROES,RUA REVERENDO ARMANDO FERREIRA  S/N
2022,72,146,1,1,FELIPE PEIXOTO,1171,ESCOLA MUNICIPAL ANTONIO COUTINHO DE AZEVEDO,AV DES NESTOR RODRIGUES PERLINGEIRO S/N
2022,72,147,1,4,FELIPE PEIXOTO,1074,COLEGIO ESTADUAL PAULO ASSIS RIBEIRO,ESTRADA CAETANO MONTEIRO 814
2022,72,149,1,1,FELIPE PEIXOTO,1015,ESCOLA ESTADUAL DR LUCIANO PESTRE,AV PASTOR JOSE GOMES DE SOUZA S/N
2022,72,150,1,7,FELIPE PEIXOTO,1449,CIEP 450 - BADU,ESTRADA CAETANO MONTEIRO S/N
2022,72,151,1,3,FELIPE PEIXOTO,1040,CIEP 447 - CARAMUJO,RODOVIA AMARAL PEIXOTO KM 2
2022,72,152,1,1,FELIPE PEIXOTO,1040,CIEP 447 - CARAMUJO,RODOVIA AMARAL PEIXOTO KM 2
2022,72,156,1,5,FELIPE PEIXOTO,1368,ESCOLA MUNICIPAL VILA COSTA MONTEIRO,RUA ITITIOCA S/N
2022,72,159,1,4,FELIPE PEIXOTO,1449,CIEP 450 - BADU,ESTRADA CAETANO MONTEIRO S/N
2022,72,16,1,3,FELIPE PEIXOTO,1015,ESCOLA ESTADUAL DR LUCIANO PESTRE,AV PASTOR JOSE GOMES DE SOUZA S/N
2022,72,160,1,3,FELIPE PEIXOTO,1147,ESCOLA MUNICIPAL VERA LUCIA MACHADO,RUA ALDEMAR DE PAIVA LOTE 7 E 8
2022,72,162,1,1,FELIPE PEIXOTO,1171,ESCOLA MUNICIPAL ANTONIO COUTINHO DE AZEVEDO,AV DES NESTOR RODRIGUES PERLINGEIRO S/N
2022,72,163,1,2,FELIPE PEIXOTO,1449,CIEP 450 - BADU,ESTRADA CAETANO MONTEIRO S/N
2022,72,168,1,4,FELIPE PEIXOTO,1074,COLEGIO ESTADUAL PAULO ASSIS RIBEIRO,ESTRADA CAETANO MONTEIRO 814
2022,72,173,1,6,FELIPE PEIXOTO,1449,CIEP 450 - BADU,ESTRADA CAETANO MONTEIRO S/N
2022,72,174,1,2,FELIPE PEIXOTO,1473,COLÉGIO FORUM CULTURAL,ESTRADA FRANCISCO DA CRUZ NUNES 2454
2022,72,177,1,3,FELIPE PEIXOTO,1015,ESCOLA ESTADUAL DR LUCIANO PESTRE,AV PASTOR JOSE GOMES DE SOUZA S/N
2022,72,18,1,4,FELIPE PEIXOTO,1449,CIEP 450 - BADU,ESTRADA CAETANO MONTEIRO S/N
2022,72,181,1,8,FELIPE PEIXOTO,1473,COLÉGIO FORUM CULTURAL,ESTRADA FRANCISCO DA CRUZ NUNES 2454
2022,72,184,1,1,FELIPE PEIXOTO,1147,ESCOLA MUNICIPAL VERA LUCIA MACHADO,RUA ALDEMAR DE PAIVA LOTE 7 E 8
2022,72,185,1,4,FELIPE PEIXOTO,1368,ESCOLA MUNICIPAL VILA COSTA MONTEIRO,RUA ITITIOCA S/N
2022,72,186,1,3,FELIPE PEIXOTO,1473,COLÉGIO FORUM CULTURAL,ESTRADA FRANCISCO DA CRUZ NUNES 2454
2022,72,187,1,5,FELIPE PEIXOTO,1473,COLÉGIO FORUM CULTURAL,ESTRADA FRANCISCO DA CRUZ NUNES 2454
2022,72,188,1,1,FELIPE PEIXOTO,1040,CIEP 447 - CARAMUJO,RODOVIA AMARAL PEIXOTO KM 2
2022,72,189,1,4,FELIPE PEIXOTO,1074,COLEGIO ESTADUAL PAULO ASSIS RIBEIRO,ESTRADA CAETANO MONTEIRO 814
2022,72,19,1,4,FELIPE PEIXOTO,1449,CIEP 450 - BADU,ESTRADA CAETANO MONTEIRO S/N
2022,72,190,1,6,FELIPE PEIXOTO,1074,COLEGIO ESTADUAL PAULO ASSIS RIBEIRO,ESTRADA CAETANO MONTEIRO 814
2022,72,191,1,5,FELIPE PEIXOTO,1473,COLÉGIO FORUM CULTURAL,ESTRADA FRANCISCO DA CRUZ NUNES 2454
2022,72,192,1,4,FELIPE PEIXOTO,1449,CIEP 450 - BADU,ESTRADA CAETANO MONTEIRO S/N
2022,72,193,1,4,FELIPE PEIXOTO,1473,COLÉGIO FORUM CULTURAL,ESTRADA FRANCISCO DA CRUZ NUNES 2454
2022,72,194,1,3,FELIPE PEIXOTO,1368,ESCOLA MUNICIPAL VILA COSTA MONTEIRO,RUA ITITIOCA S/N
2022,72,195,1,7,FELIPE PEIXOTO,1449,CIEP 450 - BADU,ESTRADA CAETANO MONTEIRO S/N
2022,72,196,1,3,FELIPE PEIXOTO,1147,ESCOLA MUNICIPAL VERA LUCIA MACHADO,RUA ALDEMAR DE PAIVA LOTE 7 E 8
2022,72,197,1,2,FELIPE PEIXOTO,1040,CIEP 447 - CARAMUJO,RODOVIA AMARAL PEIXOTO KM 2
2022,72,198,1,3,FELIPE PEIXOTO,1180,ESCOLA MUNICIPAL RACHIDE DA GLORIA SALIM SAKER,RUA JANDIRA PEREIRA 620
2022,72,199,1,6,FELIPE PEIXOTO,1368,ESCOLA MUNICIPAL VILA COSTA MONTEIRO,RUA ITITIOCA S/N
2022,72,20,1,5,FELIPE PEIXOTO,1449,CIEP 450 - BADU,ESTRADA CAETANO MONTEIRO S/N
2022,72,201,1,8,FELIPE PEIXOTO,1473,COLÉGIO FORUM CULTURAL,ESTRADA FRANCISCO DA CRUZ NUNES 2454
2022,72,202,1,4,FELIPE PEIXOTO,1074,COLEGIO ESTADUAL PAULO ASSIS RIBEIRO,ESTRADA CAETANO MONTEIRO 814
2022,72,203,1,5,FELIPE PEIXOTO,1449,CIEP 450 - BADU,ESTRADA CAETANO MONTEIRO S/N
2022,72,204,1,4,FELIPE PEIXOTO,1040,CIEP 447 - CARAMUJO,RODOVIA AMARAL PEIXOTO KM 2
2022,72,205,1,2,FELIPE PEIXOTO,1368,ESCOLA MUNICIPAL VILA COSTA MONTEIRO,RUA ITITIOCA S/N
2022,72,207,1,6,FELIPE PEIXOTO,1473,COLÉGIO FORUM CULTURAL,ESTRADA FRANCISCO DA CRUZ NUNES 2454
2022,72,209,1,3,FELIPE PEIXOTO,1074,COLEGIO ESTADUAL PAULO ASSIS RIBEIRO,ESTRADA CAETANO MONTEIRO 814
2022,72,21,1,6,FELIPE PEIXOTO,1449,CIEP 450 - BADU,ESTRADA CAETANO MONTEIRO S/N
2022,72,210,1,8,FELIPE PEIXOTO,1074,COLEGIO ESTADUAL PAULO ASSIS RIBEIRO,ESTRADA CAETANO MONTEIRO 814
2022,72,211,1,2,FELIPE PEIXOTO,1368,ESCOLA MUNICIPAL VILA COSTA MONTEIRO,RUA ITITIOCA S/N
2022,72,212,1,2,FELIPE PEIXOTO,1040,CIEP 447 - CARAMUJO,RODOVIA AMARAL PEIXOTO KM 2
2022,72,213,1,2,FELIPE PEIXOTO,1147,ESCOLA MUNICIPAL VERA LUCIA MACHADO,RUA ALDEMAR DE PAIVA LOTE 7 E 8
2022,72,214,1,2,FELIPE PEIXOTO,1473,COLÉGIO FORUM CULTURAL,ESTRADA FRANCISCO DA CRUZ NUNES 2454
2022,72,215,1,3,FELIPE PEIXOTO,1074,COLEGIO ESTADUAL PAULO ASSIS RIBEIRO,ESTRADA CAETANO MONTEIRO 814
2022,72,218,1,1,FELIPE PEIXOTO,1180,ESCOLA MUNICIPAL RACHIDE DA GLORIA SALIM SAKER,RUA JANDIRA PEREIRA 620
2022,72,219,1,6,FELIPE PEIXOTO,1074,COLEGIO ESTADUAL PAULO ASSIS RIBEIRO,ESTRADA CAETANO MONTEIRO 814
2022,72,22,1,6,FELIPE PEIXOTO,1449,CIEP 450 - BADU,ESTRADA CAETANO MONTEIRO S/N
2022,72,220,1,8,FELIPE PEIXOTO,1368,ESCOLA MUNICIPAL VILA COSTA MONTEIRO,RUA ITITIOCA S/N
2022,72,221,1,2,FELIPE PEIXOTO,1449,CIEP 450 - BADU,ESTRADA CAETANO MONTEIRO S/N
2022,72,222,1,4,FELIPE PEIXOTO,1520,ESCOLA MUNICIPAL LEVI CARNEIRO,ESTRADA WASHINGTON LUIS 488
2022,72,223,1,8,FELIPE PEIXOTO,1520,ESCOLA MUNICIPAL LEVI CARNEIRO,ESTRADA WASHINGTON LUIS 488
2022,72,224,1,8,FELIPE PEIXOTO,1520,ESCOLA MUNICIPAL LEVI CARNEIRO,ESTRADA WASHINGTON LUIS 488
2022,72,225,1,5,FELIPE PEIXOTO,1520,ESCOLA MUNICIPAL LEVI CARNEIRO,ESTRADA WASHINGTON LUIS 488
2022,72,226,1,5,FELIPE PEIXOTO,1520,ESCOLA MUNICIPAL LEVI CARNEIRO,ESTRADA WASHINGTON LUIS 488
2022,72,227,1,8,FELIPE PEIXOTO,1520,ESCOLA MUNICIPAL LEVI CARNEIRO,ESTRADA WASHINGTON LUIS 488
2022,72,228,1,6,FELIPE PEIXOTO,1520,ESCOLA MUNICIPAL LEVI CARNEIRO,ESTRADA WASHINGTON LUIS 488
2022,72,229,1,3,FELIPE PEIXOTO,1520,ESCOLA MUNICIPAL LEVI CARNEIRO,ESTRADA WASHINGTON LUIS 488
2022,72,23,1,4,FELIPE PEIXOTO,1074,COLEGIO ESTADUAL PAULO ASSIS RIBEIRO,ESTRADA CAETANO MONTEIRO 814
2022,72,230,1,4,FELIPE PEIXOTO,1520,ESCOLA MUNICIPAL LEVI CARNEIRO,ESTRADA WASHINGTON LUIS 488
2022,72,231,1,7,FELIPE PEIXOTO,1520,ESCOLA MUNICIPAL LEVI CARNEIRO,ESTRADA WASHINGTON LUIS 488
2022,72,232,1,7,FELIPE PEIXOTO,1520,ESCOLA MUNICIPAL LEVI CARNEIRO,ESTRADA WASHINGTON LUIS 488
2022,72,233,1,5,FELIPE PEIXOTO,1520,ESCOLA MUNICIPAL LEVI CARNEIRO,ESTRADA WASHINGTON LUIS 488
2022,72,234,1,8,FELIPE PEIXOTO,1520,ESCOLA MUNICIPAL LEVI CARNEIRO,ESTRADA WASHINGTON LUIS 488
2022,72,235,1,7,FELIPE PEIXOTO,1520,ESCOLA MUNICIPAL LEVI CARNEIRO,ESTRADA WASHINGTON LUIS 488
2022,72,236,1,7,FELIPE PEIXOTO,1520,ESCOLA MUNICIPAL LEVI CARNEIRO,ESTRADA WASHINGTON LUIS 488
2022,72,237,1,3,FELIPE PEIXOTO,1538,ESCOLA CATAVENTO ESPAÇO DE EDUCAÇÃO,"ESTRADA WASHINGTON LUIZ, 224"
2022,72,238,1,5,FELIPE PEIXOTO,1538,ESCOLA CATAVENTO ESPAÇO DE EDUCAÇÃO,"ESTRADA WASHINGTON LUIZ, 224"
2022,72,239,1,3,FELIPE PEIXOTO,1546,COLÉGIO GOMES PEREIRA,AVENIDA RUI BARBOSA 1250
2022,72,24,1,6,FELIPE PEIXOTO,1074,COLEGIO ESTADUAL PAULO ASSIS RIBEIRO,ESTRADA CAETANO MONTEIRO 814
2022,72,240,1,6,FELIPE PEIXOTO,1546,COLÉGIO GOMES PEREIRA,AVENIDA RUI BARBOSA 1250
2022,72,241,1,7,FELIPE PEIXOTO,1546,COLÉGIO GOMES PEREIRA,AVENIDA RUI BARBOSA 1250
2022,72,242,1,6,FELIPE PEIXOTO,1538,ESCOLA CATAVENTO ESPAÇO DE EDUCAÇÃO,"ESTRADA WASHINGTON LUIZ, 224"
2022,72,243,1,6,FELIPE PEIXOTO,1473,COLÉGIO FORUM CULTURAL,ESTRADA FRANCISCO DA CRUZ NUNES 2454
2022,72,244,1,5,FELIPE PEIXOTO,1554,JARDIM ESCOLA GIRASSÓIS,"ESTRADA CAETANO MONTEIRO, 820"
2022,72,245,1,2,FELIPE PEIXOTO,1368,ESCOLA MUNICIPAL VILA COSTA MONTEIRO,RUA ITITIOCA S/N
2022,72,246,1,2,FELIPE PEIXOTO,1147,ESCOLA MUNICIPAL VERA LUCIA MACHADO,RUA ALDEMAR DE PAIVA LOTE 7 E 8
2022,72,247,1,11,FELIPE PEIXOTO,1554,JARDIM ESCOLA GIRASSÓIS,"ESTRADA CAETANO MONTEIRO, 820"
2022,72,248,1,6,FELIPE PEIXOTO,1546,COLÉGIO GOMES PEREIRA,AVENIDA RUI BARBOSA 1250
2022,72,249,1,7,FELIPE PEIXOTO,1554,JARDIM ESCOLA GIRASSÓIS,"ESTRADA CAETANO MONTEIRO, 820"
2022,72,25,1,8,FELIPE PEIXOTO,1074,COLEGIO ESTADUAL PAULO ASSIS RIBEIRO,ESTRADA CAETANO MONTEIRO 814
2022,72,250,1,10,FELIPE PEIXOTO,1554,JARDIM ESCOLA GIRASSÓIS,"ESTRADA CAETANO MONTEIRO, 820"
2022,72,251,1,8,FELIPE PEIXOTO,1538,ESCOLA CATAVENTO ESPAÇO DE EDUCAÇÃO,"ESTRADA WASHINGTON LUIZ, 224"
2022,72,252,1,6,FELIPE PEIXOTO,1554,JARDIM ESCOLA GIRASSÓIS,"ESTRADA CAETANO MONTEIRO, 820"
2022,72,253,1,5,FELIPE PEIXOTO,1562,ESCOLA MUNICIPAL HELENA ANTIPOFF,RUA RUI BARBOSA 710
2022,72,254,1,5,FELIPE PEIXOTO,1562,ESCOLA MUNICIPAL HELENA ANTIPOFF,RUA RUI BARBOSA 710
2022,72,255,1,3,FELIPE PEIXOTO,1562,ESCOLA MUNICIPAL HELENA ANTIPOFF,RUA RUI BARBOSA 710
2022,72,256,1,9,FELIPE PEIXOTO,1562,ESCOLA MUNICIPAL HELENA ANTIPOFF,RUA RUI BARBOSA 710
2022,72,257,1,7,FELIPE PEIXOTO,1562,ESCOLA MUNICIPAL HELENA ANTIPOFF,RUA RUI BARBOSA 710
2022,72,258,1,4,FELIPE PEIXOTO,1570,IGREJA DO SANTUARIO NACIONAL DAS ALMAS,RUA ALVARES DE AZEVEDO 237
2022,72,259,1,7,FELIPE PEIXOTO,1570,IGREJA DO SANTUARIO NACIONAL DAS ALMAS,RUA ALVARES DE AZEVEDO 237
2022,72,26,1,9,FELIPE PEIXOTO,1074,COLEGIO ESTADUAL PAULO ASSIS RIBEIRO,ESTRADA CAETANO MONTEIRO 814
2022,72,260,1,6,FELIPE PEIXOTO,1570,IGREJA DO SANTUARIO NACIONAL DAS ALMAS,RUA ALVARES DE AZEVEDO 237
2022,72,261,1,5,FELIPE PEIXOTO,1570,IGREJA DO SANTUARIO NACIONAL DAS ALMAS,RUA ALVARES DE AZEVEDO 237
2022,72,262,1,3,FELIPE PEIXOTO,1570,IGREJA DO SANTUARIO NACIONAL DAS ALMAS,RUA ALVARES DE AZEVEDO 237
2022,72,263,1,12,FELIPE PEIXOTO,1570,IGREJA DO SANTUARIO NACIONAL DAS ALMAS,RUA ALVARES DE AZEVEDO 237
2022,72,264,1,5,FELIPE PEIXOTO,1570,IGREJA DO SANTUARIO NACIONAL DAS ALMAS,RUA ALVARES DE AZEVEDO 237
2022,72,265,1,4,FELIPE PEIXOTO,1570,IGREJA DO SANTUARIO NACIONAL DAS ALMAS,RUA ALVARES DE AZEVEDO 237
2022,72,266,1,7,FELIPE PEIXOTO,1589,COLÉGIO GAY-LUSSAC,RUA MARIA CALDAS 35
2022,72,267,1,4,FELIPE PEIXOTO,1589,COLÉGIO GAY-LUSSAC,RUA MARIA CALDAS 35
2022,72,268,1,14,FELIPE PEIXOTO,1589,COLÉGIO GAY-LUSSAC,RUA MARIA CALDAS 35
2022,72,269,1,11,FELIPE PEIXOTO,1589,COLÉGIO GAY-LUSSAC,RUA MARIA CALDAS 35
2022,72,27,1,4,FELIPE PEIXOTO,1449,CIEP 450 - BADU,ESTRADA CAETANO MONTEIRO S/N
2022,72,270,1,12,FELIPE PEIXOTO,1589,COLÉGIO GAY-LUSSAC,RUA MARIA CALDAS 35
2022,72,271,1,11,FELIPE PEIXOTO,1589,COLÉGIO GAY-LUSSAC,RUA MARIA CALDAS 35
2022,72,272,1,9,FELIPE PEIXOTO,1589,COLÉGIO GAY-LUSSAC,RUA MARIA CALDAS 35
2022,72,273,1,5,FELIPE PEIXOTO,1589,COLÉGIO GAY-LUSSAC,RUA MARIA CALDAS 35
2022,72,274,1,8,FELIPE PEIXOTO,1597,COLÉGIO PONTO DE ENSINO,RUA OSWALDO CRUZ 32
2022,72,275,1,8,FELIPE PEIXOTO,1597,COLÉGIO PONTO DE ENSINO,RUA OSWALDO CRUZ 32
2022,72,276,1,7,FELIPE PEIXOTO,1597,COLÉGIO PONTO DE ENSINO,RUA OSWALDO CRUZ 32
2022,72,277,1,7,FELIPE PEIXOTO,1597,COLÉGIO PONTO DE ENSINO,RUA OSWALDO CRUZ 32
2022,72,278,1,5,FELIPE PEIXOTO,1597,COLÉGIO PONTO DE ENSINO,RUA OSWALDO CRUZ 32
2022,72,279,1,7,FELIPE PEIXOTO,1597,COLÉGIO PONTO DE ENSINO,RUA OSWALDO CRUZ 32
2022,72,28,1,8,FELIPE PEIXOTO,1449,CIEP 450 - BADU,ESTRADA CAETANO MONTEIRO S/N
2022,72,280,1,12,FELIPE PEIXOTO,1597,COLÉGIO PONTO DE ENSINO,RUA OSWALDO CRUZ 32
2022,72,281,1,5,FELIPE PEIXOTO,1597,COLÉGIO PONTO DE ENSINO,RUA OSWALDO CRUZ 32
2022,72,282,1,7,FELIPE PEIXOTO,1597,COLÉGIO PONTO DE ENSINO,RUA OSWALDO CRUZ 32
2022,72,283,1,5,FELIPE PEIXOTO,1597,COLÉGIO PONTO DE ENSINO,RUA OSWALDO CRUZ 32
2022,72,284,1,5,FELIPE PEIXOTO,1600,BANCO ITAU,RUA GAVIAO PEIXOTO 166
2022,72,285,1,4,FELIPE PEIXOTO,1600,BANCO ITAU,RUA GAVIAO PEIXOTO 166
2022,72,286,1,7,FELIPE PEIXOTO,1600,BANCO ITAU,RUA GAVIAO PEIXOTO 166
2022,72,287,1,14,FELIPE PEIXOTO,1619,COLEGIO ESTADUAL JOAQUIM TAVORA,PRAÇA PREF.FERRAZ-CAMPO DE SAO BENTO S/N
2022,72,289,1,12,FELIPE PEIXOTO,1619,COLEGIO ESTADUAL JOAQUIM TAVORA,PRAÇA PREF.FERRAZ-CAMPO DE SAO BENTO S/N
2022,72,29,1,5,FELIPE PEIXOTO,1449,CIEP 450 - BADU,ESTRADA CAETANO MONTEIRO S/N
2022,72,291,1,7,FELIPE PEIXOTO,1619,COLEGIO ESTADUAL JOAQUIM TAVORA,PRAÇA PREF.FERRAZ-CAMPO DE SAO BENTO S/N
2022,72,293,1,10,FELIPE PEIXOTO,1619,COLEGIO ESTADUAL JOAQUIM TAVORA,PRAÇA PREF.FERRAZ-CAMPO DE SAO BENTO S/N
2022,72,295,1,7,FELIPE PEIXOTO,1619,COLEGIO ESTADUAL JOAQUIM TAVORA,PRAÇA PREF.FERRAZ-CAMPO DE SAO BENTO S/N
2022,72,297,1,9,FELIPE PEIXOTO,1619,COLEGIO ESTADUAL JOAQUIM TAVORA,PRAÇA PREF.FERRAZ-CAMPO DE SAO BENTO S/N
2022,72,299,1,5,FELIPE PEIXOTO,1619,COLEGIO ESTADUAL JOAQUIM TAVORA,PRAÇA PREF.FERRAZ-CAMPO DE SAO BENTO S/N
2022,72,3,1,2,FELIPE PEIXOTO,1015,ESCOLA ESTADUAL DR LUCIANO PESTRE,AV PASTOR JOSE GOMES DE SOUZA S/N
2022,72,30,1,4,FELIPE PEIXOTO,1449,CIEP 450 - BADU,ESTRADA CAETANO MONTEIRO S/N
2022,72,300,1,11,FELIPE PEIXOTO,1619,COLEGIO ESTADUAL JOAQUIM TAVORA,PRAÇA PREF.FERRAZ-CAMPO DE SAO BENTO S/N
2022,72,302,1,3,FELIPE PEIXOTO,1627,ESCOLA MUNICIPAL PROFESSORA LUCIA MARIA SILVEIRA ROCHA,"AV. CARLOS ERMELINDO MARINS, 34"
2022,72,303,1,7,FELIPE PEIXOTO,1627,ESCOLA MUNICIPAL PROFESSORA LUCIA MARIA SILVEIRA ROCHA,"AV. CARLOS ERMELINDO MARINS, 34"
2022,72,304,1,3,FELIPE PEIXOTO,1627,ESCOLA MUNICIPAL PROFESSORA LUCIA MARIA SILVEIRA ROCHA,"AV. CARLOS ERMELINDO MARINS, 34"
2022,72,305,1,4,FELIPE PEIXOTO,1627,ESCOLA MUNICIPAL PROFESSORA LUCIA MARIA SILVEIRA ROCHA,"AV. CARLOS ERMELINDO MARINS, 34"
2022,72,306,1,4,FELIPE PEIXOTO,1627,ESCOLA MUNICIPAL PROFESSORA LUCIA MARIA SILVEIRA ROCHA,"AV. CARLOS ERMELINDO MARINS, 34"
2022,72,307,1,1,FELIPE PEIXOTO,1627,ESCOLA MUNICIPAL PROFESSORA LUCIA MARIA SILVEIRA ROCHA,"AV. CARLOS ERMELINDO MARINS, 34"
2022,72,308,1,8,FELIPE PEIXOTO,1627,ESCOLA MUNICIPAL PROFESSORA LUCIA MARIA SILVEIRA ROCHA,"AV. CARLOS ERMELINDO MARINS, 34"
2022,72,309,1,2,FELIPE PEIXOTO,1627,ESCOLA MUNICIPAL PROFESSORA LUCIA MARIA SILVEIRA ROCHA,"AV. CARLOS ERMELINDO MARINS, 34"
2022,72,310,1,7,FELIPE PEIXOTO,1635,BANCO BRADESCO,RUA GAVIAO PEIXOTO 108
2022,72,311,1,5,FELIPE PEIXOTO,1635,BANCO BRADESCO,RUA GAVIAO PEIXOTO 108
2022,72,312,1,2,FELIPE PEIXOTO,1635,BANCO BRADESCO,RUA GAVIAO PEIXOTO 108
2022,72,313,1,7,FELIPE PEIXOTO,1643,CENTRO MODERNO ALZIRA BITTENCOURT,"RUA MEM DE SÁ, 71"
2022,72,314,1,4,FELIPE PEIXOTO,1643,CENTRO MODERNO ALZIRA BITTENCOURT,"RUA MEM DE SÁ, 71"
2022,72,315,1,6,FELIPE PEIXOTO,1643,CENTRO MODERNO ALZIRA BITTENCOURT,"RUA MEM DE SÁ, 71"
2022,72,316,1,7,FELIPE PEIXOTO,1643,CENTRO MODERNO ALZIRA BITTENCOURT,"RUA MEM DE SÁ, 71"
2022,72,317,1,5,FELIPE PEIXOTO,1651,PH COLÉGIO,RUA ALVARES DE AZEVEDO 237
2022,72,318,1,6,FELIPE PEIXOTO,1651,PH COLÉGIO,RUA ALVARES DE AZEVEDO 237
2022,72,319,1,3,FELIPE PEIXOTO,1651,PH COLÉGIO,RUA ALVARES DE AZEVEDO 237
2022,72,320,1,3,FELIPE PEIXOTO,1651,PH COLÉGIO,RUA ALVARES DE AZEVEDO 237
2022,72,321,1,6,FELIPE PEIXOTO,1651,PH COLÉGIO,RUA ALVARES DE AZEVEDO 237
2022,72,322,1,4,FELIPE PEIXOTO,1651,PH COLÉGIO,RUA ALVARES DE AZEVEDO 237
2022,72,323,1,5,FELIPE PEIXOTO,1651,PH COLÉGIO,RUA ALVARES DE AZEVEDO 237
2022,72,324,1,9,FELIPE PEIXOTO,1660,CLUBE CENTRAL,"AVENIDA JORNALISTA ALBERTO FRANCISCO TORRES,  335"
2022,72,325,1,5,FELIPE PEIXOTO,1660,CLUBE CENTRAL,"AVENIDA JORNALISTA ALBERTO FRANCISCO TORRES,  335"
2022,72,326,1,4,FELIPE PEIXOTO,1660,CLUBE CENTRAL,"AVENIDA JORNALISTA ALBERTO FRANCISCO TORRES,  335"
2022,72,327,1,8,FELIPE PEIXOTO,1660,CLUBE CENTRAL,"AVENIDA JORNALISTA ALBERTO FRANCISCO TORRES,  335"
2022,72,328,1,10,FELIPE PEIXOTO,1660,CLUBE CENTRAL,"AVENIDA JORNALISTA ALBERTO FRANCISCO TORRES,  335"
2022,72,329,1,10,FELIPE PEIXOTO,1660,CLUBE CENTRAL,"AVENIDA JORNALISTA ALBERTO FRANCISCO TORRES,  335"
2022,72,330,1,5,FELIPE PEIXOTO,1660,CLUBE CENTRAL,"AVENIDA JORNALISTA ALBERTO FRANCISCO TORRES,  335"
2022,72,331,1,6,FELIPE PEIXOTO,1660,CLUBE CENTRAL,"AVENIDA JORNALISTA ALBERTO FRANCISCO TORRES,  335"
2022,72,332,1,8,FELIPE PEIXOTO,1660,CLUBE CENTRAL,"AVENIDA JORNALISTA ALBERTO FRANCISCO TORRES,  335"
2022,72,333,1,9,FELIPE PEIXOTO,1660,CLUBE CENTRAL,"AVENIDA JORNALISTA ALBERTO FRANCISCO TORRES,  335"
2022,72,334,1,7,FELIPE PEIXOTO,1660,CLUBE CENTRAL,"AVENIDA JORNALISTA ALBERTO FRANCISCO TORRES,  335"
2022,72,335,1,13,FELIPE PEIXOTO,1660,CLUBE CENTRAL,"AVENIDA JORNALISTA ALBERTO FRANCISCO TORRES,  335"
2022,72,336,1,8,FELIPE PEIXOTO,1660,CLUBE CENTRAL,"AVENIDA JORNALISTA ALBERTO FRANCISCO TORRES,  335"
2022,72,337,1,11,FELIPE PEIXOTO,1660,CLUBE CENTRAL,"AVENIDA JORNALISTA ALBERTO FRANCISCO TORRES,  335"
2022,72,338,1,10,FELIPE PEIXOTO,1660,CLUBE CENTRAL,"AVENIDA JORNALISTA ALBERTO FRANCISCO TORRES,  335"
2022,72,339,1,5,FELIPE PEIXOTO,1660,CLUBE CENTRAL,"AVENIDA JORNALISTA ALBERTO FRANCISCO TORRES,  335"
2022,72,340,1,8,FELIPE PEIXOTO,1660,CLUBE CENTRAL,"AVENIDA JORNALISTA ALBERTO FRANCISCO TORRES,  335"
2022,72,341,1,7,FELIPE PEIXOTO,1678,ÁGUAS DE NITERÓI,RUA LEMOS CUNHA 510
2022,72,342,1,5,FELIPE PEIXOTO,1678,ÁGUAS DE NITERÓI,RUA LEMOS CUNHA 510
2022,72,343,1,6,FELIPE PEIXOTO,1678,ÁGUAS DE NITERÓI,RUA LEMOS CUNHA 510
2022,72,344,1,3,FELIPE PEIXOTO,1678,ÁGUAS DE NITERÓI,RUA LEMOS CUNHA 510
2022,72,345,1,6,FELIPE PEIXOTO,1686,CAIXA ECONÔMICA FEDERAL - AGÊNCIA ICARAÍ,"RUA GAVIÃO PEIXOTO, 226"
2022,72,346,1,7,FELIPE PEIXOTO,1686,CAIXA ECONÔMICA FEDERAL - AGÊNCIA ICARAÍ,"RUA GAVIÃO PEIXOTO, 226"
2022,72,347,1,10,FELIPE PEIXOTO,1686,CAIXA ECONÔMICA FEDERAL - AGÊNCIA ICARAÍ,"RUA GAVIÃO PEIXOTO, 226"
2022,72,348,1,3,FELIPE PEIXOTO,1686,CAIXA ECONÔMICA FEDERAL - AGÊNCIA ICARAÍ,"RUA GAVIÃO PEIXOTO, 226"
2022,72,349,1,9,FELIPE PEIXOTO,1686,CAIXA ECONÔMICA FEDERAL - AGÊNCIA ICARAÍ,"RUA GAVIÃO PEIXOTO, 226"
2022,72,35,1,6,FELIPE PEIXOTO,1112,ESCOLA ESTADUAL LEOPOLDO FROES,RUA REVERENDO ARMANDO FERREIRA  S/N
2022,72,350,1,9,FELIPE PEIXOTO,1686,CAIXA ECONÔMICA FEDERAL - AGÊNCIA ICARAÍ,"RUA GAVIÃO PEIXOTO, 226"
2022,72,351,1,6,FELIPE PEIXOTO,1686,CAIXA ECONÔMICA FEDERAL - AGÊNCIA ICARAÍ,"RUA GAVIÃO PEIXOTO, 226"
2022,72,352,1,5,FELIPE PEIXOTO,1686,CAIXA ECONÔMICA FEDERAL - AGÊNCIA ICARAÍ,"RUA GAVIÃO PEIXOTO, 226"
2022,72,353,1,6,FELIPE PEIXOTO,1694,ESCOLA MUNICIPAL PROFESSOR PAULO DE ALMEIDA CAMPOS,"RUA PEREIRA DA SILVA, 50"
2022,72,354,1,6,FELIPE PEIXOTO,1694,ESCOLA MUNICIPAL PROFESSOR PAULO DE ALMEIDA CAMPOS,"RUA PEREIRA DA SILVA, 50"
2022,72,355,1,11,FELIPE PEIXOTO,1694,ESCOLA MUNICIPAL PROFESSOR PAULO DE ALMEIDA CAMPOS,"RUA PEREIRA DA SILVA, 50"
2022,72,356,1,8,FELIPE PEIXOTO,1694,ESCOLA MUNICIPAL PROFESSOR PAULO DE ALMEIDA CAMPOS,"RUA PEREIRA DA SILVA, 50"
2022,72,357,1,8,FELIPE PEIXOTO,1708,ESCOLA MUNICIPAL JÚLIA CORTINES,RUA LOPES TROVAO 1-CAMPO DE SÃO BENTO S/N
2022,72,359,1,12,FELIPE PEIXOTO,1708,ESCOLA MUNICIPAL JÚLIA CORTINES,RUA LOPES TROVAO 1-CAMPO DE SÃO BENTO S/N
2022,72,36,1,5,FELIPE PEIXOTO,1112,ESCOLA ESTADUAL LEOPOLDO FROES,RUA REVERENDO ARMANDO FERREIRA  S/N
2022,72,360,1,7,FELIPE PEIXOTO,1708,ESCOLA MUNICIPAL JÚLIA CORTINES,RUA LOPES TROVAO 1-CAMPO DE SÃO BENTO S/N
2022,72,363,1,10,FELIPE PEIXOTO,1708,ESCOLA MUNICIPAL JÚLIA CORTINES,RUA LOPES TROVAO 1-CAMPO DE SÃO BENTO S/N
2022,72,366,1,8,FELIPE PEIXOTO,1708,ESCOLA MUNICIPAL JÚLIA CORTINES,RUA LOPES TROVAO 1-CAMPO DE SÃO BENTO S/N
2022,72,369,1,10,FELIPE PEIXOTO,1708,ESCOLA MUNICIPAL JÚLIA CORTINES,RUA LOPES TROVAO 1-CAMPO DE SÃO BENTO S/N
2022,72,37,1,3,FELIPE PEIXOTO,1112,ESCOLA ESTADUAL LEOPOLDO FROES,RUA REVERENDO ARMANDO FERREIRA  S/N
2022,72,372,1,10,FELIPE PEIXOTO,1708,ESCOLA MUNICIPAL JÚLIA CORTINES,RUA LOPES TROVAO 1-CAMPO DE SÃO BENTO S/N
2022,72,375,1,8,FELIPE PEIXOTO,1708,ESCOLA MUNICIPAL JÚLIA CORTINES,RUA LOPES TROVAO 1-CAMPO DE SÃO BENTO S/N
2022,72,378,1,3,FELIPE PEIXOTO,1716,ESCOLA VIVINFÂNCIA,RUA GAVIÃO PEIXOTO 384
2022,72,379,1,2,FELIPE PEIXOTO,1716,ESCOLA VIVINFÂNCIA,RUA GAVIÃO PEIXOTO 384
2022,72,38,1,1,FELIPE PEIXOTO,1112,ESCOLA ESTADUAL LEOPOLDO FROES,RUA REVERENDO ARMANDO FERREIRA  S/N
2022,72,380,1,6,FELIPE PEIXOTO,1716,ESCOLA VIVINFÂNCIA,RUA GAVIÃO PEIXOTO 384
2022,72,381,1,6,FELIPE PEIXOTO,1716,ESCOLA VIVINFÂNCIA,RUA GAVIÃO PEIXOTO 384
2022,72,382,1,11,FELIPE PEIXOTO,1724,AABB,RUA HÉLIO DA SILVA CARNEIRO 78
2022,72,383,1,10,FELIPE PEIXOTO,1724,AABB,RUA HÉLIO DA SILVA CARNEIRO 78
2022,72,384,1,8,FELIPE PEIXOTO,1724,AABB,RUA HÉLIO DA SILVA CARNEIRO 78
2022,72,385,1,6,FELIPE PEIXOTO,1724,AABB,RUA HÉLIO DA SILVA CARNEIRO 78
2022,72,386,1,6,FELIPE PEIXOTO,1724,AABB,RUA HÉLIO DA SILVA CARNEIRO 78
2022,72,387,1,10,FELIPE PEIXOTO,1724,AABB,RUA HÉLIO DA SILVA CARNEIRO 78
2022,72,388,1,7,FELIPE PEIXOTO,1724,AABB,RUA HÉLIO DA SILVA CARNEIRO 78
2022,72,389,1,7,FELIPE PEIXOTO,1724,AABB,RUA HÉLIO DA SILVA CARNEIRO 78
2022,72,39,1,3,FELIPE PEIXOTO,1112,ESCOLA ESTADUAL LEOPOLDO FROES,RUA REVERENDO ARMANDO FERREIRA  S/N
2022,72,390,1,1,FELIPE PEIXOTO,1732,CLUBE NAVAL,AVENIDA CARLOS ERMELINDO MARINS 68
2022,72,391,1,4,FELIPE PEIXOTO,1732,CLUBE NAVAL,AVENIDA CARLOS ERMELINDO MARINS 68
2022,72,392,1,3,FELIPE PEIXOTO,1732,CLUBE NAVAL,AVENIDA CARLOS ERMELINDO MARINS 68
2022,72,393,1,3,FELIPE PEIXOTO,1732,CLUBE NAVAL,AVENIDA CARLOS ERMELINDO MARINS 68
2022,72,394,1,7,FELIPE PEIXOTO,1732,CLUBE NAVAL,AVENIDA CARLOS ERMELINDO MARINS 68
2022,72,395,1,8,FELIPE PEIXOTO,1732,CLUBE NAVAL,AVENIDA CARLOS ERMELINDO MARINS 68
2022,72,397,1,2,FELIPE PEIXOTO,1732,CLUBE NAVAL,AVENIDA CARLOS ERMELINDO MARINS 68
2022,72,398,1,3,FELIPE PEIXOTO,1732,CLUBE NAVAL,AVENIDA CARLOS ERMELINDO MARINS 68
2022,72,399,1,4,FELIPE PEIXOTO,1732,CLUBE NAVAL,AVENIDA CARLOS ERMELINDO MARINS 68
2022,72,40,1,4,FELIPE PEIXOTO,1112,ESCOLA ESTADUAL LEOPOLDO FROES,RUA REVERENDO ARMANDO FERREIRA  S/N
2022,72,400,1,5,FELIPE PEIXOTO,1732,CLUBE NAVAL,AVENIDA CARLOS ERMELINDO MARINS 68
2022,72,401,1,5,FELIPE PEIXOTO,1732,CLUBE NAVAL,AVENIDA CARLOS ERMELINDO MARINS 68
2022,72,402,1,4,FELIPE PEIXOTO,1732,CLUBE NAVAL,AVENIDA CARLOS ERMELINDO MARINS 68
2022,72,403,1,7,FELIPE PEIXOTO,1732,CLUBE NAVAL,AVENIDA CARLOS ERMELINDO MARINS 68
2022,72,404,1,5,FELIPE PEIXOTO,1732,CLUBE NAVAL,AVENIDA CARLOS ERMELINDO MARINS 68
2022,72,405,1,3,FELIPE PEIXOTO,1732,CLUBE NAVAL,AVENIDA CARLOS ERMELINDO MARINS 68
2022,72,406,1,1,FELIPE PEIXOTO,1732,CLUBE NAVAL,AVENIDA CARLOS ERMELINDO MARINS 68
2022,72,407,1,5,FELIPE PEIXOTO,1732,CLUBE NAVAL,AVENIDA CARLOS ERMELINDO MARINS 68
2022,72,408,1,4,FELIPE PEIXOTO,1732,CLUBE NAVAL,AVENIDA CARLOS ERMELINDO MARINS 68
2022,72,409,1,1,FELIPE PEIXOTO,1732,CLUBE NAVAL,AVENIDA CARLOS ERMELINDO MARINS 68
2022,72,41,1,3,FELIPE PEIXOTO,1112,ESCOLA ESTADUAL LEOPOLDO FROES,RUA REVERENDO ARMANDO FERREIRA  S/N
2022,72,410,1,8,FELIPE PEIXOTO,1740,ESCOLA MUNICIPAL PROFESSORA ELVIRA LÚCIA ESTEVES DE VASCONCELOS,"TRAVESSA EMÍLIO ANGRADA 2, RUA JOAQUIM TÁVORA"
2022,72,411,1,7,FELIPE PEIXOTO,1740,ESCOLA MUNICIPAL PROFESSORA ELVIRA LÚCIA ESTEVES DE VASCONCELOS,"TRAVESSA EMÍLIO ANGRADA 2, RUA JOAQUIM TÁVORA"
2022,72,412,1,8,FELIPE PEIXOTO,1740,ESCOLA MUNICIPAL PROFESSORA ELVIRA LÚCIA ESTEVES DE VASCONCELOS,"TRAVESSA EMÍLIO ANGRADA 2, RUA JOAQUIM TÁVORA"
2022,72,413,1,4,FELIPE PEIXOTO,1740,ESCOLA MUNICIPAL PROFESSORA ELVIRA LÚCIA ESTEVES DE VASCONCELOS,"TRAVESSA EMÍLIO ANGRADA 2, RUA JOAQUIM TÁVORA"
2022,72,414,1,6,FELIPE PEIXOTO,1740,ESCOLA MUNICIPAL PROFESSORA ELVIRA LÚCIA ESTEVES DE VASCONCELOS,"TRAVESSA EMÍLIO ANGRADA 2, RUA JOAQUIM TÁVORA"
2022,72,415,1,4,FELIPE PEIXOTO,1740,ESCOLA MUNICIPAL PROFESSORA ELVIRA LÚCIA ESTEVES DE VASCONCELOS,"TRAVESSA EMÍLIO ANGRADA 2, RUA JOAQUIM TÁVORA"
2022,72,416,1,5,FELIPE PEIXOTO,1740,ESCOLA MUNICIPAL PROFESSORA ELVIRA LÚCIA ESTEVES DE VASCONCELOS,"TRAVESSA EMÍLIO ANGRADA 2, RUA JOAQUIM TÁVORA"
2022,72,417,1,10,FELIPE PEIXOTO,1740,ESCOLA MUNICIPAL PROFESSORA ELVIRA LÚCIA ESTEVES DE VASCONCELOS,"TRAVESSA EMÍLIO ANGRADA 2, RUA JOAQUIM TÁVORA"
2022,72,418,1,9,FELIPE PEIXOTO,1740,ESCOLA MUNICIPAL PROFESSORA ELVIRA LÚCIA ESTEVES DE VASCONCELOS,"TRAVESSA EMÍLIO ANGRADA 2, RUA JOAQUIM TÁVORA"
2022,72,419,1,4,FELIPE PEIXOTO,1759,COLÉGIO MV1,RUA GAVIÃO PEIXOTO 398
2022,72,42,1,4,FELIPE PEIXOTO,1112,ESCOLA ESTADUAL LEOPOLDO FROES,RUA REVERENDO ARMANDO FERREIRA  S/N
2022,72,420,1,10,FELIPE PEIXOTO,1759,COLÉGIO MV1,RUA GAVIÃO PEIXOTO 398
2022,72,421,1,4,FELIPE PEIXOTO,1759,COLÉGIO MV1,RUA GAVIÃO PEIXOTO 398
2022,72,422,1,5,FELIPE PEIXOTO,1759,COLÉGIO MV1,RUA GAVIÃO PEIXOTO 398
2022,72,423,1,3,FELIPE PEIXOTO,1759,COLÉGIO MV1,RUA GAVIÃO PEIXOTO 398
2022,72,424,1,5,FELIPE PEIXOTO,1759,COLÉGIO MV1,RUA GAVIÃO PEIXOTO 398
2022,72,425,1,5,FELIPE PEIXOTO,1759,COLÉGIO MV1,RUA GAVIÃO PEIXOTO 398
2022,72,426,1,3,FELIPE PEIXOTO,1759,COLÉGIO MV1,RUA GAVIÃO PEIXOTO 398
2022,72,427,1,3,FELIPE PEIXOTO,1759,COLÉGIO MV1,RUA GAVIÃO PEIXOTO 398
2022,72,428,1,8,FELIPE PEIXOTO,1759,COLÉGIO MV1,RUA GAVIÃO PEIXOTO 398
2022,72,429,1,3,FELIPE PEIXOTO,1759,COLÉGIO MV1,RUA GAVIÃO PEIXOTO 398
2022,72,43,1,4,FELIPE PEIXOTO,1112,ESCOLA ESTADUAL LEOPOLDO FROES,RUA REVERENDO ARMANDO FERREIRA  S/N
2022,72,430,1,7,FELIPE PEIXOTO,1759,COLÉGIO MV1,RUA GAVIÃO PEIXOTO 398
2022,72,431,1,4,FELIPE PEIXOTO,1759,COLÉGIO MV1,RUA GAVIÃO PEIXOTO 398
2022,72,432,1,5,FELIPE PEIXOTO,1759,COLÉGIO MV1,RUA GAVIÃO PEIXOTO 398
2022,72,433,1,3,FELIPE PEIXOTO,1759,COLÉGIO MV1,RUA GAVIÃO PEIXOTO 398
2022,72,434,1,4,FELIPE PEIXOTO,1759,COLÉGIO MV1,RUA GAVIÃO PEIXOTO 398
2022,72,435,1,8,FELIPE PEIXOTO,1759,COLÉGIO MV1,RUA GAVIÃO PEIXOTO 398
2022,72,436,1,5,FELIPE PEIXOTO,1759,COLÉGIO MV1,RUA GAVIÃO PEIXOTO 398
2022,72,437,1,14,FELIPE PEIXOTO,1767,COLÉGIO ASSUNÇÃO,RUA GENERAL RONDON 842
2022,72,438,1,10,FELIPE PEIXOTO,1767,COLÉGIO ASSUNÇÃO,RUA GENERAL RONDON 842
2022,72,439,1,5,FELIPE PEIXOTO,1767,COLÉGIO ASSUNÇÃO,RUA GENERAL RONDON 842
2022,72,440,1,8,FELIPE PEIXOTO,1767,COLÉGIO ASSUNÇÃO,RUA GENERAL RONDON 842
2022,72,441,1,11,FELIPE PEIXOTO,1767,COLÉGIO ASSUNÇÃO,RUA GENERAL RONDON 842
2022,72,442,1,10,FELIPE PEIXOTO,1767,COLÉGIO ASSUNÇÃO,RUA GENERAL RONDON 842
2022,72,443,1,14,FELIPE PEIXOTO,1767,COLÉGIO ASSUNÇÃO,RUA GENERAL RONDON 842
2022,72,444,1,5,FELIPE PEIXOTO,1767,COLÉGIO ASSUNÇÃO,RUA GENERAL RONDON 842
2022,72,445,1,8,FELIPE PEIXOTO,1767,COLÉGIO ASSUNÇÃO,RUA GENERAL RONDON 842
2022,72,446,1,11,FELIPE PEIXOTO,1767,COLÉGIO ASSUNÇÃO,RUA GENERAL RONDON 842
2022,72,447,1,15,FELIPE PEIXOTO,1767,COLÉGIO ASSUNÇÃO,RUA GENERAL RONDON 842
2022,72,448,1,14,FELIPE PEIXOTO,1767,COLÉGIO ASSUNÇÃO,RUA GENERAL RONDON 842
2022,72,449,1,13,FELIPE PEIXOTO,1767,COLÉGIO ASSUNÇÃO,RUA GENERAL RONDON 842
2022,72,450,1,8,FELIPE PEIXOTO,1767,COLÉGIO ASSUNÇÃO,RUA GENERAL RONDON 842
2022,72,451,1,8,FELIPE PEIXOTO,1767,COLÉGIO ASSUNÇÃO,RUA GENERAL RONDON 842
2022,72,452,1,8,FELIPE PEIXOTO,1775,ESCOLA ESTADUAL CIZÍNIO SOARES PINTO,RUA PRESIDENTE ROOSEVELT 2
2022,72,453,1,5,FELIPE PEIXOTO,1775,ESCOLA ESTADUAL CIZÍNIO SOARES PINTO,RUA PRESIDENTE ROOSEVELT 2
2022,72,454,1,10,FELIPE PEIXOTO,1775,ESCOLA ESTADUAL CIZÍNIO SOARES PINTO,RUA PRESIDENTE ROOSEVELT 2
2022,72,455,1,7,FELIPE PEIXOTO,1775,ESCOLA ESTADUAL CIZÍNIO SOARES PINTO,RUA PRESIDENTE ROOSEVELT 2
2022,72,456,1,4,FELIPE PEIXOTO,1775,ESCOLA ESTADUAL CIZÍNIO SOARES PINTO,RUA PRESIDENTE ROOSEVELT 2
2022,72,457,1,9,FELIPE PEIXOTO,1775,ESCOLA ESTADUAL CIZÍNIO SOARES PINTO,RUA PRESIDENTE ROOSEVELT 2
2022,72,458,1,2,FELIPE PEIXOTO,1775,ESCOLA ESTADUAL CIZÍNIO SOARES PINTO,RUA PRESIDENTE ROOSEVELT 2
2022,72,459,1,12,FELIPE PEIXOTO,1783,SOCIEDADE BRASILEIRA DE CULTURA INGLESA,RUA OTAVIO CARNEIRO 23
2022,72,460,1,5,FELIPE PEIXOTO,1783,SOCIEDADE BRASILEIRA DE CULTURA INGLESA,RUA OTAVIO CARNEIRO 23
2022,72,461,1,5,FELIPE PEIXOTO,1783,SOCIEDADE BRASILEIRA DE CULTURA INGLESA,RUA OTAVIO CARNEIRO 23
2022,72,462,1,9,FELIPE PEIXOTO,1783,SOCIEDADE BRASILEIRA DE CULTURA INGLESA,RUA OTAVIO CARNEIRO 23
2022,72,463,1,3,FELIPE PEIXOTO,1554,JARDIM ESCOLA GIRASSÓIS,"ESTRADA CAETANO MONTEIRO, 820"
2022,72,5,1,3,FELIPE PEIXOTO,1015,ESCOLA ESTADUAL DR LUCIANO PESTRE,AV PASTOR JOSE GOMES DE SOUZA S/N
2022,72,52,1,1,FELIPE PEIXOTO,1147,ESCOLA MUNICIPAL VERA LUCIA MACHADO,RUA ALDEMAR DE PAIVA LOTE 7 E 8
2022,72,53,1,1,FELIPE PEIXOTO,1147,ESCOLA MUNICIPAL VERA LUCIA MACHADO,RUA ALDEMAR DE PAIVA LOTE 7 E 8
2022,72,54,1,3,FELIPE PEIXOTO,1074,COLEGIO ESTADUAL PAULO ASSIS RIBEIRO,ESTRADA CAETANO MONTEIRO 814
2022,72,55,1,2,FELIPE PEIXOTO,1074,COLEGIO ESTADUAL PAULO ASSIS RIBEIRO,ESTRADA CAETANO MONTEIRO 814
2022,72,56,1,9,FELIPE PEIXOTO,1074,COLEGIO ESTADUAL PAULO ASSIS RIBEIRO,ESTRADA CAETANO MONTEIRO 814
2022,72,57,1,4,FELIPE PEIXOTO,1112,ESCOLA ESTADUAL LEOPOLDO FROES,RUA REVERENDO ARMANDO FERREIRA  S/N
2022,72,58,1,6,FELIPE PEIXOTO,1112,ESCOLA ESTADUAL LEOPOLDO FROES,RUA REVERENDO ARMANDO FERREIRA  S/N
2022,72,59,1,4,FELIPE PEIXOTO,1112,ESCOLA ESTADUAL LEOPOLDO FROES,RUA REVERENDO ARMANDO FERREIRA  S/N
2022,72,60,1,4,FELIPE PEIXOTO,1112,ESCOLA ESTADUAL LEOPOLDO FROES,RUA REVERENDO ARMANDO FERREIRA  S/N
2022,72,61,1,7,FELIPE PEIXOTO,1112,ESCOLA ESTADUAL LEOPOLDO FROES,RUA REVERENDO ARMANDO FERREIRA  S/N
2022,72,62,1,3,FELIPE PEIXOTO,1112,ESCOLA ESTADUAL LEOPOLDO FROES,RUA REVERENDO ARMANDO FERREIRA  S/N
2022,72,64,1,1,FELIPE PEIXOTO,1171,ESCOLA MUNICIPAL ANTONIO COUTINHO DE AZEVEDO,AV DES NESTOR RODRIGUES PERLINGEIRO S/N
2022,72,65,1,3,FELIPE PEIXOTO,1171,ESCOLA MUNICIPAL ANTONIO COUTINHO DE AZEVEDO,AV DES NESTOR RODRIGUES PERLINGEIRO S/N
2022,72,66,1,1,FELIPE PEIXOTO,1171,ESCOLA MUNICIPAL ANTONIO COUTINHO DE AZEVEDO,AV DES NESTOR RODRIGUES PERLINGEIRO S/N
2022,72,67,1,1,FELIPE PEIXOTO,1171,ESCOLA MUNICIPAL ANTONIO COUTINHO DE AZEVEDO,AV DES NESTOR RODRIGUES PERLINGEIRO S/N
2022,72,68,1,1,FELIPE PEIXOTO,1180,ESCOLA MUNICIPAL RACHIDE DA GLORIA SALIM SAKER,RUA JANDIRA PEREIRA 620
2022,72,69,1,1,FELIPE PEIXOTO,1180,ESCOLA MUNICIPAL RACHIDE DA GLORIA SALIM SAKER,RUA JANDIRA PEREIRA 620
2022,72,7,1,1,FELIPE PEIXOTO,1040,CIEP 447 - CARAMUJO,RODOVIA AMARAL PEIXOTO KM 2
2022,72,70,1,1,FELIPE PEIXOTO,1180,ESCOLA MUNICIPAL RACHIDE DA GLORIA SALIM SAKER,RUA JANDIRA PEREIRA 620
2022,72,71,1,1,FELIPE PEIXOTO,1180,ESCOLA MUNICIPAL RACHIDE DA GLORIA SALIM SAKER,RUA JANDIRA PEREIRA 620
2022,72,8,1,1,FELIPE PEIXOTO,1040,CIEP 447 - CARAMUJO,RODOVIA AMARAL PEIXOTO KM 2
2022,72,9,1,1,FELIPE PEIXOTO,1040,CIEP 447 - CARAMUJO,RODOVIA AMARAL PEIXOTO KM 2
