ano,NR_ZONA,NR_SECAO,NR_TURNO,QT_VOTOS,label,NR_LOCAL_VOTACAO,NM_LOCAL_VOTACAO,DS_LOCAL_VOTACAO_ENDERECO
2010,113,1,1,4,HUGO LEAL,1031,,
2010,113,10,1,3,HUGO LEAL,1031,,
2010,113,100,1,1,HUGO LEAL,1236,,
2010,113,102,1,1,HUGO LEAL,1236,,
2010,113,103,1,4,HUGO LEAL,1163,,
2010,113,104,1,3,HUGO LEAL,1082,,
2010,113,106,1,5,HUGO LEAL,1023,,
2010,113,107,1,3,HUGO LEAL,1384,,
2010,113,108,1,1,HUGO LEAL,1082,,
2010,113,109,1,1,HUGO LEAL,1295,,
2010,113,110,1,1,HUGO LEAL,1325,,
2010,113,111,1,2,HUGO LEAL,1120,,
2010,113,113,1,1,HUGO LEAL,1171,,
2010,113,114,1,5,HUGO LEAL,1139,,
2010,113,116,1,1,HUGO LEAL,1384,,
2010,113,117,1,1,HUGO LEAL,1325,,
2010,113,118,1,2,HUGO LEAL,1120,,
2010,113,119,1,4,HUGO LEAL,1376,,
2010,113,12,1,2,HUGO LEAL,1163,,
2010,113,120,1,2,HUGO LEAL,1171,,
2010,113,121,1,1,HUGO LEAL,1295,,
2010,113,122,1,1,HUGO LEAL,1309,,
2010,113,123,1,3,HUGO LEAL,1120,,
2010,113,13,1,2,HUGO LEAL,1163,,
2010,113,15,1,1,HUGO LEAL,1171,,
2010,113,16,1,1,HUGO LEAL,1171,,
2010,113,17,1,1,HUGO LEAL,1082,,
2010,113,18,1,1,HUGO LEAL,1082,,
2010,113,19,1,1,HUGO LEAL,1082,,
2010,113,2,1,1,HUGO LEAL,1023,,
2010,113,20,1,1,HUGO LEAL,1082,,
2010,113,21,1,6,HUGO LEAL,1082,,
2010,113,22,1,5,HUGO LEAL,1082,,
2010,113,23,1,3,HUGO LEAL,1082,,
2010,113,25,1,1,HUGO LEAL,1031,,
2010,113,26,1,2,HUGO LEAL,1031,,
2010,113,27,1,3,HUGO LEAL,1120,,
2010,113,28,1,1,HUGO LEAL,1139,,
2010,113,29,1,2,HUGO LEAL,1139,,
2010,113,3,1,2,HUGO LEAL,1023,,
2010,113,30,1,1,HUGO LEAL,1139,,
2010,113,31,1,3,HUGO LEAL,1139,,
2010,113,32,1,4,HUGO LEAL,1139,,
2010,113,33,1,2,HUGO LEAL,1139,,
2010,113,34,1,1,HUGO LEAL,1031,,
2010,113,35,1,2,HUGO LEAL,1384,,
2010,113,36,1,2,HUGO LEAL,1163,,
2010,113,37,1,3,HUGO LEAL,1163,,
2010,113,39,1,1,HUGO LEAL,1171,,
2010,113,4,1,3,HUGO LEAL,1023,,
2010,113,40,1,4,HUGO LEAL,1171,,
2010,113,41,1,2,HUGO LEAL,1171,,
2010,113,42,1,1,HUGO LEAL,1171,,
2010,113,43,1,2,HUGO LEAL,1163,,
2010,113,44,1,1,HUGO LEAL,1163,,
2010,113,45,1,3,HUGO LEAL,1236,,
2010,113,46,1,8,HUGO LEAL,1201,,
2010,113,47,1,3,HUGO LEAL,1236,,
2010,113,48,1,2,HUGO LEAL,1236,,
2010,113,49,1,1,HUGO LEAL,1031,,
2010,113,5,1,1,HUGO LEAL,1031,,
2010,113,50,1,1,HUGO LEAL,1236,,
2010,113,51,1,1,HUGO LEAL,1236,,
2010,113,52,1,3,HUGO LEAL,1236,,
2010,113,53,1,3,HUGO LEAL,1236,,
2010,113,54,1,3,HUGO LEAL,1236,,
2010,113,55,1,2,HUGO LEAL,1236,,
2010,113,57,1,1,HUGO LEAL,1384,,
2010,113,58,1,2,HUGO LEAL,1384,,
2010,113,59,1,2,HUGO LEAL,1384,,
2010,113,6,1,2,HUGO LEAL,1031,,
2010,113,60,1,4,HUGO LEAL,1384,,
2010,113,61,1,3,HUGO LEAL,1163,,
2010,113,62,1,1,HUGO LEAL,1031,,
2010,113,63,1,2,HUGO LEAL,1295,,
2010,113,64,1,3,HUGO LEAL,1295,,
2010,113,65,1,5,HUGO LEAL,1295,,
2010,113,66,1,1,HUGO LEAL,1309,,
2010,113,68,1,1,HUGO LEAL,1309,,
2010,113,7,1,4,HUGO LEAL,1031,,
2010,113,70,1,2,HUGO LEAL,1309,,
2010,113,71,1,1,HUGO LEAL,1325,,
2010,113,72,1,4,HUGO LEAL,1325,,
2010,113,74,1,4,HUGO LEAL,1082,,
2010,113,75,1,1,HUGO LEAL,1082,,
2010,113,76,1,3,HUGO LEAL,1350,,
2010,113,77,1,3,HUGO LEAL,1350,,
2010,113,78,1,3,HUGO LEAL,1376,,
2010,113,8,1,2,HUGO LEAL,1031,,
2010,113,80,1,1,HUGO LEAL,1376,,
2010,113,82,1,4,HUGO LEAL,1376,,
2010,113,83,1,2,HUGO LEAL,1376,,
2010,113,85,1,5,HUGO LEAL,1376,,
2010,113,86,1,4,HUGO LEAL,1376,,
2010,113,87,1,1,HUGO LEAL,1171,,
2010,113,88,1,1,HUGO LEAL,1295,,
2010,113,89,1,1,HUGO LEAL,1031,,
2010,113,9,1,1,HUGO LEAL,1031,,
2010,113,90,1,1,HUGO LEAL,1031,,
2010,113,92,1,3,HUGO LEAL,1163,,
2010,113,93,1,1,HUGO LEAL,1139,,
2010,113,94,1,2,HUGO LEAL,1350,,
2010,113,95,1,3,HUGO LEAL,1120,,
2010,113,96,1,5,HUGO LEAL,1325,,
2010,113,98,1,2,HUGO LEAL,1309,,
2010,113,99,1,2,HUGO LEAL,1171,,
2010,114,1,1,5,HUGO LEAL,1090,,
2010,114,10,1,7,HUGO LEAL,1082,,
2010,114,106,1,4,HUGO LEAL,1538,,
2010,114,107,1,4,HUGO LEAL,1538,,
2010,114,108,1,1,HUGO LEAL,1546,,
2010,114,109,1,2,HUGO LEAL,1546,,
2010,114,117,1,5,HUGO LEAL,1597,,
2010,114,118,1,5,HUGO LEAL,1597,,
2010,114,119,1,2,HUGO LEAL,1597,,
2010,114,12,1,2,HUGO LEAL,1090,,
2010,114,120,1,3,HUGO LEAL,1597,,
2010,114,121,1,1,HUGO LEAL,1597,,
2010,114,122,1,4,HUGO LEAL,1600,,
2010,114,123,1,5,HUGO LEAL,1600,,
2010,114,124,1,5,HUGO LEAL,1600,,
2010,114,125,1,3,HUGO LEAL,1600,,
2010,114,126,1,2,HUGO LEAL,1600,,
2010,114,127,1,1,HUGO LEAL,1082,,
2010,114,128,1,1,HUGO LEAL,1635,,
2010,114,129,1,4,HUGO LEAL,1635,,
2010,114,13,1,1,HUGO LEAL,1090,,
2010,114,130,1,4,HUGO LEAL,1635,,
2010,114,131,1,1,HUGO LEAL,1635,,
2010,114,132,1,2,HUGO LEAL,1635,,
2010,114,133,1,3,HUGO LEAL,1635,,
2010,114,135,1,4,HUGO LEAL,1643,,
2010,114,136,1,3,HUGO LEAL,1643,,
2010,114,137,1,2,HUGO LEAL,1643,,
2010,114,138,1,2,HUGO LEAL,1660,,
2010,114,139,1,7,HUGO LEAL,1660,,
2010,114,14,1,1,HUGO LEAL,1090,,
2010,114,148,1,1,HUGO LEAL,1716,,
2010,114,149,1,5,HUGO LEAL,1716,,
2010,114,15,1,3,HUGO LEAL,1090,,
2010,114,150,1,8,HUGO LEAL,1716,,
2010,114,151,1,1,HUGO LEAL,1716,,
2010,114,152,1,3,HUGO LEAL,1732,,
2010,114,153,1,5,HUGO LEAL,1732,,
2010,114,154,1,3,HUGO LEAL,1732,,
2010,114,181,1,2,HUGO LEAL,1333,,
2010,114,186,1,3,HUGO LEAL,1090,,
2010,114,189,1,2,HUGO LEAL,1279,,
2010,114,199,1,4,HUGO LEAL,1333,,
2010,114,2,1,2,HUGO LEAL,1090,,
2010,114,200,1,5,HUGO LEAL,1090,,
2010,114,202,1,2,HUGO LEAL,1600,,
2010,114,203,1,3,HUGO LEAL,1635,,
2010,114,209,1,2,HUGO LEAL,1090,,
2010,114,210,1,5,HUGO LEAL,1597,,
2010,114,211,1,2,HUGO LEAL,1333,,
2010,114,217,1,2,HUGO LEAL,1635,,
2010,114,219,1,2,HUGO LEAL,1082,,
2010,114,232,1,8,HUGO LEAL,1643,,
2010,114,241,1,1,HUGO LEAL,1716,,
2010,114,246,1,1,HUGO LEAL,1635,,
2010,114,248,1,6,HUGO LEAL,1643,,
2010,114,249,1,1,HUGO LEAL,1090,,
2010,114,254,1,2,HUGO LEAL,1643,,
2010,114,255,1,3,HUGO LEAL,1333,,
2010,114,256,1,2,HUGO LEAL,1600,,
2010,114,259,1,1,HUGO LEAL,1635,,
2010,114,26,1,3,HUGO LEAL,1333,,
2010,114,267,1,3,HUGO LEAL,1546,,
2010,114,268,1,5,HUGO LEAL,1279,,
2010,114,269,1,2,HUGO LEAL,1600,,
2010,114,270,1,1,HUGO LEAL,1716,,
2010,114,271,1,5,HUGO LEAL,1635,,
2010,114,272,1,1,HUGO LEAL,1090,,
2010,114,273,1,1,HUGO LEAL,1546,,
2010,114,3,1,5,HUGO LEAL,1082,,
2010,114,48,1,5,HUGO LEAL,1279,,
2010,114,49,1,6,HUGO LEAL,1279,,
2010,114,5,1,1,HUGO LEAL,1090,,
2010,114,50,1,4,HUGO LEAL,1279,,
2010,114,6,1,3,HUGO LEAL,1090,,
2010,114,65,1,3,HUGO LEAL,1333,,
2010,114,66,1,6,HUGO LEAL,1333,,
2010,114,67,1,8,HUGO LEAL,1333,,
2010,114,69,1,1,HUGO LEAL,1333,,
2010,114,7,1,4,HUGO LEAL,1090,,
2010,114,70,1,1,HUGO LEAL,1333,,
2010,114,71,1,1,HUGO LEAL,1333,,
2010,114,72,1,1,HUGO LEAL,1333,,
2010,114,8,1,3,HUGO LEAL,1082,,
2010,114,87,1,3,HUGO LEAL,1333,,
2010,114,88,1,4,HUGO LEAL,1333,,
2010,115,100,1,1,HUGO LEAL,1414,,
2010,115,101,1,5,HUGO LEAL,1414,,
2010,115,102,1,3,HUGO LEAL,1457,,
2010,115,103,1,3,HUGO LEAL,1457,,
2010,115,104,1,1,HUGO LEAL,1457,,
2010,115,105,1,1,HUGO LEAL,1457,,
2010,115,106,1,1,HUGO LEAL,1457,,
2010,115,109,1,1,HUGO LEAL,1589,,
2010,115,110,1,2,HUGO LEAL,1589,,
2010,115,114,1,4,HUGO LEAL,1465,,
2010,115,115,1,2,HUGO LEAL,1473,,
2010,115,116,1,1,HUGO LEAL,1473,,
2010,115,119,1,1,HUGO LEAL,1473,,
2010,115,120,1,2,HUGO LEAL,1473,,
2010,115,121,1,3,HUGO LEAL,1473,,
2010,115,123,1,3,HUGO LEAL,1481,,
2010,115,124,1,1,HUGO LEAL,1481,,
2010,115,125,1,2,HUGO LEAL,1481,,
2010,115,126,1,2,HUGO LEAL,1481,,
2010,115,127,1,2,HUGO LEAL,1481,,
2010,115,128,1,1,HUGO LEAL,1490,,
2010,115,129,1,2,HUGO LEAL,1490,,
2010,115,130,1,3,HUGO LEAL,1503,,
2010,115,131,1,2,HUGO LEAL,1503,,
2010,115,132,1,3,HUGO LEAL,1503,,
2010,115,134,1,1,HUGO LEAL,1520,,
2010,115,135,1,1,HUGO LEAL,1520,,
2010,115,136,1,3,HUGO LEAL,1538,,
2010,115,137,1,3,HUGO LEAL,1538,,
2010,115,138,1,3,HUGO LEAL,1457,,
2010,115,139,1,3,HUGO LEAL,1554,,
2010,115,140,1,6,HUGO LEAL,1554,,
2010,115,141,1,1,HUGO LEAL,1554,,
2010,115,148,1,2,HUGO LEAL,1554,,
2010,115,153,1,1,HUGO LEAL,1490,,
2010,115,155,1,1,HUGO LEAL,1589,,
2010,115,159,1,2,HUGO LEAL,1481,,
2010,115,165,1,1,HUGO LEAL,1520,,
2010,115,167,1,9,HUGO LEAL,1538,,
2010,115,169,1,4,HUGO LEAL,1414,,
2010,115,172,1,3,HUGO LEAL,1554,,
2010,115,173,1,3,HUGO LEAL,1406,,
2010,115,175,1,5,HUGO LEAL,1503,,
2010,115,179,1,1,HUGO LEAL,1414,,
2010,115,182,1,2,HUGO LEAL,1473,,
2010,115,183,1,3,HUGO LEAL,1457,,
2010,115,186,1,4,HUGO LEAL,1406,,
2010,115,195,1,1,HUGO LEAL,1465,,
2010,115,196,1,3,HUGO LEAL,1414,,
2010,115,199,1,3,HUGO LEAL,1406,,
2010,115,202,1,1,HUGO LEAL,1457,,
2010,115,205,1,1,HUGO LEAL,1481,,
2010,115,206,1,3,HUGO LEAL,1384,,
2010,115,209,1,2,HUGO LEAL,1406,,
2010,115,210,1,3,HUGO LEAL,1538,,
2010,115,212,1,1,HUGO LEAL,1465,,
2010,115,213,1,4,HUGO LEAL,1406,,
2010,115,215,1,5,HUGO LEAL,1503,,
2010,115,83,1,1,HUGO LEAL,1465,,
2010,115,84,1,2,HUGO LEAL,1384,,
2010,115,85,1,3,HUGO LEAL,1384,,
2010,115,86,1,1,HUGO LEAL,1554,,
2010,115,87,1,2,HUGO LEAL,1520,,
2010,115,88,1,6,HUGO LEAL,1406,,
2010,115,89,1,3,HUGO LEAL,1406,,
2010,115,90,1,1,HUGO LEAL,1406,,
2010,115,91,1,1,HUGO LEAL,1406,,
2010,115,92,1,4,HUGO LEAL,1406,,
2010,115,93,1,2,HUGO LEAL,1406,,
2010,115,95,1,5,HUGO LEAL,1414,,
2010,115,96,1,1,HUGO LEAL,1422,,
2010,115,98,1,4,HUGO LEAL,1422,,
2010,115,99,1,7,HUGO LEAL,1422,,
2010,140,1,1,5,HUGO LEAL,1015,,
2010,140,10,1,1,HUGO LEAL,1023,,
2010,140,11,1,6,HUGO LEAL,1031,,
2010,140,12,1,1,HUGO LEAL,1031,,
2010,140,13,1,3,HUGO LEAL,1031,,
2010,140,14,1,3,HUGO LEAL,1040,,
2010,140,15,1,1,HUGO LEAL,1040,,
2010,140,17,1,3,HUGO LEAL,1082,,
2010,140,18,1,6,HUGO LEAL,1066,,
2010,140,19,1,1,HUGO LEAL,1066,,
2010,140,2,1,2,HUGO LEAL,1015,,
2010,140,20,1,2,HUGO LEAL,1074,,
2010,140,21,1,3,HUGO LEAL,1074,,
2010,140,22,1,2,HUGO LEAL,1074,,
2010,140,23,1,6,HUGO LEAL,1074,,
2010,140,24,1,6,HUGO LEAL,1082,,
2010,140,25,1,5,HUGO LEAL,1082,,
2010,140,26,1,1,HUGO LEAL,1082,,
2010,140,27,1,3,HUGO LEAL,1082,,
2010,140,29,1,6,HUGO LEAL,1090,,
2010,140,3,1,4,HUGO LEAL,1015,,
2010,140,30,1,2,HUGO LEAL,1090,,
2010,140,31,1,3,HUGO LEAL,1090,,
2010,140,32,1,4,HUGO LEAL,1090,,
2010,140,33,1,1,HUGO LEAL,1090,,
2010,140,34,1,3,HUGO LEAL,1104,,
2010,140,35,1,8,HUGO LEAL,1104,,
2010,140,36,1,2,HUGO LEAL,1104,,
2010,140,37,1,1,HUGO LEAL,1155,,
2010,140,38,1,2,HUGO LEAL,1155,,
2010,140,39,1,3,HUGO LEAL,1155,,
2010,140,4,1,2,HUGO LEAL,1015,,
2010,140,40,1,2,HUGO LEAL,1120,,
2010,140,41,1,6,HUGO LEAL,1120,,
2010,140,42,1,4,HUGO LEAL,1120,,
2010,140,43,1,2,HUGO LEAL,1120,,
2010,140,44,1,2,HUGO LEAL,1120,,
2010,140,45,1,2,HUGO LEAL,1120,,
2010,140,47,1,4,HUGO LEAL,1120,,
2010,140,48,1,3,HUGO LEAL,1120,,
2010,140,49,1,2,HUGO LEAL,1120,,
2010,140,5,1,1,HUGO LEAL,1023,,
2010,140,50,1,4,HUGO LEAL,1120,,
2010,140,51,1,2,HUGO LEAL,1120,,
2010,140,52,1,2,HUGO LEAL,1139,,
2010,140,53,1,1,HUGO LEAL,1139,,
2010,140,54,1,3,HUGO LEAL,1139,,
2010,140,55,1,1,HUGO LEAL,1139,,
2010,140,56,1,4,HUGO LEAL,1139,,
2010,140,57,1,1,HUGO LEAL,1139,,
2010,140,59,1,1,HUGO LEAL,1139,,
2010,140,6,1,5,HUGO LEAL,1023,,
2010,140,60,1,3,HUGO LEAL,1139,,
2010,140,61,1,4,HUGO LEAL,1139,,
2010,140,62,1,3,HUGO LEAL,1139,,
2010,140,63,1,2,HUGO LEAL,1139,,
2010,140,64,1,6,HUGO LEAL,1139,,
2010,140,65,1,2,HUGO LEAL,1139,,
2010,140,66,1,3,HUGO LEAL,1139,,
2010,140,67,1,3,HUGO LEAL,1120,,
2010,140,68,1,3,HUGO LEAL,1120,,
2010,140,69,1,2,HUGO LEAL,1120,,
2010,140,7,1,5,HUGO LEAL,1023,,
2010,140,70,1,3,HUGO LEAL,1120,,
2010,140,71,1,1,HUGO LEAL,1120,,
2010,140,72,1,2,HUGO LEAL,1155,,
2010,140,73,1,3,HUGO LEAL,1155,,
2010,140,74,1,3,HUGO LEAL,1155,,
2010,140,75,1,3,HUGO LEAL,1155,,
2010,140,76,1,4,HUGO LEAL,1155,,
2010,140,77,1,4,HUGO LEAL,1163,,
2010,140,78,1,5,HUGO LEAL,1163,,
2010,140,79,1,3,HUGO LEAL,1163,,
2010,140,8,1,1,HUGO LEAL,1023,,
2010,140,80,1,1,HUGO LEAL,1155,,
2010,140,81,1,1,HUGO LEAL,1155,,
2010,140,82,1,3,HUGO LEAL,1155,,
2010,140,83,1,3,HUGO LEAL,1155,,
2010,140,84,1,5,HUGO LEAL,1155,,
2010,140,85,1,1,HUGO LEAL,1155,,
2010,140,86,1,2,HUGO LEAL,1155,,
2010,140,87,1,2,HUGO LEAL,1040,,
2010,140,88,1,3,HUGO LEAL,1082,,
2010,140,9,1,3,HUGO LEAL,1023,,
2010,140,90,1,2,HUGO LEAL,1163,,
2010,142,10,1,2,HUGO LEAL,1058,,
2010,142,101,1,1,HUGO LEAL,1201,,
2010,142,102,1,1,HUGO LEAL,1201,,
2010,142,103,1,5,HUGO LEAL,1201,,
2010,142,104,1,4,HUGO LEAL,1201,,
2010,142,105,1,1,HUGO LEAL,1201,,
2010,142,106,1,2,HUGO LEAL,1201,,
2010,142,109,1,4,HUGO LEAL,1210,,
2010,142,11,1,5,HUGO LEAL,1058,,
2010,142,111,1,3,HUGO LEAL,1244,,
2010,142,112,1,1,HUGO LEAL,1244,,
2010,142,113,1,3,HUGO LEAL,1244,,
2010,142,114,1,3,HUGO LEAL,1244,,
2010,142,115,1,3,HUGO LEAL,1210,,
2010,142,116,1,5,HUGO LEAL,1210,,
2010,142,117,1,1,HUGO LEAL,1210,,
2010,142,118,1,1,HUGO LEAL,1210,,
2010,142,119,1,1,HUGO LEAL,1244,,
2010,142,12,1,6,HUGO LEAL,1058,,
2010,142,120,1,1,HUGO LEAL,1244,,
2010,142,121,1,2,HUGO LEAL,1244,,
2010,142,122,1,1,HUGO LEAL,1244,,
2010,142,124,1,5,HUGO LEAL,1244,,
2010,142,125,1,1,HUGO LEAL,1244,,
2010,142,126,1,3,HUGO LEAL,1252,,
2010,142,127,1,2,HUGO LEAL,1252,,
2010,142,128,1,4,HUGO LEAL,1252,,
2010,142,129,1,2,HUGO LEAL,1252,,
2010,142,13,1,1,HUGO LEAL,1058,,
2010,142,130,1,1,HUGO LEAL,1260,,
2010,142,131,1,1,HUGO LEAL,1260,,
2010,142,132,1,3,HUGO LEAL,1260,,
2010,142,133,1,2,HUGO LEAL,1260,,
2010,142,135,1,1,HUGO LEAL,1260,,
2010,142,136,1,2,HUGO LEAL,1260,,
2010,142,137,1,4,HUGO LEAL,1252,,
2010,142,138,1,4,HUGO LEAL,1252,,
2010,142,139,1,6,HUGO LEAL,1252,,
2010,142,14,1,3,HUGO LEAL,1058,,
2010,142,140,1,3,HUGO LEAL,1090,,
2010,142,141,1,2,HUGO LEAL,1090,,
2010,142,142,1,1,HUGO LEAL,1180,,
2010,142,143,1,5,HUGO LEAL,1112,,
2010,142,145,1,2,HUGO LEAL,1201,,
2010,142,146,1,3,HUGO LEAL,1031,,
2010,142,147,1,1,HUGO LEAL,1244,,
2010,142,148,1,2,HUGO LEAL,1244,,
2010,142,149,1,1,HUGO LEAL,1279,,
2010,142,15,1,3,HUGO LEAL,1058,,
2010,142,150,1,2,HUGO LEAL,1198,,
2010,142,151,1,2,HUGO LEAL,1279,,
2010,142,152,1,1,HUGO LEAL,1198,,
2010,142,153,1,1,HUGO LEAL,1279,,
2010,142,155,1,1,HUGO LEAL,1112,,
2010,142,156,1,2,HUGO LEAL,1210,,
2010,142,16,1,2,HUGO LEAL,1058,,
2010,142,17,1,3,HUGO LEAL,1058,,
2010,142,18,1,3,HUGO LEAL,1058,,
2010,142,2,1,1,HUGO LEAL,1015,,
2010,142,20,1,5,HUGO LEAL,1058,,
2010,142,3,1,6,HUGO LEAL,1058,,
2010,142,4,1,2,HUGO LEAL,1058,,
2010,142,5,1,2,HUGO LEAL,1031,,
2010,142,50,1,3,HUGO LEAL,1090,,
2010,142,51,1,2,HUGO LEAL,1090,,
2010,142,52,1,2,HUGO LEAL,1090,,
2010,142,53,1,3,HUGO LEAL,1090,,
2010,142,54,1,5,HUGO LEAL,1090,,
2010,142,55,1,2,HUGO LEAL,1090,,
2010,142,56,1,7,HUGO LEAL,1090,,
2010,142,58,1,1,HUGO LEAL,1104,,
2010,142,59,1,6,HUGO LEAL,1104,,
2010,142,60,1,4,HUGO LEAL,1104,,
2010,142,61,1,2,HUGO LEAL,1112,,
2010,142,62,1,3,HUGO LEAL,1112,,
2010,142,63,1,5,HUGO LEAL,1112,,
2010,142,64,1,2,HUGO LEAL,1112,,
2010,142,65,1,5,HUGO LEAL,1112,,
2010,142,71,1,4,HUGO LEAL,1015,,
2010,142,72,1,2,HUGO LEAL,1015,,
2010,142,73,1,1,HUGO LEAL,1058,,
2010,142,74,1,2,HUGO LEAL,1058,,
2010,142,88,1,3,HUGO LEAL,1180,,
2010,142,89,1,8,HUGO LEAL,1180,,
2010,142,90,1,1,HUGO LEAL,1180,,
2010,142,91,1,3,HUGO LEAL,1180,,
2010,142,92,1,4,HUGO LEAL,1180,,
2010,142,93,1,2,HUGO LEAL,1180,,
2010,142,94,1,2,HUGO LEAL,1180,,
2010,142,95,1,2,HUGO LEAL,1180,,
2010,142,96,1,2,HUGO LEAL,1198,,
2010,142,97,1,4,HUGO LEAL,1198,,
2010,142,98,1,5,HUGO LEAL,1198,,
2010,142,99,1,3,HUGO LEAL,1198,,
2010,143,1,1,1,HUGO LEAL,1066,,
2010,143,10,1,3,HUGO LEAL,1031,,
2010,143,11,1,1,HUGO LEAL,1031,,
2010,143,12,1,4,HUGO LEAL,1112,,
2010,143,14,1,2,HUGO LEAL,1112,,
2010,143,15,1,1,HUGO LEAL,1058,,
2010,143,16,1,2,HUGO LEAL,1058,,
2010,143,17,1,4,HUGO LEAL,1058,,
2010,143,18,1,2,HUGO LEAL,1066,,
2010,143,19,1,2,HUGO LEAL,1066,,
2010,143,2,1,3,HUGO LEAL,1066,,
2010,143,20,1,2,HUGO LEAL,1074,,
2010,143,21,1,6,HUGO LEAL,1074,,
2010,143,22,1,3,HUGO LEAL,1074,,
2010,143,24,1,2,HUGO LEAL,1074,,
2010,143,25,1,3,HUGO LEAL,1074,,
2010,143,26,1,3,HUGO LEAL,1074,,
2010,143,27,1,3,HUGO LEAL,1074,,
2010,143,3,1,7,HUGO LEAL,1066,,
2010,143,30,1,3,HUGO LEAL,1082,,
2010,143,31,1,1,HUGO LEAL,1082,,
2010,143,32,1,2,HUGO LEAL,1198,,
2010,143,33,1,1,HUGO LEAL,1198,,
2010,143,34,1,4,HUGO LEAL,1198,,
2010,143,35,1,1,HUGO LEAL,1120,,
2010,143,36,1,4,HUGO LEAL,1147,,
2010,143,37,1,3,HUGO LEAL,1147,,
2010,143,38,1,3,HUGO LEAL,1147,,
2010,143,4,1,5,HUGO LEAL,1058,,
2010,143,40,1,6,HUGO LEAL,1112,,
2010,143,42,1,4,HUGO LEAL,1112,,
2010,143,45,1,2,HUGO LEAL,1120,,
2010,143,46,1,2,HUGO LEAL,1120,,
2010,143,47,1,2,HUGO LEAL,1120,,
2010,143,48,1,1,HUGO LEAL,1120,,
2010,143,49,1,1,HUGO LEAL,1120,,
2010,143,5,1,7,HUGO LEAL,1058,,
2010,143,50,1,3,HUGO LEAL,1120,,
2010,143,52,1,4,HUGO LEAL,1120,,
2010,143,53,1,5,HUGO LEAL,1120,,
2010,143,54,1,4,HUGO LEAL,1112,,
2010,143,56,1,4,HUGO LEAL,1112,,
2010,143,58,1,1,HUGO LEAL,1147,,
2010,143,59,1,4,HUGO LEAL,1147,,
2010,143,6,1,3,HUGO LEAL,1058,,
2010,143,60,1,2,HUGO LEAL,1147,,
2010,143,61,1,3,HUGO LEAL,1147,,
2010,143,62,1,1,HUGO LEAL,1147,,
2010,143,63,1,2,HUGO LEAL,1112,,
2010,143,65,1,5,HUGO LEAL,1163,,
2010,143,66,1,2,HUGO LEAL,1163,,
2010,143,67,1,5,HUGO LEAL,1163,,
2010,143,68,1,2,HUGO LEAL,1163,,
2010,143,69,1,4,HUGO LEAL,1163,,
2010,143,7,1,3,HUGO LEAL,1031,,
2010,143,70,1,5,HUGO LEAL,1163,,
2010,143,71,1,3,HUGO LEAL,1163,,
2010,143,72,1,3,HUGO LEAL,1163,,
2010,143,73,1,4,HUGO LEAL,1163,,
2010,143,75,1,2,HUGO LEAL,1163,,
2010,143,76,1,2,HUGO LEAL,1163,,
2010,143,78,1,1,HUGO LEAL,1120,,
2010,143,79,1,2,HUGO LEAL,1120,,
2010,143,8,1,2,HUGO LEAL,1031,,
2010,143,81,1,7,HUGO LEAL,1180,,
2010,143,82,1,2,HUGO LEAL,1180,,
2010,143,83,1,2,HUGO LEAL,1180,,
2010,143,84,1,6,HUGO LEAL,1180,,
2010,143,85,1,3,HUGO LEAL,1180,,
2010,143,86,1,1,HUGO LEAL,1031,,
2010,143,87,1,1,HUGO LEAL,1074,,
2010,143,88,1,1,HUGO LEAL,1120,,
2010,143,89,1,1,HUGO LEAL,1082,,
2010,143,9,1,7,HUGO LEAL,1031,,
2010,143,90,1,7,HUGO LEAL,1112,,
2010,143,91,1,1,HUGO LEAL,1058,,
2010,143,92,1,3,HUGO LEAL,1198,,
2010,143,93,1,2,HUGO LEAL,1066,,
2010,143,94,1,1,HUGO LEAL,1031,,
2010,143,96,1,3,HUGO LEAL,1074,,
2010,144,1,1,1,HUGO LEAL,1171,,
2010,144,10,1,4,HUGO LEAL,1031,,
2010,144,100,1,4,HUGO LEAL,1236,,
2010,144,101,1,4,HUGO LEAL,1236,,
2010,144,102,1,2,HUGO LEAL,1236,,
2010,144,104,1,3,HUGO LEAL,1236,,
2010,144,105,1,4,HUGO LEAL,1317,,
2010,144,106,1,4,HUGO LEAL,1317,,
2010,144,107,1,7,HUGO LEAL,1350,,
2010,144,108,1,1,HUGO LEAL,1236,,
2010,144,109,1,2,HUGO LEAL,1236,,
2010,144,11,1,4,HUGO LEAL,1031,,
2010,144,110,1,2,HUGO LEAL,1236,,
2010,144,111,1,1,HUGO LEAL,1350,,
2010,144,112,1,4,HUGO LEAL,1350,,
2010,144,113,1,1,HUGO LEAL,1368,,
2010,144,114,1,2,HUGO LEAL,1368,,
2010,144,115,1,4,HUGO LEAL,1368,,
2010,144,116,1,1,HUGO LEAL,1210,,
2010,144,118,1,1,HUGO LEAL,1210,,
2010,144,119,1,2,HUGO LEAL,1210,,
2010,144,12,1,4,HUGO LEAL,1201,,
2010,144,120,1,7,HUGO LEAL,1210,,
2010,144,121,1,3,HUGO LEAL,1210,,
2010,144,122,1,1,HUGO LEAL,1023,,
2010,144,124,1,7,HUGO LEAL,1090,,
2010,144,125,1,1,HUGO LEAL,1236,,
2010,144,126,1,2,HUGO LEAL,1252,,
2010,144,127,1,1,HUGO LEAL,1210,,
2010,144,128,1,2,HUGO LEAL,1236,,
2010,144,129,1,4,HUGO LEAL,1236,,
2010,144,130,1,2,HUGO LEAL,1104,,
2010,144,131,1,1,HUGO LEAL,1031,,
2010,144,134,1,3,HUGO LEAL,1163,,
2010,144,15,1,3,HUGO LEAL,1031,,
2010,144,16,1,1,HUGO LEAL,1112,,
2010,144,17,1,1,HUGO LEAL,1112,,
2010,144,18,1,1,HUGO LEAL,1171,,
2010,144,19,1,2,HUGO LEAL,1171,,
2010,144,2,1,3,HUGO LEAL,1023,,
2010,144,20,1,5,HUGO LEAL,1082,,
2010,144,22,1,3,HUGO LEAL,1082,,
2010,144,23,1,3,HUGO LEAL,1090,,
2010,144,24,1,4,HUGO LEAL,1090,,
2010,144,25,1,3,HUGO LEAL,1090,,
2010,144,26,1,1,HUGO LEAL,1090,,
2010,144,27,1,4,HUGO LEAL,1104,,
2010,144,28,1,6,HUGO LEAL,1104,,
2010,144,29,1,4,HUGO LEAL,1104,,
2010,144,3,1,2,HUGO LEAL,1023,,
2010,144,30,1,4,HUGO LEAL,1104,,
2010,144,31,1,5,HUGO LEAL,1104,,
2010,144,32,1,9,HUGO LEAL,1104,,
2010,144,33,1,12,HUGO LEAL,1104,,
2010,144,34,1,1,HUGO LEAL,1112,,
2010,144,35,1,1,HUGO LEAL,1112,,
2010,144,36,1,2,HUGO LEAL,1112,,
2010,144,39,1,1,HUGO LEAL,1090,,
2010,144,4,1,2,HUGO LEAL,1023,,
2010,144,40,1,1,HUGO LEAL,1090,,
2010,144,42,1,6,HUGO LEAL,1082,,
2010,144,44,1,1,HUGO LEAL,1163,,
2010,144,45,1,1,HUGO LEAL,1163,,
2010,144,46,1,4,HUGO LEAL,1163,,
2010,144,47,1,4,HUGO LEAL,1163,,
2010,144,48,1,2,HUGO LEAL,1163,,
2010,144,49,1,1,HUGO LEAL,1163,,
2010,144,5,1,4,HUGO LEAL,1031,,
2010,144,50,1,1,HUGO LEAL,1163,,
2010,144,52,1,3,HUGO LEAL,1171,,
2010,144,53,1,1,HUGO LEAL,1171,,
2010,144,55,1,3,HUGO LEAL,1201,,
2010,144,57,1,7,HUGO LEAL,1104,,
2010,144,58,1,5,HUGO LEAL,1104,,
2010,144,59,1,6,HUGO LEAL,1104,,
2010,144,6,1,4,HUGO LEAL,1031,,
2010,144,60,1,7,HUGO LEAL,1201,,
2010,144,62,1,5,HUGO LEAL,1210,,
2010,144,63,1,2,HUGO LEAL,1210,,
2010,144,65,1,4,HUGO LEAL,1210,,
2010,144,67,1,2,HUGO LEAL,1236,,
2010,144,68,1,3,HUGO LEAL,1236,,
2010,144,69,1,2,HUGO LEAL,1236,,
2010,144,7,1,4,HUGO LEAL,1031,,
2010,144,70,1,6,HUGO LEAL,1236,,
2010,144,71,1,2,HUGO LEAL,1236,,
2010,144,72,1,1,HUGO LEAL,1236,,
2010,144,73,1,1,HUGO LEAL,1236,,
2010,144,74,1,2,HUGO LEAL,1236,,
2010,144,76,1,5,HUGO LEAL,1406,,
2010,144,77,1,2,HUGO LEAL,1406,,
2010,144,78,1,4,HUGO LEAL,1406,,
2010,144,79,1,3,HUGO LEAL,1406,,
2010,144,8,1,3,HUGO LEAL,1031,,
2010,144,81,1,3,HUGO LEAL,1236,,
2010,144,82,1,4,HUGO LEAL,1236,,
2010,144,83,1,1,HUGO LEAL,1252,,
2010,144,84,1,4,HUGO LEAL,1252,,
2010,144,85,1,5,HUGO LEAL,1252,,
2010,144,86,1,3,HUGO LEAL,1252,,
2010,144,87,1,2,HUGO LEAL,1252,,
2010,144,88,1,1,HUGO LEAL,1317,,
2010,144,89,1,3,HUGO LEAL,1317,,
2010,144,9,1,2,HUGO LEAL,1031,,
2010,144,90,1,1,HUGO LEAL,1317,,
2010,144,91,1,2,HUGO LEAL,1252,,
2010,144,92,1,2,HUGO LEAL,1252,,
2010,144,93,1,1,HUGO LEAL,1252,,
2010,144,94,1,2,HUGO LEAL,1236,,
2010,144,95,1,2,HUGO LEAL,1236,,
2010,144,96,1,1,HUGO LEAL,1236,,
2010,144,97,1,3,HUGO LEAL,1236,,
2010,144,98,1,2,HUGO LEAL,1236,,
2010,144,99,1,1,HUGO LEAL,1236,,
2010,199,1,1,5,HUGO LEAL,1015,,
2010,199,10,1,5,HUGO LEAL,1031,,
2010,199,101,1,4,HUGO LEAL,1112,,
2010,199,102,1,1,HUGO LEAL,1198,,
2010,199,104,1,5,HUGO LEAL,1155,,
2010,199,105,1,3,HUGO LEAL,1244,,
2010,199,108,1,5,HUGO LEAL,1082,,
2010,199,109,1,4,HUGO LEAL,1074,,
2010,199,11,1,5,HUGO LEAL,1031,,
2010,199,110,1,4,HUGO LEAL,1155,,
2010,199,111,1,3,HUGO LEAL,1112,,
2010,199,112,1,3,HUGO LEAL,1040,,
2010,199,113,1,2,HUGO LEAL,1031,,
2010,199,114,1,3,HUGO LEAL,1198,,
2010,199,115,1,2,HUGO LEAL,1244,,
2010,199,117,1,5,HUGO LEAL,1155,,
2010,199,118,1,7,HUGO LEAL,1112,,
2010,199,12,1,3,HUGO LEAL,1031,,
2010,199,121,1,2,HUGO LEAL,1198,,
2010,199,123,1,1,HUGO LEAL,1139,,
2010,199,124,1,1,HUGO LEAL,1082,,
2010,199,125,1,1,HUGO LEAL,1031,,
2010,199,126,1,4,HUGO LEAL,1198,,
2010,199,127,1,1,HUGO LEAL,1090,,
2010,199,129,1,7,HUGO LEAL,1155,,
2010,199,13,1,5,HUGO LEAL,1031,,
2010,199,130,1,6,HUGO LEAL,1198,,
2010,199,133,1,1,HUGO LEAL,1198,,
2010,199,135,1,2,HUGO LEAL,1090,,
2010,199,136,1,4,HUGO LEAL,1244,,
2010,199,137,1,3,HUGO LEAL,1040,,
2010,199,138,1,2,HUGO LEAL,1112,,
2010,199,14,1,1,HUGO LEAL,1040,,
2010,199,140,1,3,HUGO LEAL,1074,,
2010,199,141,1,4,HUGO LEAL,1082,,
2010,199,142,1,2,HUGO LEAL,1201,,
2010,199,143,1,1,HUGO LEAL,1155,,
2010,199,145,1,2,HUGO LEAL,1090,,
2010,199,146,1,4,HUGO LEAL,1040,,
2010,199,147,1,2,HUGO LEAL,1112,,
2010,199,148,1,5,HUGO LEAL,1031,,
2010,199,15,1,1,HUGO LEAL,1040,,
2010,199,150,1,1,HUGO LEAL,1066,,
2010,199,151,1,2,HUGO LEAL,1090,,
2010,199,152,1,5,HUGO LEAL,1260,,
2010,199,154,1,4,HUGO LEAL,1279,,
2010,199,155,1,3,HUGO LEAL,1112,,
2010,199,156,1,1,HUGO LEAL,1155,,
2010,199,158,1,1,HUGO LEAL,1287,,
2010,199,16,1,3,HUGO LEAL,1040,,
2010,199,17,1,3,HUGO LEAL,1040,,
2010,199,18,1,3,HUGO LEAL,1040,,
2010,199,19,1,1,HUGO LEAL,1040,,
2010,199,2,1,2,HUGO LEAL,1015,,
2010,199,20,1,1,HUGO LEAL,1040,,
2010,199,21,1,8,HUGO LEAL,1066,,
2010,199,22,1,5,HUGO LEAL,1066,,
2010,199,23,1,3,HUGO LEAL,1066,,
2010,199,24,1,5,HUGO LEAL,1066,,
2010,199,25,1,4,HUGO LEAL,1074,,
2010,199,26,1,4,HUGO LEAL,1074,,
2010,199,27,1,5,HUGO LEAL,1074,,
2010,199,28,1,6,HUGO LEAL,1074,,
2010,199,29,1,6,HUGO LEAL,1074,,
2010,199,3,1,2,HUGO LEAL,1015,,
2010,199,31,1,4,HUGO LEAL,1082,,
2010,199,32,1,2,HUGO LEAL,1082,,
2010,199,33,1,2,HUGO LEAL,1082,,
2010,199,34,1,2,HUGO LEAL,1090,,
2010,199,35,1,4,HUGO LEAL,1090,,
2010,199,36,1,2,HUGO LEAL,1090,,
2010,199,37,1,1,HUGO LEAL,1090,,
2010,199,38,1,2,HUGO LEAL,1090,,
2010,199,39,1,2,HUGO LEAL,1090,,
2010,199,40,1,1,HUGO LEAL,1090,,
2010,199,41,1,6,HUGO LEAL,1090,,
2010,199,42,1,1,HUGO LEAL,1082,,
2010,199,43,1,2,HUGO LEAL,1082,,
2010,199,44,1,3,HUGO LEAL,1082,,
2010,199,45,1,2,HUGO LEAL,1112,,
2010,199,46,1,4,HUGO LEAL,1112,,
2010,199,47,1,1,HUGO LEAL,1112,,
2010,199,48,1,3,HUGO LEAL,1112,,
2010,199,49,1,4,HUGO LEAL,1120,,
2010,199,5,1,4,HUGO LEAL,1023,,
2010,199,50,1,1,HUGO LEAL,1120,,
2010,199,51,1,2,HUGO LEAL,1139,,
2010,199,52,1,3,HUGO LEAL,1139,,
2010,199,53,1,1,HUGO LEAL,1139,,
2010,199,54,1,1,HUGO LEAL,1139,,
2010,199,55,1,4,HUGO LEAL,1139,,
2010,199,56,1,1,HUGO LEAL,1139,,
2010,199,58,1,1,HUGO LEAL,1120,,
2010,199,59,1,1,HUGO LEAL,1120,,
2010,199,6,1,3,HUGO LEAL,1023,,
2010,199,60,1,1,HUGO LEAL,1120,,
2010,199,61,1,1,HUGO LEAL,1120,,
2010,199,62,1,2,HUGO LEAL,1120,,
2010,199,63,1,2,HUGO LEAL,1120,,
2010,199,64,1,4,HUGO LEAL,1155,,
2010,199,65,1,3,HUGO LEAL,1155,,
2010,199,66,1,6,HUGO LEAL,1155,,
2010,199,67,1,1,HUGO LEAL,1155,,
2010,199,68,1,2,HUGO LEAL,1163,,
2010,199,69,1,3,HUGO LEAL,1163,,
2010,199,7,1,3,HUGO LEAL,1023,,
2010,199,70,1,6,HUGO LEAL,1163,,
2010,199,71,1,2,HUGO LEAL,1171,,
2010,199,72,1,2,HUGO LEAL,1163,,
2010,199,73,1,3,HUGO LEAL,1163,,
2010,199,74,1,3,HUGO LEAL,1163,,
2010,199,75,1,4,HUGO LEAL,1198,,
2010,199,76,1,6,HUGO LEAL,1198,,
2010,199,77,1,3,HUGO LEAL,1201,,
2010,199,78,1,1,HUGO LEAL,1163,,
2010,199,79,1,9,HUGO LEAL,1244,,
2010,199,8,1,5,HUGO LEAL,1023,,
2010,199,80,1,3,HUGO LEAL,1244,,
2010,199,81,1,3,HUGO LEAL,1244,,
2010,199,83,1,4,HUGO LEAL,1252,,
2010,199,84,1,3,HUGO LEAL,1252,,
2010,199,85,1,2,HUGO LEAL,1252,,
2010,199,86,1,2,HUGO LEAL,1252,,
2010,199,87,1,2,HUGO LEAL,1252,,
2010,199,88,1,3,HUGO LEAL,1015,,
2010,199,89,1,2,HUGO LEAL,1040,,
2010,199,9,1,4,HUGO LEAL,1031,,
2010,199,90,1,2,HUGO LEAL,1082,,
2010,199,91,1,1,HUGO LEAL,1244,,
2010,199,92,1,1,HUGO LEAL,1120,,
2010,199,93,1,3,HUGO LEAL,1201,,
2010,199,94,1,4,HUGO LEAL,1031,,
2010,199,95,1,5,HUGO LEAL,1031,,
2010,199,96,1,2,HUGO LEAL,1040,,
2010,199,97,1,6,HUGO LEAL,1074,,
2010,199,98,1,3,HUGO LEAL,1244,,
2010,199,99,1,3,HUGO LEAL,1082,,
2010,71,1,1,3,HUGO LEAL,1015,,
2010,71,100,1,3,HUGO LEAL,1309,,
2010,71,101,1,2,HUGO LEAL,1309,,
2010,71,102,1,5,HUGO LEAL,1309,,
2010,71,103,1,4,HUGO LEAL,1309,,
2010,71,104,1,8,HUGO LEAL,1317,,
2010,71,105,1,5,HUGO LEAL,1317,,
2010,71,106,1,1,HUGO LEAL,1325,,
2010,71,107,1,4,HUGO LEAL,1325,,
2010,71,108,1,3,HUGO LEAL,1325,,
2010,71,109,1,3,HUGO LEAL,1325,,
2010,71,110,1,4,HUGO LEAL,1325,,
2010,71,111,1,4,HUGO LEAL,1325,,
2010,71,112,1,3,HUGO LEAL,1325,,
2010,71,114,1,3,HUGO LEAL,1325,,
2010,71,115,1,4,HUGO LEAL,1325,,
2010,71,116,1,1,HUGO LEAL,1333,,
2010,71,117,1,5,HUGO LEAL,1333,,
2010,71,118,1,5,HUGO LEAL,1309,,
2010,71,119,1,3,HUGO LEAL,1309,,
2010,71,120,1,2,HUGO LEAL,1333,,
2010,71,121,1,7,HUGO LEAL,1333,,
2010,71,122,1,6,HUGO LEAL,1333,,
2010,71,123,1,5,HUGO LEAL,1368,,
2010,71,124,1,4,HUGO LEAL,1368,,
2010,71,125,1,7,HUGO LEAL,1368,,
2010,71,130,1,2,HUGO LEAL,1392,,
2010,71,131,1,4,HUGO LEAL,1392,,
2010,71,132,1,2,HUGO LEAL,1392,,
2010,71,133,1,2,HUGO LEAL,1392,,
2010,71,134,1,8,HUGO LEAL,1392,,
2010,71,135,1,2,HUGO LEAL,1392,,
2010,71,136,1,2,HUGO LEAL,1015,,
2010,71,138,1,3,HUGO LEAL,1260,,
2010,71,140,1,7,HUGO LEAL,1244,,
2010,71,142,1,2,HUGO LEAL,1295,,
2010,71,143,1,3,HUGO LEAL,1317,,
2010,71,144,1,4,HUGO LEAL,1325,,
2010,71,145,1,4,HUGO LEAL,1317,,
2010,71,146,1,1,HUGO LEAL,1368,,
2010,71,150,1,3,HUGO LEAL,1333,,
2010,71,151,1,3,HUGO LEAL,1104,,
2010,71,153,1,1,HUGO LEAL,1015,,
2010,71,156,1,3,HUGO LEAL,1309,,
2010,71,157,1,1,HUGO LEAL,1260,,
2010,71,158,1,4,HUGO LEAL,1392,,
2010,71,160,1,1,HUGO LEAL,1333,,
2010,71,161,1,5,HUGO LEAL,1392,,
2010,71,167,1,7,HUGO LEAL,1368,,
2010,71,168,1,1,HUGO LEAL,1244,,
2010,71,171,1,2,HUGO LEAL,1295,,
2010,71,172,1,3,HUGO LEAL,1325,,
2010,71,174,1,2,HUGO LEAL,1333,,
2010,71,175,1,1,HUGO LEAL,1309,,
2010,71,178,1,5,HUGO LEAL,1104,,
2010,71,179,1,4,HUGO LEAL,1392,,
2010,71,182,1,1,HUGO LEAL,1333,,
2010,71,183,1,3,HUGO LEAL,1104,,
2010,71,185,1,4,HUGO LEAL,1244,,
2010,71,186,1,1,HUGO LEAL,1392,,
2010,71,189,1,2,HUGO LEAL,1317,,
2010,71,190,1,5,HUGO LEAL,1260,,
2010,71,191,1,6,HUGO LEAL,1309,,
2010,71,192,1,6,HUGO LEAL,1392,,
2010,71,193,1,3,HUGO LEAL,1325,,
2010,71,194,1,2,HUGO LEAL,1295,,
2010,71,195,1,1,HUGO LEAL,1368,,
2010,71,196,1,1,HUGO LEAL,1392,,
2010,71,197,1,2,HUGO LEAL,1015,,
2010,71,198,1,3,HUGO LEAL,1260,,
2010,71,199,1,8,HUGO LEAL,1317,,
2010,71,2,1,5,HUGO LEAL,1015,,
2010,71,200,1,5,HUGO LEAL,1392,,
2010,71,201,1,2,HUGO LEAL,1260,,
2010,71,202,1,1,HUGO LEAL,1325,,
2010,71,27,1,2,HUGO LEAL,1104,,
2010,71,28,1,4,HUGO LEAL,1104,,
2010,71,29,1,5,HUGO LEAL,1104,,
2010,71,3,1,1,HUGO LEAL,1015,,
2010,71,30,1,6,HUGO LEAL,1104,,
2010,71,31,1,2,HUGO LEAL,1104,,
2010,71,32,1,2,HUGO LEAL,1104,,
2010,71,4,1,3,HUGO LEAL,1015,,
2010,71,5,1,2,HUGO LEAL,1015,,
2010,71,6,1,5,HUGO LEAL,1015,,
2010,71,69,1,4,HUGO LEAL,1244,,
2010,71,70,1,3,HUGO LEAL,1244,,
2010,71,71,1,2,HUGO LEAL,1260,,
2010,71,72,1,1,HUGO LEAL,1260,,
2010,71,73,1,1,HUGO LEAL,1260,,
2010,71,74,1,6,HUGO LEAL,1260,,
2010,71,75,1,4,HUGO LEAL,1368,,
2010,71,76,1,4,HUGO LEAL,1368,,
2010,71,77,1,4,HUGO LEAL,1244,,
2010,71,78,1,3,HUGO LEAL,1244,,
2010,71,79,1,1,HUGO LEAL,1244,,
2010,71,80,1,7,HUGO LEAL,1317,,
2010,71,81,1,4,HUGO LEAL,1317,,
2010,71,82,1,3,HUGO LEAL,1260,,
2010,71,83,1,2,HUGO LEAL,1260,,
2010,71,84,1,6,HUGO LEAL,1260,,
2010,71,85,1,1,HUGO LEAL,1333,,
2010,71,86,1,3,HUGO LEAL,1015,,
2010,71,87,1,1,HUGO LEAL,1015,,
2010,71,88,1,4,HUGO LEAL,1295,,
2010,71,89,1,2,HUGO LEAL,1295,,
2010,71,90,1,3,HUGO LEAL,1295,,
2010,71,91,1,3,HUGO LEAL,1295,,
2010,71,92,1,3,HUGO LEAL,1295,,
2010,71,93,1,4,HUGO LEAL,1295,,
2010,71,94,1,3,HUGO LEAL,1295,,
2010,71,95,1,4,HUGO LEAL,1295,,
2010,71,96,1,3,HUGO LEAL,1295,,
2010,71,97,1,3,HUGO LEAL,1295,,
2010,71,98,1,3,HUGO LEAL,1295,,
2010,71,99,1,3,HUGO LEAL,1295,,
2010,72,1,1,1,HUGO LEAL,1015,,
2010,72,10,1,2,HUGO LEAL,1040,,
2010,72,11,1,2,HUGO LEAL,1040,,
2010,72,113,1,2,HUGO LEAL,1368,,
2010,72,118,1,1,HUGO LEAL,1040,,
2010,72,12,1,4,HUGO LEAL,1040,,
2010,72,120,1,4,HUGO LEAL,1449,,
2010,72,122,1,4,HUGO LEAL,1074,,
2010,72,123,1,6,HUGO LEAL,1112,,
2010,72,126,1,3,HUGO LEAL,1180,,
2010,72,13,1,1,HUGO LEAL,1040,,
2010,72,130,1,4,HUGO LEAL,1147,,
2010,72,131,1,2,HUGO LEAL,1449,,
2010,72,132,1,1,HUGO LEAL,1368,,
2010,72,133,1,2,HUGO LEAL,1074,,
2010,72,136,1,1,HUGO LEAL,1112,,
2010,72,14,1,2,HUGO LEAL,1040,,
2010,72,143,1,1,HUGO LEAL,1015,,
2010,72,144,1,4,HUGO LEAL,1112,,
2010,72,146,1,1,HUGO LEAL,1171,,
2010,72,147,1,6,HUGO LEAL,1074,,
2010,72,15,1,1,HUGO LEAL,1040,,
2010,72,150,1,1,HUGO LEAL,1449,,
2010,72,156,1,3,HUGO LEAL,1368,,
2010,72,159,1,4,HUGO LEAL,1449,,
2010,72,160,1,4,HUGO LEAL,1147,,
2010,72,162,1,2,HUGO LEAL,1171,,
2010,72,163,1,6,HUGO LEAL,1449,,
2010,72,164,1,1,HUGO LEAL,1015,,
2010,72,17,1,1,HUGO LEAL,1015,,
2010,72,173,1,3,HUGO LEAL,1449,,
2010,72,174,1,2,HUGO LEAL,1473,,
2010,72,177,1,1,HUGO LEAL,1015,,
2010,72,178,1,3,HUGO LEAL,1171,,
2010,72,179,1,3,HUGO LEAL,1490,,
2010,72,181,1,3,HUGO LEAL,1473,,
2010,72,184,1,2,HUGO LEAL,1147,,
2010,72,185,1,2,HUGO LEAL,1368,,
2010,72,186,1,1,HUGO LEAL,1473,,
2010,72,187,1,6,HUGO LEAL,1473,,
2010,72,188,1,1,HUGO LEAL,1040,,
2010,72,189,1,3,HUGO LEAL,1074,,
2010,72,19,1,4,HUGO LEAL,1449,,
2010,72,190,1,4,HUGO LEAL,1074,,
2010,72,191,1,1,HUGO LEAL,1473,,
2010,72,192,1,3,HUGO LEAL,1449,,
2010,72,193,1,3,HUGO LEAL,1473,,
2010,72,194,1,5,HUGO LEAL,1368,,
2010,72,195,1,6,HUGO LEAL,1449,,
2010,72,196,1,3,HUGO LEAL,1147,,
2010,72,197,1,1,HUGO LEAL,1040,,
2010,72,199,1,3,HUGO LEAL,1368,,
2010,72,2,1,4,HUGO LEAL,1015,,
2010,72,20,1,3,HUGO LEAL,1449,,
2010,72,201,1,3,HUGO LEAL,1473,,
2010,72,202,1,2,HUGO LEAL,1074,,
2010,72,203,1,2,HUGO LEAL,1449,,
2010,72,204,1,1,HUGO LEAL,1040,,
2010,72,205,1,6,HUGO LEAL,1368,,
2010,72,206,1,2,HUGO LEAL,1490,,
2010,72,207,1,4,HUGO LEAL,1473,,
2010,72,208,1,3,HUGO LEAL,1180,,
2010,72,209,1,2,HUGO LEAL,1074,,
2010,72,21,1,3,HUGO LEAL,1449,,
2010,72,210,1,2,HUGO LEAL,1074,,
2010,72,211,1,1,HUGO LEAL,1368,,
2010,72,212,1,2,HUGO LEAL,1040,,
2010,72,213,1,1,HUGO LEAL,1147,,
2010,72,215,1,2,HUGO LEAL,1074,,
2010,72,22,1,2,HUGO LEAL,1449,,
2010,72,23,1,5,HUGO LEAL,1074,,
2010,72,24,1,5,HUGO LEAL,1074,,
2010,72,25,1,3,HUGO LEAL,1074,,
2010,72,26,1,2,HUGO LEAL,1074,,
2010,72,27,1,1,HUGO LEAL,1449,,
2010,72,28,1,4,HUGO LEAL,1449,,
2010,72,3,1,2,HUGO LEAL,1015,,
2010,72,30,1,3,HUGO LEAL,1449,,
2010,72,35,1,1,HUGO LEAL,1112,,
2010,72,36,1,3,HUGO LEAL,1112,,
2010,72,37,1,6,HUGO LEAL,1112,,
2010,72,39,1,5,HUGO LEAL,1112,,
2010,72,40,1,1,HUGO LEAL,1112,,
2010,72,41,1,2,HUGO LEAL,1112,,
2010,72,42,1,5,HUGO LEAL,1112,,
2010,72,43,1,1,HUGO LEAL,1112,,
2010,72,5,1,1,HUGO LEAL,1015,,
2010,72,52,1,2,HUGO LEAL,1147,,
2010,72,53,1,3,HUGO LEAL,1147,,
2010,72,54,1,2,HUGO LEAL,1074,,
2010,72,55,1,4,HUGO LEAL,1074,,
2010,72,56,1,4,HUGO LEAL,1074,,
2010,72,57,1,2,HUGO LEAL,1112,,
2010,72,58,1,1,HUGO LEAL,1112,,
2010,72,59,1,2,HUGO LEAL,1112,,
2010,72,6,1,3,HUGO LEAL,1015,,
2010,72,60,1,3,HUGO LEAL,1112,,
2010,72,61,1,1,HUGO LEAL,1112,,
2010,72,62,1,2,HUGO LEAL,1112,,
2010,72,63,1,1,HUGO LEAL,1171,,
2010,72,64,1,2,HUGO LEAL,1171,,
2010,72,65,1,1,HUGO LEAL,1171,,
2010,72,66,1,2,HUGO LEAL,1171,,
2010,72,67,1,1,HUGO LEAL,1171,,
2010,72,68,1,3,HUGO LEAL,1180,,
2010,72,69,1,1,HUGO LEAL,1180,,
2010,72,7,1,3,HUGO LEAL,1040,,
2010,72,70,1,3,HUGO LEAL,1180,,
2010,72,71,1,1,HUGO LEAL,1180,,
2010,72,8,1,1,HUGO LEAL,1040,,
2010,72,9,1,2,HUGO LEAL,1040,,
2014,113,1,1,1,HUGO LEAL,1031,,
2014,113,10,1,1,HUGO LEAL,1031,,
2014,113,100,1,1,HUGO LEAL,1236,,
2014,113,102,1,2,HUGO LEAL,1236,,
2014,113,103,1,1,HUGO LEAL,1163,,
2014,113,104,1,2,HUGO LEAL,1082,,
2014,113,106,1,2,HUGO LEAL,1023,,
2014,113,107,1,1,HUGO LEAL,1384,,
2014,113,108,1,2,HUGO LEAL,1082,,
2014,113,109,1,1,HUGO LEAL,1295,,
2014,113,11,1,4,HUGO LEAL,1082,,
2014,113,110,1,1,HUGO LEAL,1325,,
2014,113,111,1,1,HUGO LEAL,1236,,
2014,113,113,1,2,HUGO LEAL,1171,,
2014,113,114,1,2,HUGO LEAL,1139,,
2014,113,115,1,1,HUGO LEAL,1384,,
2014,113,118,1,2,HUGO LEAL,1201,,
2014,113,119,1,2,HUGO LEAL,1376,,
2014,113,12,1,5,HUGO LEAL,1163,,
2014,113,120,1,5,HUGO LEAL,1171,,
2014,113,121,1,2,HUGO LEAL,1295,,
2014,113,123,1,4,HUGO LEAL,1236,,
2014,113,124,1,2,HUGO LEAL,1325,,
2014,113,126,1,3,HUGO LEAL,1350,,
2014,113,13,1,1,HUGO LEAL,1163,,
2014,113,14,1,1,HUGO LEAL,1171,,
2014,113,15,1,1,HUGO LEAL,1171,,
2014,113,16,1,4,HUGO LEAL,1171,,
2014,113,17,1,2,HUGO LEAL,1082,,
2014,113,18,1,1,HUGO LEAL,1082,,
2014,113,19,1,3,HUGO LEAL,1082,,
2014,113,2,1,1,HUGO LEAL,1023,,
2014,113,20,1,2,HUGO LEAL,1082,,
2014,113,21,1,2,HUGO LEAL,1082,,
2014,113,22,1,2,HUGO LEAL,1082,,
2014,113,23,1,2,HUGO LEAL,1082,,
2014,113,24,1,3,HUGO LEAL,1163,,
2014,113,26,1,2,HUGO LEAL,1031,,
2014,113,28,1,1,HUGO LEAL,1139,,
2014,113,29,1,2,HUGO LEAL,1139,,
2014,113,30,1,1,HUGO LEAL,1139,,
2014,113,31,1,1,HUGO LEAL,1139,,
2014,113,32,1,1,HUGO LEAL,1139,,
2014,113,36,1,1,HUGO LEAL,1163,,
2014,113,37,1,1,HUGO LEAL,1163,,
2014,113,38,1,2,HUGO LEAL,1163,,
2014,113,39,1,2,HUGO LEAL,1171,,
2014,113,4,1,1,HUGO LEAL,1023,,
2014,113,40,1,1,HUGO LEAL,1171,,
2014,113,41,1,6,HUGO LEAL,1171,,
2014,113,42,1,2,HUGO LEAL,1171,,
2014,113,45,1,2,HUGO LEAL,1236,,
2014,113,48,1,2,HUGO LEAL,1236,,
2014,113,50,1,2,HUGO LEAL,1236,,
2014,113,54,1,1,HUGO LEAL,1236,,
2014,113,56,1,3,HUGO LEAL,1236,,
2014,113,60,1,2,HUGO LEAL,1384,,
2014,113,61,1,2,HUGO LEAL,1163,,
2014,113,63,1,1,HUGO LEAL,1295,,
2014,113,65,1,2,HUGO LEAL,1295,,
2014,113,69,1,3,HUGO LEAL,1309,,
2014,113,7,1,2,HUGO LEAL,1031,,
2014,113,71,1,2,HUGO LEAL,1325,,
2014,113,72,1,1,HUGO LEAL,1325,,
2014,113,73,1,1,HUGO LEAL,1325,,
2014,113,74,1,6,HUGO LEAL,1082,,
2014,113,75,1,2,HUGO LEAL,1082,,
2014,113,76,1,6,HUGO LEAL,1350,,
2014,113,77,1,1,HUGO LEAL,1350,,
2014,113,78,1,1,HUGO LEAL,1376,,
2014,113,79,1,1,HUGO LEAL,1376,,
2014,113,8,1,3,HUGO LEAL,1031,,
2014,113,80,1,1,HUGO LEAL,1376,,
2014,113,81,1,3,HUGO LEAL,1376,,
2014,113,82,1,4,HUGO LEAL,1376,,
2014,113,83,1,1,HUGO LEAL,1376,,
2014,113,84,1,1,HUGO LEAL,1376,,
2014,113,85,1,2,HUGO LEAL,1376,,
2014,113,88,1,2,HUGO LEAL,1295,,
2014,113,89,1,2,HUGO LEAL,1031,,
2014,113,91,1,3,HUGO LEAL,1171,,
2014,113,94,1,4,HUGO LEAL,1350,,
2014,113,95,1,2,HUGO LEAL,1201,,
2014,113,96,1,3,HUGO LEAL,1325,,
2014,113,97,1,1,HUGO LEAL,1082,,
2014,113,99,1,3,HUGO LEAL,1171,,
2014,114,1,1,2,HUGO LEAL,1090,,
2014,114,10,1,2,HUGO LEAL,1082,,
2014,114,106,1,1,HUGO LEAL,1538,,
2014,114,107,1,4,HUGO LEAL,1538,,
2014,114,109,1,1,HUGO LEAL,1546,,
2014,114,117,1,2,HUGO LEAL,1597,,
2014,114,118,1,3,HUGO LEAL,1597,,
2014,114,119,1,4,HUGO LEAL,1597,,
2014,114,12,1,1,HUGO LEAL,1090,,
2014,114,120,1,4,HUGO LEAL,1597,,
2014,114,121,1,2,HUGO LEAL,1597,,
2014,114,122,1,3,HUGO LEAL,1600,,
2014,114,123,1,3,HUGO LEAL,1600,,
2014,114,124,1,3,HUGO LEAL,1600,,
2014,114,125,1,1,HUGO LEAL,1600,,
2014,114,126,1,2,HUGO LEAL,1600,,
2014,114,127,1,2,HUGO LEAL,1082,,
2014,114,128,1,5,HUGO LEAL,1635,,
2014,114,129,1,2,HUGO LEAL,1635,,
2014,114,13,1,4,HUGO LEAL,1090,,
2014,114,130,1,5,HUGO LEAL,1635,,
2014,114,131,1,1,HUGO LEAL,1635,,
2014,114,132,1,2,HUGO LEAL,1635,,
2014,114,133,1,4,HUGO LEAL,1635,,
2014,114,134,1,4,HUGO LEAL,1635,,
2014,114,135,1,4,HUGO LEAL,1643,,
2014,114,136,1,3,HUGO LEAL,1643,,
2014,114,137,1,4,HUGO LEAL,1643,,
2014,114,148,1,2,HUGO LEAL,1716,,
2014,114,149,1,1,HUGO LEAL,1716,,
2014,114,15,1,3,HUGO LEAL,1090,,
2014,114,150,1,3,HUGO LEAL,1716,,
2014,114,151,1,2,HUGO LEAL,1716,,
2014,114,153,1,4,HUGO LEAL,1732,,
2014,114,181,1,1,HUGO LEAL,1333,,
2014,114,186,1,1,HUGO LEAL,1090,,
2014,114,189,1,4,HUGO LEAL,1279,,
2014,114,199,1,1,HUGO LEAL,1333,,
2014,114,202,1,4,HUGO LEAL,1600,,
2014,114,203,1,1,HUGO LEAL,1635,,
2014,114,209,1,1,HUGO LEAL,1090,,
2014,114,210,1,4,HUGO LEAL,1597,,
2014,114,211,1,1,HUGO LEAL,1333,,
2014,114,218,1,1,HUGO LEAL,1082,,
2014,114,219,1,1,HUGO LEAL,1082,,
2014,114,225,1,3,HUGO LEAL,1546,,
2014,114,227,1,1,HUGO LEAL,1082,,
2014,114,232,1,3,HUGO LEAL,1643,,
2014,114,235,1,2,HUGO LEAL,1082,,
2014,114,241,1,2,HUGO LEAL,1716,,
2014,114,246,1,1,HUGO LEAL,1635,,
2014,114,248,1,4,HUGO LEAL,1643,,
2014,114,249,1,1,HUGO LEAL,1090,,
2014,114,256,1,5,HUGO LEAL,1600,,
2014,114,259,1,3,HUGO LEAL,1635,,
2014,114,26,1,2,HUGO LEAL,1333,,
2014,114,268,1,4,HUGO LEAL,1279,,
2014,114,269,1,3,HUGO LEAL,1600,,
2014,114,270,1,3,HUGO LEAL,1716,,
2014,114,271,1,4,HUGO LEAL,1635,,
2014,114,273,1,1,HUGO LEAL,1546,,
2014,114,3,1,3,HUGO LEAL,1082,,
2014,114,48,1,2,HUGO LEAL,1279,,
2014,114,49,1,1,HUGO LEAL,1279,,
2014,114,50,1,1,HUGO LEAL,1279,,
2014,114,6,1,1,HUGO LEAL,1090,,
2014,114,65,1,5,HUGO LEAL,1333,,
2014,114,67,1,2,HUGO LEAL,1333,,
2014,114,69,1,4,HUGO LEAL,1333,,
2014,114,7,1,1,HUGO LEAL,1090,,
2014,114,71,1,3,HUGO LEAL,1333,,
2014,114,8,1,3,HUGO LEAL,1082,,
2014,114,87,1,2,HUGO LEAL,1333,,
2014,115,100,1,3,HUGO LEAL,1414,,
2014,115,101,1,3,HUGO LEAL,1414,,
2014,115,102,1,4,HUGO LEAL,1457,,
2014,115,104,1,1,HUGO LEAL,1457,,
2014,115,105,1,2,HUGO LEAL,1457,,
2014,115,106,1,2,HUGO LEAL,1457,,
2014,115,107,1,3,HUGO LEAL,1589,,
2014,115,108,1,5,HUGO LEAL,1589,,
2014,115,109,1,4,HUGO LEAL,1589,,
2014,115,110,1,2,HUGO LEAL,1589,,
2014,115,111,1,7,HUGO LEAL,1465,,
2014,115,112,1,10,HUGO LEAL,1465,,
2014,115,113,1,9,HUGO LEAL,1465,,
2014,115,114,1,8,HUGO LEAL,1465,,
2014,115,115,1,1,HUGO LEAL,1473,,
2014,115,116,1,2,HUGO LEAL,1473,,
2014,115,117,1,3,HUGO LEAL,1473,,
2014,115,118,1,7,HUGO LEAL,1473,,
2014,115,119,1,3,HUGO LEAL,1473,,
2014,115,120,1,3,HUGO LEAL,1473,,
2014,115,121,1,1,HUGO LEAL,1473,,
2014,115,123,1,1,HUGO LEAL,1481,,
2014,115,126,1,2,HUGO LEAL,1481,,
2014,115,127,1,1,HUGO LEAL,1481,,
2014,115,128,1,5,HUGO LEAL,1490,,
2014,115,129,1,6,HUGO LEAL,1490,,
2014,115,130,1,2,HUGO LEAL,1503,,
2014,115,131,1,3,HUGO LEAL,1503,,
2014,115,132,1,3,HUGO LEAL,1503,,
2014,115,133,1,2,HUGO LEAL,1554,,
2014,115,134,1,1,HUGO LEAL,1554,,
2014,115,135,1,6,HUGO LEAL,1554,,
2014,115,136,1,10,HUGO LEAL,1538,,
2014,115,137,1,4,HUGO LEAL,1538,,
2014,115,138,1,1,HUGO LEAL,1457,,
2014,115,139,1,1,HUGO LEAL,1554,,
2014,115,140,1,1,HUGO LEAL,1554,,
2014,115,141,1,2,HUGO LEAL,1554,,
2014,115,147,1,2,HUGO LEAL,1473,,
2014,115,153,1,4,HUGO LEAL,1490,,
2014,115,155,1,1,HUGO LEAL,1589,,
2014,115,158,1,11,HUGO LEAL,1465,,
2014,115,167,1,4,HUGO LEAL,1538,,
2014,115,169,1,3,HUGO LEAL,1414,,
2014,115,171,1,2,HUGO LEAL,1457,,
2014,115,172,1,4,HUGO LEAL,1554,,
2014,115,173,1,4,HUGO LEAL,1406,,
2014,115,175,1,1,HUGO LEAL,1503,,
2014,115,179,1,1,HUGO LEAL,1414,,
2014,115,183,1,2,HUGO LEAL,1457,,
2014,115,185,1,1,HUGO LEAL,1481,,
2014,115,186,1,3,HUGO LEAL,1406,,
2014,115,192,1,2,HUGO LEAL,1457,,
2014,115,195,1,10,HUGO LEAL,1465,,
2014,115,199,1,4,HUGO LEAL,1406,,
2014,115,200,1,2,HUGO LEAL,1473,,
2014,115,206,1,1,HUGO LEAL,1384,,
2014,115,209,1,1,HUGO LEAL,1406,,
2014,115,210,1,6,HUGO LEAL,1538,,
2014,115,211,1,11,HUGO LEAL,1465,,
2014,115,212,1,12,HUGO LEAL,1465,,
2014,115,213,1,4,HUGO LEAL,1406,,
2014,115,214,1,2,HUGO LEAL,1457,,
2014,115,215,1,1,HUGO LEAL,1503,,
2014,115,216,1,3,HUGO LEAL,1473,,
2014,115,217,1,1,HUGO LEAL,1384,,
2014,115,219,1,4,HUGO LEAL,1406,,
2014,115,220,1,1,HUGO LEAL,1597,,
2014,115,221,1,2,HUGO LEAL,1597,,
2014,115,222,1,2,HUGO LEAL,1597,,
2014,115,223,1,1,HUGO LEAL,1597,,
2014,115,224,1,3,HUGO LEAL,1597,,
2014,115,225,1,1,HUGO LEAL,1406,,
2014,115,226,1,5,HUGO LEAL,1597,,
2014,115,83,1,12,HUGO LEAL,1465,,
2014,115,84,1,1,HUGO LEAL,1384,,
2014,115,85,1,2,HUGO LEAL,1384,,
2014,115,86,1,3,HUGO LEAL,1554,,
2014,115,87,1,1,HUGO LEAL,1554,,
2014,115,89,1,4,HUGO LEAL,1406,,
2014,115,90,1,2,HUGO LEAL,1406,,
2014,115,91,1,2,HUGO LEAL,1406,,
2014,115,92,1,5,HUGO LEAL,1406,,
2014,115,93,1,1,HUGO LEAL,1406,,
2014,115,94,1,1,HUGO LEAL,1414,,
2014,115,95,1,4,HUGO LEAL,1414,,
2014,115,96,1,1,HUGO LEAL,1422,,
2014,115,97,1,2,HUGO LEAL,1422,,
2014,140,1,1,2,HUGO LEAL,1015,,
2014,140,11,1,3,HUGO LEAL,1031,,
2014,140,13,1,1,HUGO LEAL,1031,,
2014,140,14,1,1,HUGO LEAL,1040,,
2014,140,15,1,3,HUGO LEAL,1040,,
2014,140,16,1,4,HUGO LEAL,1082,,
2014,140,18,1,1,HUGO LEAL,1066,,
2014,140,20,1,3,HUGO LEAL,1074,,
2014,140,21,1,1,HUGO LEAL,1074,,
2014,140,23,1,3,HUGO LEAL,1074,,
2014,140,24,1,3,HUGO LEAL,1082,,
2014,140,25,1,1,HUGO LEAL,1082,,
2014,140,26,1,2,HUGO LEAL,1082,,
2014,140,27,1,2,HUGO LEAL,1082,,
2014,140,28,1,3,HUGO LEAL,1082,,
2014,140,29,1,5,HUGO LEAL,1090,,
2014,140,3,1,1,HUGO LEAL,1015,,
2014,140,30,1,4,HUGO LEAL,1090,,
2014,140,31,1,1,HUGO LEAL,1090,,
2014,140,32,1,1,HUGO LEAL,1090,,
2014,140,34,1,1,HUGO LEAL,1090,,
2014,140,35,1,3,HUGO LEAL,1090,,
2014,140,39,1,4,HUGO LEAL,1155,,
2014,140,40,1,1,HUGO LEAL,1120,,
2014,140,41,1,4,HUGO LEAL,1120,,
2014,140,42,1,7,HUGO LEAL,1120,,
2014,140,43,1,5,HUGO LEAL,1120,,
2014,140,44,1,3,HUGO LEAL,1120,,
2014,140,45,1,5,HUGO LEAL,1120,,
2014,140,46,1,2,HUGO LEAL,1120,,
2014,140,47,1,2,HUGO LEAL,1120,,
2014,140,48,1,2,HUGO LEAL,1120,,
2014,140,49,1,3,HUGO LEAL,1120,,
2014,140,5,1,4,HUGO LEAL,1023,,
2014,140,50,1,1,HUGO LEAL,1120,,
2014,140,51,1,2,HUGO LEAL,1120,,
2014,140,52,1,2,HUGO LEAL,1139,,
2014,140,53,1,1,HUGO LEAL,1139,,
2014,140,54,1,1,HUGO LEAL,1139,,
2014,140,56,1,2,HUGO LEAL,1139,,
2014,140,57,1,1,HUGO LEAL,1139,,
2014,140,58,1,1,HUGO LEAL,1139,,
2014,140,61,1,1,HUGO LEAL,1139,,
2014,140,62,1,1,HUGO LEAL,1139,,
2014,140,64,1,3,HUGO LEAL,1139,,
2014,140,65,1,1,HUGO LEAL,1139,,
2014,140,66,1,1,HUGO LEAL,1139,,
2014,140,67,1,2,HUGO LEAL,1120,,
2014,140,68,1,1,HUGO LEAL,1120,,
2014,140,69,1,3,HUGO LEAL,1120,,
2014,140,7,1,3,HUGO LEAL,1023,,
2014,140,70,1,6,HUGO LEAL,1120,,
2014,140,71,1,1,HUGO LEAL,1120,,
2014,140,73,1,3,HUGO LEAL,1155,,
2014,140,75,1,2,HUGO LEAL,1155,,
2014,140,77,1,2,HUGO LEAL,1163,,
2014,140,78,1,1,HUGO LEAL,1163,,
2014,140,79,1,2,HUGO LEAL,1163,,
2014,140,80,1,2,HUGO LEAL,1155,,
2014,140,84,1,4,HUGO LEAL,1155,,
2014,140,87,1,1,HUGO LEAL,1040,,
2014,140,88,1,1,HUGO LEAL,1082,,
2014,140,89,1,2,HUGO LEAL,1074,,
2014,140,9,1,4,HUGO LEAL,1023,,
2014,140,91,1,2,HUGO LEAL,1066,,
2014,140,92,1,4,HUGO LEAL,1074,,
2014,142,1,1,1,HUGO LEAL,1015,,
2014,142,10,1,3,HUGO LEAL,1058,,
2014,142,100,1,1,HUGO LEAL,1201,,
2014,142,101,1,1,HUGO LEAL,1201,,
2014,142,102,1,1,HUGO LEAL,1201,,
2014,142,104,1,3,HUGO LEAL,1201,,
2014,142,105,1,2,HUGO LEAL,1201,,
2014,142,106,1,1,HUGO LEAL,1201,,
2014,142,108,1,1,HUGO LEAL,1210,,
2014,142,109,1,1,HUGO LEAL,1210,,
2014,142,11,1,1,HUGO LEAL,1058,,
2014,142,110,1,3,HUGO LEAL,1244,,
2014,142,113,1,4,HUGO LEAL,1244,,
2014,142,114,1,1,HUGO LEAL,1244,,
2014,142,115,1,1,HUGO LEAL,1210,,
2014,142,116,1,1,HUGO LEAL,1210,,
2014,142,119,1,2,HUGO LEAL,1244,,
2014,142,12,1,1,HUGO LEAL,1058,,
2014,142,121,1,3,HUGO LEAL,1244,,
2014,142,122,1,2,HUGO LEAL,1244,,
2014,142,124,1,2,HUGO LEAL,1244,,
2014,142,125,1,1,HUGO LEAL,1244,,
2014,142,126,1,1,HUGO LEAL,1252,,
2014,142,127,1,1,HUGO LEAL,1252,,
2014,142,129,1,1,HUGO LEAL,1252,,
2014,142,13,1,2,HUGO LEAL,1058,,
2014,142,130,1,2,HUGO LEAL,1260,,
2014,142,131,1,3,HUGO LEAL,1260,,
2014,142,132,1,1,HUGO LEAL,1260,,
2014,142,133,1,3,HUGO LEAL,1260,,
2014,142,134,1,2,HUGO LEAL,1260,,
2014,142,135,1,1,HUGO LEAL,1260,,
2014,142,136,1,3,HUGO LEAL,1260,,
2014,142,137,1,1,HUGO LEAL,1252,,
2014,142,138,1,1,HUGO LEAL,1252,,
2014,142,14,1,2,HUGO LEAL,1058,,
2014,142,140,1,4,HUGO LEAL,1090,,
2014,142,141,1,1,HUGO LEAL,1090,,
2014,142,142,1,1,HUGO LEAL,1180,,
2014,142,143,1,1,HUGO LEAL,1112,,
2014,142,146,1,2,HUGO LEAL,1031,,
2014,142,148,1,3,HUGO LEAL,1244,,
2014,142,149,1,3,HUGO LEAL,1279,,
2014,142,151,1,1,HUGO LEAL,1279,,
2014,142,155,1,1,HUGO LEAL,1112,,
2014,142,159,1,1,HUGO LEAL,1279,,
2014,142,16,1,1,HUGO LEAL,1058,,
2014,142,17,1,1,HUGO LEAL,1058,,
2014,142,2,1,2,HUGO LEAL,1015,,
2014,142,20,1,2,HUGO LEAL,1058,,
2014,142,3,1,1,HUGO LEAL,1058,,
2014,142,4,1,1,HUGO LEAL,1058,,
2014,142,5,1,2,HUGO LEAL,1031,,
2014,142,51,1,3,HUGO LEAL,1090,,
2014,142,53,1,3,HUGO LEAL,1090,,
2014,142,54,1,2,HUGO LEAL,1090,,
2014,142,55,1,1,HUGO LEAL,1090,,
2014,142,56,1,2,HUGO LEAL,1090,,
2014,142,57,1,2,HUGO LEAL,1090,,
2014,142,58,1,2,HUGO LEAL,1058,,
2014,142,6,1,1,HUGO LEAL,1031,,
2014,142,60,1,3,HUGO LEAL,1058,,
2014,142,62,1,3,HUGO LEAL,1112,,
2014,142,63,1,1,HUGO LEAL,1112,,
2014,142,64,1,2,HUGO LEAL,1112,,
2014,142,65,1,1,HUGO LEAL,1112,,
2014,142,71,1,4,HUGO LEAL,1015,,
2014,142,72,1,3,HUGO LEAL,1015,,
2014,142,73,1,2,HUGO LEAL,1058,,
2014,142,88,1,1,HUGO LEAL,1180,,
2014,142,89,1,1,HUGO LEAL,1180,,
2014,142,91,1,3,HUGO LEAL,1180,,
2014,142,92,1,2,HUGO LEAL,1180,,
2014,142,93,1,2,HUGO LEAL,1180,,
2014,142,94,1,2,HUGO LEAL,1180,,
2014,142,96,1,1,HUGO LEAL,1198,,
2014,143,1,1,1,HUGO LEAL,1066,,
2014,143,10,1,4,HUGO LEAL,1147,,
2014,143,100,1,2,HUGO LEAL,1180,,
2014,143,101,1,2,HUGO LEAL,1074,,
2014,143,102,1,6,HUGO LEAL,1058,,
2014,143,103,1,3,HUGO LEAL,1058,,
2014,143,105,1,3,HUGO LEAL,1058,,
2014,143,106,1,1,HUGO LEAL,1180,,
2014,143,11,1,4,HUGO LEAL,1147,,
2014,143,12,1,5,HUGO LEAL,1112,,
2014,143,14,1,4,HUGO LEAL,1112,,
2014,143,15,1,2,HUGO LEAL,1058,,
2014,143,16,1,1,HUGO LEAL,1058,,
2014,143,17,1,3,HUGO LEAL,1058,,
2014,143,18,1,3,HUGO LEAL,1066,,
2014,143,19,1,1,HUGO LEAL,1066,,
2014,143,2,1,2,HUGO LEAL,1066,,
2014,143,20,1,1,HUGO LEAL,1074,,
2014,143,21,1,1,HUGO LEAL,1074,,
2014,143,22,1,2,HUGO LEAL,1074,,
2014,143,23,1,1,HUGO LEAL,1074,,
2014,143,25,1,1,HUGO LEAL,1074,,
2014,143,26,1,2,HUGO LEAL,1074,,
2014,143,27,1,1,HUGO LEAL,1074,,
2014,143,28,1,3,HUGO LEAL,1082,,
2014,143,29,1,5,HUGO LEAL,1082,,
2014,143,3,1,4,HUGO LEAL,1066,,
2014,143,30,1,3,HUGO LEAL,1082,,
2014,143,31,1,4,HUGO LEAL,1082,,
2014,143,32,1,2,HUGO LEAL,1198,,
2014,143,33,1,3,HUGO LEAL,1198,,
2014,143,34,1,1,HUGO LEAL,1198,,
2014,143,36,1,1,HUGO LEAL,1147,,
2014,143,37,1,2,HUGO LEAL,1147,,
2014,143,38,1,1,HUGO LEAL,1147,,
2014,143,4,1,3,HUGO LEAL,1058,,
2014,143,42,1,5,HUGO LEAL,1112,,
2014,143,44,1,2,HUGO LEAL,1120,,
2014,143,45,1,2,HUGO LEAL,1120,,
2014,143,46,1,1,HUGO LEAL,1120,,
2014,143,48,1,2,HUGO LEAL,1120,,
2014,143,49,1,5,HUGO LEAL,1120,,
2014,143,5,1,2,HUGO LEAL,1058,,
2014,143,50,1,2,HUGO LEAL,1120,,
2014,143,51,1,1,HUGO LEAL,1120,,
2014,143,52,1,1,HUGO LEAL,1120,,
2014,143,53,1,1,HUGO LEAL,1120,,
2014,143,54,1,1,HUGO LEAL,1112,,
2014,143,55,1,2,HUGO LEAL,1112,,
2014,143,58,1,2,HUGO LEAL,1147,,
2014,143,59,1,4,HUGO LEAL,1147,,
2014,143,60,1,2,HUGO LEAL,1147,,
2014,143,61,1,1,HUGO LEAL,1147,,
2014,143,62,1,1,HUGO LEAL,1147,,
2014,143,65,1,4,HUGO LEAL,1163,,
2014,143,67,1,3,HUGO LEAL,1163,,
2014,143,68,1,1,HUGO LEAL,1163,,
2014,143,69,1,2,HUGO LEAL,1163,,
2014,143,7,1,8,HUGO LEAL,1147,,
2014,143,70,1,2,HUGO LEAL,1163,,
2014,143,71,1,2,HUGO LEAL,1163,,
2014,143,72,1,1,HUGO LEAL,1163,,
2014,143,73,1,2,HUGO LEAL,1163,,
2014,143,74,1,3,HUGO LEAL,1163,,
2014,143,75,1,1,HUGO LEAL,1163,,
2014,143,77,1,1,HUGO LEAL,1163,,
2014,143,78,1,2,HUGO LEAL,1120,,
2014,143,79,1,2,HUGO LEAL,1120,,
2014,143,8,1,4,HUGO LEAL,1147,,
2014,143,80,1,1,HUGO LEAL,1120,,
2014,143,81,1,1,HUGO LEAL,1180,,
2014,143,83,1,3,HUGO LEAL,1180,,
2014,143,85,1,2,HUGO LEAL,1180,,
2014,143,86,1,1,HUGO LEAL,1147,,
2014,143,87,1,1,HUGO LEAL,1074,,
2014,143,89,1,4,HUGO LEAL,1082,,
2014,143,9,1,5,HUGO LEAL,1147,,
2014,143,90,1,1,HUGO LEAL,1112,,
2014,143,91,1,1,HUGO LEAL,1058,,
2014,143,92,1,2,HUGO LEAL,1198,,
2014,143,93,1,1,HUGO LEAL,1066,,
2014,143,94,1,1,HUGO LEAL,1147,,
2014,143,96,1,1,HUGO LEAL,1074,,
2014,143,97,1,1,HUGO LEAL,1198,,
2014,143,98,1,4,HUGO LEAL,1082,,
2014,143,99,1,1,HUGO LEAL,1058,,
2014,144,1,1,1,HUGO LEAL,1171,,
2014,144,100,1,1,HUGO LEAL,1236,,
2014,144,101,1,1,HUGO LEAL,1236,,
2014,144,103,1,2,HUGO LEAL,1236,,
2014,144,105,1,1,HUGO LEAL,1317,,
2014,144,106,1,1,HUGO LEAL,1317,,
2014,144,107,1,2,HUGO LEAL,1350,,
2014,144,109,1,2,HUGO LEAL,1236,,
2014,144,11,1,2,HUGO LEAL,1031,,
2014,144,110,1,3,HUGO LEAL,1236,,
2014,144,111,1,3,HUGO LEAL,1350,,
2014,144,113,1,1,HUGO LEAL,1252,,
2014,144,114,1,2,HUGO LEAL,1252,,
2014,144,116,1,1,HUGO LEAL,1210,,
2014,144,117,1,1,HUGO LEAL,1210,,
2014,144,119,1,1,HUGO LEAL,1210,,
2014,144,12,1,1,HUGO LEAL,1201,,
2014,144,120,1,1,HUGO LEAL,1210,,
2014,144,121,1,1,HUGO LEAL,1210,,
2014,144,122,1,1,HUGO LEAL,1023,,
2014,144,124,1,2,HUGO LEAL,1090,,
2014,144,126,1,1,HUGO LEAL,1252,,
2014,144,128,1,2,HUGO LEAL,1236,,
2014,144,129,1,1,HUGO LEAL,1236,,
2014,144,13,1,1,HUGO LEAL,1031,,
2014,144,130,1,3,HUGO LEAL,1104,,
2014,144,134,1,4,HUGO LEAL,1163,,
2014,144,135,1,2,HUGO LEAL,1252,,
2014,144,136,1,1,HUGO LEAL,1210,,
2014,144,14,1,1,HUGO LEAL,1031,,
2014,144,16,1,1,HUGO LEAL,1112,,
2014,144,17,1,2,HUGO LEAL,1112,,
2014,144,2,1,2,HUGO LEAL,1023,,
2014,144,20,1,3,HUGO LEAL,1082,,
2014,144,22,1,3,HUGO LEAL,1082,,
2014,144,23,1,2,HUGO LEAL,1090,,
2014,144,24,1,1,HUGO LEAL,1090,,
2014,144,25,1,3,HUGO LEAL,1090,,
2014,144,26,1,2,HUGO LEAL,1090,,
2014,144,27,1,3,HUGO LEAL,1104,,
2014,144,28,1,3,HUGO LEAL,1104,,
2014,144,29,1,3,HUGO LEAL,1104,,
2014,144,30,1,2,HUGO LEAL,1104,,
2014,144,31,1,1,HUGO LEAL,1104,,
2014,144,32,1,1,HUGO LEAL,1104,,
2014,144,33,1,2,HUGO LEAL,1104,,
2014,144,34,1,1,HUGO LEAL,1112,,
2014,144,35,1,1,HUGO LEAL,1112,,
2014,144,36,1,1,HUGO LEAL,1112,,
2014,144,39,1,2,HUGO LEAL,1090,,
2014,144,4,1,3,HUGO LEAL,1023,,
2014,144,42,1,1,HUGO LEAL,1082,,
2014,144,44,1,1,HUGO LEAL,1163,,
2014,144,45,1,1,HUGO LEAL,1163,,
2014,144,47,1,3,HUGO LEAL,1163,,
2014,144,48,1,3,HUGO LEAL,1163,,
2014,144,49,1,5,HUGO LEAL,1163,,
2014,144,5,1,2,HUGO LEAL,1031,,
2014,144,53,1,1,HUGO LEAL,1171,,
2014,144,55,1,1,HUGO LEAL,1201,,
2014,144,57,1,2,HUGO LEAL,1104,,
2014,144,58,1,2,HUGO LEAL,1104,,
2014,144,59,1,3,HUGO LEAL,1104,,
2014,144,6,1,1,HUGO LEAL,1031,,
2014,144,60,1,1,HUGO LEAL,1201,,
2014,144,62,1,1,HUGO LEAL,1210,,
2014,144,64,1,1,HUGO LEAL,1210,,
2014,144,67,1,1,HUGO LEAL,1236,,
2014,144,7,1,1,HUGO LEAL,1031,,
2014,144,70,1,3,HUGO LEAL,1236,,
2014,144,71,1,1,HUGO LEAL,1236,,
2014,144,73,1,2,HUGO LEAL,1236,,
2014,144,75,1,1,HUGO LEAL,1406,,
2014,144,76,1,2,HUGO LEAL,1406,,
2014,144,8,1,1,HUGO LEAL,1031,,
2014,144,80,1,1,HUGO LEAL,1406,,
2014,144,85,1,3,HUGO LEAL,1252,,
2014,144,86,1,1,HUGO LEAL,1252,,
2014,144,87,1,2,HUGO LEAL,1252,,
2014,144,9,1,1,HUGO LEAL,1031,,
2014,144,90,1,2,HUGO LEAL,1317,,
2014,144,91,1,1,HUGO LEAL,1252,,
2014,144,92,1,1,HUGO LEAL,1252,,
2014,144,93,1,3,HUGO LEAL,1252,,
2014,144,94,1,2,HUGO LEAL,1236,,
2014,144,95,1,3,HUGO LEAL,1236,,
2014,144,96,1,1,HUGO LEAL,1236,,
2014,144,97,1,1,HUGO LEAL,1236,,
2014,199,100,1,1,HUGO LEAL,1155,,
2014,199,101,1,1,HUGO LEAL,1112,,
2014,199,102,1,1,HUGO LEAL,1198,,
2014,199,104,1,2,HUGO LEAL,1155,,
2014,199,105,1,3,HUGO LEAL,1244,,
2014,199,107,1,1,HUGO LEAL,1198,,
2014,199,109,1,3,HUGO LEAL,1074,,
2014,199,110,1,1,HUGO LEAL,1155,,
2014,199,111,1,1,HUGO LEAL,1112,,
2014,199,114,1,1,HUGO LEAL,1198,,
2014,199,115,1,1,HUGO LEAL,1244,,
2014,199,117,1,1,HUGO LEAL,1155,,
2014,199,118,1,1,HUGO LEAL,1112,,
2014,199,120,1,4,HUGO LEAL,1015,,
2014,199,121,1,3,HUGO LEAL,1198,,
2014,199,123,1,1,HUGO LEAL,1139,,
2014,199,124,1,2,HUGO LEAL,1082,,
2014,199,125,1,1,HUGO LEAL,1031,,
2014,199,126,1,1,HUGO LEAL,1198,,
2014,199,127,1,1,HUGO LEAL,1090,,
2014,199,129,1,2,HUGO LEAL,1155,,
2014,199,13,1,2,HUGO LEAL,1031,,
2014,199,130,1,1,HUGO LEAL,1198,,
2014,199,132,1,2,HUGO LEAL,1155,,
2014,199,133,1,1,HUGO LEAL,1198,,
2014,199,136,1,5,HUGO LEAL,1244,,
2014,199,138,1,1,HUGO LEAL,1112,,
2014,199,140,1,4,HUGO LEAL,1074,,
2014,199,142,1,1,HUGO LEAL,1317,,
2014,199,143,1,1,HUGO LEAL,1155,,
2014,199,144,1,1,HUGO LEAL,1139,,
2014,199,145,1,1,HUGO LEAL,1090,,
2014,199,150,1,1,HUGO LEAL,1066,,
2014,199,151,1,2,HUGO LEAL,1090,,
2014,199,152,1,2,HUGO LEAL,1260,,
2014,199,153,1,4,HUGO LEAL,1252,,
2014,199,154,1,2,HUGO LEAL,1279,,
2014,199,156,1,1,HUGO LEAL,1155,,
2014,199,157,1,3,HUGO LEAL,1015,,
2014,199,158,1,2,HUGO LEAL,1287,,
2014,199,161,1,2,HUGO LEAL,1260,,
2014,199,165,1,2,HUGO LEAL,1090,,
2014,199,166,1,2,HUGO LEAL,1031,,
2014,199,167,1,1,HUGO LEAL,1112,,
2014,199,168,1,2,HUGO LEAL,1139,,
2014,199,169,1,2,HUGO LEAL,1317,,
2014,199,170,1,8,HUGO LEAL,1279,,
2014,199,171,1,1,HUGO LEAL,1260,,
2014,199,173,1,1,HUGO LEAL,1112,,
2014,199,174,1,1,HUGO LEAL,1287,,
2014,199,175,1,1,HUGO LEAL,1066,,
2014,199,176,1,1,HUGO LEAL,1260,,
2014,199,177,1,2,HUGO LEAL,1295,,
2014,199,178,1,1,HUGO LEAL,1155,,
2014,199,179,1,5,HUGO LEAL,1279,,
2014,199,182,1,3,HUGO LEAL,1112,,
2014,199,185,1,3,HUGO LEAL,1155,,
2014,199,186,1,3,HUGO LEAL,1031,,
2014,199,187,1,1,HUGO LEAL,1104,,
2014,199,188,1,5,HUGO LEAL,1260,,
2014,199,189,1,1,HUGO LEAL,1120,,
2014,199,190,1,4,HUGO LEAL,1279,,
2014,199,191,1,2,HUGO LEAL,1295,,
2014,199,192,1,1,HUGO LEAL,1155,,
2014,199,194,1,2,HUGO LEAL,1295,,
2014,199,195,1,2,HUGO LEAL,1074,,
2014,199,196,1,1,HUGO LEAL,1015,,
2014,199,198,1,1,HUGO LEAL,1104,,
2014,199,199,1,3,HUGO LEAL,1244,,
2014,199,2,1,1,HUGO LEAL,1015,,
2014,199,200,1,3,HUGO LEAL,1279,,
2014,199,202,1,2,HUGO LEAL,1317,,
2014,199,203,1,2,HUGO LEAL,1287,,
2014,199,207,1,3,HUGO LEAL,1104,,
2014,199,209,1,2,HUGO LEAL,1317,,
2014,199,21,1,1,HUGO LEAL,1066,,
2014,199,23,1,1,HUGO LEAL,1066,,
2014,199,24,1,1,HUGO LEAL,1066,,
2014,199,25,1,4,HUGO LEAL,1074,,
2014,199,26,1,5,HUGO LEAL,1074,,
2014,199,27,1,3,HUGO LEAL,1074,,
2014,199,29,1,1,HUGO LEAL,1074,,
2014,199,30,1,1,HUGO LEAL,1082,,
2014,199,32,1,2,HUGO LEAL,1082,,
2014,199,33,1,2,HUGO LEAL,1082,,
2014,199,34,1,1,HUGO LEAL,1090,,
2014,199,35,1,2,HUGO LEAL,1090,,
2014,199,39,1,2,HUGO LEAL,1090,,
2014,199,41,1,2,HUGO LEAL,1090,,
2014,199,42,1,4,HUGO LEAL,1082,,
2014,199,46,1,2,HUGO LEAL,1112,,
2014,199,47,1,9,HUGO LEAL,1112,,
2014,199,48,1,3,HUGO LEAL,1112,,
2014,199,49,1,1,HUGO LEAL,1120,,
2014,199,5,1,4,HUGO LEAL,1023,,
2014,199,50,1,1,HUGO LEAL,1120,,
2014,199,51,1,2,HUGO LEAL,1139,,
2014,199,52,1,1,HUGO LEAL,1139,,
2014,199,55,1,1,HUGO LEAL,1139,,
2014,199,56,1,2,HUGO LEAL,1139,,
2014,199,57,1,1,HUGO LEAL,1139,,
2014,199,6,1,3,HUGO LEAL,1023,,
2014,199,60,1,2,HUGO LEAL,1120,,
2014,199,61,1,1,HUGO LEAL,1120,,
2014,199,63,1,3,HUGO LEAL,1120,,
2014,199,64,1,2,HUGO LEAL,1155,,
2014,199,65,1,1,HUGO LEAL,1155,,
2014,199,66,1,1,HUGO LEAL,1155,,
2014,199,67,1,1,HUGO LEAL,1155,,
2014,199,68,1,3,HUGO LEAL,1163,,
2014,199,7,1,2,HUGO LEAL,1023,,
2014,199,72,1,1,HUGO LEAL,1163,,
2014,199,73,1,1,HUGO LEAL,1163,,
2014,199,75,1,1,HUGO LEAL,1198,,
2014,199,76,1,4,HUGO LEAL,1198,,
2014,199,77,1,2,HUGO LEAL,1317,,
2014,199,78,1,1,HUGO LEAL,1163,,
2014,199,8,1,1,HUGO LEAL,1023,,
2014,199,80,1,2,HUGO LEAL,1244,,
2014,199,81,1,2,HUGO LEAL,1244,,
2014,199,82,1,1,HUGO LEAL,1252,,
2014,199,83,1,1,HUGO LEAL,1252,,
2014,199,88,1,3,HUGO LEAL,1015,,
2014,199,90,1,1,HUGO LEAL,1082,,
2014,199,91,1,1,HUGO LEAL,1244,,
2014,199,93,1,1,HUGO LEAL,1317,,
2014,199,95,1,2,HUGO LEAL,1031,,
2014,199,97,1,4,HUGO LEAL,1074,,
2014,199,98,1,2,HUGO LEAL,1244,,
2014,71,1,1,1,HUGO LEAL,1015,,
2014,71,101,1,5,HUGO LEAL,1309,,
2014,71,103,1,4,HUGO LEAL,1309,,
2014,71,104,1,2,HUGO LEAL,1317,,
2014,71,105,1,2,HUGO LEAL,1317,,
2014,71,106,1,3,HUGO LEAL,1325,,
2014,71,107,1,2,HUGO LEAL,1325,,
2014,71,108,1,1,HUGO LEAL,1325,,
2014,71,109,1,1,HUGO LEAL,1325,,
2014,71,110,1,1,HUGO LEAL,1325,,
2014,71,111,1,2,HUGO LEAL,1325,,
2014,71,112,1,3,HUGO LEAL,1325,,
2014,71,113,1,4,HUGO LEAL,1325,,
2014,71,115,1,2,HUGO LEAL,1325,,
2014,71,116,1,2,HUGO LEAL,1333,,
2014,71,117,1,3,HUGO LEAL,1333,,
2014,71,118,1,3,HUGO LEAL,1309,,
2014,71,119,1,3,HUGO LEAL,1309,,
2014,71,120,1,1,HUGO LEAL,1333,,
2014,71,121,1,3,HUGO LEAL,1333,,
2014,71,122,1,5,HUGO LEAL,1333,,
2014,71,123,1,3,HUGO LEAL,1368,,
2014,71,124,1,4,HUGO LEAL,1368,,
2014,71,125,1,4,HUGO LEAL,1368,,
2014,71,130,1,2,HUGO LEAL,1392,,
2014,71,131,1,2,HUGO LEAL,1392,,
2014,71,132,1,2,HUGO LEAL,1392,,
2014,71,133,1,2,HUGO LEAL,1392,,
2014,71,134,1,2,HUGO LEAL,1392,,
2014,71,135,1,4,HUGO LEAL,1392,,
2014,71,136,1,1,HUGO LEAL,1015,,
2014,71,140,1,5,HUGO LEAL,1244,,
2014,71,142,1,1,HUGO LEAL,1295,,
2014,71,143,1,2,HUGO LEAL,1317,,
2014,71,144,1,1,HUGO LEAL,1325,,
2014,71,146,1,6,HUGO LEAL,1368,,
2014,71,151,1,3,HUGO LEAL,1104,,
2014,71,153,1,1,HUGO LEAL,1015,,
2014,71,156,1,3,HUGO LEAL,1309,,
2014,71,157,1,2,HUGO LEAL,1260,,
2014,71,160,1,2,HUGO LEAL,1333,,
2014,71,167,1,2,HUGO LEAL,1368,,
2014,71,172,1,1,HUGO LEAL,1325,,
2014,71,174,1,2,HUGO LEAL,1333,,
2014,71,175,1,2,HUGO LEAL,1309,,
2014,71,178,1,2,HUGO LEAL,1104,,
2014,71,179,1,1,HUGO LEAL,1392,,
2014,71,182,1,2,HUGO LEAL,1333,,
2014,71,183,1,8,HUGO LEAL,1104,,
2014,71,185,1,4,HUGO LEAL,1244,,
2014,71,190,1,3,HUGO LEAL,1260,,
2014,71,191,1,4,HUGO LEAL,1309,,
2014,71,192,1,2,HUGO LEAL,1392,,
2014,71,193,1,3,HUGO LEAL,1325,,
2014,71,194,1,3,HUGO LEAL,1295,,
2014,71,195,1,2,HUGO LEAL,1368,,
2014,71,196,1,1,HUGO LEAL,1392,,
2014,71,197,1,1,HUGO LEAL,1015,,
2014,71,199,1,3,HUGO LEAL,1317,,
2014,71,2,1,3,HUGO LEAL,1015,,
2014,71,201,1,3,HUGO LEAL,1260,,
2014,71,202,1,1,HUGO LEAL,1325,,
2014,71,203,1,2,HUGO LEAL,1260,,
2014,71,204,1,3,HUGO LEAL,1295,,
2014,71,205,1,3,HUGO LEAL,1317,,
2014,71,206,1,3,HUGO LEAL,1260,,
2014,71,207,1,1,HUGO LEAL,1325,,
2014,71,208,1,6,HUGO LEAL,1244,,
2014,71,209,1,3,HUGO LEAL,1368,,
2014,71,210,1,3,HUGO LEAL,1309,,
2014,71,211,1,2,HUGO LEAL,1392,,
2014,71,212,1,4,HUGO LEAL,1260,,
2014,71,213,1,2,HUGO LEAL,1295,,
2014,71,215,1,1,HUGO LEAL,1260,,
2014,71,216,1,2,HUGO LEAL,1368,,
2014,71,27,1,1,HUGO LEAL,1104,,
2014,71,28,1,1,HUGO LEAL,1104,,
2014,71,29,1,3,HUGO LEAL,1104,,
2014,71,30,1,1,HUGO LEAL,1104,,
2014,71,32,1,2,HUGO LEAL,1104,,
2014,71,5,1,1,HUGO LEAL,1015,,
2014,71,6,1,1,HUGO LEAL,1015,,
2014,71,69,1,4,HUGO LEAL,1244,,
2014,71,70,1,5,HUGO LEAL,1244,,
2014,71,71,1,1,HUGO LEAL,1260,,
2014,71,72,1,2,HUGO LEAL,1260,,
2014,71,73,1,3,HUGO LEAL,1260,,
2014,71,74,1,4,HUGO LEAL,1260,,
2014,71,75,1,5,HUGO LEAL,1368,,
2014,71,76,1,2,HUGO LEAL,1368,,
2014,71,77,1,1,HUGO LEAL,1244,,
2014,71,78,1,1,HUGO LEAL,1244,,
2014,71,79,1,1,HUGO LEAL,1244,,
2014,71,81,1,4,HUGO LEAL,1317,,
2014,71,83,1,2,HUGO LEAL,1260,,
2014,71,84,1,3,HUGO LEAL,1260,,
2014,71,85,1,3,HUGO LEAL,1333,,
2014,71,86,1,1,HUGO LEAL,1015,,
2014,71,87,1,1,HUGO LEAL,1015,,
2014,71,88,1,2,HUGO LEAL,1295,,
2014,71,89,1,1,HUGO LEAL,1295,,
2014,71,90,1,1,HUGO LEAL,1295,,
2014,71,92,1,1,HUGO LEAL,1295,,
2014,71,93,1,4,HUGO LEAL,1295,,
2014,71,94,1,3,HUGO LEAL,1295,,
2014,71,95,1,3,HUGO LEAL,1295,,
2014,71,96,1,1,HUGO LEAL,1295,,
2014,71,97,1,1,HUGO LEAL,1295,,
2014,71,98,1,1,HUGO LEAL,1295,,
2014,71,99,1,5,HUGO LEAL,1295,,
2014,72,1,1,3,HUGO LEAL,1015,,
2014,72,10,1,4,HUGO LEAL,1040,,
2014,72,11,1,4,HUGO LEAL,1040,,
2014,72,113,1,1,HUGO LEAL,1368,,
2014,72,114,1,2,HUGO LEAL,1368,,
2014,72,118,1,3,HUGO LEAL,1040,,
2014,72,12,1,1,HUGO LEAL,1040,,
2014,72,121,1,4,HUGO LEAL,1015,,
2014,72,122,1,1,HUGO LEAL,1074,,
2014,72,123,1,1,HUGO LEAL,1112,,
2014,72,126,1,2,HUGO LEAL,1180,,
2014,72,13,1,8,HUGO LEAL,1040,,
2014,72,130,1,1,HUGO LEAL,1147,,
2014,72,131,1,1,HUGO LEAL,1449,,
2014,72,132,1,3,HUGO LEAL,1368,,
2014,72,133,1,1,HUGO LEAL,1074,,
2014,72,136,1,1,HUGO LEAL,1112,,
2014,72,137,1,4,HUGO LEAL,1015,,
2014,72,139,1,2,HUGO LEAL,1171,,
2014,72,14,1,3,HUGO LEAL,1040,,
2014,72,143,1,2,HUGO LEAL,1015,,
2014,72,144,1,2,HUGO LEAL,1112,,
2014,72,146,1,3,HUGO LEAL,1171,,
2014,72,147,1,2,HUGO LEAL,1074,,
2014,72,149,1,1,HUGO LEAL,1015,,
2014,72,15,1,4,HUGO LEAL,1040,,
2014,72,150,1,3,HUGO LEAL,1449,,
2014,72,151,1,4,HUGO LEAL,1040,,
2014,72,152,1,3,HUGO LEAL,1040,,
2014,72,156,1,4,HUGO LEAL,1368,,
2014,72,16,1,2,HUGO LEAL,1015,,
2014,72,164,1,8,HUGO LEAL,1015,,
2014,72,168,1,1,HUGO LEAL,1074,,
2014,72,17,1,2,HUGO LEAL,1015,,
2014,72,173,1,1,HUGO LEAL,1449,,
2014,72,177,1,8,HUGO LEAL,1015,,
2014,72,18,1,1,HUGO LEAL,1449,,
2014,72,183,1,6,HUGO LEAL,1015,,
2014,72,185,1,1,HUGO LEAL,1368,,
2014,72,187,1,1,HUGO LEAL,1473,,
2014,72,188,1,8,HUGO LEAL,1040,,
2014,72,190,1,2,HUGO LEAL,1074,,
2014,72,191,1,1,HUGO LEAL,1473,,
2014,72,192,1,3,HUGO LEAL,1449,,
2014,72,193,1,1,HUGO LEAL,1473,,
2014,72,194,1,1,HUGO LEAL,1368,,
2014,72,195,1,1,HUGO LEAL,1449,,
2014,72,197,1,4,HUGO LEAL,1040,,
2014,72,198,1,1,HUGO LEAL,1180,,
2014,72,199,1,2,HUGO LEAL,1368,,
2014,72,2,1,2,HUGO LEAL,1015,,
2014,72,204,1,4,HUGO LEAL,1040,,
2014,72,205,1,3,HUGO LEAL,1368,,
2014,72,207,1,2,HUGO LEAL,1473,,
2014,72,208,1,2,HUGO LEAL,1180,,
2014,72,209,1,1,HUGO LEAL,1074,,
2014,72,21,1,1,HUGO LEAL,1449,,
2014,72,211,1,2,HUGO LEAL,1368,,
2014,72,212,1,1,HUGO LEAL,1040,,
2014,72,214,1,1,HUGO LEAL,1473,,
2014,72,217,1,7,HUGO LEAL,1040,,
2014,72,218,1,1,HUGO LEAL,1180,,
2014,72,22,1,1,HUGO LEAL,1449,,
2014,72,220,1,1,HUGO LEAL,1368,,
2014,72,223,1,2,HUGO LEAL,1520,,
2014,72,224,1,1,HUGO LEAL,1520,,
2014,72,225,1,1,HUGO LEAL,1520,,
2014,72,227,1,1,HUGO LEAL,1520,,
2014,72,228,1,2,HUGO LEAL,1520,,
2014,72,230,1,1,HUGO LEAL,1520,,
2014,72,231,1,1,HUGO LEAL,1520,,
2014,72,232,1,1,HUGO LEAL,1520,,
2014,72,234,1,1,HUGO LEAL,1520,,
2014,72,236,1,2,HUGO LEAL,1520,,
2014,72,239,1,1,HUGO LEAL,1546,,
2014,72,24,1,2,HUGO LEAL,1074,,
2014,72,240,1,3,HUGO LEAL,1546,,
2014,72,241,1,1,HUGO LEAL,1546,,
2014,72,246,1,4,HUGO LEAL,1147,,
2014,72,247,1,4,HUGO LEAL,1546,,
2014,72,248,1,2,HUGO LEAL,1546,,
2014,72,25,1,1,HUGO LEAL,1074,,
2014,72,3,1,2,HUGO LEAL,1015,,
2014,72,36,1,3,HUGO LEAL,1112,,
2014,72,38,1,2,HUGO LEAL,1112,,
2014,72,4,1,3,HUGO LEAL,1015,,
2014,72,41,1,3,HUGO LEAL,1112,,
2014,72,42,1,3,HUGO LEAL,1112,,
2014,72,43,1,1,HUGO LEAL,1112,,
2014,72,5,1,4,HUGO LEAL,1015,,
2014,72,54,1,2,HUGO LEAL,1074,,
2014,72,55,1,1,HUGO LEAL,1074,,
2014,72,57,1,2,HUGO LEAL,1112,,
2014,72,58,1,1,HUGO LEAL,1112,,
2014,72,6,1,6,HUGO LEAL,1015,,
2014,72,60,1,2,HUGO LEAL,1112,,
2014,72,62,1,2,HUGO LEAL,1112,,
2014,72,63,1,2,HUGO LEAL,1171,,
2014,72,64,1,1,HUGO LEAL,1171,,
2014,72,66,1,1,HUGO LEAL,1171,,
2014,72,68,1,2,HUGO LEAL,1180,,
2014,72,69,1,1,HUGO LEAL,1180,,
2014,72,7,1,3,HUGO LEAL,1040,,
2014,72,70,1,1,HUGO LEAL,1180,,
2014,72,71,1,2,HUGO LEAL,1180,,
2014,72,8,1,1,HUGO LEAL,1040,,
2014,72,9,1,6,HUGO LEAL,1040,,
2018,144,10,1,3,HUGO LEAL,1031,(PRÉDIO NOVO) COLÉGIO PEDRO II UNIDADE NITERÓI,RUA ASSIS DE VASCONCELOS S/N
2018,144,100,1,2,HUGO LEAL,1430,(PRÉDIO NOVO) COLÉGIO PEDRO II UNIDADE NITERÓI,RUA ASSIS DE VASCONCELOS S/N
2018,144,101,1,1,HUGO LEAL,1430,(PRÉDIO NOVO) COLÉGIO PEDRO II UNIDADE NITERÓI,RUA ASSIS DE VASCONCELOS S/N
2018,144,105,1,3,HUGO LEAL,1317,IGREJA BATISTA BETEL DE NITERÓI,RUA DANIEL TORRES 72
2018,144,107,1,1,HUGO LEAL,1350,PAROQUIA NOSSA SENHORA MAE DA DIVINA PROVIDENCIA,RUA DOM ANTONIO DE ALMEIDA MORAES JR. 125
2018,144,11,1,4,HUGO LEAL,1031,(PRÉDIO NOVO) COLÉGIO PEDRO II UNIDADE NITERÓI,RUA ASSIS DE VASCONCELOS S/N
2018,144,110,1,1,HUGO LEAL,1430,(PRÉDIO NOVO) COLÉGIO PEDRO II UNIDADE NITERÓI,RUA ASSIS DE VASCONCELOS S/N
2018,144,112,1,2,HUGO LEAL,1350,PAROQUIA NOSSA SENHORA MAE DA DIVINA PROVIDENCIA,RUA DOM ANTONIO DE ALMEIDA MORAES JR. 125
2018,144,114,1,2,HUGO LEAL,1252,ESCOLA MUNICIPAL ADELINO MAGALHÃES,"RUA DR. NELSON PENA, 17"
2018,144,117,1,1,HUGO LEAL,1210,TIO SAM ESPORTE CLUBE,RUA BENJAMIM CONSTANT 562
2018,144,119,1,2,HUGO LEAL,1210,TIO SAM ESPORTE CLUBE,RUA BENJAMIM CONSTANT 562
2018,144,124,1,2,HUGO LEAL,1090,ESCOLA TÉCNICA ESTADUAL HENRIQUE LAGE,RUA GUIMARÃES JUNIOR 182
2018,144,125,1,3,HUGO LEAL,1430,(PRÉDIO NOVO) COLÉGIO PEDRO II UNIDADE NITERÓI,RUA ASSIS DE VASCONCELOS S/N
2018,144,126,1,2,HUGO LEAL,1252,ESCOLA MUNICIPAL ADELINO MAGALHÃES,"RUA DR. NELSON PENA, 17"
2018,144,127,1,2,HUGO LEAL,1210,TIO SAM ESPORTE CLUBE,RUA BENJAMIM CONSTANT 562
2018,144,128,1,3,HUGO LEAL,1430,(PRÉDIO NOVO) COLÉGIO PEDRO II UNIDADE NITERÓI,RUA ASSIS DE VASCONCELOS S/N
2018,144,130,1,1,HUGO LEAL,1104,ESCOLA MUNICIPAL ALTIVO CESAR,"RUA DR. LUIZ PALMIER, 25"
2018,144,131,1,1,HUGO LEAL,1031,(PRÉDIO NOVO) COLÉGIO PEDRO II UNIDADE NITERÓI,RUA ASSIS DE VASCONCELOS S/N
2018,144,134,1,3,HUGO LEAL,1163,COLÉGIO ESTADUAL CONSELHEIRO MACEDO SOARES,RUA DR. MARCH 392
2018,144,135,1,1,HUGO LEAL,1252,ESCOLA MUNICIPAL ADELINO MAGALHÃES,"RUA DR. NELSON PENA, 17"
2018,144,136,1,1,HUGO LEAL,1210,TIO SAM ESPORTE CLUBE,RUA BENJAMIM CONSTANT 562
2018,144,137,1,1,HUGO LEAL,1090,ESCOLA TÉCNICA ESTADUAL HENRIQUE LAGE,RUA GUIMARÃES JUNIOR 182
2018,144,139,1,3,HUGO LEAL,1449,INSTITUTO SÃO BENTO DE NITEROI,RUA VEREADOR DUQUE ESTRADA 28
2018,144,140,1,2,HUGO LEAL,1449,INSTITUTO SÃO BENTO DE NITEROI,RUA VEREADOR DUQUE ESTRADA 28
2018,144,141,1,1,HUGO LEAL,1449,INSTITUTO SÃO BENTO DE NITEROI,RUA VEREADOR DUQUE ESTRADA 28
2018,144,144,1,1,HUGO LEAL,1449,INSTITUTO SÃO BENTO DE NITEROI,RUA VEREADOR DUQUE ESTRADA 28
2018,144,145,1,2,HUGO LEAL,1449,INSTITUTO SÃO BENTO DE NITEROI,RUA VEREADOR DUQUE ESTRADA 28
2018,144,146,1,2,HUGO LEAL,1449,INSTITUTO SÃO BENTO DE NITEROI,RUA VEREADOR DUQUE ESTRADA 28
2018,144,147,1,2,HUGO LEAL,1449,INSTITUTO SÃO BENTO DE NITEROI,RUA VEREADOR DUQUE ESTRADA 28
2018,144,148,1,1,HUGO LEAL,1449,INSTITUTO SÃO BENTO DE NITEROI,RUA VEREADOR DUQUE ESTRADA 28
2018,144,15,1,1,HUGO LEAL,1031,(PRÉDIO NOVO) COLÉGIO PEDRO II UNIDADE NITERÓI,RUA ASSIS DE VASCONCELOS S/N
2018,144,152,1,1,HUGO LEAL,1457,ESCOLA ESTADUAL MACHADO DE ASSIS,RUA DESEMBARGADOR LIMA CASTRO 97
2018,144,16,1,1,HUGO LEAL,1112,ESCOLA MUNICIPAL TIRADENTES,"RUA DR. MARCH, 628"
2018,144,164,1,2,HUGO LEAL,1473,ESCOLA ESTADUAL JOSE BONIFACIO,RUA CARLOS MAXIMIANO 20
2018,144,167,1,5,HUGO LEAL,1473,ESCOLA ESTADUAL JOSE BONIFACIO,RUA CARLOS MAXIMIANO 20
2018,144,168,1,1,HUGO LEAL,1473,ESCOLA ESTADUAL JOSE BONIFACIO,RUA CARLOS MAXIMIANO 20
2018,144,169,1,1,HUGO LEAL,1473,ESCOLA ESTADUAL JOSE BONIFACIO,RUA CARLOS MAXIMIANO 20
2018,144,171,1,2,HUGO LEAL,1473,ESCOLA ESTADUAL JOSE BONIFACIO,RUA CARLOS MAXIMIANO 20
2018,144,172,1,1,HUGO LEAL,1473,ESCOLA ESTADUAL JOSE BONIFACIO,RUA CARLOS MAXIMIANO 20
2018,144,173,1,1,HUGO LEAL,1473,ESCOLA ESTADUAL JOSE BONIFACIO,RUA CARLOS MAXIMIANO 20
2018,144,174,1,1,HUGO LEAL,1473,ESCOLA ESTADUAL JOSE BONIFACIO,RUA CARLOS MAXIMIANO 20
2018,144,176,1,1,HUGO LEAL,1473,ESCOLA ESTADUAL JOSE BONIFACIO,RUA CARLOS MAXIMIANO 20
2018,144,177,1,2,HUGO LEAL,1473,ESCOLA ESTADUAL JOSE BONIFACIO,RUA CARLOS MAXIMIANO 20
2018,144,178,1,1,HUGO LEAL,1481,GRUPO ESCOLAR EMBAIXADOR RAUL FERNANDES,"RUA RIODADES, 253"
2018,144,180,1,1,HUGO LEAL,1481,GRUPO ESCOLAR EMBAIXADOR RAUL FERNANDES,"RUA RIODADES, 253"
2018,144,182,1,1,HUGO LEAL,1481,GRUPO ESCOLAR EMBAIXADOR RAUL FERNANDES,"RUA RIODADES, 253"
2018,144,183,1,1,HUGO LEAL,1481,GRUPO ESCOLAR EMBAIXADOR RAUL FERNANDES,"RUA RIODADES, 253"
2018,144,184,1,1,HUGO LEAL,1481,GRUPO ESCOLAR EMBAIXADOR RAUL FERNANDES,"RUA RIODADES, 253"
2018,144,190,1,1,HUGO LEAL,1490,IGREJA BATISTA DO FONSECA,ALAMEDA SAO BOAVENTURA  937
2018,144,193,1,2,HUGO LEAL,1490,IGREJA BATISTA DO FONSECA,ALAMEDA SAO BOAVENTURA  937
2018,144,194,1,1,HUGO LEAL,1503,SERVICO DE ASSISTENCIA SOCIAL SAO DOMINGOS SAVIO,RUA MARTINS TORRES 223
2018,144,196,1,2,HUGO LEAL,1503,SERVICO DE ASSISTENCIA SOCIAL SAO DOMINGOS SAVIO,RUA MARTINS TORRES 223
2018,144,197,1,1,HUGO LEAL,1503,SERVICO DE ASSISTENCIA SOCIAL SAO DOMINGOS SAVIO,RUA MARTINS TORRES 223
2018,144,198,1,2,HUGO LEAL,1503,SERVICO DE ASSISTENCIA SOCIAL SAO DOMINGOS SAVIO,RUA MARTINS TORRES 223
2018,144,199,1,4,HUGO LEAL,1503,SERVICO DE ASSISTENCIA SOCIAL SAO DOMINGOS SAVIO,RUA MARTINS TORRES 223
2018,144,20,1,2,HUGO LEAL,1090,ESCOLA TÉCNICA ESTADUAL HENRIQUE LAGE,RUA GUIMARÃES JUNIOR 182
2018,144,200,1,1,HUGO LEAL,1503,SERVICO DE ASSISTENCIA SOCIAL SAO DOMINGOS SAVIO,RUA MARTINS TORRES 223
2018,144,202,1,2,HUGO LEAL,1511,SOCIEDADE EDUCACIONAL CRISMOGALI,RUA SAO JANUARIO 318
2018,144,204,1,2,HUGO LEAL,1511,SOCIEDADE EDUCACIONAL CRISMOGALI,RUA SAO JANUARIO 318
2018,144,211,1,2,HUGO LEAL,1546,CURSO WISE UP,"ALAMEDA SAO BOAVENTURA , 519"
2018,144,212,1,1,HUGO LEAL,1546,CURSO WISE UP,"ALAMEDA SAO BOAVENTURA , 519"
2018,144,214,1,2,HUGO LEAL,1546,CURSO WISE UP,"ALAMEDA SAO BOAVENTURA , 519"
2018,144,215,1,1,HUGO LEAL,1554,ESCOLA MUNICIPAL PROFESSOR PAULO FREIRE,RUA SOARES DE MIRANDA 77
2018,144,22,1,1,HUGO LEAL,1090,ESCOLA TÉCNICA ESTADUAL HENRIQUE LAGE,RUA GUIMARÃES JUNIOR 182
2018,144,224,1,4,HUGO LEAL,1554,ESCOLA MUNICIPAL PROFESSOR PAULO FREIRE,RUA SOARES DE MIRANDA 77
2018,144,225,1,2,HUGO LEAL,1554,ESCOLA MUNICIPAL PROFESSOR PAULO FREIRE,RUA SOARES DE MIRANDA 77
2018,144,23,1,1,HUGO LEAL,1090,ESCOLA TÉCNICA ESTADUAL HENRIQUE LAGE,RUA GUIMARÃES JUNIOR 182
2018,144,231,1,1,HUGO LEAL,1562,LBV LEGIÃO DA BOA VONTADE,ALAMEDA SÃO BOAVENTURA 474
2018,144,232,1,2,HUGO LEAL,1562,LBV LEGIÃO DA BOA VONTADE,ALAMEDA SÃO BOAVENTURA 474
2018,144,233,1,1,HUGO LEAL,1562,LBV LEGIÃO DA BOA VONTADE,ALAMEDA SÃO BOAVENTURA 474
2018,144,235,1,2,HUGO LEAL,1562,LBV LEGIÃO DA BOA VONTADE,ALAMEDA SÃO BOAVENTURA 474
2018,144,237,1,1,HUGO LEAL,1570,SECRETARIA DE ESTADO DE AGRICULTURA E ABASTECIMENTO,ALAMEDA SAO BOAVENTURA 770
2018,144,238,1,1,HUGO LEAL,1570,SECRETARIA DE ESTADO DE AGRICULTURA E ABASTECIMENTO,ALAMEDA SAO BOAVENTURA 770
2018,144,239,1,3,HUGO LEAL,1570,SECRETARIA DE ESTADO DE AGRICULTURA E ABASTECIMENTO,ALAMEDA SAO BOAVENTURA 770
2018,144,240,1,1,HUGO LEAL,1570,SECRETARIA DE ESTADO DE AGRICULTURA E ABASTECIMENTO,ALAMEDA SAO BOAVENTURA 770
2018,144,248,1,2,HUGO LEAL,1570,SECRETARIA DE ESTADO DE AGRICULTURA E ABASTECIMENTO,ALAMEDA SAO BOAVENTURA 770
2018,144,250,1,4,HUGO LEAL,1589,COLÉGIO NOSSA SENHORA DAS MERCÊS,ALAMEDA SAO BOAVENTURA 297
2018,144,252,1,2,HUGO LEAL,1589,COLÉGIO NOSSA SENHORA DAS MERCÊS,ALAMEDA SAO BOAVENTURA 297
2018,144,253,1,2,HUGO LEAL,1589,COLÉGIO NOSSA SENHORA DAS MERCÊS,ALAMEDA SAO BOAVENTURA 297
2018,144,254,1,3,HUGO LEAL,1589,COLÉGIO NOSSA SENHORA DAS MERCÊS,ALAMEDA SAO BOAVENTURA 297
2018,144,255,1,4,HUGO LEAL,1589,COLÉGIO NOSSA SENHORA DAS MERCÊS,ALAMEDA SAO BOAVENTURA 297
2018,144,259,1,2,HUGO LEAL,1589,COLÉGIO NOSSA SENHORA DAS MERCÊS,ALAMEDA SAO BOAVENTURA 297
2018,144,260,1,2,HUGO LEAL,1589,COLÉGIO NOSSA SENHORA DAS MERCÊS,ALAMEDA SAO BOAVENTURA 297
2018,144,262,1,2,HUGO LEAL,1597,ESCOLA ESTADUAL HILARIO RIBEIRO,ALAMEDA SAO BOAVENTURA 794
2018,144,264,1,1,HUGO LEAL,1597,ESCOLA ESTADUAL HILARIO RIBEIRO,ALAMEDA SAO BOAVENTURA 794
2018,144,266,1,1,HUGO LEAL,1597,ESCOLA ESTADUAL HILARIO RIBEIRO,ALAMEDA SAO BOAVENTURA 794
2018,144,27,1,1,HUGO LEAL,1104,ESCOLA MUNICIPAL ALTIVO CESAR,"RUA DR. LUIZ PALMIER, 25"
2018,144,272,1,3,HUGO LEAL,1597,ESCOLA ESTADUAL HILARIO RIBEIRO,ALAMEDA SAO BOAVENTURA 794
2018,144,274,1,1,HUGO LEAL,1597,ESCOLA ESTADUAL HILARIO RIBEIRO,ALAMEDA SAO BOAVENTURA 794
2018,144,282,1,2,HUGO LEAL,1600,CIEP 251 - DONA MARIA PORTUGAL,RODOVIA AMARAL PEIXOTO KM 3
2018,144,283,1,1,HUGO LEAL,1600,CIEP 251 - DONA MARIA PORTUGAL,RODOVIA AMARAL PEIXOTO KM 3
2018,144,286,1,1,HUGO LEAL,1554,ESCOLA MUNICIPAL PROFESSOR PAULO FREIRE,RUA SOARES DE MIRANDA 77
2018,144,288,1,2,HUGO LEAL,1554,ESCOLA MUNICIPAL PROFESSOR PAULO FREIRE,RUA SOARES DE MIRANDA 77
2018,144,289,1,2,HUGO LEAL,1554,ESCOLA MUNICIPAL PROFESSOR PAULO FREIRE,RUA SOARES DE MIRANDA 77
2018,144,29,1,2,HUGO LEAL,1104,ESCOLA MUNICIPAL ALTIVO CESAR,"RUA DR. LUIZ PALMIER, 25"
2018,144,290,1,1,HUGO LEAL,1554,ESCOLA MUNICIPAL PROFESSOR PAULO FREIRE,RUA SOARES DE MIRANDA 77
2018,144,292,1,1,HUGO LEAL,1627,ESCOLA ESTADUAL DOUTOR JAYME MEMORIA,RUA NORONHA TORREZAO 625
2018,144,293,1,1,HUGO LEAL,1627,ESCOLA ESTADUAL DOUTOR JAYME MEMORIA,RUA NORONHA TORREZAO 625
2018,144,295,1,1,HUGO LEAL,1627,ESCOLA ESTADUAL DOUTOR JAYME MEMORIA,RUA NORONHA TORREZAO 625
2018,144,296,1,1,HUGO LEAL,1627,ESCOLA ESTADUAL DOUTOR JAYME MEMORIA,RUA NORONHA TORREZAO 625
2018,144,298,1,2,HUGO LEAL,1627,ESCOLA ESTADUAL DOUTOR JAYME MEMORIA,RUA NORONHA TORREZAO 625
2018,144,30,1,2,HUGO LEAL,1104,ESCOLA MUNICIPAL ALTIVO CESAR,"RUA DR. LUIZ PALMIER, 25"
2018,144,300,1,2,HUGO LEAL,1627,ESCOLA ESTADUAL DOUTOR JAYME MEMORIA,RUA NORONHA TORREZAO 625
2018,144,305,1,1,HUGO LEAL,1635,ESCOLA MUNICIPAL DOM JOSÉ PEREIRA ALVES,"RUA TENENTE OSORIO, 73"
2018,144,306,1,1,HUGO LEAL,1635,ESCOLA MUNICIPAL DOM JOSÉ PEREIRA ALVES,"RUA TENENTE OSORIO, 73"
2018,144,307,1,1,HUGO LEAL,1635,ESCOLA MUNICIPAL DOM JOSÉ PEREIRA ALVES,"RUA TENENTE OSORIO, 73"
2018,144,314,1,2,HUGO LEAL,1643,IGREJA ASSEMBLÉIA DE DEUS,"TRAVESSA VICTOR PESTRE, 32"
2018,144,315,1,2,HUGO LEAL,1643,IGREJA ASSEMBLÉIA DE DEUS,"TRAVESSA VICTOR PESTRE, 32"
2018,144,316,1,3,HUGO LEAL,1643,IGREJA ASSEMBLÉIA DE DEUS,"TRAVESSA VICTOR PESTRE, 32"
2018,144,317,1,6,HUGO LEAL,1651,INSTITUTO EDUCACIONAL TAURUS,"ALAMEDA SÃO BOAVENTURA, 15"
2018,144,318,1,1,HUGO LEAL,1651,INSTITUTO EDUCACIONAL TAURUS,"ALAMEDA SÃO BOAVENTURA, 15"
2018,144,320,1,1,HUGO LEAL,1651,INSTITUTO EDUCACIONAL TAURUS,"ALAMEDA SÃO BOAVENTURA, 15"
2018,144,322,1,2,HUGO LEAL,1651,INSTITUTO EDUCACIONAL TAURUS,"ALAMEDA SÃO BOAVENTURA, 15"
2018,144,323,1,1,HUGO LEAL,1651,INSTITUTO EDUCACIONAL TAURUS,"ALAMEDA SÃO BOAVENTURA, 15"
2018,144,324,1,2,HUGO LEAL,1651,INSTITUTO EDUCACIONAL TAURUS,"ALAMEDA SÃO BOAVENTURA, 15"
2018,144,327,1,1,HUGO LEAL,1651,INSTITUTO EDUCACIONAL TAURUS,"ALAMEDA SÃO BOAVENTURA, 15"
2018,144,328,1,1,HUGO LEAL,1660,COLÉGIO ESTADUAL CONSELHEIRO JOSINO,"RUA TEIXEIRA DE FREITAS, 421"
2018,144,330,1,1,HUGO LEAL,1660,COLÉGIO ESTADUAL CONSELHEIRO JOSINO,"RUA TEIXEIRA DE FREITAS, 421"
2018,144,343,1,1,HUGO LEAL,1686,GRUPO ESCOLAR NORONHA SANTOS,"RUA PREFEITO BRANDÃO JUNIOR, 184"
2018,144,350,1,1,HUGO LEAL,1686,GRUPO ESCOLAR NORONHA SANTOS,"RUA PREFEITO BRANDÃO JUNIOR, 184"
2018,144,39,1,1,HUGO LEAL,1090,ESCOLA TÉCNICA ESTADUAL HENRIQUE LAGE,RUA GUIMARÃES JUNIOR 182
2018,144,4,1,1,HUGO LEAL,1023,PAROQUIA DE SAO JOAO BATISTA,RUA DR. MARCH 666
2018,144,40,1,2,HUGO LEAL,1090,ESCOLA TÉCNICA ESTADUAL HENRIQUE LAGE,RUA GUIMARÃES JUNIOR 182
2018,144,43,1,1,HUGO LEAL,1090,ESCOLA TÉCNICA ESTADUAL HENRIQUE LAGE,RUA GUIMARÃES JUNIOR 182
2018,144,44,1,3,HUGO LEAL,1163,COLÉGIO ESTADUAL CONSELHEIRO MACEDO SOARES,RUA DR. MARCH 392
2018,144,45,1,1,HUGO LEAL,1163,COLÉGIO ESTADUAL CONSELHEIRO MACEDO SOARES,RUA DR. MARCH 392
2018,144,5,1,3,HUGO LEAL,1031,(PRÉDIO NOVO) COLÉGIO PEDRO II UNIDADE NITERÓI,RUA ASSIS DE VASCONCELOS S/N
2018,144,51,1,1,HUGO LEAL,1163,COLÉGIO ESTADUAL CONSELHEIRO MACEDO SOARES,RUA DR. MARCH 392
2018,144,52,1,1,HUGO LEAL,1171,ESCOLA ESTADUAL MENEZES VIEIRA,RUA ASSIS DE VASCONCELOS N 30
2018,144,54,1,2,HUGO LEAL,1171,ESCOLA ESTADUAL MENEZES VIEIRA,RUA ASSIS DE VASCONCELOS N 30
2018,144,55,1,1,HUGO LEAL,1201,OFICINAS DO SENAI,RUA GALVAO S/N
2018,144,58,1,3,HUGO LEAL,1104,ESCOLA MUNICIPAL ALTIVO CESAR,"RUA DR. LUIZ PALMIER, 25"
2018,144,59,1,2,HUGO LEAL,1104,ESCOLA MUNICIPAL ALTIVO CESAR,"RUA DR. LUIZ PALMIER, 25"
2018,144,6,1,3,HUGO LEAL,1031,(PRÉDIO NOVO) COLÉGIO PEDRO II UNIDADE NITERÓI,RUA ASSIS DE VASCONCELOS S/N
2018,144,62,1,1,HUGO LEAL,1210,TIO SAM ESPORTE CLUBE,RUA BENJAMIM CONSTANT 562
2018,144,63,1,1,HUGO LEAL,1210,TIO SAM ESPORTE CLUBE,RUA BENJAMIM CONSTANT 562
2018,144,65,1,3,HUGO LEAL,1210,TIO SAM ESPORTE CLUBE,RUA BENJAMIM CONSTANT 562
2018,144,67,1,2,HUGO LEAL,1236,COLÉGIO ESTADUAL MULLULO DA VEIGA,RUA CORONEL GUIMARÃES 505
2018,144,68,1,2,HUGO LEAL,1236,COLÉGIO ESTADUAL MULLULO DA VEIGA,RUA CORONEL GUIMARÃES 505
2018,144,69,1,2,HUGO LEAL,1236,COLÉGIO ESTADUAL MULLULO DA VEIGA,RUA CORONEL GUIMARÃES 505
2018,144,7,1,1,HUGO LEAL,1031,(PRÉDIO NOVO) COLÉGIO PEDRO II UNIDADE NITERÓI,RUA ASSIS DE VASCONCELOS S/N
2018,144,70,1,2,HUGO LEAL,1236,COLÉGIO ESTADUAL MULLULO DA VEIGA,RUA CORONEL GUIMARÃES 505
2018,144,71,1,2,HUGO LEAL,1236,COLÉGIO ESTADUAL MULLULO DA VEIGA,RUA CORONEL GUIMARÃES 505
2018,144,72,1,2,HUGO LEAL,1236,COLÉGIO ESTADUAL MULLULO DA VEIGA,RUA CORONEL GUIMARÃES 505
2018,144,73,1,2,HUGO LEAL,1236,COLÉGIO ESTADUAL MULLULO DA VEIGA,RUA CORONEL GUIMARÃES 505
2018,144,74,1,1,HUGO LEAL,1236,COLÉGIO ESTADUAL MULLULO DA VEIGA,RUA CORONEL GUIMARÃES 505
2018,144,79,1,1,HUGO LEAL,1406,COLÉGIO NITERÓI,"RUA  VEREADOR JOSÉ VICENTE SOBRINHO, 269"
2018,144,8,1,1,HUGO LEAL,1031,(PRÉDIO NOVO) COLÉGIO PEDRO II UNIDADE NITERÓI,RUA ASSIS DE VASCONCELOS S/N
2018,144,80,1,1,HUGO LEAL,1406,COLÉGIO NITERÓI,"RUA  VEREADOR JOSÉ VICENTE SOBRINHO, 269"
2018,144,86,1,2,HUGO LEAL,1252,ESCOLA MUNICIPAL ADELINO MAGALHÃES,"RUA DR. NELSON PENA, 17"
2018,144,87,1,1,HUGO LEAL,1252,ESCOLA MUNICIPAL ADELINO MAGALHÃES,"RUA DR. NELSON PENA, 17"
2018,144,88,1,1,HUGO LEAL,1317,IGREJA BATISTA BETEL DE NITERÓI,RUA DANIEL TORRES 72
2018,144,9,1,1,HUGO LEAL,1031,(PRÉDIO NOVO) COLÉGIO PEDRO II UNIDADE NITERÓI,RUA ASSIS DE VASCONCELOS S/N
2018,144,91,1,1,HUGO LEAL,1252,ESCOLA MUNICIPAL ADELINO MAGALHÃES,"RUA DR. NELSON PENA, 17"
2018,144,92,1,1,HUGO LEAL,1252,ESCOLA MUNICIPAL ADELINO MAGALHÃES,"RUA DR. NELSON PENA, 17"
2018,144,94,1,2,HUGO LEAL,1430,(PRÉDIO NOVO) COLÉGIO PEDRO II UNIDADE NITERÓI,RUA ASSIS DE VASCONCELOS S/N
2018,144,95,1,1,HUGO LEAL,1236,COLÉGIO ESTADUAL MULLULO DA VEIGA,RUA CORONEL GUIMARÃES 505
2018,144,96,1,3,HUGO LEAL,1430,(PRÉDIO NOVO) COLÉGIO PEDRO II UNIDADE NITERÓI,RUA ASSIS DE VASCONCELOS S/N
2018,144,97,1,3,HUGO LEAL,1430,(PRÉDIO NOVO) COLÉGIO PEDRO II UNIDADE NITERÓI,RUA ASSIS DE VASCONCELOS S/N
2018,144,98,1,3,HUGO LEAL,1430,(PRÉDIO NOVO) COLÉGIO PEDRO II UNIDADE NITERÓI,RUA ASSIS DE VASCONCELOS S/N
2018,144,99,1,2,HUGO LEAL,1430,(PRÉDIO NOVO) COLÉGIO PEDRO II UNIDADE NITERÓI,RUA ASSIS DE VASCONCELOS S/N
2018,199,1,1,1,HUGO LEAL,1015,COUNTRY CLUB DE NITEROI,RUA CHILE 135
2018,199,10,1,1,HUGO LEAL,1031,ESCOLA MUNICIPAL HONORINA DE CARVALHO,RUA PROF. JOSE PECANHA S/N
2018,199,100,1,1,HUGO LEAL,1155,COLEGIO ITAPUCA,"AV. ERNANI DE FARIAS ALVES, N 124 TREVO DE PIRATININGA"
2018,199,102,1,1,HUGO LEAL,1198,ESCOLA ESTADUAL RUI FRAZAO SOARES - CIEP 448,ESTRADA DO ENGENHO DO MATO S/N - PRACA
2018,199,104,1,1,HUGO LEAL,1155,COLEGIO ITAPUCA,"AV. ERNANI DE FARIAS ALVES, N 124 TREVO DE PIRATININGA"
2018,199,111,1,2,HUGO LEAL,1112,COLÉGIO SALESIANO REGIÃO OCEÂNICA,"RUA DOUTOR CORNÉLIO DE MELLO JÚNIOR, 117"
2018,199,114,1,1,HUGO LEAL,1198,ESCOLA ESTADUAL RUI FRAZAO SOARES - CIEP 448,ESTRADA DO ENGENHO DO MATO S/N - PRACA
2018,199,116,1,1,HUGO LEAL,1090,ESCOLA ESTADUAL PROF. ALCINA RODRIGUES LIMA,"ESTRADA FRANCISCO DA CRUZ NUNES, S/N"
2018,199,117,1,1,HUGO LEAL,1155,COLEGIO ITAPUCA,"AV. ERNANI DE FARIAS ALVES, N 124 TREVO DE PIRATININGA"
2018,199,118,1,1,HUGO LEAL,1112,COLÉGIO SALESIANO REGIÃO OCEÂNICA,"RUA DOUTOR CORNÉLIO DE MELLO JÚNIOR, 117"
2018,199,119,1,2,HUGO LEAL,1066,ITACOATIARA PAMPO CLUBE,AV. BEIRA MAR 205
2018,199,120,1,1,HUGO LEAL,1015,COUNTRY CLUB DE NITEROI,RUA CHILE 135
2018,199,121,1,2,HUGO LEAL,1198,ESCOLA ESTADUAL RUI FRAZAO SOARES - CIEP 448,ESTRADA DO ENGENHO DO MATO S/N - PRACA
2018,199,123,1,1,HUGO LEAL,1139,ESCOLA MUNICIPAL FRANCISCO PORTUGAL NEVES,"RUA MANOEL PACHECO DE CARVALHO, N 14 TREVO DE PIRATININGA"
2018,199,124,1,1,HUGO LEAL,1082,ESCOLA MUNICIPAL UMEI DR PAULO CESAR DE ALMEIDA PIMENTEL,RUA ANTONIO LUIZ SAIÃO CAMPO BELO
2018,199,125,1,1,HUGO LEAL,1031,ESCOLA MUNICIPAL HONORINA DE CARVALHO,RUA PROF. JOSE PECANHA S/N
2018,199,13,1,1,HUGO LEAL,1031,ESCOLA MUNICIPAL HONORINA DE CARVALHO,RUA PROF. JOSE PECANHA S/N
2018,199,130,1,1,HUGO LEAL,1198,ESCOLA ESTADUAL RUI FRAZAO SOARES - CIEP 448,ESTRADA DO ENGENHO DO MATO S/N - PRACA
2018,199,132,1,1,HUGO LEAL,1155,COLEGIO ITAPUCA,"AV. ERNANI DE FARIAS ALVES, N 124 TREVO DE PIRATININGA"
2018,199,135,1,1,HUGO LEAL,1090,ESCOLA ESTADUAL PROF. ALCINA RODRIGUES LIMA,"ESTRADA FRANCISCO DA CRUZ NUNES, S/N"
2018,199,136,1,1,HUGO LEAL,1244,CURSO LAPLACE,"RUA MANOEL PACHECO DE CARVALHO, N 80"
2018,199,138,1,1,HUGO LEAL,1112,COLÉGIO SALESIANO REGIÃO OCEÂNICA,"RUA DOUTOR CORNÉLIO DE MELLO JÚNIOR, 117"
2018,199,139,1,1,HUGO LEAL,1198,ESCOLA ESTADUAL RUI FRAZAO SOARES - CIEP 448,ESTRADA DO ENGENHO DO MATO S/N - PRACA
2018,199,140,1,1,HUGO LEAL,1074,COLÉGIO GAUSS EM ITAIPU,AVENIDA FREI FABIANO N 155 LOT SANTO ANTÔNIO ITAIPU
2018,199,142,1,2,HUGO LEAL,1317,COLÉGIO PAULO FREIRE,"AVENIDA IRENE LOPES SODRÉ, N22"
2018,199,144,1,3,HUGO LEAL,1139,ESCOLA MUNICIPAL FRANCISCO PORTUGAL NEVES,"RUA MANOEL PACHECO DE CARVALHO, N 14 TREVO DE PIRATININGA"
2018,199,145,1,3,HUGO LEAL,1090,ESCOLA ESTADUAL PROF. ALCINA RODRIGUES LIMA,"ESTRADA FRANCISCO DA CRUZ NUNES, S/N"
2018,199,149,1,1,HUGO LEAL,1198,ESCOLA ESTADUAL RUI FRAZAO SOARES - CIEP 448,ESTRADA DO ENGENHO DO MATO S/N - PRACA
2018,199,150,1,1,HUGO LEAL,1066,ITACOATIARA PAMPO CLUBE,AV. BEIRA MAR 205
2018,199,156,1,2,HUGO LEAL,1155,COLEGIO ITAPUCA,"AV. ERNANI DE FARIAS ALVES, N 124 TREVO DE PIRATININGA"
2018,199,158,1,2,HUGO LEAL,1287,ESCOLA MUNICPAL PROF MARCOS WALDEMAR DE FREITAS REIS,"RUA ANTONIO LUIZ SAIÃO, S/N ITAIPU"
2018,199,160,1,2,HUGO LEAL,1120,ESCOLA ESTADUAL ALMIRANTE TAMANDARE,AV. ACURCIO TORRES S/N
2018,199,161,1,1,HUGO LEAL,1260,COLÉGIO PLUZ,"RUA JOSÉ BITTENCOURT (ANT RUA 10 SOTER), N 20"
2018,199,162,1,1,HUGO LEAL,1198,ESCOLA ESTADUAL RUI FRAZAO SOARES - CIEP 448,ESTRADA DO ENGENHO DO MATO S/N - PRACA
2018,199,163,1,1,HUGO LEAL,1260,COLÉGIO PLUZ,"RUA JOSÉ BITTENCOURT (ANT RUA 10 SOTER), N 20"
2018,199,168,1,1,HUGO LEAL,1139,ESCOLA MUNICIPAL FRANCISCO PORTUGAL NEVES,"RUA MANOEL PACHECO DE CARVALHO, N 14 TREVO DE PIRATININGA"
2018,199,170,1,3,HUGO LEAL,1279,ESPAÇO CREARE CAMBOINHAS (EX SAINT NICHOLAS),"AVENIDA PROF CARLOS NELSON FERREIRA SANTOS(ANT AVENIDA 5) , 658"
2018,199,171,1,1,HUGO LEAL,1260,COLÉGIO PLUZ,"RUA JOSÉ BITTENCOURT (ANT RUA 10 SOTER), N 20"
2018,199,173,1,1,HUGO LEAL,1112,COLÉGIO SALESIANO REGIÃO OCEÂNICA,"RUA DOUTOR CORNÉLIO DE MELLO JÚNIOR, 117"
2018,199,174,1,1,HUGO LEAL,1287,ESCOLA MUNICPAL PROF MARCOS WALDEMAR DE FREITAS REIS,"RUA ANTONIO LUIZ SAIÃO, S/N ITAIPU"
2018,199,175,1,4,HUGO LEAL,1066,ITACOATIARA PAMPO CLUBE,AV. BEIRA MAR 205
2018,199,176,1,3,HUGO LEAL,1260,COLÉGIO PLUZ,"RUA JOSÉ BITTENCOURT (ANT RUA 10 SOTER), N 20"
2018,199,177,1,1,HUGO LEAL,1295,UMEI PROFA ODETE ROSA DA MOTA,ESTRADA FRANCISCO DA CRUZ NUNES S/N (PRÓXIMO AO CORPO DE BOMBEIROS)
2018,199,181,1,2,HUGO LEAL,1015,COUNTRY CLUB DE NITEROI,RUA CHILE 135
2018,199,183,1,2,HUGO LEAL,1252,CIEP 307 -  DJANIRA,AV. EWERTON XAVIER S/N - PRACA
2018,199,184,1,1,HUGO LEAL,1260,COLÉGIO PLUZ,"RUA JOSÉ BITTENCOURT (ANT RUA 10 SOTER), N 20"
2018,199,185,1,2,HUGO LEAL,1155,COLEGIO ITAPUCA,"AV. ERNANI DE FARIAS ALVES, N 124 TREVO DE PIRATININGA"
2018,199,186,1,1,HUGO LEAL,1031,ESCOLA MUNICIPAL HONORINA DE CARVALHO,RUA PROF. JOSE PECANHA S/N
2018,199,187,1,4,HUGO LEAL,1104,FISK CENTRO DE ENSINO,RUA ERNANI DE FARIAS ALVES 161
2018,199,188,1,1,HUGO LEAL,1260,COLÉGIO PLUZ,"RUA JOSÉ BITTENCOURT (ANT RUA 10 SOTER), N 20"
2018,199,190,1,1,HUGO LEAL,1279,ESPAÇO CREARE CAMBOINHAS (EX SAINT NICHOLAS),"AVENIDA PROF CARLOS NELSON FERREIRA SANTOS(ANT AVENIDA 5) , 658"
2018,199,191,1,1,HUGO LEAL,1295,UMEI PROFA ODETE ROSA DA MOTA,ESTRADA FRANCISCO DA CRUZ NUNES S/N (PRÓXIMO AO CORPO DE BOMBEIROS)
2018,199,192,1,1,HUGO LEAL,1155,COLEGIO ITAPUCA,"AV. ERNANI DE FARIAS ALVES, N 124 TREVO DE PIRATININGA"
2018,199,193,1,1,HUGO LEAL,1260,COLÉGIO PLUZ,"RUA JOSÉ BITTENCOURT (ANT RUA 10 SOTER), N 20"
2018,199,194,1,2,HUGO LEAL,1295,UMEI PROFA ODETE ROSA DA MOTA,ESTRADA FRANCISCO DA CRUZ NUNES S/N (PRÓXIMO AO CORPO DE BOMBEIROS)
2018,199,196,1,1,HUGO LEAL,1015,COUNTRY CLUB DE NITEROI,RUA CHILE 135
2018,199,197,1,2,HUGO LEAL,1295,UMEI PROFA ODETE ROSA DA MOTA,ESTRADA FRANCISCO DA CRUZ NUNES S/N (PRÓXIMO AO CORPO DE BOMBEIROS)
2018,199,199,1,1,HUGO LEAL,1244,CURSO LAPLACE,"RUA MANOEL PACHECO DE CARVALHO, N 80"
2018,199,2,1,1,HUGO LEAL,1015,COUNTRY CLUB DE NITEROI,RUA CHILE 135
2018,199,200,1,1,HUGO LEAL,1279,ESPAÇO CREARE CAMBOINHAS (EX SAINT NICHOLAS),"AVENIDA PROF CARLOS NELSON FERREIRA SANTOS(ANT AVENIDA 5) , 658"
2018,199,202,1,1,HUGO LEAL,1317,COLÉGIO PAULO FREIRE,"AVENIDA IRENE LOPES SODRÉ, N22"
2018,199,205,1,2,HUGO LEAL,1295,UMEI PROFA ODETE ROSA DA MOTA,ESTRADA FRANCISCO DA CRUZ NUNES S/N (PRÓXIMO AO CORPO DE BOMBEIROS)
2018,199,217,1,2,HUGO LEAL,1341,SOPRECAM,"AV. PROFESSOR CARLOS NELSON FERREIRA, S/N"
2018,199,219,1,1,HUGO LEAL,1317,COLÉGIO PAULO FREIRE,"AVENIDA IRENE LOPES SODRÉ, N22"
2018,199,222,1,1,HUGO LEAL,1252,CIEP 307 -  DJANIRA,AV. EWERTON XAVIER S/N - PRACA
2018,199,25,1,2,HUGO LEAL,1074,COLÉGIO GAUSS EM ITAIPU,AVENIDA FREI FABIANO N 155 LOT SANTO ANTÔNIO ITAIPU
2018,199,26,1,1,HUGO LEAL,1074,COLÉGIO GAUSS EM ITAIPU,AVENIDA FREI FABIANO N 155 LOT SANTO ANTÔNIO ITAIPU
2018,199,27,1,2,HUGO LEAL,1074,COLÉGIO GAUSS EM ITAIPU,AVENIDA FREI FABIANO N 155 LOT SANTO ANTÔNIO ITAIPU
2018,199,29,1,1,HUGO LEAL,1074,COLÉGIO GAUSS EM ITAIPU,AVENIDA FREI FABIANO N 155 LOT SANTO ANTÔNIO ITAIPU
2018,199,3,1,2,HUGO LEAL,1015,COUNTRY CLUB DE NITEROI,RUA CHILE 135
2018,199,30,1,1,HUGO LEAL,1082,ESCOLA MUNICIPAL UMEI DR PAULO CESAR DE ALMEIDA PIMENTEL,RUA ANTONIO LUIZ SAIÃO CAMPO BELO
2018,199,31,1,1,HUGO LEAL,1082,ESCOLA MUNICIPAL UMEI DR PAULO CESAR DE ALMEIDA PIMENTEL,RUA ANTONIO LUIZ SAIÃO CAMPO BELO
2018,199,33,1,1,HUGO LEAL,1082,ESCOLA MUNICIPAL UMEI DR PAULO CESAR DE ALMEIDA PIMENTEL,RUA ANTONIO LUIZ SAIÃO CAMPO BELO
2018,199,35,1,4,HUGO LEAL,1090,ESCOLA ESTADUAL PROF. ALCINA RODRIGUES LIMA,"ESTRADA FRANCISCO DA CRUZ NUNES, S/N"
2018,199,36,1,1,HUGO LEAL,1090,ESCOLA ESTADUAL PROF. ALCINA RODRIGUES LIMA,"ESTRADA FRANCISCO DA CRUZ NUNES, S/N"
2018,199,38,1,1,HUGO LEAL,1090,ESCOLA ESTADUAL PROF. ALCINA RODRIGUES LIMA,"ESTRADA FRANCISCO DA CRUZ NUNES, S/N"
2018,199,39,1,1,HUGO LEAL,1090,ESCOLA ESTADUAL PROF. ALCINA RODRIGUES LIMA,"ESTRADA FRANCISCO DA CRUZ NUNES, S/N"
2018,199,4,1,1,HUGO LEAL,1023,ESCOLA ESTADUAL FELISBERTO DE CARVALHO,ESTRADA CAETANO MONTEIRO 896
2018,199,41,1,5,HUGO LEAL,1090,ESCOLA ESTADUAL PROF. ALCINA RODRIGUES LIMA,"ESTRADA FRANCISCO DA CRUZ NUNES, S/N"
2018,199,43,1,1,HUGO LEAL,1082,ESCOLA MUNICIPAL UMEI DR PAULO CESAR DE ALMEIDA PIMENTEL,RUA ANTONIO LUIZ SAIÃO CAMPO BELO
2018,199,44,1,1,HUGO LEAL,1082,ESCOLA MUNICIPAL UMEI DR PAULO CESAR DE ALMEIDA PIMENTEL,RUA ANTONIO LUIZ SAIÃO CAMPO BELO
2018,199,45,1,1,HUGO LEAL,1112,COLÉGIO SALESIANO REGIÃO OCEÂNICA,"RUA DOUTOR CORNÉLIO DE MELLO JÚNIOR, 117"
2018,199,46,1,2,HUGO LEAL,1112,COLÉGIO SALESIANO REGIÃO OCEÂNICA,"RUA DOUTOR CORNÉLIO DE MELLO JÚNIOR, 117"
2018,199,47,1,1,HUGO LEAL,1112,COLÉGIO SALESIANO REGIÃO OCEÂNICA,"RUA DOUTOR CORNÉLIO DE MELLO JÚNIOR, 117"
2018,199,48,1,1,HUGO LEAL,1112,COLÉGIO SALESIANO REGIÃO OCEÂNICA,"RUA DOUTOR CORNÉLIO DE MELLO JÚNIOR, 117"
2018,199,50,1,3,HUGO LEAL,1120,ESCOLA ESTADUAL ALMIRANTE TAMANDARE,AV. ACURCIO TORRES S/N
2018,199,51,1,2,HUGO LEAL,1139,ESCOLA MUNICIPAL FRANCISCO PORTUGAL NEVES,"RUA MANOEL PACHECO DE CARVALHO, N 14 TREVO DE PIRATININGA"
2018,199,52,1,2,HUGO LEAL,1139,ESCOLA MUNICIPAL FRANCISCO PORTUGAL NEVES,"RUA MANOEL PACHECO DE CARVALHO, N 14 TREVO DE PIRATININGA"
2018,199,53,1,1,HUGO LEAL,1139,ESCOLA MUNICIPAL FRANCISCO PORTUGAL NEVES,"RUA MANOEL PACHECO DE CARVALHO, N 14 TREVO DE PIRATININGA"
2018,199,55,1,1,HUGO LEAL,1139,ESCOLA MUNICIPAL FRANCISCO PORTUGAL NEVES,"RUA MANOEL PACHECO DE CARVALHO, N 14 TREVO DE PIRATININGA"
2018,199,56,1,2,HUGO LEAL,1139,ESCOLA MUNICIPAL FRANCISCO PORTUGAL NEVES,"RUA MANOEL PACHECO DE CARVALHO, N 14 TREVO DE PIRATININGA"
2018,199,58,1,1,HUGO LEAL,1120,ESCOLA ESTADUAL ALMIRANTE TAMANDARE,AV. ACURCIO TORRES S/N
2018,199,59,1,2,HUGO LEAL,1120,ESCOLA ESTADUAL ALMIRANTE TAMANDARE,AV. ACURCIO TORRES S/N
2018,199,6,1,1,HUGO LEAL,1023,ESCOLA ESTADUAL FELISBERTO DE CARVALHO,ESTRADA CAETANO MONTEIRO 896
2018,199,61,1,1,HUGO LEAL,1120,ESCOLA ESTADUAL ALMIRANTE TAMANDARE,AV. ACURCIO TORRES S/N
2018,199,65,1,2,HUGO LEAL,1155,COLEGIO ITAPUCA,"AV. ERNANI DE FARIAS ALVES, N 124 TREVO DE PIRATININGA"
2018,199,66,1,1,HUGO LEAL,1155,COLEGIO ITAPUCA,"AV. ERNANI DE FARIAS ALVES, N 124 TREVO DE PIRATININGA"
2018,199,67,1,1,HUGO LEAL,1155,COLEGIO ITAPUCA,"AV. ERNANI DE FARIAS ALVES, N 124 TREVO DE PIRATININGA"
2018,199,76,1,3,HUGO LEAL,1198,ESCOLA ESTADUAL RUI FRAZAO SOARES - CIEP 448,ESTRADA DO ENGENHO DO MATO S/N - PRACA
2018,199,77,1,3,HUGO LEAL,1317,COLÉGIO PAULO FREIRE,"AVENIDA IRENE LOPES SODRÉ, N22"
2018,199,80,1,1,HUGO LEAL,1244,CURSO LAPLACE,"RUA MANOEL PACHECO DE CARVALHO, N 80"
2018,199,82,1,1,HUGO LEAL,1252,CIEP 307 -  DJANIRA,AV. EWERTON XAVIER S/N - PRACA
2018,199,83,1,2,HUGO LEAL,1252,CIEP 307 -  DJANIRA,AV. EWERTON XAVIER S/N - PRACA
2018,199,84,1,3,HUGO LEAL,1252,CIEP 307 -  DJANIRA,AV. EWERTON XAVIER S/N - PRACA
2018,199,85,1,3,HUGO LEAL,1252,CIEP 307 -  DJANIRA,AV. EWERTON XAVIER S/N - PRACA
2018,199,86,1,2,HUGO LEAL,1252,CIEP 307 -  DJANIRA,AV. EWERTON XAVIER S/N - PRACA
2018,199,87,1,2,HUGO LEAL,1252,CIEP 307 -  DJANIRA,AV. EWERTON XAVIER S/N - PRACA
2018,199,88,1,1,HUGO LEAL,1015,COUNTRY CLUB DE NITEROI,RUA CHILE 135
2018,199,9,1,1,HUGO LEAL,1031,ESCOLA MUNICIPAL HONORINA DE CARVALHO,RUA PROF. JOSE PECANHA S/N
2018,199,90,1,2,HUGO LEAL,1082,ESCOLA MUNICIPAL UMEI DR PAULO CESAR DE ALMEIDA PIMENTEL,RUA ANTONIO LUIZ SAIÃO CAMPO BELO
2018,199,92,1,2,HUGO LEAL,1120,ESCOLA ESTADUAL ALMIRANTE TAMANDARE,AV. ACURCIO TORRES S/N
2018,199,93,1,2,HUGO LEAL,1317,COLÉGIO PAULO FREIRE,"AVENIDA IRENE LOPES SODRÉ, N22"
2018,199,94,1,1,HUGO LEAL,1031,ESCOLA MUNICIPAL HONORINA DE CARVALHO,RUA PROF. JOSE PECANHA S/N
2018,199,95,1,2,HUGO LEAL,1031,ESCOLA MUNICIPAL HONORINA DE CARVALHO,RUA PROF. JOSE PECANHA S/N
2018,71,1,1,3,HUGO LEAL,1015,CENTRO EDUCACIONAL DE NITEROI - CENTRINHO,RUA ITAGUAI 173
2018,71,100,1,1,HUGO LEAL,1309,CURSO MARLY CURY,AV. SETE DE SETEMBRO 165
2018,71,102,1,2,HUGO LEAL,1309,CURSO MARLY CURY,AV. SETE DE SETEMBRO 165
2018,71,103,1,2,HUGO LEAL,1309,CURSO MARLY CURY,AV. SETE DE SETEMBRO 165
2018,71,104,1,2,HUGO LEAL,1317,ESCOLA ESTADUAL BALTHAZAR BERNARDINO,RUA MARIZ E BARROS 444
2018,71,107,1,2,HUGO LEAL,1325,ESCOLA ESTADUAL GUILHERME BRIGGS,RUA MARIO VIANNA 625
2018,71,111,1,2,HUGO LEAL,1325,ESCOLA ESTADUAL GUILHERME BRIGGS,RUA MARIO VIANNA 625
2018,71,112,1,1,HUGO LEAL,1325,ESCOLA ESTADUAL GUILHERME BRIGGS,RUA MARIO VIANNA 625
2018,71,113,1,1,HUGO LEAL,1325,ESCOLA ESTADUAL GUILHERME BRIGGS,RUA MARIO VIANNA 625
2018,71,114,1,1,HUGO LEAL,1325,ESCOLA ESTADUAL GUILHERME BRIGGS,RUA MARIO VIANNA 625
2018,71,115,1,1,HUGO LEAL,1325,ESCOLA ESTADUAL GUILHERME BRIGGS,RUA MARIO VIANNA 625
2018,71,116,1,1,HUGO LEAL,1333,PARÓQUIA NOSSA SENHORA AUXILIADORA - CENTRO COMUNITÁRIO,"RUA SANTA ROSA, 216"
2018,71,117,1,1,HUGO LEAL,1333,PARÓQUIA NOSSA SENHORA AUXILIADORA - CENTRO COMUNITÁRIO,"RUA SANTA ROSA, 216"
2018,71,122,1,1,HUGO LEAL,1333,PARÓQUIA NOSSA SENHORA AUXILIADORA - CENTRO COMUNITÁRIO,"RUA SANTA ROSA, 216"
2018,71,123,1,3,HUGO LEAL,1368,INSTITUTO SÃO JOSÉ,RUA GERALDO MARTINS 166
2018,71,124,1,5,HUGO LEAL,1368,INSTITUTO SÃO JOSÉ,RUA GERALDO MARTINS 166
2018,71,125,1,2,HUGO LEAL,1368,INSTITUTO SÃO JOSÉ,RUA GERALDO MARTINS 166
2018,71,130,1,1,HUGO LEAL,1392,FACULDADE DE VETERINARIA DA UFF,RUA VITAL BRASIL FILHO 64
2018,71,133,1,1,HUGO LEAL,1392,FACULDADE DE VETERINARIA DA UFF,RUA VITAL BRASIL FILHO 64
2018,71,135,1,1,HUGO LEAL,1392,FACULDADE DE VETERINARIA DA UFF,RUA VITAL BRASIL FILHO 64
2018,71,136,1,6,HUGO LEAL,1015,CENTRO EDUCACIONAL DE NITEROI - CENTRINHO,RUA ITAGUAI 173
2018,71,138,1,1,HUGO LEAL,1260,INSTITUTO ABEL,AV. ROBERTO SILVEIRA 29
2018,71,140,1,1,HUGO LEAL,1244,ESCOLA ESTADUAL MANUEL DE ABREU,RUA LOPES TROVAO 287-A
2018,71,142,1,3,HUGO LEAL,1295,COLEGIO SALESIANO SANTA ROSA,RUA SANTA ROSA 207
2018,71,143,1,2,HUGO LEAL,1317,ESCOLA ESTADUAL BALTHAZAR BERNARDINO,RUA MARIZ E BARROS 444
2018,71,146,1,1,HUGO LEAL,1368,INSTITUTO SÃO JOSÉ,RUA GERALDO MARTINS 166
2018,71,151,1,1,HUGO LEAL,1104,INSTITUTO MAIA VINAGRE,RUA NORONHA TORREZÃO 68
2018,71,153,1,3,HUGO LEAL,1015,CENTRO EDUCACIONAL DE NITEROI - CENTRINHO,RUA ITAGUAI 173
2018,71,171,1,1,HUGO LEAL,1295,COLEGIO SALESIANO SANTA ROSA,RUA SANTA ROSA 207
2018,71,174,1,2,HUGO LEAL,1333,PARÓQUIA NOSSA SENHORA AUXILIADORA - CENTRO COMUNITÁRIO,"RUA SANTA ROSA, 216"
2018,71,175,1,1,HUGO LEAL,1309,CURSO MARLY CURY,AV. SETE DE SETEMBRO 165
2018,71,178,1,1,HUGO LEAL,1104,INSTITUTO MAIA VINAGRE,RUA NORONHA TORREZÃO 68
2018,71,182,1,1,HUGO LEAL,1333,PARÓQUIA NOSSA SENHORA AUXILIADORA - CENTRO COMUNITÁRIO,"RUA SANTA ROSA, 216"
2018,71,183,1,3,HUGO LEAL,1104,INSTITUTO MAIA VINAGRE,RUA NORONHA TORREZÃO 68
2018,71,189,1,2,HUGO LEAL,1317,ESCOLA ESTADUAL BALTHAZAR BERNARDINO,RUA MARIZ E BARROS 444
2018,71,191,1,2,HUGO LEAL,1309,CURSO MARLY CURY,AV. SETE DE SETEMBRO 165
2018,71,193,1,4,HUGO LEAL,1325,ESCOLA ESTADUAL GUILHERME BRIGGS,RUA MARIO VIANNA 625
2018,71,195,1,1,HUGO LEAL,1368,INSTITUTO SÃO JOSÉ,RUA GERALDO MARTINS 166
2018,71,197,1,2,HUGO LEAL,1015,CENTRO EDUCACIONAL DE NITEROI - CENTRINHO,RUA ITAGUAI 173
2018,71,198,1,2,HUGO LEAL,1260,INSTITUTO ABEL,AV. ROBERTO SILVEIRA 29
2018,71,199,1,2,HUGO LEAL,1317,ESCOLA ESTADUAL BALTHAZAR BERNARDINO,RUA MARIZ E BARROS 444
2018,71,2,1,2,HUGO LEAL,1015,CENTRO EDUCACIONAL DE NITEROI - CENTRINHO,RUA ITAGUAI 173
2018,71,201,1,2,HUGO LEAL,1260,INSTITUTO ABEL,AV. ROBERTO SILVEIRA 29
2018,71,203,1,1,HUGO LEAL,1260,INSTITUTO ABEL,AV. ROBERTO SILVEIRA 29
2018,71,204,1,2,HUGO LEAL,1295,COLEGIO SALESIANO SANTA ROSA,RUA SANTA ROSA 207
2018,71,205,1,1,HUGO LEAL,1317,ESCOLA ESTADUAL BALTHAZAR BERNARDINO,RUA MARIZ E BARROS 444
2018,71,206,1,4,HUGO LEAL,1260,INSTITUTO ABEL,AV. ROBERTO SILVEIRA 29
2018,71,207,1,1,HUGO LEAL,1325,ESCOLA ESTADUAL GUILHERME BRIGGS,RUA MARIO VIANNA 625
2018,71,208,1,2,HUGO LEAL,1244,ESCOLA ESTADUAL MANUEL DE ABREU,RUA LOPES TROVAO 287-A
2018,71,209,1,1,HUGO LEAL,1368,INSTITUTO SÃO JOSÉ,RUA GERALDO MARTINS 166
2018,71,211,1,1,HUGO LEAL,1392,FACULDADE DE VETERINARIA DA UFF,RUA VITAL BRASIL FILHO 64
2018,71,212,1,1,HUGO LEAL,1260,INSTITUTO ABEL,AV. ROBERTO SILVEIRA 29
2018,71,213,1,1,HUGO LEAL,1295,COLEGIO SALESIANO SANTA ROSA,RUA SANTA ROSA 207
2018,71,214,1,2,HUGO LEAL,1309,CURSO MARLY CURY,AV. SETE DE SETEMBRO 165
2018,71,219,1,3,HUGO LEAL,1414,UNIVERSIDADE SALGADO DE OLIVEIRA - BL B (PRÓXIMO AO GUANABARA),RUA MARECHAL DEODORO 263
2018,71,220,1,1,HUGO LEAL,1414,UNIVERSIDADE SALGADO DE OLIVEIRA - BL B (PRÓXIMO AO GUANABARA),RUA MARECHAL DEODORO 263
2018,71,224,1,1,HUGO LEAL,1414,UNIVERSIDADE SALGADO DE OLIVEIRA - BL B (PRÓXIMO AO GUANABARA),RUA MARECHAL DEODORO 263
2018,71,225,1,2,HUGO LEAL,1422,CLUBE PORTUGUES DE NITEROI,RUA PROFESSOR LARA VILELA 176
2018,71,227,1,1,HUGO LEAL,1422,CLUBE PORTUGUES DE NITEROI,RUA PROFESSOR LARA VILELA 176
2018,71,228,1,2,HUGO LEAL,1422,CLUBE PORTUGUES DE NITEROI,RUA PROFESSOR LARA VILELA 176
2018,71,230,1,2,HUGO LEAL,1422,CLUBE PORTUGUES DE NITEROI,RUA PROFESSOR LARA VILELA 176
2018,71,231,1,1,HUGO LEAL,1430,COLEGIO ESTADUAL AURELINO LEAL,RUA PRESIDENTE PEDREIRA 79
2018,71,236,1,2,HUGO LEAL,1430,COLEGIO ESTADUAL AURELINO LEAL,RUA PRESIDENTE PEDREIRA 79
2018,71,237,1,1,HUGO LEAL,1430,COLEGIO ESTADUAL AURELINO LEAL,RUA PRESIDENTE PEDREIRA 79
2018,71,238,1,1,HUGO LEAL,1430,COLEGIO ESTADUAL AURELINO LEAL,RUA PRESIDENTE PEDREIRA 79
2018,71,239,1,1,HUGO LEAL,1449,COLÉGIO ESTADUAL ZULEIKA RAPÔSO VALLADARES (COLÉGIO VELHO),RUA SALO BRAND S/N
2018,71,240,1,1,HUGO LEAL,1449,COLÉGIO ESTADUAL ZULEIKA RAPÔSO VALLADARES (COLÉGIO VELHO),RUA SALO BRAND S/N
2018,71,241,1,2,HUGO LEAL,1449,COLÉGIO ESTADUAL ZULEIKA RAPÔSO VALLADARES (COLÉGIO VELHO),RUA SALO BRAND S/N
2018,71,243,1,3,HUGO LEAL,1449,COLÉGIO ESTADUAL ZULEIKA RAPÔSO VALLADARES (COLÉGIO VELHO),RUA SALO BRAND S/N
2018,71,244,1,2,HUGO LEAL,1449,COLÉGIO ESTADUAL ZULEIKA RAPÔSO VALLADARES (COLÉGIO VELHO),RUA SALO BRAND S/N
2018,71,246,1,1,HUGO LEAL,1457,ÁGUAS DE NITEROI,RUA MARQUÊS DO PARANÁ 108/110
2018,71,250,1,1,HUGO LEAL,1465,CENTRO UNIVERSITÁRIO ANHANGUERA (ANTIGO PLÍNIO LEITE),RUA VISCONDE DO RIO BRANCO 123
2018,71,251,1,1,HUGO LEAL,1465,CENTRO UNIVERSITÁRIO ANHANGUERA (ANTIGO PLÍNIO LEITE),RUA VISCONDE DO RIO BRANCO 123
2018,71,256,1,2,HUGO LEAL,1465,CENTRO UNIVERSITÁRIO ANHANGUERA (ANTIGO PLÍNIO LEITE),RUA VISCONDE DO RIO BRANCO 123
2018,71,258,1,2,HUGO LEAL,1465,CENTRO UNIVERSITÁRIO ANHANGUERA (ANTIGO PLÍNIO LEITE),RUA VISCONDE DO RIO BRANCO 123
2018,71,259,1,1,HUGO LEAL,1465,CENTRO UNIVERSITÁRIO ANHANGUERA (ANTIGO PLÍNIO LEITE),RUA VISCONDE DO RIO BRANCO 123
2018,71,261,1,1,HUGO LEAL,1465,CENTRO UNIVERSITÁRIO ANHANGUERA (ANTIGO PLÍNIO LEITE),RUA VISCONDE DO RIO BRANCO 123
2018,71,262,1,3,HUGO LEAL,1465,CENTRO UNIVERSITÁRIO ANHANGUERA (ANTIGO PLÍNIO LEITE),RUA VISCONDE DO RIO BRANCO 123
2018,71,263,1,1,HUGO LEAL,1473,FACULDADE DE DIREITO DA UFF - UFF - DIREITO 2,RUA TIRADENTES 17
2018,71,265,1,3,HUGO LEAL,1473,FACULDADE DE DIREITO DA UFF - UFF - DIREITO 2,RUA TIRADENTES 17
2018,71,266,1,4,HUGO LEAL,1473,FACULDADE DE DIREITO DA UFF - UFF - DIREITO 2,RUA TIRADENTES 17
2018,71,267,1,1,HUGO LEAL,1473,FACULDADE DE DIREITO DA UFF - UFF - DIREITO 2,RUA TIRADENTES 17
2018,71,268,1,1,HUGO LEAL,1473,FACULDADE DE DIREITO DA UFF - UFF - DIREITO 2,RUA TIRADENTES 17
2018,71,269,1,3,HUGO LEAL,1481,ESCOLA MUNICIPAL MAESTRO HEITOR VILLA-LOBOS (COLÉGIO NOVO),RUA SALO BRAND S/N
2018,71,27,1,3,HUGO LEAL,1104,INSTITUTO MAIA VINAGRE,RUA NORONHA TORREZÃO 68
2018,71,272,1,2,HUGO LEAL,1481,ESCOLA MUNICIPAL MAESTRO HEITOR VILLA-LOBOS (COLÉGIO NOVO),RUA SALO BRAND S/N
2018,71,273,1,1,HUGO LEAL,1481,ESCOLA MUNICIPAL MAESTRO HEITOR VILLA-LOBOS (COLÉGIO NOVO),RUA SALO BRAND S/N
2018,71,274,1,1,HUGO LEAL,1481,ESCOLA MUNICIPAL MAESTRO HEITOR VILLA-LOBOS (COLÉGIO NOVO),RUA SALO BRAND S/N
2018,71,275,1,3,HUGO LEAL,1481,ESCOLA MUNICIPAL MAESTRO HEITOR VILLA-LOBOS (COLÉGIO NOVO),RUA SALO BRAND S/N
2018,71,278,1,1,HUGO LEAL,1546,UNIVERSIDADE SALGADO DE OLIVEIRA - BL A,RUA MARECHAL DEODORO 217
2018,71,280,1,1,HUGO LEAL,1546,UNIVERSIDADE SALGADO DE OLIVEIRA - BL A,RUA MARECHAL DEODORO 217
2018,71,281,1,1,HUGO LEAL,1546,UNIVERSIDADE SALGADO DE OLIVEIRA - BL A,RUA MARECHAL DEODORO 217
2018,71,287,1,2,HUGO LEAL,1546,UNIVERSIDADE SALGADO DE OLIVEIRA - BL A,RUA MARECHAL DEODORO 217
2018,71,293,1,1,HUGO LEAL,1511,INSTITUTO DE MATEMATICA DA UFF (VALONGUINHO),RUA MÁRIO SANTOS BRAGA S/N
2018,71,296,1,1,HUGO LEAL,1511,INSTITUTO DE MATEMATICA DA UFF (VALONGUINHO),RUA MÁRIO SANTOS BRAGA S/N
2018,71,297,1,1,HUGO LEAL,1511,INSTITUTO DE MATEMATICA DA UFF (VALONGUINHO),RUA MÁRIO SANTOS BRAGA S/N
2018,71,3,1,10,HUGO LEAL,1015,CENTRO EDUCACIONAL DE NITEROI - CENTRINHO,RUA ITAGUAI 173
2018,71,300,1,1,HUGO LEAL,1511,INSTITUTO DE MATEMATICA DA UFF (VALONGUINHO),RUA MÁRIO SANTOS BRAGA S/N
2018,71,302,1,2,HUGO LEAL,1511,INSTITUTO DE MATEMATICA DA UFF (VALONGUINHO),RUA MÁRIO SANTOS BRAGA S/N
2018,71,305,1,1,HUGO LEAL,1520,LOJA MAÇÔNICA EVOLUÇÃO 2,RUA SANTA CLARA 77
2018,71,31,1,3,HUGO LEAL,1104,INSTITUTO MAIA VINAGRE,RUA NORONHA TORREZÃO 68
2018,71,312,1,3,HUGO LEAL,1538,FUNDAÇÃO GETÚLIO VARGAS - FGV (EX CENTRÃO),AV ERNANI DO AMARAL PEIXOTO 836
2018,71,313,1,1,HUGO LEAL,1538,FUNDAÇÃO GETÚLIO VARGAS - FGV (EX CENTRÃO),AV ERNANI DO AMARAL PEIXOTO 836
2018,71,315,1,1,HUGO LEAL,1538,FUNDAÇÃO GETÚLIO VARGAS - FGV (EX CENTRÃO),AV ERNANI DO AMARAL PEIXOTO 836
2018,71,320,1,1,HUGO LEAL,1538,FUNDAÇÃO GETÚLIO VARGAS - FGV (EX CENTRÃO),AV ERNANI DO AMARAL PEIXOTO 836
2018,71,325,1,1,HUGO LEAL,1546,UNIVERSIDADE SALGADO DE OLIVEIRA - BL A,RUA MARECHAL DEODORO 217
2018,71,329,1,1,HUGO LEAL,1546,UNIVERSIDADE SALGADO DE OLIVEIRA - BL A,RUA MARECHAL DEODORO 217
2018,71,332,1,2,HUGO LEAL,1546,UNIVERSIDADE SALGADO DE OLIVEIRA - BL A,RUA MARECHAL DEODORO 217
2018,71,333,1,1,HUGO LEAL,1554,FACULDADE DE ENGENHARIA DA UFF,RUA PASSO DA PATRIA 156
2018,71,334,1,1,HUGO LEAL,1554,FACULDADE DE ENGENHARIA DA UFF,RUA PASSO DA PATRIA 156
2018,71,335,1,4,HUGO LEAL,1554,FACULDADE DE ENGENHARIA DA UFF,RUA PASSO DA PATRIA 156
2018,71,336,1,2,HUGO LEAL,1554,FACULDADE DE ENGENHARIA DA UFF,RUA PASSO DA PATRIA 156
2018,71,337,1,2,HUGO LEAL,1554,FACULDADE DE ENGENHARIA DA UFF,RUA PASSO DA PATRIA 156
2018,71,338,1,4,HUGO LEAL,1554,FACULDADE DE ENGENHARIA DA UFF,RUA PASSO DA PATRIA 156
2018,71,339,1,1,HUGO LEAL,1562,COLEGIO ESTADUAL RAUL VIDAL,AVENIDA FELICIANO SODRE 21
2018,71,341,1,3,HUGO LEAL,1562,COLEGIO ESTADUAL RAUL VIDAL,AVENIDA FELICIANO SODRE 21
2018,71,342,1,1,HUGO LEAL,1562,COLEGIO ESTADUAL RAUL VIDAL,AVENIDA FELICIANO SODRE 21
2018,71,343,1,1,HUGO LEAL,1562,COLEGIO ESTADUAL RAUL VIDAL,AVENIDA FELICIANO SODRE 21
2018,71,344,1,3,HUGO LEAL,1562,COLEGIO ESTADUAL RAUL VIDAL,AVENIDA FELICIANO SODRE 21
2018,71,345,1,1,HUGO LEAL,1562,COLEGIO ESTADUAL RAUL VIDAL,AVENIDA FELICIANO SODRE 21
2018,71,346,1,3,HUGO LEAL,1562,COLEGIO ESTADUAL RAUL VIDAL,AVENIDA FELICIANO SODRE 21
2018,71,347,1,2,HUGO LEAL,1562,COLEGIO ESTADUAL RAUL VIDAL,AVENIDA FELICIANO SODRE 21
2018,71,348,1,2,HUGO LEAL,1562,COLEGIO ESTADUAL RAUL VIDAL,AVENIDA FELICIANO SODRE 21
2018,71,349,1,1,HUGO LEAL,1562,COLEGIO ESTADUAL RAUL VIDAL,AVENIDA FELICIANO SODRE 21
2018,71,350,1,2,HUGO LEAL,1562,COLEGIO ESTADUAL RAUL VIDAL,AVENIDA FELICIANO SODRE 21
2018,71,351,1,1,HUGO LEAL,1570,COLÉGIO UNIVERSÍTÁRIO DA UFF (CIEP GRAGOATÁ),RUA ALEXANDRE MOURA 8
2018,71,355,1,3,HUGO LEAL,1589,COLÉGIO SÃO VICENTE DE PAULO - GINÁSIO,"RUA MIGUEL DE FRIAS, 123"
2018,71,357,1,3,HUGO LEAL,1589,COLÉGIO SÃO VICENTE DE PAULO - GINÁSIO,"RUA MIGUEL DE FRIAS, 123"
2018,71,358,1,1,HUGO LEAL,1589,COLÉGIO SÃO VICENTE DE PAULO - GINÁSIO,"RUA MIGUEL DE FRIAS, 123"
2018,71,359,1,5,HUGO LEAL,1589,COLÉGIO SÃO VICENTE DE PAULO - GINÁSIO,"RUA MIGUEL DE FRIAS, 123"
2018,71,360,1,1,HUGO LEAL,1597,ESCOLA MUNICIPAL SANTOS DUMONT,RUA MANOEL CORREIA S/N
2018,71,361,1,1,HUGO LEAL,1597,ESCOLA MUNICIPAL SANTOS DUMONT,RUA MANOEL CORREIA S/N
2018,71,362,1,1,HUGO LEAL,1597,ESCOLA MUNICIPAL SANTOS DUMONT,RUA MANOEL CORREIA S/N
2018,71,364,1,1,HUGO LEAL,1597,ESCOLA MUNICIPAL SANTOS DUMONT,RUA MANOEL CORREIA S/N
2018,71,368,1,1,HUGO LEAL,1600,INSTITUTO DE EDUCAÇÃO PROFESSOR ISMAEL COUTINHO - IEPIC,"TRAVESSA MANOEL CONTINENTINO, 31"
2018,71,374,1,1,HUGO LEAL,1600,INSTITUTO DE EDUCAÇÃO PROFESSOR ISMAEL COUTINHO - IEPIC,"TRAVESSA MANOEL CONTINENTINO, 31"
2018,71,377,1,2,HUGO LEAL,1619,COLEGIO SAO VICENTE DE PAULO,RUA MIGUEL DE FRIAS 123
2018,71,379,1,1,HUGO LEAL,1619,COLEGIO SAO VICENTE DE PAULO,RUA MIGUEL DE FRIAS 123
2018,71,381,1,2,HUGO LEAL,1619,COLEGIO SAO VICENTE DE PAULO,RUA MIGUEL DE FRIAS 123
2018,71,385,1,1,HUGO LEAL,1619,COLEGIO SAO VICENTE DE PAULO,RUA MIGUEL DE FRIAS 123
2018,71,387,1,3,HUGO LEAL,1619,COLEGIO SAO VICENTE DE PAULO,RUA MIGUEL DE FRIAS 123
2018,71,389,1,2,HUGO LEAL,1619,COLEGIO SAO VICENTE DE PAULO,RUA MIGUEL DE FRIAS 123
2018,71,390,1,1,HUGO LEAL,1619,COLEGIO SAO VICENTE DE PAULO,RUA MIGUEL DE FRIAS 123
2018,71,392,1,3,HUGO LEAL,1627,REITORIA DA UFF,RUA MIGUEL DE FRIAS 9
2018,71,393,1,1,HUGO LEAL,1627,REITORIA DA UFF,RUA MIGUEL DE FRIAS 9
2018,71,394,1,1,HUGO LEAL,1627,REITORIA DA UFF,RUA MIGUEL DE FRIAS 9
2018,71,4,1,2,HUGO LEAL,1015,CENTRO EDUCACIONAL DE NITEROI - CENTRINHO,RUA ITAGUAI 173
2018,71,402,1,1,HUGO LEAL,1651,FACULDADE DE ENFERMAGEM DA UFF,RUA DR CELESTINO 74
2018,71,403,1,1,HUGO LEAL,1651,FACULDADE DE ENFERMAGEM DA UFF,RUA DR CELESTINO 74
2018,71,404,1,1,HUGO LEAL,1651,FACULDADE DE ENFERMAGEM DA UFF,RUA DR CELESTINO 74
2018,71,405,1,1,HUGO LEAL,1651,FACULDADE DE ENFERMAGEM DA UFF,RUA DR CELESTINO 74
2018,71,409,1,2,HUGO LEAL,1660,FACULDADE DE DIREITO DA UFF - UFF - DIREITO 1,RUA PRESIDENTE PEDREIRA 62
2018,71,410,1,3,HUGO LEAL,1660,FACULDADE DE DIREITO DA UFF - UFF - DIREITO 1,RUA PRESIDENTE PEDREIRA 62
2018,71,411,1,2,HUGO LEAL,1660,FACULDADE DE DIREITO DA UFF - UFF - DIREITO 1,RUA PRESIDENTE PEDREIRA 62
2018,71,413,1,2,HUGO LEAL,1660,FACULDADE DE DIREITO DA UFF - UFF - DIREITO 1,RUA PRESIDENTE PEDREIRA 62
2018,71,414,1,2,HUGO LEAL,1660,FACULDADE DE DIREITO DA UFF - UFF - DIREITO 1,RUA PRESIDENTE PEDREIRA 62
2018,71,415,1,5,HUGO LEAL,1660,FACULDADE DE DIREITO DA UFF - UFF - DIREITO 1,RUA PRESIDENTE PEDREIRA 62
2018,71,416,1,1,HUGO LEAL,1660,FACULDADE DE DIREITO DA UFF - UFF - DIREITO 1,RUA PRESIDENTE PEDREIRA 62
2018,71,418,1,1,HUGO LEAL,1660,FACULDADE DE DIREITO DA UFF - UFF - DIREITO 1,RUA PRESIDENTE PEDREIRA 62
2018,71,419,1,1,HUGO LEAL,1660,FACULDADE DE DIREITO DA UFF - UFF - DIREITO 1,RUA PRESIDENTE PEDREIRA 62
2018,71,420,1,2,HUGO LEAL,1660,FACULDADE DE DIREITO DA UFF - UFF - DIREITO 1,RUA PRESIDENTE PEDREIRA 62
2018,71,422,1,3,HUGO LEAL,1678,LICEU NILO PEÇANHA,AV ERNANI DO AMARAL PEIXOTO 707
2018,71,425,1,1,HUGO LEAL,1678,LICEU NILO PEÇANHA,AV ERNANI DO AMARAL PEIXOTO 707
2018,71,427,1,1,HUGO LEAL,1678,LICEU NILO PEÇANHA,AV ERNANI DO AMARAL PEIXOTO 707
2018,71,428,1,1,HUGO LEAL,1678,LICEU NILO PEÇANHA,AV ERNANI DO AMARAL PEIXOTO 707
2018,71,429,1,3,HUGO LEAL,1678,LICEU NILO PEÇANHA,AV ERNANI DO AMARAL PEIXOTO 707
2018,71,430,1,2,HUGO LEAL,1678,LICEU NILO PEÇANHA,AV ERNANI DO AMARAL PEIXOTO 707
2018,71,431,1,1,HUGO LEAL,1678,LICEU NILO PEÇANHA,AV ERNANI DO AMARAL PEIXOTO 707
2018,71,434,1,1,HUGO LEAL,1678,LICEU NILO PEÇANHA,AV ERNANI DO AMARAL PEIXOTO 707
2018,71,436,1,1,HUGO LEAL,1686,INSTITUTO DE ARTE E COMUNICACAO DA UFF - IACS,RUA PROFESSOR LARA VILELA 126
2018,71,439,1,1,HUGO LEAL,1686,INSTITUTO DE ARTE E COMUNICACAO DA UFF - IACS,RUA PROFESSOR LARA VILELA 126
2018,71,440,1,2,HUGO LEAL,1694,RIO CRICKET,RUA FAGUNDES VARELA 637
2018,71,441,1,3,HUGO LEAL,1694,RIO CRICKET,RUA FAGUNDES VARELA 637
2018,71,442,1,1,HUGO LEAL,1694,RIO CRICKET,RUA FAGUNDES VARELA 637
2018,71,443,1,1,HUGO LEAL,1694,RIO CRICKET,RUA FAGUNDES VARELA 637
2018,71,444,1,1,HUGO LEAL,1694,RIO CRICKET,RUA FAGUNDES VARELA 637
2018,71,445,1,7,HUGO LEAL,1503,COLÉGIO ÁGORA,"RUA TIRADENTES, 160"
2018,71,5,1,3,HUGO LEAL,1015,CENTRO EDUCACIONAL DE NITEROI - CENTRINHO,RUA ITAGUAI 173
2018,71,6,1,5,HUGO LEAL,1015,CENTRO EDUCACIONAL DE NITEROI - CENTRINHO,RUA ITAGUAI 173
2018,71,70,1,1,HUGO LEAL,1244,ESCOLA ESTADUAL MANUEL DE ABREU,RUA LOPES TROVAO 287-A
2018,71,71,1,3,HUGO LEAL,1260,INSTITUTO ABEL,AV. ROBERTO SILVEIRA 29
2018,71,72,1,2,HUGO LEAL,1260,INSTITUTO ABEL,AV. ROBERTO SILVEIRA 29
2018,71,73,1,1,HUGO LEAL,1260,INSTITUTO ABEL,AV. ROBERTO SILVEIRA 29
2018,71,75,1,2,HUGO LEAL,1368,INSTITUTO SÃO JOSÉ,RUA GERALDO MARTINS 166
2018,71,76,1,1,HUGO LEAL,1368,INSTITUTO SÃO JOSÉ,RUA GERALDO MARTINS 166
2018,71,77,1,1,HUGO LEAL,1244,ESCOLA ESTADUAL MANUEL DE ABREU,RUA LOPES TROVAO 287-A
2018,71,78,1,2,HUGO LEAL,1244,ESCOLA ESTADUAL MANUEL DE ABREU,RUA LOPES TROVAO 287-A
2018,71,82,1,1,HUGO LEAL,1260,INSTITUTO ABEL,AV. ROBERTO SILVEIRA 29
2018,71,83,1,2,HUGO LEAL,1260,INSTITUTO ABEL,AV. ROBERTO SILVEIRA 29
2018,71,85,1,2,HUGO LEAL,1333,PARÓQUIA NOSSA SENHORA AUXILIADORA - CENTRO COMUNITÁRIO,"RUA SANTA ROSA, 216"
2018,71,86,1,3,HUGO LEAL,1015,CENTRO EDUCACIONAL DE NITEROI - CENTRINHO,RUA ITAGUAI 173
2018,71,90,1,2,HUGO LEAL,1295,COLEGIO SALESIANO SANTA ROSA,RUA SANTA ROSA 207
2018,71,91,1,2,HUGO LEAL,1295,COLEGIO SALESIANO SANTA ROSA,RUA SANTA ROSA 207
2018,71,92,1,1,HUGO LEAL,1295,COLEGIO SALESIANO SANTA ROSA,RUA SANTA ROSA 207
2018,71,93,1,2,HUGO LEAL,1295,COLEGIO SALESIANO SANTA ROSA,RUA SANTA ROSA 207
2018,71,94,1,3,HUGO LEAL,1295,COLEGIO SALESIANO SANTA ROSA,RUA SANTA ROSA 207
2018,71,95,1,1,HUGO LEAL,1295,COLEGIO SALESIANO SANTA ROSA,RUA SANTA ROSA 207
2018,71,96,1,1,HUGO LEAL,1295,COLEGIO SALESIANO SANTA ROSA,RUA SANTA ROSA 207
2018,71,97,1,2,HUGO LEAL,1295,COLEGIO SALESIANO SANTA ROSA,RUA SANTA ROSA 207
2018,71,98,1,1,HUGO LEAL,1295,COLEGIO SALESIANO SANTA ROSA,RUA SANTA ROSA 207
2018,72,11,1,2,HUGO LEAL,1040,CIEP 447 - CARAMUJO,RODOVIA AMARAL PEIXOTO KM 2
2018,72,113,1,1,HUGO LEAL,1368,ESCOLA MUNICIPAL VILA COSTA MONTEIRO,RUA ITITIOCA S/N
2018,72,114,1,2,HUGO LEAL,1368,ESCOLA MUNICIPAL VILA COSTA MONTEIRO,RUA ITITIOCA S/N
2018,72,122,1,1,HUGO LEAL,1074,COLEGIO ESTADUAL PAULO ASSIS RIBEIRO,ESTRADA CAETANO MONTEIRO 814
2018,72,130,1,1,HUGO LEAL,1147,ESCOLA MUNICIPAL VERA LUCIA MACHADO,RUA ALDEMAR DE PAIVA LOTE 7 E 8
2018,72,132,1,1,HUGO LEAL,1368,ESCOLA MUNICIPAL VILA COSTA MONTEIRO,RUA ITITIOCA S/N
2018,72,136,1,1,HUGO LEAL,1112,ESCOLA ESTADUAL LEOPOLDO FROES,RUA REVERENDO ARMANDO FERREIRA  S/N
2018,72,139,1,3,HUGO LEAL,1171,ESCOLA MUNICIPAL ANTONIO COUTINHO DE AZEVEDO,AV DES NESTOR RODRIGUES PERLINGEIRO S/N
2018,72,144,1,1,HUGO LEAL,1112,ESCOLA ESTADUAL LEOPOLDO FROES,RUA REVERENDO ARMANDO FERREIRA  S/N
2018,72,147,1,1,HUGO LEAL,1074,COLEGIO ESTADUAL PAULO ASSIS RIBEIRO,ESTRADA CAETANO MONTEIRO 814
2018,72,156,1,1,HUGO LEAL,1368,ESCOLA MUNICIPAL VILA COSTA MONTEIRO,RUA ITITIOCA S/N
2018,72,16,1,1,HUGO LEAL,1015,ESCOLA ESTADUAL DR LUCIANO PESTRE,AV PASTOR JOSE GOMES DE SOUZA S/N
2018,72,162,1,3,HUGO LEAL,1171,ESCOLA MUNICIPAL ANTONIO COUTINHO DE AZEVEDO,AV DES NESTOR RODRIGUES PERLINGEIRO S/N
2018,72,163,1,1,HUGO LEAL,1449,CIEP 450 - BADU,ESTRADA CAETANO MONTEIRO S/N
2018,72,168,1,1,HUGO LEAL,1074,COLEGIO ESTADUAL PAULO ASSIS RIBEIRO,ESTRADA CAETANO MONTEIRO 814
2018,72,174,1,1,HUGO LEAL,1473,COLÉGIO FORUM CULTURAL,ESTRADA FRANCISCO DA CRUZ NUNES 2454
2018,72,178,1,1,HUGO LEAL,1171,ESCOLA MUNICIPAL ANTONIO COUTINHO DE AZEVEDO,AV DES NESTOR RODRIGUES PERLINGEIRO S/N
2018,72,183,1,1,HUGO LEAL,1015,ESCOLA ESTADUAL DR LUCIANO PESTRE,AV PASTOR JOSE GOMES DE SOUZA S/N
2018,72,185,1,3,HUGO LEAL,1368,ESCOLA MUNICIPAL VILA COSTA MONTEIRO,RUA ITITIOCA S/N
2018,72,189,1,1,HUGO LEAL,1074,COLEGIO ESTADUAL PAULO ASSIS RIBEIRO,ESTRADA CAETANO MONTEIRO 814
2018,72,191,1,1,HUGO LEAL,1473,COLÉGIO FORUM CULTURAL,ESTRADA FRANCISCO DA CRUZ NUNES 2454
2018,72,193,1,1,HUGO LEAL,1473,COLÉGIO FORUM CULTURAL,ESTRADA FRANCISCO DA CRUZ NUNES 2454
2018,72,199,1,2,HUGO LEAL,1368,ESCOLA MUNICIPAL VILA COSTA MONTEIRO,RUA ITITIOCA S/N
2018,72,201,1,2,HUGO LEAL,1473,COLÉGIO FORUM CULTURAL,ESTRADA FRANCISCO DA CRUZ NUNES 2454
2018,72,205,1,2,HUGO LEAL,1368,ESCOLA MUNICIPAL VILA COSTA MONTEIRO,RUA ITITIOCA S/N
2018,72,208,1,2,HUGO LEAL,1180,ESCOLA MUNICIPAL RACHIDE DA GLORIA SALIM SAKER,RUA JANDIRA PEREIRA 620
2018,72,209,1,1,HUGO LEAL,1074,COLEGIO ESTADUAL PAULO ASSIS RIBEIRO,ESTRADA CAETANO MONTEIRO 814
2018,72,211,1,1,HUGO LEAL,1368,ESCOLA MUNICIPAL VILA COSTA MONTEIRO,RUA ITITIOCA S/N
2018,72,220,1,1,HUGO LEAL,1368,ESCOLA MUNICIPAL VILA COSTA MONTEIRO,RUA ITITIOCA S/N
2018,72,221,1,1,HUGO LEAL,1449,CIEP 450 - BADU,ESTRADA CAETANO MONTEIRO S/N
2018,72,222,1,4,HUGO LEAL,1520,ESCOLA MUNICIPAL LEVI CARNEIRO,ESTRADA WASHINGTON LUIS 488
2018,72,223,1,1,HUGO LEAL,1520,ESCOLA MUNICIPAL LEVI CARNEIRO,ESTRADA WASHINGTON LUIS 488
2018,72,224,1,1,HUGO LEAL,1520,ESCOLA MUNICIPAL LEVI CARNEIRO,ESTRADA WASHINGTON LUIS 488
2018,72,227,1,1,HUGO LEAL,1520,ESCOLA MUNICIPAL LEVI CARNEIRO,ESTRADA WASHINGTON LUIS 488
2018,72,228,1,1,HUGO LEAL,1520,ESCOLA MUNICIPAL LEVI CARNEIRO,ESTRADA WASHINGTON LUIS 488
2018,72,229,1,1,HUGO LEAL,1520,ESCOLA MUNICIPAL LEVI CARNEIRO,ESTRADA WASHINGTON LUIS 488
2018,72,23,1,1,HUGO LEAL,1074,COLEGIO ESTADUAL PAULO ASSIS RIBEIRO,ESTRADA CAETANO MONTEIRO 814
2018,72,230,1,1,HUGO LEAL,1520,ESCOLA MUNICIPAL LEVI CARNEIRO,ESTRADA WASHINGTON LUIS 488
2018,72,235,1,1,HUGO LEAL,1520,ESCOLA MUNICIPAL LEVI CARNEIRO,ESTRADA WASHINGTON LUIS 488
2018,72,238,1,1,HUGO LEAL,1538,ESCOLA CATAVENTO ESPAÇO DE EDUCAÇÃO,"ESTRADA WASHINGTON LUIZ, 224"
2018,72,25,1,1,HUGO LEAL,1074,COLEGIO ESTADUAL PAULO ASSIS RIBEIRO,ESTRADA CAETANO MONTEIRO 814
2018,72,252,1,1,HUGO LEAL,1554,JARDIM ESCOLA GIRASSÓIS,"ESTRADA CAETANO MONTEIRO, 820"
2018,72,255,1,1,HUGO LEAL,1562,ESCOLA MUNICIPAL HELENA ANTIPOFF,RUA RUI BARBOSA 710
2018,72,259,1,3,HUGO LEAL,1570,IGREJA DO SANTUARIO NACIONAL DAS ALMAS,RUA ALVARES DE AZEVEDO 237
2018,72,26,1,1,HUGO LEAL,1074,COLEGIO ESTADUAL PAULO ASSIS RIBEIRO,ESTRADA CAETANO MONTEIRO 814
2018,72,260,1,1,HUGO LEAL,1570,IGREJA DO SANTUARIO NACIONAL DAS ALMAS,RUA ALVARES DE AZEVEDO 237
2018,72,261,1,1,HUGO LEAL,1570,IGREJA DO SANTUARIO NACIONAL DAS ALMAS,RUA ALVARES DE AZEVEDO 237
2018,72,262,1,1,HUGO LEAL,1570,IGREJA DO SANTUARIO NACIONAL DAS ALMAS,RUA ALVARES DE AZEVEDO 237
2018,72,263,1,1,HUGO LEAL,1570,IGREJA DO SANTUARIO NACIONAL DAS ALMAS,RUA ALVARES DE AZEVEDO 237
2018,72,266,1,2,HUGO LEAL,1589,COLÉGIO GAY-LUSSAC,RUA MARIA CALDAS 35
2018,72,267,1,1,HUGO LEAL,1589,COLÉGIO GAY-LUSSAC,RUA MARIA CALDAS 35
2018,72,268,1,7,HUGO LEAL,1589,COLÉGIO GAY-LUSSAC,RUA MARIA CALDAS 35
2018,72,269,1,2,HUGO LEAL,1589,COLÉGIO GAY-LUSSAC,RUA MARIA CALDAS 35
2018,72,270,1,1,HUGO LEAL,1589,COLÉGIO GAY-LUSSAC,RUA MARIA CALDAS 35
2018,72,273,1,3,HUGO LEAL,1589,COLÉGIO GAY-LUSSAC,RUA MARIA CALDAS 35
2018,72,274,1,2,HUGO LEAL,1597,COLÉGIO PONTO DE ENSINO,RUA OSWALDO CRUZ 32
2018,72,275,1,2,HUGO LEAL,1597,COLÉGIO PONTO DE ENSINO,RUA OSWALDO CRUZ 32
2018,72,276,1,1,HUGO LEAL,1597,COLÉGIO PONTO DE ENSINO,RUA OSWALDO CRUZ 32
2018,72,277,1,2,HUGO LEAL,1597,COLÉGIO PONTO DE ENSINO,RUA OSWALDO CRUZ 32
2018,72,278,1,2,HUGO LEAL,1597,COLÉGIO PONTO DE ENSINO,RUA OSWALDO CRUZ 32
2018,72,279,1,1,HUGO LEAL,1597,COLÉGIO PONTO DE ENSINO,RUA OSWALDO CRUZ 32
2018,72,280,1,4,HUGO LEAL,1597,COLÉGIO PONTO DE ENSINO,RUA OSWALDO CRUZ 32
2018,72,282,1,2,HUGO LEAL,1597,COLÉGIO PONTO DE ENSINO,RUA OSWALDO CRUZ 32
2018,72,283,1,3,HUGO LEAL,1597,COLÉGIO PONTO DE ENSINO,RUA OSWALDO CRUZ 32
2018,72,285,1,3,HUGO LEAL,1600,BANCO ITAU,RUA GAVIAO PEIXOTO 166
2018,72,286,1,1,HUGO LEAL,1600,BANCO ITAU,RUA GAVIAO PEIXOTO 166
2018,72,287,1,2,HUGO LEAL,1619,COLEGIO ESTADUAL JOAQUIM TAVORA,PRAÇA PREF.FERRAZ-CAMPO DE SAO BENTO S/N
2018,72,288,1,1,HUGO LEAL,1619,COLEGIO ESTADUAL JOAQUIM TAVORA,PRAÇA PREF.FERRAZ-CAMPO DE SAO BENTO S/N
2018,72,291,1,1,HUGO LEAL,1619,COLEGIO ESTADUAL JOAQUIM TAVORA,PRAÇA PREF.FERRAZ-CAMPO DE SAO BENTO S/N
2018,72,294,1,1,HUGO LEAL,1619,COLEGIO ESTADUAL JOAQUIM TAVORA,PRAÇA PREF.FERRAZ-CAMPO DE SAO BENTO S/N
2018,72,296,1,3,HUGO LEAL,1619,COLEGIO ESTADUAL JOAQUIM TAVORA,PRAÇA PREF.FERRAZ-CAMPO DE SAO BENTO S/N
2018,72,297,1,1,HUGO LEAL,1619,COLEGIO ESTADUAL JOAQUIM TAVORA,PRAÇA PREF.FERRAZ-CAMPO DE SAO BENTO S/N
2018,72,298,1,1,HUGO LEAL,1619,COLEGIO ESTADUAL JOAQUIM TAVORA,PRAÇA PREF.FERRAZ-CAMPO DE SAO BENTO S/N
2018,72,299,1,2,HUGO LEAL,1619,COLEGIO ESTADUAL JOAQUIM TAVORA,PRAÇA PREF.FERRAZ-CAMPO DE SAO BENTO S/N
2018,72,302,1,1,HUGO LEAL,1627,CENTRO DE ARTES E ESPORTES UNIFICADOS ISMAEL SILVA,"AV. CARLOS ERMELINDO MARINS, 34"
2018,72,306,1,1,HUGO LEAL,1627,CENTRO DE ARTES E ESPORTES UNIFICADOS ISMAEL SILVA,"AV. CARLOS ERMELINDO MARINS, 34"
2018,72,312,1,2,HUGO LEAL,1635,BANCO BRADESCO,RUA GAVIAO PEIXOTO 108
2018,72,313,1,1,HUGO LEAL,1643,CENTRO MODERNO ALZIRA BITTENCOURT,"RUA MEM DE SÁ, 71"
2018,72,314,1,1,HUGO LEAL,1643,CENTRO MODERNO ALZIRA BITTENCOURT,"RUA MEM DE SÁ, 71"
2018,72,315,1,1,HUGO LEAL,1643,CENTRO MODERNO ALZIRA BITTENCOURT,"RUA MEM DE SÁ, 71"
2018,72,317,1,2,HUGO LEAL,1651,PH COLÉGIO,RUA ALVARES DE AZEVEDO 237
2018,72,320,1,3,HUGO LEAL,1651,PH COLÉGIO,RUA ALVARES DE AZEVEDO 237
2018,72,324,1,2,HUGO LEAL,1660,CLUBE CENTRAL,"AVENIDA JORNALISTA ALBERTO FRANCISCO TORRES,  335"
2018,72,325,1,3,HUGO LEAL,1660,CLUBE CENTRAL,"AVENIDA JORNALISTA ALBERTO FRANCISCO TORRES,  335"
2018,72,326,1,1,HUGO LEAL,1660,CLUBE CENTRAL,"AVENIDA JORNALISTA ALBERTO FRANCISCO TORRES,  335"
2018,72,327,1,1,HUGO LEAL,1660,CLUBE CENTRAL,"AVENIDA JORNALISTA ALBERTO FRANCISCO TORRES,  335"
2018,72,328,1,1,HUGO LEAL,1660,CLUBE CENTRAL,"AVENIDA JORNALISTA ALBERTO FRANCISCO TORRES,  335"
2018,72,329,1,4,HUGO LEAL,1660,CLUBE CENTRAL,"AVENIDA JORNALISTA ALBERTO FRANCISCO TORRES,  335"
2018,72,330,1,1,HUGO LEAL,1660,CLUBE CENTRAL,"AVENIDA JORNALISTA ALBERTO FRANCISCO TORRES,  335"
2018,72,331,1,1,HUGO LEAL,1660,CLUBE CENTRAL,"AVENIDA JORNALISTA ALBERTO FRANCISCO TORRES,  335"
2018,72,332,1,4,HUGO LEAL,1660,CLUBE CENTRAL,"AVENIDA JORNALISTA ALBERTO FRANCISCO TORRES,  335"
2018,72,333,1,3,HUGO LEAL,1660,CLUBE CENTRAL,"AVENIDA JORNALISTA ALBERTO FRANCISCO TORRES,  335"
2018,72,334,1,2,HUGO LEAL,1660,CLUBE CENTRAL,"AVENIDA JORNALISTA ALBERTO FRANCISCO TORRES,  335"
2018,72,335,1,2,HUGO LEAL,1660,CLUBE CENTRAL,"AVENIDA JORNALISTA ALBERTO FRANCISCO TORRES,  335"
2018,72,336,1,1,HUGO LEAL,1660,CLUBE CENTRAL,"AVENIDA JORNALISTA ALBERTO FRANCISCO TORRES,  335"
2018,72,337,1,2,HUGO LEAL,1660,CLUBE CENTRAL,"AVENIDA JORNALISTA ALBERTO FRANCISCO TORRES,  335"
2018,72,340,1,2,HUGO LEAL,1660,CLUBE CENTRAL,"AVENIDA JORNALISTA ALBERTO FRANCISCO TORRES,  335"
2018,72,342,1,2,HUGO LEAL,1678,ÁGUAS DE NITERÓI,RUA LEMOS CUNHA 510
2018,72,346,1,2,HUGO LEAL,1686,ESCOLA DIVINA PROVIDENCIA,RUA TAVARES DE MACEDO 155
2018,72,347,1,3,HUGO LEAL,1686,ESCOLA DIVINA PROVIDENCIA,RUA TAVARES DE MACEDO 155
2018,72,348,1,2,HUGO LEAL,1686,ESCOLA DIVINA PROVIDENCIA,RUA TAVARES DE MACEDO 155
2018,72,349,1,1,HUGO LEAL,1686,ESCOLA DIVINA PROVIDENCIA,RUA TAVARES DE MACEDO 155
2018,72,35,1,1,HUGO LEAL,1112,ESCOLA ESTADUAL LEOPOLDO FROES,RUA REVERENDO ARMANDO FERREIRA  S/N
2018,72,351,1,3,HUGO LEAL,1686,ESCOLA DIVINA PROVIDENCIA,RUA TAVARES DE MACEDO 155
2018,72,354,1,1,HUGO LEAL,1694,ESCOLA MUNICIPAL PROFESSOR PAULO DE ALMEIDA CAMPOS,"RUA PEREIRA DA SILVA, 50"
2018,72,355,1,1,HUGO LEAL,1694,ESCOLA MUNICIPAL PROFESSOR PAULO DE ALMEIDA CAMPOS,"RUA PEREIRA DA SILVA, 50"
2018,72,356,1,1,HUGO LEAL,1694,ESCOLA MUNICIPAL PROFESSOR PAULO DE ALMEIDA CAMPOS,"RUA PEREIRA DA SILVA, 50"
2018,72,362,1,2,HUGO LEAL,1708,ESCOLA MUNICIPAL JÚLIA CORTINES,RUA LOPES TROVAO 1-CAMPO DE SÃO BENTO S/N
2018,72,368,1,1,HUGO LEAL,1708,ESCOLA MUNICIPAL JÚLIA CORTINES,RUA LOPES TROVAO 1-CAMPO DE SÃO BENTO S/N
2018,72,37,1,1,HUGO LEAL,1112,ESCOLA ESTADUAL LEOPOLDO FROES,RUA REVERENDO ARMANDO FERREIRA  S/N
2018,72,370,1,1,HUGO LEAL,1708,ESCOLA MUNICIPAL JÚLIA CORTINES,RUA LOPES TROVAO 1-CAMPO DE SÃO BENTO S/N
2018,72,371,1,1,HUGO LEAL,1708,ESCOLA MUNICIPAL JÚLIA CORTINES,RUA LOPES TROVAO 1-CAMPO DE SÃO BENTO S/N
2018,72,373,1,1,HUGO LEAL,1708,ESCOLA MUNICIPAL JÚLIA CORTINES,RUA LOPES TROVAO 1-CAMPO DE SÃO BENTO S/N
2018,72,374,1,3,HUGO LEAL,1708,ESCOLA MUNICIPAL JÚLIA CORTINES,RUA LOPES TROVAO 1-CAMPO DE SÃO BENTO S/N
2018,72,375,1,1,HUGO LEAL,1708,ESCOLA MUNICIPAL JÚLIA CORTINES,RUA LOPES TROVAO 1-CAMPO DE SÃO BENTO S/N
2018,72,376,1,1,HUGO LEAL,1708,ESCOLA MUNICIPAL JÚLIA CORTINES,RUA LOPES TROVAO 1-CAMPO DE SÃO BENTO S/N
2018,72,377,1,3,HUGO LEAL,1708,ESCOLA MUNICIPAL JÚLIA CORTINES,RUA LOPES TROVAO 1-CAMPO DE SÃO BENTO S/N
2018,72,378,1,1,HUGO LEAL,1716,ESCOLA VIVINFÂNCIA,RUA GAVIÃO PEIXOTO 384
2018,72,379,1,2,HUGO LEAL,1716,ESCOLA VIVINFÂNCIA,RUA GAVIÃO PEIXOTO 384
2018,72,38,1,1,HUGO LEAL,1112,ESCOLA ESTADUAL LEOPOLDO FROES,RUA REVERENDO ARMANDO FERREIRA  S/N
2018,72,387,1,1,HUGO LEAL,1724,AABB,RUA HÉLIO DA SILVA CARNEIRO 78
2018,72,39,1,1,HUGO LEAL,1112,ESCOLA ESTADUAL LEOPOLDO FROES,RUA REVERENDO ARMANDO FERREIRA  S/N
2018,72,391,1,1,HUGO LEAL,1732,CLUBE NAVAL,AVENIDA CARLOS ERMELINDO MARINS 68
2018,72,392,1,3,HUGO LEAL,1732,CLUBE NAVAL,AVENIDA CARLOS ERMELINDO MARINS 68
2018,72,394,1,1,HUGO LEAL,1732,CLUBE NAVAL,AVENIDA CARLOS ERMELINDO MARINS 68
2018,72,4,1,1,HUGO LEAL,1015,ESCOLA ESTADUAL DR LUCIANO PESTRE,AV PASTOR JOSE GOMES DE SOUZA S/N
2018,72,40,1,1,HUGO LEAL,1112,ESCOLA ESTADUAL LEOPOLDO FROES,RUA REVERENDO ARMANDO FERREIRA  S/N
2018,72,400,1,1,HUGO LEAL,1732,CLUBE NAVAL,AVENIDA CARLOS ERMELINDO MARINS 68
2018,72,405,1,1,HUGO LEAL,1732,CLUBE NAVAL,AVENIDA CARLOS ERMELINDO MARINS 68
2018,72,41,1,2,HUGO LEAL,1112,ESCOLA ESTADUAL LEOPOLDO FROES,RUA REVERENDO ARMANDO FERREIRA  S/N
2018,72,413,1,1,HUGO LEAL,1740,COLÉGIO GAUSS,AV. ALMIRANTE ARY PARREIRAS 73
2018,72,414,1,2,HUGO LEAL,1740,COLÉGIO GAUSS,AV. ALMIRANTE ARY PARREIRAS 73
2018,72,415,1,1,HUGO LEAL,1740,COLÉGIO GAUSS,AV. ALMIRANTE ARY PARREIRAS 73
2018,72,417,1,1,HUGO LEAL,1740,COLÉGIO GAUSS,AV. ALMIRANTE ARY PARREIRAS 73
2018,72,418,1,2,HUGO LEAL,1740,COLÉGIO GAUSS,AV. ALMIRANTE ARY PARREIRAS 73
2018,72,419,1,1,HUGO LEAL,1759,COLÉGIO MV1,RUA GAVIÃO PEIXOTO 398
2018,72,42,1,1,HUGO LEAL,1112,ESCOLA ESTADUAL LEOPOLDO FROES,RUA REVERENDO ARMANDO FERREIRA  S/N
2018,72,421,1,3,HUGO LEAL,1759,COLÉGIO MV1,RUA GAVIÃO PEIXOTO 398
2018,72,424,1,1,HUGO LEAL,1759,COLÉGIO MV1,RUA GAVIÃO PEIXOTO 398
2018,72,426,1,1,HUGO LEAL,1759,COLÉGIO MV1,RUA GAVIÃO PEIXOTO 398
2018,72,427,1,1,HUGO LEAL,1759,COLÉGIO MV1,RUA GAVIÃO PEIXOTO 398
2018,72,428,1,1,HUGO LEAL,1759,COLÉGIO MV1,RUA GAVIÃO PEIXOTO 398
2018,72,43,1,1,HUGO LEAL,1112,ESCOLA ESTADUAL LEOPOLDO FROES,RUA REVERENDO ARMANDO FERREIRA  S/N
2018,72,433,1,1,HUGO LEAL,1759,COLÉGIO MV1,RUA GAVIÃO PEIXOTO 398
2018,72,435,1,1,HUGO LEAL,1759,COLÉGIO MV1,RUA GAVIÃO PEIXOTO 398
2018,72,437,1,3,HUGO LEAL,1767,COLÉGIO ASSUNÇÃO,RUA GENERAL RONDON 842
2018,72,438,1,1,HUGO LEAL,1767,COLÉGIO ASSUNÇÃO,RUA GENERAL RONDON 842
2018,72,439,1,1,HUGO LEAL,1767,COLÉGIO ASSUNÇÃO,RUA GENERAL RONDON 842
2018,72,441,1,1,HUGO LEAL,1767,COLÉGIO ASSUNÇÃO,RUA GENERAL RONDON 842
2018,72,442,1,3,HUGO LEAL,1767,COLÉGIO ASSUNÇÃO,RUA GENERAL RONDON 842
2018,72,445,1,1,HUGO LEAL,1767,COLÉGIO ASSUNÇÃO,RUA GENERAL RONDON 842
2018,72,447,1,2,HUGO LEAL,1767,COLÉGIO ASSUNÇÃO,RUA GENERAL RONDON 842
2018,72,448,1,1,HUGO LEAL,1767,COLÉGIO ASSUNÇÃO,RUA GENERAL RONDON 842
2018,72,449,1,3,HUGO LEAL,1767,COLÉGIO ASSUNÇÃO,RUA GENERAL RONDON 842
2018,72,450,1,1,HUGO LEAL,1767,COLÉGIO ASSUNÇÃO,RUA GENERAL RONDON 842
2018,72,451,1,1,HUGO LEAL,1767,COLÉGIO ASSUNÇÃO,RUA GENERAL RONDON 842
2018,72,452,1,1,HUGO LEAL,1775,ESCOLA ESTADUAL CIZÍNIO SOARES PINTO,RUA PRESIDENTE ROOSEVELT 2
2018,72,454,1,3,HUGO LEAL,1775,ESCOLA ESTADUAL CIZÍNIO SOARES PINTO,RUA PRESIDENTE ROOSEVELT 2
2018,72,462,1,2,HUGO LEAL,1783,SOCIEDADE BRASILEIRA DE CULTURA INGLESA,RUA OTAVIO CARNEIRO 23
2018,72,54,1,1,HUGO LEAL,1074,COLEGIO ESTADUAL PAULO ASSIS RIBEIRO,ESTRADA CAETANO MONTEIRO 814
2018,72,57,1,1,HUGO LEAL,1112,ESCOLA ESTADUAL LEOPOLDO FROES,RUA REVERENDO ARMANDO FERREIRA  S/N
2018,72,64,1,1,HUGO LEAL,1171,ESCOLA MUNICIPAL ANTONIO COUTINHO DE AZEVEDO,AV DES NESTOR RODRIGUES PERLINGEIRO S/N
2018,72,65,1,1,HUGO LEAL,1171,ESCOLA MUNICIPAL ANTONIO COUTINHO DE AZEVEDO,AV DES NESTOR RODRIGUES PERLINGEIRO S/N
2018,72,66,1,1,HUGO LEAL,1171,ESCOLA MUNICIPAL ANTONIO COUTINHO DE AZEVEDO,AV DES NESTOR RODRIGUES PERLINGEIRO S/N
2018,72,68,1,4,HUGO LEAL,1180,ESCOLA MUNICIPAL RACHIDE DA GLORIA SALIM SAKER,RUA JANDIRA PEREIRA 620
2018,72,69,1,2,HUGO LEAL,1180,ESCOLA MUNICIPAL RACHIDE DA GLORIA SALIM SAKER,RUA JANDIRA PEREIRA 620
2018,72,7,1,1,HUGO LEAL,1040,CIEP 447 - CARAMUJO,RODOVIA AMARAL PEIXOTO KM 2
2018,72,71,1,1,HUGO LEAL,1180,ESCOLA MUNICIPAL RACHIDE DA GLORIA SALIM SAKER,RUA JANDIRA PEREIRA 620
2022,144,105,1,1,HUGO LEAL,1317,IGREJA BATISTA BETEL DE NITERÓI,RUA DANIEL TORRES 72
2022,144,112,1,1,HUGO LEAL,1350,PAROQUIA NOSSA SENHORA MAE DA DIVINA PROVIDENCIA,RUA DOM ANTONIO DE ALMEIDA MORAES JR. 125
2022,144,113,1,1,HUGO LEAL,1252,ESCOLA MUNICIPAL ADELINO MAGALHÃES,"RUA DR. NELSON PENA, 17"
2022,144,115,1,2,HUGO LEAL,1252,ESCOLA MUNICIPAL ADELINO MAGALHÃES,"RUA DR. NELSON PENA, 17"
2022,144,116,1,1,HUGO LEAL,1210,TIO SAM ESPORTE CLUBE,RUA BENJAMIM CONSTANT 562
2022,144,118,1,1,HUGO LEAL,1210,TIO SAM ESPORTE CLUBE,RUA BENJAMIM CONSTANT 562
2022,144,120,1,1,HUGO LEAL,1210,TIO SAM ESPORTE CLUBE,RUA BENJAMIM CONSTANT 562
2022,144,121,1,3,HUGO LEAL,1210,TIO SAM ESPORTE CLUBE,RUA BENJAMIM CONSTANT 562
2022,144,125,1,1,HUGO LEAL,1031,(PRÉDIO NOVO) COLÉGIO PEDRO II UNIDADE NITERÓI,RUA ASSIS DE VASCONCELOS S/N
2022,144,130,1,1,HUGO LEAL,1104,ESCOLA MUNICIPAL ALTIVO CESAR,"RUA DR. LUIZ PALMIER, 25"
2022,144,135,1,2,HUGO LEAL,1252,ESCOLA MUNICIPAL ADELINO MAGALHÃES,"RUA DR. NELSON PENA, 17"
2022,144,139,1,1,HUGO LEAL,1449,INSTITUTO SÃO BENTO DE NITEROI,RUA VEREADOR DUQUE ESTRADA 28
2022,144,140,1,1,HUGO LEAL,1449,INSTITUTO SÃO BENTO DE NITEROI,RUA VEREADOR DUQUE ESTRADA 28
2022,144,142,1,1,HUGO LEAL,1449,INSTITUTO SÃO BENTO DE NITEROI,RUA VEREADOR DUQUE ESTRADA 28
2022,144,143,1,2,HUGO LEAL,1449,INSTITUTO SÃO BENTO DE NITEROI,RUA VEREADOR DUQUE ESTRADA 28
2022,144,144,1,2,HUGO LEAL,1449,INSTITUTO SÃO BENTO DE NITEROI,RUA VEREADOR DUQUE ESTRADA 28
2022,144,145,1,2,HUGO LEAL,1449,INSTITUTO SÃO BENTO DE NITEROI,RUA VEREADOR DUQUE ESTRADA 28
2022,144,146,1,1,HUGO LEAL,1449,INSTITUTO SÃO BENTO DE NITEROI,RUA VEREADOR DUQUE ESTRADA 28
2022,144,147,1,1,HUGO LEAL,1449,INSTITUTO SÃO BENTO DE NITEROI,RUA VEREADOR DUQUE ESTRADA 28
2022,144,148,1,1,HUGO LEAL,1449,INSTITUTO SÃO BENTO DE NITEROI,RUA VEREADOR DUQUE ESTRADA 28
2022,144,150,1,1,HUGO LEAL,1457,ESCOLA ESTADUAL MACHADO DE ASSIS,RUA DESEMBARGADOR LIMA CASTRO 97
2022,144,151,1,1,HUGO LEAL,1457,ESCOLA ESTADUAL MACHADO DE ASSIS,RUA DESEMBARGADOR LIMA CASTRO 97
2022,144,154,1,1,HUGO LEAL,1457,ESCOLA ESTADUAL MACHADO DE ASSIS,RUA DESEMBARGADOR LIMA CASTRO 97
2022,144,158,1,3,HUGO LEAL,1457,ESCOLA ESTADUAL MACHADO DE ASSIS,RUA DESEMBARGADOR LIMA CASTRO 97
2022,144,159,1,1,HUGO LEAL,1457,ESCOLA ESTADUAL MACHADO DE ASSIS,RUA DESEMBARGADOR LIMA CASTRO 97
2022,144,16,1,1,HUGO LEAL,1112,ESCOLA MUNICIPAL TIRADENTES,"RUA DR. MARCH, 628"
2022,144,161,1,3,HUGO LEAL,1457,ESCOLA ESTADUAL MACHADO DE ASSIS,RUA DESEMBARGADOR LIMA CASTRO 97
2022,144,162,1,1,HUGO LEAL,1627,ESCOLA ESTADUAL DOUTOR JAYME MEMORIA,RUA NORONHA TORREZAO 625
2022,144,164,1,3,HUGO LEAL,1473,ESCOLA ESTADUAL JOSE BONIFACIO,RUA CARLOS MAXIMIANO 20
2022,144,165,1,3,HUGO LEAL,1473,ESCOLA ESTADUAL JOSE BONIFACIO,RUA CARLOS MAXIMIANO 20
2022,144,168,1,2,HUGO LEAL,1473,ESCOLA ESTADUAL JOSE BONIFACIO,RUA CARLOS MAXIMIANO 20
2022,144,171,1,1,HUGO LEAL,1473,ESCOLA ESTADUAL JOSE BONIFACIO,RUA CARLOS MAXIMIANO 20
2022,144,178,1,1,HUGO LEAL,1481,GRUPO ESCOLAR EMBAIXADOR RAUL FERNANDES,"RUA RIODADES, 253"
2022,144,179,1,1,HUGO LEAL,1481,GRUPO ESCOLAR EMBAIXADOR RAUL FERNANDES,"RUA RIODADES, 253"
2022,144,182,1,1,HUGO LEAL,1481,GRUPO ESCOLAR EMBAIXADOR RAUL FERNANDES,"RUA RIODADES, 253"
2022,144,183,1,2,HUGO LEAL,1481,GRUPO ESCOLAR EMBAIXADOR RAUL FERNANDES,"RUA RIODADES, 253"
2022,144,184,1,3,HUGO LEAL,1481,GRUPO ESCOLAR EMBAIXADOR RAUL FERNANDES,"RUA RIODADES, 253"
2022,144,186,1,2,HUGO LEAL,1481,GRUPO ESCOLAR EMBAIXADOR RAUL FERNANDES,"RUA RIODADES, 253"
2022,144,187,1,1,HUGO LEAL,1481,GRUPO ESCOLAR EMBAIXADOR RAUL FERNANDES,"RUA RIODADES, 253"
2022,144,188,1,2,HUGO LEAL,1481,GRUPO ESCOLAR EMBAIXADOR RAUL FERNANDES,"RUA RIODADES, 253"
2022,144,189,1,1,HUGO LEAL,1490,IGREJA BATISTA DO FONSECA,ALAMEDA SAO BOAVENTURA  937
2022,144,190,1,2,HUGO LEAL,1490,IGREJA BATISTA DO FONSECA,ALAMEDA SAO BOAVENTURA  937
2022,144,191,1,1,HUGO LEAL,1490,IGREJA BATISTA DO FONSECA,ALAMEDA SAO BOAVENTURA  937
2022,144,194,1,3,HUGO LEAL,1503,SERVICO DE ASSISTENCIA SOCIAL SAO DOMINGOS SAVIO,RUA MARTINS TORRES 223
2022,144,195,1,2,HUGO LEAL,1503,SERVICO DE ASSISTENCIA SOCIAL SAO DOMINGOS SAVIO,RUA MARTINS TORRES 223
2022,144,196,1,1,HUGO LEAL,1503,SERVICO DE ASSISTENCIA SOCIAL SAO DOMINGOS SAVIO,RUA MARTINS TORRES 223
2022,144,197,1,3,HUGO LEAL,1503,SERVICO DE ASSISTENCIA SOCIAL SAO DOMINGOS SAVIO,RUA MARTINS TORRES 223
2022,144,199,1,1,HUGO LEAL,1503,SERVICO DE ASSISTENCIA SOCIAL SAO DOMINGOS SAVIO,RUA MARTINS TORRES 223
2022,144,20,1,1,HUGO LEAL,1090,ESCOLA TÉCNICA ESTADUAL HENRIQUE LAGE,RUA GUIMARÃES JUNIOR 182
2022,144,200,1,1,HUGO LEAL,1503,SERVICO DE ASSISTENCIA SOCIAL SAO DOMINGOS SAVIO,RUA MARTINS TORRES 223
2022,144,201,1,1,HUGO LEAL,1511,COLÉGIO OPÇÃO - NITERÓI,"ALAMEDA SÃO BOAVENTURA, 824"
2022,144,202,1,1,HUGO LEAL,1511,COLÉGIO OPÇÃO - NITERÓI,"ALAMEDA SÃO BOAVENTURA, 824"
2022,144,203,1,3,HUGO LEAL,1511,COLÉGIO OPÇÃO - NITERÓI,"ALAMEDA SÃO BOAVENTURA, 824"
2022,144,205,1,2,HUGO LEAL,1520,ESCOLA MUNICIPAL DJALMA COUTINHO,"RUA CINCO DE MARÇO, 75"
2022,144,211,1,1,HUGO LEAL,1546,ESCOLA ESTADUAL HILARIO RIBEIRO,"ALAMEDA SAO BOAVENTURA , 794"
2022,144,212,1,1,HUGO LEAL,1546,ESCOLA ESTADUAL HILARIO RIBEIRO,"ALAMEDA SAO BOAVENTURA , 794"
2022,144,213,1,1,HUGO LEAL,1546,ESCOLA ESTADUAL HILARIO RIBEIRO,"ALAMEDA SAO BOAVENTURA , 794"
2022,144,217,1,2,HUGO LEAL,1554,ESCOLA MUNICIPAL PROFESSOR PAULO FREIRE,RUA SOARES DE MIRANDA 77
2022,144,22,1,2,HUGO LEAL,1090,ESCOLA TÉCNICA ESTADUAL HENRIQUE LAGE,RUA GUIMARÃES JUNIOR 182
2022,144,221,1,1,HUGO LEAL,1554,ESCOLA MUNICIPAL PROFESSOR PAULO FREIRE,RUA SOARES DE MIRANDA 77
2022,144,222,1,1,HUGO LEAL,1554,ESCOLA MUNICIPAL PROFESSOR PAULO FREIRE,RUA SOARES DE MIRANDA 77
2022,144,224,1,1,HUGO LEAL,1554,ESCOLA MUNICIPAL PROFESSOR PAULO FREIRE,RUA SOARES DE MIRANDA 77
2022,144,226,1,1,HUGO LEAL,1554,ESCOLA MUNICIPAL PROFESSOR PAULO FREIRE,RUA SOARES DE MIRANDA 77
2022,144,231,1,1,HUGO LEAL,1562,LBV LEGIÃO DA BOA VONTADE,ALAMEDA SÃO BOAVENTURA 474
2022,144,233,1,2,HUGO LEAL,1562,LBV LEGIÃO DA BOA VONTADE,ALAMEDA SÃO BOAVENTURA 474
2022,144,234,1,1,HUGO LEAL,1562,LBV LEGIÃO DA BOA VONTADE,ALAMEDA SÃO BOAVENTURA 474
2022,144,235,1,1,HUGO LEAL,1562,LBV LEGIÃO DA BOA VONTADE,ALAMEDA SÃO BOAVENTURA 474
2022,144,236,1,1,HUGO LEAL,1570,SECRETARIA DE ESTADO DE AGRICULTURA E ABASTECIMENTO,ALAMEDA SAO BOAVENTURA 770
2022,144,237,1,1,HUGO LEAL,1570,SECRETARIA DE ESTADO DE AGRICULTURA E ABASTECIMENTO,ALAMEDA SAO BOAVENTURA 770
2022,144,238,1,1,HUGO LEAL,1570,SECRETARIA DE ESTADO DE AGRICULTURA E ABASTECIMENTO,ALAMEDA SAO BOAVENTURA 770
2022,144,239,1,2,HUGO LEAL,1570,SECRETARIA DE ESTADO DE AGRICULTURA E ABASTECIMENTO,ALAMEDA SAO BOAVENTURA 770
2022,144,24,1,3,HUGO LEAL,1090,ESCOLA TÉCNICA ESTADUAL HENRIQUE LAGE,RUA GUIMARÃES JUNIOR 182
2022,144,241,1,2,HUGO LEAL,1570,SECRETARIA DE ESTADO DE AGRICULTURA E ABASTECIMENTO,ALAMEDA SAO BOAVENTURA 770
2022,144,245,1,1,HUGO LEAL,1570,SECRETARIA DE ESTADO DE AGRICULTURA E ABASTECIMENTO,ALAMEDA SAO BOAVENTURA 770
2022,144,248,1,2,HUGO LEAL,1570,SECRETARIA DE ESTADO DE AGRICULTURA E ABASTECIMENTO,ALAMEDA SAO BOAVENTURA 770
2022,144,250,1,2,HUGO LEAL,1589,COLÉGIO NOSSA SENHORA DAS MERCÊS,ALAMEDA SAO BOAVENTURA 297
2022,144,251,1,1,HUGO LEAL,1589,COLÉGIO NOSSA SENHORA DAS MERCÊS,ALAMEDA SAO BOAVENTURA 297
2022,144,253,1,1,HUGO LEAL,1589,COLÉGIO NOSSA SENHORA DAS MERCÊS,ALAMEDA SAO BOAVENTURA 297
2022,144,255,1,1,HUGO LEAL,1589,COLÉGIO NOSSA SENHORA DAS MERCÊS,ALAMEDA SAO BOAVENTURA 297
2022,144,256,1,2,HUGO LEAL,1589,COLÉGIO NOSSA SENHORA DAS MERCÊS,ALAMEDA SAO BOAVENTURA 297
2022,144,257,1,1,HUGO LEAL,1589,COLÉGIO NOSSA SENHORA DAS MERCÊS,ALAMEDA SAO BOAVENTURA 297
2022,144,259,1,3,HUGO LEAL,1589,COLÉGIO NOSSA SENHORA DAS MERCÊS,ALAMEDA SAO BOAVENTURA 297
2022,144,261,1,3,HUGO LEAL,1589,COLÉGIO NOSSA SENHORA DAS MERCÊS,ALAMEDA SAO BOAVENTURA 297
2022,144,272,1,1,HUGO LEAL,1597,ESCOLA ESTADUAL HILARIO RIBEIRO,ALAMEDA SAO BOAVENTURA 794
2022,144,279,1,4,HUGO LEAL,1600,CIEP 251 - DONA MARIA PORTUGAL,RODOVIA AMARAL PEIXOTO KM 3
2022,144,284,1,1,HUGO LEAL,1600,CIEP 251 - DONA MARIA PORTUGAL,RODOVIA AMARAL PEIXOTO KM 3
2022,144,286,1,1,HUGO LEAL,1554,ESCOLA MUNICIPAL PROFESSOR PAULO FREIRE,RUA SOARES DE MIRANDA 77
2022,144,287,1,1,HUGO LEAL,1554,ESCOLA MUNICIPAL PROFESSOR PAULO FREIRE,RUA SOARES DE MIRANDA 77
2022,144,288,1,1,HUGO LEAL,1554,ESCOLA MUNICIPAL PROFESSOR PAULO FREIRE,RUA SOARES DE MIRANDA 77
2022,144,292,1,1,HUGO LEAL,1627,ESCOLA ESTADUAL DOUTOR JAYME MEMORIA,RUA NORONHA TORREZAO 625
2022,144,293,1,2,HUGO LEAL,1627,ESCOLA ESTADUAL DOUTOR JAYME MEMORIA,RUA NORONHA TORREZAO 625
2022,144,294,1,1,HUGO LEAL,1627,ESCOLA ESTADUAL DOUTOR JAYME MEMORIA,RUA NORONHA TORREZAO 625
2022,144,295,1,3,HUGO LEAL,1627,ESCOLA ESTADUAL DOUTOR JAYME MEMORIA,RUA NORONHA TORREZAO 625
2022,144,297,1,3,HUGO LEAL,1627,ESCOLA ESTADUAL DOUTOR JAYME MEMORIA,RUA NORONHA TORREZAO 625
2022,144,298,1,1,HUGO LEAL,1627,ESCOLA ESTADUAL DOUTOR JAYME MEMORIA,RUA NORONHA TORREZAO 625
2022,144,299,1,1,HUGO LEAL,1627,ESCOLA ESTADUAL DOUTOR JAYME MEMORIA,RUA NORONHA TORREZAO 625
2022,144,30,1,2,HUGO LEAL,1104,ESCOLA MUNICIPAL ALTIVO CESAR,"RUA DR. LUIZ PALMIER, 25"
2022,144,301,1,4,HUGO LEAL,1627,ESCOLA ESTADUAL DOUTOR JAYME MEMORIA,RUA NORONHA TORREZAO 625
2022,144,302,1,1,HUGO LEAL,1627,ESCOLA ESTADUAL DOUTOR JAYME MEMORIA,RUA NORONHA TORREZAO 625
2022,144,309,1,2,HUGO LEAL,1635,ESCOLA MUNICIPAL DOM JOSÉ PEREIRA ALVES,"RUA TENENTE OSORIO, 73"
2022,144,314,1,2,HUGO LEAL,1643,IGREJA ASSEMBLÉIA DE DEUS,"TRAVESSA VICTOR PESTRE, 32"
2022,144,315,1,2,HUGO LEAL,1643,IGREJA ASSEMBLÉIA DE DEUS,"TRAVESSA VICTOR PESTRE, 32"
2022,144,319,1,2,HUGO LEAL,1651,INSTITUTO EDUCACIONAL TAURUS,"ALAMEDA SÃO BOAVENTURA, 15"
2022,144,321,1,1,HUGO LEAL,1651,INSTITUTO EDUCACIONAL TAURUS,"ALAMEDA SÃO BOAVENTURA, 15"
2022,144,325,1,1,HUGO LEAL,1651,INSTITUTO EDUCACIONAL TAURUS,"ALAMEDA SÃO BOAVENTURA, 15"
2022,144,328,1,2,HUGO LEAL,1660,COLÉGIO ESTADUAL CONSELHEIRO JOSINO,"RUA TEIXEIRA DE FREITAS, 421"
2022,144,329,1,1,HUGO LEAL,1660,COLÉGIO ESTADUAL CONSELHEIRO JOSINO,"RUA TEIXEIRA DE FREITAS, 421"
2022,144,333,1,1,HUGO LEAL,1660,COLÉGIO ESTADUAL CONSELHEIRO JOSINO,"RUA TEIXEIRA DE FREITAS, 421"
2022,144,335,1,1,HUGO LEAL,1660,COLÉGIO ESTADUAL CONSELHEIRO JOSINO,"RUA TEIXEIRA DE FREITAS, 421"
2022,144,337,1,1,HUGO LEAL,1678,ESCOLA MUNICIPAL JACINTA MEDELA,"RUA TENENTE OSORIO, 10"
2022,144,338,1,1,HUGO LEAL,1678,ESCOLA MUNICIPAL JACINTA MEDELA,"RUA TENENTE OSORIO, 10"
2022,144,340,1,3,HUGO LEAL,1678,ESCOLA MUNICIPAL JACINTA MEDELA,"RUA TENENTE OSORIO, 10"
2022,144,342,1,2,HUGO LEAL,1686,GRUPO ESCOLAR NORONHA SANTOS,"RUA PREFEITO BRANDÃO JUNIOR, 184"
2022,144,344,1,1,HUGO LEAL,1686,GRUPO ESCOLAR NORONHA SANTOS,"RUA PREFEITO BRANDÃO JUNIOR, 184"
2022,144,346,1,1,HUGO LEAL,1686,GRUPO ESCOLAR NORONHA SANTOS,"RUA PREFEITO BRANDÃO JUNIOR, 184"
2022,144,349,1,1,HUGO LEAL,1686,GRUPO ESCOLAR NORONHA SANTOS,"RUA PREFEITO BRANDÃO JUNIOR, 184"
2022,144,35,1,1,HUGO LEAL,1112,ESCOLA MUNICIPAL TIRADENTES,"RUA DR. MARCH, 628"
2022,144,351,1,1,HUGO LEAL,1627,ESCOLA ESTADUAL DOUTOR JAYME MEMORIA,RUA NORONHA TORREZAO 625
2022,144,36,1,1,HUGO LEAL,1112,ESCOLA MUNICIPAL TIRADENTES,"RUA DR. MARCH, 628"
2022,144,4,1,1,HUGO LEAL,1023,PAROQUIA DE SAO JOAO BATISTA,RUA DR. MARCH 666
2022,144,42,1,1,HUGO LEAL,1090,ESCOLA TÉCNICA ESTADUAL HENRIQUE LAGE,RUA GUIMARÃES JUNIOR 182
2022,144,43,1,1,HUGO LEAL,1090,ESCOLA TÉCNICA ESTADUAL HENRIQUE LAGE,RUA GUIMARÃES JUNIOR 182
2022,144,45,1,1,HUGO LEAL,1163,COLÉGIO ESTADUAL CONSELHEIRO MACEDO SOARES,RUA DR. MARCH 392
2022,144,46,1,1,HUGO LEAL,1163,COLÉGIO ESTADUAL CONSELHEIRO MACEDO SOARES,RUA DR. MARCH 392
2022,144,48,1,1,HUGO LEAL,1163,COLÉGIO ESTADUAL CONSELHEIRO MACEDO SOARES,RUA DR. MARCH 392
2022,144,51,1,1,HUGO LEAL,1163,COLÉGIO ESTADUAL CONSELHEIRO MACEDO SOARES,RUA DR. MARCH 392
2022,144,52,1,1,HUGO LEAL,1171,ESCOLA ESTADUAL MENEZES VIEIRA,RUA ASSIS DE VASCONCELOS N 30
2022,144,54,1,1,HUGO LEAL,1171,ESCOLA ESTADUAL MENEZES VIEIRA,RUA ASSIS DE VASCONCELOS N 30
2022,144,56,1,2,HUGO LEAL,1201,OFICINAS DO SENAI,RUA GALVAO S/N
2022,144,59,1,2,HUGO LEAL,1104,ESCOLA MUNICIPAL ALTIVO CESAR,"RUA DR. LUIZ PALMIER, 25"
2022,144,62,1,1,HUGO LEAL,1210,TIO SAM ESPORTE CLUBE,RUA BENJAMIM CONSTANT 562
2022,144,63,1,2,HUGO LEAL,1210,TIO SAM ESPORTE CLUBE,RUA BENJAMIM CONSTANT 562
2022,144,64,1,3,HUGO LEAL,1210,TIO SAM ESPORTE CLUBE,RUA BENJAMIM CONSTANT 562
2022,144,65,1,2,HUGO LEAL,1210,TIO SAM ESPORTE CLUBE,RUA BENJAMIM CONSTANT 562
2022,144,69,1,1,HUGO LEAL,1236,COLÉGIO ESTADUAL MULLULO DA VEIGA,RUA CORONEL GUIMARÃES 505
2022,144,7,1,1,HUGO LEAL,1031,(PRÉDIO NOVO) COLÉGIO PEDRO II UNIDADE NITERÓI,RUA ASSIS DE VASCONCELOS S/N
2022,144,70,1,2,HUGO LEAL,1236,COLÉGIO ESTADUAL MULLULO DA VEIGA,RUA CORONEL GUIMARÃES 505
2022,144,76,1,1,HUGO LEAL,1406,COLÉGIO NITERÓI,"RUA  VEREADOR JOSÉ VICENTE SOBRINHO, 269"
2022,144,77,1,1,HUGO LEAL,1406,COLÉGIO NITERÓI,"RUA  VEREADOR JOSÉ VICENTE SOBRINHO, 269"
2022,144,79,1,2,HUGO LEAL,1406,COLÉGIO NITERÓI,"RUA  VEREADOR JOSÉ VICENTE SOBRINHO, 269"
2022,144,81,1,1,HUGO LEAL,1031,(PRÉDIO NOVO) COLÉGIO PEDRO II UNIDADE NITERÓI,RUA ASSIS DE VASCONCELOS S/N
2022,144,82,1,1,HUGO LEAL,1031,(PRÉDIO NOVO) COLÉGIO PEDRO II UNIDADE NITERÓI,RUA ASSIS DE VASCONCELOS S/N
2022,144,85,1,2,HUGO LEAL,1252,ESCOLA MUNICIPAL ADELINO MAGALHÃES,"RUA DR. NELSON PENA, 17"
2022,144,87,1,1,HUGO LEAL,1252,ESCOLA MUNICIPAL ADELINO MAGALHÃES,"RUA DR. NELSON PENA, 17"
2022,144,94,1,1,HUGO LEAL,1031,(PRÉDIO NOVO) COLÉGIO PEDRO II UNIDADE NITERÓI,RUA ASSIS DE VASCONCELOS S/N
2022,144,95,1,1,HUGO LEAL,1236,COLÉGIO ESTADUAL MULLULO DA VEIGA,RUA CORONEL GUIMARÃES 505
2022,144,96,1,1,HUGO LEAL,1031,(PRÉDIO NOVO) COLÉGIO PEDRO II UNIDADE NITERÓI,RUA ASSIS DE VASCONCELOS S/N
2022,199,101,1,2,HUGO LEAL,1112,COLÉGIO SALESIANO REGIÃO OCEÂNICA,"RUA DOUTOR CORNÉLIO DE MELLO JÚNIOR, 117"
2022,199,104,1,1,HUGO LEAL,1155,COLÉGIO ITAPUCA,"AV. ERNANI DE FARIAS ALVES, N 124 TREVO DE PIRATININGA"
2022,199,105,1,1,HUGO LEAL,1244,COLÉGIO LAPLACE,"RUA MANOEL PACHECO DE CARVALHO, N 80"
2022,199,106,1,3,HUGO LEAL,1082,UMEI DR PAULO CESAR DE ALMEIDA PIMENTEL,RUA ANTONIO LUIZ SAIÃO CAMPO BELO
2022,199,113,1,1,HUGO LEAL,1031,ESCOLA MUNICIPAL HONORINA DE CARVALHO,RUA PROF. JOSE PECANHA S/N
2022,199,114,1,1,HUGO LEAL,1198,CIEP 448 RUY FRAZÃO SOARES,ESTRADA DO ENGENHO DO MATO S/N - PRACA
2022,199,115,1,2,HUGO LEAL,1244,COLÉGIO LAPLACE,"RUA MANOEL PACHECO DE CARVALHO, N 80"
2022,199,116,1,2,HUGO LEAL,1090,COLÉGIO ESTADUAL PROFESSORA ALCINA RODRIGUES LIMA,"ESTRADA FRANCISCO DA CRUZ NUNES, S/N"
2022,199,119,1,1,HUGO LEAL,1066,ITACOATIARA PAMPO CLUBE,AV. BEIRA MAR 205
2022,199,12,1,2,HUGO LEAL,1031,ESCOLA MUNICIPAL HONORINA DE CARVALHO,RUA PROF. JOSE PECANHA S/N
2022,199,120,1,1,HUGO LEAL,1015,COUNTRY CLUB DE NITEROI,RUA CHILE 135
2022,199,123,1,1,HUGO LEAL,1139,ESCOLA MUNICIPAL FRANCISCO PORTUGAL NEVES,"RUA MANOEL PACHECO DE CARVALHO, N 14 TREVO DE PIRATININGA"
2022,199,126,1,1,HUGO LEAL,1198,CIEP 448 RUY FRAZÃO SOARES,ESTRADA DO ENGENHO DO MATO S/N - PRACA
2022,199,127,1,3,HUGO LEAL,1090,COLÉGIO ESTADUAL PROFESSORA ALCINA RODRIGUES LIMA,"ESTRADA FRANCISCO DA CRUZ NUNES, S/N"
2022,199,13,1,1,HUGO LEAL,1031,ESCOLA MUNICIPAL HONORINA DE CARVALHO,RUA PROF. JOSE PECANHA S/N
2022,199,135,1,1,HUGO LEAL,1090,COLÉGIO ESTADUAL PROFESSORA ALCINA RODRIGUES LIMA,"ESTRADA FRANCISCO DA CRUZ NUNES, S/N"
2022,199,136,1,5,HUGO LEAL,1244,COLÉGIO LAPLACE,"RUA MANOEL PACHECO DE CARVALHO, N 80"
2022,199,139,1,2,HUGO LEAL,1198,CIEP 448 RUY FRAZÃO SOARES,ESTRADA DO ENGENHO DO MATO S/N - PRACA
2022,199,140,1,1,HUGO LEAL,1074,COLÉGIO FUTURO VIP (ANT GAUSS),"RUA JULIO BRAGA, 65 LOT SANTO ANTÔNIO ITAIPU"
2022,199,141,1,1,HUGO LEAL,1082,UMEI DR PAULO CESAR DE ALMEIDA PIMENTEL,RUA ANTONIO LUIZ SAIÃO CAMPO BELO
2022,199,144,1,2,HUGO LEAL,1139,ESCOLA MUNICIPAL FRANCISCO PORTUGAL NEVES,"RUA MANOEL PACHECO DE CARVALHO, N 14 TREVO DE PIRATININGA"
2022,199,145,1,1,HUGO LEAL,1090,COLÉGIO ESTADUAL PROFESSORA ALCINA RODRIGUES LIMA,"ESTRADA FRANCISCO DA CRUZ NUNES, S/N"
2022,199,148,1,3,HUGO LEAL,1031,ESCOLA MUNICIPAL HONORINA DE CARVALHO,RUA PROF. JOSE PECANHA S/N
2022,199,152,1,1,HUGO LEAL,1260,COLÉGIO PLUZ,"RUA NICARÁGUA, 20"
2022,199,154,1,1,HUGO LEAL,1279,INSTITUTO FOKUS (ANTIGO INTERAÇÃO CRECHE ESCOLA),"AVENIDA PROF CARLOS NELSON FERREIRA SANTOS(ANT AVENIDA 5) , 658"
2022,199,155,1,1,HUGO LEAL,1112,COLÉGIO SALESIANO REGIÃO OCEÂNICA,"RUA DOUTOR CORNÉLIO DE MELLO JÚNIOR, 117"
2022,199,156,1,1,HUGO LEAL,1155,COLÉGIO ITAPUCA,"AV. ERNANI DE FARIAS ALVES, N 124 TREVO DE PIRATININGA"
2022,199,157,1,3,HUGO LEAL,1015,COUNTRY CLUB DE NITEROI,RUA CHILE 135
2022,199,161,1,2,HUGO LEAL,1260,COLÉGIO PLUZ,"RUA NICARÁGUA, 20"
2022,199,163,1,1,HUGO LEAL,1260,COLÉGIO PLUZ,"RUA NICARÁGUA, 20"
2022,199,166,1,2,HUGO LEAL,1031,ESCOLA MUNICIPAL HONORINA DE CARVALHO,RUA PROF. JOSE PECANHA S/N
2022,199,168,1,3,HUGO LEAL,1139,ESCOLA MUNICIPAL FRANCISCO PORTUGAL NEVES,"RUA MANOEL PACHECO DE CARVALHO, N 14 TREVO DE PIRATININGA"
2022,199,169,1,3,HUGO LEAL,1317,COLÉGIO PAULO FREIRE,"AVENIDA IRENE LOPES SODRÉ, N22"
2022,199,173,1,1,HUGO LEAL,1112,COLÉGIO SALESIANO REGIÃO OCEÂNICA,"RUA DOUTOR CORNÉLIO DE MELLO JÚNIOR, 117"
2022,199,178,1,4,HUGO LEAL,1155,COLÉGIO ITAPUCA,"AV. ERNANI DE FARIAS ALVES, N 124 TREVO DE PIRATININGA"
2022,199,179,1,5,HUGO LEAL,1341,SOPRECAM,"AV. PROFESSOR CARLOS NELSON FERREIRADOS SANTOS, S/N"
2022,199,181,1,1,HUGO LEAL,1015,COUNTRY CLUB DE NITEROI,RUA CHILE 135
2022,199,184,1,2,HUGO LEAL,1260,COLÉGIO PLUZ,"RUA NICARÁGUA, 20"
2022,199,185,1,3,HUGO LEAL,1155,COLÉGIO ITAPUCA,"AV. ERNANI DE FARIAS ALVES, N 124 TREVO DE PIRATININGA"
2022,199,187,1,1,HUGO LEAL,1104,FISK CENTRO DE ENSINO,RUA ERNANI DE FARIAS ALVES 161
2022,199,189,1,1,HUGO LEAL,1120,COLÉGIO ESTADUAL ALMIRANTE TAMANDARÉ,AV. ACURCIO TORRES S/N
2022,199,190,1,3,HUGO LEAL,1279,INSTITUTO FOKUS (ANTIGO INTERAÇÃO CRECHE ESCOLA),"AVENIDA PROF CARLOS NELSON FERREIRA SANTOS(ANT AVENIDA 5) , 658"
2022,199,192,1,3,HUGO LEAL,1155,COLÉGIO ITAPUCA,"AV. ERNANI DE FARIAS ALVES, N 124 TREVO DE PIRATININGA"
2022,199,193,1,1,HUGO LEAL,1260,COLÉGIO PLUZ,"RUA NICARÁGUA, 20"
2022,199,194,1,3,HUGO LEAL,1295,UMEI PROFA ODETE ROSA DA MOTA,ESTRADA FRANCISCO DA CRUZ NUNES S/N (PRÓXIMO AO CORPO DE BOMBEIROS)
2022,199,196,1,1,HUGO LEAL,1015,COUNTRY CLUB DE NITEROI,RUA CHILE 135
2022,199,197,1,1,HUGO LEAL,1295,UMEI PROFA ODETE ROSA DA MOTA,ESTRADA FRANCISCO DA CRUZ NUNES S/N (PRÓXIMO AO CORPO DE BOMBEIROS)
2022,199,198,1,2,HUGO LEAL,1104,FISK CENTRO DE ENSINO,RUA ERNANI DE FARIAS ALVES 161
2022,199,199,1,2,HUGO LEAL,1244,COLÉGIO LAPLACE,"RUA MANOEL PACHECO DE CARVALHO, N 80"
2022,199,200,1,2,HUGO LEAL,1279,INSTITUTO FOKUS (ANTIGO INTERAÇÃO CRECHE ESCOLA),"AVENIDA PROF CARLOS NELSON FERREIRA SANTOS(ANT AVENIDA 5) , 658"
2022,199,202,1,5,HUGO LEAL,1317,COLÉGIO PAULO FREIRE,"AVENIDA IRENE LOPES SODRÉ, N22"
2022,199,207,1,2,HUGO LEAL,1104,FISK CENTRO DE ENSINO,RUA ERNANI DE FARIAS ALVES 161
2022,199,208,1,2,HUGO LEAL,1260,COLÉGIO PLUZ,"RUA NICARÁGUA, 20"
2022,199,209,1,2,HUGO LEAL,1317,COLÉGIO PAULO FREIRE,"AVENIDA IRENE LOPES SODRÉ, N22"
2022,199,210,1,1,HUGO LEAL,1295,UMEI PROFA ODETE ROSA DA MOTA,ESTRADA FRANCISCO DA CRUZ NUNES S/N (PRÓXIMO AO CORPO DE BOMBEIROS)
2022,199,211,1,1,HUGO LEAL,1104,FISK CENTRO DE ENSINO,RUA ERNANI DE FARIAS ALVES 161
2022,199,213,1,1,HUGO LEAL,1325,ESCOLA MUNICIPAL SÍTIO DO IPÊ,RUA PROF. JOSÉ PEÇANHA
2022,199,214,1,1,HUGO LEAL,1333,ESCOLA ME NINAR,"RUA 03, N 88 E 101"
2022,199,215,1,1,HUGO LEAL,1350,ESCOLA MUNICIPAL MARALEGRE,"RUA DR. WALDIR COSTA, LOTES 10 E 11"
2022,199,216,1,1,HUGO LEAL,1287,ESCOLA MUNICIPAL PROF MARCOS WALDEMAR DE FREITAS REIS,"RUA ANTONIO LUIZ SAIÃO, S/N ITAIPU"
2022,199,218,1,1,HUGO LEAL,1368,UMEI PROFESSORA NINA RITA TORRES,"AVENIDA DOUTOR ACÚRCIO TORRES, 691"
2022,199,219,1,1,HUGO LEAL,1317,COLÉGIO PAULO FREIRE,"AVENIDA IRENE LOPES SODRÉ, N22"
2022,199,221,1,3,HUGO LEAL,1325,ESCOLA MUNICIPAL SÍTIO DO IPÊ,RUA PROF. JOSÉ PEÇANHA
2022,199,222,1,2,HUGO LEAL,1252,CIEP 307 DJANIRA,AV. EWERTON XAVIER S/N - PRACA
2022,199,223,1,1,HUGO LEAL,1350,ESCOLA MUNICIPAL MARALEGRE,"RUA DR. WALDIR COSTA, LOTES 10 E 11"
2022,199,224,1,1,HUGO LEAL,1368,UMEI PROFESSORA NINA RITA TORRES,"AVENIDA DOUTOR ACÚRCIO TORRES, 691"
2022,199,225,1,2,HUGO LEAL,1333,ESCOLA ME NINAR,"RUA 03, N 88 E 101"
2022,199,226,1,1,HUGO LEAL,1295,UMEI PROFA ODETE ROSA DA MOTA,ESTRADA FRANCISCO DA CRUZ NUNES S/N (PRÓXIMO AO CORPO DE BOMBEIROS)
2022,199,227,1,2,HUGO LEAL,1112,COLÉGIO SALESIANO REGIÃO OCEÂNICA,"RUA DOUTOR CORNÉLIO DE MELLO JÚNIOR, 117"
2022,199,228,1,2,HUGO LEAL,1317,COLÉGIO PAULO FREIRE,"AVENIDA IRENE LOPES SODRÉ, N22"
2022,199,229,1,1,HUGO LEAL,1317,COLÉGIO PAULO FREIRE,"AVENIDA IRENE LOPES SODRÉ, N22"
2022,199,230,1,1,HUGO LEAL,1104,FISK CENTRO DE ENSINO,RUA ERNANI DE FARIAS ALVES 161
2022,199,231,1,2,HUGO LEAL,1112,COLÉGIO SALESIANO REGIÃO OCEÂNICA,"RUA DOUTOR CORNÉLIO DE MELLO JÚNIOR, 117"
2022,199,232,1,2,HUGO LEAL,1392,CULTURA INGLESA EM ITAIPU,"ESTRADA FRANCISCO DA CRUZ NUNES, N 6956"
2022,199,233,1,1,HUGO LEAL,1260,COLÉGIO PLUZ,"RUA NICARÁGUA, 20"
2022,199,235,1,4,HUGO LEAL,1392,CULTURA INGLESA EM ITAIPU,"ESTRADA FRANCISCO DA CRUZ NUNES, N 6956"
2022,199,237,1,3,HUGO LEAL,1392,CULTURA INGLESA EM ITAIPU,"ESTRADA FRANCISCO DA CRUZ NUNES, N 6956"
2022,199,239,1,2,HUGO LEAL,1392,CULTURA INGLESA EM ITAIPU,"ESTRADA FRANCISCO DA CRUZ NUNES, N 6956"
2022,199,240,1,1,HUGO LEAL,1392,CULTURA INGLESA EM ITAIPU,"ESTRADA FRANCISCO DA CRUZ NUNES, N 6956"
2022,199,242,1,8,HUGO LEAL,1350,ESCOLA MUNICIPAL MARALEGRE,"RUA DR. WALDIR COSTA, LOTES 10 E 11"
2022,199,243,1,3,HUGO LEAL,1333,ESCOLA ME NINAR,"RUA 03, N 88 E 101"
2022,199,244,1,3,HUGO LEAL,1317,COLÉGIO PAULO FREIRE,"AVENIDA IRENE LOPES SODRÉ, N22"
2022,199,245,1,2,HUGO LEAL,1392,CULTURA INGLESA EM ITAIPU,"ESTRADA FRANCISCO DA CRUZ NUNES, N 6956"
2022,199,246,1,2,HUGO LEAL,1104,FISK CENTRO DE ENSINO,RUA ERNANI DE FARIAS ALVES 161
2022,199,247,1,3,HUGO LEAL,1317,COLÉGIO PAULO FREIRE,"AVENIDA IRENE LOPES SODRÉ, N22"
2022,199,248,1,1,HUGO LEAL,1368,UMEI PROFESSORA NINA RITA TORRES,"AVENIDA DOUTOR ACÚRCIO TORRES, 691"
2022,199,25,1,1,HUGO LEAL,1074,COLÉGIO FUTURO VIP (ANT GAUSS),"RUA JULIO BRAGA, 65 LOT SANTO ANTÔNIO ITAIPU"
2022,199,26,1,3,HUGO LEAL,1074,COLÉGIO FUTURO VIP (ANT GAUSS),"RUA JULIO BRAGA, 65 LOT SANTO ANTÔNIO ITAIPU"
2022,199,29,1,1,HUGO LEAL,1074,COLÉGIO FUTURO VIP (ANT GAUSS),"RUA JULIO BRAGA, 65 LOT SANTO ANTÔNIO ITAIPU"
2022,199,3,1,1,HUGO LEAL,1015,COUNTRY CLUB DE NITEROI,RUA CHILE 135
2022,199,33,1,1,HUGO LEAL,1082,UMEI DR PAULO CESAR DE ALMEIDA PIMENTEL,RUA ANTONIO LUIZ SAIÃO CAMPO BELO
2022,199,34,1,1,HUGO LEAL,1090,COLÉGIO ESTADUAL PROFESSORA ALCINA RODRIGUES LIMA,"ESTRADA FRANCISCO DA CRUZ NUNES, S/N"
2022,199,35,1,1,HUGO LEAL,1090,COLÉGIO ESTADUAL PROFESSORA ALCINA RODRIGUES LIMA,"ESTRADA FRANCISCO DA CRUZ NUNES, S/N"
2022,199,37,1,1,HUGO LEAL,1090,COLÉGIO ESTADUAL PROFESSORA ALCINA RODRIGUES LIMA,"ESTRADA FRANCISCO DA CRUZ NUNES, S/N"
2022,199,38,1,1,HUGO LEAL,1090,COLÉGIO ESTADUAL PROFESSORA ALCINA RODRIGUES LIMA,"ESTRADA FRANCISCO DA CRUZ NUNES, S/N"
2022,199,4,1,1,HUGO LEAL,1023,ESCOLA MUNICIPAL FELISBERTO DE CARVALHO,ESTRADA CAETANO MONTEIRO 896
2022,199,45,1,1,HUGO LEAL,1112,COLÉGIO SALESIANO REGIÃO OCEÂNICA,"RUA DOUTOR CORNÉLIO DE MELLO JÚNIOR, 117"
2022,199,47,1,1,HUGO LEAL,1112,COLÉGIO SALESIANO REGIÃO OCEÂNICA,"RUA DOUTOR CORNÉLIO DE MELLO JÚNIOR, 117"
2022,199,48,1,3,HUGO LEAL,1112,COLÉGIO SALESIANO REGIÃO OCEÂNICA,"RUA DOUTOR CORNÉLIO DE MELLO JÚNIOR, 117"
2022,199,5,1,2,HUGO LEAL,1023,ESCOLA MUNICIPAL FELISBERTO DE CARVALHO,ESTRADA CAETANO MONTEIRO 896
2022,199,51,1,4,HUGO LEAL,1139,ESCOLA MUNICIPAL FRANCISCO PORTUGAL NEVES,"RUA MANOEL PACHECO DE CARVALHO, N 14 TREVO DE PIRATININGA"
2022,199,52,1,1,HUGO LEAL,1139,ESCOLA MUNICIPAL FRANCISCO PORTUGAL NEVES,"RUA MANOEL PACHECO DE CARVALHO, N 14 TREVO DE PIRATININGA"
2022,199,53,1,1,HUGO LEAL,1139,ESCOLA MUNICIPAL FRANCISCO PORTUGAL NEVES,"RUA MANOEL PACHECO DE CARVALHO, N 14 TREVO DE PIRATININGA"
2022,199,54,1,1,HUGO LEAL,1139,ESCOLA MUNICIPAL FRANCISCO PORTUGAL NEVES,"RUA MANOEL PACHECO DE CARVALHO, N 14 TREVO DE PIRATININGA"
2022,199,56,1,2,HUGO LEAL,1139,ESCOLA MUNICIPAL FRANCISCO PORTUGAL NEVES,"RUA MANOEL PACHECO DE CARVALHO, N 14 TREVO DE PIRATININGA"
2022,199,57,1,1,HUGO LEAL,1139,ESCOLA MUNICIPAL FRANCISCO PORTUGAL NEVES,"RUA MANOEL PACHECO DE CARVALHO, N 14 TREVO DE PIRATININGA"
2022,199,58,1,2,HUGO LEAL,1120,COLÉGIO ESTADUAL ALMIRANTE TAMANDARÉ,AV. ACURCIO TORRES S/N
2022,199,59,1,4,HUGO LEAL,1120,COLÉGIO ESTADUAL ALMIRANTE TAMANDARÉ,AV. ACURCIO TORRES S/N
2022,199,6,1,2,HUGO LEAL,1023,ESCOLA MUNICIPAL FELISBERTO DE CARVALHO,ESTRADA CAETANO MONTEIRO 896
2022,199,61,1,1,HUGO LEAL,1120,COLÉGIO ESTADUAL ALMIRANTE TAMANDARÉ,AV. ACURCIO TORRES S/N
2022,199,62,1,2,HUGO LEAL,1120,COLÉGIO ESTADUAL ALMIRANTE TAMANDARÉ,AV. ACURCIO TORRES S/N
2022,199,63,1,1,HUGO LEAL,1120,COLÉGIO ESTADUAL ALMIRANTE TAMANDARÉ,AV. ACURCIO TORRES S/N
2022,199,65,1,1,HUGO LEAL,1155,COLÉGIO ITAPUCA,"AV. ERNANI DE FARIAS ALVES, N 124 TREVO DE PIRATININGA"
2022,199,67,1,2,HUGO LEAL,1155,COLÉGIO ITAPUCA,"AV. ERNANI DE FARIAS ALVES, N 124 TREVO DE PIRATININGA"
2022,199,68,1,1,HUGO LEAL,1163,ANDEF (EX FAETEC),ESTRADA VELHA DE MARICA 4830
2022,199,71,1,2,HUGO LEAL,1171,COLÉGIO ESTADUAL DOUTOR SOUZA SOARES,RODOVIA AMARAL PEIXOTO KM 10
2022,199,77,1,1,HUGO LEAL,1317,COLÉGIO PAULO FREIRE,"AVENIDA IRENE LOPES SODRÉ, N22"
2022,199,78,1,1,HUGO LEAL,1163,ANDEF (EX FAETEC),ESTRADA VELHA DE MARICA 4830
2022,199,79,1,2,HUGO LEAL,1244,COLÉGIO LAPLACE,"RUA MANOEL PACHECO DE CARVALHO, N 80"
2022,199,80,1,2,HUGO LEAL,1244,COLÉGIO LAPLACE,"RUA MANOEL PACHECO DE CARVALHO, N 80"
2022,199,81,1,1,HUGO LEAL,1244,COLÉGIO LAPLACE,"RUA MANOEL PACHECO DE CARVALHO, N 80"
2022,199,83,1,1,HUGO LEAL,1252,CIEP 307 DJANIRA,AV. EWERTON XAVIER S/N - PRACA
2022,199,85,1,1,HUGO LEAL,1252,CIEP 307 DJANIRA,AV. EWERTON XAVIER S/N - PRACA
2022,199,86,1,1,HUGO LEAL,1252,CIEP 307 DJANIRA,AV. EWERTON XAVIER S/N - PRACA
2022,199,88,1,1,HUGO LEAL,1015,COUNTRY CLUB DE NITEROI,RUA CHILE 135
2022,199,9,1,1,HUGO LEAL,1031,ESCOLA MUNICIPAL HONORINA DE CARVALHO,RUA PROF. JOSE PECANHA S/N
2022,199,90,1,1,HUGO LEAL,1082,UMEI DR PAULO CESAR DE ALMEIDA PIMENTEL,RUA ANTONIO LUIZ SAIÃO CAMPO BELO
2022,199,91,1,2,HUGO LEAL,1244,COLÉGIO LAPLACE,"RUA MANOEL PACHECO DE CARVALHO, N 80"
2022,199,95,1,1,HUGO LEAL,1031,ESCOLA MUNICIPAL HONORINA DE CARVALHO,RUA PROF. JOSE PECANHA S/N
2022,199,97,1,1,HUGO LEAL,1074,COLÉGIO FUTURO VIP (ANT GAUSS),"RUA JULIO BRAGA, 65 LOT SANTO ANTÔNIO ITAIPU"
2022,71,1,1,1,HUGO LEAL,1015,CENTRO EDUCACIONAL DE NITEROI - CENTRINHO,RUA ITAGUAI 173
2022,71,100,1,1,HUGO LEAL,1309,CURSO MARLY CURY,AV. SETE DE SETEMBRO 165
2022,71,101,1,2,HUGO LEAL,1309,CURSO MARLY CURY,AV. SETE DE SETEMBRO 165
2022,71,102,1,2,HUGO LEAL,1309,CURSO MARLY CURY,AV. SETE DE SETEMBRO 165
2022,71,104,1,1,HUGO LEAL,1317,ESCOLA ESTADUAL BALTAZAR BERNARDINO,RUA MARIZ E BARROS 444
2022,71,105,1,1,HUGO LEAL,1317,ESCOLA ESTADUAL BALTAZAR BERNARDINO,RUA MARIZ E BARROS 444
2022,71,106,1,2,HUGO LEAL,1325,ESCOLA ESTADUAL GUILHERME BRIGGS,RUA MARIO VIANNA 625
2022,71,108,1,1,HUGO LEAL,1325,ESCOLA ESTADUAL GUILHERME BRIGGS,RUA MARIO VIANNA 625
2022,71,109,1,1,HUGO LEAL,1325,ESCOLA ESTADUAL GUILHERME BRIGGS,RUA MARIO VIANNA 625
2022,71,110,1,4,HUGO LEAL,1325,ESCOLA ESTADUAL GUILHERME BRIGGS,RUA MARIO VIANNA 625
2022,71,115,1,1,HUGO LEAL,1325,ESCOLA ESTADUAL GUILHERME BRIGGS,RUA MARIO VIANNA 625
2022,71,117,1,1,HUGO LEAL,1333,PARÓQUIA NOSSA SENHORA AUXILIADORA - CENTRO COMUNITÁRIO,"RUA SANTA ROSA, 216"
2022,71,118,1,1,HUGO LEAL,1309,CURSO MARLY CURY,AV. SETE DE SETEMBRO 165
2022,71,119,1,1,HUGO LEAL,1309,CURSO MARLY CURY,AV. SETE DE SETEMBRO 165
2022,71,122,1,2,HUGO LEAL,1333,PARÓQUIA NOSSA SENHORA AUXILIADORA - CENTRO COMUNITÁRIO,"RUA SANTA ROSA, 216"
2022,71,124,1,1,HUGO LEAL,1368,INSTITUTO SÃO JOSÉ,RUA GERALDO MARTINS 166
2022,71,125,1,2,HUGO LEAL,1368,INSTITUTO SÃO JOSÉ,RUA GERALDO MARTINS 166
2022,71,132,1,1,HUGO LEAL,1392,FACULDADE DE VETERINARIA DA UFF,RUA VITAL BRASIL FILHO 64
2022,71,133,1,2,HUGO LEAL,1392,FACULDADE DE VETERINARIA DA UFF,RUA VITAL BRASIL FILHO 64
2022,71,136,1,1,HUGO LEAL,1015,CENTRO EDUCACIONAL DE NITEROI - CENTRINHO,RUA ITAGUAI 173
2022,71,138,1,1,HUGO LEAL,1260,INSTITUTO ABEL,AV. ROBERTO SILVEIRA 29
2022,71,140,1,1,HUGO LEAL,1244,ESCOLA ESTADUAL MANUEL DE ABREU,RUA LOPES TROVAO 287-A
2022,71,142,1,1,HUGO LEAL,1295,COLEGIO SALESIANO SANTA ROSA,RUA SANTA ROSA 207
2022,71,143,1,2,HUGO LEAL,1317,ESCOLA ESTADUAL BALTAZAR BERNARDINO,RUA MARIZ E BARROS 444
2022,71,150,1,1,HUGO LEAL,1333,PARÓQUIA NOSSA SENHORA AUXILIADORA - CENTRO COMUNITÁRIO,"RUA SANTA ROSA, 216"
2022,71,157,1,2,HUGO LEAL,1260,INSTITUTO ABEL,AV. ROBERTO SILVEIRA 29
2022,71,158,1,1,HUGO LEAL,1392,FACULDADE DE VETERINARIA DA UFF,RUA VITAL BRASIL FILHO 64
2022,71,160,1,1,HUGO LEAL,1333,PARÓQUIA NOSSA SENHORA AUXILIADORA - CENTRO COMUNITÁRIO,"RUA SANTA ROSA, 216"
2022,71,167,1,1,HUGO LEAL,1368,INSTITUTO SÃO JOSÉ,RUA GERALDO MARTINS 166
2022,71,168,1,1,HUGO LEAL,1244,ESCOLA ESTADUAL MANUEL DE ABREU,RUA LOPES TROVAO 287-A
2022,71,172,1,1,HUGO LEAL,1325,ESCOLA ESTADUAL GUILHERME BRIGGS,RUA MARIO VIANNA 625
2022,71,175,1,3,HUGO LEAL,1309,CURSO MARLY CURY,AV. SETE DE SETEMBRO 165
2022,71,178,1,1,HUGO LEAL,1104,INSTITUTO MAIA VINAGRE,RUA NORONHA TORREZÃO 68
2022,71,183,1,1,HUGO LEAL,1104,INSTITUTO MAIA VINAGRE,RUA NORONHA TORREZÃO 68
2022,71,185,1,1,HUGO LEAL,1244,ESCOLA ESTADUAL MANUEL DE ABREU,RUA LOPES TROVAO 287-A
2022,71,186,1,1,HUGO LEAL,1392,FACULDADE DE VETERINARIA DA UFF,RUA VITAL BRASIL FILHO 64
2022,71,189,1,2,HUGO LEAL,1317,ESCOLA ESTADUAL BALTAZAR BERNARDINO,RUA MARIZ E BARROS 444
2022,71,191,1,1,HUGO LEAL,1309,CURSO MARLY CURY,AV. SETE DE SETEMBRO 165
2022,71,194,1,3,HUGO LEAL,1295,COLEGIO SALESIANO SANTA ROSA,RUA SANTA ROSA 207
2022,71,199,1,2,HUGO LEAL,1317,ESCOLA ESTADUAL BALTAZAR BERNARDINO,RUA MARIZ E BARROS 444
2022,71,2,1,2,HUGO LEAL,1015,CENTRO EDUCACIONAL DE NITEROI - CENTRINHO,RUA ITAGUAI 173
2022,71,200,1,2,HUGO LEAL,1392,FACULDADE DE VETERINARIA DA UFF,RUA VITAL BRASIL FILHO 64
2022,71,201,1,1,HUGO LEAL,1260,INSTITUTO ABEL,AV. ROBERTO SILVEIRA 29
2022,71,204,1,2,HUGO LEAL,1295,COLEGIO SALESIANO SANTA ROSA,RUA SANTA ROSA 207
2022,71,205,1,1,HUGO LEAL,1317,ESCOLA ESTADUAL BALTAZAR BERNARDINO,RUA MARIZ E BARROS 444
2022,71,206,1,2,HUGO LEAL,1260,INSTITUTO ABEL,AV. ROBERTO SILVEIRA 29
2022,71,209,1,3,HUGO LEAL,1368,INSTITUTO SÃO JOSÉ,RUA GERALDO MARTINS 166
2022,71,211,1,1,HUGO LEAL,1392,FACULDADE DE VETERINARIA DA UFF,RUA VITAL BRASIL FILHO 64
2022,71,212,1,1,HUGO LEAL,1260,INSTITUTO ABEL,AV. ROBERTO SILVEIRA 29
2022,71,213,1,2,HUGO LEAL,1295,COLEGIO SALESIANO SANTA ROSA,RUA SANTA ROSA 207
2022,71,215,1,1,HUGO LEAL,1260,INSTITUTO ABEL,AV. ROBERTO SILVEIRA 29
2022,71,218,1,1,HUGO LEAL,1414,UNIVERSIDADE SALGADO DE OLIVEIRA - BL B (PRÓXIMO AO GUANABARA),RUA MARECHAL DEODORO 263
2022,71,219,1,1,HUGO LEAL,1414,UNIVERSIDADE SALGADO DE OLIVEIRA - BL B (PRÓXIMO AO GUANABARA),RUA MARECHAL DEODORO 263
2022,71,222,1,1,HUGO LEAL,1414,UNIVERSIDADE SALGADO DE OLIVEIRA - BL B (PRÓXIMO AO GUANABARA),RUA MARECHAL DEODORO 263
2022,71,223,1,2,HUGO LEAL,1414,UNIVERSIDADE SALGADO DE OLIVEIRA - BL B (PRÓXIMO AO GUANABARA),RUA MARECHAL DEODORO 263
2022,71,224,1,1,HUGO LEAL,1414,UNIVERSIDADE SALGADO DE OLIVEIRA - BL B (PRÓXIMO AO GUANABARA),RUA MARECHAL DEODORO 263
2022,71,230,1,2,HUGO LEAL,1422,CLUBE PORTUGUES DE NITEROI,RUA PROFESSOR LARA VILELA 176
2022,71,231,1,1,HUGO LEAL,1430,COLEGIO ESTADUAL AURELINO LEAL,RUA PRESIDENTE PEDREIRA 79
2022,71,235,1,1,HUGO LEAL,1430,COLEGIO ESTADUAL AURELINO LEAL,RUA PRESIDENTE PEDREIRA 79
2022,71,237,1,2,HUGO LEAL,1430,COLEGIO ESTADUAL AURELINO LEAL,RUA PRESIDENTE PEDREIRA 79
2022,71,238,1,1,HUGO LEAL,1430,COLEGIO ESTADUAL AURELINO LEAL,RUA PRESIDENTE PEDREIRA 79
2022,71,242,1,1,HUGO LEAL,1449,COLÉGIO ESTADUAL ZULEIKA RAPÔSO VALLADARES (COLÉGIO VELHO),RUA SALO BRAND S/N
2022,71,243,1,1,HUGO LEAL,1449,COLÉGIO ESTADUAL ZULEIKA RAPÔSO VALLADARES (COLÉGIO VELHO),RUA SALO BRAND S/N
2022,71,245,1,1,HUGO LEAL,1449,COLÉGIO ESTADUAL ZULEIKA RAPÔSO VALLADARES (COLÉGIO VELHO),RUA SALO BRAND S/N
2022,71,246,1,1,HUGO LEAL,1457,ÁGUAS DE NITEROI,RUA MARQUÊS DO PARANÁ 108/110
2022,71,248,1,1,HUGO LEAL,1457,ÁGUAS DE NITEROI,RUA MARQUÊS DO PARANÁ 108/110
2022,71,249,1,1,HUGO LEAL,1457,ÁGUAS DE NITEROI,RUA MARQUÊS DO PARANÁ 108/110
2022,71,252,1,2,HUGO LEAL,1465,CENTRO UNIVERSITÁRIO ANHANGUERA (ANTIGO PLÍNIO LEITE),RUA VISCONDE DO RIO BRANCO 123
2022,71,253,1,1,HUGO LEAL,1465,CENTRO UNIVERSITÁRIO ANHANGUERA (ANTIGO PLÍNIO LEITE),RUA VISCONDE DO RIO BRANCO 123
2022,71,254,1,1,HUGO LEAL,1465,CENTRO UNIVERSITÁRIO ANHANGUERA (ANTIGO PLÍNIO LEITE),RUA VISCONDE DO RIO BRANCO 123
2022,71,255,1,1,HUGO LEAL,1465,CENTRO UNIVERSITÁRIO ANHANGUERA (ANTIGO PLÍNIO LEITE),RUA VISCONDE DO RIO BRANCO 123
2022,71,259,1,1,HUGO LEAL,1465,CENTRO UNIVERSITÁRIO ANHANGUERA (ANTIGO PLÍNIO LEITE),RUA VISCONDE DO RIO BRANCO 123
2022,71,262,1,1,HUGO LEAL,1465,CENTRO UNIVERSITÁRIO ANHANGUERA (ANTIGO PLÍNIO LEITE),RUA VISCONDE DO RIO BRANCO 123
2022,71,263,1,3,HUGO LEAL,1600,INSTITUTO DE EDUCAÇÃO PROFESSOR ISMAEL COUTINHO - IEPIC,"TRAVESSA MANOEL CONTINENTINO, 31"
2022,71,264,1,1,HUGO LEAL,1600,INSTITUTO DE EDUCAÇÃO PROFESSOR ISMAEL COUTINHO - IEPIC,"TRAVESSA MANOEL CONTINENTINO, 31"
2022,71,265,1,2,HUGO LEAL,1600,INSTITUTO DE EDUCAÇÃO PROFESSOR ISMAEL COUTINHO - IEPIC,"TRAVESSA MANOEL CONTINENTINO, 31"
2022,71,267,1,1,HUGO LEAL,1600,INSTITUTO DE EDUCAÇÃO PROFESSOR ISMAEL COUTINHO - IEPIC,"TRAVESSA MANOEL CONTINENTINO, 31"
2022,71,268,1,2,HUGO LEAL,1600,INSTITUTO DE EDUCAÇÃO PROFESSOR ISMAEL COUTINHO - IEPIC,"TRAVESSA MANOEL CONTINENTINO, 31"
2022,71,271,1,1,HUGO LEAL,1481,ESCOLA MUNICIPAL MAESTRO HEITOR VILLA-LOBOS (COLÉGIO NOVO),RUA SALO BRAND S/N
2022,71,274,1,1,HUGO LEAL,1481,ESCOLA MUNICIPAL MAESTRO HEITOR VILLA-LOBOS (COLÉGIO NOVO),RUA SALO BRAND S/N
2022,71,278,1,3,HUGO LEAL,1546,UNIVERSIDADE SALGADO DE OLIVEIRA - BL A,RUA MARECHAL DEODORO 217
2022,71,28,1,2,HUGO LEAL,1104,INSTITUTO MAIA VINAGRE,RUA NORONHA TORREZÃO 68
2022,71,280,1,1,HUGO LEAL,1546,UNIVERSIDADE SALGADO DE OLIVEIRA - BL A,RUA MARECHAL DEODORO 217
2022,71,282,1,5,HUGO LEAL,1546,UNIVERSIDADE SALGADO DE OLIVEIRA - BL A,RUA MARECHAL DEODORO 217
2022,71,285,1,1,HUGO LEAL,1546,UNIVERSIDADE SALGADO DE OLIVEIRA - BL A,RUA MARECHAL DEODORO 217
2022,71,289,1,5,HUGO LEAL,1600,INSTITUTO DE EDUCAÇÃO PROFESSOR ISMAEL COUTINHO - IEPIC,"TRAVESSA MANOEL CONTINENTINO, 31"
2022,71,291,1,2,HUGO LEAL,1511,FACULDADE DE ADMINISTRAÇÃO E CIÊNCIAS CONTÁBEIS (VALONGUINHO),RUA MÁRIO SANTOS BRAGA S/N
2022,71,296,1,1,HUGO LEAL,1511,FACULDADE DE ADMINISTRAÇÃO E CIÊNCIAS CONTÁBEIS (VALONGUINHO),RUA MÁRIO SANTOS BRAGA S/N
2022,71,298,1,4,HUGO LEAL,1511,FACULDADE DE ADMINISTRAÇÃO E CIÊNCIAS CONTÁBEIS (VALONGUINHO),RUA MÁRIO SANTOS BRAGA S/N
2022,71,3,1,1,HUGO LEAL,1015,CENTRO EDUCACIONAL DE NITEROI - CENTRINHO,RUA ITAGUAI 173
2022,71,30,1,1,HUGO LEAL,1104,INSTITUTO MAIA VINAGRE,RUA NORONHA TORREZÃO 68
2022,71,300,1,1,HUGO LEAL,1511,FACULDADE DE ADMINISTRAÇÃO E CIÊNCIAS CONTÁBEIS (VALONGUINHO),RUA MÁRIO SANTOS BRAGA S/N
2022,71,302,1,3,HUGO LEAL,1511,FACULDADE DE ADMINISTRAÇÃO E CIÊNCIAS CONTÁBEIS (VALONGUINHO),RUA MÁRIO SANTOS BRAGA S/N
2022,71,305,1,1,HUGO LEAL,1520,LOJA MAÇÔNICA EVOLUÇÃO 2,RUA SANTA CLARA 77
2022,71,306,1,2,HUGO LEAL,1520,LOJA MAÇÔNICA EVOLUÇÃO 2,RUA SANTA CLARA 77
2022,71,319,1,1,HUGO LEAL,1678,LICEU NILO PEÇANHA,AV ERNANI DO AMARAL PEIXOTO 707
2022,71,32,1,1,HUGO LEAL,1104,INSTITUTO MAIA VINAGRE,RUA NORONHA TORREZÃO 68
2022,71,324,1,1,HUGO LEAL,1546,UNIVERSIDADE SALGADO DE OLIVEIRA - BL A,RUA MARECHAL DEODORO 217
2022,71,326,1,1,HUGO LEAL,1546,UNIVERSIDADE SALGADO DE OLIVEIRA - BL A,RUA MARECHAL DEODORO 217
2022,71,328,1,2,HUGO LEAL,1546,UNIVERSIDADE SALGADO DE OLIVEIRA - BL A,RUA MARECHAL DEODORO 217
2022,71,331,1,1,HUGO LEAL,1546,UNIVERSIDADE SALGADO DE OLIVEIRA - BL A,RUA MARECHAL DEODORO 217
2022,71,337,1,1,HUGO LEAL,1554,FACULDADE DE ENGENHARIA DA UFF,RUA PASSO DA PATRIA 156
2022,71,340,1,2,HUGO LEAL,1562,COLEGIO ESTADUAL RAUL VIDAL,AVENIDA FELICIANO SODRE 21
2022,71,344,1,3,HUGO LEAL,1562,COLEGIO ESTADUAL RAUL VIDAL,AVENIDA FELICIANO SODRE 21
2022,71,347,1,4,HUGO LEAL,1562,COLEGIO ESTADUAL RAUL VIDAL,AVENIDA FELICIANO SODRE 21
2022,71,350,1,1,HUGO LEAL,1562,COLEGIO ESTADUAL RAUL VIDAL,AVENIDA FELICIANO SODRE 21
2022,71,356,1,1,HUGO LEAL,1619,COLEGIO SAO VICENTE DE PAULO,RUA MIGUEL DE FRIAS 123
2022,71,357,1,1,HUGO LEAL,1619,COLEGIO SAO VICENTE DE PAULO,RUA MIGUEL DE FRIAS 123
2022,71,358,1,1,HUGO LEAL,1619,COLEGIO SAO VICENTE DE PAULO,RUA MIGUEL DE FRIAS 123
2022,71,359,1,1,HUGO LEAL,1619,COLEGIO SAO VICENTE DE PAULO,RUA MIGUEL DE FRIAS 123
2022,71,364,1,1,HUGO LEAL,1597,ESCOLA MUNICIPAL SANTOS DUMONT,RUA MANOEL CORREIA S/N
2022,71,369,1,2,HUGO LEAL,1600,INSTITUTO DE EDUCAÇÃO PROFESSOR ISMAEL COUTINHO - IEPIC,"TRAVESSA MANOEL CONTINENTINO, 31"
2022,71,378,1,1,HUGO LEAL,1619,COLEGIO SAO VICENTE DE PAULO,RUA MIGUEL DE FRIAS 123
2022,71,380,1,1,HUGO LEAL,1619,COLEGIO SAO VICENTE DE PAULO,RUA MIGUEL DE FRIAS 123
2022,71,382,1,2,HUGO LEAL,1619,COLEGIO SAO VICENTE DE PAULO,RUA MIGUEL DE FRIAS 123
2022,71,385,1,1,HUGO LEAL,1619,COLEGIO SAO VICENTE DE PAULO,RUA MIGUEL DE FRIAS 123
2022,71,387,1,3,HUGO LEAL,1619,COLEGIO SAO VICENTE DE PAULO,RUA MIGUEL DE FRIAS 123
2022,71,394,1,1,HUGO LEAL,1627,REITORIA DA UFF,RUA MIGUEL DE FRIAS 9
2022,71,397,1,1,HUGO LEAL,1643,JARDIM DE INFÂNCIA ALBERTO DE OLIVEIRA,RUA EVARISTO DA VEIGA 108
2022,71,4,1,1,HUGO LEAL,1015,CENTRO EDUCACIONAL DE NITEROI - CENTRINHO,RUA ITAGUAI 173
2022,71,403,1,1,HUGO LEAL,1651,FACULDADE DE ENFERMAGEM DA UFF,RUA DR CELESTINO 74
2022,71,406,1,2,HUGO LEAL,1651,FACULDADE DE ENFERMAGEM DA UFF,RUA DR CELESTINO 74
2022,71,409,1,2,HUGO LEAL,1660,FACULDADE DE DIREITO DA UFF - UFF - DIREITO 1,RUA PRESIDENTE PEDREIRA 62
2022,71,411,1,1,HUGO LEAL,1660,FACULDADE DE DIREITO DA UFF - UFF - DIREITO 1,RUA PRESIDENTE PEDREIRA 62
2022,71,412,1,1,HUGO LEAL,1660,FACULDADE DE DIREITO DA UFF - UFF - DIREITO 1,RUA PRESIDENTE PEDREIRA 62
2022,71,414,1,2,HUGO LEAL,1660,FACULDADE DE DIREITO DA UFF - UFF - DIREITO 1,RUA PRESIDENTE PEDREIRA 62
2022,71,415,1,2,HUGO LEAL,1660,FACULDADE DE DIREITO DA UFF - UFF - DIREITO 1,RUA PRESIDENTE PEDREIRA 62
2022,71,417,1,3,HUGO LEAL,1660,FACULDADE DE DIREITO DA UFF - UFF - DIREITO 1,RUA PRESIDENTE PEDREIRA 62
2022,71,418,1,1,HUGO LEAL,1660,FACULDADE DE DIREITO DA UFF - UFF - DIREITO 1,RUA PRESIDENTE PEDREIRA 62
2022,71,420,1,1,HUGO LEAL,1660,FACULDADE DE DIREITO DA UFF - UFF - DIREITO 1,RUA PRESIDENTE PEDREIRA 62
2022,71,422,1,2,HUGO LEAL,1678,LICEU NILO PEÇANHA,AV ERNANI DO AMARAL PEIXOTO 707
2022,71,427,1,1,HUGO LEAL,1678,LICEU NILO PEÇANHA,AV ERNANI DO AMARAL PEIXOTO 707
2022,71,429,1,2,HUGO LEAL,1678,LICEU NILO PEÇANHA,AV ERNANI DO AMARAL PEIXOTO 707
2022,71,431,1,1,HUGO LEAL,1678,LICEU NILO PEÇANHA,AV ERNANI DO AMARAL PEIXOTO 707
2022,71,433,1,2,HUGO LEAL,1678,LICEU NILO PEÇANHA,AV ERNANI DO AMARAL PEIXOTO 707
2022,71,435,1,1,HUGO LEAL,1678,LICEU NILO PEÇANHA,AV ERNANI DO AMARAL PEIXOTO 707
2022,71,437,1,2,HUGO LEAL,1600,INSTITUTO DE EDUCAÇÃO PROFESSOR ISMAEL COUTINHO - IEPIC,"TRAVESSA MANOEL CONTINENTINO, 31"
2022,71,438,1,1,HUGO LEAL,1600,INSTITUTO DE EDUCAÇÃO PROFESSOR ISMAEL COUTINHO - IEPIC,"TRAVESSA MANOEL CONTINENTINO, 31"
2022,71,441,1,5,HUGO LEAL,1694,RIO CRICKET,RUA FAGUNDES VARELA 637
2022,71,443,1,2,HUGO LEAL,1694,RIO CRICKET,RUA FAGUNDES VARELA 637
2022,71,444,1,1,HUGO LEAL,1694,RIO CRICKET,RUA FAGUNDES VARELA 637
2022,71,446,1,1,HUGO LEAL,1260,INSTITUTO ABEL,AV. ROBERTO SILVEIRA 29
2022,71,5,1,1,HUGO LEAL,1015,CENTRO EDUCACIONAL DE NITEROI - CENTRINHO,RUA ITAGUAI 173
2022,71,70,1,1,HUGO LEAL,1244,ESCOLA ESTADUAL MANUEL DE ABREU,RUA LOPES TROVAO 287-A
2022,71,72,1,1,HUGO LEAL,1260,INSTITUTO ABEL,AV. ROBERTO SILVEIRA 29
2022,71,73,1,2,HUGO LEAL,1260,INSTITUTO ABEL,AV. ROBERTO SILVEIRA 29
2022,71,74,1,2,HUGO LEAL,1260,INSTITUTO ABEL,AV. ROBERTO SILVEIRA 29
2022,71,75,1,1,HUGO LEAL,1368,INSTITUTO SÃO JOSÉ,RUA GERALDO MARTINS 166
2022,71,76,1,3,HUGO LEAL,1368,INSTITUTO SÃO JOSÉ,RUA GERALDO MARTINS 166
2022,71,77,1,2,HUGO LEAL,1244,ESCOLA ESTADUAL MANUEL DE ABREU,RUA LOPES TROVAO 287-A
2022,71,79,1,1,HUGO LEAL,1244,ESCOLA ESTADUAL MANUEL DE ABREU,RUA LOPES TROVAO 287-A
2022,71,83,1,1,HUGO LEAL,1260,INSTITUTO ABEL,AV. ROBERTO SILVEIRA 29
2022,71,84,1,1,HUGO LEAL,1260,INSTITUTO ABEL,AV. ROBERTO SILVEIRA 29
2022,71,89,1,1,HUGO LEAL,1295,COLEGIO SALESIANO SANTA ROSA,RUA SANTA ROSA 207
2022,71,90,1,1,HUGO LEAL,1295,COLEGIO SALESIANO SANTA ROSA,RUA SANTA ROSA 207
2022,71,91,1,2,HUGO LEAL,1295,COLEGIO SALESIANO SANTA ROSA,RUA SANTA ROSA 207
2022,71,92,1,2,HUGO LEAL,1295,COLEGIO SALESIANO SANTA ROSA,RUA SANTA ROSA 207
2022,71,95,1,2,HUGO LEAL,1295,COLEGIO SALESIANO SANTA ROSA,RUA SANTA ROSA 207
2022,71,96,1,2,HUGO LEAL,1295,COLEGIO SALESIANO SANTA ROSA,RUA SANTA ROSA 207
2022,71,97,1,1,HUGO LEAL,1295,COLEGIO SALESIANO SANTA ROSA,RUA SANTA ROSA 207
2022,71,98,1,2,HUGO LEAL,1295,COLEGIO SALESIANO SANTA ROSA,RUA SANTA ROSA 207
2022,72,114,1,1,HUGO LEAL,1368,ESCOLA MUNICIPAL VILA COSTA MONTEIRO,RUA ITITIOCA S/N
2022,72,120,1,2,HUGO LEAL,1449,CIEP 450 - BADU,ESTRADA CAETANO MONTEIRO S/N
2022,72,121,1,1,HUGO LEAL,1015,ESCOLA ESTADUAL DR LUCIANO PESTRE,AV PASTOR JOSE GOMES DE SOUZA S/N
2022,72,122,1,1,HUGO LEAL,1074,COLEGIO ESTADUAL PAULO ASSIS RIBEIRO,ESTRADA CAETANO MONTEIRO 814
2022,72,123,1,1,HUGO LEAL,1112,ESCOLA ESTADUAL LEOPOLDO FROES,RUA REVERENDO ARMANDO FERREIRA  S/N
2022,72,130,1,2,HUGO LEAL,1147,ESCOLA MUNICIPAL VERA LUCIA MACHADO,RUA ALDEMAR DE PAIVA LOTE 7 E 8
2022,72,131,1,6,HUGO LEAL,1449,CIEP 450 - BADU,ESTRADA CAETANO MONTEIRO S/N
2022,72,132,1,1,HUGO LEAL,1368,ESCOLA MUNICIPAL VILA COSTA MONTEIRO,RUA ITITIOCA S/N
2022,72,136,1,1,HUGO LEAL,1112,ESCOLA ESTADUAL LEOPOLDO FROES,RUA REVERENDO ARMANDO FERREIRA  S/N
2022,72,139,1,1,HUGO LEAL,1171,ESCOLA MUNICIPAL ANTONIO COUTINHO DE AZEVEDO,AV DES NESTOR RODRIGUES PERLINGEIRO S/N
2022,72,15,1,2,HUGO LEAL,1040,CIEP 447 - CARAMUJO,RODOVIA AMARAL PEIXOTO KM 2
2022,72,156,1,5,HUGO LEAL,1368,ESCOLA MUNICIPAL VILA COSTA MONTEIRO,RUA ITITIOCA S/N
2022,72,159,1,1,HUGO LEAL,1449,CIEP 450 - BADU,ESTRADA CAETANO MONTEIRO S/N
2022,72,162,1,1,HUGO LEAL,1171,ESCOLA MUNICIPAL ANTONIO COUTINHO DE AZEVEDO,AV DES NESTOR RODRIGUES PERLINGEIRO S/N
2022,72,163,1,1,HUGO LEAL,1449,CIEP 450 - BADU,ESTRADA CAETANO MONTEIRO S/N
2022,72,18,1,1,HUGO LEAL,1449,CIEP 450 - BADU,ESTRADA CAETANO MONTEIRO S/N
2022,72,184,1,2,HUGO LEAL,1147,ESCOLA MUNICIPAL VERA LUCIA MACHADO,RUA ALDEMAR DE PAIVA LOTE 7 E 8
2022,72,185,1,1,HUGO LEAL,1368,ESCOLA MUNICIPAL VILA COSTA MONTEIRO,RUA ITITIOCA S/N
2022,72,186,1,1,HUGO LEAL,1473,COLÉGIO FORUM CULTURAL,ESTRADA FRANCISCO DA CRUZ NUNES 2454
2022,72,189,1,2,HUGO LEAL,1074,COLEGIO ESTADUAL PAULO ASSIS RIBEIRO,ESTRADA CAETANO MONTEIRO 814
2022,72,194,1,1,HUGO LEAL,1368,ESCOLA MUNICIPAL VILA COSTA MONTEIRO,RUA ITITIOCA S/N
2022,72,195,1,2,HUGO LEAL,1449,CIEP 450 - BADU,ESTRADA CAETANO MONTEIRO S/N
2022,72,198,1,1,HUGO LEAL,1180,ESCOLA MUNICIPAL RACHIDE DA GLORIA SALIM SAKER,RUA JANDIRA PEREIRA 620
2022,72,199,1,2,HUGO LEAL,1368,ESCOLA MUNICIPAL VILA COSTA MONTEIRO,RUA ITITIOCA S/N
2022,72,202,1,2,HUGO LEAL,1074,COLEGIO ESTADUAL PAULO ASSIS RIBEIRO,ESTRADA CAETANO MONTEIRO 814
2022,72,203,1,5,HUGO LEAL,1449,CIEP 450 - BADU,ESTRADA CAETANO MONTEIRO S/N
2022,72,205,1,2,HUGO LEAL,1368,ESCOLA MUNICIPAL VILA COSTA MONTEIRO,RUA ITITIOCA S/N
2022,72,208,1,1,HUGO LEAL,1180,ESCOLA MUNICIPAL RACHIDE DA GLORIA SALIM SAKER,RUA JANDIRA PEREIRA 620
2022,72,21,1,2,HUGO LEAL,1449,CIEP 450 - BADU,ESTRADA CAETANO MONTEIRO S/N
2022,72,210,1,1,HUGO LEAL,1074,COLEGIO ESTADUAL PAULO ASSIS RIBEIRO,ESTRADA CAETANO MONTEIRO 814
2022,72,211,1,2,HUGO LEAL,1368,ESCOLA MUNICIPAL VILA COSTA MONTEIRO,RUA ITITIOCA S/N
2022,72,212,1,1,HUGO LEAL,1040,CIEP 447 - CARAMUJO,RODOVIA AMARAL PEIXOTO KM 2
2022,72,215,1,1,HUGO LEAL,1074,COLEGIO ESTADUAL PAULO ASSIS RIBEIRO,ESTRADA CAETANO MONTEIRO 814
2022,72,218,1,1,HUGO LEAL,1180,ESCOLA MUNICIPAL RACHIDE DA GLORIA SALIM SAKER,RUA JANDIRA PEREIRA 620
2022,72,219,1,1,HUGO LEAL,1074,COLEGIO ESTADUAL PAULO ASSIS RIBEIRO,ESTRADA CAETANO MONTEIRO 814
2022,72,22,1,2,HUGO LEAL,1449,CIEP 450 - BADU,ESTRADA CAETANO MONTEIRO S/N
2022,72,221,1,1,HUGO LEAL,1449,CIEP 450 - BADU,ESTRADA CAETANO MONTEIRO S/N
2022,72,222,1,2,HUGO LEAL,1520,ESCOLA MUNICIPAL LEVI CARNEIRO,ESTRADA WASHINGTON LUIS 488
2022,72,224,1,1,HUGO LEAL,1520,ESCOLA MUNICIPAL LEVI CARNEIRO,ESTRADA WASHINGTON LUIS 488
2022,72,226,1,1,HUGO LEAL,1520,ESCOLA MUNICIPAL LEVI CARNEIRO,ESTRADA WASHINGTON LUIS 488
2022,72,232,1,3,HUGO LEAL,1520,ESCOLA MUNICIPAL LEVI CARNEIRO,ESTRADA WASHINGTON LUIS 488
2022,72,236,1,2,HUGO LEAL,1520,ESCOLA MUNICIPAL LEVI CARNEIRO,ESTRADA WASHINGTON LUIS 488
2022,72,237,1,1,HUGO LEAL,1538,ESCOLA CATAVENTO ESPAÇO DE EDUCAÇÃO,"ESTRADA WASHINGTON LUIZ, 224"
2022,72,239,1,1,HUGO LEAL,1546,COLÉGIO GOMES PEREIRA,AVENIDA RUI BARBOSA 1250
2022,72,241,1,1,HUGO LEAL,1546,COLÉGIO GOMES PEREIRA,AVENIDA RUI BARBOSA 1250
2022,72,243,1,2,HUGO LEAL,1473,COLÉGIO FORUM CULTURAL,ESTRADA FRANCISCO DA CRUZ NUNES 2454
2022,72,246,1,2,HUGO LEAL,1147,ESCOLA MUNICIPAL VERA LUCIA MACHADO,RUA ALDEMAR DE PAIVA LOTE 7 E 8
2022,72,247,1,1,HUGO LEAL,1554,JARDIM ESCOLA GIRASSÓIS,"ESTRADA CAETANO MONTEIRO, 820"
2022,72,248,1,2,HUGO LEAL,1546,COLÉGIO GOMES PEREIRA,AVENIDA RUI BARBOSA 1250
2022,72,249,1,1,HUGO LEAL,1554,JARDIM ESCOLA GIRASSÓIS,"ESTRADA CAETANO MONTEIRO, 820"
2022,72,25,1,1,HUGO LEAL,1074,COLEGIO ESTADUAL PAULO ASSIS RIBEIRO,ESTRADA CAETANO MONTEIRO 814
2022,72,250,1,1,HUGO LEAL,1554,JARDIM ESCOLA GIRASSÓIS,"ESTRADA CAETANO MONTEIRO, 820"
2022,72,251,1,1,HUGO LEAL,1538,ESCOLA CATAVENTO ESPAÇO DE EDUCAÇÃO,"ESTRADA WASHINGTON LUIZ, 224"
2022,72,253,1,2,HUGO LEAL,1562,ESCOLA MUNICIPAL HELENA ANTIPOFF,RUA RUI BARBOSA 710
2022,72,257,1,1,HUGO LEAL,1562,ESCOLA MUNICIPAL HELENA ANTIPOFF,RUA RUI BARBOSA 710
2022,72,258,1,2,HUGO LEAL,1570,IGREJA DO SANTUARIO NACIONAL DAS ALMAS,RUA ALVARES DE AZEVEDO 237
2022,72,26,1,2,HUGO LEAL,1074,COLEGIO ESTADUAL PAULO ASSIS RIBEIRO,ESTRADA CAETANO MONTEIRO 814
2022,72,260,1,1,HUGO LEAL,1570,IGREJA DO SANTUARIO NACIONAL DAS ALMAS,RUA ALVARES DE AZEVEDO 237
2022,72,261,1,2,HUGO LEAL,1570,IGREJA DO SANTUARIO NACIONAL DAS ALMAS,RUA ALVARES DE AZEVEDO 237
2022,72,263,1,2,HUGO LEAL,1570,IGREJA DO SANTUARIO NACIONAL DAS ALMAS,RUA ALVARES DE AZEVEDO 237
2022,72,266,1,1,HUGO LEAL,1589,COLÉGIO GAY-LUSSAC,RUA MARIA CALDAS 35
2022,72,268,1,1,HUGO LEAL,1589,COLÉGIO GAY-LUSSAC,RUA MARIA CALDAS 35
2022,72,273,1,2,HUGO LEAL,1589,COLÉGIO GAY-LUSSAC,RUA MARIA CALDAS 35
2022,72,275,1,1,HUGO LEAL,1597,COLÉGIO PONTO DE ENSINO,RUA OSWALDO CRUZ 32
2022,72,276,1,3,HUGO LEAL,1597,COLÉGIO PONTO DE ENSINO,RUA OSWALDO CRUZ 32
2022,72,28,1,2,HUGO LEAL,1449,CIEP 450 - BADU,ESTRADA CAETANO MONTEIRO S/N
2022,72,280,1,1,HUGO LEAL,1597,COLÉGIO PONTO DE ENSINO,RUA OSWALDO CRUZ 32
2022,72,284,1,1,HUGO LEAL,1600,BANCO ITAU,RUA GAVIAO PEIXOTO 166
2022,72,285,1,2,HUGO LEAL,1600,BANCO ITAU,RUA GAVIAO PEIXOTO 166
2022,72,287,1,1,HUGO LEAL,1619,COLEGIO ESTADUAL JOAQUIM TAVORA,PRAÇA PREF.FERRAZ-CAMPO DE SAO BENTO S/N
2022,72,289,1,1,HUGO LEAL,1619,COLEGIO ESTADUAL JOAQUIM TAVORA,PRAÇA PREF.FERRAZ-CAMPO DE SAO BENTO S/N
2022,72,29,1,1,HUGO LEAL,1449,CIEP 450 - BADU,ESTRADA CAETANO MONTEIRO S/N
2022,72,295,1,1,HUGO LEAL,1619,COLEGIO ESTADUAL JOAQUIM TAVORA,PRAÇA PREF.FERRAZ-CAMPO DE SAO BENTO S/N
2022,72,3,1,1,HUGO LEAL,1015,ESCOLA ESTADUAL DR LUCIANO PESTRE,AV PASTOR JOSE GOMES DE SOUZA S/N
2022,72,300,1,1,HUGO LEAL,1619,COLEGIO ESTADUAL JOAQUIM TAVORA,PRAÇA PREF.FERRAZ-CAMPO DE SAO BENTO S/N
2022,72,302,1,2,HUGO LEAL,1627,ESCOLA MUNICIPAL PROFESSORA LUCIA MARIA SILVEIRA ROCHA,"AV. CARLOS ERMELINDO MARINS, 34"
2022,72,303,1,1,HUGO LEAL,1627,ESCOLA MUNICIPAL PROFESSORA LUCIA MARIA SILVEIRA ROCHA,"AV. CARLOS ERMELINDO MARINS, 34"
2022,72,305,1,2,HUGO LEAL,1627,ESCOLA MUNICIPAL PROFESSORA LUCIA MARIA SILVEIRA ROCHA,"AV. CARLOS ERMELINDO MARINS, 34"
2022,72,306,1,1,HUGO LEAL,1627,ESCOLA MUNICIPAL PROFESSORA LUCIA MARIA SILVEIRA ROCHA,"AV. CARLOS ERMELINDO MARINS, 34"
2022,72,307,1,1,HUGO LEAL,1627,ESCOLA MUNICIPAL PROFESSORA LUCIA MARIA SILVEIRA ROCHA,"AV. CARLOS ERMELINDO MARINS, 34"
2022,72,308,1,1,HUGO LEAL,1627,ESCOLA MUNICIPAL PROFESSORA LUCIA MARIA SILVEIRA ROCHA,"AV. CARLOS ERMELINDO MARINS, 34"
2022,72,310,1,4,HUGO LEAL,1635,BANCO BRADESCO,RUA GAVIAO PEIXOTO 108
2022,72,312,1,1,HUGO LEAL,1635,BANCO BRADESCO,RUA GAVIAO PEIXOTO 108
2022,72,313,1,2,HUGO LEAL,1643,CENTRO MODERNO ALZIRA BITTENCOURT,"RUA MEM DE SÁ, 71"
2022,72,316,1,1,HUGO LEAL,1643,CENTRO MODERNO ALZIRA BITTENCOURT,"RUA MEM DE SÁ, 71"
2022,72,317,1,1,HUGO LEAL,1651,PH COLÉGIO,RUA ALVARES DE AZEVEDO 237
2022,72,319,1,1,HUGO LEAL,1651,PH COLÉGIO,RUA ALVARES DE AZEVEDO 237
2022,72,320,1,2,HUGO LEAL,1651,PH COLÉGIO,RUA ALVARES DE AZEVEDO 237
2022,72,323,1,1,HUGO LEAL,1651,PH COLÉGIO,RUA ALVARES DE AZEVEDO 237
2022,72,325,1,1,HUGO LEAL,1660,CLUBE CENTRAL,"AVENIDA JORNALISTA ALBERTO FRANCISCO TORRES,  335"
2022,72,328,1,1,HUGO LEAL,1660,CLUBE CENTRAL,"AVENIDA JORNALISTA ALBERTO FRANCISCO TORRES,  335"
2022,72,329,1,3,HUGO LEAL,1660,CLUBE CENTRAL,"AVENIDA JORNALISTA ALBERTO FRANCISCO TORRES,  335"
2022,72,330,1,2,HUGO LEAL,1660,CLUBE CENTRAL,"AVENIDA JORNALISTA ALBERTO FRANCISCO TORRES,  335"
2022,72,332,1,3,HUGO LEAL,1660,CLUBE CENTRAL,"AVENIDA JORNALISTA ALBERTO FRANCISCO TORRES,  335"
2022,72,333,1,1,HUGO LEAL,1660,CLUBE CENTRAL,"AVENIDA JORNALISTA ALBERTO FRANCISCO TORRES,  335"
2022,72,334,1,2,HUGO LEAL,1660,CLUBE CENTRAL,"AVENIDA JORNALISTA ALBERTO FRANCISCO TORRES,  335"
2022,72,335,1,1,HUGO LEAL,1660,CLUBE CENTRAL,"AVENIDA JORNALISTA ALBERTO FRANCISCO TORRES,  335"
2022,72,336,1,1,HUGO LEAL,1660,CLUBE CENTRAL,"AVENIDA JORNALISTA ALBERTO FRANCISCO TORRES,  335"
2022,72,337,1,1,HUGO LEAL,1660,CLUBE CENTRAL,"AVENIDA JORNALISTA ALBERTO FRANCISCO TORRES,  335"
2022,72,339,1,1,HUGO LEAL,1660,CLUBE CENTRAL,"AVENIDA JORNALISTA ALBERTO FRANCISCO TORRES,  335"
2022,72,340,1,1,HUGO LEAL,1660,CLUBE CENTRAL,"AVENIDA JORNALISTA ALBERTO FRANCISCO TORRES,  335"
2022,72,341,1,2,HUGO LEAL,1678,ÁGUAS DE NITERÓI,RUA LEMOS CUNHA 510
2022,72,345,1,1,HUGO LEAL,1686,CAIXA ECONÔMICA FEDERAL - AGÊNCIA ICARAÍ,"RUA GAVIÃO PEIXOTO, 226"
2022,72,35,1,1,HUGO LEAL,1112,ESCOLA ESTADUAL LEOPOLDO FROES,RUA REVERENDO ARMANDO FERREIRA  S/N
2022,72,350,1,1,HUGO LEAL,1686,CAIXA ECONÔMICA FEDERAL - AGÊNCIA ICARAÍ,"RUA GAVIÃO PEIXOTO, 226"
2022,72,353,1,1,HUGO LEAL,1694,ESCOLA MUNICIPAL PROFESSOR PAULO DE ALMEIDA CAMPOS,"RUA PEREIRA DA SILVA, 50"
2022,72,354,1,2,HUGO LEAL,1694,ESCOLA MUNICIPAL PROFESSOR PAULO DE ALMEIDA CAMPOS,"RUA PEREIRA DA SILVA, 50"
2022,72,356,1,1,HUGO LEAL,1694,ESCOLA MUNICIPAL PROFESSOR PAULO DE ALMEIDA CAMPOS,"RUA PEREIRA DA SILVA, 50"
2022,72,359,1,2,HUGO LEAL,1708,ESCOLA MUNICIPAL JÚLIA CORTINES,RUA LOPES TROVAO 1-CAMPO DE SÃO BENTO S/N
2022,72,363,1,1,HUGO LEAL,1708,ESCOLA MUNICIPAL JÚLIA CORTINES,RUA LOPES TROVAO 1-CAMPO DE SÃO BENTO S/N
2022,72,366,1,2,HUGO LEAL,1708,ESCOLA MUNICIPAL JÚLIA CORTINES,RUA LOPES TROVAO 1-CAMPO DE SÃO BENTO S/N
2022,72,379,1,2,HUGO LEAL,1716,ESCOLA VIVINFÂNCIA,RUA GAVIÃO PEIXOTO 384
2022,72,380,1,2,HUGO LEAL,1716,ESCOLA VIVINFÂNCIA,RUA GAVIÃO PEIXOTO 384
2022,72,383,1,3,HUGO LEAL,1724,AABB,RUA HÉLIO DA SILVA CARNEIRO 78
2022,72,386,1,2,HUGO LEAL,1724,AABB,RUA HÉLIO DA SILVA CARNEIRO 78
2022,72,387,1,2,HUGO LEAL,1724,AABB,RUA HÉLIO DA SILVA CARNEIRO 78
2022,72,388,1,3,HUGO LEAL,1724,AABB,RUA HÉLIO DA SILVA CARNEIRO 78
2022,72,390,1,1,HUGO LEAL,1732,CLUBE NAVAL,AVENIDA CARLOS ERMELINDO MARINS 68
2022,72,392,1,1,HUGO LEAL,1732,CLUBE NAVAL,AVENIDA CARLOS ERMELINDO MARINS 68
2022,72,393,1,1,HUGO LEAL,1732,CLUBE NAVAL,AVENIDA CARLOS ERMELINDO MARINS 68
2022,72,394,1,2,HUGO LEAL,1732,CLUBE NAVAL,AVENIDA CARLOS ERMELINDO MARINS 68
2022,72,395,1,1,HUGO LEAL,1732,CLUBE NAVAL,AVENIDA CARLOS ERMELINDO MARINS 68
2022,72,396,1,2,HUGO LEAL,1732,CLUBE NAVAL,AVENIDA CARLOS ERMELINDO MARINS 68
2022,72,397,1,2,HUGO LEAL,1732,CLUBE NAVAL,AVENIDA CARLOS ERMELINDO MARINS 68
2022,72,398,1,2,HUGO LEAL,1732,CLUBE NAVAL,AVENIDA CARLOS ERMELINDO MARINS 68
2022,72,399,1,1,HUGO LEAL,1732,CLUBE NAVAL,AVENIDA CARLOS ERMELINDO MARINS 68
2022,72,400,1,4,HUGO LEAL,1732,CLUBE NAVAL,AVENIDA CARLOS ERMELINDO MARINS 68
2022,72,401,1,1,HUGO LEAL,1732,CLUBE NAVAL,AVENIDA CARLOS ERMELINDO MARINS 68
2022,72,402,1,2,HUGO LEAL,1732,CLUBE NAVAL,AVENIDA CARLOS ERMELINDO MARINS 68
2022,72,404,1,3,HUGO LEAL,1732,CLUBE NAVAL,AVENIDA CARLOS ERMELINDO MARINS 68
2022,72,405,1,1,HUGO LEAL,1732,CLUBE NAVAL,AVENIDA CARLOS ERMELINDO MARINS 68
2022,72,406,1,1,HUGO LEAL,1732,CLUBE NAVAL,AVENIDA CARLOS ERMELINDO MARINS 68
2022,72,407,1,1,HUGO LEAL,1732,CLUBE NAVAL,AVENIDA CARLOS ERMELINDO MARINS 68
2022,72,408,1,4,HUGO LEAL,1732,CLUBE NAVAL,AVENIDA CARLOS ERMELINDO MARINS 68
2022,72,410,1,2,HUGO LEAL,1740,ESCOLA MUNICIPAL PROFESSORA ELVIRA LÚCIA ESTEVES DE VASCONCELOS,"TRAVESSA EMÍLIO ANGRADA 2, RUA JOAQUIM TÁVORA"
2022,72,412,1,2,HUGO LEAL,1740,ESCOLA MUNICIPAL PROFESSORA ELVIRA LÚCIA ESTEVES DE VASCONCELOS,"TRAVESSA EMÍLIO ANGRADA 2, RUA JOAQUIM TÁVORA"
2022,72,414,1,1,HUGO LEAL,1740,ESCOLA MUNICIPAL PROFESSORA ELVIRA LÚCIA ESTEVES DE VASCONCELOS,"TRAVESSA EMÍLIO ANGRADA 2, RUA JOAQUIM TÁVORA"
2022,72,416,1,2,HUGO LEAL,1740,ESCOLA MUNICIPAL PROFESSORA ELVIRA LÚCIA ESTEVES DE VASCONCELOS,"TRAVESSA EMÍLIO ANGRADA 2, RUA JOAQUIM TÁVORA"
2022,72,418,1,2,HUGO LEAL,1740,ESCOLA MUNICIPAL PROFESSORA ELVIRA LÚCIA ESTEVES DE VASCONCELOS,"TRAVESSA EMÍLIO ANGRADA 2, RUA JOAQUIM TÁVORA"
2022,72,420,1,1,HUGO LEAL,1759,COLÉGIO MV1,RUA GAVIÃO PEIXOTO 398
2022,72,421,1,2,HUGO LEAL,1759,COLÉGIO MV1,RUA GAVIÃO PEIXOTO 398
2022,72,422,1,1,HUGO LEAL,1759,COLÉGIO MV1,RUA GAVIÃO PEIXOTO 398
2022,72,423,1,2,HUGO LEAL,1759,COLÉGIO MV1,RUA GAVIÃO PEIXOTO 398
2022,72,424,1,3,HUGO LEAL,1759,COLÉGIO MV1,RUA GAVIÃO PEIXOTO 398
2022,72,426,1,1,HUGO LEAL,1759,COLÉGIO MV1,RUA GAVIÃO PEIXOTO 398
2022,72,428,1,2,HUGO LEAL,1759,COLÉGIO MV1,RUA GAVIÃO PEIXOTO 398
2022,72,435,1,1,HUGO LEAL,1759,COLÉGIO MV1,RUA GAVIÃO PEIXOTO 398
2022,72,436,1,1,HUGO LEAL,1759,COLÉGIO MV1,RUA GAVIÃO PEIXOTO 398
2022,72,438,1,1,HUGO LEAL,1767,COLÉGIO ASSUNÇÃO,RUA GENERAL RONDON 842
2022,72,439,1,1,HUGO LEAL,1767,COLÉGIO ASSUNÇÃO,RUA GENERAL RONDON 842
2022,72,440,1,1,HUGO LEAL,1767,COLÉGIO ASSUNÇÃO,RUA GENERAL RONDON 842
2022,72,442,1,1,HUGO LEAL,1767,COLÉGIO ASSUNÇÃO,RUA GENERAL RONDON 842
2022,72,448,1,2,HUGO LEAL,1767,COLÉGIO ASSUNÇÃO,RUA GENERAL RONDON 842
2022,72,449,1,1,HUGO LEAL,1767,COLÉGIO ASSUNÇÃO,RUA GENERAL RONDON 842
2022,72,450,1,1,HUGO LEAL,1767,COLÉGIO ASSUNÇÃO,RUA GENERAL RONDON 842
2022,72,451,1,2,HUGO LEAL,1767,COLÉGIO ASSUNÇÃO,RUA GENERAL RONDON 842
2022,72,452,1,3,HUGO LEAL,1775,ESCOLA ESTADUAL CIZÍNIO SOARES PINTO,RUA PRESIDENTE ROOSEVELT 2
2022,72,455,1,1,HUGO LEAL,1775,ESCOLA ESTADUAL CIZÍNIO SOARES PINTO,RUA PRESIDENTE ROOSEVELT 2
2022,72,457,1,3,HUGO LEAL,1775,ESCOLA ESTADUAL CIZÍNIO SOARES PINTO,RUA PRESIDENTE ROOSEVELT 2
2022,72,459,1,1,HUGO LEAL,1783,SOCIEDADE BRASILEIRA DE CULTURA INGLESA,RUA OTAVIO CARNEIRO 23
2022,72,460,1,1,HUGO LEAL,1783,SOCIEDADE BRASILEIRA DE CULTURA INGLESA,RUA OTAVIO CARNEIRO 23
2022,72,52,1,2,HUGO LEAL,1147,ESCOLA MUNICIPAL VERA LUCIA MACHADO,RUA ALDEMAR DE PAIVA LOTE 7 E 8
2022,72,55,1,2,HUGO LEAL,1074,COLEGIO ESTADUAL PAULO ASSIS RIBEIRO,ESTRADA CAETANO MONTEIRO 814
2022,72,58,1,1,HUGO LEAL,1112,ESCOLA ESTADUAL LEOPOLDO FROES,RUA REVERENDO ARMANDO FERREIRA  S/N
2022,72,62,1,2,HUGO LEAL,1112,ESCOLA ESTADUAL LEOPOLDO FROES,RUA REVERENDO ARMANDO FERREIRA  S/N
2022,72,63,1,2,HUGO LEAL,1171,ESCOLA MUNICIPAL ANTONIO COUTINHO DE AZEVEDO,AV DES NESTOR RODRIGUES PERLINGEIRO S/N
2022,72,64,1,1,HUGO LEAL,1171,ESCOLA MUNICIPAL ANTONIO COUTINHO DE AZEVEDO,AV DES NESTOR RODRIGUES PERLINGEIRO S/N
2022,72,66,1,1,HUGO LEAL,1171,ESCOLA MUNICIPAL ANTONIO COUTINHO DE AZEVEDO,AV DES NESTOR RODRIGUES PERLINGEIRO S/N
2022,72,7,1,1,HUGO LEAL,1040,CIEP 447 - CARAMUJO,RODOVIA AMARAL PEIXOTO KM 2
