ano,NR_ZONA,NR_SECAO,NR_TURNO,QT_VOTOS,label,NR_LOCAL_VOTACAO,NM_LOCAL_VOTACAO,DS_LOCAL_VOTACAO_ENDERECO
2012,113,1,1,24,PSD,1031,,
2012,113,10,1,16,PSD,1031,,
2012,113,100,1,11,PSD,1236,,
2012,113,101,1,24,PSD,1309,,
2012,113,102,1,20,PSD,1236,,
2012,113,103,1,20,PSD,1163,,
2012,113,104,1,47,PSD,1082,,
2012,113,106,1,46,PSD,1023,,
2012,113,107,1,49,PSD,1384,,
2012,113,108,1,36,PSD,1082,,
2012,113,109,1,31,PSD,1295,,
2012,113,11,1,32,PSD,1082,,
2012,113,110,1,19,PSD,1325,,
2012,113,111,1,34,PSD,1236,,
2012,113,112,1,17,PSD,1201,,
2012,113,113,1,36,PSD,1171,,
2012,113,114,1,27,PSD,1139,,
2012,113,115,1,35,PSD,1384,,
2012,113,116,1,18,PSD,1384,,
2012,113,117,1,25,PSD,1325,,
2012,113,118,1,24,PSD,1236,,
2012,113,119,1,25,PSD,1376,,
2012,113,12,1,16,PSD,1163,,
2012,113,120,1,50,PSD,1171,,
2012,113,121,1,20,PSD,1295,,
2012,113,122,1,22,PSD,1309,,
2012,113,123,1,19,PSD,1236,,
2012,113,124,1,22,PSD,1325,,
2012,113,125,1,18,PSD,1309,,
2012,113,13,1,21,PSD,1163,,
2012,113,14,1,47,PSD,1171,,
2012,113,15,1,36,PSD,1171,,
2012,113,16,1,42,PSD,1171,,
2012,113,17,1,32,PSD,1082,,
2012,113,18,1,33,PSD,1082,,
2012,113,19,1,44,PSD,1082,,
2012,113,2,1,27,PSD,1023,,
2012,113,20,1,35,PSD,1082,,
2012,113,21,1,34,PSD,1082,,
2012,113,22,1,32,PSD,1082,,
2012,113,23,1,18,PSD,1082,,
2012,113,24,1,14,PSD,1163,,
2012,113,25,1,12,PSD,1031,,
2012,113,26,1,18,PSD,1031,,
2012,113,27,1,29,PSD,1236,,
2012,113,28,1,29,PSD,1139,,
2012,113,29,1,13,PSD,1139,,
2012,113,3,1,33,PSD,1023,,
2012,113,30,1,22,PSD,1139,,
2012,113,31,1,18,PSD,1139,,
2012,113,32,1,30,PSD,1139,,
2012,113,33,1,26,PSD,1139,,
2012,113,34,1,14,PSD,1031,,
2012,113,35,1,41,PSD,1384,,
2012,113,36,1,20,PSD,1163,,
2012,113,37,1,23,PSD,1163,,
2012,113,38,1,21,PSD,1163,,
2012,113,39,1,43,PSD,1171,,
2012,113,4,1,45,PSD,1023,,
2012,113,40,1,24,PSD,1171,,
2012,113,41,1,36,PSD,1171,,
2012,113,42,1,35,PSD,1171,,
2012,113,43,1,26,PSD,1163,,
2012,113,44,1,30,PSD,1163,,
2012,113,45,1,21,PSD,1236,,
2012,113,46,1,31,PSD,1201,,
2012,113,47,1,21,PSD,1236,,
2012,113,48,1,20,PSD,1236,,
2012,113,49,1,18,PSD,1031,,
2012,113,5,1,10,PSD,1031,,
2012,113,50,1,17,PSD,1236,,
2012,113,51,1,23,PSD,1236,,
2012,113,52,1,24,PSD,1236,,
2012,113,53,1,26,PSD,1236,,
2012,113,54,1,33,PSD,1236,,
2012,113,55,1,26,PSD,1236,,
2012,113,56,1,25,PSD,1236,,
2012,113,57,1,48,PSD,1384,,
2012,113,58,1,37,PSD,1384,,
2012,113,59,1,46,PSD,1384,,
2012,113,6,1,22,PSD,1031,,
2012,113,60,1,33,PSD,1384,,
2012,113,61,1,17,PSD,1163,,
2012,113,62,1,18,PSD,1031,,
2012,113,63,1,26,PSD,1295,,
2012,113,64,1,26,PSD,1295,,
2012,113,65,1,30,PSD,1295,,
2012,113,66,1,33,PSD,1309,,
2012,113,67,1,40,PSD,1309,,
2012,113,68,1,30,PSD,1309,,
2012,113,69,1,32,PSD,1309,,
2012,113,7,1,7,PSD,1031,,
2012,113,70,1,27,PSD,1309,,
2012,113,71,1,36,PSD,1325,,
2012,113,72,1,32,PSD,1325,,
2012,113,73,1,28,PSD,1325,,
2012,113,74,1,33,PSD,1082,,
2012,113,75,1,38,PSD,1082,,
2012,113,76,1,56,PSD,1350,,
2012,113,77,1,47,PSD,1350,,
2012,113,78,1,30,PSD,1376,,
2012,113,79,1,18,PSD,1376,,
2012,113,8,1,16,PSD,1031,,
2012,113,80,1,31,PSD,1376,,
2012,113,81,1,32,PSD,1376,,
2012,113,82,1,24,PSD,1376,,
2012,113,83,1,20,PSD,1376,,
2012,113,84,1,29,PSD,1376,,
2012,113,85,1,32,PSD,1376,,
2012,113,86,1,24,PSD,1376,,
2012,113,87,1,37,PSD,1171,,
2012,113,88,1,27,PSD,1295,,
2012,113,89,1,18,PSD,1031,,
2012,113,9,1,16,PSD,1031,,
2012,113,90,1,19,PSD,1031,,
2012,113,91,1,47,PSD,1171,,
2012,113,92,1,18,PSD,1163,,
2012,113,93,1,14,PSD,1139,,
2012,113,94,1,46,PSD,1350,,
2012,113,95,1,26,PSD,1236,,
2012,113,96,1,20,PSD,1325,,
2012,113,97,1,32,PSD,1082,,
2012,113,98,1,15,PSD,1309,,
2012,113,99,1,38,PSD,1171,,
2012,114,1,1,31,PSD,1090,,
2012,114,10,1,31,PSD,1082,,
2012,114,106,1,30,PSD,1538,,
2012,114,107,1,33,PSD,1538,,
2012,114,108,1,21,PSD,1546,,
2012,114,109,1,28,PSD,1546,,
2012,114,11,1,30,PSD,1082,,
2012,114,117,1,29,PSD,1597,,
2012,114,118,1,37,PSD,1597,,
2012,114,119,1,33,PSD,1597,,
2012,114,12,1,37,PSD,1090,,
2012,114,120,1,25,PSD,1597,,
2012,114,121,1,25,PSD,1597,,
2012,114,122,1,29,PSD,1600,,
2012,114,123,1,28,PSD,1600,,
2012,114,124,1,39,PSD,1600,,
2012,114,125,1,38,PSD,1600,,
2012,114,126,1,39,PSD,1600,,
2012,114,127,1,26,PSD,1082,,
2012,114,128,1,28,PSD,1635,,
2012,114,129,1,36,PSD,1635,,
2012,114,13,1,40,PSD,1090,,
2012,114,130,1,30,PSD,1635,,
2012,114,131,1,36,PSD,1635,,
2012,114,132,1,30,PSD,1635,,
2012,114,133,1,28,PSD,1635,,
2012,114,134,1,24,PSD,1635,,
2012,114,135,1,20,PSD,1643,,
2012,114,136,1,25,PSD,1643,,
2012,114,137,1,23,PSD,1643,,
2012,114,138,1,15,PSD,1660,,
2012,114,139,1,16,PSD,1660,,
2012,114,14,1,45,PSD,1090,,
2012,114,148,1,31,PSD,1716,,
2012,114,149,1,32,PSD,1716,,
2012,114,15,1,38,PSD,1090,,
2012,114,150,1,32,PSD,1716,,
2012,114,151,1,25,PSD,1716,,
2012,114,152,1,30,PSD,1732,,
2012,114,153,1,37,PSD,1732,,
2012,114,154,1,23,PSD,1732,,
2012,114,181,1,19,PSD,1333,,
2012,114,182,1,23,PSD,1660,,
2012,114,186,1,28,PSD,1090,,
2012,114,189,1,29,PSD,1279,,
2012,114,199,1,22,PSD,1333,,
2012,114,2,1,18,PSD,1090,,
2012,114,200,1,43,PSD,1090,,
2012,114,202,1,31,PSD,1600,,
2012,114,203,1,29,PSD,1635,,
2012,114,209,1,44,PSD,1090,,
2012,114,210,1,23,PSD,1597,,
2012,114,211,1,29,PSD,1333,,
2012,114,217,1,23,PSD,1635,,
2012,114,218,1,26,PSD,1082,,
2012,114,219,1,18,PSD,1082,,
2012,114,225,1,50,PSD,1546,,
2012,114,227,1,12,PSD,1082,,
2012,114,232,1,22,PSD,1643,,
2012,114,235,1,25,PSD,1082,,
2012,114,241,1,24,PSD,1716,,
2012,114,246,1,24,PSD,1635,,
2012,114,248,1,22,PSD,1643,,
2012,114,249,1,36,PSD,1090,,
2012,114,251,1,24,PSD,1538,,
2012,114,254,1,21,PSD,1643,,
2012,114,255,1,21,PSD,1333,,
2012,114,256,1,42,PSD,1600,,
2012,114,259,1,25,PSD,1635,,
2012,114,26,1,34,PSD,1333,,
2012,114,260,1,10,PSD,1660,,
2012,114,267,1,27,PSD,1546,,
2012,114,268,1,38,PSD,1279,,
2012,114,269,1,21,PSD,1600,,
2012,114,270,1,23,PSD,1716,,
2012,114,271,1,23,PSD,1635,,
2012,114,272,1,33,PSD,1090,,
2012,114,273,1,55,PSD,1546,,
2012,114,3,1,26,PSD,1082,,
2012,114,4,1,21,PSD,1082,,
2012,114,48,1,30,PSD,1279,,
2012,114,49,1,40,PSD,1279,,
2012,114,5,1,39,PSD,1090,,
2012,114,50,1,43,PSD,1279,,
2012,114,6,1,29,PSD,1090,,
2012,114,65,1,29,PSD,1333,,
2012,114,66,1,20,PSD,1333,,
2012,114,67,1,17,PSD,1333,,
2012,114,68,1,15,PSD,1333,,
2012,114,69,1,27,PSD,1333,,
2012,114,7,1,31,PSD,1090,,
2012,114,70,1,26,PSD,1333,,
2012,114,71,1,25,PSD,1333,,
2012,114,72,1,27,PSD,1333,,
2012,114,8,1,21,PSD,1082,,
2012,114,87,1,31,PSD,1333,,
2012,114,88,1,25,PSD,1333,,
2012,114,9,1,26,PSD,1082,,
2012,115,100,1,34,PSD,1414,,
2012,115,101,1,35,PSD,1414,,
2012,115,102,1,52,PSD,1457,,
2012,115,103,1,41,PSD,1457,,
2012,115,104,1,44,PSD,1457,,
2012,115,105,1,48,PSD,1457,,
2012,115,106,1,49,PSD,1457,,
2012,115,107,1,70,PSD,1589,,
2012,115,108,1,56,PSD,1589,,
2012,115,109,1,60,PSD,1589,,
2012,115,110,1,58,PSD,1589,,
2012,115,111,1,16,PSD,1465,,
2012,115,112,1,27,PSD,1465,,
2012,115,113,1,27,PSD,1465,,
2012,115,114,1,29,PSD,1465,,
2012,115,115,1,28,PSD,1473,,
2012,115,116,1,17,PSD,1473,,
2012,115,117,1,29,PSD,1473,,
2012,115,118,1,29,PSD,1473,,
2012,115,119,1,36,PSD,1473,,
2012,115,120,1,25,PSD,1473,,
2012,115,121,1,22,PSD,1473,,
2012,115,122,1,36,PSD,1481,,
2012,115,123,1,45,PSD,1481,,
2012,115,124,1,37,PSD,1481,,
2012,115,125,1,31,PSD,1481,,
2012,115,126,1,42,PSD,1481,,
2012,115,127,1,23,PSD,1481,,
2012,115,128,1,56,PSD,1490,,
2012,115,129,1,24,PSD,1490,,
2012,115,130,1,47,PSD,1503,,
2012,115,131,1,40,PSD,1503,,
2012,115,132,1,53,PSD,1503,,
2012,115,133,1,34,PSD,1554,,
2012,115,134,1,27,PSD,1520,,
2012,115,135,1,21,PSD,1520,,
2012,115,136,1,57,PSD,1538,,
2012,115,137,1,46,PSD,1538,,
2012,115,138,1,45,PSD,1457,,
2012,115,139,1,16,PSD,1554,,
2012,115,140,1,19,PSD,1554,,
2012,115,141,1,21,PSD,1554,,
2012,115,147,1,17,PSD,1473,,
2012,115,148,1,12,PSD,1554,,
2012,115,153,1,53,PSD,1490,,
2012,115,155,1,43,PSD,1589,,
2012,115,158,1,36,PSD,1465,,
2012,115,159,1,62,PSD,1481,,
2012,115,165,1,20,PSD,1520,,
2012,115,167,1,51,PSD,1538,,
2012,115,169,1,22,PSD,1414,,
2012,115,171,1,24,PSD,1457,,
2012,115,172,1,28,PSD,1554,,
2012,115,173,1,24,PSD,1406,,
2012,115,175,1,42,PSD,1503,,
2012,115,179,1,37,PSD,1414,,
2012,115,180,1,30,PSD,1422,,
2012,115,182,1,32,PSD,1473,,
2012,115,183,1,50,PSD,1457,,
2012,115,185,1,39,PSD,1481,,
2012,115,186,1,40,PSD,1406,,
2012,115,192,1,46,PSD,1457,,
2012,115,195,1,24,PSD,1465,,
2012,115,196,1,20,PSD,1414,,
2012,115,199,1,28,PSD,1406,,
2012,115,200,1,14,PSD,1473,,
2012,115,202,1,29,PSD,1457,,
2012,115,205,1,41,PSD,1481,,
2012,115,206,1,38,PSD,1384,,
2012,115,209,1,26,PSD,1406,,
2012,115,210,1,45,PSD,1538,,
2012,115,211,1,22,PSD,1465,,
2012,115,212,1,10,PSD,1465,,
2012,115,213,1,24,PSD,1406,,
2012,115,214,1,41,PSD,1457,,
2012,115,215,1,35,PSD,1503,,
2012,115,216,1,26,PSD,1473,,
2012,115,217,1,40,PSD,1384,,
2012,115,219,1,21,PSD,1406,,
2012,115,83,1,28,PSD,1465,,
2012,115,84,1,34,PSD,1384,,
2012,115,85,1,25,PSD,1384,,
2012,115,86,1,10,PSD,1554,,
2012,115,87,1,21,PSD,1520,,
2012,115,88,1,32,PSD,1406,,
2012,115,89,1,24,PSD,1406,,
2012,115,90,1,35,PSD,1406,,
2012,115,91,1,27,PSD,1406,,
2012,115,92,1,25,PSD,1406,,
2012,115,93,1,21,PSD,1406,,
2012,115,94,1,23,PSD,1414,,
2012,115,95,1,38,PSD,1414,,
2012,115,96,1,34,PSD,1422,,
2012,115,97,1,49,PSD,1422,,
2012,115,98,1,12,PSD,1422,,
2012,115,99,1,22,PSD,1422,,
2012,140,1,1,36,PSD,1015,,
2012,140,10,1,26,PSD,1023,,
2012,140,11,1,24,PSD,1031,,
2012,140,12,1,33,PSD,1031,,
2012,140,13,1,20,PSD,1031,,
2012,140,14,1,23,PSD,1040,,
2012,140,15,1,38,PSD,1040,,
2012,140,16,1,32,PSD,1082,,
2012,140,17,1,19,PSD,1082,,
2012,140,18,1,34,PSD,1066,,
2012,140,19,1,27,PSD,1066,,
2012,140,2,1,35,PSD,1015,,
2012,140,20,1,29,PSD,1074,,
2012,140,21,1,32,PSD,1074,,
2012,140,22,1,20,PSD,1074,,
2012,140,23,1,24,PSD,1074,,
2012,140,24,1,28,PSD,1082,,
2012,140,25,1,38,PSD,1082,,
2012,140,26,1,41,PSD,1082,,
2012,140,27,1,35,PSD,1082,,
2012,140,28,1,17,PSD,1082,,
2012,140,29,1,24,PSD,1090,,
2012,140,3,1,38,PSD,1015,,
2012,140,30,1,25,PSD,1090,,
2012,140,31,1,29,PSD,1090,,
2012,140,32,1,26,PSD,1090,,
2012,140,33,1,41,PSD,1090,,
2012,140,34,1,19,PSD,1104,,
2012,140,35,1,29,PSD,1104,,
2012,140,36,1,22,PSD,1104,,
2012,140,37,1,21,PSD,1155,,
2012,140,38,1,27,PSD,1155,,
2012,140,39,1,18,PSD,1155,,
2012,140,4,1,26,PSD,1015,,
2012,140,40,1,34,PSD,1120,,
2012,140,41,1,30,PSD,1120,,
2012,140,42,1,28,PSD,1120,,
2012,140,43,1,48,PSD,1120,,
2012,140,44,1,43,PSD,1120,,
2012,140,45,1,51,PSD,1120,,
2012,140,46,1,39,PSD,1120,,
2012,140,47,1,59,PSD,1120,,
2012,140,48,1,51,PSD,1120,,
2012,140,49,1,27,PSD,1120,,
2012,140,5,1,19,PSD,1023,,
2012,140,50,1,34,PSD,1120,,
2012,140,51,1,44,PSD,1120,,
2012,140,52,1,27,PSD,1139,,
2012,140,53,1,26,PSD,1139,,
2012,140,54,1,17,PSD,1139,,
2012,140,55,1,13,PSD,1139,,
2012,140,56,1,22,PSD,1139,,
2012,140,57,1,20,PSD,1139,,
2012,140,58,1,32,PSD,1139,,
2012,140,59,1,16,PSD,1139,,
2012,140,6,1,19,PSD,1023,,
2012,140,60,1,12,PSD,1139,,
2012,140,61,1,28,PSD,1139,,
2012,140,62,1,24,PSD,1139,,
2012,140,63,1,12,PSD,1139,,
2012,140,64,1,6,PSD,1139,,
2012,140,65,1,15,PSD,1139,,
2012,140,66,1,19,PSD,1139,,
2012,140,67,1,31,PSD,1120,,
2012,140,68,1,35,PSD,1120,,
2012,140,69,1,38,PSD,1120,,
2012,140,7,1,29,PSD,1023,,
2012,140,70,1,31,PSD,1120,,
2012,140,71,1,23,PSD,1120,,
2012,140,72,1,15,PSD,1155,,
2012,140,73,1,20,PSD,1155,,
2012,140,74,1,18,PSD,1155,,
2012,140,75,1,14,PSD,1155,,
2012,140,76,1,6,PSD,1155,,
2012,140,77,1,49,PSD,1163,,
2012,140,78,1,52,PSD,1163,,
2012,140,79,1,25,PSD,1163,,
2012,140,8,1,13,PSD,1023,,
2012,140,80,1,16,PSD,1155,,
2012,140,81,1,22,PSD,1155,,
2012,140,82,1,22,PSD,1155,,
2012,140,83,1,15,PSD,1155,,
2012,140,84,1,23,PSD,1155,,
2012,140,85,1,12,PSD,1155,,
2012,140,86,1,17,PSD,1155,,
2012,140,87,1,17,PSD,1040,,
2012,140,88,1,27,PSD,1082,,
2012,140,89,1,21,PSD,1074,,
2012,140,9,1,24,PSD,1023,,
2012,140,90,1,14,PSD,1163,,
2012,142,1,1,16,PSD,1015,,
2012,142,10,1,23,PSD,1058,,
2012,142,100,1,30,PSD,1201,,
2012,142,101,1,36,PSD,1201,,
2012,142,102,1,40,PSD,1201,,
2012,142,103,1,49,PSD,1201,,
2012,142,104,1,29,PSD,1201,,
2012,142,105,1,45,PSD,1201,,
2012,142,106,1,30,PSD,1201,,
2012,142,107,1,32,PSD,1210,,
2012,142,108,1,26,PSD,1210,,
2012,142,109,1,30,PSD,1210,,
2012,142,11,1,24,PSD,1058,,
2012,142,110,1,29,PSD,1244,,
2012,142,111,1,38,PSD,1244,,
2012,142,112,1,35,PSD,1244,,
2012,142,113,1,31,PSD,1244,,
2012,142,114,1,28,PSD,1244,,
2012,142,115,1,36,PSD,1210,,
2012,142,116,1,34,PSD,1210,,
2012,142,117,1,44,PSD,1210,,
2012,142,118,1,26,PSD,1210,,
2012,142,119,1,38,PSD,1244,,
2012,142,12,1,20,PSD,1058,,
2012,142,120,1,43,PSD,1244,,
2012,142,121,1,41,PSD,1244,,
2012,142,122,1,38,PSD,1244,,
2012,142,123,1,54,PSD,1244,,
2012,142,124,1,34,PSD,1244,,
2012,142,125,1,36,PSD,1244,,
2012,142,126,1,49,PSD,1252,,
2012,142,127,1,39,PSD,1252,,
2012,142,128,1,44,PSD,1252,,
2012,142,129,1,38,PSD,1252,,
2012,142,13,1,15,PSD,1058,,
2012,142,130,1,45,PSD,1260,,
2012,142,131,1,61,PSD,1260,,
2012,142,132,1,41,PSD,1260,,
2012,142,133,1,34,PSD,1260,,
2012,142,134,1,24,PSD,1260,,
2012,142,135,1,24,PSD,1260,,
2012,142,136,1,28,PSD,1260,,
2012,142,137,1,50,PSD,1252,,
2012,142,138,1,37,PSD,1252,,
2012,142,139,1,22,PSD,1252,,
2012,142,14,1,19,PSD,1058,,
2012,142,140,1,30,PSD,1090,,
2012,142,141,1,23,PSD,1090,,
2012,142,142,1,38,PSD,1180,,
2012,142,143,1,31,PSD,1112,,
2012,142,144,1,25,PSD,1244,,
2012,142,145,1,23,PSD,1201,,
2012,142,146,1,10,PSD,1031,,
2012,142,147,1,18,PSD,1244,,
2012,142,148,1,31,PSD,1244,,
2012,142,149,1,29,PSD,1279,,
2012,142,15,1,21,PSD,1058,,
2012,142,150,1,48,PSD,1198,,
2012,142,151,1,22,PSD,1279,,
2012,142,152,1,29,PSD,1198,,
2012,142,153,1,52,PSD,1279,,
2012,142,154,1,33,PSD,1031,,
2012,142,155,1,27,PSD,1112,,
2012,142,156,1,33,PSD,1210,,
2012,142,157,1,21,PSD,1198,,
2012,142,158,1,14,PSD,1112,,
2012,142,16,1,17,PSD,1058,,
2012,142,17,1,29,PSD,1058,,
2012,142,18,1,31,PSD,1058,,
2012,142,19,1,18,PSD,1058,,
2012,142,2,1,15,PSD,1015,,
2012,142,20,1,22,PSD,1058,,
2012,142,3,1,20,PSD,1058,,
2012,142,4,1,19,PSD,1058,,
2012,142,5,1,21,PSD,1031,,
2012,142,50,1,24,PSD,1090,,
2012,142,51,1,31,PSD,1090,,
2012,142,52,1,29,PSD,1090,,
2012,142,53,1,28,PSD,1090,,
2012,142,54,1,44,PSD,1090,,
2012,142,55,1,47,PSD,1090,,
2012,142,56,1,35,PSD,1090,,
2012,142,57,1,33,PSD,1090,,
2012,142,58,1,21,PSD,1104,,
2012,142,59,1,18,PSD,1104,,
2012,142,6,1,19,PSD,1031,,
2012,142,60,1,30,PSD,1104,,
2012,142,61,1,37,PSD,1112,,
2012,142,62,1,24,PSD,1112,,
2012,142,63,1,35,PSD,1112,,
2012,142,64,1,37,PSD,1112,,
2012,142,65,1,25,PSD,1112,,
2012,142,71,1,20,PSD,1015,,
2012,142,72,1,21,PSD,1015,,
2012,142,73,1,19,PSD,1058,,
2012,142,74,1,16,PSD,1058,,
2012,142,88,1,38,PSD,1180,,
2012,142,89,1,42,PSD,1180,,
2012,142,90,1,41,PSD,1180,,
2012,142,91,1,27,PSD,1180,,
2012,142,92,1,36,PSD,1180,,
2012,142,93,1,36,PSD,1180,,
2012,142,94,1,37,PSD,1180,,
2012,142,95,1,28,PSD,1180,,
2012,142,96,1,31,PSD,1198,,
2012,142,97,1,31,PSD,1198,,
2012,142,98,1,41,PSD,1198,,
2012,142,99,1,38,PSD,1198,,
2012,143,1,1,22,PSD,1066,,
2012,143,10,1,27,PSD,1031,,
2012,143,11,1,29,PSD,1031,,
2012,143,12,1,48,PSD,1112,,
2012,143,14,1,51,PSD,1112,,
2012,143,15,1,32,PSD,1058,,
2012,143,16,1,28,PSD,1058,,
2012,143,17,1,39,PSD,1058,,
2012,143,18,1,28,PSD,1066,,
2012,143,19,1,32,PSD,1066,,
2012,143,2,1,30,PSD,1066,,
2012,143,20,1,30,PSD,1074,,
2012,143,21,1,39,PSD,1074,,
2012,143,22,1,23,PSD,1074,,
2012,143,23,1,36,PSD,1074,,
2012,143,24,1,28,PSD,1074,,
2012,143,25,1,29,PSD,1074,,
2012,143,26,1,20,PSD,1074,,
2012,143,27,1,35,PSD,1074,,
2012,143,28,1,37,PSD,1082,,
2012,143,29,1,43,PSD,1082,,
2012,143,3,1,47,PSD,1066,,
2012,143,30,1,42,PSD,1082,,
2012,143,31,1,41,PSD,1082,,
2012,143,32,1,32,PSD,1198,,
2012,143,33,1,33,PSD,1198,,
2012,143,34,1,31,PSD,1198,,
2012,143,35,1,29,PSD,1120,,
2012,143,36,1,47,PSD,1147,,
2012,143,37,1,45,PSD,1147,,
2012,143,38,1,52,PSD,1147,,
2012,143,4,1,33,PSD,1058,,
2012,143,40,1,44,PSD,1112,,
2012,143,42,1,47,PSD,1112,,
2012,143,44,1,27,PSD,1120,,
2012,143,45,1,26,PSD,1120,,
2012,143,46,1,37,PSD,1120,,
2012,143,47,1,32,PSD,1120,,
2012,143,48,1,25,PSD,1120,,
2012,143,49,1,21,PSD,1120,,
2012,143,5,1,34,PSD,1058,,
2012,143,50,1,32,PSD,1120,,
2012,143,51,1,25,PSD,1120,,
2012,143,52,1,14,PSD,1120,,
2012,143,53,1,33,PSD,1120,,
2012,143,54,1,45,PSD,1112,,
2012,143,56,1,53,PSD,1112,,
2012,143,58,1,46,PSD,1147,,
2012,143,59,1,54,PSD,1147,,
2012,143,6,1,26,PSD,1058,,
2012,143,60,1,39,PSD,1147,,
2012,143,61,1,57,PSD,1147,,
2012,143,62,1,55,PSD,1147,,
2012,143,63,1,45,PSD,1112,,
2012,143,65,1,31,PSD,1163,,
2012,143,66,1,33,PSD,1163,,
2012,143,67,1,25,PSD,1163,,
2012,143,68,1,23,PSD,1163,,
2012,143,69,1,30,PSD,1163,,
2012,143,7,1,30,PSD,1031,,
2012,143,70,1,34,PSD,1163,,
2012,143,71,1,29,PSD,1163,,
2012,143,72,1,24,PSD,1163,,
2012,143,73,1,28,PSD,1163,,
2012,143,74,1,25,PSD,1163,,
2012,143,75,1,33,PSD,1163,,
2012,143,76,1,23,PSD,1163,,
2012,143,77,1,40,PSD,1163,,
2012,143,78,1,26,PSD,1120,,
2012,143,79,1,34,PSD,1120,,
2012,143,8,1,30,PSD,1031,,
2012,143,80,1,27,PSD,1120,,
2012,143,81,1,27,PSD,1180,,
2012,143,82,1,21,PSD,1180,,
2012,143,83,1,36,PSD,1180,,
2012,143,84,1,45,PSD,1180,,
2012,143,85,1,15,PSD,1180,,
2012,143,86,1,24,PSD,1031,,
2012,143,87,1,45,PSD,1074,,
2012,143,88,1,25,PSD,1120,,
2012,143,89,1,33,PSD,1082,,
2012,143,9,1,30,PSD,1031,,
2012,143,90,1,41,PSD,1112,,
2012,143,91,1,27,PSD,1058,,
2012,143,92,1,26,PSD,1198,,
2012,143,93,1,24,PSD,1066,,
2012,143,94,1,20,PSD,1031,,
2012,143,96,1,39,PSD,1074,,
2012,143,97,1,16,PSD,1198,,
2012,143,98,1,33,PSD,1082,,
2012,143,99,1,24,PSD,1058,,
2012,144,1,1,41,PSD,1171,,
2012,144,10,1,22,PSD,1031,,
2012,144,100,1,34,PSD,1236,,
2012,144,101,1,23,PSD,1236,,
2012,144,102,1,28,PSD,1236,,
2012,144,103,1,25,PSD,1236,,
2012,144,104,1,22,PSD,1236,,
2012,144,105,1,26,PSD,1317,,
2012,144,106,1,18,PSD,1317,,
2012,144,107,1,21,PSD,1350,,
2012,144,108,1,39,PSD,1236,,
2012,144,109,1,9,PSD,1236,,
2012,144,11,1,29,PSD,1031,,
2012,144,110,1,25,PSD,1236,,
2012,144,111,1,34,PSD,1350,,
2012,144,112,1,23,PSD,1350,,
2012,144,113,1,85,PSD,1368,,
2012,144,114,1,76,PSD,1368,,
2012,144,115,1,40,PSD,1368,,
2012,144,116,1,37,PSD,1210,,
2012,144,117,1,28,PSD,1210,,
2012,144,118,1,45,PSD,1210,,
2012,144,119,1,36,PSD,1210,,
2012,144,12,1,63,PSD,1201,,
2012,144,120,1,38,PSD,1210,,
2012,144,121,1,35,PSD,1210,,
2012,144,122,1,25,PSD,1023,,
2012,144,123,1,38,PSD,1171,,
2012,144,124,1,29,PSD,1090,,
2012,144,125,1,25,PSD,1236,,
2012,144,126,1,37,PSD,1252,,
2012,144,127,1,44,PSD,1210,,
2012,144,128,1,24,PSD,1236,,
2012,144,129,1,20,PSD,1236,,
2012,144,13,1,36,PSD,1031,,
2012,144,130,1,17,PSD,1104,,
2012,144,131,1,37,PSD,1031,,
2012,144,134,1,19,PSD,1163,,
2012,144,14,1,30,PSD,1031,,
2012,144,15,1,37,PSD,1031,,
2012,144,16,1,47,PSD,1112,,
2012,144,17,1,49,PSD,1112,,
2012,144,18,1,42,PSD,1171,,
2012,144,19,1,41,PSD,1171,,
2012,144,2,1,33,PSD,1023,,
2012,144,20,1,47,PSD,1082,,
2012,144,22,1,93,PSD,1082,,
2012,144,23,1,24,PSD,1090,,
2012,144,24,1,38,PSD,1090,,
2012,144,25,1,37,PSD,1090,,
2012,144,26,1,32,PSD,1090,,
2012,144,27,1,35,PSD,1104,,
2012,144,28,1,37,PSD,1104,,
2012,144,29,1,38,PSD,1104,,
2012,144,3,1,25,PSD,1023,,
2012,144,30,1,44,PSD,1104,,
2012,144,31,1,24,PSD,1104,,
2012,144,32,1,42,PSD,1104,,
2012,144,33,1,38,PSD,1104,,
2012,144,34,1,26,PSD,1112,,
2012,144,35,1,52,PSD,1112,,
2012,144,36,1,32,PSD,1112,,
2012,144,39,1,28,PSD,1090,,
2012,144,4,1,27,PSD,1023,,
2012,144,40,1,34,PSD,1090,,
2012,144,42,1,73,PSD,1082,,
2012,144,44,1,25,PSD,1163,,
2012,144,45,1,30,PSD,1163,,
2012,144,46,1,33,PSD,1163,,
2012,144,47,1,40,PSD,1163,,
2012,144,48,1,31,PSD,1163,,
2012,144,49,1,36,PSD,1163,,
2012,144,5,1,37,PSD,1031,,
2012,144,50,1,44,PSD,1163,,
2012,144,51,1,29,PSD,1163,,
2012,144,52,1,38,PSD,1171,,
2012,144,53,1,39,PSD,1171,,
2012,144,54,1,33,PSD,1171,,
2012,144,55,1,42,PSD,1201,,
2012,144,57,1,36,PSD,1104,,
2012,144,58,1,52,PSD,1104,,
2012,144,59,1,43,PSD,1104,,
2012,144,6,1,26,PSD,1031,,
2012,144,60,1,82,PSD,1201,,
2012,144,62,1,35,PSD,1210,,
2012,144,63,1,41,PSD,1210,,
2012,144,64,1,40,PSD,1210,,
2012,144,65,1,24,PSD,1210,,
2012,144,67,1,24,PSD,1236,,
2012,144,68,1,20,PSD,1236,,
2012,144,69,1,35,PSD,1236,,
2012,144,7,1,19,PSD,1031,,
2012,144,70,1,29,PSD,1236,,
2012,144,71,1,32,PSD,1236,,
2012,144,72,1,22,PSD,1236,,
2012,144,73,1,29,PSD,1236,,
2012,144,74,1,36,PSD,1236,,
2012,144,75,1,40,PSD,1406,,
2012,144,76,1,40,PSD,1406,,
2012,144,77,1,41,PSD,1406,,
2012,144,78,1,43,PSD,1406,,
2012,144,79,1,46,PSD,1406,,
2012,144,8,1,29,PSD,1031,,
2012,144,80,1,26,PSD,1406,,
2012,144,81,1,31,PSD,1236,,
2012,144,82,1,47,PSD,1236,,
2012,144,83,1,51,PSD,1252,,
2012,144,84,1,57,PSD,1252,,
2012,144,85,1,55,PSD,1252,,
2012,144,86,1,64,PSD,1252,,
2012,144,87,1,47,PSD,1252,,
2012,144,88,1,27,PSD,1317,,
2012,144,89,1,35,PSD,1317,,
2012,144,9,1,29,PSD,1031,,
2012,144,90,1,28,PSD,1317,,
2012,144,91,1,74,PSD,1252,,
2012,144,92,1,49,PSD,1252,,
2012,144,93,1,53,PSD,1252,,
2012,144,94,1,36,PSD,1236,,
2012,144,95,1,33,PSD,1236,,
2012,144,96,1,23,PSD,1236,,
2012,144,97,1,27,PSD,1236,,
2012,144,98,1,23,PSD,1236,,
2012,144,99,1,25,PSD,1236,,
2012,199,1,1,20,PSD,1015,,
2012,199,10,1,16,PSD,1031,,
2012,199,100,1,37,PSD,1155,,
2012,199,101,1,36,PSD,1112,,
2012,199,102,1,45,PSD,1198,,
2012,199,103,1,21,PSD,1023,,
2012,199,104,1,34,PSD,1155,,
2012,199,105,1,33,PSD,1244,,
2012,199,106,1,16,PSD,1082,,
2012,199,107,1,51,PSD,1198,,
2012,199,108,1,19,PSD,1082,,
2012,199,109,1,17,PSD,1074,,
2012,199,11,1,24,PSD,1031,,
2012,199,110,1,35,PSD,1155,,
2012,199,111,1,42,PSD,1112,,
2012,199,112,1,22,PSD,1040,,
2012,199,113,1,21,PSD,1031,,
2012,199,114,1,42,PSD,1198,,
2012,199,115,1,28,PSD,1244,,
2012,199,116,1,41,PSD,1090,,
2012,199,117,1,33,PSD,1155,,
2012,199,118,1,27,PSD,1112,,
2012,199,119,1,28,PSD,1066,,
2012,199,12,1,21,PSD,1031,,
2012,199,120,1,21,PSD,1015,,
2012,199,121,1,61,PSD,1198,,
2012,199,122,1,21,PSD,1040,,
2012,199,123,1,27,PSD,1139,,
2012,199,124,1,36,PSD,1082,,
2012,199,125,1,30,PSD,1031,,
2012,199,126,1,48,PSD,1198,,
2012,199,127,1,27,PSD,1090,,
2012,199,129,1,22,PSD,1155,,
2012,199,13,1,30,PSD,1031,,
2012,199,130,1,47,PSD,1198,,
2012,199,131,1,12,PSD,1040,,
2012,199,132,1,56,PSD,1155,,
2012,199,133,1,58,PSD,1198,,
2012,199,135,1,37,PSD,1090,,
2012,199,136,1,29,PSD,1244,,
2012,199,137,1,13,PSD,1040,,
2012,199,138,1,25,PSD,1112,,
2012,199,139,1,57,PSD,1198,,
2012,199,14,1,32,PSD,1040,,
2012,199,140,1,26,PSD,1074,,
2012,199,141,1,24,PSD,1082,,
2012,199,142,1,25,PSD,1201,,
2012,199,143,1,33,PSD,1155,,
2012,199,144,1,31,PSD,1139,,
2012,199,145,1,31,PSD,1090,,
2012,199,146,1,28,PSD,1040,,
2012,199,147,1,46,PSD,1112,,
2012,199,148,1,22,PSD,1031,,
2012,199,149,1,53,PSD,1198,,
2012,199,15,1,23,PSD,1040,,
2012,199,150,1,37,PSD,1066,,
2012,199,151,1,33,PSD,1090,,
2012,199,152,1,36,PSD,1260,,
2012,199,153,1,23,PSD,1252,,
2012,199,154,1,47,PSD,1279,,
2012,199,155,1,44,PSD,1112,,
2012,199,156,1,39,PSD,1155,,
2012,199,157,1,18,PSD,1015,,
2012,199,158,1,34,PSD,1287,,
2012,199,159,1,12,PSD,1040,,
2012,199,16,1,28,PSD,1040,,
2012,199,160,1,39,PSD,1120,,
2012,199,161,1,19,PSD,1260,,
2012,199,162,1,51,PSD,1198,,
2012,199,163,1,35,PSD,1260,,
2012,199,164,1,40,PSD,1295,,
2012,199,165,1,40,PSD,1090,,
2012,199,167,1,34,PSD,1112,,
2012,199,17,1,21,PSD,1040,,
2012,199,18,1,19,PSD,1040,,
2012,199,19,1,28,PSD,1040,,
2012,199,2,1,19,PSD,1015,,
2012,199,20,1,24,PSD,1040,,
2012,199,21,1,24,PSD,1066,,
2012,199,22,1,40,PSD,1066,,
2012,199,23,1,39,PSD,1066,,
2012,199,24,1,24,PSD,1066,,
2012,199,25,1,29,PSD,1074,,
2012,199,26,1,37,PSD,1074,,
2012,199,27,1,32,PSD,1074,,
2012,199,28,1,24,PSD,1074,,
2012,199,29,1,32,PSD,1074,,
2012,199,3,1,31,PSD,1015,,
2012,199,30,1,26,PSD,1082,,
2012,199,31,1,27,PSD,1082,,
2012,199,32,1,32,PSD,1082,,
2012,199,33,1,31,PSD,1082,,
2012,199,34,1,40,PSD,1090,,
2012,199,35,1,47,PSD,1090,,
2012,199,36,1,33,PSD,1090,,
2012,199,37,1,35,PSD,1090,,
2012,199,38,1,39,PSD,1090,,
2012,199,39,1,31,PSD,1090,,
2012,199,4,1,13,PSD,1023,,
2012,199,40,1,41,PSD,1090,,
2012,199,41,1,35,PSD,1090,,
2012,199,42,1,34,PSD,1082,,
2012,199,43,1,25,PSD,1082,,
2012,199,44,1,25,PSD,1082,,
2012,199,45,1,39,PSD,1112,,
2012,199,46,1,25,PSD,1112,,
2012,199,47,1,31,PSD,1112,,
2012,199,48,1,24,PSD,1112,,
2012,199,49,1,46,PSD,1120,,
2012,199,5,1,15,PSD,1023,,
2012,199,50,1,34,PSD,1120,,
2012,199,51,1,35,PSD,1139,,
2012,199,52,1,43,PSD,1139,,
2012,199,53,1,27,PSD,1139,,
2012,199,54,1,25,PSD,1139,,
2012,199,55,1,28,PSD,1139,,
2012,199,56,1,37,PSD,1139,,
2012,199,57,1,36,PSD,1139,,
2012,199,58,1,44,PSD,1120,,
2012,199,59,1,34,PSD,1120,,
2012,199,6,1,23,PSD,1023,,
2012,199,60,1,25,PSD,1120,,
2012,199,61,1,33,PSD,1120,,
2012,199,62,1,31,PSD,1120,,
2012,199,63,1,23,PSD,1120,,
2012,199,64,1,36,PSD,1155,,
2012,199,65,1,23,PSD,1155,,
2012,199,66,1,39,PSD,1155,,
2012,199,67,1,32,PSD,1155,,
2012,199,68,1,19,PSD,1163,,
2012,199,69,1,5,PSD,1163,,
2012,199,7,1,13,PSD,1023,,
2012,199,70,1,16,PSD,1163,,
2012,199,71,1,16,PSD,1171,,
2012,199,72,1,24,PSD,1163,,
2012,199,73,1,20,PSD,1163,,
2012,199,74,1,9,PSD,1163,,
2012,199,75,1,49,PSD,1198,,
2012,199,76,1,50,PSD,1198,,
2012,199,77,1,39,PSD,1201,,
2012,199,78,1,18,PSD,1163,,
2012,199,79,1,28,PSD,1244,,
2012,199,8,1,13,PSD,1023,,
2012,199,80,1,36,PSD,1244,,
2012,199,81,1,35,PSD,1244,,
2012,199,82,1,14,PSD,1252,,
2012,199,83,1,22,PSD,1252,,
2012,199,84,1,27,PSD,1252,,
2012,199,85,1,10,PSD,1252,,
2012,199,86,1,8,PSD,1252,,
2012,199,87,1,12,PSD,1252,,
2012,199,88,1,17,PSD,1015,,
2012,199,89,1,30,PSD,1040,,
2012,199,9,1,28,PSD,1031,,
2012,199,90,1,27,PSD,1082,,
2012,199,91,1,17,PSD,1244,,
2012,199,92,1,34,PSD,1120,,
2012,199,93,1,33,PSD,1201,,
2012,199,94,1,21,PSD,1031,,
2012,199,95,1,19,PSD,1031,,
2012,199,96,1,25,PSD,1040,,
2012,199,97,1,26,PSD,1074,,
2012,199,98,1,33,PSD,1244,,
2012,199,99,1,24,PSD,1082,,
2012,71,1,1,27,PSD,1015,,
2012,71,100,1,24,PSD,1309,,
2012,71,101,1,22,PSD,1309,,
2012,71,102,1,23,PSD,1309,,
2012,71,103,1,16,PSD,1309,,
2012,71,104,1,47,PSD,1317,,
2012,71,105,1,29,PSD,1317,,
2012,71,106,1,33,PSD,1325,,
2012,71,107,1,35,PSD,1325,,
2012,71,108,1,30,PSD,1325,,
2012,71,109,1,32,PSD,1325,,
2012,71,110,1,29,PSD,1325,,
2012,71,111,1,31,PSD,1325,,
2012,71,112,1,36,PSD,1325,,
2012,71,113,1,27,PSD,1325,,
2012,71,114,1,38,PSD,1325,,
2012,71,115,1,28,PSD,1325,,
2012,71,116,1,32,PSD,1333,,
2012,71,117,1,31,PSD,1333,,
2012,71,118,1,39,PSD,1309,,
2012,71,119,1,28,PSD,1309,,
2012,71,120,1,39,PSD,1333,,
2012,71,121,1,27,PSD,1333,,
2012,71,122,1,37,PSD,1333,,
2012,71,123,1,45,PSD,1368,,
2012,71,124,1,21,PSD,1368,,
2012,71,125,1,32,PSD,1368,,
2012,71,130,1,29,PSD,1392,,
2012,71,131,1,25,PSD,1392,,
2012,71,132,1,14,PSD,1392,,
2012,71,133,1,39,PSD,1392,,
2012,71,134,1,15,PSD,1392,,
2012,71,135,1,30,PSD,1392,,
2012,71,136,1,29,PSD,1015,,
2012,71,138,1,25,PSD,1260,,
2012,71,140,1,15,PSD,1244,,
2012,71,142,1,19,PSD,1295,,
2012,71,143,1,26,PSD,1317,,
2012,71,144,1,31,PSD,1325,,
2012,71,145,1,40,PSD,1317,,
2012,71,146,1,34,PSD,1368,,
2012,71,150,1,27,PSD,1333,,
2012,71,151,1,22,PSD,1104,,
2012,71,153,1,16,PSD,1015,,
2012,71,156,1,19,PSD,1309,,
2012,71,157,1,23,PSD,1260,,
2012,71,158,1,25,PSD,1392,,
2012,71,160,1,31,PSD,1333,,
2012,71,161,1,27,PSD,1392,,
2012,71,167,1,24,PSD,1368,,
2012,71,168,1,33,PSD,1244,,
2012,71,171,1,26,PSD,1295,,
2012,71,172,1,36,PSD,1325,,
2012,71,174,1,32,PSD,1333,,
2012,71,175,1,25,PSD,1309,,
2012,71,178,1,21,PSD,1104,,
2012,71,179,1,15,PSD,1392,,
2012,71,182,1,28,PSD,1333,,
2012,71,183,1,24,PSD,1104,,
2012,71,185,1,27,PSD,1244,,
2012,71,186,1,31,PSD,1392,,
2012,71,189,1,30,PSD,1317,,
2012,71,190,1,19,PSD,1260,,
2012,71,191,1,19,PSD,1309,,
2012,71,192,1,24,PSD,1392,,
2012,71,193,1,30,PSD,1325,,
2012,71,194,1,21,PSD,1295,,
2012,71,195,1,28,PSD,1368,,
2012,71,196,1,24,PSD,1392,,
2012,71,197,1,20,PSD,1015,,
2012,71,198,1,27,PSD,1260,,
2012,71,199,1,27,PSD,1317,,
2012,71,2,1,24,PSD,1015,,
2012,71,200,1,30,PSD,1392,,
2012,71,201,1,22,PSD,1260,,
2012,71,202,1,33,PSD,1325,,
2012,71,27,1,29,PSD,1104,,
2012,71,28,1,25,PSD,1104,,
2012,71,29,1,33,PSD,1104,,
2012,71,3,1,23,PSD,1015,,
2012,71,30,1,29,PSD,1104,,
2012,71,31,1,21,PSD,1104,,
2012,71,32,1,36,PSD,1104,,
2012,71,4,1,17,PSD,1015,,
2012,71,5,1,28,PSD,1015,,
2012,71,6,1,9,PSD,1015,,
2012,71,69,1,25,PSD,1244,,
2012,71,70,1,38,PSD,1244,,
2012,71,71,1,32,PSD,1260,,
2012,71,72,1,31,PSD,1260,,
2012,71,73,1,34,PSD,1260,,
2012,71,74,1,32,PSD,1260,,
2012,71,75,1,36,PSD,1368,,
2012,71,76,1,31,PSD,1368,,
2012,71,77,1,43,PSD,1244,,
2012,71,78,1,29,PSD,1244,,
2012,71,79,1,36,PSD,1244,,
2012,71,80,1,59,PSD,1317,,
2012,71,81,1,20,PSD,1317,,
2012,71,82,1,24,PSD,1260,,
2012,71,83,1,27,PSD,1260,,
2012,71,84,1,36,PSD,1260,,
2012,71,85,1,24,PSD,1333,,
2012,71,86,1,33,PSD,1015,,
2012,71,87,1,19,PSD,1015,,
2012,71,88,1,23,PSD,1295,,
2012,71,89,1,27,PSD,1295,,
2012,71,90,1,34,PSD,1295,,
2012,71,91,1,45,PSD,1295,,
2012,71,92,1,40,PSD,1295,,
2012,71,93,1,24,PSD,1295,,
2012,71,94,1,27,PSD,1295,,
2012,71,95,1,25,PSD,1295,,
2012,71,96,1,30,PSD,1295,,
2012,71,97,1,22,PSD,1295,,
2012,71,98,1,31,PSD,1295,,
2012,71,99,1,11,PSD,1295,,
2012,72,1,1,26,PSD,1015,,
2012,72,10,1,32,PSD,1040,,
2012,72,11,1,35,PSD,1040,,
2012,72,113,1,40,PSD,1368,,
2012,72,114,1,35,PSD,1368,,
2012,72,118,1,36,PSD,1040,,
2012,72,12,1,31,PSD,1040,,
2012,72,120,1,34,PSD,1449,,
2012,72,121,1,24,PSD,1015,,
2012,72,122,1,33,PSD,1074,,
2012,72,123,1,30,PSD,1112,,
2012,72,126,1,32,PSD,1180,,
2012,72,13,1,27,PSD,1040,,
2012,72,130,1,31,PSD,1147,,
2012,72,131,1,36,PSD,1449,,
2012,72,132,1,38,PSD,1368,,
2012,72,133,1,21,PSD,1074,,
2012,72,136,1,18,PSD,1112,,
2012,72,137,1,26,PSD,1015,,
2012,72,139,1,28,PSD,1171,,
2012,72,14,1,28,PSD,1040,,
2012,72,143,1,25,PSD,1015,,
2012,72,144,1,21,PSD,1112,,
2012,72,146,1,23,PSD,1171,,
2012,72,147,1,23,PSD,1074,,
2012,72,149,1,22,PSD,1015,,
2012,72,15,1,25,PSD,1040,,
2012,72,150,1,37,PSD,1449,,
2012,72,151,1,30,PSD,1040,,
2012,72,152,1,25,PSD,1040,,
2012,72,156,1,26,PSD,1368,,
2012,72,159,1,21,PSD,1449,,
2012,72,16,1,29,PSD,1015,,
2012,72,160,1,26,PSD,1147,,
2012,72,162,1,24,PSD,1171,,
2012,72,163,1,41,PSD,1449,,
2012,72,164,1,25,PSD,1015,,
2012,72,168,1,28,PSD,1074,,
2012,72,17,1,26,PSD,1015,,
2012,72,173,1,26,PSD,1449,,
2012,72,174,1,29,PSD,1473,,
2012,72,177,1,25,PSD,1015,,
2012,72,178,1,22,PSD,1171,,
2012,72,179,1,44,PSD,1490,,
2012,72,18,1,29,PSD,1449,,
2012,72,181,1,28,PSD,1473,,
2012,72,183,1,30,PSD,1015,,
2012,72,184,1,22,PSD,1147,,
2012,72,185,1,40,PSD,1368,,
2012,72,186,1,21,PSD,1473,,
2012,72,187,1,24,PSD,1473,,
2012,72,188,1,37,PSD,1040,,
2012,72,189,1,34,PSD,1074,,
2012,72,19,1,32,PSD,1449,,
2012,72,190,1,28,PSD,1074,,
2012,72,191,1,31,PSD,1473,,
2012,72,192,1,32,PSD,1449,,
2012,72,193,1,23,PSD,1473,,
2012,72,194,1,41,PSD,1368,,
2012,72,195,1,27,PSD,1449,,
2012,72,196,1,18,PSD,1147,,
2012,72,197,1,21,PSD,1040,,
2012,72,198,1,24,PSD,1180,,
2012,72,199,1,35,PSD,1368,,
2012,72,2,1,27,PSD,1015,,
2012,72,20,1,24,PSD,1449,,
2012,72,200,1,29,PSD,1490,,
2012,72,201,1,24,PSD,1473,,
2012,72,202,1,36,PSD,1074,,
2012,72,203,1,41,PSD,1449,,
2012,72,204,1,26,PSD,1040,,
2012,72,205,1,62,PSD,1368,,
2012,72,206,1,37,PSD,1490,,
2012,72,207,1,28,PSD,1473,,
2012,72,208,1,32,PSD,1180,,
2012,72,209,1,29,PSD,1074,,
2012,72,21,1,30,PSD,1449,,
2012,72,210,1,43,PSD,1074,,
2012,72,211,1,43,PSD,1368,,
2012,72,212,1,45,PSD,1040,,
2012,72,213,1,28,PSD,1147,,
2012,72,214,1,32,PSD,1473,,
2012,72,215,1,25,PSD,1074,,
2012,72,216,1,13,PSD,1490,,
2012,72,217,1,28,PSD,1040,,
2012,72,218,1,16,PSD,1180,,
2012,72,219,1,11,PSD,1074,,
2012,72,22,1,36,PSD,1449,,
2012,72,23,1,16,PSD,1074,,
2012,72,24,1,28,PSD,1074,,
2012,72,25,1,20,PSD,1074,,
2012,72,26,1,35,PSD,1074,,
2012,72,27,1,33,PSD,1449,,
2012,72,28,1,33,PSD,1449,,
2012,72,29,1,23,PSD,1449,,
2012,72,3,1,23,PSD,1015,,
2012,72,30,1,23,PSD,1449,,
2012,72,35,1,21,PSD,1112,,
2012,72,36,1,18,PSD,1112,,
2012,72,37,1,21,PSD,1112,,
2012,72,38,1,23,PSD,1112,,
2012,72,39,1,26,PSD,1112,,
2012,72,4,1,35,PSD,1015,,
2012,72,40,1,23,PSD,1112,,
2012,72,41,1,31,PSD,1112,,
2012,72,42,1,30,PSD,1112,,
2012,72,43,1,21,PSD,1112,,
2012,72,5,1,26,PSD,1015,,
2012,72,52,1,19,PSD,1147,,
2012,72,53,1,27,PSD,1147,,
2012,72,54,1,27,PSD,1074,,
2012,72,55,1,28,PSD,1074,,
2012,72,56,1,33,PSD,1074,,
2012,72,57,1,18,PSD,1112,,
2012,72,58,1,22,PSD,1112,,
2012,72,59,1,21,PSD,1112,,
2012,72,6,1,24,PSD,1015,,
2012,72,60,1,31,PSD,1112,,
2012,72,61,1,15,PSD,1112,,
2012,72,62,1,29,PSD,1112,,
2012,72,63,1,29,PSD,1171,,
2012,72,64,1,10,PSD,1171,,
2012,72,65,1,24,PSD,1171,,
2012,72,66,1,22,PSD,1171,,
2012,72,67,1,18,PSD,1171,,
2012,72,68,1,24,PSD,1180,,
2012,72,69,1,28,PSD,1180,,
2012,72,7,1,25,PSD,1040,,
2012,72,70,1,38,PSD,1180,,
2012,72,71,1,30,PSD,1180,,
2012,72,8,1,23,PSD,1040,,
2012,72,9,1,11,PSD,1040,,
2014,113,1,1,12,PSD,1031,,
2014,113,10,1,17,PSD,1031,,
2014,113,100,1,26,PSD,1236,,
2014,113,101,1,22,PSD,1309,,
2014,113,102,1,22,PSD,1236,,
2014,113,103,1,18,PSD,1163,,
2014,113,104,1,40,PSD,1082,,
2014,113,106,1,43,PSD,1023,,
2014,113,107,1,33,PSD,1384,,
2014,113,108,1,27,PSD,1082,,
2014,113,109,1,27,PSD,1295,,
2014,113,11,1,18,PSD,1082,,
2014,113,110,1,26,PSD,1325,,
2014,113,111,1,14,PSD,1236,,
2014,113,112,1,7,PSD,1201,,
2014,113,113,1,29,PSD,1171,,
2014,113,114,1,23,PSD,1139,,
2014,113,115,1,29,PSD,1384,,
2014,113,116,1,18,PSD,1384,,
2014,113,117,1,23,PSD,1325,,
2014,113,118,1,16,PSD,1201,,
2014,113,119,1,23,PSD,1376,,
2014,113,12,1,23,PSD,1163,,
2014,113,120,1,38,PSD,1171,,
2014,113,121,1,30,PSD,1295,,
2014,113,122,1,21,PSD,1309,,
2014,113,123,1,17,PSD,1236,,
2014,113,124,1,29,PSD,1325,,
2014,113,125,1,23,PSD,1309,,
2014,113,126,1,52,PSD,1350,,
2014,113,13,1,32,PSD,1163,,
2014,113,14,1,31,PSD,1171,,
2014,113,15,1,45,PSD,1171,,
2014,113,16,1,34,PSD,1171,,
2014,113,17,1,30,PSD,1082,,
2014,113,18,1,40,PSD,1082,,
2014,113,19,1,35,PSD,1082,,
2014,113,2,1,41,PSD,1023,,
2014,113,20,1,36,PSD,1082,,
2014,113,21,1,31,PSD,1082,,
2014,113,22,1,18,PSD,1082,,
2014,113,23,1,19,PSD,1082,,
2014,113,24,1,18,PSD,1163,,
2014,113,26,1,24,PSD,1031,,
2014,113,27,1,23,PSD,1236,,
2014,113,28,1,17,PSD,1139,,
2014,113,29,1,27,PSD,1139,,
2014,113,3,1,32,PSD,1023,,
2014,113,30,1,26,PSD,1139,,
2014,113,31,1,12,PSD,1139,,
2014,113,32,1,36,PSD,1139,,
2014,113,34,1,9,PSD,1031,,
2014,113,35,1,40,PSD,1384,,
2014,113,36,1,14,PSD,1163,,
2014,113,37,1,13,PSD,1163,,
2014,113,38,1,20,PSD,1163,,
2014,113,39,1,30,PSD,1171,,
2014,113,4,1,36,PSD,1023,,
2014,113,40,1,21,PSD,1171,,
2014,113,41,1,34,PSD,1171,,
2014,113,42,1,38,PSD,1171,,
2014,113,43,1,27,PSD,1163,,
2014,113,44,1,18,PSD,1163,,
2014,113,45,1,19,PSD,1236,,
2014,113,46,1,36,PSD,1201,,
2014,113,47,1,28,PSD,1236,,
2014,113,48,1,32,PSD,1236,,
2014,113,5,1,13,PSD,1031,,
2014,113,50,1,13,PSD,1236,,
2014,113,51,1,15,PSD,1236,,
2014,113,52,1,27,PSD,1236,,
2014,113,53,1,23,PSD,1236,,
2014,113,54,1,15,PSD,1236,,
2014,113,55,1,18,PSD,1236,,
2014,113,56,1,21,PSD,1236,,
2014,113,57,1,26,PSD,1384,,
2014,113,58,1,32,PSD,1384,,
2014,113,59,1,32,PSD,1384,,
2014,113,6,1,13,PSD,1031,,
2014,113,60,1,32,PSD,1384,,
2014,113,61,1,24,PSD,1163,,
2014,113,62,1,9,PSD,1031,,
2014,113,63,1,41,PSD,1295,,
2014,113,64,1,38,PSD,1295,,
2014,113,65,1,45,PSD,1295,,
2014,113,66,1,28,PSD,1309,,
2014,113,67,1,24,PSD,1309,,
2014,113,68,1,22,PSD,1309,,
2014,113,69,1,19,PSD,1309,,
2014,113,7,1,24,PSD,1031,,
2014,113,70,1,35,PSD,1309,,
2014,113,71,1,42,PSD,1325,,
2014,113,72,1,38,PSD,1325,,
2014,113,73,1,38,PSD,1325,,
2014,113,74,1,24,PSD,1082,,
2014,113,75,1,32,PSD,1082,,
2014,113,76,1,42,PSD,1350,,
2014,113,77,1,45,PSD,1350,,
2014,113,78,1,28,PSD,1376,,
2014,113,79,1,26,PSD,1376,,
2014,113,8,1,26,PSD,1031,,
2014,113,80,1,25,PSD,1376,,
2014,113,81,1,28,PSD,1376,,
2014,113,82,1,22,PSD,1376,,
2014,113,83,1,30,PSD,1376,,
2014,113,84,1,24,PSD,1376,,
2014,113,85,1,28,PSD,1376,,
2014,113,86,1,17,PSD,1376,,
2014,113,87,1,32,PSD,1171,,
2014,113,88,1,30,PSD,1295,,
2014,113,89,1,14,PSD,1031,,
2014,113,90,1,23,PSD,1031,,
2014,113,91,1,30,PSD,1171,,
2014,113,92,1,19,PSD,1163,,
2014,113,94,1,47,PSD,1350,,
2014,113,95,1,21,PSD,1201,,
2014,113,96,1,29,PSD,1325,,
2014,113,97,1,27,PSD,1082,,
2014,113,98,1,18,PSD,1309,,
2014,113,99,1,32,PSD,1171,,
2014,114,1,1,31,PSD,1090,,
2014,114,10,1,31,PSD,1082,,
2014,114,106,1,46,PSD,1538,,
2014,114,107,1,46,PSD,1538,,
2014,114,108,1,39,PSD,1546,,
2014,114,109,1,59,PSD,1546,,
2014,114,117,1,39,PSD,1597,,
2014,114,118,1,39,PSD,1597,,
2014,114,119,1,38,PSD,1597,,
2014,114,12,1,40,PSD,1090,,
2014,114,120,1,34,PSD,1597,,
2014,114,121,1,32,PSD,1597,,
2014,114,122,1,32,PSD,1600,,
2014,114,123,1,32,PSD,1600,,
2014,114,124,1,41,PSD,1600,,
2014,114,125,1,37,PSD,1600,,
2014,114,126,1,42,PSD,1600,,
2014,114,127,1,9,PSD,1082,,
2014,114,128,1,40,PSD,1635,,
2014,114,129,1,28,PSD,1635,,
2014,114,13,1,49,PSD,1090,,
2014,114,130,1,47,PSD,1635,,
2014,114,131,1,41,PSD,1635,,
2014,114,132,1,35,PSD,1635,,
2014,114,133,1,46,PSD,1635,,
2014,114,134,1,34,PSD,1635,,
2014,114,135,1,17,PSD,1643,,
2014,114,136,1,22,PSD,1643,,
2014,114,137,1,21,PSD,1643,,
2014,114,138,1,29,PSD,1660,,
2014,114,14,1,44,PSD,1090,,
2014,114,148,1,20,PSD,1716,,
2014,114,149,1,44,PSD,1716,,
2014,114,15,1,33,PSD,1090,,
2014,114,150,1,28,PSD,1716,,
2014,114,151,1,24,PSD,1716,,
2014,114,152,1,24,PSD,1732,,
2014,114,153,1,29,PSD,1732,,
2014,114,154,1,17,PSD,1732,,
2014,114,181,1,15,PSD,1333,,
2014,114,182,1,16,PSD,1660,,
2014,114,186,1,22,PSD,1090,,
2014,114,189,1,39,PSD,1279,,
2014,114,199,1,24,PSD,1333,,
2014,114,2,1,31,PSD,1090,,
2014,114,200,1,29,PSD,1090,,
2014,114,202,1,38,PSD,1600,,
2014,114,203,1,31,PSD,1635,,
2014,114,209,1,29,PSD,1090,,
2014,114,210,1,37,PSD,1597,,
2014,114,211,1,21,PSD,1333,,
2014,114,217,1,41,PSD,1635,,
2014,114,218,1,23,PSD,1082,,
2014,114,219,1,17,PSD,1082,,
2014,114,225,1,42,PSD,1546,,
2014,114,227,1,12,PSD,1082,,
2014,114,232,1,28,PSD,1643,,
2014,114,235,1,17,PSD,1082,,
2014,114,241,1,25,PSD,1716,,
2014,114,246,1,33,PSD,1635,,
2014,114,248,1,19,PSD,1643,,
2014,114,249,1,26,PSD,1090,,
2014,114,251,1,18,PSD,1538,,
2014,114,254,1,22,PSD,1643,,
2014,114,255,1,21,PSD,1333,,
2014,114,256,1,34,PSD,1600,,
2014,114,259,1,33,PSD,1635,,
2014,114,26,1,37,PSD,1333,,
2014,114,260,1,8,PSD,1660,,
2014,114,267,1,47,PSD,1546,,
2014,114,268,1,33,PSD,1279,,
2014,114,269,1,36,PSD,1600,,
2014,114,270,1,31,PSD,1716,,
2014,114,271,1,41,PSD,1635,,
2014,114,272,1,40,PSD,1090,,
2014,114,273,1,39,PSD,1546,,
2014,114,3,1,25,PSD,1082,,
2014,114,48,1,40,PSD,1279,,
2014,114,49,1,30,PSD,1279,,
2014,114,5,1,29,PSD,1090,,
2014,114,50,1,36,PSD,1279,,
2014,114,6,1,25,PSD,1090,,
2014,114,65,1,35,PSD,1333,,
2014,114,67,1,23,PSD,1333,,
2014,114,69,1,40,PSD,1333,,
2014,114,7,1,38,PSD,1090,,
2014,114,71,1,21,PSD,1333,,
2014,114,8,1,42,PSD,1082,,
2014,114,87,1,22,PSD,1333,,
2014,115,100,1,59,PSD,1414,,
2014,115,101,1,56,PSD,1414,,
2014,115,102,1,42,PSD,1457,,
2014,115,103,1,45,PSD,1457,,
2014,115,104,1,38,PSD,1457,,
2014,115,105,1,31,PSD,1457,,
2014,115,106,1,27,PSD,1457,,
2014,115,107,1,49,PSD,1589,,
2014,115,108,1,43,PSD,1589,,
2014,115,109,1,50,PSD,1589,,
2014,115,110,1,52,PSD,1589,,
2014,115,111,1,64,PSD,1465,,
2014,115,112,1,45,PSD,1465,,
2014,115,113,1,63,PSD,1465,,
2014,115,114,1,45,PSD,1465,,
2014,115,115,1,33,PSD,1473,,
2014,115,116,1,40,PSD,1473,,
2014,115,117,1,35,PSD,1473,,
2014,115,118,1,49,PSD,1473,,
2014,115,119,1,34,PSD,1473,,
2014,115,120,1,33,PSD,1473,,
2014,115,121,1,40,PSD,1473,,
2014,115,122,1,33,PSD,1481,,
2014,115,123,1,46,PSD,1481,,
2014,115,124,1,30,PSD,1481,,
2014,115,125,1,31,PSD,1481,,
2014,115,126,1,36,PSD,1481,,
2014,115,127,1,44,PSD,1481,,
2014,115,128,1,59,PSD,1490,,
2014,115,129,1,26,PSD,1490,,
2014,115,130,1,35,PSD,1503,,
2014,115,131,1,33,PSD,1503,,
2014,115,132,1,42,PSD,1503,,
2014,115,133,1,52,PSD,1554,,
2014,115,134,1,47,PSD,1554,,
2014,115,135,1,45,PSD,1554,,
2014,115,136,1,54,PSD,1538,,
2014,115,137,1,68,PSD,1538,,
2014,115,138,1,37,PSD,1457,,
2014,115,139,1,58,PSD,1554,,
2014,115,140,1,61,PSD,1554,,
2014,115,141,1,62,PSD,1554,,
2014,115,147,1,32,PSD,1473,,
2014,115,153,1,49,PSD,1490,,
2014,115,155,1,36,PSD,1589,,
2014,115,158,1,58,PSD,1465,,
2014,115,159,1,46,PSD,1481,,
2014,115,167,1,58,PSD,1538,,
2014,115,169,1,42,PSD,1414,,
2014,115,171,1,46,PSD,1457,,
2014,115,172,1,70,PSD,1554,,
2014,115,173,1,51,PSD,1406,,
2014,115,175,1,39,PSD,1503,,
2014,115,179,1,59,PSD,1414,,
2014,115,182,1,39,PSD,1473,,
2014,115,183,1,33,PSD,1457,,
2014,115,185,1,55,PSD,1481,,
2014,115,186,1,37,PSD,1406,,
2014,115,192,1,32,PSD,1457,,
2014,115,195,1,60,PSD,1465,,
2014,115,199,1,47,PSD,1406,,
2014,115,200,1,34,PSD,1473,,
2014,115,205,1,52,PSD,1481,,
2014,115,206,1,40,PSD,1384,,
2014,115,209,1,39,PSD,1406,,
2014,115,210,1,47,PSD,1538,,
2014,115,211,1,57,PSD,1465,,
2014,115,212,1,44,PSD,1465,,
2014,115,213,1,50,PSD,1406,,
2014,115,214,1,33,PSD,1457,,
2014,115,215,1,48,PSD,1503,,
2014,115,216,1,36,PSD,1473,,
2014,115,217,1,49,PSD,1384,,
2014,115,219,1,37,PSD,1406,,
2014,115,220,1,99,PSD,1597,,
2014,115,221,1,76,PSD,1597,,
2014,115,222,1,100,PSD,1597,,
2014,115,223,1,101,PSD,1597,,
2014,115,224,1,110,PSD,1597,,
2014,115,225,1,55,PSD,1406,,
2014,115,226,1,91,PSD,1597,,
2014,115,83,1,45,PSD,1465,,
2014,115,84,1,25,PSD,1384,,
2014,115,85,1,52,PSD,1384,,
2014,115,86,1,54,PSD,1554,,
2014,115,87,1,48,PSD,1554,,
2014,115,88,1,40,PSD,1406,,
2014,115,89,1,44,PSD,1406,,
2014,115,90,1,52,PSD,1406,,
2014,115,91,1,52,PSD,1406,,
2014,115,92,1,49,PSD,1406,,
2014,115,93,1,47,PSD,1406,,
2014,115,94,1,47,PSD,1414,,
2014,115,95,1,54,PSD,1414,,
2014,115,96,1,23,PSD,1422,,
2014,115,97,1,33,PSD,1422,,
2014,115,98,1,20,PSD,1422,,
2014,140,1,1,32,PSD,1015,,
2014,140,11,1,33,PSD,1031,,
2014,140,13,1,19,PSD,1031,,
2014,140,14,1,44,PSD,1040,,
2014,140,15,1,38,PSD,1040,,
2014,140,16,1,38,PSD,1082,,
2014,140,17,1,46,PSD,1082,,
2014,140,18,1,26,PSD,1066,,
2014,140,19,1,18,PSD,1066,,
2014,140,20,1,22,PSD,1074,,
2014,140,21,1,37,PSD,1074,,
2014,140,22,1,25,PSD,1074,,
2014,140,23,1,30,PSD,1074,,
2014,140,24,1,31,PSD,1082,,
2014,140,25,1,43,PSD,1082,,
2014,140,26,1,26,PSD,1082,,
2014,140,27,1,28,PSD,1082,,
2014,140,28,1,29,PSD,1082,,
2014,140,29,1,40,PSD,1090,,
2014,140,3,1,32,PSD,1015,,
2014,140,30,1,28,PSD,1090,,
2014,140,31,1,36,PSD,1090,,
2014,140,32,1,40,PSD,1090,,
2014,140,33,1,41,PSD,1090,,
2014,140,34,1,29,PSD,1090,,
2014,140,35,1,37,PSD,1090,,
2014,140,36,1,31,PSD,1090,,
2014,140,37,1,31,PSD,1155,,
2014,140,39,1,30,PSD,1155,,
2014,140,40,1,37,PSD,1120,,
2014,140,41,1,44,PSD,1120,,
2014,140,42,1,50,PSD,1120,,
2014,140,43,1,49,PSD,1120,,
2014,140,44,1,59,PSD,1120,,
2014,140,45,1,57,PSD,1120,,
2014,140,46,1,42,PSD,1120,,
2014,140,47,1,38,PSD,1120,,
2014,140,48,1,51,PSD,1120,,
2014,140,49,1,45,PSD,1120,,
2014,140,5,1,44,PSD,1023,,
2014,140,50,1,47,PSD,1120,,
2014,140,51,1,48,PSD,1120,,
2014,140,52,1,28,PSD,1139,,
2014,140,53,1,25,PSD,1139,,
2014,140,54,1,22,PSD,1139,,
2014,140,55,1,21,PSD,1139,,
2014,140,56,1,21,PSD,1139,,
2014,140,57,1,21,PSD,1139,,
2014,140,58,1,23,PSD,1139,,
2014,140,59,1,18,PSD,1139,,
2014,140,60,1,19,PSD,1139,,
2014,140,61,1,15,PSD,1139,,
2014,140,62,1,17,PSD,1139,,
2014,140,63,1,19,PSD,1139,,
2014,140,64,1,32,PSD,1139,,
2014,140,65,1,21,PSD,1139,,
2014,140,66,1,22,PSD,1139,,
2014,140,67,1,70,PSD,1120,,
2014,140,68,1,54,PSD,1120,,
2014,140,69,1,45,PSD,1120,,
2014,140,7,1,35,PSD,1023,,
2014,140,70,1,45,PSD,1120,,
2014,140,71,1,41,PSD,1120,,
2014,140,73,1,14,PSD,1155,,
2014,140,75,1,26,PSD,1155,,
2014,140,77,1,47,PSD,1163,,
2014,140,78,1,61,PSD,1163,,
2014,140,79,1,47,PSD,1163,,
2014,140,80,1,27,PSD,1155,,
2014,140,82,1,26,PSD,1155,,
2014,140,84,1,42,PSD,1155,,
2014,140,87,1,29,PSD,1040,,
2014,140,88,1,42,PSD,1082,,
2014,140,89,1,14,PSD,1074,,
2014,140,9,1,42,PSD,1023,,
2014,140,90,1,57,PSD,1163,,
2014,140,91,1,45,PSD,1066,,
2014,140,92,1,48,PSD,1074,,
2014,142,1,1,21,PSD,1015,,
2014,142,10,1,35,PSD,1058,,
2014,142,100,1,36,PSD,1201,,
2014,142,101,1,38,PSD,1201,,
2014,142,102,1,35,PSD,1201,,
2014,142,103,1,45,PSD,1201,,
2014,142,104,1,28,PSD,1201,,
2014,142,105,1,45,PSD,1201,,
2014,142,106,1,40,PSD,1201,,
2014,142,107,1,62,PSD,1210,,
2014,142,108,1,42,PSD,1210,,
2014,142,109,1,58,PSD,1210,,
2014,142,11,1,23,PSD,1058,,
2014,142,110,1,40,PSD,1244,,
2014,142,111,1,31,PSD,1244,,
2014,142,112,1,45,PSD,1244,,
2014,142,113,1,45,PSD,1244,,
2014,142,114,1,39,PSD,1244,,
2014,142,115,1,32,PSD,1210,,
2014,142,116,1,47,PSD,1210,,
2014,142,117,1,45,PSD,1210,,
2014,142,118,1,30,PSD,1210,,
2014,142,119,1,29,PSD,1244,,
2014,142,12,1,21,PSD,1058,,
2014,142,120,1,42,PSD,1244,,
2014,142,121,1,40,PSD,1244,,
2014,142,122,1,36,PSD,1244,,
2014,142,123,1,40,PSD,1244,,
2014,142,124,1,38,PSD,1244,,
2014,142,125,1,34,PSD,1244,,
2014,142,126,1,54,PSD,1252,,
2014,142,127,1,40,PSD,1252,,
2014,142,128,1,29,PSD,1252,,
2014,142,129,1,31,PSD,1252,,
2014,142,13,1,24,PSD,1058,,
2014,142,130,1,34,PSD,1260,,
2014,142,131,1,50,PSD,1260,,
2014,142,132,1,52,PSD,1260,,
2014,142,133,1,36,PSD,1260,,
2014,142,134,1,45,PSD,1260,,
2014,142,135,1,24,PSD,1260,,
2014,142,136,1,40,PSD,1260,,
2014,142,137,1,51,PSD,1252,,
2014,142,138,1,53,PSD,1252,,
2014,142,139,1,39,PSD,1252,,
2014,142,14,1,40,PSD,1058,,
2014,142,140,1,47,PSD,1090,,
2014,142,141,1,45,PSD,1090,,
2014,142,142,1,53,PSD,1180,,
2014,142,143,1,41,PSD,1112,,
2014,142,144,1,24,PSD,1244,,
2014,142,145,1,44,PSD,1201,,
2014,142,146,1,42,PSD,1031,,
2014,142,147,1,42,PSD,1244,,
2014,142,148,1,33,PSD,1244,,
2014,142,149,1,54,PSD,1279,,
2014,142,15,1,28,PSD,1058,,
2014,142,150,1,71,PSD,1198,,
2014,142,151,1,54,PSD,1279,,
2014,142,152,1,53,PSD,1198,,
2014,142,153,1,63,PSD,1279,,
2014,142,154,1,50,PSD,1031,,
2014,142,155,1,33,PSD,1112,,
2014,142,157,1,61,PSD,1198,,
2014,142,158,1,41,PSD,1112,,
2014,142,159,1,74,PSD,1279,,
2014,142,16,1,29,PSD,1058,,
2014,142,160,1,60,PSD,1180,,
2014,142,161,1,57,PSD,1210,,
2014,142,162,1,35,PSD,1112,,
2014,142,17,1,32,PSD,1058,,
2014,142,18,1,39,PSD,1058,,
2014,142,19,1,30,PSD,1058,,
2014,142,2,1,38,PSD,1015,,
2014,142,20,1,38,PSD,1058,,
2014,142,3,1,26,PSD,1058,,
2014,142,4,1,64,PSD,1058,,
2014,142,5,1,29,PSD,1031,,
2014,142,50,1,46,PSD,1090,,
2014,142,51,1,25,PSD,1090,,
2014,142,52,1,38,PSD,1090,,
2014,142,53,1,40,PSD,1090,,
2014,142,54,1,53,PSD,1090,,
2014,142,55,1,53,PSD,1090,,
2014,142,56,1,49,PSD,1090,,
2014,142,57,1,30,PSD,1090,,
2014,142,58,1,36,PSD,1058,,
2014,142,6,1,56,PSD,1031,,
2014,142,60,1,34,PSD,1058,,
2014,142,61,1,43,PSD,1112,,
2014,142,62,1,42,PSD,1112,,
2014,142,63,1,49,PSD,1112,,
2014,142,64,1,53,PSD,1112,,
2014,142,65,1,38,PSD,1112,,
2014,142,71,1,39,PSD,1015,,
2014,142,72,1,32,PSD,1015,,
2014,142,73,1,36,PSD,1058,,
2014,142,74,1,38,PSD,1058,,
2014,142,88,1,54,PSD,1180,,
2014,142,89,1,48,PSD,1180,,
2014,142,90,1,51,PSD,1180,,
2014,142,91,1,46,PSD,1180,,
2014,142,92,1,49,PSD,1180,,
2014,142,93,1,56,PSD,1180,,
2014,142,94,1,38,PSD,1180,,
2014,142,95,1,39,PSD,1180,,
2014,142,96,1,51,PSD,1198,,
2014,142,97,1,58,PSD,1198,,
2014,142,98,1,58,PSD,1198,,
2014,142,99,1,67,PSD,1198,,
2014,143,1,1,39,PSD,1066,,
2014,143,10,1,32,PSD,1147,,
2014,143,100,1,47,PSD,1180,,
2014,143,101,1,48,PSD,1074,,
2014,143,102,1,42,PSD,1058,,
2014,143,103,1,34,PSD,1058,,
2014,143,104,1,49,PSD,1198,,
2014,143,105,1,56,PSD,1058,,
2014,143,106,1,16,PSD,1180,,
2014,143,11,1,35,PSD,1147,,
2014,143,12,1,50,PSD,1112,,
2014,143,14,1,51,PSD,1112,,
2014,143,15,1,35,PSD,1058,,
2014,143,16,1,44,PSD,1058,,
2014,143,17,1,26,PSD,1058,,
2014,143,18,1,60,PSD,1066,,
2014,143,19,1,45,PSD,1066,,
2014,143,2,1,41,PSD,1066,,
2014,143,20,1,26,PSD,1074,,
2014,143,21,1,44,PSD,1074,,
2014,143,22,1,36,PSD,1074,,
2014,143,23,1,40,PSD,1074,,
2014,143,24,1,32,PSD,1074,,
2014,143,25,1,43,PSD,1074,,
2014,143,26,1,25,PSD,1074,,
2014,143,27,1,38,PSD,1074,,
2014,143,28,1,51,PSD,1082,,
2014,143,29,1,48,PSD,1082,,
2014,143,3,1,46,PSD,1066,,
2014,143,30,1,56,PSD,1082,,
2014,143,31,1,53,PSD,1082,,
2014,143,32,1,34,PSD,1198,,
2014,143,33,1,42,PSD,1198,,
2014,143,34,1,18,PSD,1198,,
2014,143,35,1,62,PSD,1120,,
2014,143,36,1,48,PSD,1147,,
2014,143,37,1,42,PSD,1147,,
2014,143,38,1,47,PSD,1147,,
2014,143,4,1,32,PSD,1058,,
2014,143,40,1,41,PSD,1112,,
2014,143,42,1,40,PSD,1112,,
2014,143,44,1,49,PSD,1120,,
2014,143,45,1,46,PSD,1120,,
2014,143,46,1,67,PSD,1120,,
2014,143,47,1,63,PSD,1120,,
2014,143,48,1,64,PSD,1120,,
2014,143,49,1,58,PSD,1120,,
2014,143,5,1,39,PSD,1058,,
2014,143,50,1,56,PSD,1120,,
2014,143,51,1,44,PSD,1120,,
2014,143,52,1,61,PSD,1120,,
2014,143,53,1,50,PSD,1120,,
2014,143,54,1,31,PSD,1112,,
2014,143,55,1,31,PSD,1112,,
2014,143,56,1,30,PSD,1112,,
2014,143,57,1,23,PSD,1112,,
2014,143,58,1,33,PSD,1147,,
2014,143,59,1,38,PSD,1147,,
2014,143,6,1,38,PSD,1058,,
2014,143,60,1,33,PSD,1147,,
2014,143,61,1,34,PSD,1147,,
2014,143,62,1,48,PSD,1147,,
2014,143,63,1,32,PSD,1112,,
2014,143,64,1,19,PSD,1112,,
2014,143,65,1,25,PSD,1163,,
2014,143,66,1,38,PSD,1163,,
2014,143,67,1,37,PSD,1163,,
2014,143,68,1,36,PSD,1163,,
2014,143,69,1,38,PSD,1163,,
2014,143,7,1,30,PSD,1147,,
2014,143,70,1,34,PSD,1163,,
2014,143,71,1,29,PSD,1163,,
2014,143,72,1,34,PSD,1163,,
2014,143,73,1,38,PSD,1163,,
2014,143,74,1,38,PSD,1163,,
2014,143,75,1,42,PSD,1163,,
2014,143,76,1,23,PSD,1163,,
2014,143,77,1,34,PSD,1163,,
2014,143,78,1,73,PSD,1120,,
2014,143,79,1,59,PSD,1120,,
2014,143,8,1,28,PSD,1147,,
2014,143,80,1,59,PSD,1120,,
2014,143,81,1,25,PSD,1180,,
2014,143,82,1,39,PSD,1180,,
2014,143,83,1,45,PSD,1180,,
2014,143,84,1,44,PSD,1180,,
2014,143,85,1,32,PSD,1180,,
2014,143,86,1,26,PSD,1147,,
2014,143,87,1,28,PSD,1074,,
2014,143,88,1,61,PSD,1120,,
2014,143,89,1,33,PSD,1082,,
2014,143,9,1,34,PSD,1147,,
2014,143,90,1,45,PSD,1112,,
2014,143,91,1,34,PSD,1058,,
2014,143,92,1,34,PSD,1198,,
2014,143,93,1,24,PSD,1066,,
2014,143,94,1,27,PSD,1147,,
2014,143,96,1,35,PSD,1074,,
2014,143,97,1,38,PSD,1198,,
2014,143,98,1,42,PSD,1082,,
2014,143,99,1,26,PSD,1058,,
2014,144,1,1,49,PSD,1171,,
2014,144,10,1,52,PSD,1031,,
2014,144,100,1,64,PSD,1236,,
2014,144,101,1,52,PSD,1236,,
2014,144,102,1,46,PSD,1236,,
2014,144,103,1,32,PSD,1236,,
2014,144,104,1,33,PSD,1236,,
2014,144,105,1,53,PSD,1317,,
2014,144,106,1,43,PSD,1317,,
2014,144,107,1,61,PSD,1350,,
2014,144,108,1,45,PSD,1236,,
2014,144,109,1,29,PSD,1236,,
2014,144,11,1,41,PSD,1031,,
2014,144,110,1,31,PSD,1236,,
2014,144,111,1,66,PSD,1350,,
2014,144,112,1,75,PSD,1350,,
2014,144,113,1,54,PSD,1252,,
2014,144,114,1,58,PSD,1252,,
2014,144,115,1,53,PSD,1252,,
2014,144,116,1,50,PSD,1210,,
2014,144,117,1,53,PSD,1210,,
2014,144,118,1,48,PSD,1210,,
2014,144,119,1,52,PSD,1210,,
2014,144,12,1,36,PSD,1201,,
2014,144,120,1,47,PSD,1210,,
2014,144,121,1,52,PSD,1210,,
2014,144,122,1,16,PSD,1023,,
2014,144,123,1,34,PSD,1171,,
2014,144,124,1,24,PSD,1090,,
2014,144,125,1,44,PSD,1236,,
2014,144,126,1,39,PSD,1252,,
2014,144,127,1,50,PSD,1210,,
2014,144,128,1,45,PSD,1236,,
2014,144,129,1,27,PSD,1236,,
2014,144,13,1,32,PSD,1031,,
2014,144,130,1,35,PSD,1104,,
2014,144,131,1,55,PSD,1031,,
2014,144,134,1,32,PSD,1163,,
2014,144,135,1,57,PSD,1252,,
2014,144,136,1,62,PSD,1210,,
2014,144,14,1,40,PSD,1031,,
2014,144,15,1,34,PSD,1031,,
2014,144,16,1,45,PSD,1112,,
2014,144,17,1,53,PSD,1112,,
2014,144,18,1,35,PSD,1171,,
2014,144,19,1,39,PSD,1171,,
2014,144,2,1,37,PSD,1023,,
2014,144,20,1,34,PSD,1082,,
2014,144,22,1,45,PSD,1082,,
2014,144,23,1,39,PSD,1090,,
2014,144,24,1,37,PSD,1090,,
2014,144,25,1,37,PSD,1090,,
2014,144,26,1,39,PSD,1090,,
2014,144,27,1,65,PSD,1104,,
2014,144,28,1,36,PSD,1104,,
2014,144,29,1,57,PSD,1104,,
2014,144,3,1,30,PSD,1023,,
2014,144,30,1,59,PSD,1104,,
2014,144,31,1,41,PSD,1104,,
2014,144,32,1,53,PSD,1104,,
2014,144,33,1,53,PSD,1104,,
2014,144,34,1,19,PSD,1112,,
2014,144,35,1,45,PSD,1112,,
2014,144,36,1,32,PSD,1112,,
2014,144,39,1,29,PSD,1090,,
2014,144,4,1,39,PSD,1023,,
2014,144,40,1,21,PSD,1090,,
2014,144,42,1,33,PSD,1082,,
2014,144,44,1,38,PSD,1163,,
2014,144,45,1,34,PSD,1163,,
2014,144,46,1,41,PSD,1163,,
2014,144,47,1,45,PSD,1163,,
2014,144,48,1,42,PSD,1163,,
2014,144,49,1,41,PSD,1163,,
2014,144,5,1,49,PSD,1031,,
2014,144,50,1,41,PSD,1163,,
2014,144,51,1,41,PSD,1163,,
2014,144,52,1,39,PSD,1171,,
2014,144,53,1,56,PSD,1171,,
2014,144,54,1,50,PSD,1171,,
2014,144,55,1,53,PSD,1201,,
2014,144,57,1,69,PSD,1104,,
2014,144,58,1,54,PSD,1104,,
2014,144,59,1,44,PSD,1104,,
2014,144,6,1,33,PSD,1031,,
2014,144,60,1,31,PSD,1201,,
2014,144,62,1,78,PSD,1210,,
2014,144,63,1,58,PSD,1210,,
2014,144,64,1,55,PSD,1210,,
2014,144,65,1,49,PSD,1210,,
2014,144,67,1,39,PSD,1236,,
2014,144,68,1,42,PSD,1236,,
2014,144,69,1,44,PSD,1236,,
2014,144,7,1,42,PSD,1031,,
2014,144,70,1,43,PSD,1236,,
2014,144,71,1,46,PSD,1236,,
2014,144,72,1,40,PSD,1236,,
2014,144,73,1,45,PSD,1236,,
2014,144,74,1,35,PSD,1236,,
2014,144,75,1,31,PSD,1406,,
2014,144,76,1,41,PSD,1406,,
2014,144,77,1,42,PSD,1406,,
2014,144,78,1,51,PSD,1406,,
2014,144,79,1,43,PSD,1406,,
2014,144,8,1,38,PSD,1031,,
2014,144,80,1,26,PSD,1406,,
2014,144,81,1,41,PSD,1236,,
2014,144,82,1,42,PSD,1236,,
2014,144,83,1,43,PSD,1252,,
2014,144,84,1,44,PSD,1252,,
2014,144,85,1,49,PSD,1252,,
2014,144,86,1,61,PSD,1252,,
2014,144,87,1,48,PSD,1252,,
2014,144,88,1,57,PSD,1317,,
2014,144,89,1,47,PSD,1317,,
2014,144,9,1,44,PSD,1031,,
2014,144,90,1,49,PSD,1317,,
2014,144,91,1,40,PSD,1252,,
2014,144,92,1,54,PSD,1252,,
2014,144,93,1,72,PSD,1252,,
2014,144,94,1,51,PSD,1236,,
2014,144,95,1,39,PSD,1236,,
2014,144,96,1,34,PSD,1236,,
2014,144,97,1,37,PSD,1236,,
2014,144,98,1,37,PSD,1236,,
2014,144,99,1,50,PSD,1236,,
2014,199,1,1,19,PSD,1015,,
2014,199,10,1,55,PSD,1031,,
2014,199,100,1,47,PSD,1155,,
2014,199,101,1,41,PSD,1112,,
2014,199,102,1,49,PSD,1198,,
2014,199,103,1,30,PSD,1023,,
2014,199,104,1,59,PSD,1155,,
2014,199,105,1,43,PSD,1244,,
2014,199,106,1,41,PSD,1082,,
2014,199,107,1,47,PSD,1198,,
2014,199,109,1,35,PSD,1074,,
2014,199,11,1,36,PSD,1031,,
2014,199,110,1,42,PSD,1155,,
2014,199,111,1,35,PSD,1112,,
2014,199,113,1,42,PSD,1031,,
2014,199,114,1,38,PSD,1198,,
2014,199,115,1,55,PSD,1244,,
2014,199,116,1,36,PSD,1090,,
2014,199,117,1,33,PSD,1155,,
2014,199,118,1,46,PSD,1112,,
2014,199,119,1,55,PSD,1066,,
2014,199,12,1,41,PSD,1031,,
2014,199,120,1,40,PSD,1015,,
2014,199,121,1,41,PSD,1198,,
2014,199,123,1,44,PSD,1139,,
2014,199,124,1,50,PSD,1082,,
2014,199,125,1,32,PSD,1031,,
2014,199,126,1,52,PSD,1198,,
2014,199,127,1,29,PSD,1090,,
2014,199,129,1,45,PSD,1155,,
2014,199,13,1,41,PSD,1031,,
2014,199,130,1,49,PSD,1198,,
2014,199,132,1,35,PSD,1155,,
2014,199,133,1,49,PSD,1198,,
2014,199,135,1,36,PSD,1090,,
2014,199,136,1,56,PSD,1244,,
2014,199,138,1,36,PSD,1112,,
2014,199,139,1,36,PSD,1198,,
2014,199,140,1,39,PSD,1074,,
2014,199,142,1,39,PSD,1317,,
2014,199,143,1,56,PSD,1155,,
2014,199,144,1,42,PSD,1139,,
2014,199,145,1,27,PSD,1090,,
2014,199,147,1,37,PSD,1112,,
2014,199,148,1,45,PSD,1031,,
2014,199,149,1,29,PSD,1198,,
2014,199,150,1,47,PSD,1066,,
2014,199,151,1,32,PSD,1090,,
2014,199,152,1,44,PSD,1260,,
2014,199,153,1,37,PSD,1252,,
2014,199,154,1,48,PSD,1279,,
2014,199,155,1,41,PSD,1112,,
2014,199,156,1,66,PSD,1155,,
2014,199,157,1,44,PSD,1015,,
2014,199,158,1,48,PSD,1287,,
2014,199,160,1,48,PSD,1120,,
2014,199,161,1,49,PSD,1260,,
2014,199,162,1,39,PSD,1198,,
2014,199,163,1,52,PSD,1260,,
2014,199,165,1,38,PSD,1090,,
2014,199,166,1,48,PSD,1031,,
2014,199,167,1,43,PSD,1112,,
2014,199,168,1,74,PSD,1139,,
2014,199,169,1,45,PSD,1317,,
2014,199,170,1,41,PSD,1279,,
2014,199,171,1,36,PSD,1260,,
2014,199,173,1,56,PSD,1112,,
2014,199,174,1,48,PSD,1287,,
2014,199,175,1,65,PSD,1066,,
2014,199,176,1,69,PSD,1260,,
2014,199,177,1,54,PSD,1295,,
2014,199,178,1,52,PSD,1155,,
2014,199,179,1,60,PSD,1279,,
2014,199,180,1,53,PSD,1198,,
2014,199,181,1,44,PSD,1015,,
2014,199,182,1,52,PSD,1112,,
2014,199,183,1,38,PSD,1252,,
2014,199,184,1,57,PSD,1260,,
2014,199,185,1,50,PSD,1155,,
2014,199,186,1,58,PSD,1031,,
2014,199,187,1,59,PSD,1104,,
2014,199,188,1,66,PSD,1260,,
2014,199,189,1,60,PSD,1120,,
2014,199,190,1,59,PSD,1279,,
2014,199,191,1,56,PSD,1295,,
2014,199,192,1,46,PSD,1155,,
2014,199,193,1,43,PSD,1260,,
2014,199,194,1,61,PSD,1295,,
2014,199,195,1,71,PSD,1074,,
2014,199,196,1,46,PSD,1015,,
2014,199,197,1,34,PSD,1295,,
2014,199,198,1,52,PSD,1104,,
2014,199,199,1,41,PSD,1244,,
2014,199,2,1,23,PSD,1015,,
2014,199,200,1,56,PSD,1279,,
2014,199,201,1,19,PSD,1252,,
2014,199,202,1,50,PSD,1317,,
2014,199,203,1,26,PSD,1287,,
2014,199,204,1,49,PSD,1260,,
2014,199,205,1,49,PSD,1295,,
2014,199,206,1,14,PSD,1325,,
2014,199,207,1,51,PSD,1104,,
2014,199,208,1,39,PSD,1260,,
2014,199,209,1,36,PSD,1317,,
2014,199,21,1,33,PSD,1066,,
2014,199,22,1,38,PSD,1066,,
2014,199,23,1,35,PSD,1066,,
2014,199,24,1,43,PSD,1066,,
2014,199,25,1,47,PSD,1074,,
2014,199,26,1,40,PSD,1074,,
2014,199,27,1,48,PSD,1074,,
2014,199,28,1,51,PSD,1074,,
2014,199,29,1,51,PSD,1074,,
2014,199,3,1,40,PSD,1015,,
2014,199,30,1,63,PSD,1082,,
2014,199,32,1,51,PSD,1082,,
2014,199,33,1,28,PSD,1082,,
2014,199,34,1,49,PSD,1090,,
2014,199,35,1,37,PSD,1090,,
2014,199,36,1,39,PSD,1090,,
2014,199,37,1,31,PSD,1090,,
2014,199,38,1,46,PSD,1090,,
2014,199,39,1,33,PSD,1090,,
2014,199,4,1,33,PSD,1023,,
2014,199,40,1,40,PSD,1090,,
2014,199,41,1,36,PSD,1090,,
2014,199,42,1,58,PSD,1082,,
2014,199,45,1,57,PSD,1112,,
2014,199,46,1,37,PSD,1112,,
2014,199,47,1,45,PSD,1112,,
2014,199,48,1,47,PSD,1112,,
2014,199,49,1,61,PSD,1120,,
2014,199,5,1,32,PSD,1023,,
2014,199,50,1,54,PSD,1120,,
2014,199,51,1,51,PSD,1139,,
2014,199,52,1,46,PSD,1139,,
2014,199,53,1,55,PSD,1139,,
2014,199,54,1,58,PSD,1139,,
2014,199,55,1,48,PSD,1139,,
2014,199,56,1,38,PSD,1139,,
2014,199,57,1,48,PSD,1139,,
2014,199,58,1,30,PSD,1120,,
2014,199,59,1,55,PSD,1120,,
2014,199,6,1,37,PSD,1023,,
2014,199,60,1,34,PSD,1120,,
2014,199,61,1,43,PSD,1120,,
2014,199,62,1,51,PSD,1120,,
2014,199,63,1,58,PSD,1120,,
2014,199,64,1,53,PSD,1155,,
2014,199,65,1,43,PSD,1155,,
2014,199,66,1,54,PSD,1155,,
2014,199,67,1,53,PSD,1155,,
2014,199,68,1,45,PSD,1163,,
2014,199,69,1,17,PSD,1163,,
2014,199,7,1,30,PSD,1023,,
2014,199,70,1,33,PSD,1163,,
2014,199,71,1,17,PSD,1171,,
2014,199,72,1,34,PSD,1163,,
2014,199,73,1,36,PSD,1163,,
2014,199,74,1,26,PSD,1163,,
2014,199,75,1,47,PSD,1198,,
2014,199,76,1,53,PSD,1198,,
2014,199,77,1,47,PSD,1317,,
2014,199,78,1,24,PSD,1163,,
2014,199,79,1,41,PSD,1244,,
2014,199,8,1,23,PSD,1023,,
2014,199,80,1,40,PSD,1244,,
2014,199,81,1,43,PSD,1244,,
2014,199,82,1,31,PSD,1252,,
2014,199,83,1,28,PSD,1252,,
2014,199,84,1,35,PSD,1252,,
2014,199,85,1,31,PSD,1252,,
2014,199,86,1,21,PSD,1252,,
2014,199,87,1,20,PSD,1252,,
2014,199,88,1,36,PSD,1015,,
2014,199,9,1,34,PSD,1031,,
2014,199,90,1,70,PSD,1082,,
2014,199,91,1,51,PSD,1244,,
2014,199,92,1,50,PSD,1120,,
2014,199,93,1,32,PSD,1317,,
2014,199,94,1,45,PSD,1031,,
2014,199,95,1,38,PSD,1031,,
2014,199,97,1,52,PSD,1074,,
2014,199,98,1,42,PSD,1244,,
2014,71,1,1,26,PSD,1015,,
2014,71,100,1,48,PSD,1309,,
2014,71,101,1,35,PSD,1309,,
2014,71,102,1,39,PSD,1309,,
2014,71,103,1,30,PSD,1309,,
2014,71,104,1,43,PSD,1317,,
2014,71,105,1,31,PSD,1317,,
2014,71,106,1,24,PSD,1325,,
2014,71,107,1,34,PSD,1325,,
2014,71,108,1,43,PSD,1325,,
2014,71,109,1,36,PSD,1325,,
2014,71,110,1,42,PSD,1325,,
2014,71,111,1,43,PSD,1325,,
2014,71,112,1,27,PSD,1325,,
2014,71,113,1,36,PSD,1325,,
2014,71,114,1,42,PSD,1325,,
2014,71,115,1,33,PSD,1325,,
2014,71,116,1,33,PSD,1333,,
2014,71,117,1,41,PSD,1333,,
2014,71,118,1,35,PSD,1309,,
2014,71,119,1,41,PSD,1309,,
2014,71,120,1,40,PSD,1333,,
2014,71,121,1,29,PSD,1333,,
2014,71,122,1,37,PSD,1333,,
2014,71,123,1,39,PSD,1368,,
2014,71,124,1,36,PSD,1368,,
2014,71,125,1,36,PSD,1368,,
2014,71,130,1,43,PSD,1392,,
2014,71,131,1,46,PSD,1392,,
2014,71,132,1,31,PSD,1392,,
2014,71,133,1,48,PSD,1392,,
2014,71,134,1,46,PSD,1392,,
2014,71,135,1,38,PSD,1392,,
2014,71,136,1,29,PSD,1015,,
2014,71,138,1,30,PSD,1260,,
2014,71,140,1,30,PSD,1244,,
2014,71,142,1,27,PSD,1295,,
2014,71,143,1,39,PSD,1317,,
2014,71,144,1,40,PSD,1325,,
2014,71,145,1,30,PSD,1317,,
2014,71,146,1,42,PSD,1368,,
2014,71,150,1,33,PSD,1333,,
2014,71,151,1,30,PSD,1104,,
2014,71,153,1,24,PSD,1015,,
2014,71,156,1,31,PSD,1309,,
2014,71,157,1,28,PSD,1260,,
2014,71,158,1,35,PSD,1392,,
2014,71,160,1,39,PSD,1333,,
2014,71,161,1,41,PSD,1392,,
2014,71,167,1,37,PSD,1368,,
2014,71,168,1,40,PSD,1244,,
2014,71,171,1,43,PSD,1295,,
2014,71,172,1,34,PSD,1325,,
2014,71,174,1,21,PSD,1333,,
2014,71,175,1,29,PSD,1309,,
2014,71,178,1,30,PSD,1104,,
2014,71,179,1,43,PSD,1392,,
2014,71,182,1,37,PSD,1333,,
2014,71,183,1,40,PSD,1104,,
2014,71,185,1,37,PSD,1244,,
2014,71,186,1,41,PSD,1392,,
2014,71,189,1,41,PSD,1317,,
2014,71,190,1,30,PSD,1260,,
2014,71,191,1,33,PSD,1309,,
2014,71,192,1,39,PSD,1392,,
2014,71,193,1,31,PSD,1325,,
2014,71,194,1,36,PSD,1295,,
2014,71,195,1,27,PSD,1368,,
2014,71,196,1,25,PSD,1392,,
2014,71,197,1,26,PSD,1015,,
2014,71,198,1,27,PSD,1260,,
2014,71,199,1,36,PSD,1317,,
2014,71,2,1,30,PSD,1015,,
2014,71,200,1,30,PSD,1392,,
2014,71,201,1,24,PSD,1260,,
2014,71,202,1,25,PSD,1325,,
2014,71,203,1,39,PSD,1260,,
2014,71,204,1,55,PSD,1295,,
2014,71,205,1,35,PSD,1317,,
2014,71,206,1,33,PSD,1260,,
2014,71,207,1,53,PSD,1325,,
2014,71,208,1,34,PSD,1244,,
2014,71,209,1,38,PSD,1368,,
2014,71,210,1,30,PSD,1309,,
2014,71,211,1,33,PSD,1392,,
2014,71,212,1,30,PSD,1260,,
2014,71,213,1,36,PSD,1295,,
2014,71,214,1,26,PSD,1309,,
2014,71,215,1,36,PSD,1260,,
2014,71,216,1,16,PSD,1368,,
2014,71,27,1,35,PSD,1104,,
2014,71,28,1,41,PSD,1104,,
2014,71,29,1,43,PSD,1104,,
2014,71,3,1,45,PSD,1015,,
2014,71,30,1,32,PSD,1104,,
2014,71,31,1,43,PSD,1104,,
2014,71,32,1,36,PSD,1104,,
2014,71,4,1,30,PSD,1015,,
2014,71,5,1,28,PSD,1015,,
2014,71,6,1,34,PSD,1015,,
2014,71,69,1,44,PSD,1244,,
2014,71,70,1,30,PSD,1244,,
2014,71,71,1,37,PSD,1260,,
2014,71,72,1,37,PSD,1260,,
2014,71,73,1,37,PSD,1260,,
2014,71,74,1,38,PSD,1260,,
2014,71,75,1,40,PSD,1368,,
2014,71,76,1,44,PSD,1368,,
2014,71,77,1,50,PSD,1244,,
2014,71,78,1,28,PSD,1244,,
2014,71,79,1,39,PSD,1244,,
2014,71,80,1,36,PSD,1317,,
2014,71,81,1,31,PSD,1317,,
2014,71,82,1,40,PSD,1260,,
2014,71,83,1,35,PSD,1260,,
2014,71,84,1,42,PSD,1260,,
2014,71,85,1,34,PSD,1333,,
2014,71,86,1,30,PSD,1015,,
2014,71,87,1,23,PSD,1015,,
2014,71,88,1,27,PSD,1295,,
2014,71,89,1,37,PSD,1295,,
2014,71,90,1,36,PSD,1295,,
2014,71,91,1,39,PSD,1295,,
2014,71,92,1,38,PSD,1295,,
2014,71,93,1,32,PSD,1295,,
2014,71,94,1,50,PSD,1295,,
2014,71,95,1,28,PSD,1295,,
2014,71,96,1,32,PSD,1295,,
2014,71,97,1,39,PSD,1295,,
2014,71,98,1,48,PSD,1295,,
2014,71,99,1,31,PSD,1295,,
2014,72,1,1,23,PSD,1015,,
2014,72,10,1,48,PSD,1040,,
2014,72,11,1,59,PSD,1040,,
2014,72,113,1,56,PSD,1368,,
2014,72,114,1,64,PSD,1368,,
2014,72,118,1,61,PSD,1040,,
2014,72,12,1,47,PSD,1040,,
2014,72,120,1,65,PSD,1449,,
2014,72,121,1,36,PSD,1015,,
2014,72,122,1,55,PSD,1074,,
2014,72,123,1,56,PSD,1112,,
2014,72,126,1,60,PSD,1180,,
2014,72,13,1,48,PSD,1040,,
2014,72,130,1,51,PSD,1147,,
2014,72,131,1,53,PSD,1449,,
2014,72,132,1,59,PSD,1368,,
2014,72,133,1,46,PSD,1074,,
2014,72,136,1,53,PSD,1112,,
2014,72,137,1,29,PSD,1015,,
2014,72,139,1,51,PSD,1171,,
2014,72,14,1,43,PSD,1040,,
2014,72,143,1,37,PSD,1015,,
2014,72,144,1,57,PSD,1112,,
2014,72,146,1,63,PSD,1171,,
2014,72,147,1,51,PSD,1074,,
2014,72,149,1,31,PSD,1015,,
2014,72,15,1,38,PSD,1040,,
2014,72,150,1,59,PSD,1449,,
2014,72,151,1,48,PSD,1040,,
2014,72,152,1,38,PSD,1040,,
2014,72,156,1,55,PSD,1368,,
2014,72,159,1,62,PSD,1449,,
2014,72,16,1,39,PSD,1015,,
2014,72,160,1,59,PSD,1147,,
2014,72,162,1,44,PSD,1171,,
2014,72,163,1,46,PSD,1449,,
2014,72,164,1,43,PSD,1015,,
2014,72,168,1,66,PSD,1074,,
2014,72,17,1,29,PSD,1015,,
2014,72,173,1,41,PSD,1449,,
2014,72,174,1,51,PSD,1473,,
2014,72,177,1,36,PSD,1015,,
2014,72,178,1,53,PSD,1171,,
2014,72,18,1,55,PSD,1449,,
2014,72,181,1,58,PSD,1473,,
2014,72,183,1,37,PSD,1015,,
2014,72,184,1,59,PSD,1147,,
2014,72,185,1,51,PSD,1368,,
2014,72,186,1,36,PSD,1473,,
2014,72,187,1,49,PSD,1473,,
2014,72,188,1,57,PSD,1040,,
2014,72,189,1,34,PSD,1074,,
2014,72,19,1,33,PSD,1449,,
2014,72,190,1,54,PSD,1074,,
2014,72,191,1,45,PSD,1473,,
2014,72,192,1,69,PSD,1449,,
2014,72,193,1,50,PSD,1473,,
2014,72,194,1,48,PSD,1368,,
2014,72,195,1,46,PSD,1449,,
2014,72,196,1,56,PSD,1147,,
2014,72,197,1,26,PSD,1040,,
2014,72,198,1,27,PSD,1180,,
2014,72,199,1,40,PSD,1368,,
2014,72,2,1,34,PSD,1015,,
2014,72,20,1,41,PSD,1449,,
2014,72,201,1,48,PSD,1473,,
2014,72,202,1,59,PSD,1074,,
2014,72,203,1,49,PSD,1449,,
2014,72,204,1,51,PSD,1040,,
2014,72,205,1,55,PSD,1368,,
2014,72,207,1,37,PSD,1473,,
2014,72,208,1,34,PSD,1180,,
2014,72,209,1,65,PSD,1074,,
2014,72,21,1,39,PSD,1449,,
2014,72,210,1,40,PSD,1074,,
2014,72,211,1,54,PSD,1368,,
2014,72,212,1,29,PSD,1040,,
2014,72,213,1,64,PSD,1147,,
2014,72,214,1,45,PSD,1473,,
2014,72,215,1,48,PSD,1074,,
2014,72,217,1,51,PSD,1040,,
2014,72,218,1,40,PSD,1180,,
2014,72,219,1,55,PSD,1074,,
2014,72,22,1,41,PSD,1449,,
2014,72,220,1,60,PSD,1368,,
2014,72,221,1,45,PSD,1449,,
2014,72,222,1,70,PSD,1520,,
2014,72,223,1,53,PSD,1520,,
2014,72,224,1,71,PSD,1520,,
2014,72,225,1,62,PSD,1520,,
2014,72,226,1,65,PSD,1520,,
2014,72,227,1,63,PSD,1520,,
2014,72,228,1,67,PSD,1520,,
2014,72,229,1,64,PSD,1520,,
2014,72,23,1,37,PSD,1074,,
2014,72,230,1,61,PSD,1520,,
2014,72,231,1,20,PSD,1520,,
2014,72,232,1,63,PSD,1520,,
2014,72,233,1,30,PSD,1520,,
2014,72,234,1,63,PSD,1520,,
2014,72,235,1,67,PSD,1520,,
2014,72,236,1,51,PSD,1520,,
2014,72,237,1,46,PSD,1538,,
2014,72,238,1,70,PSD,1538,,
2014,72,239,1,66,PSD,1546,,
2014,72,24,1,45,PSD,1074,,
2014,72,240,1,67,PSD,1546,,
2014,72,241,1,44,PSD,1546,,
2014,72,242,1,61,PSD,1538,,
2014,72,243,1,39,PSD,1473,,
2014,72,244,1,63,PSD,1546,,
2014,72,245,1,45,PSD,1368,,
2014,72,246,1,27,PSD,1147,,
2014,72,247,1,42,PSD,1546,,
2014,72,248,1,21,PSD,1546,,
2014,72,25,1,47,PSD,1074,,
2014,72,26,1,49,PSD,1074,,
2014,72,27,1,58,PSD,1449,,
2014,72,28,1,42,PSD,1449,,
2014,72,29,1,31,PSD,1449,,
2014,72,3,1,33,PSD,1015,,
2014,72,30,1,39,PSD,1449,,
2014,72,35,1,57,PSD,1112,,
2014,72,36,1,44,PSD,1112,,
2014,72,37,1,49,PSD,1112,,
2014,72,38,1,56,PSD,1112,,
2014,72,39,1,54,PSD,1112,,
2014,72,4,1,38,PSD,1015,,
2014,72,40,1,49,PSD,1112,,
2014,72,41,1,41,PSD,1112,,
2014,72,42,1,68,PSD,1112,,
2014,72,43,1,40,PSD,1112,,
2014,72,5,1,21,PSD,1015,,
2014,72,52,1,59,PSD,1147,,
2014,72,53,1,64,PSD,1147,,
2014,72,54,1,54,PSD,1074,,
2014,72,55,1,35,PSD,1074,,
2014,72,56,1,46,PSD,1074,,
2014,72,57,1,60,PSD,1112,,
2014,72,58,1,53,PSD,1112,,
2014,72,59,1,42,PSD,1112,,
2014,72,6,1,38,PSD,1015,,
2014,72,60,1,72,PSD,1112,,
2014,72,61,1,51,PSD,1112,,
2014,72,62,1,61,PSD,1112,,
2014,72,63,1,44,PSD,1171,,
2014,72,64,1,36,PSD,1171,,
2014,72,65,1,37,PSD,1171,,
2014,72,66,1,54,PSD,1171,,
2014,72,67,1,37,PSD,1171,,
2014,72,68,1,47,PSD,1180,,
2014,72,69,1,43,PSD,1180,,
2014,72,7,1,43,PSD,1040,,
2014,72,70,1,56,PSD,1180,,
2014,72,71,1,53,PSD,1180,,
2014,72,8,1,32,PSD,1040,,
2014,72,9,1,31,PSD,1040,,
2016,113,1,1,1,PSD,1031,CENTRO EDUCACIONAL DE NITERÓI,AV ERNANI DO AMARAL PEIXOTO 836
2016,113,100,1,3,PSD,1236,LICEU NILO PEÇANHA,AV ERNANI DO AMARAL PEIXOTO 707
2016,113,101,1,9,PSD,1309,ESCOLA MUNICIPAL MAESTRO HEITOR VILLA-LOBOS (COLÉGIO NOVO),RUA SALO BRAND S/N
2016,113,102,1,1,PSD,1236,LICEU NILO PEÇANHA,AV ERNANI DO AMARAL PEIXOTO 707
2016,113,106,1,6,PSD,1023,ÁGUAS DE NITEROI,RUA MARQUÊS DO PARANÁ 108/110
2016,113,107,1,3,PSD,1384,UNIVERSIDADE SALGADO DE OLIVEIRA - BL B (PRÓXIMO AO GUANABARA),RUA MARECHAL DEODORO 263
2016,113,108,1,1,PSD,1082,CENTRO UNIVERSITÁRIO ANHANGUERA (ANTIGO PLÍNIO LEITE),RUA VISCONDE DO RIO BRANCO 123
2016,113,109,1,2,PSD,1295,ESCOLA MUNICIPAL SANTOS DUMONT,RUA MANOEL CORREIA S/N
2016,113,11,1,1,PSD,1082,CENTRO UNIVERSITÁRIO ANHANGUERA (ANTIGO PLÍNIO LEITE),RUA VISCONDE DO RIO BRANCO 123
2016,113,110,1,8,PSD,1325,COLÉGIO ESTADUAL ZULEIKA RAPÔSO VALLADARES (COLÉGIO VELHO),RUA SALO BRAND S/N
2016,113,111,1,1,PSD,1236,LICEU NILO PEÇANHA,AV ERNANI DO AMARAL PEIXOTO 707
2016,113,112,1,3,PSD,1201,JARDIM DE INFÂNCIA ALBERTO DE OLIVEIRA,RUA EVARISTO DA VEIGA 108
2016,113,113,1,1,PSD,1171,COLEGIO ESTADUAL RAUL VIDAL,AVENIDA FELICIANO SODRE 21
2016,113,114,1,4,PSD,1139,FACULDADE DE ENFERMAGEM DA UFF,RUA DR CELESTINO 74
2016,113,115,1,4,PSD,1384,UNIVERSIDADE SALGADO DE OLIVEIRA - BL B (PRÓXIMO AO GUANABARA),RUA MARECHAL DEODORO 263
2016,113,116,1,2,PSD,1384,UNIVERSIDADE SALGADO DE OLIVEIRA - BL B (PRÓXIMO AO GUANABARA),RUA MARECHAL DEODORO 263
2016,113,117,1,5,PSD,1325,COLÉGIO ESTADUAL ZULEIKA RAPÔSO VALLADARES (COLÉGIO VELHO),RUA SALO BRAND S/N
2016,113,118,1,1,PSD,1201,JARDIM DE INFÂNCIA ALBERTO DE OLIVEIRA,RUA EVARISTO DA VEIGA 108
2016,113,119,1,2,PSD,1376,UNIVERSIDADE SALGADO DE OLIVEIRA - BL A,RUA MARECHAL DEODORO 217
2016,113,121,1,2,PSD,1295,ESCOLA MUNICIPAL SANTOS DUMONT,RUA MANOEL CORREIA S/N
2016,113,122,1,3,PSD,1309,ESCOLA MUNICIPAL MAESTRO HEITOR VILLA-LOBOS (COLÉGIO NOVO),RUA SALO BRAND S/N
2016,113,123,1,2,PSD,1236,LICEU NILO PEÇANHA,AV ERNANI DO AMARAL PEIXOTO 707
2016,113,124,1,6,PSD,1325,COLÉGIO ESTADUAL ZULEIKA RAPÔSO VALLADARES (COLÉGIO VELHO),RUA SALO BRAND S/N
2016,113,125,1,1,PSD,1309,ESCOLA MUNICIPAL MAESTRO HEITOR VILLA-LOBOS (COLÉGIO NOVO),RUA SALO BRAND S/N
2016,113,126,1,3,PSD,1350,LOJA MAÇÔNICA EVOLUÇÃO 2,RUA SANTA CLARA 77
2016,113,15,1,1,PSD,1171,COLEGIO ESTADUAL RAUL VIDAL,AVENIDA FELICIANO SODRE 21
2016,113,17,1,2,PSD,1082,CENTRO UNIVERSITÁRIO ANHANGUERA (ANTIGO PLÍNIO LEITE),RUA VISCONDE DO RIO BRANCO 123
2016,113,18,1,4,PSD,1082,CENTRO UNIVERSITÁRIO ANHANGUERA (ANTIGO PLÍNIO LEITE),RUA VISCONDE DO RIO BRANCO 123
2016,113,2,1,7,PSD,1023,ÁGUAS DE NITEROI,RUA MARQUÊS DO PARANÁ 108/110
2016,113,20,1,2,PSD,1082,CENTRO UNIVERSITÁRIO ANHANGUERA (ANTIGO PLÍNIO LEITE),RUA VISCONDE DO RIO BRANCO 123
2016,113,21,1,1,PSD,1082,CENTRO UNIVERSITÁRIO ANHANGUERA (ANTIGO PLÍNIO LEITE),RUA VISCONDE DO RIO BRANCO 123
2016,113,23,1,1,PSD,1082,CENTRO UNIVERSITÁRIO ANHANGUERA (ANTIGO PLÍNIO LEITE),RUA VISCONDE DO RIO BRANCO 123
2016,113,26,1,2,PSD,1031,CENTRO EDUCACIONAL DE NITERÓI,AV ERNANI DO AMARAL PEIXOTO 836
2016,113,27,1,2,PSD,1236,LICEU NILO PEÇANHA,AV ERNANI DO AMARAL PEIXOTO 707
2016,113,29,1,2,PSD,1139,FACULDADE DE ENFERMAGEM DA UFF,RUA DR CELESTINO 74
2016,113,3,1,7,PSD,1023,ÁGUAS DE NITEROI,RUA MARQUÊS DO PARANÁ 108/110
2016,113,30,1,1,PSD,1139,FACULDADE DE ENFERMAGEM DA UFF,RUA DR CELESTINO 74
2016,113,31,1,1,PSD,1139,FACULDADE DE ENFERMAGEM DA UFF,RUA DR CELESTINO 74
2016,113,32,1,1,PSD,1139,FACULDADE DE ENFERMAGEM DA UFF,RUA DR CELESTINO 74
2016,113,34,1,2,PSD,1031,CENTRO EDUCACIONAL DE NITERÓI,AV ERNANI DO AMARAL PEIXOTO 836
2016,113,35,1,1,PSD,1384,UNIVERSIDADE SALGADO DE OLIVEIRA - BL B (PRÓXIMO AO GUANABARA),RUA MARECHAL DEODORO 263
2016,113,4,1,14,PSD,1023,ÁGUAS DE NITEROI,RUA MARQUÊS DO PARANÁ 108/110
2016,113,41,1,1,PSD,1171,COLEGIO ESTADUAL RAUL VIDAL,AVENIDA FELICIANO SODRE 21
2016,113,42,1,1,PSD,1171,COLEGIO ESTADUAL RAUL VIDAL,AVENIDA FELICIANO SODRE 21
2016,113,44,1,2,PSD,1163,ESCOLA ESTADUAL PINTO LIMA,RUA SÃO JOÃO 125
2016,113,45,1,2,PSD,1236,LICEU NILO PEÇANHA,AV ERNANI DO AMARAL PEIXOTO 707
2016,113,46,1,3,PSD,1201,JARDIM DE INFÂNCIA ALBERTO DE OLIVEIRA,RUA EVARISTO DA VEIGA 108
2016,113,47,1,4,PSD,1236,LICEU NILO PEÇANHA,AV ERNANI DO AMARAL PEIXOTO 707
2016,113,48,1,2,PSD,1236,LICEU NILO PEÇANHA,AV ERNANI DO AMARAL PEIXOTO 707
2016,113,5,1,1,PSD,1031,CENTRO EDUCACIONAL DE NITERÓI,AV ERNANI DO AMARAL PEIXOTO 836
2016,113,50,1,5,PSD,1236,LICEU NILO PEÇANHA,AV ERNANI DO AMARAL PEIXOTO 707
2016,113,51,1,4,PSD,1236,LICEU NILO PEÇANHA,AV ERNANI DO AMARAL PEIXOTO 707
2016,113,52,1,3,PSD,1236,LICEU NILO PEÇANHA,AV ERNANI DO AMARAL PEIXOTO 707
2016,113,54,1,6,PSD,1236,LICEU NILO PEÇANHA,AV ERNANI DO AMARAL PEIXOTO 707
2016,113,55,1,3,PSD,1236,LICEU NILO PEÇANHA,AV ERNANI DO AMARAL PEIXOTO 707
2016,113,56,1,3,PSD,1236,LICEU NILO PEÇANHA,AV ERNANI DO AMARAL PEIXOTO 707
2016,113,57,1,3,PSD,1384,UNIVERSIDADE SALGADO DE OLIVEIRA - BL B (PRÓXIMO AO GUANABARA),RUA MARECHAL DEODORO 263
2016,113,58,1,1,PSD,1384,UNIVERSIDADE SALGADO DE OLIVEIRA - BL B (PRÓXIMO AO GUANABARA),RUA MARECHAL DEODORO 263
2016,113,6,1,1,PSD,1031,CENTRO EDUCACIONAL DE NITERÓI,AV ERNANI DO AMARAL PEIXOTO 836
2016,113,60,1,2,PSD,1384,UNIVERSIDADE SALGADO DE OLIVEIRA - BL B (PRÓXIMO AO GUANABARA),RUA MARECHAL DEODORO 263
2016,113,61,1,1,PSD,1163,ESCOLA ESTADUAL PINTO LIMA,RUA SÃO JOÃO 125
2016,113,63,1,3,PSD,1295,ESCOLA MUNICIPAL SANTOS DUMONT,RUA MANOEL CORREIA S/N
2016,113,64,1,1,PSD,1295,ESCOLA MUNICIPAL SANTOS DUMONT,RUA MANOEL CORREIA S/N
2016,113,65,1,4,PSD,1295,ESCOLA MUNICIPAL SANTOS DUMONT,RUA MANOEL CORREIA S/N
2016,113,66,1,8,PSD,1309,ESCOLA MUNICIPAL MAESTRO HEITOR VILLA-LOBOS (COLÉGIO NOVO),RUA SALO BRAND S/N
2016,113,67,1,13,PSD,1309,ESCOLA MUNICIPAL MAESTRO HEITOR VILLA-LOBOS (COLÉGIO NOVO),RUA SALO BRAND S/N
2016,113,68,1,5,PSD,1309,ESCOLA MUNICIPAL MAESTRO HEITOR VILLA-LOBOS (COLÉGIO NOVO),RUA SALO BRAND S/N
2016,113,69,1,11,PSD,1309,ESCOLA MUNICIPAL MAESTRO HEITOR VILLA-LOBOS (COLÉGIO NOVO),RUA SALO BRAND S/N
2016,113,7,1,1,PSD,1031,CENTRO EDUCACIONAL DE NITERÓI,AV ERNANI DO AMARAL PEIXOTO 836
2016,113,70,1,9,PSD,1309,ESCOLA MUNICIPAL MAESTRO HEITOR VILLA-LOBOS (COLÉGIO NOVO),RUA SALO BRAND S/N
2016,113,71,1,10,PSD,1325,COLÉGIO ESTADUAL ZULEIKA RAPÔSO VALLADARES (COLÉGIO VELHO),RUA SALO BRAND S/N
2016,113,72,1,9,PSD,1325,COLÉGIO ESTADUAL ZULEIKA RAPÔSO VALLADARES (COLÉGIO VELHO),RUA SALO BRAND S/N
2016,113,73,1,10,PSD,1325,COLÉGIO ESTADUAL ZULEIKA RAPÔSO VALLADARES (COLÉGIO VELHO),RUA SALO BRAND S/N
2016,113,74,1,1,PSD,1082,CENTRO UNIVERSITÁRIO ANHANGUERA (ANTIGO PLÍNIO LEITE),RUA VISCONDE DO RIO BRANCO 123
2016,113,75,1,2,PSD,1082,CENTRO UNIVERSITÁRIO ANHANGUERA (ANTIGO PLÍNIO LEITE),RUA VISCONDE DO RIO BRANCO 123
2016,113,76,1,2,PSD,1350,LOJA MAÇÔNICA EVOLUÇÃO 2,RUA SANTA CLARA 77
2016,113,78,1,6,PSD,1376,UNIVERSIDADE SALGADO DE OLIVEIRA - BL A,RUA MARECHAL DEODORO 217
2016,113,8,1,2,PSD,1031,CENTRO EDUCACIONAL DE NITERÓI,AV ERNANI DO AMARAL PEIXOTO 836
2016,113,80,1,2,PSD,1376,UNIVERSIDADE SALGADO DE OLIVEIRA - BL A,RUA MARECHAL DEODORO 217
2016,113,81,1,2,PSD,1376,UNIVERSIDADE SALGADO DE OLIVEIRA - BL A,RUA MARECHAL DEODORO 217
2016,113,82,1,4,PSD,1376,UNIVERSIDADE SALGADO DE OLIVEIRA - BL A,RUA MARECHAL DEODORO 217
2016,113,83,1,5,PSD,1376,UNIVERSIDADE SALGADO DE OLIVEIRA - BL A,RUA MARECHAL DEODORO 217
2016,113,84,1,1,PSD,1376,UNIVERSIDADE SALGADO DE OLIVEIRA - BL A,RUA MARECHAL DEODORO 217
2016,113,85,1,3,PSD,1376,UNIVERSIDADE SALGADO DE OLIVEIRA - BL A,RUA MARECHAL DEODORO 217
2016,113,86,1,4,PSD,1376,UNIVERSIDADE SALGADO DE OLIVEIRA - BL A,RUA MARECHAL DEODORO 217
2016,113,88,1,1,PSD,1295,ESCOLA MUNICIPAL SANTOS DUMONT,RUA MANOEL CORREIA S/N
2016,113,89,1,4,PSD,1031,CENTRO EDUCACIONAL DE NITERÓI,AV ERNANI DO AMARAL PEIXOTO 836
2016,113,90,1,2,PSD,1031,CENTRO EDUCACIONAL DE NITERÓI,AV ERNANI DO AMARAL PEIXOTO 836
2016,113,91,1,1,PSD,1171,COLEGIO ESTADUAL RAUL VIDAL,AVENIDA FELICIANO SODRE 21
2016,113,92,1,3,PSD,1163,ESCOLA ESTADUAL PINTO LIMA,RUA SÃO JOÃO 125
2016,113,94,1,3,PSD,1350,LOJA MAÇÔNICA EVOLUÇÃO 2,RUA SANTA CLARA 77
2016,113,95,1,1,PSD,1201,JARDIM DE INFÂNCIA ALBERTO DE OLIVEIRA,RUA EVARISTO DA VEIGA 108
2016,113,96,1,11,PSD,1325,COLÉGIO ESTADUAL ZULEIKA RAPÔSO VALLADARES (COLÉGIO VELHO),RUA SALO BRAND S/N
2016,113,98,1,9,PSD,1309,ESCOLA MUNICIPAL MAESTRO HEITOR VILLA-LOBOS (COLÉGIO NOVO),RUA SALO BRAND S/N
2016,113,99,1,1,PSD,1171,COLEGIO ESTADUAL RAUL VIDAL,AVENIDA FELICIANO SODRE 21
2016,114,108,1,1,PSD,1546,RIO CRICKET,RUA FAGUNDES VARELA 637
2016,114,11,1,1,PSD,1082,INSTITUTO DE EDUCAÇÃO PROFESSOR ISMAEL COUTINHO,"TRAVESSA MANOEL CONTINENTINO, 31"
2016,114,117,1,1,PSD,1597,CLUBE PORTUGUES DE NITEROI,RUA PROFESSOR LARA VILELA 176
2016,114,119,1,3,PSD,1597,CLUBE PORTUGUES DE NITEROI,RUA PROFESSOR LARA VILELA 176
2016,114,12,1,2,PSD,1090,INSTITUTO DE MATEMATICA DA UFF,RUA MÁRIO SANTOS BRAGA S/N
2016,114,120,1,3,PSD,1597,CLUBE PORTUGUES DE NITEROI,RUA PROFESSOR LARA VILELA 176
2016,114,121,1,2,PSD,1597,CLUBE PORTUGUES DE NITEROI,RUA PROFESSOR LARA VILELA 176
2016,114,125,1,2,PSD,1600,COLEGIO ESTADUAL AURELINO LEAL,RUA PRESIDENTE PEDREIRA 79
2016,114,126,1,1,PSD,1600,COLEGIO ESTADUAL AURELINO LEAL,RUA PRESIDENTE PEDREIRA 79
2016,114,128,1,2,PSD,1635,FACULDADE DE DIREITO DA UFF,RUA PRESIDENTE PEDREIRA 62
2016,114,129,1,1,PSD,1635,FACULDADE DE DIREITO DA UFF,RUA PRESIDENTE PEDREIRA 62
2016,114,13,1,1,PSD,1090,INSTITUTO DE MATEMATICA DA UFF,RUA MÁRIO SANTOS BRAGA S/N
2016,114,130,1,1,PSD,1635,FACULDADE DE DIREITO DA UFF,RUA PRESIDENTE PEDREIRA 62
2016,114,133,1,1,PSD,1635,FACULDADE DE DIREITO DA UFF,RUA PRESIDENTE PEDREIRA 62
2016,114,134,1,1,PSD,1635,FACULDADE DE DIREITO DA UFF,RUA PRESIDENTE PEDREIRA 62
2016,114,138,1,1,PSD,1660,INSTITUTO DE ARTE E COMUNICACAO DA UFF,RUA PROFESSOR LARA VILELA 126
2016,114,14,1,1,PSD,1090,INSTITUTO DE MATEMATICA DA UFF,RUA MÁRIO SANTOS BRAGA S/N
2016,114,148,1,2,PSD,1716,FACULDADE DE ENGENHARIA DA UFF,RUA PASSO DA PATRIA 156
2016,114,150,1,2,PSD,1716,FACULDADE DE ENGENHARIA DA UFF,RUA PASSO DA PATRIA 156
2016,114,152,1,2,PSD,1732,COLÉGIO UNIVERSÍTÁRIO DA UFF (CIEP GRAGOATÁ),RUA ALEXANDRE MOURA 8
2016,114,189,1,1,PSD,1279,CLUBE REGATAS ICARAI,AVENIDA JORNALISTA ALBERTO FRANCISCO TORRES 63
2016,114,199,1,1,PSD,1333,COLEGIO SAO VICENTE DE PAULO,RUA MIGUEL DE FRIAS 123
2016,114,2,1,2,PSD,1090,INSTITUTO DE MATEMATICA DA UFF,RUA MÁRIO SANTOS BRAGA S/N
2016,114,203,1,2,PSD,1635,FACULDADE DE DIREITO DA UFF,RUA PRESIDENTE PEDREIRA 62
2016,114,209,1,2,PSD,1090,INSTITUTO DE MATEMATICA DA UFF,RUA MÁRIO SANTOS BRAGA S/N
2016,114,217,1,3,PSD,1635,FACULDADE DE DIREITO DA UFF,RUA PRESIDENTE PEDREIRA 62
2016,114,227,1,1,PSD,1082,INSTITUTO DE EDUCAÇÃO PROFESSOR ISMAEL COUTINHO,"TRAVESSA MANOEL CONTINENTINO, 31"
2016,114,232,1,1,PSD,1643,FACULDADE DE DIREITO DA UFF (EX FAC. DE ECONOMIA E ADMINISTRAÇÃO),RUA TIRADENTES 17
2016,114,235,1,1,PSD,1082,INSTITUTO DE EDUCAÇÃO PROFESSOR ISMAEL COUTINHO,"TRAVESSA MANOEL CONTINENTINO, 31"
2016,114,241,1,1,PSD,1716,FACULDADE DE ENGENHARIA DA UFF,RUA PASSO DA PATRIA 156
2016,114,249,1,1,PSD,1090,INSTITUTO DE MATEMATICA DA UFF,RUA MÁRIO SANTOS BRAGA S/N
2016,114,255,1,2,PSD,1333,COLEGIO SAO VICENTE DE PAULO,RUA MIGUEL DE FRIAS 123
2016,114,26,1,2,PSD,1333,COLEGIO SAO VICENTE DE PAULO,RUA MIGUEL DE FRIAS 123
2016,114,267,1,1,PSD,1546,RIO CRICKET,RUA FAGUNDES VARELA 637
2016,114,268,1,2,PSD,1279,CLUBE REGATAS ICARAI,AVENIDA JORNALISTA ALBERTO FRANCISCO TORRES 63
2016,114,270,1,2,PSD,1716,FACULDADE DE ENGENHARIA DA UFF,RUA PASSO DA PATRIA 156
2016,114,271,1,1,PSD,1635,FACULDADE DE DIREITO DA UFF,RUA PRESIDENTE PEDREIRA 62
2016,114,273,1,1,PSD,1546,RIO CRICKET,RUA FAGUNDES VARELA 637
2016,114,275,1,3,PSD,1740,COLÉGIO ÁGORA,"RUA TIRADENTES, 160"
2016,114,3,1,3,PSD,1082,INSTITUTO DE EDUCAÇÃO PROFESSOR ISMAEL COUTINHO,"TRAVESSA MANOEL CONTINENTINO, 31"
2016,114,4,1,1,PSD,1082,INSTITUTO DE EDUCAÇÃO PROFESSOR ISMAEL COUTINHO,"TRAVESSA MANOEL CONTINENTINO, 31"
2016,114,48,1,1,PSD,1279,CLUBE REGATAS ICARAI,AVENIDA JORNALISTA ALBERTO FRANCISCO TORRES 63
2016,114,5,1,2,PSD,1090,INSTITUTO DE MATEMATICA DA UFF,RUA MÁRIO SANTOS BRAGA S/N
2016,114,50,1,1,PSD,1279,CLUBE REGATAS ICARAI,AVENIDA JORNALISTA ALBERTO FRANCISCO TORRES 63
2016,114,65,1,1,PSD,1333,COLEGIO SAO VICENTE DE PAULO,RUA MIGUEL DE FRIAS 123
2016,114,66,1,1,PSD,1333,COLEGIO SAO VICENTE DE PAULO,RUA MIGUEL DE FRIAS 123
2016,114,67,1,1,PSD,1333,COLEGIO SAO VICENTE DE PAULO,RUA MIGUEL DE FRIAS 123
2016,114,68,1,3,PSD,1333,COLEGIO SAO VICENTE DE PAULO,RUA MIGUEL DE FRIAS 123
2016,114,69,1,2,PSD,1333,COLEGIO SAO VICENTE DE PAULO,RUA MIGUEL DE FRIAS 123
2016,114,7,1,1,PSD,1090,INSTITUTO DE MATEMATICA DA UFF,RUA MÁRIO SANTOS BRAGA S/N
2016,114,71,1,1,PSD,1333,COLEGIO SAO VICENTE DE PAULO,RUA MIGUEL DE FRIAS 123
2016,114,9,1,1,PSD,1082,INSTITUTO DE EDUCAÇÃO PROFESSOR ISMAEL COUTINHO,"TRAVESSA MANOEL CONTINENTINO, 31"
2016,115,100,1,2,PSD,1414,JARDIM ESCOLA MEUS PRIMEIROS PASSOS,"RUA RIODADES, 22"
2016,115,101,1,3,PSD,1414,JARDIM ESCOLA MEUS PRIMEIROS PASSOS,"RUA RIODADES, 22"
2016,115,104,1,3,PSD,1457,ESCOLA MUNICIPAL DOM JOSÉ PEREIRA ALVES,"RUA TENENTE OSORIO, 73"
2016,115,105,1,2,PSD,1457,ESCOLA MUNICIPAL DOM JOSÉ PEREIRA ALVES,"RUA TENENTE OSORIO, 73"
2016,115,106,1,3,PSD,1457,ESCOLA MUNICIPAL DOM JOSÉ PEREIRA ALVES,"RUA TENENTE OSORIO, 73"
2016,115,107,1,1,PSD,1589,ESCOLA MUNICIPAL JACINTA MEDELA,"RUA TENENTE OSORIO, 10"
2016,115,108,1,3,PSD,1589,ESCOLA MUNICIPAL JACINTA MEDELA,"RUA TENENTE OSORIO, 10"
2016,115,109,1,2,PSD,1589,ESCOLA MUNICIPAL JACINTA MEDELA,"RUA TENENTE OSORIO, 10"
2016,115,110,1,4,PSD,1589,ESCOLA MUNICIPAL JACINTA MEDELA,"RUA TENENTE OSORIO, 10"
2016,115,111,1,4,PSD,1465,COLÉGIO ESTADUAL CONSELHEIRO JOSINO,"RUA TEIXEIRA DE FREITAS, 421"
2016,115,112,1,3,PSD,1465,COLÉGIO ESTADUAL CONSELHEIRO JOSINO,"RUA TEIXEIRA DE FREITAS, 421"
2016,115,113,1,1,PSD,1465,COLÉGIO ESTADUAL CONSELHEIRO JOSINO,"RUA TEIXEIRA DE FREITAS, 421"
2016,115,114,1,5,PSD,1465,COLÉGIO ESTADUAL CONSELHEIRO JOSINO,"RUA TEIXEIRA DE FREITAS, 421"
2016,115,115,1,1,PSD,1473,GRUPO ESCOLAR EMBAIXADOR RAUL FERNANDES,"RUA RIODADES, 253"
2016,115,116,1,1,PSD,1473,GRUPO ESCOLAR EMBAIXADOR RAUL FERNANDES,"RUA RIODADES, 253"
2016,115,117,1,1,PSD,1473,GRUPO ESCOLAR EMBAIXADOR RAUL FERNANDES,"RUA RIODADES, 253"
2016,115,118,1,2,PSD,1473,GRUPO ESCOLAR EMBAIXADOR RAUL FERNANDES,"RUA RIODADES, 253"
2016,115,119,1,1,PSD,1473,GRUPO ESCOLAR EMBAIXADOR RAUL FERNANDES,"RUA RIODADES, 253"
2016,115,121,1,1,PSD,1473,GRUPO ESCOLAR EMBAIXADOR RAUL FERNANDES,"RUA RIODADES, 253"
2016,115,122,1,3,PSD,1481,GRUPO ESCOLAR NORONHA SANTOS,"RUA PREFEITO BRANDÃO JUNIOR, 184"
2016,115,123,1,1,PSD,1481,GRUPO ESCOLAR NORONHA SANTOS,"RUA PREFEITO BRANDÃO JUNIOR, 184"
2016,115,124,1,1,PSD,1481,GRUPO ESCOLAR NORONHA SANTOS,"RUA PREFEITO BRANDÃO JUNIOR, 184"
2016,115,125,1,2,PSD,1481,GRUPO ESCOLAR NORONHA SANTOS,"RUA PREFEITO BRANDÃO JUNIOR, 184"
2016,115,126,1,2,PSD,1481,GRUPO ESCOLAR NORONHA SANTOS,"RUA PREFEITO BRANDÃO JUNIOR, 184"
2016,115,127,1,1,PSD,1481,GRUPO ESCOLAR NORONHA SANTOS,"RUA PREFEITO BRANDÃO JUNIOR, 184"
2016,115,128,1,3,PSD,1490,IGREJA ASSEMBLÉIA DE DEUS,"TRAVESSA VICTOR PESTRE, 32"
2016,115,129,1,2,PSD,1490,IGREJA ASSEMBLÉIA DE DEUS,"TRAVESSA VICTOR PESTRE, 32"
2016,115,130,1,6,PSD,1503,IGREJA BATISTA DO FONSECA,ALAMEDA SAO BOAVENTURA  937
2016,115,131,1,8,PSD,1503,IGREJA BATISTA DO FONSECA,ALAMEDA SAO BOAVENTURA  937
2016,115,132,1,5,PSD,1503,IGREJA BATISTA DO FONSECA,ALAMEDA SAO BOAVENTURA  937
2016,115,133,1,12,PSD,1554,INSTITUTO EDUCACIONAL TAURUS,"ALAMEDA SÃO BOAVENTURA, 15"
2016,115,134,1,7,PSD,1554,INSTITUTO EDUCACIONAL TAURUS,"ALAMEDA SÃO BOAVENTURA, 15"
2016,115,135,1,12,PSD,1554,INSTITUTO EDUCACIONAL TAURUS,"ALAMEDA SÃO BOAVENTURA, 15"
2016,115,136,1,5,PSD,1538,SOCIEDADE EDUCACIONAL CRISMOGALI,RUA SAO JANUARIO 318
2016,115,137,1,3,PSD,1538,SOCIEDADE EDUCACIONAL CRISMOGALI,RUA SAO JANUARIO 318
2016,115,138,1,2,PSD,1457,ESCOLA MUNICIPAL DOM JOSÉ PEREIRA ALVES,"RUA TENENTE OSORIO, 73"
2016,115,139,1,4,PSD,1554,INSTITUTO EDUCACIONAL TAURUS,"ALAMEDA SÃO BOAVENTURA, 15"
2016,115,140,1,5,PSD,1554,INSTITUTO EDUCACIONAL TAURUS,"ALAMEDA SÃO BOAVENTURA, 15"
2016,115,141,1,7,PSD,1554,INSTITUTO EDUCACIONAL TAURUS,"ALAMEDA SÃO BOAVENTURA, 15"
2016,115,147,1,1,PSD,1473,GRUPO ESCOLAR EMBAIXADOR RAUL FERNANDES,"RUA RIODADES, 253"
2016,115,153,1,5,PSD,1490,IGREJA ASSEMBLÉIA DE DEUS,"TRAVESSA VICTOR PESTRE, 32"
2016,115,155,1,1,PSD,1589,ESCOLA MUNICIPAL JACINTA MEDELA,"RUA TENENTE OSORIO, 10"
2016,115,158,1,2,PSD,1465,COLÉGIO ESTADUAL CONSELHEIRO JOSINO,"RUA TEIXEIRA DE FREITAS, 421"
2016,115,165,1,8,PSD,1554,INSTITUTO EDUCACIONAL TAURUS,"ALAMEDA SÃO BOAVENTURA, 15"
2016,115,167,1,9,PSD,1538,SOCIEDADE EDUCACIONAL CRISMOGALI,RUA SAO JANUARIO 318
2016,115,169,1,5,PSD,1414,JARDIM ESCOLA MEUS PRIMEIROS PASSOS,"RUA RIODADES, 22"
2016,115,171,1,2,PSD,1457,ESCOLA MUNICIPAL DOM JOSÉ PEREIRA ALVES,"RUA TENENTE OSORIO, 73"
2016,115,172,1,5,PSD,1554,INSTITUTO EDUCACIONAL TAURUS,"ALAMEDA SÃO BOAVENTURA, 15"
2016,115,173,1,9,PSD,1406,COLÉGIO NOSSA SENHORA DAS MERCÊS,ALAMEDA SAO BOAVENTURA 297
2016,115,175,1,3,PSD,1503,IGREJA BATISTA DO FONSECA,ALAMEDA SAO BOAVENTURA  937
2016,115,179,1,4,PSD,1414,JARDIM ESCOLA MEUS PRIMEIROS PASSOS,"RUA RIODADES, 22"
2016,115,182,1,4,PSD,1473,GRUPO ESCOLAR EMBAIXADOR RAUL FERNANDES,"RUA RIODADES, 253"
2016,115,183,1,1,PSD,1457,ESCOLA MUNICIPAL DOM JOSÉ PEREIRA ALVES,"RUA TENENTE OSORIO, 73"
2016,115,186,1,5,PSD,1406,COLÉGIO NOSSA SENHORA DAS MERCÊS,ALAMEDA SAO BOAVENTURA 297
2016,115,192,1,1,PSD,1457,ESCOLA MUNICIPAL DOM JOSÉ PEREIRA ALVES,"RUA TENENTE OSORIO, 73"
2016,115,195,1,1,PSD,1465,COLÉGIO ESTADUAL CONSELHEIRO JOSINO,"RUA TEIXEIRA DE FREITAS, 421"
2016,115,196,1,2,PSD,1414,JARDIM ESCOLA MEUS PRIMEIROS PASSOS,"RUA RIODADES, 22"
2016,115,199,1,4,PSD,1406,COLÉGIO NOSSA SENHORA DAS MERCÊS,ALAMEDA SAO BOAVENTURA 297
2016,115,202,1,2,PSD,1457,ESCOLA MUNICIPAL DOM JOSÉ PEREIRA ALVES,"RUA TENENTE OSORIO, 73"
2016,115,206,1,3,PSD,1384,CURSO WISE UP,"ALAMEDA SAO BOAVENTURA , 519"
2016,115,209,1,6,PSD,1406,COLÉGIO NOSSA SENHORA DAS MERCÊS,ALAMEDA SAO BOAVENTURA 297
2016,115,210,1,3,PSD,1538,SOCIEDADE EDUCACIONAL CRISMOGALI,RUA SAO JANUARIO 318
2016,115,211,1,2,PSD,1465,COLÉGIO ESTADUAL CONSELHEIRO JOSINO,"RUA TEIXEIRA DE FREITAS, 421"
2016,115,212,1,5,PSD,1465,COLÉGIO ESTADUAL CONSELHEIRO JOSINO,"RUA TEIXEIRA DE FREITAS, 421"
2016,115,213,1,4,PSD,1406,COLÉGIO NOSSA SENHORA DAS MERCÊS,ALAMEDA SAO BOAVENTURA 297
2016,115,214,1,1,PSD,1457,ESCOLA MUNICIPAL DOM JOSÉ PEREIRA ALVES,"RUA TENENTE OSORIO, 73"
2016,115,215,1,4,PSD,1503,IGREJA BATISTA DO FONSECA,ALAMEDA SAO BOAVENTURA  937
2016,115,216,1,2,PSD,1473,GRUPO ESCOLAR EMBAIXADOR RAUL FERNANDES,"RUA RIODADES, 253"
2016,115,217,1,6,PSD,1384,CURSO WISE UP,"ALAMEDA SAO BOAVENTURA , 519"
2016,115,219,1,5,PSD,1406,COLÉGIO NOSSA SENHORA DAS MERCÊS,ALAMEDA SAO BOAVENTURA 297
2016,115,220,1,3,PSD,1597,CIEP 251 - DONA MARIA PORTUGAL,RODOVIA AMARAL PEIXOTO KM 3
2016,115,223,1,3,PSD,1597,CIEP 251 - DONA MARIA PORTUGAL,RODOVIA AMARAL PEIXOTO KM 3
2016,115,224,1,5,PSD,1597,CIEP 251 - DONA MARIA PORTUGAL,RODOVIA AMARAL PEIXOTO KM 3
2016,115,225,1,4,PSD,1406,COLÉGIO NOSSA SENHORA DAS MERCÊS,ALAMEDA SAO BOAVENTURA 297
2016,115,226,1,4,PSD,1597,CIEP 251 - DONA MARIA PORTUGAL,RODOVIA AMARAL PEIXOTO KM 3
2016,115,227,1,2,PSD,1597,CIEP 251 - DONA MARIA PORTUGAL,RODOVIA AMARAL PEIXOTO KM 3
2016,115,83,1,1,PSD,1465,COLÉGIO ESTADUAL CONSELHEIRO JOSINO,"RUA TEIXEIRA DE FREITAS, 421"
2016,115,84,1,7,PSD,1384,CURSO WISE UP,"ALAMEDA SAO BOAVENTURA , 519"
2016,115,85,1,4,PSD,1384,CURSO WISE UP,"ALAMEDA SAO BOAVENTURA , 519"
2016,115,87,1,1,PSD,1554,INSTITUTO EDUCACIONAL TAURUS,"ALAMEDA SÃO BOAVENTURA, 15"
2016,115,88,1,9,PSD,1406,COLÉGIO NOSSA SENHORA DAS MERCÊS,ALAMEDA SAO BOAVENTURA 297
2016,115,89,1,3,PSD,1406,COLÉGIO NOSSA SENHORA DAS MERCÊS,ALAMEDA SAO BOAVENTURA 297
2016,115,90,1,6,PSD,1406,COLÉGIO NOSSA SENHORA DAS MERCÊS,ALAMEDA SAO BOAVENTURA 297
2016,115,91,1,11,PSD,1406,COLÉGIO NOSSA SENHORA DAS MERCÊS,ALAMEDA SAO BOAVENTURA 297
2016,115,92,1,7,PSD,1406,COLÉGIO NOSSA SENHORA DAS MERCÊS,ALAMEDA SAO BOAVENTURA 297
2016,115,93,1,6,PSD,1406,COLÉGIO NOSSA SENHORA DAS MERCÊS,ALAMEDA SAO BOAVENTURA 297
2016,115,94,1,5,PSD,1414,JARDIM ESCOLA MEUS PRIMEIROS PASSOS,"RUA RIODADES, 22"
2016,115,95,1,11,PSD,1414,JARDIM ESCOLA MEUS PRIMEIROS PASSOS,"RUA RIODADES, 22"
2016,115,96,1,8,PSD,1422,ESCOLA MUNICIPAL DJALMA COUTINHO,"RUA CINCO DE MARÇO, 75"
2016,115,97,1,3,PSD,1422,ESCOLA MUNICIPAL DJALMA COUTINHO,"RUA CINCO DE MARÇO, 75"
2016,140,10,1,3,PSD,1155,ESCOLA MUNICIPAL JÚLIA CORTINES,CAMPO DE SÃO BENTO S/N
2016,140,11,1,1,PSD,1031,BANCO BRADESCO,RUA GAVIAO PEIXOTO 108
2016,140,12,1,2,PSD,1031,BANCO BRADESCO,RUA GAVIAO PEIXOTO 108
2016,140,13,1,1,PSD,1031,BANCO BRADESCO,RUA GAVIAO PEIXOTO 108
2016,140,15,1,2,PSD,1040,BANCO ITAU,RUA GAVIAO PEIXOTO 166
2016,140,18,1,3,PSD,1180,CENTRO MODERNO ALZIRA BITTENCOURT,"RUA MEM DE SÁ, 71"
2016,140,2,1,3,PSD,1015,ESCOLA MUNICIPAL PROFESSOR PAULO DE ALMEIDA CAMPOS,"RUA PEREIRA DA SILVA, 50"
2016,140,20,1,1,PSD,1074,PH COLÉGIO,RUA ALVARES DE AZEVEDO 237
2016,140,21,1,2,PSD,1074,PH COLÉGIO,RUA ALVARES DE AZEVEDO 237
2016,140,23,1,2,PSD,1074,PH COLÉGIO,RUA ALVARES DE AZEVEDO 237
2016,140,25,1,1,PSD,1082,ESCOLA DIVINA PROVIDENCIA,RUA TAVARES DE MACEDO 155
2016,140,26,1,2,PSD,1082,ESCOLA DIVINA PROVIDENCIA,RUA TAVARES DE MACEDO 155
2016,140,28,1,1,PSD,1082,ESCOLA DIVINA PROVIDENCIA,RUA TAVARES DE MACEDO 155
2016,140,29,1,2,PSD,1090,IGREJA DO SANTUARIO NACIONAL DAS ALMAS,RUA ALVARES DE AZEVEDO 237
2016,140,32,1,2,PSD,1090,IGREJA DO SANTUARIO NACIONAL DAS ALMAS,RUA ALVARES DE AZEVEDO 237
2016,140,33,1,4,PSD,1090,IGREJA DO SANTUARIO NACIONAL DAS ALMAS,RUA ALVARES DE AZEVEDO 237
2016,140,34,1,1,PSD,1090,IGREJA DO SANTUARIO NACIONAL DAS ALMAS,RUA ALVARES DE AZEVEDO 237
2016,140,36,1,2,PSD,1090,IGREJA DO SANTUARIO NACIONAL DAS ALMAS,RUA ALVARES DE AZEVEDO 237
2016,140,37,1,1,PSD,1155,ESCOLA MUNICIPAL JÚLIA CORTINES,CAMPO DE SÃO BENTO S/N
2016,140,4,1,1,PSD,1015,ESCOLA MUNICIPAL PROFESSOR PAULO DE ALMEIDA CAMPOS,"RUA PEREIRA DA SILVA, 50"
2016,140,40,1,1,PSD,1120,CLUBE CENTRAL,"AVENIDA JORNALISTA ALBERTO FRANCISCO TORRES,  335"
2016,140,41,1,2,PSD,1120,CLUBE CENTRAL,"AVENIDA JORNALISTA ALBERTO FRANCISCO TORRES,  335"
2016,140,44,1,1,PSD,1120,CLUBE CENTRAL,"AVENIDA JORNALISTA ALBERTO FRANCISCO TORRES,  335"
2016,140,45,1,2,PSD,1120,CLUBE CENTRAL,"AVENIDA JORNALISTA ALBERTO FRANCISCO TORRES,  335"
2016,140,46,1,2,PSD,1120,CLUBE CENTRAL,"AVENIDA JORNALISTA ALBERTO FRANCISCO TORRES,  335"
2016,140,47,1,2,PSD,1120,CLUBE CENTRAL,"AVENIDA JORNALISTA ALBERTO FRANCISCO TORRES,  335"
2016,140,48,1,3,PSD,1120,CLUBE CENTRAL,"AVENIDA JORNALISTA ALBERTO FRANCISCO TORRES,  335"
2016,140,49,1,1,PSD,1120,CLUBE CENTRAL,"AVENIDA JORNALISTA ALBERTO FRANCISCO TORRES,  335"
2016,140,5,1,3,PSD,1155,ESCOLA MUNICIPAL JÚLIA CORTINES,CAMPO DE SÃO BENTO S/N
2016,140,55,1,1,PSD,1139,COLEGIO ESTADUAL JOAQUIM TAVORA,CAMPO DE SAO BENTO S/N
2016,140,57,1,1,PSD,1139,COLEGIO ESTADUAL JOAQUIM TAVORA,CAMPO DE SAO BENTO S/N
2016,140,58,1,1,PSD,1139,COLEGIO ESTADUAL JOAQUIM TAVORA,CAMPO DE SAO BENTO S/N
2016,140,6,1,1,PSD,1155,ESCOLA MUNICIPAL JÚLIA CORTINES,CAMPO DE SÃO BENTO S/N
2016,140,60,1,1,PSD,1139,COLEGIO ESTADUAL JOAQUIM TAVORA,CAMPO DE SAO BENTO S/N
2016,140,61,1,3,PSD,1139,COLEGIO ESTADUAL JOAQUIM TAVORA,CAMPO DE SAO BENTO S/N
2016,140,63,1,1,PSD,1139,COLEGIO ESTADUAL JOAQUIM TAVORA,CAMPO DE SAO BENTO S/N
2016,140,67,1,1,PSD,1120,CLUBE CENTRAL,"AVENIDA JORNALISTA ALBERTO FRANCISCO TORRES,  335"
2016,140,68,1,2,PSD,1120,CLUBE CENTRAL,"AVENIDA JORNALISTA ALBERTO FRANCISCO TORRES,  335"
2016,140,7,1,1,PSD,1155,ESCOLA MUNICIPAL JÚLIA CORTINES,CAMPO DE SÃO BENTO S/N
2016,140,76,1,1,PSD,1155,ESCOLA MUNICIPAL JÚLIA CORTINES,CAMPO DE SÃO BENTO S/N
2016,140,77,1,1,PSD,1163,SOCIEDADE BRASILEIRA DE CULTURA INGLESA,RUA OTAVIO CARNEIRO 23
2016,140,78,1,1,PSD,1163,SOCIEDADE BRASILEIRA DE CULTURA INGLESA,RUA OTAVIO CARNEIRO 23
2016,140,8,1,1,PSD,1155,ESCOLA MUNICIPAL JÚLIA CORTINES,CAMPO DE SÃO BENTO S/N
2016,140,83,1,1,PSD,1155,ESCOLA MUNICIPAL JÚLIA CORTINES,CAMPO DE SÃO BENTO S/N
2016,140,84,1,1,PSD,1155,ESCOLA MUNICIPAL JÚLIA CORTINES,CAMPO DE SÃO BENTO S/N
2016,140,86,1,1,PSD,1155,ESCOLA MUNICIPAL JÚLIA CORTINES,CAMPO DE SÃO BENTO S/N
2016,140,87,1,1,PSD,1040,BANCO ITAU,RUA GAVIAO PEIXOTO 166
2016,140,89,1,1,PSD,1074,PH COLÉGIO,RUA ALVARES DE AZEVEDO 237
2016,140,9,1,1,PSD,1155,ESCOLA MUNICIPAL JÚLIA CORTINES,CAMPO DE SÃO BENTO S/N
2016,140,90,1,1,PSD,1163,SOCIEDADE BRASILEIRA DE CULTURA INGLESA,RUA OTAVIO CARNEIRO 23
2016,140,91,1,1,PSD,1180,CENTRO MODERNO ALZIRA BITTENCOURT,"RUA MEM DE SÁ, 71"
2016,142,1,1,1,PSD,1015,ESCOLA VIVINFÂNCIA,RUA GAVIÃO PEIXOTO 384
2016,142,10,1,2,PSD,1058,COLÉGIO MV1,RUA GAVIÃO PEIXOTO 398
2016,142,100,1,1,PSD,1201,AABB,RUA HÉLIO DA SILVA CARNEIRO 78
2016,142,101,1,1,PSD,1201,AABB,RUA HÉLIO DA SILVA CARNEIRO 78
2016,142,103,1,1,PSD,1201,AABB,RUA HÉLIO DA SILVA CARNEIRO 78
2016,142,104,1,1,PSD,1201,AABB,RUA HÉLIO DA SILVA CARNEIRO 78
2016,142,105,1,2,PSD,1201,AABB,RUA HÉLIO DA SILVA CARNEIRO 78
2016,142,106,1,2,PSD,1201,AABB,RUA HÉLIO DA SILVA CARNEIRO 78
2016,142,107,1,1,PSD,1210,CIEP 449,AVENIDA CARLOS ERMELINDO MARINS S/N
2016,142,108,1,3,PSD,1210,CIEP 449,AVENIDA CARLOS ERMELINDO MARINS S/N
2016,142,109,1,3,PSD,1210,CIEP 449,AVENIDA CARLOS ERMELINDO MARINS S/N
2016,142,11,1,1,PSD,1058,COLÉGIO MV1,RUA GAVIÃO PEIXOTO 398
2016,142,111,1,1,PSD,1244,COLÉGIO ASSUNÇÃO,RUA GENERAL RONDON 842
2016,142,112,1,1,PSD,1244,COLÉGIO ASSUNÇÃO,RUA GENERAL RONDON 842
2016,142,113,1,1,PSD,1244,COLÉGIO ASSUNÇÃO,RUA GENERAL RONDON 842
2016,142,114,1,1,PSD,1244,COLÉGIO ASSUNÇÃO,RUA GENERAL RONDON 842
2016,142,116,1,1,PSD,1210,CIEP 449,AVENIDA CARLOS ERMELINDO MARINS S/N
2016,142,117,1,1,PSD,1210,CIEP 449,AVENIDA CARLOS ERMELINDO MARINS S/N
2016,142,119,1,1,PSD,1244,COLÉGIO ASSUNÇÃO,RUA GENERAL RONDON 842
2016,142,122,1,1,PSD,1244,COLÉGIO ASSUNÇÃO,RUA GENERAL RONDON 842
2016,142,123,1,1,PSD,1244,COLÉGIO ASSUNÇÃO,RUA GENERAL RONDON 842
2016,142,124,1,1,PSD,1244,COLÉGIO ASSUNÇÃO,RUA GENERAL RONDON 842
2016,142,125,1,2,PSD,1244,COLÉGIO ASSUNÇÃO,RUA GENERAL RONDON 842
2016,142,126,1,5,PSD,1252,ESCOLA ESTADUAL CIZÍNIO SOARES PINTO,RUA PRESIDENTE ROOSEVELT 2
2016,142,127,1,3,PSD,1252,ESCOLA ESTADUAL CIZÍNIO SOARES PINTO,RUA PRESIDENTE ROOSEVELT 2
2016,142,128,1,2,PSD,1252,ESCOLA ESTADUAL CIZÍNIO SOARES PINTO,RUA PRESIDENTE ROOSEVELT 2
2016,142,129,1,14,PSD,1252,ESCOLA ESTADUAL CIZÍNIO SOARES PINTO,RUA PRESIDENTE ROOSEVELT 2
2016,142,13,1,3,PSD,1058,COLÉGIO MV1,RUA GAVIÃO PEIXOTO 398
2016,142,130,1,1,PSD,1260,COLÉGIO GAY-LUSSAC,RUA MARIA CALDAS 35
2016,142,131,1,2,PSD,1260,COLÉGIO GAY-LUSSAC,RUA MARIA CALDAS 35
2016,142,134,1,3,PSD,1260,COLÉGIO GAY-LUSSAC,RUA MARIA CALDAS 35
2016,142,136,1,1,PSD,1260,COLÉGIO GAY-LUSSAC,RUA MARIA CALDAS 35
2016,142,137,1,6,PSD,1252,ESCOLA ESTADUAL CIZÍNIO SOARES PINTO,RUA PRESIDENTE ROOSEVELT 2
2016,142,138,1,8,PSD,1252,ESCOLA ESTADUAL CIZÍNIO SOARES PINTO,RUA PRESIDENTE ROOSEVELT 2
2016,142,139,1,13,PSD,1252,ESCOLA ESTADUAL CIZÍNIO SOARES PINTO,RUA PRESIDENTE ROOSEVELT 2
2016,142,14,1,2,PSD,1058,COLÉGIO MV1,RUA GAVIÃO PEIXOTO 398
2016,142,142,1,1,PSD,1180,CLUBE NAVAL,AVENIDA CARLOS ERMELINDO MARINS 68
2016,142,144,1,1,PSD,1244,COLÉGIO ASSUNÇÃO,RUA GENERAL RONDON 842
2016,142,145,1,2,PSD,1201,AABB,RUA HÉLIO DA SILVA CARNEIRO 78
2016,142,146,1,2,PSD,1031,ÁGUAS DE NITERÓI,RUA LEMOS CUNHA 510
2016,142,147,1,2,PSD,1244,COLÉGIO ASSUNÇÃO,RUA GENERAL RONDON 842
2016,142,15,1,1,PSD,1058,COLÉGIO MV1,RUA GAVIÃO PEIXOTO 398
2016,142,150,1,13,PSD,1198,CENTRO DE ARTES E ESPORTES UNIFICADOS ISMAEL SILVA,"AV. CARLOS ERMELINDO MARINS, 34"
2016,142,152,1,7,PSD,1198,CENTRO DE ARTES E ESPORTES UNIFICADOS ISMAEL SILVA,"AV. CARLOS ERMELINDO MARINS, 34"
2016,142,153,1,1,PSD,1279,ESCOLA MUNICIPAL HELENA ANTIPOFF,RUA RUI BARBOSA 710
2016,142,154,1,1,PSD,1031,ÁGUAS DE NITERÓI,RUA LEMOS CUNHA 510
2016,142,155,1,2,PSD,1112,COLÉGIO GAUSS,AV. ALMIRANTE ARY PARREIRAS 73
2016,142,156,1,1,PSD,1210,CIEP 449,AVENIDA CARLOS ERMELINDO MARINS S/N
2016,142,157,1,4,PSD,1198,CENTRO DE ARTES E ESPORTES UNIFICADOS ISMAEL SILVA,"AV. CARLOS ERMELINDO MARINS, 34"
2016,142,158,1,2,PSD,1112,COLÉGIO GAUSS,AV. ALMIRANTE ARY PARREIRAS 73
2016,142,159,1,2,PSD,1279,ESCOLA MUNICIPAL HELENA ANTIPOFF,RUA RUI BARBOSA 710
2016,142,160,1,3,PSD,1180,CLUBE NAVAL,AVENIDA CARLOS ERMELINDO MARINS 68
2016,142,161,1,3,PSD,1210,CIEP 449,AVENIDA CARLOS ERMELINDO MARINS S/N
2016,142,162,1,2,PSD,1112,COLÉGIO GAUSS,AV. ALMIRANTE ARY PARREIRAS 73
2016,142,17,1,1,PSD,1058,COLÉGIO MV1,RUA GAVIÃO PEIXOTO 398
2016,142,18,1,1,PSD,1058,COLÉGIO MV1,RUA GAVIÃO PEIXOTO 398
2016,142,19,1,1,PSD,1058,COLÉGIO MV1,RUA GAVIÃO PEIXOTO 398
2016,142,2,1,2,PSD,1015,ESCOLA VIVINFÂNCIA,RUA GAVIÃO PEIXOTO 384
2016,142,20,1,1,PSD,1058,COLÉGIO MV1,RUA GAVIÃO PEIXOTO 398
2016,142,3,1,1,PSD,1058,COLÉGIO MV1,RUA GAVIÃO PEIXOTO 398
2016,142,5,1,2,PSD,1031,ÁGUAS DE NITERÓI,RUA LEMOS CUNHA 510
2016,142,51,1,4,PSD,1090,COLÉGIO PONTO DE ENSINO,RUA OSWALDO CRUZ 32
2016,142,52,1,1,PSD,1090,COLÉGIO PONTO DE ENSINO,RUA OSWALDO CRUZ 32
2016,142,53,1,1,PSD,1090,COLÉGIO PONTO DE ENSINO,RUA OSWALDO CRUZ 32
2016,142,54,1,1,PSD,1090,COLÉGIO PONTO DE ENSINO,RUA OSWALDO CRUZ 32
2016,142,55,1,2,PSD,1090,COLÉGIO PONTO DE ENSINO,RUA OSWALDO CRUZ 32
2016,142,56,1,1,PSD,1090,COLÉGIO PONTO DE ENSINO,RUA OSWALDO CRUZ 32
2016,142,57,1,1,PSD,1090,COLÉGIO PONTO DE ENSINO,RUA OSWALDO CRUZ 32
2016,142,58,1,3,PSD,1058,COLÉGIO MV1,RUA GAVIÃO PEIXOTO 398
2016,142,59,1,1,PSD,1058,COLÉGIO MV1,RUA GAVIÃO PEIXOTO 398
2016,142,6,1,3,PSD,1031,ÁGUAS DE NITERÓI,RUA LEMOS CUNHA 510
2016,142,60,1,2,PSD,1058,COLÉGIO MV1,RUA GAVIÃO PEIXOTO 398
2016,142,61,1,1,PSD,1112,COLÉGIO GAUSS,AV. ALMIRANTE ARY PARREIRAS 73
2016,142,63,1,4,PSD,1112,COLÉGIO GAUSS,AV. ALMIRANTE ARY PARREIRAS 73
2016,142,64,1,1,PSD,1112,COLÉGIO GAUSS,AV. ALMIRANTE ARY PARREIRAS 73
2016,142,65,1,1,PSD,1112,COLÉGIO GAUSS,AV. ALMIRANTE ARY PARREIRAS 73
2016,142,71,1,2,PSD,1015,ESCOLA VIVINFÂNCIA,RUA GAVIÃO PEIXOTO 384
2016,142,72,1,1,PSD,1015,ESCOLA VIVINFÂNCIA,RUA GAVIÃO PEIXOTO 384
2016,142,74,1,1,PSD,1058,COLÉGIO MV1,RUA GAVIÃO PEIXOTO 398
2016,142,88,1,4,PSD,1180,CLUBE NAVAL,AVENIDA CARLOS ERMELINDO MARINS 68
2016,142,89,1,2,PSD,1180,CLUBE NAVAL,AVENIDA CARLOS ERMELINDO MARINS 68
2016,142,90,1,3,PSD,1180,CLUBE NAVAL,AVENIDA CARLOS ERMELINDO MARINS 68
2016,142,91,1,3,PSD,1180,CLUBE NAVAL,AVENIDA CARLOS ERMELINDO MARINS 68
2016,142,92,1,6,PSD,1180,CLUBE NAVAL,AVENIDA CARLOS ERMELINDO MARINS 68
2016,142,93,1,1,PSD,1180,CLUBE NAVAL,AVENIDA CARLOS ERMELINDO MARINS 68
2016,142,94,1,5,PSD,1180,CLUBE NAVAL,AVENIDA CARLOS ERMELINDO MARINS 68
2016,142,95,1,3,PSD,1180,CLUBE NAVAL,AVENIDA CARLOS ERMELINDO MARINS 68
2016,142,96,1,5,PSD,1198,CENTRO DE ARTES E ESPORTES UNIFICADOS ISMAEL SILVA,"AV. CARLOS ERMELINDO MARINS, 34"
2016,142,97,1,9,PSD,1198,CENTRO DE ARTES E ESPORTES UNIFICADOS ISMAEL SILVA,"AV. CARLOS ERMELINDO MARINS, 34"
2016,142,98,1,16,PSD,1198,CENTRO DE ARTES E ESPORTES UNIFICADOS ISMAEL SILVA,"AV. CARLOS ERMELINDO MARINS, 34"
2016,142,99,1,17,PSD,1198,CENTRO DE ARTES E ESPORTES UNIFICADOS ISMAEL SILVA,"AV. CARLOS ERMELINDO MARINS, 34"
2016,143,1,1,3,PSD,1082,ESCOLA ESTADUAL MACHADO DE ASSIS,RUA DESEMBARGADOR LIMA CASTRO 97
2016,143,10,1,1,PSD,1147,ESCOLA MUNICIPAL PROFESSOR PAULO FREIRE,RUA SOARES DE MIRANDA 77
2016,143,100,1,2,PSD,1180,SERVICO DE ASSISTENCIA SOCIAL SAO DOMINGOS SAVIO,RUA MARTINS TORRES 223
2016,143,101,1,3,PSD,1074,ESCOLA ESTADUAL DOUTOR JAYME MEMORIA,RUA NORONHA TORREZAO 625
2016,143,102,1,8,PSD,1058,INSTITUTO SÃO BENTO DE NITEROI,RUA VEREADOR DUQUE ESTRADA 28
2016,143,103,1,1,PSD,1058,INSTITUTO SÃO BENTO DE NITEROI,RUA VEREADOR DUQUE ESTRADA 28
2016,143,104,1,1,PSD,1198,LBV LEGIÃO DA BOA VONTADE,ALAMEDA SÃO BOAVENTURA 474
2016,143,105,1,1,PSD,1058,INSTITUTO SÃO BENTO DE NITEROI,RUA VEREADOR DUQUE ESTRADA 28
2016,143,106,1,1,PSD,1180,SERVICO DE ASSISTENCIA SOCIAL SAO DOMINGOS SAVIO,RUA MARTINS TORRES 223
2016,143,107,1,1,PSD,1201,ESCOLA MUNICIPAL SEBASTIANA GONÇALVES PINHO,ESTRADA VIÇOSO JARDIM S/N
2016,143,108,1,1,PSD,1082,ESCOLA ESTADUAL MACHADO DE ASSIS,RUA DESEMBARGADOR LIMA CASTRO 97
2016,143,11,1,2,PSD,1147,ESCOLA MUNICIPAL PROFESSOR PAULO FREIRE,RUA SOARES DE MIRANDA 77
2016,143,12,1,3,PSD,1112,ESCOLA ESTADUAL HILARIO RIBEIRO,ALAMEDA SAO BOAVENTURA 794
2016,143,14,1,2,PSD,1112,ESCOLA ESTADUAL HILARIO RIBEIRO,ALAMEDA SAO BOAVENTURA 794
2016,143,15,1,2,PSD,1058,INSTITUTO SÃO BENTO DE NITEROI,RUA VEREADOR DUQUE ESTRADA 28
2016,143,17,1,1,PSD,1058,INSTITUTO SÃO BENTO DE NITEROI,RUA VEREADOR DUQUE ESTRADA 28
2016,143,18,1,5,PSD,1082,ESCOLA ESTADUAL MACHADO DE ASSIS,RUA DESEMBARGADOR LIMA CASTRO 97
2016,143,19,1,1,PSD,1082,ESCOLA ESTADUAL MACHADO DE ASSIS,RUA DESEMBARGADOR LIMA CASTRO 97
2016,143,2,1,2,PSD,1082,ESCOLA ESTADUAL MACHADO DE ASSIS,RUA DESEMBARGADOR LIMA CASTRO 97
2016,143,20,1,2,PSD,1074,ESCOLA ESTADUAL DOUTOR JAYME MEMORIA,RUA NORONHA TORREZAO 625
2016,143,21,1,1,PSD,1074,ESCOLA ESTADUAL DOUTOR JAYME MEMORIA,RUA NORONHA TORREZAO 625
2016,143,22,1,2,PSD,1074,ESCOLA ESTADUAL DOUTOR JAYME MEMORIA,RUA NORONHA TORREZAO 625
2016,143,23,1,4,PSD,1074,ESCOLA ESTADUAL DOUTOR JAYME MEMORIA,RUA NORONHA TORREZAO 625
2016,143,24,1,2,PSD,1074,ESCOLA ESTADUAL DOUTOR JAYME MEMORIA,RUA NORONHA TORREZAO 625
2016,143,25,1,2,PSD,1074,ESCOLA ESTADUAL DOUTOR JAYME MEMORIA,RUA NORONHA TORREZAO 625
2016,143,26,1,3,PSD,1074,ESCOLA ESTADUAL DOUTOR JAYME MEMORIA,RUA NORONHA TORREZAO 625
2016,143,28,1,2,PSD,1082,ESCOLA ESTADUAL MACHADO DE ASSIS,RUA DESEMBARGADOR LIMA CASTRO 97
2016,143,29,1,3,PSD,1082,ESCOLA ESTADUAL MACHADO DE ASSIS,RUA DESEMBARGADOR LIMA CASTRO 97
2016,143,30,1,1,PSD,1082,ESCOLA ESTADUAL MACHADO DE ASSIS,RUA DESEMBARGADOR LIMA CASTRO 97
2016,143,31,1,2,PSD,1082,ESCOLA ESTADUAL MACHADO DE ASSIS,RUA DESEMBARGADOR LIMA CASTRO 97
2016,143,32,1,1,PSD,1198,LBV LEGIÃO DA BOA VONTADE,ALAMEDA SÃO BOAVENTURA 474
2016,143,33,1,3,PSD,1198,LBV LEGIÃO DA BOA VONTADE,ALAMEDA SÃO BOAVENTURA 474
2016,143,34,1,3,PSD,1198,LBV LEGIÃO DA BOA VONTADE,ALAMEDA SÃO BOAVENTURA 474
2016,143,35,1,3,PSD,1120,ESCOLA ESTADUAL JOSE BONIFACIO,RUA CARLOS MAXIMIANO 20
2016,143,36,1,3,PSD,1147,ESCOLA MUNICIPAL PROFESSOR PAULO FREIRE,RUA SOARES DE MIRANDA 77
2016,143,37,1,2,PSD,1147,ESCOLA MUNICIPAL PROFESSOR PAULO FREIRE,RUA SOARES DE MIRANDA 77
2016,143,38,1,1,PSD,1147,ESCOLA MUNICIPAL PROFESSOR PAULO FREIRE,RUA SOARES DE MIRANDA 77
2016,143,4,1,1,PSD,1058,INSTITUTO SÃO BENTO DE NITEROI,RUA VEREADOR DUQUE ESTRADA 28
2016,143,40,1,3,PSD,1112,ESCOLA ESTADUAL HILARIO RIBEIRO,ALAMEDA SAO BOAVENTURA 794
2016,143,42,1,4,PSD,1112,ESCOLA ESTADUAL HILARIO RIBEIRO,ALAMEDA SAO BOAVENTURA 794
2016,143,44,1,9,PSD,1120,ESCOLA ESTADUAL JOSE BONIFACIO,RUA CARLOS MAXIMIANO 20
2016,143,45,1,4,PSD,1120,ESCOLA ESTADUAL JOSE BONIFACIO,RUA CARLOS MAXIMIANO 20
2016,143,46,1,6,PSD,1120,ESCOLA ESTADUAL JOSE BONIFACIO,RUA CARLOS MAXIMIANO 20
2016,143,47,1,5,PSD,1120,ESCOLA ESTADUAL JOSE BONIFACIO,RUA CARLOS MAXIMIANO 20
2016,143,48,1,4,PSD,1120,ESCOLA ESTADUAL JOSE BONIFACIO,RUA CARLOS MAXIMIANO 20
2016,143,49,1,7,PSD,1120,ESCOLA ESTADUAL JOSE BONIFACIO,RUA CARLOS MAXIMIANO 20
2016,143,5,1,1,PSD,1058,INSTITUTO SÃO BENTO DE NITEROI,RUA VEREADOR DUQUE ESTRADA 28
2016,143,50,1,6,PSD,1120,ESCOLA ESTADUAL JOSE BONIFACIO,RUA CARLOS MAXIMIANO 20
2016,143,51,1,12,PSD,1120,ESCOLA ESTADUAL JOSE BONIFACIO,RUA CARLOS MAXIMIANO 20
2016,143,52,1,4,PSD,1120,ESCOLA ESTADUAL JOSE BONIFACIO,RUA CARLOS MAXIMIANO 20
2016,143,53,1,4,PSD,1120,ESCOLA ESTADUAL JOSE BONIFACIO,RUA CARLOS MAXIMIANO 20
2016,143,54,1,3,PSD,1112,ESCOLA ESTADUAL HILARIO RIBEIRO,ALAMEDA SAO BOAVENTURA 794
2016,143,55,1,3,PSD,1112,ESCOLA ESTADUAL HILARIO RIBEIRO,ALAMEDA SAO BOAVENTURA 794
2016,143,56,1,1,PSD,1112,ESCOLA ESTADUAL HILARIO RIBEIRO,ALAMEDA SAO BOAVENTURA 794
2016,143,57,1,1,PSD,1112,ESCOLA ESTADUAL HILARIO RIBEIRO,ALAMEDA SAO BOAVENTURA 794
2016,143,58,1,2,PSD,1147,ESCOLA MUNICIPAL PROFESSOR PAULO FREIRE,RUA SOARES DE MIRANDA 77
2016,143,59,1,3,PSD,1147,ESCOLA MUNICIPAL PROFESSOR PAULO FREIRE,RUA SOARES DE MIRANDA 77
2016,143,6,1,5,PSD,1058,INSTITUTO SÃO BENTO DE NITEROI,RUA VEREADOR DUQUE ESTRADA 28
2016,143,60,1,2,PSD,1147,ESCOLA MUNICIPAL PROFESSOR PAULO FREIRE,RUA SOARES DE MIRANDA 77
2016,143,61,1,2,PSD,1147,ESCOLA MUNICIPAL PROFESSOR PAULO FREIRE,RUA SOARES DE MIRANDA 77
2016,143,62,1,1,PSD,1147,ESCOLA MUNICIPAL PROFESSOR PAULO FREIRE,RUA SOARES DE MIRANDA 77
2016,143,63,1,3,PSD,1112,ESCOLA ESTADUAL HILARIO RIBEIRO,ALAMEDA SAO BOAVENTURA 794
2016,143,64,1,2,PSD,1112,ESCOLA ESTADUAL HILARIO RIBEIRO,ALAMEDA SAO BOAVENTURA 794
2016,143,66,1,1,PSD,1163,SECRETARIA DE ESTADO DE AGRICULTURA E ABASTECIMENTO,ALAMEDA SAO BOAVENTURA 770  
2016,143,67,1,5,PSD,1163,SECRETARIA DE ESTADO DE AGRICULTURA E ABASTECIMENTO,ALAMEDA SAO BOAVENTURA 770  
2016,143,68,1,1,PSD,1163,SECRETARIA DE ESTADO DE AGRICULTURA E ABASTECIMENTO,ALAMEDA SAO BOAVENTURA 770  
2016,143,69,1,1,PSD,1163,SECRETARIA DE ESTADO DE AGRICULTURA E ABASTECIMENTO,ALAMEDA SAO BOAVENTURA 770  
2016,143,7,1,1,PSD,1147,ESCOLA MUNICIPAL PROFESSOR PAULO FREIRE,RUA SOARES DE MIRANDA 77
2016,143,70,1,3,PSD,1163,SECRETARIA DE ESTADO DE AGRICULTURA E ABASTECIMENTO,ALAMEDA SAO BOAVENTURA 770  
2016,143,71,1,3,PSD,1163,SECRETARIA DE ESTADO DE AGRICULTURA E ABASTECIMENTO,ALAMEDA SAO BOAVENTURA 770  
2016,143,72,1,1,PSD,1163,SECRETARIA DE ESTADO DE AGRICULTURA E ABASTECIMENTO,ALAMEDA SAO BOAVENTURA 770  
2016,143,73,1,3,PSD,1163,SECRETARIA DE ESTADO DE AGRICULTURA E ABASTECIMENTO,ALAMEDA SAO BOAVENTURA 770  
2016,143,74,1,2,PSD,1163,SECRETARIA DE ESTADO DE AGRICULTURA E ABASTECIMENTO,ALAMEDA SAO BOAVENTURA 770  
2016,143,75,1,1,PSD,1163,SECRETARIA DE ESTADO DE AGRICULTURA E ABASTECIMENTO,ALAMEDA SAO BOAVENTURA 770  
2016,143,76,1,1,PSD,1163,SECRETARIA DE ESTADO DE AGRICULTURA E ABASTECIMENTO,ALAMEDA SAO BOAVENTURA 770  
2016,143,77,1,1,PSD,1163,SECRETARIA DE ESTADO DE AGRICULTURA E ABASTECIMENTO,ALAMEDA SAO BOAVENTURA 770  
2016,143,78,1,4,PSD,1120,ESCOLA ESTADUAL JOSE BONIFACIO,RUA CARLOS MAXIMIANO 20
2016,143,79,1,3,PSD,1120,ESCOLA ESTADUAL JOSE BONIFACIO,RUA CARLOS MAXIMIANO 20
2016,143,8,1,1,PSD,1147,ESCOLA MUNICIPAL PROFESSOR PAULO FREIRE,RUA SOARES DE MIRANDA 77
2016,143,80,1,9,PSD,1120,ESCOLA ESTADUAL JOSE BONIFACIO,RUA CARLOS MAXIMIANO 20
2016,143,84,1,1,PSD,1180,SERVICO DE ASSISTENCIA SOCIAL SAO DOMINGOS SAVIO,RUA MARTINS TORRES 223
2016,143,85,1,1,PSD,1180,SERVICO DE ASSISTENCIA SOCIAL SAO DOMINGOS SAVIO,RUA MARTINS TORRES 223
2016,143,86,1,1,PSD,1147,ESCOLA MUNICIPAL PROFESSOR PAULO FREIRE,RUA SOARES DE MIRANDA 77
2016,143,87,1,1,PSD,1074,ESCOLA ESTADUAL DOUTOR JAYME MEMORIA,RUA NORONHA TORREZAO 625
2016,143,88,1,5,PSD,1120,ESCOLA ESTADUAL JOSE BONIFACIO,RUA CARLOS MAXIMIANO 20
2016,143,89,1,2,PSD,1082,ESCOLA ESTADUAL MACHADO DE ASSIS,RUA DESEMBARGADOR LIMA CASTRO 97
2016,143,91,1,2,PSD,1058,INSTITUTO SÃO BENTO DE NITEROI,RUA VEREADOR DUQUE ESTRADA 28
2016,143,92,1,3,PSD,1198,LBV LEGIÃO DA BOA VONTADE,ALAMEDA SÃO BOAVENTURA 474
2016,143,93,1,2,PSD,1082,ESCOLA ESTADUAL MACHADO DE ASSIS,RUA DESEMBARGADOR LIMA CASTRO 97
2016,143,94,1,2,PSD,1147,ESCOLA MUNICIPAL PROFESSOR PAULO FREIRE,RUA SOARES DE MIRANDA 77
2016,143,97,1,7,PSD,1198,LBV LEGIÃO DA BOA VONTADE,ALAMEDA SÃO BOAVENTURA 474
2016,143,99,1,2,PSD,1058,INSTITUTO SÃO BENTO DE NITEROI,RUA VEREADOR DUQUE ESTRADA 28
2016,144,1,1,6,PSD,1171,ESCOLA ESTADUAL MENEZES VIEIRA,RUA ASSIS DE VASCONCELOS N 30
2016,144,100,1,1,PSD,1236,COLÉGIO ESTADUAL MULLULO DA VEIGA,RUA CORONEL GUIMARÃES 505
2016,144,102,1,2,PSD,1236,COLÉGIO ESTADUAL MULLULO DA VEIGA,RUA CORONEL GUIMARÃES 505
2016,144,105,1,1,PSD,1317,IGREJA BATISTA BETEL DE NITERÓI,RUA DANIEL TORRES 72
2016,144,107,1,2,PSD,1350,PAROQUIA NOSSA SENHORA MAE DA DIVINA PROVIDENCIA,RUA DOM ANTONIO DE ALMEIDA MORAES JR. 125
2016,144,11,1,4,PSD,1031,COLÉGIO PEDRO II UNIDADE NITERÓI,RUA GENERAL CASTRIOTO S/N
2016,144,111,1,2,PSD,1350,PAROQUIA NOSSA SENHORA MAE DA DIVINA PROVIDENCIA,RUA DOM ANTONIO DE ALMEIDA MORAES JR. 125
2016,144,113,1,1,PSD,1252,ESCOLA MUNICIPAL ADELINO MAGALHÃES,"RUA DR. NELSON PENA, 17"
2016,144,114,1,3,PSD,1252,ESCOLA MUNICIPAL ADELINO MAGALHÃES,"RUA DR. NELSON PENA, 17"
2016,144,116,1,3,PSD,1210,TIO SAM ESPORTE CLUBE,RUA BENJAMIM CONSTANT 562
2016,144,117,1,2,PSD,1210,TIO SAM ESPORTE CLUBE,RUA BENJAMIM CONSTANT 562
2016,144,118,1,2,PSD,1210,TIO SAM ESPORTE CLUBE,RUA BENJAMIM CONSTANT 562
2016,144,119,1,3,PSD,1210,TIO SAM ESPORTE CLUBE,RUA BENJAMIM CONSTANT 562
2016,144,12,1,2,PSD,1201,OFICINAS DO SENAI,RUA GALVAO S/N
2016,144,120,1,1,PSD,1210,TIO SAM ESPORTE CLUBE,RUA BENJAMIM CONSTANT 562
2016,144,121,1,2,PSD,1210,TIO SAM ESPORTE CLUBE,RUA BENJAMIM CONSTANT 562
2016,144,122,1,1,PSD,1023,PAROQUIA DE SAO JOAO BATISTA,RUA DR. MARCH 666
2016,144,123,1,1,PSD,1171,ESCOLA ESTADUAL MENEZES VIEIRA,RUA ASSIS DE VASCONCELOS N 30
2016,144,127,1,2,PSD,1210,TIO SAM ESPORTE CLUBE,RUA BENJAMIM CONSTANT 562
2016,144,128,1,1,PSD,1236,COLÉGIO ESTADUAL MULLULO DA VEIGA,RUA CORONEL GUIMARÃES 505
2016,144,129,1,1,PSD,1236,COLÉGIO ESTADUAL MULLULO DA VEIGA,RUA CORONEL GUIMARÃES 505
2016,144,13,1,1,PSD,1031,COLÉGIO PEDRO II UNIDADE NITERÓI,RUA GENERAL CASTRIOTO S/N
2016,144,130,1,3,PSD,1104,ESCOLA MUNICIPAL ALTIVO CESAR,"RUA DR. LUIZ PALMIER, 25"
2016,144,131,1,1,PSD,1031,COLÉGIO PEDRO II UNIDADE NITERÓI,RUA GENERAL CASTRIOTO S/N
2016,144,134,1,2,PSD,1163,COLÉGIO ESTADUAL CONSELHEIRO MACEDO SOARES,RUA DR. MARCH 392
2016,144,136,1,1,PSD,1210,TIO SAM ESPORTE CLUBE,RUA BENJAMIM CONSTANT 562
2016,144,14,1,4,PSD,1031,COLÉGIO PEDRO II UNIDADE NITERÓI,RUA GENERAL CASTRIOTO S/N
2016,144,15,1,2,PSD,1031,COLÉGIO PEDRO II UNIDADE NITERÓI,RUA GENERAL CASTRIOTO S/N
2016,144,18,1,2,PSD,1171,ESCOLA ESTADUAL MENEZES VIEIRA,RUA ASSIS DE VASCONCELOS N 30
2016,144,19,1,1,PSD,1171,ESCOLA ESTADUAL MENEZES VIEIRA,RUA ASSIS DE VASCONCELOS N 30
2016,144,2,1,1,PSD,1023,PAROQUIA DE SAO JOAO BATISTA,RUA DR. MARCH 666
2016,144,23,1,3,PSD,1090,ESCOLA TÉCNICA ESTADUAL HENRIQUE LAGE,RUA GUIMARÃES JUNIOR 182
2016,144,25,1,1,PSD,1090,ESCOLA TÉCNICA ESTADUAL HENRIQUE LAGE,RUA GUIMARÃES JUNIOR 182
2016,144,26,1,2,PSD,1090,ESCOLA TÉCNICA ESTADUAL HENRIQUE LAGE,RUA GUIMARÃES JUNIOR 182
2016,144,28,1,1,PSD,1104,ESCOLA MUNICIPAL ALTIVO CESAR,"RUA DR. LUIZ PALMIER, 25"
2016,144,3,1,2,PSD,1023,PAROQUIA DE SAO JOAO BATISTA,RUA DR. MARCH 666
2016,144,30,1,2,PSD,1104,ESCOLA MUNICIPAL ALTIVO CESAR,"RUA DR. LUIZ PALMIER, 25"
2016,144,32,1,2,PSD,1104,ESCOLA MUNICIPAL ALTIVO CESAR,"RUA DR. LUIZ PALMIER, 25"
2016,144,33,1,3,PSD,1104,ESCOLA MUNICIPAL ALTIVO CESAR,"RUA DR. LUIZ PALMIER, 25"
2016,144,35,1,1,PSD,1112,ESCOLA MUNICIPAL TIRADENTES,"RUA DR. MARCH, 628"
2016,144,36,1,1,PSD,1112,ESCOLA MUNICIPAL TIRADENTES,"RUA DR. MARCH, 628"
2016,144,42,1,1,PSD,1082,ESCOLA TÉCNICA ESTADUAL HENRIQUE LAGE,RUA GUIMARÃES JUNIOR 182
2016,144,44,1,2,PSD,1163,COLÉGIO ESTADUAL CONSELHEIRO MACEDO SOARES,RUA DR. MARCH 392
2016,144,49,1,1,PSD,1163,COLÉGIO ESTADUAL CONSELHEIRO MACEDO SOARES,RUA DR. MARCH 392
2016,144,5,1,1,PSD,1031,COLÉGIO PEDRO II UNIDADE NITERÓI,RUA GENERAL CASTRIOTO S/N
2016,144,51,1,1,PSD,1163,COLÉGIO ESTADUAL CONSELHEIRO MACEDO SOARES,RUA DR. MARCH 392
2016,144,52,1,5,PSD,1171,ESCOLA ESTADUAL MENEZES VIEIRA,RUA ASSIS DE VASCONCELOS N 30
2016,144,54,1,3,PSD,1171,ESCOLA ESTADUAL MENEZES VIEIRA,RUA ASSIS DE VASCONCELOS N 30
2016,144,55,1,3,PSD,1201,OFICINAS DO SENAI,RUA GALVAO S/N
2016,144,58,1,2,PSD,1104,ESCOLA MUNICIPAL ALTIVO CESAR,"RUA DR. LUIZ PALMIER, 25"
2016,144,59,1,2,PSD,1104,ESCOLA MUNICIPAL ALTIVO CESAR,"RUA DR. LUIZ PALMIER, 25"
2016,144,6,1,1,PSD,1031,COLÉGIO PEDRO II UNIDADE NITERÓI,RUA GENERAL CASTRIOTO S/N
2016,144,60,1,2,PSD,1201,OFICINAS DO SENAI,RUA GALVAO S/N
2016,144,62,1,2,PSD,1210,TIO SAM ESPORTE CLUBE,RUA BENJAMIM CONSTANT 562
2016,144,64,1,3,PSD,1210,TIO SAM ESPORTE CLUBE,RUA BENJAMIM CONSTANT 562
2016,144,65,1,5,PSD,1210,TIO SAM ESPORTE CLUBE,RUA BENJAMIM CONSTANT 562
2016,144,67,1,1,PSD,1236,COLÉGIO ESTADUAL MULLULO DA VEIGA,RUA CORONEL GUIMARÃES 505
2016,144,7,1,2,PSD,1031,COLÉGIO PEDRO II UNIDADE NITERÓI,RUA GENERAL CASTRIOTO S/N
2016,144,70,1,1,PSD,1236,COLÉGIO ESTADUAL MULLULO DA VEIGA,RUA CORONEL GUIMARÃES 505
2016,144,72,1,1,PSD,1236,COLÉGIO ESTADUAL MULLULO DA VEIGA,RUA CORONEL GUIMARÃES 505
2016,144,73,1,2,PSD,1236,COLÉGIO ESTADUAL MULLULO DA VEIGA,RUA CORONEL GUIMARÃES 505
2016,144,76,1,2,PSD,1406,COLÉGIO NITERÓI,"RUA  VEREADOR JOSÉ VICENTE SOBRINHO, 269"
2016,144,8,1,3,PSD,1031,COLÉGIO PEDRO II UNIDADE NITERÓI,RUA GENERAL CASTRIOTO S/N
2016,144,80,1,1,PSD,1406,COLÉGIO NITERÓI,"RUA  VEREADOR JOSÉ VICENTE SOBRINHO, 269"
2016,144,83,1,2,PSD,1252,ESCOLA MUNICIPAL ADELINO MAGALHÃES,"RUA DR. NELSON PENA, 17"
2016,144,84,1,1,PSD,1252,ESCOLA MUNICIPAL ADELINO MAGALHÃES,"RUA DR. NELSON PENA, 17"
2016,144,85,1,3,PSD,1252,ESCOLA MUNICIPAL ADELINO MAGALHÃES,"RUA DR. NELSON PENA, 17"
2016,144,86,1,6,PSD,1252,ESCOLA MUNICIPAL ADELINO MAGALHÃES,"RUA DR. NELSON PENA, 17"
2016,144,87,1,1,PSD,1252,ESCOLA MUNICIPAL ADELINO MAGALHÃES,"RUA DR. NELSON PENA, 17"
2016,144,88,1,1,PSD,1317,IGREJA BATISTA BETEL DE NITERÓI,RUA DANIEL TORRES 72
2016,144,89,1,1,PSD,1317,IGREJA BATISTA BETEL DE NITERÓI,RUA DANIEL TORRES 72
2016,144,9,1,3,PSD,1031,COLÉGIO PEDRO II UNIDADE NITERÓI,RUA GENERAL CASTRIOTO S/N
2016,144,90,1,1,PSD,1317,IGREJA BATISTA BETEL DE NITERÓI,RUA DANIEL TORRES 72
2016,144,91,1,3,PSD,1252,ESCOLA MUNICIPAL ADELINO MAGALHÃES,"RUA DR. NELSON PENA, 17"
2016,144,93,1,5,PSD,1252,ESCOLA MUNICIPAL ADELINO MAGALHÃES,"RUA DR. NELSON PENA, 17"
2016,144,95,1,1,PSD,1236,COLÉGIO ESTADUAL MULLULO DA VEIGA,RUA CORONEL GUIMARÃES 505
2016,144,96,1,1,PSD,1236,COLÉGIO ESTADUAL MULLULO DA VEIGA,RUA CORONEL GUIMARÃES 505
2016,144,98,1,1,PSD,1236,COLÉGIO ESTADUAL MULLULO DA VEIGA,RUA CORONEL GUIMARÃES 505
2016,144,99,1,1,PSD,1236,COLÉGIO ESTADUAL MULLULO DA VEIGA,RUA CORONEL GUIMARÃES 505
2016,199,1,1,3,PSD,1015,COUNTRY CLUB DE NITEROI,RUA CHILE 135
2016,199,100,1,3,PSD,1155,COLEGIO ITAPUCA,"AV. ERNANI DE FARIAS ALVES, N 124 TREVO DE PIRATININGA"
2016,199,101,1,5,PSD,1112,COLÉGIO SALESIANO REGIÃO OCEÂNICA,"RUA DOUTOR CORNÉLIO DE MELLO JÚNIOR, 117"
2016,199,102,1,1,PSD,1198,ESCOLA ESTADUAL RUI FRAZAO SOARES - CIEP 448,ESTRADA DO ENGENHO DO MATO S/N - PRACA
2016,199,104,1,2,PSD,1155,COLEGIO ITAPUCA,"AV. ERNANI DE FARIAS ALVES, N 124 TREVO DE PIRATININGA"
2016,199,105,1,5,PSD,1244,CURSO LAPLACE,"RUA MANOEL PACHECO DE CARVALHO, N 80"
2016,199,106,1,1,PSD,1082,COLÉGIO CENECISTA ATHAYDE PARREIRAS,"EST. FRANCISCO DA CRUZ NUNES, 7245"
2016,199,107,1,6,PSD,1198,ESCOLA ESTADUAL RUI FRAZAO SOARES - CIEP 448,ESTRADA DO ENGENHO DO MATO S/N - PRACA
2016,199,108,1,3,PSD,1082,COLÉGIO CENECISTA ATHAYDE PARREIRAS,"EST. FRANCISCO DA CRUZ NUNES, 7245"
2016,199,109,1,1,PSD,1074,COLÉGIO GAUSS EM ITAIPU,AVENIDA FREI FABIANO N 155 LOT SANTO ANTÔNIO ITAIPU
2016,199,11,1,3,PSD,1031,ESCOLA MUNICIPAL HONORINA DE CARVALHO,RUA PROF. JOSE PECANHA S/N
2016,199,111,1,6,PSD,1112,COLÉGIO SALESIANO REGIÃO OCEÂNICA,"RUA DOUTOR CORNÉLIO DE MELLO JÚNIOR, 117"
2016,199,114,1,6,PSD,1198,ESCOLA ESTADUAL RUI FRAZAO SOARES - CIEP 448,ESTRADA DO ENGENHO DO MATO S/N - PRACA
2016,199,115,1,1,PSD,1244,CURSO LAPLACE,"RUA MANOEL PACHECO DE CARVALHO, N 80"
2016,199,116,1,5,PSD,1090,ESCOLA ESTADUAL PROF. ALCINA RODRIGUES LIMA,"ESTRADA FRANCISCO DA CRUZ NUNES, S/N"
2016,199,117,1,5,PSD,1155,COLEGIO ITAPUCA,"AV. ERNANI DE FARIAS ALVES, N 124 TREVO DE PIRATININGA"
2016,199,118,1,8,PSD,1112,COLÉGIO SALESIANO REGIÃO OCEÂNICA,"RUA DOUTOR CORNÉLIO DE MELLO JÚNIOR, 117"
2016,199,119,1,5,PSD,1066,ITACOATIARA PAMPO CLUBE,AV. BEIRA MAR 205
2016,199,12,1,1,PSD,1031,ESCOLA MUNICIPAL HONORINA DE CARVALHO,RUA PROF. JOSE PECANHA S/N
2016,199,120,1,1,PSD,1015,COUNTRY CLUB DE NITEROI,RUA CHILE 135
2016,199,121,1,6,PSD,1198,ESCOLA ESTADUAL RUI FRAZAO SOARES - CIEP 448,ESTRADA DO ENGENHO DO MATO S/N - PRACA
2016,199,123,1,2,PSD,1139,ESCOLA MUNICIPAL FRANCISCO PORTUGAL NEVES,"RUA MANOEL PACHECO DE CARVALHO, N 14 TREVO DE PIRATININGA"
2016,199,124,1,2,PSD,1082,COLÉGIO CENECISTA ATHAYDE PARREIRAS,"EST. FRANCISCO DA CRUZ NUNES, 7245"
2016,199,125,1,2,PSD,1031,ESCOLA MUNICIPAL HONORINA DE CARVALHO,RUA PROF. JOSE PECANHA S/N
2016,199,126,1,6,PSD,1198,ESCOLA ESTADUAL RUI FRAZAO SOARES - CIEP 448,ESTRADA DO ENGENHO DO MATO S/N - PRACA
2016,199,127,1,4,PSD,1090,ESCOLA ESTADUAL PROF. ALCINA RODRIGUES LIMA,"ESTRADA FRANCISCO DA CRUZ NUNES, S/N"
2016,199,129,1,4,PSD,1155,COLEGIO ITAPUCA,"AV. ERNANI DE FARIAS ALVES, N 124 TREVO DE PIRATININGA"
2016,199,13,1,2,PSD,1031,ESCOLA MUNICIPAL HONORINA DE CARVALHO,RUA PROF. JOSE PECANHA S/N
2016,199,130,1,5,PSD,1198,ESCOLA ESTADUAL RUI FRAZAO SOARES - CIEP 448,ESTRADA DO ENGENHO DO MATO S/N - PRACA
2016,199,132,1,6,PSD,1155,COLEGIO ITAPUCA,"AV. ERNANI DE FARIAS ALVES, N 124 TREVO DE PIRATININGA"
2016,199,133,1,4,PSD,1198,ESCOLA ESTADUAL RUI FRAZAO SOARES - CIEP 448,ESTRADA DO ENGENHO DO MATO S/N - PRACA
2016,199,135,1,2,PSD,1090,ESCOLA ESTADUAL PROF. ALCINA RODRIGUES LIMA,"ESTRADA FRANCISCO DA CRUZ NUNES, S/N"
2016,199,136,1,5,PSD,1244,CURSO LAPLACE,"RUA MANOEL PACHECO DE CARVALHO, N 80"
2016,199,138,1,7,PSD,1112,COLÉGIO SALESIANO REGIÃO OCEÂNICA,"RUA DOUTOR CORNÉLIO DE MELLO JÚNIOR, 117"
2016,199,139,1,4,PSD,1198,ESCOLA ESTADUAL RUI FRAZAO SOARES - CIEP 448,ESTRADA DO ENGENHO DO MATO S/N - PRACA
2016,199,140,1,3,PSD,1074,COLÉGIO GAUSS EM ITAIPU,AVENIDA FREI FABIANO N 155 LOT SANTO ANTÔNIO ITAIPU
2016,199,141,1,1,PSD,1082,COLÉGIO CENECISTA ATHAYDE PARREIRAS,"EST. FRANCISCO DA CRUZ NUNES, 7245"
2016,199,142,1,3,PSD,1317,COLÉGIO PAULO FREIRE,"AVENIDA IRENE LOPES SODRÉ, N22"
2016,199,143,1,3,PSD,1155,COLEGIO ITAPUCA,"AV. ERNANI DE FARIAS ALVES, N 124 TREVO DE PIRATININGA"
2016,199,144,1,4,PSD,1139,ESCOLA MUNICIPAL FRANCISCO PORTUGAL NEVES,"RUA MANOEL PACHECO DE CARVALHO, N 14 TREVO DE PIRATININGA"
2016,199,145,1,3,PSD,1090,ESCOLA ESTADUAL PROF. ALCINA RODRIGUES LIMA,"ESTRADA FRANCISCO DA CRUZ NUNES, S/N"
2016,199,147,1,5,PSD,1112,COLÉGIO SALESIANO REGIÃO OCEÂNICA,"RUA DOUTOR CORNÉLIO DE MELLO JÚNIOR, 117"
2016,199,148,1,2,PSD,1031,ESCOLA MUNICIPAL HONORINA DE CARVALHO,RUA PROF. JOSE PECANHA S/N
2016,199,149,1,4,PSD,1198,ESCOLA ESTADUAL RUI FRAZAO SOARES - CIEP 448,ESTRADA DO ENGENHO DO MATO S/N - PRACA
2016,199,150,1,4,PSD,1066,ITACOATIARA PAMPO CLUBE,AV. BEIRA MAR 205
2016,199,151,1,6,PSD,1090,ESCOLA ESTADUAL PROF. ALCINA RODRIGUES LIMA,"ESTRADA FRANCISCO DA CRUZ NUNES, S/N"
2016,199,152,1,9,PSD,1260,COLÉGIO PLUZ,"RUA JOSÉ BITTENCOURT (ANT RUA 10 SOTER), N 20"
2016,199,153,1,4,PSD,1252,CIEP 307 -  DJANIRA,AV. EWERTON XAVIER S/N - PRACA
2016,199,154,1,2,PSD,1279,COLÉGIO SAINT NICHOLAS (EX INSTITUTO SARALÊ),"AVENIDA PROF CARLOS NELSON FERREIRA SANTOS(ANT AVENIDA 5) , 658"
2016,199,155,1,4,PSD,1112,COLÉGIO SALESIANO REGIÃO OCEÂNICA,"RUA DOUTOR CORNÉLIO DE MELLO JÚNIOR, 117"
2016,199,156,1,2,PSD,1155,COLEGIO ITAPUCA,"AV. ERNANI DE FARIAS ALVES, N 124 TREVO DE PIRATININGA"
2016,199,157,1,1,PSD,1015,COUNTRY CLUB DE NITEROI,RUA CHILE 135
2016,199,158,1,3,PSD,1287,ESCOLA MUNICPAL PROF MARCOS WALDEMAR DE FREITAS REIS,"RUA ANTONIO LUIZ SAIÃO, S/N ITAIPU"
2016,199,160,1,4,PSD,1120,ESCOLA ESTADUAL ALMIRANTE TAMANDARE,AV. ACURCIO TORRES S/N
2016,199,161,1,4,PSD,1260,COLÉGIO PLUZ,"RUA JOSÉ BITTENCOURT (ANT RUA 10 SOTER), N 20"
2016,199,162,1,1,PSD,1198,ESCOLA ESTADUAL RUI FRAZAO SOARES - CIEP 448,ESTRADA DO ENGENHO DO MATO S/N - PRACA
2016,199,163,1,6,PSD,1260,COLÉGIO PLUZ,"RUA JOSÉ BITTENCOURT (ANT RUA 10 SOTER), N 20"
2016,199,165,1,3,PSD,1090,ESCOLA ESTADUAL PROF. ALCINA RODRIGUES LIMA,"ESTRADA FRANCISCO DA CRUZ NUNES, S/N"
2016,199,166,1,2,PSD,1031,ESCOLA MUNICIPAL HONORINA DE CARVALHO,RUA PROF. JOSE PECANHA S/N
2016,199,167,1,1,PSD,1112,COLÉGIO SALESIANO REGIÃO OCEÂNICA,"RUA DOUTOR CORNÉLIO DE MELLO JÚNIOR, 117"
2016,199,168,1,1,PSD,1139,ESCOLA MUNICIPAL FRANCISCO PORTUGAL NEVES,"RUA MANOEL PACHECO DE CARVALHO, N 14 TREVO DE PIRATININGA"
2016,199,169,1,2,PSD,1317,COLÉGIO PAULO FREIRE,"AVENIDA IRENE LOPES SODRÉ, N22"
2016,199,170,1,2,PSD,1279,COLÉGIO SAINT NICHOLAS (EX INSTITUTO SARALÊ),"AVENIDA PROF CARLOS NELSON FERREIRA SANTOS(ANT AVENIDA 5) , 658"
2016,199,171,1,5,PSD,1260,COLÉGIO PLUZ,"RUA JOSÉ BITTENCOURT (ANT RUA 10 SOTER), N 20"
2016,199,173,1,3,PSD,1112,COLÉGIO SALESIANO REGIÃO OCEÂNICA,"RUA DOUTOR CORNÉLIO DE MELLO JÚNIOR, 117"
2016,199,174,1,4,PSD,1287,ESCOLA MUNICPAL PROF MARCOS WALDEMAR DE FREITAS REIS,"RUA ANTONIO LUIZ SAIÃO, S/N ITAIPU"
2016,199,175,1,3,PSD,1066,ITACOATIARA PAMPO CLUBE,AV. BEIRA MAR 205
2016,199,176,1,7,PSD,1260,COLÉGIO PLUZ,"RUA JOSÉ BITTENCOURT (ANT RUA 10 SOTER), N 20"
2016,199,177,1,9,PSD,1295,UMEI PROFA ODETE ROSA DA MATA,ESTRADA FRANCISCO DA CRUZ NUNES S/N (PRÓXIMO AO CORPO DE BOMBEIROS)
2016,199,178,1,2,PSD,1155,COLEGIO ITAPUCA,"AV. ERNANI DE FARIAS ALVES, N 124 TREVO DE PIRATININGA"
2016,199,180,1,6,PSD,1198,ESCOLA ESTADUAL RUI FRAZAO SOARES - CIEP 448,ESTRADA DO ENGENHO DO MATO S/N - PRACA
2016,199,181,1,1,PSD,1015,COUNTRY CLUB DE NITEROI,RUA CHILE 135
2016,199,182,1,5,PSD,1112,COLÉGIO SALESIANO REGIÃO OCEÂNICA,"RUA DOUTOR CORNÉLIO DE MELLO JÚNIOR, 117"
2016,199,183,1,5,PSD,1252,CIEP 307 -  DJANIRA,AV. EWERTON XAVIER S/N - PRACA
2016,199,184,1,12,PSD,1260,COLÉGIO PLUZ,"RUA JOSÉ BITTENCOURT (ANT RUA 10 SOTER), N 20"
2016,199,185,1,3,PSD,1155,COLEGIO ITAPUCA,"AV. ERNANI DE FARIAS ALVES, N 124 TREVO DE PIRATININGA"
2016,199,186,1,1,PSD,1031,ESCOLA MUNICIPAL HONORINA DE CARVALHO,RUA PROF. JOSE PECANHA S/N
2016,199,187,1,5,PSD,1104,FISK CENTRO DE ENSINO,RUA ERNANI DE FARIAS ALVES 161
2016,199,188,1,7,PSD,1260,COLÉGIO PLUZ,"RUA JOSÉ BITTENCOURT (ANT RUA 10 SOTER), N 20"
2016,199,189,1,4,PSD,1120,ESCOLA ESTADUAL ALMIRANTE TAMANDARE,AV. ACURCIO TORRES S/N
2016,199,190,1,1,PSD,1279,COLÉGIO SAINT NICHOLAS (EX INSTITUTO SARALÊ),"AVENIDA PROF CARLOS NELSON FERREIRA SANTOS(ANT AVENIDA 5) , 658"
2016,199,191,1,7,PSD,1295,UMEI PROFA ODETE ROSA DA MATA,ESTRADA FRANCISCO DA CRUZ NUNES S/N (PRÓXIMO AO CORPO DE BOMBEIROS)
2016,199,192,1,2,PSD,1155,COLEGIO ITAPUCA,"AV. ERNANI DE FARIAS ALVES, N 124 TREVO DE PIRATININGA"
2016,199,193,1,6,PSD,1260,COLÉGIO PLUZ,"RUA JOSÉ BITTENCOURT (ANT RUA 10 SOTER), N 20"
2016,199,194,1,6,PSD,1295,UMEI PROFA ODETE ROSA DA MATA,ESTRADA FRANCISCO DA CRUZ NUNES S/N (PRÓXIMO AO CORPO DE BOMBEIROS)
2016,199,195,1,4,PSD,1074,COLÉGIO GAUSS EM ITAIPU,AVENIDA FREI FABIANO N 155 LOT SANTO ANTÔNIO ITAIPU
2016,199,196,1,2,PSD,1015,COUNTRY CLUB DE NITEROI,RUA CHILE 135
2016,199,197,1,6,PSD,1295,UMEI PROFA ODETE ROSA DA MATA,ESTRADA FRANCISCO DA CRUZ NUNES S/N (PRÓXIMO AO CORPO DE BOMBEIROS)
2016,199,198,1,2,PSD,1104,FISK CENTRO DE ENSINO,RUA ERNANI DE FARIAS ALVES 161
2016,199,199,1,4,PSD,1244,CURSO LAPLACE,"RUA MANOEL PACHECO DE CARVALHO, N 80"
2016,199,2,1,1,PSD,1015,COUNTRY CLUB DE NITEROI,RUA CHILE 135
2016,199,200,1,2,PSD,1279,COLÉGIO SAINT NICHOLAS (EX INSTITUTO SARALÊ),"AVENIDA PROF CARLOS NELSON FERREIRA SANTOS(ANT AVENIDA 5) , 658"
2016,199,201,1,4,PSD,1252,CIEP 307 -  DJANIRA,AV. EWERTON XAVIER S/N - PRACA
2016,199,202,1,10,PSD,1317,COLÉGIO PAULO FREIRE,"AVENIDA IRENE LOPES SODRÉ, N22"
2016,199,203,1,5,PSD,1287,ESCOLA MUNICPAL PROF MARCOS WALDEMAR DE FREITAS REIS,"RUA ANTONIO LUIZ SAIÃO, S/N ITAIPU"
2016,199,204,1,11,PSD,1260,COLÉGIO PLUZ,"RUA JOSÉ BITTENCOURT (ANT RUA 10 SOTER), N 20"
2016,199,205,1,4,PSD,1295,UMEI PROFA ODETE ROSA DA MATA,ESTRADA FRANCISCO DA CRUZ NUNES S/N (PRÓXIMO AO CORPO DE BOMBEIROS)
2016,199,207,1,4,PSD,1104,FISK CENTRO DE ENSINO,RUA ERNANI DE FARIAS ALVES 161
2016,199,208,1,6,PSD,1260,COLÉGIO PLUZ,"RUA JOSÉ BITTENCOURT (ANT RUA 10 SOTER), N 20"
2016,199,209,1,5,PSD,1317,COLÉGIO PAULO FREIRE,"AVENIDA IRENE LOPES SODRÉ, N22"
2016,199,21,1,6,PSD,1066,ITACOATIARA PAMPO CLUBE,AV. BEIRA MAR 205
2016,199,211,1,3,PSD,1104,FISK CENTRO DE ENSINO,RUA ERNANI DE FARIAS ALVES 161
2016,199,212,1,5,PSD,1317,COLÉGIO PAULO FREIRE,"AVENIDA IRENE LOPES SODRÉ, N22"
2016,199,213,1,2,PSD,1325,ESCOLA MUNICIPAL SÍTIO DO IPÊ,RUA PROF. JOSÉ PEÇANHA
2016,199,214,1,6,PSD,1333,ESCOLA ME NINAR,"RUA 03, N 88 E 101"
2016,199,215,1,3,PSD,1350,ESCOLA MUNICIPAL MARALEGRE,"RUA DR. WALDIR COSTA, LOTES 10 E 11"
2016,199,216,1,1,PSD,1287,ESCOLA MUNICPAL PROF MARCOS WALDEMAR DE FREITAS REIS,"RUA ANTONIO LUIZ SAIÃO, S/N ITAIPU"
2016,199,219,1,2,PSD,1317,COLÉGIO PAULO FREIRE,"AVENIDA IRENE LOPES SODRÉ, N22"
2016,199,22,1,4,PSD,1066,ITACOATIARA PAMPO CLUBE,AV. BEIRA MAR 205
2016,199,23,1,4,PSD,1066,ITACOATIARA PAMPO CLUBE,AV. BEIRA MAR 205
2016,199,24,1,6,PSD,1066,ITACOATIARA PAMPO CLUBE,AV. BEIRA MAR 205
2016,199,25,1,3,PSD,1074,COLÉGIO GAUSS EM ITAIPU,AVENIDA FREI FABIANO N 155 LOT SANTO ANTÔNIO ITAIPU
2016,199,26,1,2,PSD,1074,COLÉGIO GAUSS EM ITAIPU,AVENIDA FREI FABIANO N 155 LOT SANTO ANTÔNIO ITAIPU
2016,199,27,1,3,PSD,1074,COLÉGIO GAUSS EM ITAIPU,AVENIDA FREI FABIANO N 155 LOT SANTO ANTÔNIO ITAIPU
2016,199,28,1,2,PSD,1074,COLÉGIO GAUSS EM ITAIPU,AVENIDA FREI FABIANO N 155 LOT SANTO ANTÔNIO ITAIPU
2016,199,29,1,8,PSD,1074,COLÉGIO GAUSS EM ITAIPU,AVENIDA FREI FABIANO N 155 LOT SANTO ANTÔNIO ITAIPU
2016,199,3,1,4,PSD,1015,COUNTRY CLUB DE NITEROI,RUA CHILE 135
2016,199,30,1,4,PSD,1082,COLÉGIO CENECISTA ATHAYDE PARREIRAS,"EST. FRANCISCO DA CRUZ NUNES, 7245"
2016,199,31,1,4,PSD,1082,COLÉGIO CENECISTA ATHAYDE PARREIRAS,"EST. FRANCISCO DA CRUZ NUNES, 7245"
2016,199,32,1,7,PSD,1082,COLÉGIO CENECISTA ATHAYDE PARREIRAS,"EST. FRANCISCO DA CRUZ NUNES, 7245"
2016,199,33,1,4,PSD,1082,COLÉGIO CENECISTA ATHAYDE PARREIRAS,"EST. FRANCISCO DA CRUZ NUNES, 7245"
2016,199,34,1,7,PSD,1090,ESCOLA ESTADUAL PROF. ALCINA RODRIGUES LIMA,"ESTRADA FRANCISCO DA CRUZ NUNES, S/N"
2016,199,35,1,3,PSD,1090,ESCOLA ESTADUAL PROF. ALCINA RODRIGUES LIMA,"ESTRADA FRANCISCO DA CRUZ NUNES, S/N"
2016,199,36,1,7,PSD,1090,ESCOLA ESTADUAL PROF. ALCINA RODRIGUES LIMA,"ESTRADA FRANCISCO DA CRUZ NUNES, S/N"
2016,199,37,1,6,PSD,1090,ESCOLA ESTADUAL PROF. ALCINA RODRIGUES LIMA,"ESTRADA FRANCISCO DA CRUZ NUNES, S/N"
2016,199,38,1,6,PSD,1090,ESCOLA ESTADUAL PROF. ALCINA RODRIGUES LIMA,"ESTRADA FRANCISCO DA CRUZ NUNES, S/N"
2016,199,39,1,10,PSD,1090,ESCOLA ESTADUAL PROF. ALCINA RODRIGUES LIMA,"ESTRADA FRANCISCO DA CRUZ NUNES, S/N"
2016,199,4,1,1,PSD,1023,ESCOLA ESTADUAL FELISBERTO DE CARVALHO,ESTRADA CAETANO MONTEIRO 896
2016,199,40,1,4,PSD,1090,ESCOLA ESTADUAL PROF. ALCINA RODRIGUES LIMA,"ESTRADA FRANCISCO DA CRUZ NUNES, S/N"
2016,199,41,1,3,PSD,1090,ESCOLA ESTADUAL PROF. ALCINA RODRIGUES LIMA,"ESTRADA FRANCISCO DA CRUZ NUNES, S/N"
2016,199,42,1,2,PSD,1082,COLÉGIO CENECISTA ATHAYDE PARREIRAS,"EST. FRANCISCO DA CRUZ NUNES, 7245"
2016,199,43,1,1,PSD,1082,COLÉGIO CENECISTA ATHAYDE PARREIRAS,"EST. FRANCISCO DA CRUZ NUNES, 7245"
2016,199,44,1,4,PSD,1082,COLÉGIO CENECISTA ATHAYDE PARREIRAS,"EST. FRANCISCO DA CRUZ NUNES, 7245"
2016,199,45,1,4,PSD,1112,COLÉGIO SALESIANO REGIÃO OCEÂNICA,"RUA DOUTOR CORNÉLIO DE MELLO JÚNIOR, 117"
2016,199,46,1,7,PSD,1112,COLÉGIO SALESIANO REGIÃO OCEÂNICA,"RUA DOUTOR CORNÉLIO DE MELLO JÚNIOR, 117"
2016,199,48,1,11,PSD,1112,COLÉGIO SALESIANO REGIÃO OCEÂNICA,"RUA DOUTOR CORNÉLIO DE MELLO JÚNIOR, 117"
2016,199,49,1,1,PSD,1120,ESCOLA ESTADUAL ALMIRANTE TAMANDARE,AV. ACURCIO TORRES S/N
2016,199,5,1,4,PSD,1023,ESCOLA ESTADUAL FELISBERTO DE CARVALHO,ESTRADA CAETANO MONTEIRO 896
2016,199,50,1,2,PSD,1120,ESCOLA ESTADUAL ALMIRANTE TAMANDARE,AV. ACURCIO TORRES S/N
2016,199,51,1,4,PSD,1139,ESCOLA MUNICIPAL FRANCISCO PORTUGAL NEVES,"RUA MANOEL PACHECO DE CARVALHO, N 14 TREVO DE PIRATININGA"
2016,199,52,1,3,PSD,1139,ESCOLA MUNICIPAL FRANCISCO PORTUGAL NEVES,"RUA MANOEL PACHECO DE CARVALHO, N 14 TREVO DE PIRATININGA"
2016,199,53,1,1,PSD,1139,ESCOLA MUNICIPAL FRANCISCO PORTUGAL NEVES,"RUA MANOEL PACHECO DE CARVALHO, N 14 TREVO DE PIRATININGA"
2016,199,54,1,2,PSD,1139,ESCOLA MUNICIPAL FRANCISCO PORTUGAL NEVES,"RUA MANOEL PACHECO DE CARVALHO, N 14 TREVO DE PIRATININGA"
2016,199,55,1,6,PSD,1139,ESCOLA MUNICIPAL FRANCISCO PORTUGAL NEVES,"RUA MANOEL PACHECO DE CARVALHO, N 14 TREVO DE PIRATININGA"
2016,199,56,1,2,PSD,1139,ESCOLA MUNICIPAL FRANCISCO PORTUGAL NEVES,"RUA MANOEL PACHECO DE CARVALHO, N 14 TREVO DE PIRATININGA"
2016,199,57,1,3,PSD,1139,ESCOLA MUNICIPAL FRANCISCO PORTUGAL NEVES,"RUA MANOEL PACHECO DE CARVALHO, N 14 TREVO DE PIRATININGA"
2016,199,58,1,2,PSD,1120,ESCOLA ESTADUAL ALMIRANTE TAMANDARE,AV. ACURCIO TORRES S/N
2016,199,59,1,1,PSD,1120,ESCOLA ESTADUAL ALMIRANTE TAMANDARE,AV. ACURCIO TORRES S/N
2016,199,60,1,2,PSD,1120,ESCOLA ESTADUAL ALMIRANTE TAMANDARE,AV. ACURCIO TORRES S/N
2016,199,61,1,1,PSD,1120,ESCOLA ESTADUAL ALMIRANTE TAMANDARE,AV. ACURCIO TORRES S/N
2016,199,62,1,1,PSD,1120,ESCOLA ESTADUAL ALMIRANTE TAMANDARE,AV. ACURCIO TORRES S/N
2016,199,63,1,5,PSD,1120,ESCOLA ESTADUAL ALMIRANTE TAMANDARE,AV. ACURCIO TORRES S/N
2016,199,64,1,2,PSD,1155,COLEGIO ITAPUCA,"AV. ERNANI DE FARIAS ALVES, N 124 TREVO DE PIRATININGA"
2016,199,65,1,2,PSD,1155,COLEGIO ITAPUCA,"AV. ERNANI DE FARIAS ALVES, N 124 TREVO DE PIRATININGA"
2016,199,66,1,2,PSD,1155,COLEGIO ITAPUCA,"AV. ERNANI DE FARIAS ALVES, N 124 TREVO DE PIRATININGA"
2016,199,67,1,6,PSD,1155,COLEGIO ITAPUCA,"AV. ERNANI DE FARIAS ALVES, N 124 TREVO DE PIRATININGA"
2016,199,69,1,2,PSD,1163,ANDEF (EX FAETEC),ESTRADA VELHA DE MARICA 4830
2016,199,7,1,3,PSD,1023,ESCOLA ESTADUAL FELISBERTO DE CARVALHO,ESTRADA CAETANO MONTEIRO 896
2016,199,70,1,1,PSD,1163,ANDEF (EX FAETEC),ESTRADA VELHA DE MARICA 4830
2016,199,73,1,2,PSD,1163,ANDEF (EX FAETEC),ESTRADA VELHA DE MARICA 4830
2016,199,75,1,4,PSD,1198,ESCOLA ESTADUAL RUI FRAZAO SOARES - CIEP 448,ESTRADA DO ENGENHO DO MATO S/N - PRACA
2016,199,76,1,3,PSD,1198,ESCOLA ESTADUAL RUI FRAZAO SOARES - CIEP 448,ESTRADA DO ENGENHO DO MATO S/N - PRACA
2016,199,77,1,8,PSD,1317,COLÉGIO PAULO FREIRE,"AVENIDA IRENE LOPES SODRÉ, N22"
2016,199,79,1,7,PSD,1244,CURSO LAPLACE,"RUA MANOEL PACHECO DE CARVALHO, N 80"
2016,199,8,1,1,PSD,1023,ESCOLA ESTADUAL FELISBERTO DE CARVALHO,ESTRADA CAETANO MONTEIRO 896
2016,199,80,1,10,PSD,1244,CURSO LAPLACE,"RUA MANOEL PACHECO DE CARVALHO, N 80"
2016,199,81,1,3,PSD,1244,CURSO LAPLACE,"RUA MANOEL PACHECO DE CARVALHO, N 80"
2016,199,82,1,3,PSD,1252,CIEP 307 -  DJANIRA,AV. EWERTON XAVIER S/N - PRACA
2016,199,83,1,1,PSD,1252,CIEP 307 -  DJANIRA,AV. EWERTON XAVIER S/N - PRACA
2016,199,84,1,5,PSD,1252,CIEP 307 -  DJANIRA,AV. EWERTON XAVIER S/N - PRACA
2016,199,85,1,1,PSD,1252,CIEP 307 -  DJANIRA,AV. EWERTON XAVIER S/N - PRACA
2016,199,87,1,1,PSD,1252,CIEP 307 -  DJANIRA,AV. EWERTON XAVIER S/N - PRACA
2016,199,88,1,2,PSD,1015,COUNTRY CLUB DE NITEROI,RUA CHILE 135
2016,199,90,1,3,PSD,1082,COLÉGIO CENECISTA ATHAYDE PARREIRAS,"EST. FRANCISCO DA CRUZ NUNES, 7245"
2016,199,91,1,6,PSD,1244,CURSO LAPLACE,"RUA MANOEL PACHECO DE CARVALHO, N 80"
2016,199,92,1,3,PSD,1120,ESCOLA ESTADUAL ALMIRANTE TAMANDARE,AV. ACURCIO TORRES S/N
2016,199,93,1,12,PSD,1317,COLÉGIO PAULO FREIRE,"AVENIDA IRENE LOPES SODRÉ, N22"
2016,199,94,1,1,PSD,1031,ESCOLA MUNICIPAL HONORINA DE CARVALHO,RUA PROF. JOSE PECANHA S/N
2016,199,97,1,3,PSD,1074,COLÉGIO GAUSS EM ITAIPU,AVENIDA FREI FABIANO N 155 LOT SANTO ANTÔNIO ITAIPU
2016,199,98,1,3,PSD,1244,CURSO LAPLACE,"RUA MANOEL PACHECO DE CARVALHO, N 80"
2016,199,99,1,4,PSD,1082,COLÉGIO CENECISTA ATHAYDE PARREIRAS,"EST. FRANCISCO DA CRUZ NUNES, 7245"
2016,71,1,1,1,PSD,1015,CENTRO EDUCACIONAL DE NITEROI,RUA ITAGUAI 173
2016,71,100,1,2,PSD,1309,CURSO MARLY CURY,AV. SETE DE SETEMBRO 165
2016,71,102,1,2,PSD,1309,CURSO MARLY CURY,AV. SETE DE SETEMBRO 165
2016,71,106,1,4,PSD,1325,ESCOLA ESTADUAL GUILHERME BRIGGS,RUA MARIO VIANNA 625
2016,71,107,1,2,PSD,1325,ESCOLA ESTADUAL GUILHERME BRIGGS,RUA MARIO VIANNA 625
2016,71,108,1,3,PSD,1325,ESCOLA ESTADUAL GUILHERME BRIGGS,RUA MARIO VIANNA 625
2016,71,109,1,4,PSD,1325,ESCOLA ESTADUAL GUILHERME BRIGGS,RUA MARIO VIANNA 625
2016,71,110,1,1,PSD,1325,ESCOLA ESTADUAL GUILHERME BRIGGS,RUA MARIO VIANNA 625
2016,71,111,1,2,PSD,1325,ESCOLA ESTADUAL GUILHERME BRIGGS,RUA MARIO VIANNA 625
2016,71,112,1,4,PSD,1325,ESCOLA ESTADUAL GUILHERME BRIGGS,RUA MARIO VIANNA 625
2016,71,113,1,6,PSD,1325,ESCOLA ESTADUAL GUILHERME BRIGGS,RUA MARIO VIANNA 625
2016,71,114,1,2,PSD,1325,ESCOLA ESTADUAL GUILHERME BRIGGS,RUA MARIO VIANNA 625
2016,71,115,1,5,PSD,1325,ESCOLA ESTADUAL GUILHERME BRIGGS,RUA MARIO VIANNA 625
2016,71,117,1,1,PSD,1333,PARÓQUIA NOSSA SENHORA AUXILIADORA - CENTRO COMUNITÁRIO AUXILIUM,"RUA SANTA ROSA, 216"
2016,71,118,1,2,PSD,1309,CURSO MARLY CURY,AV. SETE DE SETEMBRO 165
2016,71,121,1,1,PSD,1333,PARÓQUIA NOSSA SENHORA AUXILIADORA - CENTRO COMUNITÁRIO AUXILIUM,"RUA SANTA ROSA, 216"
2016,71,122,1,1,PSD,1333,PARÓQUIA NOSSA SENHORA AUXILIADORA - CENTRO COMUNITÁRIO AUXILIUM,"RUA SANTA ROSA, 216"
2016,71,130,1,2,PSD,1392,FACULDADE DE VETERINARIA DA UFF,RUA VITAL BRASIL FILHO 64
2016,71,132,1,3,PSD,1392,FACULDADE DE VETERINARIA DA UFF,RUA VITAL BRASIL FILHO 64
2016,71,133,1,2,PSD,1392,FACULDADE DE VETERINARIA DA UFF,RUA VITAL BRASIL FILHO 64
2016,71,134,1,2,PSD,1392,FACULDADE DE VETERINARIA DA UFF,RUA VITAL BRASIL FILHO 64
2016,71,135,1,1,PSD,1392,FACULDADE DE VETERINARIA DA UFF,RUA VITAL BRASIL FILHO 64
2016,71,138,1,2,PSD,1260,INSTITUTO ABEL,AV. ROBERTO SILVEIRA 29
2016,71,142,1,1,PSD,1295,COLEGIO SALESIANO SANTA ROSA,RUA SANTA ROSA 207
2016,71,144,1,3,PSD,1325,ESCOLA ESTADUAL GUILHERME BRIGGS,RUA MARIO VIANNA 625
2016,71,145,1,2,PSD,1317,ESCOLA ESTADUAL BALTHAZAR BERNARDINO,RUA MARIZ E BARROS 444
2016,71,146,1,2,PSD,1368,INSTITUTO SÃO JOSÉ,RUA GERALDO MARTINS 166
2016,71,150,1,2,PSD,1333,PARÓQUIA NOSSA SENHORA AUXILIADORA - CENTRO COMUNITÁRIO AUXILIUM,"RUA SANTA ROSA, 216"
2016,71,151,1,1,PSD,1104,INSTITUTO MAIA VINAGRE,RUA NORONHA TORREZÃO 68
2016,71,153,1,1,PSD,1015,CENTRO EDUCACIONAL DE NITEROI,RUA ITAGUAI 173
2016,71,157,1,1,PSD,1260,INSTITUTO ABEL,AV. ROBERTO SILVEIRA 29
2016,71,161,1,3,PSD,1392,FACULDADE DE VETERINARIA DA UFF,RUA VITAL BRASIL FILHO 64
2016,71,167,1,2,PSD,1368,INSTITUTO SÃO JOSÉ,RUA GERALDO MARTINS 166
2016,71,168,1,2,PSD,1244,ESCOLA ESTADUAL MANUEL DE ABREU,RUA LOPES TROVAO 287-A
2016,71,171,1,1,PSD,1295,COLEGIO SALESIANO SANTA ROSA,RUA SANTA ROSA 207
2016,71,172,1,1,PSD,1325,ESCOLA ESTADUAL GUILHERME BRIGGS,RUA MARIO VIANNA 625
2016,71,174,1,1,PSD,1333,PARÓQUIA NOSSA SENHORA AUXILIADORA - CENTRO COMUNITÁRIO AUXILIUM,"RUA SANTA ROSA, 216"
2016,71,175,1,1,PSD,1309,CURSO MARLY CURY,AV. SETE DE SETEMBRO 165
2016,71,179,1,2,PSD,1392,FACULDADE DE VETERINARIA DA UFF,RUA VITAL BRASIL FILHO 64
2016,71,182,1,1,PSD,1333,PARÓQUIA NOSSA SENHORA AUXILIADORA - CENTRO COMUNITÁRIO AUXILIUM,"RUA SANTA ROSA, 216"
2016,71,185,1,2,PSD,1244,ESCOLA ESTADUAL MANUEL DE ABREU,RUA LOPES TROVAO 287-A
2016,71,186,1,3,PSD,1392,FACULDADE DE VETERINARIA DA UFF,RUA VITAL BRASIL FILHO 64
2016,71,189,1,1,PSD,1317,ESCOLA ESTADUAL BALTHAZAR BERNARDINO,RUA MARIZ E BARROS 444
2016,71,192,1,1,PSD,1392,FACULDADE DE VETERINARIA DA UFF,RUA VITAL BRASIL FILHO 64
2016,71,193,1,2,PSD,1325,ESCOLA ESTADUAL GUILHERME BRIGGS,RUA MARIO VIANNA 625
2016,71,194,1,1,PSD,1295,COLEGIO SALESIANO SANTA ROSA,RUA SANTA ROSA 207
2016,71,195,1,1,PSD,1368,INSTITUTO SÃO JOSÉ,RUA GERALDO MARTINS 166
2016,71,197,1,1,PSD,1015,CENTRO EDUCACIONAL DE NITEROI,RUA ITAGUAI 173
2016,71,199,1,1,PSD,1317,ESCOLA ESTADUAL BALTHAZAR BERNARDINO,RUA MARIZ E BARROS 444
2016,71,2,1,2,PSD,1015,CENTRO EDUCACIONAL DE NITEROI,RUA ITAGUAI 173
2016,71,200,1,3,PSD,1392,FACULDADE DE VETERINARIA DA UFF,RUA VITAL BRASIL FILHO 64
2016,71,201,1,2,PSD,1260,INSTITUTO ABEL,AV. ROBERTO SILVEIRA 29
2016,71,202,1,2,PSD,1325,ESCOLA ESTADUAL GUILHERME BRIGGS,RUA MARIO VIANNA 625
2016,71,203,1,2,PSD,1260,INSTITUTO ABEL,AV. ROBERTO SILVEIRA 29
2016,71,204,1,1,PSD,1295,COLEGIO SALESIANO SANTA ROSA,RUA SANTA ROSA 207
2016,71,207,1,2,PSD,1325,ESCOLA ESTADUAL GUILHERME BRIGGS,RUA MARIO VIANNA 625
2016,71,208,1,1,PSD,1244,ESCOLA ESTADUAL MANUEL DE ABREU,RUA LOPES TROVAO 287-A
2016,71,209,1,1,PSD,1368,INSTITUTO SÃO JOSÉ,RUA GERALDO MARTINS 166
2016,71,212,1,1,PSD,1260,INSTITUTO ABEL,AV. ROBERTO SILVEIRA 29
2016,71,213,1,3,PSD,1295,COLEGIO SALESIANO SANTA ROSA,RUA SANTA ROSA 207
2016,71,215,1,3,PSD,1260,INSTITUTO ABEL,AV. ROBERTO SILVEIRA 29
2016,71,216,1,1,PSD,1368,INSTITUTO SÃO JOSÉ,RUA GERALDO MARTINS 166
2016,71,27,1,2,PSD,1104,INSTITUTO MAIA VINAGRE,RUA NORONHA TORREZÃO 68
2016,71,28,1,3,PSD,1104,INSTITUTO MAIA VINAGRE,RUA NORONHA TORREZÃO 68
2016,71,29,1,3,PSD,1104,INSTITUTO MAIA VINAGRE,RUA NORONHA TORREZÃO 68
2016,71,3,1,6,PSD,1015,CENTRO EDUCACIONAL DE NITEROI,RUA ITAGUAI 173
2016,71,30,1,4,PSD,1104,INSTITUTO MAIA VINAGRE,RUA NORONHA TORREZÃO 68
2016,71,31,1,5,PSD,1104,INSTITUTO MAIA VINAGRE,RUA NORONHA TORREZÃO 68
2016,71,32,1,1,PSD,1104,INSTITUTO MAIA VINAGRE,RUA NORONHA TORREZÃO 68
2016,71,5,1,2,PSD,1015,CENTRO EDUCACIONAL DE NITEROI,RUA ITAGUAI 173
2016,71,6,1,5,PSD,1015,CENTRO EDUCACIONAL DE NITEROI,RUA ITAGUAI 173
2016,71,69,1,2,PSD,1244,ESCOLA ESTADUAL MANUEL DE ABREU,RUA LOPES TROVAO 287-A
2016,71,70,1,4,PSD,1244,ESCOLA ESTADUAL MANUEL DE ABREU,RUA LOPES TROVAO 287-A
2016,71,71,1,1,PSD,1260,INSTITUTO ABEL,AV. ROBERTO SILVEIRA 29
2016,71,72,1,3,PSD,1260,INSTITUTO ABEL,AV. ROBERTO SILVEIRA 29
2016,71,73,1,1,PSD,1260,INSTITUTO ABEL,AV. ROBERTO SILVEIRA 29
2016,71,74,1,3,PSD,1260,INSTITUTO ABEL,AV. ROBERTO SILVEIRA 29
2016,71,76,1,1,PSD,1368,INSTITUTO SÃO JOSÉ,RUA GERALDO MARTINS 166
2016,71,77,1,2,PSD,1244,ESCOLA ESTADUAL MANUEL DE ABREU,RUA LOPES TROVAO 287-A
2016,71,79,1,1,PSD,1244,ESCOLA ESTADUAL MANUEL DE ABREU,RUA LOPES TROVAO 287-A
2016,71,80,1,2,PSD,1317,ESCOLA ESTADUAL BALTHAZAR BERNARDINO,RUA MARIZ E BARROS 444
2016,71,81,1,1,PSD,1317,ESCOLA ESTADUAL BALTHAZAR BERNARDINO,RUA MARIZ E BARROS 444
2016,71,82,1,1,PSD,1260,INSTITUTO ABEL,AV. ROBERTO SILVEIRA 29
2016,71,84,1,3,PSD,1260,INSTITUTO ABEL,AV. ROBERTO SILVEIRA 29
2016,71,85,1,1,PSD,1333,PARÓQUIA NOSSA SENHORA AUXILIADORA - CENTRO COMUNITÁRIO AUXILIUM,"RUA SANTA ROSA, 216"
2016,71,88,1,2,PSD,1295,COLEGIO SALESIANO SANTA ROSA,RUA SANTA ROSA 207
2016,71,89,1,2,PSD,1295,COLEGIO SALESIANO SANTA ROSA,RUA SANTA ROSA 207
2016,71,90,1,2,PSD,1295,COLEGIO SALESIANO SANTA ROSA,RUA SANTA ROSA 207
2016,71,92,1,2,PSD,1295,COLEGIO SALESIANO SANTA ROSA,RUA SANTA ROSA 207
2016,71,93,1,1,PSD,1295,COLEGIO SALESIANO SANTA ROSA,RUA SANTA ROSA 207
2016,71,94,1,1,PSD,1295,COLEGIO SALESIANO SANTA ROSA,RUA SANTA ROSA 207
2016,71,95,1,3,PSD,1295,COLEGIO SALESIANO SANTA ROSA,RUA SANTA ROSA 207
2016,71,97,1,3,PSD,1295,COLEGIO SALESIANO SANTA ROSA,RUA SANTA ROSA 207
2016,71,98,1,4,PSD,1295,COLEGIO SALESIANO SANTA ROSA,RUA SANTA ROSA 207
2016,72,1,1,1,PSD,1015,ESCOLA ESTADUAL DR LUCIANO PESTRE,AV PASTOR JOSE GOMES DE SOUZA S/N
2016,72,11,1,1,PSD,1040,CIEP 447 - CARAMUJO,RODOVIA AMARAL PEIXOTO KM 2  
2016,72,113,1,7,PSD,1368,ESCOLA MUNICIPAL VILA COSTA MONTEIRO,RUA ITITIOCA S/N
2016,72,114,1,4,PSD,1368,ESCOLA MUNICIPAL VILA COSTA MONTEIRO,RUA ITITIOCA S/N
2016,72,118,1,2,PSD,1040,CIEP 447 - CARAMUJO,RODOVIA AMARAL PEIXOTO KM 2  
2016,72,12,1,2,PSD,1040,CIEP 447 - CARAMUJO,RODOVIA AMARAL PEIXOTO KM 2  
2016,72,120,1,1,PSD,1449,CIEP 450 - BADU,ESTRADA CAETANO MONTEIRO S/N
2016,72,121,1,1,PSD,1015,ESCOLA ESTADUAL DR LUCIANO PESTRE,AV PASTOR JOSE GOMES DE SOUZA S/N
2016,72,122,1,3,PSD,1074,COLEGIO ESTADUAL PAULO ASSIS RIBEIRO,ESTRADA CAETANO MONTEIRO 814
2016,72,126,1,1,PSD,1180,ESCOLA MUNICIPAL RACHIDE DA GLORIA SALIM SAKER,RUA JANDIRA PEREIRA 620
2016,72,130,1,1,PSD,1147,ESCOLA MUNICIPAL VERA LUCIA MACHADO,RUA ALDEMAR DE PAIVA LOTE 7 E 8
2016,72,131,1,1,PSD,1449,CIEP 450 - BADU,ESTRADA CAETANO MONTEIRO S/N
2016,72,132,1,6,PSD,1368,ESCOLA MUNICIPAL VILA COSTA MONTEIRO,RUA ITITIOCA S/N
2016,72,133,1,1,PSD,1074,COLEGIO ESTADUAL PAULO ASSIS RIBEIRO,ESTRADA CAETANO MONTEIRO 814
2016,72,136,1,1,PSD,1112,ESCOLA ESTADUAL LEOPOLDO FROES,RUA REVERENDO ARMANDO FERREIRA  S/N
2016,72,137,1,2,PSD,1015,ESCOLA ESTADUAL DR LUCIANO PESTRE,AV PASTOR JOSE GOMES DE SOUZA S/N
2016,72,139,1,2,PSD,1171,ESCOLA MUNICIPAL ANTONIO COUTINHO DE AZEVEDO,AV NESTOR RODRIGUES PERLINGEIRO S/N
2016,72,14,1,1,PSD,1040,CIEP 447 - CARAMUJO,RODOVIA AMARAL PEIXOTO KM 2  
2016,72,144,1,1,PSD,1112,ESCOLA ESTADUAL LEOPOLDO FROES,RUA REVERENDO ARMANDO FERREIRA  S/N
2016,72,146,1,1,PSD,1171,ESCOLA MUNICIPAL ANTONIO COUTINHO DE AZEVEDO,AV NESTOR RODRIGUES PERLINGEIRO S/N
2016,72,147,1,1,PSD,1074,COLEGIO ESTADUAL PAULO ASSIS RIBEIRO,ESTRADA CAETANO MONTEIRO 814
2016,72,149,1,1,PSD,1015,ESCOLA ESTADUAL DR LUCIANO PESTRE,AV PASTOR JOSE GOMES DE SOUZA S/N
2016,72,15,1,1,PSD,1040,CIEP 447 - CARAMUJO,RODOVIA AMARAL PEIXOTO KM 2  
2016,72,152,1,2,PSD,1040,CIEP 447 - CARAMUJO,RODOVIA AMARAL PEIXOTO KM 2  
2016,72,156,1,9,PSD,1368,ESCOLA MUNICIPAL VILA COSTA MONTEIRO,RUA ITITIOCA S/N
2016,72,159,1,4,PSD,1449,CIEP 450 - BADU,ESTRADA CAETANO MONTEIRO S/N
2016,72,16,1,3,PSD,1015,ESCOLA ESTADUAL DR LUCIANO PESTRE,AV PASTOR JOSE GOMES DE SOUZA S/N
2016,72,160,1,2,PSD,1147,ESCOLA MUNICIPAL VERA LUCIA MACHADO,RUA ALDEMAR DE PAIVA LOTE 7 E 8
2016,72,162,1,1,PSD,1171,ESCOLA MUNICIPAL ANTONIO COUTINHO DE AZEVEDO,AV NESTOR RODRIGUES PERLINGEIRO S/N
2016,72,163,1,5,PSD,1449,CIEP 450 - BADU,ESTRADA CAETANO MONTEIRO S/N
2016,72,164,1,2,PSD,1015,ESCOLA ESTADUAL DR LUCIANO PESTRE,AV PASTOR JOSE GOMES DE SOUZA S/N
2016,72,168,1,2,PSD,1074,COLEGIO ESTADUAL PAULO ASSIS RIBEIRO,ESTRADA CAETANO MONTEIRO 814
2016,72,17,1,2,PSD,1015,ESCOLA ESTADUAL DR LUCIANO PESTRE,AV PASTOR JOSE GOMES DE SOUZA S/N
2016,72,177,1,3,PSD,1015,ESCOLA ESTADUAL DR LUCIANO PESTRE,AV PASTOR JOSE GOMES DE SOUZA S/N
2016,72,178,1,2,PSD,1171,ESCOLA MUNICIPAL ANTONIO COUTINHO DE AZEVEDO,AV NESTOR RODRIGUES PERLINGEIRO S/N
2016,72,18,1,1,PSD,1449,CIEP 450 - BADU,ESTRADA CAETANO MONTEIRO S/N
2016,72,183,1,2,PSD,1015,ESCOLA ESTADUAL DR LUCIANO PESTRE,AV PASTOR JOSE GOMES DE SOUZA S/N
2016,72,184,1,2,PSD,1147,ESCOLA MUNICIPAL VERA LUCIA MACHADO,RUA ALDEMAR DE PAIVA LOTE 7 E 8
2016,72,185,1,5,PSD,1368,ESCOLA MUNICIPAL VILA COSTA MONTEIRO,RUA ITITIOCA S/N
2016,72,186,1,2,PSD,1473,COLÉGIO FORUM CULTURAL,ESTRADA FRANCISCO DA CRUZ NUNES 2454
2016,72,187,1,2,PSD,1473,COLÉGIO FORUM CULTURAL,ESTRADA FRANCISCO DA CRUZ NUNES 2454
2016,72,188,1,3,PSD,1040,CIEP 447 - CARAMUJO,RODOVIA AMARAL PEIXOTO KM 2  
2016,72,189,1,1,PSD,1074,COLEGIO ESTADUAL PAULO ASSIS RIBEIRO,ESTRADA CAETANO MONTEIRO 814
2016,72,190,1,1,PSD,1074,COLEGIO ESTADUAL PAULO ASSIS RIBEIRO,ESTRADA CAETANO MONTEIRO 814
2016,72,191,1,3,PSD,1473,COLÉGIO FORUM CULTURAL,ESTRADA FRANCISCO DA CRUZ NUNES 2454
2016,72,192,1,2,PSD,1449,CIEP 450 - BADU,ESTRADA CAETANO MONTEIRO S/N
2016,72,193,1,1,PSD,1473,COLÉGIO FORUM CULTURAL,ESTRADA FRANCISCO DA CRUZ NUNES 2454
2016,72,194,1,3,PSD,1368,ESCOLA MUNICIPAL VILA COSTA MONTEIRO,RUA ITITIOCA S/N
2016,72,196,1,2,PSD,1147,ESCOLA MUNICIPAL VERA LUCIA MACHADO,RUA ALDEMAR DE PAIVA LOTE 7 E 8
2016,72,197,1,1,PSD,1040,CIEP 447 - CARAMUJO,RODOVIA AMARAL PEIXOTO KM 2  
2016,72,198,1,1,PSD,1180,ESCOLA MUNICIPAL RACHIDE DA GLORIA SALIM SAKER,RUA JANDIRA PEREIRA 620
2016,72,199,1,3,PSD,1368,ESCOLA MUNICIPAL VILA COSTA MONTEIRO,RUA ITITIOCA S/N
2016,72,2,1,1,PSD,1015,ESCOLA ESTADUAL DR LUCIANO PESTRE,AV PASTOR JOSE GOMES DE SOUZA S/N
2016,72,20,1,2,PSD,1449,CIEP 450 - BADU,ESTRADA CAETANO MONTEIRO S/N
2016,72,201,1,3,PSD,1473,COLÉGIO FORUM CULTURAL,ESTRADA FRANCISCO DA CRUZ NUNES 2454
2016,72,202,1,2,PSD,1074,COLEGIO ESTADUAL PAULO ASSIS RIBEIRO,ESTRADA CAETANO MONTEIRO 814
2016,72,204,1,5,PSD,1040,CIEP 447 - CARAMUJO,RODOVIA AMARAL PEIXOTO KM 2  
2016,72,205,1,2,PSD,1368,ESCOLA MUNICIPAL VILA COSTA MONTEIRO,RUA ITITIOCA S/N
2016,72,209,1,1,PSD,1074,COLEGIO ESTADUAL PAULO ASSIS RIBEIRO,ESTRADA CAETANO MONTEIRO 814
2016,72,21,1,3,PSD,1449,CIEP 450 - BADU,ESTRADA CAETANO MONTEIRO S/N
2016,72,210,1,2,PSD,1074,COLEGIO ESTADUAL PAULO ASSIS RIBEIRO,ESTRADA CAETANO MONTEIRO 814
2016,72,211,1,2,PSD,1368,ESCOLA MUNICIPAL VILA COSTA MONTEIRO,RUA ITITIOCA S/N
2016,72,212,1,1,PSD,1040,CIEP 447 - CARAMUJO,RODOVIA AMARAL PEIXOTO KM 2  
2016,72,213,1,4,PSD,1147,ESCOLA MUNICIPAL VERA LUCIA MACHADO,RUA ALDEMAR DE PAIVA LOTE 7 E 8
2016,72,217,1,2,PSD,1040,CIEP 447 - CARAMUJO,RODOVIA AMARAL PEIXOTO KM 2  
2016,72,218,1,4,PSD,1180,ESCOLA MUNICIPAL RACHIDE DA GLORIA SALIM SAKER,RUA JANDIRA PEREIRA 620
2016,72,219,1,2,PSD,1074,COLEGIO ESTADUAL PAULO ASSIS RIBEIRO,ESTRADA CAETANO MONTEIRO 814
2016,72,22,1,2,PSD,1449,CIEP 450 - BADU,ESTRADA CAETANO MONTEIRO S/N
2016,72,220,1,5,PSD,1368,ESCOLA MUNICIPAL VILA COSTA MONTEIRO,RUA ITITIOCA S/N
2016,72,221,1,1,PSD,1449,CIEP 450 - BADU,ESTRADA CAETANO MONTEIRO S/N
2016,72,222,1,1,PSD,1520,ESCOLA MUNICIPAL LEVI CARNEIRO,AVENIDA WASHINGTON LUIS 488
2016,72,223,1,2,PSD,1520,ESCOLA MUNICIPAL LEVI CARNEIRO,AVENIDA WASHINGTON LUIS 488
2016,72,225,1,3,PSD,1520,ESCOLA MUNICIPAL LEVI CARNEIRO,AVENIDA WASHINGTON LUIS 488
2016,72,226,1,3,PSD,1520,ESCOLA MUNICIPAL LEVI CARNEIRO,AVENIDA WASHINGTON LUIS 488
2016,72,228,1,3,PSD,1520,ESCOLA MUNICIPAL LEVI CARNEIRO,AVENIDA WASHINGTON LUIS 488
2016,72,229,1,1,PSD,1520,ESCOLA MUNICIPAL LEVI CARNEIRO,AVENIDA WASHINGTON LUIS 488
2016,72,23,1,3,PSD,1074,COLEGIO ESTADUAL PAULO ASSIS RIBEIRO,ESTRADA CAETANO MONTEIRO 814
2016,72,230,1,2,PSD,1520,ESCOLA MUNICIPAL LEVI CARNEIRO,AVENIDA WASHINGTON LUIS 488
2016,72,231,1,1,PSD,1520,ESCOLA MUNICIPAL LEVI CARNEIRO,AVENIDA WASHINGTON LUIS 488
2016,72,232,1,2,PSD,1520,ESCOLA MUNICIPAL LEVI CARNEIRO,AVENIDA WASHINGTON LUIS 488
2016,72,233,1,2,PSD,1520,ESCOLA MUNICIPAL LEVI CARNEIRO,AVENIDA WASHINGTON LUIS 488
2016,72,237,1,5,PSD,1538,ESCOLA CATAVENTO ESPAÇO DE EDUCAÇÃO,"ESTRADA WASHINGTON LUIZ, 224"
2016,72,238,1,1,PSD,1538,ESCOLA CATAVENTO ESPAÇO DE EDUCAÇÃO,"ESTRADA WASHINGTON LUIZ, 224"
2016,72,239,1,1,PSD,1546,COLÉGIO GOMES PEREIRA,AVENIDA RUI BARBOSA 1250
2016,72,24,1,1,PSD,1074,COLEGIO ESTADUAL PAULO ASSIS RIBEIRO,ESTRADA CAETANO MONTEIRO 814
2016,72,240,1,1,PSD,1546,COLÉGIO GOMES PEREIRA,AVENIDA RUI BARBOSA 1250
2016,72,241,1,1,PSD,1546,COLÉGIO GOMES PEREIRA,AVENIDA RUI BARBOSA 1250
2016,72,242,1,1,PSD,1538,ESCOLA CATAVENTO ESPAÇO DE EDUCAÇÃO,"ESTRADA WASHINGTON LUIZ, 224"
2016,72,243,1,4,PSD,1473,COLÉGIO FORUM CULTURAL,ESTRADA FRANCISCO DA CRUZ NUNES 2454
2016,72,245,1,1,PSD,1368,ESCOLA MUNICIPAL VILA COSTA MONTEIRO,RUA ITITIOCA S/N
2016,72,246,1,2,PSD,1147,ESCOLA MUNICIPAL VERA LUCIA MACHADO,RUA ALDEMAR DE PAIVA LOTE 7 E 8
2016,72,248,1,1,PSD,1546,COLÉGIO GOMES PEREIRA,AVENIDA RUI BARBOSA 1250
2016,72,25,1,2,PSD,1074,COLEGIO ESTADUAL PAULO ASSIS RIBEIRO,ESTRADA CAETANO MONTEIRO 814
2016,72,250,1,1,PSD,1554,JARDIM ESCOLA GIRASSÓIS,"ESTRADA CAETANO MONTEIRO, 813 E 817"
2016,72,27,1,1,PSD,1449,CIEP 450 - BADU,ESTRADA CAETANO MONTEIRO S/N
2016,72,29,1,1,PSD,1449,CIEP 450 - BADU,ESTRADA CAETANO MONTEIRO S/N
2016,72,3,1,1,PSD,1015,ESCOLA ESTADUAL DR LUCIANO PESTRE,AV PASTOR JOSE GOMES DE SOUZA S/N
2016,72,30,1,3,PSD,1449,CIEP 450 - BADU,ESTRADA CAETANO MONTEIRO S/N
2016,72,35,1,2,PSD,1112,ESCOLA ESTADUAL LEOPOLDO FROES,RUA REVERENDO ARMANDO FERREIRA  S/N
2016,72,36,1,1,PSD,1112,ESCOLA ESTADUAL LEOPOLDO FROES,RUA REVERENDO ARMANDO FERREIRA  S/N
2016,72,37,1,1,PSD,1112,ESCOLA ESTADUAL LEOPOLDO FROES,RUA REVERENDO ARMANDO FERREIRA  S/N
2016,72,41,1,1,PSD,1112,ESCOLA ESTADUAL LEOPOLDO FROES,RUA REVERENDO ARMANDO FERREIRA  S/N
2016,72,42,1,1,PSD,1112,ESCOLA ESTADUAL LEOPOLDO FROES,RUA REVERENDO ARMANDO FERREIRA  S/N
2016,72,43,1,3,PSD,1112,ESCOLA ESTADUAL LEOPOLDO FROES,RUA REVERENDO ARMANDO FERREIRA  S/N
2016,72,5,1,1,PSD,1015,ESCOLA ESTADUAL DR LUCIANO PESTRE,AV PASTOR JOSE GOMES DE SOUZA S/N
2016,72,53,1,1,PSD,1147,ESCOLA MUNICIPAL VERA LUCIA MACHADO,RUA ALDEMAR DE PAIVA LOTE 7 E 8
2016,72,54,1,1,PSD,1074,COLEGIO ESTADUAL PAULO ASSIS RIBEIRO,ESTRADA CAETANO MONTEIRO 814
2016,72,55,1,3,PSD,1074,COLEGIO ESTADUAL PAULO ASSIS RIBEIRO,ESTRADA CAETANO MONTEIRO 814
2016,72,57,1,2,PSD,1112,ESCOLA ESTADUAL LEOPOLDO FROES,RUA REVERENDO ARMANDO FERREIRA  S/N
2016,72,58,1,2,PSD,1112,ESCOLA ESTADUAL LEOPOLDO FROES,RUA REVERENDO ARMANDO FERREIRA  S/N
2016,72,59,1,1,PSD,1112,ESCOLA ESTADUAL LEOPOLDO FROES,RUA REVERENDO ARMANDO FERREIRA  S/N
2016,72,6,1,2,PSD,1015,ESCOLA ESTADUAL DR LUCIANO PESTRE,AV PASTOR JOSE GOMES DE SOUZA S/N
2016,72,61,1,1,PSD,1112,ESCOLA ESTADUAL LEOPOLDO FROES,RUA REVERENDO ARMANDO FERREIRA  S/N
2016,72,62,1,2,PSD,1112,ESCOLA ESTADUAL LEOPOLDO FROES,RUA REVERENDO ARMANDO FERREIRA  S/N
2016,72,63,1,1,PSD,1171,ESCOLA MUNICIPAL ANTONIO COUTINHO DE AZEVEDO,AV NESTOR RODRIGUES PERLINGEIRO S/N
2016,72,64,1,1,PSD,1171,ESCOLA MUNICIPAL ANTONIO COUTINHO DE AZEVEDO,AV NESTOR RODRIGUES PERLINGEIRO S/N
2016,72,65,1,2,PSD,1171,ESCOLA MUNICIPAL ANTONIO COUTINHO DE AZEVEDO,AV NESTOR RODRIGUES PERLINGEIRO S/N
2016,72,66,1,1,PSD,1171,ESCOLA MUNICIPAL ANTONIO COUTINHO DE AZEVEDO,AV NESTOR RODRIGUES PERLINGEIRO S/N
2016,72,67,1,1,PSD,1171,ESCOLA MUNICIPAL ANTONIO COUTINHO DE AZEVEDO,AV NESTOR RODRIGUES PERLINGEIRO S/N
2016,72,68,1,3,PSD,1180,ESCOLA MUNICIPAL RACHIDE DA GLORIA SALIM SAKER,RUA JANDIRA PEREIRA 620
2016,72,69,1,2,PSD,1180,ESCOLA MUNICIPAL RACHIDE DA GLORIA SALIM SAKER,RUA JANDIRA PEREIRA 620
2016,72,7,1,4,PSD,1040,CIEP 447 - CARAMUJO,RODOVIA AMARAL PEIXOTO KM 2  
2016,72,70,1,1,PSD,1180,ESCOLA MUNICIPAL RACHIDE DA GLORIA SALIM SAKER,RUA JANDIRA PEREIRA 620
2016,72,71,1,2,PSD,1180,ESCOLA MUNICIPAL RACHIDE DA GLORIA SALIM SAKER,RUA JANDIRA PEREIRA 620
2016,72,8,1,2,PSD,1040,CIEP 447 - CARAMUJO,RODOVIA AMARAL PEIXOTO KM 2  
2016,72,9,1,1,PSD,1040,CIEP 447 - CARAMUJO,RODOVIA AMARAL PEIXOTO KM 2  
2018,144,1,1,113,PSD,1171,ESCOLA ESTADUAL MENEZES VIEIRA,RUA ASSIS DE VASCONCELOS N 30
2018,144,10,1,99,PSD,1031,(PRÉDIO NOVO) COLÉGIO PEDRO II UNIDADE NITERÓI,RUA ASSIS DE VASCONCELOS S/N
2018,144,100,1,87,PSD,1430,(PRÉDIO NOVO) COLÉGIO PEDRO II UNIDADE NITERÓI,RUA ASSIS DE VASCONCELOS S/N
2018,144,101,1,90,PSD,1430,(PRÉDIO NOVO) COLÉGIO PEDRO II UNIDADE NITERÓI,RUA ASSIS DE VASCONCELOS S/N
2018,144,102,1,110,PSD,1430,(PRÉDIO NOVO) COLÉGIO PEDRO II UNIDADE NITERÓI,RUA ASSIS DE VASCONCELOS S/N
2018,144,103,1,71,PSD,1430,(PRÉDIO NOVO) COLÉGIO PEDRO II UNIDADE NITERÓI,RUA ASSIS DE VASCONCELOS S/N
2018,144,104,1,82,PSD,1430,(PRÉDIO NOVO) COLÉGIO PEDRO II UNIDADE NITERÓI,RUA ASSIS DE VASCONCELOS S/N
2018,144,105,1,103,PSD,1317,IGREJA BATISTA BETEL DE NITERÓI,RUA DANIEL TORRES 72
2018,144,106,1,68,PSD,1317,IGREJA BATISTA BETEL DE NITERÓI,RUA DANIEL TORRES 72
2018,144,107,1,59,PSD,1350,PAROQUIA NOSSA SENHORA MAE DA DIVINA PROVIDENCIA,RUA DOM ANTONIO DE ALMEIDA MORAES JR. 125
2018,144,108,1,62,PSD,1430,(PRÉDIO NOVO) COLÉGIO PEDRO II UNIDADE NITERÓI,RUA ASSIS DE VASCONCELOS S/N
2018,144,109,1,43,PSD,1236,COLÉGIO ESTADUAL MULLULO DA VEIGA,RUA CORONEL GUIMARÃES 505
2018,144,11,1,99,PSD,1031,(PRÉDIO NOVO) COLÉGIO PEDRO II UNIDADE NITERÓI,RUA ASSIS DE VASCONCELOS S/N
2018,144,110,1,70,PSD,1430,(PRÉDIO NOVO) COLÉGIO PEDRO II UNIDADE NITERÓI,RUA ASSIS DE VASCONCELOS S/N
2018,144,111,1,94,PSD,1350,PAROQUIA NOSSA SENHORA MAE DA DIVINA PROVIDENCIA,RUA DOM ANTONIO DE ALMEIDA MORAES JR. 125
2018,144,112,1,97,PSD,1350,PAROQUIA NOSSA SENHORA MAE DA DIVINA PROVIDENCIA,RUA DOM ANTONIO DE ALMEIDA MORAES JR. 125
2018,144,113,1,73,PSD,1252,ESCOLA MUNICIPAL ADELINO MAGALHÃES,"RUA DR. NELSON PENA, 17"
2018,144,114,1,91,PSD,1252,ESCOLA MUNICIPAL ADELINO MAGALHÃES,"RUA DR. NELSON PENA, 17"
2018,144,115,1,61,PSD,1252,ESCOLA MUNICIPAL ADELINO MAGALHÃES,"RUA DR. NELSON PENA, 17"
2018,144,116,1,99,PSD,1210,TIO SAM ESPORTE CLUBE,RUA BENJAMIM CONSTANT 562
2018,144,117,1,84,PSD,1210,TIO SAM ESPORTE CLUBE,RUA BENJAMIM CONSTANT 562
2018,144,118,1,93,PSD,1210,TIO SAM ESPORTE CLUBE,RUA BENJAMIM CONSTANT 562
2018,144,119,1,115,PSD,1210,TIO SAM ESPORTE CLUBE,RUA BENJAMIM CONSTANT 562
2018,144,12,1,87,PSD,1201,OFICINAS DO SENAI,RUA GALVAO S/N
2018,144,120,1,96,PSD,1210,TIO SAM ESPORTE CLUBE,RUA BENJAMIM CONSTANT 562
2018,144,121,1,94,PSD,1210,TIO SAM ESPORTE CLUBE,RUA BENJAMIM CONSTANT 562
2018,144,122,1,52,PSD,1023,PAROQUIA DE SAO JOAO BATISTA,RUA DR. MARCH 666
2018,144,123,1,58,PSD,1171,ESCOLA ESTADUAL MENEZES VIEIRA,RUA ASSIS DE VASCONCELOS N 30
2018,144,124,1,74,PSD,1090,ESCOLA TÉCNICA ESTADUAL HENRIQUE LAGE,RUA GUIMARÃES JUNIOR 182
2018,144,125,1,87,PSD,1430,(PRÉDIO NOVO) COLÉGIO PEDRO II UNIDADE NITERÓI,RUA ASSIS DE VASCONCELOS S/N
2018,144,126,1,62,PSD,1252,ESCOLA MUNICIPAL ADELINO MAGALHÃES,"RUA DR. NELSON PENA, 17"
2018,144,127,1,107,PSD,1210,TIO SAM ESPORTE CLUBE,RUA BENJAMIM CONSTANT 562
2018,144,128,1,81,PSD,1430,(PRÉDIO NOVO) COLÉGIO PEDRO II UNIDADE NITERÓI,RUA ASSIS DE VASCONCELOS S/N
2018,144,129,1,74,PSD,1236,COLÉGIO ESTADUAL MULLULO DA VEIGA,RUA CORONEL GUIMARÃES 505
2018,144,13,1,82,PSD,1031,(PRÉDIO NOVO) COLÉGIO PEDRO II UNIDADE NITERÓI,RUA ASSIS DE VASCONCELOS S/N
2018,144,130,1,49,PSD,1104,ESCOLA MUNICIPAL ALTIVO CESAR,"RUA DR. LUIZ PALMIER, 25"
2018,144,131,1,109,PSD,1031,(PRÉDIO NOVO) COLÉGIO PEDRO II UNIDADE NITERÓI,RUA ASSIS DE VASCONCELOS S/N
2018,144,134,1,108,PSD,1163,COLÉGIO ESTADUAL CONSELHEIRO MACEDO SOARES,RUA DR. MARCH 392
2018,144,135,1,93,PSD,1252,ESCOLA MUNICIPAL ADELINO MAGALHÃES,"RUA DR. NELSON PENA, 17"
2018,144,136,1,122,PSD,1210,TIO SAM ESPORTE CLUBE,RUA BENJAMIM CONSTANT 562
2018,144,137,1,70,PSD,1090,ESCOLA TÉCNICA ESTADUAL HENRIQUE LAGE,RUA GUIMARÃES JUNIOR 182
2018,144,138,1,100,PSD,1449,INSTITUTO SÃO BENTO DE NITEROI,RUA VEREADOR DUQUE ESTRADA 28
2018,144,139,1,99,PSD,1449,INSTITUTO SÃO BENTO DE NITEROI,RUA VEREADOR DUQUE ESTRADA 28
2018,144,14,1,72,PSD,1031,(PRÉDIO NOVO) COLÉGIO PEDRO II UNIDADE NITERÓI,RUA ASSIS DE VASCONCELOS S/N
2018,144,140,1,105,PSD,1449,INSTITUTO SÃO BENTO DE NITEROI,RUA VEREADOR DUQUE ESTRADA 28
2018,144,141,1,91,PSD,1449,INSTITUTO SÃO BENTO DE NITEROI,RUA VEREADOR DUQUE ESTRADA 28
2018,144,142,1,88,PSD,1449,INSTITUTO SÃO BENTO DE NITEROI,RUA VEREADOR DUQUE ESTRADA 28
2018,144,143,1,94,PSD,1449,INSTITUTO SÃO BENTO DE NITEROI,RUA VEREADOR DUQUE ESTRADA 28
2018,144,144,1,73,PSD,1449,INSTITUTO SÃO BENTO DE NITEROI,RUA VEREADOR DUQUE ESTRADA 28
2018,144,145,1,86,PSD,1449,INSTITUTO SÃO BENTO DE NITEROI,RUA VEREADOR DUQUE ESTRADA 28
2018,144,146,1,90,PSD,1449,INSTITUTO SÃO BENTO DE NITEROI,RUA VEREADOR DUQUE ESTRADA 28
2018,144,147,1,101,PSD,1449,INSTITUTO SÃO BENTO DE NITEROI,RUA VEREADOR DUQUE ESTRADA 28
2018,144,148,1,89,PSD,1449,INSTITUTO SÃO BENTO DE NITEROI,RUA VEREADOR DUQUE ESTRADA 28
2018,144,149,1,126,PSD,1457,ESCOLA ESTADUAL MACHADO DE ASSIS,RUA DESEMBARGADOR LIMA CASTRO 97
2018,144,15,1,105,PSD,1031,(PRÉDIO NOVO) COLÉGIO PEDRO II UNIDADE NITERÓI,RUA ASSIS DE VASCONCELOS S/N
2018,144,150,1,96,PSD,1457,ESCOLA ESTADUAL MACHADO DE ASSIS,RUA DESEMBARGADOR LIMA CASTRO 97
2018,144,151,1,94,PSD,1457,ESCOLA ESTADUAL MACHADO DE ASSIS,RUA DESEMBARGADOR LIMA CASTRO 97
2018,144,152,1,91,PSD,1457,ESCOLA ESTADUAL MACHADO DE ASSIS,RUA DESEMBARGADOR LIMA CASTRO 97
2018,144,153,1,94,PSD,1457,ESCOLA ESTADUAL MACHADO DE ASSIS,RUA DESEMBARGADOR LIMA CASTRO 97
2018,144,154,1,116,PSD,1457,ESCOLA ESTADUAL MACHADO DE ASSIS,RUA DESEMBARGADOR LIMA CASTRO 97
2018,144,155,1,110,PSD,1457,ESCOLA ESTADUAL MACHADO DE ASSIS,RUA DESEMBARGADOR LIMA CASTRO 97
2018,144,156,1,116,PSD,1457,ESCOLA ESTADUAL MACHADO DE ASSIS,RUA DESEMBARGADOR LIMA CASTRO 97
2018,144,157,1,123,PSD,1457,ESCOLA ESTADUAL MACHADO DE ASSIS,RUA DESEMBARGADOR LIMA CASTRO 97
2018,144,158,1,117,PSD,1457,ESCOLA ESTADUAL MACHADO DE ASSIS,RUA DESEMBARGADOR LIMA CASTRO 97
2018,144,159,1,62,PSD,1457,ESCOLA ESTADUAL MACHADO DE ASSIS,RUA DESEMBARGADOR LIMA CASTRO 97
2018,144,16,1,118,PSD,1112,ESCOLA MUNICIPAL TIRADENTES,"RUA DR. MARCH, 628"
2018,144,160,1,110,PSD,1457,ESCOLA ESTADUAL MACHADO DE ASSIS,RUA DESEMBARGADOR LIMA CASTRO 97
2018,144,161,1,88,PSD,1457,ESCOLA ESTADUAL MACHADO DE ASSIS,RUA DESEMBARGADOR LIMA CASTRO 97
2018,144,162,1,70,PSD,1465,ESCOLA MUNICIPAL SEBASTIANA GONÇALVES PINHO,ESTRADA VIÇOSO JARDIM S/N
2018,144,163,1,83,PSD,1473,ESCOLA ESTADUAL JOSE BONIFACIO,RUA CARLOS MAXIMIANO 20
2018,144,164,1,99,PSD,1473,ESCOLA ESTADUAL JOSE BONIFACIO,RUA CARLOS MAXIMIANO 20
2018,144,165,1,87,PSD,1473,ESCOLA ESTADUAL JOSE BONIFACIO,RUA CARLOS MAXIMIANO 20
2018,144,166,1,75,PSD,1473,ESCOLA ESTADUAL JOSE BONIFACIO,RUA CARLOS MAXIMIANO 20
2018,144,167,1,96,PSD,1473,ESCOLA ESTADUAL JOSE BONIFACIO,RUA CARLOS MAXIMIANO 20
2018,144,168,1,103,PSD,1473,ESCOLA ESTADUAL JOSE BONIFACIO,RUA CARLOS MAXIMIANO 20
2018,144,169,1,114,PSD,1473,ESCOLA ESTADUAL JOSE BONIFACIO,RUA CARLOS MAXIMIANO 20
2018,144,17,1,104,PSD,1112,ESCOLA MUNICIPAL TIRADENTES,"RUA DR. MARCH, 628"
2018,144,170,1,96,PSD,1473,ESCOLA ESTADUAL JOSE BONIFACIO,RUA CARLOS MAXIMIANO 20
2018,144,171,1,70,PSD,1473,ESCOLA ESTADUAL JOSE BONIFACIO,RUA CARLOS MAXIMIANO 20
2018,144,172,1,100,PSD,1473,ESCOLA ESTADUAL JOSE BONIFACIO,RUA CARLOS MAXIMIANO 20
2018,144,173,1,88,PSD,1473,ESCOLA ESTADUAL JOSE BONIFACIO,RUA CARLOS MAXIMIANO 20
2018,144,174,1,94,PSD,1473,ESCOLA ESTADUAL JOSE BONIFACIO,RUA CARLOS MAXIMIANO 20
2018,144,175,1,89,PSD,1473,ESCOLA ESTADUAL JOSE BONIFACIO,RUA CARLOS MAXIMIANO 20
2018,144,176,1,105,PSD,1473,ESCOLA ESTADUAL JOSE BONIFACIO,RUA CARLOS MAXIMIANO 20
2018,144,177,1,112,PSD,1473,ESCOLA ESTADUAL JOSE BONIFACIO,RUA CARLOS MAXIMIANO 20
2018,144,178,1,75,PSD,1481,GRUPO ESCOLAR EMBAIXADOR RAUL FERNANDES,"RUA RIODADES, 253"
2018,144,179,1,83,PSD,1481,GRUPO ESCOLAR EMBAIXADOR RAUL FERNANDES,"RUA RIODADES, 253"
2018,144,18,1,101,PSD,1171,ESCOLA ESTADUAL MENEZES VIEIRA,RUA ASSIS DE VASCONCELOS N 30
2018,144,180,1,103,PSD,1481,GRUPO ESCOLAR EMBAIXADOR RAUL FERNANDES,"RUA RIODADES, 253"
2018,144,181,1,70,PSD,1481,GRUPO ESCOLAR EMBAIXADOR RAUL FERNANDES,"RUA RIODADES, 253"
2018,144,182,1,77,PSD,1481,GRUPO ESCOLAR EMBAIXADOR RAUL FERNANDES,"RUA RIODADES, 253"
2018,144,183,1,80,PSD,1481,GRUPO ESCOLAR EMBAIXADOR RAUL FERNANDES,"RUA RIODADES, 253"
2018,144,184,1,79,PSD,1481,GRUPO ESCOLAR EMBAIXADOR RAUL FERNANDES,"RUA RIODADES, 253"
2018,144,185,1,59,PSD,1481,GRUPO ESCOLAR EMBAIXADOR RAUL FERNANDES,"RUA RIODADES, 253"
2018,144,186,1,89,PSD,1481,GRUPO ESCOLAR EMBAIXADOR RAUL FERNANDES,"RUA RIODADES, 253"
2018,144,187,1,69,PSD,1481,GRUPO ESCOLAR EMBAIXADOR RAUL FERNANDES,"RUA RIODADES, 253"
2018,144,188,1,85,PSD,1481,GRUPO ESCOLAR EMBAIXADOR RAUL FERNANDES,"RUA RIODADES, 253"
2018,144,189,1,102,PSD,1490,IGREJA BATISTA DO FONSECA,ALAMEDA SAO BOAVENTURA  937
2018,144,19,1,109,PSD,1171,ESCOLA ESTADUAL MENEZES VIEIRA,RUA ASSIS DE VASCONCELOS N 30
2018,144,190,1,76,PSD,1490,IGREJA BATISTA DO FONSECA,ALAMEDA SAO BOAVENTURA  937
2018,144,191,1,106,PSD,1490,IGREJA BATISTA DO FONSECA,ALAMEDA SAO BOAVENTURA  937
2018,144,192,1,119,PSD,1490,IGREJA BATISTA DO FONSECA,ALAMEDA SAO BOAVENTURA  937
2018,144,193,1,123,PSD,1490,IGREJA BATISTA DO FONSECA,ALAMEDA SAO BOAVENTURA  937
2018,144,194,1,101,PSD,1503,SERVICO DE ASSISTENCIA SOCIAL SAO DOMINGOS SAVIO,RUA MARTINS TORRES 223
2018,144,195,1,91,PSD,1503,SERVICO DE ASSISTENCIA SOCIAL SAO DOMINGOS SAVIO,RUA MARTINS TORRES 223
2018,144,196,1,86,PSD,1503,SERVICO DE ASSISTENCIA SOCIAL SAO DOMINGOS SAVIO,RUA MARTINS TORRES 223
2018,144,197,1,105,PSD,1503,SERVICO DE ASSISTENCIA SOCIAL SAO DOMINGOS SAVIO,RUA MARTINS TORRES 223
2018,144,198,1,60,PSD,1503,SERVICO DE ASSISTENCIA SOCIAL SAO DOMINGOS SAVIO,RUA MARTINS TORRES 223
2018,144,199,1,93,PSD,1503,SERVICO DE ASSISTENCIA SOCIAL SAO DOMINGOS SAVIO,RUA MARTINS TORRES 223
2018,144,2,1,89,PSD,1023,PAROQUIA DE SAO JOAO BATISTA,RUA DR. MARCH 666
2018,144,20,1,66,PSD,1090,ESCOLA TÉCNICA ESTADUAL HENRIQUE LAGE,RUA GUIMARÃES JUNIOR 182
2018,144,200,1,80,PSD,1503,SERVICO DE ASSISTENCIA SOCIAL SAO DOMINGOS SAVIO,RUA MARTINS TORRES 223
2018,144,201,1,77,PSD,1511,SOCIEDADE EDUCACIONAL CRISMOGALI,RUA SAO JANUARIO 318
2018,144,202,1,117,PSD,1511,SOCIEDADE EDUCACIONAL CRISMOGALI,RUA SAO JANUARIO 318
2018,144,203,1,103,PSD,1511,SOCIEDADE EDUCACIONAL CRISMOGALI,RUA SAO JANUARIO 318
2018,144,204,1,88,PSD,1511,SOCIEDADE EDUCACIONAL CRISMOGALI,RUA SAO JANUARIO 318
2018,144,205,1,76,PSD,1520,ESCOLA MUNICIPAL DJALMA COUTINHO,"RUA CINCO DE MARÇO, 75"
2018,144,206,1,71,PSD,1520,ESCOLA MUNICIPAL DJALMA COUTINHO,"RUA CINCO DE MARÇO, 75"
2018,144,207,1,59,PSD,1520,ESCOLA MUNICIPAL DJALMA COUTINHO,"RUA CINCO DE MARÇO, 75"
2018,144,21,1,82,PSD,1090,ESCOLA TÉCNICA ESTADUAL HENRIQUE LAGE,RUA GUIMARÃES JUNIOR 182
2018,144,211,1,100,PSD,1546,CURSO WISE UP,"ALAMEDA SAO BOAVENTURA , 519"
2018,144,212,1,104,PSD,1546,CURSO WISE UP,"ALAMEDA SAO BOAVENTURA , 519"
2018,144,213,1,95,PSD,1546,CURSO WISE UP,"ALAMEDA SAO BOAVENTURA , 519"
2018,144,214,1,94,PSD,1546,CURSO WISE UP,"ALAMEDA SAO BOAVENTURA , 519"
2018,144,215,1,98,PSD,1554,ESCOLA MUNICIPAL PROFESSOR PAULO FREIRE,RUA SOARES DE MIRANDA 77
2018,144,216,1,72,PSD,1554,ESCOLA MUNICIPAL PROFESSOR PAULO FREIRE,RUA SOARES DE MIRANDA 77
2018,144,217,1,79,PSD,1554,ESCOLA MUNICIPAL PROFESSOR PAULO FREIRE,RUA SOARES DE MIRANDA 77
2018,144,218,1,76,PSD,1554,ESCOLA MUNICIPAL PROFESSOR PAULO FREIRE,RUA SOARES DE MIRANDA 77
2018,144,219,1,75,PSD,1554,ESCOLA MUNICIPAL PROFESSOR PAULO FREIRE,RUA SOARES DE MIRANDA 77
2018,144,22,1,74,PSD,1090,ESCOLA TÉCNICA ESTADUAL HENRIQUE LAGE,RUA GUIMARÃES JUNIOR 182
2018,144,220,1,91,PSD,1554,ESCOLA MUNICIPAL PROFESSOR PAULO FREIRE,RUA SOARES DE MIRANDA 77
2018,144,221,1,59,PSD,1554,ESCOLA MUNICIPAL PROFESSOR PAULO FREIRE,RUA SOARES DE MIRANDA 77
2018,144,222,1,80,PSD,1554,ESCOLA MUNICIPAL PROFESSOR PAULO FREIRE,RUA SOARES DE MIRANDA 77
2018,144,223,1,64,PSD,1554,ESCOLA MUNICIPAL PROFESSOR PAULO FREIRE,RUA SOARES DE MIRANDA 77
2018,144,224,1,96,PSD,1554,ESCOLA MUNICIPAL PROFESSOR PAULO FREIRE,RUA SOARES DE MIRANDA 77
2018,144,225,1,88,PSD,1554,ESCOLA MUNICIPAL PROFESSOR PAULO FREIRE,RUA SOARES DE MIRANDA 77
2018,144,226,1,88,PSD,1554,ESCOLA MUNICIPAL PROFESSOR PAULO FREIRE,RUA SOARES DE MIRANDA 77
2018,144,227,1,99,PSD,1554,ESCOLA MUNICIPAL PROFESSOR PAULO FREIRE,RUA SOARES DE MIRANDA 77
2018,144,228,1,84,PSD,1554,ESCOLA MUNICIPAL PROFESSOR PAULO FREIRE,RUA SOARES DE MIRANDA 77
2018,144,229,1,74,PSD,1554,ESCOLA MUNICIPAL PROFESSOR PAULO FREIRE,RUA SOARES DE MIRANDA 77
2018,144,23,1,80,PSD,1090,ESCOLA TÉCNICA ESTADUAL HENRIQUE LAGE,RUA GUIMARÃES JUNIOR 182
2018,144,230,1,91,PSD,1562,LBV LEGIÃO DA BOA VONTADE,ALAMEDA SÃO BOAVENTURA 474
2018,144,231,1,82,PSD,1562,LBV LEGIÃO DA BOA VONTADE,ALAMEDA SÃO BOAVENTURA 474
2018,144,232,1,63,PSD,1562,LBV LEGIÃO DA BOA VONTADE,ALAMEDA SÃO BOAVENTURA 474
2018,144,233,1,83,PSD,1562,LBV LEGIÃO DA BOA VONTADE,ALAMEDA SÃO BOAVENTURA 474
2018,144,234,1,84,PSD,1562,LBV LEGIÃO DA BOA VONTADE,ALAMEDA SÃO BOAVENTURA 474
2018,144,235,1,104,PSD,1562,LBV LEGIÃO DA BOA VONTADE,ALAMEDA SÃO BOAVENTURA 474
2018,144,236,1,55,PSD,1570,SECRETARIA DE ESTADO DE AGRICULTURA E ABASTECIMENTO,ALAMEDA SAO BOAVENTURA 770
2018,144,237,1,59,PSD,1570,SECRETARIA DE ESTADO DE AGRICULTURA E ABASTECIMENTO,ALAMEDA SAO BOAVENTURA 770
2018,144,238,1,69,PSD,1570,SECRETARIA DE ESTADO DE AGRICULTURA E ABASTECIMENTO,ALAMEDA SAO BOAVENTURA 770
2018,144,239,1,56,PSD,1570,SECRETARIA DE ESTADO DE AGRICULTURA E ABASTECIMENTO,ALAMEDA SAO BOAVENTURA 770
2018,144,24,1,82,PSD,1090,ESCOLA TÉCNICA ESTADUAL HENRIQUE LAGE,RUA GUIMARÃES JUNIOR 182
2018,144,240,1,67,PSD,1570,SECRETARIA DE ESTADO DE AGRICULTURA E ABASTECIMENTO,ALAMEDA SAO BOAVENTURA 770
2018,144,241,1,62,PSD,1570,SECRETARIA DE ESTADO DE AGRICULTURA E ABASTECIMENTO,ALAMEDA SAO BOAVENTURA 770
2018,144,242,1,55,PSD,1570,SECRETARIA DE ESTADO DE AGRICULTURA E ABASTECIMENTO,ALAMEDA SAO BOAVENTURA 770
2018,144,243,1,76,PSD,1570,SECRETARIA DE ESTADO DE AGRICULTURA E ABASTECIMENTO,ALAMEDA SAO BOAVENTURA 770
2018,144,244,1,55,PSD,1570,SECRETARIA DE ESTADO DE AGRICULTURA E ABASTECIMENTO,ALAMEDA SAO BOAVENTURA 770
2018,144,245,1,64,PSD,1570,SECRETARIA DE ESTADO DE AGRICULTURA E ABASTECIMENTO,ALAMEDA SAO BOAVENTURA 770
2018,144,246,1,68,PSD,1570,SECRETARIA DE ESTADO DE AGRICULTURA E ABASTECIMENTO,ALAMEDA SAO BOAVENTURA 770
2018,144,247,1,70,PSD,1570,SECRETARIA DE ESTADO DE AGRICULTURA E ABASTECIMENTO,ALAMEDA SAO BOAVENTURA 770
2018,144,248,1,50,PSD,1570,SECRETARIA DE ESTADO DE AGRICULTURA E ABASTECIMENTO,ALAMEDA SAO BOAVENTURA 770
2018,144,249,1,94,PSD,1589,COLÉGIO NOSSA SENHORA DAS MERCÊS,ALAMEDA SAO BOAVENTURA 297
2018,144,25,1,75,PSD,1090,ESCOLA TÉCNICA ESTADUAL HENRIQUE LAGE,RUA GUIMARÃES JUNIOR 182
2018,144,250,1,97,PSD,1589,COLÉGIO NOSSA SENHORA DAS MERCÊS,ALAMEDA SAO BOAVENTURA 297
2018,144,251,1,91,PSD,1589,COLÉGIO NOSSA SENHORA DAS MERCÊS,ALAMEDA SAO BOAVENTURA 297
2018,144,252,1,89,PSD,1589,COLÉGIO NOSSA SENHORA DAS MERCÊS,ALAMEDA SAO BOAVENTURA 297
2018,144,253,1,74,PSD,1589,COLÉGIO NOSSA SENHORA DAS MERCÊS,ALAMEDA SAO BOAVENTURA 297
2018,144,254,1,113,PSD,1589,COLÉGIO NOSSA SENHORA DAS MERCÊS,ALAMEDA SAO BOAVENTURA 297
2018,144,255,1,122,PSD,1589,COLÉGIO NOSSA SENHORA DAS MERCÊS,ALAMEDA SAO BOAVENTURA 297
2018,144,256,1,106,PSD,1589,COLÉGIO NOSSA SENHORA DAS MERCÊS,ALAMEDA SAO BOAVENTURA 297
2018,144,257,1,97,PSD,1589,COLÉGIO NOSSA SENHORA DAS MERCÊS,ALAMEDA SAO BOAVENTURA 297
2018,144,258,1,111,PSD,1589,COLÉGIO NOSSA SENHORA DAS MERCÊS,ALAMEDA SAO BOAVENTURA 297
2018,144,259,1,102,PSD,1589,COLÉGIO NOSSA SENHORA DAS MERCÊS,ALAMEDA SAO BOAVENTURA 297
2018,144,26,1,80,PSD,1090,ESCOLA TÉCNICA ESTADUAL HENRIQUE LAGE,RUA GUIMARÃES JUNIOR 182
2018,144,260,1,101,PSD,1589,COLÉGIO NOSSA SENHORA DAS MERCÊS,ALAMEDA SAO BOAVENTURA 297
2018,144,261,1,92,PSD,1589,COLÉGIO NOSSA SENHORA DAS MERCÊS,ALAMEDA SAO BOAVENTURA 297
2018,144,262,1,106,PSD,1597,ESCOLA ESTADUAL HILARIO RIBEIRO,ALAMEDA SAO BOAVENTURA 794
2018,144,264,1,98,PSD,1597,ESCOLA ESTADUAL HILARIO RIBEIRO,ALAMEDA SAO BOAVENTURA 794
2018,144,266,1,102,PSD,1597,ESCOLA ESTADUAL HILARIO RIBEIRO,ALAMEDA SAO BOAVENTURA 794
2018,144,268,1,119,PSD,1597,ESCOLA ESTADUAL HILARIO RIBEIRO,ALAMEDA SAO BOAVENTURA 794
2018,144,27,1,97,PSD,1104,ESCOLA MUNICIPAL ALTIVO CESAR,"RUA DR. LUIZ PALMIER, 25"
2018,144,270,1,129,PSD,1597,ESCOLA ESTADUAL HILARIO RIBEIRO,ALAMEDA SAO BOAVENTURA 794
2018,144,272,1,124,PSD,1597,ESCOLA ESTADUAL HILARIO RIBEIRO,ALAMEDA SAO BOAVENTURA 794
2018,144,274,1,102,PSD,1597,ESCOLA ESTADUAL HILARIO RIBEIRO,ALAMEDA SAO BOAVENTURA 794
2018,144,276,1,47,PSD,1597,ESCOLA ESTADUAL HILARIO RIBEIRO,ALAMEDA SAO BOAVENTURA 794
2018,144,277,1,39,PSD,1597,ESCOLA ESTADUAL HILARIO RIBEIRO,ALAMEDA SAO BOAVENTURA 794
2018,144,278,1,118,PSD,1600,CIEP 251 - DONA MARIA PORTUGAL,RODOVIA AMARAL PEIXOTO KM 3
2018,144,279,1,73,PSD,1600,CIEP 251 - DONA MARIA PORTUGAL,RODOVIA AMARAL PEIXOTO KM 3
2018,144,28,1,90,PSD,1104,ESCOLA MUNICIPAL ALTIVO CESAR,"RUA DR. LUIZ PALMIER, 25"
2018,144,280,1,134,PSD,1600,CIEP 251 - DONA MARIA PORTUGAL,RODOVIA AMARAL PEIXOTO KM 3
2018,144,281,1,101,PSD,1600,CIEP 251 - DONA MARIA PORTUGAL,RODOVIA AMARAL PEIXOTO KM 3
2018,144,282,1,138,PSD,1600,CIEP 251 - DONA MARIA PORTUGAL,RODOVIA AMARAL PEIXOTO KM 3
2018,144,283,1,113,PSD,1600,CIEP 251 - DONA MARIA PORTUGAL,RODOVIA AMARAL PEIXOTO KM 3
2018,144,284,1,102,PSD,1600,CIEP 251 - DONA MARIA PORTUGAL,RODOVIA AMARAL PEIXOTO KM 3
2018,144,285,1,46,PSD,1554,ESCOLA MUNICIPAL PROFESSOR PAULO FREIRE,RUA SOARES DE MIRANDA 77
2018,144,286,1,102,PSD,1554,ESCOLA MUNICIPAL PROFESSOR PAULO FREIRE,RUA SOARES DE MIRANDA 77
2018,144,287,1,115,PSD,1554,ESCOLA MUNICIPAL PROFESSOR PAULO FREIRE,RUA SOARES DE MIRANDA 77
2018,144,288,1,108,PSD,1554,ESCOLA MUNICIPAL PROFESSOR PAULO FREIRE,RUA SOARES DE MIRANDA 77
2018,144,289,1,113,PSD,1554,ESCOLA MUNICIPAL PROFESSOR PAULO FREIRE,RUA SOARES DE MIRANDA 77
2018,144,29,1,102,PSD,1104,ESCOLA MUNICIPAL ALTIVO CESAR,"RUA DR. LUIZ PALMIER, 25"
2018,144,290,1,105,PSD,1554,ESCOLA MUNICIPAL PROFESSOR PAULO FREIRE,RUA SOARES DE MIRANDA 77
2018,144,291,1,35,PSD,1554,ESCOLA MUNICIPAL PROFESSOR PAULO FREIRE,RUA SOARES DE MIRANDA 77
2018,144,292,1,80,PSD,1627,ESCOLA ESTADUAL DOUTOR JAYME MEMORIA,RUA NORONHA TORREZAO 625
2018,144,293,1,96,PSD,1627,ESCOLA ESTADUAL DOUTOR JAYME MEMORIA,RUA NORONHA TORREZAO 625
2018,144,294,1,95,PSD,1627,ESCOLA ESTADUAL DOUTOR JAYME MEMORIA,RUA NORONHA TORREZAO 625
2018,144,295,1,89,PSD,1627,ESCOLA ESTADUAL DOUTOR JAYME MEMORIA,RUA NORONHA TORREZAO 625
2018,144,296,1,78,PSD,1627,ESCOLA ESTADUAL DOUTOR JAYME MEMORIA,RUA NORONHA TORREZAO 625
2018,144,297,1,113,PSD,1627,ESCOLA ESTADUAL DOUTOR JAYME MEMORIA,RUA NORONHA TORREZAO 625
2018,144,298,1,85,PSD,1627,ESCOLA ESTADUAL DOUTOR JAYME MEMORIA,RUA NORONHA TORREZAO 625
2018,144,299,1,119,PSD,1627,ESCOLA ESTADUAL DOUTOR JAYME MEMORIA,RUA NORONHA TORREZAO 625
2018,144,3,1,98,PSD,1023,PAROQUIA DE SAO JOAO BATISTA,RUA DR. MARCH 666
2018,144,30,1,87,PSD,1104,ESCOLA MUNICIPAL ALTIVO CESAR,"RUA DR. LUIZ PALMIER, 25"
2018,144,300,1,105,PSD,1627,ESCOLA ESTADUAL DOUTOR JAYME MEMORIA,RUA NORONHA TORREZAO 625
2018,144,301,1,99,PSD,1627,ESCOLA ESTADUAL DOUTOR JAYME MEMORIA,RUA NORONHA TORREZAO 625
2018,144,302,1,107,PSD,1627,ESCOLA ESTADUAL DOUTOR JAYME MEMORIA,RUA NORONHA TORREZAO 625
2018,144,303,1,73,PSD,1635,ESCOLA MUNICIPAL DOM JOSÉ PEREIRA ALVES,"RUA TENENTE OSORIO, 73"
2018,144,304,1,64,PSD,1635,ESCOLA MUNICIPAL DOM JOSÉ PEREIRA ALVES,"RUA TENENTE OSORIO, 73"
2018,144,305,1,100,PSD,1635,ESCOLA MUNICIPAL DOM JOSÉ PEREIRA ALVES,"RUA TENENTE OSORIO, 73"
2018,144,306,1,81,PSD,1635,ESCOLA MUNICIPAL DOM JOSÉ PEREIRA ALVES,"RUA TENENTE OSORIO, 73"
2018,144,307,1,73,PSD,1635,ESCOLA MUNICIPAL DOM JOSÉ PEREIRA ALVES,"RUA TENENTE OSORIO, 73"
2018,144,308,1,79,PSD,1635,ESCOLA MUNICIPAL DOM JOSÉ PEREIRA ALVES,"RUA TENENTE OSORIO, 73"
2018,144,309,1,42,PSD,1635,ESCOLA MUNICIPAL DOM JOSÉ PEREIRA ALVES,"RUA TENENTE OSORIO, 73"
2018,144,31,1,53,PSD,1104,ESCOLA MUNICIPAL ALTIVO CESAR,"RUA DR. LUIZ PALMIER, 25"
2018,144,310,1,67,PSD,1635,ESCOLA MUNICIPAL DOM JOSÉ PEREIRA ALVES,"RUA TENENTE OSORIO, 73"
2018,144,311,1,80,PSD,1635,ESCOLA MUNICIPAL DOM JOSÉ PEREIRA ALVES,"RUA TENENTE OSORIO, 73"
2018,144,312,1,42,PSD,1635,ESCOLA MUNICIPAL DOM JOSÉ PEREIRA ALVES,"RUA TENENTE OSORIO, 73"
2018,144,313,1,98,PSD,1635,ESCOLA MUNICIPAL DOM JOSÉ PEREIRA ALVES,"RUA TENENTE OSORIO, 73"
2018,144,314,1,133,PSD,1643,IGREJA ASSEMBLÉIA DE DEUS,"TRAVESSA VICTOR PESTRE, 32"
2018,144,315,1,50,PSD,1643,IGREJA ASSEMBLÉIA DE DEUS,"TRAVESSA VICTOR PESTRE, 32"
2018,144,316,1,146,PSD,1643,IGREJA ASSEMBLÉIA DE DEUS,"TRAVESSA VICTOR PESTRE, 32"
2018,144,317,1,80,PSD,1651,INSTITUTO EDUCACIONAL TAURUS,"ALAMEDA SÃO BOAVENTURA, 15"
2018,144,318,1,92,PSD,1651,INSTITUTO EDUCACIONAL TAURUS,"ALAMEDA SÃO BOAVENTURA, 15"
2018,144,319,1,92,PSD,1651,INSTITUTO EDUCACIONAL TAURUS,"ALAMEDA SÃO BOAVENTURA, 15"
2018,144,32,1,92,PSD,1104,ESCOLA MUNICIPAL ALTIVO CESAR,"RUA DR. LUIZ PALMIER, 25"
2018,144,320,1,27,PSD,1651,INSTITUTO EDUCACIONAL TAURUS,"ALAMEDA SÃO BOAVENTURA, 15"
2018,144,321,1,99,PSD,1651,INSTITUTO EDUCACIONAL TAURUS,"ALAMEDA SÃO BOAVENTURA, 15"
2018,144,322,1,80,PSD,1651,INSTITUTO EDUCACIONAL TAURUS,"ALAMEDA SÃO BOAVENTURA, 15"
2018,144,323,1,108,PSD,1651,INSTITUTO EDUCACIONAL TAURUS,"ALAMEDA SÃO BOAVENTURA, 15"
2018,144,324,1,82,PSD,1651,INSTITUTO EDUCACIONAL TAURUS,"ALAMEDA SÃO BOAVENTURA, 15"
2018,144,326,1,79,PSD,1651,INSTITUTO EDUCACIONAL TAURUS,"ALAMEDA SÃO BOAVENTURA, 15"
2018,144,327,1,83,PSD,1651,INSTITUTO EDUCACIONAL TAURUS,"ALAMEDA SÃO BOAVENTURA, 15"
2018,144,328,1,100,PSD,1660,COLÉGIO ESTADUAL CONSELHEIRO JOSINO,"RUA TEIXEIRA DE FREITAS, 421"
2018,144,329,1,114,PSD,1660,COLÉGIO ESTADUAL CONSELHEIRO JOSINO,"RUA TEIXEIRA DE FREITAS, 421"
2018,144,33,1,108,PSD,1104,ESCOLA MUNICIPAL ALTIVO CESAR,"RUA DR. LUIZ PALMIER, 25"
2018,144,330,1,104,PSD,1660,COLÉGIO ESTADUAL CONSELHEIRO JOSINO,"RUA TEIXEIRA DE FREITAS, 421"
2018,144,331,1,121,PSD,1660,COLÉGIO ESTADUAL CONSELHEIRO JOSINO,"RUA TEIXEIRA DE FREITAS, 421"
2018,144,332,1,117,PSD,1660,COLÉGIO ESTADUAL CONSELHEIRO JOSINO,"RUA TEIXEIRA DE FREITAS, 421"
2018,144,333,1,127,PSD,1660,COLÉGIO ESTADUAL CONSELHEIRO JOSINO,"RUA TEIXEIRA DE FREITAS, 421"
2018,144,334,1,112,PSD,1660,COLÉGIO ESTADUAL CONSELHEIRO JOSINO,"RUA TEIXEIRA DE FREITAS, 421"
2018,144,335,1,117,PSD,1660,COLÉGIO ESTADUAL CONSELHEIRO JOSINO,"RUA TEIXEIRA DE FREITAS, 421"
2018,144,336,1,76,PSD,1660,COLÉGIO ESTADUAL CONSELHEIRO JOSINO,"RUA TEIXEIRA DE FREITAS, 421"
2018,144,337,1,106,PSD,1678,ESCOLA MUNICIPAL JACINTA MEDELA,"RUA TENENTE OSORIO, 10"
2018,144,338,1,130,PSD,1678,ESCOLA MUNICIPAL JACINTA MEDELA,"RUA TENENTE OSORIO, 10"
2018,144,339,1,127,PSD,1678,ESCOLA MUNICIPAL JACINTA MEDELA,"RUA TENENTE OSORIO, 10"
2018,144,34,1,52,PSD,1112,ESCOLA MUNICIPAL TIRADENTES,"RUA DR. MARCH, 628"
2018,144,340,1,159,PSD,1678,ESCOLA MUNICIPAL JACINTA MEDELA,"RUA TENENTE OSORIO, 10"
2018,144,341,1,95,PSD,1678,ESCOLA MUNICIPAL JACINTA MEDELA,"RUA TENENTE OSORIO, 10"
2018,144,342,1,59,PSD,1686,GRUPO ESCOLAR NORONHA SANTOS,"RUA PREFEITO BRANDÃO JUNIOR, 184"
2018,144,343,1,96,PSD,1686,GRUPO ESCOLAR NORONHA SANTOS,"RUA PREFEITO BRANDÃO JUNIOR, 184"
2018,144,344,1,73,PSD,1686,GRUPO ESCOLAR NORONHA SANTOS,"RUA PREFEITO BRANDÃO JUNIOR, 184"
2018,144,345,1,74,PSD,1686,GRUPO ESCOLAR NORONHA SANTOS,"RUA PREFEITO BRANDÃO JUNIOR, 184"
2018,144,346,1,67,PSD,1686,GRUPO ESCOLAR NORONHA SANTOS,"RUA PREFEITO BRANDÃO JUNIOR, 184"
2018,144,347,1,52,PSD,1686,GRUPO ESCOLAR NORONHA SANTOS,"RUA PREFEITO BRANDÃO JUNIOR, 184"
2018,144,348,1,87,PSD,1686,GRUPO ESCOLAR NORONHA SANTOS,"RUA PREFEITO BRANDÃO JUNIOR, 184"
2018,144,349,1,86,PSD,1686,GRUPO ESCOLAR NORONHA SANTOS,"RUA PREFEITO BRANDÃO JUNIOR, 184"
2018,144,35,1,109,PSD,1112,ESCOLA MUNICIPAL TIRADENTES,"RUA DR. MARCH, 628"
2018,144,350,1,77,PSD,1686,GRUPO ESCOLAR NORONHA SANTOS,"RUA PREFEITO BRANDÃO JUNIOR, 184"
2018,144,36,1,86,PSD,1112,ESCOLA MUNICIPAL TIRADENTES,"RUA DR. MARCH, 628"
2018,144,39,1,77,PSD,1090,ESCOLA TÉCNICA ESTADUAL HENRIQUE LAGE,RUA GUIMARÃES JUNIOR 182
2018,144,4,1,88,PSD,1023,PAROQUIA DE SAO JOAO BATISTA,RUA DR. MARCH 666
2018,144,40,1,87,PSD,1090,ESCOLA TÉCNICA ESTADUAL HENRIQUE LAGE,RUA GUIMARÃES JUNIOR 182
2018,144,41,1,53,PSD,1090,ESCOLA TÉCNICA ESTADUAL HENRIQUE LAGE,RUA GUIMARÃES JUNIOR 182
2018,144,42,1,56,PSD,1090,ESCOLA TÉCNICA ESTADUAL HENRIQUE LAGE,RUA GUIMARÃES JUNIOR 182
2018,144,43,1,36,PSD,1090,ESCOLA TÉCNICA ESTADUAL HENRIQUE LAGE,RUA GUIMARÃES JUNIOR 182
2018,144,44,1,93,PSD,1163,COLÉGIO ESTADUAL CONSELHEIRO MACEDO SOARES,RUA DR. MARCH 392
2018,144,45,1,113,PSD,1163,COLÉGIO ESTADUAL CONSELHEIRO MACEDO SOARES,RUA DR. MARCH 392
2018,144,46,1,97,PSD,1163,COLÉGIO ESTADUAL CONSELHEIRO MACEDO SOARES,RUA DR. MARCH 392
2018,144,47,1,105,PSD,1163,COLÉGIO ESTADUAL CONSELHEIRO MACEDO SOARES,RUA DR. MARCH 392
2018,144,48,1,121,PSD,1163,COLÉGIO ESTADUAL CONSELHEIRO MACEDO SOARES,RUA DR. MARCH 392
2018,144,49,1,120,PSD,1163,COLÉGIO ESTADUAL CONSELHEIRO MACEDO SOARES,RUA DR. MARCH 392
2018,144,5,1,83,PSD,1031,(PRÉDIO NOVO) COLÉGIO PEDRO II UNIDADE NITERÓI,RUA ASSIS DE VASCONCELOS S/N
2018,144,50,1,117,PSD,1163,COLÉGIO ESTADUAL CONSELHEIRO MACEDO SOARES,RUA DR. MARCH 392
2018,144,51,1,125,PSD,1163,COLÉGIO ESTADUAL CONSELHEIRO MACEDO SOARES,RUA DR. MARCH 392
2018,144,52,1,121,PSD,1171,ESCOLA ESTADUAL MENEZES VIEIRA,RUA ASSIS DE VASCONCELOS N 30
2018,144,53,1,101,PSD,1171,ESCOLA ESTADUAL MENEZES VIEIRA,RUA ASSIS DE VASCONCELOS N 30
2018,144,54,1,94,PSD,1171,ESCOLA ESTADUAL MENEZES VIEIRA,RUA ASSIS DE VASCONCELOS N 30
2018,144,55,1,93,PSD,1201,OFICINAS DO SENAI,RUA GALVAO S/N
2018,144,57,1,94,PSD,1104,ESCOLA MUNICIPAL ALTIVO CESAR,"RUA DR. LUIZ PALMIER, 25"
2018,144,58,1,102,PSD,1104,ESCOLA MUNICIPAL ALTIVO CESAR,"RUA DR. LUIZ PALMIER, 25"
2018,144,59,1,131,PSD,1104,ESCOLA MUNICIPAL ALTIVO CESAR,"RUA DR. LUIZ PALMIER, 25"
2018,144,6,1,99,PSD,1031,(PRÉDIO NOVO) COLÉGIO PEDRO II UNIDADE NITERÓI,RUA ASSIS DE VASCONCELOS S/N
2018,144,60,1,45,PSD,1201,OFICINAS DO SENAI,RUA GALVAO S/N
2018,144,62,1,92,PSD,1210,TIO SAM ESPORTE CLUBE,RUA BENJAMIM CONSTANT 562
2018,144,63,1,102,PSD,1210,TIO SAM ESPORTE CLUBE,RUA BENJAMIM CONSTANT 562
2018,144,64,1,108,PSD,1210,TIO SAM ESPORTE CLUBE,RUA BENJAMIM CONSTANT 562
2018,144,65,1,82,PSD,1210,TIO SAM ESPORTE CLUBE,RUA BENJAMIM CONSTANT 562
2018,144,67,1,90,PSD,1236,COLÉGIO ESTADUAL MULLULO DA VEIGA,RUA CORONEL GUIMARÃES 505
2018,144,68,1,101,PSD,1236,COLÉGIO ESTADUAL MULLULO DA VEIGA,RUA CORONEL GUIMARÃES 505
2018,144,69,1,87,PSD,1236,COLÉGIO ESTADUAL MULLULO DA VEIGA,RUA CORONEL GUIMARÃES 505
2018,144,7,1,53,PSD,1031,(PRÉDIO NOVO) COLÉGIO PEDRO II UNIDADE NITERÓI,RUA ASSIS DE VASCONCELOS S/N
2018,144,70,1,88,PSD,1236,COLÉGIO ESTADUAL MULLULO DA VEIGA,RUA CORONEL GUIMARÃES 505
2018,144,71,1,103,PSD,1236,COLÉGIO ESTADUAL MULLULO DA VEIGA,RUA CORONEL GUIMARÃES 505
2018,144,72,1,94,PSD,1236,COLÉGIO ESTADUAL MULLULO DA VEIGA,RUA CORONEL GUIMARÃES 505
2018,144,73,1,97,PSD,1236,COLÉGIO ESTADUAL MULLULO DA VEIGA,RUA CORONEL GUIMARÃES 505
2018,144,74,1,119,PSD,1236,COLÉGIO ESTADUAL MULLULO DA VEIGA,RUA CORONEL GUIMARÃES 505
2018,144,75,1,100,PSD,1406,COLÉGIO NITERÓI,"RUA  VEREADOR JOSÉ VICENTE SOBRINHO, 269"
2018,144,76,1,113,PSD,1406,COLÉGIO NITERÓI,"RUA  VEREADOR JOSÉ VICENTE SOBRINHO, 269"
2018,144,77,1,95,PSD,1406,COLÉGIO NITERÓI,"RUA  VEREADOR JOSÉ VICENTE SOBRINHO, 269"
2018,144,78,1,107,PSD,1406,COLÉGIO NITERÓI,"RUA  VEREADOR JOSÉ VICENTE SOBRINHO, 269"
2018,144,79,1,130,PSD,1406,COLÉGIO NITERÓI,"RUA  VEREADOR JOSÉ VICENTE SOBRINHO, 269"
2018,144,8,1,93,PSD,1031,(PRÉDIO NOVO) COLÉGIO PEDRO II UNIDADE NITERÓI,RUA ASSIS DE VASCONCELOS S/N
2018,144,80,1,60,PSD,1406,COLÉGIO NITERÓI,"RUA  VEREADOR JOSÉ VICENTE SOBRINHO, 269"
2018,144,81,1,89,PSD,1430,(PRÉDIO NOVO) COLÉGIO PEDRO II UNIDADE NITERÓI,RUA ASSIS DE VASCONCELOS S/N
2018,144,82,1,63,PSD,1430,(PRÉDIO NOVO) COLÉGIO PEDRO II UNIDADE NITERÓI,RUA ASSIS DE VASCONCELOS S/N
2018,144,83,1,75,PSD,1252,ESCOLA MUNICIPAL ADELINO MAGALHÃES,"RUA DR. NELSON PENA, 17"
2018,144,84,1,77,PSD,1252,ESCOLA MUNICIPAL ADELINO MAGALHÃES,"RUA DR. NELSON PENA, 17"
2018,144,85,1,65,PSD,1252,ESCOLA MUNICIPAL ADELINO MAGALHÃES,"RUA DR. NELSON PENA, 17"
2018,144,86,1,69,PSD,1252,ESCOLA MUNICIPAL ADELINO MAGALHÃES,"RUA DR. NELSON PENA, 17"
2018,144,87,1,88,PSD,1252,ESCOLA MUNICIPAL ADELINO MAGALHÃES,"RUA DR. NELSON PENA, 17"
2018,144,88,1,106,PSD,1317,IGREJA BATISTA BETEL DE NITERÓI,RUA DANIEL TORRES 72
2018,144,89,1,115,PSD,1317,IGREJA BATISTA BETEL DE NITERÓI,RUA DANIEL TORRES 72
2018,144,9,1,76,PSD,1031,(PRÉDIO NOVO) COLÉGIO PEDRO II UNIDADE NITERÓI,RUA ASSIS DE VASCONCELOS S/N
2018,144,90,1,108,PSD,1317,IGREJA BATISTA BETEL DE NITERÓI,RUA DANIEL TORRES 72
2018,144,91,1,89,PSD,1252,ESCOLA MUNICIPAL ADELINO MAGALHÃES,"RUA DR. NELSON PENA, 17"
2018,144,92,1,69,PSD,1252,ESCOLA MUNICIPAL ADELINO MAGALHÃES,"RUA DR. NELSON PENA, 17"
2018,144,93,1,71,PSD,1252,ESCOLA MUNICIPAL ADELINO MAGALHÃES,"RUA DR. NELSON PENA, 17"
2018,144,94,1,83,PSD,1430,(PRÉDIO NOVO) COLÉGIO PEDRO II UNIDADE NITERÓI,RUA ASSIS DE VASCONCELOS S/N
2018,144,95,1,55,PSD,1236,COLÉGIO ESTADUAL MULLULO DA VEIGA,RUA CORONEL GUIMARÃES 505
2018,144,96,1,62,PSD,1430,(PRÉDIO NOVO) COLÉGIO PEDRO II UNIDADE NITERÓI,RUA ASSIS DE VASCONCELOS S/N
2018,144,97,1,71,PSD,1430,(PRÉDIO NOVO) COLÉGIO PEDRO II UNIDADE NITERÓI,RUA ASSIS DE VASCONCELOS S/N
2018,144,98,1,89,PSD,1430,(PRÉDIO NOVO) COLÉGIO PEDRO II UNIDADE NITERÓI,RUA ASSIS DE VASCONCELOS S/N
2018,144,99,1,88,PSD,1430,(PRÉDIO NOVO) COLÉGIO PEDRO II UNIDADE NITERÓI,RUA ASSIS DE VASCONCELOS S/N
2018,199,1,1,56,PSD,1015,COUNTRY CLUB DE NITEROI,RUA CHILE 135
2018,199,10,1,117,PSD,1031,ESCOLA MUNICIPAL HONORINA DE CARVALHO,RUA PROF. JOSE PECANHA S/N
2018,199,100,1,94,PSD,1155,COLEGIO ITAPUCA,"AV. ERNANI DE FARIAS ALVES, N 124 TREVO DE PIRATININGA"
2018,199,101,1,156,PSD,1112,COLÉGIO SALESIANO REGIÃO OCEÂNICA,"RUA DOUTOR CORNÉLIO DE MELLO JÚNIOR, 117"
2018,199,102,1,134,PSD,1198,ESCOLA ESTADUAL RUI FRAZAO SOARES - CIEP 448,ESTRADA DO ENGENHO DO MATO S/N - PRACA
2018,199,103,1,45,PSD,1023,ESCOLA ESTADUAL FELISBERTO DE CARVALHO,ESTRADA CAETANO MONTEIRO 896
2018,199,104,1,100,PSD,1155,COLEGIO ITAPUCA,"AV. ERNANI DE FARIAS ALVES, N 124 TREVO DE PIRATININGA"
2018,199,105,1,148,PSD,1244,CURSO LAPLACE,"RUA MANOEL PACHECO DE CARVALHO, N 80"
2018,199,106,1,42,PSD,1082,ESCOLA MUNICIPAL UMEI DR PAULO CESAR DE ALMEIDA PIMENTEL,RUA ANTONIO LUIZ SAIÃO CAMPO BELO
2018,199,107,1,141,PSD,1198,ESCOLA ESTADUAL RUI FRAZAO SOARES - CIEP 448,ESTRADA DO ENGENHO DO MATO S/N - PRACA
2018,199,108,1,55,PSD,1082,ESCOLA MUNICIPAL UMEI DR PAULO CESAR DE ALMEIDA PIMENTEL,RUA ANTONIO LUIZ SAIÃO CAMPO BELO
2018,199,109,1,52,PSD,1074,COLÉGIO GAUSS EM ITAIPU,AVENIDA FREI FABIANO N 155 LOT SANTO ANTÔNIO ITAIPU
2018,199,11,1,101,PSD,1031,ESCOLA MUNICIPAL HONORINA DE CARVALHO,RUA PROF. JOSE PECANHA S/N
2018,199,110,1,110,PSD,1155,COLEGIO ITAPUCA,"AV. ERNANI DE FARIAS ALVES, N 124 TREVO DE PIRATININGA"
2018,199,111,1,158,PSD,1112,COLÉGIO SALESIANO REGIÃO OCEÂNICA,"RUA DOUTOR CORNÉLIO DE MELLO JÚNIOR, 117"
2018,199,113,1,117,PSD,1031,ESCOLA MUNICIPAL HONORINA DE CARVALHO,RUA PROF. JOSE PECANHA S/N
2018,199,114,1,130,PSD,1198,ESCOLA ESTADUAL RUI FRAZAO SOARES - CIEP 448,ESTRADA DO ENGENHO DO MATO S/N - PRACA
2018,199,115,1,79,PSD,1244,CURSO LAPLACE,"RUA MANOEL PACHECO DE CARVALHO, N 80"
2018,199,116,1,96,PSD,1090,ESCOLA ESTADUAL PROF. ALCINA RODRIGUES LIMA,"ESTRADA FRANCISCO DA CRUZ NUNES, S/N"
2018,199,117,1,116,PSD,1155,COLEGIO ITAPUCA,"AV. ERNANI DE FARIAS ALVES, N 124 TREVO DE PIRATININGA"
2018,199,118,1,156,PSD,1112,COLÉGIO SALESIANO REGIÃO OCEÂNICA,"RUA DOUTOR CORNÉLIO DE MELLO JÚNIOR, 117"
2018,199,119,1,100,PSD,1066,ITACOATIARA PAMPO CLUBE,AV. BEIRA MAR 205
2018,199,12,1,121,PSD,1031,ESCOLA MUNICIPAL HONORINA DE CARVALHO,RUA PROF. JOSE PECANHA S/N
2018,199,120,1,82,PSD,1015,COUNTRY CLUB DE NITEROI,RUA CHILE 135
2018,199,121,1,163,PSD,1198,ESCOLA ESTADUAL RUI FRAZAO SOARES - CIEP 448,ESTRADA DO ENGENHO DO MATO S/N - PRACA
2018,199,123,1,128,PSD,1139,ESCOLA MUNICIPAL FRANCISCO PORTUGAL NEVES,"RUA MANOEL PACHECO DE CARVALHO, N 14 TREVO DE PIRATININGA"
2018,199,124,1,117,PSD,1082,ESCOLA MUNICIPAL UMEI DR PAULO CESAR DE ALMEIDA PIMENTEL,RUA ANTONIO LUIZ SAIÃO CAMPO BELO
2018,199,125,1,92,PSD,1031,ESCOLA MUNICIPAL HONORINA DE CARVALHO,RUA PROF. JOSE PECANHA S/N
2018,199,126,1,132,PSD,1198,ESCOLA ESTADUAL RUI FRAZAO SOARES - CIEP 448,ESTRADA DO ENGENHO DO MATO S/N - PRACA
2018,199,127,1,93,PSD,1090,ESCOLA ESTADUAL PROF. ALCINA RODRIGUES LIMA,"ESTRADA FRANCISCO DA CRUZ NUNES, S/N"
2018,199,129,1,104,PSD,1155,COLEGIO ITAPUCA,"AV. ERNANI DE FARIAS ALVES, N 124 TREVO DE PIRATININGA"
2018,199,13,1,132,PSD,1031,ESCOLA MUNICIPAL HONORINA DE CARVALHO,RUA PROF. JOSE PECANHA S/N
2018,199,130,1,117,PSD,1198,ESCOLA ESTADUAL RUI FRAZAO SOARES - CIEP 448,ESTRADA DO ENGENHO DO MATO S/N - PRACA
2018,199,132,1,88,PSD,1155,COLEGIO ITAPUCA,"AV. ERNANI DE FARIAS ALVES, N 124 TREVO DE PIRATININGA"
2018,199,133,1,109,PSD,1198,ESCOLA ESTADUAL RUI FRAZAO SOARES - CIEP 448,ESTRADA DO ENGENHO DO MATO S/N - PRACA
2018,199,134,1,42,PSD,1244,CURSO LAPLACE,"RUA MANOEL PACHECO DE CARVALHO, N 80"
2018,199,135,1,100,PSD,1090,ESCOLA ESTADUAL PROF. ALCINA RODRIGUES LIMA,"ESTRADA FRANCISCO DA CRUZ NUNES, S/N"
2018,199,136,1,153,PSD,1244,CURSO LAPLACE,"RUA MANOEL PACHECO DE CARVALHO, N 80"
2018,199,138,1,149,PSD,1112,COLÉGIO SALESIANO REGIÃO OCEÂNICA,"RUA DOUTOR CORNÉLIO DE MELLO JÚNIOR, 117"
2018,199,139,1,122,PSD,1198,ESCOLA ESTADUAL RUI FRAZAO SOARES - CIEP 448,ESTRADA DO ENGENHO DO MATO S/N - PRACA
2018,199,140,1,97,PSD,1074,COLÉGIO GAUSS EM ITAIPU,AVENIDA FREI FABIANO N 155 LOT SANTO ANTÔNIO ITAIPU
2018,199,141,1,81,PSD,1082,ESCOLA MUNICIPAL UMEI DR PAULO CESAR DE ALMEIDA PIMENTEL,RUA ANTONIO LUIZ SAIÃO CAMPO BELO
2018,199,142,1,106,PSD,1317,COLÉGIO PAULO FREIRE,"AVENIDA IRENE LOPES SODRÉ, N22"
2018,199,143,1,96,PSD,1155,COLEGIO ITAPUCA,"AV. ERNANI DE FARIAS ALVES, N 124 TREVO DE PIRATININGA"
2018,199,144,1,138,PSD,1139,ESCOLA MUNICIPAL FRANCISCO PORTUGAL NEVES,"RUA MANOEL PACHECO DE CARVALHO, N 14 TREVO DE PIRATININGA"
2018,199,145,1,99,PSD,1090,ESCOLA ESTADUAL PROF. ALCINA RODRIGUES LIMA,"ESTRADA FRANCISCO DA CRUZ NUNES, S/N"
2018,199,147,1,133,PSD,1112,COLÉGIO SALESIANO REGIÃO OCEÂNICA,"RUA DOUTOR CORNÉLIO DE MELLO JÚNIOR, 117"
2018,199,148,1,131,PSD,1031,ESCOLA MUNICIPAL HONORINA DE CARVALHO,RUA PROF. JOSE PECANHA S/N
2018,199,149,1,123,PSD,1198,ESCOLA ESTADUAL RUI FRAZAO SOARES - CIEP 448,ESTRADA DO ENGENHO DO MATO S/N - PRACA
2018,199,150,1,96,PSD,1066,ITACOATIARA PAMPO CLUBE,AV. BEIRA MAR 205
2018,199,151,1,83,PSD,1090,ESCOLA ESTADUAL PROF. ALCINA RODRIGUES LIMA,"ESTRADA FRANCISCO DA CRUZ NUNES, S/N"
2018,199,152,1,109,PSD,1260,COLÉGIO PLUZ,"RUA JOSÉ BITTENCOURT (ANT RUA 10 SOTER), N 20"
2018,199,153,1,131,PSD,1252,CIEP 307 -  DJANIRA,AV. EWERTON XAVIER S/N - PRACA
2018,199,154,1,99,PSD,1279,ESPAÇO CREARE CAMBOINHAS (EX SAINT NICHOLAS),"AVENIDA PROF CARLOS NELSON FERREIRA SANTOS(ANT AVENIDA 5) , 658"
2018,199,155,1,114,PSD,1112,COLÉGIO SALESIANO REGIÃO OCEÂNICA,"RUA DOUTOR CORNÉLIO DE MELLO JÚNIOR, 117"
2018,199,156,1,104,PSD,1155,COLEGIO ITAPUCA,"AV. ERNANI DE FARIAS ALVES, N 124 TREVO DE PIRATININGA"
2018,199,157,1,72,PSD,1015,COUNTRY CLUB DE NITEROI,RUA CHILE 135
2018,199,158,1,112,PSD,1287,ESCOLA MUNICPAL PROF MARCOS WALDEMAR DE FREITAS REIS,"RUA ANTONIO LUIZ SAIÃO, S/N ITAIPU"
2018,199,160,1,122,PSD,1120,ESCOLA ESTADUAL ALMIRANTE TAMANDARE,AV. ACURCIO TORRES S/N
2018,199,161,1,99,PSD,1260,COLÉGIO PLUZ,"RUA JOSÉ BITTENCOURT (ANT RUA 10 SOTER), N 20"
2018,199,162,1,116,PSD,1198,ESCOLA ESTADUAL RUI FRAZAO SOARES - CIEP 448,ESTRADA DO ENGENHO DO MATO S/N - PRACA
2018,199,163,1,141,PSD,1260,COLÉGIO PLUZ,"RUA JOSÉ BITTENCOURT (ANT RUA 10 SOTER), N 20"
2018,199,165,1,87,PSD,1090,ESCOLA ESTADUAL PROF. ALCINA RODRIGUES LIMA,"ESTRADA FRANCISCO DA CRUZ NUNES, S/N"
2018,199,166,1,95,PSD,1031,ESCOLA MUNICIPAL HONORINA DE CARVALHO,RUA PROF. JOSE PECANHA S/N
2018,199,167,1,125,PSD,1112,COLÉGIO SALESIANO REGIÃO OCEÂNICA,"RUA DOUTOR CORNÉLIO DE MELLO JÚNIOR, 117"
2018,199,168,1,142,PSD,1139,ESCOLA MUNICIPAL FRANCISCO PORTUGAL NEVES,"RUA MANOEL PACHECO DE CARVALHO, N 14 TREVO DE PIRATININGA"
2018,199,169,1,119,PSD,1317,COLÉGIO PAULO FREIRE,"AVENIDA IRENE LOPES SODRÉ, N22"
2018,199,170,1,107,PSD,1279,ESPAÇO CREARE CAMBOINHAS (EX SAINT NICHOLAS),"AVENIDA PROF CARLOS NELSON FERREIRA SANTOS(ANT AVENIDA 5) , 658"
2018,199,171,1,93,PSD,1260,COLÉGIO PLUZ,"RUA JOSÉ BITTENCOURT (ANT RUA 10 SOTER), N 20"
2018,199,173,1,147,PSD,1112,COLÉGIO SALESIANO REGIÃO OCEÂNICA,"RUA DOUTOR CORNÉLIO DE MELLO JÚNIOR, 117"
2018,199,174,1,81,PSD,1287,ESCOLA MUNICPAL PROF MARCOS WALDEMAR DE FREITAS REIS,"RUA ANTONIO LUIZ SAIÃO, S/N ITAIPU"
2018,199,175,1,103,PSD,1066,ITACOATIARA PAMPO CLUBE,AV. BEIRA MAR 205
2018,199,176,1,125,PSD,1260,COLÉGIO PLUZ,"RUA JOSÉ BITTENCOURT (ANT RUA 10 SOTER), N 20"
2018,199,177,1,103,PSD,1295,UMEI PROFA ODETE ROSA DA MOTA,ESTRADA FRANCISCO DA CRUZ NUNES S/N (PRÓXIMO AO CORPO DE BOMBEIROS)
2018,199,178,1,130,PSD,1155,COLEGIO ITAPUCA,"AV. ERNANI DE FARIAS ALVES, N 124 TREVO DE PIRATININGA"
2018,199,179,1,81,PSD,1341,SOPRECAM,"AV. PROFESSOR CARLOS NELSON FERREIRA, S/N"
2018,199,180,1,117,PSD,1198,ESCOLA ESTADUAL RUI FRAZAO SOARES - CIEP 448,ESTRADA DO ENGENHO DO MATO S/N - PRACA
2018,199,181,1,109,PSD,1015,COUNTRY CLUB DE NITEROI,RUA CHILE 135
2018,199,182,1,145,PSD,1112,COLÉGIO SALESIANO REGIÃO OCEÂNICA,"RUA DOUTOR CORNÉLIO DE MELLO JÚNIOR, 117"
2018,199,183,1,112,PSD,1252,CIEP 307 -  DJANIRA,AV. EWERTON XAVIER S/N - PRACA
2018,199,184,1,140,PSD,1260,COLÉGIO PLUZ,"RUA JOSÉ BITTENCOURT (ANT RUA 10 SOTER), N 20"
2018,199,185,1,108,PSD,1155,COLEGIO ITAPUCA,"AV. ERNANI DE FARIAS ALVES, N 124 TREVO DE PIRATININGA"
2018,199,186,1,163,PSD,1031,ESCOLA MUNICIPAL HONORINA DE CARVALHO,RUA PROF. JOSE PECANHA S/N
2018,199,187,1,124,PSD,1104,FISK CENTRO DE ENSINO,RUA ERNANI DE FARIAS ALVES 161
2018,199,188,1,156,PSD,1260,COLÉGIO PLUZ,"RUA JOSÉ BITTENCOURT (ANT RUA 10 SOTER), N 20"
2018,199,189,1,130,PSD,1120,ESCOLA ESTADUAL ALMIRANTE TAMANDARE,AV. ACURCIO TORRES S/N
2018,199,190,1,83,PSD,1279,ESPAÇO CREARE CAMBOINHAS (EX SAINT NICHOLAS),"AVENIDA PROF CARLOS NELSON FERREIRA SANTOS(ANT AVENIDA 5) , 658"
2018,199,191,1,100,PSD,1295,UMEI PROFA ODETE ROSA DA MOTA,ESTRADA FRANCISCO DA CRUZ NUNES S/N (PRÓXIMO AO CORPO DE BOMBEIROS)
2018,199,192,1,126,PSD,1155,COLEGIO ITAPUCA,"AV. ERNANI DE FARIAS ALVES, N 124 TREVO DE PIRATININGA"
2018,199,193,1,133,PSD,1260,COLÉGIO PLUZ,"RUA JOSÉ BITTENCOURT (ANT RUA 10 SOTER), N 20"
2018,199,194,1,110,PSD,1295,UMEI PROFA ODETE ROSA DA MOTA,ESTRADA FRANCISCO DA CRUZ NUNES S/N (PRÓXIMO AO CORPO DE BOMBEIROS)
2018,199,195,1,114,PSD,1074,COLÉGIO GAUSS EM ITAIPU,AVENIDA FREI FABIANO N 155 LOT SANTO ANTÔNIO ITAIPU
2018,199,196,1,82,PSD,1015,COUNTRY CLUB DE NITEROI,RUA CHILE 135
2018,199,197,1,119,PSD,1295,UMEI PROFA ODETE ROSA DA MOTA,ESTRADA FRANCISCO DA CRUZ NUNES S/N (PRÓXIMO AO CORPO DE BOMBEIROS)
2018,199,198,1,119,PSD,1104,FISK CENTRO DE ENSINO,RUA ERNANI DE FARIAS ALVES 161
2018,199,199,1,128,PSD,1244,CURSO LAPLACE,"RUA MANOEL PACHECO DE CARVALHO, N 80"
2018,199,2,1,73,PSD,1015,COUNTRY CLUB DE NITEROI,RUA CHILE 135
2018,199,200,1,74,PSD,1279,ESPAÇO CREARE CAMBOINHAS (EX SAINT NICHOLAS),"AVENIDA PROF CARLOS NELSON FERREIRA SANTOS(ANT AVENIDA 5) , 658"
2018,199,201,1,104,PSD,1252,CIEP 307 -  DJANIRA,AV. EWERTON XAVIER S/N - PRACA
2018,199,202,1,131,PSD,1317,COLÉGIO PAULO FREIRE,"AVENIDA IRENE LOPES SODRÉ, N22"
2018,199,203,1,51,PSD,1287,ESCOLA MUNICPAL PROF MARCOS WALDEMAR DE FREITAS REIS,"RUA ANTONIO LUIZ SAIÃO, S/N ITAIPU"
2018,199,204,1,136,PSD,1260,COLÉGIO PLUZ,"RUA JOSÉ BITTENCOURT (ANT RUA 10 SOTER), N 20"
2018,199,205,1,117,PSD,1295,UMEI PROFA ODETE ROSA DA MOTA,ESTRADA FRANCISCO DA CRUZ NUNES S/N (PRÓXIMO AO CORPO DE BOMBEIROS)
2018,199,206,1,43,PSD,1325,ESCOLA MUNICIPAL SÍTIO DO IPÊ,RUA PROF. JOSÉ PEÇANHA
2018,199,207,1,116,PSD,1104,FISK CENTRO DE ENSINO,RUA ERNANI DE FARIAS ALVES 161
2018,199,208,1,124,PSD,1260,COLÉGIO PLUZ,"RUA JOSÉ BITTENCOURT (ANT RUA 10 SOTER), N 20"
2018,199,209,1,65,PSD,1317,COLÉGIO PAULO FREIRE,"AVENIDA IRENE LOPES SODRÉ, N22"
2018,199,21,1,94,PSD,1066,ITACOATIARA PAMPO CLUBE,AV. BEIRA MAR 205
2018,199,210,1,11,PSD,1295,UMEI PROFA ODETE ROSA DA MOTA,ESTRADA FRANCISCO DA CRUZ NUNES S/N (PRÓXIMO AO CORPO DE BOMBEIROS)
2018,199,211,1,109,PSD,1104,FISK CENTRO DE ENSINO,RUA ERNANI DE FARIAS ALVES 161
2018,199,212,1,98,PSD,1317,COLÉGIO PAULO FREIRE,"AVENIDA IRENE LOPES SODRÉ, N22"
2018,199,213,1,127,PSD,1325,ESCOLA MUNICIPAL SÍTIO DO IPÊ,RUA PROF. JOSÉ PEÇANHA
2018,199,214,1,49,PSD,1333,ESCOLA ME NINAR,"RUA 03, N 88 E 101"
2018,199,215,1,77,PSD,1350,ESCOLA MUNICIPAL MARALEGRE,"RUA DR. WALDIR COSTA, LOTES 10 E 11"
2018,199,216,1,61,PSD,1287,ESCOLA MUNICPAL PROF MARCOS WALDEMAR DE FREITAS REIS,"RUA ANTONIO LUIZ SAIÃO, S/N ITAIPU"
2018,199,217,1,47,PSD,1341,SOPRECAM,"AV. PROFESSOR CARLOS NELSON FERREIRA, S/N"
2018,199,218,1,77,PSD,1368,UMEI PROFESSORA NINA RITA TORRES,"AVENIDA DOUTOR ACÚRCIO TORRES, 691"
2018,199,219,1,114,PSD,1317,COLÉGIO PAULO FREIRE,"AVENIDA IRENE LOPES SODRÉ, N22"
2018,199,22,1,88,PSD,1066,ITACOATIARA PAMPO CLUBE,AV. BEIRA MAR 205
2018,199,220,1,82,PSD,1163,ANDEF (EX FAETEC),ESTRADA VELHA DE MARICA 4830
2018,199,221,1,145,PSD,1325,ESCOLA MUNICIPAL SÍTIO DO IPÊ,RUA PROF. JOSÉ PEÇANHA
2018,199,222,1,109,PSD,1252,CIEP 307 -  DJANIRA,AV. EWERTON XAVIER S/N - PRACA
2018,199,223,1,49,PSD,1350,ESCOLA MUNICIPAL MARALEGRE,"RUA DR. WALDIR COSTA, LOTES 10 E 11"
2018,199,224,1,86,PSD,1368,UMEI PROFESSORA NINA RITA TORRES,"AVENIDA DOUTOR ACÚRCIO TORRES, 691"
2018,199,225,1,93,PSD,1333,ESCOLA ME NINAR,"RUA 03, N 88 E 101"
2018,199,226,1,116,PSD,1295,UMEI PROFA ODETE ROSA DA MOTA,ESTRADA FRANCISCO DA CRUZ NUNES S/N (PRÓXIMO AO CORPO DE BOMBEIROS)
2018,199,227,1,147,PSD,1112,COLÉGIO SALESIANO REGIÃO OCEÂNICA,"RUA DOUTOR CORNÉLIO DE MELLO JÚNIOR, 117"
2018,199,228,1,27,PSD,1317,COLÉGIO PAULO FREIRE,"AVENIDA IRENE LOPES SODRÉ, N22"
2018,199,229,1,102,PSD,1317,COLÉGIO PAULO FREIRE,"AVENIDA IRENE LOPES SODRÉ, N22"
2018,199,23,1,88,PSD,1066,ITACOATIARA PAMPO CLUBE,AV. BEIRA MAR 205
2018,199,230,1,28,PSD,1104,FISK CENTRO DE ENSINO,RUA ERNANI DE FARIAS ALVES 161
2018,199,231,1,69,PSD,1112,COLÉGIO SALESIANO REGIÃO OCEÂNICA,"RUA DOUTOR CORNÉLIO DE MELLO JÚNIOR, 117"
2018,199,24,1,91,PSD,1066,ITACOATIARA PAMPO CLUBE,AV. BEIRA MAR 205
2018,199,25,1,103,PSD,1074,COLÉGIO GAUSS EM ITAIPU,AVENIDA FREI FABIANO N 155 LOT SANTO ANTÔNIO ITAIPU
2018,199,26,1,110,PSD,1074,COLÉGIO GAUSS EM ITAIPU,AVENIDA FREI FABIANO N 155 LOT SANTO ANTÔNIO ITAIPU
2018,199,27,1,109,PSD,1074,COLÉGIO GAUSS EM ITAIPU,AVENIDA FREI FABIANO N 155 LOT SANTO ANTÔNIO ITAIPU
2018,199,28,1,116,PSD,1074,COLÉGIO GAUSS EM ITAIPU,AVENIDA FREI FABIANO N 155 LOT SANTO ANTÔNIO ITAIPU
2018,199,29,1,99,PSD,1074,COLÉGIO GAUSS EM ITAIPU,AVENIDA FREI FABIANO N 155 LOT SANTO ANTÔNIO ITAIPU
2018,199,3,1,103,PSD,1015,COUNTRY CLUB DE NITEROI,RUA CHILE 135
2018,199,30,1,78,PSD,1082,ESCOLA MUNICIPAL UMEI DR PAULO CESAR DE ALMEIDA PIMENTEL,RUA ANTONIO LUIZ SAIÃO CAMPO BELO
2018,199,31,1,79,PSD,1082,ESCOLA MUNICIPAL UMEI DR PAULO CESAR DE ALMEIDA PIMENTEL,RUA ANTONIO LUIZ SAIÃO CAMPO BELO
2018,199,32,1,72,PSD,1082,ESCOLA MUNICIPAL UMEI DR PAULO CESAR DE ALMEIDA PIMENTEL,RUA ANTONIO LUIZ SAIÃO CAMPO BELO
2018,199,33,1,104,PSD,1082,ESCOLA MUNICIPAL UMEI DR PAULO CESAR DE ALMEIDA PIMENTEL,RUA ANTONIO LUIZ SAIÃO CAMPO BELO
2018,199,34,1,107,PSD,1090,ESCOLA ESTADUAL PROF. ALCINA RODRIGUES LIMA,"ESTRADA FRANCISCO DA CRUZ NUNES, S/N"
2018,199,35,1,104,PSD,1090,ESCOLA ESTADUAL PROF. ALCINA RODRIGUES LIMA,"ESTRADA FRANCISCO DA CRUZ NUNES, S/N"
2018,199,36,1,81,PSD,1090,ESCOLA ESTADUAL PROF. ALCINA RODRIGUES LIMA,"ESTRADA FRANCISCO DA CRUZ NUNES, S/N"
2018,199,37,1,106,PSD,1090,ESCOLA ESTADUAL PROF. ALCINA RODRIGUES LIMA,"ESTRADA FRANCISCO DA CRUZ NUNES, S/N"
2018,199,38,1,109,PSD,1090,ESCOLA ESTADUAL PROF. ALCINA RODRIGUES LIMA,"ESTRADA FRANCISCO DA CRUZ NUNES, S/N"
2018,199,39,1,96,PSD,1090,ESCOLA ESTADUAL PROF. ALCINA RODRIGUES LIMA,"ESTRADA FRANCISCO DA CRUZ NUNES, S/N"
2018,199,4,1,98,PSD,1023,ESCOLA ESTADUAL FELISBERTO DE CARVALHO,ESTRADA CAETANO MONTEIRO 896
2018,199,40,1,88,PSD,1090,ESCOLA ESTADUAL PROF. ALCINA RODRIGUES LIMA,"ESTRADA FRANCISCO DA CRUZ NUNES, S/N"
2018,199,41,1,115,PSD,1090,ESCOLA ESTADUAL PROF. ALCINA RODRIGUES LIMA,"ESTRADA FRANCISCO DA CRUZ NUNES, S/N"
2018,199,42,1,67,PSD,1082,ESCOLA MUNICIPAL UMEI DR PAULO CESAR DE ALMEIDA PIMENTEL,RUA ANTONIO LUIZ SAIÃO CAMPO BELO
2018,199,43,1,82,PSD,1082,ESCOLA MUNICIPAL UMEI DR PAULO CESAR DE ALMEIDA PIMENTEL,RUA ANTONIO LUIZ SAIÃO CAMPO BELO
2018,199,44,1,54,PSD,1082,ESCOLA MUNICIPAL UMEI DR PAULO CESAR DE ALMEIDA PIMENTEL,RUA ANTONIO LUIZ SAIÃO CAMPO BELO
2018,199,45,1,153,PSD,1112,COLÉGIO SALESIANO REGIÃO OCEÂNICA,"RUA DOUTOR CORNÉLIO DE MELLO JÚNIOR, 117"
2018,199,46,1,124,PSD,1112,COLÉGIO SALESIANO REGIÃO OCEÂNICA,"RUA DOUTOR CORNÉLIO DE MELLO JÚNIOR, 117"
2018,199,47,1,138,PSD,1112,COLÉGIO SALESIANO REGIÃO OCEÂNICA,"RUA DOUTOR CORNÉLIO DE MELLO JÚNIOR, 117"
2018,199,48,1,162,PSD,1112,COLÉGIO SALESIANO REGIÃO OCEÂNICA,"RUA DOUTOR CORNÉLIO DE MELLO JÚNIOR, 117"
2018,199,49,1,125,PSD,1120,ESCOLA ESTADUAL ALMIRANTE TAMANDARE,AV. ACURCIO TORRES S/N
2018,199,5,1,92,PSD,1023,ESCOLA ESTADUAL FELISBERTO DE CARVALHO,ESTRADA CAETANO MONTEIRO 896
2018,199,50,1,131,PSD,1120,ESCOLA ESTADUAL ALMIRANTE TAMANDARE,AV. ACURCIO TORRES S/N
2018,199,51,1,135,PSD,1139,ESCOLA MUNICIPAL FRANCISCO PORTUGAL NEVES,"RUA MANOEL PACHECO DE CARVALHO, N 14 TREVO DE PIRATININGA"
2018,199,52,1,111,PSD,1139,ESCOLA MUNICIPAL FRANCISCO PORTUGAL NEVES,"RUA MANOEL PACHECO DE CARVALHO, N 14 TREVO DE PIRATININGA"
2018,199,53,1,157,PSD,1139,ESCOLA MUNICIPAL FRANCISCO PORTUGAL NEVES,"RUA MANOEL PACHECO DE CARVALHO, N 14 TREVO DE PIRATININGA"
2018,199,54,1,148,PSD,1139,ESCOLA MUNICIPAL FRANCISCO PORTUGAL NEVES,"RUA MANOEL PACHECO DE CARVALHO, N 14 TREVO DE PIRATININGA"
2018,199,55,1,120,PSD,1139,ESCOLA MUNICIPAL FRANCISCO PORTUGAL NEVES,"RUA MANOEL PACHECO DE CARVALHO, N 14 TREVO DE PIRATININGA"
2018,199,56,1,160,PSD,1139,ESCOLA MUNICIPAL FRANCISCO PORTUGAL NEVES,"RUA MANOEL PACHECO DE CARVALHO, N 14 TREVO DE PIRATININGA"
2018,199,57,1,128,PSD,1139,ESCOLA MUNICIPAL FRANCISCO PORTUGAL NEVES,"RUA MANOEL PACHECO DE CARVALHO, N 14 TREVO DE PIRATININGA"
2018,199,58,1,85,PSD,1120,ESCOLA ESTADUAL ALMIRANTE TAMANDARE,AV. ACURCIO TORRES S/N
2018,199,59,1,125,PSD,1120,ESCOLA ESTADUAL ALMIRANTE TAMANDARE,AV. ACURCIO TORRES S/N
2018,199,6,1,97,PSD,1023,ESCOLA ESTADUAL FELISBERTO DE CARVALHO,ESTRADA CAETANO MONTEIRO 896
2018,199,60,1,81,PSD,1120,ESCOLA ESTADUAL ALMIRANTE TAMANDARE,AV. ACURCIO TORRES S/N
2018,199,61,1,108,PSD,1120,ESCOLA ESTADUAL ALMIRANTE TAMANDARE,AV. ACURCIO TORRES S/N
2018,199,62,1,93,PSD,1120,ESCOLA ESTADUAL ALMIRANTE TAMANDARE,AV. ACURCIO TORRES S/N
2018,199,63,1,98,PSD,1120,ESCOLA ESTADUAL ALMIRANTE TAMANDARE,AV. ACURCIO TORRES S/N
2018,199,64,1,99,PSD,1155,COLEGIO ITAPUCA,"AV. ERNANI DE FARIAS ALVES, N 124 TREVO DE PIRATININGA"
2018,199,65,1,129,PSD,1155,COLEGIO ITAPUCA,"AV. ERNANI DE FARIAS ALVES, N 124 TREVO DE PIRATININGA"
2018,199,66,1,101,PSD,1155,COLEGIO ITAPUCA,"AV. ERNANI DE FARIAS ALVES, N 124 TREVO DE PIRATININGA"
2018,199,67,1,102,PSD,1155,COLEGIO ITAPUCA,"AV. ERNANI DE FARIAS ALVES, N 124 TREVO DE PIRATININGA"
2018,199,68,1,130,PSD,1163,ANDEF (EX FAETEC),ESTRADA VELHA DE MARICA 4830
2018,199,69,1,79,PSD,1163,ANDEF (EX FAETEC),ESTRADA VELHA DE MARICA 4830
2018,199,7,1,93,PSD,1023,ESCOLA ESTADUAL FELISBERTO DE CARVALHO,ESTRADA CAETANO MONTEIRO 896
2018,199,70,1,151,PSD,1163,ANDEF (EX FAETEC),ESTRADA VELHA DE MARICA 4830
2018,199,71,1,142,PSD,1171,ESCOLA ESTADUAL SOUZA SOARES,RODOVIA AMARAL PEIXOTO KM 10
2018,199,72,1,135,PSD,1163,ANDEF (EX FAETEC),ESTRADA VELHA DE MARICA 4830
2018,199,73,1,130,PSD,1163,ANDEF (EX FAETEC),ESTRADA VELHA DE MARICA 4830
2018,199,74,1,72,PSD,1163,ANDEF (EX FAETEC),ESTRADA VELHA DE MARICA 4830
2018,199,75,1,154,PSD,1198,ESCOLA ESTADUAL RUI FRAZAO SOARES - CIEP 448,ESTRADA DO ENGENHO DO MATO S/N - PRACA
2018,199,76,1,146,PSD,1198,ESCOLA ESTADUAL RUI FRAZAO SOARES - CIEP 448,ESTRADA DO ENGENHO DO MATO S/N - PRACA
2018,199,77,1,100,PSD,1317,COLÉGIO PAULO FREIRE,"AVENIDA IRENE LOPES SODRÉ, N22"
2018,199,78,1,123,PSD,1163,ANDEF (EX FAETEC),ESTRADA VELHA DE MARICA 4830
2018,199,79,1,148,PSD,1244,CURSO LAPLACE,"RUA MANOEL PACHECO DE CARVALHO, N 80"
2018,199,8,1,94,PSD,1023,ESCOLA ESTADUAL FELISBERTO DE CARVALHO,ESTRADA CAETANO MONTEIRO 896
2018,199,80,1,149,PSD,1244,CURSO LAPLACE,"RUA MANOEL PACHECO DE CARVALHO, N 80"
2018,199,81,1,156,PSD,1244,CURSO LAPLACE,"RUA MANOEL PACHECO DE CARVALHO, N 80"
2018,199,82,1,133,PSD,1252,CIEP 307 -  DJANIRA,AV. EWERTON XAVIER S/N - PRACA
2018,199,83,1,132,PSD,1252,CIEP 307 -  DJANIRA,AV. EWERTON XAVIER S/N - PRACA
2018,199,84,1,167,PSD,1252,CIEP 307 -  DJANIRA,AV. EWERTON XAVIER S/N - PRACA
2018,199,85,1,116,PSD,1252,CIEP 307 -  DJANIRA,AV. EWERTON XAVIER S/N - PRACA
2018,199,86,1,103,PSD,1252,CIEP 307 -  DJANIRA,AV. EWERTON XAVIER S/N - PRACA
2018,199,87,1,153,PSD,1252,CIEP 307 -  DJANIRA,AV. EWERTON XAVIER S/N - PRACA
2018,199,88,1,83,PSD,1015,COUNTRY CLUB DE NITEROI,RUA CHILE 135
2018,199,9,1,119,PSD,1031,ESCOLA MUNICIPAL HONORINA DE CARVALHO,RUA PROF. JOSE PECANHA S/N
2018,199,90,1,92,PSD,1082,ESCOLA MUNICIPAL UMEI DR PAULO CESAR DE ALMEIDA PIMENTEL,RUA ANTONIO LUIZ SAIÃO CAMPO BELO
2018,199,91,1,165,PSD,1244,CURSO LAPLACE,"RUA MANOEL PACHECO DE CARVALHO, N 80"
2018,199,92,1,128,PSD,1120,ESCOLA ESTADUAL ALMIRANTE TAMANDARE,AV. ACURCIO TORRES S/N
2018,199,93,1,132,PSD,1317,COLÉGIO PAULO FREIRE,"AVENIDA IRENE LOPES SODRÉ, N22"
2018,199,94,1,138,PSD,1031,ESCOLA MUNICIPAL HONORINA DE CARVALHO,RUA PROF. JOSE PECANHA S/N
2018,199,95,1,111,PSD,1031,ESCOLA MUNICIPAL HONORINA DE CARVALHO,RUA PROF. JOSE PECANHA S/N
2018,199,97,1,97,PSD,1074,COLÉGIO GAUSS EM ITAIPU,AVENIDA FREI FABIANO N 155 LOT SANTO ANTÔNIO ITAIPU
2018,199,98,1,149,PSD,1244,CURSO LAPLACE,"RUA MANOEL PACHECO DE CARVALHO, N 80"
2018,199,99,1,94,PSD,1082,ESCOLA MUNICIPAL UMEI DR PAULO CESAR DE ALMEIDA PIMENTEL,RUA ANTONIO LUIZ SAIÃO CAMPO BELO
2018,71,1,1,81,PSD,1015,CENTRO EDUCACIONAL DE NITEROI - CENTRINHO,RUA ITAGUAI 173
2018,71,100,1,50,PSD,1309,CURSO MARLY CURY,AV. SETE DE SETEMBRO 165
2018,71,101,1,48,PSD,1309,CURSO MARLY CURY,AV. SETE DE SETEMBRO 165
2018,71,102,1,76,PSD,1309,CURSO MARLY CURY,AV. SETE DE SETEMBRO 165
2018,71,103,1,63,PSD,1309,CURSO MARLY CURY,AV. SETE DE SETEMBRO 165
2018,71,104,1,61,PSD,1317,ESCOLA ESTADUAL BALTHAZAR BERNARDINO,RUA MARIZ E BARROS 444
2018,71,105,1,61,PSD,1317,ESCOLA ESTADUAL BALTHAZAR BERNARDINO,RUA MARIZ E BARROS 444
2018,71,106,1,95,PSD,1325,ESCOLA ESTADUAL GUILHERME BRIGGS,RUA MARIO VIANNA 625
2018,71,107,1,67,PSD,1325,ESCOLA ESTADUAL GUILHERME BRIGGS,RUA MARIO VIANNA 625
2018,71,108,1,113,PSD,1325,ESCOLA ESTADUAL GUILHERME BRIGGS,RUA MARIO VIANNA 625
2018,71,109,1,103,PSD,1325,ESCOLA ESTADUAL GUILHERME BRIGGS,RUA MARIO VIANNA 625
2018,71,110,1,91,PSD,1325,ESCOLA ESTADUAL GUILHERME BRIGGS,RUA MARIO VIANNA 625
2018,71,111,1,90,PSD,1325,ESCOLA ESTADUAL GUILHERME BRIGGS,RUA MARIO VIANNA 625
2018,71,112,1,101,PSD,1325,ESCOLA ESTADUAL GUILHERME BRIGGS,RUA MARIO VIANNA 625
2018,71,113,1,101,PSD,1325,ESCOLA ESTADUAL GUILHERME BRIGGS,RUA MARIO VIANNA 625
2018,71,114,1,122,PSD,1325,ESCOLA ESTADUAL GUILHERME BRIGGS,RUA MARIO VIANNA 625
2018,71,115,1,102,PSD,1325,ESCOLA ESTADUAL GUILHERME BRIGGS,RUA MARIO VIANNA 625
2018,71,116,1,60,PSD,1333,PARÓQUIA NOSSA SENHORA AUXILIADORA - CENTRO COMUNITÁRIO,"RUA SANTA ROSA, 216"
2018,71,117,1,69,PSD,1333,PARÓQUIA NOSSA SENHORA AUXILIADORA - CENTRO COMUNITÁRIO,"RUA SANTA ROSA, 216"
2018,71,118,1,62,PSD,1309,CURSO MARLY CURY,AV. SETE DE SETEMBRO 165
2018,71,119,1,54,PSD,1309,CURSO MARLY CURY,AV. SETE DE SETEMBRO 165
2018,71,120,1,70,PSD,1333,PARÓQUIA NOSSA SENHORA AUXILIADORA - CENTRO COMUNITÁRIO,"RUA SANTA ROSA, 216"
2018,71,121,1,77,PSD,1333,PARÓQUIA NOSSA SENHORA AUXILIADORA - CENTRO COMUNITÁRIO,"RUA SANTA ROSA, 216"
2018,71,122,1,67,PSD,1333,PARÓQUIA NOSSA SENHORA AUXILIADORA - CENTRO COMUNITÁRIO,"RUA SANTA ROSA, 216"
2018,71,123,1,65,PSD,1368,INSTITUTO SÃO JOSÉ,RUA GERALDO MARTINS 166
2018,71,124,1,60,PSD,1368,INSTITUTO SÃO JOSÉ,RUA GERALDO MARTINS 166
2018,71,125,1,55,PSD,1368,INSTITUTO SÃO JOSÉ,RUA GERALDO MARTINS 166
2018,71,130,1,65,PSD,1392,FACULDADE DE VETERINARIA DA UFF,RUA VITAL BRASIL FILHO 64
2018,71,131,1,74,PSD,1392,FACULDADE DE VETERINARIA DA UFF,RUA VITAL BRASIL FILHO 64
2018,71,132,1,66,PSD,1392,FACULDADE DE VETERINARIA DA UFF,RUA VITAL BRASIL FILHO 64
2018,71,133,1,102,PSD,1392,FACULDADE DE VETERINARIA DA UFF,RUA VITAL BRASIL FILHO 64
2018,71,134,1,81,PSD,1392,FACULDADE DE VETERINARIA DA UFF,RUA VITAL BRASIL FILHO 64
2018,71,135,1,88,PSD,1392,FACULDADE DE VETERINARIA DA UFF,RUA VITAL BRASIL FILHO 64
2018,71,136,1,91,PSD,1015,CENTRO EDUCACIONAL DE NITEROI - CENTRINHO,RUA ITAGUAI 173
2018,71,138,1,90,PSD,1260,INSTITUTO ABEL,AV. ROBERTO SILVEIRA 29
2018,71,140,1,61,PSD,1244,ESCOLA ESTADUAL MANUEL DE ABREU,RUA LOPES TROVAO 287-A
2018,71,142,1,82,PSD,1295,COLEGIO SALESIANO SANTA ROSA,RUA SANTA ROSA 207
2018,71,143,1,71,PSD,1317,ESCOLA ESTADUAL BALTHAZAR BERNARDINO,RUA MARIZ E BARROS 444
2018,71,144,1,97,PSD,1325,ESCOLA ESTADUAL GUILHERME BRIGGS,RUA MARIO VIANNA 625
2018,71,145,1,66,PSD,1317,ESCOLA ESTADUAL BALTHAZAR BERNARDINO,RUA MARIZ E BARROS 444
2018,71,146,1,61,PSD,1368,INSTITUTO SÃO JOSÉ,RUA GERALDO MARTINS 166
2018,71,150,1,70,PSD,1333,PARÓQUIA NOSSA SENHORA AUXILIADORA - CENTRO COMUNITÁRIO,"RUA SANTA ROSA, 216"
2018,71,151,1,71,PSD,1104,INSTITUTO MAIA VINAGRE,RUA NORONHA TORREZÃO 68
2018,71,153,1,108,PSD,1015,CENTRO EDUCACIONAL DE NITEROI - CENTRINHO,RUA ITAGUAI 173
2018,71,156,1,68,PSD,1309,CURSO MARLY CURY,AV. SETE DE SETEMBRO 165
2018,71,157,1,72,PSD,1260,INSTITUTO ABEL,AV. ROBERTO SILVEIRA 29
2018,71,158,1,84,PSD,1392,FACULDADE DE VETERINARIA DA UFF,RUA VITAL BRASIL FILHO 64
2018,71,160,1,72,PSD,1333,PARÓQUIA NOSSA SENHORA AUXILIADORA - CENTRO COMUNITÁRIO,"RUA SANTA ROSA, 216"
2018,71,161,1,66,PSD,1392,FACULDADE DE VETERINARIA DA UFF,RUA VITAL BRASIL FILHO 64
2018,71,167,1,68,PSD,1368,INSTITUTO SÃO JOSÉ,RUA GERALDO MARTINS 166
2018,71,168,1,86,PSD,1244,ESCOLA ESTADUAL MANUEL DE ABREU,RUA LOPES TROVAO 287-A
2018,71,171,1,99,PSD,1295,COLEGIO SALESIANO SANTA ROSA,RUA SANTA ROSA 207
2018,71,172,1,104,PSD,1325,ESCOLA ESTADUAL GUILHERME BRIGGS,RUA MARIO VIANNA 625
2018,71,174,1,73,PSD,1333,PARÓQUIA NOSSA SENHORA AUXILIADORA - CENTRO COMUNITÁRIO,"RUA SANTA ROSA, 216"
2018,71,175,1,54,PSD,1309,CURSO MARLY CURY,AV. SETE DE SETEMBRO 165
2018,71,178,1,76,PSD,1104,INSTITUTO MAIA VINAGRE,RUA NORONHA TORREZÃO 68
2018,71,179,1,66,PSD,1392,FACULDADE DE VETERINARIA DA UFF,RUA VITAL BRASIL FILHO 64
2018,71,182,1,78,PSD,1333,PARÓQUIA NOSSA SENHORA AUXILIADORA - CENTRO COMUNITÁRIO,"RUA SANTA ROSA, 216"
2018,71,183,1,93,PSD,1104,INSTITUTO MAIA VINAGRE,RUA NORONHA TORREZÃO 68
2018,71,185,1,66,PSD,1244,ESCOLA ESTADUAL MANUEL DE ABREU,RUA LOPES TROVAO 287-A
2018,71,186,1,72,PSD,1392,FACULDADE DE VETERINARIA DA UFF,RUA VITAL BRASIL FILHO 64
2018,71,189,1,66,PSD,1317,ESCOLA ESTADUAL BALTHAZAR BERNARDINO,RUA MARIZ E BARROS 444
2018,71,190,1,78,PSD,1260,INSTITUTO ABEL,AV. ROBERTO SILVEIRA 29
2018,71,191,1,53,PSD,1309,CURSO MARLY CURY,AV. SETE DE SETEMBRO 165
2018,71,192,1,69,PSD,1392,FACULDADE DE VETERINARIA DA UFF,RUA VITAL BRASIL FILHO 64
2018,71,193,1,111,PSD,1325,ESCOLA ESTADUAL GUILHERME BRIGGS,RUA MARIO VIANNA 625
2018,71,194,1,74,PSD,1295,COLEGIO SALESIANO SANTA ROSA,RUA SANTA ROSA 207
2018,71,195,1,69,PSD,1368,INSTITUTO SÃO JOSÉ,RUA GERALDO MARTINS 166
2018,71,196,1,88,PSD,1392,FACULDADE DE VETERINARIA DA UFF,RUA VITAL BRASIL FILHO 64
2018,71,197,1,95,PSD,1015,CENTRO EDUCACIONAL DE NITEROI - CENTRINHO,RUA ITAGUAI 173
2018,71,198,1,80,PSD,1260,INSTITUTO ABEL,AV. ROBERTO SILVEIRA 29
2018,71,199,1,64,PSD,1317,ESCOLA ESTADUAL BALTHAZAR BERNARDINO,RUA MARIZ E BARROS 444
2018,71,2,1,92,PSD,1015,CENTRO EDUCACIONAL DE NITEROI - CENTRINHO,RUA ITAGUAI 173
2018,71,200,1,95,PSD,1392,FACULDADE DE VETERINARIA DA UFF,RUA VITAL BRASIL FILHO 64
2018,71,201,1,84,PSD,1260,INSTITUTO ABEL,AV. ROBERTO SILVEIRA 29
2018,71,202,1,106,PSD,1325,ESCOLA ESTADUAL GUILHERME BRIGGS,RUA MARIO VIANNA 625
2018,71,203,1,68,PSD,1260,INSTITUTO ABEL,AV. ROBERTO SILVEIRA 29
2018,71,204,1,88,PSD,1295,COLEGIO SALESIANO SANTA ROSA,RUA SANTA ROSA 207
2018,71,205,1,57,PSD,1317,ESCOLA ESTADUAL BALTHAZAR BERNARDINO,RUA MARIZ E BARROS 444
2018,71,206,1,76,PSD,1260,INSTITUTO ABEL,AV. ROBERTO SILVEIRA 29
2018,71,207,1,94,PSD,1325,ESCOLA ESTADUAL GUILHERME BRIGGS,RUA MARIO VIANNA 625
2018,71,208,1,81,PSD,1244,ESCOLA ESTADUAL MANUEL DE ABREU,RUA LOPES TROVAO 287-A
2018,71,209,1,63,PSD,1368,INSTITUTO SÃO JOSÉ,RUA GERALDO MARTINS 166
2018,71,210,1,57,PSD,1309,CURSO MARLY CURY,AV. SETE DE SETEMBRO 165
2018,71,211,1,62,PSD,1392,FACULDADE DE VETERINARIA DA UFF,RUA VITAL BRASIL FILHO 64
2018,71,212,1,42,PSD,1260,INSTITUTO ABEL,AV. ROBERTO SILVEIRA 29
2018,71,213,1,75,PSD,1295,COLEGIO SALESIANO SANTA ROSA,RUA SANTA ROSA 207
2018,71,214,1,64,PSD,1309,CURSO MARLY CURY,AV. SETE DE SETEMBRO 165
2018,71,215,1,66,PSD,1260,INSTITUTO ABEL,AV. ROBERTO SILVEIRA 29
2018,71,216,1,47,PSD,1368,INSTITUTO SÃO JOSÉ,RUA GERALDO MARTINS 166
2018,71,217,1,76,PSD,1414,UNIVERSIDADE SALGADO DE OLIVEIRA - BL B (PRÓXIMO AO GUANABARA),RUA MARECHAL DEODORO 263
2018,71,218,1,73,PSD,1414,UNIVERSIDADE SALGADO DE OLIVEIRA - BL B (PRÓXIMO AO GUANABARA),RUA MARECHAL DEODORO 263
2018,71,219,1,86,PSD,1414,UNIVERSIDADE SALGADO DE OLIVEIRA - BL B (PRÓXIMO AO GUANABARA),RUA MARECHAL DEODORO 263
2018,71,220,1,81,PSD,1414,UNIVERSIDADE SALGADO DE OLIVEIRA - BL B (PRÓXIMO AO GUANABARA),RUA MARECHAL DEODORO 263
2018,71,221,1,68,PSD,1414,UNIVERSIDADE SALGADO DE OLIVEIRA - BL B (PRÓXIMO AO GUANABARA),RUA MARECHAL DEODORO 263
2018,71,222,1,70,PSD,1414,UNIVERSIDADE SALGADO DE OLIVEIRA - BL B (PRÓXIMO AO GUANABARA),RUA MARECHAL DEODORO 263
2018,71,223,1,76,PSD,1414,UNIVERSIDADE SALGADO DE OLIVEIRA - BL B (PRÓXIMO AO GUANABARA),RUA MARECHAL DEODORO 263
2018,71,224,1,42,PSD,1414,UNIVERSIDADE SALGADO DE OLIVEIRA - BL B (PRÓXIMO AO GUANABARA),RUA MARECHAL DEODORO 263
2018,71,225,1,60,PSD,1422,CLUBE PORTUGUES DE NITEROI,RUA PROFESSOR LARA VILELA 176
2018,71,226,1,55,PSD,1422,CLUBE PORTUGUES DE NITEROI,RUA PROFESSOR LARA VILELA 176
2018,71,227,1,72,PSD,1422,CLUBE PORTUGUES DE NITEROI,RUA PROFESSOR LARA VILELA 176
2018,71,228,1,79,PSD,1422,CLUBE PORTUGUES DE NITEROI,RUA PROFESSOR LARA VILELA 176
2018,71,229,1,54,PSD,1422,CLUBE PORTUGUES DE NITEROI,RUA PROFESSOR LARA VILELA 176
2018,71,230,1,76,PSD,1422,CLUBE PORTUGUES DE NITEROI,RUA PROFESSOR LARA VILELA 176
2018,71,231,1,53,PSD,1430,COLEGIO ESTADUAL AURELINO LEAL,RUA PRESIDENTE PEDREIRA 79
2018,71,232,1,62,PSD,1430,COLEGIO ESTADUAL AURELINO LEAL,RUA PRESIDENTE PEDREIRA 79
2018,71,233,1,65,PSD,1430,COLEGIO ESTADUAL AURELINO LEAL,RUA PRESIDENTE PEDREIRA 79
2018,71,234,1,59,PSD,1430,COLEGIO ESTADUAL AURELINO LEAL,RUA PRESIDENTE PEDREIRA 79
2018,71,235,1,63,PSD,1430,COLEGIO ESTADUAL AURELINO LEAL,RUA PRESIDENTE PEDREIRA 79
2018,71,236,1,73,PSD,1430,COLEGIO ESTADUAL AURELINO LEAL,RUA PRESIDENTE PEDREIRA 79
2018,71,237,1,57,PSD,1430,COLEGIO ESTADUAL AURELINO LEAL,RUA PRESIDENTE PEDREIRA 79
2018,71,238,1,64,PSD,1430,COLEGIO ESTADUAL AURELINO LEAL,RUA PRESIDENTE PEDREIRA 79
2018,71,239,1,116,PSD,1449,COLÉGIO ESTADUAL ZULEIKA RAPÔSO VALLADARES (COLÉGIO VELHO),RUA SALO BRAND S/N
2018,71,240,1,104,PSD,1449,COLÉGIO ESTADUAL ZULEIKA RAPÔSO VALLADARES (COLÉGIO VELHO),RUA SALO BRAND S/N
2018,71,241,1,125,PSD,1449,COLÉGIO ESTADUAL ZULEIKA RAPÔSO VALLADARES (COLÉGIO VELHO),RUA SALO BRAND S/N
2018,71,242,1,113,PSD,1449,COLÉGIO ESTADUAL ZULEIKA RAPÔSO VALLADARES (COLÉGIO VELHO),RUA SALO BRAND S/N
2018,71,243,1,147,PSD,1449,COLÉGIO ESTADUAL ZULEIKA RAPÔSO VALLADARES (COLÉGIO VELHO),RUA SALO BRAND S/N
2018,71,244,1,94,PSD,1449,COLÉGIO ESTADUAL ZULEIKA RAPÔSO VALLADARES (COLÉGIO VELHO),RUA SALO BRAND S/N
2018,71,245,1,97,PSD,1449,COLÉGIO ESTADUAL ZULEIKA RAPÔSO VALLADARES (COLÉGIO VELHO),RUA SALO BRAND S/N
2018,71,246,1,74,PSD,1457,ÁGUAS DE NITEROI,RUA MARQUÊS DO PARANÁ 108/110
2018,71,247,1,110,PSD,1457,ÁGUAS DE NITEROI,RUA MARQUÊS DO PARANÁ 108/110
2018,71,248,1,87,PSD,1457,ÁGUAS DE NITEROI,RUA MARQUÊS DO PARANÁ 108/110
2018,71,249,1,114,PSD,1457,ÁGUAS DE NITEROI,RUA MARQUÊS DO PARANÁ 108/110
2018,71,250,1,82,PSD,1465,CENTRO UNIVERSITÁRIO ANHANGUERA (ANTIGO PLÍNIO LEITE),RUA VISCONDE DO RIO BRANCO 123
2018,71,251,1,83,PSD,1465,CENTRO UNIVERSITÁRIO ANHANGUERA (ANTIGO PLÍNIO LEITE),RUA VISCONDE DO RIO BRANCO 123
2018,71,252,1,96,PSD,1465,CENTRO UNIVERSITÁRIO ANHANGUERA (ANTIGO PLÍNIO LEITE),RUA VISCONDE DO RIO BRANCO 123
2018,71,253,1,66,PSD,1465,CENTRO UNIVERSITÁRIO ANHANGUERA (ANTIGO PLÍNIO LEITE),RUA VISCONDE DO RIO BRANCO 123
2018,71,254,1,78,PSD,1465,CENTRO UNIVERSITÁRIO ANHANGUERA (ANTIGO PLÍNIO LEITE),RUA VISCONDE DO RIO BRANCO 123
2018,71,255,1,84,PSD,1465,CENTRO UNIVERSITÁRIO ANHANGUERA (ANTIGO PLÍNIO LEITE),RUA VISCONDE DO RIO BRANCO 123
2018,71,256,1,64,PSD,1465,CENTRO UNIVERSITÁRIO ANHANGUERA (ANTIGO PLÍNIO LEITE),RUA VISCONDE DO RIO BRANCO 123
2018,71,257,1,66,PSD,1465,CENTRO UNIVERSITÁRIO ANHANGUERA (ANTIGO PLÍNIO LEITE),RUA VISCONDE DO RIO BRANCO 123
2018,71,258,1,68,PSD,1465,CENTRO UNIVERSITÁRIO ANHANGUERA (ANTIGO PLÍNIO LEITE),RUA VISCONDE DO RIO BRANCO 123
2018,71,259,1,75,PSD,1465,CENTRO UNIVERSITÁRIO ANHANGUERA (ANTIGO PLÍNIO LEITE),RUA VISCONDE DO RIO BRANCO 123
2018,71,260,1,77,PSD,1465,CENTRO UNIVERSITÁRIO ANHANGUERA (ANTIGO PLÍNIO LEITE),RUA VISCONDE DO RIO BRANCO 123
2018,71,261,1,82,PSD,1465,CENTRO UNIVERSITÁRIO ANHANGUERA (ANTIGO PLÍNIO LEITE),RUA VISCONDE DO RIO BRANCO 123
2018,71,262,1,93,PSD,1465,CENTRO UNIVERSITÁRIO ANHANGUERA (ANTIGO PLÍNIO LEITE),RUA VISCONDE DO RIO BRANCO 123
2018,71,263,1,54,PSD,1473,FACULDADE DE DIREITO DA UFF - UFF - DIREITO 2,RUA TIRADENTES 17
2018,71,264,1,53,PSD,1473,FACULDADE DE DIREITO DA UFF - UFF - DIREITO 2,RUA TIRADENTES 17
2018,71,265,1,75,PSD,1473,FACULDADE DE DIREITO DA UFF - UFF - DIREITO 2,RUA TIRADENTES 17
2018,71,266,1,75,PSD,1473,FACULDADE DE DIREITO DA UFF - UFF - DIREITO 2,RUA TIRADENTES 17
2018,71,267,1,51,PSD,1473,FACULDADE DE DIREITO DA UFF - UFF - DIREITO 2,RUA TIRADENTES 17
2018,71,268,1,42,PSD,1473,FACULDADE DE DIREITO DA UFF - UFF - DIREITO 2,RUA TIRADENTES 17
2018,71,269,1,107,PSD,1481,ESCOLA MUNICIPAL MAESTRO HEITOR VILLA-LOBOS (COLÉGIO NOVO),RUA SALO BRAND S/N
2018,71,27,1,83,PSD,1104,INSTITUTO MAIA VINAGRE,RUA NORONHA TORREZÃO 68
2018,71,270,1,102,PSD,1481,ESCOLA MUNICIPAL MAESTRO HEITOR VILLA-LOBOS (COLÉGIO NOVO),RUA SALO BRAND S/N
2018,71,271,1,88,PSD,1481,ESCOLA MUNICIPAL MAESTRO HEITOR VILLA-LOBOS (COLÉGIO NOVO),RUA SALO BRAND S/N
2018,71,272,1,96,PSD,1481,ESCOLA MUNICIPAL MAESTRO HEITOR VILLA-LOBOS (COLÉGIO NOVO),RUA SALO BRAND S/N
2018,71,273,1,83,PSD,1481,ESCOLA MUNICIPAL MAESTRO HEITOR VILLA-LOBOS (COLÉGIO NOVO),RUA SALO BRAND S/N
2018,71,274,1,99,PSD,1481,ESCOLA MUNICIPAL MAESTRO HEITOR VILLA-LOBOS (COLÉGIO NOVO),RUA SALO BRAND S/N
2018,71,275,1,107,PSD,1481,ESCOLA MUNICIPAL MAESTRO HEITOR VILLA-LOBOS (COLÉGIO NOVO),RUA SALO BRAND S/N
2018,71,276,1,69,PSD,1481,ESCOLA MUNICIPAL MAESTRO HEITOR VILLA-LOBOS (COLÉGIO NOVO),RUA SALO BRAND S/N
2018,71,277,1,81,PSD,1481,ESCOLA MUNICIPAL MAESTRO HEITOR VILLA-LOBOS (COLÉGIO NOVO),RUA SALO BRAND S/N
2018,71,278,1,31,PSD,1546,UNIVERSIDADE SALGADO DE OLIVEIRA - BL A,RUA MARECHAL DEODORO 217
2018,71,279,1,51,PSD,1546,UNIVERSIDADE SALGADO DE OLIVEIRA - BL A,RUA MARECHAL DEODORO 217
2018,71,28,1,72,PSD,1104,INSTITUTO MAIA VINAGRE,RUA NORONHA TORREZÃO 68
2018,71,280,1,47,PSD,1546,UNIVERSIDADE SALGADO DE OLIVEIRA - BL A,RUA MARECHAL DEODORO 217
2018,71,281,1,101,PSD,1546,UNIVERSIDADE SALGADO DE OLIVEIRA - BL A,RUA MARECHAL DEODORO 217
2018,71,285,1,100,PSD,1546,UNIVERSIDADE SALGADO DE OLIVEIRA - BL A,RUA MARECHAL DEODORO 217
2018,71,286,1,72,PSD,1546,UNIVERSIDADE SALGADO DE OLIVEIRA - BL A,RUA MARECHAL DEODORO 217
2018,71,287,1,102,PSD,1546,UNIVERSIDADE SALGADO DE OLIVEIRA - BL A,RUA MARECHAL DEODORO 217
2018,71,29,1,70,PSD,1104,INSTITUTO MAIA VINAGRE,RUA NORONHA TORREZÃO 68
2018,71,290,1,66,PSD,1503,COLÉGIO ÁGORA,"RUA TIRADENTES, 160"
2018,71,291,1,64,PSD,1511,INSTITUTO DE MATEMATICA DA UFF (VALONGUINHO),RUA MÁRIO SANTOS BRAGA S/N
2018,71,292,1,41,PSD,1511,INSTITUTO DE MATEMATICA DA UFF (VALONGUINHO),RUA MÁRIO SANTOS BRAGA S/N
2018,71,293,1,67,PSD,1511,INSTITUTO DE MATEMATICA DA UFF (VALONGUINHO),RUA MÁRIO SANTOS BRAGA S/N
2018,71,294,1,66,PSD,1511,INSTITUTO DE MATEMATICA DA UFF (VALONGUINHO),RUA MÁRIO SANTOS BRAGA S/N
2018,71,295,1,62,PSD,1511,INSTITUTO DE MATEMATICA DA UFF (VALONGUINHO),RUA MÁRIO SANTOS BRAGA S/N
2018,71,296,1,65,PSD,1511,INSTITUTO DE MATEMATICA DA UFF (VALONGUINHO),RUA MÁRIO SANTOS BRAGA S/N
2018,71,297,1,52,PSD,1511,INSTITUTO DE MATEMATICA DA UFF (VALONGUINHO),RUA MÁRIO SANTOS BRAGA S/N
2018,71,298,1,52,PSD,1511,INSTITUTO DE MATEMATICA DA UFF (VALONGUINHO),RUA MÁRIO SANTOS BRAGA S/N
2018,71,299,1,60,PSD,1511,INSTITUTO DE MATEMATICA DA UFF (VALONGUINHO),RUA MÁRIO SANTOS BRAGA S/N
2018,71,3,1,96,PSD,1015,CENTRO EDUCACIONAL DE NITEROI - CENTRINHO,RUA ITAGUAI 173
2018,71,30,1,71,PSD,1104,INSTITUTO MAIA VINAGRE,RUA NORONHA TORREZÃO 68
2018,71,300,1,58,PSD,1511,INSTITUTO DE MATEMATICA DA UFF (VALONGUINHO),RUA MÁRIO SANTOS BRAGA S/N
2018,71,301,1,66,PSD,1511,INSTITUTO DE MATEMATICA DA UFF (VALONGUINHO),RUA MÁRIO SANTOS BRAGA S/N
2018,71,302,1,61,PSD,1511,INSTITUTO DE MATEMATICA DA UFF (VALONGUINHO),RUA MÁRIO SANTOS BRAGA S/N
2018,71,303,1,75,PSD,1511,INSTITUTO DE MATEMATICA DA UFF (VALONGUINHO),RUA MÁRIO SANTOS BRAGA S/N
2018,71,304,1,66,PSD,1511,INSTITUTO DE MATEMATICA DA UFF (VALONGUINHO),RUA MÁRIO SANTOS BRAGA S/N
2018,71,305,1,94,PSD,1520,LOJA MAÇÔNICA EVOLUÇÃO 2,RUA SANTA CLARA 77
2018,71,306,1,59,PSD,1520,LOJA MAÇÔNICA EVOLUÇÃO 2,RUA SANTA CLARA 77
2018,71,307,1,112,PSD,1520,LOJA MAÇÔNICA EVOLUÇÃO 2,RUA SANTA CLARA 77
2018,71,308,1,129,PSD,1520,LOJA MAÇÔNICA EVOLUÇÃO 2,RUA SANTA CLARA 77
2018,71,309,1,21,PSD,1538,FUNDAÇÃO GETÚLIO VARGAS - FGV (EX CENTRÃO),AV ERNANI DO AMARAL PEIXOTO 836
2018,71,31,1,90,PSD,1104,INSTITUTO MAIA VINAGRE,RUA NORONHA TORREZÃO 68
2018,71,310,1,26,PSD,1538,FUNDAÇÃO GETÚLIO VARGAS - FGV (EX CENTRÃO),AV ERNANI DO AMARAL PEIXOTO 836
2018,71,311,1,25,PSD,1538,FUNDAÇÃO GETÚLIO VARGAS - FGV (EX CENTRÃO),AV ERNANI DO AMARAL PEIXOTO 836
2018,71,312,1,31,PSD,1538,FUNDAÇÃO GETÚLIO VARGAS - FGV (EX CENTRÃO),AV ERNANI DO AMARAL PEIXOTO 836
2018,71,313,1,59,PSD,1538,FUNDAÇÃO GETÚLIO VARGAS - FGV (EX CENTRÃO),AV ERNANI DO AMARAL PEIXOTO 836
2018,71,315,1,30,PSD,1538,FUNDAÇÃO GETÚLIO VARGAS - FGV (EX CENTRÃO),AV ERNANI DO AMARAL PEIXOTO 836
2018,71,317,1,60,PSD,1538,FUNDAÇÃO GETÚLIO VARGAS - FGV (EX CENTRÃO),AV ERNANI DO AMARAL PEIXOTO 836
2018,71,318,1,78,PSD,1538,FUNDAÇÃO GETÚLIO VARGAS - FGV (EX CENTRÃO),AV ERNANI DO AMARAL PEIXOTO 836
2018,71,32,1,78,PSD,1104,INSTITUTO MAIA VINAGRE,RUA NORONHA TORREZÃO 68
2018,71,320,1,31,PSD,1538,FUNDAÇÃO GETÚLIO VARGAS - FGV (EX CENTRÃO),AV ERNANI DO AMARAL PEIXOTO 836
2018,71,321,1,33,PSD,1538,FUNDAÇÃO GETÚLIO VARGAS - FGV (EX CENTRÃO),AV ERNANI DO AMARAL PEIXOTO 836
2018,71,322,1,35,PSD,1538,FUNDAÇÃO GETÚLIO VARGAS - FGV (EX CENTRÃO),AV ERNANI DO AMARAL PEIXOTO 836
2018,71,323,1,42,PSD,1546,UNIVERSIDADE SALGADO DE OLIVEIRA - BL A,RUA MARECHAL DEODORO 217
2018,71,324,1,45,PSD,1546,UNIVERSIDADE SALGADO DE OLIVEIRA - BL A,RUA MARECHAL DEODORO 217
2018,71,325,1,55,PSD,1546,UNIVERSIDADE SALGADO DE OLIVEIRA - BL A,RUA MARECHAL DEODORO 217
2018,71,326,1,59,PSD,1546,UNIVERSIDADE SALGADO DE OLIVEIRA - BL A,RUA MARECHAL DEODORO 217
2018,71,327,1,48,PSD,1546,UNIVERSIDADE SALGADO DE OLIVEIRA - BL A,RUA MARECHAL DEODORO 217
2018,71,328,1,47,PSD,1546,UNIVERSIDADE SALGADO DE OLIVEIRA - BL A,RUA MARECHAL DEODORO 217
2018,71,329,1,45,PSD,1546,UNIVERSIDADE SALGADO DE OLIVEIRA - BL A,RUA MARECHAL DEODORO 217
2018,71,330,1,45,PSD,1546,UNIVERSIDADE SALGADO DE OLIVEIRA - BL A,RUA MARECHAL DEODORO 217
2018,71,331,1,56,PSD,1546,UNIVERSIDADE SALGADO DE OLIVEIRA - BL A,RUA MARECHAL DEODORO 217
2018,71,332,1,54,PSD,1546,UNIVERSIDADE SALGADO DE OLIVEIRA - BL A,RUA MARECHAL DEODORO 217
2018,71,333,1,81,PSD,1554,FACULDADE DE ENGENHARIA DA UFF,RUA PASSO DA PATRIA 156
2018,71,334,1,73,PSD,1554,FACULDADE DE ENGENHARIA DA UFF,RUA PASSO DA PATRIA 156
2018,71,335,1,59,PSD,1554,FACULDADE DE ENGENHARIA DA UFF,RUA PASSO DA PATRIA 156
2018,71,336,1,81,PSD,1554,FACULDADE DE ENGENHARIA DA UFF,RUA PASSO DA PATRIA 156
2018,71,337,1,52,PSD,1554,FACULDADE DE ENGENHARIA DA UFF,RUA PASSO DA PATRIA 156
2018,71,338,1,39,PSD,1554,FACULDADE DE ENGENHARIA DA UFF,RUA PASSO DA PATRIA 156
2018,71,339,1,64,PSD,1562,COLEGIO ESTADUAL RAUL VIDAL,AVENIDA FELICIANO SODRE 21
2018,71,340,1,73,PSD,1562,COLEGIO ESTADUAL RAUL VIDAL,AVENIDA FELICIANO SODRE 21
2018,71,341,1,61,PSD,1562,COLEGIO ESTADUAL RAUL VIDAL,AVENIDA FELICIANO SODRE 21
2018,71,342,1,74,PSD,1562,COLEGIO ESTADUAL RAUL VIDAL,AVENIDA FELICIANO SODRE 21
2018,71,343,1,35,PSD,1562,COLEGIO ESTADUAL RAUL VIDAL,AVENIDA FELICIANO SODRE 21
2018,71,344,1,83,PSD,1562,COLEGIO ESTADUAL RAUL VIDAL,AVENIDA FELICIANO SODRE 21
2018,71,345,1,62,PSD,1562,COLEGIO ESTADUAL RAUL VIDAL,AVENIDA FELICIANO SODRE 21
2018,71,346,1,77,PSD,1562,COLEGIO ESTADUAL RAUL VIDAL,AVENIDA FELICIANO SODRE 21
2018,71,347,1,81,PSD,1562,COLEGIO ESTADUAL RAUL VIDAL,AVENIDA FELICIANO SODRE 21
2018,71,348,1,70,PSD,1562,COLEGIO ESTADUAL RAUL VIDAL,AVENIDA FELICIANO SODRE 21
2018,71,349,1,78,PSD,1562,COLEGIO ESTADUAL RAUL VIDAL,AVENIDA FELICIANO SODRE 21
2018,71,350,1,77,PSD,1562,COLEGIO ESTADUAL RAUL VIDAL,AVENIDA FELICIANO SODRE 21
2018,71,351,1,89,PSD,1570,COLÉGIO UNIVERSÍTÁRIO DA UFF (CIEP GRAGOATÁ),RUA ALEXANDRE MOURA 8
2018,71,352,1,73,PSD,1570,COLÉGIO UNIVERSÍTÁRIO DA UFF (CIEP GRAGOATÁ),RUA ALEXANDRE MOURA 8
2018,71,353,1,38,PSD,1570,COLÉGIO UNIVERSÍTÁRIO DA UFF (CIEP GRAGOATÁ),RUA ALEXANDRE MOURA 8
2018,71,354,1,21,PSD,1570,COLÉGIO UNIVERSÍTÁRIO DA UFF (CIEP GRAGOATÁ),RUA ALEXANDRE MOURA 8
2018,71,355,1,56,PSD,1589,COLÉGIO SÃO VICENTE DE PAULO - GINÁSIO,"RUA MIGUEL DE FRIAS, 123"
2018,71,356,1,75,PSD,1589,COLÉGIO SÃO VICENTE DE PAULO - GINÁSIO,"RUA MIGUEL DE FRIAS, 123"
2018,71,357,1,57,PSD,1589,COLÉGIO SÃO VICENTE DE PAULO - GINÁSIO,"RUA MIGUEL DE FRIAS, 123"
2018,71,358,1,65,PSD,1589,COLÉGIO SÃO VICENTE DE PAULO - GINÁSIO,"RUA MIGUEL DE FRIAS, 123"
2018,71,359,1,51,PSD,1589,COLÉGIO SÃO VICENTE DE PAULO - GINÁSIO,"RUA MIGUEL DE FRIAS, 123"
2018,71,360,1,81,PSD,1597,ESCOLA MUNICIPAL SANTOS DUMONT,RUA MANOEL CORREIA S/N
2018,71,361,1,77,PSD,1597,ESCOLA MUNICIPAL SANTOS DUMONT,RUA MANOEL CORREIA S/N
2018,71,362,1,87,PSD,1597,ESCOLA MUNICIPAL SANTOS DUMONT,RUA MANOEL CORREIA S/N
2018,71,363,1,73,PSD,1597,ESCOLA MUNICIPAL SANTOS DUMONT,RUA MANOEL CORREIA S/N
2018,71,364,1,79,PSD,1597,ESCOLA MUNICIPAL SANTOS DUMONT,RUA MANOEL CORREIA S/N
2018,71,365,1,51,PSD,1597,ESCOLA MUNICIPAL SANTOS DUMONT,RUA MANOEL CORREIA S/N
2018,71,366,1,38,PSD,1600,INSTITUTO DE EDUCAÇÃO PROFESSOR ISMAEL COUTINHO - IEPIC,"TRAVESSA MANOEL CONTINENTINO, 31"
2018,71,367,1,24,PSD,1600,INSTITUTO DE EDUCAÇÃO PROFESSOR ISMAEL COUTINHO - IEPIC,"TRAVESSA MANOEL CONTINENTINO, 31"
2018,71,368,1,28,PSD,1600,INSTITUTO DE EDUCAÇÃO PROFESSOR ISMAEL COUTINHO - IEPIC,"TRAVESSA MANOEL CONTINENTINO, 31"
2018,71,369,1,42,PSD,1600,INSTITUTO DE EDUCAÇÃO PROFESSOR ISMAEL COUTINHO - IEPIC,"TRAVESSA MANOEL CONTINENTINO, 31"
2018,71,370,1,28,PSD,1600,INSTITUTO DE EDUCAÇÃO PROFESSOR ISMAEL COUTINHO - IEPIC,"TRAVESSA MANOEL CONTINENTINO, 31"
2018,71,371,1,32,PSD,1600,INSTITUTO DE EDUCAÇÃO PROFESSOR ISMAEL COUTINHO - IEPIC,"TRAVESSA MANOEL CONTINENTINO, 31"
2018,71,372,1,37,PSD,1600,INSTITUTO DE EDUCAÇÃO PROFESSOR ISMAEL COUTINHO - IEPIC,"TRAVESSA MANOEL CONTINENTINO, 31"
2018,71,373,1,44,PSD,1600,INSTITUTO DE EDUCAÇÃO PROFESSOR ISMAEL COUTINHO - IEPIC,"TRAVESSA MANOEL CONTINENTINO, 31"
2018,71,374,1,24,PSD,1600,INSTITUTO DE EDUCAÇÃO PROFESSOR ISMAEL COUTINHO - IEPIC,"TRAVESSA MANOEL CONTINENTINO, 31"
2018,71,375,1,28,PSD,1600,INSTITUTO DE EDUCAÇÃO PROFESSOR ISMAEL COUTINHO - IEPIC,"TRAVESSA MANOEL CONTINENTINO, 31"
2018,71,376,1,36,PSD,1600,INSTITUTO DE EDUCAÇÃO PROFESSOR ISMAEL COUTINHO - IEPIC,"TRAVESSA MANOEL CONTINENTINO, 31"
2018,71,377,1,31,PSD,1619,COLEGIO SAO VICENTE DE PAULO,RUA MIGUEL DE FRIAS 123
2018,71,378,1,42,PSD,1619,COLEGIO SAO VICENTE DE PAULO,RUA MIGUEL DE FRIAS 123
2018,71,379,1,29,PSD,1619,COLEGIO SAO VICENTE DE PAULO,RUA MIGUEL DE FRIAS 123
2018,71,380,1,28,PSD,1619,COLEGIO SAO VICENTE DE PAULO,RUA MIGUEL DE FRIAS 123
2018,71,381,1,24,PSD,1619,COLEGIO SAO VICENTE DE PAULO,RUA MIGUEL DE FRIAS 123
2018,71,382,1,40,PSD,1619,COLEGIO SAO VICENTE DE PAULO,RUA MIGUEL DE FRIAS 123
2018,71,383,1,26,PSD,1619,COLEGIO SAO VICENTE DE PAULO,RUA MIGUEL DE FRIAS 123
2018,71,384,1,21,PSD,1619,COLEGIO SAO VICENTE DE PAULO,RUA MIGUEL DE FRIAS 123
2018,71,385,1,27,PSD,1619,COLEGIO SAO VICENTE DE PAULO,RUA MIGUEL DE FRIAS 123
2018,71,386,1,28,PSD,1619,COLEGIO SAO VICENTE DE PAULO,RUA MIGUEL DE FRIAS 123
2018,71,387,1,36,PSD,1619,COLEGIO SAO VICENTE DE PAULO,RUA MIGUEL DE FRIAS 123
2018,71,388,1,18,PSD,1619,COLEGIO SAO VICENTE DE PAULO,RUA MIGUEL DE FRIAS 123
2018,71,389,1,29,PSD,1619,COLEGIO SAO VICENTE DE PAULO,RUA MIGUEL DE FRIAS 123
2018,71,390,1,33,PSD,1619,COLEGIO SAO VICENTE DE PAULO,RUA MIGUEL DE FRIAS 123
2018,71,391,1,34,PSD,1619,COLEGIO SAO VICENTE DE PAULO,RUA MIGUEL DE FRIAS 123
2018,71,392,1,59,PSD,1627,REITORIA DA UFF,RUA MIGUEL DE FRIAS 9
2018,71,393,1,62,PSD,1627,REITORIA DA UFF,RUA MIGUEL DE FRIAS 9
2018,71,394,1,37,PSD,1627,REITORIA DA UFF,RUA MIGUEL DE FRIAS 9
2018,71,397,1,56,PSD,1643,JARDIM DE INFÂNCIA ALBERTO DE OLIVEIRA,RUA EVARISTO DA VEIGA 108
2018,71,398,1,47,PSD,1643,JARDIM DE INFÂNCIA ALBERTO DE OLIVEIRA,RUA EVARISTO DA VEIGA 108
2018,71,399,1,24,PSD,1643,JARDIM DE INFÂNCIA ALBERTO DE OLIVEIRA,RUA EVARISTO DA VEIGA 108
2018,71,4,1,78,PSD,1015,CENTRO EDUCACIONAL DE NITEROI - CENTRINHO,RUA ITAGUAI 173
2018,71,400,1,28,PSD,1643,JARDIM DE INFÂNCIA ALBERTO DE OLIVEIRA,RUA EVARISTO DA VEIGA 108
2018,71,401,1,25,PSD,1651,FACULDADE DE ENFERMAGEM DA UFF,RUA DR CELESTINO 74
2018,71,402,1,60,PSD,1651,FACULDADE DE ENFERMAGEM DA UFF,RUA DR CELESTINO 74
2018,71,403,1,42,PSD,1651,FACULDADE DE ENFERMAGEM DA UFF,RUA DR CELESTINO 74
2018,71,404,1,23,PSD,1651,FACULDADE DE ENFERMAGEM DA UFF,RUA DR CELESTINO 74
2018,71,405,1,65,PSD,1651,FACULDADE DE ENFERMAGEM DA UFF,RUA DR CELESTINO 74
2018,71,408,1,48,PSD,1651,FACULDADE DE ENFERMAGEM DA UFF,RUA DR CELESTINO 74
2018,71,409,1,40,PSD,1660,FACULDADE DE DIREITO DA UFF - UFF - DIREITO 1,RUA PRESIDENTE PEDREIRA 62
2018,71,410,1,74,PSD,1660,FACULDADE DE DIREITO DA UFF - UFF - DIREITO 1,RUA PRESIDENTE PEDREIRA 62
2018,71,411,1,61,PSD,1660,FACULDADE DE DIREITO DA UFF - UFF - DIREITO 1,RUA PRESIDENTE PEDREIRA 62
2018,71,412,1,66,PSD,1660,FACULDADE DE DIREITO DA UFF - UFF - DIREITO 1,RUA PRESIDENTE PEDREIRA 62
2018,71,413,1,57,PSD,1660,FACULDADE DE DIREITO DA UFF - UFF - DIREITO 1,RUA PRESIDENTE PEDREIRA 62
2018,71,414,1,71,PSD,1660,FACULDADE DE DIREITO DA UFF - UFF - DIREITO 1,RUA PRESIDENTE PEDREIRA 62
2018,71,415,1,71,PSD,1660,FACULDADE DE DIREITO DA UFF - UFF - DIREITO 1,RUA PRESIDENTE PEDREIRA 62
2018,71,416,1,56,PSD,1660,FACULDADE DE DIREITO DA UFF - UFF - DIREITO 1,RUA PRESIDENTE PEDREIRA 62
2018,71,417,1,63,PSD,1660,FACULDADE DE DIREITO DA UFF - UFF - DIREITO 1,RUA PRESIDENTE PEDREIRA 62
2018,71,418,1,72,PSD,1660,FACULDADE DE DIREITO DA UFF - UFF - DIREITO 1,RUA PRESIDENTE PEDREIRA 62
2018,71,419,1,55,PSD,1660,FACULDADE DE DIREITO DA UFF - UFF - DIREITO 1,RUA PRESIDENTE PEDREIRA 62
2018,71,420,1,60,PSD,1660,FACULDADE DE DIREITO DA UFF - UFF - DIREITO 1,RUA PRESIDENTE PEDREIRA 62
2018,71,421,1,55,PSD,1678,LICEU NILO PEÇANHA,AV ERNANI DO AMARAL PEIXOTO 707
2018,71,422,1,55,PSD,1678,LICEU NILO PEÇANHA,AV ERNANI DO AMARAL PEIXOTO 707
2018,71,423,1,54,PSD,1678,LICEU NILO PEÇANHA,AV ERNANI DO AMARAL PEIXOTO 707
2018,71,424,1,60,PSD,1678,LICEU NILO PEÇANHA,AV ERNANI DO AMARAL PEIXOTO 707
2018,71,425,1,55,PSD,1678,LICEU NILO PEÇANHA,AV ERNANI DO AMARAL PEIXOTO 707
2018,71,426,1,61,PSD,1678,LICEU NILO PEÇANHA,AV ERNANI DO AMARAL PEIXOTO 707
2018,71,427,1,64,PSD,1678,LICEU NILO PEÇANHA,AV ERNANI DO AMARAL PEIXOTO 707
2018,71,428,1,53,PSD,1678,LICEU NILO PEÇANHA,AV ERNANI DO AMARAL PEIXOTO 707
2018,71,429,1,58,PSD,1678,LICEU NILO PEÇANHA,AV ERNANI DO AMARAL PEIXOTO 707
2018,71,430,1,58,PSD,1678,LICEU NILO PEÇANHA,AV ERNANI DO AMARAL PEIXOTO 707
2018,71,431,1,61,PSD,1678,LICEU NILO PEÇANHA,AV ERNANI DO AMARAL PEIXOTO 707
2018,71,432,1,67,PSD,1678,LICEU NILO PEÇANHA,AV ERNANI DO AMARAL PEIXOTO 707
2018,71,433,1,57,PSD,1678,LICEU NILO PEÇANHA,AV ERNANI DO AMARAL PEIXOTO 707
2018,71,434,1,54,PSD,1678,LICEU NILO PEÇANHA,AV ERNANI DO AMARAL PEIXOTO 707
2018,71,435,1,54,PSD,1678,LICEU NILO PEÇANHA,AV ERNANI DO AMARAL PEIXOTO 707
2018,71,436,1,25,PSD,1686,INSTITUTO DE ARTE E COMUNICACAO DA UFF - IACS,RUA PROFESSOR LARA VILELA 126
2018,71,437,1,18,PSD,1686,INSTITUTO DE ARTE E COMUNICACAO DA UFF - IACS,RUA PROFESSOR LARA VILELA 126
2018,71,438,1,26,PSD,1686,INSTITUTO DE ARTE E COMUNICACAO DA UFF - IACS,RUA PROFESSOR LARA VILELA 126
2018,71,439,1,11,PSD,1686,INSTITUTO DE ARTE E COMUNICACAO DA UFF - IACS,RUA PROFESSOR LARA VILELA 126
2018,71,440,1,75,PSD,1694,RIO CRICKET,RUA FAGUNDES VARELA 637
2018,71,441,1,94,PSD,1694,RIO CRICKET,RUA FAGUNDES VARELA 637
2018,71,442,1,103,PSD,1694,RIO CRICKET,RUA FAGUNDES VARELA 637
2018,71,443,1,93,PSD,1694,RIO CRICKET,RUA FAGUNDES VARELA 637
2018,71,444,1,89,PSD,1694,RIO CRICKET,RUA FAGUNDES VARELA 637
2018,71,445,1,56,PSD,1503,COLÉGIO ÁGORA,"RUA TIRADENTES, 160"
2018,71,5,1,105,PSD,1015,CENTRO EDUCACIONAL DE NITEROI - CENTRINHO,RUA ITAGUAI 173
2018,71,6,1,99,PSD,1015,CENTRO EDUCACIONAL DE NITEROI - CENTRINHO,RUA ITAGUAI 173
2018,71,69,1,51,PSD,1244,ESCOLA ESTADUAL MANUEL DE ABREU,RUA LOPES TROVAO 287-A
2018,71,70,1,75,PSD,1244,ESCOLA ESTADUAL MANUEL DE ABREU,RUA LOPES TROVAO 287-A
2018,71,71,1,39,PSD,1260,INSTITUTO ABEL,AV. ROBERTO SILVEIRA 29
2018,71,72,1,66,PSD,1260,INSTITUTO ABEL,AV. ROBERTO SILVEIRA 29
2018,71,73,1,72,PSD,1260,INSTITUTO ABEL,AV. ROBERTO SILVEIRA 29
2018,71,74,1,87,PSD,1260,INSTITUTO ABEL,AV. ROBERTO SILVEIRA 29
2018,71,75,1,69,PSD,1368,INSTITUTO SÃO JOSÉ,RUA GERALDO MARTINS 166
2018,71,76,1,75,PSD,1368,INSTITUTO SÃO JOSÉ,RUA GERALDO MARTINS 166
2018,71,77,1,68,PSD,1244,ESCOLA ESTADUAL MANUEL DE ABREU,RUA LOPES TROVAO 287-A
2018,71,78,1,73,PSD,1244,ESCOLA ESTADUAL MANUEL DE ABREU,RUA LOPES TROVAO 287-A
2018,71,79,1,79,PSD,1244,ESCOLA ESTADUAL MANUEL DE ABREU,RUA LOPES TROVAO 287-A
2018,71,80,1,61,PSD,1317,ESCOLA ESTADUAL BALTHAZAR BERNARDINO,RUA MARIZ E BARROS 444
2018,71,81,1,61,PSD,1317,ESCOLA ESTADUAL BALTHAZAR BERNARDINO,RUA MARIZ E BARROS 444
2018,71,82,1,78,PSD,1260,INSTITUTO ABEL,AV. ROBERTO SILVEIRA 29
2018,71,83,1,73,PSD,1260,INSTITUTO ABEL,AV. ROBERTO SILVEIRA 29
2018,71,84,1,71,PSD,1260,INSTITUTO ABEL,AV. ROBERTO SILVEIRA 29
2018,71,85,1,58,PSD,1333,PARÓQUIA NOSSA SENHORA AUXILIADORA - CENTRO COMUNITÁRIO,"RUA SANTA ROSA, 216"
2018,71,86,1,83,PSD,1015,CENTRO EDUCACIONAL DE NITEROI - CENTRINHO,RUA ITAGUAI 173
2018,71,87,1,79,PSD,1015,CENTRO EDUCACIONAL DE NITEROI - CENTRINHO,RUA ITAGUAI 173
2018,71,88,1,94,PSD,1295,COLEGIO SALESIANO SANTA ROSA,RUA SANTA ROSA 207
2018,71,89,1,82,PSD,1295,COLEGIO SALESIANO SANTA ROSA,RUA SANTA ROSA 207
2018,71,90,1,94,PSD,1295,COLEGIO SALESIANO SANTA ROSA,RUA SANTA ROSA 207
2018,71,91,1,95,PSD,1295,COLEGIO SALESIANO SANTA ROSA,RUA SANTA ROSA 207
2018,71,92,1,89,PSD,1295,COLEGIO SALESIANO SANTA ROSA,RUA SANTA ROSA 207
2018,71,93,1,80,PSD,1295,COLEGIO SALESIANO SANTA ROSA,RUA SANTA ROSA 207
2018,71,94,1,95,PSD,1295,COLEGIO SALESIANO SANTA ROSA,RUA SANTA ROSA 207
2018,71,95,1,75,PSD,1295,COLEGIO SALESIANO SANTA ROSA,RUA SANTA ROSA 207
2018,71,96,1,76,PSD,1295,COLEGIO SALESIANO SANTA ROSA,RUA SANTA ROSA 207
2018,71,97,1,95,PSD,1295,COLEGIO SALESIANO SANTA ROSA,RUA SANTA ROSA 207
2018,71,98,1,96,PSD,1295,COLEGIO SALESIANO SANTA ROSA,RUA SANTA ROSA 207
2018,71,99,1,94,PSD,1295,COLEGIO SALESIANO SANTA ROSA,RUA SANTA ROSA 207
2018,72,1,1,105,PSD,1015,ESCOLA ESTADUAL DR LUCIANO PESTRE,AV PASTOR JOSE GOMES DE SOUZA S/N
2018,72,10,1,155,PSD,1040,CIEP 447 - CARAMUJO,RODOVIA AMARAL PEIXOTO KM 2
2018,72,11,1,142,PSD,1040,CIEP 447 - CARAMUJO,RODOVIA AMARAL PEIXOTO KM 2
2018,72,113,1,135,PSD,1368,ESCOLA MUNICIPAL VILA COSTA MONTEIRO,RUA ITITIOCA S/N
2018,72,114,1,123,PSD,1368,ESCOLA MUNICIPAL VILA COSTA MONTEIRO,RUA ITITIOCA S/N
2018,72,118,1,166,PSD,1040,CIEP 447 - CARAMUJO,RODOVIA AMARAL PEIXOTO KM 2
2018,72,12,1,159,PSD,1040,CIEP 447 - CARAMUJO,RODOVIA AMARAL PEIXOTO KM 2
2018,72,120,1,134,PSD,1449,CIEP 450 - BADU,ESTRADA CAETANO MONTEIRO S/N
2018,72,121,1,101,PSD,1015,ESCOLA ESTADUAL DR LUCIANO PESTRE,AV PASTOR JOSE GOMES DE SOUZA S/N
2018,72,122,1,148,PSD,1074,COLEGIO ESTADUAL PAULO ASSIS RIBEIRO,ESTRADA CAETANO MONTEIRO 814
2018,72,123,1,122,PSD,1112,ESCOLA ESTADUAL LEOPOLDO FROES,RUA REVERENDO ARMANDO FERREIRA  S/N
2018,72,126,1,167,PSD,1180,ESCOLA MUNICIPAL RACHIDE DA GLORIA SALIM SAKER,RUA JANDIRA PEREIRA 620
2018,72,13,1,129,PSD,1040,CIEP 447 - CARAMUJO,RODOVIA AMARAL PEIXOTO KM 2
2018,72,130,1,152,PSD,1147,ESCOLA MUNICIPAL VERA LUCIA MACHADO,RUA ALDEMAR DE PAIVA LOTE 7 E 8
2018,72,131,1,129,PSD,1449,CIEP 450 - BADU,ESTRADA CAETANO MONTEIRO S/N
2018,72,132,1,112,PSD,1368,ESCOLA MUNICIPAL VILA COSTA MONTEIRO,RUA ITITIOCA S/N
2018,72,133,1,127,PSD,1074,COLEGIO ESTADUAL PAULO ASSIS RIBEIRO,ESTRADA CAETANO MONTEIRO 814
2018,72,136,1,166,PSD,1112,ESCOLA ESTADUAL LEOPOLDO FROES,RUA REVERENDO ARMANDO FERREIRA  S/N
2018,72,137,1,127,PSD,1015,ESCOLA ESTADUAL DR LUCIANO PESTRE,AV PASTOR JOSE GOMES DE SOUZA S/N
2018,72,139,1,150,PSD,1171,ESCOLA MUNICIPAL ANTONIO COUTINHO DE AZEVEDO,AV DES NESTOR RODRIGUES PERLINGEIRO S/N
2018,72,14,1,133,PSD,1040,CIEP 447 - CARAMUJO,RODOVIA AMARAL PEIXOTO KM 2
2018,72,143,1,102,PSD,1015,ESCOLA ESTADUAL DR LUCIANO PESTRE,AV PASTOR JOSE GOMES DE SOUZA S/N
2018,72,144,1,154,PSD,1112,ESCOLA ESTADUAL LEOPOLDO FROES,RUA REVERENDO ARMANDO FERREIRA  S/N
2018,72,146,1,139,PSD,1171,ESCOLA MUNICIPAL ANTONIO COUTINHO DE AZEVEDO,AV DES NESTOR RODRIGUES PERLINGEIRO S/N
2018,72,147,1,156,PSD,1074,COLEGIO ESTADUAL PAULO ASSIS RIBEIRO,ESTRADA CAETANO MONTEIRO 814
2018,72,149,1,120,PSD,1015,ESCOLA ESTADUAL DR LUCIANO PESTRE,AV PASTOR JOSE GOMES DE SOUZA S/N
2018,72,15,1,167,PSD,1040,CIEP 447 - CARAMUJO,RODOVIA AMARAL PEIXOTO KM 2
2018,72,150,1,127,PSD,1449,CIEP 450 - BADU,ESTRADA CAETANO MONTEIRO S/N
2018,72,151,1,140,PSD,1040,CIEP 447 - CARAMUJO,RODOVIA AMARAL PEIXOTO KM 2
2018,72,152,1,91,PSD,1040,CIEP 447 - CARAMUJO,RODOVIA AMARAL PEIXOTO KM 2
2018,72,156,1,122,PSD,1368,ESCOLA MUNICIPAL VILA COSTA MONTEIRO,RUA ITITIOCA S/N
2018,72,159,1,148,PSD,1449,CIEP 450 - BADU,ESTRADA CAETANO MONTEIRO S/N
2018,72,16,1,97,PSD,1015,ESCOLA ESTADUAL DR LUCIANO PESTRE,AV PASTOR JOSE GOMES DE SOUZA S/N
2018,72,160,1,178,PSD,1147,ESCOLA MUNICIPAL VERA LUCIA MACHADO,RUA ALDEMAR DE PAIVA LOTE 7 E 8
2018,72,162,1,132,PSD,1171,ESCOLA MUNICIPAL ANTONIO COUTINHO DE AZEVEDO,AV DES NESTOR RODRIGUES PERLINGEIRO S/N
2018,72,163,1,134,PSD,1449,CIEP 450 - BADU,ESTRADA CAETANO MONTEIRO S/N
2018,72,164,1,112,PSD,1015,ESCOLA ESTADUAL DR LUCIANO PESTRE,AV PASTOR JOSE GOMES DE SOUZA S/N
2018,72,168,1,149,PSD,1074,COLEGIO ESTADUAL PAULO ASSIS RIBEIRO,ESTRADA CAETANO MONTEIRO 814
2018,72,17,1,99,PSD,1015,ESCOLA ESTADUAL DR LUCIANO PESTRE,AV PASTOR JOSE GOMES DE SOUZA S/N
2018,72,173,1,144,PSD,1449,CIEP 450 - BADU,ESTRADA CAETANO MONTEIRO S/N
2018,72,174,1,165,PSD,1473,COLÉGIO FORUM CULTURAL,ESTRADA FRANCISCO DA CRUZ NUNES 2454
2018,72,177,1,114,PSD,1015,ESCOLA ESTADUAL DR LUCIANO PESTRE,AV PASTOR JOSE GOMES DE SOUZA S/N
2018,72,178,1,106,PSD,1171,ESCOLA MUNICIPAL ANTONIO COUTINHO DE AZEVEDO,AV DES NESTOR RODRIGUES PERLINGEIRO S/N
2018,72,18,1,112,PSD,1449,CIEP 450 - BADU,ESTRADA CAETANO MONTEIRO S/N
2018,72,181,1,138,PSD,1473,COLÉGIO FORUM CULTURAL,ESTRADA FRANCISCO DA CRUZ NUNES 2454
2018,72,183,1,141,PSD,1015,ESCOLA ESTADUAL DR LUCIANO PESTRE,AV PASTOR JOSE GOMES DE SOUZA S/N
2018,72,184,1,136,PSD,1147,ESCOLA MUNICIPAL VERA LUCIA MACHADO,RUA ALDEMAR DE PAIVA LOTE 7 E 8
2018,72,185,1,156,PSD,1368,ESCOLA MUNICIPAL VILA COSTA MONTEIRO,RUA ITITIOCA S/N
2018,72,186,1,160,PSD,1473,COLÉGIO FORUM CULTURAL,ESTRADA FRANCISCO DA CRUZ NUNES 2454
2018,72,187,1,130,PSD,1473,COLÉGIO FORUM CULTURAL,ESTRADA FRANCISCO DA CRUZ NUNES 2454
2018,72,188,1,139,PSD,1040,CIEP 447 - CARAMUJO,RODOVIA AMARAL PEIXOTO KM 2
2018,72,189,1,142,PSD,1074,COLEGIO ESTADUAL PAULO ASSIS RIBEIRO,ESTRADA CAETANO MONTEIRO 814
2018,72,19,1,144,PSD,1449,CIEP 450 - BADU,ESTRADA CAETANO MONTEIRO S/N
2018,72,190,1,122,PSD,1074,COLEGIO ESTADUAL PAULO ASSIS RIBEIRO,ESTRADA CAETANO MONTEIRO 814
2018,72,191,1,174,PSD,1473,COLÉGIO FORUM CULTURAL,ESTRADA FRANCISCO DA CRUZ NUNES 2454
2018,72,192,1,123,PSD,1449,CIEP 450 - BADU,ESTRADA CAETANO MONTEIRO S/N
2018,72,193,1,137,PSD,1473,COLÉGIO FORUM CULTURAL,ESTRADA FRANCISCO DA CRUZ NUNES 2454
2018,72,194,1,111,PSD,1368,ESCOLA MUNICIPAL VILA COSTA MONTEIRO,RUA ITITIOCA S/N
2018,72,195,1,134,PSD,1449,CIEP 450 - BADU,ESTRADA CAETANO MONTEIRO S/N
2018,72,196,1,131,PSD,1147,ESCOLA MUNICIPAL VERA LUCIA MACHADO,RUA ALDEMAR DE PAIVA LOTE 7 E 8
2018,72,197,1,56,PSD,1040,CIEP 447 - CARAMUJO,RODOVIA AMARAL PEIXOTO KM 2
2018,72,198,1,82,PSD,1180,ESCOLA MUNICIPAL RACHIDE DA GLORIA SALIM SAKER,RUA JANDIRA PEREIRA 620
2018,72,199,1,86,PSD,1368,ESCOLA MUNICIPAL VILA COSTA MONTEIRO,RUA ITITIOCA S/N
2018,72,2,1,109,PSD,1015,ESCOLA ESTADUAL DR LUCIANO PESTRE,AV PASTOR JOSE GOMES DE SOUZA S/N
2018,72,20,1,127,PSD,1449,CIEP 450 - BADU,ESTRADA CAETANO MONTEIRO S/N
2018,72,201,1,104,PSD,1473,COLÉGIO FORUM CULTURAL,ESTRADA FRANCISCO DA CRUZ NUNES 2454
2018,72,202,1,132,PSD,1074,COLEGIO ESTADUAL PAULO ASSIS RIBEIRO,ESTRADA CAETANO MONTEIRO 814
2018,72,203,1,120,PSD,1449,CIEP 450 - BADU,ESTRADA CAETANO MONTEIRO S/N
2018,72,204,1,149,PSD,1040,CIEP 447 - CARAMUJO,RODOVIA AMARAL PEIXOTO KM 2
2018,72,205,1,118,PSD,1368,ESCOLA MUNICIPAL VILA COSTA MONTEIRO,RUA ITITIOCA S/N
2018,72,207,1,126,PSD,1473,COLÉGIO FORUM CULTURAL,ESTRADA FRANCISCO DA CRUZ NUNES 2454
2018,72,208,1,145,PSD,1180,ESCOLA MUNICIPAL RACHIDE DA GLORIA SALIM SAKER,RUA JANDIRA PEREIRA 620
2018,72,209,1,120,PSD,1074,COLEGIO ESTADUAL PAULO ASSIS RIBEIRO,ESTRADA CAETANO MONTEIRO 814
2018,72,21,1,137,PSD,1449,CIEP 450 - BADU,ESTRADA CAETANO MONTEIRO S/N
2018,72,210,1,143,PSD,1074,COLEGIO ESTADUAL PAULO ASSIS RIBEIRO,ESTRADA CAETANO MONTEIRO 814
2018,72,211,1,145,PSD,1368,ESCOLA MUNICIPAL VILA COSTA MONTEIRO,RUA ITITIOCA S/N
2018,72,212,1,152,PSD,1040,CIEP 447 - CARAMUJO,RODOVIA AMARAL PEIXOTO KM 2
2018,72,213,1,138,PSD,1147,ESCOLA MUNICIPAL VERA LUCIA MACHADO,RUA ALDEMAR DE PAIVA LOTE 7 E 8
2018,72,214,1,154,PSD,1473,COLÉGIO FORUM CULTURAL,ESTRADA FRANCISCO DA CRUZ NUNES 2454
2018,72,215,1,131,PSD,1074,COLEGIO ESTADUAL PAULO ASSIS RIBEIRO,ESTRADA CAETANO MONTEIRO 814
2018,72,217,1,129,PSD,1040,CIEP 447 - CARAMUJO,RODOVIA AMARAL PEIXOTO KM 2
2018,72,218,1,132,PSD,1180,ESCOLA MUNICIPAL RACHIDE DA GLORIA SALIM SAKER,RUA JANDIRA PEREIRA 620
2018,72,219,1,154,PSD,1074,COLEGIO ESTADUAL PAULO ASSIS RIBEIRO,ESTRADA CAETANO MONTEIRO 814
2018,72,22,1,129,PSD,1449,CIEP 450 - BADU,ESTRADA CAETANO MONTEIRO S/N
2018,72,220,1,146,PSD,1368,ESCOLA MUNICIPAL VILA COSTA MONTEIRO,RUA ITITIOCA S/N
2018,72,221,1,129,PSD,1449,CIEP 450 - BADU,ESTRADA CAETANO MONTEIRO S/N
2018,72,222,1,164,PSD,1520,ESCOLA MUNICIPAL LEVI CARNEIRO,ESTRADA WASHINGTON LUIS 488
2018,72,223,1,169,PSD,1520,ESCOLA MUNICIPAL LEVI CARNEIRO,ESTRADA WASHINGTON LUIS 488
2018,72,224,1,186,PSD,1520,ESCOLA MUNICIPAL LEVI CARNEIRO,ESTRADA WASHINGTON LUIS 488
2018,72,225,1,161,PSD,1520,ESCOLA MUNICIPAL LEVI CARNEIRO,ESTRADA WASHINGTON LUIS 488
2018,72,226,1,188,PSD,1520,ESCOLA MUNICIPAL LEVI CARNEIRO,ESTRADA WASHINGTON LUIS 488
2018,72,227,1,196,PSD,1520,ESCOLA MUNICIPAL LEVI CARNEIRO,ESTRADA WASHINGTON LUIS 488
2018,72,228,1,174,PSD,1520,ESCOLA MUNICIPAL LEVI CARNEIRO,ESTRADA WASHINGTON LUIS 488
2018,72,229,1,168,PSD,1520,ESCOLA MUNICIPAL LEVI CARNEIRO,ESTRADA WASHINGTON LUIS 488
2018,72,23,1,147,PSD,1074,COLEGIO ESTADUAL PAULO ASSIS RIBEIRO,ESTRADA CAETANO MONTEIRO 814
2018,72,230,1,190,PSD,1520,ESCOLA MUNICIPAL LEVI CARNEIRO,ESTRADA WASHINGTON LUIS 488
2018,72,231,1,118,PSD,1520,ESCOLA MUNICIPAL LEVI CARNEIRO,ESTRADA WASHINGTON LUIS 488
2018,72,232,1,181,PSD,1520,ESCOLA MUNICIPAL LEVI CARNEIRO,ESTRADA WASHINGTON LUIS 488
2018,72,233,1,84,PSD,1520,ESCOLA MUNICIPAL LEVI CARNEIRO,ESTRADA WASHINGTON LUIS 488
2018,72,234,1,184,PSD,1520,ESCOLA MUNICIPAL LEVI CARNEIRO,ESTRADA WASHINGTON LUIS 488
2018,72,235,1,146,PSD,1520,ESCOLA MUNICIPAL LEVI CARNEIRO,ESTRADA WASHINGTON LUIS 488
2018,72,236,1,162,PSD,1520,ESCOLA MUNICIPAL LEVI CARNEIRO,ESTRADA WASHINGTON LUIS 488
2018,72,237,1,183,PSD,1538,ESCOLA CATAVENTO ESPAÇO DE EDUCAÇÃO,"ESTRADA WASHINGTON LUIZ, 224"
2018,72,238,1,167,PSD,1538,ESCOLA CATAVENTO ESPAÇO DE EDUCAÇÃO,"ESTRADA WASHINGTON LUIZ, 224"
2018,72,239,1,175,PSD,1546,COLÉGIO GOMES PEREIRA,AVENIDA RUI BARBOSA 1250
2018,72,24,1,169,PSD,1074,COLEGIO ESTADUAL PAULO ASSIS RIBEIRO,ESTRADA CAETANO MONTEIRO 814
2018,72,240,1,143,PSD,1546,COLÉGIO GOMES PEREIRA,AVENIDA RUI BARBOSA 1250
2018,72,241,1,137,PSD,1546,COLÉGIO GOMES PEREIRA,AVENIDA RUI BARBOSA 1250
2018,72,242,1,152,PSD,1538,ESCOLA CATAVENTO ESPAÇO DE EDUCAÇÃO,"ESTRADA WASHINGTON LUIZ, 224"
2018,72,243,1,123,PSD,1473,COLÉGIO FORUM CULTURAL,ESTRADA FRANCISCO DA CRUZ NUNES 2454
2018,72,244,1,172,PSD,1554,JARDIM ESCOLA GIRASSÓIS,"ESTRADA CAETANO MONTEIRO, 820"
2018,72,245,1,129,PSD,1368,ESCOLA MUNICIPAL VILA COSTA MONTEIRO,RUA ITITIOCA S/N
2018,72,246,1,117,PSD,1147,ESCOLA MUNICIPAL VERA LUCIA MACHADO,RUA ALDEMAR DE PAIVA LOTE 7 E 8
2018,72,247,1,147,PSD,1554,JARDIM ESCOLA GIRASSÓIS,"ESTRADA CAETANO MONTEIRO, 820"
2018,72,248,1,32,PSD,1546,COLÉGIO GOMES PEREIRA,AVENIDA RUI BARBOSA 1250
2018,72,249,1,53,PSD,1554,JARDIM ESCOLA GIRASSÓIS,"ESTRADA CAETANO MONTEIRO, 820"
2018,72,25,1,175,PSD,1074,COLEGIO ESTADUAL PAULO ASSIS RIBEIRO,ESTRADA CAETANO MONTEIRO 814
2018,72,250,1,168,PSD,1554,JARDIM ESCOLA GIRASSÓIS,"ESTRADA CAETANO MONTEIRO, 820"
2018,72,251,1,23,PSD,1538,ESCOLA CATAVENTO ESPAÇO DE EDUCAÇÃO,"ESTRADA WASHINGTON LUIZ, 224"
2018,72,252,1,138,PSD,1554,JARDIM ESCOLA GIRASSÓIS,"ESTRADA CAETANO MONTEIRO, 820"
2018,72,253,1,145,PSD,1562,ESCOLA MUNICIPAL HELENA ANTIPOFF,RUA RUI BARBOSA 710
2018,72,254,1,49,PSD,1562,ESCOLA MUNICIPAL HELENA ANTIPOFF,RUA RUI BARBOSA 710
2018,72,255,1,129,PSD,1562,ESCOLA MUNICIPAL HELENA ANTIPOFF,RUA RUI BARBOSA 710
2018,72,256,1,158,PSD,1562,ESCOLA MUNICIPAL HELENA ANTIPOFF,RUA RUI BARBOSA 710
2018,72,257,1,126,PSD,1562,ESCOLA MUNICIPAL HELENA ANTIPOFF,RUA RUI BARBOSA 710
2018,72,258,1,73,PSD,1570,IGREJA DO SANTUARIO NACIONAL DAS ALMAS,RUA ALVARES DE AZEVEDO 237
2018,72,259,1,49,PSD,1570,IGREJA DO SANTUARIO NACIONAL DAS ALMAS,RUA ALVARES DE AZEVEDO 237
2018,72,26,1,140,PSD,1074,COLEGIO ESTADUAL PAULO ASSIS RIBEIRO,ESTRADA CAETANO MONTEIRO 814
2018,72,260,1,57,PSD,1570,IGREJA DO SANTUARIO NACIONAL DAS ALMAS,RUA ALVARES DE AZEVEDO 237
2018,72,261,1,78,PSD,1570,IGREJA DO SANTUARIO NACIONAL DAS ALMAS,RUA ALVARES DE AZEVEDO 237
2018,72,262,1,65,PSD,1570,IGREJA DO SANTUARIO NACIONAL DAS ALMAS,RUA ALVARES DE AZEVEDO 237
2018,72,263,1,49,PSD,1570,IGREJA DO SANTUARIO NACIONAL DAS ALMAS,RUA ALVARES DE AZEVEDO 237
2018,72,264,1,63,PSD,1570,IGREJA DO SANTUARIO NACIONAL DAS ALMAS,RUA ALVARES DE AZEVEDO 237
2018,72,265,1,51,PSD,1570,IGREJA DO SANTUARIO NACIONAL DAS ALMAS,RUA ALVARES DE AZEVEDO 237
2018,72,266,1,70,PSD,1589,COLÉGIO GAY-LUSSAC,RUA MARIA CALDAS 35
2018,72,267,1,62,PSD,1589,COLÉGIO GAY-LUSSAC,RUA MARIA CALDAS 35
2018,72,268,1,75,PSD,1589,COLÉGIO GAY-LUSSAC,RUA MARIA CALDAS 35
2018,72,269,1,53,PSD,1589,COLÉGIO GAY-LUSSAC,RUA MARIA CALDAS 35
2018,72,27,1,97,PSD,1449,CIEP 450 - BADU,ESTRADA CAETANO MONTEIRO S/N
2018,72,270,1,90,PSD,1589,COLÉGIO GAY-LUSSAC,RUA MARIA CALDAS 35
2018,72,271,1,50,PSD,1589,COLÉGIO GAY-LUSSAC,RUA MARIA CALDAS 35
2018,72,272,1,56,PSD,1589,COLÉGIO GAY-LUSSAC,RUA MARIA CALDAS 35
2018,72,273,1,33,PSD,1589,COLÉGIO GAY-LUSSAC,RUA MARIA CALDAS 35
2018,72,274,1,54,PSD,1597,COLÉGIO PONTO DE ENSINO,RUA OSWALDO CRUZ 32
2018,72,275,1,66,PSD,1597,COLÉGIO PONTO DE ENSINO,RUA OSWALDO CRUZ 32
2018,72,276,1,72,PSD,1597,COLÉGIO PONTO DE ENSINO,RUA OSWALDO CRUZ 32
2018,72,277,1,69,PSD,1597,COLÉGIO PONTO DE ENSINO,RUA OSWALDO CRUZ 32
2018,72,278,1,84,PSD,1597,COLÉGIO PONTO DE ENSINO,RUA OSWALDO CRUZ 32
2018,72,279,1,70,PSD,1597,COLÉGIO PONTO DE ENSINO,RUA OSWALDO CRUZ 32
2018,72,28,1,126,PSD,1449,CIEP 450 - BADU,ESTRADA CAETANO MONTEIRO S/N
2018,72,280,1,71,PSD,1597,COLÉGIO PONTO DE ENSINO,RUA OSWALDO CRUZ 32
2018,72,281,1,60,PSD,1597,COLÉGIO PONTO DE ENSINO,RUA OSWALDO CRUZ 32
2018,72,282,1,76,PSD,1597,COLÉGIO PONTO DE ENSINO,RUA OSWALDO CRUZ 32
2018,72,283,1,51,PSD,1597,COLÉGIO PONTO DE ENSINO,RUA OSWALDO CRUZ 32
2018,72,284,1,56,PSD,1600,BANCO ITAU,RUA GAVIAO PEIXOTO 166
2018,72,285,1,53,PSD,1600,BANCO ITAU,RUA GAVIAO PEIXOTO 166
2018,72,286,1,44,PSD,1600,BANCO ITAU,RUA GAVIAO PEIXOTO 166
2018,72,287,1,32,PSD,1619,COLEGIO ESTADUAL JOAQUIM TAVORA,PRAÇA PREF.FERRAZ-CAMPO DE SAO BENTO S/N
2018,72,288,1,36,PSD,1619,COLEGIO ESTADUAL JOAQUIM TAVORA,PRAÇA PREF.FERRAZ-CAMPO DE SAO BENTO S/N
2018,72,289,1,37,PSD,1619,COLEGIO ESTADUAL JOAQUIM TAVORA,PRAÇA PREF.FERRAZ-CAMPO DE SAO BENTO S/N
2018,72,29,1,67,PSD,1449,CIEP 450 - BADU,ESTRADA CAETANO MONTEIRO S/N
2018,72,290,1,32,PSD,1619,COLEGIO ESTADUAL JOAQUIM TAVORA,PRAÇA PREF.FERRAZ-CAMPO DE SAO BENTO S/N
2018,72,291,1,52,PSD,1619,COLEGIO ESTADUAL JOAQUIM TAVORA,PRAÇA PREF.FERRAZ-CAMPO DE SAO BENTO S/N
2018,72,292,1,37,PSD,1619,COLEGIO ESTADUAL JOAQUIM TAVORA,PRAÇA PREF.FERRAZ-CAMPO DE SAO BENTO S/N
2018,72,293,1,38,PSD,1619,COLEGIO ESTADUAL JOAQUIM TAVORA,PRAÇA PREF.FERRAZ-CAMPO DE SAO BENTO S/N
2018,72,294,1,23,PSD,1619,COLEGIO ESTADUAL JOAQUIM TAVORA,PRAÇA PREF.FERRAZ-CAMPO DE SAO BENTO S/N
2018,72,295,1,36,PSD,1619,COLEGIO ESTADUAL JOAQUIM TAVORA,PRAÇA PREF.FERRAZ-CAMPO DE SAO BENTO S/N
2018,72,296,1,53,PSD,1619,COLEGIO ESTADUAL JOAQUIM TAVORA,PRAÇA PREF.FERRAZ-CAMPO DE SAO BENTO S/N
2018,72,297,1,37,PSD,1619,COLEGIO ESTADUAL JOAQUIM TAVORA,PRAÇA PREF.FERRAZ-CAMPO DE SAO BENTO S/N
2018,72,298,1,44,PSD,1619,COLEGIO ESTADUAL JOAQUIM TAVORA,PRAÇA PREF.FERRAZ-CAMPO DE SAO BENTO S/N
2018,72,299,1,42,PSD,1619,COLEGIO ESTADUAL JOAQUIM TAVORA,PRAÇA PREF.FERRAZ-CAMPO DE SAO BENTO S/N
2018,72,3,1,94,PSD,1015,ESCOLA ESTADUAL DR LUCIANO PESTRE,AV PASTOR JOSE GOMES DE SOUZA S/N
2018,72,30,1,119,PSD,1449,CIEP 450 - BADU,ESTRADA CAETANO MONTEIRO S/N
2018,72,300,1,52,PSD,1619,COLEGIO ESTADUAL JOAQUIM TAVORA,PRAÇA PREF.FERRAZ-CAMPO DE SAO BENTO S/N
2018,72,301,1,57,PSD,1619,COLEGIO ESTADUAL JOAQUIM TAVORA,PRAÇA PREF.FERRAZ-CAMPO DE SAO BENTO S/N
2018,72,302,1,109,PSD,1627,CENTRO DE ARTES E ESPORTES UNIFICADOS ISMAEL SILVA,"AV. CARLOS ERMELINDO MARINS, 34"
2018,72,303,1,131,PSD,1627,CENTRO DE ARTES E ESPORTES UNIFICADOS ISMAEL SILVA,"AV. CARLOS ERMELINDO MARINS, 34"
2018,72,304,1,184,PSD,1627,CENTRO DE ARTES E ESPORTES UNIFICADOS ISMAEL SILVA,"AV. CARLOS ERMELINDO MARINS, 34"
2018,72,305,1,167,PSD,1627,CENTRO DE ARTES E ESPORTES UNIFICADOS ISMAEL SILVA,"AV. CARLOS ERMELINDO MARINS, 34"
2018,72,306,1,106,PSD,1627,CENTRO DE ARTES E ESPORTES UNIFICADOS ISMAEL SILVA,"AV. CARLOS ERMELINDO MARINS, 34"
2018,72,307,1,129,PSD,1627,CENTRO DE ARTES E ESPORTES UNIFICADOS ISMAEL SILVA,"AV. CARLOS ERMELINDO MARINS, 34"
2018,72,308,1,105,PSD,1627,CENTRO DE ARTES E ESPORTES UNIFICADOS ISMAEL SILVA,"AV. CARLOS ERMELINDO MARINS, 34"
2018,72,309,1,93,PSD,1627,CENTRO DE ARTES E ESPORTES UNIFICADOS ISMAEL SILVA,"AV. CARLOS ERMELINDO MARINS, 34"
2018,72,310,1,56,PSD,1635,BANCO BRADESCO,RUA GAVIAO PEIXOTO 108
2018,72,311,1,49,PSD,1635,BANCO BRADESCO,RUA GAVIAO PEIXOTO 108
2018,72,312,1,30,PSD,1635,BANCO BRADESCO,RUA GAVIAO PEIXOTO 108
2018,72,313,1,48,PSD,1643,CENTRO MODERNO ALZIRA BITTENCOURT,"RUA MEM DE SÁ, 71"
2018,72,314,1,29,PSD,1643,CENTRO MODERNO ALZIRA BITTENCOURT,"RUA MEM DE SÁ, 71"
2018,72,315,1,54,PSD,1643,CENTRO MODERNO ALZIRA BITTENCOURT,"RUA MEM DE SÁ, 71"
2018,72,316,1,50,PSD,1643,CENTRO MODERNO ALZIRA BITTENCOURT,"RUA MEM DE SÁ, 71"
2018,72,317,1,43,PSD,1651,PH COLÉGIO,RUA ALVARES DE AZEVEDO 237
2018,72,318,1,51,PSD,1651,PH COLÉGIO,RUA ALVARES DE AZEVEDO 237
2018,72,319,1,54,PSD,1651,PH COLÉGIO,RUA ALVARES DE AZEVEDO 237
2018,72,320,1,67,PSD,1651,PH COLÉGIO,RUA ALVARES DE AZEVEDO 237
2018,72,321,1,38,PSD,1651,PH COLÉGIO,RUA ALVARES DE AZEVEDO 237
2018,72,322,1,63,PSD,1651,PH COLÉGIO,RUA ALVARES DE AZEVEDO 237
2018,72,323,1,26,PSD,1651,PH COLÉGIO,RUA ALVARES DE AZEVEDO 237
2018,72,324,1,68,PSD,1660,CLUBE CENTRAL,"AVENIDA JORNALISTA ALBERTO FRANCISCO TORRES,  335"
2018,72,325,1,58,PSD,1660,CLUBE CENTRAL,"AVENIDA JORNALISTA ALBERTO FRANCISCO TORRES,  335"
2018,72,326,1,57,PSD,1660,CLUBE CENTRAL,"AVENIDA JORNALISTA ALBERTO FRANCISCO TORRES,  335"
2018,72,327,1,61,PSD,1660,CLUBE CENTRAL,"AVENIDA JORNALISTA ALBERTO FRANCISCO TORRES,  335"
2018,72,328,1,60,PSD,1660,CLUBE CENTRAL,"AVENIDA JORNALISTA ALBERTO FRANCISCO TORRES,  335"
2018,72,329,1,49,PSD,1660,CLUBE CENTRAL,"AVENIDA JORNALISTA ALBERTO FRANCISCO TORRES,  335"
2018,72,330,1,65,PSD,1660,CLUBE CENTRAL,"AVENIDA JORNALISTA ALBERTO FRANCISCO TORRES,  335"
2018,72,331,1,43,PSD,1660,CLUBE CENTRAL,"AVENIDA JORNALISTA ALBERTO FRANCISCO TORRES,  335"
2018,72,332,1,61,PSD,1660,CLUBE CENTRAL,"AVENIDA JORNALISTA ALBERTO FRANCISCO TORRES,  335"
2018,72,333,1,55,PSD,1660,CLUBE CENTRAL,"AVENIDA JORNALISTA ALBERTO FRANCISCO TORRES,  335"
2018,72,334,1,67,PSD,1660,CLUBE CENTRAL,"AVENIDA JORNALISTA ALBERTO FRANCISCO TORRES,  335"
2018,72,335,1,69,PSD,1660,CLUBE CENTRAL,"AVENIDA JORNALISTA ALBERTO FRANCISCO TORRES,  335"
2018,72,336,1,60,PSD,1660,CLUBE CENTRAL,"AVENIDA JORNALISTA ALBERTO FRANCISCO TORRES,  335"
2018,72,337,1,73,PSD,1660,CLUBE CENTRAL,"AVENIDA JORNALISTA ALBERTO FRANCISCO TORRES,  335"
2018,72,338,1,68,PSD,1660,CLUBE CENTRAL,"AVENIDA JORNALISTA ALBERTO FRANCISCO TORRES,  335"
2018,72,339,1,53,PSD,1660,CLUBE CENTRAL,"AVENIDA JORNALISTA ALBERTO FRANCISCO TORRES,  335"
2018,72,340,1,63,PSD,1660,CLUBE CENTRAL,"AVENIDA JORNALISTA ALBERTO FRANCISCO TORRES,  335"
2018,72,341,1,64,PSD,1678,ÁGUAS DE NITERÓI,RUA LEMOS CUNHA 510
2018,72,342,1,82,PSD,1678,ÁGUAS DE NITERÓI,RUA LEMOS CUNHA 510
2018,72,343,1,62,PSD,1678,ÁGUAS DE NITERÓI,RUA LEMOS CUNHA 510
2018,72,344,1,95,PSD,1678,ÁGUAS DE NITERÓI,RUA LEMOS CUNHA 510
2018,72,345,1,71,PSD,1686,ESCOLA DIVINA PROVIDENCIA,RUA TAVARES DE MACEDO 155
2018,72,346,1,43,PSD,1686,ESCOLA DIVINA PROVIDENCIA,RUA TAVARES DE MACEDO 155
2018,72,347,1,74,PSD,1686,ESCOLA DIVINA PROVIDENCIA,RUA TAVARES DE MACEDO 155
2018,72,348,1,73,PSD,1686,ESCOLA DIVINA PROVIDENCIA,RUA TAVARES DE MACEDO 155
2018,72,349,1,54,PSD,1686,ESCOLA DIVINA PROVIDENCIA,RUA TAVARES DE MACEDO 155
2018,72,35,1,131,PSD,1112,ESCOLA ESTADUAL LEOPOLDO FROES,RUA REVERENDO ARMANDO FERREIRA  S/N
2018,72,350,1,66,PSD,1686,ESCOLA DIVINA PROVIDENCIA,RUA TAVARES DE MACEDO 155
2018,72,351,1,51,PSD,1686,ESCOLA DIVINA PROVIDENCIA,RUA TAVARES DE MACEDO 155
2018,72,352,1,48,PSD,1686,ESCOLA DIVINA PROVIDENCIA,RUA TAVARES DE MACEDO 155
2018,72,353,1,28,PSD,1694,ESCOLA MUNICIPAL PROFESSOR PAULO DE ALMEIDA CAMPOS,"RUA PEREIRA DA SILVA, 50"
2018,72,354,1,45,PSD,1694,ESCOLA MUNICIPAL PROFESSOR PAULO DE ALMEIDA CAMPOS,"RUA PEREIRA DA SILVA, 50"
2018,72,355,1,73,PSD,1694,ESCOLA MUNICIPAL PROFESSOR PAULO DE ALMEIDA CAMPOS,"RUA PEREIRA DA SILVA, 50"
2018,72,356,1,72,PSD,1694,ESCOLA MUNICIPAL PROFESSOR PAULO DE ALMEIDA CAMPOS,"RUA PEREIRA DA SILVA, 50"
2018,72,357,1,48,PSD,1708,ESCOLA MUNICIPAL JÚLIA CORTINES,RUA LOPES TROVAO 1-CAMPO DE SÃO BENTO S/N
2018,72,358,1,33,PSD,1708,ESCOLA MUNICIPAL JÚLIA CORTINES,RUA LOPES TROVAO 1-CAMPO DE SÃO BENTO S/N
2018,72,359,1,37,PSD,1708,ESCOLA MUNICIPAL JÚLIA CORTINES,RUA LOPES TROVAO 1-CAMPO DE SÃO BENTO S/N
2018,72,36,1,110,PSD,1112,ESCOLA ESTADUAL LEOPOLDO FROES,RUA REVERENDO ARMANDO FERREIRA  S/N
2018,72,360,1,24,PSD,1708,ESCOLA MUNICIPAL JÚLIA CORTINES,RUA LOPES TROVAO 1-CAMPO DE SÃO BENTO S/N
2018,72,361,1,41,PSD,1708,ESCOLA MUNICIPAL JÚLIA CORTINES,RUA LOPES TROVAO 1-CAMPO DE SÃO BENTO S/N
2018,72,362,1,39,PSD,1708,ESCOLA MUNICIPAL JÚLIA CORTINES,RUA LOPES TROVAO 1-CAMPO DE SÃO BENTO S/N
2018,72,363,1,22,PSD,1708,ESCOLA MUNICIPAL JÚLIA CORTINES,RUA LOPES TROVAO 1-CAMPO DE SÃO BENTO S/N
2018,72,364,1,26,PSD,1708,ESCOLA MUNICIPAL JÚLIA CORTINES,RUA LOPES TROVAO 1-CAMPO DE SÃO BENTO S/N
2018,72,365,1,21,PSD,1708,ESCOLA MUNICIPAL JÚLIA CORTINES,RUA LOPES TROVAO 1-CAMPO DE SÃO BENTO S/N
2018,72,366,1,27,PSD,1708,ESCOLA MUNICIPAL JÚLIA CORTINES,RUA LOPES TROVAO 1-CAMPO DE SÃO BENTO S/N
2018,72,367,1,27,PSD,1708,ESCOLA MUNICIPAL JÚLIA CORTINES,RUA LOPES TROVAO 1-CAMPO DE SÃO BENTO S/N
2018,72,368,1,21,PSD,1708,ESCOLA MUNICIPAL JÚLIA CORTINES,RUA LOPES TROVAO 1-CAMPO DE SÃO BENTO S/N
2018,72,369,1,25,PSD,1708,ESCOLA MUNICIPAL JÚLIA CORTINES,RUA LOPES TROVAO 1-CAMPO DE SÃO BENTO S/N
2018,72,37,1,111,PSD,1112,ESCOLA ESTADUAL LEOPOLDO FROES,RUA REVERENDO ARMANDO FERREIRA  S/N
2018,72,370,1,22,PSD,1708,ESCOLA MUNICIPAL JÚLIA CORTINES,RUA LOPES TROVAO 1-CAMPO DE SÃO BENTO S/N
2018,72,371,1,32,PSD,1708,ESCOLA MUNICIPAL JÚLIA CORTINES,RUA LOPES TROVAO 1-CAMPO DE SÃO BENTO S/N
2018,72,372,1,15,PSD,1708,ESCOLA MUNICIPAL JÚLIA CORTINES,RUA LOPES TROVAO 1-CAMPO DE SÃO BENTO S/N
2018,72,373,1,32,PSD,1708,ESCOLA MUNICIPAL JÚLIA CORTINES,RUA LOPES TROVAO 1-CAMPO DE SÃO BENTO S/N
2018,72,374,1,20,PSD,1708,ESCOLA MUNICIPAL JÚLIA CORTINES,RUA LOPES TROVAO 1-CAMPO DE SÃO BENTO S/N
2018,72,375,1,19,PSD,1708,ESCOLA MUNICIPAL JÚLIA CORTINES,RUA LOPES TROVAO 1-CAMPO DE SÃO BENTO S/N
2018,72,376,1,31,PSD,1708,ESCOLA MUNICIPAL JÚLIA CORTINES,RUA LOPES TROVAO 1-CAMPO DE SÃO BENTO S/N
2018,72,377,1,38,PSD,1708,ESCOLA MUNICIPAL JÚLIA CORTINES,RUA LOPES TROVAO 1-CAMPO DE SÃO BENTO S/N
2018,72,378,1,51,PSD,1716,ESCOLA VIVINFÂNCIA,RUA GAVIÃO PEIXOTO 384
2018,72,379,1,66,PSD,1716,ESCOLA VIVINFÂNCIA,RUA GAVIÃO PEIXOTO 384
2018,72,38,1,132,PSD,1112,ESCOLA ESTADUAL LEOPOLDO FROES,RUA REVERENDO ARMANDO FERREIRA  S/N
2018,72,380,1,64,PSD,1716,ESCOLA VIVINFÂNCIA,RUA GAVIÃO PEIXOTO 384
2018,72,381,1,56,PSD,1716,ESCOLA VIVINFÂNCIA,RUA GAVIÃO PEIXOTO 384
2018,72,382,1,90,PSD,1724,AABB,RUA HÉLIO DA SILVA CARNEIRO 78
2018,72,383,1,85,PSD,1724,AABB,RUA HÉLIO DA SILVA CARNEIRO 78
2018,72,384,1,78,PSD,1724,AABB,RUA HÉLIO DA SILVA CARNEIRO 78
2018,72,385,1,91,PSD,1724,AABB,RUA HÉLIO DA SILVA CARNEIRO 78
2018,72,386,1,77,PSD,1724,AABB,RUA HÉLIO DA SILVA CARNEIRO 78
2018,72,387,1,83,PSD,1724,AABB,RUA HÉLIO DA SILVA CARNEIRO 78
2018,72,388,1,97,PSD,1724,AABB,RUA HÉLIO DA SILVA CARNEIRO 78
2018,72,389,1,95,PSD,1724,AABB,RUA HÉLIO DA SILVA CARNEIRO 78
2018,72,39,1,153,PSD,1112,ESCOLA ESTADUAL LEOPOLDO FROES,RUA REVERENDO ARMANDO FERREIRA  S/N
2018,72,390,1,100,PSD,1732,CLUBE NAVAL,AVENIDA CARLOS ERMELINDO MARINS 68
2018,72,391,1,124,PSD,1732,CLUBE NAVAL,AVENIDA CARLOS ERMELINDO MARINS 68
2018,72,392,1,115,PSD,1732,CLUBE NAVAL,AVENIDA CARLOS ERMELINDO MARINS 68
2018,72,393,1,155,PSD,1732,CLUBE NAVAL,AVENIDA CARLOS ERMELINDO MARINS 68
2018,72,394,1,123,PSD,1732,CLUBE NAVAL,AVENIDA CARLOS ERMELINDO MARINS 68
2018,72,395,1,119,PSD,1732,CLUBE NAVAL,AVENIDA CARLOS ERMELINDO MARINS 68
2018,72,396,1,149,PSD,1732,CLUBE NAVAL,AVENIDA CARLOS ERMELINDO MARINS 68
2018,72,397,1,148,PSD,1732,CLUBE NAVAL,AVENIDA CARLOS ERMELINDO MARINS 68
2018,72,398,1,49,PSD,1732,CLUBE NAVAL,AVENIDA CARLOS ERMELINDO MARINS 68
2018,72,399,1,172,PSD,1732,CLUBE NAVAL,AVENIDA CARLOS ERMELINDO MARINS 68
2018,72,4,1,104,PSD,1015,ESCOLA ESTADUAL DR LUCIANO PESTRE,AV PASTOR JOSE GOMES DE SOUZA S/N
2018,72,40,1,133,PSD,1112,ESCOLA ESTADUAL LEOPOLDO FROES,RUA REVERENDO ARMANDO FERREIRA  S/N
2018,72,400,1,147,PSD,1732,CLUBE NAVAL,AVENIDA CARLOS ERMELINDO MARINS 68
2018,72,401,1,144,PSD,1732,CLUBE NAVAL,AVENIDA CARLOS ERMELINDO MARINS 68
2018,72,402,1,116,PSD,1732,CLUBE NAVAL,AVENIDA CARLOS ERMELINDO MARINS 68
2018,72,403,1,123,PSD,1732,CLUBE NAVAL,AVENIDA CARLOS ERMELINDO MARINS 68
2018,72,404,1,146,PSD,1732,CLUBE NAVAL,AVENIDA CARLOS ERMELINDO MARINS 68
2018,72,405,1,112,PSD,1732,CLUBE NAVAL,AVENIDA CARLOS ERMELINDO MARINS 68
2018,72,406,1,153,PSD,1732,CLUBE NAVAL,AVENIDA CARLOS ERMELINDO MARINS 68
2018,72,407,1,114,PSD,1732,CLUBE NAVAL,AVENIDA CARLOS ERMELINDO MARINS 68
2018,72,408,1,149,PSD,1732,CLUBE NAVAL,AVENIDA CARLOS ERMELINDO MARINS 68
2018,72,409,1,115,PSD,1732,CLUBE NAVAL,AVENIDA CARLOS ERMELINDO MARINS 68
2018,72,41,1,128,PSD,1112,ESCOLA ESTADUAL LEOPOLDO FROES,RUA REVERENDO ARMANDO FERREIRA  S/N
2018,72,410,1,63,PSD,1740,COLÉGIO GAUSS,AV. ALMIRANTE ARY PARREIRAS 73
2018,72,411,1,53,PSD,1740,COLÉGIO GAUSS,AV. ALMIRANTE ARY PARREIRAS 73
2018,72,412,1,89,PSD,1740,COLÉGIO GAUSS,AV. ALMIRANTE ARY PARREIRAS 73
2018,72,413,1,70,PSD,1740,COLÉGIO GAUSS,AV. ALMIRANTE ARY PARREIRAS 73
2018,72,414,1,78,PSD,1740,COLÉGIO GAUSS,AV. ALMIRANTE ARY PARREIRAS 73
2018,72,415,1,60,PSD,1740,COLÉGIO GAUSS,AV. ALMIRANTE ARY PARREIRAS 73
2018,72,416,1,66,PSD,1740,COLÉGIO GAUSS,AV. ALMIRANTE ARY PARREIRAS 73
2018,72,417,1,65,PSD,1740,COLÉGIO GAUSS,AV. ALMIRANTE ARY PARREIRAS 73
2018,72,418,1,78,PSD,1740,COLÉGIO GAUSS,AV. ALMIRANTE ARY PARREIRAS 73
2018,72,419,1,76,PSD,1759,COLÉGIO MV1,RUA GAVIÃO PEIXOTO 398
2018,72,42,1,153,PSD,1112,ESCOLA ESTADUAL LEOPOLDO FROES,RUA REVERENDO ARMANDO FERREIRA  S/N
2018,72,420,1,37,PSD,1759,COLÉGIO MV1,RUA GAVIÃO PEIXOTO 398
2018,72,421,1,77,PSD,1759,COLÉGIO MV1,RUA GAVIÃO PEIXOTO 398
2018,72,422,1,73,PSD,1759,COLÉGIO MV1,RUA GAVIÃO PEIXOTO 398
2018,72,423,1,51,PSD,1759,COLÉGIO MV1,RUA GAVIÃO PEIXOTO 398
2018,72,424,1,72,PSD,1759,COLÉGIO MV1,RUA GAVIÃO PEIXOTO 398
2018,72,425,1,65,PSD,1759,COLÉGIO MV1,RUA GAVIÃO PEIXOTO 398
2018,72,426,1,67,PSD,1759,COLÉGIO MV1,RUA GAVIÃO PEIXOTO 398
2018,72,427,1,25,PSD,1759,COLÉGIO MV1,RUA GAVIÃO PEIXOTO 398
2018,72,428,1,47,PSD,1759,COLÉGIO MV1,RUA GAVIÃO PEIXOTO 398
2018,72,429,1,61,PSD,1759,COLÉGIO MV1,RUA GAVIÃO PEIXOTO 398
2018,72,43,1,120,PSD,1112,ESCOLA ESTADUAL LEOPOLDO FROES,RUA REVERENDO ARMANDO FERREIRA  S/N
2018,72,430,1,58,PSD,1759,COLÉGIO MV1,RUA GAVIÃO PEIXOTO 398
2018,72,431,1,75,PSD,1759,COLÉGIO MV1,RUA GAVIÃO PEIXOTO 398
2018,72,432,1,68,PSD,1759,COLÉGIO MV1,RUA GAVIÃO PEIXOTO 398
2018,72,433,1,33,PSD,1759,COLÉGIO MV1,RUA GAVIÃO PEIXOTO 398
2018,72,434,1,58,PSD,1759,COLÉGIO MV1,RUA GAVIÃO PEIXOTO 398
2018,72,435,1,70,PSD,1759,COLÉGIO MV1,RUA GAVIÃO PEIXOTO 398
2018,72,436,1,58,PSD,1759,COLÉGIO MV1,RUA GAVIÃO PEIXOTO 398
2018,72,437,1,68,PSD,1767,COLÉGIO ASSUNÇÃO,RUA GENERAL RONDON 842
2018,72,438,1,59,PSD,1767,COLÉGIO ASSUNÇÃO,RUA GENERAL RONDON 842
2018,72,439,1,62,PSD,1767,COLÉGIO ASSUNÇÃO,RUA GENERAL RONDON 842
2018,72,440,1,79,PSD,1767,COLÉGIO ASSUNÇÃO,RUA GENERAL RONDON 842
2018,72,441,1,74,PSD,1767,COLÉGIO ASSUNÇÃO,RUA GENERAL RONDON 842
2018,72,442,1,68,PSD,1767,COLÉGIO ASSUNÇÃO,RUA GENERAL RONDON 842
2018,72,443,1,80,PSD,1767,COLÉGIO ASSUNÇÃO,RUA GENERAL RONDON 842
2018,72,444,1,61,PSD,1767,COLÉGIO ASSUNÇÃO,RUA GENERAL RONDON 842
2018,72,445,1,56,PSD,1767,COLÉGIO ASSUNÇÃO,RUA GENERAL RONDON 842
2018,72,446,1,62,PSD,1767,COLÉGIO ASSUNÇÃO,RUA GENERAL RONDON 842
2018,72,447,1,78,PSD,1767,COLÉGIO ASSUNÇÃO,RUA GENERAL RONDON 842
2018,72,448,1,68,PSD,1767,COLÉGIO ASSUNÇÃO,RUA GENERAL RONDON 842
2018,72,449,1,87,PSD,1767,COLÉGIO ASSUNÇÃO,RUA GENERAL RONDON 842
2018,72,450,1,56,PSD,1767,COLÉGIO ASSUNÇÃO,RUA GENERAL RONDON 842
2018,72,451,1,68,PSD,1767,COLÉGIO ASSUNÇÃO,RUA GENERAL RONDON 842
2018,72,452,1,104,PSD,1775,ESCOLA ESTADUAL CIZÍNIO SOARES PINTO,RUA PRESIDENTE ROOSEVELT 2
2018,72,453,1,110,PSD,1775,ESCOLA ESTADUAL CIZÍNIO SOARES PINTO,RUA PRESIDENTE ROOSEVELT 2
2018,72,454,1,52,PSD,1775,ESCOLA ESTADUAL CIZÍNIO SOARES PINTO,RUA PRESIDENTE ROOSEVELT 2
2018,72,455,1,109,PSD,1775,ESCOLA ESTADUAL CIZÍNIO SOARES PINTO,RUA PRESIDENTE ROOSEVELT 2
2018,72,456,1,112,PSD,1775,ESCOLA ESTADUAL CIZÍNIO SOARES PINTO,RUA PRESIDENTE ROOSEVELT 2
2018,72,457,1,104,PSD,1775,ESCOLA ESTADUAL CIZÍNIO SOARES PINTO,RUA PRESIDENTE ROOSEVELT 2
2018,72,458,1,144,PSD,1775,ESCOLA ESTADUAL CIZÍNIO SOARES PINTO,RUA PRESIDENTE ROOSEVELT 2
2018,72,459,1,42,PSD,1783,SOCIEDADE BRASILEIRA DE CULTURA INGLESA,RUA OTAVIO CARNEIRO 23
2018,72,460,1,45,PSD,1783,SOCIEDADE BRASILEIRA DE CULTURA INGLESA,RUA OTAVIO CARNEIRO 23
2018,72,461,1,54,PSD,1783,SOCIEDADE BRASILEIRA DE CULTURA INGLESA,RUA OTAVIO CARNEIRO 23
2018,72,462,1,47,PSD,1783,SOCIEDADE BRASILEIRA DE CULTURA INGLESA,RUA OTAVIO CARNEIRO 23
2018,72,463,1,88,PSD,1554,JARDIM ESCOLA GIRASSÓIS,"ESTRADA CAETANO MONTEIRO, 820"
2018,72,5,1,100,PSD,1015,ESCOLA ESTADUAL DR LUCIANO PESTRE,AV PASTOR JOSE GOMES DE SOUZA S/N
2018,72,52,1,133,PSD,1147,ESCOLA MUNICIPAL VERA LUCIA MACHADO,RUA ALDEMAR DE PAIVA LOTE 7 E 8
2018,72,53,1,132,PSD,1147,ESCOLA MUNICIPAL VERA LUCIA MACHADO,RUA ALDEMAR DE PAIVA LOTE 7 E 8
2018,72,54,1,156,PSD,1074,COLEGIO ESTADUAL PAULO ASSIS RIBEIRO,ESTRADA CAETANO MONTEIRO 814
2018,72,55,1,154,PSD,1074,COLEGIO ESTADUAL PAULO ASSIS RIBEIRO,ESTRADA CAETANO MONTEIRO 814
2018,72,56,1,128,PSD,1074,COLEGIO ESTADUAL PAULO ASSIS RIBEIRO,ESTRADA CAETANO MONTEIRO 814
2018,72,57,1,108,PSD,1112,ESCOLA ESTADUAL LEOPOLDO FROES,RUA REVERENDO ARMANDO FERREIRA  S/N
2018,72,58,1,116,PSD,1112,ESCOLA ESTADUAL LEOPOLDO FROES,RUA REVERENDO ARMANDO FERREIRA  S/N
2018,72,59,1,104,PSD,1112,ESCOLA ESTADUAL LEOPOLDO FROES,RUA REVERENDO ARMANDO FERREIRA  S/N
2018,72,6,1,98,PSD,1015,ESCOLA ESTADUAL DR LUCIANO PESTRE,AV PASTOR JOSE GOMES DE SOUZA S/N
2018,72,60,1,138,PSD,1112,ESCOLA ESTADUAL LEOPOLDO FROES,RUA REVERENDO ARMANDO FERREIRA  S/N
2018,72,61,1,121,PSD,1112,ESCOLA ESTADUAL LEOPOLDO FROES,RUA REVERENDO ARMANDO FERREIRA  S/N
2018,72,62,1,137,PSD,1112,ESCOLA ESTADUAL LEOPOLDO FROES,RUA REVERENDO ARMANDO FERREIRA  S/N
2018,72,63,1,125,PSD,1171,ESCOLA MUNICIPAL ANTONIO COUTINHO DE AZEVEDO,AV DES NESTOR RODRIGUES PERLINGEIRO S/N
2018,72,64,1,126,PSD,1171,ESCOLA MUNICIPAL ANTONIO COUTINHO DE AZEVEDO,AV DES NESTOR RODRIGUES PERLINGEIRO S/N
2018,72,65,1,115,PSD,1171,ESCOLA MUNICIPAL ANTONIO COUTINHO DE AZEVEDO,AV DES NESTOR RODRIGUES PERLINGEIRO S/N
2018,72,66,1,116,PSD,1171,ESCOLA MUNICIPAL ANTONIO COUTINHO DE AZEVEDO,AV DES NESTOR RODRIGUES PERLINGEIRO S/N
2018,72,67,1,85,PSD,1171,ESCOLA MUNICIPAL ANTONIO COUTINHO DE AZEVEDO,AV DES NESTOR RODRIGUES PERLINGEIRO S/N
2018,72,68,1,168,PSD,1180,ESCOLA MUNICIPAL RACHIDE DA GLORIA SALIM SAKER,RUA JANDIRA PEREIRA 620
2018,72,69,1,117,PSD,1180,ESCOLA MUNICIPAL RACHIDE DA GLORIA SALIM SAKER,RUA JANDIRA PEREIRA 620
2018,72,7,1,145,PSD,1040,CIEP 447 - CARAMUJO,RODOVIA AMARAL PEIXOTO KM 2
2018,72,70,1,145,PSD,1180,ESCOLA MUNICIPAL RACHIDE DA GLORIA SALIM SAKER,RUA JANDIRA PEREIRA 620
2018,72,71,1,142,PSD,1180,ESCOLA MUNICIPAL RACHIDE DA GLORIA SALIM SAKER,RUA JANDIRA PEREIRA 620
2018,72,8,1,103,PSD,1040,CIEP 447 - CARAMUJO,RODOVIA AMARAL PEIXOTO KM 2
2018,72,9,1,67,PSD,1040,CIEP 447 - CARAMUJO,RODOVIA AMARAL PEIXOTO KM 2
2020,144,1,1,17,PSD,1171,ESCOLA ESTADUAL MENEZES VIEIRA,RUA ASSIS DE VASCONCELOS N 30
2020,144,10,1,18,PSD,1031,(PRÉDIO NOVO) COLÉGIO PEDRO II UNIDADE NITERÓI,RUA ASSIS DE VASCONCELOS S/N
2020,144,100,1,33,PSD,1031,(PRÉDIO NOVO) COLÉGIO PEDRO II UNIDADE NITERÓI,RUA ASSIS DE VASCONCELOS S/N
2020,144,106,1,18,PSD,1317,IGREJA BATISTA BETEL DE NITERÓI,RUA DANIEL TORRES 72
2020,144,107,1,9,PSD,1350,PAROQUIA NOSSA SENHORA MAE DA DIVINA PROVIDENCIA,RUA DOM ANTONIO DE ALMEIDA MORAES JR. 125
2020,144,109,1,24,PSD,1236,COLÉGIO ESTADUAL MULLULO DA VEIGA,RUA CORONEL GUIMARÃES 505
2020,144,11,1,12,PSD,1031,(PRÉDIO NOVO) COLÉGIO PEDRO II UNIDADE NITERÓI,RUA ASSIS DE VASCONCELOS S/N
2020,144,110,1,35,PSD,1031,(PRÉDIO NOVO) COLÉGIO PEDRO II UNIDADE NITERÓI,RUA ASSIS DE VASCONCELOS S/N
2020,144,111,1,13,PSD,1350,PAROQUIA NOSSA SENHORA MAE DA DIVINA PROVIDENCIA,RUA DOM ANTONIO DE ALMEIDA MORAES JR. 125
2020,144,112,1,14,PSD,1350,PAROQUIA NOSSA SENHORA MAE DA DIVINA PROVIDENCIA,RUA DOM ANTONIO DE ALMEIDA MORAES JR. 125
2020,144,113,1,19,PSD,1252,ESCOLA MUNICIPAL ADELINO MAGALHÃES,"RUA DR. NELSON PENA, 17"
2020,144,115,1,22,PSD,1252,ESCOLA MUNICIPAL ADELINO MAGALHÃES,"RUA DR. NELSON PENA, 17"
2020,144,116,1,17,PSD,1210,TIO SAM ESPORTE CLUBE,RUA BENJAMIM CONSTANT 562
2020,144,117,1,18,PSD,1210,TIO SAM ESPORTE CLUBE,RUA BENJAMIM CONSTANT 562
2020,144,118,1,16,PSD,1210,TIO SAM ESPORTE CLUBE,RUA BENJAMIM CONSTANT 562
2020,144,119,1,14,PSD,1210,TIO SAM ESPORTE CLUBE,RUA BENJAMIM CONSTANT 562
2020,144,120,1,19,PSD,1210,TIO SAM ESPORTE CLUBE,RUA BENJAMIM CONSTANT 562
2020,144,121,1,16,PSD,1210,TIO SAM ESPORTE CLUBE,RUA BENJAMIM CONSTANT 562
2020,144,122,1,35,PSD,1023,PAROQUIA DE SAO JOAO BATISTA,RUA DR. MARCH 666
2020,144,123,1,35,PSD,1171,ESCOLA ESTADUAL MENEZES VIEIRA,RUA ASSIS DE VASCONCELOS N 30
2020,144,125,1,23,PSD,1031,(PRÉDIO NOVO) COLÉGIO PEDRO II UNIDADE NITERÓI,RUA ASSIS DE VASCONCELOS S/N
2020,144,127,1,15,PSD,1210,TIO SAM ESPORTE CLUBE,RUA BENJAMIM CONSTANT 562
2020,144,128,1,33,PSD,1031,(PRÉDIO NOVO) COLÉGIO PEDRO II UNIDADE NITERÓI,RUA ASSIS DE VASCONCELOS S/N
2020,144,129,1,28,PSD,1236,COLÉGIO ESTADUAL MULLULO DA VEIGA,RUA CORONEL GUIMARÃES 505
2020,144,13,1,13,PSD,1031,(PRÉDIO NOVO) COLÉGIO PEDRO II UNIDADE NITERÓI,RUA ASSIS DE VASCONCELOS S/N
2020,144,130,1,33,PSD,1104,ESCOLA MUNICIPAL ALTIVO CESAR,"RUA DR. LUIZ PALMIER, 25"
2020,144,131,1,9,PSD,1031,(PRÉDIO NOVO) COLÉGIO PEDRO II UNIDADE NITERÓI,RUA ASSIS DE VASCONCELOS S/N
2020,144,134,1,18,PSD,1163,COLÉGIO ESTADUAL CONSELHEIRO MACEDO SOARES,RUA DR. MARCH 392
2020,144,135,1,24,PSD,1252,ESCOLA MUNICIPAL ADELINO MAGALHÃES,"RUA DR. NELSON PENA, 17"
2020,144,136,1,16,PSD,1210,TIO SAM ESPORTE CLUBE,RUA BENJAMIM CONSTANT 562
2020,144,137,1,24,PSD,1090,ESCOLA TÉCNICA ESTADUAL HENRIQUE LAGE,RUA GUIMARÃES JUNIOR 182
2020,144,138,1,28,PSD,1449,INSTITUTO SÃO BENTO DE NITEROI,RUA VEREADOR DUQUE ESTRADA 28
2020,144,139,1,18,PSD,1449,INSTITUTO SÃO BENTO DE NITEROI,RUA VEREADOR DUQUE ESTRADA 28
2020,144,14,1,9,PSD,1031,(PRÉDIO NOVO) COLÉGIO PEDRO II UNIDADE NITERÓI,RUA ASSIS DE VASCONCELOS S/N
2020,144,140,1,24,PSD,1449,INSTITUTO SÃO BENTO DE NITEROI,RUA VEREADOR DUQUE ESTRADA 28
2020,144,141,1,23,PSD,1449,INSTITUTO SÃO BENTO DE NITEROI,RUA VEREADOR DUQUE ESTRADA 28
2020,144,142,1,30,PSD,1449,INSTITUTO SÃO BENTO DE NITEROI,RUA VEREADOR DUQUE ESTRADA 28
2020,144,143,1,27,PSD,1449,INSTITUTO SÃO BENTO DE NITEROI,RUA VEREADOR DUQUE ESTRADA 28
2020,144,144,1,11,PSD,1449,INSTITUTO SÃO BENTO DE NITEROI,RUA VEREADOR DUQUE ESTRADA 28
2020,144,145,1,15,PSD,1449,INSTITUTO SÃO BENTO DE NITEROI,RUA VEREADOR DUQUE ESTRADA 28
2020,144,146,1,23,PSD,1449,INSTITUTO SÃO BENTO DE NITEROI,RUA VEREADOR DUQUE ESTRADA 28
2020,144,147,1,22,PSD,1449,INSTITUTO SÃO BENTO DE NITEROI,RUA VEREADOR DUQUE ESTRADA 28
2020,144,148,1,26,PSD,1449,INSTITUTO SÃO BENTO DE NITEROI,RUA VEREADOR DUQUE ESTRADA 28
2020,144,149,1,24,PSD,1457,ESCOLA ESTADUAL MACHADO DE ASSIS,RUA DESEMBARGADOR LIMA CASTRO 97
2020,144,15,1,6,PSD,1031,(PRÉDIO NOVO) COLÉGIO PEDRO II UNIDADE NITERÓI,RUA ASSIS DE VASCONCELOS S/N
2020,144,150,1,25,PSD,1457,ESCOLA ESTADUAL MACHADO DE ASSIS,RUA DESEMBARGADOR LIMA CASTRO 97
2020,144,151,1,22,PSD,1457,ESCOLA ESTADUAL MACHADO DE ASSIS,RUA DESEMBARGADOR LIMA CASTRO 97
2020,144,152,1,17,PSD,1457,ESCOLA ESTADUAL MACHADO DE ASSIS,RUA DESEMBARGADOR LIMA CASTRO 97
2020,144,153,1,15,PSD,1457,ESCOLA ESTADUAL MACHADO DE ASSIS,RUA DESEMBARGADOR LIMA CASTRO 97
2020,144,154,1,25,PSD,1457,ESCOLA ESTADUAL MACHADO DE ASSIS,RUA DESEMBARGADOR LIMA CASTRO 97
2020,144,155,1,16,PSD,1457,ESCOLA ESTADUAL MACHADO DE ASSIS,RUA DESEMBARGADOR LIMA CASTRO 97
2020,144,156,1,22,PSD,1457,ESCOLA ESTADUAL MACHADO DE ASSIS,RUA DESEMBARGADOR LIMA CASTRO 97
2020,144,157,1,27,PSD,1457,ESCOLA ESTADUAL MACHADO DE ASSIS,RUA DESEMBARGADOR LIMA CASTRO 97
2020,144,158,1,22,PSD,1457,ESCOLA ESTADUAL MACHADO DE ASSIS,RUA DESEMBARGADOR LIMA CASTRO 97
2020,144,159,1,17,PSD,1457,ESCOLA ESTADUAL MACHADO DE ASSIS,RUA DESEMBARGADOR LIMA CASTRO 97
2020,144,16,1,30,PSD,1112,ESCOLA MUNICIPAL TIRADENTES,"RUA DR. MARCH, 628"
2020,144,160,1,18,PSD,1457,ESCOLA ESTADUAL MACHADO DE ASSIS,RUA DESEMBARGADOR LIMA CASTRO 97
2020,144,161,1,28,PSD,1457,ESCOLA ESTADUAL MACHADO DE ASSIS,RUA DESEMBARGADOR LIMA CASTRO 97
2020,144,163,1,13,PSD,1473,ESCOLA ESTADUAL JOSE BONIFACIO,RUA CARLOS MAXIMIANO 20
2020,144,164,1,17,PSD,1473,ESCOLA ESTADUAL JOSE BONIFACIO,RUA CARLOS MAXIMIANO 20
2020,144,165,1,22,PSD,1473,ESCOLA ESTADUAL JOSE BONIFACIO,RUA CARLOS MAXIMIANO 20
2020,144,166,1,21,PSD,1473,ESCOLA ESTADUAL JOSE BONIFACIO,RUA CARLOS MAXIMIANO 20
2020,144,167,1,22,PSD,1473,ESCOLA ESTADUAL JOSE BONIFACIO,RUA CARLOS MAXIMIANO 20
2020,144,168,1,25,PSD,1473,ESCOLA ESTADUAL JOSE BONIFACIO,RUA CARLOS MAXIMIANO 20
2020,144,169,1,15,PSD,1473,ESCOLA ESTADUAL JOSE BONIFACIO,RUA CARLOS MAXIMIANO 20
2020,144,17,1,26,PSD,1112,ESCOLA MUNICIPAL TIRADENTES,"RUA DR. MARCH, 628"
2020,144,170,1,20,PSD,1473,ESCOLA ESTADUAL JOSE BONIFACIO,RUA CARLOS MAXIMIANO 20
2020,144,171,1,9,PSD,1473,ESCOLA ESTADUAL JOSE BONIFACIO,RUA CARLOS MAXIMIANO 20
2020,144,172,1,25,PSD,1473,ESCOLA ESTADUAL JOSE BONIFACIO,RUA CARLOS MAXIMIANO 20
2020,144,173,1,19,PSD,1473,ESCOLA ESTADUAL JOSE BONIFACIO,RUA CARLOS MAXIMIANO 20
2020,144,174,1,18,PSD,1473,ESCOLA ESTADUAL JOSE BONIFACIO,RUA CARLOS MAXIMIANO 20
2020,144,175,1,19,PSD,1473,ESCOLA ESTADUAL JOSE BONIFACIO,RUA CARLOS MAXIMIANO 20
2020,144,176,1,15,PSD,1473,ESCOLA ESTADUAL JOSE BONIFACIO,RUA CARLOS MAXIMIANO 20
2020,144,177,1,22,PSD,1473,ESCOLA ESTADUAL JOSE BONIFACIO,RUA CARLOS MAXIMIANO 20
2020,144,179,1,41,PSD,1481,GRUPO ESCOLAR EMBAIXADOR RAUL FERNANDES,"RUA RIODADES, 253"
2020,144,18,1,18,PSD,1171,ESCOLA ESTADUAL MENEZES VIEIRA,RUA ASSIS DE VASCONCELOS N 30
2020,144,181,1,11,PSD,1481,GRUPO ESCOLAR EMBAIXADOR RAUL FERNANDES,"RUA RIODADES, 253"
2020,144,182,1,23,PSD,1481,GRUPO ESCOLAR EMBAIXADOR RAUL FERNANDES,"RUA RIODADES, 253"
2020,144,183,1,23,PSD,1481,GRUPO ESCOLAR EMBAIXADOR RAUL FERNANDES,"RUA RIODADES, 253"
2020,144,186,1,25,PSD,1481,GRUPO ESCOLAR EMBAIXADOR RAUL FERNANDES,"RUA RIODADES, 253"
2020,144,187,1,21,PSD,1481,GRUPO ESCOLAR EMBAIXADOR RAUL FERNANDES,"RUA RIODADES, 253"
2020,144,189,1,19,PSD,1490,IGREJA BATISTA DO FONSECA,ALAMEDA SAO BOAVENTURA  937
2020,144,190,1,17,PSD,1490,IGREJA BATISTA DO FONSECA,ALAMEDA SAO BOAVENTURA  937
2020,144,191,1,15,PSD,1490,IGREJA BATISTA DO FONSECA,ALAMEDA SAO BOAVENTURA  937
2020,144,192,1,20,PSD,1490,IGREJA BATISTA DO FONSECA,ALAMEDA SAO BOAVENTURA  937
2020,144,193,1,20,PSD,1490,IGREJA BATISTA DO FONSECA,ALAMEDA SAO BOAVENTURA  937
2020,144,194,1,31,PSD,1503,SERVICO DE ASSISTENCIA SOCIAL SAO DOMINGOS SAVIO,RUA MARTINS TORRES 223
2020,144,195,1,23,PSD,1503,SERVICO DE ASSISTENCIA SOCIAL SAO DOMINGOS SAVIO,RUA MARTINS TORRES 223
2020,144,196,1,17,PSD,1503,SERVICO DE ASSISTENCIA SOCIAL SAO DOMINGOS SAVIO,RUA MARTINS TORRES 223
2020,144,197,1,27,PSD,1503,SERVICO DE ASSISTENCIA SOCIAL SAO DOMINGOS SAVIO,RUA MARTINS TORRES 223
2020,144,198,1,19,PSD,1503,SERVICO DE ASSISTENCIA SOCIAL SAO DOMINGOS SAVIO,RUA MARTINS TORRES 223
2020,144,199,1,43,PSD,1503,SERVICO DE ASSISTENCIA SOCIAL SAO DOMINGOS SAVIO,RUA MARTINS TORRES 223
2020,144,2,1,26,PSD,1023,PAROQUIA DE SAO JOAO BATISTA,RUA DR. MARCH 666
2020,144,20,1,16,PSD,1090,ESCOLA TÉCNICA ESTADUAL HENRIQUE LAGE,RUA GUIMARÃES JUNIOR 182
2020,144,200,1,25,PSD,1503,SERVICO DE ASSISTENCIA SOCIAL SAO DOMINGOS SAVIO,RUA MARTINS TORRES 223
2020,144,201,1,16,PSD,1511,COLÉGIO OPÇÃO - NITERÓI,"ALAMEDA SÃO BOAVENTURA, 824"
2020,144,202,1,14,PSD,1511,COLÉGIO OPÇÃO - NITERÓI,"ALAMEDA SÃO BOAVENTURA, 824"
2020,144,203,1,26,PSD,1511,COLÉGIO OPÇÃO - NITERÓI,"ALAMEDA SÃO BOAVENTURA, 824"
2020,144,204,1,16,PSD,1511,COLÉGIO OPÇÃO - NITERÓI,"ALAMEDA SÃO BOAVENTURA, 824"
2020,144,206,1,13,PSD,1520,ESCOLA MUNICIPAL DJALMA COUTINHO,"RUA CINCO DE MARÇO, 75"
2020,144,210,1,17,PSD,1520,ESCOLA MUNICIPAL DJALMA COUTINHO,"RUA CINCO DE MARÇO, 75"
2020,144,211,1,28,PSD,1546,ESCOLA ESTADUAL HILARIO RIBEIRO,"ALAMEDA SAO BOAVENTURA , 794"
2020,144,212,1,23,PSD,1546,ESCOLA ESTADUAL HILARIO RIBEIRO,"ALAMEDA SAO BOAVENTURA , 794"
2020,144,213,1,29,PSD,1546,ESCOLA ESTADUAL HILARIO RIBEIRO,"ALAMEDA SAO BOAVENTURA , 794"
2020,144,214,1,34,PSD,1546,ESCOLA ESTADUAL HILARIO RIBEIRO,"ALAMEDA SAO BOAVENTURA , 794"
2020,144,216,1,26,PSD,1554,ESCOLA MUNICIPAL PROFESSOR PAULO FREIRE,RUA SOARES DE MIRANDA 77
2020,144,217,1,24,PSD,1554,ESCOLA MUNICIPAL PROFESSOR PAULO FREIRE,RUA SOARES DE MIRANDA 77
2020,144,22,1,27,PSD,1090,ESCOLA TÉCNICA ESTADUAL HENRIQUE LAGE,RUA GUIMARÃES JUNIOR 182
2020,144,221,1,21,PSD,1554,ESCOLA MUNICIPAL PROFESSOR PAULO FREIRE,RUA SOARES DE MIRANDA 77
2020,144,222,1,24,PSD,1554,ESCOLA MUNICIPAL PROFESSOR PAULO FREIRE,RUA SOARES DE MIRANDA 77
2020,144,224,1,14,PSD,1554,ESCOLA MUNICIPAL PROFESSOR PAULO FREIRE,RUA SOARES DE MIRANDA 77
2020,144,226,1,23,PSD,1554,ESCOLA MUNICIPAL PROFESSOR PAULO FREIRE,RUA SOARES DE MIRANDA 77
2020,144,228,1,29,PSD,1554,ESCOLA MUNICIPAL PROFESSOR PAULO FREIRE,RUA SOARES DE MIRANDA 77
2020,144,230,1,23,PSD,1562,LBV LEGIÃO DA BOA VONTADE,ALAMEDA SÃO BOAVENTURA 474
2020,144,232,1,20,PSD,1562,LBV LEGIÃO DA BOA VONTADE,ALAMEDA SÃO BOAVENTURA 474
2020,144,233,1,22,PSD,1562,LBV LEGIÃO DA BOA VONTADE,ALAMEDA SÃO BOAVENTURA 474
2020,144,234,1,18,PSD,1562,LBV LEGIÃO DA BOA VONTADE,ALAMEDA SÃO BOAVENTURA 474
2020,144,235,1,24,PSD,1562,LBV LEGIÃO DA BOA VONTADE,ALAMEDA SÃO BOAVENTURA 474
2020,144,236,1,15,PSD,1570,SECRETARIA DE ESTADO DE AGRICULTURA E ABASTECIMENTO,ALAMEDA SAO BOAVENTURA 770
2020,144,237,1,11,PSD,1570,SECRETARIA DE ESTADO DE AGRICULTURA E ABASTECIMENTO,ALAMEDA SAO BOAVENTURA 770
2020,144,238,1,22,PSD,1570,SECRETARIA DE ESTADO DE AGRICULTURA E ABASTECIMENTO,ALAMEDA SAO BOAVENTURA 770
2020,144,239,1,21,PSD,1570,SECRETARIA DE ESTADO DE AGRICULTURA E ABASTECIMENTO,ALAMEDA SAO BOAVENTURA 770
2020,144,24,1,36,PSD,1090,ESCOLA TÉCNICA ESTADUAL HENRIQUE LAGE,RUA GUIMARÃES JUNIOR 182
2020,144,240,1,16,PSD,1570,SECRETARIA DE ESTADO DE AGRICULTURA E ABASTECIMENTO,ALAMEDA SAO BOAVENTURA 770
2020,144,241,1,14,PSD,1570,SECRETARIA DE ESTADO DE AGRICULTURA E ABASTECIMENTO,ALAMEDA SAO BOAVENTURA 770
2020,144,242,1,13,PSD,1570,SECRETARIA DE ESTADO DE AGRICULTURA E ABASTECIMENTO,ALAMEDA SAO BOAVENTURA 770
2020,144,243,1,14,PSD,1570,SECRETARIA DE ESTADO DE AGRICULTURA E ABASTECIMENTO,ALAMEDA SAO BOAVENTURA 770
2020,144,244,1,21,PSD,1570,SECRETARIA DE ESTADO DE AGRICULTURA E ABASTECIMENTO,ALAMEDA SAO BOAVENTURA 770
2020,144,245,1,18,PSD,1570,SECRETARIA DE ESTADO DE AGRICULTURA E ABASTECIMENTO,ALAMEDA SAO BOAVENTURA 770
2020,144,246,1,15,PSD,1570,SECRETARIA DE ESTADO DE AGRICULTURA E ABASTECIMENTO,ALAMEDA SAO BOAVENTURA 770
2020,144,247,1,16,PSD,1570,SECRETARIA DE ESTADO DE AGRICULTURA E ABASTECIMENTO,ALAMEDA SAO BOAVENTURA 770
2020,144,248,1,17,PSD,1570,SECRETARIA DE ESTADO DE AGRICULTURA E ABASTECIMENTO,ALAMEDA SAO BOAVENTURA 770
2020,144,249,1,15,PSD,1589,COLÉGIO NOSSA SENHORA DAS MERCÊS,ALAMEDA SAO BOAVENTURA 297
2020,144,25,1,18,PSD,1090,ESCOLA TÉCNICA ESTADUAL HENRIQUE LAGE,RUA GUIMARÃES JUNIOR 182
2020,144,250,1,26,PSD,1589,COLÉGIO NOSSA SENHORA DAS MERCÊS,ALAMEDA SAO BOAVENTURA 297
2020,144,251,1,20,PSD,1589,COLÉGIO NOSSA SENHORA DAS MERCÊS,ALAMEDA SAO BOAVENTURA 297
2020,144,252,1,18,PSD,1589,COLÉGIO NOSSA SENHORA DAS MERCÊS,ALAMEDA SAO BOAVENTURA 297
2020,144,253,1,21,PSD,1589,COLÉGIO NOSSA SENHORA DAS MERCÊS,ALAMEDA SAO BOAVENTURA 297
2020,144,254,1,17,PSD,1589,COLÉGIO NOSSA SENHORA DAS MERCÊS,ALAMEDA SAO BOAVENTURA 297
2020,144,255,1,14,PSD,1589,COLÉGIO NOSSA SENHORA DAS MERCÊS,ALAMEDA SAO BOAVENTURA 297
2020,144,256,1,12,PSD,1589,COLÉGIO NOSSA SENHORA DAS MERCÊS,ALAMEDA SAO BOAVENTURA 297
2020,144,257,1,22,PSD,1589,COLÉGIO NOSSA SENHORA DAS MERCÊS,ALAMEDA SAO BOAVENTURA 297
2020,144,258,1,18,PSD,1589,COLÉGIO NOSSA SENHORA DAS MERCÊS,ALAMEDA SAO BOAVENTURA 297
2020,144,259,1,22,PSD,1589,COLÉGIO NOSSA SENHORA DAS MERCÊS,ALAMEDA SAO BOAVENTURA 297
2020,144,26,1,22,PSD,1090,ESCOLA TÉCNICA ESTADUAL HENRIQUE LAGE,RUA GUIMARÃES JUNIOR 182
2020,144,260,1,19,PSD,1589,COLÉGIO NOSSA SENHORA DAS MERCÊS,ALAMEDA SAO BOAVENTURA 297
2020,144,261,1,16,PSD,1589,COLÉGIO NOSSA SENHORA DAS MERCÊS,ALAMEDA SAO BOAVENTURA 297
2020,144,266,1,23,PSD,1597,ESCOLA ESTADUAL HILARIO RIBEIRO,ALAMEDA SAO BOAVENTURA 794
2020,144,27,1,20,PSD,1104,ESCOLA MUNICIPAL ALTIVO CESAR,"RUA DR. LUIZ PALMIER, 25"
2020,144,273,1,26,PSD,1597,ESCOLA ESTADUAL HILARIO RIBEIRO,ALAMEDA SAO BOAVENTURA 794
2020,144,274,1,22,PSD,1597,ESCOLA ESTADUAL HILARIO RIBEIRO,ALAMEDA SAO BOAVENTURA 794
2020,144,277,1,23,PSD,1597,ESCOLA ESTADUAL HILARIO RIBEIRO,ALAMEDA SAO BOAVENTURA 794
2020,144,278,1,17,PSD,1600,CIEP 251 - DONA MARIA PORTUGAL,RODOVIA AMARAL PEIXOTO KM 3
2020,144,279,1,15,PSD,1600,CIEP 251 - DONA MARIA PORTUGAL,RODOVIA AMARAL PEIXOTO KM 3
2020,144,28,1,33,PSD,1104,ESCOLA MUNICIPAL ALTIVO CESAR,"RUA DR. LUIZ PALMIER, 25"
2020,144,280,1,14,PSD,1600,CIEP 251 - DONA MARIA PORTUGAL,RODOVIA AMARAL PEIXOTO KM 3
2020,144,281,1,11,PSD,1600,CIEP 251 - DONA MARIA PORTUGAL,RODOVIA AMARAL PEIXOTO KM 3
2020,144,282,1,11,PSD,1600,CIEP 251 - DONA MARIA PORTUGAL,RODOVIA AMARAL PEIXOTO KM 3
2020,144,283,1,8,PSD,1600,CIEP 251 - DONA MARIA PORTUGAL,RODOVIA AMARAL PEIXOTO KM 3
2020,144,284,1,13,PSD,1600,CIEP 251 - DONA MARIA PORTUGAL,RODOVIA AMARAL PEIXOTO KM 3
2020,144,286,1,18,PSD,1554,ESCOLA MUNICIPAL PROFESSOR PAULO FREIRE,RUA SOARES DE MIRANDA 77
2020,144,287,1,25,PSD,1554,ESCOLA MUNICIPAL PROFESSOR PAULO FREIRE,RUA SOARES DE MIRANDA 77
2020,144,288,1,21,PSD,1554,ESCOLA MUNICIPAL PROFESSOR PAULO FREIRE,RUA SOARES DE MIRANDA 77
2020,144,289,1,18,PSD,1554,ESCOLA MUNICIPAL PROFESSOR PAULO FREIRE,RUA SOARES DE MIRANDA 77
2020,144,29,1,21,PSD,1104,ESCOLA MUNICIPAL ALTIVO CESAR,"RUA DR. LUIZ PALMIER, 25"
2020,144,290,1,24,PSD,1554,ESCOLA MUNICIPAL PROFESSOR PAULO FREIRE,RUA SOARES DE MIRANDA 77
2020,144,292,1,28,PSD,1627,ESCOLA ESTADUAL DOUTOR JAYME MEMORIA,RUA NORONHA TORREZAO 625
2020,144,293,1,25,PSD,1627,ESCOLA ESTADUAL DOUTOR JAYME MEMORIA,RUA NORONHA TORREZAO 625
2020,144,294,1,34,PSD,1627,ESCOLA ESTADUAL DOUTOR JAYME MEMORIA,RUA NORONHA TORREZAO 625
2020,144,295,1,34,PSD,1627,ESCOLA ESTADUAL DOUTOR JAYME MEMORIA,RUA NORONHA TORREZAO 625
2020,144,296,1,21,PSD,1627,ESCOLA ESTADUAL DOUTOR JAYME MEMORIA,RUA NORONHA TORREZAO 625
2020,144,297,1,24,PSD,1627,ESCOLA ESTADUAL DOUTOR JAYME MEMORIA,RUA NORONHA TORREZAO 625
2020,144,298,1,15,PSD,1627,ESCOLA ESTADUAL DOUTOR JAYME MEMORIA,RUA NORONHA TORREZAO 625
2020,144,299,1,25,PSD,1627,ESCOLA ESTADUAL DOUTOR JAYME MEMORIA,RUA NORONHA TORREZAO 625
2020,144,30,1,24,PSD,1104,ESCOLA MUNICIPAL ALTIVO CESAR,"RUA DR. LUIZ PALMIER, 25"
2020,144,300,1,23,PSD,1627,ESCOLA ESTADUAL DOUTOR JAYME MEMORIA,RUA NORONHA TORREZAO 625
2020,144,301,1,27,PSD,1627,ESCOLA ESTADUAL DOUTOR JAYME MEMORIA,RUA NORONHA TORREZAO 625
2020,144,302,1,26,PSD,1627,ESCOLA ESTADUAL DOUTOR JAYME MEMORIA,RUA NORONHA TORREZAO 625
2020,144,304,1,19,PSD,1635,ESCOLA MUNICIPAL DOM JOSÉ PEREIRA ALVES,"RUA TENENTE OSORIO, 73"
2020,144,305,1,23,PSD,1635,ESCOLA MUNICIPAL DOM JOSÉ PEREIRA ALVES,"RUA TENENTE OSORIO, 73"
2020,144,306,1,33,PSD,1635,ESCOLA MUNICIPAL DOM JOSÉ PEREIRA ALVES,"RUA TENENTE OSORIO, 73"
2020,144,309,1,35,PSD,1635,ESCOLA MUNICIPAL DOM JOSÉ PEREIRA ALVES,"RUA TENENTE OSORIO, 73"
2020,144,310,1,27,PSD,1635,ESCOLA MUNICIPAL DOM JOSÉ PEREIRA ALVES,"RUA TENENTE OSORIO, 73"
2020,144,314,1,24,PSD,1643,IGREJA ASSEMBLÉIA DE DEUS,"TRAVESSA VICTOR PESTRE, 32"
2020,144,315,1,44,PSD,1643,IGREJA ASSEMBLÉIA DE DEUS,"TRAVESSA VICTOR PESTRE, 32"
2020,144,317,1,19,PSD,1651,INSTITUTO EDUCACIONAL TAURUS,"ALAMEDA SÃO BOAVENTURA, 15"
2020,144,319,1,26,PSD,1651,INSTITUTO EDUCACIONAL TAURUS,"ALAMEDA SÃO BOAVENTURA, 15"
2020,144,32,1,24,PSD,1104,ESCOLA MUNICIPAL ALTIVO CESAR,"RUA DR. LUIZ PALMIER, 25"
2020,144,321,1,23,PSD,1651,INSTITUTO EDUCACIONAL TAURUS,"ALAMEDA SÃO BOAVENTURA, 15"
2020,144,323,1,24,PSD,1651,INSTITUTO EDUCACIONAL TAURUS,"ALAMEDA SÃO BOAVENTURA, 15"
2020,144,326,1,22,PSD,1651,INSTITUTO EDUCACIONAL TAURUS,"ALAMEDA SÃO BOAVENTURA, 15"
2020,144,328,1,16,PSD,1660,COLÉGIO ESTADUAL CONSELHEIRO JOSINO,"RUA TEIXEIRA DE FREITAS, 421"
2020,144,329,1,7,PSD,1660,COLÉGIO ESTADUAL CONSELHEIRO JOSINO,"RUA TEIXEIRA DE FREITAS, 421"
2020,144,33,1,24,PSD,1104,ESCOLA MUNICIPAL ALTIVO CESAR,"RUA DR. LUIZ PALMIER, 25"
2020,144,330,1,21,PSD,1660,COLÉGIO ESTADUAL CONSELHEIRO JOSINO,"RUA TEIXEIRA DE FREITAS, 421"
2020,144,331,1,16,PSD,1660,COLÉGIO ESTADUAL CONSELHEIRO JOSINO,"RUA TEIXEIRA DE FREITAS, 421"
2020,144,332,1,17,PSD,1660,COLÉGIO ESTADUAL CONSELHEIRO JOSINO,"RUA TEIXEIRA DE FREITAS, 421"
2020,144,333,1,7,PSD,1660,COLÉGIO ESTADUAL CONSELHEIRO JOSINO,"RUA TEIXEIRA DE FREITAS, 421"
2020,144,334,1,15,PSD,1660,COLÉGIO ESTADUAL CONSELHEIRO JOSINO,"RUA TEIXEIRA DE FREITAS, 421"
2020,144,335,1,18,PSD,1660,COLÉGIO ESTADUAL CONSELHEIRO JOSINO,"RUA TEIXEIRA DE FREITAS, 421"
2020,144,336,1,11,PSD,1660,COLÉGIO ESTADUAL CONSELHEIRO JOSINO,"RUA TEIXEIRA DE FREITAS, 421"
2020,144,337,1,17,PSD,1678,ESCOLA MUNICIPAL JACINTA MEDELA,"RUA TENENTE OSORIO, 10"
2020,144,338,1,25,PSD,1678,ESCOLA MUNICIPAL JACINTA MEDELA,"RUA TENENTE OSORIO, 10"
2020,144,339,1,32,PSD,1678,ESCOLA MUNICIPAL JACINTA MEDELA,"RUA TENENTE OSORIO, 10"
2020,144,34,1,24,PSD,1112,ESCOLA MUNICIPAL TIRADENTES,"RUA DR. MARCH, 628"
2020,144,340,1,21,PSD,1678,ESCOLA MUNICIPAL JACINTA MEDELA,"RUA TENENTE OSORIO, 10"
2020,144,341,1,13,PSD,1678,ESCOLA MUNICIPAL JACINTA MEDELA,"RUA TENENTE OSORIO, 10"
2020,144,342,1,24,PSD,1686,GRUPO ESCOLAR NORONHA SANTOS,"RUA PREFEITO BRANDÃO JUNIOR, 184"
2020,144,343,1,14,PSD,1686,GRUPO ESCOLAR NORONHA SANTOS,"RUA PREFEITO BRANDÃO JUNIOR, 184"
2020,144,345,1,30,PSD,1686,GRUPO ESCOLAR NORONHA SANTOS,"RUA PREFEITO BRANDÃO JUNIOR, 184"
2020,144,347,1,29,PSD,1686,GRUPO ESCOLAR NORONHA SANTOS,"RUA PREFEITO BRANDÃO JUNIOR, 184"
2020,144,35,1,22,PSD,1112,ESCOLA MUNICIPAL TIRADENTES,"RUA DR. MARCH, 628"
2020,144,350,1,27,PSD,1686,GRUPO ESCOLAR NORONHA SANTOS,"RUA PREFEITO BRANDÃO JUNIOR, 184"
2020,144,36,1,25,PSD,1112,ESCOLA MUNICIPAL TIRADENTES,"RUA DR. MARCH, 628"
2020,144,38,1,27,PSD,1201,OFICINAS DO SENAI,RUA GALVAO S/N
2020,144,4,1,18,PSD,1023,PAROQUIA DE SAO JOAO BATISTA,RUA DR. MARCH 666
2020,144,41,1,32,PSD,1090,ESCOLA TÉCNICA ESTADUAL HENRIQUE LAGE,RUA GUIMARÃES JUNIOR 182
2020,144,44,1,14,PSD,1163,COLÉGIO ESTADUAL CONSELHEIRO MACEDO SOARES,RUA DR. MARCH 392
2020,144,45,1,22,PSD,1163,COLÉGIO ESTADUAL CONSELHEIRO MACEDO SOARES,RUA DR. MARCH 392
2020,144,46,1,14,PSD,1163,COLÉGIO ESTADUAL CONSELHEIRO MACEDO SOARES,RUA DR. MARCH 392
2020,144,47,1,9,PSD,1163,COLÉGIO ESTADUAL CONSELHEIRO MACEDO SOARES,RUA DR. MARCH 392
2020,144,48,1,13,PSD,1163,COLÉGIO ESTADUAL CONSELHEIRO MACEDO SOARES,RUA DR. MARCH 392
2020,144,49,1,11,PSD,1163,COLÉGIO ESTADUAL CONSELHEIRO MACEDO SOARES,RUA DR. MARCH 392
2020,144,5,1,13,PSD,1031,(PRÉDIO NOVO) COLÉGIO PEDRO II UNIDADE NITERÓI,RUA ASSIS DE VASCONCELOS S/N
2020,144,50,1,16,PSD,1163,COLÉGIO ESTADUAL CONSELHEIRO MACEDO SOARES,RUA DR. MARCH 392
2020,144,51,1,18,PSD,1163,COLÉGIO ESTADUAL CONSELHEIRO MACEDO SOARES,RUA DR. MARCH 392
2020,144,52,1,24,PSD,1171,ESCOLA ESTADUAL MENEZES VIEIRA,RUA ASSIS DE VASCONCELOS N 30
2020,144,53,1,14,PSD,1171,ESCOLA ESTADUAL MENEZES VIEIRA,RUA ASSIS DE VASCONCELOS N 30
2020,144,54,1,31,PSD,1171,ESCOLA ESTADUAL MENEZES VIEIRA,RUA ASSIS DE VASCONCELOS N 30
2020,144,55,1,32,PSD,1201,OFICINAS DO SENAI,RUA GALVAO S/N
2020,144,57,1,13,PSD,1104,ESCOLA MUNICIPAL ALTIVO CESAR,"RUA DR. LUIZ PALMIER, 25"
2020,144,58,1,13,PSD,1104,ESCOLA MUNICIPAL ALTIVO CESAR,"RUA DR. LUIZ PALMIER, 25"
2020,144,59,1,26,PSD,1104,ESCOLA MUNICIPAL ALTIVO CESAR,"RUA DR. LUIZ PALMIER, 25"
2020,144,6,1,17,PSD,1031,(PRÉDIO NOVO) COLÉGIO PEDRO II UNIDADE NITERÓI,RUA ASSIS DE VASCONCELOS S/N
2020,144,62,1,9,PSD,1210,TIO SAM ESPORTE CLUBE,RUA BENJAMIM CONSTANT 562
2020,144,63,1,19,PSD,1210,TIO SAM ESPORTE CLUBE,RUA BENJAMIM CONSTANT 562
2020,144,64,1,21,PSD,1210,TIO SAM ESPORTE CLUBE,RUA BENJAMIM CONSTANT 562
2020,144,65,1,14,PSD,1210,TIO SAM ESPORTE CLUBE,RUA BENJAMIM CONSTANT 562
2020,144,67,1,16,PSD,1236,COLÉGIO ESTADUAL MULLULO DA VEIGA,RUA CORONEL GUIMARÃES 505
2020,144,68,1,15,PSD,1236,COLÉGIO ESTADUAL MULLULO DA VEIGA,RUA CORONEL GUIMARÃES 505
2020,144,7,1,17,PSD,1031,(PRÉDIO NOVO) COLÉGIO PEDRO II UNIDADE NITERÓI,RUA ASSIS DE VASCONCELOS S/N
2020,144,70,1,16,PSD,1236,COLÉGIO ESTADUAL MULLULO DA VEIGA,RUA CORONEL GUIMARÃES 505
2020,144,71,1,13,PSD,1236,COLÉGIO ESTADUAL MULLULO DA VEIGA,RUA CORONEL GUIMARÃES 505
2020,144,72,1,8,PSD,1236,COLÉGIO ESTADUAL MULLULO DA VEIGA,RUA CORONEL GUIMARÃES 505
2020,144,73,1,10,PSD,1236,COLÉGIO ESTADUAL MULLULO DA VEIGA,RUA CORONEL GUIMARÃES 505
2020,144,74,1,13,PSD,1236,COLÉGIO ESTADUAL MULLULO DA VEIGA,RUA CORONEL GUIMARÃES 505
2020,144,75,1,25,PSD,1406,COLÉGIO NITERÓI,"RUA  VEREADOR JOSÉ VICENTE SOBRINHO, 269"
2020,144,77,1,12,PSD,1406,COLÉGIO NITERÓI,"RUA  VEREADOR JOSÉ VICENTE SOBRINHO, 269"
2020,144,78,1,17,PSD,1406,COLÉGIO NITERÓI,"RUA  VEREADOR JOSÉ VICENTE SOBRINHO, 269"
2020,144,79,1,15,PSD,1406,COLÉGIO NITERÓI,"RUA  VEREADOR JOSÉ VICENTE SOBRINHO, 269"
2020,144,8,1,14,PSD,1031,(PRÉDIO NOVO) COLÉGIO PEDRO II UNIDADE NITERÓI,RUA ASSIS DE VASCONCELOS S/N
2020,144,80,1,36,PSD,1406,COLÉGIO NITERÓI,"RUA  VEREADOR JOSÉ VICENTE SOBRINHO, 269"
2020,144,82,1,25,PSD,1031,(PRÉDIO NOVO) COLÉGIO PEDRO II UNIDADE NITERÓI,RUA ASSIS DE VASCONCELOS S/N
2020,144,84,1,19,PSD,1252,ESCOLA MUNICIPAL ADELINO MAGALHÃES,"RUA DR. NELSON PENA, 17"
2020,144,85,1,18,PSD,1252,ESCOLA MUNICIPAL ADELINO MAGALHÃES,"RUA DR. NELSON PENA, 17"
2020,144,87,1,21,PSD,1252,ESCOLA MUNICIPAL ADELINO MAGALHÃES,"RUA DR. NELSON PENA, 17"
2020,144,88,1,27,PSD,1317,IGREJA BATISTA BETEL DE NITERÓI,RUA DANIEL TORRES 72
2020,144,89,1,15,PSD,1317,IGREJA BATISTA BETEL DE NITERÓI,RUA DANIEL TORRES 72
2020,144,9,1,12,PSD,1031,(PRÉDIO NOVO) COLÉGIO PEDRO II UNIDADE NITERÓI,RUA ASSIS DE VASCONCELOS S/N
2020,144,93,1,20,PSD,1252,ESCOLA MUNICIPAL ADELINO MAGALHÃES,"RUA DR. NELSON PENA, 17"
2020,144,96,1,27,PSD,1031,(PRÉDIO NOVO) COLÉGIO PEDRO II UNIDADE NITERÓI,RUA ASSIS DE VASCONCELOS S/N
2020,144,97,1,11,PSD,1031,(PRÉDIO NOVO) COLÉGIO PEDRO II UNIDADE NITERÓI,RUA ASSIS DE VASCONCELOS S/N
2020,144,98,1,26,PSD,1031,(PRÉDIO NOVO) COLÉGIO PEDRO II UNIDADE NITERÓI,RUA ASSIS DE VASCONCELOS S/N
2020,199,1,1,24,PSD,1015,COUNTRY CLUB DE NITEROI,RUA CHILE 135
2020,199,10,1,31,PSD,1031,ESCOLA MUNICIPAL HONORINA DE CARVALHO,RUA PROF. JOSE PECANHA S/N
2020,199,100,1,19,PSD,1155,COLÉGIO ITAPUCA,"AV. ERNANI DE FARIAS ALVES, N 124 TREVO DE PIRATININGA"
2020,199,101,1,38,PSD,1112,COLÉGIO SALESIANO REGIÃO OCEÂNICA,"RUA DOUTOR CORNÉLIO DE MELLO JÚNIOR, 117"
2020,199,102,1,24,PSD,1198,CIEP 448 RUY FRAZÃO SOARES,ESTRADA DO ENGENHO DO MATO S/N - PRACA
2020,199,103,1,42,PSD,1023,ESCOLA MUNICIPAL FELISBERTO DE CARVALHO,ESTRADA CAETANO MONTEIRO 896
2020,199,104,1,30,PSD,1155,COLÉGIO ITAPUCA,"AV. ERNANI DE FARIAS ALVES, N 124 TREVO DE PIRATININGA"
2020,199,105,1,18,PSD,1244,COLÉGIO LAPLACE,"RUA MANOEL PACHECO DE CARVALHO, N 80"
2020,199,106,1,54,PSD,1082,UMEI DR PAULO CESAR DE ALMEIDA PIMENTEL,RUA ANTONIO LUIZ SAIÃO CAMPO BELO
2020,199,107,1,22,PSD,1198,CIEP 448 RUY FRAZÃO SOARES,ESTRADA DO ENGENHO DO MATO S/N - PRACA
2020,199,109,1,15,PSD,1074,COLÉGIO FUTURO VIP (ANT GAUSS),"RUA JULIO BRAGA, 65 LOT SANTO ANTÔNIO ITAIPU"
2020,199,11,1,20,PSD,1031,ESCOLA MUNICIPAL HONORINA DE CARVALHO,RUA PROF. JOSE PECANHA S/N
2020,199,110,1,23,PSD,1155,COLÉGIO ITAPUCA,"AV. ERNANI DE FARIAS ALVES, N 124 TREVO DE PIRATININGA"
2020,199,111,1,37,PSD,1112,COLÉGIO SALESIANO REGIÃO OCEÂNICA,"RUA DOUTOR CORNÉLIO DE MELLO JÚNIOR, 117"
2020,199,113,1,56,PSD,1031,ESCOLA MUNICIPAL HONORINA DE CARVALHO,RUA PROF. JOSE PECANHA S/N
2020,199,114,1,18,PSD,1198,CIEP 448 RUY FRAZÃO SOARES,ESTRADA DO ENGENHO DO MATO S/N - PRACA
2020,199,117,1,15,PSD,1155,COLÉGIO ITAPUCA,"AV. ERNANI DE FARIAS ALVES, N 124 TREVO DE PIRATININGA"
2020,199,118,1,30,PSD,1112,COLÉGIO SALESIANO REGIÃO OCEÂNICA,"RUA DOUTOR CORNÉLIO DE MELLO JÚNIOR, 117"
2020,199,119,1,45,PSD,1066,ITACOATIARA PAMPO CLUBE,AV. BEIRA MAR 205
2020,199,12,1,20,PSD,1031,ESCOLA MUNICIPAL HONORINA DE CARVALHO,RUA PROF. JOSE PECANHA S/N
2020,199,120,1,26,PSD,1015,COUNTRY CLUB DE NITEROI,RUA CHILE 135
2020,199,121,1,18,PSD,1198,CIEP 448 RUY FRAZÃO SOARES,ESTRADA DO ENGENHO DO MATO S/N - PRACA
2020,199,123,1,18,PSD,1139,ESCOLA MUNICIPAL FRANCISCO PORTUGAL NEVES,"RUA MANOEL PACHECO DE CARVALHO, N 14 TREVO DE PIRATININGA"
2020,199,126,1,23,PSD,1198,CIEP 448 RUY FRAZÃO SOARES,ESTRADA DO ENGENHO DO MATO S/N - PRACA
2020,199,127,1,45,PSD,1090,COLÉGIO ESTADUAL PROFESSORA ALCINA RODRIGUES LIMA,"ESTRADA FRANCISCO DA CRUZ NUNES, S/N"
2020,199,129,1,25,PSD,1155,COLÉGIO ITAPUCA,"AV. ERNANI DE FARIAS ALVES, N 124 TREVO DE PIRATININGA"
2020,199,13,1,18,PSD,1031,ESCOLA MUNICIPAL HONORINA DE CARVALHO,RUA PROF. JOSE PECANHA S/N
2020,199,130,1,21,PSD,1198,CIEP 448 RUY FRAZÃO SOARES,ESTRADA DO ENGENHO DO MATO S/N - PRACA
2020,199,132,1,38,PSD,1155,COLÉGIO ITAPUCA,"AV. ERNANI DE FARIAS ALVES, N 124 TREVO DE PIRATININGA"
2020,199,133,1,16,PSD,1198,CIEP 448 RUY FRAZÃO SOARES,ESTRADA DO ENGENHO DO MATO S/N - PRACA
2020,199,134,1,27,PSD,1244,COLÉGIO LAPLACE,"RUA MANOEL PACHECO DE CARVALHO, N 80"
2020,199,136,1,33,PSD,1244,COLÉGIO LAPLACE,"RUA MANOEL PACHECO DE CARVALHO, N 80"
2020,199,138,1,52,PSD,1112,COLÉGIO SALESIANO REGIÃO OCEÂNICA,"RUA DOUTOR CORNÉLIO DE MELLO JÚNIOR, 117"
2020,199,139,1,24,PSD,1198,CIEP 448 RUY FRAZÃO SOARES,ESTRADA DO ENGENHO DO MATO S/N - PRACA
2020,199,140,1,30,PSD,1074,COLÉGIO FUTURO VIP (ANT GAUSS),"RUA JULIO BRAGA, 65 LOT SANTO ANTÔNIO ITAIPU"
2020,199,142,1,15,PSD,1317,COLÉGIO PAULO FREIRE,"AVENIDA IRENE LOPES SODRÉ, N22"
2020,199,143,1,35,PSD,1155,COLÉGIO ITAPUCA,"AV. ERNANI DE FARIAS ALVES, N 124 TREVO DE PIRATININGA"
2020,199,144,1,18,PSD,1139,ESCOLA MUNICIPAL FRANCISCO PORTUGAL NEVES,"RUA MANOEL PACHECO DE CARVALHO, N 14 TREVO DE PIRATININGA"
2020,199,147,1,34,PSD,1112,COLÉGIO SALESIANO REGIÃO OCEÂNICA,"RUA DOUTOR CORNÉLIO DE MELLO JÚNIOR, 117"
2020,199,148,1,27,PSD,1031,ESCOLA MUNICIPAL HONORINA DE CARVALHO,RUA PROF. JOSE PECANHA S/N
2020,199,149,1,19,PSD,1198,CIEP 448 RUY FRAZÃO SOARES,ESTRADA DO ENGENHO DO MATO S/N - PRACA
2020,199,150,1,43,PSD,1066,ITACOATIARA PAMPO CLUBE,AV. BEIRA MAR 205
2020,199,152,1,20,PSD,1260,COLÉGIO PLUZ,"RUA NICARÁGUA, 20"
2020,199,153,1,18,PSD,1252,CIEP 307 DJANIRA,AV. EWERTON XAVIER S/N - PRACA
2020,199,154,1,34,PSD,1279,INTERAÇÃO CRECHE ESCOLA (EX CREARE),"AVENIDA PROF CARLOS NELSON FERREIRA SANTOS(ANT AVENIDA 5) , 658"
2020,199,155,1,24,PSD,1112,COLÉGIO SALESIANO REGIÃO OCEÂNICA,"RUA DOUTOR CORNÉLIO DE MELLO JÚNIOR, 117"
2020,199,156,1,19,PSD,1155,COLÉGIO ITAPUCA,"AV. ERNANI DE FARIAS ALVES, N 124 TREVO DE PIRATININGA"
2020,199,157,1,15,PSD,1015,COUNTRY CLUB DE NITEROI,RUA CHILE 135
2020,199,158,1,32,PSD,1287,ESCOLA MUNICIPAL PROF MARCOS WALDEMAR DE FREITAS REIS,"RUA ANTONIO LUIZ SAIÃO, S/N ITAIPU"
2020,199,160,1,37,PSD,1120,COLÉGIO ESTADUAL ALMIRANTE TAMANDARÉ,AV. ACURCIO TORRES S/N
2020,199,161,1,22,PSD,1260,COLÉGIO PLUZ,"RUA NICARÁGUA, 20"
2020,199,162,1,22,PSD,1198,CIEP 448 RUY FRAZÃO SOARES,ESTRADA DO ENGENHO DO MATO S/N - PRACA
2020,199,163,1,14,PSD,1260,COLÉGIO PLUZ,"RUA NICARÁGUA, 20"
2020,199,166,1,22,PSD,1031,ESCOLA MUNICIPAL HONORINA DE CARVALHO,RUA PROF. JOSE PECANHA S/N
2020,199,167,1,43,PSD,1112,COLÉGIO SALESIANO REGIÃO OCEÂNICA,"RUA DOUTOR CORNÉLIO DE MELLO JÚNIOR, 117"
2020,199,168,1,23,PSD,1139,ESCOLA MUNICIPAL FRANCISCO PORTUGAL NEVES,"RUA MANOEL PACHECO DE CARVALHO, N 14 TREVO DE PIRATININGA"
2020,199,169,1,38,PSD,1317,COLÉGIO PAULO FREIRE,"AVENIDA IRENE LOPES SODRÉ, N22"
2020,199,170,1,50,PSD,1279,INTERAÇÃO CRECHE ESCOLA (EX CREARE),"AVENIDA PROF CARLOS NELSON FERREIRA SANTOS(ANT AVENIDA 5) , 658"
2020,199,171,1,23,PSD,1260,COLÉGIO PLUZ,"RUA NICARÁGUA, 20"
2020,199,173,1,35,PSD,1112,COLÉGIO SALESIANO REGIÃO OCEÂNICA,"RUA DOUTOR CORNÉLIO DE MELLO JÚNIOR, 117"
2020,199,174,1,38,PSD,1287,ESCOLA MUNICIPAL PROF MARCOS WALDEMAR DE FREITAS REIS,"RUA ANTONIO LUIZ SAIÃO, S/N ITAIPU"
2020,199,175,1,46,PSD,1066,ITACOATIARA PAMPO CLUBE,AV. BEIRA MAR 205
2020,199,176,1,30,PSD,1260,COLÉGIO PLUZ,"RUA NICARÁGUA, 20"
2020,199,177,1,26,PSD,1295,UMEI PROFA ODETE ROSA DA MOTA,ESTRADA FRANCISCO DA CRUZ NUNES S/N (PRÓXIMO AO CORPO DE BOMBEIROS)
2020,199,178,1,32,PSD,1155,COLÉGIO ITAPUCA,"AV. ERNANI DE FARIAS ALVES, N 124 TREVO DE PIRATININGA"
2020,199,180,1,26,PSD,1198,CIEP 448 RUY FRAZÃO SOARES,ESTRADA DO ENGENHO DO MATO S/N - PRACA
2020,199,181,1,48,PSD,1015,COUNTRY CLUB DE NITEROI,RUA CHILE 135
2020,199,182,1,42,PSD,1112,COLÉGIO SALESIANO REGIÃO OCEÂNICA,"RUA DOUTOR CORNÉLIO DE MELLO JÚNIOR, 117"
2020,199,183,1,14,PSD,1252,CIEP 307 DJANIRA,AV. EWERTON XAVIER S/N - PRACA
2020,199,184,1,48,PSD,1260,COLÉGIO PLUZ,"RUA NICARÁGUA, 20"
2020,199,185,1,38,PSD,1155,COLÉGIO ITAPUCA,"AV. ERNANI DE FARIAS ALVES, N 124 TREVO DE PIRATININGA"
2020,199,186,1,17,PSD,1031,ESCOLA MUNICIPAL HONORINA DE CARVALHO,RUA PROF. JOSE PECANHA S/N
2020,199,187,1,26,PSD,1104,FISK CENTRO DE ENSINO,RUA ERNANI DE FARIAS ALVES 161
2020,199,188,1,24,PSD,1260,COLÉGIO PLUZ,"RUA NICARÁGUA, 20"
2020,199,189,1,30,PSD,1120,COLÉGIO ESTADUAL ALMIRANTE TAMANDARÉ,AV. ACURCIO TORRES S/N
2020,199,190,1,48,PSD,1279,INTERAÇÃO CRECHE ESCOLA (EX CREARE),"AVENIDA PROF CARLOS NELSON FERREIRA SANTOS(ANT AVENIDA 5) , 658"
2020,199,191,1,35,PSD,1295,UMEI PROFA ODETE ROSA DA MOTA,ESTRADA FRANCISCO DA CRUZ NUNES S/N (PRÓXIMO AO CORPO DE BOMBEIROS)
2020,199,192,1,30,PSD,1155,COLÉGIO ITAPUCA,"AV. ERNANI DE FARIAS ALVES, N 124 TREVO DE PIRATININGA"
2020,199,193,1,29,PSD,1260,COLÉGIO PLUZ,"RUA NICARÁGUA, 20"
2020,199,194,1,27,PSD,1295,UMEI PROFA ODETE ROSA DA MOTA,ESTRADA FRANCISCO DA CRUZ NUNES S/N (PRÓXIMO AO CORPO DE BOMBEIROS)
2020,199,195,1,28,PSD,1074,COLÉGIO FUTURO VIP (ANT GAUSS),"RUA JULIO BRAGA, 65 LOT SANTO ANTÔNIO ITAIPU"
2020,199,196,1,43,PSD,1015,COUNTRY CLUB DE NITEROI,RUA CHILE 135
2020,199,197,1,36,PSD,1295,UMEI PROFA ODETE ROSA DA MOTA,ESTRADA FRANCISCO DA CRUZ NUNES S/N (PRÓXIMO AO CORPO DE BOMBEIROS)
2020,199,198,1,34,PSD,1104,FISK CENTRO DE ENSINO,RUA ERNANI DE FARIAS ALVES 161
2020,199,199,1,31,PSD,1244,COLÉGIO LAPLACE,"RUA MANOEL PACHECO DE CARVALHO, N 80"
2020,199,2,1,20,PSD,1015,COUNTRY CLUB DE NITEROI,RUA CHILE 135
2020,199,200,1,29,PSD,1279,INTERAÇÃO CRECHE ESCOLA (EX CREARE),"AVENIDA PROF CARLOS NELSON FERREIRA SANTOS(ANT AVENIDA 5) , 658"
2020,199,201,1,14,PSD,1252,CIEP 307 DJANIRA,AV. EWERTON XAVIER S/N - PRACA
2020,199,202,1,29,PSD,1317,COLÉGIO PAULO FREIRE,"AVENIDA IRENE LOPES SODRÉ, N22"
2020,199,204,1,18,PSD,1260,COLÉGIO PLUZ,"RUA NICARÁGUA, 20"
2020,199,206,1,28,PSD,1325,ESCOLA MUNICIPAL SÍTIO DO IPÊ,RUA PROF. JOSÉ PEÇANHA
2020,199,208,1,19,PSD,1260,COLÉGIO PLUZ,"RUA NICARÁGUA, 20"
2020,199,209,1,15,PSD,1317,COLÉGIO PAULO FREIRE,"AVENIDA IRENE LOPES SODRÉ, N22"
2020,199,21,1,42,PSD,1066,ITACOATIARA PAMPO CLUBE,AV. BEIRA MAR 205
2020,199,210,1,34,PSD,1295,UMEI PROFA ODETE ROSA DA MOTA,ESTRADA FRANCISCO DA CRUZ NUNES S/N (PRÓXIMO AO CORPO DE BOMBEIROS)
2020,199,211,1,28,PSD,1104,FISK CENTRO DE ENSINO,RUA ERNANI DE FARIAS ALVES 161
2020,199,212,1,24,PSD,1317,COLÉGIO PAULO FREIRE,"AVENIDA IRENE LOPES SODRÉ, N22"
2020,199,213,1,26,PSD,1325,ESCOLA MUNICIPAL SÍTIO DO IPÊ,RUA PROF. JOSÉ PEÇANHA
2020,199,214,1,25,PSD,1333,ESCOLA ME NINAR,"RUA 03, N 88 E 101"
2020,199,215,1,37,PSD,1350,ESCOLA MUNICIPAL MARALEGRE,"RUA DR. WALDIR COSTA, LOTES 10 E 11"
2020,199,216,1,39,PSD,1287,ESCOLA MUNICIPAL PROF MARCOS WALDEMAR DE FREITAS REIS,"RUA ANTONIO LUIZ SAIÃO, S/N ITAIPU"
2020,199,217,1,49,PSD,1341,SOPRECAM,"AV. PROFESSOR CARLOS NELSON FERREIRA, S/N"
2020,199,219,1,25,PSD,1317,COLÉGIO PAULO FREIRE,"AVENIDA IRENE LOPES SODRÉ, N22"
2020,199,22,1,31,PSD,1066,ITACOATIARA PAMPO CLUBE,AV. BEIRA MAR 205
2020,199,220,1,17,PSD,1163,ANDEF (EX FAETEC),ESTRADA VELHA DE MARICA 4830
2020,199,221,1,24,PSD,1325,ESCOLA MUNICIPAL SÍTIO DO IPÊ,RUA PROF. JOSÉ PEÇANHA
2020,199,222,1,11,PSD,1252,CIEP 307 DJANIRA,AV. EWERTON XAVIER S/N - PRACA
2020,199,223,1,16,PSD,1350,ESCOLA MUNICIPAL MARALEGRE,"RUA DR. WALDIR COSTA, LOTES 10 E 11"
2020,199,224,1,28,PSD,1368,UMEI PROFESSORA NINA RITA TORRES,"AVENIDA DOUTOR ACÚRCIO TORRES, 691"
2020,199,225,1,31,PSD,1333,ESCOLA ME NINAR,"RUA 03, N 88 E 101"
2020,199,226,1,31,PSD,1295,UMEI PROFA ODETE ROSA DA MOTA,ESTRADA FRANCISCO DA CRUZ NUNES S/N (PRÓXIMO AO CORPO DE BOMBEIROS)
2020,199,227,1,20,PSD,1112,COLÉGIO SALESIANO REGIÃO OCEÂNICA,"RUA DOUTOR CORNÉLIO DE MELLO JÚNIOR, 117"
2020,199,228,1,5,PSD,1317,COLÉGIO PAULO FREIRE,"AVENIDA IRENE LOPES SODRÉ, N22"
2020,199,229,1,27,PSD,1317,COLÉGIO PAULO FREIRE,"AVENIDA IRENE LOPES SODRÉ, N22"
2020,199,23,1,25,PSD,1066,ITACOATIARA PAMPO CLUBE,AV. BEIRA MAR 205
2020,199,230,1,37,PSD,1104,FISK CENTRO DE ENSINO,RUA ERNANI DE FARIAS ALVES 161
2020,199,231,1,23,PSD,1112,COLÉGIO SALESIANO REGIÃO OCEÂNICA,"RUA DOUTOR CORNÉLIO DE MELLO JÚNIOR, 117"
2020,199,232,1,19,PSD,1392,CULTURA INGLESA EM ITAIPU,"ESTRADA FRANCISCO DA CRUZ NUNES, N 6956"
2020,199,233,1,19,PSD,1260,COLÉGIO PLUZ,"RUA NICARÁGUA, 20"
2020,199,235,1,33,PSD,1392,CULTURA INGLESA EM ITAIPU,"ESTRADA FRANCISCO DA CRUZ NUNES, N 6956"
2020,199,236,1,19,PSD,1384,UMEI OLGA BENÁRIO PRESTES,"PRAÇA IRENE DE MATOS, S/N"
2020,199,237,1,31,PSD,1392,CULTURA INGLESA EM ITAIPU,"ESTRADA FRANCISCO DA CRUZ NUNES, N 6956"
2020,199,238,1,37,PSD,1368,UMEI PROFESSORA NINA RITA TORRES,"AVENIDA DOUTOR ACÚRCIO TORRES, 691"
2020,199,239,1,12,PSD,1392,CULTURA INGLESA EM ITAIPU,"ESTRADA FRANCISCO DA CRUZ NUNES, N 6956"
2020,199,24,1,24,PSD,1066,ITACOATIARA PAMPO CLUBE,AV. BEIRA MAR 205
2020,199,25,1,16,PSD,1074,COLÉGIO FUTURO VIP (ANT GAUSS),"RUA JULIO BRAGA, 65 LOT SANTO ANTÔNIO ITAIPU"
2020,199,26,1,22,PSD,1074,COLÉGIO FUTURO VIP (ANT GAUSS),"RUA JULIO BRAGA, 65 LOT SANTO ANTÔNIO ITAIPU"
2020,199,27,1,26,PSD,1074,COLÉGIO FUTURO VIP (ANT GAUSS),"RUA JULIO BRAGA, 65 LOT SANTO ANTÔNIO ITAIPU"
2020,199,28,1,26,PSD,1074,COLÉGIO FUTURO VIP (ANT GAUSS),"RUA JULIO BRAGA, 65 LOT SANTO ANTÔNIO ITAIPU"
2020,199,29,1,22,PSD,1074,COLÉGIO FUTURO VIP (ANT GAUSS),"RUA JULIO BRAGA, 65 LOT SANTO ANTÔNIO ITAIPU"
2020,199,3,1,35,PSD,1015,COUNTRY CLUB DE NITEROI,RUA CHILE 135
2020,199,31,1,41,PSD,1082,UMEI DR PAULO CESAR DE ALMEIDA PIMENTEL,RUA ANTONIO LUIZ SAIÃO CAMPO BELO
2020,199,32,1,39,PSD,1082,UMEI DR PAULO CESAR DE ALMEIDA PIMENTEL,RUA ANTONIO LUIZ SAIÃO CAMPO BELO
2020,199,33,1,32,PSD,1082,UMEI DR PAULO CESAR DE ALMEIDA PIMENTEL,RUA ANTONIO LUIZ SAIÃO CAMPO BELO
2020,199,34,1,39,PSD,1090,COLÉGIO ESTADUAL PROFESSORA ALCINA RODRIGUES LIMA,"ESTRADA FRANCISCO DA CRUZ NUNES, S/N"
2020,199,35,1,35,PSD,1090,COLÉGIO ESTADUAL PROFESSORA ALCINA RODRIGUES LIMA,"ESTRADA FRANCISCO DA CRUZ NUNES, S/N"
2020,199,36,1,37,PSD,1090,COLÉGIO ESTADUAL PROFESSORA ALCINA RODRIGUES LIMA,"ESTRADA FRANCISCO DA CRUZ NUNES, S/N"
2020,199,37,1,19,PSD,1090,COLÉGIO ESTADUAL PROFESSORA ALCINA RODRIGUES LIMA,"ESTRADA FRANCISCO DA CRUZ NUNES, S/N"
2020,199,38,1,26,PSD,1090,COLÉGIO ESTADUAL PROFESSORA ALCINA RODRIGUES LIMA,"ESTRADA FRANCISCO DA CRUZ NUNES, S/N"
2020,199,39,1,21,PSD,1090,COLÉGIO ESTADUAL PROFESSORA ALCINA RODRIGUES LIMA,"ESTRADA FRANCISCO DA CRUZ NUNES, S/N"
2020,199,4,1,27,PSD,1023,ESCOLA MUNICIPAL FELISBERTO DE CARVALHO,ESTRADA CAETANO MONTEIRO 896
2020,199,40,1,43,PSD,1090,COLÉGIO ESTADUAL PROFESSORA ALCINA RODRIGUES LIMA,"ESTRADA FRANCISCO DA CRUZ NUNES, S/N"
2020,199,45,1,24,PSD,1112,COLÉGIO SALESIANO REGIÃO OCEÂNICA,"RUA DOUTOR CORNÉLIO DE MELLO JÚNIOR, 117"
2020,199,46,1,25,PSD,1112,COLÉGIO SALESIANO REGIÃO OCEÂNICA,"RUA DOUTOR CORNÉLIO DE MELLO JÚNIOR, 117"
2020,199,47,1,33,PSD,1112,COLÉGIO SALESIANO REGIÃO OCEÂNICA,"RUA DOUTOR CORNÉLIO DE MELLO JÚNIOR, 117"
2020,199,48,1,30,PSD,1112,COLÉGIO SALESIANO REGIÃO OCEÂNICA,"RUA DOUTOR CORNÉLIO DE MELLO JÚNIOR, 117"
2020,199,49,1,23,PSD,1120,COLÉGIO ESTADUAL ALMIRANTE TAMANDARÉ,AV. ACURCIO TORRES S/N
2020,199,5,1,16,PSD,1023,ESCOLA MUNICIPAL FELISBERTO DE CARVALHO,ESTRADA CAETANO MONTEIRO 896
2020,199,50,1,32,PSD,1120,COLÉGIO ESTADUAL ALMIRANTE TAMANDARÉ,AV. ACURCIO TORRES S/N
2020,199,51,1,33,PSD,1139,ESCOLA MUNICIPAL FRANCISCO PORTUGAL NEVES,"RUA MANOEL PACHECO DE CARVALHO, N 14 TREVO DE PIRATININGA"
2020,199,52,1,16,PSD,1139,ESCOLA MUNICIPAL FRANCISCO PORTUGAL NEVES,"RUA MANOEL PACHECO DE CARVALHO, N 14 TREVO DE PIRATININGA"
2020,199,53,1,18,PSD,1139,ESCOLA MUNICIPAL FRANCISCO PORTUGAL NEVES,"RUA MANOEL PACHECO DE CARVALHO, N 14 TREVO DE PIRATININGA"
2020,199,54,1,27,PSD,1139,ESCOLA MUNICIPAL FRANCISCO PORTUGAL NEVES,"RUA MANOEL PACHECO DE CARVALHO, N 14 TREVO DE PIRATININGA"
2020,199,55,1,14,PSD,1139,ESCOLA MUNICIPAL FRANCISCO PORTUGAL NEVES,"RUA MANOEL PACHECO DE CARVALHO, N 14 TREVO DE PIRATININGA"
2020,199,56,1,18,PSD,1139,ESCOLA MUNICIPAL FRANCISCO PORTUGAL NEVES,"RUA MANOEL PACHECO DE CARVALHO, N 14 TREVO DE PIRATININGA"
2020,199,57,1,18,PSD,1139,ESCOLA MUNICIPAL FRANCISCO PORTUGAL NEVES,"RUA MANOEL PACHECO DE CARVALHO, N 14 TREVO DE PIRATININGA"
2020,199,59,1,18,PSD,1120,COLÉGIO ESTADUAL ALMIRANTE TAMANDARÉ,AV. ACURCIO TORRES S/N
2020,199,6,1,21,PSD,1023,ESCOLA MUNICIPAL FELISBERTO DE CARVALHO,ESTRADA CAETANO MONTEIRO 896
2020,199,60,1,30,PSD,1120,COLÉGIO ESTADUAL ALMIRANTE TAMANDARÉ,AV. ACURCIO TORRES S/N
2020,199,61,1,31,PSD,1120,COLÉGIO ESTADUAL ALMIRANTE TAMANDARÉ,AV. ACURCIO TORRES S/N
2020,199,62,1,30,PSD,1120,COLÉGIO ESTADUAL ALMIRANTE TAMANDARÉ,AV. ACURCIO TORRES S/N
2020,199,63,1,33,PSD,1120,COLÉGIO ESTADUAL ALMIRANTE TAMANDARÉ,AV. ACURCIO TORRES S/N
2020,199,64,1,29,PSD,1155,COLÉGIO ITAPUCA,"AV. ERNANI DE FARIAS ALVES, N 124 TREVO DE PIRATININGA"
2020,199,65,1,36,PSD,1155,COLÉGIO ITAPUCA,"AV. ERNANI DE FARIAS ALVES, N 124 TREVO DE PIRATININGA"
2020,199,66,1,24,PSD,1155,COLÉGIO ITAPUCA,"AV. ERNANI DE FARIAS ALVES, N 124 TREVO DE PIRATININGA"
2020,199,67,1,32,PSD,1155,COLÉGIO ITAPUCA,"AV. ERNANI DE FARIAS ALVES, N 124 TREVO DE PIRATININGA"
2020,199,68,1,17,PSD,1163,ANDEF (EX FAETEC),ESTRADA VELHA DE MARICA 4830
2020,199,69,1,31,PSD,1163,ANDEF (EX FAETEC),ESTRADA VELHA DE MARICA 4830
2020,199,70,1,12,PSD,1163,ANDEF (EX FAETEC),ESTRADA VELHA DE MARICA 4830
2020,199,71,1,11,PSD,1171,COLÉGIO ESTADUAL DOUTOR SOUZA SOARES,RODOVIA AMARAL PEIXOTO KM 10
2020,199,72,1,10,PSD,1163,ANDEF (EX FAETEC),ESTRADA VELHA DE MARICA 4830
2020,199,73,1,12,PSD,1163,ANDEF (EX FAETEC),ESTRADA VELHA DE MARICA 4830
2020,199,75,1,25,PSD,1198,CIEP 448 RUY FRAZÃO SOARES,ESTRADA DO ENGENHO DO MATO S/N - PRACA
2020,199,76,1,26,PSD,1198,CIEP 448 RUY FRAZÃO SOARES,ESTRADA DO ENGENHO DO MATO S/N - PRACA
2020,199,77,1,18,PSD,1317,COLÉGIO PAULO FREIRE,"AVENIDA IRENE LOPES SODRÉ, N22"
2020,199,78,1,15,PSD,1163,ANDEF (EX FAETEC),ESTRADA VELHA DE MARICA 4830
2020,199,79,1,28,PSD,1244,COLÉGIO LAPLACE,"RUA MANOEL PACHECO DE CARVALHO, N 80"
2020,199,8,1,21,PSD,1023,ESCOLA MUNICIPAL FELISBERTO DE CARVALHO,ESTRADA CAETANO MONTEIRO 896
2020,199,80,1,33,PSD,1244,COLÉGIO LAPLACE,"RUA MANOEL PACHECO DE CARVALHO, N 80"
2020,199,81,1,29,PSD,1244,COLÉGIO LAPLACE,"RUA MANOEL PACHECO DE CARVALHO, N 80"
2020,199,82,1,9,PSD,1252,CIEP 307 DJANIRA,AV. EWERTON XAVIER S/N - PRACA
2020,199,83,1,14,PSD,1252,CIEP 307 DJANIRA,AV. EWERTON XAVIER S/N - PRACA
2020,199,84,1,15,PSD,1252,CIEP 307 DJANIRA,AV. EWERTON XAVIER S/N - PRACA
2020,199,85,1,21,PSD,1252,CIEP 307 DJANIRA,AV. EWERTON XAVIER S/N - PRACA
2020,199,86,1,16,PSD,1252,CIEP 307 DJANIRA,AV. EWERTON XAVIER S/N - PRACA
2020,199,87,1,13,PSD,1252,CIEP 307 DJANIRA,AV. EWERTON XAVIER S/N - PRACA
2020,199,88,1,32,PSD,1015,COUNTRY CLUB DE NITEROI,RUA CHILE 135
2020,199,9,1,32,PSD,1031,ESCOLA MUNICIPAL HONORINA DE CARVALHO,RUA PROF. JOSE PECANHA S/N
2020,199,90,1,36,PSD,1082,UMEI DR PAULO CESAR DE ALMEIDA PIMENTEL,RUA ANTONIO LUIZ SAIÃO CAMPO BELO
2020,199,91,1,24,PSD,1244,COLÉGIO LAPLACE,"RUA MANOEL PACHECO DE CARVALHO, N 80"
2020,199,92,1,29,PSD,1120,COLÉGIO ESTADUAL ALMIRANTE TAMANDARÉ,AV. ACURCIO TORRES S/N
2020,199,93,1,25,PSD,1317,COLÉGIO PAULO FREIRE,"AVENIDA IRENE LOPES SODRÉ, N22"
2020,199,94,1,41,PSD,1031,ESCOLA MUNICIPAL HONORINA DE CARVALHO,RUA PROF. JOSE PECANHA S/N
2020,199,95,1,36,PSD,1031,ESCOLA MUNICIPAL HONORINA DE CARVALHO,RUA PROF. JOSE PECANHA S/N
2020,199,97,1,24,PSD,1074,COLÉGIO FUTURO VIP (ANT GAUSS),"RUA JULIO BRAGA, 65 LOT SANTO ANTÔNIO ITAIPU"
2020,199,98,1,22,PSD,1244,COLÉGIO LAPLACE,"RUA MANOEL PACHECO DE CARVALHO, N 80"
2020,199,99,1,40,PSD,1082,UMEI DR PAULO CESAR DE ALMEIDA PIMENTEL,RUA ANTONIO LUIZ SAIÃO CAMPO BELO
2020,71,1,1,37,PSD,1015,CENTRO EDUCACIONAL DE NITEROI - CENTRINHO,RUA ITAGUAI 173
2020,71,100,1,29,PSD,1309,CURSO MARLY CURY,AV. SETE DE SETEMBRO 165
2020,71,101,1,23,PSD,1309,CURSO MARLY CURY,AV. SETE DE SETEMBRO 165
2020,71,102,1,21,PSD,1309,CURSO MARLY CURY,AV. SETE DE SETEMBRO 165
2020,71,103,1,29,PSD,1309,CURSO MARLY CURY,AV. SETE DE SETEMBRO 165
2020,71,104,1,22,PSD,1317,ESCOLA ESTADUAL BALTAZAR BERNARDINO,RUA MARIZ E BARROS 444
2020,71,105,1,25,PSD,1317,ESCOLA ESTADUAL BALTAZAR BERNARDINO,RUA MARIZ E BARROS 444
2020,71,106,1,32,PSD,1325,ESCOLA ESTADUAL GUILHERME BRIGGS,RUA MARIO VIANNA 625
2020,71,107,1,34,PSD,1325,ESCOLA ESTADUAL GUILHERME BRIGGS,RUA MARIO VIANNA 625
2020,71,108,1,38,PSD,1325,ESCOLA ESTADUAL GUILHERME BRIGGS,RUA MARIO VIANNA 625
2020,71,109,1,26,PSD,1325,ESCOLA ESTADUAL GUILHERME BRIGGS,RUA MARIO VIANNA 625
2020,71,110,1,34,PSD,1325,ESCOLA ESTADUAL GUILHERME BRIGGS,RUA MARIO VIANNA 625
2020,71,111,1,32,PSD,1325,ESCOLA ESTADUAL GUILHERME BRIGGS,RUA MARIO VIANNA 625
2020,71,112,1,33,PSD,1325,ESCOLA ESTADUAL GUILHERME BRIGGS,RUA MARIO VIANNA 625
2020,71,113,1,26,PSD,1325,ESCOLA ESTADUAL GUILHERME BRIGGS,RUA MARIO VIANNA 625
2020,71,114,1,31,PSD,1325,ESCOLA ESTADUAL GUILHERME BRIGGS,RUA MARIO VIANNA 625
2020,71,115,1,42,PSD,1325,ESCOLA ESTADUAL GUILHERME BRIGGS,RUA MARIO VIANNA 625
2020,71,116,1,18,PSD,1333,PARÓQUIA NOSSA SENHORA AUXILIADORA - CENTRO COMUNITÁRIO,"RUA SANTA ROSA, 216"
2020,71,117,1,23,PSD,1333,PARÓQUIA NOSSA SENHORA AUXILIADORA - CENTRO COMUNITÁRIO,"RUA SANTA ROSA, 216"
2020,71,118,1,22,PSD,1309,CURSO MARLY CURY,AV. SETE DE SETEMBRO 165
2020,71,119,1,24,PSD,1309,CURSO MARLY CURY,AV. SETE DE SETEMBRO 165
2020,71,120,1,12,PSD,1333,PARÓQUIA NOSSA SENHORA AUXILIADORA - CENTRO COMUNITÁRIO,"RUA SANTA ROSA, 216"
2020,71,121,1,15,PSD,1333,PARÓQUIA NOSSA SENHORA AUXILIADORA - CENTRO COMUNITÁRIO,"RUA SANTA ROSA, 216"
2020,71,122,1,26,PSD,1333,PARÓQUIA NOSSA SENHORA AUXILIADORA - CENTRO COMUNITÁRIO,"RUA SANTA ROSA, 216"
2020,71,123,1,21,PSD,1368,INSTITUTO SÃO JOSÉ,RUA GERALDO MARTINS 166
2020,71,124,1,18,PSD,1368,INSTITUTO SÃO JOSÉ,RUA GERALDO MARTINS 166
2020,71,125,1,34,PSD,1368,INSTITUTO SÃO JOSÉ,RUA GERALDO MARTINS 166
2020,71,130,1,29,PSD,1392,FACULDADE DE VETERINARIA DA UFF,RUA VITAL BRASIL FILHO 64
2020,71,131,1,30,PSD,1392,FACULDADE DE VETERINARIA DA UFF,RUA VITAL BRASIL FILHO 64
2020,71,132,1,28,PSD,1392,FACULDADE DE VETERINARIA DA UFF,RUA VITAL BRASIL FILHO 64
2020,71,133,1,32,PSD,1392,FACULDADE DE VETERINARIA DA UFF,RUA VITAL BRASIL FILHO 64
2020,71,134,1,24,PSD,1392,FACULDADE DE VETERINARIA DA UFF,RUA VITAL BRASIL FILHO 64
2020,71,135,1,24,PSD,1392,FACULDADE DE VETERINARIA DA UFF,RUA VITAL BRASIL FILHO 64
2020,71,136,1,40,PSD,1015,CENTRO EDUCACIONAL DE NITEROI - CENTRINHO,RUA ITAGUAI 173
2020,71,138,1,31,PSD,1260,INSTITUTO ABEL,AV. ROBERTO SILVEIRA 29
2020,71,140,1,21,PSD,1244,ESCOLA ESTADUAL MANUEL DE ABREU,RUA LOPES TROVAO 287-A
2020,71,142,1,18,PSD,1295,COLEGIO SALESIANO SANTA ROSA,RUA SANTA ROSA 207
2020,71,143,1,38,PSD,1317,ESCOLA ESTADUAL BALTAZAR BERNARDINO,RUA MARIZ E BARROS 444
2020,71,144,1,28,PSD,1325,ESCOLA ESTADUAL GUILHERME BRIGGS,RUA MARIO VIANNA 625
2020,71,145,1,26,PSD,1317,ESCOLA ESTADUAL BALTAZAR BERNARDINO,RUA MARIZ E BARROS 444
2020,71,146,1,25,PSD,1368,INSTITUTO SÃO JOSÉ,RUA GERALDO MARTINS 166
2020,71,150,1,21,PSD,1333,PARÓQUIA NOSSA SENHORA AUXILIADORA - CENTRO COMUNITÁRIO,"RUA SANTA ROSA, 216"
2020,71,151,1,28,PSD,1104,INSTITUTO MAIA VINAGRE,RUA NORONHA TORREZÃO 68
2020,71,153,1,59,PSD,1015,CENTRO EDUCACIONAL DE NITEROI - CENTRINHO,RUA ITAGUAI 173
2020,71,156,1,25,PSD,1309,CURSO MARLY CURY,AV. SETE DE SETEMBRO 165
2020,71,157,1,29,PSD,1260,INSTITUTO ABEL,AV. ROBERTO SILVEIRA 29
2020,71,158,1,33,PSD,1392,FACULDADE DE VETERINARIA DA UFF,RUA VITAL BRASIL FILHO 64
2020,71,160,1,22,PSD,1333,PARÓQUIA NOSSA SENHORA AUXILIADORA - CENTRO COMUNITÁRIO,"RUA SANTA ROSA, 216"
2020,71,161,1,34,PSD,1392,FACULDADE DE VETERINARIA DA UFF,RUA VITAL BRASIL FILHO 64
2020,71,167,1,29,PSD,1368,INSTITUTO SÃO JOSÉ,RUA GERALDO MARTINS 166
2020,71,168,1,28,PSD,1244,ESCOLA ESTADUAL MANUEL DE ABREU,RUA LOPES TROVAO 287-A
2020,71,171,1,29,PSD,1295,COLEGIO SALESIANO SANTA ROSA,RUA SANTA ROSA 207
2020,71,172,1,35,PSD,1325,ESCOLA ESTADUAL GUILHERME BRIGGS,RUA MARIO VIANNA 625
2020,71,174,1,27,PSD,1333,PARÓQUIA NOSSA SENHORA AUXILIADORA - CENTRO COMUNITÁRIO,"RUA SANTA ROSA, 216"
2020,71,175,1,33,PSD,1309,CURSO MARLY CURY,AV. SETE DE SETEMBRO 165
2020,71,178,1,31,PSD,1104,INSTITUTO MAIA VINAGRE,RUA NORONHA TORREZÃO 68
2020,71,179,1,31,PSD,1392,FACULDADE DE VETERINARIA DA UFF,RUA VITAL BRASIL FILHO 64
2020,71,182,1,28,PSD,1333,PARÓQUIA NOSSA SENHORA AUXILIADORA - CENTRO COMUNITÁRIO,"RUA SANTA ROSA, 216"
2020,71,183,1,41,PSD,1104,INSTITUTO MAIA VINAGRE,RUA NORONHA TORREZÃO 68
2020,71,185,1,18,PSD,1244,ESCOLA ESTADUAL MANUEL DE ABREU,RUA LOPES TROVAO 287-A
2020,71,186,1,29,PSD,1392,FACULDADE DE VETERINARIA DA UFF,RUA VITAL BRASIL FILHO 64
2020,71,189,1,27,PSD,1317,ESCOLA ESTADUAL BALTAZAR BERNARDINO,RUA MARIZ E BARROS 444
2020,71,190,1,26,PSD,1260,INSTITUTO ABEL,AV. ROBERTO SILVEIRA 29
2020,71,191,1,27,PSD,1309,CURSO MARLY CURY,AV. SETE DE SETEMBRO 165
2020,71,192,1,27,PSD,1392,FACULDADE DE VETERINARIA DA UFF,RUA VITAL BRASIL FILHO 64
2020,71,193,1,37,PSD,1325,ESCOLA ESTADUAL GUILHERME BRIGGS,RUA MARIO VIANNA 625
2020,71,194,1,32,PSD,1295,COLEGIO SALESIANO SANTA ROSA,RUA SANTA ROSA 207
2020,71,195,1,22,PSD,1368,INSTITUTO SÃO JOSÉ,RUA GERALDO MARTINS 166
2020,71,196,1,28,PSD,1392,FACULDADE DE VETERINARIA DA UFF,RUA VITAL BRASIL FILHO 64
2020,71,197,1,34,PSD,1015,CENTRO EDUCACIONAL DE NITEROI - CENTRINHO,RUA ITAGUAI 173
2020,71,198,1,18,PSD,1260,INSTITUTO ABEL,AV. ROBERTO SILVEIRA 29
2020,71,199,1,27,PSD,1317,ESCOLA ESTADUAL BALTAZAR BERNARDINO,RUA MARIZ E BARROS 444
2020,71,2,1,33,PSD,1015,CENTRO EDUCACIONAL DE NITEROI - CENTRINHO,RUA ITAGUAI 173
2020,71,200,1,28,PSD,1392,FACULDADE DE VETERINARIA DA UFF,RUA VITAL BRASIL FILHO 64
2020,71,201,1,22,PSD,1260,INSTITUTO ABEL,AV. ROBERTO SILVEIRA 29
2020,71,202,1,42,PSD,1325,ESCOLA ESTADUAL GUILHERME BRIGGS,RUA MARIO VIANNA 625
2020,71,203,1,27,PSD,1260,INSTITUTO ABEL,AV. ROBERTO SILVEIRA 29
2020,71,204,1,19,PSD,1295,COLEGIO SALESIANO SANTA ROSA,RUA SANTA ROSA 207
2020,71,205,1,23,PSD,1317,ESCOLA ESTADUAL BALTAZAR BERNARDINO,RUA MARIZ E BARROS 444
2020,71,206,1,33,PSD,1260,INSTITUTO ABEL,AV. ROBERTO SILVEIRA 29
2020,71,207,1,26,PSD,1325,ESCOLA ESTADUAL GUILHERME BRIGGS,RUA MARIO VIANNA 625
2020,71,208,1,27,PSD,1244,ESCOLA ESTADUAL MANUEL DE ABREU,RUA LOPES TROVAO 287-A
2020,71,209,1,22,PSD,1368,INSTITUTO SÃO JOSÉ,RUA GERALDO MARTINS 166
2020,71,210,1,36,PSD,1309,CURSO MARLY CURY,AV. SETE DE SETEMBRO 165
2020,71,211,1,27,PSD,1392,FACULDADE DE VETERINARIA DA UFF,RUA VITAL BRASIL FILHO 64
2020,71,212,1,21,PSD,1260,INSTITUTO ABEL,AV. ROBERTO SILVEIRA 29
2020,71,213,1,33,PSD,1295,COLEGIO SALESIANO SANTA ROSA,RUA SANTA ROSA 207
2020,71,214,1,20,PSD,1309,CURSO MARLY CURY,AV. SETE DE SETEMBRO 165
2020,71,215,1,23,PSD,1260,INSTITUTO ABEL,AV. ROBERTO SILVEIRA 29
2020,71,216,1,17,PSD,1368,INSTITUTO SÃO JOSÉ,RUA GERALDO MARTINS 166
2020,71,217,1,19,PSD,1414,UNIVERSIDADE SALGADO DE OLIVEIRA - BL B (PRÓXIMO AO GUANABARA),RUA MARECHAL DEODORO 263
2020,71,219,1,27,PSD,1414,UNIVERSIDADE SALGADO DE OLIVEIRA - BL B (PRÓXIMO AO GUANABARA),RUA MARECHAL DEODORO 263
2020,71,221,1,25,PSD,1414,UNIVERSIDADE SALGADO DE OLIVEIRA - BL B (PRÓXIMO AO GUANABARA),RUA MARECHAL DEODORO 263
2020,71,223,1,22,PSD,1414,UNIVERSIDADE SALGADO DE OLIVEIRA - BL B (PRÓXIMO AO GUANABARA),RUA MARECHAL DEODORO 263
2020,71,225,1,17,PSD,1422,CLUBE PORTUGUES DE NITEROI,RUA PROFESSOR LARA VILELA 176
2020,71,226,1,20,PSD,1422,CLUBE PORTUGUES DE NITEROI,RUA PROFESSOR LARA VILELA 176
2020,71,227,1,27,PSD,1422,CLUBE PORTUGUES DE NITEROI,RUA PROFESSOR LARA VILELA 176
2020,71,228,1,14,PSD,1422,CLUBE PORTUGUES DE NITEROI,RUA PROFESSOR LARA VILELA 176
2020,71,229,1,18,PSD,1422,CLUBE PORTUGUES DE NITEROI,RUA PROFESSOR LARA VILELA 176
2020,71,230,1,21,PSD,1422,CLUBE PORTUGUES DE NITEROI,RUA PROFESSOR LARA VILELA 176
2020,71,231,1,15,PSD,1430,COLEGIO ESTADUAL AURELINO LEAL,RUA PRESIDENTE PEDREIRA 79
2020,71,232,1,11,PSD,1430,COLEGIO ESTADUAL AURELINO LEAL,RUA PRESIDENTE PEDREIRA 79
2020,71,233,1,13,PSD,1430,COLEGIO ESTADUAL AURELINO LEAL,RUA PRESIDENTE PEDREIRA 79
2020,71,234,1,21,PSD,1430,COLEGIO ESTADUAL AURELINO LEAL,RUA PRESIDENTE PEDREIRA 79
2020,71,235,1,14,PSD,1430,COLEGIO ESTADUAL AURELINO LEAL,RUA PRESIDENTE PEDREIRA 79
2020,71,236,1,13,PSD,1430,COLEGIO ESTADUAL AURELINO LEAL,RUA PRESIDENTE PEDREIRA 79
2020,71,237,1,20,PSD,1430,COLEGIO ESTADUAL AURELINO LEAL,RUA PRESIDENTE PEDREIRA 79
2020,71,238,1,23,PSD,1430,COLEGIO ESTADUAL AURELINO LEAL,RUA PRESIDENTE PEDREIRA 79
2020,71,239,1,17,PSD,1449,COLÉGIO ESTADUAL ZULEIKA RAPÔSO VALLADARES (COLÉGIO VELHO),RUA SALO BRAND S/N
2020,71,240,1,15,PSD,1449,COLÉGIO ESTADUAL ZULEIKA RAPÔSO VALLADARES (COLÉGIO VELHO),RUA SALO BRAND S/N
2020,71,241,1,14,PSD,1449,COLÉGIO ESTADUAL ZULEIKA RAPÔSO VALLADARES (COLÉGIO VELHO),RUA SALO BRAND S/N
2020,71,242,1,28,PSD,1449,COLÉGIO ESTADUAL ZULEIKA RAPÔSO VALLADARES (COLÉGIO VELHO),RUA SALO BRAND S/N
2020,71,243,1,13,PSD,1449,COLÉGIO ESTADUAL ZULEIKA RAPÔSO VALLADARES (COLÉGIO VELHO),RUA SALO BRAND S/N
2020,71,244,1,11,PSD,1449,COLÉGIO ESTADUAL ZULEIKA RAPÔSO VALLADARES (COLÉGIO VELHO),RUA SALO BRAND S/N
2020,71,245,1,21,PSD,1449,COLÉGIO ESTADUAL ZULEIKA RAPÔSO VALLADARES (COLÉGIO VELHO),RUA SALO BRAND S/N
2020,71,246,1,23,PSD,1457,ÁGUAS DE NITEROI,RUA MARQUÊS DO PARANÁ 108/110
2020,71,247,1,16,PSD,1457,ÁGUAS DE NITEROI,RUA MARQUÊS DO PARANÁ 108/110
2020,71,248,1,17,PSD,1457,ÁGUAS DE NITEROI,RUA MARQUÊS DO PARANÁ 108/110
2020,71,249,1,15,PSD,1457,ÁGUAS DE NITEROI,RUA MARQUÊS DO PARANÁ 108/110
2020,71,250,1,32,PSD,1465,CENTRO UNIVERSITÁRIO ANHANGUERA (ANTIGO PLÍNIO LEITE),RUA VISCONDE DO RIO BRANCO 123
2020,71,251,1,33,PSD,1465,CENTRO UNIVERSITÁRIO ANHANGUERA (ANTIGO PLÍNIO LEITE),RUA VISCONDE DO RIO BRANCO 123
2020,71,253,1,25,PSD,1465,CENTRO UNIVERSITÁRIO ANHANGUERA (ANTIGO PLÍNIO LEITE),RUA VISCONDE DO RIO BRANCO 123
2020,71,255,1,30,PSD,1465,CENTRO UNIVERSITÁRIO ANHANGUERA (ANTIGO PLÍNIO LEITE),RUA VISCONDE DO RIO BRANCO 123
2020,71,258,1,18,PSD,1465,CENTRO UNIVERSITÁRIO ANHANGUERA (ANTIGO PLÍNIO LEITE),RUA VISCONDE DO RIO BRANCO 123
2020,71,259,1,17,PSD,1465,CENTRO UNIVERSITÁRIO ANHANGUERA (ANTIGO PLÍNIO LEITE),RUA VISCONDE DO RIO BRANCO 123
2020,71,260,1,15,PSD,1465,CENTRO UNIVERSITÁRIO ANHANGUERA (ANTIGO PLÍNIO LEITE),RUA VISCONDE DO RIO BRANCO 123
2020,71,261,1,13,PSD,1465,CENTRO UNIVERSITÁRIO ANHANGUERA (ANTIGO PLÍNIO LEITE),RUA VISCONDE DO RIO BRANCO 123
2020,71,262,1,18,PSD,1465,CENTRO UNIVERSITÁRIO ANHANGUERA (ANTIGO PLÍNIO LEITE),RUA VISCONDE DO RIO BRANCO 123
2020,71,263,1,21,PSD,1600,INSTITUTO DE EDUCAÇÃO PROFESSOR ISMAEL COUTINHO - IEPIC,"TRAVESSA MANOEL CONTINENTINO, 31"
2020,71,264,1,27,PSD,1600,INSTITUTO DE EDUCAÇÃO PROFESSOR ISMAEL COUTINHO - IEPIC,"TRAVESSA MANOEL CONTINENTINO, 31"
2020,71,265,1,14,PSD,1600,INSTITUTO DE EDUCAÇÃO PROFESSOR ISMAEL COUTINHO - IEPIC,"TRAVESSA MANOEL CONTINENTINO, 31"
2020,71,266,1,18,PSD,1600,INSTITUTO DE EDUCAÇÃO PROFESSOR ISMAEL COUTINHO - IEPIC,"TRAVESSA MANOEL CONTINENTINO, 31"
2020,71,267,1,16,PSD,1600,INSTITUTO DE EDUCAÇÃO PROFESSOR ISMAEL COUTINHO - IEPIC,"TRAVESSA MANOEL CONTINENTINO, 31"
2020,71,268,1,8,PSD,1600,INSTITUTO DE EDUCAÇÃO PROFESSOR ISMAEL COUTINHO - IEPIC,"TRAVESSA MANOEL CONTINENTINO, 31"
2020,71,269,1,12,PSD,1481,ESCOLA MUNICIPAL MAESTRO HEITOR VILLA-LOBOS (COLÉGIO NOVO),RUA SALO BRAND S/N
2020,71,27,1,34,PSD,1104,INSTITUTO MAIA VINAGRE,RUA NORONHA TORREZÃO 68
2020,71,270,1,17,PSD,1481,ESCOLA MUNICIPAL MAESTRO HEITOR VILLA-LOBOS (COLÉGIO NOVO),RUA SALO BRAND S/N
2020,71,271,1,17,PSD,1481,ESCOLA MUNICIPAL MAESTRO HEITOR VILLA-LOBOS (COLÉGIO NOVO),RUA SALO BRAND S/N
2020,71,272,1,8,PSD,1481,ESCOLA MUNICIPAL MAESTRO HEITOR VILLA-LOBOS (COLÉGIO NOVO),RUA SALO BRAND S/N
2020,71,273,1,9,PSD,1481,ESCOLA MUNICIPAL MAESTRO HEITOR VILLA-LOBOS (COLÉGIO NOVO),RUA SALO BRAND S/N
2020,71,274,1,9,PSD,1481,ESCOLA MUNICIPAL MAESTRO HEITOR VILLA-LOBOS (COLÉGIO NOVO),RUA SALO BRAND S/N
2020,71,275,1,12,PSD,1481,ESCOLA MUNICIPAL MAESTRO HEITOR VILLA-LOBOS (COLÉGIO NOVO),RUA SALO BRAND S/N
2020,71,276,1,27,PSD,1481,ESCOLA MUNICIPAL MAESTRO HEITOR VILLA-LOBOS (COLÉGIO NOVO),RUA SALO BRAND S/N
2020,71,278,1,22,PSD,1546,UNIVERSIDADE SALGADO DE OLIVEIRA - BL A,RUA MARECHAL DEODORO 217
2020,71,28,1,31,PSD,1104,INSTITUTO MAIA VINAGRE,RUA NORONHA TORREZÃO 68
2020,71,281,1,37,PSD,1546,UNIVERSIDADE SALGADO DE OLIVEIRA - BL A,RUA MARECHAL DEODORO 217
2020,71,284,1,20,PSD,1546,UNIVERSIDADE SALGADO DE OLIVEIRA - BL A,RUA MARECHAL DEODORO 217
2020,71,287,1,25,PSD,1546,UNIVERSIDADE SALGADO DE OLIVEIRA - BL A,RUA MARECHAL DEODORO 217
2020,71,289,1,15,PSD,1600,INSTITUTO DE EDUCAÇÃO PROFESSOR ISMAEL COUTINHO - IEPIC,"TRAVESSA MANOEL CONTINENTINO, 31"
2020,71,29,1,22,PSD,1104,INSTITUTO MAIA VINAGRE,RUA NORONHA TORREZÃO 68
2020,71,291,1,29,PSD,1511,INSTITUTO DE MATEMATICA DA UFF (VALONGUINHO),RUA MÁRIO SANTOS BRAGA S/N
2020,71,293,1,25,PSD,1511,INSTITUTO DE MATEMATICA DA UFF (VALONGUINHO),RUA MÁRIO SANTOS BRAGA S/N
2020,71,295,1,27,PSD,1511,INSTITUTO DE MATEMATICA DA UFF (VALONGUINHO),RUA MÁRIO SANTOS BRAGA S/N
2020,71,297,1,24,PSD,1511,INSTITUTO DE MATEMATICA DA UFF (VALONGUINHO),RUA MÁRIO SANTOS BRAGA S/N
2020,71,299,1,19,PSD,1511,INSTITUTO DE MATEMATICA DA UFF (VALONGUINHO),RUA MÁRIO SANTOS BRAGA S/N
2020,71,3,1,50,PSD,1015,CENTRO EDUCACIONAL DE NITEROI - CENTRINHO,RUA ITAGUAI 173
2020,71,30,1,27,PSD,1104,INSTITUTO MAIA VINAGRE,RUA NORONHA TORREZÃO 68
2020,71,301,1,21,PSD,1511,INSTITUTO DE MATEMATICA DA UFF (VALONGUINHO),RUA MÁRIO SANTOS BRAGA S/N
2020,71,303,1,27,PSD,1511,INSTITUTO DE MATEMATICA DA UFF (VALONGUINHO),RUA MÁRIO SANTOS BRAGA S/N
2020,71,305,1,15,PSD,1520,LOJA MAÇÔNICA EVOLUÇÃO 2,RUA SANTA CLARA 77
2020,71,306,1,9,PSD,1520,LOJA MAÇÔNICA EVOLUÇÃO 2,RUA SANTA CLARA 77
2020,71,307,1,12,PSD,1520,LOJA MAÇÔNICA EVOLUÇÃO 2,RUA SANTA CLARA 77
2020,71,308,1,19,PSD,1520,LOJA MAÇÔNICA EVOLUÇÃO 2,RUA SANTA CLARA 77
2020,71,309,1,25,PSD,1538,FUNDAÇÃO GETÚLIO VARGAS - FGV (EX CENTRÃO),AV ERNANI DO AMARAL PEIXOTO 836
2020,71,31,1,36,PSD,1104,INSTITUTO MAIA VINAGRE,RUA NORONHA TORREZÃO 68
2020,71,313,1,23,PSD,1538,FUNDAÇÃO GETÚLIO VARGAS - FGV (EX CENTRÃO),AV ERNANI DO AMARAL PEIXOTO 836
2020,71,317,1,23,PSD,1538,FUNDAÇÃO GETÚLIO VARGAS - FGV (EX CENTRÃO),AV ERNANI DO AMARAL PEIXOTO 836
2020,71,32,1,34,PSD,1104,INSTITUTO MAIA VINAGRE,RUA NORONHA TORREZÃO 68
2020,71,321,1,20,PSD,1538,FUNDAÇÃO GETÚLIO VARGAS - FGV (EX CENTRÃO),AV ERNANI DO AMARAL PEIXOTO 836
2020,71,324,1,28,PSD,1546,UNIVERSIDADE SALGADO DE OLIVEIRA - BL A,RUA MARECHAL DEODORO 217
2020,71,327,1,38,PSD,1546,UNIVERSIDADE SALGADO DE OLIVEIRA - BL A,RUA MARECHAL DEODORO 217
2020,71,330,1,26,PSD,1546,UNIVERSIDADE SALGADO DE OLIVEIRA - BL A,RUA MARECHAL DEODORO 217
2020,71,332,1,11,PSD,1546,UNIVERSIDADE SALGADO DE OLIVEIRA - BL A,RUA MARECHAL DEODORO 217
2020,71,333,1,20,PSD,1554,FACULDADE DE ENGENHARIA DA UFF,RUA PASSO DA PATRIA 156
2020,71,334,1,10,PSD,1554,FACULDADE DE ENGENHARIA DA UFF,RUA PASSO DA PATRIA 156
2020,71,335,1,28,PSD,1554,FACULDADE DE ENGENHARIA DA UFF,RUA PASSO DA PATRIA 156
2020,71,336,1,14,PSD,1554,FACULDADE DE ENGENHARIA DA UFF,RUA PASSO DA PATRIA 156
2020,71,337,1,16,PSD,1554,FACULDADE DE ENGENHARIA DA UFF,RUA PASSO DA PATRIA 156
2020,71,338,1,7,PSD,1554,FACULDADE DE ENGENHARIA DA UFF,RUA PASSO DA PATRIA 156
2020,71,339,1,35,PSD,1562,COLEGIO ESTADUAL RAUL VIDAL,AVENIDA FELICIANO SODRE 21
2020,71,341,1,17,PSD,1562,COLEGIO ESTADUAL RAUL VIDAL,AVENIDA FELICIANO SODRE 21
2020,71,343,1,30,PSD,1562,COLEGIO ESTADUAL RAUL VIDAL,AVENIDA FELICIANO SODRE 21
2020,71,345,1,21,PSD,1562,COLEGIO ESTADUAL RAUL VIDAL,AVENIDA FELICIANO SODRE 21
2020,71,347,1,25,PSD,1562,COLEGIO ESTADUAL RAUL VIDAL,AVENIDA FELICIANO SODRE 21
2020,71,349,1,31,PSD,1562,COLEGIO ESTADUAL RAUL VIDAL,AVENIDA FELICIANO SODRE 21
2020,71,351,1,18,PSD,1570,COLÉGIO UNIVERSÍTÁRIO DA UFF (CIEP GRAGOATÁ),RUA ALEXANDRE MOURA 8
2020,71,352,1,22,PSD,1570,COLÉGIO UNIVERSÍTÁRIO DA UFF (CIEP GRAGOATÁ),RUA ALEXANDRE MOURA 8
2020,71,353,1,15,PSD,1570,COLÉGIO UNIVERSÍTÁRIO DA UFF (CIEP GRAGOATÁ),RUA ALEXANDRE MOURA 8
2020,71,355,1,24,PSD,1619,COLEGIO SAO VICENTE DE PAULO,RUA MIGUEL DE FRIAS 123
2020,71,356,1,20,PSD,1619,COLEGIO SAO VICENTE DE PAULO,RUA MIGUEL DE FRIAS 123
2020,71,357,1,17,PSD,1619,COLEGIO SAO VICENTE DE PAULO,RUA MIGUEL DE FRIAS 123
2020,71,358,1,32,PSD,1619,COLEGIO SAO VICENTE DE PAULO,RUA MIGUEL DE FRIAS 123
2020,71,360,1,36,PSD,1597,ESCOLA MUNICIPAL SANTOS DUMONT,RUA MANOEL CORREIA S/N
2020,71,362,1,32,PSD,1597,ESCOLA MUNICIPAL SANTOS DUMONT,RUA MANOEL CORREIA S/N
2020,71,364,1,15,PSD,1597,ESCOLA MUNICIPAL SANTOS DUMONT,RUA MANOEL CORREIA S/N
2020,71,365,1,8,PSD,1597,ESCOLA MUNICIPAL SANTOS DUMONT,RUA MANOEL CORREIA S/N
2020,71,366,1,23,PSD,1600,INSTITUTO DE EDUCAÇÃO PROFESSOR ISMAEL COUTINHO - IEPIC,"TRAVESSA MANOEL CONTINENTINO, 31"
2020,71,369,1,27,PSD,1600,INSTITUTO DE EDUCAÇÃO PROFESSOR ISMAEL COUTINHO - IEPIC,"TRAVESSA MANOEL CONTINENTINO, 31"
2020,71,372,1,29,PSD,1600,INSTITUTO DE EDUCAÇÃO PROFESSOR ISMAEL COUTINHO - IEPIC,"TRAVESSA MANOEL CONTINENTINO, 31"
2020,71,375,1,10,PSD,1600,INSTITUTO DE EDUCAÇÃO PROFESSOR ISMAEL COUTINHO - IEPIC,"TRAVESSA MANOEL CONTINENTINO, 31"
2020,71,377,1,31,PSD,1619,COLEGIO SAO VICENTE DE PAULO,RUA MIGUEL DE FRIAS 123
2020,71,380,1,40,PSD,1619,COLEGIO SAO VICENTE DE PAULO,RUA MIGUEL DE FRIAS 123
2020,71,383,1,25,PSD,1619,COLEGIO SAO VICENTE DE PAULO,RUA MIGUEL DE FRIAS 123
2020,71,386,1,26,PSD,1619,COLEGIO SAO VICENTE DE PAULO,RUA MIGUEL DE FRIAS 123
2020,71,389,1,28,PSD,1619,COLEGIO SAO VICENTE DE PAULO,RUA MIGUEL DE FRIAS 123
2020,71,392,1,29,PSD,1627,REITORIA DA UFF,RUA MIGUEL DE FRIAS 9
2020,71,393,1,31,PSD,1627,REITORIA DA UFF,RUA MIGUEL DE FRIAS 9
2020,71,394,1,19,PSD,1627,REITORIA DA UFF,RUA MIGUEL DE FRIAS 9
2020,71,397,1,22,PSD,1643,JARDIM DE INFÂNCIA ALBERTO DE OLIVEIRA,RUA EVARISTO DA VEIGA 108
2020,71,398,1,17,PSD,1643,JARDIM DE INFÂNCIA ALBERTO DE OLIVEIRA,RUA EVARISTO DA VEIGA 108
2020,71,4,1,34,PSD,1015,CENTRO EDUCACIONAL DE NITEROI - CENTRINHO,RUA ITAGUAI 173
2020,71,401,1,31,PSD,1651,FACULDADE DE ENFERMAGEM DA UFF,RUA DR CELESTINO 74
2020,71,404,1,15,PSD,1651,FACULDADE DE ENFERMAGEM DA UFF,RUA DR CELESTINO 74
2020,71,407,1,21,PSD,1651,FACULDADE DE ENFERMAGEM DA UFF,RUA DR CELESTINO 74
2020,71,409,1,14,PSD,1660,FACULDADE DE DIREITO DA UFF - UFF - DIREITO 1,RUA PRESIDENTE PEDREIRA 62
2020,71,410,1,23,PSD,1660,FACULDADE DE DIREITO DA UFF - UFF - DIREITO 1,RUA PRESIDENTE PEDREIRA 62
2020,71,411,1,25,PSD,1660,FACULDADE DE DIREITO DA UFF - UFF - DIREITO 1,RUA PRESIDENTE PEDREIRA 62
2020,71,412,1,23,PSD,1660,FACULDADE DE DIREITO DA UFF - UFF - DIREITO 1,RUA PRESIDENTE PEDREIRA 62
2020,71,413,1,23,PSD,1660,FACULDADE DE DIREITO DA UFF - UFF - DIREITO 1,RUA PRESIDENTE PEDREIRA 62
2020,71,414,1,20,PSD,1660,FACULDADE DE DIREITO DA UFF - UFF - DIREITO 1,RUA PRESIDENTE PEDREIRA 62
2020,71,415,1,21,PSD,1660,FACULDADE DE DIREITO DA UFF - UFF - DIREITO 1,RUA PRESIDENTE PEDREIRA 62
2020,71,416,1,16,PSD,1660,FACULDADE DE DIREITO DA UFF - UFF - DIREITO 1,RUA PRESIDENTE PEDREIRA 62
2020,71,417,1,18,PSD,1660,FACULDADE DE DIREITO DA UFF - UFF - DIREITO 1,RUA PRESIDENTE PEDREIRA 62
2020,71,418,1,18,PSD,1660,FACULDADE DE DIREITO DA UFF - UFF - DIREITO 1,RUA PRESIDENTE PEDREIRA 62
2020,71,419,1,19,PSD,1660,FACULDADE DE DIREITO DA UFF - UFF - DIREITO 1,RUA PRESIDENTE PEDREIRA 62
2020,71,420,1,18,PSD,1660,FACULDADE DE DIREITO DA UFF - UFF - DIREITO 1,RUA PRESIDENTE PEDREIRA 62
2020,71,421,1,28,PSD,1678,LICEU NILO PEÇANHA,AV ERNANI DO AMARAL PEIXOTO 707
2020,71,423,1,16,PSD,1678,LICEU NILO PEÇANHA,AV ERNANI DO AMARAL PEIXOTO 707
2020,71,425,1,46,PSD,1678,LICEU NILO PEÇANHA,AV ERNANI DO AMARAL PEIXOTO 707
2020,71,427,1,21,PSD,1678,LICEU NILO PEÇANHA,AV ERNANI DO AMARAL PEIXOTO 707
2020,71,429,1,28,PSD,1678,LICEU NILO PEÇANHA,AV ERNANI DO AMARAL PEIXOTO 707
2020,71,431,1,35,PSD,1678,LICEU NILO PEÇANHA,AV ERNANI DO AMARAL PEIXOTO 707
2020,71,433,1,16,PSD,1678,LICEU NILO PEÇANHA,AV ERNANI DO AMARAL PEIXOTO 707
2020,71,435,1,10,PSD,1678,LICEU NILO PEÇANHA,AV ERNANI DO AMARAL PEIXOTO 707
2020,71,436,1,32,PSD,1600,INSTITUTO DE EDUCAÇÃO PROFESSOR ISMAEL COUTINHO - IEPIC,"TRAVESSA MANOEL CONTINENTINO, 31"
2020,71,440,1,24,PSD,1694,RIO CRICKET,RUA FAGUNDES VARELA 637
2020,71,441,1,32,PSD,1694,RIO CRICKET,RUA FAGUNDES VARELA 637
2020,71,442,1,19,PSD,1694,RIO CRICKET,RUA FAGUNDES VARELA 637
2020,71,443,1,31,PSD,1694,RIO CRICKET,RUA FAGUNDES VARELA 637
2020,71,444,1,15,PSD,1694,RIO CRICKET,RUA FAGUNDES VARELA 637
2020,71,446,1,14,PSD,1260,INSTITUTO ABEL,AV. ROBERTO SILVEIRA 29
2020,71,5,1,37,PSD,1015,CENTRO EDUCACIONAL DE NITEROI - CENTRINHO,RUA ITAGUAI 173
2020,71,6,1,56,PSD,1015,CENTRO EDUCACIONAL DE NITEROI - CENTRINHO,RUA ITAGUAI 173
2020,71,69,1,20,PSD,1244,ESCOLA ESTADUAL MANUEL DE ABREU,RUA LOPES TROVAO 287-A
2020,71,70,1,16,PSD,1244,ESCOLA ESTADUAL MANUEL DE ABREU,RUA LOPES TROVAO 287-A
2020,71,71,1,19,PSD,1260,INSTITUTO ABEL,AV. ROBERTO SILVEIRA 29
2020,71,72,1,28,PSD,1260,INSTITUTO ABEL,AV. ROBERTO SILVEIRA 29
2020,71,73,1,27,PSD,1260,INSTITUTO ABEL,AV. ROBERTO SILVEIRA 29
2020,71,74,1,32,PSD,1260,INSTITUTO ABEL,AV. ROBERTO SILVEIRA 29
2020,71,75,1,27,PSD,1368,INSTITUTO SÃO JOSÉ,RUA GERALDO MARTINS 166
2020,71,76,1,29,PSD,1368,INSTITUTO SÃO JOSÉ,RUA GERALDO MARTINS 166
2020,71,77,1,18,PSD,1244,ESCOLA ESTADUAL MANUEL DE ABREU,RUA LOPES TROVAO 287-A
2020,71,78,1,25,PSD,1244,ESCOLA ESTADUAL MANUEL DE ABREU,RUA LOPES TROVAO 287-A
2020,71,79,1,24,PSD,1244,ESCOLA ESTADUAL MANUEL DE ABREU,RUA LOPES TROVAO 287-A
2020,71,80,1,24,PSD,1317,ESCOLA ESTADUAL BALTAZAR BERNARDINO,RUA MARIZ E BARROS 444
2020,71,81,1,15,PSD,1317,ESCOLA ESTADUAL BALTAZAR BERNARDINO,RUA MARIZ E BARROS 444
2020,71,82,1,20,PSD,1260,INSTITUTO ABEL,AV. ROBERTO SILVEIRA 29
2020,71,83,1,19,PSD,1260,INSTITUTO ABEL,AV. ROBERTO SILVEIRA 29
2020,71,84,1,26,PSD,1260,INSTITUTO ABEL,AV. ROBERTO SILVEIRA 29
2020,71,85,1,12,PSD,1333,PARÓQUIA NOSSA SENHORA AUXILIADORA - CENTRO COMUNITÁRIO,"RUA SANTA ROSA, 216"
2020,71,86,1,41,PSD,1015,CENTRO EDUCACIONAL DE NITEROI - CENTRINHO,RUA ITAGUAI 173
2020,71,87,1,37,PSD,1015,CENTRO EDUCACIONAL DE NITEROI - CENTRINHO,RUA ITAGUAI 173
2020,71,88,1,15,PSD,1295,COLEGIO SALESIANO SANTA ROSA,RUA SANTA ROSA 207
2020,71,89,1,28,PSD,1295,COLEGIO SALESIANO SANTA ROSA,RUA SANTA ROSA 207
2020,71,90,1,23,PSD,1295,COLEGIO SALESIANO SANTA ROSA,RUA SANTA ROSA 207
2020,71,91,1,31,PSD,1295,COLEGIO SALESIANO SANTA ROSA,RUA SANTA ROSA 207
2020,71,92,1,10,PSD,1295,COLEGIO SALESIANO SANTA ROSA,RUA SANTA ROSA 207
2020,71,93,1,11,PSD,1295,COLEGIO SALESIANO SANTA ROSA,RUA SANTA ROSA 207
2020,71,94,1,34,PSD,1295,COLEGIO SALESIANO SANTA ROSA,RUA SANTA ROSA 207
2020,71,95,1,20,PSD,1295,COLEGIO SALESIANO SANTA ROSA,RUA SANTA ROSA 207
2020,71,96,1,18,PSD,1295,COLEGIO SALESIANO SANTA ROSA,RUA SANTA ROSA 207
2020,71,97,1,26,PSD,1295,COLEGIO SALESIANO SANTA ROSA,RUA SANTA ROSA 207
2020,71,98,1,29,PSD,1295,COLEGIO SALESIANO SANTA ROSA,RUA SANTA ROSA 207
2020,71,99,1,25,PSD,1295,COLEGIO SALESIANO SANTA ROSA,RUA SANTA ROSA 207
2020,72,1,1,22,PSD,1015,ESCOLA ESTADUAL DR LUCIANO PESTRE,AV PASTOR JOSE GOMES DE SOUZA S/N
2020,72,10,1,21,PSD,1040,CIEP 447 - CARAMUJO,RODOVIA AMARAL PEIXOTO KM 2
2020,72,113,1,15,PSD,1368,ESCOLA MUNICIPAL VILA COSTA MONTEIRO,RUA ITITIOCA S/N
2020,72,114,1,32,PSD,1368,ESCOLA MUNICIPAL VILA COSTA MONTEIRO,RUA ITITIOCA S/N
2020,72,118,1,25,PSD,1040,CIEP 447 - CARAMUJO,RODOVIA AMARAL PEIXOTO KM 2
2020,72,12,1,20,PSD,1040,CIEP 447 - CARAMUJO,RODOVIA AMARAL PEIXOTO KM 2
2020,72,120,1,33,PSD,1449,CIEP 450 - BADU,ESTRADA CAETANO MONTEIRO S/N
2020,72,121,1,22,PSD,1015,ESCOLA ESTADUAL DR LUCIANO PESTRE,AV PASTOR JOSE GOMES DE SOUZA S/N
2020,72,122,1,53,PSD,1074,COLEGIO ESTADUAL PAULO ASSIS RIBEIRO,ESTRADA CAETANO MONTEIRO 814
2020,72,123,1,32,PSD,1112,ESCOLA ESTADUAL LEOPOLDO FROES,RUA REVERENDO ARMANDO FERREIRA  S/N
2020,72,126,1,30,PSD,1180,ESCOLA MUNICIPAL RACHIDE DA GLORIA SALIM SAKER,RUA JANDIRA PEREIRA 620
2020,72,130,1,37,PSD,1147,ESCOLA MUNICIPAL VERA LUCIA MACHADO,RUA ALDEMAR DE PAIVA LOTE 7 E 8
2020,72,131,1,42,PSD,1449,CIEP 450 - BADU,ESTRADA CAETANO MONTEIRO S/N
2020,72,132,1,32,PSD,1368,ESCOLA MUNICIPAL VILA COSTA MONTEIRO,RUA ITITIOCA S/N
2020,72,133,1,45,PSD,1074,COLEGIO ESTADUAL PAULO ASSIS RIBEIRO,ESTRADA CAETANO MONTEIRO 814
2020,72,136,1,44,PSD,1112,ESCOLA ESTADUAL LEOPOLDO FROES,RUA REVERENDO ARMANDO FERREIRA  S/N
2020,72,139,1,28,PSD,1171,ESCOLA MUNICIPAL ANTONIO COUTINHO DE AZEVEDO,AV DES NESTOR RODRIGUES PERLINGEIRO S/N
2020,72,14,1,18,PSD,1040,CIEP 447 - CARAMUJO,RODOVIA AMARAL PEIXOTO KM 2
2020,72,143,1,17,PSD,1015,ESCOLA ESTADUAL DR LUCIANO PESTRE,AV PASTOR JOSE GOMES DE SOUZA S/N
2020,72,144,1,42,PSD,1112,ESCOLA ESTADUAL LEOPOLDO FROES,RUA REVERENDO ARMANDO FERREIRA  S/N
2020,72,146,1,27,PSD,1171,ESCOLA MUNICIPAL ANTONIO COUTINHO DE AZEVEDO,AV DES NESTOR RODRIGUES PERLINGEIRO S/N
2020,72,147,1,40,PSD,1074,COLEGIO ESTADUAL PAULO ASSIS RIBEIRO,ESTRADA CAETANO MONTEIRO 814
2020,72,149,1,15,PSD,1015,ESCOLA ESTADUAL DR LUCIANO PESTRE,AV PASTOR JOSE GOMES DE SOUZA S/N
2020,72,150,1,35,PSD,1449,CIEP 450 - BADU,ESTRADA CAETANO MONTEIRO S/N
2020,72,156,1,26,PSD,1368,ESCOLA MUNICIPAL VILA COSTA MONTEIRO,RUA ITITIOCA S/N
2020,72,159,1,44,PSD,1449,CIEP 450 - BADU,ESTRADA CAETANO MONTEIRO S/N
2020,72,16,1,12,PSD,1015,ESCOLA ESTADUAL DR LUCIANO PESTRE,AV PASTOR JOSE GOMES DE SOUZA S/N
2020,72,160,1,51,PSD,1147,ESCOLA MUNICIPAL VERA LUCIA MACHADO,RUA ALDEMAR DE PAIVA LOTE 7 E 8
2020,72,162,1,20,PSD,1171,ESCOLA MUNICIPAL ANTONIO COUTINHO DE AZEVEDO,AV DES NESTOR RODRIGUES PERLINGEIRO S/N
2020,72,163,1,31,PSD,1449,CIEP 450 - BADU,ESTRADA CAETANO MONTEIRO S/N
2020,72,168,1,38,PSD,1074,COLEGIO ESTADUAL PAULO ASSIS RIBEIRO,ESTRADA CAETANO MONTEIRO 814
2020,72,173,1,31,PSD,1449,CIEP 450 - BADU,ESTRADA CAETANO MONTEIRO S/N
2020,72,174,1,24,PSD,1473,COLÉGIO FORUM CULTURAL,ESTRADA FRANCISCO DA CRUZ NUNES 2454
2020,72,177,1,15,PSD,1015,ESCOLA ESTADUAL DR LUCIANO PESTRE,AV PASTOR JOSE GOMES DE SOUZA S/N
2020,72,178,1,17,PSD,1171,ESCOLA MUNICIPAL ANTONIO COUTINHO DE AZEVEDO,AV DES NESTOR RODRIGUES PERLINGEIRO S/N
2020,72,18,1,21,PSD,1449,CIEP 450 - BADU,ESTRADA CAETANO MONTEIRO S/N
2020,72,181,1,23,PSD,1473,COLÉGIO FORUM CULTURAL,ESTRADA FRANCISCO DA CRUZ NUNES 2454
2020,72,184,1,37,PSD,1147,ESCOLA MUNICIPAL VERA LUCIA MACHADO,RUA ALDEMAR DE PAIVA LOTE 7 E 8
2020,72,185,1,34,PSD,1368,ESCOLA MUNICIPAL VILA COSTA MONTEIRO,RUA ITITIOCA S/N
2020,72,186,1,20,PSD,1473,COLÉGIO FORUM CULTURAL,ESTRADA FRANCISCO DA CRUZ NUNES 2454
2020,72,187,1,26,PSD,1473,COLÉGIO FORUM CULTURAL,ESTRADA FRANCISCO DA CRUZ NUNES 2454
2020,72,188,1,24,PSD,1040,CIEP 447 - CARAMUJO,RODOVIA AMARAL PEIXOTO KM 2
2020,72,189,1,30,PSD,1074,COLEGIO ESTADUAL PAULO ASSIS RIBEIRO,ESTRADA CAETANO MONTEIRO 814
2020,72,19,1,22,PSD,1449,CIEP 450 - BADU,ESTRADA CAETANO MONTEIRO S/N
2020,72,190,1,55,PSD,1074,COLEGIO ESTADUAL PAULO ASSIS RIBEIRO,ESTRADA CAETANO MONTEIRO 814
2020,72,191,1,27,PSD,1473,COLÉGIO FORUM CULTURAL,ESTRADA FRANCISCO DA CRUZ NUNES 2454
2020,72,192,1,30,PSD,1449,CIEP 450 - BADU,ESTRADA CAETANO MONTEIRO S/N
2020,72,193,1,21,PSD,1473,COLÉGIO FORUM CULTURAL,ESTRADA FRANCISCO DA CRUZ NUNES 2454
2020,72,194,1,35,PSD,1368,ESCOLA MUNICIPAL VILA COSTA MONTEIRO,RUA ITITIOCA S/N
2020,72,195,1,33,PSD,1449,CIEP 450 - BADU,ESTRADA CAETANO MONTEIRO S/N
2020,72,196,1,38,PSD,1147,ESCOLA MUNICIPAL VERA LUCIA MACHADO,RUA ALDEMAR DE PAIVA LOTE 7 E 8
2020,72,198,1,11,PSD,1180,ESCOLA MUNICIPAL RACHIDE DA GLORIA SALIM SAKER,RUA JANDIRA PEREIRA 620
2020,72,199,1,35,PSD,1368,ESCOLA MUNICIPAL VILA COSTA MONTEIRO,RUA ITITIOCA S/N
2020,72,20,1,38,PSD,1449,CIEP 450 - BADU,ESTRADA CAETANO MONTEIRO S/N
2020,72,201,1,29,PSD,1473,COLÉGIO FORUM CULTURAL,ESTRADA FRANCISCO DA CRUZ NUNES 2454
2020,72,202,1,27,PSD,1074,COLEGIO ESTADUAL PAULO ASSIS RIBEIRO,ESTRADA CAETANO MONTEIRO 814
2020,72,203,1,35,PSD,1449,CIEP 450 - BADU,ESTRADA CAETANO MONTEIRO S/N
2020,72,205,1,27,PSD,1368,ESCOLA MUNICIPAL VILA COSTA MONTEIRO,RUA ITITIOCA S/N
2020,72,207,1,21,PSD,1473,COLÉGIO FORUM CULTURAL,ESTRADA FRANCISCO DA CRUZ NUNES 2454
2020,72,208,1,14,PSD,1180,ESCOLA MUNICIPAL RACHIDE DA GLORIA SALIM SAKER,RUA JANDIRA PEREIRA 620
2020,72,209,1,30,PSD,1074,COLEGIO ESTADUAL PAULO ASSIS RIBEIRO,ESTRADA CAETANO MONTEIRO 814
2020,72,21,1,27,PSD,1449,CIEP 450 - BADU,ESTRADA CAETANO MONTEIRO S/N
2020,72,210,1,41,PSD,1074,COLEGIO ESTADUAL PAULO ASSIS RIBEIRO,ESTRADA CAETANO MONTEIRO 814
2020,72,211,1,36,PSD,1368,ESCOLA MUNICIPAL VILA COSTA MONTEIRO,RUA ITITIOCA S/N
2020,72,212,1,22,PSD,1040,CIEP 447 - CARAMUJO,RODOVIA AMARAL PEIXOTO KM 2
2020,72,213,1,30,PSD,1147,ESCOLA MUNICIPAL VERA LUCIA MACHADO,RUA ALDEMAR DE PAIVA LOTE 7 E 8
2020,72,214,1,14,PSD,1473,COLÉGIO FORUM CULTURAL,ESTRADA FRANCISCO DA CRUZ NUNES 2454
2020,72,215,1,30,PSD,1074,COLEGIO ESTADUAL PAULO ASSIS RIBEIRO,ESTRADA CAETANO MONTEIRO 814
2020,72,218,1,16,PSD,1180,ESCOLA MUNICIPAL RACHIDE DA GLORIA SALIM SAKER,RUA JANDIRA PEREIRA 620
2020,72,219,1,34,PSD,1074,COLEGIO ESTADUAL PAULO ASSIS RIBEIRO,ESTRADA CAETANO MONTEIRO 814
2020,72,22,1,30,PSD,1449,CIEP 450 - BADU,ESTRADA CAETANO MONTEIRO S/N
2020,72,220,1,29,PSD,1368,ESCOLA MUNICIPAL VILA COSTA MONTEIRO,RUA ITITIOCA S/N
2020,72,221,1,26,PSD,1449,CIEP 450 - BADU,ESTRADA CAETANO MONTEIRO S/N
2020,72,222,1,32,PSD,1520,ESCOLA MUNICIPAL LEVI CARNEIRO,ESTRADA WASHINGTON LUIS 488
2020,72,223,1,31,PSD,1520,ESCOLA MUNICIPAL LEVI CARNEIRO,ESTRADA WASHINGTON LUIS 488
2020,72,224,1,43,PSD,1520,ESCOLA MUNICIPAL LEVI CARNEIRO,ESTRADA WASHINGTON LUIS 488
2020,72,225,1,39,PSD,1520,ESCOLA MUNICIPAL LEVI CARNEIRO,ESTRADA WASHINGTON LUIS 488
2020,72,226,1,48,PSD,1520,ESCOLA MUNICIPAL LEVI CARNEIRO,ESTRADA WASHINGTON LUIS 488
2020,72,227,1,38,PSD,1520,ESCOLA MUNICIPAL LEVI CARNEIRO,ESTRADA WASHINGTON LUIS 488
2020,72,228,1,31,PSD,1520,ESCOLA MUNICIPAL LEVI CARNEIRO,ESTRADA WASHINGTON LUIS 488
2020,72,229,1,36,PSD,1520,ESCOLA MUNICIPAL LEVI CARNEIRO,ESTRADA WASHINGTON LUIS 488
2020,72,23,1,33,PSD,1074,COLEGIO ESTADUAL PAULO ASSIS RIBEIRO,ESTRADA CAETANO MONTEIRO 814
2020,72,230,1,49,PSD,1520,ESCOLA MUNICIPAL LEVI CARNEIRO,ESTRADA WASHINGTON LUIS 488
2020,72,231,1,33,PSD,1520,ESCOLA MUNICIPAL LEVI CARNEIRO,ESTRADA WASHINGTON LUIS 488
2020,72,232,1,41,PSD,1520,ESCOLA MUNICIPAL LEVI CARNEIRO,ESTRADA WASHINGTON LUIS 488
2020,72,233,1,20,PSD,1520,ESCOLA MUNICIPAL LEVI CARNEIRO,ESTRADA WASHINGTON LUIS 488
2020,72,234,1,29,PSD,1520,ESCOLA MUNICIPAL LEVI CARNEIRO,ESTRADA WASHINGTON LUIS 488
2020,72,235,1,29,PSD,1520,ESCOLA MUNICIPAL LEVI CARNEIRO,ESTRADA WASHINGTON LUIS 488
2020,72,236,1,36,PSD,1520,ESCOLA MUNICIPAL LEVI CARNEIRO,ESTRADA WASHINGTON LUIS 488
2020,72,237,1,32,PSD,1538,ESCOLA CATAVENTO ESPAÇO DE EDUCAÇÃO,"ESTRADA WASHINGTON LUIZ, 224"
2020,72,238,1,63,PSD,1538,ESCOLA CATAVENTO ESPAÇO DE EDUCAÇÃO,"ESTRADA WASHINGTON LUIZ, 224"
2020,72,239,1,27,PSD,1546,COLÉGIO GOMES PEREIRA,AVENIDA RUI BARBOSA 1250
2020,72,24,1,41,PSD,1074,COLEGIO ESTADUAL PAULO ASSIS RIBEIRO,ESTRADA CAETANO MONTEIRO 814
2020,72,240,1,22,PSD,1546,COLÉGIO GOMES PEREIRA,AVENIDA RUI BARBOSA 1250
2020,72,241,1,53,PSD,1546,COLÉGIO GOMES PEREIRA,AVENIDA RUI BARBOSA 1250
2020,72,242,1,58,PSD,1538,ESCOLA CATAVENTO ESPAÇO DE EDUCAÇÃO,"ESTRADA WASHINGTON LUIZ, 224"
2020,72,243,1,23,PSD,1473,COLÉGIO FORUM CULTURAL,ESTRADA FRANCISCO DA CRUZ NUNES 2454
2020,72,244,1,42,PSD,1554,JARDIM ESCOLA GIRASSÓIS,"ESTRADA CAETANO MONTEIRO, 820"
2020,72,245,1,19,PSD,1368,ESCOLA MUNICIPAL VILA COSTA MONTEIRO,RUA ITITIOCA S/N
2020,72,246,1,32,PSD,1147,ESCOLA MUNICIPAL VERA LUCIA MACHADO,RUA ALDEMAR DE PAIVA LOTE 7 E 8
2020,72,247,1,40,PSD,1554,JARDIM ESCOLA GIRASSÓIS,"ESTRADA CAETANO MONTEIRO, 820"
2020,72,249,1,31,PSD,1554,JARDIM ESCOLA GIRASSÓIS,"ESTRADA CAETANO MONTEIRO, 820"
2020,72,25,1,49,PSD,1074,COLEGIO ESTADUAL PAULO ASSIS RIBEIRO,ESTRADA CAETANO MONTEIRO 814
2020,72,250,1,41,PSD,1554,JARDIM ESCOLA GIRASSÓIS,"ESTRADA CAETANO MONTEIRO, 820"
2020,72,252,1,34,PSD,1554,JARDIM ESCOLA GIRASSÓIS,"ESTRADA CAETANO MONTEIRO, 820"
2020,72,253,1,37,PSD,1562,ESCOLA MUNICIPAL HELENA ANTIPOFF,RUA RUI BARBOSA 710
2020,72,255,1,24,PSD,1562,ESCOLA MUNICIPAL HELENA ANTIPOFF,RUA RUI BARBOSA 710
2020,72,256,1,27,PSD,1562,ESCOLA MUNICIPAL HELENA ANTIPOFF,RUA RUI BARBOSA 710
2020,72,257,1,26,PSD,1562,ESCOLA MUNICIPAL HELENA ANTIPOFF,RUA RUI BARBOSA 710
2020,72,258,1,16,PSD,1570,IGREJA DO SANTUARIO NACIONAL DAS ALMAS,RUA ALVARES DE AZEVEDO 237
2020,72,259,1,29,PSD,1570,IGREJA DO SANTUARIO NACIONAL DAS ALMAS,RUA ALVARES DE AZEVEDO 237
2020,72,26,1,31,PSD,1074,COLEGIO ESTADUAL PAULO ASSIS RIBEIRO,ESTRADA CAETANO MONTEIRO 814
2020,72,260,1,21,PSD,1570,IGREJA DO SANTUARIO NACIONAL DAS ALMAS,RUA ALVARES DE AZEVEDO 237
2020,72,261,1,29,PSD,1570,IGREJA DO SANTUARIO NACIONAL DAS ALMAS,RUA ALVARES DE AZEVEDO 237
2020,72,262,1,14,PSD,1570,IGREJA DO SANTUARIO NACIONAL DAS ALMAS,RUA ALVARES DE AZEVEDO 237
2020,72,264,1,17,PSD,1570,IGREJA DO SANTUARIO NACIONAL DAS ALMAS,RUA ALVARES DE AZEVEDO 237
2020,72,265,1,28,PSD,1570,IGREJA DO SANTUARIO NACIONAL DAS ALMAS,RUA ALVARES DE AZEVEDO 237
2020,72,266,1,21,PSD,1589,COLÉGIO GAY-LUSSAC,RUA MARIA CALDAS 35
2020,72,267,1,18,PSD,1589,COLÉGIO GAY-LUSSAC,RUA MARIA CALDAS 35
2020,72,268,1,25,PSD,1589,COLÉGIO GAY-LUSSAC,RUA MARIA CALDAS 35
2020,72,269,1,16,PSD,1589,COLÉGIO GAY-LUSSAC,RUA MARIA CALDAS 35
2020,72,27,1,34,PSD,1449,CIEP 450 - BADU,ESTRADA CAETANO MONTEIRO S/N
2020,72,270,1,25,PSD,1589,COLÉGIO GAY-LUSSAC,RUA MARIA CALDAS 35
2020,72,271,1,14,PSD,1589,COLÉGIO GAY-LUSSAC,RUA MARIA CALDAS 35
2020,72,272,1,28,PSD,1589,COLÉGIO GAY-LUSSAC,RUA MARIA CALDAS 35
2020,72,273,1,15,PSD,1589,COLÉGIO GAY-LUSSAC,RUA MARIA CALDAS 35
2020,72,274,1,21,PSD,1597,COLÉGIO PONTO DE ENSINO,RUA OSWALDO CRUZ 32
2020,72,275,1,22,PSD,1597,COLÉGIO PONTO DE ENSINO,RUA OSWALDO CRUZ 32
2020,72,276,1,25,PSD,1597,COLÉGIO PONTO DE ENSINO,RUA OSWALDO CRUZ 32
2020,72,277,1,24,PSD,1597,COLÉGIO PONTO DE ENSINO,RUA OSWALDO CRUZ 32
2020,72,278,1,22,PSD,1597,COLÉGIO PONTO DE ENSINO,RUA OSWALDO CRUZ 32
2020,72,279,1,20,PSD,1597,COLÉGIO PONTO DE ENSINO,RUA OSWALDO CRUZ 32
2020,72,28,1,42,PSD,1449,CIEP 450 - BADU,ESTRADA CAETANO MONTEIRO S/N
2020,72,280,1,29,PSD,1597,COLÉGIO PONTO DE ENSINO,RUA OSWALDO CRUZ 32
2020,72,281,1,19,PSD,1597,COLÉGIO PONTO DE ENSINO,RUA OSWALDO CRUZ 32
2020,72,282,1,20,PSD,1597,COLÉGIO PONTO DE ENSINO,RUA OSWALDO CRUZ 32
2020,72,283,1,14,PSD,1597,COLÉGIO PONTO DE ENSINO,RUA OSWALDO CRUZ 32
2020,72,284,1,20,PSD,1600,BANCO ITAU,RUA GAVIAO PEIXOTO 166
2020,72,285,1,37,PSD,1600,BANCO ITAU,RUA GAVIAO PEIXOTO 166
2020,72,286,1,12,PSD,1600,BANCO ITAU,RUA GAVIAO PEIXOTO 166
2020,72,287,1,34,PSD,1619,COLEGIO ESTADUAL JOAQUIM TAVORA,PRAÇA PREF.FERRAZ-CAMPO DE SAO BENTO S/N
2020,72,289,1,27,PSD,1619,COLEGIO ESTADUAL JOAQUIM TAVORA,PRAÇA PREF.FERRAZ-CAMPO DE SAO BENTO S/N
2020,72,29,1,41,PSD,1449,CIEP 450 - BADU,ESTRADA CAETANO MONTEIRO S/N
2020,72,291,1,22,PSD,1619,COLEGIO ESTADUAL JOAQUIM TAVORA,PRAÇA PREF.FERRAZ-CAMPO DE SAO BENTO S/N
2020,72,293,1,18,PSD,1619,COLEGIO ESTADUAL JOAQUIM TAVORA,PRAÇA PREF.FERRAZ-CAMPO DE SAO BENTO S/N
2020,72,295,1,30,PSD,1619,COLEGIO ESTADUAL JOAQUIM TAVORA,PRAÇA PREF.FERRAZ-CAMPO DE SAO BENTO S/N
2020,72,297,1,22,PSD,1619,COLEGIO ESTADUAL JOAQUIM TAVORA,PRAÇA PREF.FERRAZ-CAMPO DE SAO BENTO S/N
2020,72,299,1,12,PSD,1619,COLEGIO ESTADUAL JOAQUIM TAVORA,PRAÇA PREF.FERRAZ-CAMPO DE SAO BENTO S/N
2020,72,3,1,11,PSD,1015,ESCOLA ESTADUAL DR LUCIANO PESTRE,AV PASTOR JOSE GOMES DE SOUZA S/N
2020,72,30,1,38,PSD,1449,CIEP 450 - BADU,ESTRADA CAETANO MONTEIRO S/N
2020,72,300,1,31,PSD,1619,COLEGIO ESTADUAL JOAQUIM TAVORA,PRAÇA PREF.FERRAZ-CAMPO DE SAO BENTO S/N
2020,72,302,1,14,PSD,1627,ESCOLA MUNICIPAL PROFESSORA LUCIA MARIA SILVEIRA ROCHA,"AV. CARLOS ERMELINDO MARINS, 34"
2020,72,303,1,16,PSD,1627,ESCOLA MUNICIPAL PROFESSORA LUCIA MARIA SILVEIRA ROCHA,"AV. CARLOS ERMELINDO MARINS, 34"
2020,72,304,1,14,PSD,1627,ESCOLA MUNICIPAL PROFESSORA LUCIA MARIA SILVEIRA ROCHA,"AV. CARLOS ERMELINDO MARINS, 34"
2020,72,305,1,23,PSD,1627,ESCOLA MUNICIPAL PROFESSORA LUCIA MARIA SILVEIRA ROCHA,"AV. CARLOS ERMELINDO MARINS, 34"
2020,72,306,1,18,PSD,1627,ESCOLA MUNICIPAL PROFESSORA LUCIA MARIA SILVEIRA ROCHA,"AV. CARLOS ERMELINDO MARINS, 34"
2020,72,307,1,17,PSD,1627,ESCOLA MUNICIPAL PROFESSORA LUCIA MARIA SILVEIRA ROCHA,"AV. CARLOS ERMELINDO MARINS, 34"
2020,72,308,1,21,PSD,1627,ESCOLA MUNICIPAL PROFESSORA LUCIA MARIA SILVEIRA ROCHA,"AV. CARLOS ERMELINDO MARINS, 34"
2020,72,309,1,22,PSD,1627,ESCOLA MUNICIPAL PROFESSORA LUCIA MARIA SILVEIRA ROCHA,"AV. CARLOS ERMELINDO MARINS, 34"
2020,72,310,1,17,PSD,1635,BANCO BRADESCO,RUA GAVIAO PEIXOTO 108
2020,72,311,1,32,PSD,1635,BANCO BRADESCO,RUA GAVIAO PEIXOTO 108
2020,72,313,1,39,PSD,1643,CENTRO MODERNO ALZIRA BITTENCOURT,"RUA MEM DE SÁ, 71"
2020,72,315,1,22,PSD,1643,CENTRO MODERNO ALZIRA BITTENCOURT,"RUA MEM DE SÁ, 71"
2020,72,316,1,20,PSD,1643,CENTRO MODERNO ALZIRA BITTENCOURT,"RUA MEM DE SÁ, 71"
2020,72,317,1,28,PSD,1651,PH COLÉGIO,RUA ALVARES DE AZEVEDO 237
2020,72,319,1,39,PSD,1651,PH COLÉGIO,RUA ALVARES DE AZEVEDO 237
2020,72,321,1,23,PSD,1651,PH COLÉGIO,RUA ALVARES DE AZEVEDO 237
2020,72,322,1,13,PSD,1651,PH COLÉGIO,RUA ALVARES DE AZEVEDO 237
2020,72,324,1,23,PSD,1660,CLUBE CENTRAL,"AVENIDA JORNALISTA ALBERTO FRANCISCO TORRES,  335"
2020,72,325,1,18,PSD,1660,CLUBE CENTRAL,"AVENIDA JORNALISTA ALBERTO FRANCISCO TORRES,  335"
2020,72,326,1,17,PSD,1660,CLUBE CENTRAL,"AVENIDA JORNALISTA ALBERTO FRANCISCO TORRES,  335"
2020,72,327,1,23,PSD,1660,CLUBE CENTRAL,"AVENIDA JORNALISTA ALBERTO FRANCISCO TORRES,  335"
2020,72,328,1,24,PSD,1660,CLUBE CENTRAL,"AVENIDA JORNALISTA ALBERTO FRANCISCO TORRES,  335"
2020,72,329,1,18,PSD,1660,CLUBE CENTRAL,"AVENIDA JORNALISTA ALBERTO FRANCISCO TORRES,  335"
2020,72,330,1,18,PSD,1660,CLUBE CENTRAL,"AVENIDA JORNALISTA ALBERTO FRANCISCO TORRES,  335"
2020,72,331,1,22,PSD,1660,CLUBE CENTRAL,"AVENIDA JORNALISTA ALBERTO FRANCISCO TORRES,  335"
2020,72,332,1,23,PSD,1660,CLUBE CENTRAL,"AVENIDA JORNALISTA ALBERTO FRANCISCO TORRES,  335"
2020,72,333,1,19,PSD,1660,CLUBE CENTRAL,"AVENIDA JORNALISTA ALBERTO FRANCISCO TORRES,  335"
2020,72,334,1,20,PSD,1660,CLUBE CENTRAL,"AVENIDA JORNALISTA ALBERTO FRANCISCO TORRES,  335"
2020,72,335,1,18,PSD,1660,CLUBE CENTRAL,"AVENIDA JORNALISTA ALBERTO FRANCISCO TORRES,  335"
2020,72,336,1,19,PSD,1660,CLUBE CENTRAL,"AVENIDA JORNALISTA ALBERTO FRANCISCO TORRES,  335"
2020,72,337,1,22,PSD,1660,CLUBE CENTRAL,"AVENIDA JORNALISTA ALBERTO FRANCISCO TORRES,  335"
2020,72,338,1,18,PSD,1660,CLUBE CENTRAL,"AVENIDA JORNALISTA ALBERTO FRANCISCO TORRES,  335"
2020,72,339,1,10,PSD,1660,CLUBE CENTRAL,"AVENIDA JORNALISTA ALBERTO FRANCISCO TORRES,  335"
2020,72,340,1,15,PSD,1660,CLUBE CENTRAL,"AVENIDA JORNALISTA ALBERTO FRANCISCO TORRES,  335"
2020,72,341,1,16,PSD,1678,ÁGUAS DE NITERÓI,RUA LEMOS CUNHA 510
2020,72,342,1,17,PSD,1678,ÁGUAS DE NITERÓI,RUA LEMOS CUNHA 510
2020,72,343,1,22,PSD,1678,ÁGUAS DE NITERÓI,RUA LEMOS CUNHA 510
2020,72,344,1,10,PSD,1678,ÁGUAS DE NITERÓI,RUA LEMOS CUNHA 510
2020,72,345,1,11,PSD,1686,CAIXA ECONÔMICA FEDERAL - AGÊNCIA ICARAÍ,"RUA GAVIÃO PEIXOTO, 226"
2020,72,346,1,17,PSD,1686,CAIXA ECONÔMICA FEDERAL - AGÊNCIA ICARAÍ,"RUA GAVIÃO PEIXOTO, 226"
2020,72,347,1,27,PSD,1686,CAIXA ECONÔMICA FEDERAL - AGÊNCIA ICARAÍ,"RUA GAVIÃO PEIXOTO, 226"
2020,72,348,1,21,PSD,1686,CAIXA ECONÔMICA FEDERAL - AGÊNCIA ICARAÍ,"RUA GAVIÃO PEIXOTO, 226"
2020,72,349,1,32,PSD,1686,CAIXA ECONÔMICA FEDERAL - AGÊNCIA ICARAÍ,"RUA GAVIÃO PEIXOTO, 226"
2020,72,35,1,43,PSD,1112,ESCOLA ESTADUAL LEOPOLDO FROES,RUA REVERENDO ARMANDO FERREIRA  S/N
2020,72,350,1,21,PSD,1686,CAIXA ECONÔMICA FEDERAL - AGÊNCIA ICARAÍ,"RUA GAVIÃO PEIXOTO, 226"
2020,72,351,1,15,PSD,1686,CAIXA ECONÔMICA FEDERAL - AGÊNCIA ICARAÍ,"RUA GAVIÃO PEIXOTO, 226"
2020,72,352,1,23,PSD,1686,CAIXA ECONÔMICA FEDERAL - AGÊNCIA ICARAÍ,"RUA GAVIÃO PEIXOTO, 226"
2020,72,353,1,22,PSD,1694,ESCOLA MUNICIPAL PROFESSOR PAULO DE ALMEIDA CAMPOS,"RUA PEREIRA DA SILVA, 50"
2020,72,354,1,20,PSD,1694,ESCOLA MUNICIPAL PROFESSOR PAULO DE ALMEIDA CAMPOS,"RUA PEREIRA DA SILVA, 50"
2020,72,355,1,29,PSD,1694,ESCOLA MUNICIPAL PROFESSOR PAULO DE ALMEIDA CAMPOS,"RUA PEREIRA DA SILVA, 50"
2020,72,356,1,27,PSD,1694,ESCOLA MUNICIPAL PROFESSOR PAULO DE ALMEIDA CAMPOS,"RUA PEREIRA DA SILVA, 50"
2020,72,357,1,39,PSD,1708,ESCOLA MUNICIPAL JÚLIA CORTINES,RUA LOPES TROVAO 1-CAMPO DE SÃO BENTO S/N
2020,72,359,1,39,PSD,1708,ESCOLA MUNICIPAL JÚLIA CORTINES,RUA LOPES TROVAO 1-CAMPO DE SÃO BENTO S/N
2020,72,36,1,39,PSD,1112,ESCOLA ESTADUAL LEOPOLDO FROES,RUA REVERENDO ARMANDO FERREIRA  S/N
2020,72,363,1,30,PSD,1708,ESCOLA MUNICIPAL JÚLIA CORTINES,RUA LOPES TROVAO 1-CAMPO DE SÃO BENTO S/N
2020,72,366,1,43,PSD,1708,ESCOLA MUNICIPAL JÚLIA CORTINES,RUA LOPES TROVAO 1-CAMPO DE SÃO BENTO S/N
2020,72,37,1,29,PSD,1112,ESCOLA ESTADUAL LEOPOLDO FROES,RUA REVERENDO ARMANDO FERREIRA  S/N
2020,72,370,1,33,PSD,1708,ESCOLA MUNICIPAL JÚLIA CORTINES,RUA LOPES TROVAO 1-CAMPO DE SÃO BENTO S/N
2020,72,374,1,30,PSD,1708,ESCOLA MUNICIPAL JÚLIA CORTINES,RUA LOPES TROVAO 1-CAMPO DE SÃO BENTO S/N
2020,72,378,1,33,PSD,1716,ESCOLA VIVINFÂNCIA,RUA GAVIÃO PEIXOTO 384
2020,72,38,1,35,PSD,1112,ESCOLA ESTADUAL LEOPOLDO FROES,RUA REVERENDO ARMANDO FERREIRA  S/N
2020,72,380,1,27,PSD,1716,ESCOLA VIVINFÂNCIA,RUA GAVIÃO PEIXOTO 384
2020,72,381,1,14,PSD,1716,ESCOLA VIVINFÂNCIA,RUA GAVIÃO PEIXOTO 384
2020,72,382,1,19,PSD,1724,AABB,RUA HÉLIO DA SILVA CARNEIRO 78
2020,72,383,1,25,PSD,1724,AABB,RUA HÉLIO DA SILVA CARNEIRO 78
2020,72,384,1,21,PSD,1724,AABB,RUA HÉLIO DA SILVA CARNEIRO 78
2020,72,385,1,21,PSD,1724,AABB,RUA HÉLIO DA SILVA CARNEIRO 78
2020,72,386,1,27,PSD,1724,AABB,RUA HÉLIO DA SILVA CARNEIRO 78
2020,72,387,1,23,PSD,1724,AABB,RUA HÉLIO DA SILVA CARNEIRO 78
2020,72,388,1,14,PSD,1724,AABB,RUA HÉLIO DA SILVA CARNEIRO 78
2020,72,389,1,25,PSD,1724,AABB,RUA HÉLIO DA SILVA CARNEIRO 78
2020,72,39,1,44,PSD,1112,ESCOLA ESTADUAL LEOPOLDO FROES,RUA REVERENDO ARMANDO FERREIRA  S/N
2020,72,390,1,14,PSD,1732,CLUBE NAVAL,AVENIDA CARLOS ERMELINDO MARINS 68
2020,72,391,1,16,PSD,1732,CLUBE NAVAL,AVENIDA CARLOS ERMELINDO MARINS 68
2020,72,392,1,21,PSD,1732,CLUBE NAVAL,AVENIDA CARLOS ERMELINDO MARINS 68
2020,72,393,1,20,PSD,1732,CLUBE NAVAL,AVENIDA CARLOS ERMELINDO MARINS 68
2020,72,394,1,15,PSD,1732,CLUBE NAVAL,AVENIDA CARLOS ERMELINDO MARINS 68
2020,72,395,1,14,PSD,1732,CLUBE NAVAL,AVENIDA CARLOS ERMELINDO MARINS 68
2020,72,396,1,19,PSD,1732,CLUBE NAVAL,AVENIDA CARLOS ERMELINDO MARINS 68
2020,72,397,1,18,PSD,1732,CLUBE NAVAL,AVENIDA CARLOS ERMELINDO MARINS 68
2020,72,398,1,10,PSD,1732,CLUBE NAVAL,AVENIDA CARLOS ERMELINDO MARINS 68
2020,72,399,1,19,PSD,1732,CLUBE NAVAL,AVENIDA CARLOS ERMELINDO MARINS 68
2020,72,40,1,45,PSD,1112,ESCOLA ESTADUAL LEOPOLDO FROES,RUA REVERENDO ARMANDO FERREIRA  S/N
2020,72,400,1,19,PSD,1732,CLUBE NAVAL,AVENIDA CARLOS ERMELINDO MARINS 68
2020,72,401,1,14,PSD,1732,CLUBE NAVAL,AVENIDA CARLOS ERMELINDO MARINS 68
2020,72,402,1,10,PSD,1732,CLUBE NAVAL,AVENIDA CARLOS ERMELINDO MARINS 68
2020,72,403,1,9,PSD,1732,CLUBE NAVAL,AVENIDA CARLOS ERMELINDO MARINS 68
2020,72,404,1,13,PSD,1732,CLUBE NAVAL,AVENIDA CARLOS ERMELINDO MARINS 68
2020,72,405,1,13,PSD,1732,CLUBE NAVAL,AVENIDA CARLOS ERMELINDO MARINS 68
2020,72,406,1,11,PSD,1732,CLUBE NAVAL,AVENIDA CARLOS ERMELINDO MARINS 68
2020,72,407,1,12,PSD,1732,CLUBE NAVAL,AVENIDA CARLOS ERMELINDO MARINS 68
2020,72,408,1,9,PSD,1732,CLUBE NAVAL,AVENIDA CARLOS ERMELINDO MARINS 68
2020,72,409,1,12,PSD,1732,CLUBE NAVAL,AVENIDA CARLOS ERMELINDO MARINS 68
2020,72,41,1,38,PSD,1112,ESCOLA ESTADUAL LEOPOLDO FROES,RUA REVERENDO ARMANDO FERREIRA  S/N
2020,72,410,1,28,PSD,1740,ESCOLA MUNICIPAL PROFESSORA ELVIRA LÚCIA ESTEVES DE VASCONCELOS,"TRAVESSA EMÍLIO ANGRADA 2, RUA JOAQUIM TÁVORA"
2020,72,411,1,14,PSD,1740,ESCOLA MUNICIPAL PROFESSORA ELVIRA LÚCIA ESTEVES DE VASCONCELOS,"TRAVESSA EMÍLIO ANGRADA 2, RUA JOAQUIM TÁVORA"
2020,72,412,1,17,PSD,1740,ESCOLA MUNICIPAL PROFESSORA ELVIRA LÚCIA ESTEVES DE VASCONCELOS,"TRAVESSA EMÍLIO ANGRADA 2, RUA JOAQUIM TÁVORA"
2020,72,413,1,18,PSD,1740,ESCOLA MUNICIPAL PROFESSORA ELVIRA LÚCIA ESTEVES DE VASCONCELOS,"TRAVESSA EMÍLIO ANGRADA 2, RUA JOAQUIM TÁVORA"
2020,72,414,1,18,PSD,1740,ESCOLA MUNICIPAL PROFESSORA ELVIRA LÚCIA ESTEVES DE VASCONCELOS,"TRAVESSA EMÍLIO ANGRADA 2, RUA JOAQUIM TÁVORA"
2020,72,415,1,18,PSD,1740,ESCOLA MUNICIPAL PROFESSORA ELVIRA LÚCIA ESTEVES DE VASCONCELOS,"TRAVESSA EMÍLIO ANGRADA 2, RUA JOAQUIM TÁVORA"
2020,72,416,1,26,PSD,1740,ESCOLA MUNICIPAL PROFESSORA ELVIRA LÚCIA ESTEVES DE VASCONCELOS,"TRAVESSA EMÍLIO ANGRADA 2, RUA JOAQUIM TÁVORA"
2020,72,417,1,16,PSD,1740,ESCOLA MUNICIPAL PROFESSORA ELVIRA LÚCIA ESTEVES DE VASCONCELOS,"TRAVESSA EMÍLIO ANGRADA 2, RUA JOAQUIM TÁVORA"
2020,72,418,1,19,PSD,1740,ESCOLA MUNICIPAL PROFESSORA ELVIRA LÚCIA ESTEVES DE VASCONCELOS,"TRAVESSA EMÍLIO ANGRADA 2, RUA JOAQUIM TÁVORA"
2020,72,419,1,20,PSD,1759,COLÉGIO MV1,RUA GAVIÃO PEIXOTO 398
2020,72,42,1,50,PSD,1112,ESCOLA ESTADUAL LEOPOLDO FROES,RUA REVERENDO ARMANDO FERREIRA  S/N
2020,72,420,1,32,PSD,1759,COLÉGIO MV1,RUA GAVIÃO PEIXOTO 398
2020,72,421,1,16,PSD,1759,COLÉGIO MV1,RUA GAVIÃO PEIXOTO 398
2020,72,422,1,13,PSD,1759,COLÉGIO MV1,RUA GAVIÃO PEIXOTO 398
2020,72,423,1,18,PSD,1759,COLÉGIO MV1,RUA GAVIÃO PEIXOTO 398
2020,72,424,1,17,PSD,1759,COLÉGIO MV1,RUA GAVIÃO PEIXOTO 398
2020,72,425,1,22,PSD,1759,COLÉGIO MV1,RUA GAVIÃO PEIXOTO 398
2020,72,426,1,16,PSD,1759,COLÉGIO MV1,RUA GAVIÃO PEIXOTO 398
2020,72,428,1,24,PSD,1759,COLÉGIO MV1,RUA GAVIÃO PEIXOTO 398
2020,72,429,1,18,PSD,1759,COLÉGIO MV1,RUA GAVIÃO PEIXOTO 398
2020,72,43,1,34,PSD,1112,ESCOLA ESTADUAL LEOPOLDO FROES,RUA REVERENDO ARMANDO FERREIRA  S/N
2020,72,430,1,16,PSD,1759,COLÉGIO MV1,RUA GAVIÃO PEIXOTO 398
2020,72,431,1,13,PSD,1759,COLÉGIO MV1,RUA GAVIÃO PEIXOTO 398
2020,72,432,1,16,PSD,1759,COLÉGIO MV1,RUA GAVIÃO PEIXOTO 398
2020,72,433,1,9,PSD,1759,COLÉGIO MV1,RUA GAVIÃO PEIXOTO 398
2020,72,434,1,24,PSD,1759,COLÉGIO MV1,RUA GAVIÃO PEIXOTO 398
2020,72,435,1,17,PSD,1759,COLÉGIO MV1,RUA GAVIÃO PEIXOTO 398
2020,72,436,1,21,PSD,1759,COLÉGIO MV1,RUA GAVIÃO PEIXOTO 398
2020,72,437,1,23,PSD,1767,COLÉGIO ASSUNÇÃO,RUA GENERAL RONDON 842
2020,72,438,1,15,PSD,1767,COLÉGIO ASSUNÇÃO,RUA GENERAL RONDON 842
2020,72,439,1,21,PSD,1767,COLÉGIO ASSUNÇÃO,RUA GENERAL RONDON 842
2020,72,440,1,18,PSD,1767,COLÉGIO ASSUNÇÃO,RUA GENERAL RONDON 842
2020,72,441,1,19,PSD,1767,COLÉGIO ASSUNÇÃO,RUA GENERAL RONDON 842
2020,72,442,1,19,PSD,1767,COLÉGIO ASSUNÇÃO,RUA GENERAL RONDON 842
2020,72,443,1,21,PSD,1767,COLÉGIO ASSUNÇÃO,RUA GENERAL RONDON 842
2020,72,444,1,21,PSD,1767,COLÉGIO ASSUNÇÃO,RUA GENERAL RONDON 842
2020,72,445,1,26,PSD,1767,COLÉGIO ASSUNÇÃO,RUA GENERAL RONDON 842
2020,72,446,1,19,PSD,1767,COLÉGIO ASSUNÇÃO,RUA GENERAL RONDON 842
2020,72,447,1,28,PSD,1767,COLÉGIO ASSUNÇÃO,RUA GENERAL RONDON 842
2020,72,448,1,26,PSD,1767,COLÉGIO ASSUNÇÃO,RUA GENERAL RONDON 842
2020,72,449,1,22,PSD,1767,COLÉGIO ASSUNÇÃO,RUA GENERAL RONDON 842
2020,72,450,1,17,PSD,1767,COLÉGIO ASSUNÇÃO,RUA GENERAL RONDON 842
2020,72,451,1,22,PSD,1767,COLÉGIO ASSUNÇÃO,RUA GENERAL RONDON 842
2020,72,452,1,28,PSD,1775,ESCOLA ESTADUAL CIZÍNIO SOARES PINTO,RUA PRESIDENTE ROOSEVELT 2
2020,72,453,1,19,PSD,1775,ESCOLA ESTADUAL CIZÍNIO SOARES PINTO,RUA PRESIDENTE ROOSEVELT 2
2020,72,454,1,19,PSD,1775,ESCOLA ESTADUAL CIZÍNIO SOARES PINTO,RUA PRESIDENTE ROOSEVELT 2
2020,72,455,1,24,PSD,1775,ESCOLA ESTADUAL CIZÍNIO SOARES PINTO,RUA PRESIDENTE ROOSEVELT 2
2020,72,456,1,30,PSD,1775,ESCOLA ESTADUAL CIZÍNIO SOARES PINTO,RUA PRESIDENTE ROOSEVELT 2
2020,72,457,1,26,PSD,1775,ESCOLA ESTADUAL CIZÍNIO SOARES PINTO,RUA PRESIDENTE ROOSEVELT 2
2020,72,458,1,31,PSD,1775,ESCOLA ESTADUAL CIZÍNIO SOARES PINTO,RUA PRESIDENTE ROOSEVELT 2
2020,72,459,1,22,PSD,1783,SOCIEDADE BRASILEIRA DE CULTURA INGLESA,RUA OTAVIO CARNEIRO 23
2020,72,460,1,19,PSD,1783,SOCIEDADE BRASILEIRA DE CULTURA INGLESA,RUA OTAVIO CARNEIRO 23
2020,72,461,1,24,PSD,1783,SOCIEDADE BRASILEIRA DE CULTURA INGLESA,RUA OTAVIO CARNEIRO 23
2020,72,462,1,22,PSD,1783,SOCIEDADE BRASILEIRA DE CULTURA INGLESA,RUA OTAVIO CARNEIRO 23
2020,72,463,1,44,PSD,1554,JARDIM ESCOLA GIRASSÓIS,"ESTRADA CAETANO MONTEIRO, 820"
2020,72,5,1,7,PSD,1015,ESCOLA ESTADUAL DR LUCIANO PESTRE,AV PASTOR JOSE GOMES DE SOUZA S/N
2020,72,52,1,35,PSD,1147,ESCOLA MUNICIPAL VERA LUCIA MACHADO,RUA ALDEMAR DE PAIVA LOTE 7 E 8
2020,72,53,1,35,PSD,1147,ESCOLA MUNICIPAL VERA LUCIA MACHADO,RUA ALDEMAR DE PAIVA LOTE 7 E 8
2020,72,54,1,41,PSD,1074,COLEGIO ESTADUAL PAULO ASSIS RIBEIRO,ESTRADA CAETANO MONTEIRO 814
2020,72,55,1,35,PSD,1074,COLEGIO ESTADUAL PAULO ASSIS RIBEIRO,ESTRADA CAETANO MONTEIRO 814
2020,72,56,1,43,PSD,1074,COLEGIO ESTADUAL PAULO ASSIS RIBEIRO,ESTRADA CAETANO MONTEIRO 814
2020,72,57,1,43,PSD,1112,ESCOLA ESTADUAL LEOPOLDO FROES,RUA REVERENDO ARMANDO FERREIRA  S/N
2020,72,58,1,27,PSD,1112,ESCOLA ESTADUAL LEOPOLDO FROES,RUA REVERENDO ARMANDO FERREIRA  S/N
2020,72,59,1,18,PSD,1112,ESCOLA ESTADUAL LEOPOLDO FROES,RUA REVERENDO ARMANDO FERREIRA  S/N
2020,72,60,1,32,PSD,1112,ESCOLA ESTADUAL LEOPOLDO FROES,RUA REVERENDO ARMANDO FERREIRA  S/N
2020,72,61,1,45,PSD,1112,ESCOLA ESTADUAL LEOPOLDO FROES,RUA REVERENDO ARMANDO FERREIRA  S/N
2020,72,62,1,30,PSD,1112,ESCOLA ESTADUAL LEOPOLDO FROES,RUA REVERENDO ARMANDO FERREIRA  S/N
2020,72,63,1,23,PSD,1171,ESCOLA MUNICIPAL ANTONIO COUTINHO DE AZEVEDO,AV DES NESTOR RODRIGUES PERLINGEIRO S/N
2020,72,64,1,16,PSD,1171,ESCOLA MUNICIPAL ANTONIO COUTINHO DE AZEVEDO,AV DES NESTOR RODRIGUES PERLINGEIRO S/N
2020,72,65,1,16,PSD,1171,ESCOLA MUNICIPAL ANTONIO COUTINHO DE AZEVEDO,AV DES NESTOR RODRIGUES PERLINGEIRO S/N
2020,72,66,1,24,PSD,1171,ESCOLA MUNICIPAL ANTONIO COUTINHO DE AZEVEDO,AV DES NESTOR RODRIGUES PERLINGEIRO S/N
2020,72,67,1,21,PSD,1171,ESCOLA MUNICIPAL ANTONIO COUTINHO DE AZEVEDO,AV DES NESTOR RODRIGUES PERLINGEIRO S/N
2020,72,68,1,24,PSD,1180,ESCOLA MUNICIPAL RACHIDE DA GLORIA SALIM SAKER,RUA JANDIRA PEREIRA 620
2020,72,69,1,20,PSD,1180,ESCOLA MUNICIPAL RACHIDE DA GLORIA SALIM SAKER,RUA JANDIRA PEREIRA 620
2020,72,7,1,14,PSD,1040,CIEP 447 - CARAMUJO,RODOVIA AMARAL PEIXOTO KM 2
2020,72,70,1,17,PSD,1180,ESCOLA MUNICIPAL RACHIDE DA GLORIA SALIM SAKER,RUA JANDIRA PEREIRA 620
2020,72,71,1,17,PSD,1180,ESCOLA MUNICIPAL RACHIDE DA GLORIA SALIM SAKER,RUA JANDIRA PEREIRA 620
2020,72,8,1,23,PSD,1040,CIEP 447 - CARAMUJO,RODOVIA AMARAL PEIXOTO KM 2
2022,144,1,1,23,PSD,1171,ESCOLA ESTADUAL MENEZES VIEIRA,RUA ASSIS DE VASCONCELOS N 30
2022,144,10,1,27,PSD,1031,(PRÉDIO NOVO) COLÉGIO PEDRO II UNIDADE NITERÓI,RUA ASSIS DE VASCONCELOS S/N
2022,144,100,1,15,PSD,1031,(PRÉDIO NOVO) COLÉGIO PEDRO II UNIDADE NITERÓI,RUA ASSIS DE VASCONCELOS S/N
2022,144,101,1,22,PSD,1031,(PRÉDIO NOVO) COLÉGIO PEDRO II UNIDADE NITERÓI,RUA ASSIS DE VASCONCELOS S/N
2022,144,102,1,11,PSD,1031,(PRÉDIO NOVO) COLÉGIO PEDRO II UNIDADE NITERÓI,RUA ASSIS DE VASCONCELOS S/N
2022,144,103,1,18,PSD,1031,(PRÉDIO NOVO) COLÉGIO PEDRO II UNIDADE NITERÓI,RUA ASSIS DE VASCONCELOS S/N
2022,144,104,1,20,PSD,1031,(PRÉDIO NOVO) COLÉGIO PEDRO II UNIDADE NITERÓI,RUA ASSIS DE VASCONCELOS S/N
2022,144,105,1,29,PSD,1317,IGREJA BATISTA BETEL DE NITERÓI,RUA DANIEL TORRES 72
2022,144,106,1,28,PSD,1317,IGREJA BATISTA BETEL DE NITERÓI,RUA DANIEL TORRES 72
2022,144,107,1,26,PSD,1350,PAROQUIA NOSSA SENHORA MAE DA DIVINA PROVIDENCIA,RUA DOM ANTONIO DE ALMEIDA MORAES JR. 125
2022,144,108,1,19,PSD,1031,(PRÉDIO NOVO) COLÉGIO PEDRO II UNIDADE NITERÓI,RUA ASSIS DE VASCONCELOS S/N
2022,144,109,1,16,PSD,1236,COLÉGIO ESTADUAL MULLULO DA VEIGA,RUA CORONEL GUIMARÃES 505
2022,144,11,1,22,PSD,1031,(PRÉDIO NOVO) COLÉGIO PEDRO II UNIDADE NITERÓI,RUA ASSIS DE VASCONCELOS S/N
2022,144,110,1,26,PSD,1031,(PRÉDIO NOVO) COLÉGIO PEDRO II UNIDADE NITERÓI,RUA ASSIS DE VASCONCELOS S/N
2022,144,111,1,16,PSD,1350,PAROQUIA NOSSA SENHORA MAE DA DIVINA PROVIDENCIA,RUA DOM ANTONIO DE ALMEIDA MORAES JR. 125
2022,144,112,1,16,PSD,1350,PAROQUIA NOSSA SENHORA MAE DA DIVINA PROVIDENCIA,RUA DOM ANTONIO DE ALMEIDA MORAES JR. 125
2022,144,113,1,38,PSD,1252,ESCOLA MUNICIPAL ADELINO MAGALHÃES,"RUA DR. NELSON PENA, 17"
2022,144,115,1,33,PSD,1252,ESCOLA MUNICIPAL ADELINO MAGALHÃES,"RUA DR. NELSON PENA, 17"
2022,144,116,1,26,PSD,1210,TIO SAM ESPORTE CLUBE,RUA BENJAMIM CONSTANT 562
2022,144,117,1,35,PSD,1210,TIO SAM ESPORTE CLUBE,RUA BENJAMIM CONSTANT 562
2022,144,118,1,29,PSD,1210,TIO SAM ESPORTE CLUBE,RUA BENJAMIM CONSTANT 562
2022,144,119,1,24,PSD,1210,TIO SAM ESPORTE CLUBE,RUA BENJAMIM CONSTANT 562
2022,144,12,1,23,PSD,1201,OFICINAS DO SENAI,RUA GALVAO S/N
2022,144,120,1,28,PSD,1210,TIO SAM ESPORTE CLUBE,RUA BENJAMIM CONSTANT 562
2022,144,121,1,24,PSD,1210,TIO SAM ESPORTE CLUBE,RUA BENJAMIM CONSTANT 562
2022,144,122,1,17,PSD,1023,PAROQUIA DE SAO JOAO BATISTA,RUA DR. MARCH 666
2022,144,123,1,19,PSD,1171,ESCOLA ESTADUAL MENEZES VIEIRA,RUA ASSIS DE VASCONCELOS N 30
2022,144,125,1,25,PSD,1031,(PRÉDIO NOVO) COLÉGIO PEDRO II UNIDADE NITERÓI,RUA ASSIS DE VASCONCELOS S/N
2022,144,127,1,27,PSD,1210,TIO SAM ESPORTE CLUBE,RUA BENJAMIM CONSTANT 562
2022,144,128,1,18,PSD,1031,(PRÉDIO NOVO) COLÉGIO PEDRO II UNIDADE NITERÓI,RUA ASSIS DE VASCONCELOS S/N
2022,144,129,1,16,PSD,1236,COLÉGIO ESTADUAL MULLULO DA VEIGA,RUA CORONEL GUIMARÃES 505
2022,144,13,1,22,PSD,1031,(PRÉDIO NOVO) COLÉGIO PEDRO II UNIDADE NITERÓI,RUA ASSIS DE VASCONCELOS S/N
2022,144,130,1,15,PSD,1104,ESCOLA MUNICIPAL ALTIVO CESAR,"RUA DR. LUIZ PALMIER, 25"
2022,144,131,1,22,PSD,1031,(PRÉDIO NOVO) COLÉGIO PEDRO II UNIDADE NITERÓI,RUA ASSIS DE VASCONCELOS S/N
2022,144,134,1,30,PSD,1163,COLÉGIO ESTADUAL CONSELHEIRO MACEDO SOARES,RUA DR. MARCH 392
2022,144,135,1,13,PSD,1252,ESCOLA MUNICIPAL ADELINO MAGALHÃES,"RUA DR. NELSON PENA, 17"
2022,144,136,1,23,PSD,1210,TIO SAM ESPORTE CLUBE,RUA BENJAMIM CONSTANT 562
2022,144,138,1,39,PSD,1449,INSTITUTO SÃO BENTO DE NITEROI,RUA VEREADOR DUQUE ESTRADA 28
2022,144,139,1,45,PSD,1449,INSTITUTO SÃO BENTO DE NITEROI,RUA VEREADOR DUQUE ESTRADA 28
2022,144,14,1,26,PSD,1031,(PRÉDIO NOVO) COLÉGIO PEDRO II UNIDADE NITERÓI,RUA ASSIS DE VASCONCELOS S/N
2022,144,140,1,42,PSD,1449,INSTITUTO SÃO BENTO DE NITEROI,RUA VEREADOR DUQUE ESTRADA 28
2022,144,141,1,38,PSD,1449,INSTITUTO SÃO BENTO DE NITEROI,RUA VEREADOR DUQUE ESTRADA 28
2022,144,142,1,48,PSD,1449,INSTITUTO SÃO BENTO DE NITEROI,RUA VEREADOR DUQUE ESTRADA 28
2022,144,143,1,42,PSD,1449,INSTITUTO SÃO BENTO DE NITEROI,RUA VEREADOR DUQUE ESTRADA 28
2022,144,144,1,38,PSD,1449,INSTITUTO SÃO BENTO DE NITEROI,RUA VEREADOR DUQUE ESTRADA 28
2022,144,145,1,34,PSD,1449,INSTITUTO SÃO BENTO DE NITEROI,RUA VEREADOR DUQUE ESTRADA 28
2022,144,146,1,47,PSD,1449,INSTITUTO SÃO BENTO DE NITEROI,RUA VEREADOR DUQUE ESTRADA 28
2022,144,147,1,38,PSD,1449,INSTITUTO SÃO BENTO DE NITEROI,RUA VEREADOR DUQUE ESTRADA 28
2022,144,148,1,40,PSD,1449,INSTITUTO SÃO BENTO DE NITEROI,RUA VEREADOR DUQUE ESTRADA 28
2022,144,149,1,36,PSD,1457,ESCOLA ESTADUAL MACHADO DE ASSIS,RUA DESEMBARGADOR LIMA CASTRO 97
2022,144,15,1,18,PSD,1031,(PRÉDIO NOVO) COLÉGIO PEDRO II UNIDADE NITERÓI,RUA ASSIS DE VASCONCELOS S/N
2022,144,150,1,40,PSD,1457,ESCOLA ESTADUAL MACHADO DE ASSIS,RUA DESEMBARGADOR LIMA CASTRO 97
2022,144,151,1,36,PSD,1457,ESCOLA ESTADUAL MACHADO DE ASSIS,RUA DESEMBARGADOR LIMA CASTRO 97
2022,144,152,1,32,PSD,1457,ESCOLA ESTADUAL MACHADO DE ASSIS,RUA DESEMBARGADOR LIMA CASTRO 97
2022,144,153,1,32,PSD,1457,ESCOLA ESTADUAL MACHADO DE ASSIS,RUA DESEMBARGADOR LIMA CASTRO 97
2022,144,154,1,29,PSD,1457,ESCOLA ESTADUAL MACHADO DE ASSIS,RUA DESEMBARGADOR LIMA CASTRO 97
2022,144,155,1,28,PSD,1457,ESCOLA ESTADUAL MACHADO DE ASSIS,RUA DESEMBARGADOR LIMA CASTRO 97
2022,144,156,1,33,PSD,1457,ESCOLA ESTADUAL MACHADO DE ASSIS,RUA DESEMBARGADOR LIMA CASTRO 97
2022,144,157,1,21,PSD,1457,ESCOLA ESTADUAL MACHADO DE ASSIS,RUA DESEMBARGADOR LIMA CASTRO 97
2022,144,158,1,33,PSD,1457,ESCOLA ESTADUAL MACHADO DE ASSIS,RUA DESEMBARGADOR LIMA CASTRO 97
2022,144,159,1,40,PSD,1457,ESCOLA ESTADUAL MACHADO DE ASSIS,RUA DESEMBARGADOR LIMA CASTRO 97
2022,144,16,1,26,PSD,1112,ESCOLA MUNICIPAL TIRADENTES,"RUA DR. MARCH, 628"
2022,144,160,1,41,PSD,1457,ESCOLA ESTADUAL MACHADO DE ASSIS,RUA DESEMBARGADOR LIMA CASTRO 97
2022,144,161,1,41,PSD,1457,ESCOLA ESTADUAL MACHADO DE ASSIS,RUA DESEMBARGADOR LIMA CASTRO 97
2022,144,162,1,27,PSD,1627,ESCOLA ESTADUAL DOUTOR JAYME MEMORIA,RUA NORONHA TORREZAO 625
2022,144,163,1,33,PSD,1473,ESCOLA ESTADUAL JOSE BONIFACIO,RUA CARLOS MAXIMIANO 20
2022,144,164,1,36,PSD,1473,ESCOLA ESTADUAL JOSE BONIFACIO,RUA CARLOS MAXIMIANO 20
2022,144,165,1,35,PSD,1473,ESCOLA ESTADUAL JOSE BONIFACIO,RUA CARLOS MAXIMIANO 20
2022,144,166,1,34,PSD,1473,ESCOLA ESTADUAL JOSE BONIFACIO,RUA CARLOS MAXIMIANO 20
2022,144,167,1,27,PSD,1473,ESCOLA ESTADUAL JOSE BONIFACIO,RUA CARLOS MAXIMIANO 20
2022,144,168,1,33,PSD,1473,ESCOLA ESTADUAL JOSE BONIFACIO,RUA CARLOS MAXIMIANO 20
2022,144,169,1,32,PSD,1473,ESCOLA ESTADUAL JOSE BONIFACIO,RUA CARLOS MAXIMIANO 20
2022,144,17,1,12,PSD,1112,ESCOLA MUNICIPAL TIRADENTES,"RUA DR. MARCH, 628"
2022,144,170,1,40,PSD,1473,ESCOLA ESTADUAL JOSE BONIFACIO,RUA CARLOS MAXIMIANO 20
2022,144,171,1,23,PSD,1473,ESCOLA ESTADUAL JOSE BONIFACIO,RUA CARLOS MAXIMIANO 20
2022,144,172,1,35,PSD,1473,ESCOLA ESTADUAL JOSE BONIFACIO,RUA CARLOS MAXIMIANO 20
2022,144,173,1,28,PSD,1473,ESCOLA ESTADUAL JOSE BONIFACIO,RUA CARLOS MAXIMIANO 20
2022,144,174,1,34,PSD,1473,ESCOLA ESTADUAL JOSE BONIFACIO,RUA CARLOS MAXIMIANO 20
2022,144,175,1,33,PSD,1473,ESCOLA ESTADUAL JOSE BONIFACIO,RUA CARLOS MAXIMIANO 20
2022,144,176,1,33,PSD,1473,ESCOLA ESTADUAL JOSE BONIFACIO,RUA CARLOS MAXIMIANO 20
2022,144,177,1,28,PSD,1473,ESCOLA ESTADUAL JOSE BONIFACIO,RUA CARLOS MAXIMIANO 20
2022,144,178,1,26,PSD,1481,GRUPO ESCOLAR EMBAIXADOR RAUL FERNANDES,"RUA RIODADES, 253"
2022,144,179,1,24,PSD,1481,GRUPO ESCOLAR EMBAIXADOR RAUL FERNANDES,"RUA RIODADES, 253"
2022,144,18,1,25,PSD,1171,ESCOLA ESTADUAL MENEZES VIEIRA,RUA ASSIS DE VASCONCELOS N 30
2022,144,180,1,21,PSD,1481,GRUPO ESCOLAR EMBAIXADOR RAUL FERNANDES,"RUA RIODADES, 253"
2022,144,181,1,35,PSD,1481,GRUPO ESCOLAR EMBAIXADOR RAUL FERNANDES,"RUA RIODADES, 253"
2022,144,182,1,29,PSD,1481,GRUPO ESCOLAR EMBAIXADOR RAUL FERNANDES,"RUA RIODADES, 253"
2022,144,183,1,31,PSD,1481,GRUPO ESCOLAR EMBAIXADOR RAUL FERNANDES,"RUA RIODADES, 253"
2022,144,184,1,22,PSD,1481,GRUPO ESCOLAR EMBAIXADOR RAUL FERNANDES,"RUA RIODADES, 253"
2022,144,185,1,24,PSD,1481,GRUPO ESCOLAR EMBAIXADOR RAUL FERNANDES,"RUA RIODADES, 253"
2022,144,186,1,33,PSD,1481,GRUPO ESCOLAR EMBAIXADOR RAUL FERNANDES,"RUA RIODADES, 253"
2022,144,187,1,11,PSD,1481,GRUPO ESCOLAR EMBAIXADOR RAUL FERNANDES,"RUA RIODADES, 253"
2022,144,188,1,29,PSD,1481,GRUPO ESCOLAR EMBAIXADOR RAUL FERNANDES,"RUA RIODADES, 253"
2022,144,189,1,54,PSD,1490,IGREJA BATISTA DO FONSECA,ALAMEDA SAO BOAVENTURA  937
2022,144,19,1,20,PSD,1171,ESCOLA ESTADUAL MENEZES VIEIRA,RUA ASSIS DE VASCONCELOS N 30
2022,144,190,1,32,PSD,1490,IGREJA BATISTA DO FONSECA,ALAMEDA SAO BOAVENTURA  937
2022,144,191,1,25,PSD,1490,IGREJA BATISTA DO FONSECA,ALAMEDA SAO BOAVENTURA  937
2022,144,192,1,29,PSD,1490,IGREJA BATISTA DO FONSECA,ALAMEDA SAO BOAVENTURA  937
2022,144,193,1,26,PSD,1490,IGREJA BATISTA DO FONSECA,ALAMEDA SAO BOAVENTURA  937
2022,144,194,1,41,PSD,1503,SERVICO DE ASSISTENCIA SOCIAL SAO DOMINGOS SAVIO,RUA MARTINS TORRES 223
2022,144,195,1,29,PSD,1503,SERVICO DE ASSISTENCIA SOCIAL SAO DOMINGOS SAVIO,RUA MARTINS TORRES 223
2022,144,196,1,30,PSD,1503,SERVICO DE ASSISTENCIA SOCIAL SAO DOMINGOS SAVIO,RUA MARTINS TORRES 223
2022,144,197,1,40,PSD,1503,SERVICO DE ASSISTENCIA SOCIAL SAO DOMINGOS SAVIO,RUA MARTINS TORRES 223
2022,144,198,1,32,PSD,1503,SERVICO DE ASSISTENCIA SOCIAL SAO DOMINGOS SAVIO,RUA MARTINS TORRES 223
2022,144,199,1,43,PSD,1503,SERVICO DE ASSISTENCIA SOCIAL SAO DOMINGOS SAVIO,RUA MARTINS TORRES 223
2022,144,2,1,11,PSD,1023,PAROQUIA DE SAO JOAO BATISTA,RUA DR. MARCH 666
2022,144,20,1,33,PSD,1090,ESCOLA TÉCNICA ESTADUAL HENRIQUE LAGE,RUA GUIMARÃES JUNIOR 182
2022,144,200,1,34,PSD,1503,SERVICO DE ASSISTENCIA SOCIAL SAO DOMINGOS SAVIO,RUA MARTINS TORRES 223
2022,144,201,1,20,PSD,1511,COLÉGIO OPÇÃO - NITERÓI,"ALAMEDA SÃO BOAVENTURA, 824"
2022,144,202,1,29,PSD,1511,COLÉGIO OPÇÃO - NITERÓI,"ALAMEDA SÃO BOAVENTURA, 824"
2022,144,203,1,36,PSD,1511,COLÉGIO OPÇÃO - NITERÓI,"ALAMEDA SÃO BOAVENTURA, 824"
2022,144,204,1,26,PSD,1511,COLÉGIO OPÇÃO - NITERÓI,"ALAMEDA SÃO BOAVENTURA, 824"
2022,144,205,1,29,PSD,1520,ESCOLA MUNICIPAL DJALMA COUTINHO,"RUA CINCO DE MARÇO, 75"
2022,144,208,1,25,PSD,1520,ESCOLA MUNICIPAL DJALMA COUTINHO,"RUA CINCO DE MARÇO, 75"
2022,144,211,1,38,PSD,1546,ESCOLA ESTADUAL HILARIO RIBEIRO,"ALAMEDA SAO BOAVENTURA , 794"
2022,144,212,1,31,PSD,1546,ESCOLA ESTADUAL HILARIO RIBEIRO,"ALAMEDA SAO BOAVENTURA , 794"
2022,144,213,1,50,PSD,1546,ESCOLA ESTADUAL HILARIO RIBEIRO,"ALAMEDA SAO BOAVENTURA , 794"
2022,144,214,1,49,PSD,1546,ESCOLA ESTADUAL HILARIO RIBEIRO,"ALAMEDA SAO BOAVENTURA , 794"
2022,144,215,1,31,PSD,1554,ESCOLA MUNICIPAL PROFESSOR PAULO FREIRE,RUA SOARES DE MIRANDA 77
2022,144,217,1,50,PSD,1554,ESCOLA MUNICIPAL PROFESSOR PAULO FREIRE,RUA SOARES DE MIRANDA 77
2022,144,219,1,38,PSD,1554,ESCOLA MUNICIPAL PROFESSOR PAULO FREIRE,RUA SOARES DE MIRANDA 77
2022,144,22,1,43,PSD,1090,ESCOLA TÉCNICA ESTADUAL HENRIQUE LAGE,RUA GUIMARÃES JUNIOR 182
2022,144,221,1,28,PSD,1554,ESCOLA MUNICIPAL PROFESSOR PAULO FREIRE,RUA SOARES DE MIRANDA 77
2022,144,222,1,41,PSD,1554,ESCOLA MUNICIPAL PROFESSOR PAULO FREIRE,RUA SOARES DE MIRANDA 77
2022,144,224,1,65,PSD,1554,ESCOLA MUNICIPAL PROFESSOR PAULO FREIRE,RUA SOARES DE MIRANDA 77
2022,144,226,1,48,PSD,1554,ESCOLA MUNICIPAL PROFESSOR PAULO FREIRE,RUA SOARES DE MIRANDA 77
2022,144,228,1,24,PSD,1554,ESCOLA MUNICIPAL PROFESSOR PAULO FREIRE,RUA SOARES DE MIRANDA 77
2022,144,230,1,47,PSD,1562,LBV LEGIÃO DA BOA VONTADE,ALAMEDA SÃO BOAVENTURA 474
2022,144,231,1,41,PSD,1562,LBV LEGIÃO DA BOA VONTADE,ALAMEDA SÃO BOAVENTURA 474
2022,144,232,1,30,PSD,1562,LBV LEGIÃO DA BOA VONTADE,ALAMEDA SÃO BOAVENTURA 474
2022,144,233,1,46,PSD,1562,LBV LEGIÃO DA BOA VONTADE,ALAMEDA SÃO BOAVENTURA 474
2022,144,234,1,45,PSD,1562,LBV LEGIÃO DA BOA VONTADE,ALAMEDA SÃO BOAVENTURA 474
2022,144,235,1,34,PSD,1562,LBV LEGIÃO DA BOA VONTADE,ALAMEDA SÃO BOAVENTURA 474
2022,144,236,1,28,PSD,1570,SECRETARIA DE ESTADO DE AGRICULTURA E ABASTECIMENTO,ALAMEDA SAO BOAVENTURA 770
2022,144,237,1,25,PSD,1570,SECRETARIA DE ESTADO DE AGRICULTURA E ABASTECIMENTO,ALAMEDA SAO BOAVENTURA 770
2022,144,238,1,29,PSD,1570,SECRETARIA DE ESTADO DE AGRICULTURA E ABASTECIMENTO,ALAMEDA SAO BOAVENTURA 770
2022,144,239,1,31,PSD,1570,SECRETARIA DE ESTADO DE AGRICULTURA E ABASTECIMENTO,ALAMEDA SAO BOAVENTURA 770
2022,144,24,1,37,PSD,1090,ESCOLA TÉCNICA ESTADUAL HENRIQUE LAGE,RUA GUIMARÃES JUNIOR 182
2022,144,240,1,31,PSD,1570,SECRETARIA DE ESTADO DE AGRICULTURA E ABASTECIMENTO,ALAMEDA SAO BOAVENTURA 770
2022,144,241,1,35,PSD,1570,SECRETARIA DE ESTADO DE AGRICULTURA E ABASTECIMENTO,ALAMEDA SAO BOAVENTURA 770
2022,144,242,1,37,PSD,1570,SECRETARIA DE ESTADO DE AGRICULTURA E ABASTECIMENTO,ALAMEDA SAO BOAVENTURA 770
2022,144,243,1,23,PSD,1570,SECRETARIA DE ESTADO DE AGRICULTURA E ABASTECIMENTO,ALAMEDA SAO BOAVENTURA 770
2022,144,244,1,31,PSD,1570,SECRETARIA DE ESTADO DE AGRICULTURA E ABASTECIMENTO,ALAMEDA SAO BOAVENTURA 770
2022,144,245,1,30,PSD,1570,SECRETARIA DE ESTADO DE AGRICULTURA E ABASTECIMENTO,ALAMEDA SAO BOAVENTURA 770
2022,144,246,1,30,PSD,1570,SECRETARIA DE ESTADO DE AGRICULTURA E ABASTECIMENTO,ALAMEDA SAO BOAVENTURA 770
2022,144,247,1,27,PSD,1570,SECRETARIA DE ESTADO DE AGRICULTURA E ABASTECIMENTO,ALAMEDA SAO BOAVENTURA 770
2022,144,248,1,19,PSD,1570,SECRETARIA DE ESTADO DE AGRICULTURA E ABASTECIMENTO,ALAMEDA SAO BOAVENTURA 770
2022,144,249,1,24,PSD,1589,COLÉGIO NOSSA SENHORA DAS MERCÊS,ALAMEDA SAO BOAVENTURA 297
2022,144,250,1,39,PSD,1589,COLÉGIO NOSSA SENHORA DAS MERCÊS,ALAMEDA SAO BOAVENTURA 297
2022,144,251,1,41,PSD,1589,COLÉGIO NOSSA SENHORA DAS MERCÊS,ALAMEDA SAO BOAVENTURA 297
2022,144,252,1,49,PSD,1589,COLÉGIO NOSSA SENHORA DAS MERCÊS,ALAMEDA SAO BOAVENTURA 297
2022,144,253,1,44,PSD,1589,COLÉGIO NOSSA SENHORA DAS MERCÊS,ALAMEDA SAO BOAVENTURA 297
2022,144,254,1,22,PSD,1589,COLÉGIO NOSSA SENHORA DAS MERCÊS,ALAMEDA SAO BOAVENTURA 297
2022,144,255,1,39,PSD,1589,COLÉGIO NOSSA SENHORA DAS MERCÊS,ALAMEDA SAO BOAVENTURA 297
2022,144,256,1,42,PSD,1589,COLÉGIO NOSSA SENHORA DAS MERCÊS,ALAMEDA SAO BOAVENTURA 297
2022,144,257,1,39,PSD,1589,COLÉGIO NOSSA SENHORA DAS MERCÊS,ALAMEDA SAO BOAVENTURA 297
2022,144,258,1,47,PSD,1589,COLÉGIO NOSSA SENHORA DAS MERCÊS,ALAMEDA SAO BOAVENTURA 297
2022,144,259,1,48,PSD,1589,COLÉGIO NOSSA SENHORA DAS MERCÊS,ALAMEDA SAO BOAVENTURA 297
2022,144,26,1,50,PSD,1090,ESCOLA TÉCNICA ESTADUAL HENRIQUE LAGE,RUA GUIMARÃES JUNIOR 182
2022,144,260,1,38,PSD,1589,COLÉGIO NOSSA SENHORA DAS MERCÊS,ALAMEDA SAO BOAVENTURA 297
2022,144,261,1,49,PSD,1589,COLÉGIO NOSSA SENHORA DAS MERCÊS,ALAMEDA SAO BOAVENTURA 297
2022,144,262,1,17,PSD,1597,ESCOLA ESTADUAL HILARIO RIBEIRO,ALAMEDA SAO BOAVENTURA 794
2022,144,264,1,30,PSD,1597,ESCOLA ESTADUAL HILARIO RIBEIRO,ALAMEDA SAO BOAVENTURA 794
2022,144,266,1,34,PSD,1597,ESCOLA ESTADUAL HILARIO RIBEIRO,ALAMEDA SAO BOAVENTURA 794
2022,144,268,1,24,PSD,1597,ESCOLA ESTADUAL HILARIO RIBEIRO,ALAMEDA SAO BOAVENTURA 794
2022,144,27,1,34,PSD,1104,ESCOLA MUNICIPAL ALTIVO CESAR,"RUA DR. LUIZ PALMIER, 25"
2022,144,270,1,48,PSD,1597,ESCOLA ESTADUAL HILARIO RIBEIRO,ALAMEDA SAO BOAVENTURA 794
2022,144,272,1,27,PSD,1597,ESCOLA ESTADUAL HILARIO RIBEIRO,ALAMEDA SAO BOAVENTURA 794
2022,144,274,1,47,PSD,1597,ESCOLA ESTADUAL HILARIO RIBEIRO,ALAMEDA SAO BOAVENTURA 794
2022,144,276,1,29,PSD,1597,ESCOLA ESTADUAL HILARIO RIBEIRO,ALAMEDA SAO BOAVENTURA 794
2022,144,278,1,15,PSD,1600,CIEP 251 - DONA MARIA PORTUGAL,RODOVIA AMARAL PEIXOTO KM 3
2022,144,279,1,30,PSD,1600,CIEP 251 - DONA MARIA PORTUGAL,RODOVIA AMARAL PEIXOTO KM 3
2022,144,28,1,27,PSD,1104,ESCOLA MUNICIPAL ALTIVO CESAR,"RUA DR. LUIZ PALMIER, 25"
2022,144,280,1,12,PSD,1600,CIEP 251 - DONA MARIA PORTUGAL,RODOVIA AMARAL PEIXOTO KM 3
2022,144,281,1,33,PSD,1600,CIEP 251 - DONA MARIA PORTUGAL,RODOVIA AMARAL PEIXOTO KM 3
2022,144,282,1,16,PSD,1600,CIEP 251 - DONA MARIA PORTUGAL,RODOVIA AMARAL PEIXOTO KM 3
2022,144,283,1,21,PSD,1600,CIEP 251 - DONA MARIA PORTUGAL,RODOVIA AMARAL PEIXOTO KM 3
2022,144,284,1,27,PSD,1600,CIEP 251 - DONA MARIA PORTUGAL,RODOVIA AMARAL PEIXOTO KM 3
2022,144,285,1,29,PSD,1554,ESCOLA MUNICIPAL PROFESSOR PAULO FREIRE,RUA SOARES DE MIRANDA 77
2022,144,286,1,32,PSD,1554,ESCOLA MUNICIPAL PROFESSOR PAULO FREIRE,RUA SOARES DE MIRANDA 77
2022,144,287,1,39,PSD,1554,ESCOLA MUNICIPAL PROFESSOR PAULO FREIRE,RUA SOARES DE MIRANDA 77
2022,144,288,1,41,PSD,1554,ESCOLA MUNICIPAL PROFESSOR PAULO FREIRE,RUA SOARES DE MIRANDA 77
2022,144,289,1,32,PSD,1554,ESCOLA MUNICIPAL PROFESSOR PAULO FREIRE,RUA SOARES DE MIRANDA 77
2022,144,29,1,36,PSD,1104,ESCOLA MUNICIPAL ALTIVO CESAR,"RUA DR. LUIZ PALMIER, 25"
2022,144,290,1,40,PSD,1554,ESCOLA MUNICIPAL PROFESSOR PAULO FREIRE,RUA SOARES DE MIRANDA 77
2022,144,292,1,46,PSD,1627,ESCOLA ESTADUAL DOUTOR JAYME MEMORIA,RUA NORONHA TORREZAO 625
2022,144,293,1,45,PSD,1627,ESCOLA ESTADUAL DOUTOR JAYME MEMORIA,RUA NORONHA TORREZAO 625
2022,144,294,1,43,PSD,1627,ESCOLA ESTADUAL DOUTOR JAYME MEMORIA,RUA NORONHA TORREZAO 625
2022,144,295,1,41,PSD,1627,ESCOLA ESTADUAL DOUTOR JAYME MEMORIA,RUA NORONHA TORREZAO 625
2022,144,296,1,34,PSD,1627,ESCOLA ESTADUAL DOUTOR JAYME MEMORIA,RUA NORONHA TORREZAO 625
2022,144,297,1,46,PSD,1627,ESCOLA ESTADUAL DOUTOR JAYME MEMORIA,RUA NORONHA TORREZAO 625
2022,144,298,1,36,PSD,1627,ESCOLA ESTADUAL DOUTOR JAYME MEMORIA,RUA NORONHA TORREZAO 625
2022,144,299,1,56,PSD,1627,ESCOLA ESTADUAL DOUTOR JAYME MEMORIA,RUA NORONHA TORREZAO 625
2022,144,3,1,20,PSD,1023,PAROQUIA DE SAO JOAO BATISTA,RUA DR. MARCH 666
2022,144,30,1,26,PSD,1104,ESCOLA MUNICIPAL ALTIVO CESAR,"RUA DR. LUIZ PALMIER, 25"
2022,144,300,1,35,PSD,1627,ESCOLA ESTADUAL DOUTOR JAYME MEMORIA,RUA NORONHA TORREZAO 625
2022,144,301,1,52,PSD,1627,ESCOLA ESTADUAL DOUTOR JAYME MEMORIA,RUA NORONHA TORREZAO 625
2022,144,302,1,31,PSD,1627,ESCOLA ESTADUAL DOUTOR JAYME MEMORIA,RUA NORONHA TORREZAO 625
2022,144,303,1,31,PSD,1635,ESCOLA MUNICIPAL DOM JOSÉ PEREIRA ALVES,"RUA TENENTE OSORIO, 73"
2022,144,305,1,20,PSD,1635,ESCOLA MUNICIPAL DOM JOSÉ PEREIRA ALVES,"RUA TENENTE OSORIO, 73"
2022,144,307,1,22,PSD,1635,ESCOLA MUNICIPAL DOM JOSÉ PEREIRA ALVES,"RUA TENENTE OSORIO, 73"
2022,144,309,1,49,PSD,1635,ESCOLA MUNICIPAL DOM JOSÉ PEREIRA ALVES,"RUA TENENTE OSORIO, 73"
2022,144,31,1,26,PSD,1104,ESCOLA MUNICIPAL ALTIVO CESAR,"RUA DR. LUIZ PALMIER, 25"
2022,144,311,1,39,PSD,1635,ESCOLA MUNICIPAL DOM JOSÉ PEREIRA ALVES,"RUA TENENTE OSORIO, 73"
2022,144,312,1,15,PSD,1635,ESCOLA MUNICIPAL DOM JOSÉ PEREIRA ALVES,"RUA TENENTE OSORIO, 73"
2022,144,314,1,25,PSD,1643,IGREJA ASSEMBLÉIA DE DEUS,"TRAVESSA VICTOR PESTRE, 32"
2022,144,315,1,21,PSD,1643,IGREJA ASSEMBLÉIA DE DEUS,"TRAVESSA VICTOR PESTRE, 32"
2022,144,316,1,29,PSD,1643,IGREJA ASSEMBLÉIA DE DEUS,"TRAVESSA VICTOR PESTRE, 32"
2022,144,317,1,29,PSD,1651,INSTITUTO EDUCACIONAL TAURUS,"ALAMEDA SÃO BOAVENTURA, 15"
2022,144,319,1,41,PSD,1651,INSTITUTO EDUCACIONAL TAURUS,"ALAMEDA SÃO BOAVENTURA, 15"
2022,144,32,1,37,PSD,1104,ESCOLA MUNICIPAL ALTIVO CESAR,"RUA DR. LUIZ PALMIER, 25"
2022,144,321,1,48,PSD,1651,INSTITUTO EDUCACIONAL TAURUS,"ALAMEDA SÃO BOAVENTURA, 15"
2022,144,323,1,48,PSD,1651,INSTITUTO EDUCACIONAL TAURUS,"ALAMEDA SÃO BOAVENTURA, 15"
2022,144,325,1,16,PSD,1651,INSTITUTO EDUCACIONAL TAURUS,"ALAMEDA SÃO BOAVENTURA, 15"
2022,144,326,1,39,PSD,1651,INSTITUTO EDUCACIONAL TAURUS,"ALAMEDA SÃO BOAVENTURA, 15"
2022,144,328,1,30,PSD,1660,COLÉGIO ESTADUAL CONSELHEIRO JOSINO,"RUA TEIXEIRA DE FREITAS, 421"
2022,144,329,1,37,PSD,1660,COLÉGIO ESTADUAL CONSELHEIRO JOSINO,"RUA TEIXEIRA DE FREITAS, 421"
2022,144,33,1,33,PSD,1104,ESCOLA MUNICIPAL ALTIVO CESAR,"RUA DR. LUIZ PALMIER, 25"
2022,144,330,1,30,PSD,1660,COLÉGIO ESTADUAL CONSELHEIRO JOSINO,"RUA TEIXEIRA DE FREITAS, 421"
2022,144,331,1,29,PSD,1660,COLÉGIO ESTADUAL CONSELHEIRO JOSINO,"RUA TEIXEIRA DE FREITAS, 421"
2022,144,332,1,29,PSD,1660,COLÉGIO ESTADUAL CONSELHEIRO JOSINO,"RUA TEIXEIRA DE FREITAS, 421"
2022,144,333,1,33,PSD,1660,COLÉGIO ESTADUAL CONSELHEIRO JOSINO,"RUA TEIXEIRA DE FREITAS, 421"
2022,144,334,1,39,PSD,1660,COLÉGIO ESTADUAL CONSELHEIRO JOSINO,"RUA TEIXEIRA DE FREITAS, 421"
2022,144,335,1,32,PSD,1660,COLÉGIO ESTADUAL CONSELHEIRO JOSINO,"RUA TEIXEIRA DE FREITAS, 421"
2022,144,336,1,35,PSD,1660,COLÉGIO ESTADUAL CONSELHEIRO JOSINO,"RUA TEIXEIRA DE FREITAS, 421"
2022,144,337,1,17,PSD,1678,ESCOLA MUNICIPAL JACINTA MEDELA,"RUA TENENTE OSORIO, 10"
2022,144,338,1,21,PSD,1678,ESCOLA MUNICIPAL JACINTA MEDELA,"RUA TENENTE OSORIO, 10"
2022,144,339,1,17,PSD,1678,ESCOLA MUNICIPAL JACINTA MEDELA,"RUA TENENTE OSORIO, 10"
2022,144,34,1,17,PSD,1112,ESCOLA MUNICIPAL TIRADENTES,"RUA DR. MARCH, 628"
2022,144,340,1,26,PSD,1678,ESCOLA MUNICIPAL JACINTA MEDELA,"RUA TENENTE OSORIO, 10"
2022,144,341,1,25,PSD,1678,ESCOLA MUNICIPAL JACINTA MEDELA,"RUA TENENTE OSORIO, 10"
2022,144,342,1,42,PSD,1686,GRUPO ESCOLAR NORONHA SANTOS,"RUA PREFEITO BRANDÃO JUNIOR, 184"
2022,144,344,1,42,PSD,1686,GRUPO ESCOLAR NORONHA SANTOS,"RUA PREFEITO BRANDÃO JUNIOR, 184"
2022,144,346,1,33,PSD,1686,GRUPO ESCOLAR NORONHA SANTOS,"RUA PREFEITO BRANDÃO JUNIOR, 184"
2022,144,347,1,22,PSD,1686,GRUPO ESCOLAR NORONHA SANTOS,"RUA PREFEITO BRANDÃO JUNIOR, 184"
2022,144,349,1,53,PSD,1686,GRUPO ESCOLAR NORONHA SANTOS,"RUA PREFEITO BRANDÃO JUNIOR, 184"
2022,144,35,1,17,PSD,1112,ESCOLA MUNICIPAL TIRADENTES,"RUA DR. MARCH, 628"
2022,144,351,1,39,PSD,1627,ESCOLA ESTADUAL DOUTOR JAYME MEMORIA,RUA NORONHA TORREZAO 625
2022,144,36,1,21,PSD,1112,ESCOLA MUNICIPAL TIRADENTES,"RUA DR. MARCH, 628"
2022,144,4,1,16,PSD,1023,PAROQUIA DE SAO JOAO BATISTA,RUA DR. MARCH 666
2022,144,40,1,50,PSD,1090,ESCOLA TÉCNICA ESTADUAL HENRIQUE LAGE,RUA GUIMARÃES JUNIOR 182
2022,144,42,1,36,PSD,1090,ESCOLA TÉCNICA ESTADUAL HENRIQUE LAGE,RUA GUIMARÃES JUNIOR 182
2022,144,43,1,29,PSD,1090,ESCOLA TÉCNICA ESTADUAL HENRIQUE LAGE,RUA GUIMARÃES JUNIOR 182
2022,144,44,1,26,PSD,1163,COLÉGIO ESTADUAL CONSELHEIRO MACEDO SOARES,RUA DR. MARCH 392
2022,144,45,1,21,PSD,1163,COLÉGIO ESTADUAL CONSELHEIRO MACEDO SOARES,RUA DR. MARCH 392
2022,144,46,1,31,PSD,1163,COLÉGIO ESTADUAL CONSELHEIRO MACEDO SOARES,RUA DR. MARCH 392
2022,144,47,1,28,PSD,1163,COLÉGIO ESTADUAL CONSELHEIRO MACEDO SOARES,RUA DR. MARCH 392
2022,144,48,1,27,PSD,1163,COLÉGIO ESTADUAL CONSELHEIRO MACEDO SOARES,RUA DR. MARCH 392
2022,144,49,1,25,PSD,1163,COLÉGIO ESTADUAL CONSELHEIRO MACEDO SOARES,RUA DR. MARCH 392
2022,144,5,1,27,PSD,1031,(PRÉDIO NOVO) COLÉGIO PEDRO II UNIDADE NITERÓI,RUA ASSIS DE VASCONCELOS S/N
2022,144,50,1,33,PSD,1163,COLÉGIO ESTADUAL CONSELHEIRO MACEDO SOARES,RUA DR. MARCH 392
2022,144,51,1,26,PSD,1163,COLÉGIO ESTADUAL CONSELHEIRO MACEDO SOARES,RUA DR. MARCH 392
2022,144,52,1,32,PSD,1171,ESCOLA ESTADUAL MENEZES VIEIRA,RUA ASSIS DE VASCONCELOS N 30
2022,144,53,1,15,PSD,1171,ESCOLA ESTADUAL MENEZES VIEIRA,RUA ASSIS DE VASCONCELOS N 30
2022,144,54,1,23,PSD,1171,ESCOLA ESTADUAL MENEZES VIEIRA,RUA ASSIS DE VASCONCELOS N 30
2022,144,56,1,44,PSD,1201,OFICINAS DO SENAI,RUA GALVAO S/N
2022,144,57,1,27,PSD,1104,ESCOLA MUNICIPAL ALTIVO CESAR,"RUA DR. LUIZ PALMIER, 25"
2022,144,58,1,27,PSD,1104,ESCOLA MUNICIPAL ALTIVO CESAR,"RUA DR. LUIZ PALMIER, 25"
2022,144,59,1,29,PSD,1104,ESCOLA MUNICIPAL ALTIVO CESAR,"RUA DR. LUIZ PALMIER, 25"
2022,144,6,1,16,PSD,1031,(PRÉDIO NOVO) COLÉGIO PEDRO II UNIDADE NITERÓI,RUA ASSIS DE VASCONCELOS S/N
2022,144,62,1,30,PSD,1210,TIO SAM ESPORTE CLUBE,RUA BENJAMIM CONSTANT 562
2022,144,63,1,24,PSD,1210,TIO SAM ESPORTE CLUBE,RUA BENJAMIM CONSTANT 562
2022,144,64,1,26,PSD,1210,TIO SAM ESPORTE CLUBE,RUA BENJAMIM CONSTANT 562
2022,144,65,1,30,PSD,1210,TIO SAM ESPORTE CLUBE,RUA BENJAMIM CONSTANT 562
2022,144,67,1,22,PSD,1236,COLÉGIO ESTADUAL MULLULO DA VEIGA,RUA CORONEL GUIMARÃES 505
2022,144,68,1,16,PSD,1236,COLÉGIO ESTADUAL MULLULO DA VEIGA,RUA CORONEL GUIMARÃES 505
2022,144,69,1,21,PSD,1236,COLÉGIO ESTADUAL MULLULO DA VEIGA,RUA CORONEL GUIMARÃES 505
2022,144,7,1,21,PSD,1031,(PRÉDIO NOVO) COLÉGIO PEDRO II UNIDADE NITERÓI,RUA ASSIS DE VASCONCELOS S/N
2022,144,70,1,21,PSD,1236,COLÉGIO ESTADUAL MULLULO DA VEIGA,RUA CORONEL GUIMARÃES 505
2022,144,71,1,30,PSD,1236,COLÉGIO ESTADUAL MULLULO DA VEIGA,RUA CORONEL GUIMARÃES 505
2022,144,72,1,7,PSD,1236,COLÉGIO ESTADUAL MULLULO DA VEIGA,RUA CORONEL GUIMARÃES 505
2022,144,73,1,21,PSD,1236,COLÉGIO ESTADUAL MULLULO DA VEIGA,RUA CORONEL GUIMARÃES 505
2022,144,74,1,26,PSD,1236,COLÉGIO ESTADUAL MULLULO DA VEIGA,RUA CORONEL GUIMARÃES 505
2022,144,75,1,23,PSD,1406,COLÉGIO NITERÓI,"RUA  VEREADOR JOSÉ VICENTE SOBRINHO, 269"
2022,144,76,1,13,PSD,1406,COLÉGIO NITERÓI,"RUA  VEREADOR JOSÉ VICENTE SOBRINHO, 269"
2022,144,77,1,20,PSD,1406,COLÉGIO NITERÓI,"RUA  VEREADOR JOSÉ VICENTE SOBRINHO, 269"
2022,144,78,1,27,PSD,1406,COLÉGIO NITERÓI,"RUA  VEREADOR JOSÉ VICENTE SOBRINHO, 269"
2022,144,79,1,28,PSD,1406,COLÉGIO NITERÓI,"RUA  VEREADOR JOSÉ VICENTE SOBRINHO, 269"
2022,144,8,1,32,PSD,1031,(PRÉDIO NOVO) COLÉGIO PEDRO II UNIDADE NITERÓI,RUA ASSIS DE VASCONCELOS S/N
2022,144,80,1,21,PSD,1406,COLÉGIO NITERÓI,"RUA  VEREADOR JOSÉ VICENTE SOBRINHO, 269"
2022,144,81,1,27,PSD,1031,(PRÉDIO NOVO) COLÉGIO PEDRO II UNIDADE NITERÓI,RUA ASSIS DE VASCONCELOS S/N
2022,144,82,1,26,PSD,1031,(PRÉDIO NOVO) COLÉGIO PEDRO II UNIDADE NITERÓI,RUA ASSIS DE VASCONCELOS S/N
2022,144,83,1,23,PSD,1252,ESCOLA MUNICIPAL ADELINO MAGALHÃES,"RUA DR. NELSON PENA, 17"
2022,144,85,1,20,PSD,1252,ESCOLA MUNICIPAL ADELINO MAGALHÃES,"RUA DR. NELSON PENA, 17"
2022,144,87,1,37,PSD,1252,ESCOLA MUNICIPAL ADELINO MAGALHÃES,"RUA DR. NELSON PENA, 17"
2022,144,88,1,32,PSD,1317,IGREJA BATISTA BETEL DE NITERÓI,RUA DANIEL TORRES 72
2022,144,89,1,18,PSD,1317,IGREJA BATISTA BETEL DE NITERÓI,RUA DANIEL TORRES 72
2022,144,9,1,19,PSD,1031,(PRÉDIO NOVO) COLÉGIO PEDRO II UNIDADE NITERÓI,RUA ASSIS DE VASCONCELOS S/N
2022,144,90,1,21,PSD,1317,IGREJA BATISTA BETEL DE NITERÓI,RUA DANIEL TORRES 72
2022,144,92,1,27,PSD,1252,ESCOLA MUNICIPAL ADELINO MAGALHÃES,"RUA DR. NELSON PENA, 17"
2022,144,94,1,25,PSD,1031,(PRÉDIO NOVO) COLÉGIO PEDRO II UNIDADE NITERÓI,RUA ASSIS DE VASCONCELOS S/N
2022,144,95,1,18,PSD,1236,COLÉGIO ESTADUAL MULLULO DA VEIGA,RUA CORONEL GUIMARÃES 505
2022,144,96,1,26,PSD,1031,(PRÉDIO NOVO) COLÉGIO PEDRO II UNIDADE NITERÓI,RUA ASSIS DE VASCONCELOS S/N
2022,144,97,1,14,PSD,1031,(PRÉDIO NOVO) COLÉGIO PEDRO II UNIDADE NITERÓI,RUA ASSIS DE VASCONCELOS S/N
2022,144,98,1,13,PSD,1031,(PRÉDIO NOVO) COLÉGIO PEDRO II UNIDADE NITERÓI,RUA ASSIS DE VASCONCELOS S/N
2022,144,99,1,21,PSD,1031,(PRÉDIO NOVO) COLÉGIO PEDRO II UNIDADE NITERÓI,RUA ASSIS DE VASCONCELOS S/N
2022,199,1,1,35,PSD,1015,COUNTRY CLUB DE NITEROI,RUA CHILE 135
2022,199,10,1,16,PSD,1031,ESCOLA MUNICIPAL HONORINA DE CARVALHO,RUA PROF. JOSE PECANHA S/N
2022,199,100,1,29,PSD,1155,COLÉGIO ITAPUCA,"AV. ERNANI DE FARIAS ALVES, N 124 TREVO DE PIRATININGA"
2022,199,101,1,34,PSD,1112,COLÉGIO SALESIANO REGIÃO OCEÂNICA,"RUA DOUTOR CORNÉLIO DE MELLO JÚNIOR, 117"
2022,199,102,1,27,PSD,1198,CIEP 448 RUY FRAZÃO SOARES,ESTRADA DO ENGENHO DO MATO S/N - PRACA
2022,199,103,1,27,PSD,1023,ESCOLA MUNICIPAL FELISBERTO DE CARVALHO,ESTRADA CAETANO MONTEIRO 896
2022,199,104,1,35,PSD,1155,COLÉGIO ITAPUCA,"AV. ERNANI DE FARIAS ALVES, N 124 TREVO DE PIRATININGA"
2022,199,105,1,38,PSD,1244,COLÉGIO LAPLACE,"RUA MANOEL PACHECO DE CARVALHO, N 80"
2022,199,106,1,37,PSD,1082,UMEI DR PAULO CESAR DE ALMEIDA PIMENTEL,RUA ANTONIO LUIZ SAIÃO CAMPO BELO
2022,199,107,1,44,PSD,1198,CIEP 448 RUY FRAZÃO SOARES,ESTRADA DO ENGENHO DO MATO S/N - PRACA
2022,199,109,1,35,PSD,1074,COLÉGIO FUTURO VIP (ANT GAUSS),"RUA JULIO BRAGA, 65 LOT SANTO ANTÔNIO ITAIPU"
2022,199,11,1,35,PSD,1031,ESCOLA MUNICIPAL HONORINA DE CARVALHO,RUA PROF. JOSE PECANHA S/N
2022,199,110,1,33,PSD,1155,COLÉGIO ITAPUCA,"AV. ERNANI DE FARIAS ALVES, N 124 TREVO DE PIRATININGA"
2022,199,111,1,39,PSD,1112,COLÉGIO SALESIANO REGIÃO OCEÂNICA,"RUA DOUTOR CORNÉLIO DE MELLO JÚNIOR, 117"
2022,199,113,1,25,PSD,1031,ESCOLA MUNICIPAL HONORINA DE CARVALHO,RUA PROF. JOSE PECANHA S/N
2022,199,114,1,21,PSD,1198,CIEP 448 RUY FRAZÃO SOARES,ESTRADA DO ENGENHO DO MATO S/N - PRACA
2022,199,115,1,34,PSD,1244,COLÉGIO LAPLACE,"RUA MANOEL PACHECO DE CARVALHO, N 80"
2022,199,116,1,22,PSD,1090,COLÉGIO ESTADUAL PROFESSORA ALCINA RODRIGUES LIMA,"ESTRADA FRANCISCO DA CRUZ NUNES, S/N"
2022,199,117,1,29,PSD,1155,COLÉGIO ITAPUCA,"AV. ERNANI DE FARIAS ALVES, N 124 TREVO DE PIRATININGA"
2022,199,118,1,39,PSD,1112,COLÉGIO SALESIANO REGIÃO OCEÂNICA,"RUA DOUTOR CORNÉLIO DE MELLO JÚNIOR, 117"
2022,199,119,1,56,PSD,1066,ITACOATIARA PAMPO CLUBE,AV. BEIRA MAR 205
2022,199,12,1,27,PSD,1031,ESCOLA MUNICIPAL HONORINA DE CARVALHO,RUA PROF. JOSE PECANHA S/N
2022,199,120,1,43,PSD,1015,COUNTRY CLUB DE NITEROI,RUA CHILE 135
2022,199,121,1,31,PSD,1198,CIEP 448 RUY FRAZÃO SOARES,ESTRADA DO ENGENHO DO MATO S/N - PRACA
2022,199,123,1,52,PSD,1139,ESCOLA MUNICIPAL FRANCISCO PORTUGAL NEVES,"RUA MANOEL PACHECO DE CARVALHO, N 14 TREVO DE PIRATININGA"
2022,199,124,1,35,PSD,1082,UMEI DR PAULO CESAR DE ALMEIDA PIMENTEL,RUA ANTONIO LUIZ SAIÃO CAMPO BELO
2022,199,125,1,19,PSD,1031,ESCOLA MUNICIPAL HONORINA DE CARVALHO,RUA PROF. JOSE PECANHA S/N
2022,199,126,1,35,PSD,1198,CIEP 448 RUY FRAZÃO SOARES,ESTRADA DO ENGENHO DO MATO S/N - PRACA
2022,199,127,1,29,PSD,1090,COLÉGIO ESTADUAL PROFESSORA ALCINA RODRIGUES LIMA,"ESTRADA FRANCISCO DA CRUZ NUNES, S/N"
2022,199,129,1,38,PSD,1155,COLÉGIO ITAPUCA,"AV. ERNANI DE FARIAS ALVES, N 124 TREVO DE PIRATININGA"
2022,199,13,1,34,PSD,1031,ESCOLA MUNICIPAL HONORINA DE CARVALHO,RUA PROF. JOSE PECANHA S/N
2022,199,130,1,27,PSD,1198,CIEP 448 RUY FRAZÃO SOARES,ESTRADA DO ENGENHO DO MATO S/N - PRACA
2022,199,132,1,53,PSD,1155,COLÉGIO ITAPUCA,"AV. ERNANI DE FARIAS ALVES, N 124 TREVO DE PIRATININGA"
2022,199,133,1,40,PSD,1198,CIEP 448 RUY FRAZÃO SOARES,ESTRADA DO ENGENHO DO MATO S/N - PRACA
2022,199,135,1,29,PSD,1090,COLÉGIO ESTADUAL PROFESSORA ALCINA RODRIGUES LIMA,"ESTRADA FRANCISCO DA CRUZ NUNES, S/N"
2022,199,136,1,45,PSD,1244,COLÉGIO LAPLACE,"RUA MANOEL PACHECO DE CARVALHO, N 80"
2022,199,138,1,39,PSD,1112,COLÉGIO SALESIANO REGIÃO OCEÂNICA,"RUA DOUTOR CORNÉLIO DE MELLO JÚNIOR, 117"
2022,199,139,1,39,PSD,1198,CIEP 448 RUY FRAZÃO SOARES,ESTRADA DO ENGENHO DO MATO S/N - PRACA
2022,199,140,1,47,PSD,1074,COLÉGIO FUTURO VIP (ANT GAUSS),"RUA JULIO BRAGA, 65 LOT SANTO ANTÔNIO ITAIPU"
2022,199,141,1,26,PSD,1082,UMEI DR PAULO CESAR DE ALMEIDA PIMENTEL,RUA ANTONIO LUIZ SAIÃO CAMPO BELO
2022,199,142,1,35,PSD,1317,COLÉGIO PAULO FREIRE,"AVENIDA IRENE LOPES SODRÉ, N22"
2022,199,143,1,48,PSD,1155,COLÉGIO ITAPUCA,"AV. ERNANI DE FARIAS ALVES, N 124 TREVO DE PIRATININGA"
2022,199,144,1,29,PSD,1139,ESCOLA MUNICIPAL FRANCISCO PORTUGAL NEVES,"RUA MANOEL PACHECO DE CARVALHO, N 14 TREVO DE PIRATININGA"
2022,199,145,1,22,PSD,1090,COLÉGIO ESTADUAL PROFESSORA ALCINA RODRIGUES LIMA,"ESTRADA FRANCISCO DA CRUZ NUNES, S/N"
2022,199,147,1,41,PSD,1112,COLÉGIO SALESIANO REGIÃO OCEÂNICA,"RUA DOUTOR CORNÉLIO DE MELLO JÚNIOR, 117"
2022,199,148,1,40,PSD,1031,ESCOLA MUNICIPAL HONORINA DE CARVALHO,RUA PROF. JOSE PECANHA S/N
2022,199,149,1,36,PSD,1198,CIEP 448 RUY FRAZÃO SOARES,ESTRADA DO ENGENHO DO MATO S/N - PRACA
2022,199,150,1,48,PSD,1066,ITACOATIARA PAMPO CLUBE,AV. BEIRA MAR 205
2022,199,151,1,31,PSD,1090,COLÉGIO ESTADUAL PROFESSORA ALCINA RODRIGUES LIMA,"ESTRADA FRANCISCO DA CRUZ NUNES, S/N"
2022,199,152,1,37,PSD,1260,COLÉGIO PLUZ,"RUA NICARÁGUA, 20"
2022,199,153,1,27,PSD,1252,CIEP 307 DJANIRA,AV. EWERTON XAVIER S/N - PRACA
2022,199,154,1,41,PSD,1279,INSTITUTO FOKUS (ANTIGO INTERAÇÃO CRECHE ESCOLA),"AVENIDA PROF CARLOS NELSON FERREIRA SANTOS(ANT AVENIDA 5) , 658"
2022,199,155,1,44,PSD,1112,COLÉGIO SALESIANO REGIÃO OCEÂNICA,"RUA DOUTOR CORNÉLIO DE MELLO JÚNIOR, 117"
2022,199,156,1,31,PSD,1155,COLÉGIO ITAPUCA,"AV. ERNANI DE FARIAS ALVES, N 124 TREVO DE PIRATININGA"
2022,199,157,1,48,PSD,1015,COUNTRY CLUB DE NITEROI,RUA CHILE 135
2022,199,158,1,48,PSD,1287,ESCOLA MUNICIPAL PROF MARCOS WALDEMAR DE FREITAS REIS,"RUA ANTONIO LUIZ SAIÃO, S/N ITAIPU"
2022,199,160,1,34,PSD,1120,COLÉGIO ESTADUAL ALMIRANTE TAMANDARÉ,AV. ACURCIO TORRES S/N
2022,199,161,1,36,PSD,1260,COLÉGIO PLUZ,"RUA NICARÁGUA, 20"
2022,199,162,1,32,PSD,1198,CIEP 448 RUY FRAZÃO SOARES,ESTRADA DO ENGENHO DO MATO S/N - PRACA
2022,199,163,1,31,PSD,1260,COLÉGIO PLUZ,"RUA NICARÁGUA, 20"
2022,199,165,1,37,PSD,1090,COLÉGIO ESTADUAL PROFESSORA ALCINA RODRIGUES LIMA,"ESTRADA FRANCISCO DA CRUZ NUNES, S/N"
2022,199,166,1,28,PSD,1031,ESCOLA MUNICIPAL HONORINA DE CARVALHO,RUA PROF. JOSE PECANHA S/N
2022,199,167,1,48,PSD,1112,COLÉGIO SALESIANO REGIÃO OCEÂNICA,"RUA DOUTOR CORNÉLIO DE MELLO JÚNIOR, 117"
2022,199,168,1,37,PSD,1139,ESCOLA MUNICIPAL FRANCISCO PORTUGAL NEVES,"RUA MANOEL PACHECO DE CARVALHO, N 14 TREVO DE PIRATININGA"
2022,199,169,1,55,PSD,1317,COLÉGIO PAULO FREIRE,"AVENIDA IRENE LOPES SODRÉ, N22"
2022,199,170,1,50,PSD,1279,INSTITUTO FOKUS (ANTIGO INTERAÇÃO CRECHE ESCOLA),"AVENIDA PROF CARLOS NELSON FERREIRA SANTOS(ANT AVENIDA 5) , 658"
2022,199,171,1,46,PSD,1260,COLÉGIO PLUZ,"RUA NICARÁGUA, 20"
2022,199,173,1,60,PSD,1112,COLÉGIO SALESIANO REGIÃO OCEÂNICA,"RUA DOUTOR CORNÉLIO DE MELLO JÚNIOR, 117"
2022,199,174,1,42,PSD,1287,ESCOLA MUNICIPAL PROF MARCOS WALDEMAR DE FREITAS REIS,"RUA ANTONIO LUIZ SAIÃO, S/N ITAIPU"
2022,199,175,1,73,PSD,1066,ITACOATIARA PAMPO CLUBE,AV. BEIRA MAR 205
2022,199,176,1,40,PSD,1260,COLÉGIO PLUZ,"RUA NICARÁGUA, 20"
2022,199,177,1,50,PSD,1295,UMEI PROFA ODETE ROSA DA MOTA,ESTRADA FRANCISCO DA CRUZ NUNES S/N (PRÓXIMO AO CORPO DE BOMBEIROS)
2022,199,178,1,43,PSD,1155,COLÉGIO ITAPUCA,"AV. ERNANI DE FARIAS ALVES, N 124 TREVO DE PIRATININGA"
2022,199,179,1,63,PSD,1341,SOPRECAM,"AV. PROFESSOR CARLOS NELSON FERREIRADOS SANTOS, S/N"
2022,199,180,1,21,PSD,1198,CIEP 448 RUY FRAZÃO SOARES,ESTRADA DO ENGENHO DO MATO S/N - PRACA
2022,199,181,1,52,PSD,1015,COUNTRY CLUB DE NITEROI,RUA CHILE 135
2022,199,182,1,49,PSD,1112,COLÉGIO SALESIANO REGIÃO OCEÂNICA,"RUA DOUTOR CORNÉLIO DE MELLO JÚNIOR, 117"
2022,199,183,1,20,PSD,1252,CIEP 307 DJANIRA,AV. EWERTON XAVIER S/N - PRACA
2022,199,184,1,59,PSD,1260,COLÉGIO PLUZ,"RUA NICARÁGUA, 20"
2022,199,185,1,54,PSD,1155,COLÉGIO ITAPUCA,"AV. ERNANI DE FARIAS ALVES, N 124 TREVO DE PIRATININGA"
2022,199,186,1,21,PSD,1031,ESCOLA MUNICIPAL HONORINA DE CARVALHO,RUA PROF. JOSE PECANHA S/N
2022,199,187,1,38,PSD,1104,FISK CENTRO DE ENSINO,RUA ERNANI DE FARIAS ALVES 161
2022,199,188,1,22,PSD,1260,COLÉGIO PLUZ,"RUA NICARÁGUA, 20"
2022,199,189,1,28,PSD,1120,COLÉGIO ESTADUAL ALMIRANTE TAMANDARÉ,AV. ACURCIO TORRES S/N
2022,199,190,1,44,PSD,1279,INSTITUTO FOKUS (ANTIGO INTERAÇÃO CRECHE ESCOLA),"AVENIDA PROF CARLOS NELSON FERREIRA SANTOS(ANT AVENIDA 5) , 658"
2022,199,191,1,38,PSD,1295,UMEI PROFA ODETE ROSA DA MOTA,ESTRADA FRANCISCO DA CRUZ NUNES S/N (PRÓXIMO AO CORPO DE BOMBEIROS)
2022,199,192,1,36,PSD,1155,COLÉGIO ITAPUCA,"AV. ERNANI DE FARIAS ALVES, N 124 TREVO DE PIRATININGA"
2022,199,193,1,44,PSD,1260,COLÉGIO PLUZ,"RUA NICARÁGUA, 20"
2022,199,194,1,50,PSD,1295,UMEI PROFA ODETE ROSA DA MOTA,ESTRADA FRANCISCO DA CRUZ NUNES S/N (PRÓXIMO AO CORPO DE BOMBEIROS)
2022,199,195,1,36,PSD,1074,COLÉGIO FUTURO VIP (ANT GAUSS),"RUA JULIO BRAGA, 65 LOT SANTO ANTÔNIO ITAIPU"
2022,199,196,1,50,PSD,1015,COUNTRY CLUB DE NITEROI,RUA CHILE 135
2022,199,197,1,49,PSD,1295,UMEI PROFA ODETE ROSA DA MOTA,ESTRADA FRANCISCO DA CRUZ NUNES S/N (PRÓXIMO AO CORPO DE BOMBEIROS)
2022,199,198,1,38,PSD,1104,FISK CENTRO DE ENSINO,RUA ERNANI DE FARIAS ALVES 161
2022,199,199,1,35,PSD,1244,COLÉGIO LAPLACE,"RUA MANOEL PACHECO DE CARVALHO, N 80"
2022,199,2,1,47,PSD,1015,COUNTRY CLUB DE NITEROI,RUA CHILE 135
2022,199,200,1,21,PSD,1279,INSTITUTO FOKUS (ANTIGO INTERAÇÃO CRECHE ESCOLA),"AVENIDA PROF CARLOS NELSON FERREIRA SANTOS(ANT AVENIDA 5) , 658"
2022,199,201,1,32,PSD,1252,CIEP 307 DJANIRA,AV. EWERTON XAVIER S/N - PRACA
2022,199,202,1,53,PSD,1317,COLÉGIO PAULO FREIRE,"AVENIDA IRENE LOPES SODRÉ, N22"
2022,199,203,1,28,PSD,1287,ESCOLA MUNICIPAL PROF MARCOS WALDEMAR DE FREITAS REIS,"RUA ANTONIO LUIZ SAIÃO, S/N ITAIPU"
2022,199,204,1,47,PSD,1260,COLÉGIO PLUZ,"RUA NICARÁGUA, 20"
2022,199,205,1,38,PSD,1295,UMEI PROFA ODETE ROSA DA MOTA,ESTRADA FRANCISCO DA CRUZ NUNES S/N (PRÓXIMO AO CORPO DE BOMBEIROS)
2022,199,206,1,23,PSD,1325,ESCOLA MUNICIPAL SÍTIO DO IPÊ,RUA PROF. JOSÉ PEÇANHA
2022,199,207,1,53,PSD,1104,FISK CENTRO DE ENSINO,RUA ERNANI DE FARIAS ALVES 161
2022,199,208,1,53,PSD,1260,COLÉGIO PLUZ,"RUA NICARÁGUA, 20"
2022,199,209,1,29,PSD,1317,COLÉGIO PAULO FREIRE,"AVENIDA IRENE LOPES SODRÉ, N22"
2022,199,21,1,59,PSD,1066,ITACOATIARA PAMPO CLUBE,AV. BEIRA MAR 205
2022,199,210,1,42,PSD,1295,UMEI PROFA ODETE ROSA DA MOTA,ESTRADA FRANCISCO DA CRUZ NUNES S/N (PRÓXIMO AO CORPO DE BOMBEIROS)
2022,199,211,1,35,PSD,1104,FISK CENTRO DE ENSINO,RUA ERNANI DE FARIAS ALVES 161
2022,199,212,1,40,PSD,1317,COLÉGIO PAULO FREIRE,"AVENIDA IRENE LOPES SODRÉ, N22"
2022,199,213,1,42,PSD,1325,ESCOLA MUNICIPAL SÍTIO DO IPÊ,RUA PROF. JOSÉ PEÇANHA
2022,199,214,1,55,PSD,1333,ESCOLA ME NINAR,"RUA 03, N 88 E 101"
2022,199,215,1,41,PSD,1350,ESCOLA MUNICIPAL MARALEGRE,"RUA DR. WALDIR COSTA, LOTES 10 E 11"
2022,199,216,1,43,PSD,1287,ESCOLA MUNICIPAL PROF MARCOS WALDEMAR DE FREITAS REIS,"RUA ANTONIO LUIZ SAIÃO, S/N ITAIPU"
2022,199,218,1,49,PSD,1368,UMEI PROFESSORA NINA RITA TORRES,"AVENIDA DOUTOR ACÚRCIO TORRES, 691"
2022,199,219,1,41,PSD,1317,COLÉGIO PAULO FREIRE,"AVENIDA IRENE LOPES SODRÉ, N22"
2022,199,22,1,58,PSD,1066,ITACOATIARA PAMPO CLUBE,AV. BEIRA MAR 205
2022,199,220,1,26,PSD,1163,ANDEF (EX FAETEC),ESTRADA VELHA DE MARICA 4830
2022,199,221,1,52,PSD,1325,ESCOLA MUNICIPAL SÍTIO DO IPÊ,RUA PROF. JOSÉ PEÇANHA
2022,199,222,1,19,PSD,1252,CIEP 307 DJANIRA,AV. EWERTON XAVIER S/N - PRACA
2022,199,223,1,33,PSD,1350,ESCOLA MUNICIPAL MARALEGRE,"RUA DR. WALDIR COSTA, LOTES 10 E 11"
2022,199,224,1,27,PSD,1368,UMEI PROFESSORA NINA RITA TORRES,"AVENIDA DOUTOR ACÚRCIO TORRES, 691"
2022,199,225,1,59,PSD,1333,ESCOLA ME NINAR,"RUA 03, N 88 E 101"
2022,199,226,1,50,PSD,1295,UMEI PROFA ODETE ROSA DA MOTA,ESTRADA FRANCISCO DA CRUZ NUNES S/N (PRÓXIMO AO CORPO DE BOMBEIROS)
2022,199,227,1,29,PSD,1112,COLÉGIO SALESIANO REGIÃO OCEÂNICA,"RUA DOUTOR CORNÉLIO DE MELLO JÚNIOR, 117"
2022,199,228,1,52,PSD,1317,COLÉGIO PAULO FREIRE,"AVENIDA IRENE LOPES SODRÉ, N22"
2022,199,229,1,49,PSD,1317,COLÉGIO PAULO FREIRE,"AVENIDA IRENE LOPES SODRÉ, N22"
2022,199,23,1,48,PSD,1066,ITACOATIARA PAMPO CLUBE,AV. BEIRA MAR 205
2022,199,230,1,39,PSD,1104,FISK CENTRO DE ENSINO,RUA ERNANI DE FARIAS ALVES 161
2022,199,231,1,26,PSD,1112,COLÉGIO SALESIANO REGIÃO OCEÂNICA,"RUA DOUTOR CORNÉLIO DE MELLO JÚNIOR, 117"
2022,199,232,1,28,PSD,1392,CULTURA INGLESA EM ITAIPU,"ESTRADA FRANCISCO DA CRUZ NUNES, N 6956"
2022,199,233,1,39,PSD,1260,COLÉGIO PLUZ,"RUA NICARÁGUA, 20"
2022,199,234,1,27,PSD,1325,ESCOLA MUNICIPAL SÍTIO DO IPÊ,RUA PROF. JOSÉ PEÇANHA
2022,199,235,1,43,PSD,1392,CULTURA INGLESA EM ITAIPU,"ESTRADA FRANCISCO DA CRUZ NUNES, N 6956"
2022,199,236,1,32,PSD,1384,UMEI OLGA BENÁRIO PRESTES,"PRAÇA IRENE DE MATOS, S/N"
2022,199,237,1,60,PSD,1392,CULTURA INGLESA EM ITAIPU,"ESTRADA FRANCISCO DA CRUZ NUNES, N 6956"
2022,199,238,1,46,PSD,1368,UMEI PROFESSORA NINA RITA TORRES,"AVENIDA DOUTOR ACÚRCIO TORRES, 691"
2022,199,239,1,25,PSD,1392,CULTURA INGLESA EM ITAIPU,"ESTRADA FRANCISCO DA CRUZ NUNES, N 6956"
2022,199,24,1,48,PSD,1066,ITACOATIARA PAMPO CLUBE,AV. BEIRA MAR 205
2022,199,240,1,43,PSD,1392,CULTURA INGLESA EM ITAIPU,"ESTRADA FRANCISCO DA CRUZ NUNES, N 6956"
2022,199,241,1,34,PSD,1260,COLÉGIO PLUZ,"RUA NICARÁGUA, 20"
2022,199,242,1,44,PSD,1350,ESCOLA MUNICIPAL MARALEGRE,"RUA DR. WALDIR COSTA, LOTES 10 E 11"
2022,199,243,1,45,PSD,1333,ESCOLA ME NINAR,"RUA 03, N 88 E 101"
2022,199,244,1,34,PSD,1317,COLÉGIO PAULO FREIRE,"AVENIDA IRENE LOPES SODRÉ, N22"
2022,199,245,1,42,PSD,1392,CULTURA INGLESA EM ITAIPU,"ESTRADA FRANCISCO DA CRUZ NUNES, N 6956"
2022,199,246,1,24,PSD,1104,FISK CENTRO DE ENSINO,RUA ERNANI DE FARIAS ALVES 161
2022,199,247,1,35,PSD,1317,COLÉGIO PAULO FREIRE,"AVENIDA IRENE LOPES SODRÉ, N22"
2022,199,248,1,15,PSD,1368,UMEI PROFESSORA NINA RITA TORRES,"AVENIDA DOUTOR ACÚRCIO TORRES, 691"
2022,199,249,1,21,PSD,1260,COLÉGIO PLUZ,"RUA NICARÁGUA, 20"
2022,199,25,1,45,PSD,1074,COLÉGIO FUTURO VIP (ANT GAUSS),"RUA JULIO BRAGA, 65 LOT SANTO ANTÔNIO ITAIPU"
2022,199,26,1,47,PSD,1074,COLÉGIO FUTURO VIP (ANT GAUSS),"RUA JULIO BRAGA, 65 LOT SANTO ANTÔNIO ITAIPU"
2022,199,27,1,47,PSD,1074,COLÉGIO FUTURO VIP (ANT GAUSS),"RUA JULIO BRAGA, 65 LOT SANTO ANTÔNIO ITAIPU"
2022,199,28,1,45,PSD,1074,COLÉGIO FUTURO VIP (ANT GAUSS),"RUA JULIO BRAGA, 65 LOT SANTO ANTÔNIO ITAIPU"
2022,199,29,1,38,PSD,1074,COLÉGIO FUTURO VIP (ANT GAUSS),"RUA JULIO BRAGA, 65 LOT SANTO ANTÔNIO ITAIPU"
2022,199,3,1,41,PSD,1015,COUNTRY CLUB DE NITEROI,RUA CHILE 135
2022,199,30,1,22,PSD,1082,UMEI DR PAULO CESAR DE ALMEIDA PIMENTEL,RUA ANTONIO LUIZ SAIÃO CAMPO BELO
2022,199,31,1,22,PSD,1082,UMEI DR PAULO CESAR DE ALMEIDA PIMENTEL,RUA ANTONIO LUIZ SAIÃO CAMPO BELO
2022,199,32,1,31,PSD,1082,UMEI DR PAULO CESAR DE ALMEIDA PIMENTEL,RUA ANTONIO LUIZ SAIÃO CAMPO BELO
2022,199,33,1,51,PSD,1082,UMEI DR PAULO CESAR DE ALMEIDA PIMENTEL,RUA ANTONIO LUIZ SAIÃO CAMPO BELO
2022,199,34,1,34,PSD,1090,COLÉGIO ESTADUAL PROFESSORA ALCINA RODRIGUES LIMA,"ESTRADA FRANCISCO DA CRUZ NUNES, S/N"
2022,199,35,1,24,PSD,1090,COLÉGIO ESTADUAL PROFESSORA ALCINA RODRIGUES LIMA,"ESTRADA FRANCISCO DA CRUZ NUNES, S/N"
2022,199,36,1,27,PSD,1090,COLÉGIO ESTADUAL PROFESSORA ALCINA RODRIGUES LIMA,"ESTRADA FRANCISCO DA CRUZ NUNES, S/N"
2022,199,37,1,26,PSD,1090,COLÉGIO ESTADUAL PROFESSORA ALCINA RODRIGUES LIMA,"ESTRADA FRANCISCO DA CRUZ NUNES, S/N"
2022,199,38,1,35,PSD,1090,COLÉGIO ESTADUAL PROFESSORA ALCINA RODRIGUES LIMA,"ESTRADA FRANCISCO DA CRUZ NUNES, S/N"
2022,199,39,1,33,PSD,1090,COLÉGIO ESTADUAL PROFESSORA ALCINA RODRIGUES LIMA,"ESTRADA FRANCISCO DA CRUZ NUNES, S/N"
2022,199,4,1,27,PSD,1023,ESCOLA MUNICIPAL FELISBERTO DE CARVALHO,ESTRADA CAETANO MONTEIRO 896
2022,199,40,1,27,PSD,1090,COLÉGIO ESTADUAL PROFESSORA ALCINA RODRIGUES LIMA,"ESTRADA FRANCISCO DA CRUZ NUNES, S/N"
2022,199,41,1,27,PSD,1090,COLÉGIO ESTADUAL PROFESSORA ALCINA RODRIGUES LIMA,"ESTRADA FRANCISCO DA CRUZ NUNES, S/N"
2022,199,42,1,19,PSD,1082,UMEI DR PAULO CESAR DE ALMEIDA PIMENTEL,RUA ANTONIO LUIZ SAIÃO CAMPO BELO
2022,199,43,1,28,PSD,1082,UMEI DR PAULO CESAR DE ALMEIDA PIMENTEL,RUA ANTONIO LUIZ SAIÃO CAMPO BELO
2022,199,45,1,32,PSD,1112,COLÉGIO SALESIANO REGIÃO OCEÂNICA,"RUA DOUTOR CORNÉLIO DE MELLO JÚNIOR, 117"
2022,199,46,1,33,PSD,1112,COLÉGIO SALESIANO REGIÃO OCEÂNICA,"RUA DOUTOR CORNÉLIO DE MELLO JÚNIOR, 117"
2022,199,47,1,53,PSD,1112,COLÉGIO SALESIANO REGIÃO OCEÂNICA,"RUA DOUTOR CORNÉLIO DE MELLO JÚNIOR, 117"
2022,199,48,1,57,PSD,1112,COLÉGIO SALESIANO REGIÃO OCEÂNICA,"RUA DOUTOR CORNÉLIO DE MELLO JÚNIOR, 117"
2022,199,49,1,22,PSD,1120,COLÉGIO ESTADUAL ALMIRANTE TAMANDARÉ,AV. ACURCIO TORRES S/N
2022,199,5,1,41,PSD,1023,ESCOLA MUNICIPAL FELISBERTO DE CARVALHO,ESTRADA CAETANO MONTEIRO 896
2022,199,50,1,34,PSD,1120,COLÉGIO ESTADUAL ALMIRANTE TAMANDARÉ,AV. ACURCIO TORRES S/N
2022,199,51,1,31,PSD,1139,ESCOLA MUNICIPAL FRANCISCO PORTUGAL NEVES,"RUA MANOEL PACHECO DE CARVALHO, N 14 TREVO DE PIRATININGA"
2022,199,52,1,26,PSD,1139,ESCOLA MUNICIPAL FRANCISCO PORTUGAL NEVES,"RUA MANOEL PACHECO DE CARVALHO, N 14 TREVO DE PIRATININGA"
2022,199,53,1,30,PSD,1139,ESCOLA MUNICIPAL FRANCISCO PORTUGAL NEVES,"RUA MANOEL PACHECO DE CARVALHO, N 14 TREVO DE PIRATININGA"
2022,199,54,1,25,PSD,1139,ESCOLA MUNICIPAL FRANCISCO PORTUGAL NEVES,"RUA MANOEL PACHECO DE CARVALHO, N 14 TREVO DE PIRATININGA"
2022,199,55,1,29,PSD,1139,ESCOLA MUNICIPAL FRANCISCO PORTUGAL NEVES,"RUA MANOEL PACHECO DE CARVALHO, N 14 TREVO DE PIRATININGA"
2022,199,56,1,31,PSD,1139,ESCOLA MUNICIPAL FRANCISCO PORTUGAL NEVES,"RUA MANOEL PACHECO DE CARVALHO, N 14 TREVO DE PIRATININGA"
2022,199,57,1,25,PSD,1139,ESCOLA MUNICIPAL FRANCISCO PORTUGAL NEVES,"RUA MANOEL PACHECO DE CARVALHO, N 14 TREVO DE PIRATININGA"
2022,199,58,1,28,PSD,1120,COLÉGIO ESTADUAL ALMIRANTE TAMANDARÉ,AV. ACURCIO TORRES S/N
2022,199,59,1,27,PSD,1120,COLÉGIO ESTADUAL ALMIRANTE TAMANDARÉ,AV. ACURCIO TORRES S/N
2022,199,6,1,45,PSD,1023,ESCOLA MUNICIPAL FELISBERTO DE CARVALHO,ESTRADA CAETANO MONTEIRO 896
2022,199,60,1,16,PSD,1120,COLÉGIO ESTADUAL ALMIRANTE TAMANDARÉ,AV. ACURCIO TORRES S/N
2022,199,61,1,33,PSD,1120,COLÉGIO ESTADUAL ALMIRANTE TAMANDARÉ,AV. ACURCIO TORRES S/N
2022,199,62,1,27,PSD,1120,COLÉGIO ESTADUAL ALMIRANTE TAMANDARÉ,AV. ACURCIO TORRES S/N
2022,199,63,1,30,PSD,1120,COLÉGIO ESTADUAL ALMIRANTE TAMANDARÉ,AV. ACURCIO TORRES S/N
2022,199,64,1,37,PSD,1155,COLÉGIO ITAPUCA,"AV. ERNANI DE FARIAS ALVES, N 124 TREVO DE PIRATININGA"
2022,199,65,1,42,PSD,1155,COLÉGIO ITAPUCA,"AV. ERNANI DE FARIAS ALVES, N 124 TREVO DE PIRATININGA"
2022,199,66,1,32,PSD,1155,COLÉGIO ITAPUCA,"AV. ERNANI DE FARIAS ALVES, N 124 TREVO DE PIRATININGA"
2022,199,67,1,40,PSD,1155,COLÉGIO ITAPUCA,"AV. ERNANI DE FARIAS ALVES, N 124 TREVO DE PIRATININGA"
2022,199,68,1,27,PSD,1163,ANDEF (EX FAETEC),ESTRADA VELHA DE MARICA 4830
2022,199,69,1,26,PSD,1163,ANDEF (EX FAETEC),ESTRADA VELHA DE MARICA 4830
2022,199,7,1,47,PSD,1023,ESCOLA MUNICIPAL FELISBERTO DE CARVALHO,ESTRADA CAETANO MONTEIRO 896
2022,199,70,1,21,PSD,1163,ANDEF (EX FAETEC),ESTRADA VELHA DE MARICA 4830
2022,199,71,1,24,PSD,1171,COLÉGIO ESTADUAL DOUTOR SOUZA SOARES,RODOVIA AMARAL PEIXOTO KM 10
2022,199,72,1,24,PSD,1163,ANDEF (EX FAETEC),ESTRADA VELHA DE MARICA 4830
2022,199,73,1,27,PSD,1163,ANDEF (EX FAETEC),ESTRADA VELHA DE MARICA 4830
2022,199,74,1,21,PSD,1163,ANDEF (EX FAETEC),ESTRADA VELHA DE MARICA 4830
2022,199,75,1,38,PSD,1198,CIEP 448 RUY FRAZÃO SOARES,ESTRADA DO ENGENHO DO MATO S/N - PRACA
2022,199,76,1,33,PSD,1198,CIEP 448 RUY FRAZÃO SOARES,ESTRADA DO ENGENHO DO MATO S/N - PRACA
2022,199,77,1,53,PSD,1317,COLÉGIO PAULO FREIRE,"AVENIDA IRENE LOPES SODRÉ, N22"
2022,199,78,1,27,PSD,1163,ANDEF (EX FAETEC),ESTRADA VELHA DE MARICA 4830
2022,199,79,1,47,PSD,1244,COLÉGIO LAPLACE,"RUA MANOEL PACHECO DE CARVALHO, N 80"
2022,199,8,1,34,PSD,1023,ESCOLA MUNICIPAL FELISBERTO DE CARVALHO,ESTRADA CAETANO MONTEIRO 896
2022,199,80,1,45,PSD,1244,COLÉGIO LAPLACE,"RUA MANOEL PACHECO DE CARVALHO, N 80"
2022,199,81,1,48,PSD,1244,COLÉGIO LAPLACE,"RUA MANOEL PACHECO DE CARVALHO, N 80"
2022,199,82,1,23,PSD,1252,CIEP 307 DJANIRA,AV. EWERTON XAVIER S/N - PRACA
2022,199,83,1,22,PSD,1252,CIEP 307 DJANIRA,AV. EWERTON XAVIER S/N - PRACA
2022,199,84,1,24,PSD,1252,CIEP 307 DJANIRA,AV. EWERTON XAVIER S/N - PRACA
2022,199,85,1,22,PSD,1252,CIEP 307 DJANIRA,AV. EWERTON XAVIER S/N - PRACA
2022,199,86,1,24,PSD,1252,CIEP 307 DJANIRA,AV. EWERTON XAVIER S/N - PRACA
2022,199,87,1,21,PSD,1252,CIEP 307 DJANIRA,AV. EWERTON XAVIER S/N - PRACA
2022,199,88,1,42,PSD,1015,COUNTRY CLUB DE NITEROI,RUA CHILE 135
2022,199,9,1,38,PSD,1031,ESCOLA MUNICIPAL HONORINA DE CARVALHO,RUA PROF. JOSE PECANHA S/N
2022,199,90,1,22,PSD,1082,UMEI DR PAULO CESAR DE ALMEIDA PIMENTEL,RUA ANTONIO LUIZ SAIÃO CAMPO BELO
2022,199,91,1,48,PSD,1244,COLÉGIO LAPLACE,"RUA MANOEL PACHECO DE CARVALHO, N 80"
2022,199,92,1,24,PSD,1120,COLÉGIO ESTADUAL ALMIRANTE TAMANDARÉ,AV. ACURCIO TORRES S/N
2022,199,93,1,39,PSD,1317,COLÉGIO PAULO FREIRE,"AVENIDA IRENE LOPES SODRÉ, N22"
2022,199,94,1,43,PSD,1031,ESCOLA MUNICIPAL HONORINA DE CARVALHO,RUA PROF. JOSE PECANHA S/N
2022,199,95,1,35,PSD,1031,ESCOLA MUNICIPAL HONORINA DE CARVALHO,RUA PROF. JOSE PECANHA S/N
2022,199,97,1,37,PSD,1074,COLÉGIO FUTURO VIP (ANT GAUSS),"RUA JULIO BRAGA, 65 LOT SANTO ANTÔNIO ITAIPU"
2022,199,98,1,28,PSD,1244,COLÉGIO LAPLACE,"RUA MANOEL PACHECO DE CARVALHO, N 80"
2022,199,99,1,18,PSD,1082,UMEI DR PAULO CESAR DE ALMEIDA PIMENTEL,RUA ANTONIO LUIZ SAIÃO CAMPO BELO
2022,71,1,1,51,PSD,1015,CENTRO EDUCACIONAL DE NITEROI - CENTRINHO,RUA ITAGUAI 173
2022,71,100,1,50,PSD,1309,CURSO MARLY CURY,AV. SETE DE SETEMBRO 165
2022,71,101,1,40,PSD,1309,CURSO MARLY CURY,AV. SETE DE SETEMBRO 165
2022,71,102,1,56,PSD,1309,CURSO MARLY CURY,AV. SETE DE SETEMBRO 165
2022,71,103,1,57,PSD,1309,CURSO MARLY CURY,AV. SETE DE SETEMBRO 165
2022,71,104,1,35,PSD,1317,ESCOLA ESTADUAL BALTAZAR BERNARDINO,RUA MARIZ E BARROS 444
2022,71,105,1,50,PSD,1317,ESCOLA ESTADUAL BALTAZAR BERNARDINO,RUA MARIZ E BARROS 444
2022,71,106,1,66,PSD,1325,ESCOLA ESTADUAL GUILHERME BRIGGS,RUA MARIO VIANNA 625
2022,71,107,1,42,PSD,1325,ESCOLA ESTADUAL GUILHERME BRIGGS,RUA MARIO VIANNA 625
2022,71,108,1,65,PSD,1325,ESCOLA ESTADUAL GUILHERME BRIGGS,RUA MARIO VIANNA 625
2022,71,109,1,51,PSD,1325,ESCOLA ESTADUAL GUILHERME BRIGGS,RUA MARIO VIANNA 625
2022,71,110,1,56,PSD,1325,ESCOLA ESTADUAL GUILHERME BRIGGS,RUA MARIO VIANNA 625
2022,71,111,1,61,PSD,1325,ESCOLA ESTADUAL GUILHERME BRIGGS,RUA MARIO VIANNA 625
2022,71,112,1,57,PSD,1325,ESCOLA ESTADUAL GUILHERME BRIGGS,RUA MARIO VIANNA 625
2022,71,113,1,57,PSD,1325,ESCOLA ESTADUAL GUILHERME BRIGGS,RUA MARIO VIANNA 625
2022,71,114,1,62,PSD,1325,ESCOLA ESTADUAL GUILHERME BRIGGS,RUA MARIO VIANNA 625
2022,71,115,1,81,PSD,1325,ESCOLA ESTADUAL GUILHERME BRIGGS,RUA MARIO VIANNA 625
2022,71,116,1,36,PSD,1333,PARÓQUIA NOSSA SENHORA AUXILIADORA - CENTRO COMUNITÁRIO,"RUA SANTA ROSA, 216"
2022,71,117,1,40,PSD,1333,PARÓQUIA NOSSA SENHORA AUXILIADORA - CENTRO COMUNITÁRIO,"RUA SANTA ROSA, 216"
2022,71,118,1,37,PSD,1309,CURSO MARLY CURY,AV. SETE DE SETEMBRO 165
2022,71,119,1,53,PSD,1309,CURSO MARLY CURY,AV. SETE DE SETEMBRO 165
2022,71,120,1,29,PSD,1333,PARÓQUIA NOSSA SENHORA AUXILIADORA - CENTRO COMUNITÁRIO,"RUA SANTA ROSA, 216"
2022,71,121,1,45,PSD,1333,PARÓQUIA NOSSA SENHORA AUXILIADORA - CENTRO COMUNITÁRIO,"RUA SANTA ROSA, 216"
2022,71,122,1,42,PSD,1333,PARÓQUIA NOSSA SENHORA AUXILIADORA - CENTRO COMUNITÁRIO,"RUA SANTA ROSA, 216"
2022,71,123,1,49,PSD,1368,INSTITUTO SÃO JOSÉ,RUA GERALDO MARTINS 166
2022,71,124,1,47,PSD,1368,INSTITUTO SÃO JOSÉ,RUA GERALDO MARTINS 166
2022,71,125,1,37,PSD,1368,INSTITUTO SÃO JOSÉ,RUA GERALDO MARTINS 166
2022,71,130,1,41,PSD,1392,FACULDADE DE VETERINARIA DA UFF,RUA VITAL BRASIL FILHO 64
2022,71,131,1,53,PSD,1392,FACULDADE DE VETERINARIA DA UFF,RUA VITAL BRASIL FILHO 64
2022,71,132,1,44,PSD,1392,FACULDADE DE VETERINARIA DA UFF,RUA VITAL BRASIL FILHO 64
2022,71,133,1,57,PSD,1392,FACULDADE DE VETERINARIA DA UFF,RUA VITAL BRASIL FILHO 64
2022,71,134,1,53,PSD,1392,FACULDADE DE VETERINARIA DA UFF,RUA VITAL BRASIL FILHO 64
2022,71,135,1,40,PSD,1392,FACULDADE DE VETERINARIA DA UFF,RUA VITAL BRASIL FILHO 64
2022,71,136,1,69,PSD,1015,CENTRO EDUCACIONAL DE NITEROI - CENTRINHO,RUA ITAGUAI 173
2022,71,138,1,62,PSD,1260,INSTITUTO ABEL,AV. ROBERTO SILVEIRA 29
2022,71,140,1,46,PSD,1244,ESCOLA ESTADUAL MANUEL DE ABREU,RUA LOPES TROVAO 287-A
2022,71,142,1,53,PSD,1295,COLEGIO SALESIANO SANTA ROSA,RUA SANTA ROSA 207
2022,71,143,1,55,PSD,1317,ESCOLA ESTADUAL BALTAZAR BERNARDINO,RUA MARIZ E BARROS 444
2022,71,144,1,84,PSD,1325,ESCOLA ESTADUAL GUILHERME BRIGGS,RUA MARIO VIANNA 625
2022,71,145,1,35,PSD,1317,ESCOLA ESTADUAL BALTAZAR BERNARDINO,RUA MARIZ E BARROS 444
2022,71,146,1,44,PSD,1368,INSTITUTO SÃO JOSÉ,RUA GERALDO MARTINS 166
2022,71,150,1,39,PSD,1333,PARÓQUIA NOSSA SENHORA AUXILIADORA - CENTRO COMUNITÁRIO,"RUA SANTA ROSA, 216"
2022,71,151,1,45,PSD,1104,INSTITUTO MAIA VINAGRE,RUA NORONHA TORREZÃO 68
2022,71,153,1,77,PSD,1015,CENTRO EDUCACIONAL DE NITEROI - CENTRINHO,RUA ITAGUAI 173
2022,71,156,1,55,PSD,1309,CURSO MARLY CURY,AV. SETE DE SETEMBRO 165
2022,71,157,1,54,PSD,1260,INSTITUTO ABEL,AV. ROBERTO SILVEIRA 29
2022,71,158,1,55,PSD,1392,FACULDADE DE VETERINARIA DA UFF,RUA VITAL BRASIL FILHO 64
2022,71,160,1,47,PSD,1333,PARÓQUIA NOSSA SENHORA AUXILIADORA - CENTRO COMUNITÁRIO,"RUA SANTA ROSA, 216"
2022,71,161,1,40,PSD,1392,FACULDADE DE VETERINARIA DA UFF,RUA VITAL BRASIL FILHO 64
2022,71,167,1,52,PSD,1368,INSTITUTO SÃO JOSÉ,RUA GERALDO MARTINS 166
2022,71,168,1,57,PSD,1244,ESCOLA ESTADUAL MANUEL DE ABREU,RUA LOPES TROVAO 287-A
2022,71,171,1,39,PSD,1295,COLEGIO SALESIANO SANTA ROSA,RUA SANTA ROSA 207
2022,71,172,1,51,PSD,1325,ESCOLA ESTADUAL GUILHERME BRIGGS,RUA MARIO VIANNA 625
2022,71,174,1,38,PSD,1333,PARÓQUIA NOSSA SENHORA AUXILIADORA - CENTRO COMUNITÁRIO,"RUA SANTA ROSA, 216"
2022,71,175,1,66,PSD,1309,CURSO MARLY CURY,AV. SETE DE SETEMBRO 165
2022,71,178,1,49,PSD,1104,INSTITUTO MAIA VINAGRE,RUA NORONHA TORREZÃO 68
2022,71,179,1,49,PSD,1392,FACULDADE DE VETERINARIA DA UFF,RUA VITAL BRASIL FILHO 64
2022,71,182,1,35,PSD,1333,PARÓQUIA NOSSA SENHORA AUXILIADORA - CENTRO COMUNITÁRIO,"RUA SANTA ROSA, 216"
2022,71,183,1,51,PSD,1104,INSTITUTO MAIA VINAGRE,RUA NORONHA TORREZÃO 68
2022,71,185,1,40,PSD,1244,ESCOLA ESTADUAL MANUEL DE ABREU,RUA LOPES TROVAO 287-A
2022,71,186,1,52,PSD,1392,FACULDADE DE VETERINARIA DA UFF,RUA VITAL BRASIL FILHO 64
2022,71,189,1,53,PSD,1317,ESCOLA ESTADUAL BALTAZAR BERNARDINO,RUA MARIZ E BARROS 444
2022,71,190,1,56,PSD,1260,INSTITUTO ABEL,AV. ROBERTO SILVEIRA 29
2022,71,191,1,48,PSD,1309,CURSO MARLY CURY,AV. SETE DE SETEMBRO 165
2022,71,192,1,43,PSD,1392,FACULDADE DE VETERINARIA DA UFF,RUA VITAL BRASIL FILHO 64
2022,71,193,1,67,PSD,1325,ESCOLA ESTADUAL GUILHERME BRIGGS,RUA MARIO VIANNA 625
2022,71,194,1,54,PSD,1295,COLEGIO SALESIANO SANTA ROSA,RUA SANTA ROSA 207
2022,71,195,1,56,PSD,1368,INSTITUTO SÃO JOSÉ,RUA GERALDO MARTINS 166
2022,71,196,1,48,PSD,1392,FACULDADE DE VETERINARIA DA UFF,RUA VITAL BRASIL FILHO 64
2022,71,197,1,54,PSD,1015,CENTRO EDUCACIONAL DE NITEROI - CENTRINHO,RUA ITAGUAI 173
2022,71,198,1,54,PSD,1260,INSTITUTO ABEL,AV. ROBERTO SILVEIRA 29
2022,71,199,1,56,PSD,1317,ESCOLA ESTADUAL BALTAZAR BERNARDINO,RUA MARIZ E BARROS 444
2022,71,2,1,56,PSD,1015,CENTRO EDUCACIONAL DE NITEROI - CENTRINHO,RUA ITAGUAI 173
2022,71,200,1,58,PSD,1392,FACULDADE DE VETERINARIA DA UFF,RUA VITAL BRASIL FILHO 64
2022,71,201,1,63,PSD,1260,INSTITUTO ABEL,AV. ROBERTO SILVEIRA 29
2022,71,202,1,68,PSD,1325,ESCOLA ESTADUAL GUILHERME BRIGGS,RUA MARIO VIANNA 625
2022,71,203,1,49,PSD,1260,INSTITUTO ABEL,AV. ROBERTO SILVEIRA 29
2022,71,204,1,54,PSD,1295,COLEGIO SALESIANO SANTA ROSA,RUA SANTA ROSA 207
2022,71,205,1,51,PSD,1317,ESCOLA ESTADUAL BALTAZAR BERNARDINO,RUA MARIZ E BARROS 444
2022,71,206,1,56,PSD,1260,INSTITUTO ABEL,AV. ROBERTO SILVEIRA 29
2022,71,207,1,46,PSD,1325,ESCOLA ESTADUAL GUILHERME BRIGGS,RUA MARIO VIANNA 625
2022,71,208,1,39,PSD,1244,ESCOLA ESTADUAL MANUEL DE ABREU,RUA LOPES TROVAO 287-A
2022,71,209,1,54,PSD,1368,INSTITUTO SÃO JOSÉ,RUA GERALDO MARTINS 166
2022,71,210,1,59,PSD,1309,CURSO MARLY CURY,AV. SETE DE SETEMBRO 165
2022,71,211,1,45,PSD,1392,FACULDADE DE VETERINARIA DA UFF,RUA VITAL BRASIL FILHO 64
2022,71,212,1,50,PSD,1260,INSTITUTO ABEL,AV. ROBERTO SILVEIRA 29
2022,71,213,1,51,PSD,1295,COLEGIO SALESIANO SANTA ROSA,RUA SANTA ROSA 207
2022,71,214,1,50,PSD,1309,CURSO MARLY CURY,AV. SETE DE SETEMBRO 165
2022,71,215,1,41,PSD,1260,INSTITUTO ABEL,AV. ROBERTO SILVEIRA 29
2022,71,216,1,54,PSD,1368,INSTITUTO SÃO JOSÉ,RUA GERALDO MARTINS 166
2022,71,217,1,21,PSD,1414,UNIVERSIDADE SALGADO DE OLIVEIRA - BL B (PRÓXIMO AO GUANABARA),RUA MARECHAL DEODORO 263
2022,71,218,1,21,PSD,1414,UNIVERSIDADE SALGADO DE OLIVEIRA - BL B (PRÓXIMO AO GUANABARA),RUA MARECHAL DEODORO 263
2022,71,219,1,18,PSD,1414,UNIVERSIDADE SALGADO DE OLIVEIRA - BL B (PRÓXIMO AO GUANABARA),RUA MARECHAL DEODORO 263
2022,71,220,1,19,PSD,1414,UNIVERSIDADE SALGADO DE OLIVEIRA - BL B (PRÓXIMO AO GUANABARA),RUA MARECHAL DEODORO 263
2022,71,221,1,15,PSD,1414,UNIVERSIDADE SALGADO DE OLIVEIRA - BL B (PRÓXIMO AO GUANABARA),RUA MARECHAL DEODORO 263
2022,71,222,1,23,PSD,1414,UNIVERSIDADE SALGADO DE OLIVEIRA - BL B (PRÓXIMO AO GUANABARA),RUA MARECHAL DEODORO 263
2022,71,223,1,11,PSD,1414,UNIVERSIDADE SALGADO DE OLIVEIRA - BL B (PRÓXIMO AO GUANABARA),RUA MARECHAL DEODORO 263
2022,71,224,1,21,PSD,1414,UNIVERSIDADE SALGADO DE OLIVEIRA - BL B (PRÓXIMO AO GUANABARA),RUA MARECHAL DEODORO 263
2022,71,225,1,56,PSD,1422,CLUBE PORTUGUES DE NITEROI,RUA PROFESSOR LARA VILELA 176
2022,71,226,1,35,PSD,1422,CLUBE PORTUGUES DE NITEROI,RUA PROFESSOR LARA VILELA 176
2022,71,227,1,41,PSD,1422,CLUBE PORTUGUES DE NITEROI,RUA PROFESSOR LARA VILELA 176
2022,71,228,1,43,PSD,1422,CLUBE PORTUGUES DE NITEROI,RUA PROFESSOR LARA VILELA 176
2022,71,229,1,37,PSD,1422,CLUBE PORTUGUES DE NITEROI,RUA PROFESSOR LARA VILELA 176
2022,71,230,1,41,PSD,1422,CLUBE PORTUGUES DE NITEROI,RUA PROFESSOR LARA VILELA 176
2022,71,231,1,36,PSD,1430,COLEGIO ESTADUAL AURELINO LEAL,RUA PRESIDENTE PEDREIRA 79
2022,71,232,1,47,PSD,1430,COLEGIO ESTADUAL AURELINO LEAL,RUA PRESIDENTE PEDREIRA 79
2022,71,233,1,49,PSD,1430,COLEGIO ESTADUAL AURELINO LEAL,RUA PRESIDENTE PEDREIRA 79
2022,71,234,1,34,PSD,1430,COLEGIO ESTADUAL AURELINO LEAL,RUA PRESIDENTE PEDREIRA 79
2022,71,235,1,41,PSD,1430,COLEGIO ESTADUAL AURELINO LEAL,RUA PRESIDENTE PEDREIRA 79
2022,71,236,1,21,PSD,1430,COLEGIO ESTADUAL AURELINO LEAL,RUA PRESIDENTE PEDREIRA 79
2022,71,237,1,28,PSD,1430,COLEGIO ESTADUAL AURELINO LEAL,RUA PRESIDENTE PEDREIRA 79
2022,71,238,1,37,PSD,1430,COLEGIO ESTADUAL AURELINO LEAL,RUA PRESIDENTE PEDREIRA 79
2022,71,239,1,19,PSD,1449,COLÉGIO ESTADUAL ZULEIKA RAPÔSO VALLADARES (COLÉGIO VELHO),RUA SALO BRAND S/N
2022,71,240,1,26,PSD,1449,COLÉGIO ESTADUAL ZULEIKA RAPÔSO VALLADARES (COLÉGIO VELHO),RUA SALO BRAND S/N
2022,71,241,1,29,PSD,1449,COLÉGIO ESTADUAL ZULEIKA RAPÔSO VALLADARES (COLÉGIO VELHO),RUA SALO BRAND S/N
2022,71,242,1,24,PSD,1449,COLÉGIO ESTADUAL ZULEIKA RAPÔSO VALLADARES (COLÉGIO VELHO),RUA SALO BRAND S/N
2022,71,243,1,27,PSD,1449,COLÉGIO ESTADUAL ZULEIKA RAPÔSO VALLADARES (COLÉGIO VELHO),RUA SALO BRAND S/N
2022,71,244,1,30,PSD,1449,COLÉGIO ESTADUAL ZULEIKA RAPÔSO VALLADARES (COLÉGIO VELHO),RUA SALO BRAND S/N
2022,71,245,1,42,PSD,1449,COLÉGIO ESTADUAL ZULEIKA RAPÔSO VALLADARES (COLÉGIO VELHO),RUA SALO BRAND S/N
2022,71,246,1,31,PSD,1457,ÁGUAS DE NITEROI,RUA MARQUÊS DO PARANÁ 108/110
2022,71,247,1,29,PSD,1457,ÁGUAS DE NITEROI,RUA MARQUÊS DO PARANÁ 108/110
2022,71,248,1,29,PSD,1457,ÁGUAS DE NITEROI,RUA MARQUÊS DO PARANÁ 108/110
2022,71,249,1,38,PSD,1457,ÁGUAS DE NITEROI,RUA MARQUÊS DO PARANÁ 108/110
2022,71,250,1,26,PSD,1465,CENTRO UNIVERSITÁRIO ANHANGUERA (ANTIGO PLÍNIO LEITE),RUA VISCONDE DO RIO BRANCO 123
2022,71,251,1,26,PSD,1465,CENTRO UNIVERSITÁRIO ANHANGUERA (ANTIGO PLÍNIO LEITE),RUA VISCONDE DO RIO BRANCO 123
2022,71,252,1,24,PSD,1465,CENTRO UNIVERSITÁRIO ANHANGUERA (ANTIGO PLÍNIO LEITE),RUA VISCONDE DO RIO BRANCO 123
2022,71,253,1,32,PSD,1465,CENTRO UNIVERSITÁRIO ANHANGUERA (ANTIGO PLÍNIO LEITE),RUA VISCONDE DO RIO BRANCO 123
2022,71,254,1,20,PSD,1465,CENTRO UNIVERSITÁRIO ANHANGUERA (ANTIGO PLÍNIO LEITE),RUA VISCONDE DO RIO BRANCO 123
2022,71,255,1,29,PSD,1465,CENTRO UNIVERSITÁRIO ANHANGUERA (ANTIGO PLÍNIO LEITE),RUA VISCONDE DO RIO BRANCO 123
2022,71,256,1,23,PSD,1465,CENTRO UNIVERSITÁRIO ANHANGUERA (ANTIGO PLÍNIO LEITE),RUA VISCONDE DO RIO BRANCO 123
2022,71,257,1,31,PSD,1465,CENTRO UNIVERSITÁRIO ANHANGUERA (ANTIGO PLÍNIO LEITE),RUA VISCONDE DO RIO BRANCO 123
2022,71,258,1,32,PSD,1465,CENTRO UNIVERSITÁRIO ANHANGUERA (ANTIGO PLÍNIO LEITE),RUA VISCONDE DO RIO BRANCO 123
2022,71,259,1,24,PSD,1465,CENTRO UNIVERSITÁRIO ANHANGUERA (ANTIGO PLÍNIO LEITE),RUA VISCONDE DO RIO BRANCO 123
2022,71,260,1,32,PSD,1465,CENTRO UNIVERSITÁRIO ANHANGUERA (ANTIGO PLÍNIO LEITE),RUA VISCONDE DO RIO BRANCO 123
2022,71,261,1,29,PSD,1465,CENTRO UNIVERSITÁRIO ANHANGUERA (ANTIGO PLÍNIO LEITE),RUA VISCONDE DO RIO BRANCO 123
2022,71,262,1,29,PSD,1465,CENTRO UNIVERSITÁRIO ANHANGUERA (ANTIGO PLÍNIO LEITE),RUA VISCONDE DO RIO BRANCO 123
2022,71,263,1,45,PSD,1600,INSTITUTO DE EDUCAÇÃO PROFESSOR ISMAEL COUTINHO - IEPIC,"TRAVESSA MANOEL CONTINENTINO, 31"
2022,71,264,1,25,PSD,1600,INSTITUTO DE EDUCAÇÃO PROFESSOR ISMAEL COUTINHO - IEPIC,"TRAVESSA MANOEL CONTINENTINO, 31"
2022,71,265,1,26,PSD,1600,INSTITUTO DE EDUCAÇÃO PROFESSOR ISMAEL COUTINHO - IEPIC,"TRAVESSA MANOEL CONTINENTINO, 31"
2022,71,266,1,28,PSD,1600,INSTITUTO DE EDUCAÇÃO PROFESSOR ISMAEL COUTINHO - IEPIC,"TRAVESSA MANOEL CONTINENTINO, 31"
2022,71,267,1,33,PSD,1600,INSTITUTO DE EDUCAÇÃO PROFESSOR ISMAEL COUTINHO - IEPIC,"TRAVESSA MANOEL CONTINENTINO, 31"
2022,71,268,1,55,PSD,1600,INSTITUTO DE EDUCAÇÃO PROFESSOR ISMAEL COUTINHO - IEPIC,"TRAVESSA MANOEL CONTINENTINO, 31"
2022,71,269,1,29,PSD,1481,ESCOLA MUNICIPAL MAESTRO HEITOR VILLA-LOBOS (COLÉGIO NOVO),RUA SALO BRAND S/N
2022,71,27,1,57,PSD,1104,INSTITUTO MAIA VINAGRE,RUA NORONHA TORREZÃO 68
2022,71,270,1,35,PSD,1481,ESCOLA MUNICIPAL MAESTRO HEITOR VILLA-LOBOS (COLÉGIO NOVO),RUA SALO BRAND S/N
2022,71,271,1,18,PSD,1481,ESCOLA MUNICIPAL MAESTRO HEITOR VILLA-LOBOS (COLÉGIO NOVO),RUA SALO BRAND S/N
2022,71,272,1,23,PSD,1481,ESCOLA MUNICIPAL MAESTRO HEITOR VILLA-LOBOS (COLÉGIO NOVO),RUA SALO BRAND S/N
2022,71,273,1,30,PSD,1481,ESCOLA MUNICIPAL MAESTRO HEITOR VILLA-LOBOS (COLÉGIO NOVO),RUA SALO BRAND S/N
2022,71,274,1,29,PSD,1481,ESCOLA MUNICIPAL MAESTRO HEITOR VILLA-LOBOS (COLÉGIO NOVO),RUA SALO BRAND S/N
2022,71,275,1,24,PSD,1481,ESCOLA MUNICIPAL MAESTRO HEITOR VILLA-LOBOS (COLÉGIO NOVO),RUA SALO BRAND S/N
2022,71,276,1,31,PSD,1481,ESCOLA MUNICIPAL MAESTRO HEITOR VILLA-LOBOS (COLÉGIO NOVO),RUA SALO BRAND S/N
2022,71,277,1,22,PSD,1481,ESCOLA MUNICIPAL MAESTRO HEITOR VILLA-LOBOS (COLÉGIO NOVO),RUA SALO BRAND S/N
2022,71,278,1,30,PSD,1546,UNIVERSIDADE SALGADO DE OLIVEIRA - BL A,RUA MARECHAL DEODORO 217
2022,71,28,1,45,PSD,1104,INSTITUTO MAIA VINAGRE,RUA NORONHA TORREZÃO 68
2022,71,280,1,32,PSD,1546,UNIVERSIDADE SALGADO DE OLIVEIRA - BL A,RUA MARECHAL DEODORO 217
2022,71,282,1,42,PSD,1546,UNIVERSIDADE SALGADO DE OLIVEIRA - BL A,RUA MARECHAL DEODORO 217
2022,71,285,1,41,PSD,1546,UNIVERSIDADE SALGADO DE OLIVEIRA - BL A,RUA MARECHAL DEODORO 217
2022,71,288,1,23,PSD,1546,UNIVERSIDADE SALGADO DE OLIVEIRA - BL A,RUA MARECHAL DEODORO 217
2022,71,289,1,57,PSD,1600,INSTITUTO DE EDUCAÇÃO PROFESSOR ISMAEL COUTINHO - IEPIC,"TRAVESSA MANOEL CONTINENTINO, 31"
2022,71,29,1,42,PSD,1104,INSTITUTO MAIA VINAGRE,RUA NORONHA TORREZÃO 68
2022,71,291,1,52,PSD,1511,FACULDADE DE ADMINISTRAÇÃO E CIÊNCIAS CONTÁBEIS (VALONGUINHO),RUA MÁRIO SANTOS BRAGA S/N
2022,71,292,1,39,PSD,1511,FACULDADE DE ADMINISTRAÇÃO E CIÊNCIAS CONTÁBEIS (VALONGUINHO),RUA MÁRIO SANTOS BRAGA S/N
2022,71,294,1,53,PSD,1511,FACULDADE DE ADMINISTRAÇÃO E CIÊNCIAS CONTÁBEIS (VALONGUINHO),RUA MÁRIO SANTOS BRAGA S/N
2022,71,296,1,49,PSD,1511,FACULDADE DE ADMINISTRAÇÃO E CIÊNCIAS CONTÁBEIS (VALONGUINHO),RUA MÁRIO SANTOS BRAGA S/N
2022,71,298,1,53,PSD,1511,FACULDADE DE ADMINISTRAÇÃO E CIÊNCIAS CONTÁBEIS (VALONGUINHO),RUA MÁRIO SANTOS BRAGA S/N
2022,71,3,1,57,PSD,1015,CENTRO EDUCACIONAL DE NITEROI - CENTRINHO,RUA ITAGUAI 173
2022,71,30,1,59,PSD,1104,INSTITUTO MAIA VINAGRE,RUA NORONHA TORREZÃO 68
2022,71,300,1,52,PSD,1511,FACULDADE DE ADMINISTRAÇÃO E CIÊNCIAS CONTÁBEIS (VALONGUINHO),RUA MÁRIO SANTOS BRAGA S/N
2022,71,302,1,62,PSD,1511,FACULDADE DE ADMINISTRAÇÃO E CIÊNCIAS CONTÁBEIS (VALONGUINHO),RUA MÁRIO SANTOS BRAGA S/N
2022,71,305,1,27,PSD,1520,LOJA MAÇÔNICA EVOLUÇÃO 2,RUA SANTA CLARA 77
2022,71,306,1,33,PSD,1520,LOJA MAÇÔNICA EVOLUÇÃO 2,RUA SANTA CLARA 77
2022,71,307,1,35,PSD,1520,LOJA MAÇÔNICA EVOLUÇÃO 2,RUA SANTA CLARA 77
2022,71,308,1,39,PSD,1520,LOJA MAÇÔNICA EVOLUÇÃO 2,RUA SANTA CLARA 77
2022,71,309,1,29,PSD,1678,LICEU NILO PEÇANHA,AV ERNANI DO AMARAL PEIXOTO 707
2022,71,31,1,33,PSD,1104,INSTITUTO MAIA VINAGRE,RUA NORONHA TORREZÃO 68
2022,71,310,1,15,PSD,1678,LICEU NILO PEÇANHA,AV ERNANI DO AMARAL PEIXOTO 707
2022,71,313,1,33,PSD,1678,LICEU NILO PEÇANHA,AV ERNANI DO AMARAL PEIXOTO 707
2022,71,316,1,41,PSD,1678,LICEU NILO PEÇANHA,AV ERNANI DO AMARAL PEIXOTO 707
2022,71,319,1,31,PSD,1678,LICEU NILO PEÇANHA,AV ERNANI DO AMARAL PEIXOTO 707
2022,71,32,1,60,PSD,1104,INSTITUTO MAIA VINAGRE,RUA NORONHA TORREZÃO 68
2022,71,324,1,26,PSD,1546,UNIVERSIDADE SALGADO DE OLIVEIRA - BL A,RUA MARECHAL DEODORO 217
2022,71,326,1,36,PSD,1546,UNIVERSIDADE SALGADO DE OLIVEIRA - BL A,RUA MARECHAL DEODORO 217
2022,71,328,1,45,PSD,1546,UNIVERSIDADE SALGADO DE OLIVEIRA - BL A,RUA MARECHAL DEODORO 217
2022,71,331,1,33,PSD,1546,UNIVERSIDADE SALGADO DE OLIVEIRA - BL A,RUA MARECHAL DEODORO 217
2022,71,333,1,39,PSD,1554,FACULDADE DE ENGENHARIA DA UFF,RUA PASSO DA PATRIA 156
2022,71,334,1,35,PSD,1554,FACULDADE DE ENGENHARIA DA UFF,RUA PASSO DA PATRIA 156
2022,71,335,1,44,PSD,1554,FACULDADE DE ENGENHARIA DA UFF,RUA PASSO DA PATRIA 156
2022,71,336,1,36,PSD,1554,FACULDADE DE ENGENHARIA DA UFF,RUA PASSO DA PATRIA 156
2022,71,337,1,41,PSD,1554,FACULDADE DE ENGENHARIA DA UFF,RUA PASSO DA PATRIA 156
2022,71,338,1,28,PSD,1554,FACULDADE DE ENGENHARIA DA UFF,RUA PASSO DA PATRIA 156
2022,71,339,1,27,PSD,1562,COLEGIO ESTADUAL RAUL VIDAL,AVENIDA FELICIANO SODRE 21
2022,71,340,1,19,PSD,1562,COLEGIO ESTADUAL RAUL VIDAL,AVENIDA FELICIANO SODRE 21
2022,71,341,1,11,PSD,1562,COLEGIO ESTADUAL RAUL VIDAL,AVENIDA FELICIANO SODRE 21
2022,71,342,1,14,PSD,1562,COLEGIO ESTADUAL RAUL VIDAL,AVENIDA FELICIANO SODRE 21
2022,71,343,1,15,PSD,1562,COLEGIO ESTADUAL RAUL VIDAL,AVENIDA FELICIANO SODRE 21
2022,71,344,1,23,PSD,1562,COLEGIO ESTADUAL RAUL VIDAL,AVENIDA FELICIANO SODRE 21
2022,71,345,1,15,PSD,1562,COLEGIO ESTADUAL RAUL VIDAL,AVENIDA FELICIANO SODRE 21
2022,71,346,1,12,PSD,1562,COLEGIO ESTADUAL RAUL VIDAL,AVENIDA FELICIANO SODRE 21
2022,71,347,1,16,PSD,1562,COLEGIO ESTADUAL RAUL VIDAL,AVENIDA FELICIANO SODRE 21
2022,71,348,1,21,PSD,1562,COLEGIO ESTADUAL RAUL VIDAL,AVENIDA FELICIANO SODRE 21
2022,71,349,1,20,PSD,1562,COLEGIO ESTADUAL RAUL VIDAL,AVENIDA FELICIANO SODRE 21
2022,71,350,1,22,PSD,1562,COLEGIO ESTADUAL RAUL VIDAL,AVENIDA FELICIANO SODRE 21
2022,71,351,1,31,PSD,1570,COLÉGIO UNIVERSÍTÁRIO DA UFF (CIEP GRAGOATÁ),RUA ALEXANDRE MOURA 8
2022,71,352,1,21,PSD,1570,COLÉGIO UNIVERSÍTÁRIO DA UFF (CIEP GRAGOATÁ),RUA ALEXANDRE MOURA 8
2022,71,353,1,19,PSD,1570,COLÉGIO UNIVERSÍTÁRIO DA UFF (CIEP GRAGOATÁ),RUA ALEXANDRE MOURA 8
2022,71,354,1,15,PSD,1570,COLÉGIO UNIVERSÍTÁRIO DA UFF (CIEP GRAGOATÁ),RUA ALEXANDRE MOURA 8
2022,71,355,1,27,PSD,1619,COLEGIO SAO VICENTE DE PAULO,RUA MIGUEL DE FRIAS 123
2022,71,356,1,33,PSD,1619,COLEGIO SAO VICENTE DE PAULO,RUA MIGUEL DE FRIAS 123
2022,71,357,1,40,PSD,1619,COLEGIO SAO VICENTE DE PAULO,RUA MIGUEL DE FRIAS 123
2022,71,358,1,39,PSD,1619,COLEGIO SAO VICENTE DE PAULO,RUA MIGUEL DE FRIAS 123
2022,71,359,1,48,PSD,1619,COLEGIO SAO VICENTE DE PAULO,RUA MIGUEL DE FRIAS 123
2022,71,360,1,12,PSD,1597,ESCOLA MUNICIPAL SANTOS DUMONT,RUA MANOEL CORREIA S/N
2022,71,361,1,22,PSD,1597,ESCOLA MUNICIPAL SANTOS DUMONT,RUA MANOEL CORREIA S/N
2022,71,362,1,20,PSD,1597,ESCOLA MUNICIPAL SANTOS DUMONT,RUA MANOEL CORREIA S/N
2022,71,363,1,33,PSD,1597,ESCOLA MUNICIPAL SANTOS DUMONT,RUA MANOEL CORREIA S/N
2022,71,364,1,20,PSD,1597,ESCOLA MUNICIPAL SANTOS DUMONT,RUA MANOEL CORREIA S/N
2022,71,365,1,17,PSD,1597,ESCOLA MUNICIPAL SANTOS DUMONT,RUA MANOEL CORREIA S/N
2022,71,366,1,27,PSD,1600,INSTITUTO DE EDUCAÇÃO PROFESSOR ISMAEL COUTINHO - IEPIC,"TRAVESSA MANOEL CONTINENTINO, 31"
2022,71,368,1,25,PSD,1600,INSTITUTO DE EDUCAÇÃO PROFESSOR ISMAEL COUTINHO - IEPIC,"TRAVESSA MANOEL CONTINENTINO, 31"
2022,71,369,1,27,PSD,1600,INSTITUTO DE EDUCAÇÃO PROFESSOR ISMAEL COUTINHO - IEPIC,"TRAVESSA MANOEL CONTINENTINO, 31"
2022,71,372,1,33,PSD,1600,INSTITUTO DE EDUCAÇÃO PROFESSOR ISMAEL COUTINHO - IEPIC,"TRAVESSA MANOEL CONTINENTINO, 31"
2022,71,378,1,44,PSD,1619,COLEGIO SAO VICENTE DE PAULO,RUA MIGUEL DE FRIAS 123
2022,71,380,1,44,PSD,1619,COLEGIO SAO VICENTE DE PAULO,RUA MIGUEL DE FRIAS 123
2022,71,382,1,59,PSD,1619,COLEGIO SAO VICENTE DE PAULO,RUA MIGUEL DE FRIAS 123
2022,71,384,1,52,PSD,1619,COLEGIO SAO VICENTE DE PAULO,RUA MIGUEL DE FRIAS 123
2022,71,385,1,49,PSD,1619,COLEGIO SAO VICENTE DE PAULO,RUA MIGUEL DE FRIAS 123
2022,71,387,1,44,PSD,1619,COLEGIO SAO VICENTE DE PAULO,RUA MIGUEL DE FRIAS 123
2022,71,390,1,57,PSD,1619,COLEGIO SAO VICENTE DE PAULO,RUA MIGUEL DE FRIAS 123
2022,71,392,1,61,PSD,1627,REITORIA DA UFF,RUA MIGUEL DE FRIAS 9
2022,71,393,1,52,PSD,1627,REITORIA DA UFF,RUA MIGUEL DE FRIAS 9
2022,71,394,1,59,PSD,1627,REITORIA DA UFF,RUA MIGUEL DE FRIAS 9
2022,71,397,1,29,PSD,1643,JARDIM DE INFÂNCIA ALBERTO DE OLIVEIRA,RUA EVARISTO DA VEIGA 108
2022,71,399,1,13,PSD,1643,JARDIM DE INFÂNCIA ALBERTO DE OLIVEIRA,RUA EVARISTO DA VEIGA 108
2022,71,4,1,62,PSD,1015,CENTRO EDUCACIONAL DE NITEROI - CENTRINHO,RUA ITAGUAI 173
2022,71,401,1,31,PSD,1651,FACULDADE DE ENFERMAGEM DA UFF,RUA DR CELESTINO 74
2022,71,403,1,48,PSD,1651,FACULDADE DE ENFERMAGEM DA UFF,RUA DR CELESTINO 74
2022,71,406,1,49,PSD,1651,FACULDADE DE ENFERMAGEM DA UFF,RUA DR CELESTINO 74
2022,71,409,1,37,PSD,1660,FACULDADE DE DIREITO DA UFF - UFF - DIREITO 1,RUA PRESIDENTE PEDREIRA 62
2022,71,410,1,37,PSD,1660,FACULDADE DE DIREITO DA UFF - UFF - DIREITO 1,RUA PRESIDENTE PEDREIRA 62
2022,71,411,1,42,PSD,1660,FACULDADE DE DIREITO DA UFF - UFF - DIREITO 1,RUA PRESIDENTE PEDREIRA 62
2022,71,412,1,35,PSD,1660,FACULDADE DE DIREITO DA UFF - UFF - DIREITO 1,RUA PRESIDENTE PEDREIRA 62
2022,71,413,1,39,PSD,1660,FACULDADE DE DIREITO DA UFF - UFF - DIREITO 1,RUA PRESIDENTE PEDREIRA 62
2022,71,414,1,41,PSD,1660,FACULDADE DE DIREITO DA UFF - UFF - DIREITO 1,RUA PRESIDENTE PEDREIRA 62
2022,71,415,1,35,PSD,1660,FACULDADE DE DIREITO DA UFF - UFF - DIREITO 1,RUA PRESIDENTE PEDREIRA 62
2022,71,416,1,33,PSD,1660,FACULDADE DE DIREITO DA UFF - UFF - DIREITO 1,RUA PRESIDENTE PEDREIRA 62
2022,71,417,1,43,PSD,1660,FACULDADE DE DIREITO DA UFF - UFF - DIREITO 1,RUA PRESIDENTE PEDREIRA 62
2022,71,418,1,39,PSD,1660,FACULDADE DE DIREITO DA UFF - UFF - DIREITO 1,RUA PRESIDENTE PEDREIRA 62
2022,71,419,1,39,PSD,1660,FACULDADE DE DIREITO DA UFF - UFF - DIREITO 1,RUA PRESIDENTE PEDREIRA 62
2022,71,420,1,32,PSD,1660,FACULDADE DE DIREITO DA UFF - UFF - DIREITO 1,RUA PRESIDENTE PEDREIRA 62
2022,71,421,1,27,PSD,1678,LICEU NILO PEÇANHA,AV ERNANI DO AMARAL PEIXOTO 707
2022,71,422,1,15,PSD,1678,LICEU NILO PEÇANHA,AV ERNANI DO AMARAL PEIXOTO 707
2022,71,423,1,34,PSD,1678,LICEU NILO PEÇANHA,AV ERNANI DO AMARAL PEIXOTO 707
2022,71,425,1,46,PSD,1678,LICEU NILO PEÇANHA,AV ERNANI DO AMARAL PEIXOTO 707
2022,71,427,1,39,PSD,1678,LICEU NILO PEÇANHA,AV ERNANI DO AMARAL PEIXOTO 707
2022,71,429,1,37,PSD,1678,LICEU NILO PEÇANHA,AV ERNANI DO AMARAL PEIXOTO 707
2022,71,431,1,50,PSD,1678,LICEU NILO PEÇANHA,AV ERNANI DO AMARAL PEIXOTO 707
2022,71,433,1,47,PSD,1678,LICEU NILO PEÇANHA,AV ERNANI DO AMARAL PEIXOTO 707
2022,71,435,1,26,PSD,1678,LICEU NILO PEÇANHA,AV ERNANI DO AMARAL PEIXOTO 707
2022,71,436,1,10,PSD,1600,INSTITUTO DE EDUCAÇÃO PROFESSOR ISMAEL COUTINHO - IEPIC,"TRAVESSA MANOEL CONTINENTINO, 31"
2022,71,437,1,7,PSD,1600,INSTITUTO DE EDUCAÇÃO PROFESSOR ISMAEL COUTINHO - IEPIC,"TRAVESSA MANOEL CONTINENTINO, 31"
2022,71,438,1,25,PSD,1600,INSTITUTO DE EDUCAÇÃO PROFESSOR ISMAEL COUTINHO - IEPIC,"TRAVESSA MANOEL CONTINENTINO, 31"
2022,71,439,1,17,PSD,1600,INSTITUTO DE EDUCAÇÃO PROFESSOR ISMAEL COUTINHO - IEPIC,"TRAVESSA MANOEL CONTINENTINO, 31"
2022,71,440,1,36,PSD,1694,RIO CRICKET,RUA FAGUNDES VARELA 637
2022,71,441,1,51,PSD,1694,RIO CRICKET,RUA FAGUNDES VARELA 637
2022,71,442,1,51,PSD,1694,RIO CRICKET,RUA FAGUNDES VARELA 637
2022,71,443,1,48,PSD,1694,RIO CRICKET,RUA FAGUNDES VARELA 637
2022,71,444,1,51,PSD,1694,RIO CRICKET,RUA FAGUNDES VARELA 637
2022,71,445,1,15,PSD,1600,INSTITUTO DE EDUCAÇÃO PROFESSOR ISMAEL COUTINHO - IEPIC,"TRAVESSA MANOEL CONTINENTINO, 31"
2022,71,446,1,60,PSD,1260,INSTITUTO ABEL,AV. ROBERTO SILVEIRA 29
2022,71,5,1,76,PSD,1015,CENTRO EDUCACIONAL DE NITEROI - CENTRINHO,RUA ITAGUAI 173
2022,71,6,1,63,PSD,1015,CENTRO EDUCACIONAL DE NITEROI - CENTRINHO,RUA ITAGUAI 173
2022,71,69,1,35,PSD,1244,ESCOLA ESTADUAL MANUEL DE ABREU,RUA LOPES TROVAO 287-A
2022,71,70,1,45,PSD,1244,ESCOLA ESTADUAL MANUEL DE ABREU,RUA LOPES TROVAO 287-A
2022,71,71,1,36,PSD,1260,INSTITUTO ABEL,AV. ROBERTO SILVEIRA 29
2022,71,72,1,49,PSD,1260,INSTITUTO ABEL,AV. ROBERTO SILVEIRA 29
2022,71,73,1,52,PSD,1260,INSTITUTO ABEL,AV. ROBERTO SILVEIRA 29
2022,71,74,1,56,PSD,1260,INSTITUTO ABEL,AV. ROBERTO SILVEIRA 29
2022,71,75,1,43,PSD,1368,INSTITUTO SÃO JOSÉ,RUA GERALDO MARTINS 166
2022,71,76,1,48,PSD,1368,INSTITUTO SÃO JOSÉ,RUA GERALDO MARTINS 166
2022,71,77,1,49,PSD,1244,ESCOLA ESTADUAL MANUEL DE ABREU,RUA LOPES TROVAO 287-A
2022,71,78,1,60,PSD,1244,ESCOLA ESTADUAL MANUEL DE ABREU,RUA LOPES TROVAO 287-A
2022,71,79,1,55,PSD,1244,ESCOLA ESTADUAL MANUEL DE ABREU,RUA LOPES TROVAO 287-A
2022,71,80,1,42,PSD,1317,ESCOLA ESTADUAL BALTAZAR BERNARDINO,RUA MARIZ E BARROS 444
2022,71,81,1,31,PSD,1317,ESCOLA ESTADUAL BALTAZAR BERNARDINO,RUA MARIZ E BARROS 444
2022,71,82,1,64,PSD,1260,INSTITUTO ABEL,AV. ROBERTO SILVEIRA 29
2022,71,83,1,62,PSD,1260,INSTITUTO ABEL,AV. ROBERTO SILVEIRA 29
2022,71,84,1,45,PSD,1260,INSTITUTO ABEL,AV. ROBERTO SILVEIRA 29
2022,71,85,1,22,PSD,1333,PARÓQUIA NOSSA SENHORA AUXILIADORA - CENTRO COMUNITÁRIO,"RUA SANTA ROSA, 216"
2022,71,86,1,56,PSD,1015,CENTRO EDUCACIONAL DE NITEROI - CENTRINHO,RUA ITAGUAI 173
2022,71,87,1,69,PSD,1015,CENTRO EDUCACIONAL DE NITEROI - CENTRINHO,RUA ITAGUAI 173
2022,71,88,1,32,PSD,1295,COLEGIO SALESIANO SANTA ROSA,RUA SANTA ROSA 207
2022,71,89,1,39,PSD,1295,COLEGIO SALESIANO SANTA ROSA,RUA SANTA ROSA 207
2022,71,90,1,43,PSD,1295,COLEGIO SALESIANO SANTA ROSA,RUA SANTA ROSA 207
2022,71,91,1,55,PSD,1295,COLEGIO SALESIANO SANTA ROSA,RUA SANTA ROSA 207
2022,71,92,1,42,PSD,1295,COLEGIO SALESIANO SANTA ROSA,RUA SANTA ROSA 207
2022,71,93,1,36,PSD,1295,COLEGIO SALESIANO SANTA ROSA,RUA SANTA ROSA 207
2022,71,94,1,45,PSD,1295,COLEGIO SALESIANO SANTA ROSA,RUA SANTA ROSA 207
2022,71,95,1,43,PSD,1295,COLEGIO SALESIANO SANTA ROSA,RUA SANTA ROSA 207
2022,71,96,1,44,PSD,1295,COLEGIO SALESIANO SANTA ROSA,RUA SANTA ROSA 207
2022,71,97,1,46,PSD,1295,COLEGIO SALESIANO SANTA ROSA,RUA SANTA ROSA 207
2022,71,98,1,47,PSD,1295,COLEGIO SALESIANO SANTA ROSA,RUA SANTA ROSA 207
2022,71,99,1,53,PSD,1295,COLEGIO SALESIANO SANTA ROSA,RUA SANTA ROSA 207
2022,72,1,1,39,PSD,1015,ESCOLA ESTADUAL DR LUCIANO PESTRE,AV PASTOR JOSE GOMES DE SOUZA S/N
2022,72,10,1,23,PSD,1040,CIEP 447 - CARAMUJO,RODOVIA AMARAL PEIXOTO KM 2
2022,72,11,1,18,PSD,1040,CIEP 447 - CARAMUJO,RODOVIA AMARAL PEIXOTO KM 2
2022,72,113,1,14,PSD,1368,ESCOLA MUNICIPAL VILA COSTA MONTEIRO,RUA ITITIOCA S/N
2022,72,114,1,18,PSD,1368,ESCOLA MUNICIPAL VILA COSTA MONTEIRO,RUA ITITIOCA S/N
2022,72,118,1,40,PSD,1040,CIEP 447 - CARAMUJO,RODOVIA AMARAL PEIXOTO KM 2
2022,72,12,1,21,PSD,1040,CIEP 447 - CARAMUJO,RODOVIA AMARAL PEIXOTO KM 2
2022,72,120,1,46,PSD,1449,CIEP 450 - BADU,ESTRADA CAETANO MONTEIRO S/N
2022,72,121,1,54,PSD,1015,ESCOLA ESTADUAL DR LUCIANO PESTRE,AV PASTOR JOSE GOMES DE SOUZA S/N
2022,72,122,1,39,PSD,1074,COLEGIO ESTADUAL PAULO ASSIS RIBEIRO,ESTRADA CAETANO MONTEIRO 814
2022,72,123,1,15,PSD,1112,ESCOLA ESTADUAL LEOPOLDO FROES,RUA REVERENDO ARMANDO FERREIRA  S/N
2022,72,126,1,16,PSD,1180,ESCOLA MUNICIPAL RACHIDE DA GLORIA SALIM SAKER,RUA JANDIRA PEREIRA 620
2022,72,13,1,23,PSD,1040,CIEP 447 - CARAMUJO,RODOVIA AMARAL PEIXOTO KM 2
2022,72,130,1,37,PSD,1147,ESCOLA MUNICIPAL VERA LUCIA MACHADO,RUA ALDEMAR DE PAIVA LOTE 7 E 8
2022,72,131,1,32,PSD,1449,CIEP 450 - BADU,ESTRADA CAETANO MONTEIRO S/N
2022,72,132,1,18,PSD,1368,ESCOLA MUNICIPAL VILA COSTA MONTEIRO,RUA ITITIOCA S/N
2022,72,133,1,40,PSD,1074,COLEGIO ESTADUAL PAULO ASSIS RIBEIRO,ESTRADA CAETANO MONTEIRO 814
2022,72,136,1,26,PSD,1112,ESCOLA ESTADUAL LEOPOLDO FROES,RUA REVERENDO ARMANDO FERREIRA  S/N
2022,72,139,1,24,PSD,1171,ESCOLA MUNICIPAL ANTONIO COUTINHO DE AZEVEDO,AV DES NESTOR RODRIGUES PERLINGEIRO S/N
2022,72,14,1,23,PSD,1040,CIEP 447 - CARAMUJO,RODOVIA AMARAL PEIXOTO KM 2
2022,72,143,1,23,PSD,1015,ESCOLA ESTADUAL DR LUCIANO PESTRE,AV PASTOR JOSE GOMES DE SOUZA S/N
2022,72,144,1,30,PSD,1112,ESCOLA ESTADUAL LEOPOLDO FROES,RUA REVERENDO ARMANDO FERREIRA  S/N
2022,72,146,1,23,PSD,1171,ESCOLA MUNICIPAL ANTONIO COUTINHO DE AZEVEDO,AV DES NESTOR RODRIGUES PERLINGEIRO S/N
2022,72,147,1,38,PSD,1074,COLEGIO ESTADUAL PAULO ASSIS RIBEIRO,ESTRADA CAETANO MONTEIRO 814
2022,72,149,1,34,PSD,1015,ESCOLA ESTADUAL DR LUCIANO PESTRE,AV PASTOR JOSE GOMES DE SOUZA S/N
2022,72,15,1,25,PSD,1040,CIEP 447 - CARAMUJO,RODOVIA AMARAL PEIXOTO KM 2
2022,72,150,1,32,PSD,1449,CIEP 450 - BADU,ESTRADA CAETANO MONTEIRO S/N
2022,72,151,1,22,PSD,1040,CIEP 447 - CARAMUJO,RODOVIA AMARAL PEIXOTO KM 2
2022,72,152,1,22,PSD,1040,CIEP 447 - CARAMUJO,RODOVIA AMARAL PEIXOTO KM 2
2022,72,156,1,23,PSD,1368,ESCOLA MUNICIPAL VILA COSTA MONTEIRO,RUA ITITIOCA S/N
2022,72,159,1,36,PSD,1449,CIEP 450 - BADU,ESTRADA CAETANO MONTEIRO S/N
2022,72,16,1,29,PSD,1015,ESCOLA ESTADUAL DR LUCIANO PESTRE,AV PASTOR JOSE GOMES DE SOUZA S/N
2022,72,160,1,33,PSD,1147,ESCOLA MUNICIPAL VERA LUCIA MACHADO,RUA ALDEMAR DE PAIVA LOTE 7 E 8
2022,72,162,1,11,PSD,1171,ESCOLA MUNICIPAL ANTONIO COUTINHO DE AZEVEDO,AV DES NESTOR RODRIGUES PERLINGEIRO S/N
2022,72,163,1,31,PSD,1449,CIEP 450 - BADU,ESTRADA CAETANO MONTEIRO S/N
2022,72,168,1,31,PSD,1074,COLEGIO ESTADUAL PAULO ASSIS RIBEIRO,ESTRADA CAETANO MONTEIRO 814
2022,72,173,1,36,PSD,1449,CIEP 450 - BADU,ESTRADA CAETANO MONTEIRO S/N
2022,72,174,1,23,PSD,1473,COLÉGIO FORUM CULTURAL,ESTRADA FRANCISCO DA CRUZ NUNES 2454
2022,72,177,1,56,PSD,1015,ESCOLA ESTADUAL DR LUCIANO PESTRE,AV PASTOR JOSE GOMES DE SOUZA S/N
2022,72,178,1,17,PSD,1171,ESCOLA MUNICIPAL ANTONIO COUTINHO DE AZEVEDO,AV DES NESTOR RODRIGUES PERLINGEIRO S/N
2022,72,18,1,31,PSD,1449,CIEP 450 - BADU,ESTRADA CAETANO MONTEIRO S/N
2022,72,181,1,33,PSD,1473,COLÉGIO FORUM CULTURAL,ESTRADA FRANCISCO DA CRUZ NUNES 2454
2022,72,184,1,41,PSD,1147,ESCOLA MUNICIPAL VERA LUCIA MACHADO,RUA ALDEMAR DE PAIVA LOTE 7 E 8
2022,72,185,1,23,PSD,1368,ESCOLA MUNICIPAL VILA COSTA MONTEIRO,RUA ITITIOCA S/N
2022,72,186,1,27,PSD,1473,COLÉGIO FORUM CULTURAL,ESTRADA FRANCISCO DA CRUZ NUNES 2454
2022,72,187,1,30,PSD,1473,COLÉGIO FORUM CULTURAL,ESTRADA FRANCISCO DA CRUZ NUNES 2454
2022,72,188,1,29,PSD,1040,CIEP 447 - CARAMUJO,RODOVIA AMARAL PEIXOTO KM 2
2022,72,189,1,36,PSD,1074,COLEGIO ESTADUAL PAULO ASSIS RIBEIRO,ESTRADA CAETANO MONTEIRO 814
2022,72,19,1,30,PSD,1449,CIEP 450 - BADU,ESTRADA CAETANO MONTEIRO S/N
2022,72,190,1,32,PSD,1074,COLEGIO ESTADUAL PAULO ASSIS RIBEIRO,ESTRADA CAETANO MONTEIRO 814
2022,72,191,1,29,PSD,1473,COLÉGIO FORUM CULTURAL,ESTRADA FRANCISCO DA CRUZ NUNES 2454
2022,72,192,1,41,PSD,1449,CIEP 450 - BADU,ESTRADA CAETANO MONTEIRO S/N
2022,72,193,1,14,PSD,1473,COLÉGIO FORUM CULTURAL,ESTRADA FRANCISCO DA CRUZ NUNES 2454
2022,72,194,1,15,PSD,1368,ESCOLA MUNICIPAL VILA COSTA MONTEIRO,RUA ITITIOCA S/N
2022,72,195,1,42,PSD,1449,CIEP 450 - BADU,ESTRADA CAETANO MONTEIRO S/N
2022,72,196,1,30,PSD,1147,ESCOLA MUNICIPAL VERA LUCIA MACHADO,RUA ALDEMAR DE PAIVA LOTE 7 E 8
2022,72,197,1,28,PSD,1040,CIEP 447 - CARAMUJO,RODOVIA AMARAL PEIXOTO KM 2
2022,72,198,1,14,PSD,1180,ESCOLA MUNICIPAL RACHIDE DA GLORIA SALIM SAKER,RUA JANDIRA PEREIRA 620
2022,72,199,1,26,PSD,1368,ESCOLA MUNICIPAL VILA COSTA MONTEIRO,RUA ITITIOCA S/N
2022,72,20,1,42,PSD,1449,CIEP 450 - BADU,ESTRADA CAETANO MONTEIRO S/N
2022,72,201,1,19,PSD,1473,COLÉGIO FORUM CULTURAL,ESTRADA FRANCISCO DA CRUZ NUNES 2454
2022,72,202,1,40,PSD,1074,COLEGIO ESTADUAL PAULO ASSIS RIBEIRO,ESTRADA CAETANO MONTEIRO 814
2022,72,203,1,54,PSD,1449,CIEP 450 - BADU,ESTRADA CAETANO MONTEIRO S/N
2022,72,204,1,23,PSD,1040,CIEP 447 - CARAMUJO,RODOVIA AMARAL PEIXOTO KM 2
2022,72,205,1,13,PSD,1368,ESCOLA MUNICIPAL VILA COSTA MONTEIRO,RUA ITITIOCA S/N
2022,72,207,1,18,PSD,1473,COLÉGIO FORUM CULTURAL,ESTRADA FRANCISCO DA CRUZ NUNES 2454
2022,72,208,1,13,PSD,1180,ESCOLA MUNICIPAL RACHIDE DA GLORIA SALIM SAKER,RUA JANDIRA PEREIRA 620
2022,72,209,1,19,PSD,1074,COLEGIO ESTADUAL PAULO ASSIS RIBEIRO,ESTRADA CAETANO MONTEIRO 814
2022,72,21,1,29,PSD,1449,CIEP 450 - BADU,ESTRADA CAETANO MONTEIRO S/N
2022,72,210,1,39,PSD,1074,COLEGIO ESTADUAL PAULO ASSIS RIBEIRO,ESTRADA CAETANO MONTEIRO 814
2022,72,211,1,19,PSD,1368,ESCOLA MUNICIPAL VILA COSTA MONTEIRO,RUA ITITIOCA S/N
2022,72,212,1,23,PSD,1040,CIEP 447 - CARAMUJO,RODOVIA AMARAL PEIXOTO KM 2
2022,72,213,1,32,PSD,1147,ESCOLA MUNICIPAL VERA LUCIA MACHADO,RUA ALDEMAR DE PAIVA LOTE 7 E 8
2022,72,214,1,7,PSD,1473,COLÉGIO FORUM CULTURAL,ESTRADA FRANCISCO DA CRUZ NUNES 2454
2022,72,215,1,36,PSD,1074,COLEGIO ESTADUAL PAULO ASSIS RIBEIRO,ESTRADA CAETANO MONTEIRO 814
2022,72,217,1,21,PSD,1040,CIEP 447 - CARAMUJO,RODOVIA AMARAL PEIXOTO KM 2
2022,72,218,1,20,PSD,1180,ESCOLA MUNICIPAL RACHIDE DA GLORIA SALIM SAKER,RUA JANDIRA PEREIRA 620
2022,72,219,1,38,PSD,1074,COLEGIO ESTADUAL PAULO ASSIS RIBEIRO,ESTRADA CAETANO MONTEIRO 814
2022,72,22,1,43,PSD,1449,CIEP 450 - BADU,ESTRADA CAETANO MONTEIRO S/N
2022,72,220,1,28,PSD,1368,ESCOLA MUNICIPAL VILA COSTA MONTEIRO,RUA ITITIOCA S/N
2022,72,221,1,33,PSD,1449,CIEP 450 - BADU,ESTRADA CAETANO MONTEIRO S/N
2022,72,222,1,36,PSD,1520,ESCOLA MUNICIPAL LEVI CARNEIRO,ESTRADA WASHINGTON LUIS 488
2022,72,223,1,39,PSD,1520,ESCOLA MUNICIPAL LEVI CARNEIRO,ESTRADA WASHINGTON LUIS 488
2022,72,224,1,32,PSD,1520,ESCOLA MUNICIPAL LEVI CARNEIRO,ESTRADA WASHINGTON LUIS 488
2022,72,225,1,40,PSD,1520,ESCOLA MUNICIPAL LEVI CARNEIRO,ESTRADA WASHINGTON LUIS 488
2022,72,226,1,42,PSD,1520,ESCOLA MUNICIPAL LEVI CARNEIRO,ESTRADA WASHINGTON LUIS 488
2022,72,227,1,31,PSD,1520,ESCOLA MUNICIPAL LEVI CARNEIRO,ESTRADA WASHINGTON LUIS 488
2022,72,228,1,27,PSD,1520,ESCOLA MUNICIPAL LEVI CARNEIRO,ESTRADA WASHINGTON LUIS 488
2022,72,229,1,22,PSD,1520,ESCOLA MUNICIPAL LEVI CARNEIRO,ESTRADA WASHINGTON LUIS 488
2022,72,23,1,41,PSD,1074,COLEGIO ESTADUAL PAULO ASSIS RIBEIRO,ESTRADA CAETANO MONTEIRO 814
2022,72,230,1,35,PSD,1520,ESCOLA MUNICIPAL LEVI CARNEIRO,ESTRADA WASHINGTON LUIS 488
2022,72,231,1,30,PSD,1520,ESCOLA MUNICIPAL LEVI CARNEIRO,ESTRADA WASHINGTON LUIS 488
2022,72,232,1,31,PSD,1520,ESCOLA MUNICIPAL LEVI CARNEIRO,ESTRADA WASHINGTON LUIS 488
2022,72,233,1,35,PSD,1520,ESCOLA MUNICIPAL LEVI CARNEIRO,ESTRADA WASHINGTON LUIS 488
2022,72,234,1,40,PSD,1520,ESCOLA MUNICIPAL LEVI CARNEIRO,ESTRADA WASHINGTON LUIS 488
2022,72,235,1,37,PSD,1520,ESCOLA MUNICIPAL LEVI CARNEIRO,ESTRADA WASHINGTON LUIS 488
2022,72,236,1,43,PSD,1520,ESCOLA MUNICIPAL LEVI CARNEIRO,ESTRADA WASHINGTON LUIS 488
2022,72,237,1,40,PSD,1538,ESCOLA CATAVENTO ESPAÇO DE EDUCAÇÃO,"ESTRADA WASHINGTON LUIZ, 224"
2022,72,238,1,35,PSD,1538,ESCOLA CATAVENTO ESPAÇO DE EDUCAÇÃO,"ESTRADA WASHINGTON LUIZ, 224"
2022,72,239,1,24,PSD,1546,COLÉGIO GOMES PEREIRA,AVENIDA RUI BARBOSA 1250
2022,72,24,1,38,PSD,1074,COLEGIO ESTADUAL PAULO ASSIS RIBEIRO,ESTRADA CAETANO MONTEIRO 814
2022,72,240,1,27,PSD,1546,COLÉGIO GOMES PEREIRA,AVENIDA RUI BARBOSA 1250
2022,72,241,1,32,PSD,1546,COLÉGIO GOMES PEREIRA,AVENIDA RUI BARBOSA 1250
2022,72,242,1,31,PSD,1538,ESCOLA CATAVENTO ESPAÇO DE EDUCAÇÃO,"ESTRADA WASHINGTON LUIZ, 224"
2022,72,243,1,35,PSD,1473,COLÉGIO FORUM CULTURAL,ESTRADA FRANCISCO DA CRUZ NUNES 2454
2022,72,244,1,43,PSD,1554,JARDIM ESCOLA GIRASSÓIS,"ESTRADA CAETANO MONTEIRO, 820"
2022,72,245,1,22,PSD,1368,ESCOLA MUNICIPAL VILA COSTA MONTEIRO,RUA ITITIOCA S/N
2022,72,246,1,29,PSD,1147,ESCOLA MUNICIPAL VERA LUCIA MACHADO,RUA ALDEMAR DE PAIVA LOTE 7 E 8
2022,72,247,1,43,PSD,1554,JARDIM ESCOLA GIRASSÓIS,"ESTRADA CAETANO MONTEIRO, 820"
2022,72,248,1,28,PSD,1546,COLÉGIO GOMES PEREIRA,AVENIDA RUI BARBOSA 1250
2022,72,249,1,34,PSD,1554,JARDIM ESCOLA GIRASSÓIS,"ESTRADA CAETANO MONTEIRO, 820"
2022,72,25,1,47,PSD,1074,COLEGIO ESTADUAL PAULO ASSIS RIBEIRO,ESTRADA CAETANO MONTEIRO 814
2022,72,250,1,42,PSD,1554,JARDIM ESCOLA GIRASSÓIS,"ESTRADA CAETANO MONTEIRO, 820"
2022,72,251,1,52,PSD,1538,ESCOLA CATAVENTO ESPAÇO DE EDUCAÇÃO,"ESTRADA WASHINGTON LUIZ, 224"
2022,72,252,1,33,PSD,1554,JARDIM ESCOLA GIRASSÓIS,"ESTRADA CAETANO MONTEIRO, 820"
2022,72,253,1,43,PSD,1562,ESCOLA MUNICIPAL HELENA ANTIPOFF,RUA RUI BARBOSA 710
2022,72,254,1,30,PSD,1562,ESCOLA MUNICIPAL HELENA ANTIPOFF,RUA RUI BARBOSA 710
2022,72,255,1,42,PSD,1562,ESCOLA MUNICIPAL HELENA ANTIPOFF,RUA RUI BARBOSA 710
2022,72,256,1,33,PSD,1562,ESCOLA MUNICIPAL HELENA ANTIPOFF,RUA RUI BARBOSA 710
2022,72,257,1,29,PSD,1562,ESCOLA MUNICIPAL HELENA ANTIPOFF,RUA RUI BARBOSA 710
2022,72,258,1,39,PSD,1570,IGREJA DO SANTUARIO NACIONAL DAS ALMAS,RUA ALVARES DE AZEVEDO 237
2022,72,259,1,32,PSD,1570,IGREJA DO SANTUARIO NACIONAL DAS ALMAS,RUA ALVARES DE AZEVEDO 237
2022,72,26,1,32,PSD,1074,COLEGIO ESTADUAL PAULO ASSIS RIBEIRO,ESTRADA CAETANO MONTEIRO 814
2022,72,260,1,32,PSD,1570,IGREJA DO SANTUARIO NACIONAL DAS ALMAS,RUA ALVARES DE AZEVEDO 237
2022,72,261,1,37,PSD,1570,IGREJA DO SANTUARIO NACIONAL DAS ALMAS,RUA ALVARES DE AZEVEDO 237
2022,72,262,1,40,PSD,1570,IGREJA DO SANTUARIO NACIONAL DAS ALMAS,RUA ALVARES DE AZEVEDO 237
2022,72,263,1,39,PSD,1570,IGREJA DO SANTUARIO NACIONAL DAS ALMAS,RUA ALVARES DE AZEVEDO 237
2022,72,264,1,28,PSD,1570,IGREJA DO SANTUARIO NACIONAL DAS ALMAS,RUA ALVARES DE AZEVEDO 237
2022,72,265,1,30,PSD,1570,IGREJA DO SANTUARIO NACIONAL DAS ALMAS,RUA ALVARES DE AZEVEDO 237
2022,72,266,1,45,PSD,1589,COLÉGIO GAY-LUSSAC,RUA MARIA CALDAS 35
2022,72,267,1,37,PSD,1589,COLÉGIO GAY-LUSSAC,RUA MARIA CALDAS 35
2022,72,268,1,65,PSD,1589,COLÉGIO GAY-LUSSAC,RUA MARIA CALDAS 35
2022,72,269,1,57,PSD,1589,COLÉGIO GAY-LUSSAC,RUA MARIA CALDAS 35
2022,72,27,1,28,PSD,1449,CIEP 450 - BADU,ESTRADA CAETANO MONTEIRO S/N
2022,72,270,1,54,PSD,1589,COLÉGIO GAY-LUSSAC,RUA MARIA CALDAS 35
2022,72,271,1,38,PSD,1589,COLÉGIO GAY-LUSSAC,RUA MARIA CALDAS 35
2022,72,272,1,54,PSD,1589,COLÉGIO GAY-LUSSAC,RUA MARIA CALDAS 35
2022,72,273,1,64,PSD,1589,COLÉGIO GAY-LUSSAC,RUA MARIA CALDAS 35
2022,72,274,1,48,PSD,1597,COLÉGIO PONTO DE ENSINO,RUA OSWALDO CRUZ 32
2022,72,275,1,39,PSD,1597,COLÉGIO PONTO DE ENSINO,RUA OSWALDO CRUZ 32
2022,72,276,1,51,PSD,1597,COLÉGIO PONTO DE ENSINO,RUA OSWALDO CRUZ 32
2022,72,277,1,43,PSD,1597,COLÉGIO PONTO DE ENSINO,RUA OSWALDO CRUZ 32
2022,72,278,1,45,PSD,1597,COLÉGIO PONTO DE ENSINO,RUA OSWALDO CRUZ 32
2022,72,279,1,47,PSD,1597,COLÉGIO PONTO DE ENSINO,RUA OSWALDO CRUZ 32
2022,72,28,1,37,PSD,1449,CIEP 450 - BADU,ESTRADA CAETANO MONTEIRO S/N
2022,72,280,1,47,PSD,1597,COLÉGIO PONTO DE ENSINO,RUA OSWALDO CRUZ 32
2022,72,281,1,44,PSD,1597,COLÉGIO PONTO DE ENSINO,RUA OSWALDO CRUZ 32
2022,72,282,1,43,PSD,1597,COLÉGIO PONTO DE ENSINO,RUA OSWALDO CRUZ 32
2022,72,283,1,26,PSD,1597,COLÉGIO PONTO DE ENSINO,RUA OSWALDO CRUZ 32
2022,72,284,1,41,PSD,1600,BANCO ITAU,RUA GAVIAO PEIXOTO 166
2022,72,285,1,47,PSD,1600,BANCO ITAU,RUA GAVIAO PEIXOTO 166
2022,72,286,1,30,PSD,1600,BANCO ITAU,RUA GAVIAO PEIXOTO 166
2022,72,287,1,71,PSD,1619,COLEGIO ESTADUAL JOAQUIM TAVORA,PRAÇA PREF.FERRAZ-CAMPO DE SAO BENTO S/N
2022,72,289,1,49,PSD,1619,COLEGIO ESTADUAL JOAQUIM TAVORA,PRAÇA PREF.FERRAZ-CAMPO DE SAO BENTO S/N
2022,72,29,1,37,PSD,1449,CIEP 450 - BADU,ESTRADA CAETANO MONTEIRO S/N
2022,72,291,1,45,PSD,1619,COLEGIO ESTADUAL JOAQUIM TAVORA,PRAÇA PREF.FERRAZ-CAMPO DE SAO BENTO S/N
2022,72,293,1,44,PSD,1619,COLEGIO ESTADUAL JOAQUIM TAVORA,PRAÇA PREF.FERRAZ-CAMPO DE SAO BENTO S/N
2022,72,295,1,50,PSD,1619,COLEGIO ESTADUAL JOAQUIM TAVORA,PRAÇA PREF.FERRAZ-CAMPO DE SAO BENTO S/N
2022,72,297,1,48,PSD,1619,COLEGIO ESTADUAL JOAQUIM TAVORA,PRAÇA PREF.FERRAZ-CAMPO DE SAO BENTO S/N
2022,72,299,1,18,PSD,1619,COLEGIO ESTADUAL JOAQUIM TAVORA,PRAÇA PREF.FERRAZ-CAMPO DE SAO BENTO S/N
2022,72,3,1,36,PSD,1015,ESCOLA ESTADUAL DR LUCIANO PESTRE,AV PASTOR JOSE GOMES DE SOUZA S/N
2022,72,30,1,34,PSD,1449,CIEP 450 - BADU,ESTRADA CAETANO MONTEIRO S/N
2022,72,300,1,48,PSD,1619,COLEGIO ESTADUAL JOAQUIM TAVORA,PRAÇA PREF.FERRAZ-CAMPO DE SAO BENTO S/N
2022,72,302,1,15,PSD,1627,ESCOLA MUNICIPAL PROFESSORA LUCIA MARIA SILVEIRA ROCHA,"AV. CARLOS ERMELINDO MARINS, 34"
2022,72,303,1,28,PSD,1627,ESCOLA MUNICIPAL PROFESSORA LUCIA MARIA SILVEIRA ROCHA,"AV. CARLOS ERMELINDO MARINS, 34"
2022,72,304,1,22,PSD,1627,ESCOLA MUNICIPAL PROFESSORA LUCIA MARIA SILVEIRA ROCHA,"AV. CARLOS ERMELINDO MARINS, 34"
2022,72,305,1,28,PSD,1627,ESCOLA MUNICIPAL PROFESSORA LUCIA MARIA SILVEIRA ROCHA,"AV. CARLOS ERMELINDO MARINS, 34"
2022,72,306,1,19,PSD,1627,ESCOLA MUNICIPAL PROFESSORA LUCIA MARIA SILVEIRA ROCHA,"AV. CARLOS ERMELINDO MARINS, 34"
2022,72,307,1,23,PSD,1627,ESCOLA MUNICIPAL PROFESSORA LUCIA MARIA SILVEIRA ROCHA,"AV. CARLOS ERMELINDO MARINS, 34"
2022,72,308,1,25,PSD,1627,ESCOLA MUNICIPAL PROFESSORA LUCIA MARIA SILVEIRA ROCHA,"AV. CARLOS ERMELINDO MARINS, 34"
2022,72,309,1,19,PSD,1627,ESCOLA MUNICIPAL PROFESSORA LUCIA MARIA SILVEIRA ROCHA,"AV. CARLOS ERMELINDO MARINS, 34"
2022,72,310,1,44,PSD,1635,BANCO BRADESCO,RUA GAVIAO PEIXOTO 108
2022,72,311,1,39,PSD,1635,BANCO BRADESCO,RUA GAVIAO PEIXOTO 108
2022,72,312,1,31,PSD,1635,BANCO BRADESCO,RUA GAVIAO PEIXOTO 108
2022,72,313,1,38,PSD,1643,CENTRO MODERNO ALZIRA BITTENCOURT,"RUA MEM DE SÁ, 71"
2022,72,314,1,23,PSD,1643,CENTRO MODERNO ALZIRA BITTENCOURT,"RUA MEM DE SÁ, 71"
2022,72,315,1,33,PSD,1643,CENTRO MODERNO ALZIRA BITTENCOURT,"RUA MEM DE SÁ, 71"
2022,72,316,1,48,PSD,1643,CENTRO MODERNO ALZIRA BITTENCOURT,"RUA MEM DE SÁ, 71"
2022,72,317,1,28,PSD,1651,PH COLÉGIO,RUA ALVARES DE AZEVEDO 237
2022,72,318,1,31,PSD,1651,PH COLÉGIO,RUA ALVARES DE AZEVEDO 237
2022,72,319,1,25,PSD,1651,PH COLÉGIO,RUA ALVARES DE AZEVEDO 237
2022,72,320,1,32,PSD,1651,PH COLÉGIO,RUA ALVARES DE AZEVEDO 237
2022,72,321,1,28,PSD,1651,PH COLÉGIO,RUA ALVARES DE AZEVEDO 237
2022,72,322,1,31,PSD,1651,PH COLÉGIO,RUA ALVARES DE AZEVEDO 237
2022,72,323,1,33,PSD,1651,PH COLÉGIO,RUA ALVARES DE AZEVEDO 237
2022,72,324,1,45,PSD,1660,CLUBE CENTRAL,"AVENIDA JORNALISTA ALBERTO FRANCISCO TORRES,  335"
2022,72,325,1,42,PSD,1660,CLUBE CENTRAL,"AVENIDA JORNALISTA ALBERTO FRANCISCO TORRES,  335"
2022,72,326,1,40,PSD,1660,CLUBE CENTRAL,"AVENIDA JORNALISTA ALBERTO FRANCISCO TORRES,  335"
2022,72,327,1,46,PSD,1660,CLUBE CENTRAL,"AVENIDA JORNALISTA ALBERTO FRANCISCO TORRES,  335"
2022,72,328,1,42,PSD,1660,CLUBE CENTRAL,"AVENIDA JORNALISTA ALBERTO FRANCISCO TORRES,  335"
2022,72,329,1,49,PSD,1660,CLUBE CENTRAL,"AVENIDA JORNALISTA ALBERTO FRANCISCO TORRES,  335"
2022,72,330,1,37,PSD,1660,CLUBE CENTRAL,"AVENIDA JORNALISTA ALBERTO FRANCISCO TORRES,  335"
2022,72,331,1,45,PSD,1660,CLUBE CENTRAL,"AVENIDA JORNALISTA ALBERTO FRANCISCO TORRES,  335"
2022,72,332,1,51,PSD,1660,CLUBE CENTRAL,"AVENIDA JORNALISTA ALBERTO FRANCISCO TORRES,  335"
2022,72,333,1,37,PSD,1660,CLUBE CENTRAL,"AVENIDA JORNALISTA ALBERTO FRANCISCO TORRES,  335"
2022,72,334,1,47,PSD,1660,CLUBE CENTRAL,"AVENIDA JORNALISTA ALBERTO FRANCISCO TORRES,  335"
2022,72,335,1,63,PSD,1660,CLUBE CENTRAL,"AVENIDA JORNALISTA ALBERTO FRANCISCO TORRES,  335"
2022,72,336,1,49,PSD,1660,CLUBE CENTRAL,"AVENIDA JORNALISTA ALBERTO FRANCISCO TORRES,  335"
2022,72,337,1,39,PSD,1660,CLUBE CENTRAL,"AVENIDA JORNALISTA ALBERTO FRANCISCO TORRES,  335"
2022,72,338,1,43,PSD,1660,CLUBE CENTRAL,"AVENIDA JORNALISTA ALBERTO FRANCISCO TORRES,  335"
2022,72,339,1,43,PSD,1660,CLUBE CENTRAL,"AVENIDA JORNALISTA ALBERTO FRANCISCO TORRES,  335"
2022,72,340,1,41,PSD,1660,CLUBE CENTRAL,"AVENIDA JORNALISTA ALBERTO FRANCISCO TORRES,  335"
2022,72,341,1,32,PSD,1678,ÁGUAS DE NITERÓI,RUA LEMOS CUNHA 510
2022,72,342,1,32,PSD,1678,ÁGUAS DE NITERÓI,RUA LEMOS CUNHA 510
2022,72,343,1,33,PSD,1678,ÁGUAS DE NITERÓI,RUA LEMOS CUNHA 510
2022,72,344,1,19,PSD,1678,ÁGUAS DE NITERÓI,RUA LEMOS CUNHA 510
2022,72,345,1,33,PSD,1686,CAIXA ECONÔMICA FEDERAL - AGÊNCIA ICARAÍ,"RUA GAVIÃO PEIXOTO, 226"
2022,72,346,1,29,PSD,1686,CAIXA ECONÔMICA FEDERAL - AGÊNCIA ICARAÍ,"RUA GAVIÃO PEIXOTO, 226"
2022,72,347,1,47,PSD,1686,CAIXA ECONÔMICA FEDERAL - AGÊNCIA ICARAÍ,"RUA GAVIÃO PEIXOTO, 226"
2022,72,348,1,32,PSD,1686,CAIXA ECONÔMICA FEDERAL - AGÊNCIA ICARAÍ,"RUA GAVIÃO PEIXOTO, 226"
2022,72,349,1,33,PSD,1686,CAIXA ECONÔMICA FEDERAL - AGÊNCIA ICARAÍ,"RUA GAVIÃO PEIXOTO, 226"
2022,72,35,1,28,PSD,1112,ESCOLA ESTADUAL LEOPOLDO FROES,RUA REVERENDO ARMANDO FERREIRA  S/N
2022,72,350,1,40,PSD,1686,CAIXA ECONÔMICA FEDERAL - AGÊNCIA ICARAÍ,"RUA GAVIÃO PEIXOTO, 226"
2022,72,351,1,30,PSD,1686,CAIXA ECONÔMICA FEDERAL - AGÊNCIA ICARAÍ,"RUA GAVIÃO PEIXOTO, 226"
2022,72,352,1,51,PSD,1686,CAIXA ECONÔMICA FEDERAL - AGÊNCIA ICARAÍ,"RUA GAVIÃO PEIXOTO, 226"
2022,72,353,1,41,PSD,1694,ESCOLA MUNICIPAL PROFESSOR PAULO DE ALMEIDA CAMPOS,"RUA PEREIRA DA SILVA, 50"
2022,72,354,1,53,PSD,1694,ESCOLA MUNICIPAL PROFESSOR PAULO DE ALMEIDA CAMPOS,"RUA PEREIRA DA SILVA, 50"
2022,72,355,1,58,PSD,1694,ESCOLA MUNICIPAL PROFESSOR PAULO DE ALMEIDA CAMPOS,"RUA PEREIRA DA SILVA, 50"
2022,72,356,1,51,PSD,1694,ESCOLA MUNICIPAL PROFESSOR PAULO DE ALMEIDA CAMPOS,"RUA PEREIRA DA SILVA, 50"
2022,72,357,1,43,PSD,1708,ESCOLA MUNICIPAL JÚLIA CORTINES,RUA LOPES TROVAO 1-CAMPO DE SÃO BENTO S/N
2022,72,359,1,61,PSD,1708,ESCOLA MUNICIPAL JÚLIA CORTINES,RUA LOPES TROVAO 1-CAMPO DE SÃO BENTO S/N
2022,72,36,1,23,PSD,1112,ESCOLA ESTADUAL LEOPOLDO FROES,RUA REVERENDO ARMANDO FERREIRA  S/N
2022,72,360,1,32,PSD,1708,ESCOLA MUNICIPAL JÚLIA CORTINES,RUA LOPES TROVAO 1-CAMPO DE SÃO BENTO S/N
2022,72,363,1,52,PSD,1708,ESCOLA MUNICIPAL JÚLIA CORTINES,RUA LOPES TROVAO 1-CAMPO DE SÃO BENTO S/N
2022,72,366,1,48,PSD,1708,ESCOLA MUNICIPAL JÚLIA CORTINES,RUA LOPES TROVAO 1-CAMPO DE SÃO BENTO S/N
2022,72,369,1,54,PSD,1708,ESCOLA MUNICIPAL JÚLIA CORTINES,RUA LOPES TROVAO 1-CAMPO DE SÃO BENTO S/N
2022,72,37,1,20,PSD,1112,ESCOLA ESTADUAL LEOPOLDO FROES,RUA REVERENDO ARMANDO FERREIRA  S/N
2022,72,372,1,54,PSD,1708,ESCOLA MUNICIPAL JÚLIA CORTINES,RUA LOPES TROVAO 1-CAMPO DE SÃO BENTO S/N
2022,72,375,1,36,PSD,1708,ESCOLA MUNICIPAL JÚLIA CORTINES,RUA LOPES TROVAO 1-CAMPO DE SÃO BENTO S/N
2022,72,378,1,21,PSD,1716,ESCOLA VIVINFÂNCIA,RUA GAVIÃO PEIXOTO 384
2022,72,379,1,30,PSD,1716,ESCOLA VIVINFÂNCIA,RUA GAVIÃO PEIXOTO 384
2022,72,38,1,24,PSD,1112,ESCOLA ESTADUAL LEOPOLDO FROES,RUA REVERENDO ARMANDO FERREIRA  S/N
2022,72,380,1,43,PSD,1716,ESCOLA VIVINFÂNCIA,RUA GAVIÃO PEIXOTO 384
2022,72,381,1,34,PSD,1716,ESCOLA VIVINFÂNCIA,RUA GAVIÃO PEIXOTO 384
2022,72,382,1,43,PSD,1724,AABB,RUA HÉLIO DA SILVA CARNEIRO 78
2022,72,383,1,55,PSD,1724,AABB,RUA HÉLIO DA SILVA CARNEIRO 78
2022,72,384,1,43,PSD,1724,AABB,RUA HÉLIO DA SILVA CARNEIRO 78
2022,72,385,1,39,PSD,1724,AABB,RUA HÉLIO DA SILVA CARNEIRO 78
2022,72,386,1,38,PSD,1724,AABB,RUA HÉLIO DA SILVA CARNEIRO 78
2022,72,387,1,42,PSD,1724,AABB,RUA HÉLIO DA SILVA CARNEIRO 78
2022,72,388,1,64,PSD,1724,AABB,RUA HÉLIO DA SILVA CARNEIRO 78
2022,72,389,1,49,PSD,1724,AABB,RUA HÉLIO DA SILVA CARNEIRO 78
2022,72,39,1,29,PSD,1112,ESCOLA ESTADUAL LEOPOLDO FROES,RUA REVERENDO ARMANDO FERREIRA  S/N
2022,72,390,1,18,PSD,1732,CLUBE NAVAL,AVENIDA CARLOS ERMELINDO MARINS 68
2022,72,391,1,27,PSD,1732,CLUBE NAVAL,AVENIDA CARLOS ERMELINDO MARINS 68
2022,72,392,1,21,PSD,1732,CLUBE NAVAL,AVENIDA CARLOS ERMELINDO MARINS 68
2022,72,393,1,17,PSD,1732,CLUBE NAVAL,AVENIDA CARLOS ERMELINDO MARINS 68
2022,72,394,1,17,PSD,1732,CLUBE NAVAL,AVENIDA CARLOS ERMELINDO MARINS 68
2022,72,395,1,39,PSD,1732,CLUBE NAVAL,AVENIDA CARLOS ERMELINDO MARINS 68
2022,72,396,1,12,PSD,1732,CLUBE NAVAL,AVENIDA CARLOS ERMELINDO MARINS 68
2022,72,397,1,28,PSD,1732,CLUBE NAVAL,AVENIDA CARLOS ERMELINDO MARINS 68
2022,72,398,1,18,PSD,1732,CLUBE NAVAL,AVENIDA CARLOS ERMELINDO MARINS 68
2022,72,399,1,26,PSD,1732,CLUBE NAVAL,AVENIDA CARLOS ERMELINDO MARINS 68
2022,72,40,1,25,PSD,1112,ESCOLA ESTADUAL LEOPOLDO FROES,RUA REVERENDO ARMANDO FERREIRA  S/N
2022,72,400,1,27,PSD,1732,CLUBE NAVAL,AVENIDA CARLOS ERMELINDO MARINS 68
2022,72,401,1,31,PSD,1732,CLUBE NAVAL,AVENIDA CARLOS ERMELINDO MARINS 68
2022,72,402,1,21,PSD,1732,CLUBE NAVAL,AVENIDA CARLOS ERMELINDO MARINS 68
2022,72,403,1,23,PSD,1732,CLUBE NAVAL,AVENIDA CARLOS ERMELINDO MARINS 68
2022,72,404,1,30,PSD,1732,CLUBE NAVAL,AVENIDA CARLOS ERMELINDO MARINS 68
2022,72,405,1,27,PSD,1732,CLUBE NAVAL,AVENIDA CARLOS ERMELINDO MARINS 68
2022,72,406,1,17,PSD,1732,CLUBE NAVAL,AVENIDA CARLOS ERMELINDO MARINS 68
2022,72,407,1,33,PSD,1732,CLUBE NAVAL,AVENIDA CARLOS ERMELINDO MARINS 68
2022,72,408,1,26,PSD,1732,CLUBE NAVAL,AVENIDA CARLOS ERMELINDO MARINS 68
2022,72,409,1,18,PSD,1732,CLUBE NAVAL,AVENIDA CARLOS ERMELINDO MARINS 68
2022,72,41,1,22,PSD,1112,ESCOLA ESTADUAL LEOPOLDO FROES,RUA REVERENDO ARMANDO FERREIRA  S/N
2022,72,410,1,33,PSD,1740,ESCOLA MUNICIPAL PROFESSORA ELVIRA LÚCIA ESTEVES DE VASCONCELOS,"TRAVESSA EMÍLIO ANGRADA 2, RUA JOAQUIM TÁVORA"
2022,72,411,1,33,PSD,1740,ESCOLA MUNICIPAL PROFESSORA ELVIRA LÚCIA ESTEVES DE VASCONCELOS,"TRAVESSA EMÍLIO ANGRADA 2, RUA JOAQUIM TÁVORA"
2022,72,412,1,46,PSD,1740,ESCOLA MUNICIPAL PROFESSORA ELVIRA LÚCIA ESTEVES DE VASCONCELOS,"TRAVESSA EMÍLIO ANGRADA 2, RUA JOAQUIM TÁVORA"
2022,72,413,1,25,PSD,1740,ESCOLA MUNICIPAL PROFESSORA ELVIRA LÚCIA ESTEVES DE VASCONCELOS,"TRAVESSA EMÍLIO ANGRADA 2, RUA JOAQUIM TÁVORA"
2022,72,414,1,36,PSD,1740,ESCOLA MUNICIPAL PROFESSORA ELVIRA LÚCIA ESTEVES DE VASCONCELOS,"TRAVESSA EMÍLIO ANGRADA 2, RUA JOAQUIM TÁVORA"
2022,72,415,1,32,PSD,1740,ESCOLA MUNICIPAL PROFESSORA ELVIRA LÚCIA ESTEVES DE VASCONCELOS,"TRAVESSA EMÍLIO ANGRADA 2, RUA JOAQUIM TÁVORA"
2022,72,416,1,36,PSD,1740,ESCOLA MUNICIPAL PROFESSORA ELVIRA LÚCIA ESTEVES DE VASCONCELOS,"TRAVESSA EMÍLIO ANGRADA 2, RUA JOAQUIM TÁVORA"
2022,72,417,1,36,PSD,1740,ESCOLA MUNICIPAL PROFESSORA ELVIRA LÚCIA ESTEVES DE VASCONCELOS,"TRAVESSA EMÍLIO ANGRADA 2, RUA JOAQUIM TÁVORA"
2022,72,418,1,36,PSD,1740,ESCOLA MUNICIPAL PROFESSORA ELVIRA LÚCIA ESTEVES DE VASCONCELOS,"TRAVESSA EMÍLIO ANGRADA 2, RUA JOAQUIM TÁVORA"
2022,72,419,1,32,PSD,1759,COLÉGIO MV1,RUA GAVIÃO PEIXOTO 398
2022,72,42,1,22,PSD,1112,ESCOLA ESTADUAL LEOPOLDO FROES,RUA REVERENDO ARMANDO FERREIRA  S/N
2022,72,420,1,46,PSD,1759,COLÉGIO MV1,RUA GAVIÃO PEIXOTO 398
2022,72,421,1,33,PSD,1759,COLÉGIO MV1,RUA GAVIÃO PEIXOTO 398
2022,72,422,1,33,PSD,1759,COLÉGIO MV1,RUA GAVIÃO PEIXOTO 398
2022,72,423,1,24,PSD,1759,COLÉGIO MV1,RUA GAVIÃO PEIXOTO 398
2022,72,424,1,36,PSD,1759,COLÉGIO MV1,RUA GAVIÃO PEIXOTO 398
2022,72,425,1,34,PSD,1759,COLÉGIO MV1,RUA GAVIÃO PEIXOTO 398
2022,72,426,1,40,PSD,1759,COLÉGIO MV1,RUA GAVIÃO PEIXOTO 398
2022,72,427,1,42,PSD,1759,COLÉGIO MV1,RUA GAVIÃO PEIXOTO 398
2022,72,428,1,40,PSD,1759,COLÉGIO MV1,RUA GAVIÃO PEIXOTO 398
2022,72,429,1,23,PSD,1759,COLÉGIO MV1,RUA GAVIÃO PEIXOTO 398
2022,72,43,1,27,PSD,1112,ESCOLA ESTADUAL LEOPOLDO FROES,RUA REVERENDO ARMANDO FERREIRA  S/N
2022,72,430,1,49,PSD,1759,COLÉGIO MV1,RUA GAVIÃO PEIXOTO 398
2022,72,431,1,38,PSD,1759,COLÉGIO MV1,RUA GAVIÃO PEIXOTO 398
2022,72,432,1,36,PSD,1759,COLÉGIO MV1,RUA GAVIÃO PEIXOTO 398
2022,72,433,1,28,PSD,1759,COLÉGIO MV1,RUA GAVIÃO PEIXOTO 398
2022,72,434,1,30,PSD,1759,COLÉGIO MV1,RUA GAVIÃO PEIXOTO 398
2022,72,435,1,35,PSD,1759,COLÉGIO MV1,RUA GAVIÃO PEIXOTO 398
2022,72,436,1,44,PSD,1759,COLÉGIO MV1,RUA GAVIÃO PEIXOTO 398
2022,72,437,1,54,PSD,1767,COLÉGIO ASSUNÇÃO,RUA GENERAL RONDON 842
2022,72,438,1,48,PSD,1767,COLÉGIO ASSUNÇÃO,RUA GENERAL RONDON 842
2022,72,439,1,41,PSD,1767,COLÉGIO ASSUNÇÃO,RUA GENERAL RONDON 842
2022,72,440,1,42,PSD,1767,COLÉGIO ASSUNÇÃO,RUA GENERAL RONDON 842
2022,72,441,1,47,PSD,1767,COLÉGIO ASSUNÇÃO,RUA GENERAL RONDON 842
2022,72,442,1,50,PSD,1767,COLÉGIO ASSUNÇÃO,RUA GENERAL RONDON 842
2022,72,443,1,47,PSD,1767,COLÉGIO ASSUNÇÃO,RUA GENERAL RONDON 842
2022,72,444,1,59,PSD,1767,COLÉGIO ASSUNÇÃO,RUA GENERAL RONDON 842
2022,72,445,1,39,PSD,1767,COLÉGIO ASSUNÇÃO,RUA GENERAL RONDON 842
2022,72,446,1,53,PSD,1767,COLÉGIO ASSUNÇÃO,RUA GENERAL RONDON 842
2022,72,447,1,51,PSD,1767,COLÉGIO ASSUNÇÃO,RUA GENERAL RONDON 842
2022,72,448,1,51,PSD,1767,COLÉGIO ASSUNÇÃO,RUA GENERAL RONDON 842
2022,72,449,1,41,PSD,1767,COLÉGIO ASSUNÇÃO,RUA GENERAL RONDON 842
2022,72,450,1,32,PSD,1767,COLÉGIO ASSUNÇÃO,RUA GENERAL RONDON 842
2022,72,451,1,44,PSD,1767,COLÉGIO ASSUNÇÃO,RUA GENERAL RONDON 842
2022,72,452,1,41,PSD,1775,ESCOLA ESTADUAL CIZÍNIO SOARES PINTO,RUA PRESIDENTE ROOSEVELT 2
2022,72,453,1,23,PSD,1775,ESCOLA ESTADUAL CIZÍNIO SOARES PINTO,RUA PRESIDENTE ROOSEVELT 2
2022,72,454,1,34,PSD,1775,ESCOLA ESTADUAL CIZÍNIO SOARES PINTO,RUA PRESIDENTE ROOSEVELT 2
2022,72,455,1,31,PSD,1775,ESCOLA ESTADUAL CIZÍNIO SOARES PINTO,RUA PRESIDENTE ROOSEVELT 2
2022,72,456,1,26,PSD,1775,ESCOLA ESTADUAL CIZÍNIO SOARES PINTO,RUA PRESIDENTE ROOSEVELT 2
2022,72,457,1,31,PSD,1775,ESCOLA ESTADUAL CIZÍNIO SOARES PINTO,RUA PRESIDENTE ROOSEVELT 2
2022,72,458,1,26,PSD,1775,ESCOLA ESTADUAL CIZÍNIO SOARES PINTO,RUA PRESIDENTE ROOSEVELT 2
2022,72,459,1,53,PSD,1783,SOCIEDADE BRASILEIRA DE CULTURA INGLESA,RUA OTAVIO CARNEIRO 23
2022,72,460,1,49,PSD,1783,SOCIEDADE BRASILEIRA DE CULTURA INGLESA,RUA OTAVIO CARNEIRO 23
2022,72,461,1,38,PSD,1783,SOCIEDADE BRASILEIRA DE CULTURA INGLESA,RUA OTAVIO CARNEIRO 23
2022,72,462,1,44,PSD,1783,SOCIEDADE BRASILEIRA DE CULTURA INGLESA,RUA OTAVIO CARNEIRO 23
2022,72,463,1,28,PSD,1554,JARDIM ESCOLA GIRASSÓIS,"ESTRADA CAETANO MONTEIRO, 820"
2022,72,5,1,33,PSD,1015,ESCOLA ESTADUAL DR LUCIANO PESTRE,AV PASTOR JOSE GOMES DE SOUZA S/N
2022,72,52,1,26,PSD,1147,ESCOLA MUNICIPAL VERA LUCIA MACHADO,RUA ALDEMAR DE PAIVA LOTE 7 E 8
2022,72,53,1,30,PSD,1147,ESCOLA MUNICIPAL VERA LUCIA MACHADO,RUA ALDEMAR DE PAIVA LOTE 7 E 8
2022,72,54,1,25,PSD,1074,COLEGIO ESTADUAL PAULO ASSIS RIBEIRO,ESTRADA CAETANO MONTEIRO 814
2022,72,55,1,34,PSD,1074,COLEGIO ESTADUAL PAULO ASSIS RIBEIRO,ESTRADA CAETANO MONTEIRO 814
2022,72,56,1,31,PSD,1074,COLEGIO ESTADUAL PAULO ASSIS RIBEIRO,ESTRADA CAETANO MONTEIRO 814
2022,72,57,1,15,PSD,1112,ESCOLA ESTADUAL LEOPOLDO FROES,RUA REVERENDO ARMANDO FERREIRA  S/N
2022,72,58,1,38,PSD,1112,ESCOLA ESTADUAL LEOPOLDO FROES,RUA REVERENDO ARMANDO FERREIRA  S/N
2022,72,59,1,22,PSD,1112,ESCOLA ESTADUAL LEOPOLDO FROES,RUA REVERENDO ARMANDO FERREIRA  S/N
2022,72,60,1,23,PSD,1112,ESCOLA ESTADUAL LEOPOLDO FROES,RUA REVERENDO ARMANDO FERREIRA  S/N
2022,72,61,1,24,PSD,1112,ESCOLA ESTADUAL LEOPOLDO FROES,RUA REVERENDO ARMANDO FERREIRA  S/N
2022,72,62,1,23,PSD,1112,ESCOLA ESTADUAL LEOPOLDO FROES,RUA REVERENDO ARMANDO FERREIRA  S/N
2022,72,63,1,20,PSD,1171,ESCOLA MUNICIPAL ANTONIO COUTINHO DE AZEVEDO,AV DES NESTOR RODRIGUES PERLINGEIRO S/N
2022,72,64,1,25,PSD,1171,ESCOLA MUNICIPAL ANTONIO COUTINHO DE AZEVEDO,AV DES NESTOR RODRIGUES PERLINGEIRO S/N
2022,72,65,1,18,PSD,1171,ESCOLA MUNICIPAL ANTONIO COUTINHO DE AZEVEDO,AV DES NESTOR RODRIGUES PERLINGEIRO S/N
2022,72,66,1,23,PSD,1171,ESCOLA MUNICIPAL ANTONIO COUTINHO DE AZEVEDO,AV DES NESTOR RODRIGUES PERLINGEIRO S/N
2022,72,67,1,27,PSD,1171,ESCOLA MUNICIPAL ANTONIO COUTINHO DE AZEVEDO,AV DES NESTOR RODRIGUES PERLINGEIRO S/N
2022,72,68,1,22,PSD,1180,ESCOLA MUNICIPAL RACHIDE DA GLORIA SALIM SAKER,RUA JANDIRA PEREIRA 620
2022,72,69,1,22,PSD,1180,ESCOLA MUNICIPAL RACHIDE DA GLORIA SALIM SAKER,RUA JANDIRA PEREIRA 620
2022,72,7,1,28,PSD,1040,CIEP 447 - CARAMUJO,RODOVIA AMARAL PEIXOTO KM 2
2022,72,70,1,22,PSD,1180,ESCOLA MUNICIPAL RACHIDE DA GLORIA SALIM SAKER,RUA JANDIRA PEREIRA 620
2022,72,71,1,20,PSD,1180,ESCOLA MUNICIPAL RACHIDE DA GLORIA SALIM SAKER,RUA JANDIRA PEREIRA 620
2022,72,8,1,15,PSD,1040,CIEP 447 - CARAMUJO,RODOVIA AMARAL PEIXOTO KM 2
2022,72,9,1,16,PSD,1040,CIEP 447 - CARAMUJO,RODOVIA AMARAL PEIXOTO KM 2
2024,144,1,1,11,PSD,1171,ESCOLA ESTADUAL MENEZES VIEIRA,RUA GENERAL CASTRIOTO S/N
2024,144,10,1,8,PSD,1031,(PRÉDIO NOVO) COLÉGIO PEDRO II UNIDADE NITERÓI,RUA ASSIS DE VASCONCELOS S/N
2024,144,100,1,7,PSD,1031,(PRÉDIO NOVO) COLÉGIO PEDRO II UNIDADE NITERÓI,RUA ASSIS DE VASCONCELOS S/N
2024,144,101,1,6,PSD,1031,(PRÉDIO NOVO) COLÉGIO PEDRO II UNIDADE NITERÓI,RUA ASSIS DE VASCONCELOS S/N
2024,144,102,1,11,PSD,1031,(PRÉDIO NOVO) COLÉGIO PEDRO II UNIDADE NITERÓI,RUA ASSIS DE VASCONCELOS S/N
2024,144,103,1,8,PSD,1031,(PRÉDIO NOVO) COLÉGIO PEDRO II UNIDADE NITERÓI,RUA ASSIS DE VASCONCELOS S/N
2024,144,104,1,3,PSD,1031,(PRÉDIO NOVO) COLÉGIO PEDRO II UNIDADE NITERÓI,RUA ASSIS DE VASCONCELOS S/N
2024,144,105,1,7,PSD,1317,IGREJA BATISTA BETEL DE NITERÓI,RUA DANIEL TORRES 72
2024,144,106,1,10,PSD,1317,IGREJA BATISTA BETEL DE NITERÓI,RUA DANIEL TORRES 72
2024,144,107,1,10,PSD,1236,COLÉGIO ESTADUAL MULLULO DA VEIGA,RUA CORONEL GUIMARÃES 505
2024,144,108,1,8,PSD,1031,(PRÉDIO NOVO) COLÉGIO PEDRO II UNIDADE NITERÓI,RUA ASSIS DE VASCONCELOS S/N
2024,144,109,1,9,PSD,1236,COLÉGIO ESTADUAL MULLULO DA VEIGA,RUA CORONEL GUIMARÃES 505
2024,144,11,1,3,PSD,1031,(PRÉDIO NOVO) COLÉGIO PEDRO II UNIDADE NITERÓI,RUA ASSIS DE VASCONCELOS S/N
2024,144,110,1,10,PSD,1031,(PRÉDIO NOVO) COLÉGIO PEDRO II UNIDADE NITERÓI,RUA ASSIS DE VASCONCELOS S/N
2024,144,111,1,10,PSD,1236,COLÉGIO ESTADUAL MULLULO DA VEIGA,RUA CORONEL GUIMARÃES 505
2024,144,112,1,13,PSD,1236,COLÉGIO ESTADUAL MULLULO DA VEIGA,RUA CORONEL GUIMARÃES 505
2024,144,113,1,6,PSD,1252,ESCOLA MUNICIPAL ADELINO MAGALHÃES,"RUA DR. NELSON PENA, 17"
2024,144,114,1,7,PSD,1252,ESCOLA MUNICIPAL ADELINO MAGALHÃES,"RUA DR. NELSON PENA, 17"
2024,144,115,1,4,PSD,1252,ESCOLA MUNICIPAL ADELINO MAGALHÃES,"RUA DR. NELSON PENA, 17"
2024,144,116,1,16,PSD,1210,UMEI THEREZINHA KALIL PETRUS (ANTIGO TIO SAM),RUA BENJAMIM CONSTANT 562
2024,144,117,1,10,PSD,1210,UMEI THEREZINHA KALIL PETRUS (ANTIGO TIO SAM),RUA BENJAMIM CONSTANT 562
2024,144,118,1,14,PSD,1210,UMEI THEREZINHA KALIL PETRUS (ANTIGO TIO SAM),RUA BENJAMIM CONSTANT 562
2024,144,119,1,9,PSD,1210,UMEI THEREZINHA KALIL PETRUS (ANTIGO TIO SAM),RUA BENJAMIM CONSTANT 562
2024,144,12,1,8,PSD,1201,OFICINAS DO SENAI,RUA GALVAO S/N
2024,144,120,1,9,PSD,1210,UMEI THEREZINHA KALIL PETRUS (ANTIGO TIO SAM),RUA BENJAMIM CONSTANT 562
2024,144,121,1,12,PSD,1210,UMEI THEREZINHA KALIL PETRUS (ANTIGO TIO SAM),RUA BENJAMIM CONSTANT 562
2024,144,122,1,11,PSD,1023,PAROQUIA DE SAO JOAO BATISTA,RUA DR. MARCH 666
2024,144,123,1,7,PSD,1171,ESCOLA ESTADUAL MENEZES VIEIRA,RUA GENERAL CASTRIOTO S/N
2024,144,124,1,1,PSD,1090,ESCOLA TÉCNICA ESTADUAL HENRIQUE LAGE,RUA GUIMARÃES JUNIOR 182
2024,144,125,1,8,PSD,1031,(PRÉDIO NOVO) COLÉGIO PEDRO II UNIDADE NITERÓI,RUA ASSIS DE VASCONCELOS S/N
2024,144,126,1,8,PSD,1252,ESCOLA MUNICIPAL ADELINO MAGALHÃES,"RUA DR. NELSON PENA, 17"
2024,144,127,1,12,PSD,1210,UMEI THEREZINHA KALIL PETRUS (ANTIGO TIO SAM),RUA BENJAMIM CONSTANT 562
2024,144,128,1,7,PSD,1031,(PRÉDIO NOVO) COLÉGIO PEDRO II UNIDADE NITERÓI,RUA ASSIS DE VASCONCELOS S/N
2024,144,129,1,14,PSD,1236,COLÉGIO ESTADUAL MULLULO DA VEIGA,RUA CORONEL GUIMARÃES 505
2024,144,13,1,5,PSD,1031,(PRÉDIO NOVO) COLÉGIO PEDRO II UNIDADE NITERÓI,RUA ASSIS DE VASCONCELOS S/N
2024,144,130,1,6,PSD,1104,ESCOLA MUNICIPAL ALTIVO CESAR,"RUA DR. LUIZ PALMIER, 25"
2024,144,131,1,13,PSD,1031,(PRÉDIO NOVO) COLÉGIO PEDRO II UNIDADE NITERÓI,RUA ASSIS DE VASCONCELOS S/N
2024,144,134,1,8,PSD,1163,COLÉGIO ESTADUAL CONSELHEIRO MACEDO SOARES,RUA DR. MARCH 392
2024,144,135,1,9,PSD,1252,ESCOLA MUNICIPAL ADELINO MAGALHÃES,"RUA DR. NELSON PENA, 17"
2024,144,136,1,17,PSD,1210,UMEI THEREZINHA KALIL PETRUS (ANTIGO TIO SAM),RUA BENJAMIM CONSTANT 562
2024,144,137,1,2,PSD,1090,ESCOLA TÉCNICA ESTADUAL HENRIQUE LAGE,RUA GUIMARÃES JUNIOR 182
2024,144,138,1,19,PSD,1449,INSTITUTO SÃO BENTO DE NITEROI,RUA VEREADOR DUQUE ESTRADA 28
2024,144,139,1,13,PSD,1449,INSTITUTO SÃO BENTO DE NITEROI,RUA VEREADOR DUQUE ESTRADA 28
2024,144,14,1,8,PSD,1031,(PRÉDIO NOVO) COLÉGIO PEDRO II UNIDADE NITERÓI,RUA ASSIS DE VASCONCELOS S/N
2024,144,140,1,20,PSD,1449,INSTITUTO SÃO BENTO DE NITEROI,RUA VEREADOR DUQUE ESTRADA 28
2024,144,141,1,14,PSD,1449,INSTITUTO SÃO BENTO DE NITEROI,RUA VEREADOR DUQUE ESTRADA 28
2024,144,142,1,8,PSD,1449,INSTITUTO SÃO BENTO DE NITEROI,RUA VEREADOR DUQUE ESTRADA 28
2024,144,143,1,9,PSD,1449,INSTITUTO SÃO BENTO DE NITEROI,RUA VEREADOR DUQUE ESTRADA 28
2024,144,144,1,14,PSD,1449,INSTITUTO SÃO BENTO DE NITEROI,RUA VEREADOR DUQUE ESTRADA 28
2024,144,145,1,8,PSD,1449,INSTITUTO SÃO BENTO DE NITEROI,RUA VEREADOR DUQUE ESTRADA 28
2024,144,146,1,4,PSD,1449,INSTITUTO SÃO BENTO DE NITEROI,RUA VEREADOR DUQUE ESTRADA 28
2024,144,147,1,8,PSD,1449,INSTITUTO SÃO BENTO DE NITEROI,RUA VEREADOR DUQUE ESTRADA 28
2024,144,148,1,11,PSD,1449,INSTITUTO SÃO BENTO DE NITEROI,RUA VEREADOR DUQUE ESTRADA 28
2024,144,149,1,6,PSD,1457,ESCOLA ESTADUAL MACHADO DE ASSIS,RUA DESEMBARGADOR LIMA CASTRO 97
2024,144,15,1,7,PSD,1031,(PRÉDIO NOVO) COLÉGIO PEDRO II UNIDADE NITERÓI,RUA ASSIS DE VASCONCELOS S/N
2024,144,150,1,12,PSD,1457,ESCOLA ESTADUAL MACHADO DE ASSIS,RUA DESEMBARGADOR LIMA CASTRO 97
2024,144,151,1,17,PSD,1457,ESCOLA ESTADUAL MACHADO DE ASSIS,RUA DESEMBARGADOR LIMA CASTRO 97
2024,144,152,1,10,PSD,1457,ESCOLA ESTADUAL MACHADO DE ASSIS,RUA DESEMBARGADOR LIMA CASTRO 97
2024,144,153,1,5,PSD,1457,ESCOLA ESTADUAL MACHADO DE ASSIS,RUA DESEMBARGADOR LIMA CASTRO 97
2024,144,154,1,11,PSD,1457,ESCOLA ESTADUAL MACHADO DE ASSIS,RUA DESEMBARGADOR LIMA CASTRO 97
2024,144,155,1,11,PSD,1457,ESCOLA ESTADUAL MACHADO DE ASSIS,RUA DESEMBARGADOR LIMA CASTRO 97
2024,144,156,1,14,PSD,1457,ESCOLA ESTADUAL MACHADO DE ASSIS,RUA DESEMBARGADOR LIMA CASTRO 97
2024,144,157,1,16,PSD,1457,ESCOLA ESTADUAL MACHADO DE ASSIS,RUA DESEMBARGADOR LIMA CASTRO 97
2024,144,158,1,10,PSD,1457,ESCOLA ESTADUAL MACHADO DE ASSIS,RUA DESEMBARGADOR LIMA CASTRO 97
2024,144,159,1,15,PSD,1457,ESCOLA ESTADUAL MACHADO DE ASSIS,RUA DESEMBARGADOR LIMA CASTRO 97
2024,144,16,1,17,PSD,1112,ESCOLA MUNICIPAL TIRADENTES,"RUA DR. MARCH, 628"
2024,144,160,1,13,PSD,1457,ESCOLA ESTADUAL MACHADO DE ASSIS,RUA DESEMBARGADOR LIMA CASTRO 97
2024,144,161,1,12,PSD,1457,ESCOLA ESTADUAL MACHADO DE ASSIS,RUA DESEMBARGADOR LIMA CASTRO 97
2024,144,162,1,20,PSD,1627,ESCOLA ESTADUAL DOUTOR JAYME MEMORIA,RUA NORONHA TORREZAO 625
2024,144,163,1,16,PSD,1473,ESCOLA ESTADUAL JOSE BONIFACIO,RUA CARLOS MAXIMIANO 20
2024,144,164,1,16,PSD,1473,ESCOLA ESTADUAL JOSE BONIFACIO,RUA CARLOS MAXIMIANO 20
2024,144,165,1,18,PSD,1473,ESCOLA ESTADUAL JOSE BONIFACIO,RUA CARLOS MAXIMIANO 20
2024,144,166,1,22,PSD,1473,ESCOLA ESTADUAL JOSE BONIFACIO,RUA CARLOS MAXIMIANO 20
2024,144,167,1,17,PSD,1473,ESCOLA ESTADUAL JOSE BONIFACIO,RUA CARLOS MAXIMIANO 20
2024,144,168,1,14,PSD,1473,ESCOLA ESTADUAL JOSE BONIFACIO,RUA CARLOS MAXIMIANO 20
2024,144,169,1,19,PSD,1473,ESCOLA ESTADUAL JOSE BONIFACIO,RUA CARLOS MAXIMIANO 20
2024,144,17,1,16,PSD,1112,ESCOLA MUNICIPAL TIRADENTES,"RUA DR. MARCH, 628"
2024,144,170,1,13,PSD,1473,ESCOLA ESTADUAL JOSE BONIFACIO,RUA CARLOS MAXIMIANO 20
2024,144,171,1,8,PSD,1473,ESCOLA ESTADUAL JOSE BONIFACIO,RUA CARLOS MAXIMIANO 20
2024,144,172,1,15,PSD,1473,ESCOLA ESTADUAL JOSE BONIFACIO,RUA CARLOS MAXIMIANO 20
2024,144,173,1,8,PSD,1473,ESCOLA ESTADUAL JOSE BONIFACIO,RUA CARLOS MAXIMIANO 20
2024,144,174,1,31,PSD,1473,ESCOLA ESTADUAL JOSE BONIFACIO,RUA CARLOS MAXIMIANO 20
2024,144,175,1,16,PSD,1473,ESCOLA ESTADUAL JOSE BONIFACIO,RUA CARLOS MAXIMIANO 20
2024,144,176,1,19,PSD,1473,ESCOLA ESTADUAL JOSE BONIFACIO,RUA CARLOS MAXIMIANO 20
2024,144,177,1,13,PSD,1473,ESCOLA ESTADUAL JOSE BONIFACIO,RUA CARLOS MAXIMIANO 20
2024,144,178,1,22,PSD,1481,GRUPO ESCOLAR EMBAIXADOR RAUL FERNANDES,"RUA RIODADES, 253"
2024,144,179,1,31,PSD,1481,GRUPO ESCOLAR EMBAIXADOR RAUL FERNANDES,"RUA RIODADES, 253"
2024,144,18,1,7,PSD,1171,ESCOLA ESTADUAL MENEZES VIEIRA,RUA GENERAL CASTRIOTO S/N
2024,144,180,1,25,PSD,1481,GRUPO ESCOLAR EMBAIXADOR RAUL FERNANDES,"RUA RIODADES, 253"
2024,144,181,1,24,PSD,1481,GRUPO ESCOLAR EMBAIXADOR RAUL FERNANDES,"RUA RIODADES, 253"
2024,144,182,1,26,PSD,1481,GRUPO ESCOLAR EMBAIXADOR RAUL FERNANDES,"RUA RIODADES, 253"
2024,144,183,1,29,PSD,1481,GRUPO ESCOLAR EMBAIXADOR RAUL FERNANDES,"RUA RIODADES, 253"
2024,144,184,1,31,PSD,1481,GRUPO ESCOLAR EMBAIXADOR RAUL FERNANDES,"RUA RIODADES, 253"
2024,144,185,1,35,PSD,1481,GRUPO ESCOLAR EMBAIXADOR RAUL FERNANDES,"RUA RIODADES, 253"
2024,144,186,1,35,PSD,1481,GRUPO ESCOLAR EMBAIXADOR RAUL FERNANDES,"RUA RIODADES, 253"
2024,144,187,1,27,PSD,1481,GRUPO ESCOLAR EMBAIXADOR RAUL FERNANDES,"RUA RIODADES, 253"
2024,144,188,1,15,PSD,1481,GRUPO ESCOLAR EMBAIXADOR RAUL FERNANDES,"RUA RIODADES, 253"
2024,144,189,1,16,PSD,1490,IGREJA BATISTA DO FONSECA,ALAMEDA SAO BOAVENTURA  937
2024,144,19,1,19,PSD,1171,ESCOLA ESTADUAL MENEZES VIEIRA,RUA GENERAL CASTRIOTO S/N
2024,144,190,1,11,PSD,1490,IGREJA BATISTA DO FONSECA,ALAMEDA SAO BOAVENTURA  937
2024,144,191,1,7,PSD,1490,IGREJA BATISTA DO FONSECA,ALAMEDA SAO BOAVENTURA  937
2024,144,192,1,9,PSD,1490,IGREJA BATISTA DO FONSECA,ALAMEDA SAO BOAVENTURA  937
2024,144,193,1,16,PSD,1490,IGREJA BATISTA DO FONSECA,ALAMEDA SAO BOAVENTURA  937
2024,144,194,1,10,PSD,1503,SERVICO DE ASSISTENCIA SOCIAL SAO DOMINGOS SAVIO,RUA MARTINS TORRES 223
2024,144,195,1,15,PSD,1503,SERVICO DE ASSISTENCIA SOCIAL SAO DOMINGOS SAVIO,RUA MARTINS TORRES 223
2024,144,196,1,13,PSD,1503,SERVICO DE ASSISTENCIA SOCIAL SAO DOMINGOS SAVIO,RUA MARTINS TORRES 223
2024,144,197,1,5,PSD,1503,SERVICO DE ASSISTENCIA SOCIAL SAO DOMINGOS SAVIO,RUA MARTINS TORRES 223
2024,144,198,1,16,PSD,1503,SERVICO DE ASSISTENCIA SOCIAL SAO DOMINGOS SAVIO,RUA MARTINS TORRES 223
2024,144,199,1,13,PSD,1503,SERVICO DE ASSISTENCIA SOCIAL SAO DOMINGOS SAVIO,RUA MARTINS TORRES 223
2024,144,2,1,15,PSD,1023,PAROQUIA DE SAO JOAO BATISTA,RUA DR. MARCH 666
2024,144,20,1,6,PSD,1090,ESCOLA TÉCNICA ESTADUAL HENRIQUE LAGE,RUA GUIMARÃES JUNIOR 182
2024,144,200,1,14,PSD,1503,SERVICO DE ASSISTENCIA SOCIAL SAO DOMINGOS SAVIO,RUA MARTINS TORRES 223
2024,144,201,1,13,PSD,1511,COLÉGIO OPÇÃO - NITERÓI,"ALAMEDA SÃO BOAVENTURA, 824"
2024,144,202,1,17,PSD,1511,COLÉGIO OPÇÃO - NITERÓI,"ALAMEDA SÃO BOAVENTURA, 824"
2024,144,203,1,11,PSD,1511,COLÉGIO OPÇÃO - NITERÓI,"ALAMEDA SÃO BOAVENTURA, 824"
2024,144,204,1,11,PSD,1511,COLÉGIO OPÇÃO - NITERÓI,"ALAMEDA SÃO BOAVENTURA, 824"
2024,144,205,1,27,PSD,1694,ESPAÇO DO SABER,ALAMEDA SÃO BOAVENTURA 887
2024,144,207,1,18,PSD,1694,ESPAÇO DO SABER,ALAMEDA SÃO BOAVENTURA 887
2024,144,21,1,4,PSD,1090,ESCOLA TÉCNICA ESTADUAL HENRIQUE LAGE,RUA GUIMARÃES JUNIOR 182
2024,144,211,1,9,PSD,1597,ESCOLA ESTADUAL HILARIO RIBEIRO,ALAMEDA SAO BOAVENTURA 794
2024,144,212,1,2,PSD,1597,ESCOLA ESTADUAL HILARIO RIBEIRO,ALAMEDA SAO BOAVENTURA 794
2024,144,213,1,14,PSD,1597,ESCOLA ESTADUAL HILARIO RIBEIRO,ALAMEDA SAO BOAVENTURA 794
2024,144,214,1,14,PSD,1597,ESCOLA ESTADUAL HILARIO RIBEIRO,ALAMEDA SAO BOAVENTURA 794
2024,144,215,1,7,PSD,1554,ESCOLA MUNICIPAL PROFESSOR PAULO FREIRE,RUA SOARES DE MIRANDA 77
2024,144,216,1,8,PSD,1554,ESCOLA MUNICIPAL PROFESSOR PAULO FREIRE,RUA SOARES DE MIRANDA 77
2024,144,217,1,9,PSD,1554,ESCOLA MUNICIPAL PROFESSOR PAULO FREIRE,RUA SOARES DE MIRANDA 77
2024,144,218,1,11,PSD,1554,ESCOLA MUNICIPAL PROFESSOR PAULO FREIRE,RUA SOARES DE MIRANDA 77
2024,144,219,1,13,PSD,1554,ESCOLA MUNICIPAL PROFESSOR PAULO FREIRE,RUA SOARES DE MIRANDA 77
2024,144,22,1,5,PSD,1090,ESCOLA TÉCNICA ESTADUAL HENRIQUE LAGE,RUA GUIMARÃES JUNIOR 182
2024,144,220,1,10,PSD,1554,ESCOLA MUNICIPAL PROFESSOR PAULO FREIRE,RUA SOARES DE MIRANDA 77
2024,144,221,1,12,PSD,1554,ESCOLA MUNICIPAL PROFESSOR PAULO FREIRE,RUA SOARES DE MIRANDA 77
2024,144,222,1,6,PSD,1554,ESCOLA MUNICIPAL PROFESSOR PAULO FREIRE,RUA SOARES DE MIRANDA 77
2024,144,223,1,15,PSD,1554,ESCOLA MUNICIPAL PROFESSOR PAULO FREIRE,RUA SOARES DE MIRANDA 77
2024,144,224,1,12,PSD,1554,ESCOLA MUNICIPAL PROFESSOR PAULO FREIRE,RUA SOARES DE MIRANDA 77
2024,144,225,1,12,PSD,1554,ESCOLA MUNICIPAL PROFESSOR PAULO FREIRE,RUA SOARES DE MIRANDA 77
2024,144,226,1,11,PSD,1554,ESCOLA MUNICIPAL PROFESSOR PAULO FREIRE,RUA SOARES DE MIRANDA 77
2024,144,227,1,4,PSD,1554,ESCOLA MUNICIPAL PROFESSOR PAULO FREIRE,RUA SOARES DE MIRANDA 77
2024,144,228,1,8,PSD,1554,ESCOLA MUNICIPAL PROFESSOR PAULO FREIRE,RUA SOARES DE MIRANDA 77
2024,144,229,1,10,PSD,1554,ESCOLA MUNICIPAL PROFESSOR PAULO FREIRE,RUA SOARES DE MIRANDA 77
2024,144,23,1,3,PSD,1090,ESCOLA TÉCNICA ESTADUAL HENRIQUE LAGE,RUA GUIMARÃES JUNIOR 182
2024,144,230,1,6,PSD,1562,LBV LEGIÃO DA BOA VONTADE,ALAMEDA SÃO BOAVENTURA 474
2024,144,231,1,13,PSD,1562,LBV LEGIÃO DA BOA VONTADE,ALAMEDA SÃO BOAVENTURA 474
2024,144,232,1,10,PSD,1562,LBV LEGIÃO DA BOA VONTADE,ALAMEDA SÃO BOAVENTURA 474
2024,144,233,1,17,PSD,1562,LBV LEGIÃO DA BOA VONTADE,ALAMEDA SÃO BOAVENTURA 474
2024,144,234,1,14,PSD,1562,LBV LEGIÃO DA BOA VONTADE,ALAMEDA SÃO BOAVENTURA 474
2024,144,235,1,7,PSD,1562,LBV LEGIÃO DA BOA VONTADE,ALAMEDA SÃO BOAVENTURA 474
2024,144,236,1,13,PSD,1570,SECRETARIA DE ESTADO DE AGRICULTURA E ABASTECIMENTO,ALAMEDA SAO BOAVENTURA 770
2024,144,237,1,7,PSD,1570,SECRETARIA DE ESTADO DE AGRICULTURA E ABASTECIMENTO,ALAMEDA SAO BOAVENTURA 770
2024,144,238,1,10,PSD,1570,SECRETARIA DE ESTADO DE AGRICULTURA E ABASTECIMENTO,ALAMEDA SAO BOAVENTURA 770
2024,144,239,1,10,PSD,1570,SECRETARIA DE ESTADO DE AGRICULTURA E ABASTECIMENTO,ALAMEDA SAO BOAVENTURA 770
2024,144,24,1,4,PSD,1090,ESCOLA TÉCNICA ESTADUAL HENRIQUE LAGE,RUA GUIMARÃES JUNIOR 182
2024,144,240,1,7,PSD,1570,SECRETARIA DE ESTADO DE AGRICULTURA E ABASTECIMENTO,ALAMEDA SAO BOAVENTURA 770
2024,144,241,1,15,PSD,1570,SECRETARIA DE ESTADO DE AGRICULTURA E ABASTECIMENTO,ALAMEDA SAO BOAVENTURA 770
2024,144,242,1,8,PSD,1570,SECRETARIA DE ESTADO DE AGRICULTURA E ABASTECIMENTO,ALAMEDA SAO BOAVENTURA 770
2024,144,243,1,14,PSD,1570,SECRETARIA DE ESTADO DE AGRICULTURA E ABASTECIMENTO,ALAMEDA SAO BOAVENTURA 770
2024,144,244,1,3,PSD,1570,SECRETARIA DE ESTADO DE AGRICULTURA E ABASTECIMENTO,ALAMEDA SAO BOAVENTURA 770
2024,144,245,1,6,PSD,1570,SECRETARIA DE ESTADO DE AGRICULTURA E ABASTECIMENTO,ALAMEDA SAO BOAVENTURA 770
2024,144,246,1,8,PSD,1570,SECRETARIA DE ESTADO DE AGRICULTURA E ABASTECIMENTO,ALAMEDA SAO BOAVENTURA 770
2024,144,247,1,2,PSD,1570,SECRETARIA DE ESTADO DE AGRICULTURA E ABASTECIMENTO,ALAMEDA SAO BOAVENTURA 770
2024,144,248,1,8,PSD,1570,SECRETARIA DE ESTADO DE AGRICULTURA E ABASTECIMENTO,ALAMEDA SAO BOAVENTURA 770
2024,144,249,1,8,PSD,1589,COLÉGIO NOSSA SENHORA DAS MERCÊS,ALAMEDA SAO BOAVENTURA 297
2024,144,25,1,6,PSD,1090,ESCOLA TÉCNICA ESTADUAL HENRIQUE LAGE,RUA GUIMARÃES JUNIOR 182
2024,144,250,1,10,PSD,1589,COLÉGIO NOSSA SENHORA DAS MERCÊS,ALAMEDA SAO BOAVENTURA 297
2024,144,251,1,8,PSD,1589,COLÉGIO NOSSA SENHORA DAS MERCÊS,ALAMEDA SAO BOAVENTURA 297
2024,144,252,1,10,PSD,1589,COLÉGIO NOSSA SENHORA DAS MERCÊS,ALAMEDA SAO BOAVENTURA 297
2024,144,253,1,14,PSD,1589,COLÉGIO NOSSA SENHORA DAS MERCÊS,ALAMEDA SAO BOAVENTURA 297
2024,144,254,1,7,PSD,1589,COLÉGIO NOSSA SENHORA DAS MERCÊS,ALAMEDA SAO BOAVENTURA 297
2024,144,255,1,5,PSD,1589,COLÉGIO NOSSA SENHORA DAS MERCÊS,ALAMEDA SAO BOAVENTURA 297
2024,144,256,1,13,PSD,1589,COLÉGIO NOSSA SENHORA DAS MERCÊS,ALAMEDA SAO BOAVENTURA 297
2024,144,257,1,7,PSD,1589,COLÉGIO NOSSA SENHORA DAS MERCÊS,ALAMEDA SAO BOAVENTURA 297
2024,144,258,1,13,PSD,1589,COLÉGIO NOSSA SENHORA DAS MERCÊS,ALAMEDA SAO BOAVENTURA 297
2024,144,259,1,7,PSD,1589,COLÉGIO NOSSA SENHORA DAS MERCÊS,ALAMEDA SAO BOAVENTURA 297
2024,144,26,1,10,PSD,1090,ESCOLA TÉCNICA ESTADUAL HENRIQUE LAGE,RUA GUIMARÃES JUNIOR 182
2024,144,260,1,14,PSD,1589,COLÉGIO NOSSA SENHORA DAS MERCÊS,ALAMEDA SAO BOAVENTURA 297
2024,144,261,1,9,PSD,1589,COLÉGIO NOSSA SENHORA DAS MERCÊS,ALAMEDA SAO BOAVENTURA 297
2024,144,262,1,12,PSD,1597,ESCOLA ESTADUAL HILARIO RIBEIRO,ALAMEDA SAO BOAVENTURA 794
2024,144,263,1,10,PSD,1597,ESCOLA ESTADUAL HILARIO RIBEIRO,ALAMEDA SAO BOAVENTURA 794
2024,144,264,1,13,PSD,1597,ESCOLA ESTADUAL HILARIO RIBEIRO,ALAMEDA SAO BOAVENTURA 794
2024,144,266,1,10,PSD,1597,ESCOLA ESTADUAL HILARIO RIBEIRO,ALAMEDA SAO BOAVENTURA 794
2024,144,268,1,10,PSD,1597,ESCOLA ESTADUAL HILARIO RIBEIRO,ALAMEDA SAO BOAVENTURA 794
2024,144,27,1,7,PSD,1104,ESCOLA MUNICIPAL ALTIVO CESAR,"RUA DR. LUIZ PALMIER, 25"
2024,144,272,1,15,PSD,1597,ESCOLA ESTADUAL HILARIO RIBEIRO,ALAMEDA SAO BOAVENTURA 794
2024,144,273,1,11,PSD,1597,ESCOLA ESTADUAL HILARIO RIBEIRO,ALAMEDA SAO BOAVENTURA 794
2024,144,276,1,9,PSD,1597,ESCOLA ESTADUAL HILARIO RIBEIRO,ALAMEDA SAO BOAVENTURA 794
2024,144,278,1,4,PSD,1600,CIEP 251 - DONA MARIA PORTUGAL,RODOVIA AMARAL PEIXOTO KM 3
2024,144,279,1,9,PSD,1600,CIEP 251 - DONA MARIA PORTUGAL,RODOVIA AMARAL PEIXOTO KM 3
2024,144,28,1,8,PSD,1104,ESCOLA MUNICIPAL ALTIVO CESAR,"RUA DR. LUIZ PALMIER, 25"
2024,144,280,1,16,PSD,1600,CIEP 251 - DONA MARIA PORTUGAL,RODOVIA AMARAL PEIXOTO KM 3
2024,144,281,1,11,PSD,1600,CIEP 251 - DONA MARIA PORTUGAL,RODOVIA AMARAL PEIXOTO KM 3
2024,144,282,1,10,PSD,1600,CIEP 251 - DONA MARIA PORTUGAL,RODOVIA AMARAL PEIXOTO KM 3
2024,144,283,1,12,PSD,1600,CIEP 251 - DONA MARIA PORTUGAL,RODOVIA AMARAL PEIXOTO KM 3
2024,144,284,1,9,PSD,1600,CIEP 251 - DONA MARIA PORTUGAL,RODOVIA AMARAL PEIXOTO KM 3
2024,144,285,1,10,PSD,1554,ESCOLA MUNICIPAL PROFESSOR PAULO FREIRE,RUA SOARES DE MIRANDA 77
2024,144,286,1,25,PSD,1554,ESCOLA MUNICIPAL PROFESSOR PAULO FREIRE,RUA SOARES DE MIRANDA 77
2024,144,287,1,23,PSD,1554,ESCOLA MUNICIPAL PROFESSOR PAULO FREIRE,RUA SOARES DE MIRANDA 77
2024,144,288,1,27,PSD,1554,ESCOLA MUNICIPAL PROFESSOR PAULO FREIRE,RUA SOARES DE MIRANDA 77
2024,144,289,1,32,PSD,1554,ESCOLA MUNICIPAL PROFESSOR PAULO FREIRE,RUA SOARES DE MIRANDA 77
2024,144,29,1,9,PSD,1104,ESCOLA MUNICIPAL ALTIVO CESAR,"RUA DR. LUIZ PALMIER, 25"
2024,144,290,1,35,PSD,1554,ESCOLA MUNICIPAL PROFESSOR PAULO FREIRE,RUA SOARES DE MIRANDA 77
2024,144,291,1,14,PSD,1554,ESCOLA MUNICIPAL PROFESSOR PAULO FREIRE,RUA SOARES DE MIRANDA 77
2024,144,292,1,16,PSD,1627,ESCOLA ESTADUAL DOUTOR JAYME MEMORIA,RUA NORONHA TORREZAO 625
2024,144,293,1,14,PSD,1627,ESCOLA ESTADUAL DOUTOR JAYME MEMORIA,RUA NORONHA TORREZAO 625
2024,144,294,1,12,PSD,1627,ESCOLA ESTADUAL DOUTOR JAYME MEMORIA,RUA NORONHA TORREZAO 625
2024,144,295,1,14,PSD,1627,ESCOLA ESTADUAL DOUTOR JAYME MEMORIA,RUA NORONHA TORREZAO 625
2024,144,296,1,19,PSD,1627,ESCOLA ESTADUAL DOUTOR JAYME MEMORIA,RUA NORONHA TORREZAO 625
2024,144,297,1,13,PSD,1627,ESCOLA ESTADUAL DOUTOR JAYME MEMORIA,RUA NORONHA TORREZAO 625
2024,144,298,1,10,PSD,1627,ESCOLA ESTADUAL DOUTOR JAYME MEMORIA,RUA NORONHA TORREZAO 625
2024,144,299,1,19,PSD,1627,ESCOLA ESTADUAL DOUTOR JAYME MEMORIA,RUA NORONHA TORREZAO 625
2024,144,3,1,11,PSD,1023,PAROQUIA DE SAO JOAO BATISTA,RUA DR. MARCH 666
2024,144,30,1,5,PSD,1104,ESCOLA MUNICIPAL ALTIVO CESAR,"RUA DR. LUIZ PALMIER, 25"
2024,144,300,1,12,PSD,1627,ESCOLA ESTADUAL DOUTOR JAYME MEMORIA,RUA NORONHA TORREZAO 625
2024,144,301,1,16,PSD,1627,ESCOLA ESTADUAL DOUTOR JAYME MEMORIA,RUA NORONHA TORREZAO 625
2024,144,302,1,17,PSD,1627,ESCOLA ESTADUAL DOUTOR JAYME MEMORIA,RUA NORONHA TORREZAO 625
2024,144,303,1,8,PSD,1635,ESCOLA MUNICIPAL DOM JOSÉ PEREIRA ALVES,"RUA TENENTE OSORIO, 73"
2024,144,304,1,7,PSD,1635,ESCOLA MUNICIPAL DOM JOSÉ PEREIRA ALVES,"RUA TENENTE OSORIO, 73"
2024,144,305,1,7,PSD,1635,ESCOLA MUNICIPAL DOM JOSÉ PEREIRA ALVES,"RUA TENENTE OSORIO, 73"
2024,144,306,1,11,PSD,1635,ESCOLA MUNICIPAL DOM JOSÉ PEREIRA ALVES,"RUA TENENTE OSORIO, 73"
2024,144,307,1,15,PSD,1635,ESCOLA MUNICIPAL DOM JOSÉ PEREIRA ALVES,"RUA TENENTE OSORIO, 73"
2024,144,308,1,11,PSD,1635,ESCOLA MUNICIPAL DOM JOSÉ PEREIRA ALVES,"RUA TENENTE OSORIO, 73"
2024,144,309,1,12,PSD,1635,ESCOLA MUNICIPAL DOM JOSÉ PEREIRA ALVES,"RUA TENENTE OSORIO, 73"
2024,144,31,1,6,PSD,1104,ESCOLA MUNICIPAL ALTIVO CESAR,"RUA DR. LUIZ PALMIER, 25"
2024,144,310,1,8,PSD,1635,ESCOLA MUNICIPAL DOM JOSÉ PEREIRA ALVES,"RUA TENENTE OSORIO, 73"
2024,144,311,1,11,PSD,1635,ESCOLA MUNICIPAL DOM JOSÉ PEREIRA ALVES,"RUA TENENTE OSORIO, 73"
2024,144,312,1,13,PSD,1635,ESCOLA MUNICIPAL DOM JOSÉ PEREIRA ALVES,"RUA TENENTE OSORIO, 73"
2024,144,313,1,8,PSD,1635,ESCOLA MUNICIPAL DOM JOSÉ PEREIRA ALVES,"RUA TENENTE OSORIO, 73"
2024,144,314,1,5,PSD,1694,ESPAÇO DO SABER,ALAMEDA SÃO BOAVENTURA 887
2024,144,315,1,5,PSD,1694,ESPAÇO DO SABER,ALAMEDA SÃO BOAVENTURA 887
2024,144,316,1,12,PSD,1694,ESPAÇO DO SABER,ALAMEDA SÃO BOAVENTURA 887
2024,144,317,1,8,PSD,1651,INSTITUTO EDUCACIONAL TAURUS,"ALAMEDA SÃO BOAVENTURA, 15"
2024,144,318,1,10,PSD,1651,INSTITUTO EDUCACIONAL TAURUS,"ALAMEDA SÃO BOAVENTURA, 15"
2024,144,319,1,11,PSD,1651,INSTITUTO EDUCACIONAL TAURUS,"ALAMEDA SÃO BOAVENTURA, 15"
2024,144,32,1,5,PSD,1104,ESCOLA MUNICIPAL ALTIVO CESAR,"RUA DR. LUIZ PALMIER, 25"
2024,144,320,1,4,PSD,1651,INSTITUTO EDUCACIONAL TAURUS,"ALAMEDA SÃO BOAVENTURA, 15"
2024,144,321,1,10,PSD,1651,INSTITUTO EDUCACIONAL TAURUS,"ALAMEDA SÃO BOAVENTURA, 15"
2024,144,322,1,10,PSD,1651,INSTITUTO EDUCACIONAL TAURUS,"ALAMEDA SÃO BOAVENTURA, 15"
2024,144,323,1,13,PSD,1651,INSTITUTO EDUCACIONAL TAURUS,"ALAMEDA SÃO BOAVENTURA, 15"
2024,144,324,1,11,PSD,1651,INSTITUTO EDUCACIONAL TAURUS,"ALAMEDA SÃO BOAVENTURA, 15"
2024,144,325,1,9,PSD,1651,INSTITUTO EDUCACIONAL TAURUS,"ALAMEDA SÃO BOAVENTURA, 15"
2024,144,326,1,9,PSD,1651,INSTITUTO EDUCACIONAL TAURUS,"ALAMEDA SÃO BOAVENTURA, 15"
2024,144,327,1,16,PSD,1651,INSTITUTO EDUCACIONAL TAURUS,"ALAMEDA SÃO BOAVENTURA, 15"
2024,144,328,1,24,PSD,1660,COLÉGIO ESTADUAL CONSELHEIRO JOSINO,"RUA TEIXEIRA DE FREITAS, 421"
2024,144,329,1,27,PSD,1660,COLÉGIO ESTADUAL CONSELHEIRO JOSINO,"RUA TEIXEIRA DE FREITAS, 421"
2024,144,33,1,8,PSD,1104,ESCOLA MUNICIPAL ALTIVO CESAR,"RUA DR. LUIZ PALMIER, 25"
2024,144,330,1,33,PSD,1660,COLÉGIO ESTADUAL CONSELHEIRO JOSINO,"RUA TEIXEIRA DE FREITAS, 421"
2024,144,331,1,22,PSD,1660,COLÉGIO ESTADUAL CONSELHEIRO JOSINO,"RUA TEIXEIRA DE FREITAS, 421"
2024,144,332,1,26,PSD,1660,COLÉGIO ESTADUAL CONSELHEIRO JOSINO,"RUA TEIXEIRA DE FREITAS, 421"
2024,144,333,1,33,PSD,1660,COLÉGIO ESTADUAL CONSELHEIRO JOSINO,"RUA TEIXEIRA DE FREITAS, 421"
2024,144,334,1,22,PSD,1660,COLÉGIO ESTADUAL CONSELHEIRO JOSINO,"RUA TEIXEIRA DE FREITAS, 421"
2024,144,335,1,29,PSD,1660,COLÉGIO ESTADUAL CONSELHEIRO JOSINO,"RUA TEIXEIRA DE FREITAS, 421"
2024,144,336,1,16,PSD,1660,COLÉGIO ESTADUAL CONSELHEIRO JOSINO,"RUA TEIXEIRA DE FREITAS, 421"
2024,144,337,1,20,PSD,1678,ESCOLA MUNICIPAL JACINTA MEDELA,"RUA TENENTE OSORIO, 10"
2024,144,338,1,22,PSD,1678,ESCOLA MUNICIPAL JACINTA MEDELA,"RUA TENENTE OSORIO, 10"
2024,144,339,1,24,PSD,1678,ESCOLA MUNICIPAL JACINTA MEDELA,"RUA TENENTE OSORIO, 10"
2024,144,34,1,13,PSD,1112,ESCOLA MUNICIPAL TIRADENTES,"RUA DR. MARCH, 628"
2024,144,340,1,19,PSD,1678,ESCOLA MUNICIPAL JACINTA MEDELA,"RUA TENENTE OSORIO, 10"
2024,144,341,1,20,PSD,1678,ESCOLA MUNICIPAL JACINTA MEDELA,"RUA TENENTE OSORIO, 10"
2024,144,342,1,9,PSD,1686,COLÉGIO DA POLÍCIA MILITAR,"ALAMEDA SÃO BOAVENTURA, 1134"
2024,144,343,1,9,PSD,1686,COLÉGIO DA POLÍCIA MILITAR,"ALAMEDA SÃO BOAVENTURA, 1134"
2024,144,344,1,11,PSD,1686,COLÉGIO DA POLÍCIA MILITAR,"ALAMEDA SÃO BOAVENTURA, 1134"
2024,144,345,1,5,PSD,1686,COLÉGIO DA POLÍCIA MILITAR,"ALAMEDA SÃO BOAVENTURA, 1134"
2024,144,346,1,7,PSD,1686,COLÉGIO DA POLÍCIA MILITAR,"ALAMEDA SÃO BOAVENTURA, 1134"
2024,144,347,1,6,PSD,1686,COLÉGIO DA POLÍCIA MILITAR,"ALAMEDA SÃO BOAVENTURA, 1134"
2024,144,348,1,12,PSD,1686,COLÉGIO DA POLÍCIA MILITAR,"ALAMEDA SÃO BOAVENTURA, 1134"
2024,144,349,1,14,PSD,1686,COLÉGIO DA POLÍCIA MILITAR,"ALAMEDA SÃO BOAVENTURA, 1134"
2024,144,35,1,16,PSD,1112,ESCOLA MUNICIPAL TIRADENTES,"RUA DR. MARCH, 628"
2024,144,350,1,5,PSD,1686,COLÉGIO DA POLÍCIA MILITAR,"ALAMEDA SÃO BOAVENTURA, 1134"
2024,144,351,1,11,PSD,1627,ESCOLA ESTADUAL DOUTOR JAYME MEMORIA,RUA NORONHA TORREZAO 625
2024,144,353,1,14,PSD,1597,ESCOLA ESTADUAL HILARIO RIBEIRO,ALAMEDA SAO BOAVENTURA 794
2024,144,36,1,13,PSD,1112,ESCOLA MUNICIPAL TIRADENTES,"RUA DR. MARCH, 628"
2024,144,38,1,5,PSD,1201,OFICINAS DO SENAI,RUA GALVAO S/N
2024,144,39,1,7,PSD,1090,ESCOLA TÉCNICA ESTADUAL HENRIQUE LAGE,RUA GUIMARÃES JUNIOR 182
2024,144,4,1,15,PSD,1023,PAROQUIA DE SAO JOAO BATISTA,RUA DR. MARCH 666
2024,144,40,1,5,PSD,1090,ESCOLA TÉCNICA ESTADUAL HENRIQUE LAGE,RUA GUIMARÃES JUNIOR 182
2024,144,41,1,2,PSD,1090,ESCOLA TÉCNICA ESTADUAL HENRIQUE LAGE,RUA GUIMARÃES JUNIOR 182
2024,144,42,1,3,PSD,1090,ESCOLA TÉCNICA ESTADUAL HENRIQUE LAGE,RUA GUIMARÃES JUNIOR 182
2024,144,43,1,1,PSD,1090,ESCOLA TÉCNICA ESTADUAL HENRIQUE LAGE,RUA GUIMARÃES JUNIOR 182
2024,144,44,1,7,PSD,1163,COLÉGIO ESTADUAL CONSELHEIRO MACEDO SOARES,RUA DR. MARCH 392
2024,144,45,1,6,PSD,1163,COLÉGIO ESTADUAL CONSELHEIRO MACEDO SOARES,RUA DR. MARCH 392
2024,144,46,1,5,PSD,1163,COLÉGIO ESTADUAL CONSELHEIRO MACEDO SOARES,RUA DR. MARCH 392
2024,144,47,1,13,PSD,1163,COLÉGIO ESTADUAL CONSELHEIRO MACEDO SOARES,RUA DR. MARCH 392
2024,144,48,1,4,PSD,1163,COLÉGIO ESTADUAL CONSELHEIRO MACEDO SOARES,RUA DR. MARCH 392
2024,144,49,1,5,PSD,1163,COLÉGIO ESTADUAL CONSELHEIRO MACEDO SOARES,RUA DR. MARCH 392
2024,144,5,1,9,PSD,1031,(PRÉDIO NOVO) COLÉGIO PEDRO II UNIDADE NITERÓI,RUA ASSIS DE VASCONCELOS S/N
2024,144,50,1,2,PSD,1163,COLÉGIO ESTADUAL CONSELHEIRO MACEDO SOARES,RUA DR. MARCH 392
2024,144,51,1,10,PSD,1163,COLÉGIO ESTADUAL CONSELHEIRO MACEDO SOARES,RUA DR. MARCH 392
2024,144,52,1,12,PSD,1171,ESCOLA ESTADUAL MENEZES VIEIRA,RUA GENERAL CASTRIOTO S/N
2024,144,53,1,9,PSD,1171,ESCOLA ESTADUAL MENEZES VIEIRA,RUA GENERAL CASTRIOTO S/N
2024,144,54,1,10,PSD,1171,ESCOLA ESTADUAL MENEZES VIEIRA,RUA GENERAL CASTRIOTO S/N
2024,144,57,1,10,PSD,1104,ESCOLA MUNICIPAL ALTIVO CESAR,"RUA DR. LUIZ PALMIER, 25"
2024,144,58,1,10,PSD,1104,ESCOLA MUNICIPAL ALTIVO CESAR,"RUA DR. LUIZ PALMIER, 25"
2024,144,59,1,8,PSD,1104,ESCOLA MUNICIPAL ALTIVO CESAR,"RUA DR. LUIZ PALMIER, 25"
2024,144,6,1,4,PSD,1031,(PRÉDIO NOVO) COLÉGIO PEDRO II UNIDADE NITERÓI,RUA ASSIS DE VASCONCELOS S/N
2024,144,60,1,8,PSD,1201,OFICINAS DO SENAI,RUA GALVAO S/N
2024,144,62,1,15,PSD,1210,UMEI THEREZINHA KALIL PETRUS (ANTIGO TIO SAM),RUA BENJAMIM CONSTANT 562
2024,144,63,1,14,PSD,1210,UMEI THEREZINHA KALIL PETRUS (ANTIGO TIO SAM),RUA BENJAMIM CONSTANT 562
2024,144,64,1,10,PSD,1210,UMEI THEREZINHA KALIL PETRUS (ANTIGO TIO SAM),RUA BENJAMIM CONSTANT 562
2024,144,65,1,12,PSD,1210,UMEI THEREZINHA KALIL PETRUS (ANTIGO TIO SAM),RUA BENJAMIM CONSTANT 562
2024,144,67,1,13,PSD,1236,COLÉGIO ESTADUAL MULLULO DA VEIGA,RUA CORONEL GUIMARÃES 505
2024,144,68,1,14,PSD,1236,COLÉGIO ESTADUAL MULLULO DA VEIGA,RUA CORONEL GUIMARÃES 505
2024,144,69,1,8,PSD,1236,COLÉGIO ESTADUAL MULLULO DA VEIGA,RUA CORONEL GUIMARÃES 505
2024,144,7,1,1,PSD,1031,(PRÉDIO NOVO) COLÉGIO PEDRO II UNIDADE NITERÓI,RUA ASSIS DE VASCONCELOS S/N
2024,144,70,1,12,PSD,1236,COLÉGIO ESTADUAL MULLULO DA VEIGA,RUA CORONEL GUIMARÃES 505
2024,144,71,1,15,PSD,1236,COLÉGIO ESTADUAL MULLULO DA VEIGA,RUA CORONEL GUIMARÃES 505
2024,144,72,1,8,PSD,1236,COLÉGIO ESTADUAL MULLULO DA VEIGA,RUA CORONEL GUIMARÃES 505
2024,144,73,1,10,PSD,1236,COLÉGIO ESTADUAL MULLULO DA VEIGA,RUA CORONEL GUIMARÃES 505
2024,144,74,1,10,PSD,1236,COLÉGIO ESTADUAL MULLULO DA VEIGA,RUA CORONEL GUIMARÃES 505
2024,144,75,1,12,PSD,1406,COLÉGIO NITERÓI,"RUA  VEREADOR JOSÉ VICENTE SOBRINHO, 269"
2024,144,76,1,15,PSD,1406,COLÉGIO NITERÓI,"RUA  VEREADOR JOSÉ VICENTE SOBRINHO, 269"
2024,144,77,1,18,PSD,1406,COLÉGIO NITERÓI,"RUA  VEREADOR JOSÉ VICENTE SOBRINHO, 269"
2024,144,78,1,7,PSD,1406,COLÉGIO NITERÓI,"RUA  VEREADOR JOSÉ VICENTE SOBRINHO, 269"
2024,144,79,1,8,PSD,1406,COLÉGIO NITERÓI,"RUA  VEREADOR JOSÉ VICENTE SOBRINHO, 269"
2024,144,8,1,4,PSD,1031,(PRÉDIO NOVO) COLÉGIO PEDRO II UNIDADE NITERÓI,RUA ASSIS DE VASCONCELOS S/N
2024,144,80,1,11,PSD,1406,COLÉGIO NITERÓI,"RUA  VEREADOR JOSÉ VICENTE SOBRINHO, 269"
2024,144,81,1,9,PSD,1031,(PRÉDIO NOVO) COLÉGIO PEDRO II UNIDADE NITERÓI,RUA ASSIS DE VASCONCELOS S/N
2024,144,82,1,10,PSD,1031,(PRÉDIO NOVO) COLÉGIO PEDRO II UNIDADE NITERÓI,RUA ASSIS DE VASCONCELOS S/N
2024,144,83,1,5,PSD,1252,ESCOLA MUNICIPAL ADELINO MAGALHÃES,"RUA DR. NELSON PENA, 17"
2024,144,84,1,4,PSD,1252,ESCOLA MUNICIPAL ADELINO MAGALHÃES,"RUA DR. NELSON PENA, 17"
2024,144,85,1,8,PSD,1252,ESCOLA MUNICIPAL ADELINO MAGALHÃES,"RUA DR. NELSON PENA, 17"
2024,144,86,1,6,PSD,1252,ESCOLA MUNICIPAL ADELINO MAGALHÃES,"RUA DR. NELSON PENA, 17"
2024,144,87,1,8,PSD,1252,ESCOLA MUNICIPAL ADELINO MAGALHÃES,"RUA DR. NELSON PENA, 17"
2024,144,88,1,10,PSD,1317,IGREJA BATISTA BETEL DE NITERÓI,RUA DANIEL TORRES 72
2024,144,89,1,10,PSD,1317,IGREJA BATISTA BETEL DE NITERÓI,RUA DANIEL TORRES 72
2024,144,9,1,8,PSD,1031,(PRÉDIO NOVO) COLÉGIO PEDRO II UNIDADE NITERÓI,RUA ASSIS DE VASCONCELOS S/N
2024,144,90,1,11,PSD,1317,IGREJA BATISTA BETEL DE NITERÓI,RUA DANIEL TORRES 72
2024,144,91,1,10,PSD,1252,ESCOLA MUNICIPAL ADELINO MAGALHÃES,"RUA DR. NELSON PENA, 17"
2024,144,92,1,7,PSD,1252,ESCOLA MUNICIPAL ADELINO MAGALHÃES,"RUA DR. NELSON PENA, 17"
2024,144,93,1,6,PSD,1252,ESCOLA MUNICIPAL ADELINO MAGALHÃES,"RUA DR. NELSON PENA, 17"
2024,144,94,1,6,PSD,1031,(PRÉDIO NOVO) COLÉGIO PEDRO II UNIDADE NITERÓI,RUA ASSIS DE VASCONCELOS S/N
2024,144,95,1,9,PSD,1236,COLÉGIO ESTADUAL MULLULO DA VEIGA,RUA CORONEL GUIMARÃES 505
2024,144,96,1,13,PSD,1031,(PRÉDIO NOVO) COLÉGIO PEDRO II UNIDADE NITERÓI,RUA ASSIS DE VASCONCELOS S/N
2024,144,97,1,6,PSD,1031,(PRÉDIO NOVO) COLÉGIO PEDRO II UNIDADE NITERÓI,RUA ASSIS DE VASCONCELOS S/N
2024,144,98,1,6,PSD,1031,(PRÉDIO NOVO) COLÉGIO PEDRO II UNIDADE NITERÓI,RUA ASSIS DE VASCONCELOS S/N
2024,144,99,1,6,PSD,1031,(PRÉDIO NOVO) COLÉGIO PEDRO II UNIDADE NITERÓI,RUA ASSIS DE VASCONCELOS S/N
2024,199,1,1,11,PSD,1015,COUNTRY CLUB DE NITEROI,RUA CHILE 135
2024,199,10,1,12,PSD,1031,ESCOLA MUNICIPAL HONORINA DE CARVALHO,RUA PROF. JOSE PECANHA S/N
2024,199,100,1,11,PSD,1155,COLÉGIO ITAPUCA,"AV. ERNANI DE FARIAS ALVES, N 124 TREVO DE PIRATININGA"
2024,199,101,1,27,PSD,1112,COLÉGIO SALESIANO REGIÃO OCEÂNICA,"RUA DOUTOR CORNÉLIO DE MELLO JÚNIOR, 117"
2024,199,102,1,13,PSD,1198,CIEP 448 RUY FRAZÃO SOARES,ESTRADA DO ENGENHO DO MATO S/N - PRACA
2024,199,103,1,7,PSD,1023,ESCOLA MUNICIPAL FELISBERTO DE CARVALHO,ESTRADA CAETANO MONTEIRO 896
2024,199,104,1,10,PSD,1155,COLÉGIO ITAPUCA,"AV. ERNANI DE FARIAS ALVES, N 124 TREVO DE PIRATININGA"
2024,199,105,1,9,PSD,1244,COLÉGIO LAPLACE,"RUA MANOEL PACHECO DE CARVALHO, N 80"
2024,199,106,1,4,PSD,1082,UMEI DR PAULO CESAR DE ALMEIDA PIMENTEL,RUA ANTONIO LUIZ SAIÃO CAMPO BELO
2024,199,107,1,16,PSD,1198,CIEP 448 RUY FRAZÃO SOARES,ESTRADA DO ENGENHO DO MATO S/N - PRACA
2024,199,108,1,2,PSD,1406,CANADIAN SCHOOL OF NITERÓI - EXPANSÃO ITACOATIARA,"RUA ANTONIO NASCIMENTO COTTAS, QD 16, LT 7,R.N 122"
2024,199,109,1,13,PSD,1074,COLÉGIO CURSO ZEROHUM ( ANT GAUSS),"AV. FREI FABIANO, 155 - ITAIPU"
2024,199,11,1,8,PSD,1031,ESCOLA MUNICIPAL HONORINA DE CARVALHO,RUA PROF. JOSE PECANHA S/N
2024,199,110,1,15,PSD,1155,COLÉGIO ITAPUCA,"AV. ERNANI DE FARIAS ALVES, N 124 TREVO DE PIRATININGA"
2024,199,111,1,25,PSD,1112,COLÉGIO SALESIANO REGIÃO OCEÂNICA,"RUA DOUTOR CORNÉLIO DE MELLO JÚNIOR, 117"
2024,199,113,1,8,PSD,1031,ESCOLA MUNICIPAL HONORINA DE CARVALHO,RUA PROF. JOSE PECANHA S/N
2024,199,114,1,13,PSD,1198,CIEP 448 RUY FRAZÃO SOARES,ESTRADA DO ENGENHO DO MATO S/N - PRACA
2024,199,115,1,7,PSD,1244,COLÉGIO LAPLACE,"RUA MANOEL PACHECO DE CARVALHO, N 80"
2024,199,116,1,10,PSD,1090,COLÉGIO ESTADUAL PROFESSORA ALCINA RODRIGUES LIMA,"ESTRADA FRANCISCO DA CRUZ NUNES, S/N"
2024,199,117,1,7,PSD,1155,COLÉGIO ITAPUCA,"AV. ERNANI DE FARIAS ALVES, N 124 TREVO DE PIRATININGA"
2024,199,118,1,18,PSD,1112,COLÉGIO SALESIANO REGIÃO OCEÂNICA,"RUA DOUTOR CORNÉLIO DE MELLO JÚNIOR, 117"
2024,199,119,1,12,PSD,1066,COLÉGIO CENECISTA JULIO CESAR SOUZA BALTHAREJO,"ESTRADA FRANCISCO DA CRUZ NUNES , 7245 - ITAIPU"
2024,199,12,1,8,PSD,1031,ESCOLA MUNICIPAL HONORINA DE CARVALHO,RUA PROF. JOSE PECANHA S/N
2024,199,120,1,7,PSD,1015,COUNTRY CLUB DE NITEROI,RUA CHILE 135
2024,199,121,1,15,PSD,1198,CIEP 448 RUY FRAZÃO SOARES,ESTRADA DO ENGENHO DO MATO S/N - PRACA
2024,199,123,1,18,PSD,1139,ESCOLA MUNICIPAL FRANCISCO PORTUGAL NEVES,"RUA MANOEL PACHECO DE CARVALHO, N 14 TREVO DE PIRATININGA"
2024,199,124,1,10,PSD,1406,CANADIAN SCHOOL OF NITERÓI - EXPANSÃO ITACOATIARA,"RUA ANTONIO NASCIMENTO COTTAS, QD 16, LT 7,R.N 122"
2024,199,125,1,13,PSD,1031,ESCOLA MUNICIPAL HONORINA DE CARVALHO,RUA PROF. JOSE PECANHA S/N
2024,199,126,1,18,PSD,1198,CIEP 448 RUY FRAZÃO SOARES,ESTRADA DO ENGENHO DO MATO S/N - PRACA
2024,199,127,1,9,PSD,1090,COLÉGIO ESTADUAL PROFESSORA ALCINA RODRIGUES LIMA,"ESTRADA FRANCISCO DA CRUZ NUNES, S/N"
2024,199,129,1,15,PSD,1155,COLÉGIO ITAPUCA,"AV. ERNANI DE FARIAS ALVES, N 124 TREVO DE PIRATININGA"
2024,199,13,1,11,PSD,1031,ESCOLA MUNICIPAL HONORINA DE CARVALHO,RUA PROF. JOSE PECANHA S/N
2024,199,130,1,14,PSD,1198,CIEP 448 RUY FRAZÃO SOARES,ESTRADA DO ENGENHO DO MATO S/N - PRACA
2024,199,132,1,8,PSD,1155,COLÉGIO ITAPUCA,"AV. ERNANI DE FARIAS ALVES, N 124 TREVO DE PIRATININGA"
2024,199,133,1,16,PSD,1198,CIEP 448 RUY FRAZÃO SOARES,ESTRADA DO ENGENHO DO MATO S/N - PRACA
2024,199,134,1,12,PSD,1244,COLÉGIO LAPLACE,"RUA MANOEL PACHECO DE CARVALHO, N 80"
2024,199,135,1,13,PSD,1090,COLÉGIO ESTADUAL PROFESSORA ALCINA RODRIGUES LIMA,"ESTRADA FRANCISCO DA CRUZ NUNES, S/N"
2024,199,136,1,7,PSD,1244,COLÉGIO LAPLACE,"RUA MANOEL PACHECO DE CARVALHO, N 80"
2024,199,138,1,24,PSD,1112,COLÉGIO SALESIANO REGIÃO OCEÂNICA,"RUA DOUTOR CORNÉLIO DE MELLO JÚNIOR, 117"
2024,199,139,1,15,PSD,1198,CIEP 448 RUY FRAZÃO SOARES,ESTRADA DO ENGENHO DO MATO S/N - PRACA
2024,199,140,1,7,PSD,1074,COLÉGIO CURSO ZEROHUM ( ANT GAUSS),"AV. FREI FABIANO, 155 - ITAIPU"
2024,199,141,1,9,PSD,1406,CANADIAN SCHOOL OF NITERÓI - EXPANSÃO ITACOATIARA,"RUA ANTONIO NASCIMENTO COTTAS, QD 16, LT 7,R.N 122"
2024,199,142,1,12,PSD,1317,COLÉGIO PAULO FREIRE,"AVENIDA IRENE LOPES SODRÉ, N22"
2024,199,143,1,10,PSD,1155,COLÉGIO ITAPUCA,"AV. ERNANI DE FARIAS ALVES, N 124 TREVO DE PIRATININGA"
2024,199,144,1,20,PSD,1139,ESCOLA MUNICIPAL FRANCISCO PORTUGAL NEVES,"RUA MANOEL PACHECO DE CARVALHO, N 14 TREVO DE PIRATININGA"
2024,199,145,1,18,PSD,1090,COLÉGIO ESTADUAL PROFESSORA ALCINA RODRIGUES LIMA,"ESTRADA FRANCISCO DA CRUZ NUNES, S/N"
2024,199,147,1,25,PSD,1112,COLÉGIO SALESIANO REGIÃO OCEÂNICA,"RUA DOUTOR CORNÉLIO DE MELLO JÚNIOR, 117"
2024,199,148,1,16,PSD,1031,ESCOLA MUNICIPAL HONORINA DE CARVALHO,RUA PROF. JOSE PECANHA S/N
2024,199,149,1,15,PSD,1198,CIEP 448 RUY FRAZÃO SOARES,ESTRADA DO ENGENHO DO MATO S/N - PRACA
2024,199,150,1,8,PSD,1066,COLÉGIO CENECISTA JULIO CESAR SOUZA BALTHAREJO,"ESTRADA FRANCISCO DA CRUZ NUNES , 7245 - ITAIPU"
2024,199,151,1,9,PSD,1090,COLÉGIO ESTADUAL PROFESSORA ALCINA RODRIGUES LIMA,"ESTRADA FRANCISCO DA CRUZ NUNES, S/N"
2024,199,152,1,13,PSD,1260,COLÉGIO PLUZ,"RUA NICARÁGUA, 20"
2024,199,153,1,11,PSD,1252,CIEP 307 DJANIRA,AV. EWERTON XAVIER S/N - PRACA
2024,199,154,1,9,PSD,1341,COLÉGIO OBJETIVO CAMBOINHAS,"RUA PROFESSOR ÁLVARO CAETANO, 908"
2024,199,155,1,17,PSD,1112,COLÉGIO SALESIANO REGIÃO OCEÂNICA,"RUA DOUTOR CORNÉLIO DE MELLO JÚNIOR, 117"
2024,199,156,1,13,PSD,1155,COLÉGIO ITAPUCA,"AV. ERNANI DE FARIAS ALVES, N 124 TREVO DE PIRATININGA"
2024,199,157,1,12,PSD,1015,COUNTRY CLUB DE NITEROI,RUA CHILE 135
2024,199,158,1,20,PSD,1287,ESCOLA MUNICIPAL PROF MARCOS WALDEMAR DE FREITAS REIS,"RUA ANTONIO LUIZ SAIÃO, S/N ITAIPU"
2024,199,160,1,17,PSD,1120,COLÉGIO ESTADUAL ALMIRANTE TAMANDARÉ,AV. ACURCIO TORRES S/N
2024,199,161,1,7,PSD,1260,COLÉGIO PLUZ,"RUA NICARÁGUA, 20"
2024,199,162,1,13,PSD,1198,CIEP 448 RUY FRAZÃO SOARES,ESTRADA DO ENGENHO DO MATO S/N - PRACA
2024,199,163,1,13,PSD,1260,COLÉGIO PLUZ,"RUA NICARÁGUA, 20"
2024,199,165,1,14,PSD,1090,COLÉGIO ESTADUAL PROFESSORA ALCINA RODRIGUES LIMA,"ESTRADA FRANCISCO DA CRUZ NUNES, S/N"
2024,199,166,1,9,PSD,1031,ESCOLA MUNICIPAL HONORINA DE CARVALHO,RUA PROF. JOSE PECANHA S/N
2024,199,167,1,12,PSD,1112,COLÉGIO SALESIANO REGIÃO OCEÂNICA,"RUA DOUTOR CORNÉLIO DE MELLO JÚNIOR, 117"
2024,199,168,1,21,PSD,1139,ESCOLA MUNICIPAL FRANCISCO PORTUGAL NEVES,"RUA MANOEL PACHECO DE CARVALHO, N 14 TREVO DE PIRATININGA"
2024,199,169,1,6,PSD,1317,COLÉGIO PAULO FREIRE,"AVENIDA IRENE LOPES SODRÉ, N22"
2024,199,170,1,10,PSD,1341,COLÉGIO OBJETIVO CAMBOINHAS,"RUA PROFESSOR ÁLVARO CAETANO, 908"
2024,199,171,1,11,PSD,1260,COLÉGIO PLUZ,"RUA NICARÁGUA, 20"
2024,199,173,1,10,PSD,1112,COLÉGIO SALESIANO REGIÃO OCEÂNICA,"RUA DOUTOR CORNÉLIO DE MELLO JÚNIOR, 117"
2024,199,174,1,25,PSD,1287,ESCOLA MUNICIPAL PROF MARCOS WALDEMAR DE FREITAS REIS,"RUA ANTONIO LUIZ SAIÃO, S/N ITAIPU"
2024,199,175,1,17,PSD,1066,COLÉGIO CENECISTA JULIO CESAR SOUZA BALTHAREJO,"ESTRADA FRANCISCO DA CRUZ NUNES , 7245 - ITAIPU"
2024,199,176,1,16,PSD,1260,COLÉGIO PLUZ,"RUA NICARÁGUA, 20"
2024,199,177,1,16,PSD,1295,UMEI PROFA ODETE ROSA DA MOTA,ESTRADA FRANCISCO DA CRUZ NUNES S/N (PRÓXIMO AO CORPO DE BOMBEIROS)
2024,199,178,1,11,PSD,1155,COLÉGIO ITAPUCA,"AV. ERNANI DE FARIAS ALVES, N 124 TREVO DE PIRATININGA"
2024,199,179,1,10,PSD,1341,COLÉGIO OBJETIVO CAMBOINHAS,"RUA PROFESSOR ÁLVARO CAETANO, 908"
2024,199,180,1,20,PSD,1198,CIEP 448 RUY FRAZÃO SOARES,ESTRADA DO ENGENHO DO MATO S/N - PRACA
2024,199,181,1,6,PSD,1015,COUNTRY CLUB DE NITEROI,RUA CHILE 135
2024,199,182,1,11,PSD,1112,COLÉGIO SALESIANO REGIÃO OCEÂNICA,"RUA DOUTOR CORNÉLIO DE MELLO JÚNIOR, 117"
2024,199,183,1,12,PSD,1473,COLÉGIO COLABORE,"ESTRADA MARINO NUNES VIEIRA, 340"
2024,199,184,1,11,PSD,1260,COLÉGIO PLUZ,"RUA NICARÁGUA, 20"
2024,199,185,1,8,PSD,1155,COLÉGIO ITAPUCA,"AV. ERNANI DE FARIAS ALVES, N 124 TREVO DE PIRATININGA"
2024,199,186,1,11,PSD,1031,ESCOLA MUNICIPAL HONORINA DE CARVALHO,RUA PROF. JOSE PECANHA S/N
2024,199,187,1,18,PSD,1104,CURSO CNA- PIRATININGA,RUA ERNANI DE FARIAS ALVES 152
2024,199,188,1,9,PSD,1260,COLÉGIO PLUZ,"RUA NICARÁGUA, 20"
2024,199,189,1,13,PSD,1120,COLÉGIO ESTADUAL ALMIRANTE TAMANDARÉ,AV. ACURCIO TORRES S/N
2024,199,190,1,8,PSD,1341,COLÉGIO OBJETIVO CAMBOINHAS,"RUA PROFESSOR ÁLVARO CAETANO, 908"
2024,199,191,1,17,PSD,1295,UMEI PROFA ODETE ROSA DA MOTA,ESTRADA FRANCISCO DA CRUZ NUNES S/N (PRÓXIMO AO CORPO DE BOMBEIROS)
2024,199,192,1,5,PSD,1155,COLÉGIO ITAPUCA,"AV. ERNANI DE FARIAS ALVES, N 124 TREVO DE PIRATININGA"
2024,199,193,1,9,PSD,1260,COLÉGIO PLUZ,"RUA NICARÁGUA, 20"
2024,199,194,1,15,PSD,1295,UMEI PROFA ODETE ROSA DA MOTA,ESTRADA FRANCISCO DA CRUZ NUNES S/N (PRÓXIMO AO CORPO DE BOMBEIROS)
2024,199,195,1,22,PSD,1074,COLÉGIO CURSO ZEROHUM ( ANT GAUSS),"AV. FREI FABIANO, 155 - ITAIPU"
2024,199,196,1,11,PSD,1015,COUNTRY CLUB DE NITEROI,RUA CHILE 135
2024,199,197,1,16,PSD,1295,UMEI PROFA ODETE ROSA DA MOTA,ESTRADA FRANCISCO DA CRUZ NUNES S/N (PRÓXIMO AO CORPO DE BOMBEIROS)
2024,199,198,1,11,PSD,1104,CURSO CNA- PIRATININGA,RUA ERNANI DE FARIAS ALVES 152
2024,199,199,1,12,PSD,1244,COLÉGIO LAPLACE,"RUA MANOEL PACHECO DE CARVALHO, N 80"
2024,199,2,1,14,PSD,1015,COUNTRY CLUB DE NITEROI,RUA CHILE 135
2024,199,200,1,7,PSD,1341,COLÉGIO OBJETIVO CAMBOINHAS,"RUA PROFESSOR ÁLVARO CAETANO, 908"
2024,199,201,1,9,PSD,1473,COLÉGIO COLABORE,"ESTRADA MARINO NUNES VIEIRA, 340"
2024,199,202,1,21,PSD,1317,COLÉGIO PAULO FREIRE,"AVENIDA IRENE LOPES SODRÉ, N22"
2024,199,203,1,10,PSD,1287,ESCOLA MUNICIPAL PROF MARCOS WALDEMAR DE FREITAS REIS,"RUA ANTONIO LUIZ SAIÃO, S/N ITAIPU"
2024,199,204,1,15,PSD,1260,COLÉGIO PLUZ,"RUA NICARÁGUA, 20"
2024,199,205,1,17,PSD,1295,UMEI PROFA ODETE ROSA DA MOTA,ESTRADA FRANCISCO DA CRUZ NUNES S/N (PRÓXIMO AO CORPO DE BOMBEIROS)
2024,199,206,1,15,PSD,1325,ESCOLA MUNICIPAL SÍTIO DO IPÊ,RUA PROF. JOSÉ PEÇANHA
2024,199,207,1,14,PSD,1104,CURSO CNA- PIRATININGA,RUA ERNANI DE FARIAS ALVES 152
2024,199,208,1,14,PSD,1260,COLÉGIO PLUZ,"RUA NICARÁGUA, 20"
2024,199,209,1,9,PSD,1317,COLÉGIO PAULO FREIRE,"AVENIDA IRENE LOPES SODRÉ, N22"
2024,199,21,1,21,PSD,1066,COLÉGIO CENECISTA JULIO CESAR SOUZA BALTHAREJO,"ESTRADA FRANCISCO DA CRUZ NUNES , 7245 - ITAIPU"
2024,199,210,1,13,PSD,1295,UMEI PROFA ODETE ROSA DA MOTA,ESTRADA FRANCISCO DA CRUZ NUNES S/N (PRÓXIMO AO CORPO DE BOMBEIROS)
2024,199,211,1,6,PSD,1104,CURSO CNA- PIRATININGA,RUA ERNANI DE FARIAS ALVES 152
2024,199,212,1,11,PSD,1317,COLÉGIO PAULO FREIRE,"AVENIDA IRENE LOPES SODRÉ, N22"
2024,199,213,1,12,PSD,1325,ESCOLA MUNICIPAL SÍTIO DO IPÊ,RUA PROF. JOSÉ PEÇANHA
2024,199,214,1,16,PSD,1465,COLÉGIO CURSO PENSI - ITAIPU,"RUA JORNALISTA NEWTON BRAGA MELO, QD 1, LT 3,4 E 5"
2024,199,215,1,9,PSD,1350,ESCOLA MUNICIPAL MARALEGRE,"RUA DR. WALDIR COSTA, LOTES 10 E 11"
2024,199,216,1,8,PSD,1287,ESCOLA MUNICIPAL PROF MARCOS WALDEMAR DE FREITAS REIS,"RUA ANTONIO LUIZ SAIÃO, S/N ITAIPU"
2024,199,217,1,9,PSD,1341,COLÉGIO OBJETIVO CAMBOINHAS,"RUA PROFESSOR ÁLVARO CAETANO, 908"
2024,199,218,1,11,PSD,1368,UMEI PROFESSORA NINA RITA TORRES,"AVENIDA DOUTOR ACÚRCIO TORRES, 691"
2024,199,219,1,8,PSD,1317,COLÉGIO PAULO FREIRE,"AVENIDA IRENE LOPES SODRÉ, N22"
2024,199,22,1,17,PSD,1066,COLÉGIO CENECISTA JULIO CESAR SOUZA BALTHAREJO,"ESTRADA FRANCISCO DA CRUZ NUNES , 7245 - ITAIPU"
2024,199,220,1,9,PSD,1163,ANDEF (EX FAETEC),ESTRADA VELHA DE MARICA 4830
2024,199,221,1,21,PSD,1325,ESCOLA MUNICIPAL SÍTIO DO IPÊ,RUA PROF. JOSÉ PEÇANHA
2024,199,222,1,8,PSD,1473,COLÉGIO COLABORE,"ESTRADA MARINO NUNES VIEIRA, 340"
2024,199,223,1,18,PSD,1350,ESCOLA MUNICIPAL MARALEGRE,"RUA DR. WALDIR COSTA, LOTES 10 E 11"
2024,199,224,1,2,PSD,1368,UMEI PROFESSORA NINA RITA TORRES,"AVENIDA DOUTOR ACÚRCIO TORRES, 691"
2024,199,225,1,14,PSD,1465,COLÉGIO CURSO PENSI - ITAIPU,"RUA JORNALISTA NEWTON BRAGA MELO, QD 1, LT 3,4 E 5"
2024,199,226,1,10,PSD,1295,UMEI PROFA ODETE ROSA DA MOTA,ESTRADA FRANCISCO DA CRUZ NUNES S/N (PRÓXIMO AO CORPO DE BOMBEIROS)
2024,199,227,1,7,PSD,1112,COLÉGIO SALESIANO REGIÃO OCEÂNICA,"RUA DOUTOR CORNÉLIO DE MELLO JÚNIOR, 117"
2024,199,228,1,16,PSD,1317,COLÉGIO PAULO FREIRE,"AVENIDA IRENE LOPES SODRÉ, N22"
2024,199,229,1,12,PSD,1317,COLÉGIO PAULO FREIRE,"AVENIDA IRENE LOPES SODRÉ, N22"
2024,199,23,1,17,PSD,1066,COLÉGIO CENECISTA JULIO CESAR SOUZA BALTHAREJO,"ESTRADA FRANCISCO DA CRUZ NUNES , 7245 - ITAIPU"
2024,199,230,1,15,PSD,1104,CURSO CNA- PIRATININGA,RUA ERNANI DE FARIAS ALVES 152
2024,199,231,1,16,PSD,1112,COLÉGIO SALESIANO REGIÃO OCEÂNICA,"RUA DOUTOR CORNÉLIO DE MELLO JÚNIOR, 117"
2024,199,232,1,17,PSD,1392,CULTURA INGLESA EM ITAIPU,"ESTRADA FRANCISCO DA CRUZ NUNES, N 6956"
2024,199,233,1,12,PSD,1260,COLÉGIO PLUZ,"RUA NICARÁGUA, 20"
2024,199,234,1,15,PSD,1325,ESCOLA MUNICIPAL SÍTIO DO IPÊ,RUA PROF. JOSÉ PEÇANHA
2024,199,235,1,24,PSD,1392,CULTURA INGLESA EM ITAIPU,"ESTRADA FRANCISCO DA CRUZ NUNES, N 6956"
2024,199,236,1,19,PSD,1384,UMEI OLGA BENÁRIO PRESTES,"PRAÇA IRENE DE MATOS, S/N"
2024,199,237,1,11,PSD,1392,CULTURA INGLESA EM ITAIPU,"ESTRADA FRANCISCO DA CRUZ NUNES, N 6956"
2024,199,238,1,12,PSD,1368,UMEI PROFESSORA NINA RITA TORRES,"AVENIDA DOUTOR ACÚRCIO TORRES, 691"
2024,199,239,1,9,PSD,1392,CULTURA INGLESA EM ITAIPU,"ESTRADA FRANCISCO DA CRUZ NUNES, N 6956"
2024,199,24,1,14,PSD,1066,COLÉGIO CENECISTA JULIO CESAR SOUZA BALTHAREJO,"ESTRADA FRANCISCO DA CRUZ NUNES , 7245 - ITAIPU"
2024,199,240,1,16,PSD,1392,CULTURA INGLESA EM ITAIPU,"ESTRADA FRANCISCO DA CRUZ NUNES, N 6956"
2024,199,241,1,19,PSD,1260,COLÉGIO PLUZ,"RUA NICARÁGUA, 20"
2024,199,242,1,13,PSD,1350,ESCOLA MUNICIPAL MARALEGRE,"RUA DR. WALDIR COSTA, LOTES 10 E 11"
2024,199,243,1,11,PSD,1465,COLÉGIO CURSO PENSI - ITAIPU,"RUA JORNALISTA NEWTON BRAGA MELO, QD 1, LT 3,4 E 5"
2024,199,244,1,17,PSD,1317,COLÉGIO PAULO FREIRE,"AVENIDA IRENE LOPES SODRÉ, N22"
2024,199,245,1,16,PSD,1392,CULTURA INGLESA EM ITAIPU,"ESTRADA FRANCISCO DA CRUZ NUNES, N 6956"
2024,199,246,1,9,PSD,1104,CURSO CNA- PIRATININGA,RUA ERNANI DE FARIAS ALVES 152
2024,199,247,1,19,PSD,1317,COLÉGIO PAULO FREIRE,"AVENIDA IRENE LOPES SODRÉ, N22"
2024,199,248,1,16,PSD,1368,UMEI PROFESSORA NINA RITA TORRES,"AVENIDA DOUTOR ACÚRCIO TORRES, 691"
2024,199,249,1,24,PSD,1260,COLÉGIO PLUZ,"RUA NICARÁGUA, 20"
2024,199,25,1,15,PSD,1074,COLÉGIO CURSO ZEROHUM ( ANT GAUSS),"AV. FREI FABIANO, 155 - ITAIPU"
2024,199,250,1,16,PSD,1350,ESCOLA MUNICIPAL MARALEGRE,"RUA DR. WALDIR COSTA, LOTES 10 E 11"
2024,199,251,1,20,PSD,1384,UMEI OLGA BENÁRIO PRESTES,"PRAÇA IRENE DE MATOS, S/N"
2024,199,252,1,13,PSD,1430,ACANTO ESPAÇO ESCOLA,"RUA ROBERTO PEIXOTO, 38"
2024,199,253,1,17,PSD,1465,COLÉGIO CURSO PENSI - ITAIPU,"RUA JORNALISTA NEWTON BRAGA MELO, QD 1, LT 3,4 E 5"
2024,199,254,1,13,PSD,1422,CANADIAN SCHOOL OF NITERÓI - PIRATININGA,"RUA AMÉRICO ALVES DA COSTA, 363"
2024,199,255,1,9,PSD,1457,COLÉGIO CURSO INTELLECTUS - REGIÃO OCEÂNICA,"ESTRADA FRANCISCO DA CRUZ NUNES , 224 A"
2024,199,256,1,4,PSD,1406,CANADIAN SCHOOL OF NITERÓI - EXPANSÃO ITACOATIARA,"RUA ANTONIO NASCIMENTO COTTAS, QD 16, LT 7,R.N 122"
2024,199,257,1,7,PSD,1457,COLÉGIO CURSO INTELLECTUS - REGIÃO OCEÂNICA,"ESTRADA FRANCISCO DA CRUZ NUNES , 224 A"
2024,199,258,1,10,PSD,1325,ESCOLA MUNICIPAL SÍTIO DO IPÊ,RUA PROF. JOSÉ PEÇANHA
2024,199,259,1,3,PSD,1015,COUNTRY CLUB DE NITEROI,RUA CHILE 135
2024,199,26,1,18,PSD,1074,COLÉGIO CURSO ZEROHUM ( ANT GAUSS),"AV. FREI FABIANO, 155 - ITAIPU"
2024,199,261,1,9,PSD,1465,COLÉGIO CURSO PENSI - ITAIPU,"RUA JORNALISTA NEWTON BRAGA MELO, QD 1, LT 3,4 E 5"
2024,199,27,1,8,PSD,1074,COLÉGIO CURSO ZEROHUM ( ANT GAUSS),"AV. FREI FABIANO, 155 - ITAIPU"
2024,199,28,1,9,PSD,1074,COLÉGIO CURSO ZEROHUM ( ANT GAUSS),"AV. FREI FABIANO, 155 - ITAIPU"
2024,199,29,1,14,PSD,1074,COLÉGIO CURSO ZEROHUM ( ANT GAUSS),"AV. FREI FABIANO, 155 - ITAIPU"
2024,199,3,1,8,PSD,1015,COUNTRY CLUB DE NITEROI,RUA CHILE 135
2024,199,30,1,8,PSD,1082,UMEI DR PAULO CESAR DE ALMEIDA PIMENTEL,RUA ANTONIO LUIZ SAIÃO CAMPO BELO
2024,199,31,1,6,PSD,1082,UMEI DR PAULO CESAR DE ALMEIDA PIMENTEL,RUA ANTONIO LUIZ SAIÃO CAMPO BELO
2024,199,32,1,5,PSD,1082,UMEI DR PAULO CESAR DE ALMEIDA PIMENTEL,RUA ANTONIO LUIZ SAIÃO CAMPO BELO
2024,199,33,1,15,PSD,1082,UMEI DR PAULO CESAR DE ALMEIDA PIMENTEL,RUA ANTONIO LUIZ SAIÃO CAMPO BELO
2024,199,34,1,10,PSD,1090,COLÉGIO ESTADUAL PROFESSORA ALCINA RODRIGUES LIMA,"ESTRADA FRANCISCO DA CRUZ NUNES, S/N"
2024,199,35,1,11,PSD,1090,COLÉGIO ESTADUAL PROFESSORA ALCINA RODRIGUES LIMA,"ESTRADA FRANCISCO DA CRUZ NUNES, S/N"
2024,199,36,1,9,PSD,1090,COLÉGIO ESTADUAL PROFESSORA ALCINA RODRIGUES LIMA,"ESTRADA FRANCISCO DA CRUZ NUNES, S/N"
2024,199,37,1,18,PSD,1090,COLÉGIO ESTADUAL PROFESSORA ALCINA RODRIGUES LIMA,"ESTRADA FRANCISCO DA CRUZ NUNES, S/N"
2024,199,38,1,15,PSD,1090,COLÉGIO ESTADUAL PROFESSORA ALCINA RODRIGUES LIMA,"ESTRADA FRANCISCO DA CRUZ NUNES, S/N"
2024,199,39,1,21,PSD,1090,COLÉGIO ESTADUAL PROFESSORA ALCINA RODRIGUES LIMA,"ESTRADA FRANCISCO DA CRUZ NUNES, S/N"
2024,199,4,1,7,PSD,1023,ESCOLA MUNICIPAL FELISBERTO DE CARVALHO,ESTRADA CAETANO MONTEIRO 896
2024,199,40,1,10,PSD,1090,COLÉGIO ESTADUAL PROFESSORA ALCINA RODRIGUES LIMA,"ESTRADA FRANCISCO DA CRUZ NUNES, S/N"
2024,199,41,1,7,PSD,1090,COLÉGIO ESTADUAL PROFESSORA ALCINA RODRIGUES LIMA,"ESTRADA FRANCISCO DA CRUZ NUNES, S/N"
2024,199,42,1,7,PSD,1082,UMEI DR PAULO CESAR DE ALMEIDA PIMENTEL,RUA ANTONIO LUIZ SAIÃO CAMPO BELO
2024,199,43,1,9,PSD,1082,UMEI DR PAULO CESAR DE ALMEIDA PIMENTEL,RUA ANTONIO LUIZ SAIÃO CAMPO BELO
2024,199,44,1,14,PSD,1082,UMEI DR PAULO CESAR DE ALMEIDA PIMENTEL,RUA ANTONIO LUIZ SAIÃO CAMPO BELO
2024,199,45,1,15,PSD,1112,COLÉGIO SALESIANO REGIÃO OCEÂNICA,"RUA DOUTOR CORNÉLIO DE MELLO JÚNIOR, 117"
2024,199,46,1,15,PSD,1112,COLÉGIO SALESIANO REGIÃO OCEÂNICA,"RUA DOUTOR CORNÉLIO DE MELLO JÚNIOR, 117"
2024,199,47,1,18,PSD,1112,COLÉGIO SALESIANO REGIÃO OCEÂNICA,"RUA DOUTOR CORNÉLIO DE MELLO JÚNIOR, 117"
2024,199,48,1,24,PSD,1112,COLÉGIO SALESIANO REGIÃO OCEÂNICA,"RUA DOUTOR CORNÉLIO DE MELLO JÚNIOR, 117"
2024,199,49,1,13,PSD,1120,COLÉGIO ESTADUAL ALMIRANTE TAMANDARÉ,AV. ACURCIO TORRES S/N
2024,199,5,1,2,PSD,1023,ESCOLA MUNICIPAL FELISBERTO DE CARVALHO,ESTRADA CAETANO MONTEIRO 896
2024,199,50,1,12,PSD,1120,COLÉGIO ESTADUAL ALMIRANTE TAMANDARÉ,AV. ACURCIO TORRES S/N
2024,199,51,1,18,PSD,1139,ESCOLA MUNICIPAL FRANCISCO PORTUGAL NEVES,"RUA MANOEL PACHECO DE CARVALHO, N 14 TREVO DE PIRATININGA"
2024,199,52,1,11,PSD,1139,ESCOLA MUNICIPAL FRANCISCO PORTUGAL NEVES,"RUA MANOEL PACHECO DE CARVALHO, N 14 TREVO DE PIRATININGA"
2024,199,53,1,14,PSD,1139,ESCOLA MUNICIPAL FRANCISCO PORTUGAL NEVES,"RUA MANOEL PACHECO DE CARVALHO, N 14 TREVO DE PIRATININGA"
2024,199,54,1,17,PSD,1139,ESCOLA MUNICIPAL FRANCISCO PORTUGAL NEVES,"RUA MANOEL PACHECO DE CARVALHO, N 14 TREVO DE PIRATININGA"
2024,199,55,1,18,PSD,1139,ESCOLA MUNICIPAL FRANCISCO PORTUGAL NEVES,"RUA MANOEL PACHECO DE CARVALHO, N 14 TREVO DE PIRATININGA"
2024,199,56,1,15,PSD,1139,ESCOLA MUNICIPAL FRANCISCO PORTUGAL NEVES,"RUA MANOEL PACHECO DE CARVALHO, N 14 TREVO DE PIRATININGA"
2024,199,57,1,18,PSD,1139,ESCOLA MUNICIPAL FRANCISCO PORTUGAL NEVES,"RUA MANOEL PACHECO DE CARVALHO, N 14 TREVO DE PIRATININGA"
2024,199,58,1,11,PSD,1120,COLÉGIO ESTADUAL ALMIRANTE TAMANDARÉ,AV. ACURCIO TORRES S/N
2024,199,59,1,9,PSD,1120,COLÉGIO ESTADUAL ALMIRANTE TAMANDARÉ,AV. ACURCIO TORRES S/N
2024,199,6,1,4,PSD,1023,ESCOLA MUNICIPAL FELISBERTO DE CARVALHO,ESTRADA CAETANO MONTEIRO 896
2024,199,60,1,20,PSD,1120,COLÉGIO ESTADUAL ALMIRANTE TAMANDARÉ,AV. ACURCIO TORRES S/N
2024,199,61,1,10,PSD,1120,COLÉGIO ESTADUAL ALMIRANTE TAMANDARÉ,AV. ACURCIO TORRES S/N
2024,199,62,1,7,PSD,1120,COLÉGIO ESTADUAL ALMIRANTE TAMANDARÉ,AV. ACURCIO TORRES S/N
2024,199,63,1,13,PSD,1120,COLÉGIO ESTADUAL ALMIRANTE TAMANDARÉ,AV. ACURCIO TORRES S/N
2024,199,64,1,7,PSD,1155,COLÉGIO ITAPUCA,"AV. ERNANI DE FARIAS ALVES, N 124 TREVO DE PIRATININGA"
2024,199,65,1,18,PSD,1155,COLÉGIO ITAPUCA,"AV. ERNANI DE FARIAS ALVES, N 124 TREVO DE PIRATININGA"
2024,199,66,1,14,PSD,1155,COLÉGIO ITAPUCA,"AV. ERNANI DE FARIAS ALVES, N 124 TREVO DE PIRATININGA"
2024,199,67,1,6,PSD,1155,COLÉGIO ITAPUCA,"AV. ERNANI DE FARIAS ALVES, N 124 TREVO DE PIRATININGA"
2024,199,68,1,6,PSD,1163,ANDEF (EX FAETEC),ESTRADA VELHA DE MARICA 4830
2024,199,69,1,6,PSD,1163,ANDEF (EX FAETEC),ESTRADA VELHA DE MARICA 4830
2024,199,7,1,5,PSD,1023,ESCOLA MUNICIPAL FELISBERTO DE CARVALHO,ESTRADA CAETANO MONTEIRO 896
2024,199,70,1,8,PSD,1163,ANDEF (EX FAETEC),ESTRADA VELHA DE MARICA 4830
2024,199,71,1,3,PSD,1473,COLÉGIO COLABORE,"ESTRADA MARINO NUNES VIEIRA, 340"
2024,199,72,1,9,PSD,1163,ANDEF (EX FAETEC),ESTRADA VELHA DE MARICA 4830
2024,199,73,1,12,PSD,1163,ANDEF (EX FAETEC),ESTRADA VELHA DE MARICA 4830
2024,199,74,1,2,PSD,1163,ANDEF (EX FAETEC),ESTRADA VELHA DE MARICA 4830
2024,199,75,1,24,PSD,1198,CIEP 448 RUY FRAZÃO SOARES,ESTRADA DO ENGENHO DO MATO S/N - PRACA
2024,199,76,1,11,PSD,1198,CIEP 448 RUY FRAZÃO SOARES,ESTRADA DO ENGENHO DO MATO S/N - PRACA
2024,199,77,1,8,PSD,1317,COLÉGIO PAULO FREIRE,"AVENIDA IRENE LOPES SODRÉ, N22"
2024,199,78,1,5,PSD,1163,ANDEF (EX FAETEC),ESTRADA VELHA DE MARICA 4830
2024,199,79,1,16,PSD,1244,COLÉGIO LAPLACE,"RUA MANOEL PACHECO DE CARVALHO, N 80"
2024,199,8,1,11,PSD,1023,ESCOLA MUNICIPAL FELISBERTO DE CARVALHO,ESTRADA CAETANO MONTEIRO 896
2024,199,80,1,14,PSD,1244,COLÉGIO LAPLACE,"RUA MANOEL PACHECO DE CARVALHO, N 80"
2024,199,81,1,12,PSD,1244,COLÉGIO LAPLACE,"RUA MANOEL PACHECO DE CARVALHO, N 80"
2024,199,82,1,11,PSD,1252,CIEP 307 DJANIRA,AV. EWERTON XAVIER S/N - PRACA
2024,199,83,1,6,PSD,1252,CIEP 307 DJANIRA,AV. EWERTON XAVIER S/N - PRACA
2024,199,84,1,11,PSD,1252,CIEP 307 DJANIRA,AV. EWERTON XAVIER S/N - PRACA
2024,199,85,1,9,PSD,1252,CIEP 307 DJANIRA,AV. EWERTON XAVIER S/N - PRACA
2024,199,86,1,9,PSD,1252,CIEP 307 DJANIRA,AV. EWERTON XAVIER S/N - PRACA
2024,199,87,1,9,PSD,1252,CIEP 307 DJANIRA,AV. EWERTON XAVIER S/N - PRACA
2024,199,88,1,15,PSD,1015,COUNTRY CLUB DE NITEROI,RUA CHILE 135
2024,199,9,1,11,PSD,1031,ESCOLA MUNICIPAL HONORINA DE CARVALHO,RUA PROF. JOSE PECANHA S/N
2024,199,90,1,6,PSD,1082,UMEI DR PAULO CESAR DE ALMEIDA PIMENTEL,RUA ANTONIO LUIZ SAIÃO CAMPO BELO
2024,199,91,1,15,PSD,1244,COLÉGIO LAPLACE,"RUA MANOEL PACHECO DE CARVALHO, N 80"
2024,199,92,1,14,PSD,1120,COLÉGIO ESTADUAL ALMIRANTE TAMANDARÉ,AV. ACURCIO TORRES S/N
2024,199,93,1,17,PSD,1317,COLÉGIO PAULO FREIRE,"AVENIDA IRENE LOPES SODRÉ, N22"
2024,199,94,1,19,PSD,1031,ESCOLA MUNICIPAL HONORINA DE CARVALHO,RUA PROF. JOSE PECANHA S/N
2024,199,95,1,8,PSD,1031,ESCOLA MUNICIPAL HONORINA DE CARVALHO,RUA PROF. JOSE PECANHA S/N
2024,199,97,1,11,PSD,1074,COLÉGIO CURSO ZEROHUM ( ANT GAUSS),"AV. FREI FABIANO, 155 - ITAIPU"
2024,199,98,1,27,PSD,1244,COLÉGIO LAPLACE,"RUA MANOEL PACHECO DE CARVALHO, N 80"
2024,199,99,1,3,PSD,1082,UMEI DR PAULO CESAR DE ALMEIDA PIMENTEL,RUA ANTONIO LUIZ SAIÃO CAMPO BELO
2024,71,1,1,6,PSD,1015,CENTRO EDUCACIONAL DE NITEROI - CENTRINHO,RUA ITAGUAI 173
2024,71,100,1,10,PSD,1309,CURSO MARLY CURY,AV. SETE DE SETEMBRO 165
2024,71,101,1,8,PSD,1309,CURSO MARLY CURY,AV. SETE DE SETEMBRO 165
2024,71,102,1,18,PSD,1309,CURSO MARLY CURY,AV. SETE DE SETEMBRO 165
2024,71,103,1,10,PSD,1309,CURSO MARLY CURY,AV. SETE DE SETEMBRO 165
2024,71,104,1,18,PSD,1317,ESCOLA ESTADUAL BALTAZAR BERNARDINO,RUA MARIZ E BARROS 444
2024,71,105,1,15,PSD,1317,ESCOLA ESTADUAL BALTAZAR BERNARDINO,RUA MARIZ E BARROS 444
2024,71,106,1,22,PSD,1325,ESCOLA ESTADUAL GUILHERME BRIGGS,RUA MARIO VIANNA 625
2024,71,107,1,14,PSD,1325,ESCOLA ESTADUAL GUILHERME BRIGGS,RUA MARIO VIANNA 625
2024,71,108,1,23,PSD,1325,ESCOLA ESTADUAL GUILHERME BRIGGS,RUA MARIO VIANNA 625
2024,71,109,1,25,PSD,1325,ESCOLA ESTADUAL GUILHERME BRIGGS,RUA MARIO VIANNA 625
2024,71,110,1,24,PSD,1325,ESCOLA ESTADUAL GUILHERME BRIGGS,RUA MARIO VIANNA 625
2024,71,111,1,19,PSD,1325,ESCOLA ESTADUAL GUILHERME BRIGGS,RUA MARIO VIANNA 625
2024,71,112,1,14,PSD,1325,ESCOLA ESTADUAL GUILHERME BRIGGS,RUA MARIO VIANNA 625
2024,71,113,1,21,PSD,1325,ESCOLA ESTADUAL GUILHERME BRIGGS,RUA MARIO VIANNA 625
2024,71,114,1,17,PSD,1325,ESCOLA ESTADUAL GUILHERME BRIGGS,RUA MARIO VIANNA 625
2024,71,115,1,22,PSD,1325,ESCOLA ESTADUAL GUILHERME BRIGGS,RUA MARIO VIANNA 625
2024,71,116,1,10,PSD,1333,PARÓQUIA NOSSA SENHORA AUXILIADORA - CENTRO COMUNITÁRIO,"RUA SANTA ROSA, 216"
2024,71,117,1,12,PSD,1333,PARÓQUIA NOSSA SENHORA AUXILIADORA - CENTRO COMUNITÁRIO,"RUA SANTA ROSA, 216"
2024,71,118,1,14,PSD,1309,CURSO MARLY CURY,AV. SETE DE SETEMBRO 165
2024,71,119,1,12,PSD,1309,CURSO MARLY CURY,AV. SETE DE SETEMBRO 165
2024,71,120,1,9,PSD,1333,PARÓQUIA NOSSA SENHORA AUXILIADORA - CENTRO COMUNITÁRIO,"RUA SANTA ROSA, 216"
2024,71,121,1,12,PSD,1333,PARÓQUIA NOSSA SENHORA AUXILIADORA - CENTRO COMUNITÁRIO,"RUA SANTA ROSA, 216"
2024,71,122,1,12,PSD,1333,PARÓQUIA NOSSA SENHORA AUXILIADORA - CENTRO COMUNITÁRIO,"RUA SANTA ROSA, 216"
2024,71,123,1,5,PSD,1368,INSTITUTO SÃO JOSÉ,RUA GERALDO MARTINS 166
2024,71,124,1,8,PSD,1368,INSTITUTO SÃO JOSÉ,RUA GERALDO MARTINS 166
2024,71,125,1,11,PSD,1368,INSTITUTO SÃO JOSÉ,RUA GERALDO MARTINS 166
2024,71,130,1,9,PSD,1392,FACULDADE DE VETERINARIA DA UFF,RUA VITAL BRASIL FILHO 64
2024,71,131,1,13,PSD,1392,FACULDADE DE VETERINARIA DA UFF,RUA VITAL BRASIL FILHO 64
2024,71,132,1,12,PSD,1392,FACULDADE DE VETERINARIA DA UFF,RUA VITAL BRASIL FILHO 64
2024,71,133,1,16,PSD,1392,FACULDADE DE VETERINARIA DA UFF,RUA VITAL BRASIL FILHO 64
2024,71,134,1,12,PSD,1392,FACULDADE DE VETERINARIA DA UFF,RUA VITAL BRASIL FILHO 64
2024,71,135,1,12,PSD,1392,FACULDADE DE VETERINARIA DA UFF,RUA VITAL BRASIL FILHO 64
2024,71,136,1,9,PSD,1015,CENTRO EDUCACIONAL DE NITEROI - CENTRINHO,RUA ITAGUAI 173
2024,71,138,1,9,PSD,1260,INSTITUTO ABEL,AV. ROBERTO SILVEIRA 29
2024,71,140,1,15,PSD,1244,ESCOLA ESTADUAL MANUEL DE ABREU,RUA LOPES TROVAO 287-A
2024,71,142,1,14,PSD,1295,COLEGIO SALESIANO SANTA ROSA,RUA SANTA ROSA 207
2024,71,143,1,12,PSD,1317,ESCOLA ESTADUAL BALTAZAR BERNARDINO,RUA MARIZ E BARROS 444
2024,71,144,1,21,PSD,1325,ESCOLA ESTADUAL GUILHERME BRIGGS,RUA MARIO VIANNA 625
2024,71,145,1,8,PSD,1317,ESCOLA ESTADUAL BALTAZAR BERNARDINO,RUA MARIZ E BARROS 444
2024,71,146,1,13,PSD,1368,INSTITUTO SÃO JOSÉ,RUA GERALDO MARTINS 166
2024,71,150,1,11,PSD,1333,PARÓQUIA NOSSA SENHORA AUXILIADORA - CENTRO COMUNITÁRIO,"RUA SANTA ROSA, 216"
2024,71,151,1,8,PSD,1104,INSTITUTO MAIA VINAGRE,RUA NORONHA TORREZÃO 68
2024,71,153,1,12,PSD,1015,CENTRO EDUCACIONAL DE NITEROI - CENTRINHO,RUA ITAGUAI 173
2024,71,156,1,17,PSD,1309,CURSO MARLY CURY,AV. SETE DE SETEMBRO 165
2024,71,157,1,15,PSD,1260,INSTITUTO ABEL,AV. ROBERTO SILVEIRA 29
2024,71,158,1,27,PSD,1392,FACULDADE DE VETERINARIA DA UFF,RUA VITAL BRASIL FILHO 64
2024,71,160,1,11,PSD,1333,PARÓQUIA NOSSA SENHORA AUXILIADORA - CENTRO COMUNITÁRIO,"RUA SANTA ROSA, 216"
2024,71,161,1,10,PSD,1392,FACULDADE DE VETERINARIA DA UFF,RUA VITAL BRASIL FILHO 64
2024,71,167,1,12,PSD,1368,INSTITUTO SÃO JOSÉ,RUA GERALDO MARTINS 166
2024,71,168,1,13,PSD,1244,ESCOLA ESTADUAL MANUEL DE ABREU,RUA LOPES TROVAO 287-A
2024,71,171,1,12,PSD,1295,COLEGIO SALESIANO SANTA ROSA,RUA SANTA ROSA 207
2024,71,172,1,22,PSD,1325,ESCOLA ESTADUAL GUILHERME BRIGGS,RUA MARIO VIANNA 625
2024,71,174,1,6,PSD,1333,PARÓQUIA NOSSA SENHORA AUXILIADORA - CENTRO COMUNITÁRIO,"RUA SANTA ROSA, 216"
2024,71,175,1,13,PSD,1309,CURSO MARLY CURY,AV. SETE DE SETEMBRO 165
2024,71,178,1,10,PSD,1104,INSTITUTO MAIA VINAGRE,RUA NORONHA TORREZÃO 68
2024,71,179,1,17,PSD,1392,FACULDADE DE VETERINARIA DA UFF,RUA VITAL BRASIL FILHO 64
2024,71,182,1,12,PSD,1333,PARÓQUIA NOSSA SENHORA AUXILIADORA - CENTRO COMUNITÁRIO,"RUA SANTA ROSA, 216"
2024,71,183,1,13,PSD,1104,INSTITUTO MAIA VINAGRE,RUA NORONHA TORREZÃO 68
2024,71,185,1,11,PSD,1244,ESCOLA ESTADUAL MANUEL DE ABREU,RUA LOPES TROVAO 287-A
2024,71,186,1,15,PSD,1392,FACULDADE DE VETERINARIA DA UFF,RUA VITAL BRASIL FILHO 64
2024,71,189,1,15,PSD,1317,ESCOLA ESTADUAL BALTAZAR BERNARDINO,RUA MARIZ E BARROS 444
2024,71,190,1,12,PSD,1260,INSTITUTO ABEL,AV. ROBERTO SILVEIRA 29
2024,71,191,1,16,PSD,1309,CURSO MARLY CURY,AV. SETE DE SETEMBRO 165
2024,71,192,1,20,PSD,1392,FACULDADE DE VETERINARIA DA UFF,RUA VITAL BRASIL FILHO 64
2024,71,193,1,12,PSD,1325,ESCOLA ESTADUAL GUILHERME BRIGGS,RUA MARIO VIANNA 625
2024,71,194,1,10,PSD,1295,COLEGIO SALESIANO SANTA ROSA,RUA SANTA ROSA 207
2024,71,195,1,11,PSD,1368,INSTITUTO SÃO JOSÉ,RUA GERALDO MARTINS 166
2024,71,196,1,11,PSD,1392,FACULDADE DE VETERINARIA DA UFF,RUA VITAL BRASIL FILHO 64
2024,71,197,1,9,PSD,1015,CENTRO EDUCACIONAL DE NITEROI - CENTRINHO,RUA ITAGUAI 173
2024,71,198,1,10,PSD,1260,INSTITUTO ABEL,AV. ROBERTO SILVEIRA 29
2024,71,199,1,7,PSD,1317,ESCOLA ESTADUAL BALTAZAR BERNARDINO,RUA MARIZ E BARROS 444
2024,71,2,1,10,PSD,1015,CENTRO EDUCACIONAL DE NITEROI - CENTRINHO,RUA ITAGUAI 173
2024,71,200,1,28,PSD,1392,FACULDADE DE VETERINARIA DA UFF,RUA VITAL BRASIL FILHO 64
2024,71,201,1,11,PSD,1260,INSTITUTO ABEL,AV. ROBERTO SILVEIRA 29
2024,71,202,1,17,PSD,1325,ESCOLA ESTADUAL GUILHERME BRIGGS,RUA MARIO VIANNA 625
2024,71,203,1,11,PSD,1260,INSTITUTO ABEL,AV. ROBERTO SILVEIRA 29
2024,71,204,1,16,PSD,1295,COLEGIO SALESIANO SANTA ROSA,RUA SANTA ROSA 207
2024,71,205,1,16,PSD,1317,ESCOLA ESTADUAL BALTAZAR BERNARDINO,RUA MARIZ E BARROS 444
2024,71,206,1,10,PSD,1260,INSTITUTO ABEL,AV. ROBERTO SILVEIRA 29
2024,71,207,1,20,PSD,1325,ESCOLA ESTADUAL GUILHERME BRIGGS,RUA MARIO VIANNA 625
2024,71,208,1,7,PSD,1244,ESCOLA ESTADUAL MANUEL DE ABREU,RUA LOPES TROVAO 287-A
2024,71,209,1,7,PSD,1368,INSTITUTO SÃO JOSÉ,RUA GERALDO MARTINS 166
2024,71,210,1,15,PSD,1309,CURSO MARLY CURY,AV. SETE DE SETEMBRO 165
2024,71,211,1,8,PSD,1392,FACULDADE DE VETERINARIA DA UFF,RUA VITAL BRASIL FILHO 64
2024,71,212,1,8,PSD,1260,INSTITUTO ABEL,AV. ROBERTO SILVEIRA 29
2024,71,213,1,17,PSD,1295,COLEGIO SALESIANO SANTA ROSA,RUA SANTA ROSA 207
2024,71,214,1,14,PSD,1309,CURSO MARLY CURY,AV. SETE DE SETEMBRO 165
2024,71,215,1,13,PSD,1260,INSTITUTO ABEL,AV. ROBERTO SILVEIRA 29
2024,71,216,1,7,PSD,1368,INSTITUTO SÃO JOSÉ,RUA GERALDO MARTINS 166
2024,71,217,1,5,PSD,1414,UNIVERSIDADE SALGADO DE OLIVEIRA - BL B (PRÓXIMO AO GUANABARA),RUA MARECHAL DEODORO 263
2024,71,218,1,8,PSD,1414,UNIVERSIDADE SALGADO DE OLIVEIRA - BL B (PRÓXIMO AO GUANABARA),RUA MARECHAL DEODORO 263
2024,71,219,1,8,PSD,1414,UNIVERSIDADE SALGADO DE OLIVEIRA - BL B (PRÓXIMO AO GUANABARA),RUA MARECHAL DEODORO 263
2024,71,220,1,10,PSD,1414,UNIVERSIDADE SALGADO DE OLIVEIRA - BL B (PRÓXIMO AO GUANABARA),RUA MARECHAL DEODORO 263
2024,71,221,1,12,PSD,1414,UNIVERSIDADE SALGADO DE OLIVEIRA - BL B (PRÓXIMO AO GUANABARA),RUA MARECHAL DEODORO 263
2024,71,222,1,9,PSD,1414,UNIVERSIDADE SALGADO DE OLIVEIRA - BL B (PRÓXIMO AO GUANABARA),RUA MARECHAL DEODORO 263
2024,71,223,1,10,PSD,1414,UNIVERSIDADE SALGADO DE OLIVEIRA - BL B (PRÓXIMO AO GUANABARA),RUA MARECHAL DEODORO 263
2024,71,224,1,8,PSD,1414,UNIVERSIDADE SALGADO DE OLIVEIRA - BL B (PRÓXIMO AO GUANABARA),RUA MARECHAL DEODORO 263
2024,71,225,1,14,PSD,1422,CLUBE PORTUGUES DE NITEROI,RUA PROFESSOR LARA VILELA 176
2024,71,226,1,13,PSD,1422,CLUBE PORTUGUES DE NITEROI,RUA PROFESSOR LARA VILELA 176
2024,71,227,1,10,PSD,1422,CLUBE PORTUGUES DE NITEROI,RUA PROFESSOR LARA VILELA 176
2024,71,228,1,8,PSD,1422,CLUBE PORTUGUES DE NITEROI,RUA PROFESSOR LARA VILELA 176
2024,71,229,1,9,PSD,1422,CLUBE PORTUGUES DE NITEROI,RUA PROFESSOR LARA VILELA 176
2024,71,230,1,14,PSD,1422,CLUBE PORTUGUES DE NITEROI,RUA PROFESSOR LARA VILELA 176
2024,71,231,1,14,PSD,1430,COLEGIO ESTADUAL AURELINO LEAL,RUA PRESIDENTE PEDREIRA 79
2024,71,232,1,13,PSD,1430,COLEGIO ESTADUAL AURELINO LEAL,RUA PRESIDENTE PEDREIRA 79
2024,71,233,1,14,PSD,1430,COLEGIO ESTADUAL AURELINO LEAL,RUA PRESIDENTE PEDREIRA 79
2024,71,234,1,5,PSD,1430,COLEGIO ESTADUAL AURELINO LEAL,RUA PRESIDENTE PEDREIRA 79
2024,71,235,1,4,PSD,1430,COLEGIO ESTADUAL AURELINO LEAL,RUA PRESIDENTE PEDREIRA 79
2024,71,236,1,8,PSD,1430,COLEGIO ESTADUAL AURELINO LEAL,RUA PRESIDENTE PEDREIRA 79
2024,71,237,1,9,PSD,1430,COLEGIO ESTADUAL AURELINO LEAL,RUA PRESIDENTE PEDREIRA 79
2024,71,238,1,10,PSD,1430,COLEGIO ESTADUAL AURELINO LEAL,RUA PRESIDENTE PEDREIRA 79
2024,71,239,1,4,PSD,1449,COLÉGIO ESTADUAL ZULEIKA RAPÔSO VALLADARES (COLÉGIO VELHO),RUA SALO BRAND S/N
2024,71,240,1,5,PSD,1449,COLÉGIO ESTADUAL ZULEIKA RAPÔSO VALLADARES (COLÉGIO VELHO),RUA SALO BRAND S/N
2024,71,241,1,3,PSD,1449,COLÉGIO ESTADUAL ZULEIKA RAPÔSO VALLADARES (COLÉGIO VELHO),RUA SALO BRAND S/N
2024,71,242,1,7,PSD,1449,COLÉGIO ESTADUAL ZULEIKA RAPÔSO VALLADARES (COLÉGIO VELHO),RUA SALO BRAND S/N
2024,71,243,1,2,PSD,1449,COLÉGIO ESTADUAL ZULEIKA RAPÔSO VALLADARES (COLÉGIO VELHO),RUA SALO BRAND S/N
2024,71,244,1,5,PSD,1449,COLÉGIO ESTADUAL ZULEIKA RAPÔSO VALLADARES (COLÉGIO VELHO),RUA SALO BRAND S/N
2024,71,245,1,7,PSD,1449,COLÉGIO ESTADUAL ZULEIKA RAPÔSO VALLADARES (COLÉGIO VELHO),RUA SALO BRAND S/N
2024,71,246,1,11,PSD,1457,ÁGUAS DE NITEROI,RUA MARQUÊS DO PARANÁ 108/110
2024,71,247,1,11,PSD,1457,ÁGUAS DE NITEROI,RUA MARQUÊS DO PARANÁ 108/110
2024,71,248,1,11,PSD,1457,ÁGUAS DE NITEROI,RUA MARQUÊS DO PARANÁ 108/110
2024,71,249,1,11,PSD,1457,ÁGUAS DE NITEROI,RUA MARQUÊS DO PARANÁ 108/110
2024,71,250,1,4,PSD,1465,CENTRO UNIVERSITÁRIO ANHANGUERA (ANTIGO PLÍNIO LEITE),RUA VISCONDE DO RIO BRANCO 123
2024,71,251,1,5,PSD,1465,CENTRO UNIVERSITÁRIO ANHANGUERA (ANTIGO PLÍNIO LEITE),RUA VISCONDE DO RIO BRANCO 123
2024,71,252,1,5,PSD,1465,CENTRO UNIVERSITÁRIO ANHANGUERA (ANTIGO PLÍNIO LEITE),RUA VISCONDE DO RIO BRANCO 123
2024,71,253,1,7,PSD,1465,CENTRO UNIVERSITÁRIO ANHANGUERA (ANTIGO PLÍNIO LEITE),RUA VISCONDE DO RIO BRANCO 123
2024,71,254,1,6,PSD,1465,CENTRO UNIVERSITÁRIO ANHANGUERA (ANTIGO PLÍNIO LEITE),RUA VISCONDE DO RIO BRANCO 123
2024,71,255,1,7,PSD,1465,CENTRO UNIVERSITÁRIO ANHANGUERA (ANTIGO PLÍNIO LEITE),RUA VISCONDE DO RIO BRANCO 123
2024,71,256,1,7,PSD,1465,CENTRO UNIVERSITÁRIO ANHANGUERA (ANTIGO PLÍNIO LEITE),RUA VISCONDE DO RIO BRANCO 123
2024,71,257,1,7,PSD,1465,CENTRO UNIVERSITÁRIO ANHANGUERA (ANTIGO PLÍNIO LEITE),RUA VISCONDE DO RIO BRANCO 123
2024,71,258,1,8,PSD,1465,CENTRO UNIVERSITÁRIO ANHANGUERA (ANTIGO PLÍNIO LEITE),RUA VISCONDE DO RIO BRANCO 123
2024,71,259,1,8,PSD,1465,CENTRO UNIVERSITÁRIO ANHANGUERA (ANTIGO PLÍNIO LEITE),RUA VISCONDE DO RIO BRANCO 123
2024,71,260,1,8,PSD,1465,CENTRO UNIVERSITÁRIO ANHANGUERA (ANTIGO PLÍNIO LEITE),RUA VISCONDE DO RIO BRANCO 123
2024,71,261,1,8,PSD,1465,CENTRO UNIVERSITÁRIO ANHANGUERA (ANTIGO PLÍNIO LEITE),RUA VISCONDE DO RIO BRANCO 123
2024,71,262,1,6,PSD,1465,CENTRO UNIVERSITÁRIO ANHANGUERA (ANTIGO PLÍNIO LEITE),RUA VISCONDE DO RIO BRANCO 123
2024,71,263,1,8,PSD,1600,INSTITUTO DE EDUCAÇÃO PROFESSOR ISMAEL COUTINHO - IEPIC,"TRAVESSA MANOEL CONTINENTINO, 31"
2024,71,264,1,10,PSD,1600,INSTITUTO DE EDUCAÇÃO PROFESSOR ISMAEL COUTINHO - IEPIC,"TRAVESSA MANOEL CONTINENTINO, 31"
2024,71,265,1,5,PSD,1600,INSTITUTO DE EDUCAÇÃO PROFESSOR ISMAEL COUTINHO - IEPIC,"TRAVESSA MANOEL CONTINENTINO, 31"
2024,71,266,1,6,PSD,1600,INSTITUTO DE EDUCAÇÃO PROFESSOR ISMAEL COUTINHO - IEPIC,"TRAVESSA MANOEL CONTINENTINO, 31"
2024,71,267,1,8,PSD,1600,INSTITUTO DE EDUCAÇÃO PROFESSOR ISMAEL COUTINHO - IEPIC,"TRAVESSA MANOEL CONTINENTINO, 31"
2024,71,268,1,3,PSD,1600,INSTITUTO DE EDUCAÇÃO PROFESSOR ISMAEL COUTINHO - IEPIC,"TRAVESSA MANOEL CONTINENTINO, 31"
2024,71,269,1,7,PSD,1481,ESCOLA MUNICIPAL MAESTRO HEITOR VILLA-LOBOS (COLÉGIO NOVO),RUA SALO BRAND S/N
2024,71,27,1,13,PSD,1104,INSTITUTO MAIA VINAGRE,RUA NORONHA TORREZÃO 68
2024,71,270,1,5,PSD,1481,ESCOLA MUNICIPAL MAESTRO HEITOR VILLA-LOBOS (COLÉGIO NOVO),RUA SALO BRAND S/N
2024,71,271,1,2,PSD,1481,ESCOLA MUNICIPAL MAESTRO HEITOR VILLA-LOBOS (COLÉGIO NOVO),RUA SALO BRAND S/N
2024,71,272,1,5,PSD,1481,ESCOLA MUNICIPAL MAESTRO HEITOR VILLA-LOBOS (COLÉGIO NOVO),RUA SALO BRAND S/N
2024,71,273,1,3,PSD,1481,ESCOLA MUNICIPAL MAESTRO HEITOR VILLA-LOBOS (COLÉGIO NOVO),RUA SALO BRAND S/N
2024,71,274,1,4,PSD,1481,ESCOLA MUNICIPAL MAESTRO HEITOR VILLA-LOBOS (COLÉGIO NOVO),RUA SALO BRAND S/N
2024,71,275,1,5,PSD,1481,ESCOLA MUNICIPAL MAESTRO HEITOR VILLA-LOBOS (COLÉGIO NOVO),RUA SALO BRAND S/N
2024,71,276,1,5,PSD,1481,ESCOLA MUNICIPAL MAESTRO HEITOR VILLA-LOBOS (COLÉGIO NOVO),RUA SALO BRAND S/N
2024,71,277,1,3,PSD,1481,ESCOLA MUNICIPAL MAESTRO HEITOR VILLA-LOBOS (COLÉGIO NOVO),RUA SALO BRAND S/N
2024,71,278,1,2,PSD,1546,UNIVERSIDADE SALGADO DE OLIVEIRA - BL A,RUA MARECHAL DEODORO 217
2024,71,279,1,2,PSD,1546,UNIVERSIDADE SALGADO DE OLIVEIRA - BL A,RUA MARECHAL DEODORO 217
2024,71,28,1,15,PSD,1104,INSTITUTO MAIA VINAGRE,RUA NORONHA TORREZÃO 68
2024,71,280,1,8,PSD,1546,UNIVERSIDADE SALGADO DE OLIVEIRA - BL A,RUA MARECHAL DEODORO 217
2024,71,281,1,9,PSD,1546,UNIVERSIDADE SALGADO DE OLIVEIRA - BL A,RUA MARECHAL DEODORO 217
2024,71,282,1,4,PSD,1546,UNIVERSIDADE SALGADO DE OLIVEIRA - BL A,RUA MARECHAL DEODORO 217
2024,71,283,1,5,PSD,1546,UNIVERSIDADE SALGADO DE OLIVEIRA - BL A,RUA MARECHAL DEODORO 217
2024,71,284,1,7,PSD,1546,UNIVERSIDADE SALGADO DE OLIVEIRA - BL A,RUA MARECHAL DEODORO 217
2024,71,285,1,3,PSD,1546,UNIVERSIDADE SALGADO DE OLIVEIRA - BL A,RUA MARECHAL DEODORO 217
2024,71,286,1,4,PSD,1546,UNIVERSIDADE SALGADO DE OLIVEIRA - BL A,RUA MARECHAL DEODORO 217
2024,71,287,1,3,PSD,1546,UNIVERSIDADE SALGADO DE OLIVEIRA - BL A,RUA MARECHAL DEODORO 217
2024,71,288,1,6,PSD,1546,UNIVERSIDADE SALGADO DE OLIVEIRA - BL A,RUA MARECHAL DEODORO 217
2024,71,289,1,2,PSD,1600,INSTITUTO DE EDUCAÇÃO PROFESSOR ISMAEL COUTINHO - IEPIC,"TRAVESSA MANOEL CONTINENTINO, 31"
2024,71,29,1,13,PSD,1104,INSTITUTO MAIA VINAGRE,RUA NORONHA TORREZÃO 68
2024,71,290,1,9,PSD,1600,INSTITUTO DE EDUCAÇÃO PROFESSOR ISMAEL COUTINHO - IEPIC,"TRAVESSA MANOEL CONTINENTINO, 31"
2024,71,291,1,9,PSD,1511,FACULDADE DE ADMINISTRAÇÃO E CIÊNCIAS CONTÁBEIS (VALONGUINHO),RUA MÁRIO SANTOS BRAGA S/N
2024,71,292,1,5,PSD,1511,FACULDADE DE ADMINISTRAÇÃO E CIÊNCIAS CONTÁBEIS (VALONGUINHO),RUA MÁRIO SANTOS BRAGA S/N
2024,71,293,1,11,PSD,1511,FACULDADE DE ADMINISTRAÇÃO E CIÊNCIAS CONTÁBEIS (VALONGUINHO),RUA MÁRIO SANTOS BRAGA S/N
2024,71,294,1,9,PSD,1511,FACULDADE DE ADMINISTRAÇÃO E CIÊNCIAS CONTÁBEIS (VALONGUINHO),RUA MÁRIO SANTOS BRAGA S/N
2024,71,295,1,7,PSD,1511,FACULDADE DE ADMINISTRAÇÃO E CIÊNCIAS CONTÁBEIS (VALONGUINHO),RUA MÁRIO SANTOS BRAGA S/N
2024,71,296,1,11,PSD,1511,FACULDADE DE ADMINISTRAÇÃO E CIÊNCIAS CONTÁBEIS (VALONGUINHO),RUA MÁRIO SANTOS BRAGA S/N
2024,71,297,1,16,PSD,1511,FACULDADE DE ADMINISTRAÇÃO E CIÊNCIAS CONTÁBEIS (VALONGUINHO),RUA MÁRIO SANTOS BRAGA S/N
2024,71,298,1,8,PSD,1511,FACULDADE DE ADMINISTRAÇÃO E CIÊNCIAS CONTÁBEIS (VALONGUINHO),RUA MÁRIO SANTOS BRAGA S/N
2024,71,299,1,8,PSD,1511,FACULDADE DE ADMINISTRAÇÃO E CIÊNCIAS CONTÁBEIS (VALONGUINHO),RUA MÁRIO SANTOS BRAGA S/N
2024,71,3,1,11,PSD,1015,CENTRO EDUCACIONAL DE NITEROI - CENTRINHO,RUA ITAGUAI 173
2024,71,30,1,7,PSD,1104,INSTITUTO MAIA VINAGRE,RUA NORONHA TORREZÃO 68
2024,71,300,1,9,PSD,1511,FACULDADE DE ADMINISTRAÇÃO E CIÊNCIAS CONTÁBEIS (VALONGUINHO),RUA MÁRIO SANTOS BRAGA S/N
2024,71,301,1,8,PSD,1511,FACULDADE DE ADMINISTRAÇÃO E CIÊNCIAS CONTÁBEIS (VALONGUINHO),RUA MÁRIO SANTOS BRAGA S/N
2024,71,302,1,6,PSD,1511,FACULDADE DE ADMINISTRAÇÃO E CIÊNCIAS CONTÁBEIS (VALONGUINHO),RUA MÁRIO SANTOS BRAGA S/N
2024,71,303,1,5,PSD,1511,FACULDADE DE ADMINISTRAÇÃO E CIÊNCIAS CONTÁBEIS (VALONGUINHO),RUA MÁRIO SANTOS BRAGA S/N
2024,71,304,1,15,PSD,1511,FACULDADE DE ADMINISTRAÇÃO E CIÊNCIAS CONTÁBEIS (VALONGUINHO),RUA MÁRIO SANTOS BRAGA S/N
2024,71,305,1,6,PSD,1520,LOJA MAÇÔNICA EVOLUÇÃO 2,RUA SANTA CLARA 77
2024,71,306,1,3,PSD,1520,LOJA MAÇÔNICA EVOLUÇÃO 2,RUA SANTA CLARA 77
2024,71,307,1,7,PSD,1520,LOJA MAÇÔNICA EVOLUÇÃO 2,RUA SANTA CLARA 77
2024,71,308,1,11,PSD,1520,LOJA MAÇÔNICA EVOLUÇÃO 2,RUA SANTA CLARA 77
2024,71,309,1,3,PSD,1678,LICEU NILO PEÇANHA,AV ERNANI DO AMARAL PEIXOTO 707
2024,71,31,1,12,PSD,1104,INSTITUTO MAIA VINAGRE,RUA NORONHA TORREZÃO 68
2024,71,310,1,1,PSD,1678,LICEU NILO PEÇANHA,AV ERNANI DO AMARAL PEIXOTO 707
2024,71,311,1,7,PSD,1678,LICEU NILO PEÇANHA,AV ERNANI DO AMARAL PEIXOTO 707
2024,71,312,1,5,PSD,1678,LICEU NILO PEÇANHA,AV ERNANI DO AMARAL PEIXOTO 707
2024,71,313,1,3,PSD,1678,LICEU NILO PEÇANHA,AV ERNANI DO AMARAL PEIXOTO 707
2024,71,314,1,4,PSD,1678,LICEU NILO PEÇANHA,AV ERNANI DO AMARAL PEIXOTO 707
2024,71,315,1,6,PSD,1678,LICEU NILO PEÇANHA,AV ERNANI DO AMARAL PEIXOTO 707
2024,71,316,1,6,PSD,1678,LICEU NILO PEÇANHA,AV ERNANI DO AMARAL PEIXOTO 707
2024,71,317,1,5,PSD,1678,LICEU NILO PEÇANHA,AV ERNANI DO AMARAL PEIXOTO 707
2024,71,318,1,3,PSD,1678,LICEU NILO PEÇANHA,AV ERNANI DO AMARAL PEIXOTO 707
2024,71,319,1,5,PSD,1678,LICEU NILO PEÇANHA,AV ERNANI DO AMARAL PEIXOTO 707
2024,71,32,1,17,PSD,1104,INSTITUTO MAIA VINAGRE,RUA NORONHA TORREZÃO 68
2024,71,320,1,7,PSD,1678,LICEU NILO PEÇANHA,AV ERNANI DO AMARAL PEIXOTO 707
2024,71,321,1,9,PSD,1678,LICEU NILO PEÇANHA,AV ERNANI DO AMARAL PEIXOTO 707
2024,71,322,1,2,PSD,1678,LICEU NILO PEÇANHA,AV ERNANI DO AMARAL PEIXOTO 707
2024,71,323,1,5,PSD,1546,UNIVERSIDADE SALGADO DE OLIVEIRA - BL A,RUA MARECHAL DEODORO 217
2024,71,324,1,5,PSD,1546,UNIVERSIDADE SALGADO DE OLIVEIRA - BL A,RUA MARECHAL DEODORO 217
2024,71,325,1,3,PSD,1546,UNIVERSIDADE SALGADO DE OLIVEIRA - BL A,RUA MARECHAL DEODORO 217
2024,71,326,1,3,PSD,1546,UNIVERSIDADE SALGADO DE OLIVEIRA - BL A,RUA MARECHAL DEODORO 217
2024,71,327,1,9,PSD,1546,UNIVERSIDADE SALGADO DE OLIVEIRA - BL A,RUA MARECHAL DEODORO 217
2024,71,328,1,4,PSD,1546,UNIVERSIDADE SALGADO DE OLIVEIRA - BL A,RUA MARECHAL DEODORO 217
2024,71,329,1,5,PSD,1546,UNIVERSIDADE SALGADO DE OLIVEIRA - BL A,RUA MARECHAL DEODORO 217
2024,71,330,1,8,PSD,1546,UNIVERSIDADE SALGADO DE OLIVEIRA - BL A,RUA MARECHAL DEODORO 217
2024,71,331,1,3,PSD,1546,UNIVERSIDADE SALGADO DE OLIVEIRA - BL A,RUA MARECHAL DEODORO 217
2024,71,332,1,4,PSD,1546,UNIVERSIDADE SALGADO DE OLIVEIRA - BL A,RUA MARECHAL DEODORO 217
2024,71,333,1,7,PSD,1554,FACULDADE DE ENGENHARIA DA UFF,RUA PASSO DA PATRIA 156
2024,71,334,1,8,PSD,1554,FACULDADE DE ENGENHARIA DA UFF,RUA PASSO DA PATRIA 156
2024,71,335,1,16,PSD,1554,FACULDADE DE ENGENHARIA DA UFF,RUA PASSO DA PATRIA 156
2024,71,336,1,12,PSD,1554,FACULDADE DE ENGENHARIA DA UFF,RUA PASSO DA PATRIA 156
2024,71,337,1,8,PSD,1554,FACULDADE DE ENGENHARIA DA UFF,RUA PASSO DA PATRIA 156
2024,71,338,1,12,PSD,1554,FACULDADE DE ENGENHARIA DA UFF,RUA PASSO DA PATRIA 156
2024,71,339,1,8,PSD,1562,COLEGIO ESTADUAL RAUL VIDAL,AVENIDA FELICIANO SODRE 21
2024,71,340,1,2,PSD,1562,COLEGIO ESTADUAL RAUL VIDAL,AVENIDA FELICIANO SODRE 21
2024,71,341,1,7,PSD,1562,COLEGIO ESTADUAL RAUL VIDAL,AVENIDA FELICIANO SODRE 21
2024,71,342,1,8,PSD,1562,COLEGIO ESTADUAL RAUL VIDAL,AVENIDA FELICIANO SODRE 21
2024,71,343,1,8,PSD,1562,COLEGIO ESTADUAL RAUL VIDAL,AVENIDA FELICIANO SODRE 21
2024,71,344,1,8,PSD,1562,COLEGIO ESTADUAL RAUL VIDAL,AVENIDA FELICIANO SODRE 21
2024,71,345,1,9,PSD,1562,COLEGIO ESTADUAL RAUL VIDAL,AVENIDA FELICIANO SODRE 21
2024,71,346,1,15,PSD,1562,COLEGIO ESTADUAL RAUL VIDAL,AVENIDA FELICIANO SODRE 21
2024,71,347,1,6,PSD,1562,COLEGIO ESTADUAL RAUL VIDAL,AVENIDA FELICIANO SODRE 21
2024,71,348,1,9,PSD,1562,COLEGIO ESTADUAL RAUL VIDAL,AVENIDA FELICIANO SODRE 21
2024,71,349,1,9,PSD,1562,COLEGIO ESTADUAL RAUL VIDAL,AVENIDA FELICIANO SODRE 21
2024,71,350,1,9,PSD,1562,COLEGIO ESTADUAL RAUL VIDAL,AVENIDA FELICIANO SODRE 21
2024,71,351,1,16,PSD,1570,COLÉGIO UNIVERSÍTÁRIO DA UFF (CIEP GRAGOATÁ),RUA ALEXANDRE MOURA 8
2024,71,352,1,10,PSD,1570,COLÉGIO UNIVERSÍTÁRIO DA UFF (CIEP GRAGOATÁ),RUA ALEXANDRE MOURA 8
2024,71,353,1,12,PSD,1570,COLÉGIO UNIVERSÍTÁRIO DA UFF (CIEP GRAGOATÁ),RUA ALEXANDRE MOURA 8
2024,71,354,1,9,PSD,1570,COLÉGIO UNIVERSÍTÁRIO DA UFF (CIEP GRAGOATÁ),RUA ALEXANDRE MOURA 8
2024,71,355,1,6,PSD,1619,COLEGIO SAO VICENTE DE PAULO,RUA MIGUEL DE FRIAS 123
2024,71,356,1,5,PSD,1619,COLEGIO SAO VICENTE DE PAULO,RUA MIGUEL DE FRIAS 123
2024,71,357,1,7,PSD,1619,COLEGIO SAO VICENTE DE PAULO,RUA MIGUEL DE FRIAS 123
2024,71,358,1,5,PSD,1619,COLEGIO SAO VICENTE DE PAULO,RUA MIGUEL DE FRIAS 123
2024,71,359,1,3,PSD,1619,COLEGIO SAO VICENTE DE PAULO,RUA MIGUEL DE FRIAS 123
2024,71,360,1,7,PSD,1597,ESCOLA MUNICIPAL SANTOS DUMONT,RUA MANOEL CORREIA S/N
2024,71,361,1,7,PSD,1597,ESCOLA MUNICIPAL SANTOS DUMONT,RUA MANOEL CORREIA S/N
2024,71,362,1,9,PSD,1597,ESCOLA MUNICIPAL SANTOS DUMONT,RUA MANOEL CORREIA S/N
2024,71,363,1,5,PSD,1597,ESCOLA MUNICIPAL SANTOS DUMONT,RUA MANOEL CORREIA S/N
2024,71,364,1,8,PSD,1597,ESCOLA MUNICIPAL SANTOS DUMONT,RUA MANOEL CORREIA S/N
2024,71,365,1,11,PSD,1597,ESCOLA MUNICIPAL SANTOS DUMONT,RUA MANOEL CORREIA S/N
2024,71,366,1,7,PSD,1600,INSTITUTO DE EDUCAÇÃO PROFESSOR ISMAEL COUTINHO - IEPIC,"TRAVESSA MANOEL CONTINENTINO, 31"
2024,71,367,1,9,PSD,1600,INSTITUTO DE EDUCAÇÃO PROFESSOR ISMAEL COUTINHO - IEPIC,"TRAVESSA MANOEL CONTINENTINO, 31"
2024,71,368,1,6,PSD,1600,INSTITUTO DE EDUCAÇÃO PROFESSOR ISMAEL COUTINHO - IEPIC,"TRAVESSA MANOEL CONTINENTINO, 31"
2024,71,369,1,4,PSD,1600,INSTITUTO DE EDUCAÇÃO PROFESSOR ISMAEL COUTINHO - IEPIC,"TRAVESSA MANOEL CONTINENTINO, 31"
2024,71,370,1,4,PSD,1600,INSTITUTO DE EDUCAÇÃO PROFESSOR ISMAEL COUTINHO - IEPIC,"TRAVESSA MANOEL CONTINENTINO, 31"
2024,71,371,1,11,PSD,1600,INSTITUTO DE EDUCAÇÃO PROFESSOR ISMAEL COUTINHO - IEPIC,"TRAVESSA MANOEL CONTINENTINO, 31"
2024,71,372,1,8,PSD,1600,INSTITUTO DE EDUCAÇÃO PROFESSOR ISMAEL COUTINHO - IEPIC,"TRAVESSA MANOEL CONTINENTINO, 31"
2024,71,373,1,2,PSD,1600,INSTITUTO DE EDUCAÇÃO PROFESSOR ISMAEL COUTINHO - IEPIC,"TRAVESSA MANOEL CONTINENTINO, 31"
2024,71,374,1,10,PSD,1600,INSTITUTO DE EDUCAÇÃO PROFESSOR ISMAEL COUTINHO - IEPIC,"TRAVESSA MANOEL CONTINENTINO, 31"
2024,71,375,1,9,PSD,1600,INSTITUTO DE EDUCAÇÃO PROFESSOR ISMAEL COUTINHO - IEPIC,"TRAVESSA MANOEL CONTINENTINO, 31"
2024,71,376,1,7,PSD,1600,INSTITUTO DE EDUCAÇÃO PROFESSOR ISMAEL COUTINHO - IEPIC,"TRAVESSA MANOEL CONTINENTINO, 31"
2024,71,377,1,5,PSD,1619,COLEGIO SAO VICENTE DE PAULO,RUA MIGUEL DE FRIAS 123
2024,71,378,1,7,PSD,1619,COLEGIO SAO VICENTE DE PAULO,RUA MIGUEL DE FRIAS 123
2024,71,379,1,10,PSD,1619,COLEGIO SAO VICENTE DE PAULO,RUA MIGUEL DE FRIAS 123
2024,71,380,1,9,PSD,1619,COLEGIO SAO VICENTE DE PAULO,RUA MIGUEL DE FRIAS 123
2024,71,381,1,3,PSD,1619,COLEGIO SAO VICENTE DE PAULO,RUA MIGUEL DE FRIAS 123
2024,71,382,1,9,PSD,1619,COLEGIO SAO VICENTE DE PAULO,RUA MIGUEL DE FRIAS 123
2024,71,383,1,12,PSD,1619,COLEGIO SAO VICENTE DE PAULO,RUA MIGUEL DE FRIAS 123
2024,71,384,1,3,PSD,1619,COLEGIO SAO VICENTE DE PAULO,RUA MIGUEL DE FRIAS 123
2024,71,385,1,3,PSD,1619,COLEGIO SAO VICENTE DE PAULO,RUA MIGUEL DE FRIAS 123
2024,71,386,1,9,PSD,1619,COLEGIO SAO VICENTE DE PAULO,RUA MIGUEL DE FRIAS 123
2024,71,387,1,6,PSD,1619,COLEGIO SAO VICENTE DE PAULO,RUA MIGUEL DE FRIAS 123
2024,71,388,1,2,PSD,1619,COLEGIO SAO VICENTE DE PAULO,RUA MIGUEL DE FRIAS 123
2024,71,389,1,5,PSD,1619,COLEGIO SAO VICENTE DE PAULO,RUA MIGUEL DE FRIAS 123
2024,71,390,1,9,PSD,1619,COLEGIO SAO VICENTE DE PAULO,RUA MIGUEL DE FRIAS 123
2024,71,391,1,11,PSD,1619,COLEGIO SAO VICENTE DE PAULO,RUA MIGUEL DE FRIAS 123
2024,71,392,1,4,PSD,1627,REITORIA DA UFF,RUA MIGUEL DE FRIAS 9
2024,71,393,1,7,PSD,1627,REITORIA DA UFF,RUA MIGUEL DE FRIAS 9
2024,71,394,1,11,PSD,1627,REITORIA DA UFF,RUA MIGUEL DE FRIAS 9
2024,71,397,1,6,PSD,1643,JARDIM DE INFÂNCIA ALBERTO DE OLIVEIRA,RUA EVARISTO DA VEIGA 108
2024,71,398,1,7,PSD,1643,JARDIM DE INFÂNCIA ALBERTO DE OLIVEIRA,RUA EVARISTO DA VEIGA 108
2024,71,399,1,4,PSD,1643,JARDIM DE INFÂNCIA ALBERTO DE OLIVEIRA,RUA EVARISTO DA VEIGA 108
2024,71,4,1,9,PSD,1015,CENTRO EDUCACIONAL DE NITEROI - CENTRINHO,RUA ITAGUAI 173
2024,71,400,1,4,PSD,1643,JARDIM DE INFÂNCIA ALBERTO DE OLIVEIRA,RUA EVARISTO DA VEIGA 108
2024,71,401,1,5,PSD,1651,FACULDADE DE ENFERMAGEM DA UFF,RUA DR CELESTINO 74
2024,71,402,1,2,PSD,1651,FACULDADE DE ENFERMAGEM DA UFF,RUA DR CELESTINO 74
2024,71,403,1,6,PSD,1651,FACULDADE DE ENFERMAGEM DA UFF,RUA DR CELESTINO 74
2024,71,404,1,4,PSD,1651,FACULDADE DE ENFERMAGEM DA UFF,RUA DR CELESTINO 74
2024,71,405,1,3,PSD,1651,FACULDADE DE ENFERMAGEM DA UFF,RUA DR CELESTINO 74
2024,71,406,1,5,PSD,1651,FACULDADE DE ENFERMAGEM DA UFF,RUA DR CELESTINO 74
2024,71,407,1,3,PSD,1651,FACULDADE DE ENFERMAGEM DA UFF,RUA DR CELESTINO 74
2024,71,408,1,6,PSD,1651,FACULDADE DE ENFERMAGEM DA UFF,RUA DR CELESTINO 74
2024,71,409,1,8,PSD,1660,FACULDADE DE DIREITO DA UFF - UFF - DIREITO 1,RUA PRESIDENTE PEDREIRA 62
2024,71,410,1,8,PSD,1660,FACULDADE DE DIREITO DA UFF - UFF - DIREITO 1,RUA PRESIDENTE PEDREIRA 62
2024,71,411,1,9,PSD,1660,FACULDADE DE DIREITO DA UFF - UFF - DIREITO 1,RUA PRESIDENTE PEDREIRA 62
2024,71,412,1,8,PSD,1660,FACULDADE DE DIREITO DA UFF - UFF - DIREITO 1,RUA PRESIDENTE PEDREIRA 62
2024,71,413,1,2,PSD,1660,FACULDADE DE DIREITO DA UFF - UFF - DIREITO 1,RUA PRESIDENTE PEDREIRA 62
2024,71,414,1,7,PSD,1660,FACULDADE DE DIREITO DA UFF - UFF - DIREITO 1,RUA PRESIDENTE PEDREIRA 62
2024,71,415,1,7,PSD,1660,FACULDADE DE DIREITO DA UFF - UFF - DIREITO 1,RUA PRESIDENTE PEDREIRA 62
2024,71,416,1,10,PSD,1660,FACULDADE DE DIREITO DA UFF - UFF - DIREITO 1,RUA PRESIDENTE PEDREIRA 62
2024,71,417,1,9,PSD,1660,FACULDADE DE DIREITO DA UFF - UFF - DIREITO 1,RUA PRESIDENTE PEDREIRA 62
2024,71,418,1,11,PSD,1660,FACULDADE DE DIREITO DA UFF - UFF - DIREITO 1,RUA PRESIDENTE PEDREIRA 62
2024,71,419,1,9,PSD,1660,FACULDADE DE DIREITO DA UFF - UFF - DIREITO 1,RUA PRESIDENTE PEDREIRA 62
2024,71,420,1,13,PSD,1660,FACULDADE DE DIREITO DA UFF - UFF - DIREITO 1,RUA PRESIDENTE PEDREIRA 62
2024,71,421,1,6,PSD,1678,LICEU NILO PEÇANHA,AV ERNANI DO AMARAL PEIXOTO 707
2024,71,422,1,9,PSD,1678,LICEU NILO PEÇANHA,AV ERNANI DO AMARAL PEIXOTO 707
2024,71,423,1,10,PSD,1678,LICEU NILO PEÇANHA,AV ERNANI DO AMARAL PEIXOTO 707
2024,71,424,1,3,PSD,1678,LICEU NILO PEÇANHA,AV ERNANI DO AMARAL PEIXOTO 707
2024,71,425,1,7,PSD,1678,LICEU NILO PEÇANHA,AV ERNANI DO AMARAL PEIXOTO 707
2024,71,426,1,8,PSD,1678,LICEU NILO PEÇANHA,AV ERNANI DO AMARAL PEIXOTO 707
2024,71,427,1,10,PSD,1678,LICEU NILO PEÇANHA,AV ERNANI DO AMARAL PEIXOTO 707
2024,71,428,1,5,PSD,1678,LICEU NILO PEÇANHA,AV ERNANI DO AMARAL PEIXOTO 707
2024,71,429,1,3,PSD,1678,LICEU NILO PEÇANHA,AV ERNANI DO AMARAL PEIXOTO 707
2024,71,430,1,8,PSD,1678,LICEU NILO PEÇANHA,AV ERNANI DO AMARAL PEIXOTO 707
2024,71,431,1,4,PSD,1678,LICEU NILO PEÇANHA,AV ERNANI DO AMARAL PEIXOTO 707
2024,71,432,1,5,PSD,1678,LICEU NILO PEÇANHA,AV ERNANI DO AMARAL PEIXOTO 707
2024,71,433,1,8,PSD,1678,LICEU NILO PEÇANHA,AV ERNANI DO AMARAL PEIXOTO 707
2024,71,434,1,6,PSD,1678,LICEU NILO PEÇANHA,AV ERNANI DO AMARAL PEIXOTO 707
2024,71,435,1,1,PSD,1678,LICEU NILO PEÇANHA,AV ERNANI DO AMARAL PEIXOTO 707
2024,71,436,1,4,PSD,1600,INSTITUTO DE EDUCAÇÃO PROFESSOR ISMAEL COUTINHO - IEPIC,"TRAVESSA MANOEL CONTINENTINO, 31"
2024,71,437,1,6,PSD,1600,INSTITUTO DE EDUCAÇÃO PROFESSOR ISMAEL COUTINHO - IEPIC,"TRAVESSA MANOEL CONTINENTINO, 31"
2024,71,438,1,5,PSD,1600,INSTITUTO DE EDUCAÇÃO PROFESSOR ISMAEL COUTINHO - IEPIC,"TRAVESSA MANOEL CONTINENTINO, 31"
2024,71,439,1,5,PSD,1600,INSTITUTO DE EDUCAÇÃO PROFESSOR ISMAEL COUTINHO - IEPIC,"TRAVESSA MANOEL CONTINENTINO, 31"
2024,71,440,1,15,PSD,1694,RIO CRICKET,RUA FAGUNDES VARELA 637
2024,71,441,1,9,PSD,1694,RIO CRICKET,RUA FAGUNDES VARELA 637
2024,71,442,1,8,PSD,1694,RIO CRICKET,RUA FAGUNDES VARELA 637
2024,71,443,1,13,PSD,1694,RIO CRICKET,RUA FAGUNDES VARELA 637
2024,71,444,1,11,PSD,1694,RIO CRICKET,RUA FAGUNDES VARELA 637
2024,71,445,1,3,PSD,1600,INSTITUTO DE EDUCAÇÃO PROFESSOR ISMAEL COUTINHO - IEPIC,"TRAVESSA MANOEL CONTINENTINO, 31"
2024,71,446,1,6,PSD,1260,INSTITUTO ABEL,AV. ROBERTO SILVEIRA 29
2024,71,447,1,13,PSD,1422,CLUBE PORTUGUES DE NITEROI,RUA PROFESSOR LARA VILELA 176
2024,71,448,1,13,PSD,1295,COLEGIO SALESIANO SANTA ROSA,RUA SANTA ROSA 207
2024,71,449,1,12,PSD,1260,INSTITUTO ABEL,AV. ROBERTO SILVEIRA 29
2024,71,450,1,6,PSD,1104,INSTITUTO MAIA VINAGRE,RUA NORONHA TORREZÃO 68
2024,71,5,1,8,PSD,1015,CENTRO EDUCACIONAL DE NITEROI - CENTRINHO,RUA ITAGUAI 173
2024,71,6,1,13,PSD,1015,CENTRO EDUCACIONAL DE NITEROI - CENTRINHO,RUA ITAGUAI 173
2024,71,69,1,9,PSD,1244,ESCOLA ESTADUAL MANUEL DE ABREU,RUA LOPES TROVAO 287-A
2024,71,70,1,7,PSD,1244,ESCOLA ESTADUAL MANUEL DE ABREU,RUA LOPES TROVAO 287-A
2024,71,71,1,17,PSD,1260,INSTITUTO ABEL,AV. ROBERTO SILVEIRA 29
2024,71,72,1,8,PSD,1260,INSTITUTO ABEL,AV. ROBERTO SILVEIRA 29
2024,71,73,1,20,PSD,1260,INSTITUTO ABEL,AV. ROBERTO SILVEIRA 29
2024,71,74,1,7,PSD,1260,INSTITUTO ABEL,AV. ROBERTO SILVEIRA 29
2024,71,75,1,10,PSD,1368,INSTITUTO SÃO JOSÉ,RUA GERALDO MARTINS 166
2024,71,76,1,12,PSD,1368,INSTITUTO SÃO JOSÉ,RUA GERALDO MARTINS 166
2024,71,77,1,2,PSD,1244,ESCOLA ESTADUAL MANUEL DE ABREU,RUA LOPES TROVAO 287-A
2024,71,78,1,20,PSD,1244,ESCOLA ESTADUAL MANUEL DE ABREU,RUA LOPES TROVAO 287-A
2024,71,79,1,7,PSD,1244,ESCOLA ESTADUAL MANUEL DE ABREU,RUA LOPES TROVAO 287-A
2024,71,80,1,17,PSD,1317,ESCOLA ESTADUAL BALTAZAR BERNARDINO,RUA MARIZ E BARROS 444
2024,71,81,1,7,PSD,1317,ESCOLA ESTADUAL BALTAZAR BERNARDINO,RUA MARIZ E BARROS 444
2024,71,82,1,9,PSD,1260,INSTITUTO ABEL,AV. ROBERTO SILVEIRA 29
2024,71,83,1,6,PSD,1260,INSTITUTO ABEL,AV. ROBERTO SILVEIRA 29
2024,71,84,1,8,PSD,1260,INSTITUTO ABEL,AV. ROBERTO SILVEIRA 29
2024,71,85,1,9,PSD,1333,PARÓQUIA NOSSA SENHORA AUXILIADORA - CENTRO COMUNITÁRIO,"RUA SANTA ROSA, 216"
2024,71,86,1,12,PSD,1015,CENTRO EDUCACIONAL DE NITEROI - CENTRINHO,RUA ITAGUAI 173
2024,71,87,1,11,PSD,1015,CENTRO EDUCACIONAL DE NITEROI - CENTRINHO,RUA ITAGUAI 173
2024,71,88,1,8,PSD,1295,COLEGIO SALESIANO SANTA ROSA,RUA SANTA ROSA 207
2024,71,89,1,10,PSD,1295,COLEGIO SALESIANO SANTA ROSA,RUA SANTA ROSA 207
2024,71,90,1,18,PSD,1295,COLEGIO SALESIANO SANTA ROSA,RUA SANTA ROSA 207
2024,71,91,1,12,PSD,1295,COLEGIO SALESIANO SANTA ROSA,RUA SANTA ROSA 207
2024,71,92,1,7,PSD,1295,COLEGIO SALESIANO SANTA ROSA,RUA SANTA ROSA 207
2024,71,93,1,15,PSD,1295,COLEGIO SALESIANO SANTA ROSA,RUA SANTA ROSA 207
2024,71,94,1,10,PSD,1295,COLEGIO SALESIANO SANTA ROSA,RUA SANTA ROSA 207
2024,71,95,1,11,PSD,1295,COLEGIO SALESIANO SANTA ROSA,RUA SANTA ROSA 207
2024,71,96,1,8,PSD,1295,COLEGIO SALESIANO SANTA ROSA,RUA SANTA ROSA 207
2024,71,97,1,11,PSD,1295,COLEGIO SALESIANO SANTA ROSA,RUA SANTA ROSA 207
2024,71,98,1,8,PSD,1295,COLEGIO SALESIANO SANTA ROSA,RUA SANTA ROSA 207
2024,71,99,1,19,PSD,1295,COLEGIO SALESIANO SANTA ROSA,RUA SANTA ROSA 207
2024,72,1,1,7,PSD,1015,INSTITUTO JCA,"RODOVIA PREFEITO JOÃO SAMPAIO, 2501"
2024,72,10,1,10,PSD,1040,CIEP 447 - CARAMUJO,RODOVIA AMARAL PEIXOTO KM 2
2024,72,11,1,9,PSD,1040,CIEP 447 - CARAMUJO,RODOVIA AMARAL PEIXOTO KM 2
2024,72,113,1,12,PSD,1368,ESCOLA MUNICIPAL VILA COSTA MONTEIRO,RUA ITITIOCA S/N
2024,72,114,1,9,PSD,1368,ESCOLA MUNICIPAL VILA COSTA MONTEIRO,RUA ITITIOCA S/N
2024,72,118,1,17,PSD,1040,CIEP 447 - CARAMUJO,RODOVIA AMARAL PEIXOTO KM 2
2024,72,12,1,8,PSD,1040,CIEP 447 - CARAMUJO,RODOVIA AMARAL PEIXOTO KM 2
2024,72,120,1,20,PSD,1449,CIEP 450 - BADU,ESTRADA CAETANO MONTEIRO S/N
2024,72,121,1,5,PSD,1015,INSTITUTO JCA,"RODOVIA PREFEITO JOÃO SAMPAIO, 2501"
2024,72,122,1,14,PSD,1074,COLEGIO ESTADUAL PAULO ASSIS RIBEIRO,ESTRADA CAETANO MONTEIRO 814
2024,72,123,1,18,PSD,1112,ESCOLA ESTADUAL LEOPOLDO FROES,RUA REVERENDO ARMANDO FERREIRA  S/N
2024,72,126,1,8,PSD,1180,ESCOLA MUNICIPAL RACHIDE DA GLORIA SALIM SAKER,RUA JANDIRA PEREIRA 620
2024,72,13,1,3,PSD,1040,CIEP 447 - CARAMUJO,RODOVIA AMARAL PEIXOTO KM 2
2024,72,130,1,16,PSD,1147,ESCOLA MUNICIPAL VERA LUCIA MACHADO,RUA ALDEMAR DE PAIVA LOTE 7 E 8
2024,72,131,1,13,PSD,1449,CIEP 450 - BADU,ESTRADA CAETANO MONTEIRO S/N
2024,72,132,1,16,PSD,1368,ESCOLA MUNICIPAL VILA COSTA MONTEIRO,RUA ITITIOCA S/N
2024,72,133,1,19,PSD,1074,COLEGIO ESTADUAL PAULO ASSIS RIBEIRO,ESTRADA CAETANO MONTEIRO 814
2024,72,136,1,24,PSD,1112,ESCOLA ESTADUAL LEOPOLDO FROES,RUA REVERENDO ARMANDO FERREIRA  S/N
2024,72,137,1,5,PSD,1015,INSTITUTO JCA,"RODOVIA PREFEITO JOÃO SAMPAIO, 2501"
2024,72,139,1,7,PSD,1171,ESCOLA MUNICIPAL ANTONIO COUTINHO DE AZEVEDO,AV DES NESTOR RODRIGUES PERLINGEIRO S/N
2024,72,14,1,13,PSD,1040,CIEP 447 - CARAMUJO,RODOVIA AMARAL PEIXOTO KM 2
2024,72,143,1,6,PSD,1015,INSTITUTO JCA,"RODOVIA PREFEITO JOÃO SAMPAIO, 2501"
2024,72,144,1,19,PSD,1112,ESCOLA ESTADUAL LEOPOLDO FROES,RUA REVERENDO ARMANDO FERREIRA  S/N
2024,72,146,1,9,PSD,1171,ESCOLA MUNICIPAL ANTONIO COUTINHO DE AZEVEDO,AV DES NESTOR RODRIGUES PERLINGEIRO S/N
2024,72,147,1,13,PSD,1074,COLEGIO ESTADUAL PAULO ASSIS RIBEIRO,ESTRADA CAETANO MONTEIRO 814
2024,72,149,1,2,PSD,1015,INSTITUTO JCA,"RODOVIA PREFEITO JOÃO SAMPAIO, 2501"
2024,72,15,1,7,PSD,1040,CIEP 447 - CARAMUJO,RODOVIA AMARAL PEIXOTO KM 2
2024,72,150,1,16,PSD,1449,CIEP 450 - BADU,ESTRADA CAETANO MONTEIRO S/N
2024,72,151,1,13,PSD,1040,CIEP 447 - CARAMUJO,RODOVIA AMARAL PEIXOTO KM 2
2024,72,152,1,10,PSD,1040,CIEP 447 - CARAMUJO,RODOVIA AMARAL PEIXOTO KM 2
2024,72,156,1,18,PSD,1368,ESCOLA MUNICIPAL VILA COSTA MONTEIRO,RUA ITITIOCA S/N
2024,72,159,1,18,PSD,1449,CIEP 450 - BADU,ESTRADA CAETANO MONTEIRO S/N
2024,72,16,1,10,PSD,1015,INSTITUTO JCA,"RODOVIA PREFEITO JOÃO SAMPAIO, 2501"
2024,72,160,1,11,PSD,1147,ESCOLA MUNICIPAL VERA LUCIA MACHADO,RUA ALDEMAR DE PAIVA LOTE 7 E 8
2024,72,162,1,7,PSD,1171,ESCOLA MUNICIPAL ANTONIO COUTINHO DE AZEVEDO,AV DES NESTOR RODRIGUES PERLINGEIRO S/N
2024,72,163,1,14,PSD,1449,CIEP 450 - BADU,ESTRADA CAETANO MONTEIRO S/N
2024,72,164,1,4,PSD,1015,INSTITUTO JCA,"RODOVIA PREFEITO JOÃO SAMPAIO, 2501"
2024,72,168,1,16,PSD,1074,COLEGIO ESTADUAL PAULO ASSIS RIBEIRO,ESTRADA CAETANO MONTEIRO 814
2024,72,17,1,4,PSD,1015,INSTITUTO JCA,"RODOVIA PREFEITO JOÃO SAMPAIO, 2501"
2024,72,173,1,15,PSD,1449,CIEP 450 - BADU,ESTRADA CAETANO MONTEIRO S/N
2024,72,174,1,10,PSD,1473,COLÉGIO FORUM CULTURAL,ESTRADA FRANCISCO DA CRUZ NUNES 2454
2024,72,177,1,7,PSD,1015,INSTITUTO JCA,"RODOVIA PREFEITO JOÃO SAMPAIO, 2501"
2024,72,178,1,6,PSD,1171,ESCOLA MUNICIPAL ANTONIO COUTINHO DE AZEVEDO,AV DES NESTOR RODRIGUES PERLINGEIRO S/N
2024,72,18,1,12,PSD,1449,CIEP 450 - BADU,ESTRADA CAETANO MONTEIRO S/N
2024,72,181,1,15,PSD,1473,COLÉGIO FORUM CULTURAL,ESTRADA FRANCISCO DA CRUZ NUNES 2454
2024,72,183,1,4,PSD,1015,INSTITUTO JCA,"RODOVIA PREFEITO JOÃO SAMPAIO, 2501"
2024,72,184,1,16,PSD,1147,ESCOLA MUNICIPAL VERA LUCIA MACHADO,RUA ALDEMAR DE PAIVA LOTE 7 E 8
2024,72,185,1,16,PSD,1368,ESCOLA MUNICIPAL VILA COSTA MONTEIRO,RUA ITITIOCA S/N
2024,72,186,1,11,PSD,1473,COLÉGIO FORUM CULTURAL,ESTRADA FRANCISCO DA CRUZ NUNES 2454
2024,72,187,1,16,PSD,1473,COLÉGIO FORUM CULTURAL,ESTRADA FRANCISCO DA CRUZ NUNES 2454
2024,72,188,1,13,PSD,1040,CIEP 447 - CARAMUJO,RODOVIA AMARAL PEIXOTO KM 2
2024,72,189,1,17,PSD,1074,COLEGIO ESTADUAL PAULO ASSIS RIBEIRO,ESTRADA CAETANO MONTEIRO 814
2024,72,19,1,20,PSD,1449,CIEP 450 - BADU,ESTRADA CAETANO MONTEIRO S/N
2024,72,190,1,18,PSD,1074,COLEGIO ESTADUAL PAULO ASSIS RIBEIRO,ESTRADA CAETANO MONTEIRO 814
2024,72,191,1,15,PSD,1473,COLÉGIO FORUM CULTURAL,ESTRADA FRANCISCO DA CRUZ NUNES 2454
2024,72,192,1,17,PSD,1449,CIEP 450 - BADU,ESTRADA CAETANO MONTEIRO S/N
2024,72,193,1,14,PSD,1473,COLÉGIO FORUM CULTURAL,ESTRADA FRANCISCO DA CRUZ NUNES 2454
2024,72,194,1,13,PSD,1368,ESCOLA MUNICIPAL VILA COSTA MONTEIRO,RUA ITITIOCA S/N
2024,72,195,1,17,PSD,1449,CIEP 450 - BADU,ESTRADA CAETANO MONTEIRO S/N
2024,72,196,1,24,PSD,1147,ESCOLA MUNICIPAL VERA LUCIA MACHADO,RUA ALDEMAR DE PAIVA LOTE 7 E 8
2024,72,197,1,9,PSD,1040,CIEP 447 - CARAMUJO,RODOVIA AMARAL PEIXOTO KM 2
2024,72,198,1,7,PSD,1180,ESCOLA MUNICIPAL RACHIDE DA GLORIA SALIM SAKER,RUA JANDIRA PEREIRA 620
2024,72,199,1,14,PSD,1368,ESCOLA MUNICIPAL VILA COSTA MONTEIRO,RUA ITITIOCA S/N
2024,72,2,1,3,PSD,1015,INSTITUTO JCA,"RODOVIA PREFEITO JOÃO SAMPAIO, 2501"
2024,72,20,1,12,PSD,1449,CIEP 450 - BADU,ESTRADA CAETANO MONTEIRO S/N
2024,72,201,1,20,PSD,1473,COLÉGIO FORUM CULTURAL,ESTRADA FRANCISCO DA CRUZ NUNES 2454
2024,72,202,1,20,PSD,1074,COLEGIO ESTADUAL PAULO ASSIS RIBEIRO,ESTRADA CAETANO MONTEIRO 814
2024,72,203,1,20,PSD,1449,CIEP 450 - BADU,ESTRADA CAETANO MONTEIRO S/N
2024,72,204,1,15,PSD,1040,CIEP 447 - CARAMUJO,RODOVIA AMARAL PEIXOTO KM 2
2024,72,205,1,15,PSD,1368,ESCOLA MUNICIPAL VILA COSTA MONTEIRO,RUA ITITIOCA S/N
2024,72,207,1,15,PSD,1473,COLÉGIO FORUM CULTURAL,ESTRADA FRANCISCO DA CRUZ NUNES 2454
2024,72,208,1,9,PSD,1180,ESCOLA MUNICIPAL RACHIDE DA GLORIA SALIM SAKER,RUA JANDIRA PEREIRA 620
2024,72,209,1,19,PSD,1074,COLEGIO ESTADUAL PAULO ASSIS RIBEIRO,ESTRADA CAETANO MONTEIRO 814
2024,72,21,1,13,PSD,1449,CIEP 450 - BADU,ESTRADA CAETANO MONTEIRO S/N
2024,72,210,1,13,PSD,1074,COLEGIO ESTADUAL PAULO ASSIS RIBEIRO,ESTRADA CAETANO MONTEIRO 814
2024,72,211,1,22,PSD,1368,ESCOLA MUNICIPAL VILA COSTA MONTEIRO,RUA ITITIOCA S/N
2024,72,212,1,14,PSD,1040,CIEP 447 - CARAMUJO,RODOVIA AMARAL PEIXOTO KM 2
2024,72,213,1,14,PSD,1147,ESCOLA MUNICIPAL VERA LUCIA MACHADO,RUA ALDEMAR DE PAIVA LOTE 7 E 8
2024,72,214,1,22,PSD,1473,COLÉGIO FORUM CULTURAL,ESTRADA FRANCISCO DA CRUZ NUNES 2454
2024,72,215,1,17,PSD,1074,COLEGIO ESTADUAL PAULO ASSIS RIBEIRO,ESTRADA CAETANO MONTEIRO 814
2024,72,217,1,14,PSD,1040,CIEP 447 - CARAMUJO,RODOVIA AMARAL PEIXOTO KM 2
2024,72,218,1,7,PSD,1180,ESCOLA MUNICIPAL RACHIDE DA GLORIA SALIM SAKER,RUA JANDIRA PEREIRA 620
2024,72,219,1,19,PSD,1074,COLEGIO ESTADUAL PAULO ASSIS RIBEIRO,ESTRADA CAETANO MONTEIRO 814
2024,72,22,1,22,PSD,1449,CIEP 450 - BADU,ESTRADA CAETANO MONTEIRO S/N
2024,72,220,1,19,PSD,1368,ESCOLA MUNICIPAL VILA COSTA MONTEIRO,RUA ITITIOCA S/N
2024,72,221,1,14,PSD,1449,CIEP 450 - BADU,ESTRADA CAETANO MONTEIRO S/N
2024,72,222,1,18,PSD,1520,ESCOLA MUNICIPAL LEVI CARNEIRO,ESTRADA WASHINGTON LUIS 488
2024,72,223,1,20,PSD,1520,ESCOLA MUNICIPAL LEVI CARNEIRO,ESTRADA WASHINGTON LUIS 488
2024,72,224,1,27,PSD,1520,ESCOLA MUNICIPAL LEVI CARNEIRO,ESTRADA WASHINGTON LUIS 488
2024,72,225,1,20,PSD,1520,ESCOLA MUNICIPAL LEVI CARNEIRO,ESTRADA WASHINGTON LUIS 488
2024,72,226,1,20,PSD,1520,ESCOLA MUNICIPAL LEVI CARNEIRO,ESTRADA WASHINGTON LUIS 488
2024,72,227,1,28,PSD,1520,ESCOLA MUNICIPAL LEVI CARNEIRO,ESTRADA WASHINGTON LUIS 488
2024,72,228,1,30,PSD,1520,ESCOLA MUNICIPAL LEVI CARNEIRO,ESTRADA WASHINGTON LUIS 488
2024,72,229,1,30,PSD,1520,ESCOLA MUNICIPAL LEVI CARNEIRO,ESTRADA WASHINGTON LUIS 488
2024,72,23,1,18,PSD,1074,COLEGIO ESTADUAL PAULO ASSIS RIBEIRO,ESTRADA CAETANO MONTEIRO 814
2024,72,230,1,26,PSD,1520,ESCOLA MUNICIPAL LEVI CARNEIRO,ESTRADA WASHINGTON LUIS 488
2024,72,231,1,25,PSD,1520,ESCOLA MUNICIPAL LEVI CARNEIRO,ESTRADA WASHINGTON LUIS 488
2024,72,232,1,25,PSD,1520,ESCOLA MUNICIPAL LEVI CARNEIRO,ESTRADA WASHINGTON LUIS 488
2024,72,233,1,13,PSD,1520,ESCOLA MUNICIPAL LEVI CARNEIRO,ESTRADA WASHINGTON LUIS 488
2024,72,234,1,21,PSD,1520,ESCOLA MUNICIPAL LEVI CARNEIRO,ESTRADA WASHINGTON LUIS 488
2024,72,235,1,23,PSD,1520,ESCOLA MUNICIPAL LEVI CARNEIRO,ESTRADA WASHINGTON LUIS 488
2024,72,236,1,25,PSD,1520,ESCOLA MUNICIPAL LEVI CARNEIRO,ESTRADA WASHINGTON LUIS 488
2024,72,237,1,20,PSD,1538,ESCOLA CATAVENTO ESPAÇO DE EDUCAÇÃO,"ESTRADA WASHINGTON LUIZ, 224"
2024,72,238,1,23,PSD,1538,ESCOLA CATAVENTO ESPAÇO DE EDUCAÇÃO,"ESTRADA WASHINGTON LUIZ, 224"
2024,72,239,1,19,PSD,1546,COLÉGIO GOMES PEREIRA,AVENIDA RUI BARBOSA 1250
2024,72,24,1,23,PSD,1074,COLEGIO ESTADUAL PAULO ASSIS RIBEIRO,ESTRADA CAETANO MONTEIRO 814
2024,72,240,1,26,PSD,1546,COLÉGIO GOMES PEREIRA,AVENIDA RUI BARBOSA 1250
2024,72,241,1,13,PSD,1546,COLÉGIO GOMES PEREIRA,AVENIDA RUI BARBOSA 1250
2024,72,242,1,22,PSD,1538,ESCOLA CATAVENTO ESPAÇO DE EDUCAÇÃO,"ESTRADA WASHINGTON LUIZ, 224"
2024,72,243,1,8,PSD,1473,COLÉGIO FORUM CULTURAL,ESTRADA FRANCISCO DA CRUZ NUNES 2454
2024,72,244,1,17,PSD,1554,JARDIM ESCOLA GIRASSÓIS,"ESTRADA CAETANO MONTEIRO, 820"
2024,72,245,1,16,PSD,1368,ESCOLA MUNICIPAL VILA COSTA MONTEIRO,RUA ITITIOCA S/N
2024,72,246,1,22,PSD,1147,ESCOLA MUNICIPAL VERA LUCIA MACHADO,RUA ALDEMAR DE PAIVA LOTE 7 E 8
2024,72,247,1,17,PSD,1554,JARDIM ESCOLA GIRASSÓIS,"ESTRADA CAETANO MONTEIRO, 820"
2024,72,248,1,21,PSD,1546,COLÉGIO GOMES PEREIRA,AVENIDA RUI BARBOSA 1250
2024,72,249,1,14,PSD,1554,JARDIM ESCOLA GIRASSÓIS,"ESTRADA CAETANO MONTEIRO, 820"
2024,72,25,1,18,PSD,1074,COLEGIO ESTADUAL PAULO ASSIS RIBEIRO,ESTRADA CAETANO MONTEIRO 814
2024,72,250,1,19,PSD,1554,JARDIM ESCOLA GIRASSÓIS,"ESTRADA CAETANO MONTEIRO, 820"
2024,72,251,1,34,PSD,1538,ESCOLA CATAVENTO ESPAÇO DE EDUCAÇÃO,"ESTRADA WASHINGTON LUIZ, 224"
2024,72,252,1,24,PSD,1554,JARDIM ESCOLA GIRASSÓIS,"ESTRADA CAETANO MONTEIRO, 820"
2024,72,253,1,57,PSD,1562,ESCOLA MUNICIPAL HELENA ANTIPOFF,RUA RUI BARBOSA 710
2024,72,254,1,62,PSD,1562,ESCOLA MUNICIPAL HELENA ANTIPOFF,RUA RUI BARBOSA 710
2024,72,255,1,64,PSD,1562,ESCOLA MUNICIPAL HELENA ANTIPOFF,RUA RUI BARBOSA 710
2024,72,256,1,57,PSD,1562,ESCOLA MUNICIPAL HELENA ANTIPOFF,RUA RUI BARBOSA 710
2024,72,257,1,58,PSD,1562,ESCOLA MUNICIPAL HELENA ANTIPOFF,RUA RUI BARBOSA 710
2024,72,258,1,7,PSD,1570,IGREJA DO SANTUARIO NACIONAL DAS ALMAS,RUA ALVARES DE AZEVEDO 237
2024,72,259,1,6,PSD,1570,IGREJA DO SANTUARIO NACIONAL DAS ALMAS,RUA ALVARES DE AZEVEDO 237
2024,72,26,1,23,PSD,1074,COLEGIO ESTADUAL PAULO ASSIS RIBEIRO,ESTRADA CAETANO MONTEIRO 814
2024,72,260,1,4,PSD,1570,IGREJA DO SANTUARIO NACIONAL DAS ALMAS,RUA ALVARES DE AZEVEDO 237
2024,72,261,1,8,PSD,1570,IGREJA DO SANTUARIO NACIONAL DAS ALMAS,RUA ALVARES DE AZEVEDO 237
2024,72,262,1,8,PSD,1570,IGREJA DO SANTUARIO NACIONAL DAS ALMAS,RUA ALVARES DE AZEVEDO 237
2024,72,263,1,7,PSD,1570,IGREJA DO SANTUARIO NACIONAL DAS ALMAS,RUA ALVARES DE AZEVEDO 237
2024,72,264,1,12,PSD,1570,IGREJA DO SANTUARIO NACIONAL DAS ALMAS,RUA ALVARES DE AZEVEDO 237
2024,72,265,1,6,PSD,1570,IGREJA DO SANTUARIO NACIONAL DAS ALMAS,RUA ALVARES DE AZEVEDO 237
2024,72,266,1,10,PSD,1589,COLÉGIO GAY-LUSSAC,RUA MARIA CALDAS 35
2024,72,267,1,19,PSD,1589,COLÉGIO GAY-LUSSAC,RUA MARIA CALDAS 35
2024,72,268,1,9,PSD,1589,COLÉGIO GAY-LUSSAC,RUA MARIA CALDAS 35
2024,72,269,1,13,PSD,1589,COLÉGIO GAY-LUSSAC,RUA MARIA CALDAS 35
2024,72,27,1,7,PSD,1449,CIEP 450 - BADU,ESTRADA CAETANO MONTEIRO S/N
2024,72,270,1,15,PSD,1589,COLÉGIO GAY-LUSSAC,RUA MARIA CALDAS 35
2024,72,271,1,8,PSD,1589,COLÉGIO GAY-LUSSAC,RUA MARIA CALDAS 35
2024,72,272,1,13,PSD,1589,COLÉGIO GAY-LUSSAC,RUA MARIA CALDAS 35
2024,72,273,1,17,PSD,1589,COLÉGIO GAY-LUSSAC,RUA MARIA CALDAS 35
2024,72,274,1,6,PSD,1597,COLÉGIO PONTO DE ENSINO,RUA OSWALDO CRUZ 32
2024,72,275,1,8,PSD,1597,COLÉGIO PONTO DE ENSINO,RUA OSWALDO CRUZ 32
2024,72,276,1,11,PSD,1597,COLÉGIO PONTO DE ENSINO,RUA OSWALDO CRUZ 32
2024,72,277,1,5,PSD,1597,COLÉGIO PONTO DE ENSINO,RUA OSWALDO CRUZ 32
2024,72,278,1,8,PSD,1597,COLÉGIO PONTO DE ENSINO,RUA OSWALDO CRUZ 32
2024,72,279,1,7,PSD,1597,COLÉGIO PONTO DE ENSINO,RUA OSWALDO CRUZ 32
2024,72,28,1,26,PSD,1449,CIEP 450 - BADU,ESTRADA CAETANO MONTEIRO S/N
2024,72,280,1,8,PSD,1597,COLÉGIO PONTO DE ENSINO,RUA OSWALDO CRUZ 32
2024,72,281,1,12,PSD,1597,COLÉGIO PONTO DE ENSINO,RUA OSWALDO CRUZ 32
2024,72,282,1,9,PSD,1597,COLÉGIO PONTO DE ENSINO,RUA OSWALDO CRUZ 32
2024,72,283,1,7,PSD,1597,COLÉGIO PONTO DE ENSINO,RUA OSWALDO CRUZ 32
2024,72,284,1,12,PSD,1635,BANCO BRADESCO,RUA GAVIAO PEIXOTO 108
2024,72,285,1,6,PSD,1635,BANCO BRADESCO,RUA GAVIAO PEIXOTO 108
2024,72,286,1,1,PSD,1635,BANCO BRADESCO,RUA GAVIAO PEIXOTO 108
2024,72,287,1,3,PSD,1619,COLEGIO ESTADUAL JOAQUIM TAVORA,PRAÇA PREF.FERRAZ-CAMPO DE SAO BENTO S/N
2024,72,288,1,7,PSD,1619,COLEGIO ESTADUAL JOAQUIM TAVORA,PRAÇA PREF.FERRAZ-CAMPO DE SAO BENTO S/N
2024,72,289,1,11,PSD,1619,COLEGIO ESTADUAL JOAQUIM TAVORA,PRAÇA PREF.FERRAZ-CAMPO DE SAO BENTO S/N
2024,72,29,1,16,PSD,1449,CIEP 450 - BADU,ESTRADA CAETANO MONTEIRO S/N
2024,72,290,1,8,PSD,1619,COLEGIO ESTADUAL JOAQUIM TAVORA,PRAÇA PREF.FERRAZ-CAMPO DE SAO BENTO S/N
2024,72,291,1,11,PSD,1619,COLEGIO ESTADUAL JOAQUIM TAVORA,PRAÇA PREF.FERRAZ-CAMPO DE SAO BENTO S/N
2024,72,292,1,7,PSD,1619,COLEGIO ESTADUAL JOAQUIM TAVORA,PRAÇA PREF.FERRAZ-CAMPO DE SAO BENTO S/N
2024,72,293,1,4,PSD,1619,COLEGIO ESTADUAL JOAQUIM TAVORA,PRAÇA PREF.FERRAZ-CAMPO DE SAO BENTO S/N
2024,72,294,1,5,PSD,1619,COLEGIO ESTADUAL JOAQUIM TAVORA,PRAÇA PREF.FERRAZ-CAMPO DE SAO BENTO S/N
2024,72,295,1,6,PSD,1619,COLEGIO ESTADUAL JOAQUIM TAVORA,PRAÇA PREF.FERRAZ-CAMPO DE SAO BENTO S/N
2024,72,296,1,8,PSD,1619,COLEGIO ESTADUAL JOAQUIM TAVORA,PRAÇA PREF.FERRAZ-CAMPO DE SAO BENTO S/N
2024,72,297,1,7,PSD,1619,COLEGIO ESTADUAL JOAQUIM TAVORA,PRAÇA PREF.FERRAZ-CAMPO DE SAO BENTO S/N
2024,72,298,1,9,PSD,1619,COLEGIO ESTADUAL JOAQUIM TAVORA,PRAÇA PREF.FERRAZ-CAMPO DE SAO BENTO S/N
2024,72,299,1,4,PSD,1619,COLEGIO ESTADUAL JOAQUIM TAVORA,PRAÇA PREF.FERRAZ-CAMPO DE SAO BENTO S/N
2024,72,3,1,4,PSD,1015,INSTITUTO JCA,"RODOVIA PREFEITO JOÃO SAMPAIO, 2501"
2024,72,30,1,10,PSD,1449,CIEP 450 - BADU,ESTRADA CAETANO MONTEIRO S/N
2024,72,300,1,9,PSD,1619,COLEGIO ESTADUAL JOAQUIM TAVORA,PRAÇA PREF.FERRAZ-CAMPO DE SAO BENTO S/N
2024,72,301,1,8,PSD,1619,COLEGIO ESTADUAL JOAQUIM TAVORA,PRAÇA PREF.FERRAZ-CAMPO DE SAO BENTO S/N
2024,72,302,1,18,PSD,1627,ESCOLA MUNICIPAL PROFESSORA LUCIA MARIA SILVEIRA ROCHA,"AV. CARLOS ERMELINDO MARINS, 34"
2024,72,303,1,29,PSD,1627,ESCOLA MUNICIPAL PROFESSORA LUCIA MARIA SILVEIRA ROCHA,"AV. CARLOS ERMELINDO MARINS, 34"
2024,72,304,1,19,PSD,1627,ESCOLA MUNICIPAL PROFESSORA LUCIA MARIA SILVEIRA ROCHA,"AV. CARLOS ERMELINDO MARINS, 34"
2024,72,305,1,30,PSD,1627,ESCOLA MUNICIPAL PROFESSORA LUCIA MARIA SILVEIRA ROCHA,"AV. CARLOS ERMELINDO MARINS, 34"
2024,72,306,1,20,PSD,1627,ESCOLA MUNICIPAL PROFESSORA LUCIA MARIA SILVEIRA ROCHA,"AV. CARLOS ERMELINDO MARINS, 34"
2024,72,307,1,15,PSD,1627,ESCOLA MUNICIPAL PROFESSORA LUCIA MARIA SILVEIRA ROCHA,"AV. CARLOS ERMELINDO MARINS, 34"
2024,72,308,1,18,PSD,1627,ESCOLA MUNICIPAL PROFESSORA LUCIA MARIA SILVEIRA ROCHA,"AV. CARLOS ERMELINDO MARINS, 34"
2024,72,309,1,13,PSD,1627,ESCOLA MUNICIPAL PROFESSORA LUCIA MARIA SILVEIRA ROCHA,"AV. CARLOS ERMELINDO MARINS, 34"
2024,72,310,1,6,PSD,1635,BANCO BRADESCO,RUA GAVIAO PEIXOTO 108
2024,72,311,1,9,PSD,1635,BANCO BRADESCO,RUA GAVIAO PEIXOTO 108
2024,72,312,1,11,PSD,1635,BANCO BRADESCO,RUA GAVIAO PEIXOTO 108
2024,72,313,1,6,PSD,1643,CENTRO MODERNO ALZIRA BITTENCOURT,"RUA MEM DE SÁ, 71"
2024,72,314,1,14,PSD,1643,CENTRO MODERNO ALZIRA BITTENCOURT,"RUA MEM DE SÁ, 71"
2024,72,315,1,9,PSD,1643,CENTRO MODERNO ALZIRA BITTENCOURT,"RUA MEM DE SÁ, 71"
2024,72,316,1,6,PSD,1643,CENTRO MODERNO ALZIRA BITTENCOURT,"RUA MEM DE SÁ, 71"
2024,72,317,1,4,PSD,1651,PH COLÉGIO,RUA ALVARES DE AZEVEDO 237
2024,72,318,1,11,PSD,1651,PH COLÉGIO,RUA ALVARES DE AZEVEDO 237
2024,72,319,1,12,PSD,1651,PH COLÉGIO,RUA ALVARES DE AZEVEDO 237
2024,72,320,1,7,PSD,1651,PH COLÉGIO,RUA ALVARES DE AZEVEDO 237
2024,72,321,1,4,PSD,1651,PH COLÉGIO,RUA ALVARES DE AZEVEDO 237
2024,72,322,1,8,PSD,1651,PH COLÉGIO,RUA ALVARES DE AZEVEDO 237
2024,72,323,1,5,PSD,1651,PH COLÉGIO,RUA ALVARES DE AZEVEDO 237
2024,72,324,1,12,PSD,1660,CLUBE CENTRAL,"AVENIDA JORNALISTA ALBERTO FRANCISCO TORRES,  335"
2024,72,325,1,8,PSD,1660,CLUBE CENTRAL,"AVENIDA JORNALISTA ALBERTO FRANCISCO TORRES,  335"
2024,72,326,1,2,PSD,1660,CLUBE CENTRAL,"AVENIDA JORNALISTA ALBERTO FRANCISCO TORRES,  335"
2024,72,327,1,5,PSD,1660,CLUBE CENTRAL,"AVENIDA JORNALISTA ALBERTO FRANCISCO TORRES,  335"
2024,72,328,1,12,PSD,1660,CLUBE CENTRAL,"AVENIDA JORNALISTA ALBERTO FRANCISCO TORRES,  335"
2024,72,329,1,7,PSD,1660,CLUBE CENTRAL,"AVENIDA JORNALISTA ALBERTO FRANCISCO TORRES,  335"
2024,72,330,1,8,PSD,1660,CLUBE CENTRAL,"AVENIDA JORNALISTA ALBERTO FRANCISCO TORRES,  335"
2024,72,331,1,6,PSD,1660,CLUBE CENTRAL,"AVENIDA JORNALISTA ALBERTO FRANCISCO TORRES,  335"
2024,72,332,1,11,PSD,1660,CLUBE CENTRAL,"AVENIDA JORNALISTA ALBERTO FRANCISCO TORRES,  335"
2024,72,333,1,7,PSD,1660,CLUBE CENTRAL,"AVENIDA JORNALISTA ALBERTO FRANCISCO TORRES,  335"
2024,72,334,1,9,PSD,1660,CLUBE CENTRAL,"AVENIDA JORNALISTA ALBERTO FRANCISCO TORRES,  335"
2024,72,335,1,12,PSD,1660,CLUBE CENTRAL,"AVENIDA JORNALISTA ALBERTO FRANCISCO TORRES,  335"
2024,72,336,1,11,PSD,1660,CLUBE CENTRAL,"AVENIDA JORNALISTA ALBERTO FRANCISCO TORRES,  335"
2024,72,337,1,8,PSD,1660,CLUBE CENTRAL,"AVENIDA JORNALISTA ALBERTO FRANCISCO TORRES,  335"
2024,72,338,1,7,PSD,1660,CLUBE CENTRAL,"AVENIDA JORNALISTA ALBERTO FRANCISCO TORRES,  335"
2024,72,339,1,11,PSD,1660,CLUBE CENTRAL,"AVENIDA JORNALISTA ALBERTO FRANCISCO TORRES,  335"
2024,72,340,1,10,PSD,1660,CLUBE CENTRAL,"AVENIDA JORNALISTA ALBERTO FRANCISCO TORRES,  335"
2024,72,341,1,14,PSD,1678,ÁGUAS DE NITERÓI,RUA LEMOS CUNHA 510
2024,72,342,1,19,PSD,1678,ÁGUAS DE NITERÓI,RUA LEMOS CUNHA 510
2024,72,343,1,7,PSD,1678,ÁGUAS DE NITERÓI,RUA LEMOS CUNHA 510
2024,72,344,1,9,PSD,1678,ÁGUAS DE NITERÓI,RUA LEMOS CUNHA 510
2024,72,345,1,7,PSD,1686,CAIXA ECONÔMICA FEDERAL - AGÊNCIA ICARAÍ,"RUA GAVIÃO PEIXOTO, 226"
2024,72,346,1,7,PSD,1686,CAIXA ECONÔMICA FEDERAL - AGÊNCIA ICARAÍ,"RUA GAVIÃO PEIXOTO, 226"
2024,72,347,1,11,PSD,1686,CAIXA ECONÔMICA FEDERAL - AGÊNCIA ICARAÍ,"RUA GAVIÃO PEIXOTO, 226"
2024,72,348,1,6,PSD,1686,CAIXA ECONÔMICA FEDERAL - AGÊNCIA ICARAÍ,"RUA GAVIÃO PEIXOTO, 226"
2024,72,349,1,11,PSD,1686,CAIXA ECONÔMICA FEDERAL - AGÊNCIA ICARAÍ,"RUA GAVIÃO PEIXOTO, 226"
2024,72,35,1,13,PSD,1112,ESCOLA ESTADUAL LEOPOLDO FROES,RUA REVERENDO ARMANDO FERREIRA  S/N
2024,72,350,1,7,PSD,1686,CAIXA ECONÔMICA FEDERAL - AGÊNCIA ICARAÍ,"RUA GAVIÃO PEIXOTO, 226"
2024,72,351,1,2,PSD,1686,CAIXA ECONÔMICA FEDERAL - AGÊNCIA ICARAÍ,"RUA GAVIÃO PEIXOTO, 226"
2024,72,352,1,9,PSD,1686,CAIXA ECONÔMICA FEDERAL - AGÊNCIA ICARAÍ,"RUA GAVIÃO PEIXOTO, 226"
2024,72,353,1,11,PSD,1694,ESCOLA MUNICIPAL PROFESSOR PAULO DE ALMEIDA CAMPOS,"RUA PEREIRA DA SILVA, 50"
2024,72,354,1,8,PSD,1694,ESCOLA MUNICIPAL PROFESSOR PAULO DE ALMEIDA CAMPOS,"RUA PEREIRA DA SILVA, 50"
2024,72,355,1,12,PSD,1694,ESCOLA MUNICIPAL PROFESSOR PAULO DE ALMEIDA CAMPOS,"RUA PEREIRA DA SILVA, 50"
2024,72,356,1,11,PSD,1694,ESCOLA MUNICIPAL PROFESSOR PAULO DE ALMEIDA CAMPOS,"RUA PEREIRA DA SILVA, 50"
2024,72,357,1,7,PSD,1708,ESCOLA MUNICIPAL JÚLIA CORTINES,RUA LOPES TROVAO 1-CAMPO DE SÃO BENTO S/N
2024,72,358,1,8,PSD,1708,ESCOLA MUNICIPAL JÚLIA CORTINES,RUA LOPES TROVAO 1-CAMPO DE SÃO BENTO S/N
2024,72,36,1,15,PSD,1112,ESCOLA ESTADUAL LEOPOLDO FROES,RUA REVERENDO ARMANDO FERREIRA  S/N
2024,72,360,1,10,PSD,1708,ESCOLA MUNICIPAL JÚLIA CORTINES,RUA LOPES TROVAO 1-CAMPO DE SÃO BENTO S/N
2024,72,362,1,8,PSD,1708,ESCOLA MUNICIPAL JÚLIA CORTINES,RUA LOPES TROVAO 1-CAMPO DE SÃO BENTO S/N
2024,72,364,1,4,PSD,1708,ESCOLA MUNICIPAL JÚLIA CORTINES,RUA LOPES TROVAO 1-CAMPO DE SÃO BENTO S/N
2024,72,366,1,8,PSD,1708,ESCOLA MUNICIPAL JÚLIA CORTINES,RUA LOPES TROVAO 1-CAMPO DE SÃO BENTO S/N
2024,72,368,1,9,PSD,1708,ESCOLA MUNICIPAL JÚLIA CORTINES,RUA LOPES TROVAO 1-CAMPO DE SÃO BENTO S/N
2024,72,37,1,17,PSD,1112,ESCOLA ESTADUAL LEOPOLDO FROES,RUA REVERENDO ARMANDO FERREIRA  S/N
2024,72,370,1,11,PSD,1708,ESCOLA MUNICIPAL JÚLIA CORTINES,RUA LOPES TROVAO 1-CAMPO DE SÃO BENTO S/N
2024,72,372,1,6,PSD,1708,ESCOLA MUNICIPAL JÚLIA CORTINES,RUA LOPES TROVAO 1-CAMPO DE SÃO BENTO S/N
2024,72,374,1,5,PSD,1708,ESCOLA MUNICIPAL JÚLIA CORTINES,RUA LOPES TROVAO 1-CAMPO DE SÃO BENTO S/N
2024,72,376,1,8,PSD,1708,ESCOLA MUNICIPAL JÚLIA CORTINES,RUA LOPES TROVAO 1-CAMPO DE SÃO BENTO S/N
2024,72,378,1,7,PSD,1716,ESCOLA VIVINFÂNCIA,RUA GAVIÃO PEIXOTO 384
2024,72,379,1,6,PSD,1716,ESCOLA VIVINFÂNCIA,RUA GAVIÃO PEIXOTO 384
2024,72,38,1,18,PSD,1112,ESCOLA ESTADUAL LEOPOLDO FROES,RUA REVERENDO ARMANDO FERREIRA  S/N
2024,72,380,1,4,PSD,1716,ESCOLA VIVINFÂNCIA,RUA GAVIÃO PEIXOTO 384
2024,72,381,1,5,PSD,1716,ESCOLA VIVINFÂNCIA,RUA GAVIÃO PEIXOTO 384
2024,72,382,1,21,PSD,1724,AABB,RUA HÉLIO DA SILVA CARNEIRO 78
2024,72,383,1,29,PSD,1724,AABB,RUA HÉLIO DA SILVA CARNEIRO 78
2024,72,384,1,17,PSD,1724,AABB,RUA HÉLIO DA SILVA CARNEIRO 78
2024,72,385,1,21,PSD,1724,AABB,RUA HÉLIO DA SILVA CARNEIRO 78
2024,72,386,1,18,PSD,1724,AABB,RUA HÉLIO DA SILVA CARNEIRO 78
2024,72,387,1,32,PSD,1724,AABB,RUA HÉLIO DA SILVA CARNEIRO 78
2024,72,388,1,30,PSD,1724,AABB,RUA HÉLIO DA SILVA CARNEIRO 78
2024,72,389,1,19,PSD,1724,AABB,RUA HÉLIO DA SILVA CARNEIRO 78
2024,72,39,1,11,PSD,1112,ESCOLA ESTADUAL LEOPOLDO FROES,RUA REVERENDO ARMANDO FERREIRA  S/N
2024,72,390,1,25,PSD,1732,CLUBE NAVAL,AVENIDA CARLOS ERMELINDO MARINS 68
2024,72,391,1,22,PSD,1732,CLUBE NAVAL,AVENIDA CARLOS ERMELINDO MARINS 68
2024,72,392,1,21,PSD,1732,CLUBE NAVAL,AVENIDA CARLOS ERMELINDO MARINS 68
2024,72,393,1,19,PSD,1732,CLUBE NAVAL,AVENIDA CARLOS ERMELINDO MARINS 68
2024,72,394,1,22,PSD,1732,CLUBE NAVAL,AVENIDA CARLOS ERMELINDO MARINS 68
2024,72,395,1,16,PSD,1732,CLUBE NAVAL,AVENIDA CARLOS ERMELINDO MARINS 68
2024,72,396,1,20,PSD,1732,CLUBE NAVAL,AVENIDA CARLOS ERMELINDO MARINS 68
2024,72,397,1,20,PSD,1732,CLUBE NAVAL,AVENIDA CARLOS ERMELINDO MARINS 68
2024,72,398,1,13,PSD,1732,CLUBE NAVAL,AVENIDA CARLOS ERMELINDO MARINS 68
2024,72,399,1,20,PSD,1732,CLUBE NAVAL,AVENIDA CARLOS ERMELINDO MARINS 68
2024,72,4,1,4,PSD,1015,INSTITUTO JCA,"RODOVIA PREFEITO JOÃO SAMPAIO, 2501"
2024,72,40,1,16,PSD,1112,ESCOLA ESTADUAL LEOPOLDO FROES,RUA REVERENDO ARMANDO FERREIRA  S/N
2024,72,400,1,10,PSD,1732,CLUBE NAVAL,AVENIDA CARLOS ERMELINDO MARINS 68
2024,72,401,1,19,PSD,1732,CLUBE NAVAL,AVENIDA CARLOS ERMELINDO MARINS 68
2024,72,402,1,28,PSD,1732,CLUBE NAVAL,AVENIDA CARLOS ERMELINDO MARINS 68
2024,72,403,1,16,PSD,1732,CLUBE NAVAL,AVENIDA CARLOS ERMELINDO MARINS 68
2024,72,404,1,19,PSD,1732,CLUBE NAVAL,AVENIDA CARLOS ERMELINDO MARINS 68
2024,72,405,1,16,PSD,1732,CLUBE NAVAL,AVENIDA CARLOS ERMELINDO MARINS 68
2024,72,406,1,24,PSD,1732,CLUBE NAVAL,AVENIDA CARLOS ERMELINDO MARINS 68
2024,72,407,1,14,PSD,1732,CLUBE NAVAL,AVENIDA CARLOS ERMELINDO MARINS 68
2024,72,408,1,20,PSD,1732,CLUBE NAVAL,AVENIDA CARLOS ERMELINDO MARINS 68
2024,72,409,1,13,PSD,1732,CLUBE NAVAL,AVENIDA CARLOS ERMELINDO MARINS 68
2024,72,41,1,6,PSD,1112,ESCOLA ESTADUAL LEOPOLDO FROES,RUA REVERENDO ARMANDO FERREIRA  S/N
2024,72,410,1,8,PSD,1740,COLÉGIO ZEROHUM,"RUA ARY PARREIRAS, 73"
2024,72,411,1,8,PSD,1740,COLÉGIO ZEROHUM,"RUA ARY PARREIRAS, 73"
2024,72,412,1,10,PSD,1740,COLÉGIO ZEROHUM,"RUA ARY PARREIRAS, 73"
2024,72,413,1,7,PSD,1740,COLÉGIO ZEROHUM,"RUA ARY PARREIRAS, 73"
2024,72,414,1,5,PSD,1740,COLÉGIO ZEROHUM,"RUA ARY PARREIRAS, 73"
2024,72,415,1,10,PSD,1740,COLÉGIO ZEROHUM,"RUA ARY PARREIRAS, 73"
2024,72,416,1,7,PSD,1740,COLÉGIO ZEROHUM,"RUA ARY PARREIRAS, 73"
2024,72,417,1,10,PSD,1740,COLÉGIO ZEROHUM,"RUA ARY PARREIRAS, 73"
2024,72,418,1,6,PSD,1740,COLÉGIO ZEROHUM,"RUA ARY PARREIRAS, 73"
2024,72,419,1,7,PSD,1759,COLÉGIO MV1,RUA GAVIÃO PEIXOTO 398
2024,72,42,1,13,PSD,1112,ESCOLA ESTADUAL LEOPOLDO FROES,RUA REVERENDO ARMANDO FERREIRA  S/N
2024,72,420,1,12,PSD,1759,COLÉGIO MV1,RUA GAVIÃO PEIXOTO 398
2024,72,421,1,5,PSD,1759,COLÉGIO MV1,RUA GAVIÃO PEIXOTO 398
2024,72,422,1,6,PSD,1759,COLÉGIO MV1,RUA GAVIÃO PEIXOTO 398
2024,72,423,1,12,PSD,1759,COLÉGIO MV1,RUA GAVIÃO PEIXOTO 398
2024,72,424,1,3,PSD,1759,COLÉGIO MV1,RUA GAVIÃO PEIXOTO 398
2024,72,425,1,6,PSD,1759,COLÉGIO MV1,RUA GAVIÃO PEIXOTO 398
2024,72,426,1,7,PSD,1759,COLÉGIO MV1,RUA GAVIÃO PEIXOTO 398
2024,72,427,1,6,PSD,1759,COLÉGIO MV1,RUA GAVIÃO PEIXOTO 398
2024,72,428,1,7,PSD,1759,COLÉGIO MV1,RUA GAVIÃO PEIXOTO 398
2024,72,429,1,7,PSD,1759,COLÉGIO MV1,RUA GAVIÃO PEIXOTO 398
2024,72,43,1,15,PSD,1112,ESCOLA ESTADUAL LEOPOLDO FROES,RUA REVERENDO ARMANDO FERREIRA  S/N
2024,72,430,1,7,PSD,1759,COLÉGIO MV1,RUA GAVIÃO PEIXOTO 398
2024,72,431,1,13,PSD,1759,COLÉGIO MV1,RUA GAVIÃO PEIXOTO 398
2024,72,432,1,10,PSD,1759,COLÉGIO MV1,RUA GAVIÃO PEIXOTO 398
2024,72,433,1,9,PSD,1759,COLÉGIO MV1,RUA GAVIÃO PEIXOTO 398
2024,72,434,1,6,PSD,1759,COLÉGIO MV1,RUA GAVIÃO PEIXOTO 398
2024,72,435,1,6,PSD,1759,COLÉGIO MV1,RUA GAVIÃO PEIXOTO 398
2024,72,436,1,6,PSD,1759,COLÉGIO MV1,RUA GAVIÃO PEIXOTO 398
2024,72,437,1,18,PSD,1767,COLÉGIO ASSUNÇÃO,RUA GENERAL RONDON 842
2024,72,438,1,19,PSD,1767,COLÉGIO ASSUNÇÃO,RUA GENERAL RONDON 842
2024,72,439,1,22,PSD,1767,COLÉGIO ASSUNÇÃO,RUA GENERAL RONDON 842
2024,72,440,1,19,PSD,1767,COLÉGIO ASSUNÇÃO,RUA GENERAL RONDON 842
2024,72,441,1,17,PSD,1767,COLÉGIO ASSUNÇÃO,RUA GENERAL RONDON 842
2024,72,442,1,16,PSD,1767,COLÉGIO ASSUNÇÃO,RUA GENERAL RONDON 842
2024,72,443,1,12,PSD,1767,COLÉGIO ASSUNÇÃO,RUA GENERAL RONDON 842
2024,72,444,1,16,PSD,1767,COLÉGIO ASSUNÇÃO,RUA GENERAL RONDON 842
2024,72,445,1,17,PSD,1767,COLÉGIO ASSUNÇÃO,RUA GENERAL RONDON 842
2024,72,446,1,19,PSD,1767,COLÉGIO ASSUNÇÃO,RUA GENERAL RONDON 842
2024,72,447,1,11,PSD,1767,COLÉGIO ASSUNÇÃO,RUA GENERAL RONDON 842
2024,72,448,1,16,PSD,1767,COLÉGIO ASSUNÇÃO,RUA GENERAL RONDON 842
2024,72,449,1,11,PSD,1767,COLÉGIO ASSUNÇÃO,RUA GENERAL RONDON 842
2024,72,450,1,9,PSD,1767,COLÉGIO ASSUNÇÃO,RUA GENERAL RONDON 842
2024,72,451,1,15,PSD,1767,COLÉGIO ASSUNÇÃO,RUA GENERAL RONDON 842
2024,72,452,1,24,PSD,1775,ESCOLA ESTADUAL CIZÍNIO SOARES PINTO,RUA PRESIDENTE ROOSEVELT 2
2024,72,453,1,25,PSD,1775,ESCOLA ESTADUAL CIZÍNIO SOARES PINTO,RUA PRESIDENTE ROOSEVELT 2
2024,72,454,1,11,PSD,1775,ESCOLA ESTADUAL CIZÍNIO SOARES PINTO,RUA PRESIDENTE ROOSEVELT 2
2024,72,455,1,20,PSD,1775,ESCOLA ESTADUAL CIZÍNIO SOARES PINTO,RUA PRESIDENTE ROOSEVELT 2
2024,72,456,1,19,PSD,1775,ESCOLA ESTADUAL CIZÍNIO SOARES PINTO,RUA PRESIDENTE ROOSEVELT 2
2024,72,457,1,17,PSD,1775,ESCOLA ESTADUAL CIZÍNIO SOARES PINTO,RUA PRESIDENTE ROOSEVELT 2
2024,72,458,1,29,PSD,1775,ESCOLA ESTADUAL CIZÍNIO SOARES PINTO,RUA PRESIDENTE ROOSEVELT 2
2024,72,459,1,10,PSD,1783,SOCIEDADE BRASILEIRA DE CULTURA INGLESA,RUA OTAVIO CARNEIRO 23
2024,72,460,1,11,PSD,1783,SOCIEDADE BRASILEIRA DE CULTURA INGLESA,RUA OTAVIO CARNEIRO 23
2024,72,461,1,9,PSD,1783,SOCIEDADE BRASILEIRA DE CULTURA INGLESA,RUA OTAVIO CARNEIRO 23
2024,72,462,1,6,PSD,1783,SOCIEDADE BRASILEIRA DE CULTURA INGLESA,RUA OTAVIO CARNEIRO 23
2024,72,463,1,19,PSD,1554,JARDIM ESCOLA GIRASSÓIS,"ESTRADA CAETANO MONTEIRO, 820"
2024,72,464,1,18,PSD,1538,ESCOLA CATAVENTO ESPAÇO DE EDUCAÇÃO,"ESTRADA WASHINGTON LUIZ, 224"
2024,72,466,1,16,PSD,1546,COLÉGIO GOMES PEREIRA,AVENIDA RUI BARBOSA 1250
2024,72,467,1,15,PSD,1449,CIEP 450 - BADU,ESTRADA CAETANO MONTEIRO S/N
2024,72,468,1,17,PSD,1546,COLÉGIO GOMES PEREIRA,AVENIDA RUI BARBOSA 1250
2024,72,5,1,3,PSD,1015,INSTITUTO JCA,"RODOVIA PREFEITO JOÃO SAMPAIO, 2501"
2024,72,52,1,13,PSD,1147,ESCOLA MUNICIPAL VERA LUCIA MACHADO,RUA ALDEMAR DE PAIVA LOTE 7 E 8
2024,72,53,1,13,PSD,1147,ESCOLA MUNICIPAL VERA LUCIA MACHADO,RUA ALDEMAR DE PAIVA LOTE 7 E 8
2024,72,54,1,21,PSD,1074,COLEGIO ESTADUAL PAULO ASSIS RIBEIRO,ESTRADA CAETANO MONTEIRO 814
2024,72,55,1,21,PSD,1074,COLEGIO ESTADUAL PAULO ASSIS RIBEIRO,ESTRADA CAETANO MONTEIRO 814
2024,72,56,1,6,PSD,1074,COLEGIO ESTADUAL PAULO ASSIS RIBEIRO,ESTRADA CAETANO MONTEIRO 814
2024,72,57,1,16,PSD,1112,ESCOLA ESTADUAL LEOPOLDO FROES,RUA REVERENDO ARMANDO FERREIRA  S/N
2024,72,58,1,24,PSD,1112,ESCOLA ESTADUAL LEOPOLDO FROES,RUA REVERENDO ARMANDO FERREIRA  S/N
2024,72,59,1,14,PSD,1112,ESCOLA ESTADUAL LEOPOLDO FROES,RUA REVERENDO ARMANDO FERREIRA  S/N
2024,72,6,1,5,PSD,1015,INSTITUTO JCA,"RODOVIA PREFEITO JOÃO SAMPAIO, 2501"
2024,72,60,1,18,PSD,1112,ESCOLA ESTADUAL LEOPOLDO FROES,RUA REVERENDO ARMANDO FERREIRA  S/N
2024,72,61,1,13,PSD,1112,ESCOLA ESTADUAL LEOPOLDO FROES,RUA REVERENDO ARMANDO FERREIRA  S/N
2024,72,62,1,19,PSD,1112,ESCOLA ESTADUAL LEOPOLDO FROES,RUA REVERENDO ARMANDO FERREIRA  S/N
2024,72,63,1,5,PSD,1171,ESCOLA MUNICIPAL ANTONIO COUTINHO DE AZEVEDO,AV DES NESTOR RODRIGUES PERLINGEIRO S/N
2024,72,64,1,5,PSD,1171,ESCOLA MUNICIPAL ANTONIO COUTINHO DE AZEVEDO,AV DES NESTOR RODRIGUES PERLINGEIRO S/N
2024,72,65,1,9,PSD,1171,ESCOLA MUNICIPAL ANTONIO COUTINHO DE AZEVEDO,AV DES NESTOR RODRIGUES PERLINGEIRO S/N
2024,72,66,1,6,PSD,1171,ESCOLA MUNICIPAL ANTONIO COUTINHO DE AZEVEDO,AV DES NESTOR RODRIGUES PERLINGEIRO S/N
2024,72,67,1,4,PSD,1171,ESCOLA MUNICIPAL ANTONIO COUTINHO DE AZEVEDO,AV DES NESTOR RODRIGUES PERLINGEIRO S/N
2024,72,68,1,8,PSD,1180,ESCOLA MUNICIPAL RACHIDE DA GLORIA SALIM SAKER,RUA JANDIRA PEREIRA 620
2024,72,69,1,12,PSD,1180,ESCOLA MUNICIPAL RACHIDE DA GLORIA SALIM SAKER,RUA JANDIRA PEREIRA 620
2024,72,7,1,8,PSD,1040,CIEP 447 - CARAMUJO,RODOVIA AMARAL PEIXOTO KM 2
2024,72,70,1,6,PSD,1180,ESCOLA MUNICIPAL RACHIDE DA GLORIA SALIM SAKER,RUA JANDIRA PEREIRA 620
2024,72,71,1,8,PSD,1180,ESCOLA MUNICIPAL RACHIDE DA GLORIA SALIM SAKER,RUA JANDIRA PEREIRA 620
2024,72,8,1,9,PSD,1040,CIEP 447 - CARAMUJO,RODOVIA AMARAL PEIXOTO KM 2
2024,72,9,1,6,PSD,1040,CIEP 447 - CARAMUJO,RODOVIA AMARAL PEIXOTO KM 2
