pair,ano_inicio,ano_fim,nr_zona,nr_local,nm_local,bairro,lat,lon,local_status,secoes_inicio,secoes_fim,secoes_comuns,secoes_adicionadas,secoes_removidas,secoes_movidas_in,secoes_movidas_out,secao_churn,secoes_recebidas,secoes_enviadas,tipo_inicio,tipo_fim,tipo_par,votos_hugo_inicio,votos_hugo_fim,delta_hugo,pct_delta_hugo,candidacy_status_hugo,cargo_diferente_hugo,votos_felipe_inicio,votos_felipe_fim,delta_felipe,pct_delta_felipe,candidacy_status_felipe,cargo_diferente_felipe,votos_psd_inicio,votos_psd_fim,delta_psd,pct_delta_psd,candidacy_status_psd,cargo_diferente_psd,map_delta,map_abs_delta
2010-2014,2010,2014,113,1023,,,,,both,4,4,4,0,0,0,0,0.0,,,Geral,Geral,Geral -> Geral,11.0,4.0,-7.0,-63.64,concorreu,False,,,,,nao_concorreu_fim,,,,,,partido_inexistente,,-7.0,7.0
2010-2014,2010,2014,113,1031,,,,,both,14,11,11,0,3,0,0,0.2143,,,Geral,Geral,Geral -> Geral,25.0,11.0,-14.0,-56.0,concorreu,False,,,,,nao_concorreu_fim,,,,,,partido_inexistente,,-14.0,14.0
2010-2014,2010,2014,113,1082,,,,,both,13,13,13,0,0,0,0,0.0,,,Geral,Geral,Geral -> Geral,27.0,31.0,4.0,14.81,concorreu,False,,,,,nao_concorreu_fim,,,,,,partido_inexistente,,4.0,4.0
2010-2014,2010,2014,113,1120,,,,,start_only,5,0,0,0,5,0,5,1.0,,"[{""nr_zona"": ""113"", ""nr_local"": ""1236"", ""nm_local"": """", ""count"": 3, ""secoes"": [""27"", ""111"", ""123""]}, {""nr_zona"": ""113"", ""nr_local"": ""1201"", ""nm_local"": """", ""count"": 2, ""secoes"": [""95"", ""118""]}]",Geral,Geral,Geral -> Geral,13.0,0.0,-13.0,-100.0,concorreu,False,,,,,nao_concorreu_fim,,,,,,partido_inexistente,,-13.0,13.0
2010-2014,2010,2014,113,1139,,,,,both,8,6,6,0,2,0,0,0.25,,,Geral,Geral,Geral -> Geral,19.0,8.0,-11.0,-57.89,concorreu,False,,,,,nao_concorreu_fim,,,,,,partido_inexistente,,-11.0,11.0
2010-2014,2010,2014,113,1163,,,,,both,11,11,11,0,0,0,0,0.0,,,Geral,Geral,Geral -> Geral,22.0,16.0,-6.0,-27.27,concorreu,False,,,,,nao_concorreu_fim,,,,,,partido_inexistente,,-6.0,6.0
2010-2014,2010,2014,113,1171,,,,,both,12,12,12,0,0,0,0,0.0,,,Geral,Geral,Geral -> Geral,16.0,30.0,14.0,87.5,concorreu,False,,,,,nao_concorreu_fim,,,,,,partido_inexistente,,14.0,14.0
2010-2014,2010,2014,113,1201,,,,,both,2,4,2,2,0,2,0,0.5,"[{""nr_zona"": ""113"", ""nr_local"": ""1120"", ""nm_local"": """", ""count"": 2, ""secoes"": [""95"", ""118""]}]",,Geral,Geral,Geral -> Geral,8.0,4.0,-4.0,-50.0,concorreu,False,,,,,nao_concorreu_fim,,,,,,partido_inexistente,,-4.0,4.0
2010-2014,2010,2014,113,1236,,,,,both,12,15,12,3,0,3,0,0.2,"[{""nr_zona"": ""113"", ""nr_local"": ""1120"", ""nm_local"": """", ""count"": 3, ""secoes"": [""27"", ""111"", ""123""]}]",,Geral,Geral,Geral -> Geral,23.0,18.0,-5.0,-21.74,concorreu,False,,,,,nao_concorreu_fim,,,,,,partido_inexistente,,-5.0,5.0
2010-2014,2010,2014,113,1295,,,,,both,6,6,6,0,0,0,0,0.0,,,Geral,Geral,Geral -> Geral,13.0,8.0,-5.0,-38.46,concorreu,False,,,,,nao_concorreu_fim,,,,,,partido_inexistente,,-5.0,5.0
2010-2014,2010,2014,113,1309,,,,,both,8,9,8,1,0,0,0,0.1111,,,Geral,Geral,Geral -> Geral,7.0,3.0,-4.0,-57.14,concorreu,False,,,,,nao_concorreu_fim,,,,,,partido_inexistente,,-4.0,4.0
2010-2014,2010,2014,113,1325,,,,,both,6,7,6,1,0,0,0,0.1429,,,Geral,Geral,Geral -> Geral,12.0,10.0,-2.0,-16.67,concorreu,False,,,,,nao_concorreu_fim,,,,,,partido_inexistente,,-2.0,2.0
2010-2014,2010,2014,113,1350,,,,,both,3,4,3,1,0,0,0,0.25,,,Geral,Geral,Geral -> Geral,8.0,14.0,6.0,75.0,concorreu,False,,,,,nao_concorreu_fim,,,,,,partido_inexistente,,6.0,6.0
2010-2014,2010,2014,113,1376,,,,,both,10,10,10,0,0,0,0,0.0,,,Geral,Geral,Geral -> Geral,23.0,16.0,-7.0,-30.43,concorreu,False,,,,,nao_concorreu_fim,,,,,,partido_inexistente,,-7.0,7.0
2010-2014,2010,2014,113,1384,,,,,both,8,8,8,0,0,0,0,0.0,,,Geral,Geral,Geral -> Geral,15.0,4.0,-11.0,-73.33,concorreu,False,,,,,nao_concorreu_fim,,,,,,partido_inexistente,,-11.0,11.0
2010-2014,2010,2014,114,1082,,,,,both,6,8,6,2,0,0,0,0.25,,,Geral,Geral,Geral -> Geral,18.0,15.0,-3.0,-16.67,concorreu,False,,,,,nao_concorreu_fim,,,,,,partido_inexistente,,-3.0,3.0
2010-2014,2010,2014,114,1090,,,,,both,14,14,14,0,0,0,0,0.0,,,Geral,Geral,Geral -> Geral,34.0,15.0,-19.0,-55.88,concorreu,False,,,,,nao_concorreu_fim,,,,,,partido_inexistente,,-19.0,19.0
2010-2014,2010,2014,114,1279,,,,,both,5,5,5,0,0,0,0,0.0,,,Geral,Geral,Geral -> Geral,22.0,12.0,-10.0,-45.45,concorreu,False,,,,,nao_concorreu_fim,,,,,,partido_inexistente,,-10.0,10.0
2010-2014,2010,2014,114,1333,,,,,both,15,10,10,0,5,0,0,0.3333,,,Geral,Geral,Geral -> Geral,42.0,21.0,-21.0,-50.0,concorreu,False,,,,,nao_concorreu_fim,,,,,,partido_inexistente,,-21.0,21.0
2010-2014,2010,2014,114,1538,,,,,both,3,3,3,0,0,0,0,0.0,,,Geral,Geral,Geral -> Geral,8.0,5.0,-3.0,-37.5,concorreu,False,,,,,nao_concorreu_fim,,,,,,partido_inexistente,,-3.0,3.0
2010-2014,2010,2014,114,1546,,,,,both,5,5,5,0,0,0,0,0.0,,,Geral,Geral,Geral -> Geral,7.0,5.0,-2.0,-28.57,concorreu,False,,,,,nao_concorreu_fim,,,,,,partido_inexistente,,-2.0,2.0
2010-2014,2010,2014,114,1597,,,,,both,6,6,6,0,0,0,0,0.0,,,Geral,Geral,Geral -> Geral,21.0,19.0,-2.0,-9.52,concorreu,False,,,,,nao_concorreu_fim,,,,,,partido_inexistente,,-2.0,2.0
2010-2014,2010,2014,114,1600,,,,,both,8,8,8,0,0,0,0,0.0,,,Geral,Geral,Geral -> Geral,25.0,24.0,-1.0,-4.0,concorreu,False,,,,,nao_concorreu_fim,,,,,,partido_inexistente,,-1.0,1.0
2010-2014,2010,2014,114,1635,,,,,both,12,12,12,0,0,0,0,0.0,,,Geral,Geral,Geral -> Geral,27.0,32.0,5.0,18.52,concorreu,False,,,,,nao_concorreu_fim,,,,,,partido_inexistente,,5.0,5.0
2010-2014,2010,2014,114,1643,,,,,both,6,6,6,0,0,0,0,0.0,,,Geral,Geral,Geral -> Geral,25.0,18.0,-7.0,-28.0,concorreu,False,,,,,nao_concorreu_fim,,,,,,partido_inexistente,,-7.0,7.0
2010-2014,2010,2014,114,1660,,,,,both,2,3,1,2,1,0,0,1.0,,,Geral,Geral,Geral -> Geral,9.0,0.0,-9.0,-100.0,concorreu,False,,,,,nao_concorreu_fim,,,,,,partido_inexistente,,-9.0,9.0
2010-2014,2010,2014,114,1716,,,,,both,6,6,6,0,0,0,0,0.0,,,Geral,Geral,Geral -> Geral,17.0,13.0,-4.0,-23.53,concorreu,False,,,,,nao_concorreu_fim,,,,,,partido_inexistente,,-4.0,4.0
2010-2014,2010,2014,114,1732,,,,,both,3,3,3,0,0,0,0,0.0,,,Geral,Geral,Geral -> Geral,11.0,4.0,-7.0,-63.64,concorreu,False,,,,,nao_concorreu_fim,,,,,,partido_inexistente,,-7.0,7.0
2010-2014,2010,2014,115,1384,,,,,both,4,4,4,0,0,0,0,0.0,,,Geral,Geral,Geral -> Geral,8.0,5.0,-3.0,-37.5,concorreu,False,,,,,nao_concorreu_fim,,,,,,partido_inexistente,,-3.0,3.0
2010-2014,2010,2014,115,1406,,,,,both,11,13,11,2,0,0,0,0.1538,,,Geral,Geral,Geral -> Geral,33.0,35.0,2.0,6.06,concorreu,False,,,,,nao_concorreu_fim,,,,,,partido_inexistente,,2.0,2.0
2010-2014,2010,2014,115,1414,,,,,both,7,6,6,0,1,0,0,0.1429,,,Geral,Geral,Geral -> Geral,19.0,15.0,-4.0,-21.05,concorreu,False,,,,,nao_concorreu_fim,,,,,,partido_inexistente,,-4.0,4.0
2010-2014,2010,2014,115,1422,,,,,both,5,3,3,0,2,0,0,0.4,,,Geral,Geral,Geral -> Geral,12.0,3.0,-9.0,-75.0,concorreu,False,,,,,nao_concorreu_fim,,,,,,partido_inexistente,,-9.0,9.0
2010-2014,2010,2014,115,1457,,,,,both,11,10,10,0,1,0,0,0.0909,,,Geral,Geral,Geral -> Geral,16.0,18.0,2.0,12.5,concorreu,False,,,,,nao_concorreu_fim,,,,,,partido_inexistente,,2.0,2.0
2010-2014,2010,2014,115,1465,,,,,both,9,9,9,0,0,0,0,0.0,,,Geral,Geral,Geral -> Geral,7.0,90.0,83.0,1185.71,concorreu,False,,,,,nao_concorreu_fim,,,,,,partido_inexistente,,83.0,83.0
2010-2014,2010,2014,115,1473,,,,,both,11,11,11,0,0,0,0,0.0,,,Geral,Geral,Geral -> Geral,11.0,27.0,16.0,145.45,concorreu,False,,,,,nao_concorreu_fim,,,,,,partido_inexistente,,16.0,16.0
2010-2014,2010,2014,115,1481,,,,,both,9,9,9,0,0,0,0,0.0,,,Geral,Geral,Geral -> Geral,13.0,5.0,-8.0,-61.54,concorreu,False,,,,,nao_concorreu_fim,,,,,,partido_inexistente,,-8.0,8.0
2010-2014,2010,2014,115,1490,,,,,both,3,3,3,0,0,0,0,0.0,,,Geral,Geral,Geral -> Geral,4.0,15.0,11.0,275.0,concorreu,False,,,,,nao_concorreu_fim,,,,,,partido_inexistente,,11.0,11.0
2010-2014,2010,2014,115,1503,,,,,both,5,5,5,0,0,0,0,0.0,,,Geral,Geral,Geral -> Geral,18.0,10.0,-8.0,-44.44,concorreu,False,,,,,nao_concorreu_fim,,,,,,partido_inexistente,,-8.0,8.0
2010-2014,2010,2014,115,1520,,,,,start_only,4,0,0,0,4,0,3,1.0,,"[{""nr_zona"": ""115"", ""nr_local"": ""1554"", ""nm_local"": """", ""count"": 3, ""secoes"": [""87"", ""134"", ""135""]}]",Geral,Geral,Geral -> Geral,5.0,0.0,-5.0,-100.0,concorreu,False,,,,,nao_concorreu_fim,,,,,,partido_inexistente,,-5.0,5.0
2010-2014,2010,2014,115,1538,,,,,both,4,4,4,0,0,0,0,0.0,,,Geral,Geral,Geral -> Geral,18.0,24.0,6.0,33.33,concorreu,False,,,,,nao_concorreu_fim,,,,,,partido_inexistente,,6.0,6.0
2010-2014,2010,2014,115,1554,,,,,both,7,9,6,3,1,3,0,0.4444,"[{""nr_zona"": ""115"", ""nr_local"": ""1520"", ""nm_local"": """", ""count"": 3, ""secoes"": [""87"", ""134"", ""135""]}]",,Geral,Geral,Geral -> Geral,16.0,21.0,5.0,31.25,concorreu,False,,,,,nao_concorreu_fim,,,,,,partido_inexistente,,5.0,5.0
2010-2014,2010,2014,115,1589,,,,,both,5,5,5,0,0,0,0,0.0,,,Geral,Geral,Geral -> Geral,4.0,15.0,11.0,275.0,concorreu,False,,,,,nao_concorreu_fim,,,,,,partido_inexistente,,11.0,11.0
2010-2014,2010,2014,115,1597,,,,,end_only,0,6,0,6,0,0,0,1.0,,,Geral,Geral,Geral -> Geral,0.0,14.0,14.0,,concorreu,False,,,,,nao_concorreu_fim,,,,,,partido_inexistente,,14.0,14.0
2010-2014,2010,2014,140,1015,,,,,both,4,2,2,0,2,0,0,0.5,,,Geral,Geral,Geral -> Geral,13.0,3.0,-10.0,-76.92,concorreu,False,,,,,nao_concorreu_fim,,,,,,partido_inexistente,,-10.0,10.0
2010-2014,2010,2014,140,1023,,,,,both,6,3,3,0,3,0,0,0.5,,,Geral,Geral,Geral -> Geral,16.0,11.0,-5.0,-31.25,concorreu,False,,,,,nao_concorreu_fim,,,,,,partido_inexistente,,-5.0,5.0
2010-2014,2010,2014,140,1031,,,,,both,3,2,2,0,1,0,0,0.3333,,,Geral,Geral,Geral -> Geral,10.0,4.0,-6.0,-60.0,concorreu,False,,,,,nao_concorreu_fim,,,,,,partido_inexistente,,-6.0,6.0
2010-2014,2010,2014,140,1040,,,,,both,3,3,3,0,0,0,0,0.0,,,Geral,Geral,Geral -> Geral,6.0,5.0,-1.0,-16.67,concorreu,False,,,,,nao_concorreu_fim,,,,,,partido_inexistente,,-1.0,1.0
2010-2014,2010,2014,140,1066,,,,,both,2,3,2,1,0,0,0,0.3333,,,Geral,Geral,Geral -> Geral,7.0,3.0,-4.0,-57.14,concorreu,False,,,,,nao_concorreu_fim,,,,,,partido_inexistente,,-4.0,4.0
2010-2014,2010,2014,140,1074,,,,,both,5,6,5,1,0,0,0,0.1667,,,Geral,Geral,Geral -> Geral,13.0,13.0,0.0,0.0,concorreu,False,,,,,nao_concorreu_fim,,,,,,partido_inexistente,,0.0,0.0
2010-2014,2010,2014,140,1082,,,,,both,8,8,8,0,0,0,0,0.0,,,Geral,Geral,Geral -> Geral,21.0,16.0,-5.0,-23.81,concorreu,False,,,,,nao_concorreu_fim,,,,,,partido_inexistente,,-5.0,5.0
2010-2014,2010,2014,140,1090,,,,,both,5,8,5,3,0,3,0,0.375,"[{""nr_zona"": ""140"", ""nr_local"": ""1104"", ""nm_local"": """", ""count"": 3, ""secoes"": [""34"", ""35"", ""36""]}]",,Geral,Geral,Geral -> Geral,16.0,15.0,-1.0,-6.25,concorreu,False,,,,,nao_concorreu_fim,,,,,,partido_inexistente,,-1.0,1.0
2010-2014,2010,2014,140,1104,,,,,start_only,3,0,0,0,3,0,3,1.0,,"[{""nr_zona"": ""140"", ""nr_local"": ""1090"", ""nm_local"": """", ""count"": 3, ""secoes"": [""34"", ""35"", ""36""]}]",Geral,Geral,Geral -> Geral,13.0,0.0,-13.0,-100.0,concorreu,False,,,,,nao_concorreu_fim,,,,,,partido_inexistente,,-13.0,13.0
2010-2014,2010,2014,140,1120,,,,,both,17,17,17,0,0,0,0,0.0,,,Geral,Geral,Geral -> Geral,45.0,50.0,5.0,11.11,concorreu,False,,,,,nao_concorreu_fim,,,,,,partido_inexistente,,5.0,5.0
2010-2014,2010,2014,140,1139,,,,,both,15,15,15,0,0,0,0,0.0,,,Geral,Geral,Geral -> Geral,36.0,15.0,-21.0,-58.33,concorreu,False,,,,,nao_concorreu_fim,,,,,,partido_inexistente,,-21.0,21.0
2010-2014,2010,2014,140,1155,,,,,both,15,7,7,0,8,0,0,0.5333,,,Geral,Geral,Geral -> Geral,37.0,15.0,-22.0,-59.46,concorreu,False,,,,,nao_concorreu_fim,,,,,,partido_inexistente,,-22.0,22.0
2010-2014,2010,2014,140,1163,,,,,both,4,4,4,0,0,0,0,0.0,,,Geral,Geral,Geral -> Geral,14.0,5.0,-9.0,-64.29,concorreu,False,,,,,nao_concorreu_fim,,,,,,partido_inexistente,,-9.0,9.0
2010-2014,2010,2014,142,1015,,,,,both,4,4,4,0,0,0,0,0.0,,,Geral,Geral,Geral -> Geral,7.0,10.0,3.0,42.86,concorreu,False,,,,,nao_concorreu_fim,,,,,,partido_inexistente,,3.0,3.0
2010-2014,2010,2014,142,1031,,,,,both,4,4,4,0,0,0,0,0.0,,,Geral,Geral,Geral -> Geral,5.0,5.0,0.0,0.0,concorreu,False,,,,,nao_concorreu_fim,,,,,,partido_inexistente,,0.0,0.0
2010-2014,2010,2014,142,1058,,,,,both,15,17,15,2,0,2,0,0.1176,"[{""nr_zona"": ""142"", ""nr_local"": ""1104"", ""nm_local"": """", ""count"": 2, ""secoes"": [""58"", ""60""]}]",,Geral,Geral,Geral -> Geral,44.0,22.0,-22.0,-50.0,concorreu,False,,,,,nao_concorreu_fim,,,,,,partido_inexistente,,-22.0,22.0
2010-2014,2010,2014,142,1090,,,,,both,10,10,10,0,0,0,0,0.0,,,Geral,Geral,Geral -> Geral,29.0,18.0,-11.0,-37.93,concorreu,False,,,,,nao_concorreu_fim,,,,,,partido_inexistente,,-11.0,11.0
2010-2014,2010,2014,142,1104,,,,,start_only,3,0,0,0,3,0,2,1.0,,"[{""nr_zona"": ""142"", ""nr_local"": ""1058"", ""nm_local"": """", ""count"": 2, ""secoes"": [""58"", ""60""]}]",Geral,Geral,Geral -> Geral,11.0,0.0,-11.0,-100.0,concorreu,False,,,,,nao_concorreu_fim,,,,,,partido_inexistente,,-11.0,11.0
2010-2014,2010,2014,142,1112,,,,,both,7,9,7,2,0,0,0,0.2222,,,Geral,Geral,Geral -> Geral,23.0,9.0,-14.0,-60.87,concorreu,False,,,,,nao_concorreu_fim,,,,,,partido_inexistente,,-14.0,14.0
2010-2014,2010,2014,142,1180,,,,,both,9,10,9,1,0,0,0,0.1,,,Geral,Geral,Geral -> Geral,26.0,12.0,-14.0,-53.85,concorreu,False,,,,,nao_concorreu_fim,,,,,,partido_inexistente,,-14.0,14.0
2010-2014,2010,2014,142,1198,,,,,both,6,7,6,1,0,0,0,0.1429,,,Geral,Geral,Geral -> Geral,17.0,1.0,-16.0,-94.12,concorreu,False,,,,,nao_concorreu_fim,,,,,,partido_inexistente,,-16.0,16.0
2010-2014,2010,2014,142,1201,,,,,both,8,8,8,0,0,0,0,0.0,,,Geral,Geral,Geral -> Geral,16.0,9.0,-7.0,-43.75,concorreu,False,,,,,nao_concorreu_fim,,,,,,partido_inexistente,,-7.0,7.0
2010-2014,2010,2014,142,1210,,,,,both,8,8,7,1,1,0,0,0.25,,,Geral,Geral,Geral -> Geral,16.0,4.0,-12.0,-75.0,concorreu,False,,,,,nao_concorreu_fim,,,,,,partido_inexistente,,-12.0,12.0
2010-2014,2010,2014,142,1244,,,,,both,15,15,15,0,0,0,0,0.0,,,Geral,Geral,Geral -> Geral,24.0,21.0,-3.0,-12.5,concorreu,False,,,,,nao_concorreu_fim,,,,,,partido_inexistente,,-3.0,3.0
2010-2014,2010,2014,142,1252,,,,,both,7,7,7,0,0,0,0,0.0,,,Geral,Geral,Geral -> Geral,25.0,5.0,-20.0,-80.0,concorreu,False,,,,,nao_concorreu_fim,,,,,,partido_inexistente,,-20.0,20.0
2010-2014,2010,2014,142,1260,,,,,both,7,7,7,0,0,0,0,0.0,,,Geral,Geral,Geral -> Geral,10.0,15.0,5.0,50.0,concorreu,False,,,,,nao_concorreu_fim,,,,,,partido_inexistente,,5.0,5.0
2010-2014,2010,2014,142,1279,,,,,both,3,4,3,1,0,0,0,0.25,,,Geral,Geral,Geral -> Geral,4.0,5.0,1.0,25.0,concorreu,False,,,,,nao_concorreu_fim,,,,,,partido_inexistente,,1.0,1.0
2010-2014,2010,2014,143,1031,,,,,start_only,7,0,0,0,7,0,7,1.0,,"[{""nr_zona"": ""143"", ""nr_local"": ""1147"", ""nm_local"": """", ""count"": 7, ""secoes"": [""7"", ""8"", ""9"", ""10"", ""11"", ""86"", ""94""]}]",Geral,Geral,Geral -> Geral,18.0,0.0,-18.0,-100.0,concorreu,False,,,,,nao_concorreu_fim,,,,,,partido_inexistente,,-18.0,18.0
2010-2014,2010,2014,143,1058,,,,,both,7,11,7,4,0,0,0,0.3636,,,Geral,Geral,Geral -> Geral,23.0,25.0,2.0,8.7,concorreu,False,,,,,nao_concorreu_fim,,,,,,partido_inexistente,,2.0,2.0
2010-2014,2010,2014,143,1066,,,,,both,6,6,6,0,0,0,0,0.0,,,Geral,Geral,Geral -> Geral,17.0,12.0,-5.0,-29.41,concorreu,False,,,,,nao_concorreu_fim,,,,,,partido_inexistente,,-5.0,5.0
2010-2014,2010,2014,143,1074,,,,,both,10,11,10,1,0,0,0,0.0909,,,Geral,Geral,Geral -> Geral,26.0,13.0,-13.0,-50.0,concorreu,False,,,,,nao_concorreu_fim,,,,,,partido_inexistente,,-13.0,13.0
2010-2014,2010,2014,143,1082,,,,,both,5,6,5,1,0,0,0,0.1667,,,Geral,Geral,Geral -> Geral,5.0,23.0,18.0,360.0,concorreu,False,,,,,nao_concorreu_fim,,,,,,partido_inexistente,,18.0,18.0
2010-2014,2010,2014,143,1112,,,,,both,8,11,8,3,0,0,0,0.2727,,,Geral,Geral,Geral -> Geral,33.0,18.0,-15.0,-45.45,concorreu,False,,,,,nao_concorreu_fim,,,,,,partido_inexistente,,-15.0,15.0
2010-2014,2010,2014,143,1120,,,,,both,15,15,15,0,0,0,0,0.0,,,Geral,Geral,Geral -> Geral,25.0,22.0,-3.0,-12.0,concorreu,False,,,,,nao_concorreu_fim,,,,,,partido_inexistente,,-3.0,3.0
2010-2014,2010,2014,143,1147,,,,,both,8,15,8,7,0,7,0,0.4667,"[{""nr_zona"": ""143"", ""nr_local"": ""1031"", ""nm_local"": """", ""count"": 7, ""secoes"": [""7"", ""8"", ""9"", ""10"", ""11"", ""86"", ""94""]}]",,Geral,Geral,Geral -> Geral,21.0,41.0,20.0,95.24,concorreu,False,,,,,nao_concorreu_fim,,,,,,partido_inexistente,,20.0,20.0
2010-2014,2010,2014,143,1163,,,,,both,13,13,13,0,0,0,0,0.0,,,Geral,Geral,Geral -> Geral,37.0,22.0,-15.0,-40.54,concorreu,False,,,,,nao_concorreu_fim,,,,,,partido_inexistente,,-15.0,15.0
2010-2014,2010,2014,143,1180,,,,,both,5,7,5,2,0,0,0,0.2857,,,Geral,Geral,Geral -> Geral,20.0,9.0,-11.0,-55.0,concorreu,False,,,,,nao_concorreu_fim,,,,,,partido_inexistente,,-11.0,11.0
2010-2014,2010,2014,143,1198,,,,,both,4,6,4,2,0,0,0,0.3333,,,Geral,Geral,Geral -> Geral,10.0,9.0,-1.0,-10.0,concorreu,False,,,,,nao_concorreu_fim,,,,,,partido_inexistente,,-1.0,1.0
2010-2014,2010,2014,144,1023,,,,,both,4,4,4,0,0,0,0,0.0,,,Geral,Geral,Geral -> Geral,8.0,6.0,-2.0,-25.0,concorreu,False,,,,,nao_concorreu_fim,,,,,,partido_inexistente,,-2.0,2.0
2010-2014,2010,2014,144,1031,COLÉGIO PEDRO II CAMPUS NITERÓI,BARRETO,-22.8685685,-43.1037833,both,11,11,11,0,0,0,0,0.0,,,Geral,Geral,Geral -> Geral,29.0,10.0,-19.0,-65.52,concorreu,False,,,,,nao_concorreu_fim,,,,,,partido_inexistente,,-19.0,19.0
2010-2014,2010,2014,144,1082,,,,,both,3,3,3,0,0,0,0,0.0,,,Geral,Geral,Geral -> Geral,14.0,7.0,-7.0,-50.0,concorreu,False,,,,,nao_concorreu_fim,,,,,,partido_inexistente,,-7.0,7.0
2010-2014,2010,2014,144,1090,ESCOLA TÉCNICA ESTADUAL HENRIQUE LAGE,BARRETO,-22.8621355,-43.0979546,both,7,7,7,0,0,0,0,0.0,,,Geral,Geral,Geral -> Geral,20.0,12.0,-8.0,-40.0,concorreu,False,,,,,nao_concorreu_fim,,,,,,partido_inexistente,,-8.0,8.0
2010-2014,2010,2014,144,1104,ESCOLA MUNICIPAL ALTIVO CESAR,BARRETO,-22.8645343,-43.0995714,both,11,11,11,0,0,0,0,0.0,,,Geral,Geral,Geral -> Geral,64.0,25.0,-39.0,-60.94,concorreu,False,,,,,nao_concorreu_fim,,,,,,partido_inexistente,,-39.0,39.0
2010-2014,2010,2014,144,1112,,,,,both,5,5,5,0,0,0,0,0.0,,,Geral,Geral,Geral -> Geral,6.0,6.0,0.0,0.0,concorreu,False,,,,,nao_concorreu_fim,,,,,,partido_inexistente,,0.0,0.0
2010-2014,2010,2014,144,1163,COLÉGIO ESTADUAL CONSELHEIRO MACEDO SOARES,BARRETO,-22.8622231,-43.0924035,both,9,9,9,0,0,0,0,0.0,,,Geral,Geral,Geral -> Geral,17.0,17.0,0.0,0.0,concorreu,False,,,,,nao_concorreu_fim,,,,,,partido_inexistente,,0.0,0.0
2010-2014,2010,2014,144,1171,ESCOLA ESTADUAL MENEZES VIEIRA,BARRETO,-22.8693286,-43.1032004,both,7,7,7,0,0,0,0,0.0,,,Geral,Geral,Geral -> Geral,8.0,2.0,-6.0,-75.0,concorreu,False,,,,,nao_concorreu_fim,,,,,,partido_inexistente,,-6.0,6.0
2010-2014,2010,2014,144,1201,,,,,both,3,3,3,0,0,0,0,0.0,,,Geral,Geral,Geral -> Geral,14.0,3.0,-11.0,-78.57,concorreu,False,,,,,nao_concorreu_fim,,,,,,partido_inexistente,,-11.0,11.0
2010-2014,2010,2014,144,1210,UMEI THEREZINHA KALIL PETRUS (ANTIGO TIO SAM),BARRETO,-22.8719306,-43.104502,both,11,12,11,1,0,0,0,0.0833,,,Geral,Geral,Geral -> Geral,26.0,8.0,-18.0,-69.23,concorreu,False,,,,,nao_concorreu_fim,,,,,,partido_inexistente,,-18.0,18.0
2010-2014,2010,2014,144,1236,COLÉGIO ESTADUAL MULLULO DA VEIGA,ENGENHOCA,-22.8708282,-43.0988892,both,27,27,27,0,0,0,0,0.0,,,Geral,Geral,Geral -> Geral,62.0,26.0,-36.0,-58.06,concorreu,False,,,,,nao_concorreu_fim,,,,,,partido_inexistente,,-36.0,36.0
2010-2014,2010,2014,144,1252,,,,,both,9,13,9,4,0,3,0,0.3077,"[{""nr_zona"": ""144"", ""nr_local"": ""1368"", ""nm_local"": """", ""count"": 3, ""secoes"": [""113"", ""114"", ""115""]}]",,Geral,Geral,Geral -> Geral,22.0,17.0,-5.0,-22.73,concorreu,False,,,,,nao_concorreu_fim,,,,,,partido_inexistente,,-5.0,5.0
2010-2014,2010,2014,144,1317,IGREJA BATISTA BETEL DE NITERÓI,ENGENHOCA,-22.8716138,-43.096026,both,5,5,5,0,0,0,0,0.0,,,Geral,Geral,Geral -> Geral,13.0,4.0,-9.0,-69.23,concorreu,False,,,,,nao_concorreu_fim,,,,,,partido_inexistente,,-9.0,9.0
2010-2014,2010,2014,144,1350,,,,,both,3,3,3,0,0,0,0,0.0,,,Geral,Geral,Geral -> Geral,12.0,5.0,-7.0,-58.33,concorreu,False,,,,,nao_concorreu_fim,,,,,,partido_inexistente,,-7.0,7.0
2010-2014,2010,2014,144,1368,,,,,start_only,3,0,0,0,3,0,3,1.0,,"[{""nr_zona"": ""144"", ""nr_local"": ""1252"", ""nm_local"": """", ""count"": 3, ""secoes"": [""113"", ""114"", ""115""]}]",Geral,Geral,Geral -> Geral,7.0,0.0,-7.0,-100.0,concorreu,False,,,,,nao_concorreu_fim,,,,,,partido_inexistente,,-7.0,7.0
2010-2014,2010,2014,144,1406,COLÉGIO NITERÓI,ENGENHOCA,-22.8706133,-43.1018717,both,6,6,6,0,0,0,0,0.0,,,Geral,Geral,Geral -> Geral,14.0,4.0,-10.0,-71.43,concorreu,False,,,,,nao_concorreu_fim,,,,,,partido_inexistente,,-10.0,10.0
2010-2014,2010,2014,199,1015,COUNTRY CLUB DE NITEROI,VILA PROGRESSO,-22.8970192,-43.0347113,both,6,8,6,2,0,0,0,0.25,,,Geral,Geral,Geral -> Geral,12.0,12.0,0.0,0.0,concorreu,False,,,,,nao_concorreu_fim,,,,,,partido_inexistente,,0.0,0.0
2010-2014,2010,2014,199,1023,ESCOLA MUNICIPAL FELISBERTO DE CARVALHO,VILA PROGRESSO,-22.8970371,-43.0392212,both,6,6,6,0,0,0,0,0.0,,,Geral,Geral,Geral -> Geral,15.0,10.0,-5.0,-33.33,concorreu,False,,,,,nao_concorreu_fim,,,,,,partido_inexistente,,-5.0,5.0
2010-2014,2010,2014,199,1031,ESCOLA MUNICIPAL HONORINA DE CARVALHO,MARIA PAULA,-22.882289,-43.0265693,both,10,12,10,2,0,0,0,0.1667,,,Geral,Geral,Geral -> Geral,39.0,10.0,-29.0,-74.36,concorreu,False,,,,,nao_concorreu_fim,,,,,,partido_inexistente,,-29.0,29.0
2010-2014,2010,2014,199,1040,,,,,start_only,15,0,0,0,15,0,0,1.0,,,Geral,Geral,Geral -> Geral,27.0,0.0,-27.0,-100.0,concorreu,False,,,,,nao_concorreu_fim,,,,,,partido_inexistente,,-27.0,27.0
2010-2014,2010,2014,199,1066,COLÉGIO CENECISTA JULIO CESAR SOUZA BALTHAREJO,ITAIPU,-22.9646939,-43.0332117,both,6,7,6,1,0,0,0,0.1429,,,Geral,Geral,Geral -> Geral,22.0,5.0,-17.0,-77.27,concorreu,False,,,,,nao_concorreu_fim,,,,,,partido_inexistente,,-17.0,17.0
2010-2014,2010,2014,199,1074,COLÉGIO CURSO ZEROHUM ( ANT GAUSS),ITAIPU,-22.9427133,-43.0519956,both,8,9,8,1,0,0,0,0.1111,,,Geral,Geral,Geral -> Geral,38.0,26.0,-12.0,-31.58,concorreu,False,,,,,nao_concorreu_fim,,,,,,partido_inexistente,,-12.0,12.0
2010-2014,2010,2014,199,1082,UMEI DR PAULO CESAR DE ALMEIDA PIMENTEL,ITAIPU,-22.9614459,-43.0327165,both,13,7,7,0,6,0,0,0.4615,,,Geral,Geral,Geral -> Geral,29.0,12.0,-17.0,-58.62,concorreu,False,,,,,nao_concorreu_fim,,,,,,partido_inexistente,,-17.0,17.0
2010-2014,2010,2014,199,1090,COLÉGIO ESTADUAL PROFESSORA ALCINA RODRIGUES LIMA,ITAIPU,-22.9528491,-43.0285072,both,13,14,13,1,0,0,0,0.0714,,,Geral,Geral,Geral -> Geral,27.0,13.0,-14.0,-51.85,concorreu,False,,,,,nao_concorreu_fim,,,,,,partido_inexistente,,-14.0,14.0
2010-2014,2010,2014,199,1104,CURSO CNA- PIRATININGA,PIRATININGA,-22.9441523,-43.0589254,end_only,0,3,0,3,0,0,0,1.0,,,Geral,Geral,Geral -> Geral,0.0,5.0,5.0,,concorreu,False,,,,,nao_concorreu_fim,,,,,,partido_inexistente,,5.0,5.0
2010-2014,2010,2014,199,1112,COLÉGIO SALESIANO REGIÃO OCEÂNICA,PIRATININGA,-22.9393022,-43.0618731,both,10,13,10,3,0,0,0,0.2308,,,Geral,Geral,Geral -> Geral,31.0,23.0,-8.0,-25.81,concorreu,False,,,,,nao_concorreu_fim,,,,,,partido_inexistente,,-8.0,8.0
2010-2014,2010,2014,199,1120,COLÉGIO ESTADUAL ALMIRANTE TAMANDARÉ,PIRATININGA,-22.9512083,-43.0916732,both,9,11,9,2,0,0,0,0.1818,,,Geral,Geral,Geral -> Geral,14.0,9.0,-5.0,-35.71,concorreu,False,,,,,nao_concorreu_fim,,,,,,partido_inexistente,,-5.0,5.0
2010-2014,2010,2014,199,1139,ESCOLA MUNICIPAL FRANCISCO PORTUGAL NEVES,PIRATININGA,-22.942363,-43.056665,both,9,10,9,1,0,0,0,0.1,,,Geral,Geral,Geral -> Geral,13.0,11.0,-2.0,-15.38,concorreu,False,,,,,nao_concorreu_fim,,,,,,partido_inexistente,,-2.0,2.0
2010-2014,2010,2014,199,1155,COLÉGIO ITAPUCA,PIRATININGA,-22.9437854,-43.0593249,both,12,15,12,3,0,0,0,0.2,,,Geral,Geral,Geral -> Geral,37.0,21.0,-16.0,-43.24,concorreu,False,,,,,nao_concorreu_fim,,,,,,partido_inexistente,,-16.0,16.0
2010-2014,2010,2014,199,1163,ANDEF (EX FAETEC),RIO DO OURO,-22.8896379,-42.9978497,both,7,7,7,0,0,0,0,0.0,,,Geral,Geral,Geral -> Geral,20.0,6.0,-14.0,-70.0,concorreu,False,,,,,nao_concorreu_fim,,,,,,partido_inexistente,,-14.0,14.0
2010-2014,2010,2014,199,1171,,,,,both,1,1,1,0,0,0,0,0.0,,,Geral,Geral,Geral -> Geral,2.0,0.0,-2.0,-100.0,concorreu,False,,,,,nao_concorreu_fim,,,,,,partido_inexistente,,-2.0,2.0
2010-2014,2010,2014,199,1198,CIEP 448 RUY FRAZÃO SOARES,ITAIPU,-22.9356576,-43.0092644,both,11,13,11,2,0,0,0,0.1538,,,Geral,Geral,Geral -> Geral,27.0,14.0,-13.0,-48.15,concorreu,False,,,,,nao_concorreu_fim,,,,,,partido_inexistente,,-13.0,13.0
2010-2014,2010,2014,199,1201,,,,,start_only,3,0,0,0,3,0,3,1.0,,"[{""nr_zona"": ""199"", ""nr_local"": ""1317"", ""nm_local"": ""COLÉGIO PAULO FREIRE"", ""count"": 3, ""secoes"": [""77"", ""93"", ""142""]}]",Geral,Geral,Geral -> Geral,8.0,0.0,-8.0,-100.0,concorreu,False,,,,,nao_concorreu_fim,,,,,,partido_inexistente,,-8.0,8.0
2010-2014,2010,2014,199,1244,COLÉGIO LAPLACE,PIRATININGA,-22.9425434,-43.05605,both,8,9,8,1,0,0,0,0.1111,,,Geral,Geral,Geral -> Geral,28.0,19.0,-9.0,-32.14,concorreu,False,,,,,nao_concorreu_fim,,,,,,partido_inexistente,,-9.0,9.0
2010-2014,2010,2014,199,1252,CIEP 307 DJANIRA,VÁRZEA DAS MOÇAS,-22.910323,-42.9852487,both,7,9,7,2,0,0,0,0.2222,,,Geral,Geral,Geral -> Geral,13.0,6.0,-7.0,-53.85,concorreu,False,,,,,nao_concorreu_fim,,,,,,partido_inexistente,,-7.0,7.0
2010-2014,2010,2014,199,1260,COLÉGIO PLUZ,SERRA GRANDE,-22.9287514,-43.0124453,both,1,10,1,9,0,0,0,0.9,,,Geral,Geral,Geral -> Geral,5.0,11.0,6.0,120.0,concorreu,False,,,,,nao_concorreu_fim,,,,,,partido_inexistente,,6.0,6.0
2010-2014,2010,2014,199,1279,,,,,both,1,5,1,4,0,0,0,0.8,,,Geral,Geral,Geral -> Geral,4.0,22.0,18.0,450.0,concorreu,False,,,,,nao_concorreu_fim,,,,,,partido_inexistente,,18.0,18.0
2010-2014,2010,2014,199,1287,ESCOLA MUNICIPAL PROF MARCOS WALDEMAR DE FREITAS REIS,ITAIPU,-22.9615628,-43.0330724,both,1,3,1,2,0,0,0,0.6667,,,Geral,Geral,Geral -> Geral,1.0,5.0,4.0,400.0,concorreu,False,,,,,nao_concorreu_fim,,,,,,partido_inexistente,,4.0,4.0
2010-2014,2010,2014,199,1295,UMEI PROFA ODETE ROSA DA MOTA,ITAIPU,-22.9532368,-43.02859,end_only,0,5,0,5,0,0,0,1.0,,,Geral,Geral,Geral -> Geral,0.0,6.0,6.0,,concorreu,False,,,,,nao_concorreu_fim,,,,,,partido_inexistente,,6.0,6.0
2010-2014,2010,2014,199,1317,COLÉGIO PAULO FREIRE,ENGENHO DO MATO,-22.9500178,-43.0246246,end_only,0,6,0,6,0,3,0,1.0,"[{""nr_zona"": ""199"", ""nr_local"": ""1201"", ""nm_local"": """", ""count"": 3, ""secoes"": [""77"", ""93"", ""142""]}]",,Geral,Geral,Geral -> Geral,0.0,10.0,10.0,,concorreu,False,,,,,nao_concorreu_fim,,,,,,partido_inexistente,,10.0,10.0
2010-2014,2010,2014,199,1325,ESCOLA MUNICIPAL SÍTIO DO IPÊ,MARIA PAULA,-22.8821134,-43.0267087,end_only,0,1,0,1,0,0,0,1.0,,,Geral,Geral,Geral -> Geral,0.0,0.0,0.0,,concorreu,False,,,,,nao_concorreu_fim,,,,,,partido_inexistente,,0.0,0.0
2010-2014,2010,2014,71,1015,CENTRO EDUCACIONAL DE NITEROI - CENTRINHO,SANTA ROSA,-22.8965191,-43.1018339,both,11,11,11,0,0,0,0,0.0,,,Geral,Geral,Geral -> Geral,28.0,11.0,-17.0,-60.71,concorreu,False,,,,,nao_concorreu_fim,,,,,,partido_inexistente,,-17.0,17.0
2010-2014,2010,2014,71,1104,INSTITUTO MAIA VINAGRE,SANTA ROSA,-22.8976844,-43.1021103,both,9,9,9,0,0,0,0,0.0,,,Geral,Geral,Geral -> Geral,32.0,21.0,-11.0,-34.38,concorreu,False,,,,,nao_concorreu_fim,,,,,,partido_inexistente,,-11.0,11.0
2010-2014,2010,2014,71,1244,ESCOLA ESTADUAL MANUEL DE ABREU,ICARAÍ,-22.9023086,-43.1071569,both,8,9,8,1,0,0,0,0.1111,,,Geral,Geral,Geral -> Geral,27.0,27.0,0.0,0.0,concorreu,False,,,,,nao_concorreu_fim,,,,,,partido_inexistente,,0.0,0.0
2010-2014,2010,2014,71,1260,INSTITUTO ABEL,ICARAÍ,-22.9004168,-43.1094942,both,12,16,12,4,0,0,0,0.25,,,Geral,Geral,Geral -> Geral,35.0,33.0,-2.0,-5.71,concorreu,False,,,,,nao_concorreu_fim,,,,,,partido_inexistente,,-2.0,2.0
2010-2014,2010,2014,71,1295,COLEGIO SALESIANO SANTA ROSA,SANTA ROSA,-22.9016745,-43.0996973,both,15,17,15,2,0,0,0,0.1176,,,Geral,Geral,Geral -> Geral,44.0,32.0,-12.0,-27.27,concorreu,False,,,,,nao_concorreu_fim,,,,,,partido_inexistente,,-12.0,12.0
2010-2014,2010,2014,71,1309,CURSO MARLY CURY,SANTA ROSA,-22.9054777,-43.1019227,both,9,11,9,2,0,0,0,0.1818,,,Geral,Geral,Geral -> Geral,32.0,27.0,-5.0,-15.62,concorreu,False,,,,,nao_concorreu_fim,,,,,,partido_inexistente,,-5.0,5.0
2010-2014,2010,2014,71,1317,ESCOLA ESTADUAL BALTAZAR BERNARDINO,SANTA ROSA,-22.9032359,-43.1012931,both,8,9,8,1,0,0,0,0.1111,,,Geral,Geral,Geral -> Geral,41.0,16.0,-25.0,-60.98,concorreu,False,,,,,nao_concorreu_fim,,,,,,partido_inexistente,,-25.0,25.0
2010-2014,2010,2014,71,1325,ESCOLA ESTADUAL GUILHERME BRIGGS,SANTA ROSA,-22.9053667,-43.0895767,both,14,15,14,1,0,0,0,0.0667,,,Geral,Geral,Geral -> Geral,40.0,26.0,-14.0,-35.0,concorreu,False,,,,,nao_concorreu_fim,,,,,,partido_inexistente,,-14.0,14.0
2010-2014,2010,2014,71,1333,PARÓQUIA NOSSA SENHORA AUXILIADORA - CENTRO COMUNITÁRIO,SANTA ROSA,-22.9020239,-43.0994239,both,10,10,10,0,0,0,0,0.0,,,Geral,Geral,Geral -> Geral,29.0,23.0,-6.0,-20.69,concorreu,False,,,,,nao_concorreu_fim,,,,,,partido_inexistente,,-6.0,6.0
2010-2014,2010,2014,71,1368,,,,,both,8,10,8,2,0,0,0,0.2,,,Geral,Geral,Geral -> Geral,33.0,33.0,0.0,0.0,concorreu,False,,,,,nao_concorreu_fim,,,,,,partido_inexistente,,0.0,0.0
2010-2014,2010,2014,71,1392,FACULDADE DE VETERINARIA DA UFF,VITAL BRASIL,-22.904908,-43.098407,both,13,14,13,1,0,0,0,0.0714,,,Geral,Geral,Geral -> Geral,46.0,20.0,-26.0,-56.52,concorreu,False,,,,,nao_concorreu_fim,,,,,,partido_inexistente,,-26.0,26.0
2010-2014,2010,2014,72,1015,INSTITUTO JCA,SANTA BARBARA,-22.882301,-43.0585179,both,15,15,15,0,0,0,0,0.0,,,Geral,Geral,Geral -> Geral,15.0,57.0,42.0,280.0,concorreu,False,,,,,nao_concorreu_fim,,,,,,partido_inexistente,,42.0,42.0
2010-2014,2010,2014,72,1040,COLÉGIO ESTADUAL DAVID CAPISTRANO,SANTA BARBARA,-22.8768468,-43.0480155,both,16,17,16,1,0,0,0,0.0588,,,Geral,Geral,Geral -> Geral,24.0,68.0,44.0,183.33,concorreu,False,,,,,nao_concorreu_fim,,,,,,partido_inexistente,,44.0,44.0
2010-2014,2010,2014,72,1074,COLEGIO ESTADUAL PAULO ASSIS RIBEIRO,BADU,-22.9068537,-43.0573891,both,17,18,17,1,0,0,0,0.0556,,,Geral,Geral,Geral -> Geral,52.0,14.0,-38.0,-73.08,concorreu,False,,,,,nao_concorreu_fim,,,,,,partido_inexistente,,-38.0,38.0
2010-2014,2010,2014,72,1112,ESCOLA ESTADUAL LEOPOLDO FROES,LARGO DA BATALHA,-22.9100474,-43.0677553,both,18,18,18,0,0,0,0,0.0,,,Geral,Geral,Geral -> Geral,46.0,23.0,-23.0,-50.0,concorreu,False,,,,,nao_concorreu_fim,,,,,,partido_inexistente,,-23.0,23.0
2010-2014,2010,2014,72,1147,ESCOLA MUNICIPAL VERA LUCIA MACHADO,BADU,-22.9045,-43.0500355,both,7,8,7,1,0,0,0,0.125,,,Geral,Geral,Geral -> Geral,19.0,5.0,-14.0,-73.68,concorreu,False,,,,,nao_concorreu_fim,,,,,,partido_inexistente,,-14.0,14.0
2010-2014,2010,2014,72,1171,ESCOLA MUNICIPAL ANTONIO COUTINHO DE AZEVEDO,SANTA BARBARA,-22.8756043,-43.04869,both,9,9,9,0,0,0,0,0.0,,,Geral,Geral,Geral -> Geral,13.0,9.0,-4.0,-30.77,concorreu,False,,,,,nao_concorreu_fim,,,,,,partido_inexistente,,-4.0,4.0
2010-2014,2010,2014,72,1180,ESCOLA MUNICIPAL RACHIDE DA GLORIA SALIM SAKER,SANTA BARBARA,-22.8766134,-43.0488967,both,7,8,7,1,0,0,0,0.125,,,Geral,Geral,Geral -> Geral,14.0,12.0,-2.0,-14.29,concorreu,False,,,,,nao_concorreu_fim,,,,,,partido_inexistente,,-2.0,2.0
2010-2014,2010,2014,72,1368,ESCOLA MUNICIPAL VILA COSTA MONTEIRO,ITITIOCA,-22.8963335,-43.077802,both,9,11,9,2,0,0,0,0.1818,,,Geral,Geral,Geral -> Geral,23.0,20.0,-3.0,-13.04,concorreu,False,,,,,nao_concorreu_fim,,,,,,partido_inexistente,,-3.0,3.0
2010-2014,2010,2014,72,1449,CIEP 450 - BADU,BADU,-22.9071974,-43.0566124,both,18,19,18,1,0,0,0,0.0526,,,Geral,Geral,Geral -> Geral,51.0,12.0,-39.0,-76.47,concorreu,False,,,,,nao_concorreu_fim,,,,,,partido_inexistente,,-39.0,39.0
2010-2014,2010,2014,72,1473,COLÉGIO FORUM CULTURAL,CANTAGALO,-22.9163184,-43.0490094,both,8,10,8,2,0,0,0,0.2,,,Geral,Geral,Geral -> Geral,23.0,6.0,-17.0,-73.91,concorreu,False,,,,,nao_concorreu_fim,,,,,,partido_inexistente,,-17.0,17.0
2010-2014,2010,2014,72,1490,,,,,start_only,3,0,0,0,3,0,0,1.0,,,Geral,Geral,Geral -> Geral,5.0,0.0,-5.0,-100.0,concorreu,False,,,,,nao_concorreu_fim,,,,,,partido_inexistente,,-5.0,5.0
2010-2014,2010,2014,72,1520,ESCOLA MUNICIPAL LEVI CARNEIRO,SAPÊ,-22.8961721,-43.0583864,end_only,0,15,0,15,0,0,0,1.0,,,Geral,Geral,Geral -> Geral,0.0,13.0,13.0,,concorreu,False,,,,,nao_concorreu_fim,,,,,,partido_inexistente,,13.0,13.0
2010-2014,2010,2014,72,1538,ESCOLA CATAVENTO ESPAÇO DE EDUCAÇÃO,SAPÊ,-22.9024713,-43.0635188,end_only,0,3,0,3,0,0,0,1.0,,,Geral,Geral,Geral -> Geral,0.0,0.0,0.0,,concorreu,False,,,,,nao_concorreu_fim,,,,,,partido_inexistente,,0.0,0.0
2010-2014,2010,2014,72,1546,COLÉGIO GOMES PEREIRA,LARGO DA BATALHA,-22.9081863,-43.0665152,end_only,0,6,0,6,0,0,0,1.0,,,Geral,Geral,Geral -> Geral,0.0,11.0,11.0,,concorreu,False,,,,,nao_concorreu_fim,,,,,,partido_inexistente,,11.0,11.0
2010-2018,2010,2018,113,1023,,,,,start_only,4,0,0,0,4,0,0,1.0,,,Geral,Geral,Geral -> Geral,11.0,0.0,-11.0,-100.0,concorreu,False,78.0,0.0,-78.0,-100.0,concorreu,False,,,,,partido_inexistente,,-11.0,11.0
2010-2018,2010,2018,113,1031,,,,,start_only,14,0,0,0,14,0,0,1.0,,,Geral,Geral,Geral -> Geral,25.0,0.0,-25.0,-100.0,concorreu,False,113.0,0.0,-113.0,-100.0,concorreu,False,,,,,partido_inexistente,,-25.0,25.0
2010-2018,2010,2018,113,1082,,,,,start_only,13,0,0,0,13,0,0,1.0,,,Geral,Geral,Geral -> Geral,27.0,0.0,-27.0,-100.0,concorreu,False,105.0,0.0,-105.0,-100.0,concorreu,False,,,,,partido_inexistente,,-27.0,27.0
2010-2018,2010,2018,113,1120,,,,,start_only,5,0,0,0,5,0,0,1.0,,,Geral,Geral,Geral -> Geral,13.0,0.0,-13.0,-100.0,concorreu,False,42.0,0.0,-42.0,-100.0,concorreu,False,,,,,partido_inexistente,,-13.0,13.0
2010-2018,2010,2018,113,1139,,,,,start_only,8,0,0,0,8,0,0,1.0,,,Geral,Geral,Geral -> Geral,19.0,0.0,-19.0,-100.0,concorreu,False,81.0,0.0,-81.0,-100.0,concorreu,False,,,,,partido_inexistente,,-19.0,19.0
2010-2018,2010,2018,113,1163,,,,,start_only,11,0,0,0,11,0,0,1.0,,,Geral,Geral,Geral -> Geral,22.0,0.0,-22.0,-100.0,concorreu,False,97.0,0.0,-97.0,-100.0,concorreu,False,,,,,partido_inexistente,,-22.0,22.0
2010-2018,2010,2018,113,1171,,,,,start_only,12,0,0,0,12,0,0,1.0,,,Geral,Geral,Geral -> Geral,16.0,0.0,-16.0,-100.0,concorreu,False,86.0,0.0,-86.0,-100.0,concorreu,False,,,,,partido_inexistente,,-16.0,16.0
2010-2018,2010,2018,113,1201,,,,,start_only,2,0,0,0,2,0,0,1.0,,,Geral,Geral,Geral -> Geral,8.0,0.0,-8.0,-100.0,concorreu,False,30.0,0.0,-30.0,-100.0,concorreu,False,,,,,partido_inexistente,,-8.0,8.0
2010-2018,2010,2018,113,1236,,,,,start_only,12,0,0,0,12,0,0,1.0,,,Geral,Geral,Geral -> Geral,23.0,0.0,-23.0,-100.0,concorreu,False,132.0,0.0,-132.0,-100.0,concorreu,False,,,,,partido_inexistente,,-23.0,23.0
2010-2018,2010,2018,113,1295,,,,,start_only,6,0,0,0,6,0,0,1.0,,,Geral,Geral,Geral -> Geral,13.0,0.0,-13.0,-100.0,concorreu,False,94.0,0.0,-94.0,-100.0,concorreu,False,,,,,partido_inexistente,,-13.0,13.0
2010-2018,2010,2018,113,1309,,,,,start_only,8,0,0,0,8,0,0,1.0,,,Geral,Geral,Geral -> Geral,7.0,0.0,-7.0,-100.0,concorreu,False,105.0,0.0,-105.0,-100.0,concorreu,False,,,,,partido_inexistente,,-7.0,7.0
2010-2018,2010,2018,113,1325,,,,,start_only,6,0,0,0,6,0,0,1.0,,,Geral,Geral,Geral -> Geral,12.0,0.0,-12.0,-100.0,concorreu,False,74.0,0.0,-74.0,-100.0,concorreu,False,,,,,partido_inexistente,,-12.0,12.0
2010-2018,2010,2018,113,1350,,,,,start_only,3,0,0,0,3,0,0,1.0,,,Geral,Geral,Geral -> Geral,8.0,0.0,-8.0,-100.0,concorreu,False,31.0,0.0,-31.0,-100.0,concorreu,False,,,,,partido_inexistente,,-8.0,8.0
2010-2018,2010,2018,113,1376,,,,,start_only,10,0,0,0,10,0,0,1.0,,,Geral,Geral,Geral -> Geral,23.0,0.0,-23.0,-100.0,concorreu,False,104.0,0.0,-104.0,-100.0,concorreu,False,,,,,partido_inexistente,,-23.0,23.0
2010-2018,2010,2018,113,1384,,,,,start_only,8,0,0,0,8,0,0,1.0,,,Geral,Geral,Geral -> Geral,15.0,0.0,-15.0,-100.0,concorreu,False,93.0,0.0,-93.0,-100.0,concorreu,False,,,,,partido_inexistente,,-15.0,15.0
2010-2018,2010,2018,114,1082,,,,,start_only,6,0,0,0,6,0,0,1.0,,,Geral,Geral,Geral -> Geral,18.0,0.0,-18.0,-100.0,concorreu,False,151.0,0.0,-151.0,-100.0,concorreu,False,,,,,partido_inexistente,,-18.0,18.0
2010-2018,2010,2018,114,1090,,,,,start_only,14,0,0,0,14,0,0,1.0,,,Geral,Geral,Geral -> Geral,34.0,0.0,-34.0,-100.0,concorreu,False,222.0,0.0,-222.0,-100.0,concorreu,False,,,,,partido_inexistente,,-34.0,34.0
2010-2018,2010,2018,114,1279,,,,,start_only,5,0,0,0,5,0,0,1.0,,,Geral,Geral,Geral -> Geral,22.0,0.0,-22.0,-100.0,concorreu,False,116.0,0.0,-116.0,-100.0,concorreu,False,,,,,partido_inexistente,,-22.0,22.0
2010-2018,2010,2018,114,1333,,,,,start_only,15,0,0,0,15,0,0,1.0,,,Geral,Geral,Geral -> Geral,42.0,0.0,-42.0,-100.0,concorreu,False,351.0,0.0,-351.0,-100.0,concorreu,False,,,,,partido_inexistente,,-42.0,42.0
2010-2018,2010,2018,114,1538,,,,,start_only,3,0,0,0,3,0,0,1.0,,,Geral,Geral,Geral -> Geral,8.0,0.0,-8.0,-100.0,concorreu,False,90.0,0.0,-90.0,-100.0,concorreu,False,,,,,partido_inexistente,,-8.0,8.0
2010-2018,2010,2018,114,1546,,,,,start_only,5,0,0,0,5,0,0,1.0,,,Geral,Geral,Geral -> Geral,7.0,0.0,-7.0,-100.0,concorreu,False,105.0,0.0,-105.0,-100.0,concorreu,False,,,,,partido_inexistente,,-7.0,7.0
2010-2018,2010,2018,114,1597,,,,,start_only,6,0,0,0,6,0,0,1.0,,,Geral,Geral,Geral -> Geral,21.0,0.0,-21.0,-100.0,concorreu,False,141.0,0.0,-141.0,-100.0,concorreu,False,,,,,partido_inexistente,,-21.0,21.0
2010-2018,2010,2018,114,1600,,,,,start_only,8,0,0,0,8,0,0,1.0,,,Geral,Geral,Geral -> Geral,25.0,0.0,-25.0,-100.0,concorreu,False,233.0,0.0,-233.0,-100.0,concorreu,False,,,,,partido_inexistente,,-25.0,25.0
2010-2018,2010,2018,114,1635,,,,,start_only,12,0,0,0,12,0,0,1.0,,,Geral,Geral,Geral -> Geral,27.0,0.0,-27.0,-100.0,concorreu,False,268.0,0.0,-268.0,-100.0,concorreu,False,,,,,partido_inexistente,,-27.0,27.0
2010-2018,2010,2018,114,1643,,,,,start_only,6,0,0,0,6,0,0,1.0,,,Geral,Geral,Geral -> Geral,25.0,0.0,-25.0,-100.0,concorreu,False,138.0,0.0,-138.0,-100.0,concorreu,False,,,,,partido_inexistente,,-25.0,25.0
2010-2018,2010,2018,114,1660,,,,,start_only,2,0,0,0,2,0,0,1.0,,,Geral,Geral,Geral -> Geral,9.0,0.0,-9.0,-100.0,concorreu,False,44.0,0.0,-44.0,-100.0,concorreu,False,,,,,partido_inexistente,,-9.0,9.0
2010-2018,2010,2018,114,1716,,,,,start_only,6,0,0,0,6,0,0,1.0,,,Geral,Geral,Geral -> Geral,17.0,0.0,-17.0,-100.0,concorreu,False,134.0,0.0,-134.0,-100.0,concorreu,False,,,,,partido_inexistente,,-17.0,17.0
2010-2018,2010,2018,114,1732,,,,,start_only,3,0,0,0,3,0,0,1.0,,,Geral,Geral,Geral -> Geral,11.0,0.0,-11.0,-100.0,concorreu,False,42.0,0.0,-42.0,-100.0,concorreu,False,,,,,partido_inexistente,,-11.0,11.0
2010-2018,2010,2018,115,1384,,,,,start_only,4,0,0,0,4,0,0,1.0,,,Geral,Geral,Geral -> Geral,8.0,0.0,-8.0,-100.0,concorreu,False,55.0,0.0,-55.0,-100.0,concorreu,False,,,,,partido_inexistente,,-8.0,8.0
2010-2018,2010,2018,115,1406,,,,,start_only,11,0,0,0,11,0,0,1.0,,,Geral,Geral,Geral -> Geral,33.0,0.0,-33.0,-100.0,concorreu,False,174.0,0.0,-174.0,-100.0,concorreu,False,,,,,partido_inexistente,,-33.0,33.0
2010-2018,2010,2018,115,1414,,,,,start_only,7,0,0,0,7,0,0,1.0,,,Geral,Geral,Geral -> Geral,19.0,0.0,-19.0,-100.0,concorreu,False,73.0,0.0,-73.0,-100.0,concorreu,False,,,,,partido_inexistente,,-19.0,19.0
2010-2018,2010,2018,115,1422,,,,,start_only,5,0,0,0,5,0,0,1.0,,,Geral,Geral,Geral -> Geral,12.0,0.0,-12.0,-100.0,concorreu,False,33.0,0.0,-33.0,-100.0,concorreu,False,,,,,partido_inexistente,,-12.0,12.0
2010-2018,2010,2018,115,1457,,,,,start_only,11,0,0,0,11,0,0,1.0,,,Geral,Geral,Geral -> Geral,16.0,0.0,-16.0,-100.0,concorreu,False,127.0,0.0,-127.0,-100.0,concorreu,False,,,,,partido_inexistente,,-16.0,16.0
2010-2018,2010,2018,115,1465,,,,,start_only,9,0,0,0,9,0,0,1.0,,,Geral,Geral,Geral -> Geral,7.0,0.0,-7.0,-100.0,concorreu,False,56.0,0.0,-56.0,-100.0,concorreu,False,,,,,partido_inexistente,,-7.0,7.0
2010-2018,2010,2018,115,1473,,,,,start_only,11,0,0,0,11,0,0,1.0,,,Geral,Geral,Geral -> Geral,11.0,0.0,-11.0,-100.0,concorreu,False,77.0,0.0,-77.0,-100.0,concorreu,False,,,,,partido_inexistente,,-11.0,11.0
2010-2018,2010,2018,115,1481,,,,,start_only,9,0,0,0,9,0,0,1.0,,,Geral,Geral,Geral -> Geral,13.0,0.0,-13.0,-100.0,concorreu,False,96.0,0.0,-96.0,-100.0,concorreu,False,,,,,partido_inexistente,,-13.0,13.0
2010-2018,2010,2018,115,1490,,,,,start_only,3,0,0,0,3,0,0,1.0,,,Geral,Geral,Geral -> Geral,4.0,0.0,-4.0,-100.0,concorreu,False,22.0,0.0,-22.0,-100.0,concorreu,False,,,,,partido_inexistente,,-4.0,4.0
2010-2018,2010,2018,115,1503,,,,,start_only,5,0,0,0,5,0,0,1.0,,,Geral,Geral,Geral -> Geral,18.0,0.0,-18.0,-100.0,concorreu,False,66.0,0.0,-66.0,-100.0,concorreu,False,,,,,partido_inexistente,,-18.0,18.0
2010-2018,2010,2018,115,1520,,,,,start_only,4,0,0,0,4,0,0,1.0,,,Geral,Geral,Geral -> Geral,5.0,0.0,-5.0,-100.0,concorreu,False,44.0,0.0,-44.0,-100.0,concorreu,False,,,,,partido_inexistente,,-5.0,5.0
2010-2018,2010,2018,115,1538,,,,,start_only,4,0,0,0,4,0,0,1.0,,,Geral,Geral,Geral -> Geral,18.0,0.0,-18.0,-100.0,concorreu,False,40.0,0.0,-40.0,-100.0,concorreu,False,,,,,partido_inexistente,,-18.0,18.0
2010-2018,2010,2018,115,1554,,,,,start_only,7,0,0,0,7,0,0,1.0,,,Geral,Geral,Geral -> Geral,16.0,0.0,-16.0,-100.0,concorreu,False,46.0,0.0,-46.0,-100.0,concorreu,False,,,,,partido_inexistente,,-16.0,16.0
2010-2018,2010,2018,115,1589,,,,,start_only,5,0,0,0,5,0,0,1.0,,,Geral,Geral,Geral -> Geral,4.0,0.0,-4.0,-100.0,concorreu,False,61.0,0.0,-61.0,-100.0,concorreu,False,,,,,partido_inexistente,,-4.0,4.0
2010-2018,2010,2018,140,1015,,,,,start_only,4,0,0,0,4,0,0,1.0,,,Geral,Geral,Geral -> Geral,13.0,0.0,-13.0,-100.0,concorreu,False,131.0,0.0,-131.0,-100.0,concorreu,False,,,,,partido_inexistente,,-13.0,13.0
2010-2018,2010,2018,140,1023,,,,,start_only,6,0,0,0,6,0,0,1.0,,,Geral,Geral,Geral -> Geral,16.0,0.0,-16.0,-100.0,concorreu,False,130.0,0.0,-130.0,-100.0,concorreu,False,,,,,partido_inexistente,,-16.0,16.0
2010-2018,2010,2018,140,1031,,,,,start_only,3,0,0,0,3,0,0,1.0,,,Geral,Geral,Geral -> Geral,10.0,0.0,-10.0,-100.0,concorreu,False,95.0,0.0,-95.0,-100.0,concorreu,False,,,,,partido_inexistente,,-10.0,10.0
2010-2018,2010,2018,140,1040,,,,,start_only,3,0,0,0,3,0,0,1.0,,,Geral,Geral,Geral -> Geral,6.0,0.0,-6.0,-100.0,concorreu,False,81.0,0.0,-81.0,-100.0,concorreu,False,,,,,partido_inexistente,,-6.0,6.0
2010-2018,2010,2018,140,1066,,,,,start_only,2,0,0,0,2,0,0,1.0,,,Geral,Geral,Geral -> Geral,7.0,0.0,-7.0,-100.0,concorreu,False,70.0,0.0,-70.0,-100.0,concorreu,False,,,,,partido_inexistente,,-7.0,7.0
2010-2018,2010,2018,140,1074,,,,,start_only,5,0,0,0,5,0,0,1.0,,,Geral,Geral,Geral -> Geral,13.0,0.0,-13.0,-100.0,concorreu,False,149.0,0.0,-149.0,-100.0,concorreu,False,,,,,partido_inexistente,,-13.0,13.0
2010-2018,2010,2018,140,1082,,,,,start_only,8,0,0,0,8,0,0,1.0,,,Geral,Geral,Geral -> Geral,21.0,0.0,-21.0,-100.0,concorreu,False,208.0,0.0,-208.0,-100.0,concorreu,False,,,,,partido_inexistente,,-21.0,21.0
2010-2018,2010,2018,140,1090,,,,,start_only,5,0,0,0,5,0,0,1.0,,,Geral,Geral,Geral -> Geral,16.0,0.0,-16.0,-100.0,concorreu,False,149.0,0.0,-149.0,-100.0,concorreu,False,,,,,partido_inexistente,,-16.0,16.0
2010-2018,2010,2018,140,1104,,,,,start_only,3,0,0,0,3,0,0,1.0,,,Geral,Geral,Geral -> Geral,13.0,0.0,-13.0,-100.0,concorreu,False,76.0,0.0,-76.0,-100.0,concorreu,False,,,,,partido_inexistente,,-13.0,13.0
2010-2018,2010,2018,140,1120,,,,,start_only,17,0,0,0,17,0,0,1.0,,,Geral,Geral,Geral -> Geral,45.0,0.0,-45.0,-100.0,concorreu,False,486.0,0.0,-486.0,-100.0,concorreu,False,,,,,partido_inexistente,,-45.0,45.0
2010-2018,2010,2018,140,1139,,,,,start_only,15,0,0,0,15,0,0,1.0,,,Geral,Geral,Geral -> Geral,36.0,0.0,-36.0,-100.0,concorreu,False,313.0,0.0,-313.0,-100.0,concorreu,False,,,,,partido_inexistente,,-36.0,36.0
2010-2018,2010,2018,140,1155,,,,,start_only,15,0,0,0,15,0,0,1.0,,,Geral,Geral,Geral -> Geral,37.0,0.0,-37.0,-100.0,concorreu,False,311.0,0.0,-311.0,-100.0,concorreu,False,,,,,partido_inexistente,,-37.0,37.0
2010-2018,2010,2018,140,1163,,,,,start_only,4,0,0,0,4,0,0,1.0,,,Geral,Geral,Geral -> Geral,14.0,0.0,-14.0,-100.0,concorreu,False,122.0,0.0,-122.0,-100.0,concorreu,False,,,,,partido_inexistente,,-14.0,14.0
2010-2018,2010,2018,142,1015,,,,,start_only,4,0,0,0,4,0,0,1.0,,,Geral,Geral,Geral -> Geral,7.0,0.0,-7.0,-100.0,concorreu,False,103.0,0.0,-103.0,-100.0,concorreu,False,,,,,partido_inexistente,,-7.0,7.0
2010-2018,2010,2018,142,1031,,,,,start_only,4,0,0,0,4,0,0,1.0,,,Geral,Geral,Geral -> Geral,5.0,0.0,-5.0,-100.0,concorreu,False,80.0,0.0,-80.0,-100.0,concorreu,False,,,,,partido_inexistente,,-5.0,5.0
2010-2018,2010,2018,142,1058,,,,,start_only,15,0,0,0,15,0,0,1.0,,,Geral,Geral,Geral -> Geral,44.0,0.0,-44.0,-100.0,concorreu,False,397.0,0.0,-397.0,-100.0,concorreu,False,,,,,partido_inexistente,,-44.0,44.0
2010-2018,2010,2018,142,1090,,,,,start_only,10,0,0,0,10,0,0,1.0,,,Geral,Geral,Geral -> Geral,29.0,0.0,-29.0,-100.0,concorreu,False,308.0,0.0,-308.0,-100.0,concorreu,False,,,,,partido_inexistente,,-29.0,29.0
2010-2018,2010,2018,142,1104,,,,,start_only,3,0,0,0,3,0,0,1.0,,,Geral,Geral,Geral -> Geral,11.0,0.0,-11.0,-100.0,concorreu,False,105.0,0.0,-105.0,-100.0,concorreu,False,,,,,partido_inexistente,,-11.0,11.0
2010-2018,2010,2018,142,1112,,,,,start_only,7,0,0,0,7,0,0,1.0,,,Geral,Geral,Geral -> Geral,23.0,0.0,-23.0,-100.0,concorreu,False,241.0,0.0,-241.0,-100.0,concorreu,False,,,,,partido_inexistente,,-23.0,23.0
2010-2018,2010,2018,142,1180,,,,,start_only,9,0,0,0,9,0,0,1.0,,,Geral,Geral,Geral -> Geral,26.0,0.0,-26.0,-100.0,concorreu,False,199.0,0.0,-199.0,-100.0,concorreu,False,,,,,partido_inexistente,,-26.0,26.0
2010-2018,2010,2018,142,1198,,,,,start_only,6,0,0,0,6,0,0,1.0,,,Geral,Geral,Geral -> Geral,17.0,0.0,-17.0,-100.0,concorreu,False,125.0,0.0,-125.0,-100.0,concorreu,False,,,,,partido_inexistente,,-17.0,17.0
2010-2018,2010,2018,142,1201,,,,,start_only,8,0,0,0,8,0,0,1.0,,,Geral,Geral,Geral -> Geral,16.0,0.0,-16.0,-100.0,concorreu,False,213.0,0.0,-213.0,-100.0,concorreu,False,,,,,partido_inexistente,,-16.0,16.0
2010-2018,2010,2018,142,1210,,,,,start_only,8,0,0,0,8,0,0,1.0,,,Geral,Geral,Geral -> Geral,16.0,0.0,-16.0,-100.0,concorreu,False,188.0,0.0,-188.0,-100.0,concorreu,False,,,,,partido_inexistente,,-16.0,16.0
2010-2018,2010,2018,142,1244,,,,,start_only,15,0,0,0,15,0,0,1.0,,,Geral,Geral,Geral -> Geral,24.0,0.0,-24.0,-100.0,concorreu,False,369.0,0.0,-369.0,-100.0,concorreu,False,,,,,partido_inexistente,,-24.0,24.0
2010-2018,2010,2018,142,1252,,,,,start_only,7,0,0,0,7,0,0,1.0,,,Geral,Geral,Geral -> Geral,25.0,0.0,-25.0,-100.0,concorreu,False,192.0,0.0,-192.0,-100.0,concorreu,False,,,,,partido_inexistente,,-25.0,25.0
2010-2018,2010,2018,142,1260,,,,,start_only,7,0,0,0,7,0,0,1.0,,,Geral,Geral,Geral -> Geral,10.0,0.0,-10.0,-100.0,concorreu,False,210.0,0.0,-210.0,-100.0,concorreu,False,,,,,partido_inexistente,,-10.0,10.0
2010-2018,2010,2018,142,1279,,,,,start_only,3,0,0,0,3,0,0,1.0,,,Geral,Geral,Geral -> Geral,4.0,0.0,-4.0,-100.0,concorreu,False,66.0,0.0,-66.0,-100.0,concorreu,False,,,,,partido_inexistente,,-4.0,4.0
2010-2018,2010,2018,143,1031,,,,,start_only,7,0,0,0,7,0,0,1.0,,,Geral,Geral,Geral -> Geral,18.0,0.0,-18.0,-100.0,concorreu,False,122.0,0.0,-122.0,-100.0,concorreu,False,,,,,partido_inexistente,,-18.0,18.0
2010-2018,2010,2018,143,1058,,,,,start_only,7,0,0,0,7,0,0,1.0,,,Geral,Geral,Geral -> Geral,23.0,0.0,-23.0,-100.0,concorreu,False,198.0,0.0,-198.0,-100.0,concorreu,False,,,,,partido_inexistente,,-23.0,23.0
2010-2018,2010,2018,143,1066,,,,,start_only,6,0,0,0,6,0,0,1.0,,,Geral,Geral,Geral -> Geral,17.0,0.0,-17.0,-100.0,concorreu,False,94.0,0.0,-94.0,-100.0,concorreu,False,,,,,partido_inexistente,,-17.0,17.0
2010-2018,2010,2018,143,1074,,,,,start_only,10,0,0,0,10,0,0,1.0,,,Geral,Geral,Geral -> Geral,26.0,0.0,-26.0,-100.0,concorreu,False,197.0,0.0,-197.0,-100.0,concorreu,False,,,,,partido_inexistente,,-26.0,26.0
2010-2018,2010,2018,143,1082,,,,,start_only,5,0,0,0,5,0,0,1.0,,,Geral,Geral,Geral -> Geral,5.0,0.0,-5.0,-100.0,concorreu,False,79.0,0.0,-79.0,-100.0,concorreu,False,,,,,partido_inexistente,,-5.0,5.0
2010-2018,2010,2018,143,1112,,,,,start_only,8,0,0,0,8,0,0,1.0,,,Geral,Geral,Geral -> Geral,33.0,0.0,-33.0,-100.0,concorreu,False,145.0,0.0,-145.0,-100.0,concorreu,False,,,,,partido_inexistente,,-33.0,33.0
2010-2018,2010,2018,143,1120,,,,,start_only,15,0,0,0,15,0,0,1.0,,,Geral,Geral,Geral -> Geral,25.0,0.0,-25.0,-100.0,concorreu,False,144.0,0.0,-144.0,-100.0,concorreu,False,,,,,partido_inexistente,,-25.0,25.0
2010-2018,2010,2018,143,1147,,,,,start_only,8,0,0,0,8,0,0,1.0,,,Geral,Geral,Geral -> Geral,21.0,0.0,-21.0,-100.0,concorreu,False,91.0,0.0,-91.0,-100.0,concorreu,False,,,,,partido_inexistente,,-21.0,21.0
2010-2018,2010,2018,143,1163,,,,,start_only,13,0,0,0,13,0,0,1.0,,,Geral,Geral,Geral -> Geral,37.0,0.0,-37.0,-100.0,concorreu,False,171.0,0.0,-171.0,-100.0,concorreu,False,,,,,partido_inexistente,,-37.0,37.0
2010-2018,2010,2018,143,1180,,,,,start_only,5,0,0,0,5,0,0,1.0,,,Geral,Geral,Geral -> Geral,20.0,0.0,-20.0,-100.0,concorreu,False,115.0,0.0,-115.0,-100.0,concorreu,False,,,,,partido_inexistente,,-20.0,20.0
2010-2018,2010,2018,143,1198,,,,,start_only,4,0,0,0,4,0,0,1.0,,,Geral,Geral,Geral -> Geral,10.0,0.0,-10.0,-100.0,concorreu,False,60.0,0.0,-60.0,-100.0,concorreu,False,,,,,partido_inexistente,,-10.0,10.0
2010-2018,2010,2018,144,1023,,,,,both,4,4,4,0,0,0,0,0.0,,,Geral,Geral,Geral -> Geral,8.0,1.0,-7.0,-87.5,concorreu,False,21.0,8.0,-13.0,-61.9,concorreu,False,,,,,partido_inexistente,,-7.0,7.0
2010-2018,2010,2018,144,1031,COLÉGIO PEDRO II CAMPUS NITERÓI,BARRETO,-22.8685685,-43.1037833,both,11,11,11,0,0,0,0,0.0,,,Geral,Geral,Geral -> Geral,29.0,18.0,-11.0,-37.93,concorreu,False,64.0,45.0,-19.0,-29.69,concorreu,False,,,,,partido_inexistente,,-11.0,11.0
2010-2018,2010,2018,144,1082,,,,,start_only,3,0,0,0,3,0,3,1.0,,"[{""nr_zona"": ""144"", ""nr_local"": ""1090"", ""nm_local"": ""ESCOLA TÉCNICA ESTADUAL HENRIQUE LAGE"", ""count"": 3, ""secoes"": [""20"", ""22"", ""42""]}]",Geral,Geral,Geral -> Geral,14.0,0.0,-14.0,-100.0,concorreu,False,22.0,0.0,-22.0,-100.0,concorreu,False,,,,,partido_inexistente,,-14.0,14.0
2010-2018,2010,2018,144,1090,ESCOLA TÉCNICA ESTADUAL HENRIQUE LAGE,BARRETO,-22.8621355,-43.0979546,both,7,14,7,7,0,3,0,0.5,"[{""nr_zona"": ""144"", ""nr_local"": ""1082"", ""nm_local"": """", ""count"": 3, ""secoes"": [""20"", ""22"", ""42""]}]",,Geral,Geral,Geral -> Geral,20.0,11.0,-9.0,-45.0,concorreu,False,85.0,41.0,-44.0,-51.76,concorreu,False,,,,,partido_inexistente,,-9.0,9.0
2010-2018,2010,2018,144,1104,ESCOLA MUNICIPAL ALTIVO CESAR,BARRETO,-22.8645343,-43.0995714,both,11,11,11,0,0,0,0,0.0,,,Geral,Geral,Geral -> Geral,64.0,11.0,-53.0,-82.81,concorreu,False,190.0,53.0,-137.0,-72.11,concorreu,False,,,,,partido_inexistente,,-53.0,53.0
2010-2018,2010,2018,144,1112,,,,,both,5,5,5,0,0,0,0,0.0,,,Geral,Geral,Geral -> Geral,6.0,1.0,-5.0,-83.33,concorreu,False,41.0,22.0,-19.0,-46.34,concorreu,False,,,,,partido_inexistente,,-5.0,5.0
2010-2018,2010,2018,144,1163,COLÉGIO ESTADUAL CONSELHEIRO MACEDO SOARES,BARRETO,-22.8622231,-43.0924035,both,9,9,9,0,0,0,0,0.0,,,Geral,Geral,Geral -> Geral,17.0,8.0,-9.0,-52.94,concorreu,False,71.0,20.0,-51.0,-71.83,concorreu,False,,,,,partido_inexistente,,-9.0,9.0
2010-2018,2010,2018,144,1171,ESCOLA ESTADUAL MENEZES VIEIRA,BARRETO,-22.8693286,-43.1032004,both,7,7,7,0,0,0,0,0.0,,,Geral,Geral,Geral -> Geral,8.0,3.0,-5.0,-62.5,concorreu,False,63.0,35.0,-28.0,-44.44,concorreu,False,,,,,partido_inexistente,,-5.0,5.0
2010-2018,2010,2018,144,1201,,,,,both,3,3,3,0,0,0,0,0.0,,,Geral,Geral,Geral -> Geral,14.0,1.0,-13.0,-92.86,concorreu,False,30.0,6.0,-24.0,-80.0,concorreu,False,,,,,partido_inexistente,,-13.0,13.0
2010-2018,2010,2018,144,1210,UMEI THEREZINHA KALIL PETRUS (ANTIGO TIO SAM),BARRETO,-22.8719306,-43.104502,both,11,12,11,1,0,0,0,0.0833,,,Geral,Geral,Geral -> Geral,26.0,11.0,-15.0,-57.69,concorreu,False,110.0,48.0,-62.0,-56.36,concorreu,False,,,,,partido_inexistente,,-15.0,15.0
2010-2018,2010,2018,144,1236,COLÉGIO ESTADUAL MULLULO DA VEIGA,ENGENHOCA,-22.8708282,-43.0988892,both,27,11,11,0,16,0,16,0.5926,,"[{""nr_zona"": ""144"", ""nr_local"": ""1430"", ""nm_local"": """", ""count"": 16, ""secoes"": [""81"", ""82"", ""94"", ""96"", ""97"", ""98"", ""99"", ""100"", ""101"", ""102"", ""103"", ""104"", ""108"", ""110"", ""125"", ""128""]}]",Geral,Geral,Geral -> Geral,62.0,16.0,-46.0,-74.19,concorreu,False,225.0,48.0,-177.0,-78.67,concorreu,False,,,,,partido_inexistente,,-46.0,46.0
2010-2018,2010,2018,144,1252,,,,,both,9,13,9,4,0,3,0,0.3077,"[{""nr_zona"": ""144"", ""nr_local"": ""1368"", ""nm_local"": """", ""count"": 3, ""secoes"": [""113"", ""114"", ""115""]}]",,Geral,Geral,Geral -> Geral,22.0,10.0,-12.0,-54.55,concorreu,False,55.0,39.0,-16.0,-29.09,concorreu,False,,,,,partido_inexistente,,-12.0,12.0
2010-2018,2010,2018,144,1317,IGREJA BATISTA BETEL DE NITERÓI,ENGENHOCA,-22.8716138,-43.096026,both,5,5,5,0,0,0,0,0.0,,,Geral,Geral,Geral -> Geral,13.0,4.0,-9.0,-69.23,concorreu,False,37.0,27.0,-10.0,-27.03,concorreu,False,,,,,partido_inexistente,,-9.0,9.0
2010-2018,2010,2018,144,1350,,,,,both,3,3,3,0,0,0,0,0.0,,,Geral,Geral,Geral -> Geral,12.0,3.0,-9.0,-75.0,concorreu,False,26.0,12.0,-14.0,-53.85,concorreu,False,,,,,partido_inexistente,,-9.0,9.0
2010-2018,2010,2018,144,1368,,,,,start_only,3,0,0,0,3,0,3,1.0,,"[{""nr_zona"": ""144"", ""nr_local"": ""1252"", ""nm_local"": """", ""count"": 3, ""secoes"": [""113"", ""114"", ""115""]}]",Geral,Geral,Geral -> Geral,7.0,0.0,-7.0,-100.0,concorreu,False,24.0,0.0,-24.0,-100.0,concorreu,False,,,,,partido_inexistente,,-7.0,7.0
2010-2018,2010,2018,144,1406,COLÉGIO NITERÓI,ENGENHOCA,-22.8706133,-43.1018717,both,6,6,6,0,0,0,0,0.0,,,Geral,Geral,Geral -> Geral,14.0,2.0,-12.0,-85.71,concorreu,False,84.0,29.0,-55.0,-65.48,concorreu,False,,,,,partido_inexistente,,-12.0,12.0
2010-2018,2010,2018,144,1430,,,,,end_only,0,16,0,16,0,16,0,1.0,"[{""nr_zona"": ""144"", ""nr_local"": ""1236"", ""nm_local"": ""COLÉGIO ESTADUAL MULLULO DA VEIGA"", ""count"": 16, ""secoes"": [""81"", ""82"", ""94"", ""96"", ""97"", ""98"", ""99"", ""100"", ""101"", ""102"", ""103"", ""104"", ""108"", ""110"", ""125"", ""128""]}]",,Geral,Geral,Geral -> Geral,0.0,23.0,23.0,,concorreu,False,0.0,67.0,67.0,,concorreu,False,,,,,partido_inexistente,,23.0,23.0
2010-2018,2010,2018,144,1449,INSTITUTO SÃO BENTO DE NITEROI,SANTA ROSA,-22.8968349,-43.1000967,end_only,0,11,0,11,0,0,0,1.0,,,Geral,Geral,Geral -> Geral,0.0,14.0,14.0,,concorreu,False,0.0,83.0,83.0,,concorreu,False,,,,,partido_inexistente,,14.0,14.0
2010-2018,2010,2018,144,1457,ESCOLA ESTADUAL MACHADO DE ASSIS,FONSECA,-22.8836374,-43.0857092,end_only,0,13,0,13,0,0,0,1.0,,,Geral,Geral,Geral -> Geral,0.0,1.0,1.0,,concorreu,False,0.0,63.0,63.0,,concorreu,False,,,,,partido_inexistente,,1.0,1.0
2010-2018,2010,2018,144,1465,,,,,end_only,0,1,0,1,0,0,0,1.0,,,Geral,Geral,Geral -> Geral,0.0,0.0,0.0,,concorreu,False,0.0,2.0,2.0,,concorreu,False,,,,,partido_inexistente,,0.0,0.0
2010-2018,2010,2018,144,1473,ESCOLA ESTADUAL JOSE BONIFACIO,FONSECA,-22.8831949,-43.1060172,end_only,0,15,0,15,0,0,0,1.0,,,Geral,Geral,Geral -> Geral,0.0,17.0,17.0,,concorreu,False,0.0,72.0,72.0,,concorreu,False,,,,,partido_inexistente,,17.0,17.0
2010-2018,2010,2018,144,1481,,,,,end_only,0,11,0,11,0,0,0,1.0,,,Geral,Geral,Geral -> Geral,0.0,5.0,5.0,,concorreu,False,0.0,37.0,37.0,,concorreu,False,,,,,partido_inexistente,,5.0,5.0
2010-2018,2010,2018,144,1490,IGREJA BATISTA DO FONSECA,FONSECA,-22.8810878,-43.0865383,end_only,0,5,0,5,0,0,0,1.0,,,Geral,Geral,Geral -> Geral,0.0,3.0,3.0,,concorreu,False,0.0,21.0,21.0,,concorreu,False,,,,,partido_inexistente,,3.0,3.0
2010-2018,2010,2018,144,1503,ESCOLA ESTADUAL SÃO DOMINGOS SÁVIO,SANTA ROSA,-22.8988024,-43.0928214,end_only,0,7,0,7,0,0,0,1.0,,,Geral,Geral,Geral -> Geral,0.0,11.0,11.0,,concorreu,False,0.0,76.0,76.0,,concorreu,False,,,,,partido_inexistente,,11.0,11.0
2010-2018,2010,2018,144,1511,COP REDE DE ENSINO (ANTIGO COLÉGIO OPÇÃO),FONSECA,-22.8814198,-43.0895121,end_only,0,4,0,4,0,0,0,1.0,,,Geral,Geral,Geral -> Geral,0.0,4.0,4.0,,concorreu,False,0.0,16.0,16.0,,concorreu,False,,,,,partido_inexistente,,4.0,4.0
2010-2018,2010,2018,144,1520,,,,,end_only,0,3,0,3,0,0,0,1.0,,,Geral,Geral,Geral -> Geral,0.0,0.0,0.0,,concorreu,False,0.0,11.0,11.0,,concorreu,False,,,,,partido_inexistente,,0.0,0.0
2010-2018,2010,2018,144,1546,,,,,end_only,0,4,0,4,0,0,0,1.0,,,Geral,Geral,Geral -> Geral,0.0,5.0,5.0,,concorreu,False,0.0,26.0,26.0,,concorreu,False,,,,,partido_inexistente,,5.0,5.0
2010-2018,2010,2018,144,1554,ESCOLA MUNICIPAL PROFESSOR PAULO FREIRE,FONSECA,-22.8828529,-43.0824987,end_only,0,22,0,22,0,0,0,1.0,,,Geral,Geral,Geral -> Geral,0.0,13.0,13.0,,concorreu,False,0.0,89.0,89.0,,concorreu,False,,,,,partido_inexistente,,13.0,13.0
2010-2018,2010,2018,144,1562,LBV LEGIÃO DA BOA VONTADE,FONSECA,-22.8811009,-43.0979899,end_only,0,6,0,6,0,0,0,1.0,,,Geral,Geral,Geral -> Geral,0.0,6.0,6.0,,concorreu,False,0.0,22.0,22.0,,concorreu,False,,,,,partido_inexistente,,6.0,6.0
2010-2018,2010,2018,144,1570,HORTO DO FONSECA,FONSECA,-22.8823618,-43.0907682,end_only,0,13,0,13,0,0,0,1.0,,,Geral,Geral,Geral -> Geral,0.0,8.0,8.0,,concorreu,False,0.0,40.0,40.0,,concorreu,False,,,,,partido_inexistente,,8.0,8.0
2010-2018,2010,2018,144,1589,COLÉGIO NOSSA SENHORA DAS MERCÊS,FONSECA,-22.880345,-43.1023535,end_only,0,13,0,13,0,0,0,1.0,,,Geral,Geral,Geral -> Geral,0.0,19.0,19.0,,concorreu,False,0.0,83.0,83.0,,concorreu,False,,,,,partido_inexistente,,19.0,19.0
2010-2018,2010,2018,144,1597,ESCOLA ESTADUAL HILARIO RIBEIRO,FONSECA,-22.8813893,-43.0901745,end_only,0,9,0,9,0,0,0,1.0,,,Geral,Geral,Geral -> Geral,0.0,8.0,8.0,,concorreu,False,0.0,39.0,39.0,,concorreu,False,,,,,partido_inexistente,,8.0,8.0
2010-2018,2010,2018,144,1600,CIEP 251 - DONA MARIA PORTUGAL,BALDEADOR,-22.877013,-43.0557658,end_only,0,7,0,7,0,0,0,1.0,,,Geral,Geral,Geral -> Geral,0.0,3.0,3.0,,concorreu,False,0.0,17.0,17.0,,concorreu,False,,,,,partido_inexistente,,3.0,3.0
2010-2018,2010,2018,144,1627,ESCOLA ESTADUAL DOUTOR JAYME MEMORIA,CUBANGO,-22.88949,-43.0937712,end_only,0,11,0,11,0,0,0,1.0,,,Geral,Geral,Geral -> Geral,0.0,8.0,8.0,,concorreu,False,0.0,61.0,61.0,,concorreu,False,,,,,partido_inexistente,,8.0,8.0
2010-2018,2010,2018,144,1635,,,,,end_only,0,11,0,11,0,0,0,1.0,,,Geral,Geral,Geral -> Geral,0.0,3.0,3.0,,concorreu,False,0.0,32.0,32.0,,concorreu,False,,,,,partido_inexistente,,3.0,3.0
2010-2018,2010,2018,144,1643,,,,,end_only,0,3,0,3,0,0,0,1.0,,,Geral,Geral,Geral -> Geral,0.0,7.0,7.0,,concorreu,False,0.0,16.0,16.0,,concorreu,False,,,,,partido_inexistente,,7.0,7.0
2010-2018,2010,2018,144,1651,PARÓQUIA SÃO LOURENÇO,FONSECA,-22.881317,-43.1088379,end_only,0,10,0,10,0,0,0,1.0,,,Geral,Geral,Geral -> Geral,0.0,14.0,14.0,,concorreu,False,0.0,22.0,22.0,,concorreu,False,,,,,partido_inexistente,,14.0,14.0
2010-2018,2010,2018,144,1660,,,,,end_only,0,9,0,9,0,0,0,1.0,,,Geral,Geral,Geral -> Geral,0.0,2.0,2.0,,concorreu,False,0.0,9.0,9.0,,concorreu,False,,,,,partido_inexistente,,2.0,2.0
2010-2018,2010,2018,144,1678,,,,,end_only,0,5,0,5,0,0,0,1.0,,,Geral,Geral,Geral -> Geral,0.0,0.0,0.0,,concorreu,False,0.0,18.0,18.0,,concorreu,False,,,,,partido_inexistente,,0.0,0.0
2010-2018,2010,2018,144,1686,COLÉGIO DA POLÍCIA MILITAR,FONSECA,-22.8818063,-43.0820149,end_only,0,9,0,9,0,0,0,1.0,,,Geral,Geral,Geral -> Geral,0.0,2.0,2.0,,concorreu,False,0.0,11.0,11.0,,concorreu,False,,,,,partido_inexistente,,2.0,2.0
2010-2018,2010,2018,199,1015,COUNTRY CLUB DE NITEROI,VILA PROGRESSO,-22.8970192,-43.0347113,both,6,8,6,2,0,0,0,0.25,,,Geral,Geral,Geral -> Geral,12.0,9.0,-3.0,-25.0,concorreu,False,180.0,85.0,-95.0,-52.78,concorreu,False,,,,,partido_inexistente,,-3.0,3.0
2010-2018,2010,2018,199,1023,ESCOLA MUNICIPAL FELISBERTO DE CARVALHO,VILA PROGRESSO,-22.8970371,-43.0392212,both,6,6,6,0,0,0,0,0.0,,,Geral,Geral,Geral -> Geral,15.0,2.0,-13.0,-86.67,concorreu,False,109.0,46.0,-63.0,-57.8,concorreu,False,,,,,partido_inexistente,,-13.0,13.0
2010-2018,2010,2018,199,1031,ESCOLA MUNICIPAL HONORINA DE CARVALHO,MARIA PAULA,-22.882289,-43.0265693,both,10,12,10,2,0,0,0,0.1667,,,Geral,Geral,Geral -> Geral,39.0,8.0,-31.0,-79.49,concorreu,False,156.0,73.0,-83.0,-53.21,concorreu,False,,,,,partido_inexistente,,-31.0,31.0
2010-2018,2010,2018,199,1040,,,,,start_only,15,0,0,0,15,0,0,1.0,,,Geral,Geral,Geral -> Geral,27.0,0.0,-27.0,-100.0,concorreu,False,386.0,0.0,-386.0,-100.0,concorreu,False,,,,,partido_inexistente,,-27.0,27.0
2010-2018,2010,2018,199,1066,COLÉGIO CENECISTA JULIO CESAR SOUZA BALTHAREJO,ITAIPU,-22.9646939,-43.0332117,both,6,7,6,1,0,0,0,0.1429,,,Geral,Geral,Geral -> Geral,22.0,7.0,-15.0,-68.18,concorreu,False,432.0,183.0,-249.0,-57.64,concorreu,False,,,,,partido_inexistente,,-15.0,15.0
2010-2018,2010,2018,199,1074,COLÉGIO CURSO ZEROHUM ( ANT GAUSS),ITAIPU,-22.9427133,-43.0519956,both,8,9,8,1,0,0,0,0.1111,,,Geral,Geral,Geral -> Geral,38.0,7.0,-31.0,-81.58,concorreu,False,370.0,133.0,-237.0,-64.05,concorreu,False,,,,,partido_inexistente,,-31.0,31.0
2010-2018,2010,2018,199,1082,UMEI DR PAULO CESAR DE ALMEIDA PIMENTEL,ITAIPU,-22.9614459,-43.0327165,both,13,13,13,0,0,0,0,0.0,,,Geral,Geral,Geral -> Geral,29.0,8.0,-21.0,-72.41,concorreu,False,625.0,127.0,-498.0,-79.68,concorreu,False,,,,,partido_inexistente,,-21.0,21.0
2010-2018,2010,2018,199,1090,COLÉGIO ESTADUAL PROFESSORA ALCINA RODRIGUES LIMA,ITAIPU,-22.9528491,-43.0285072,both,13,14,13,1,0,0,0,0.0714,,,Geral,Geral,Geral -> Geral,27.0,17.0,-10.0,-37.04,concorreu,False,588.0,164.0,-424.0,-72.11,concorreu,False,,,,,partido_inexistente,,-10.0,10.0
2010-2018,2010,2018,199,1104,CURSO CNA- PIRATININGA,PIRATININGA,-22.9441523,-43.0589254,end_only,0,5,0,5,0,0,0,1.0,,,Geral,Geral,Geral -> Geral,0.0,4.0,4.0,,concorreu,False,0.0,68.0,68.0,,concorreu,False,,,,,partido_inexistente,,4.0,4.0
2010-2018,2010,2018,199,1112,COLÉGIO SALESIANO REGIÃO OCEÂNICA,PIRATININGA,-22.9393022,-43.0618731,both,10,15,10,5,0,0,0,0.3333,,,Geral,Geral,Geral -> Geral,31.0,10.0,-21.0,-67.74,concorreu,False,480.0,276.0,-204.0,-42.5,concorreu,False,,,,,partido_inexistente,,-21.0,21.0
2010-2018,2010,2018,199,1120,COLÉGIO ESTADUAL ALMIRANTE TAMANDARÉ,PIRATININGA,-22.9512083,-43.0916732,both,9,11,9,2,0,0,0,0.1818,,,Geral,Geral,Geral -> Geral,14.0,11.0,-3.0,-21.43,concorreu,False,374.0,162.0,-212.0,-56.68,concorreu,False,,,,,partido_inexistente,,-3.0,3.0
2010-2018,2010,2018,199,1139,ESCOLA MUNICIPAL FRANCISCO PORTUGAL NEVES,PIRATININGA,-22.942363,-43.056665,both,9,10,9,1,0,0,0,0.1,,,Geral,Geral,Geral -> Geral,13.0,13.0,0.0,0.0,concorreu,False,382.0,140.0,-242.0,-63.35,concorreu,False,,,,,partido_inexistente,,0.0,0.0
2010-2018,2010,2018,199,1155,COLÉGIO ITAPUCA,PIRATININGA,-22.9437854,-43.0593249,both,12,15,12,3,0,0,0,0.2,,,Geral,Geral,Geral -> Geral,37.0,13.0,-24.0,-64.86,concorreu,False,578.0,202.0,-376.0,-65.05,concorreu,False,,,,,partido_inexistente,,-24.0,24.0
2010-2018,2010,2018,199,1163,ANDEF (EX FAETEC),RIO DO OURO,-22.8896379,-42.9978497,both,7,8,7,1,0,0,0,0.125,,,Geral,Geral,Geral -> Geral,20.0,0.0,-20.0,-100.0,concorreu,False,54.0,13.0,-41.0,-75.93,concorreu,False,,,,,partido_inexistente,,-20.0,20.0
2010-2018,2010,2018,199,1171,,,,,both,1,1,1,0,0,0,0,0.0,,,Geral,Geral,Geral -> Geral,2.0,0.0,-2.0,-100.0,concorreu,False,9.0,13.0,4.0,44.44,concorreu,False,,,,,partido_inexistente,,-2.0,2.0
2010-2018,2010,2018,199,1198,CIEP 448 RUY FRAZÃO SOARES,ITAIPU,-22.9356576,-43.0092644,both,11,13,11,2,0,0,0,0.1538,,,Geral,Geral,Geral -> Geral,27.0,11.0,-16.0,-59.26,concorreu,False,444.0,129.0,-315.0,-70.95,concorreu,False,,,,,partido_inexistente,,-16.0,16.0
2010-2018,2010,2018,199,1201,,,,,start_only,3,0,0,0,3,0,3,1.0,,"[{""nr_zona"": ""199"", ""nr_local"": ""1317"", ""nm_local"": ""COLÉGIO PAULO FREIRE"", ""count"": 3, ""secoes"": [""77"", ""93"", ""142""]}]",Geral,Geral,Geral -> Geral,8.0,0.0,-8.0,-100.0,concorreu,False,119.0,0.0,-119.0,-100.0,concorreu,False,,,,,partido_inexistente,,-8.0,8.0
2010-2018,2010,2018,199,1244,COLÉGIO LAPLACE,PIRATININGA,-22.9425434,-43.05605,both,8,10,8,2,0,0,0,0.2,,,Geral,Geral,Geral -> Geral,28.0,3.0,-25.0,-89.29,concorreu,False,358.0,148.0,-210.0,-58.66,concorreu,False,,,,,partido_inexistente,,-25.0,25.0
2010-2018,2010,2018,199,1252,CIEP 307 DJANIRA,VÁRZEA DAS MOÇAS,-22.910323,-42.9852487,both,7,10,7,3,0,0,0,0.3,,,Geral,Geral,Geral -> Geral,13.0,16.0,3.0,23.08,concorreu,False,159.0,51.0,-108.0,-67.92,concorreu,False,,,,,partido_inexistente,,3.0,3.0
2010-2018,2010,2018,199,1260,COLÉGIO PLUZ,SERRA GRANDE,-22.9287514,-43.0124453,both,1,10,1,9,0,0,0,0.9,,,Geral,Geral,Geral -> Geral,5.0,9.0,4.0,80.0,concorreu,False,39.0,180.0,141.0,361.54,concorreu,False,,,,,partido_inexistente,,4.0,4.0
2010-2018,2010,2018,199,1279,,,,,both,1,4,1,3,0,0,0,0.75,,,Geral,Geral,Geral -> Geral,4.0,5.0,1.0,25.0,concorreu,False,22.0,66.0,44.0,200.0,concorreu,False,,,,,partido_inexistente,,1.0,1.0
2010-2018,2010,2018,199,1287,ESCOLA MUNICIPAL PROF MARCOS WALDEMAR DE FREITAS REIS,ITAIPU,-22.9615628,-43.0330724,both,1,4,1,3,0,0,0,0.75,,,Geral,Geral,Geral -> Geral,1.0,3.0,2.0,200.0,concorreu,False,12.0,44.0,32.0,266.67,concorreu,False,,,,,partido_inexistente,,2.0,2.0
2010-2018,2010,2018,199,1295,UMEI PROFA ODETE ROSA DA MOTA,ITAIPU,-22.9532368,-43.02859,end_only,0,7,0,7,0,0,0,1.0,,,Geral,Geral,Geral -> Geral,0.0,8.0,8.0,,concorreu,False,0.0,101.0,101.0,,concorreu,False,,,,,partido_inexistente,,8.0,8.0
2010-2018,2010,2018,199,1317,COLÉGIO PAULO FREIRE,ENGENHO DO MATO,-22.9500178,-43.0246246,end_only,0,10,0,10,0,3,0,1.0,"[{""nr_zona"": ""199"", ""nr_local"": ""1201"", ""nm_local"": """", ""count"": 3, ""secoes"": [""77"", ""93"", ""142""]}]",,Geral,Geral,Geral -> Geral,0.0,9.0,9.0,,concorreu,False,0.0,127.0,127.0,,concorreu,False,,,,,partido_inexistente,,9.0,9.0
2010-2018,2010,2018,199,1325,ESCOLA MUNICIPAL SÍTIO DO IPÊ,MARIA PAULA,-22.8821134,-43.0267087,end_only,0,3,0,3,0,0,0,1.0,,,Geral,Geral,Geral -> Geral,0.0,0.0,0.0,,concorreu,False,0.0,11.0,11.0,,concorreu,False,,,,,partido_inexistente,,0.0,0.0
2010-2018,2010,2018,199,1333,,,,,end_only,0,2,0,2,0,0,0,1.0,,,Geral,Geral,Geral -> Geral,0.0,0.0,0.0,,concorreu,False,0.0,23.0,23.0,,concorreu,False,,,,,partido_inexistente,,0.0,0.0
2010-2018,2010,2018,199,1341,COLÉGIO OBJETIVO CAMBOINHAS,CAMBOINHAS,-22.9537053,-43.0584356,end_only,0,2,0,2,0,0,0,1.0,,,Geral,Geral,Geral -> Geral,0.0,2.0,2.0,,concorreu,False,0.0,29.0,29.0,,concorreu,False,,,,,partido_inexistente,,2.0,2.0
2010-2018,2010,2018,199,1350,ESCOLA MUNICIPAL MARALEGRE,CAFUBÁ,-22.9362723,-43.0724233,end_only,0,2,0,2,0,0,0,1.0,,,Geral,Geral,Geral -> Geral,0.0,0.0,0.0,,concorreu,False,0.0,11.0,11.0,,concorreu,False,,,,,partido_inexistente,,0.0,0.0
2010-2018,2010,2018,199,1368,UMEI PROFESSORA NINA RITA TORRES,PIRATININGA,-22.9519115,-43.0861872,end_only,0,2,0,2,0,0,0,1.0,,,Geral,Geral,Geral -> Geral,0.0,0.0,0.0,,concorreu,False,0.0,14.0,14.0,,concorreu,False,,,,,partido_inexistente,,0.0,0.0
2010-2018,2010,2018,71,1015,CENTRO EDUCACIONAL DE NITEROI - CENTRINHO,SANTA ROSA,-22.8965191,-43.1018339,both,11,11,11,0,0,0,0,0.0,,,Geral,Geral,Geral -> Geral,28.0,39.0,11.0,39.29,concorreu,False,635.0,340.0,-295.0,-46.46,concorreu,False,,,,,partido_inexistente,,11.0,11.0
2010-2018,2010,2018,71,1104,INSTITUTO MAIA VINAGRE,SANTA ROSA,-22.8976844,-43.1021103,both,9,9,9,0,0,0,0,0.0,,,Geral,Geral,Geral -> Geral,32.0,11.0,-21.0,-65.62,concorreu,False,406.0,124.0,-282.0,-69.46,concorreu,False,,,,,partido_inexistente,,-21.0,21.0
2010-2018,2010,2018,71,1244,ESCOLA ESTADUAL MANUEL DE ABREU,ICARAÍ,-22.9023086,-43.1071569,both,8,9,8,1,0,0,0,0.1111,,,Geral,Geral,Geral -> Geral,27.0,7.0,-20.0,-74.07,concorreu,False,220.0,87.0,-133.0,-60.45,concorreu,False,,,,,partido_inexistente,,-20.0,20.0
2010-2018,2010,2018,71,1260,INSTITUTO ABEL,ICARAÍ,-22.9004168,-43.1094942,both,12,16,12,4,0,0,0,0.25,,,Geral,Geral,Geral -> Geral,35.0,20.0,-15.0,-42.86,concorreu,False,394.0,159.0,-235.0,-59.64,concorreu,False,,,,,partido_inexistente,,-15.0,15.0
2010-2018,2010,2018,71,1295,COLEGIO SALESIANO SANTA ROSA,SANTA ROSA,-22.9016745,-43.0996973,both,15,17,15,2,0,0,0,0.1176,,,Geral,Geral,Geral -> Geral,44.0,22.0,-22.0,-50.0,concorreu,False,465.0,161.0,-304.0,-65.38,concorreu,False,,,,,partido_inexistente,,-22.0,22.0
2010-2018,2010,2018,71,1309,CURSO MARLY CURY,SANTA ROSA,-22.9054777,-43.1019227,both,9,11,9,2,0,0,0,0.1818,,,Geral,Geral,Geral -> Geral,32.0,10.0,-22.0,-68.75,concorreu,False,309.0,102.0,-207.0,-66.99,concorreu,False,,,,,partido_inexistente,,-22.0,22.0
2010-2018,2010,2018,71,1317,ESCOLA ESTADUAL BALTAZAR BERNARDINO,SANTA ROSA,-22.9032359,-43.1012931,both,8,9,8,1,0,0,0,0.1111,,,Geral,Geral,Geral -> Geral,41.0,9.0,-32.0,-78.05,concorreu,False,257.0,73.0,-184.0,-71.6,concorreu,False,,,,,partido_inexistente,,-32.0,32.0
2010-2018,2010,2018,71,1325,ESCOLA ESTADUAL GUILHERME BRIGGS,SANTA ROSA,-22.9053667,-43.0895767,both,14,15,14,1,0,0,0,0.0667,,,Geral,Geral,Geral -> Geral,40.0,13.0,-27.0,-67.5,concorreu,False,432.0,134.0,-298.0,-68.98,concorreu,False,,,,,partido_inexistente,,-27.0,27.0
2010-2018,2010,2018,71,1333,PARÓQUIA NOSSA SENHORA AUXILIADORA - CENTRO COMUNITÁRIO,SANTA ROSA,-22.9020239,-43.0994239,both,10,10,10,0,0,0,0,0.0,,,Geral,Geral,Geral -> Geral,29.0,8.0,-21.0,-72.41,concorreu,False,294.0,93.0,-201.0,-68.37,concorreu,False,,,,,partido_inexistente,,-21.0,21.0
2010-2018,2010,2018,71,1368,,,,,both,8,10,8,2,0,0,0,0.2,,,Geral,Geral,Geral -> Geral,33.0,16.0,-17.0,-51.52,concorreu,False,260.0,114.0,-146.0,-56.15,concorreu,False,,,,,partido_inexistente,,-17.0,17.0
2010-2018,2010,2018,71,1392,FACULDADE DE VETERINARIA DA UFF,VITAL BRASIL,-22.904908,-43.098407,both,13,14,13,1,0,0,0,0.0714,,,Geral,Geral,Geral -> Geral,46.0,4.0,-42.0,-91.3,concorreu,False,487.0,130.0,-357.0,-73.31,concorreu,False,,,,,partido_inexistente,,-42.0,42.0
2010-2018,2010,2018,71,1414,UNIVERSIDADE SALGADO DE OLIVEIRA - BL B (PRÓXIMO AO GUANABARA),CENTRO,-22.8893447,-43.1172001,end_only,0,8,0,8,0,0,0,1.0,,,Geral,Geral,Geral -> Geral,0.0,5.0,5.0,,concorreu,False,0.0,21.0,21.0,,concorreu,False,,,,,partido_inexistente,,5.0,5.0
2010-2018,2010,2018,71,1422,CLUBE PORTUGUES DE NITEROI,SÃO DOMINGOS,-22.9021482,-43.1274594,end_only,0,6,0,6,0,0,0,1.0,,,Geral,Geral,Geral -> Geral,0.0,7.0,7.0,,concorreu,False,0.0,72.0,72.0,,concorreu,False,,,,,partido_inexistente,,7.0,7.0
2010-2018,2010,2018,71,1430,COLEGIO ESTADUAL AURELINO LEAL,INGÁ,-22.9033321,-43.1254512,end_only,0,8,0,8,0,0,0,1.0,,,Geral,Geral,Geral -> Geral,0.0,5.0,5.0,,concorreu,False,0.0,41.0,41.0,,concorreu,False,,,,,partido_inexistente,,5.0,5.0
2010-2018,2010,2018,71,1449,COLÉGIO ESTADUAL ZULEIKA RAPÔSO VALLADARES (''COLÉGIO VELHO''),ILHA DA CONCEIÇÃO,-22.8729269,-43.1147506,end_only,0,7,0,7,0,0,0,1.0,,,Geral,Geral,Geral -> Geral,0.0,9.0,9.0,,concorreu,False,0.0,39.0,39.0,,concorreu,False,,,,,partido_inexistente,,9.0,9.0
2010-2018,2010,2018,71,1457,,,,,end_only,0,4,0,4,0,0,0,1.0,,,Geral,Geral,Geral -> Geral,0.0,1.0,1.0,,concorreu,False,0.0,31.0,31.0,,concorreu,False,,,,,partido_inexistente,,1.0,1.0
2010-2018,2010,2018,71,1465,CENTRO UNIVERSITÁRIO ANHANGUERA (ANTIGO PLÍNIO LEITE),CENTRO,-22.8869267,-43.1245632,end_only,0,13,0,13,0,0,0,1.0,,,Geral,Geral,Geral -> Geral,0.0,11.0,11.0,,concorreu,False,0.0,48.0,48.0,,concorreu,False,,,,,partido_inexistente,,11.0,11.0
2010-2018,2010,2018,71,1473,,,,,end_only,0,6,0,6,0,0,0,1.0,,,Geral,Geral,Geral -> Geral,0.0,10.0,10.0,,concorreu,False,0.0,30.0,30.0,,concorreu,False,,,,,partido_inexistente,,10.0,10.0
2010-2018,2010,2018,71,1481,ESCOLA MUNICIPAL MAESTRO HEITOR VILLA-LOBOS (''COLÉGIO NOVO''),ILHA DA CONCEIÇÃO,-22.8731482,-43.1156463,end_only,0,9,0,9,0,0,0,1.0,,,Geral,Geral,Geral -> Geral,0.0,10.0,10.0,,concorreu,False,0.0,54.0,54.0,,concorreu,False,,,,,partido_inexistente,,10.0,10.0
2010-2018,2010,2018,71,1503,,,,,end_only,0,2,0,2,0,0,0,1.0,,,Geral,Geral,Geral -> Geral,0.0,7.0,7.0,,concorreu,False,0.0,5.0,5.0,,concorreu,False,,,,,partido_inexistente,,7.0,7.0
2010-2018,2010,2018,71,1511,FACULDADE DE ADMINISTRAÇÃO E CIÊNCIAS CONTÁBEIS (VALONGUINHO),CENTRO,-22.8967413,-43.1252439,end_only,0,14,0,14,0,0,0,1.0,,,Geral,Geral,Geral -> Geral,0.0,6.0,6.0,,concorreu,False,0.0,60.0,60.0,,concorreu,False,,,,,partido_inexistente,,6.0,6.0
2010-2018,2010,2018,71,1520,LOJA MAÇÔNICA EVOLUÇÃO 2,PONTA D'AREIA,-22.8825872,-43.122934,end_only,0,4,0,4,0,0,0,1.0,,,Geral,Geral,Geral -> Geral,0.0,1.0,1.0,,concorreu,False,0.0,22.0,22.0,,concorreu,False,,,,,partido_inexistente,,1.0,1.0
2010-2018,2010,2018,71,1538,,,,,end_only,0,11,0,11,0,0,0,1.0,,,Geral,Geral,Geral -> Geral,0.0,6.0,6.0,,concorreu,False,0.0,32.0,32.0,,concorreu,False,,,,,partido_inexistente,,6.0,6.0
2010-2018,2010,2018,71,1546,UNIVERSIDADE SALGADO DE OLIVEIRA - BL A,CENTRO,-22.8894749,-43.1186087,end_only,0,17,0,17,0,0,0,1.0,,,Geral,Geral,Geral -> Geral,0.0,9.0,9.0,,concorreu,False,0.0,77.0,77.0,,concorreu,False,,,,,partido_inexistente,,9.0,9.0
2010-2018,2010,2018,71,1554,FACULDADE DE ENGENHARIA DA UFF,SÃO DOMINGOS,-22.903848,-43.1302712,end_only,0,6,0,6,0,0,0,1.0,,,Geral,Geral,Geral -> Geral,0.0,14.0,14.0,,concorreu,False,0.0,55.0,55.0,,concorreu,False,,,,,partido_inexistente,,14.0,14.0
2010-2018,2010,2018,71,1562,COLEGIO ESTADUAL RAUL VIDAL,CENTRO,-22.8862372,-43.1242688,end_only,0,12,0,12,0,0,0,1.0,,,Geral,Geral,Geral -> Geral,0.0,20.0,20.0,,concorreu,False,0.0,42.0,42.0,,concorreu,False,,,,,partido_inexistente,,20.0,20.0
2010-2018,2010,2018,71,1570,COLÉGIO UNIVERSÍTÁRIO DA UFF (CIEP GRAGOATÁ),SÃO DOMINGOS,-22.900281,-43.1316649,end_only,0,4,0,4,0,0,0,1.0,,,Geral,Geral,Geral -> Geral,0.0,1.0,1.0,,concorreu,False,0.0,15.0,15.0,,concorreu,False,,,,,partido_inexistente,,1.0,1.0
2010-2018,2010,2018,71,1589,,,,,end_only,0,5,0,5,0,0,0,1.0,,,Geral,Geral,Geral -> Geral,0.0,12.0,12.0,,concorreu,False,0.0,40.0,40.0,,concorreu,False,,,,,partido_inexistente,,12.0,12.0
2010-2018,2010,2018,71,1597,ESCOLA MUNICIPAL SANTOS DUMONT,FÁTIMA,-22.8954125,-43.1094692,end_only,0,6,0,6,0,0,0,1.0,,,Geral,Geral,Geral -> Geral,0.0,4.0,4.0,,concorreu,False,0.0,33.0,33.0,,concorreu,False,,,,,partido_inexistente,,4.0,4.0
2010-2018,2010,2018,71,1600,INSTITUTO DE EDUCAÇÃO PROFESSOR ISMAEL COUTINHO - IEPIC,SÃO DOMINGOS,-22.8989767,-43.1271052,end_only,0,11,0,11,0,0,0,1.0,,,Geral,Geral,Geral -> Geral,0.0,2.0,2.0,,concorreu,False,0.0,20.0,20.0,,concorreu,False,,,,,partido_inexistente,,2.0,2.0
2010-2018,2010,2018,71,1619,COLEGIO SAO VICENTE DE PAULO,ICARAÍ,-22.902041,-43.1146235,end_only,0,15,0,15,0,0,0,1.0,,,Geral,Geral,Geral -> Geral,0.0,12.0,12.0,,concorreu,False,0.0,75.0,75.0,,concorreu,False,,,,,partido_inexistente,,12.0,12.0
2010-2018,2010,2018,71,1627,REITORIA DA UFF,ICARAÍ,-22.9031771,-43.1164314,end_only,0,3,0,3,0,0,0,1.0,,,Geral,Geral,Geral -> Geral,0.0,5.0,5.0,,concorreu,False,0.0,32.0,32.0,,concorreu,False,,,,,partido_inexistente,,5.0,5.0
2010-2018,2010,2018,71,1643,JARDIM DE INFÂNCIA ALBERTO DE OLIVEIRA,CENTRO,-22.8927568,-43.11592,end_only,0,4,0,4,0,0,0,1.0,,,Geral,Geral,Geral -> Geral,0.0,0.0,0.0,,concorreu,False,0.0,11.0,11.0,,concorreu,False,,,,,partido_inexistente,,0.0,0.0
2010-2018,2010,2018,71,1651,FACULDADE DE ENFERMAGEM DA UFF,CENTRO,-22.895302,-43.1167706,end_only,0,6,0,6,0,0,0,1.0,,,Geral,Geral,Geral -> Geral,0.0,4.0,4.0,,concorreu,False,0.0,16.0,16.0,,concorreu,False,,,,,partido_inexistente,,4.0,4.0
2010-2018,2010,2018,71,1660,FACULDADE DE DIREITO DA UFF - UFF - DIREITO 1,INGÁ,-22.9035832,-43.1258853,end_only,0,12,0,12,0,0,0,1.0,,,Geral,Geral,Geral -> Geral,0.0,21.0,21.0,,concorreu,False,0.0,78.0,78.0,,concorreu,False,,,,,partido_inexistente,,21.0,21.0
2010-2018,2010,2018,71,1678,LICEU NILO PEÇANHA,CENTRO,-22.8935707,-43.1165611,end_only,0,15,0,15,0,0,0,1.0,,,Geral,Geral,Geral -> Geral,0.0,13.0,13.0,,concorreu,False,0.0,69.0,69.0,,concorreu,False,,,,,partido_inexistente,,13.0,13.0
2010-2018,2010,2018,71,1686,,,,,end_only,0,4,0,4,0,0,0,1.0,,,Geral,Geral,Geral -> Geral,0.0,2.0,2.0,,concorreu,False,0.0,12.0,12.0,,concorreu,False,,,,,partido_inexistente,,2.0,2.0
2010-2018,2010,2018,71,1694,RIO CRICKET,INGÁ,-22.8997052,-43.1133665,end_only,0,5,0,5,0,0,0,1.0,,,Geral,Geral,Geral -> Geral,0.0,8.0,8.0,,concorreu,False,0.0,51.0,51.0,,concorreu,False,,,,,partido_inexistente,,8.0,8.0
2010-2018,2010,2018,72,1015,INSTITUTO JCA,SANTA BARBARA,-22.882301,-43.0585179,both,15,15,15,0,0,0,0,0.0,,,Geral,Geral,Geral -> Geral,15.0,3.0,-12.0,-80.0,concorreu,False,137.0,36.0,-101.0,-73.72,concorreu,False,,,,,partido_inexistente,,-12.0,12.0
2010-2018,2010,2018,72,1040,COLÉGIO ESTADUAL DAVID CAPISTRANO,SANTA BARBARA,-22.8768468,-43.0480155,both,16,17,16,1,0,0,0,0.0588,,,Geral,Geral,Geral -> Geral,24.0,3.0,-21.0,-87.5,concorreu,False,229.0,51.0,-178.0,-77.73,concorreu,False,,,,,partido_inexistente,,-21.0,21.0
2010-2018,2010,2018,72,1074,COLEGIO ESTADUAL PAULO ASSIS RIBEIRO,BADU,-22.9068537,-43.0573891,both,17,18,17,1,0,0,0,0.0556,,,Geral,Geral,Geral -> Geral,52.0,9.0,-43.0,-82.69,concorreu,False,429.0,117.0,-312.0,-72.73,concorreu,False,,,,,partido_inexistente,,-43.0,43.0
2010-2018,2010,2018,72,1112,ESCOLA ESTADUAL LEOPOLDO FROES,LARGO DA BATALHA,-22.9100474,-43.0677553,both,18,18,18,0,0,0,0,0.0,,,Geral,Geral,Geral -> Geral,46.0,12.0,-34.0,-73.91,concorreu,False,471.0,123.0,-348.0,-73.89,concorreu,False,,,,,partido_inexistente,,-34.0,34.0
2010-2018,2010,2018,72,1147,ESCOLA MUNICIPAL VERA LUCIA MACHADO,BADU,-22.9045,-43.0500355,both,7,8,7,1,0,0,0,0.125,,,Geral,Geral,Geral -> Geral,19.0,1.0,-18.0,-94.74,concorreu,False,130.0,42.0,-88.0,-67.69,concorreu,False,,,,,partido_inexistente,,-18.0,18.0
2010-2018,2010,2018,72,1171,ESCOLA MUNICIPAL ANTONIO COUTINHO DE AZEVEDO,SANTA BARBARA,-22.8756043,-43.04869,both,9,9,9,0,0,0,0,0.0,,,Geral,Geral,Geral -> Geral,13.0,10.0,-3.0,-23.08,concorreu,False,181.0,28.0,-153.0,-84.53,concorreu,False,,,,,partido_inexistente,,-3.0,3.0
2010-2018,2010,2018,72,1180,ESCOLA MUNICIPAL RACHIDE DA GLORIA SALIM SAKER,SANTA BARBARA,-22.8766134,-43.0488967,both,7,8,7,1,0,0,0,0.125,,,Geral,Geral,Geral -> Geral,14.0,9.0,-5.0,-35.71,concorreu,False,122.0,34.0,-88.0,-72.13,concorreu,False,,,,,partido_inexistente,,-5.0,5.0
2010-2018,2010,2018,72,1368,ESCOLA MUNICIPAL VILA COSTA MONTEIRO,ITITIOCA,-22.8963335,-43.077802,both,9,11,9,2,0,0,0,0.1818,,,Geral,Geral,Geral -> Geral,23.0,14.0,-9.0,-39.13,concorreu,False,271.0,85.0,-186.0,-68.63,concorreu,False,,,,,partido_inexistente,,-9.0,9.0
2010-2018,2010,2018,72,1449,CIEP 450 - BADU,BADU,-22.9071974,-43.0566124,both,18,19,18,1,0,0,0,0.0526,,,Geral,Geral,Geral -> Geral,51.0,2.0,-49.0,-96.08,concorreu,False,381.0,106.0,-275.0,-72.18,concorreu,False,,,,,partido_inexistente,,-49.0,49.0
2010-2018,2010,2018,72,1473,COLÉGIO FORUM CULTURAL,CANTAGALO,-22.9163184,-43.0490094,both,8,10,8,2,0,0,0,0.2,,,Geral,Geral,Geral -> Geral,23.0,5.0,-18.0,-78.26,concorreu,False,205.0,68.0,-137.0,-66.83,concorreu,False,,,,,partido_inexistente,,-18.0,18.0
2010-2018,2010,2018,72,1490,,,,,start_only,3,0,0,0,3,0,0,1.0,,,Geral,Geral,Geral -> Geral,5.0,0.0,-5.0,-100.0,concorreu,False,97.0,0.0,-97.0,-100.0,concorreu,False,,,,,partido_inexistente,,-5.0,5.0
2010-2018,2010,2018,72,1520,ESCOLA MUNICIPAL LEVI CARNEIRO,SAPÊ,-22.8961721,-43.0583864,end_only,0,15,0,15,0,0,0,1.0,,,Geral,Geral,Geral -> Geral,0.0,11.0,11.0,,concorreu,False,0.0,99.0,99.0,,concorreu,False,,,,,partido_inexistente,,11.0,11.0
2010-2018,2010,2018,72,1538,ESCOLA CATAVENTO ESPAÇO DE EDUCAÇÃO,SAPÊ,-22.9024713,-43.0635188,end_only,0,4,0,4,0,0,0,1.0,,,Geral,Geral,Geral -> Geral,0.0,1.0,1.0,,concorreu,False,0.0,24.0,24.0,,concorreu,False,,,,,partido_inexistente,,1.0,1.0
2010-2018,2010,2018,72,1546,COLÉGIO GOMES PEREIRA,LARGO DA BATALHA,-22.9081863,-43.0665152,end_only,0,4,0,4,0,0,0,1.0,,,Geral,Geral,Geral -> Geral,0.0,0.0,0.0,,concorreu,False,0.0,30.0,30.0,,concorreu,False,,,,,partido_inexistente,,0.0,0.0
2010-2018,2010,2018,72,1554,CENTRO EDUCACIONAL GIRASSÓIS,LARGO DA BATALHA,-22.9077414,-43.0652722,end_only,0,6,0,6,0,0,0,1.0,,,Geral,Geral,Geral -> Geral,0.0,1.0,1.0,,concorreu,False,0.0,37.0,37.0,,concorreu,False,,,,,partido_inexistente,,1.0,1.0
2010-2018,2010,2018,72,1562,ESCOLA MUNICIPAL HELENA ANTIPOFF,SÃO FRANCISCO,-22.9129237,-43.0786396,end_only,0,5,0,5,0,0,0,1.0,,,Geral,Geral,Geral -> Geral,0.0,1.0,1.0,,concorreu,False,0.0,14.0,14.0,,concorreu,False,,,,,partido_inexistente,,1.0,1.0
2010-2018,2010,2018,72,1570,IGREJA DO SANTUARIO NACIONAL DAS ALMAS,ICARAÍ,-22.9004522,-43.1107182,end_only,0,8,0,8,0,0,0,1.0,,,Geral,Geral,Geral -> Geral,0.0,7.0,7.0,,concorreu,False,0.0,76.0,76.0,,concorreu,False,,,,,partido_inexistente,,7.0,7.0
2010-2018,2010,2018,72,1589,INSTITUTO GAY-LUSSAC,SÃO FRANCISCO,-22.9168331,-43.0892838,end_only,0,8,0,8,0,0,0,1.0,,,Geral,Geral,Geral -> Geral,0.0,16.0,16.0,,concorreu,False,0.0,100.0,100.0,,concorreu,False,,,,,partido_inexistente,,16.0,16.0
2010-2018,2010,2018,72,1597,COLÉGIO PONTO DE ENSINO,ICARAÍ,-22.9092421,-43.1095209,end_only,0,10,0,10,0,0,0,1.0,,,Geral,Geral,Geral -> Geral,0.0,19.0,19.0,,concorreu,False,0.0,105.0,105.0,,concorreu,False,,,,,partido_inexistente,,19.0,19.0
2010-2018,2010,2018,72,1600,,,,,end_only,0,3,0,3,0,0,0,1.0,,,Geral,Geral,Geral -> Geral,0.0,4.0,4.0,,concorreu,False,0.0,15.0,15.0,,concorreu,False,,,,,partido_inexistente,,4.0,4.0
2010-2018,2010,2018,72,1619,COLEGIO ESTADUAL JOAQUIM TAVORA,ICARAÍ,-22.9048788,-43.1081976,end_only,0,15,0,15,0,0,0,1.0,,,Geral,Geral,Geral -> Geral,0.0,12.0,12.0,,concorreu,False,0.0,76.0,76.0,,concorreu,False,,,,,partido_inexistente,,12.0,12.0
2010-2018,2010,2018,72,1627,ESCOLA MUNICIPAL PROFESSORA LUCIA MARIA SILVEIRA ROCHA,JURUJUBA,-22.9317575,-43.1166302,end_only,0,8,0,8,0,0,0,1.0,,,Geral,Geral,Geral -> Geral,0.0,2.0,2.0,,concorreu,False,0.0,43.0,43.0,,concorreu,False,,,,,partido_inexistente,,2.0,2.0
2010-2018,2010,2018,72,1635,BANCO BRADESCO,ICARAÍ,-22.9031207,-43.1110165,end_only,0,3,0,3,0,0,0,1.0,,,Geral,Geral,Geral -> Geral,0.0,2.0,2.0,,concorreu,False,0.0,16.0,16.0,,concorreu,False,,,,,partido_inexistente,,2.0,2.0
2010-2018,2010,2018,72,1643,CENTRO MODERNO ALZIRA BITTENCOURT,ICARAÍ,-22.9012326,-43.110746,end_only,0,4,0,4,0,0,0,1.0,,,Geral,Geral,Geral -> Geral,0.0,3.0,3.0,,concorreu,False,0.0,28.0,28.0,,concorreu,False,,,,,partido_inexistente,,3.0,3.0
2010-2018,2010,2018,72,1651,PH COLÉGIO,ICARAÍ,-22.9006508,-43.1110377,end_only,0,7,0,7,0,0,0,1.0,,,Geral,Geral,Geral -> Geral,0.0,5.0,5.0,,concorreu,False,0.0,54.0,54.0,,concorreu,False,,,,,partido_inexistente,,5.0,5.0
2010-2018,2010,2018,72,1660,CLUBE CENTRAL,ICARAÍ,-22.9075784,-43.111789,end_only,0,17,0,17,0,0,0,1.0,,,Geral,Geral,Geral -> Geral,0.0,30.0,30.0,,concorreu,False,0.0,171.0,171.0,,concorreu,False,,,,,partido_inexistente,,30.0,30.0
2010-2018,2010,2018,72,1678,ÁGUAS DE NITERÓI,ICARAÍ,-22.908792,-43.1031066,end_only,0,4,0,4,0,0,0,1.0,,,Geral,Geral,Geral -> Geral,0.0,2.0,2.0,,concorreu,False,0.0,21.0,21.0,,concorreu,False,,,,,partido_inexistente,,2.0,2.0
2010-2018,2010,2018,72,1686,,,,,end_only,0,8,0,8,0,0,0,1.0,,,Geral,Geral,Geral -> Geral,0.0,11.0,11.0,,concorreu,False,0.0,83.0,83.0,,concorreu,False,,,,,partido_inexistente,,11.0,11.0
2010-2018,2010,2018,72,1694,ESCOLA MUNICIPAL PROFESSOR PAULO DE ALMEIDA CAMPOS,ICARAÍ,-22.9047439,-43.1131555,end_only,0,4,0,4,0,0,0,1.0,,,Geral,Geral,Geral -> Geral,0.0,3.0,3.0,,concorreu,False,0.0,33.0,33.0,,concorreu,False,,,,,partido_inexistente,,3.0,3.0
2010-2018,2010,2018,72,1708,ESCOLA MUNICIPAL JÚLIA CORTINES,ICARAÍ,-22.9043592,-43.1086717,end_only,0,21,0,21,0,0,0,1.0,,,Geral,Geral,Geral -> Geral,0.0,14.0,14.0,,concorreu,False,0.0,114.0,114.0,,concorreu,False,,,,,partido_inexistente,,14.0,14.0
2010-2018,2010,2018,72,1716,QUINTAL TRAVESSIAS (ANTIGA ESCOLA VIVINFÂNCIA),ICARAÍ,-22.9079727,-43.1056898,end_only,0,4,0,4,0,0,0,1.0,,,Geral,Geral,Geral -> Geral,0.0,3.0,3.0,,concorreu,False,0.0,31.0,31.0,,concorreu,False,,,,,partido_inexistente,,3.0,3.0
2010-2018,2010,2018,72,1724,AABB,SÃO FRANCISCO,-22.9172823,-43.0826083,end_only,0,8,0,8,0,0,0,1.0,,,Geral,Geral,Geral -> Geral,0.0,1.0,1.0,,concorreu,False,0.0,71.0,71.0,,concorreu,False,,,,,partido_inexistente,,1.0,1.0
2010-2018,2010,2018,72,1732,CLUBE NAVAL,JURUJUBA,-22.935737,-43.1068139,end_only,0,20,0,20,0,0,0,1.0,,,Geral,Geral,Geral -> Geral,0.0,7.0,7.0,,concorreu,False,0.0,94.0,94.0,,concorreu,False,,,,,partido_inexistente,,7.0,7.0
2010-2018,2010,2018,72,1740,COLÉGIO ZEROHUM,ICARAÍ,-22.9111671,-43.1073245,end_only,0,9,0,9,0,0,0,1.0,,,Geral,Geral,Geral -> Geral,0.0,7.0,7.0,,concorreu,False,0.0,90.0,90.0,,concorreu,False,,,,,partido_inexistente,,7.0,7.0
2010-2018,2010,2018,72,1759,COLÉGIO MV1,ICARAÍ,-22.9079111,-43.1058651,end_only,0,18,0,18,0,0,0,1.0,,,Geral,Geral,Geral -> Geral,0.0,10.0,10.0,,concorreu,False,0.0,137.0,137.0,,concorreu,False,,,,,partido_inexistente,,10.0,10.0
2010-2018,2010,2018,72,1767,COLÉGIO ASSUNÇÃO,SÃO FRANCISCO,-22.9208239,-43.0926525,end_only,0,15,0,15,0,0,0,1.0,,,Geral,Geral,Geral -> Geral,0.0,18.0,18.0,,concorreu,False,0.0,144.0,144.0,,concorreu,False,,,,,partido_inexistente,,18.0,18.0
2010-2018,2010,2018,72,1775,COLÉGIO ESTADUAL CIZÍNIO SOARES PINTO,SÃO FRANCISCO,-22.9147594,-43.093934,end_only,0,7,0,7,0,0,0,1.0,,,Geral,Geral,Geral -> Geral,0.0,4.0,4.0,,concorreu,False,0.0,55.0,55.0,,concorreu,False,,,,,partido_inexistente,,4.0,4.0
2010-2018,2010,2018,72,1783,SOCIEDADE BRASILEIRA DE CULTURA INGLESA,ICARAÍ,-22.9075527,-43.1111859,end_only,0,4,0,4,0,0,0,1.0,,,Geral,Geral,Geral -> Geral,0.0,2.0,2.0,,concorreu,False,0.0,43.0,43.0,,concorreu,False,,,,,partido_inexistente,,2.0,2.0
2012-2016,2012,2016,113,1023,,,,,both,4,4,4,0,0,0,0,0.0,,,Municipal,Municipal,Municipal -> Municipal,,,,,nao_concorreu_inicio,,606.0,519.0,-87.0,-14.36,concorreu,False,151.0,34.0,-117.0,-77.48,concorreu,False,,
2012-2016,2012,2016,113,1031,,,,,both,14,11,11,0,3,0,0,0.2143,,,Municipal,Municipal,Municipal -> Municipal,,,,,nao_concorreu_inicio,,1464.0,721.0,-743.0,-50.75,concorreu,False,228.0,16.0,-212.0,-92.98,concorreu,False,,
2012-2016,2012,2016,113,1082,,,,,both,13,13,13,0,0,0,0,0.0,,,Municipal,Municipal,Municipal -> Municipal,,,,,nao_concorreu_inicio,,1971.0,1475.0,-496.0,-25.16,concorreu,False,446.0,15.0,-431.0,-96.64,concorreu,False,,
2012-2016,2012,2016,113,1139,,,,,both,8,6,6,0,2,0,0,0.25,,,Municipal,Municipal,Municipal -> Municipal,,,,,nao_concorreu_inicio,,890.0,505.0,-385.0,-43.26,concorreu,False,179.0,9.0,-170.0,-94.97,concorreu,False,,
2012-2016,2012,2016,113,1163,,,,,both,11,7,7,0,4,0,0,0.3636,,,Municipal,Municipal,Municipal -> Municipal,,,,,nao_concorreu_inicio,,1229.0,755.0,-474.0,-38.57,concorreu,False,226.0,6.0,-220.0,-97.35,concorreu,False,,
2012-2016,2012,2016,113,1171,,,,,both,12,12,12,0,0,0,0,0.0,,,Municipal,Municipal,Municipal -> Municipal,,,,,nao_concorreu_inicio,,1794.0,1217.0,-577.0,-32.16,concorreu,False,471.0,6.0,-465.0,-98.73,concorreu,False,,
2012-2016,2012,2016,113,1201,,,,,both,2,4,2,2,0,2,0,0.5,"[{""nr_zona"": ""113"", ""nr_local"": ""1236"", ""nm_local"": """", ""count"": 2, ""secoes"": [""95"", ""118""]}]",,Municipal,Municipal,Municipal -> Municipal,,,,,nao_concorreu_inicio,,268.0,271.0,3.0,1.12,concorreu,False,48.0,8.0,-40.0,-83.33,concorreu,False,,
2012-2016,2012,2016,113,1236,,,,,both,17,15,15,0,2,0,2,0.1176,,"[{""nr_zona"": ""113"", ""nr_local"": ""1201"", ""nm_local"": """", ""count"": 2, ""secoes"": [""95"", ""118""]}]",Municipal,Municipal,Municipal -> Municipal,,,,,nao_concorreu_inicio,,2079.0,1276.0,-803.0,-38.62,concorreu,False,399.0,41.0,-358.0,-89.72,concorreu,False,,
2012-2016,2012,2016,113,1295,,,,,both,6,6,6,0,0,0,0,0.0,,,Municipal,Municipal,Municipal -> Municipal,,,,,nao_concorreu_inicio,,953.0,822.0,-131.0,-13.75,concorreu,False,160.0,13.0,-147.0,-91.88,concorreu,False,,
2012-2016,2012,2016,113,1309,,,,,both,9,9,9,0,0,0,0,0.0,,,Municipal,Municipal,Municipal -> Municipal,,,,,nao_concorreu_inicio,,2057.0,1016.0,-1041.0,-50.61,concorreu,False,241.0,68.0,-173.0,-71.78,concorreu,False,,
2012-2016,2012,2016,113,1325,,,,,both,7,7,7,0,0,0,0,0.0,,,Municipal,Municipal,Municipal -> Municipal,,,,,nao_concorreu_inicio,,1558.0,936.0,-622.0,-39.92,concorreu,False,182.0,59.0,-123.0,-67.58,concorreu,False,,
2012-2016,2012,2016,113,1350,,,,,both,3,4,3,1,0,0,0,0.25,,,Municipal,Municipal,Municipal -> Municipal,,,,,nao_concorreu_inicio,,544.0,608.0,64.0,11.76,concorreu,False,149.0,8.0,-141.0,-94.63,concorreu,False,,
2012-2016,2012,2016,113,1376,,,,,both,10,10,10,0,0,0,0,0.0,,,Municipal,Municipal,Municipal -> Municipal,,,,,nao_concorreu_inicio,,1318.0,852.0,-466.0,-35.36,concorreu,False,265.0,29.0,-236.0,-89.06,concorreu,False,,
2012-2016,2012,2016,113,1384,,,,,both,8,8,8,0,0,0,0,0.0,,,Municipal,Municipal,Municipal -> Municipal,,,,,nao_concorreu_inicio,,1079.0,770.0,-309.0,-28.64,concorreu,False,307.0,16.0,-291.0,-94.79,concorreu,False,,
2012-2016,2012,2016,114,1082,,,,,both,11,11,11,0,0,0,0,0.0,,,Municipal,Municipal,Municipal -> Municipal,,,,,nao_concorreu_inicio,,1120.0,638.0,-482.0,-43.04,concorreu,False,262.0,8.0,-254.0,-96.95,concorreu,False,,
2012-2016,2012,2016,114,1090,,,,,both,14,14,14,0,0,0,0,0.0,,,Municipal,Municipal,Municipal -> Municipal,,,,,nao_concorreu_inicio,,2076.0,1390.0,-686.0,-33.04,concorreu,False,492.0,12.0,-480.0,-97.56,concorreu,False,,
2012-2016,2012,2016,114,1279,,,,,both,5,5,5,0,0,0,0,0.0,,,Municipal,Municipal,Municipal -> Municipal,,,,,nao_concorreu_inicio,,1076.0,792.0,-284.0,-26.39,concorreu,False,180.0,5.0,-175.0,-97.22,concorreu,False,,
2012-2016,2012,2016,114,1333,,,,,both,15,15,15,0,0,0,0,0.0,,,Municipal,Municipal,Municipal -> Municipal,,,,,nao_concorreu_inicio,,2596.0,1245.0,-1351.0,-52.04,concorreu,False,367.0,14.0,-353.0,-96.19,concorreu,False,,
2012-2016,2012,2016,114,1538,,,,,both,3,3,3,0,0,0,0,0.0,,,Municipal,Municipal,Municipal -> Municipal,,,,,nao_concorreu_inicio,,550.0,487.0,-63.0,-11.45,concorreu,False,87.0,0.0,-87.0,-100.0,concorreu,False,,
2012-2016,2012,2016,114,1546,,,,,both,5,5,5,0,0,0,0,0.0,,,Municipal,Municipal,Municipal -> Municipal,,,,,nao_concorreu_inicio,,856.0,783.0,-73.0,-8.53,concorreu,False,181.0,3.0,-178.0,-98.34,concorreu,False,,
2012-2016,2012,2016,114,1597,,,,,both,6,6,6,0,0,0,0,0.0,,,Municipal,Municipal,Municipal -> Municipal,,,,,nao_concorreu_inicio,,1159.0,905.0,-254.0,-21.92,concorreu,False,172.0,9.0,-163.0,-94.77,concorreu,False,,
2012-2016,2012,2016,114,1600,,,,,both,8,8,8,0,0,0,0,0.0,,,Municipal,Municipal,Municipal -> Municipal,,,,,nao_concorreu_inicio,,1646.0,1037.0,-609.0,-37.0,concorreu,False,267.0,3.0,-264.0,-98.88,concorreu,False,,
2012-2016,2012,2016,114,1635,,,,,both,12,12,12,0,0,0,0,0.0,,,Municipal,Municipal,Municipal -> Municipal,,,,,nao_concorreu_inicio,,2139.0,1579.0,-560.0,-26.18,concorreu,False,336.0,12.0,-324.0,-96.43,concorreu,False,,
2012-2016,2012,2016,114,1643,,,,,both,6,6,6,0,0,0,0,0.0,,,Municipal,Municipal,Municipal -> Municipal,,,,,nao_concorreu_inicio,,997.0,740.0,-257.0,-25.78,concorreu,False,133.0,1.0,-132.0,-99.25,concorreu,False,,
2012-2016,2012,2016,114,1660,,,,,both,4,4,4,0,0,0,0,0.0,,,Municipal,Municipal,Municipal -> Municipal,,,,,nao_concorreu_inicio,,420.0,193.0,-227.0,-54.05,concorreu,False,64.0,1.0,-63.0,-98.44,concorreu,False,,
2012-2016,2012,2016,114,1716,,,,,both,6,6,6,0,0,0,0,0.0,,,Municipal,Municipal,Municipal -> Municipal,,,,,nao_concorreu_inicio,,1146.0,755.0,-391.0,-34.12,concorreu,False,167.0,7.0,-160.0,-95.81,concorreu,False,,
2012-2016,2012,2016,114,1732,,,,,both,3,3,3,0,0,0,0,0.0,,,Municipal,Municipal,Municipal -> Municipal,,,,,nao_concorreu_inicio,,514.0,332.0,-182.0,-35.41,concorreu,False,90.0,2.0,-88.0,-97.78,concorreu,False,,
2012-2016,2012,2016,114,1740,,,,,end_only,0,1,0,1,0,0,0,1.0,,,Municipal,Municipal,Municipal -> Municipal,,,,,nao_concorreu_inicio,,0.0,123.0,123.0,,concorreu,False,0.0,3.0,3.0,,concorreu,False,,
2012-2016,2012,2016,115,1384,,,,,both,4,4,4,0,0,0,0,0.0,,,Municipal,Municipal,Municipal -> Municipal,,,,,nao_concorreu_inicio,,740.0,593.0,-147.0,-19.86,concorreu,False,137.0,20.0,-117.0,-85.4,concorreu,False,,
2012-2016,2012,2016,115,1406,,,,,both,12,13,12,1,0,0,0,0.0769,,,Municipal,Municipal,Municipal -> Municipal,,,,,nao_concorreu_inicio,,2265.0,1900.0,-365.0,-16.11,concorreu,False,327.0,79.0,-248.0,-75.84,concorreu,False,,
2012-2016,2012,2016,115,1414,,,,,both,7,7,7,0,0,0,0,0.0,,,Municipal,Municipal,Municipal -> Municipal,,,,,nao_concorreu_inicio,,1095.0,801.0,-294.0,-26.85,concorreu,False,209.0,32.0,-177.0,-84.69,concorreu,False,,
2012-2016,2012,2016,115,1422,,,,,both,5,3,3,0,2,0,0,0.4,,,Municipal,Municipal,Municipal -> Municipal,,,,,nao_concorreu_inicio,,891.0,201.0,-690.0,-77.44,concorreu,False,147.0,11.0,-136.0,-92.52,concorreu,False,,
2012-2016,2012,2016,115,1457,,,,,both,11,11,11,0,0,0,0,0.0,,,Municipal,Municipal,Municipal -> Municipal,,,,,nao_concorreu_inicio,,1874.0,1115.0,-759.0,-40.5,concorreu,False,469.0,17.0,-452.0,-96.38,concorreu,False,,
2012-2016,2012,2016,115,1465,,,,,both,9,9,9,0,0,0,0,0.0,,,Municipal,Municipal,Municipal -> Municipal,,,,,nao_concorreu_inicio,,1115.0,824.0,-291.0,-26.1,concorreu,False,219.0,24.0,-195.0,-89.04,concorreu,False,,
2012-2016,2012,2016,115,1473,,,,,both,11,11,11,0,0,0,0,0.0,,,Municipal,Municipal,Municipal -> Municipal,,,,,nao_concorreu_inicio,,1706.0,1029.0,-677.0,-39.68,concorreu,False,275.0,14.0,-261.0,-94.91,concorreu,False,,
2012-2016,2012,2016,115,1481,,,,,both,9,9,9,0,0,0,0,0.0,,,Municipal,Municipal,Municipal -> Municipal,,,,,nao_concorreu_inicio,,1910.0,891.0,-1019.0,-53.35,concorreu,False,356.0,10.0,-346.0,-97.19,concorreu,False,,
2012-2016,2012,2016,115,1490,,,,,both,3,3,3,0,0,0,0,0.0,,,Municipal,Municipal,Municipal -> Municipal,,,,,nao_concorreu_inicio,,512.0,362.0,-150.0,-29.3,concorreu,False,133.0,10.0,-123.0,-92.48,concorreu,False,,
2012-2016,2012,2016,115,1503,,,,,both,5,5,5,0,0,0,0,0.0,,,Municipal,Municipal,Municipal -> Municipal,,,,,nao_concorreu_inicio,,985.0,713.0,-272.0,-27.61,concorreu,False,217.0,26.0,-191.0,-88.02,concorreu,False,,
2012-2016,2012,2016,115,1520,,,,,start_only,4,0,0,0,4,0,4,1.0,,"[{""nr_zona"": ""115"", ""nr_local"": ""1554"", ""nm_local"": """", ""count"": 4, ""secoes"": [""87"", ""134"", ""135"", ""165""]}]",Municipal,Municipal,Municipal -> Municipal,,,,,nao_concorreu_inicio,,436.0,0.0,-436.0,-100.0,concorreu,False,89.0,0.0,-89.0,-100.0,concorreu,False,,
2012-2016,2012,2016,115,1538,,,,,both,4,4,4,0,0,0,0,0.0,,,Municipal,Municipal,Municipal -> Municipal,,,,,nao_concorreu_inicio,,833.0,555.0,-278.0,-33.37,concorreu,False,199.0,20.0,-179.0,-89.95,concorreu,False,,
2012-2016,2012,2016,115,1554,,,,,both,7,9,5,4,2,4,0,0.6667,"[{""nr_zona"": ""115"", ""nr_local"": ""1520"", ""nm_local"": """", ""count"": 4, ""secoes"": [""87"", ""134"", ""135"", ""165""]}]",,Municipal,Municipal,Municipal -> Municipal,,,,,nao_concorreu_inicio,,871.0,914.0,43.0,4.94,concorreu,False,140.0,61.0,-79.0,-56.43,concorreu,False,,
2012-2016,2012,2016,115,1589,,,,,both,5,5,5,0,0,0,0,0.0,,,Municipal,Municipal,Municipal -> Municipal,,,,,nao_concorreu_inicio,,983.0,780.0,-203.0,-20.65,concorreu,False,287.0,11.0,-276.0,-96.17,concorreu,False,,
2012-2016,2012,2016,115,1597,,,,,end_only,0,7,0,7,0,0,0,1.0,,,Municipal,Municipal,Municipal -> Municipal,,,,,nao_concorreu_inicio,,0.0,953.0,953.0,,concorreu,False,0.0,17.0,17.0,,concorreu,False,,
2012-2016,2012,2016,140,1015,,,,,both,4,4,4,0,0,0,0,0.0,,,Municipal,Municipal,Municipal -> Municipal,,,,,nao_concorreu_inicio,,789.0,386.0,-403.0,-51.08,concorreu,False,135.0,4.0,-131.0,-97.04,concorreu,False,,
2012-2016,2012,2016,140,1023,,,,,start_only,6,0,0,0,6,0,6,1.0,,"[{""nr_zona"": ""140"", ""nr_local"": ""1155"", ""nm_local"": """", ""count"": 6, ""secoes"": [""5"", ""6"", ""7"", ""8"", ""9"", ""10""]}]",Municipal,Municipal,Municipal -> Municipal,,,,,nao_concorreu_inicio,,921.0,0.0,-921.0,-100.0,concorreu,False,130.0,0.0,-130.0,-100.0,concorreu,False,,
2012-2016,2012,2016,140,1031,,,,,both,3,3,3,0,0,0,0,0.0,,,Municipal,Municipal,Municipal -> Municipal,,,,,nao_concorreu_inicio,,616.0,295.0,-321.0,-52.11,concorreu,False,77.0,4.0,-73.0,-94.81,concorreu,False,,
2012-2016,2012,2016,140,1040,,,,,both,3,3,3,0,0,0,0,0.0,,,Municipal,Municipal,Municipal -> Municipal,,,,,nao_concorreu_inicio,,667.0,451.0,-216.0,-32.38,concorreu,False,78.0,3.0,-75.0,-96.15,concorreu,False,,
2012-2016,2012,2016,140,1066,,,,,start_only,2,0,0,0,2,0,2,1.0,,"[{""nr_zona"": ""140"", ""nr_local"": ""1180"", ""nm_local"": """", ""count"": 2, ""secoes"": [""18"", ""19""]}]",Municipal,Municipal,Municipal -> Municipal,,,,,nao_concorreu_inicio,,457.0,0.0,-457.0,-100.0,concorreu,False,61.0,0.0,-61.0,-100.0,concorreu,False,,
2012-2016,2012,2016,140,1074,,,,,both,5,6,5,1,0,0,0,0.1667,,,Municipal,Municipal,Municipal -> Municipal,,,,,nao_concorreu_inicio,,974.0,891.0,-83.0,-8.52,concorreu,False,126.0,6.0,-120.0,-95.24,concorreu,False,,
2012-2016,2012,2016,140,1082,,,,,both,8,8,8,0,0,0,0,0.0,,,Municipal,Municipal,Municipal -> Municipal,,,,,nao_concorreu_inicio,,1608.0,1310.0,-298.0,-18.53,concorreu,False,237.0,4.0,-233.0,-98.31,concorreu,False,,
2012-2016,2012,2016,140,1090,,,,,both,5,8,5,3,0,3,0,0.375,"[{""nr_zona"": ""140"", ""nr_local"": ""1104"", ""nm_local"": """", ""count"": 3, ""secoes"": [""34"", ""35"", ""36""]}]",,Municipal,Municipal,Municipal -> Municipal,,,,,nao_concorreu_inicio,,937.0,1276.0,339.0,36.18,concorreu,False,145.0,11.0,-134.0,-92.41,concorreu,False,,
2012-2016,2012,2016,140,1104,,,,,start_only,3,0,0,0,3,0,3,1.0,,"[{""nr_zona"": ""140"", ""nr_local"": ""1090"", ""nm_local"": """", ""count"": 3, ""secoes"": [""34"", ""35"", ""36""]}]",Municipal,Municipal,Municipal -> Municipal,,,,,nao_concorreu_inicio,,611.0,0.0,-611.0,-100.0,concorreu,False,70.0,0.0,-70.0,-100.0,concorreu,False,,
2012-2016,2012,2016,140,1120,,,,,both,17,17,17,0,0,0,0,0.0,,,Municipal,Municipal,Municipal -> Municipal,,,,,nao_concorreu_inicio,,3525.0,2962.0,-563.0,-15.97,concorreu,False,646.0,17.0,-629.0,-97.37,concorreu,False,,
2012-2016,2012,2016,140,1139,,,,,both,15,15,15,0,0,0,0,0.0,,,Municipal,Municipal,Municipal -> Municipal,,,,,nao_concorreu_inicio,,2091.0,1367.0,-724.0,-34.62,concorreu,False,289.0,8.0,-281.0,-97.23,concorreu,False,,
2012-2016,2012,2016,140,1155,,,,,both,15,21,15,6,0,6,0,0.2857,"[{""nr_zona"": ""140"", ""nr_local"": ""1023"", ""nm_local"": """", ""count"": 6, ""secoes"": [""5"", ""6"", ""7"", ""8"", ""9"", ""10""]}]",,Municipal,Municipal,Municipal -> Municipal,,,,,nao_concorreu_inicio,,2159.0,1533.0,-626.0,-28.99,concorreu,False,266.0,15.0,-251.0,-94.36,concorreu,False,,
2012-2016,2012,2016,140,1163,,,,,both,4,4,4,0,0,0,0,0.0,,,Municipal,Municipal,Municipal -> Municipal,,,,,nao_concorreu_inicio,,799.0,717.0,-82.0,-10.26,concorreu,False,140.0,3.0,-137.0,-97.86,concorreu,False,,
2012-2016,2012,2016,140,1180,,,,,end_only,0,3,0,3,0,2,0,1.0,"[{""nr_zona"": ""140"", ""nr_local"": ""1066"", ""nm_local"": """", ""count"": 2, ""secoes"": [""18"", ""19""]}]",,Municipal,Municipal,Municipal -> Municipal,,,,,nao_concorreu_inicio,,0.0,444.0,444.0,,concorreu,False,0.0,4.0,4.0,,concorreu,False,,
2012-2016,2012,2016,142,1015,,,,,both,4,4,4,0,0,0,0,0.0,,,Municipal,Municipal,Municipal -> Municipal,,,,,nao_concorreu_inicio,,749.0,556.0,-193.0,-25.77,concorreu,False,72.0,6.0,-66.0,-91.67,concorreu,False,,
2012-2016,2012,2016,142,1031,,,,,both,4,4,4,0,0,0,0,0.0,,,Municipal,Municipal,Municipal -> Municipal,,,,,nao_concorreu_inicio,,612.0,544.0,-68.0,-11.11,concorreu,False,83.0,8.0,-75.0,-90.36,concorreu,False,,
2012-2016,2012,2016,142,1058,,,,,both,15,18,15,3,0,3,0,0.1667,"[{""nr_zona"": ""142"", ""nr_local"": ""1104"", ""nm_local"": """", ""count"": 3, ""secoes"": [""58"", ""59"", ""60""]}]",,Municipal,Municipal,Municipal -> Municipal,,,,,nao_concorreu_inicio,,2608.0,2537.0,-71.0,-2.72,concorreu,False,313.0,21.0,-292.0,-93.29,concorreu,False,,
2012-2016,2012,2016,142,1090,,,,,both,10,10,10,0,0,0,0,0.0,,,Municipal,Municipal,Municipal -> Municipal,,,,,nao_concorreu_inicio,,2135.0,1640.0,-495.0,-23.19,concorreu,False,324.0,11.0,-313.0,-96.6,concorreu,False,,
2012-2016,2012,2016,142,1104,,,,,start_only,3,0,0,0,3,0,3,1.0,,"[{""nr_zona"": ""142"", ""nr_local"": ""1058"", ""nm_local"": """", ""count"": 3, ""secoes"": [""58"", ""59"", ""60""]}]",Municipal,Municipal,Municipal -> Municipal,,,,,nao_concorreu_inicio,,627.0,0.0,-627.0,-100.0,concorreu,False,69.0,0.0,-69.0,-100.0,concorreu,False,,
2012-2016,2012,2016,142,1112,,,,,both,8,9,8,1,0,0,0,0.1111,,,Municipal,Municipal,Municipal -> Municipal,,,,,nao_concorreu_inicio,,1591.0,1644.0,53.0,3.33,concorreu,False,230.0,13.0,-217.0,-94.35,concorreu,False,,
2012-2016,2012,2016,142,1180,,,,,both,9,10,9,1,0,0,0,0.1,,,Municipal,Municipal,Municipal -> Municipal,,,,,nao_concorreu_inicio,,1814.0,1496.0,-318.0,-17.53,concorreu,False,323.0,31.0,-292.0,-90.4,concorreu,False,,
2012-2016,2012,2016,142,1198,,,,,both,7,7,7,0,0,0,0,0.0,,,Municipal,Municipal,Municipal -> Municipal,,,,,nao_concorreu_inicio,,1292.0,951.0,-341.0,-26.39,concorreu,False,239.0,71.0,-168.0,-70.29,concorreu,False,,
2012-2016,2012,2016,142,1201,,,,,both,8,8,8,0,0,0,0,0.0,,,Municipal,Municipal,Municipal -> Municipal,,,,,nao_concorreu_inicio,,1406.0,1122.0,-284.0,-20.2,concorreu,False,282.0,10.0,-272.0,-96.45,concorreu,False,,
2012-2016,2012,2016,142,1210,,,,,both,8,9,8,1,0,0,0,0.1111,,,Municipal,Municipal,Municipal -> Municipal,,,,,nao_concorreu_inicio,,1394.0,1285.0,-109.0,-7.82,concorreu,False,261.0,13.0,-248.0,-95.02,concorreu,False,,
2012-2016,2012,2016,142,1244,,,,,both,15,15,15,0,0,0,0,0.0,,,Municipal,Municipal,Municipal -> Municipal,,,,,nao_concorreu_inicio,,2527.0,2358.0,-169.0,-6.69,concorreu,False,519.0,13.0,-506.0,-97.5,concorreu,False,,
2012-2016,2012,2016,142,1252,,,,,both,7,7,7,0,0,0,0,0.0,,,Municipal,Municipal,Municipal -> Municipal,,,,,nao_concorreu_inicio,,1306.0,921.0,-385.0,-29.48,concorreu,False,279.0,51.0,-228.0,-81.72,concorreu,False,,
2012-2016,2012,2016,142,1260,,,,,both,7,7,7,0,0,0,0,0.0,,,Municipal,Municipal,Municipal -> Municipal,,,,,nao_concorreu_inicio,,1374.0,1178.0,-196.0,-14.26,concorreu,False,257.0,7.0,-250.0,-97.28,concorreu,False,,
2012-2016,2012,2016,142,1279,,,,,both,3,5,3,2,0,0,0,0.4,,,Municipal,Municipal,Municipal -> Municipal,,,,,nao_concorreu_inicio,,508.0,727.0,219.0,43.11,concorreu,False,103.0,3.0,-100.0,-97.09,concorreu,False,,
2012-2016,2012,2016,143,1031,,,,,start_only,7,0,0,0,7,0,7,1.0,,"[{""nr_zona"": ""143"", ""nr_local"": ""1147"", ""nm_local"": """", ""count"": 7, ""secoes"": [""7"", ""8"", ""9"", ""10"", ""11"", ""86"", ""94""]}]",Municipal,Municipal,Municipal -> Municipal,,,,,nao_concorreu_inicio,,921.0,0.0,-921.0,-100.0,concorreu,False,190.0,0.0,-190.0,-100.0,concorreu,False,,
2012-2016,2012,2016,143,1058,,,,,both,8,11,8,3,0,0,0,0.2727,,,Municipal,Municipal,Municipal -> Municipal,,,,,nao_concorreu_inicio,,1330.0,1693.0,363.0,27.29,concorreu,False,243.0,24.0,-219.0,-90.12,concorreu,False,,
2012-2016,2012,2016,143,1066,,,,,start_only,6,0,0,0,6,0,6,1.0,,"[{""nr_zona"": ""143"", ""nr_local"": ""1082"", ""nm_local"": """", ""count"": 6, ""secoes"": [""1"", ""2"", ""3"", ""18"", ""19"", ""93""]}]",Municipal,Municipal,Municipal -> Municipal,,,,,nao_concorreu_inicio,,977.0,0.0,-977.0,-100.0,concorreu,False,183.0,0.0,-183.0,-100.0,concorreu,False,,
2012-2016,2012,2016,143,1074,,,,,both,10,11,10,1,0,0,0,0.0909,,,Municipal,Municipal,Municipal -> Municipal,,,,,nao_concorreu_inicio,,1714.0,1816.0,102.0,5.95,concorreu,False,324.0,20.0,-304.0,-93.83,concorreu,False,,
2012-2016,2012,2016,143,1082,,,,,both,6,13,6,7,0,6,0,0.5385,"[{""nr_zona"": ""143"", ""nr_local"": ""1066"", ""nm_local"": """", ""count"": 6, ""secoes"": [""1"", ""2"", ""3"", ""18"", ""19"", ""93""]}]",,Municipal,Municipal,Municipal -> Municipal,,,,,nao_concorreu_inicio,,887.0,1733.0,846.0,95.38,concorreu,False,229.0,24.0,-205.0,-89.52,concorreu,False,,
2012-2016,2012,2016,143,1112,,,,,both,8,12,8,4,0,0,0,0.3333,,,Municipal,Municipal,Municipal -> Municipal,,,,,nao_concorreu_inicio,,1884.0,1055.0,-829.0,-44.0,concorreu,False,374.0,25.0,-349.0,-93.32,concorreu,False,,
2012-2016,2012,2016,143,1120,,,,,both,15,15,15,0,0,0,0,0.0,,,Municipal,Municipal,Municipal -> Municipal,,,,,nao_concorreu_inicio,,2366.0,1837.0,-529.0,-22.36,concorreu,False,413.0,85.0,-328.0,-79.42,concorreu,False,,
2012-2016,2012,2016,143,1147,,,,,both,8,15,8,7,0,7,0,0.4667,"[{""nr_zona"": ""143"", ""nr_local"": ""1031"", ""nm_local"": """", ""count"": 7, ""secoes"": [""7"", ""8"", ""9"", ""10"", ""11"", ""86"", ""94""]}]",,Municipal,Municipal,Municipal -> Municipal,,,,,nao_concorreu_inicio,,1418.0,1607.0,189.0,13.33,concorreu,False,395.0,24.0,-371.0,-93.92,concorreu,False,,
2012-2016,2012,2016,143,1163,,,,,both,13,13,13,0,0,0,0,0.0,,,Municipal,Municipal,Municipal -> Municipal,,,,,nao_concorreu_inicio,,2049.0,1238.0,-811.0,-39.58,concorreu,False,378.0,23.0,-355.0,-93.92,concorreu,False,,
2012-2016,2012,2016,143,1180,,,,,both,5,7,5,2,0,0,0,0.2857,,,Municipal,Municipal,Municipal -> Municipal,,,,,nao_concorreu_inicio,,878.0,953.0,75.0,8.54,concorreu,False,144.0,5.0,-139.0,-96.53,concorreu,False,,
2012-2016,2012,2016,143,1198,,,,,both,5,6,5,1,0,0,0,0.1667,,,Municipal,Municipal,Municipal -> Municipal,,,,,nao_concorreu_inicio,,739.0,795.0,56.0,7.58,concorreu,False,138.0,18.0,-120.0,-86.96,concorreu,False,,
2012-2016,2012,2016,143,1201,,,,,end_only,0,1,0,1,0,0,0,1.0,,,Municipal,Municipal,Municipal -> Municipal,,,,,nao_concorreu_inicio,,0.0,13.0,13.0,,concorreu,False,0.0,1.0,1.0,,concorreu,False,,
2012-2016,2012,2016,144,1023,,,,,both,4,4,4,0,0,0,0,0.0,,,Municipal,Municipal,Municipal -> Municipal,,,,,nao_concorreu_inicio,,628.0,419.0,-209.0,-33.28,concorreu,False,110.0,4.0,-106.0,-96.36,concorreu,False,,
2012-2016,2012,2016,144,1031,COLÉGIO PEDRO II CAMPUS NITERÓI,BARRETO,-22.8685685,-43.1037833,both,11,11,11,0,0,0,0,0.0,,,Municipal,Municipal,Municipal -> Municipal,,,,,nao_concorreu_inicio,,1540.0,817.0,-723.0,-46.95,concorreu,False,331.0,22.0,-309.0,-93.35,concorreu,False,,
2012-2016,2012,2016,144,1082,,,,,both,3,3,3,0,0,0,0,0.0,,,Municipal,Municipal,Municipal -> Municipal,,,,,nao_concorreu_inicio,,739.0,319.0,-420.0,-56.83,concorreu,False,213.0,1.0,-212.0,-99.53,concorreu,False,,
2012-2016,2012,2016,144,1090,ESCOLA TÉCNICA ESTADUAL HENRIQUE LAGE,BARRETO,-22.8621355,-43.0979546,both,7,8,7,1,0,0,0,0.125,,,Municipal,Municipal,Municipal -> Municipal,,,,,nao_concorreu_inicio,,1051.0,891.0,-160.0,-15.22,concorreu,False,222.0,6.0,-216.0,-97.3,concorreu,False,,
2012-2016,2012,2016,144,1104,ESCOLA MUNICIPAL ALTIVO CESAR,BARRETO,-22.8645343,-43.0995714,both,11,11,11,0,0,0,0,0.0,,,Municipal,Municipal,Municipal -> Municipal,,,,,nao_concorreu_inicio,,1950.0,1285.0,-665.0,-34.1,concorreu,False,406.0,15.0,-391.0,-96.31,concorreu,False,,
2012-2016,2012,2016,144,1112,,,,,both,5,5,5,0,0,0,0,0.0,,,Municipal,Municipal,Municipal -> Municipal,,,,,nao_concorreu_inicio,,898.0,581.0,-317.0,-35.3,concorreu,False,206.0,2.0,-204.0,-99.03,concorreu,False,,
2012-2016,2012,2016,144,1163,COLÉGIO ESTADUAL CONSELHEIRO MACEDO SOARES,BARRETO,-22.8622231,-43.0924035,both,9,9,9,0,0,0,0,0.0,,,Municipal,Municipal,Municipal -> Municipal,,,,,nao_concorreu_inicio,,1601.0,1108.0,-493.0,-30.79,concorreu,False,287.0,6.0,-281.0,-97.91,concorreu,False,,
2012-2016,2012,2016,144,1171,ESCOLA ESTADUAL MENEZES VIEIRA,BARRETO,-22.8693286,-43.1032004,both,7,7,7,0,0,0,0,0.0,,,Municipal,Municipal,Municipal -> Municipal,,,,,nao_concorreu_inicio,,1032.0,606.0,-426.0,-41.28,concorreu,False,272.0,18.0,-254.0,-93.38,concorreu,False,,
2012-2016,2012,2016,144,1201,,,,,both,3,3,3,0,0,0,0,0.0,,,Municipal,Municipal,Municipal -> Municipal,,,,,nao_concorreu_inicio,,575.0,308.0,-267.0,-46.43,concorreu,False,187.0,7.0,-180.0,-96.26,concorreu,False,,
2012-2016,2012,2016,144,1210,UMEI THEREZINHA KALIL PETRUS (ANTIGO TIO SAM),BARRETO,-22.8719306,-43.104502,both,11,12,11,1,0,0,0,0.0833,,,Municipal,Municipal,Municipal -> Municipal,,,,,nao_concorreu_inicio,,2259.0,1370.0,-889.0,-39.35,concorreu,False,403.0,26.0,-377.0,-93.55,concorreu,False,,
2012-2016,2012,2016,144,1236,COLÉGIO ESTADUAL MULLULO DA VEIGA,ENGENHOCA,-22.8708282,-43.0988892,both,27,27,27,0,0,0,0,0.0,,,Municipal,Municipal,Municipal -> Municipal,,,,,nao_concorreu_inicio,,4161.0,2315.0,-1846.0,-44.36,concorreu,False,746.0,14.0,-732.0,-98.12,concorreu,False,,
2012-2016,2012,2016,144,1252,,,,,both,9,13,9,4,0,3,0,0.3077,"[{""nr_zona"": ""144"", ""nr_local"": ""1368"", ""nm_local"": """", ""count"": 3, ""secoes"": [""113"", ""114"", ""115""]}]",,Municipal,Municipal,Municipal -> Municipal,,,,,nao_concorreu_inicio,,1529.0,1300.0,-229.0,-14.98,concorreu,False,487.0,25.0,-462.0,-94.87,concorreu,False,,
2012-2016,2012,2016,144,1317,IGREJA BATISTA BETEL DE NITERÓI,ENGENHOCA,-22.8716138,-43.096026,both,5,5,5,0,0,0,0,0.0,,,Municipal,Municipal,Municipal -> Municipal,,,,,nao_concorreu_inicio,,835.0,592.0,-243.0,-29.1,concorreu,False,134.0,4.0,-130.0,-97.01,concorreu,False,,
2012-2016,2012,2016,144,1350,,,,,both,3,3,3,0,0,0,0,0.0,,,Municipal,Municipal,Municipal -> Municipal,,,,,nao_concorreu_inicio,,690.0,367.0,-323.0,-46.81,concorreu,False,78.0,4.0,-74.0,-94.87,concorreu,False,,
2012-2016,2012,2016,144,1368,,,,,start_only,3,0,0,0,3,0,3,1.0,,"[{""nr_zona"": ""144"", ""nr_local"": ""1252"", ""nm_local"": """", ""count"": 3, ""secoes"": [""113"", ""114"", ""115""]}]",Municipal,Municipal,Municipal -> Municipal,,,,,nao_concorreu_inicio,,443.0,0.0,-443.0,-100.0,concorreu,False,201.0,0.0,-201.0,-100.0,concorreu,False,,
2012-2016,2012,2016,144,1406,COLÉGIO NITERÓI,ENGENHOCA,-22.8706133,-43.1018717,both,6,6,6,0,0,0,0,0.0,,,Municipal,Municipal,Municipal -> Municipal,,,,,nao_concorreu_inicio,,948.0,647.0,-301.0,-31.75,concorreu,False,236.0,3.0,-233.0,-98.73,concorreu,False,,
2012-2016,2012,2016,199,1015,COUNTRY CLUB DE NITEROI,VILA PROGRESSO,-22.8970192,-43.0347113,both,6,8,6,2,0,0,0,0.25,,,Municipal,Municipal,Municipal -> Municipal,,,,,nao_concorreu_inicio,,1260.0,1426.0,166.0,13.17,concorreu,False,126.0,15.0,-111.0,-88.1,concorreu,False,,
2012-2016,2012,2016,199,1023,ESCOLA MUNICIPAL FELISBERTO DE CARVALHO,VILA PROGRESSO,-22.8970371,-43.0392212,both,6,6,6,0,0,0,0,0.0,,,Municipal,Municipal,Municipal -> Municipal,,,,,nao_concorreu_inicio,,951.0,680.0,-271.0,-28.5,concorreu,False,98.0,9.0,-89.0,-90.82,concorreu,False,,
2012-2016,2012,2016,199,1031,ESCOLA MUNICIPAL HONORINA DE CARVALHO,MARIA PAULA,-22.882289,-43.0265693,both,10,12,10,2,0,0,0,0.1667,,,Municipal,Municipal,Municipal -> Municipal,,,,,nao_concorreu_inicio,,2488.0,1716.0,-772.0,-31.03,concorreu,False,232.0,14.0,-218.0,-93.97,concorreu,False,,
2012-2016,2012,2016,199,1040,,,,,start_only,15,0,0,0,15,0,0,1.0,,,Municipal,Municipal,Municipal -> Municipal,,,,,nao_concorreu_inicio,,2895.0,0.0,-2895.0,-100.0,concorreu,False,338.0,0.0,-338.0,-100.0,concorreu,False,,
2012-2016,2012,2016,199,1066,COLÉGIO CENECISTA JULIO CESAR SOUZA BALTHAREJO,ITAIPU,-22.9646939,-43.0332117,both,6,7,6,1,0,0,0,0.1429,,,Municipal,Municipal,Municipal -> Municipal,,,,,nao_concorreu_inicio,,1497.0,1370.0,-127.0,-8.48,concorreu,False,192.0,32.0,-160.0,-83.33,concorreu,False,,
2012-2016,2012,2016,199,1074,COLÉGIO CURSO ZEROHUM ( ANT GAUSS),ITAIPU,-22.9427133,-43.0519956,both,8,9,8,1,0,0,0,0.1111,,,Municipal,Municipal,Municipal -> Municipal,,,,,nao_concorreu_inicio,,1795.0,1402.0,-393.0,-21.89,concorreu,False,223.0,29.0,-194.0,-87.0,concorreu,False,,
2012-2016,2012,2016,199,1082,UMEI DR PAULO CESAR DE ALMEIDA PIMENTEL,ITAIPU,-22.9614459,-43.0327165,both,13,13,13,0,0,0,0,0.0,,,Municipal,Municipal,Municipal -> Municipal,,,,,nao_concorreu_inicio,,2689.0,1389.0,-1300.0,-48.35,concorreu,False,346.0,40.0,-306.0,-88.44,concorreu,False,,
2012-2016,2012,2016,199,1090,COLÉGIO ESTADUAL PROFESSORA ALCINA RODRIGUES LIMA,ITAIPU,-22.9528491,-43.0285072,both,14,14,14,0,0,0,0,0.0,,,Municipal,Municipal,Municipal -> Municipal,,,,,nao_concorreu_inicio,,3116.0,1782.0,-1334.0,-42.81,concorreu,False,510.0,69.0,-441.0,-86.47,concorreu,False,,
2012-2016,2012,2016,199,1104,CURSO CNA- PIRATININGA,PIRATININGA,-22.9441523,-43.0589254,end_only,0,4,0,4,0,0,0,1.0,,,Municipal,Municipal,Municipal -> Municipal,,,,,nao_concorreu_inicio,,0.0,503.0,503.0,,concorreu,False,0.0,14.0,14.0,,concorreu,False,,
2012-2016,2012,2016,199,1112,COLÉGIO SALESIANO REGIÃO OCEÂNICA,PIRATININGA,-22.9393022,-43.0618731,both,11,13,11,2,0,0,0,0.1538,,,Municipal,Municipal,Municipal -> Municipal,,,,,nao_concorreu_inicio,,2318.0,1561.0,-757.0,-32.66,concorreu,False,373.0,66.0,-307.0,-82.31,concorreu,False,,
2012-2016,2012,2016,199,1120,COLÉGIO ESTADUAL ALMIRANTE TAMANDARÉ,PIRATININGA,-22.9512083,-43.0916732,both,10,11,10,1,0,0,0,0.0909,,,Municipal,Municipal,Municipal -> Municipal,,,,,nao_concorreu_inicio,,2178.0,1411.0,-767.0,-35.22,concorreu,False,343.0,26.0,-317.0,-92.42,concorreu,False,,
2012-2016,2012,2016,199,1139,ESCOLA MUNICIPAL FRANCISCO PORTUGAL NEVES,PIRATININGA,-22.942363,-43.056665,both,9,10,9,1,0,0,0,0.1,,,Municipal,Municipal,Municipal -> Municipal,,,,,nao_concorreu_inicio,,1815.0,1153.0,-662.0,-36.47,concorreu,False,289.0,28.0,-261.0,-90.31,concorreu,False,,
2012-2016,2012,2016,199,1155,COLÉGIO ITAPUCA,PIRATININGA,-22.9437854,-43.0593249,both,12,15,12,3,0,0,0,0.2,,,Municipal,Municipal,Municipal -> Municipal,,,,,nao_concorreu_inicio,,2526.0,2031.0,-495.0,-19.6,concorreu,False,419.0,44.0,-375.0,-89.5,concorreu,False,,
2012-2016,2012,2016,199,1163,ANDEF (EX FAETEC),RIO DO OURO,-22.8896379,-42.9978497,both,7,7,7,0,0,0,0,0.0,,,Municipal,Municipal,Municipal -> Municipal,,,,,nao_concorreu_inicio,,1610.0,725.0,-885.0,-54.97,concorreu,False,111.0,5.0,-106.0,-95.5,concorreu,False,,
2012-2016,2012,2016,199,1171,,,,,both,1,1,1,0,0,0,0,0.0,,,Municipal,Municipal,Municipal -> Municipal,,,,,nao_concorreu_inicio,,237.0,116.0,-121.0,-51.05,concorreu,False,16.0,0.0,-16.0,-100.0,concorreu,False,,
2012-2016,2012,2016,199,1198,CIEP 448 RUY FRAZÃO SOARES,ITAIPU,-22.9356576,-43.0092644,both,12,13,12,1,0,0,0,0.0769,,,Municipal,Municipal,Municipal -> Municipal,,,,,nao_concorreu_inicio,,2453.0,1776.0,-677.0,-27.6,concorreu,False,612.0,56.0,-556.0,-90.85,concorreu,False,,
2012-2016,2012,2016,199,1201,,,,,start_only,3,0,0,0,3,0,3,1.0,,"[{""nr_zona"": ""199"", ""nr_local"": ""1317"", ""nm_local"": ""COLÉGIO PAULO FREIRE"", ""count"": 3, ""secoes"": [""77"", ""93"", ""142""]}]",Municipal,Municipal,Municipal -> Municipal,,,,,nao_concorreu_inicio,,695.0,0.0,-695.0,-100.0,concorreu,False,97.0,0.0,-97.0,-100.0,concorreu,False,,
2012-2016,2012,2016,199,1244,COLÉGIO LAPLACE,PIRATININGA,-22.9425434,-43.05605,both,8,10,8,2,0,0,0,0.2,,,Municipal,Municipal,Municipal -> Municipal,,,,,nao_concorreu_inicio,,1612.0,1417.0,-195.0,-12.1,concorreu,False,239.0,44.0,-195.0,-81.59,concorreu,False,,
2012-2016,2012,2016,199,1252,CIEP 307 DJANIRA,VÁRZEA DAS MOÇAS,-22.910323,-42.9852487,both,7,9,7,2,0,0,0,0.2222,,,Municipal,Municipal,Municipal -> Municipal,,,,,nao_concorreu_inicio,,1646.0,1406.0,-240.0,-14.58,concorreu,False,116.0,24.0,-92.0,-79.31,concorreu,False,,
2012-2016,2012,2016,199,1260,COLÉGIO PLUZ,SERRA GRANDE,-22.9287514,-43.0124453,both,3,10,3,7,0,0,0,0.7,,,Municipal,Municipal,Municipal -> Municipal,,,,,nao_concorreu_inicio,,616.0,1667.0,1051.0,170.62,concorreu,False,90.0,73.0,-17.0,-18.89,concorreu,False,,
2012-2016,2012,2016,199,1279,,,,,both,1,4,1,3,0,0,0,0.75,,,Municipal,Municipal,Municipal -> Municipal,,,,,nao_concorreu_inicio,,265.0,720.0,455.0,171.7,concorreu,False,47.0,7.0,-40.0,-85.11,concorreu,False,,
2012-2016,2012,2016,199,1287,ESCOLA MUNICIPAL PROF MARCOS WALDEMAR DE FREITAS REIS,ITAIPU,-22.9615628,-43.0330724,both,1,4,1,3,0,0,0,0.75,,,Municipal,Municipal,Municipal -> Municipal,,,,,nao_concorreu_inicio,,219.0,471.0,252.0,115.07,concorreu,False,34.0,13.0,-21.0,-61.76,concorreu,False,,
2012-2016,2012,2016,199,1295,UMEI PROFA ODETE ROSA DA MOTA,ITAIPU,-22.9532368,-43.02859,both,1,5,0,5,1,0,0,1.2,,,Municipal,Municipal,Municipal -> Municipal,,,,,nao_concorreu_inicio,,229.0,862.0,633.0,276.42,concorreu,False,40.0,32.0,-8.0,-20.0,concorreu,False,,
2012-2016,2012,2016,199,1317,COLÉGIO PAULO FREIRE,ENGENHO DO MATO,-22.9500178,-43.0246246,end_only,0,8,0,8,0,3,0,1.0,"[{""nr_zona"": ""199"", ""nr_local"": ""1201"", ""nm_local"": """", ""count"": 3, ""secoes"": [""77"", ""93"", ""142""]}]",,Municipal,Municipal,Municipal -> Municipal,,,,,nao_concorreu_inicio,,0.0,1107.0,1107.0,,concorreu,False,0.0,47.0,47.0,,concorreu,False,,
2012-2016,2012,2016,199,1325,ESCOLA MUNICIPAL SÍTIO DO IPÊ,MARIA PAULA,-22.8821134,-43.0267087,end_only,0,2,0,2,0,0,0,1.0,,,Municipal,Municipal,Municipal -> Municipal,,,,,nao_concorreu_inicio,,0.0,231.0,231.0,,concorreu,False,0.0,2.0,2.0,,concorreu,False,,
2012-2016,2012,2016,199,1333,,,,,end_only,0,1,0,1,0,0,0,1.0,,,Municipal,Municipal,Municipal -> Municipal,,,,,nao_concorreu_inicio,,0.0,86.0,86.0,,concorreu,False,0.0,6.0,6.0,,concorreu,False,,
2012-2016,2012,2016,199,1341,COLÉGIO OBJETIVO CAMBOINHAS,CAMBOINHAS,-22.9537053,-43.0584356,end_only,0,2,0,2,0,0,0,1.0,,,Municipal,Municipal,Municipal -> Municipal,,,,,nao_concorreu_inicio,,0.0,221.0,221.0,,concorreu,False,0.0,0.0,0.0,,concorreu,False,,
2012-2016,2012,2016,199,1350,ESCOLA MUNICIPAL MARALEGRE,CAFUBÁ,-22.9362723,-43.0724233,end_only,0,1,0,1,0,0,0,1.0,,,Municipal,Municipal,Municipal -> Municipal,,,,,nao_concorreu_inicio,,0.0,64.0,64.0,,concorreu,False,0.0,3.0,3.0,,concorreu,False,,
2012-2016,2012,2016,199,1368,UMEI PROFESSORA NINA RITA TORRES,PIRATININGA,-22.9519115,-43.0861872,end_only,0,1,0,1,0,0,0,1.0,,,Municipal,Municipal,Municipal -> Municipal,,,,,nao_concorreu_inicio,,0.0,72.0,72.0,,concorreu,False,0.0,0.0,0.0,,concorreu,False,,
2012-2016,2012,2016,71,1015,CENTRO EDUCACIONAL DE NITEROI - CENTRINHO,SANTA ROSA,-22.8965191,-43.1018339,both,11,11,11,0,0,0,0,0.0,,,Municipal,Municipal,Municipal -> Municipal,,,,,nao_concorreu_inicio,,2589.0,2060.0,-529.0,-20.43,concorreu,False,245.0,18.0,-227.0,-92.65,concorreu,False,,
2012-2016,2012,2016,71,1104,INSTITUTO MAIA VINAGRE,SANTA ROSA,-22.8976844,-43.1021103,both,9,9,9,0,0,0,0,0.0,,,Municipal,Municipal,Municipal -> Municipal,,,,,nao_concorreu_inicio,,1981.0,1662.0,-319.0,-16.1,concorreu,False,240.0,19.0,-221.0,-92.08,concorreu,False,,
2012-2016,2012,2016,71,1244,ESCOLA ESTADUAL MANUEL DE ABREU,ICARAÍ,-22.9023086,-43.1071569,both,8,9,8,1,0,0,0,0.1111,,,Municipal,Municipal,Municipal -> Municipal,,,,,nao_concorreu_inicio,,1748.0,1628.0,-120.0,-6.86,concorreu,False,246.0,14.0,-232.0,-94.31,concorreu,False,,
2012-2016,2012,2016,71,1260,INSTITUTO ABEL,ICARAÍ,-22.9004168,-43.1094942,both,12,16,12,4,0,0,0,0.25,,,Municipal,Municipal,Municipal -> Municipal,,,,,nao_concorreu_inicio,,2546.0,2733.0,187.0,7.34,concorreu,False,332.0,23.0,-309.0,-93.07,concorreu,False,,
2012-2016,2012,2016,71,1295,COLEGIO SALESIANO SANTA ROSA,SANTA ROSA,-22.9016745,-43.0996973,both,15,17,15,2,0,0,0,0.1176,,,Municipal,Municipal,Municipal -> Municipal,,,,,nao_concorreu_inicio,,3151.0,2701.0,-450.0,-14.28,concorreu,False,405.0,27.0,-378.0,-93.33,concorreu,False,,
2012-2016,2012,2016,71,1309,CURSO MARLY CURY,SANTA ROSA,-22.9054777,-43.1019227,both,9,11,9,2,0,0,0,0.1818,,,Municipal,Municipal,Municipal -> Municipal,,,,,nao_concorreu_inicio,,2065.0,2002.0,-63.0,-3.05,concorreu,False,215.0,7.0,-208.0,-96.74,concorreu,False,,
2012-2016,2012,2016,71,1317,ESCOLA ESTADUAL BALTAZAR BERNARDINO,SANTA ROSA,-22.9032359,-43.1012931,both,8,9,8,1,0,0,0,0.1111,,,Municipal,Municipal,Municipal -> Municipal,,,,,nao_concorreu_inicio,,1720.0,1434.0,-286.0,-16.63,concorreu,False,278.0,7.0,-271.0,-97.48,concorreu,False,,
2012-2016,2012,2016,71,1325,ESCOLA ESTADUAL GUILHERME BRIGGS,SANTA ROSA,-22.9053667,-43.0895767,both,14,15,14,1,0,0,0,0.0667,,,Municipal,Municipal,Municipal -> Municipal,,,,,nao_concorreu_inicio,,2777.0,2535.0,-242.0,-8.71,concorreu,False,449.0,43.0,-406.0,-90.42,concorreu,False,,
2012-2016,2012,2016,71,1333,PARÓQUIA NOSSA SENHORA AUXILIADORA - CENTRO COMUNITÁRIO,SANTA ROSA,-22.9020239,-43.0994239,both,10,10,10,0,0,0,0,0.0,,,Municipal,Municipal,Municipal -> Municipal,,,,,nao_concorreu_inicio,,1971.0,1376.0,-595.0,-30.19,concorreu,False,308.0,8.0,-300.0,-97.4,concorreu,False,,
2012-2016,2012,2016,71,1368,,,,,both,8,10,8,2,0,0,0,0.2,,,Municipal,Municipal,Municipal -> Municipal,,,,,nao_concorreu_inicio,,1797.0,1602.0,-195.0,-10.85,concorreu,False,251.0,8.0,-243.0,-96.81,concorreu,False,,
2012-2016,2012,2016,71,1392,FACULDADE DE VETERINARIA DA UFF,VITAL BRASIL,-22.904908,-43.098407,both,13,14,13,1,0,0,0,0.0714,,,Municipal,Municipal,Municipal -> Municipal,,,,,nao_concorreu_inicio,,2885.0,2519.0,-366.0,-12.69,concorreu,False,328.0,22.0,-306.0,-93.29,concorreu,False,,
2012-2016,2012,2016,72,1015,INSTITUTO JCA,SANTA BARBARA,-22.882301,-43.0585179,both,15,15,15,0,0,0,0,0.0,,,Municipal,Municipal,Municipal -> Municipal,,,,,nao_concorreu_inicio,,1802.0,1320.0,-482.0,-26.75,concorreu,False,393.0,22.0,-371.0,-94.4,concorreu,False,,
2012-2016,2012,2016,72,1040,COLÉGIO ESTADUAL DAVID CAPISTRANO,SANTA BARBARA,-22.8768468,-43.0480155,both,17,17,17,0,0,0,0,0.0,,,Municipal,Municipal,Municipal -> Municipal,,,,,nao_concorreu_inicio,,2440.0,1673.0,-767.0,-31.43,concorreu,False,485.0,28.0,-457.0,-94.23,concorreu,False,,
2012-2016,2012,2016,72,1074,COLEGIO ESTADUAL PAULO ASSIS RIBEIRO,BADU,-22.9068537,-43.0573891,both,18,18,18,0,0,0,0,0.0,,,Municipal,Municipal,Municipal -> Municipal,,,,,nao_concorreu_inicio,,3946.0,3034.0,-912.0,-23.11,concorreu,False,498.0,26.0,-472.0,-94.78,concorreu,False,,
2012-2016,2012,2016,72,1112,ESCOLA ESTADUAL LEOPOLDO FROES,LARGO DA BATALHA,-22.9100474,-43.0677553,both,18,18,18,0,0,0,0,0.0,,,Municipal,Municipal,Municipal -> Municipal,,,,,nao_concorreu_inicio,,3374.0,3054.0,-320.0,-9.48,concorreu,False,419.0,19.0,-400.0,-95.47,concorreu,False,,
2012-2016,2012,2016,72,1147,ESCOLA MUNICIPAL VERA LUCIA MACHADO,BADU,-22.9045,-43.0500355,both,7,8,7,1,0,0,0,0.125,,,Municipal,Municipal,Municipal -> Municipal,,,,,nao_concorreu_inicio,,1427.0,1362.0,-65.0,-4.56,concorreu,False,171.0,14.0,-157.0,-91.81,concorreu,False,,
2012-2016,2012,2016,72,1171,ESCOLA MUNICIPAL ANTONIO COUTINHO DE AZEVEDO,SANTA BARBARA,-22.8756043,-43.04869,both,9,9,9,0,0,0,0,0.0,,,Municipal,Municipal,Municipal -> Municipal,,,,,nao_concorreu_inicio,,1852.0,1389.0,-463.0,-25.0,concorreu,False,200.0,12.0,-188.0,-94.0,concorreu,False,,
2012-2016,2012,2016,72,1180,ESCOLA MUNICIPAL RACHIDE DA GLORIA SALIM SAKER,SANTA BARBARA,-22.8766134,-43.0488967,both,8,8,8,0,0,0,0,0.0,,,Municipal,Municipal,Municipal -> Municipal,,,,,nao_concorreu_inicio,,1879.0,1467.0,-412.0,-21.93,concorreu,False,224.0,14.0,-210.0,-93.75,concorreu,False,,
2012-2016,2012,2016,72,1368,ESCOLA MUNICIPAL VILA COSTA MONTEIRO,ITITIOCA,-22.8963335,-43.077802,both,9,11,9,2,0,0,0,0.1818,,,Municipal,Municipal,Municipal -> Municipal,,,,,nao_concorreu_inicio,,1765.0,1698.0,-67.0,-3.8,concorreu,False,360.0,47.0,-313.0,-86.94,concorreu,False,,
2012-2016,2012,2016,72,1449,CIEP 450 - BADU,BADU,-22.9071974,-43.0566124,both,18,19,18,1,0,0,0,0.0526,,,Municipal,Municipal,Municipal -> Municipal,,,,,nao_concorreu_inicio,,3770.0,3051.0,-719.0,-19.07,concorreu,False,558.0,27.0,-531.0,-95.16,concorreu,False,,
2012-2016,2012,2016,72,1473,COLÉGIO FORUM CULTURAL,CANTAGALO,-22.9163184,-43.0490094,both,9,10,9,1,0,0,0,0.1,,,Municipal,Municipal,Municipal -> Municipal,,,,,nao_concorreu_inicio,,2007.0,1655.0,-352.0,-17.54,concorreu,False,240.0,15.0,-225.0,-93.75,concorreu,False,,
2012-2016,2012,2016,72,1490,,,,,start_only,4,0,0,0,4,0,0,1.0,,,Municipal,Municipal,Municipal -> Municipal,,,,,nao_concorreu_inicio,,803.0,0.0,-803.0,-100.0,concorreu,False,123.0,0.0,-123.0,-100.0,concorreu,False,,
2012-2016,2012,2016,72,1520,ESCOLA MUNICIPAL LEVI CARNEIRO,SAPÊ,-22.8961721,-43.0583864,end_only,0,15,0,15,0,0,0,1.0,,,Municipal,Municipal,Municipal -> Municipal,,,,,nao_concorreu_inicio,,0.0,2552.0,2552.0,,concorreu,False,0.0,20.0,20.0,,concorreu,False,,
2012-2016,2012,2016,72,1538,ESCOLA CATAVENTO ESPAÇO DE EDUCAÇÃO,SAPÊ,-22.9024713,-43.0635188,end_only,0,4,0,4,0,0,0,1.0,,,Municipal,Municipal,Municipal -> Municipal,,,,,nao_concorreu_inicio,,0.0,572.0,572.0,,concorreu,False,0.0,7.0,7.0,,concorreu,False,,
2012-2016,2012,2016,72,1546,COLÉGIO GOMES PEREIRA,LARGO DA BATALHA,-22.9081863,-43.0665152,end_only,0,4,0,4,0,0,0,1.0,,,Municipal,Municipal,Municipal -> Municipal,,,,,nao_concorreu_inicio,,0.0,599.0,599.0,,concorreu,False,0.0,4.0,4.0,,concorreu,False,,
2012-2016,2012,2016,72,1554,CENTRO EDUCACIONAL GIRASSÓIS,LARGO DA BATALHA,-22.9077414,-43.0652722,end_only,0,4,0,4,0,0,0,1.0,,,Municipal,Municipal,Municipal -> Municipal,,,,,nao_concorreu_inicio,,0.0,598.0,598.0,,concorreu,False,0.0,1.0,1.0,,concorreu,False,,
2014-2018,2014,2018,113,1023,,,,,start_only,4,0,0,0,4,0,0,1.0,,,Geral,Geral,Geral -> Geral,4.0,0.0,-4.0,-100.0,concorreu,False,,,,,nao_concorreu_inicio,,152.0,0.0,-152.0,-100.0,concorreu,False,-4.0,4.0
2014-2018,2014,2018,113,1031,,,,,start_only,11,0,0,0,11,0,0,1.0,,,Geral,Geral,Geral -> Geral,11.0,0.0,-11.0,-100.0,concorreu,False,,,,,nao_concorreu_inicio,,184.0,0.0,-184.0,-100.0,concorreu,False,-11.0,11.0
2014-2018,2014,2018,113,1082,,,,,start_only,13,0,0,0,13,0,0,1.0,,,Geral,Geral,Geral -> Geral,31.0,0.0,-31.0,-100.0,concorreu,False,,,,,nao_concorreu_inicio,,377.0,0.0,-377.0,-100.0,concorreu,False,-31.0,31.0
2014-2018,2014,2018,113,1139,,,,,start_only,6,0,0,0,6,0,0,1.0,,,Geral,Geral,Geral -> Geral,8.0,0.0,-8.0,-100.0,concorreu,False,,,,,nao_concorreu_inicio,,141.0,0.0,-141.0,-100.0,concorreu,False,-8.0,8.0
2014-2018,2014,2018,113,1163,,,,,start_only,11,0,0,0,11,0,0,1.0,,,Geral,Geral,Geral -> Geral,16.0,0.0,-16.0,-100.0,concorreu,False,,,,,nao_concorreu_inicio,,226.0,0.0,-226.0,-100.0,concorreu,False,-16.0,16.0
2014-2018,2014,2018,113,1171,,,,,start_only,12,0,0,0,12,0,0,1.0,,,Geral,Geral,Geral -> Geral,30.0,0.0,-30.0,-100.0,concorreu,False,,,,,nao_concorreu_inicio,,394.0,0.0,-394.0,-100.0,concorreu,False,-30.0,30.0
2014-2018,2014,2018,113,1201,,,,,start_only,4,0,0,0,4,0,0,1.0,,,Geral,Geral,Geral -> Geral,4.0,0.0,-4.0,-100.0,concorreu,False,,,,,nao_concorreu_inicio,,80.0,0.0,-80.0,-100.0,concorreu,False,-4.0,4.0
2014-2018,2014,2018,113,1236,,,,,start_only,15,0,0,0,15,0,0,1.0,,,Geral,Geral,Geral -> Geral,18.0,0.0,-18.0,-100.0,concorreu,False,,,,,nao_concorreu_inicio,,313.0,0.0,-313.0,-100.0,concorreu,False,-18.0,18.0
2014-2018,2014,2018,113,1295,,,,,start_only,6,0,0,0,6,0,0,1.0,,,Geral,Geral,Geral -> Geral,8.0,0.0,-8.0,-100.0,concorreu,False,,,,,nao_concorreu_inicio,,211.0,0.0,-211.0,-100.0,concorreu,False,-8.0,8.0
2014-2018,2014,2018,113,1309,,,,,start_only,9,0,0,0,9,0,0,1.0,,,Geral,Geral,Geral -> Geral,3.0,0.0,-3.0,-100.0,concorreu,False,,,,,nao_concorreu_inicio,,212.0,0.0,-212.0,-100.0,concorreu,False,-3.0,3.0
2014-2018,2014,2018,113,1325,,,,,start_only,7,0,0,0,7,0,0,1.0,,,Geral,Geral,Geral -> Geral,10.0,0.0,-10.0,-100.0,concorreu,False,,,,,nao_concorreu_inicio,,225.0,0.0,-225.0,-100.0,concorreu,False,-10.0,10.0
2014-2018,2014,2018,113,1350,,,,,start_only,4,0,0,0,4,0,0,1.0,,,Geral,Geral,Geral -> Geral,14.0,0.0,-14.0,-100.0,concorreu,False,,,,,nao_concorreu_inicio,,186.0,0.0,-186.0,-100.0,concorreu,False,-14.0,14.0
2014-2018,2014,2018,113,1376,,,,,start_only,10,0,0,0,10,0,0,1.0,,,Geral,Geral,Geral -> Geral,16.0,0.0,-16.0,-100.0,concorreu,False,,,,,nao_concorreu_inicio,,251.0,0.0,-251.0,-100.0,concorreu,False,-16.0,16.0
2014-2018,2014,2018,113,1384,,,,,start_only,8,0,0,0,8,0,0,1.0,,,Geral,Geral,Geral -> Geral,4.0,0.0,-4.0,-100.0,concorreu,False,,,,,nao_concorreu_inicio,,242.0,0.0,-242.0,-100.0,concorreu,False,-4.0,4.0
2014-2018,2014,2018,114,1082,,,,,start_only,8,0,0,0,8,0,0,1.0,,,Geral,Geral,Geral -> Geral,15.0,0.0,-15.0,-100.0,concorreu,False,,,,,nao_concorreu_inicio,,176.0,0.0,-176.0,-100.0,concorreu,False,-15.0,15.0
2014-2018,2014,2018,114,1090,,,,,start_only,14,0,0,0,14,0,0,1.0,,,Geral,Geral,Geral -> Geral,15.0,0.0,-15.0,-100.0,concorreu,False,,,,,nao_concorreu_inicio,,466.0,0.0,-466.0,-100.0,concorreu,False,-15.0,15.0
2014-2018,2014,2018,114,1279,,,,,start_only,5,0,0,0,5,0,0,1.0,,,Geral,Geral,Geral -> Geral,12.0,0.0,-12.0,-100.0,concorreu,False,,,,,nao_concorreu_inicio,,178.0,0.0,-178.0,-100.0,concorreu,False,-12.0,12.0
2014-2018,2014,2018,114,1333,,,,,start_only,10,0,0,0,10,0,0,1.0,,,Geral,Geral,Geral -> Geral,21.0,0.0,-21.0,-100.0,concorreu,False,,,,,nao_concorreu_inicio,,259.0,0.0,-259.0,-100.0,concorreu,False,-21.0,21.0
2014-2018,2014,2018,114,1538,,,,,start_only,3,0,0,0,3,0,0,1.0,,,Geral,Geral,Geral -> Geral,5.0,0.0,-5.0,-100.0,concorreu,False,,,,,nao_concorreu_inicio,,110.0,0.0,-110.0,-100.0,concorreu,False,-5.0,5.0
2014-2018,2014,2018,114,1546,,,,,start_only,5,0,0,0,5,0,0,1.0,,,Geral,Geral,Geral -> Geral,5.0,0.0,-5.0,-100.0,concorreu,False,,,,,nao_concorreu_inicio,,226.0,0.0,-226.0,-100.0,concorreu,False,-5.0,5.0
2014-2018,2014,2018,114,1597,,,,,start_only,6,0,0,0,6,0,0,1.0,,,Geral,Geral,Geral -> Geral,19.0,0.0,-19.0,-100.0,concorreu,False,,,,,nao_concorreu_inicio,,219.0,0.0,-219.0,-100.0,concorreu,False,-19.0,19.0
2014-2018,2014,2018,114,1600,,,,,start_only,8,0,0,0,8,0,0,1.0,,,Geral,Geral,Geral -> Geral,24.0,0.0,-24.0,-100.0,concorreu,False,,,,,nao_concorreu_inicio,,292.0,0.0,-292.0,-100.0,concorreu,False,-24.0,24.0
2014-2018,2014,2018,114,1635,,,,,start_only,12,0,0,0,12,0,0,1.0,,,Geral,Geral,Geral -> Geral,32.0,0.0,-32.0,-100.0,concorreu,False,,,,,nao_concorreu_inicio,,450.0,0.0,-450.0,-100.0,concorreu,False,-32.0,32.0
2014-2018,2014,2018,114,1643,,,,,start_only,6,0,0,0,6,0,0,1.0,,,Geral,Geral,Geral -> Geral,18.0,0.0,-18.0,-100.0,concorreu,False,,,,,nao_concorreu_inicio,,129.0,0.0,-129.0,-100.0,concorreu,False,-18.0,18.0
2014-2018,2014,2018,114,1660,,,,,start_only,3,0,0,0,3,0,0,1.0,,,Geral,Geral,Geral -> Geral,0.0,0.0,0.0,,concorreu,False,,,,,nao_concorreu_inicio,,53.0,0.0,-53.0,-100.0,concorreu,False,0.0,0.0
2014-2018,2014,2018,114,1716,,,,,start_only,6,0,0,0,6,0,0,1.0,,,Geral,Geral,Geral -> Geral,13.0,0.0,-13.0,-100.0,concorreu,False,,,,,nao_concorreu_inicio,,172.0,0.0,-172.0,-100.0,concorreu,False,-13.0,13.0
2014-2018,2014,2018,114,1732,,,,,start_only,3,0,0,0,3,0,0,1.0,,,Geral,Geral,Geral -> Geral,4.0,0.0,-4.0,-100.0,concorreu,False,,,,,nao_concorreu_inicio,,70.0,0.0,-70.0,-100.0,concorreu,False,-4.0,4.0
2014-2018,2014,2018,115,1384,,,,,start_only,4,0,0,0,4,0,0,1.0,,,Geral,Geral,Geral -> Geral,5.0,0.0,-5.0,-100.0,concorreu,False,,,,,nao_concorreu_inicio,,166.0,0.0,-166.0,-100.0,concorreu,False,-5.0,5.0
2014-2018,2014,2018,115,1406,,,,,start_only,13,0,0,0,13,0,0,1.0,,,Geral,Geral,Geral -> Geral,35.0,0.0,-35.0,-100.0,concorreu,False,,,,,nao_concorreu_inicio,,600.0,0.0,-600.0,-100.0,concorreu,False,-35.0,35.0
2014-2018,2014,2018,115,1414,,,,,start_only,6,0,0,0,6,0,0,1.0,,,Geral,Geral,Geral -> Geral,15.0,0.0,-15.0,-100.0,concorreu,False,,,,,nao_concorreu_inicio,,317.0,0.0,-317.0,-100.0,concorreu,False,-15.0,15.0
2014-2018,2014,2018,115,1422,,,,,start_only,3,0,0,0,3,0,0,1.0,,,Geral,Geral,Geral -> Geral,3.0,0.0,-3.0,-100.0,concorreu,False,,,,,nao_concorreu_inicio,,76.0,0.0,-76.0,-100.0,concorreu,False,-3.0,3.0
2014-2018,2014,2018,115,1457,,,,,start_only,10,0,0,0,10,0,0,1.0,,,Geral,Geral,Geral -> Geral,18.0,0.0,-18.0,-100.0,concorreu,False,,,,,nao_concorreu_inicio,,364.0,0.0,-364.0,-100.0,concorreu,False,-18.0,18.0
2014-2018,2014,2018,115,1465,,,,,start_only,9,0,0,0,9,0,0,1.0,,,Geral,Geral,Geral -> Geral,90.0,0.0,-90.0,-100.0,concorreu,False,,,,,nao_concorreu_inicio,,481.0,0.0,-481.0,-100.0,concorreu,False,-90.0,90.0
2014-2018,2014,2018,115,1473,,,,,start_only,11,0,0,0,11,0,0,1.0,,,Geral,Geral,Geral -> Geral,27.0,0.0,-27.0,-100.0,concorreu,False,,,,,nao_concorreu_inicio,,405.0,0.0,-405.0,-100.0,concorreu,False,-27.0,27.0
2014-2018,2014,2018,115,1481,,,,,start_only,9,0,0,0,9,0,0,1.0,,,Geral,Geral,Geral -> Geral,5.0,0.0,-5.0,-100.0,concorreu,False,,,,,nao_concorreu_inicio,,373.0,0.0,-373.0,-100.0,concorreu,False,-5.0,5.0
2014-2018,2014,2018,115,1490,,,,,start_only,3,0,0,0,3,0,0,1.0,,,Geral,Geral,Geral -> Geral,15.0,0.0,-15.0,-100.0,concorreu,False,,,,,nao_concorreu_inicio,,134.0,0.0,-134.0,-100.0,concorreu,False,-15.0,15.0
2014-2018,2014,2018,115,1503,,,,,start_only,5,0,0,0,5,0,0,1.0,,,Geral,Geral,Geral -> Geral,10.0,0.0,-10.0,-100.0,concorreu,False,,,,,nao_concorreu_inicio,,197.0,0.0,-197.0,-100.0,concorreu,False,-10.0,10.0
2014-2018,2014,2018,115,1538,,,,,start_only,4,0,0,0,4,0,0,1.0,,,Geral,Geral,Geral -> Geral,24.0,0.0,-24.0,-100.0,concorreu,False,,,,,nao_concorreu_inicio,,227.0,0.0,-227.0,-100.0,concorreu,False,-24.0,24.0
2014-2018,2014,2018,115,1554,,,,,start_only,9,0,0,0,9,0,0,1.0,,,Geral,Geral,Geral -> Geral,21.0,0.0,-21.0,-100.0,concorreu,False,,,,,nao_concorreu_inicio,,497.0,0.0,-497.0,-100.0,concorreu,False,-21.0,21.0
2014-2018,2014,2018,115,1589,,,,,start_only,5,0,0,0,5,0,0,1.0,,,Geral,Geral,Geral -> Geral,15.0,0.0,-15.0,-100.0,concorreu,False,,,,,nao_concorreu_inicio,,230.0,0.0,-230.0,-100.0,concorreu,False,-15.0,15.0
2014-2018,2014,2018,115,1597,,,,,start_only,6,0,0,0,6,0,0,1.0,,,Geral,Geral,Geral -> Geral,14.0,0.0,-14.0,-100.0,concorreu,False,,,,,nao_concorreu_inicio,,577.0,0.0,-577.0,-100.0,concorreu,False,-14.0,14.0
2014-2018,2014,2018,140,1015,,,,,start_only,2,0,0,0,2,0,0,1.0,,,Geral,Geral,Geral -> Geral,3.0,0.0,-3.0,-100.0,concorreu,False,,,,,nao_concorreu_inicio,,64.0,0.0,-64.0,-100.0,concorreu,False,-3.0,3.0
2014-2018,2014,2018,140,1023,,,,,start_only,3,0,0,0,3,0,0,1.0,,,Geral,Geral,Geral -> Geral,11.0,0.0,-11.0,-100.0,concorreu,False,,,,,nao_concorreu_inicio,,121.0,0.0,-121.0,-100.0,concorreu,False,-11.0,11.0
2014-2018,2014,2018,140,1031,,,,,start_only,2,0,0,0,2,0,0,1.0,,,Geral,Geral,Geral -> Geral,4.0,0.0,-4.0,-100.0,concorreu,False,,,,,nao_concorreu_inicio,,52.0,0.0,-52.0,-100.0,concorreu,False,-4.0,4.0
2014-2018,2014,2018,140,1040,,,,,start_only,3,0,0,0,3,0,0,1.0,,,Geral,Geral,Geral -> Geral,5.0,0.0,-5.0,-100.0,concorreu,False,,,,,nao_concorreu_inicio,,111.0,0.0,-111.0,-100.0,concorreu,False,-5.0,5.0
2014-2018,2014,2018,140,1066,,,,,start_only,3,0,0,0,3,0,0,1.0,,,Geral,Geral,Geral -> Geral,3.0,0.0,-3.0,-100.0,concorreu,False,,,,,nao_concorreu_inicio,,89.0,0.0,-89.0,-100.0,concorreu,False,-3.0,3.0
2014-2018,2014,2018,140,1074,,,,,start_only,6,0,0,0,6,0,0,1.0,,,Geral,Geral,Geral -> Geral,13.0,0.0,-13.0,-100.0,concorreu,False,,,,,nao_concorreu_inicio,,176.0,0.0,-176.0,-100.0,concorreu,False,-13.0,13.0
2014-2018,2014,2018,140,1082,,,,,start_only,8,0,0,0,8,0,0,1.0,,,Geral,Geral,Geral -> Geral,16.0,0.0,-16.0,-100.0,concorreu,False,,,,,nao_concorreu_inicio,,283.0,0.0,-283.0,-100.0,concorreu,False,-16.0,16.0
2014-2018,2014,2018,140,1090,,,,,start_only,8,0,0,0,8,0,0,1.0,,,Geral,Geral,Geral -> Geral,15.0,0.0,-15.0,-100.0,concorreu,False,,,,,nao_concorreu_inicio,,282.0,0.0,-282.0,-100.0,concorreu,False,-15.0,15.0
2014-2018,2014,2018,140,1120,,,,,start_only,17,0,0,0,17,0,0,1.0,,,Geral,Geral,Geral -> Geral,50.0,0.0,-50.0,-100.0,concorreu,False,,,,,nao_concorreu_inicio,,822.0,0.0,-822.0,-100.0,concorreu,False,-50.0,50.0
2014-2018,2014,2018,140,1139,,,,,start_only,15,0,0,0,15,0,0,1.0,,,Geral,Geral,Geral -> Geral,15.0,0.0,-15.0,-100.0,concorreu,False,,,,,nao_concorreu_inicio,,324.0,0.0,-324.0,-100.0,concorreu,False,-15.0,15.0
2014-2018,2014,2018,140,1155,,,,,start_only,7,0,0,0,7,0,0,1.0,,,Geral,Geral,Geral -> Geral,15.0,0.0,-15.0,-100.0,concorreu,False,,,,,nao_concorreu_inicio,,196.0,0.0,-196.0,-100.0,concorreu,False,-15.0,15.0
2014-2018,2014,2018,140,1163,,,,,start_only,4,0,0,0,4,0,0,1.0,,,Geral,Geral,Geral -> Geral,5.0,0.0,-5.0,-100.0,concorreu,False,,,,,nao_concorreu_inicio,,212.0,0.0,-212.0,-100.0,concorreu,False,-5.0,5.0
2014-2018,2014,2018,142,1015,,,,,start_only,4,0,0,0,4,0,0,1.0,,,Geral,Geral,Geral -> Geral,10.0,0.0,-10.0,-100.0,concorreu,False,,,,,nao_concorreu_inicio,,130.0,0.0,-130.0,-100.0,concorreu,False,-10.0,10.0
2014-2018,2014,2018,142,1031,,,,,start_only,4,0,0,0,4,0,0,1.0,,,Geral,Geral,Geral -> Geral,5.0,0.0,-5.0,-100.0,concorreu,False,,,,,nao_concorreu_inicio,,177.0,0.0,-177.0,-100.0,concorreu,False,-5.0,5.0
2014-2018,2014,2018,142,1058,,,,,start_only,17,0,0,0,17,0,0,1.0,,,Geral,Geral,Geral -> Geral,22.0,0.0,-22.0,-100.0,concorreu,False,,,,,nao_concorreu_inicio,,573.0,0.0,-573.0,-100.0,concorreu,False,-22.0,22.0
2014-2018,2014,2018,142,1090,,,,,start_only,10,0,0,0,10,0,0,1.0,,,Geral,Geral,Geral -> Geral,18.0,0.0,-18.0,-100.0,concorreu,False,,,,,nao_concorreu_inicio,,426.0,0.0,-426.0,-100.0,concorreu,False,-18.0,18.0
2014-2018,2014,2018,142,1112,,,,,start_only,9,0,0,0,9,0,0,1.0,,,Geral,Geral,Geral -> Geral,9.0,0.0,-9.0,-100.0,concorreu,False,,,,,nao_concorreu_inicio,,375.0,0.0,-375.0,-100.0,concorreu,False,-9.0,9.0
2014-2018,2014,2018,142,1180,,,,,start_only,10,0,0,0,10,0,0,1.0,,,Geral,Geral,Geral -> Geral,12.0,0.0,-12.0,-100.0,concorreu,False,,,,,nao_concorreu_inicio,,494.0,0.0,-494.0,-100.0,concorreu,False,-12.0,12.0
2014-2018,2014,2018,142,1198,,,,,start_only,7,0,0,0,7,0,0,1.0,,,Geral,Geral,Geral -> Geral,1.0,0.0,-1.0,-100.0,concorreu,False,,,,,nao_concorreu_inicio,,419.0,0.0,-419.0,-100.0,concorreu,False,-1.0,1.0
2014-2018,2014,2018,142,1201,,,,,start_only,8,0,0,0,8,0,0,1.0,,,Geral,Geral,Geral -> Geral,9.0,0.0,-9.0,-100.0,concorreu,False,,,,,nao_concorreu_inicio,,311.0,0.0,-311.0,-100.0,concorreu,False,-9.0,9.0
2014-2018,2014,2018,142,1210,,,,,start_only,8,0,0,0,8,0,0,1.0,,,Geral,Geral,Geral -> Geral,4.0,0.0,-4.0,-100.0,concorreu,False,,,,,nao_concorreu_inicio,,373.0,0.0,-373.0,-100.0,concorreu,False,-4.0,4.0
2014-2018,2014,2018,142,1244,,,,,start_only,15,0,0,0,15,0,0,1.0,,,Geral,Geral,Geral -> Geral,21.0,0.0,-21.0,-100.0,concorreu,False,,,,,nao_concorreu_inicio,,558.0,0.0,-558.0,-100.0,concorreu,False,-21.0,21.0
2014-2018,2014,2018,142,1252,,,,,start_only,7,0,0,0,7,0,0,1.0,,,Geral,Geral,Geral -> Geral,5.0,0.0,-5.0,-100.0,concorreu,False,,,,,nao_concorreu_inicio,,297.0,0.0,-297.0,-100.0,concorreu,False,-5.0,5.0
2014-2018,2014,2018,142,1260,,,,,start_only,7,0,0,0,7,0,0,1.0,,,Geral,Geral,Geral -> Geral,15.0,0.0,-15.0,-100.0,concorreu,False,,,,,nao_concorreu_inicio,,281.0,0.0,-281.0,-100.0,concorreu,False,-15.0,15.0
2014-2018,2014,2018,142,1279,,,,,start_only,4,0,0,0,4,0,0,1.0,,,Geral,Geral,Geral -> Geral,5.0,0.0,-5.0,-100.0,concorreu,False,,,,,nao_concorreu_inicio,,245.0,0.0,-245.0,-100.0,concorreu,False,-5.0,5.0
2014-2018,2014,2018,143,1058,,,,,start_only,11,0,0,0,11,0,0,1.0,,,Geral,Geral,Geral -> Geral,25.0,0.0,-25.0,-100.0,concorreu,False,,,,,nao_concorreu_inicio,,406.0,0.0,-406.0,-100.0,concorreu,False,-25.0,25.0
2014-2018,2014,2018,143,1066,,,,,start_only,6,0,0,0,6,0,0,1.0,,,Geral,Geral,Geral -> Geral,12.0,0.0,-12.0,-100.0,concorreu,False,,,,,nao_concorreu_inicio,,255.0,0.0,-255.0,-100.0,concorreu,False,-12.0,12.0
2014-2018,2014,2018,143,1074,,,,,start_only,11,0,0,0,11,0,0,1.0,,,Geral,Geral,Geral -> Geral,13.0,0.0,-13.0,-100.0,concorreu,False,,,,,nao_concorreu_inicio,,395.0,0.0,-395.0,-100.0,concorreu,False,-13.0,13.0
2014-2018,2014,2018,143,1082,,,,,start_only,6,0,0,0,6,0,0,1.0,,,Geral,Geral,Geral -> Geral,23.0,0.0,-23.0,-100.0,concorreu,False,,,,,nao_concorreu_inicio,,283.0,0.0,-283.0,-100.0,concorreu,False,-23.0,23.0
2014-2018,2014,2018,143,1112,,,,,start_only,11,0,0,0,11,0,0,1.0,,,Geral,Geral,Geral -> Geral,18.0,0.0,-18.0,-100.0,concorreu,False,,,,,nao_concorreu_inicio,,393.0,0.0,-393.0,-100.0,concorreu,False,-18.0,18.0
2014-2018,2014,2018,143,1120,,,,,start_only,15,0,0,0,15,0,0,1.0,,,Geral,Geral,Geral -> Geral,22.0,0.0,-22.0,-100.0,concorreu,False,,,,,nao_concorreu_inicio,,872.0,0.0,-872.0,-100.0,concorreu,False,-22.0,22.0
2014-2018,2014,2018,143,1147,,,,,start_only,15,0,0,0,15,0,0,1.0,,,Geral,Geral,Geral -> Geral,41.0,0.0,-41.0,-100.0,concorreu,False,,,,,nao_concorreu_inicio,,535.0,0.0,-535.0,-100.0,concorreu,False,-41.0,41.0
2014-2018,2014,2018,143,1163,,,,,start_only,13,0,0,0,13,0,0,1.0,,,Geral,Geral,Geral -> Geral,22.0,0.0,-22.0,-100.0,concorreu,False,,,,,nao_concorreu_inicio,,446.0,0.0,-446.0,-100.0,concorreu,False,-22.0,22.0
2014-2018,2014,2018,143,1180,,,,,start_only,7,0,0,0,7,0,0,1.0,,,Geral,Geral,Geral -> Geral,9.0,0.0,-9.0,-100.0,concorreu,False,,,,,nao_concorreu_inicio,,248.0,0.0,-248.0,-100.0,concorreu,False,-9.0,9.0
2014-2018,2014,2018,143,1198,,,,,start_only,6,0,0,0,6,0,0,1.0,,,Geral,Geral,Geral -> Geral,9.0,0.0,-9.0,-100.0,concorreu,False,,,,,nao_concorreu_inicio,,215.0,0.0,-215.0,-100.0,concorreu,False,-9.0,9.0
2014-2018,2014,2018,144,1023,,,,,both,4,4,4,0,0,0,0,0.0,,,Geral,Geral,Geral -> Geral,6.0,1.0,-5.0,-83.33,concorreu,False,,,,,nao_concorreu_inicio,,122.0,327.0,205.0,168.03,concorreu,False,-5.0,5.0
2014-2018,2014,2018,144,1031,COLÉGIO PEDRO II CAMPUS NITERÓI,BARRETO,-22.8685685,-43.1037833,both,11,11,11,0,0,0,0,0.0,,,Geral,Geral,Geral -> Geral,10.0,18.0,8.0,80.0,concorreu,False,,,,,nao_concorreu_inicio,,460.0,970.0,510.0,110.87,concorreu,False,8.0,8.0
2014-2018,2014,2018,144,1082,,,,,start_only,3,0,0,0,3,0,3,1.0,,"[{""nr_zona"": ""144"", ""nr_local"": ""1090"", ""nm_local"": ""ESCOLA TÉCNICA ESTADUAL HENRIQUE LAGE"", ""count"": 3, ""secoes"": [""20"", ""22"", ""42""]}]",Geral,Geral,Geral -> Geral,7.0,0.0,-7.0,-100.0,concorreu,False,,,,,nao_concorreu_inicio,,112.0,0.0,-112.0,-100.0,concorreu,False,-7.0,7.0
2014-2018,2014,2018,144,1090,ESCOLA TÉCNICA ESTADUAL HENRIQUE LAGE,BARRETO,-22.8621355,-43.0979546,both,7,14,7,7,0,3,0,0.5,"[{""nr_zona"": ""144"", ""nr_local"": ""1082"", ""nm_local"": """", ""count"": 3, ""secoes"": [""20"", ""22"", ""42""]}]",,Geral,Geral,Geral -> Geral,12.0,11.0,-1.0,-8.33,concorreu,False,,,,,nao_concorreu_inicio,,226.0,992.0,766.0,338.94,concorreu,False,-1.0,1.0
2014-2018,2014,2018,144,1104,ESCOLA MUNICIPAL ALTIVO CESAR,BARRETO,-22.8645343,-43.0995714,both,11,11,11,0,0,0,0,0.0,,,Geral,Geral,Geral -> Geral,25.0,11.0,-14.0,-56.0,concorreu,False,,,,,nao_concorreu_inicio,,566.0,1005.0,439.0,77.56,concorreu,False,-14.0,14.0
2014-2018,2014,2018,144,1112,,,,,both,5,5,5,0,0,0,0,0.0,,,Geral,Geral,Geral -> Geral,6.0,1.0,-5.0,-83.33,concorreu,False,,,,,nao_concorreu_inicio,,194.0,469.0,275.0,141.75,concorreu,False,-5.0,5.0
2014-2018,2014,2018,144,1163,COLÉGIO ESTADUAL CONSELHEIRO MACEDO SOARES,BARRETO,-22.8622231,-43.0924035,both,9,9,9,0,0,0,0,0.0,,,Geral,Geral,Geral -> Geral,17.0,8.0,-9.0,-52.94,concorreu,False,,,,,nao_concorreu_inicio,,355.0,999.0,644.0,181.41,concorreu,False,-9.0,9.0
2014-2018,2014,2018,144,1171,ESCOLA ESTADUAL MENEZES VIEIRA,BARRETO,-22.8693286,-43.1032004,both,7,7,7,0,0,0,0,0.0,,,Geral,Geral,Geral -> Geral,2.0,3.0,1.0,50.0,concorreu,False,,,,,nao_concorreu_inicio,,302.0,697.0,395.0,130.79,concorreu,False,1.0,1.0
2014-2018,2014,2018,144,1201,,,,,both,3,3,3,0,0,0,0,0.0,,,Geral,Geral,Geral -> Geral,3.0,1.0,-2.0,-66.67,concorreu,False,,,,,nao_concorreu_inicio,,120.0,225.0,105.0,87.5,concorreu,False,-2.0,2.0
2014-2018,2014,2018,144,1210,UMEI THEREZINHA KALIL PETRUS (ANTIGO TIO SAM),BARRETO,-22.8719306,-43.104502,both,12,12,12,0,0,0,0,0.0,,,Geral,Geral,Geral -> Geral,8.0,11.0,3.0,37.5,concorreu,False,,,,,nao_concorreu_inicio,,654.0,1194.0,540.0,82.57,concorreu,False,3.0,3.0
2014-2018,2014,2018,144,1236,COLÉGIO ESTADUAL MULLULO DA VEIGA,ENGENHOCA,-22.8708282,-43.0988892,both,27,11,11,0,16,0,16,0.5926,,"[{""nr_zona"": ""144"", ""nr_local"": ""1430"", ""nm_local"": """", ""count"": 16, ""secoes"": [""81"", ""82"", ""94"", ""96"", ""97"", ""98"", ""99"", ""100"", ""101"", ""102"", ""103"", ""104"", ""108"", ""110"", ""125"", ""128""]}]",Geral,Geral,Geral -> Geral,26.0,16.0,-10.0,-38.46,concorreu,False,,,,,nao_concorreu_inicio,,1113.0,951.0,-162.0,-14.56,concorreu,False,-10.0,10.0
2014-2018,2014,2018,144,1252,,,,,both,13,13,13,0,0,0,0,0.0,,,Geral,Geral,Geral -> Geral,17.0,10.0,-7.0,-41.18,concorreu,False,,,,,nao_concorreu_inicio,,672.0,983.0,311.0,46.28,concorreu,False,-7.0,7.0
2014-2018,2014,2018,144,1317,IGREJA BATISTA BETEL DE NITERÓI,ENGENHOCA,-22.8716138,-43.096026,both,5,5,5,0,0,0,0,0.0,,,Geral,Geral,Geral -> Geral,4.0,4.0,0.0,0.0,concorreu,False,,,,,nao_concorreu_inicio,,249.0,500.0,251.0,100.8,concorreu,False,0.0,0.0
2014-2018,2014,2018,144,1350,,,,,both,3,3,3,0,0,0,0,0.0,,,Geral,Geral,Geral -> Geral,5.0,3.0,-2.0,-40.0,concorreu,False,,,,,nao_concorreu_inicio,,202.0,250.0,48.0,23.76,concorreu,False,-2.0,2.0
2014-2018,2014,2018,144,1406,COLÉGIO NITERÓI,ENGENHOCA,-22.8706133,-43.1018717,both,6,6,6,0,0,0,0,0.0,,,Geral,Geral,Geral -> Geral,4.0,2.0,-2.0,-50.0,concorreu,False,,,,,nao_concorreu_inicio,,234.0,605.0,371.0,158.55,concorreu,False,-2.0,2.0
2014-2018,2014,2018,144,1430,,,,,end_only,0,16,0,16,0,16,0,1.0,"[{""nr_zona"": ""144"", ""nr_local"": ""1236"", ""nm_local"": ""COLÉGIO ESTADUAL MULLULO DA VEIGA"", ""count"": 16, ""secoes"": [""81"", ""82"", ""94"", ""96"", ""97"", ""98"", ""99"", ""100"", ""101"", ""102"", ""103"", ""104"", ""108"", ""110"", ""125"", ""128""]}]",,Geral,Geral,Geral -> Geral,0.0,23.0,23.0,,concorreu,False,,,,,nao_concorreu_inicio,,0.0,1285.0,1285.0,,concorreu,False,23.0,23.0
2014-2018,2014,2018,144,1449,INSTITUTO SÃO BENTO DE NITEROI,SANTA ROSA,-22.8968349,-43.1000967,end_only,0,11,0,11,0,0,0,1.0,,,Geral,Geral,Geral -> Geral,0.0,14.0,14.0,,concorreu,False,,,,,nao_concorreu_inicio,,0.0,1016.0,1016.0,,concorreu,False,14.0,14.0
2014-2018,2014,2018,144,1457,ESCOLA ESTADUAL MACHADO DE ASSIS,FONSECA,-22.8836374,-43.0857092,end_only,0,13,0,13,0,0,0,1.0,,,Geral,Geral,Geral -> Geral,0.0,1.0,1.0,,concorreu,False,,,,,nao_concorreu_inicio,,0.0,1343.0,1343.0,,concorreu,False,1.0,1.0
2014-2018,2014,2018,144,1465,,,,,end_only,0,1,0,1,0,0,0,1.0,,,Geral,Geral,Geral -> Geral,0.0,0.0,0.0,,concorreu,False,,,,,nao_concorreu_inicio,,0.0,70.0,70.0,,concorreu,False,0.0,0.0
2014-2018,2014,2018,144,1473,ESCOLA ESTADUAL JOSE BONIFACIO,FONSECA,-22.8831949,-43.1060172,end_only,0,15,0,15,0,0,0,1.0,,,Geral,Geral,Geral -> Geral,0.0,17.0,17.0,,concorreu,False,,,,,nao_concorreu_inicio,,0.0,1411.0,1411.0,,concorreu,False,17.0,17.0
2014-2018,2014,2018,144,1481,,,,,end_only,0,11,0,11,0,0,0,1.0,,,Geral,Geral,Geral -> Geral,0.0,5.0,5.0,,concorreu,False,,,,,nao_concorreu_inicio,,0.0,869.0,869.0,,concorreu,False,5.0,5.0
2014-2018,2014,2018,144,1490,IGREJA BATISTA DO FONSECA,FONSECA,-22.8810878,-43.0865383,end_only,0,5,0,5,0,0,0,1.0,,,Geral,Geral,Geral -> Geral,0.0,3.0,3.0,,concorreu,False,,,,,nao_concorreu_inicio,,0.0,526.0,526.0,,concorreu,False,3.0,3.0
2014-2018,2014,2018,144,1503,ESCOLA ESTADUAL SÃO DOMINGOS SÁVIO,SANTA ROSA,-22.8988024,-43.0928214,end_only,0,7,0,7,0,0,0,1.0,,,Geral,Geral,Geral -> Geral,0.0,11.0,11.0,,concorreu,False,,,,,nao_concorreu_inicio,,0.0,616.0,616.0,,concorreu,False,11.0,11.0
2014-2018,2014,2018,144,1511,COP REDE DE ENSINO (ANTIGO COLÉGIO OPÇÃO),FONSECA,-22.8814198,-43.0895121,end_only,0,4,0,4,0,0,0,1.0,,,Geral,Geral,Geral -> Geral,0.0,4.0,4.0,,concorreu,False,,,,,nao_concorreu_inicio,,0.0,385.0,385.0,,concorreu,False,4.0,4.0
2014-2018,2014,2018,144,1520,,,,,end_only,0,3,0,3,0,0,0,1.0,,,Geral,Geral,Geral -> Geral,0.0,0.0,0.0,,concorreu,False,,,,,nao_concorreu_inicio,,0.0,206.0,206.0,,concorreu,False,0.0,0.0
2014-2018,2014,2018,144,1546,,,,,end_only,0,4,0,4,0,0,0,1.0,,,Geral,Geral,Geral -> Geral,0.0,5.0,5.0,,concorreu,False,,,,,nao_concorreu_inicio,,0.0,393.0,393.0,,concorreu,False,5.0,5.0
2014-2018,2014,2018,144,1554,ESCOLA MUNICIPAL PROFESSOR PAULO FREIRE,FONSECA,-22.8828529,-43.0824987,end_only,0,22,0,22,0,0,0,1.0,,,Geral,Geral,Geral -> Geral,0.0,13.0,13.0,,concorreu,False,,,,,nao_concorreu_inicio,,0.0,1847.0,1847.0,,concorreu,False,13.0,13.0
2014-2018,2014,2018,144,1562,LBV LEGIÃO DA BOA VONTADE,FONSECA,-22.8811009,-43.0979899,end_only,0,6,0,6,0,0,0,1.0,,,Geral,Geral,Geral -> Geral,0.0,6.0,6.0,,concorreu,False,,,,,nao_concorreu_inicio,,0.0,507.0,507.0,,concorreu,False,6.0,6.0
2014-2018,2014,2018,144,1570,HORTO DO FONSECA,FONSECA,-22.8823618,-43.0907682,end_only,0,13,0,13,0,0,0,1.0,,,Geral,Geral,Geral -> Geral,0.0,8.0,8.0,,concorreu,False,,,,,nao_concorreu_inicio,,0.0,806.0,806.0,,concorreu,False,8.0,8.0
2014-2018,2014,2018,144,1589,COLÉGIO NOSSA SENHORA DAS MERCÊS,FONSECA,-22.880345,-43.1023535,end_only,0,13,0,13,0,0,0,1.0,,,Geral,Geral,Geral -> Geral,0.0,19.0,19.0,,concorreu,False,,,,,nao_concorreu_inicio,,0.0,1289.0,1289.0,,concorreu,False,19.0,19.0
2014-2018,2014,2018,144,1597,ESCOLA ESTADUAL HILARIO RIBEIRO,FONSECA,-22.8813893,-43.0901745,end_only,0,9,0,9,0,0,0,1.0,,,Geral,Geral,Geral -> Geral,0.0,8.0,8.0,,concorreu,False,,,,,nao_concorreu_inicio,,0.0,866.0,866.0,,concorreu,False,8.0,8.0
2014-2018,2014,2018,144,1600,CIEP 251 - DONA MARIA PORTUGAL,BALDEADOR,-22.877013,-43.0557658,end_only,0,7,0,7,0,0,0,1.0,,,Geral,Geral,Geral -> Geral,0.0,3.0,3.0,,concorreu,False,,,,,nao_concorreu_inicio,,0.0,779.0,779.0,,concorreu,False,3.0,3.0
2014-2018,2014,2018,144,1627,ESCOLA ESTADUAL DOUTOR JAYME MEMORIA,CUBANGO,-22.88949,-43.0937712,end_only,0,11,0,11,0,0,0,1.0,,,Geral,Geral,Geral -> Geral,0.0,8.0,8.0,,concorreu,False,,,,,nao_concorreu_inicio,,0.0,1066.0,1066.0,,concorreu,False,8.0,8.0
2014-2018,2014,2018,144,1635,,,,,end_only,0,11,0,11,0,0,0,1.0,,,Geral,Geral,Geral -> Geral,0.0,3.0,3.0,,concorreu,False,,,,,nao_concorreu_inicio,,0.0,799.0,799.0,,concorreu,False,3.0,3.0
2014-2018,2014,2018,144,1643,,,,,end_only,0,3,0,3,0,0,0,1.0,,,Geral,Geral,Geral -> Geral,0.0,7.0,7.0,,concorreu,False,,,,,nao_concorreu_inicio,,0.0,329.0,329.0,,concorreu,False,7.0,7.0
2014-2018,2014,2018,144,1651,PARÓQUIA SÃO LOURENÇO,FONSECA,-22.881317,-43.1088379,end_only,0,10,0,10,0,0,0,1.0,,,Geral,Geral,Geral -> Geral,0.0,14.0,14.0,,concorreu,False,,,,,nao_concorreu_inicio,,0.0,822.0,822.0,,concorreu,False,14.0,14.0
2014-2018,2014,2018,144,1660,,,,,end_only,0,9,0,9,0,0,0,1.0,,,Geral,Geral,Geral -> Geral,0.0,2.0,2.0,,concorreu,False,,,,,nao_concorreu_inicio,,0.0,988.0,988.0,,concorreu,False,2.0,2.0
2014-2018,2014,2018,144,1678,,,,,end_only,0,5,0,5,0,0,0,1.0,,,Geral,Geral,Geral -> Geral,0.0,0.0,0.0,,concorreu,False,,,,,nao_concorreu_inicio,,0.0,617.0,617.0,,concorreu,False,0.0,0.0
2014-2018,2014,2018,144,1686,COLÉGIO DA POLÍCIA MILITAR,FONSECA,-22.8818063,-43.0820149,end_only,0,9,0,9,0,0,0,1.0,,,Geral,Geral,Geral -> Geral,0.0,2.0,2.0,,concorreu,False,,,,,nao_concorreu_inicio,,0.0,671.0,671.0,,concorreu,False,2.0,2.0
2014-2018,2014,2018,199,1015,COUNTRY CLUB DE NITEROI,VILA PROGRESSO,-22.8970192,-43.0347113,both,8,8,8,0,0,0,0,0.0,,,Geral,Geral,Geral -> Geral,12.0,9.0,-3.0,-25.0,concorreu,False,,,,,nao_concorreu_inicio,,292.0,660.0,368.0,126.03,concorreu,False,-3.0,3.0
2014-2018,2014,2018,199,1023,ESCOLA MUNICIPAL FELISBERTO DE CARVALHO,VILA PROGRESSO,-22.8970371,-43.0392212,both,6,6,6,0,0,0,0,0.0,,,Geral,Geral,Geral -> Geral,10.0,2.0,-8.0,-80.0,concorreu,False,,,,,nao_concorreu_inicio,,185.0,519.0,334.0,180.54,concorreu,False,-8.0,8.0
2014-2018,2014,2018,199,1031,ESCOLA MUNICIPAL HONORINA DE CARVALHO,MARIA PAULA,-22.882289,-43.0265693,both,12,12,12,0,0,0,0,0.0,,,Geral,Geral,Geral -> Geral,10.0,8.0,-2.0,-20.0,concorreu,False,,,,,nao_concorreu_inicio,,515.0,1437.0,922.0,179.03,concorreu,False,-2.0,2.0
2014-2018,2014,2018,199,1066,COLÉGIO CENECISTA JULIO CESAR SOUZA BALTHAREJO,ITAIPU,-22.9646939,-43.0332117,both,7,7,7,0,0,0,0,0.0,,,Geral,Geral,Geral -> Geral,5.0,7.0,2.0,40.0,concorreu,False,,,,,nao_concorreu_inicio,,316.0,660.0,344.0,108.86,concorreu,False,2.0,2.0
2014-2018,2014,2018,199,1074,COLÉGIO CURSO ZEROHUM ( ANT GAUSS),ITAIPU,-22.9427133,-43.0519956,both,9,9,9,0,0,0,0,0.0,,,Geral,Geral,Geral -> Geral,26.0,7.0,-19.0,-73.08,concorreu,False,,,,,nao_concorreu_inicio,,434.0,897.0,463.0,106.68,concorreu,False,-19.0,19.0
2014-2018,2014,2018,199,1082,UMEI DR PAULO CESAR DE ALMEIDA PIMENTEL,ITAIPU,-22.9614459,-43.0327165,both,7,13,7,6,0,0,0,0.4615,,,Geral,Geral,Geral -> Geral,12.0,8.0,-4.0,-33.33,concorreu,False,,,,,nao_concorreu_inicio,,361.0,1017.0,656.0,181.72,concorreu,False,-4.0,4.0
2014-2018,2014,2018,199,1090,COLÉGIO ESTADUAL PROFESSORA ALCINA RODRIGUES LIMA,ITAIPU,-22.9528491,-43.0285072,both,14,14,14,0,0,0,0,0.0,,,Geral,Geral,Geral -> Geral,13.0,17.0,4.0,30.77,concorreu,False,,,,,nao_concorreu_inicio,,509.0,1364.0,855.0,167.98,concorreu,False,4.0,4.0
2014-2018,2014,2018,199,1104,CURSO CNA- PIRATININGA,PIRATININGA,-22.9441523,-43.0589254,both,3,5,3,2,0,0,0,0.4,,,Geral,Geral,Geral -> Geral,5.0,4.0,-1.0,-20.0,concorreu,False,,,,,nao_concorreu_inicio,,162.0,496.0,334.0,206.17,concorreu,False,-1.0,1.0
2014-2018,2014,2018,199,1112,COLÉGIO SALESIANO REGIÃO OCEÂNICA,PIRATININGA,-22.9393022,-43.0618731,both,13,15,13,2,0,0,0,0.1333,,,Geral,Geral,Geral -> Geral,23.0,10.0,-13.0,-56.52,concorreu,False,,,,,nao_concorreu_inicio,,573.0,2076.0,1503.0,262.3,concorreu,False,-13.0,13.0
2014-2018,2014,2018,199,1120,COLÉGIO ESTADUAL ALMIRANTE TAMANDARÉ,PIRATININGA,-22.9512083,-43.0916732,both,11,11,11,0,0,0,0,0.0,,,Geral,Geral,Geral -> Geral,9.0,11.0,2.0,22.22,concorreu,False,,,,,nao_concorreu_inicio,,544.0,1226.0,682.0,125.37,concorreu,False,2.0,2.0
2014-2018,2014,2018,199,1139,ESCOLA MUNICIPAL FRANCISCO PORTUGAL NEVES,PIRATININGA,-22.942363,-43.056665,both,10,10,10,0,0,0,0,0.0,,,Geral,Geral,Geral -> Geral,11.0,13.0,2.0,18.18,concorreu,False,,,,,nao_concorreu_inicio,,504.0,1367.0,863.0,171.23,concorreu,False,2.0,2.0
2014-2018,2014,2018,199,1155,COLÉGIO ITAPUCA,PIRATININGA,-22.9437854,-43.0593249,both,15,15,15,0,0,0,0,0.0,,,Geral,Geral,Geral -> Geral,21.0,13.0,-8.0,-38.1,concorreu,False,,,,,nao_concorreu_inicio,,734.0,1607.0,873.0,118.94,concorreu,False,-8.0,8.0
2014-2018,2014,2018,199,1163,ANDEF (EX FAETEC),RIO DO OURO,-22.8896379,-42.9978497,both,7,8,7,1,0,0,0,0.125,,,Geral,Geral,Geral -> Geral,6.0,0.0,-6.0,-100.0,concorreu,False,,,,,nao_concorreu_inicio,,215.0,902.0,687.0,319.53,concorreu,False,-6.0,6.0
2014-2018,2014,2018,199,1171,,,,,both,1,1,1,0,0,0,0,0.0,,,Geral,Geral,Geral -> Geral,0.0,0.0,0.0,,concorreu,False,,,,,nao_concorreu_inicio,,17.0,142.0,125.0,735.29,concorreu,False,0.0,0.0
2014-2018,2014,2018,199,1198,CIEP 448 RUY FRAZÃO SOARES,ITAIPU,-22.9356576,-43.0092644,both,13,13,13,0,0,0,0,0.0,,,Geral,Geral,Geral -> Geral,14.0,11.0,-3.0,-21.43,concorreu,False,,,,,nao_concorreu_inicio,,582.0,1704.0,1122.0,192.78,concorreu,False,-3.0,3.0
2014-2018,2014,2018,199,1244,COLÉGIO LAPLACE,PIRATININGA,-22.9425434,-43.05605,both,9,10,9,1,0,0,0,0.1,,,Geral,Geral,Geral -> Geral,19.0,3.0,-16.0,-84.21,concorreu,False,,,,,nao_concorreu_inicio,,412.0,1317.0,905.0,219.66,concorreu,False,-16.0,16.0
2014-2018,2014,2018,199,1252,CIEP 307 DJANIRA,VÁRZEA DAS MOÇAS,-22.910323,-42.9852487,both,9,10,9,1,0,0,0,0.1,,,Geral,Geral,Geral -> Geral,6.0,16.0,10.0,166.67,concorreu,False,,,,,nao_concorreu_inicio,,260.0,1260.0,1000.0,384.62,concorreu,False,10.0,10.0
2014-2018,2014,2018,199,1260,COLÉGIO PLUZ,SERRA GRANDE,-22.9287514,-43.0124453,both,10,10,10,0,0,0,0,0.0,,,Geral,Geral,Geral -> Geral,11.0,9.0,-2.0,-18.18,concorreu,False,,,,,nao_concorreu_inicio,,504.0,1256.0,752.0,149.21,concorreu,False,-2.0,2.0
2014-2018,2014,2018,199,1279,,,,,both,5,4,4,0,1,0,1,0.2,,"[{""nr_zona"": ""199"", ""nr_local"": ""1341"", ""nm_local"": ""COLÉGIO OBJETIVO CAMBOINHAS"", ""count"": 1, ""secoes"": [""179""]}]",Geral,Geral,Geral -> Geral,22.0,5.0,-17.0,-77.27,concorreu,False,,,,,nao_concorreu_inicio,,264.0,363.0,99.0,37.5,concorreu,False,-17.0,17.0
2014-2018,2014,2018,199,1287,ESCOLA MUNICIPAL PROF MARCOS WALDEMAR DE FREITAS REIS,ITAIPU,-22.9615628,-43.0330724,both,3,4,3,1,0,0,0,0.25,,,Geral,Geral,Geral -> Geral,5.0,3.0,-2.0,-40.0,concorreu,False,,,,,nao_concorreu_inicio,,122.0,305.0,183.0,150.0,concorreu,False,-2.0,2.0
2014-2018,2014,2018,199,1295,UMEI PROFA ODETE ROSA DA MOTA,ITAIPU,-22.9532368,-43.02859,both,5,7,5,2,0,0,0,0.2857,,,Geral,Geral,Geral -> Geral,6.0,8.0,2.0,33.33,concorreu,False,,,,,nao_concorreu_inicio,,254.0,676.0,422.0,166.14,concorreu,False,2.0,2.0
2014-2018,2014,2018,199,1317,COLÉGIO PAULO FREIRE,ENGENHO DO MATO,-22.9500178,-43.0246246,both,6,10,6,4,0,0,0,0.4,,,Geral,Geral,Geral -> Geral,10.0,9.0,-1.0,-10.0,concorreu,False,,,,,nao_concorreu_inicio,,249.0,994.0,745.0,299.2,concorreu,False,-1.0,1.0
2014-2018,2014,2018,199,1325,ESCOLA MUNICIPAL SÍTIO DO IPÊ,MARIA PAULA,-22.8821134,-43.0267087,both,1,3,1,2,0,0,0,0.6667,,,Geral,Geral,Geral -> Geral,0.0,0.0,0.0,,concorreu,False,,,,,nao_concorreu_inicio,,14.0,315.0,301.0,2150.0,concorreu,False,0.0,0.0
2014-2018,2014,2018,199,1333,,,,,end_only,0,2,0,2,0,0,0,1.0,,,Geral,Geral,Geral -> Geral,0.0,0.0,0.0,,concorreu,False,,,,,nao_concorreu_inicio,,0.0,142.0,142.0,,concorreu,False,0.0,0.0
2014-2018,2014,2018,199,1341,COLÉGIO OBJETIVO CAMBOINHAS,CAMBOINHAS,-22.9537053,-43.0584356,end_only,0,2,0,2,0,1,0,1.0,"[{""nr_zona"": ""199"", ""nr_local"": ""1279"", ""nm_local"": """", ""count"": 1, ""secoes"": [""179""]}]",,Geral,Geral,Geral -> Geral,0.0,2.0,2.0,,concorreu,False,,,,,nao_concorreu_inicio,,0.0,128.0,128.0,,concorreu,False,2.0,2.0
2014-2018,2014,2018,199,1350,ESCOLA MUNICIPAL MARALEGRE,CAFUBÁ,-22.9362723,-43.0724233,end_only,0,2,0,2,0,0,0,1.0,,,Geral,Geral,Geral -> Geral,0.0,0.0,0.0,,concorreu,False,,,,,nao_concorreu_inicio,,0.0,126.0,126.0,,concorreu,False,0.0,0.0
2014-2018,2014,2018,199,1368,UMEI PROFESSORA NINA RITA TORRES,PIRATININGA,-22.9519115,-43.0861872,end_only,0,2,0,2,0,0,0,1.0,,,Geral,Geral,Geral -> Geral,0.0,0.0,0.0,,concorreu,False,,,,,nao_concorreu_inicio,,0.0,163.0,163.0,,concorreu,False,0.0,0.0
2014-2018,2014,2018,71,1015,CENTRO EDUCACIONAL DE NITEROI - CENTRINHO,SANTA ROSA,-22.8965191,-43.1018339,both,11,11,11,0,0,0,0,0.0,,,Geral,Geral,Geral -> Geral,11.0,39.0,28.0,254.55,concorreu,False,,,,,nao_concorreu_inicio,,325.0,1007.0,682.0,209.85,concorreu,False,28.0,28.0
2014-2018,2014,2018,71,1104,INSTITUTO MAIA VINAGRE,SANTA ROSA,-22.8976844,-43.1021103,both,9,9,9,0,0,0,0,0.0,,,Geral,Geral,Geral -> Geral,21.0,11.0,-10.0,-47.62,concorreu,False,,,,,nao_concorreu_inicio,,330.0,704.0,374.0,113.33,concorreu,False,-10.0,10.0
2014-2018,2014,2018,71,1244,ESCOLA ESTADUAL MANUEL DE ABREU,ICARAÍ,-22.9023086,-43.1071569,both,9,9,9,0,0,0,0,0.0,,,Geral,Geral,Geral -> Geral,27.0,7.0,-20.0,-74.07,concorreu,False,,,,,nao_concorreu_inicio,,332.0,640.0,308.0,92.77,concorreu,False,-20.0,20.0
2014-2018,2014,2018,71,1260,INSTITUTO ABEL,ICARAÍ,-22.9004168,-43.1094942,both,16,16,16,0,0,0,0,0.0,,,Geral,Geral,Geral -> Geral,33.0,20.0,-13.0,-39.39,concorreu,False,,,,,nao_concorreu_inicio,,543.0,1142.0,599.0,110.31,concorreu,False,-13.0,13.0
2014-2018,2014,2018,71,1295,COLEGIO SALESIANO SANTA ROSA,SANTA ROSA,-22.9016745,-43.0996973,both,17,17,17,0,0,0,0,0.0,,,Geral,Geral,Geral -> Geral,32.0,22.0,-10.0,-31.25,concorreu,False,,,,,nao_concorreu_inicio,,634.0,1483.0,849.0,133.91,concorreu,False,-10.0,10.0
2014-2018,2014,2018,71,1309,CURSO MARLY CURY,SANTA ROSA,-22.9054777,-43.1019227,both,11,11,11,0,0,0,0,0.0,,,Geral,Geral,Geral -> Geral,27.0,10.0,-17.0,-62.96,concorreu,False,,,,,nao_concorreu_inicio,,377.0,649.0,272.0,72.15,concorreu,False,-17.0,17.0
2014-2018,2014,2018,71,1317,ESCOLA ESTADUAL BALTAZAR BERNARDINO,SANTA ROSA,-22.9032359,-43.1012931,both,9,9,9,0,0,0,0,0.0,,,Geral,Geral,Geral -> Geral,16.0,9.0,-7.0,-43.75,concorreu,False,,,,,nao_concorreu_inicio,,322.0,568.0,246.0,76.4,concorreu,False,-7.0,7.0
2014-2018,2014,2018,71,1325,ESCOLA ESTADUAL GUILHERME BRIGGS,SANTA ROSA,-22.9053667,-43.0895767,both,15,15,15,0,0,0,0,0.0,,,Geral,Geral,Geral -> Geral,26.0,13.0,-13.0,-50.0,concorreu,False,,,,,nao_concorreu_inicio,,543.0,1497.0,954.0,175.69,concorreu,False,-13.0,13.0
2014-2018,2014,2018,71,1333,PARÓQUIA NOSSA SENHORA AUXILIADORA - CENTRO COMUNITÁRIO,SANTA ROSA,-22.9020239,-43.0994239,both,10,10,10,0,0,0,0,0.0,,,Geral,Geral,Geral -> Geral,23.0,8.0,-15.0,-65.22,concorreu,False,,,,,nao_concorreu_inicio,,344.0,694.0,350.0,101.74,concorreu,False,-15.0,15.0
2014-2018,2014,2018,71,1368,,,,,both,10,10,10,0,0,0,0,0.0,,,Geral,Geral,Geral -> Geral,33.0,16.0,-17.0,-51.52,concorreu,False,,,,,nao_concorreu_inicio,,355.0,632.0,277.0,78.03,concorreu,False,-17.0,17.0
2014-2018,2014,2018,71,1392,FACULDADE DE VETERINARIA DA UFF,VITAL BRASIL,-22.904908,-43.098407,both,14,14,14,0,0,0,0,0.0,,,Geral,Geral,Geral -> Geral,20.0,4.0,-16.0,-80.0,concorreu,False,,,,,nao_concorreu_inicio,,539.0,1078.0,539.0,100.0,concorreu,False,-16.0,16.0
2014-2018,2014,2018,71,1414,UNIVERSIDADE SALGADO DE OLIVEIRA - BL B (PRÓXIMO AO GUANABARA),CENTRO,-22.8893447,-43.1172001,end_only,0,8,0,8,0,0,0,1.0,,,Geral,Geral,Geral -> Geral,0.0,5.0,5.0,,concorreu,False,,,,,nao_concorreu_inicio,,0.0,572.0,572.0,,concorreu,False,5.0,5.0
2014-2018,2014,2018,71,1422,CLUBE PORTUGUES DE NITEROI,SÃO DOMINGOS,-22.9021482,-43.1274594,end_only,0,6,0,6,0,0,0,1.0,,,Geral,Geral,Geral -> Geral,0.0,7.0,7.0,,concorreu,False,,,,,nao_concorreu_inicio,,0.0,396.0,396.0,,concorreu,False,7.0,7.0
2014-2018,2014,2018,71,1430,COLEGIO ESTADUAL AURELINO LEAL,INGÁ,-22.9033321,-43.1254512,end_only,0,8,0,8,0,0,0,1.0,,,Geral,Geral,Geral -> Geral,0.0,5.0,5.0,,concorreu,False,,,,,nao_concorreu_inicio,,0.0,496.0,496.0,,concorreu,False,5.0,5.0
2014-2018,2014,2018,71,1449,COLÉGIO ESTADUAL ZULEIKA RAPÔSO VALLADARES (''COLÉGIO VELHO''),ILHA DA CONCEIÇÃO,-22.8729269,-43.1147506,end_only,0,7,0,7,0,0,0,1.0,,,Geral,Geral,Geral -> Geral,0.0,9.0,9.0,,concorreu,False,,,,,nao_concorreu_inicio,,0.0,796.0,796.0,,concorreu,False,9.0,9.0
2014-2018,2014,2018,71,1457,,,,,end_only,0,4,0,4,0,0,0,1.0,,,Geral,Geral,Geral -> Geral,0.0,1.0,1.0,,concorreu,False,,,,,nao_concorreu_inicio,,0.0,385.0,385.0,,concorreu,False,1.0,1.0
2014-2018,2014,2018,71,1465,CENTRO UNIVERSITÁRIO ANHANGUERA (ANTIGO PLÍNIO LEITE),CENTRO,-22.8869267,-43.1245632,end_only,0,13,0,13,0,0,0,1.0,,,Geral,Geral,Geral -> Geral,0.0,11.0,11.0,,concorreu,False,,,,,nao_concorreu_inicio,,0.0,1014.0,1014.0,,concorreu,False,11.0,11.0
2014-2018,2014,2018,71,1473,,,,,end_only,0,6,0,6,0,0,0,1.0,,,Geral,Geral,Geral -> Geral,0.0,10.0,10.0,,concorreu,False,,,,,nao_concorreu_inicio,,0.0,350.0,350.0,,concorreu,False,10.0,10.0
2014-2018,2014,2018,71,1481,ESCOLA MUNICIPAL MAESTRO HEITOR VILLA-LOBOS (''COLÉGIO NOVO''),ILHA DA CONCEIÇÃO,-22.8731482,-43.1156463,end_only,0,9,0,9,0,0,0,1.0,,,Geral,Geral,Geral -> Geral,0.0,10.0,10.0,,concorreu,False,,,,,nao_concorreu_inicio,,0.0,832.0,832.0,,concorreu,False,10.0,10.0
2014-2018,2014,2018,71,1503,,,,,end_only,0,2,0,2,0,0,0,1.0,,,Geral,Geral,Geral -> Geral,0.0,7.0,7.0,,concorreu,False,,,,,nao_concorreu_inicio,,0.0,122.0,122.0,,concorreu,False,7.0,7.0
2014-2018,2014,2018,71,1511,FACULDADE DE ADMINISTRAÇÃO E CIÊNCIAS CONTÁBEIS (VALONGUINHO),CENTRO,-22.8967413,-43.1252439,end_only,0,14,0,14,0,0,0,1.0,,,Geral,Geral,Geral -> Geral,0.0,6.0,6.0,,concorreu,False,,,,,nao_concorreu_inicio,,0.0,855.0,855.0,,concorreu,False,6.0,6.0
2014-2018,2014,2018,71,1520,LOJA MAÇÔNICA EVOLUÇÃO 2,PONTA D'AREIA,-22.8825872,-43.122934,end_only,0,4,0,4,0,0,0,1.0,,,Geral,Geral,Geral -> Geral,0.0,1.0,1.0,,concorreu,False,,,,,nao_concorreu_inicio,,0.0,394.0,394.0,,concorreu,False,1.0,1.0
2014-2018,2014,2018,71,1538,,,,,end_only,0,11,0,11,0,0,0,1.0,,,Geral,Geral,Geral -> Geral,0.0,6.0,6.0,,concorreu,False,,,,,nao_concorreu_inicio,,0.0,429.0,429.0,,concorreu,False,6.0,6.0
2014-2018,2014,2018,71,1546,UNIVERSIDADE SALGADO DE OLIVEIRA - BL A,CENTRO,-22.8894749,-43.1186087,end_only,0,17,0,17,0,0,0,1.0,,,Geral,Geral,Geral -> Geral,0.0,9.0,9.0,,concorreu,False,,,,,nao_concorreu_inicio,,0.0,1000.0,1000.0,,concorreu,False,9.0,9.0
2014-2018,2014,2018,71,1554,FACULDADE DE ENGENHARIA DA UFF,SÃO DOMINGOS,-22.903848,-43.1302712,end_only,0,6,0,6,0,0,0,1.0,,,Geral,Geral,Geral -> Geral,0.0,14.0,14.0,,concorreu,False,,,,,nao_concorreu_inicio,,0.0,385.0,385.0,,concorreu,False,14.0,14.0
2014-2018,2014,2018,71,1562,COLEGIO ESTADUAL RAUL VIDAL,CENTRO,-22.8862372,-43.1242688,end_only,0,12,0,12,0,0,0,1.0,,,Geral,Geral,Geral -> Geral,0.0,20.0,20.0,,concorreu,False,,,,,nao_concorreu_inicio,,0.0,835.0,835.0,,concorreu,False,20.0,20.0
2014-2018,2014,2018,71,1570,COLÉGIO UNIVERSÍTÁRIO DA UFF (CIEP GRAGOATÁ),SÃO DOMINGOS,-22.900281,-43.1316649,end_only,0,4,0,4,0,0,0,1.0,,,Geral,Geral,Geral -> Geral,0.0,1.0,1.0,,concorreu,False,,,,,nao_concorreu_inicio,,0.0,221.0,221.0,,concorreu,False,1.0,1.0
2014-2018,2014,2018,71,1589,,,,,end_only,0,5,0,5,0,0,0,1.0,,,Geral,Geral,Geral -> Geral,0.0,12.0,12.0,,concorreu,False,,,,,nao_concorreu_inicio,,0.0,304.0,304.0,,concorreu,False,12.0,12.0
2014-2018,2014,2018,71,1597,ESCOLA MUNICIPAL SANTOS DUMONT,FÁTIMA,-22.8954125,-43.1094692,end_only,0,6,0,6,0,0,0,1.0,,,Geral,Geral,Geral -> Geral,0.0,4.0,4.0,,concorreu,False,,,,,nao_concorreu_inicio,,0.0,448.0,448.0,,concorreu,False,4.0,4.0
2014-2018,2014,2018,71,1600,INSTITUTO DE EDUCAÇÃO PROFESSOR ISMAEL COUTINHO - IEPIC,SÃO DOMINGOS,-22.8989767,-43.1271052,end_only,0,11,0,11,0,0,0,1.0,,,Geral,Geral,Geral -> Geral,0.0,2.0,2.0,,concorreu,False,,,,,nao_concorreu_inicio,,0.0,361.0,361.0,,concorreu,False,2.0,2.0
2014-2018,2014,2018,71,1619,COLEGIO SAO VICENTE DE PAULO,ICARAÍ,-22.902041,-43.1146235,end_only,0,15,0,15,0,0,0,1.0,,,Geral,Geral,Geral -> Geral,0.0,12.0,12.0,,concorreu,False,,,,,nao_concorreu_inicio,,0.0,446.0,446.0,,concorreu,False,12.0,12.0
2014-2018,2014,2018,71,1627,REITORIA DA UFF,ICARAÍ,-22.9031771,-43.1164314,end_only,0,3,0,3,0,0,0,1.0,,,Geral,Geral,Geral -> Geral,0.0,5.0,5.0,,concorreu,False,,,,,nao_concorreu_inicio,,0.0,158.0,158.0,,concorreu,False,5.0,5.0
2014-2018,2014,2018,71,1643,JARDIM DE INFÂNCIA ALBERTO DE OLIVEIRA,CENTRO,-22.8927568,-43.11592,end_only,0,4,0,4,0,0,0,1.0,,,Geral,Geral,Geral -> Geral,0.0,0.0,0.0,,concorreu,False,,,,,nao_concorreu_inicio,,0.0,155.0,155.0,,concorreu,False,0.0,0.0
2014-2018,2014,2018,71,1651,FACULDADE DE ENFERMAGEM DA UFF,CENTRO,-22.895302,-43.1167706,end_only,0,6,0,6,0,0,0,1.0,,,Geral,Geral,Geral -> Geral,0.0,4.0,4.0,,concorreu,False,,,,,nao_concorreu_inicio,,0.0,263.0,263.0,,concorreu,False,4.0,4.0
2014-2018,2014,2018,71,1660,FACULDADE DE DIREITO DA UFF - UFF - DIREITO 1,INGÁ,-22.9035832,-43.1258853,end_only,0,12,0,12,0,0,0,1.0,,,Geral,Geral,Geral -> Geral,0.0,21.0,21.0,,concorreu,False,,,,,nao_concorreu_inicio,,0.0,746.0,746.0,,concorreu,False,21.0,21.0
2014-2018,2014,2018,71,1678,LICEU NILO PEÇANHA,CENTRO,-22.8935707,-43.1165611,end_only,0,15,0,15,0,0,0,1.0,,,Geral,Geral,Geral -> Geral,0.0,13.0,13.0,,concorreu,False,,,,,nao_concorreu_inicio,,0.0,866.0,866.0,,concorreu,False,13.0,13.0
2014-2018,2014,2018,71,1686,,,,,end_only,0,4,0,4,0,0,0,1.0,,,Geral,Geral,Geral -> Geral,0.0,2.0,2.0,,concorreu,False,,,,,nao_concorreu_inicio,,0.0,80.0,80.0,,concorreu,False,2.0,2.0
2014-2018,2014,2018,71,1694,RIO CRICKET,INGÁ,-22.8997052,-43.1133665,end_only,0,5,0,5,0,0,0,1.0,,,Geral,Geral,Geral -> Geral,0.0,8.0,8.0,,concorreu,False,,,,,nao_concorreu_inicio,,0.0,454.0,454.0,,concorreu,False,8.0,8.0
2014-2018,2014,2018,72,1015,INSTITUTO JCA,SANTA BARBARA,-22.882301,-43.0585179,both,15,15,15,0,0,0,0,0.0,,,Geral,Geral,Geral -> Geral,57.0,3.0,-54.0,-94.74,concorreu,False,,,,,nao_concorreu_inicio,,504.0,1623.0,1119.0,222.02,concorreu,False,-54.0,54.0
2014-2018,2014,2018,72,1040,COLÉGIO ESTADUAL DAVID CAPISTRANO,SANTA BARBARA,-22.8768468,-43.0480155,both,17,17,17,0,0,0,0,0.0,,,Geral,Geral,Geral -> Geral,68.0,3.0,-65.0,-95.59,concorreu,False,,,,,nao_concorreu_inicio,,750.0,2222.0,1472.0,196.27,concorreu,False,-65.0,65.0
2014-2018,2014,2018,72,1074,COLEGIO ESTADUAL PAULO ASSIS RIBEIRO,BADU,-22.9068537,-43.0573891,both,18,18,18,0,0,0,0,0.0,,,Geral,Geral,Geral -> Geral,14.0,9.0,-5.0,-35.71,concorreu,False,,,,,nao_concorreu_inicio,,886.0,2593.0,1707.0,192.66,concorreu,False,-5.0,5.0
2014-2018,2014,2018,72,1112,ESCOLA ESTADUAL LEOPOLDO FROES,LARGO DA BATALHA,-22.9100474,-43.0677553,both,18,18,18,0,0,0,0,0.0,,,Geral,Geral,Geral -> Geral,23.0,12.0,-11.0,-47.83,concorreu,False,,,,,nao_concorreu_inicio,,963.0,2337.0,1374.0,142.68,concorreu,False,-11.0,11.0
2014-2018,2014,2018,72,1147,ESCOLA MUNICIPAL VERA LUCIA MACHADO,BADU,-22.9045,-43.0500355,both,8,8,8,0,0,0,0,0.0,,,Geral,Geral,Geral -> Geral,5.0,1.0,-4.0,-80.0,concorreu,False,,,,,nao_concorreu_inicio,,439.0,1117.0,678.0,154.44,concorreu,False,-4.0,4.0
2014-2018,2014,2018,72,1171,ESCOLA MUNICIPAL ANTONIO COUTINHO DE AZEVEDO,SANTA BARBARA,-22.8756043,-43.04869,both,9,9,9,0,0,0,0,0.0,,,Geral,Geral,Geral -> Geral,9.0,10.0,1.0,11.11,concorreu,False,,,,,nao_concorreu_inicio,,419.0,1094.0,675.0,161.1,concorreu,False,1.0,1.0
2014-2018,2014,2018,72,1180,ESCOLA MUNICIPAL RACHIDE DA GLORIA SALIM SAKER,SANTA BARBARA,-22.8766134,-43.0488967,both,8,8,8,0,0,0,0,0.0,,,Geral,Geral,Geral -> Geral,12.0,9.0,-3.0,-25.0,concorreu,False,,,,,nao_concorreu_inicio,,360.0,1098.0,738.0,205.0,concorreu,False,-3.0,3.0
2014-2018,2014,2018,72,1368,ESCOLA MUNICIPAL VILA COSTA MONTEIRO,ITITIOCA,-22.8963335,-43.077802,both,11,11,11,0,0,0,0,0.0,,,Geral,Geral,Geral -> Geral,20.0,14.0,-6.0,-30.0,concorreu,False,,,,,nao_concorreu_inicio,,587.0,1383.0,796.0,135.6,concorreu,False,-6.0,6.0
2014-2018,2014,2018,72,1449,CIEP 450 - BADU,BADU,-22.9071974,-43.0566124,both,19,19,19,0,0,0,0,0.0,,,Geral,Geral,Geral -> Geral,12.0,2.0,-10.0,-83.33,concorreu,False,,,,,nao_concorreu_inicio,,914.0,2380.0,1466.0,160.39,concorreu,False,-10.0,10.0
2014-2018,2014,2018,72,1473,COLÉGIO FORUM CULTURAL,CANTAGALO,-22.9163184,-43.0490094,both,10,10,10,0,0,0,0,0.0,,,Geral,Geral,Geral -> Geral,6.0,5.0,-1.0,-16.67,concorreu,False,,,,,nao_concorreu_inicio,,458.0,1411.0,953.0,208.08,concorreu,False,-1.0,1.0
2014-2018,2014,2018,72,1520,ESCOLA MUNICIPAL LEVI CARNEIRO,SAPÊ,-22.8961721,-43.0583864,both,15,15,15,0,0,0,0,0.0,,,Geral,Geral,Geral -> Geral,13.0,11.0,-2.0,-15.38,concorreu,False,,,,,nao_concorreu_inicio,,870.0,2471.0,1601.0,184.02,concorreu,False,-2.0,2.0
2014-2018,2014,2018,72,1538,ESCOLA CATAVENTO ESPAÇO DE EDUCAÇÃO,SAPÊ,-22.9024713,-43.0635188,both,3,4,3,1,0,0,0,0.25,,,Geral,Geral,Geral -> Geral,0.0,1.0,1.0,,concorreu,False,,,,,nao_concorreu_inicio,,177.0,525.0,348.0,196.61,concorreu,False,1.0,1.0
2014-2018,2014,2018,72,1546,COLÉGIO GOMES PEREIRA,LARGO DA BATALHA,-22.9081863,-43.0665152,both,6,4,4,0,2,0,2,0.3333,,"[{""nr_zona"": ""72"", ""nr_local"": ""1554"", ""nm_local"": ""CENTRO EDUCACIONAL GIRASSÓIS"", ""count"": 2, ""secoes"": [""244"", ""247""]}]",Geral,Geral,Geral -> Geral,11.0,0.0,-11.0,-100.0,concorreu,False,,,,,nao_concorreu_inicio,,303.0,487.0,184.0,60.73,concorreu,False,-11.0,11.0
2014-2018,2014,2018,72,1554,CENTRO EDUCACIONAL GIRASSÓIS,LARGO DA BATALHA,-22.9077414,-43.0652722,end_only,0,6,0,6,0,2,0,1.0,"[{""nr_zona"": ""72"", ""nr_local"": ""1546"", ""nm_local"": ""COLÉGIO GOMES PEREIRA"", ""count"": 2, ""secoes"": [""244"", ""247""]}]",,Geral,Geral,Geral -> Geral,0.0,1.0,1.0,,concorreu,False,,,,,nao_concorreu_inicio,,0.0,766.0,766.0,,concorreu,False,1.0,1.0
2014-2018,2014,2018,72,1562,ESCOLA MUNICIPAL HELENA ANTIPOFF,SÃO FRANCISCO,-22.9129237,-43.0786396,end_only,0,5,0,5,0,0,0,1.0,,,Geral,Geral,Geral -> Geral,0.0,1.0,1.0,,concorreu,False,,,,,nao_concorreu_inicio,,0.0,607.0,607.0,,concorreu,False,1.0,1.0
2014-2018,2014,2018,72,1570,IGREJA DO SANTUARIO NACIONAL DAS ALMAS,ICARAÍ,-22.9004522,-43.1107182,end_only,0,8,0,8,0,0,0,1.0,,,Geral,Geral,Geral -> Geral,0.0,7.0,7.0,,concorreu,False,,,,,nao_concorreu_inicio,,0.0,485.0,485.0,,concorreu,False,7.0,7.0
2014-2018,2014,2018,72,1589,INSTITUTO GAY-LUSSAC,SÃO FRANCISCO,-22.9168331,-43.0892838,end_only,0,8,0,8,0,0,0,1.0,,,Geral,Geral,Geral -> Geral,0.0,16.0,16.0,,concorreu,False,,,,,nao_concorreu_inicio,,0.0,489.0,489.0,,concorreu,False,16.0,16.0
2014-2018,2014,2018,72,1597,COLÉGIO PONTO DE ENSINO,ICARAÍ,-22.9092421,-43.1095209,end_only,0,10,0,10,0,0,0,1.0,,,Geral,Geral,Geral -> Geral,0.0,19.0,19.0,,concorreu,False,,,,,nao_concorreu_inicio,,0.0,673.0,673.0,,concorreu,False,19.0,19.0
2014-2018,2014,2018,72,1600,,,,,end_only,0,3,0,3,0,0,0,1.0,,,Geral,Geral,Geral -> Geral,0.0,4.0,4.0,,concorreu,False,,,,,nao_concorreu_inicio,,0.0,153.0,153.0,,concorreu,False,4.0,4.0
2014-2018,2014,2018,72,1619,COLEGIO ESTADUAL JOAQUIM TAVORA,ICARAÍ,-22.9048788,-43.1081976,end_only,0,15,0,15,0,0,0,1.0,,,Geral,Geral,Geral -> Geral,0.0,12.0,12.0,,concorreu,False,,,,,nao_concorreu_inicio,,0.0,608.0,608.0,,concorreu,False,12.0,12.0
2014-2018,2014,2018,72,1627,ESCOLA MUNICIPAL PROFESSORA LUCIA MARIA SILVEIRA ROCHA,JURUJUBA,-22.9317575,-43.1166302,end_only,0,8,0,8,0,0,0,1.0,,,Geral,Geral,Geral -> Geral,0.0,2.0,2.0,,concorreu,False,,,,,nao_concorreu_inicio,,0.0,1024.0,1024.0,,concorreu,False,2.0,2.0
2014-2018,2014,2018,72,1635,BANCO BRADESCO,ICARAÍ,-22.9031207,-43.1110165,end_only,0,3,0,3,0,0,0,1.0,,,Geral,Geral,Geral -> Geral,0.0,2.0,2.0,,concorreu,False,,,,,nao_concorreu_inicio,,0.0,135.0,135.0,,concorreu,False,2.0,2.0
2014-2018,2014,2018,72,1643,CENTRO MODERNO ALZIRA BITTENCOURT,ICARAÍ,-22.9012326,-43.110746,end_only,0,4,0,4,0,0,0,1.0,,,Geral,Geral,Geral -> Geral,0.0,3.0,3.0,,concorreu,False,,,,,nao_concorreu_inicio,,0.0,181.0,181.0,,concorreu,False,3.0,3.0
2014-2018,2014,2018,72,1651,PH COLÉGIO,ICARAÍ,-22.9006508,-43.1110377,end_only,0,7,0,7,0,0,0,1.0,,,Geral,Geral,Geral -> Geral,0.0,5.0,5.0,,concorreu,False,,,,,nao_concorreu_inicio,,0.0,342.0,342.0,,concorreu,False,5.0,5.0
2014-2018,2014,2018,72,1660,CLUBE CENTRAL,ICARAÍ,-22.9075784,-43.111789,end_only,0,17,0,17,0,0,0,1.0,,,Geral,Geral,Geral -> Geral,0.0,30.0,30.0,,concorreu,False,,,,,nao_concorreu_inicio,,0.0,1030.0,1030.0,,concorreu,False,30.0,30.0
2014-2018,2014,2018,72,1678,ÁGUAS DE NITERÓI,ICARAÍ,-22.908792,-43.1031066,end_only,0,4,0,4,0,0,0,1.0,,,Geral,Geral,Geral -> Geral,0.0,2.0,2.0,,concorreu,False,,,,,nao_concorreu_inicio,,0.0,303.0,303.0,,concorreu,False,2.0,2.0
2014-2018,2014,2018,72,1686,,,,,end_only,0,8,0,8,0,0,0,1.0,,,Geral,Geral,Geral -> Geral,0.0,11.0,11.0,,concorreu,False,,,,,nao_concorreu_inicio,,0.0,480.0,480.0,,concorreu,False,11.0,11.0
2014-2018,2014,2018,72,1694,ESCOLA MUNICIPAL PROFESSOR PAULO DE ALMEIDA CAMPOS,ICARAÍ,-22.9047439,-43.1131555,end_only,0,4,0,4,0,0,0,1.0,,,Geral,Geral,Geral -> Geral,0.0,3.0,3.0,,concorreu,False,,,,,nao_concorreu_inicio,,0.0,218.0,218.0,,concorreu,False,3.0,3.0
2014-2018,2014,2018,72,1708,ESCOLA MUNICIPAL JÚLIA CORTINES,ICARAÍ,-22.9043592,-43.1086717,end_only,0,21,0,21,0,0,0,1.0,,,Geral,Geral,Geral -> Geral,0.0,14.0,14.0,,concorreu,False,,,,,nao_concorreu_inicio,,0.0,600.0,600.0,,concorreu,False,14.0,14.0
2014-2018,2014,2018,72,1716,QUINTAL TRAVESSIAS (ANTIGA ESCOLA VIVINFÂNCIA),ICARAÍ,-22.9079727,-43.1056898,end_only,0,4,0,4,0,0,0,1.0,,,Geral,Geral,Geral -> Geral,0.0,3.0,3.0,,concorreu,False,,,,,nao_concorreu_inicio,,0.0,237.0,237.0,,concorreu,False,3.0,3.0
2014-2018,2014,2018,72,1724,AABB,SÃO FRANCISCO,-22.9172823,-43.0826083,end_only,0,8,0,8,0,0,0,1.0,,,Geral,Geral,Geral -> Geral,0.0,1.0,1.0,,concorreu,False,,,,,nao_concorreu_inicio,,0.0,696.0,696.0,,concorreu,False,1.0,1.0
2014-2018,2014,2018,72,1732,CLUBE NAVAL,JURUJUBA,-22.935737,-43.1068139,end_only,0,20,0,20,0,0,0,1.0,,,Geral,Geral,Geral -> Geral,0.0,7.0,7.0,,concorreu,False,,,,,nao_concorreu_inicio,,0.0,2573.0,2573.0,,concorreu,False,7.0,7.0
2014-2018,2014,2018,72,1740,COLÉGIO ZEROHUM,ICARAÍ,-22.9111671,-43.1073245,end_only,0,9,0,9,0,0,0,1.0,,,Geral,Geral,Geral -> Geral,0.0,7.0,7.0,,concorreu,False,,,,,nao_concorreu_inicio,,0.0,622.0,622.0,,concorreu,False,7.0,7.0
2014-2018,2014,2018,72,1759,COLÉGIO MV1,ICARAÍ,-22.9079111,-43.1058651,end_only,0,18,0,18,0,0,0,1.0,,,Geral,Geral,Geral -> Geral,0.0,10.0,10.0,,concorreu,False,,,,,nao_concorreu_inicio,,0.0,1071.0,1071.0,,concorreu,False,10.0,10.0
2014-2018,2014,2018,72,1767,COLÉGIO ASSUNÇÃO,SÃO FRANCISCO,-22.9208239,-43.0926525,end_only,0,15,0,15,0,0,0,1.0,,,Geral,Geral,Geral -> Geral,0.0,18.0,18.0,,concorreu,False,,,,,nao_concorreu_inicio,,0.0,1026.0,1026.0,,concorreu,False,18.0,18.0
2014-2018,2014,2018,72,1775,COLÉGIO ESTADUAL CIZÍNIO SOARES PINTO,SÃO FRANCISCO,-22.9147594,-43.093934,end_only,0,7,0,7,0,0,0,1.0,,,Geral,Geral,Geral -> Geral,0.0,4.0,4.0,,concorreu,False,,,,,nao_concorreu_inicio,,0.0,735.0,735.0,,concorreu,False,4.0,4.0
2014-2018,2014,2018,72,1783,SOCIEDADE BRASILEIRA DE CULTURA INGLESA,ICARAÍ,-22.9075527,-43.1111859,end_only,0,4,0,4,0,0,0,1.0,,,Geral,Geral,Geral -> Geral,0.0,2.0,2.0,,concorreu,False,,,,,nao_concorreu_inicio,,0.0,188.0,188.0,,concorreu,False,2.0,2.0
2016-2020,2016,2020,113,1023,,,,,start_only,4,0,0,0,4,0,0,1.0,,,Municipal,Municipal,Municipal -> Municipal,,,,,nao_concorreu_fim,,519.0,0.0,-519.0,-100.0,concorreu,False,34.0,0.0,-34.0,-100.0,concorreu,False,,
2016-2020,2016,2020,113,1031,,,,,start_only,11,0,0,0,11,0,0,1.0,,,Municipal,Municipal,Municipal -> Municipal,,,,,nao_concorreu_fim,,721.0,0.0,-721.0,-100.0,concorreu,False,16.0,0.0,-16.0,-100.0,concorreu,False,,
2016-2020,2016,2020,113,1082,,,,,start_only,13,0,0,0,13,0,0,1.0,,,Municipal,Municipal,Municipal -> Municipal,,,,,nao_concorreu_fim,,1475.0,0.0,-1475.0,-100.0,concorreu,False,15.0,0.0,-15.0,-100.0,concorreu,False,,
2016-2020,2016,2020,113,1139,,,,,start_only,6,0,0,0,6,0,0,1.0,,,Municipal,Municipal,Municipal -> Municipal,,,,,nao_concorreu_fim,,505.0,0.0,-505.0,-100.0,concorreu,False,9.0,0.0,-9.0,-100.0,concorreu,False,,
2016-2020,2016,2020,113,1163,,,,,start_only,7,0,0,0,7,0,0,1.0,,,Municipal,Municipal,Municipal -> Municipal,,,,,nao_concorreu_fim,,755.0,0.0,-755.0,-100.0,concorreu,False,6.0,0.0,-6.0,-100.0,concorreu,False,,
2016-2020,2016,2020,113,1171,,,,,start_only,12,0,0,0,12,0,0,1.0,,,Municipal,Municipal,Municipal -> Municipal,,,,,nao_concorreu_fim,,1217.0,0.0,-1217.0,-100.0,concorreu,False,6.0,0.0,-6.0,-100.0,concorreu,False,,
2016-2020,2016,2020,113,1201,,,,,start_only,4,0,0,0,4,0,0,1.0,,,Municipal,Municipal,Municipal -> Municipal,,,,,nao_concorreu_fim,,271.0,0.0,-271.0,-100.0,concorreu,False,8.0,0.0,-8.0,-100.0,concorreu,False,,
2016-2020,2016,2020,113,1236,,,,,start_only,15,0,0,0,15,0,0,1.0,,,Municipal,Municipal,Municipal -> Municipal,,,,,nao_concorreu_fim,,1276.0,0.0,-1276.0,-100.0,concorreu,False,41.0,0.0,-41.0,-100.0,concorreu,False,,
2016-2020,2016,2020,113,1295,,,,,start_only,6,0,0,0,6,0,0,1.0,,,Municipal,Municipal,Municipal -> Municipal,,,,,nao_concorreu_fim,,822.0,0.0,-822.0,-100.0,concorreu,False,13.0,0.0,-13.0,-100.0,concorreu,False,,
2016-2020,2016,2020,113,1309,,,,,start_only,9,0,0,0,9,0,0,1.0,,,Municipal,Municipal,Municipal -> Municipal,,,,,nao_concorreu_fim,,1016.0,0.0,-1016.0,-100.0,concorreu,False,68.0,0.0,-68.0,-100.0,concorreu,False,,
2016-2020,2016,2020,113,1325,,,,,start_only,7,0,0,0,7,0,0,1.0,,,Municipal,Municipal,Municipal -> Municipal,,,,,nao_concorreu_fim,,936.0,0.0,-936.0,-100.0,concorreu,False,59.0,0.0,-59.0,-100.0,concorreu,False,,
2016-2020,2016,2020,113,1350,,,,,start_only,4,0,0,0,4,0,0,1.0,,,Municipal,Municipal,Municipal -> Municipal,,,,,nao_concorreu_fim,,608.0,0.0,-608.0,-100.0,concorreu,False,8.0,0.0,-8.0,-100.0,concorreu,False,,
2016-2020,2016,2020,113,1376,,,,,start_only,10,0,0,0,10,0,0,1.0,,,Municipal,Municipal,Municipal -> Municipal,,,,,nao_concorreu_fim,,852.0,0.0,-852.0,-100.0,concorreu,False,29.0,0.0,-29.0,-100.0,concorreu,False,,
2016-2020,2016,2020,113,1384,,,,,start_only,8,0,0,0,8,0,0,1.0,,,Municipal,Municipal,Municipal -> Municipal,,,,,nao_concorreu_fim,,770.0,0.0,-770.0,-100.0,concorreu,False,16.0,0.0,-16.0,-100.0,concorreu,False,,
2016-2020,2016,2020,114,1082,,,,,start_only,11,0,0,0,11,0,0,1.0,,,Municipal,Municipal,Municipal -> Municipal,,,,,nao_concorreu_fim,,638.0,0.0,-638.0,-100.0,concorreu,False,8.0,0.0,-8.0,-100.0,concorreu,False,,
2016-2020,2016,2020,114,1090,,,,,start_only,14,0,0,0,14,0,0,1.0,,,Municipal,Municipal,Municipal -> Municipal,,,,,nao_concorreu_fim,,1390.0,0.0,-1390.0,-100.0,concorreu,False,12.0,0.0,-12.0,-100.0,concorreu,False,,
2016-2020,2016,2020,114,1279,,,,,start_only,5,0,0,0,5,0,0,1.0,,,Municipal,Municipal,Municipal -> Municipal,,,,,nao_concorreu_fim,,792.0,0.0,-792.0,-100.0,concorreu,False,5.0,0.0,-5.0,-100.0,concorreu,False,,
2016-2020,2016,2020,114,1333,,,,,start_only,15,0,0,0,15,0,0,1.0,,,Municipal,Municipal,Municipal -> Municipal,,,,,nao_concorreu_fim,,1245.0,0.0,-1245.0,-100.0,concorreu,False,14.0,0.0,-14.0,-100.0,concorreu,False,,
2016-2020,2016,2020,114,1538,,,,,start_only,3,0,0,0,3,0,0,1.0,,,Municipal,Municipal,Municipal -> Municipal,,,,,nao_concorreu_fim,,487.0,0.0,-487.0,-100.0,concorreu,False,0.0,0.0,0.0,,concorreu,False,,
2016-2020,2016,2020,114,1546,,,,,start_only,5,0,0,0,5,0,0,1.0,,,Municipal,Municipal,Municipal -> Municipal,,,,,nao_concorreu_fim,,783.0,0.0,-783.0,-100.0,concorreu,False,3.0,0.0,-3.0,-100.0,concorreu,False,,
2016-2020,2016,2020,114,1597,,,,,start_only,6,0,0,0,6,0,0,1.0,,,Municipal,Municipal,Municipal -> Municipal,,,,,nao_concorreu_fim,,905.0,0.0,-905.0,-100.0,concorreu,False,9.0,0.0,-9.0,-100.0,concorreu,False,,
2016-2020,2016,2020,114,1600,,,,,start_only,8,0,0,0,8,0,0,1.0,,,Municipal,Municipal,Municipal -> Municipal,,,,,nao_concorreu_fim,,1037.0,0.0,-1037.0,-100.0,concorreu,False,3.0,0.0,-3.0,-100.0,concorreu,False,,
2016-2020,2016,2020,114,1635,,,,,start_only,12,0,0,0,12,0,0,1.0,,,Municipal,Municipal,Municipal -> Municipal,,,,,nao_concorreu_fim,,1579.0,0.0,-1579.0,-100.0,concorreu,False,12.0,0.0,-12.0,-100.0,concorreu,False,,
2016-2020,2016,2020,114,1643,,,,,start_only,6,0,0,0,6,0,0,1.0,,,Municipal,Municipal,Municipal -> Municipal,,,,,nao_concorreu_fim,,740.0,0.0,-740.0,-100.0,concorreu,False,1.0,0.0,-1.0,-100.0,concorreu,False,,
2016-2020,2016,2020,114,1660,,,,,start_only,4,0,0,0,4,0,0,1.0,,,Municipal,Municipal,Municipal -> Municipal,,,,,nao_concorreu_fim,,193.0,0.0,-193.0,-100.0,concorreu,False,1.0,0.0,-1.0,-100.0,concorreu,False,,
2016-2020,2016,2020,114,1716,,,,,start_only,6,0,0,0,6,0,0,1.0,,,Municipal,Municipal,Municipal -> Municipal,,,,,nao_concorreu_fim,,755.0,0.0,-755.0,-100.0,concorreu,False,7.0,0.0,-7.0,-100.0,concorreu,False,,
2016-2020,2016,2020,114,1732,,,,,start_only,3,0,0,0,3,0,0,1.0,,,Municipal,Municipal,Municipal -> Municipal,,,,,nao_concorreu_fim,,332.0,0.0,-332.0,-100.0,concorreu,False,2.0,0.0,-2.0,-100.0,concorreu,False,,
2016-2020,2016,2020,114,1740,,,,,start_only,1,0,0,0,1,0,0,1.0,,,Municipal,Municipal,Municipal -> Municipal,,,,,nao_concorreu_fim,,123.0,0.0,-123.0,-100.0,concorreu,False,3.0,0.0,-3.0,-100.0,concorreu,False,,
2016-2020,2016,2020,115,1384,,,,,start_only,4,0,0,0,4,0,0,1.0,,,Municipal,Municipal,Municipal -> Municipal,,,,,nao_concorreu_fim,,593.0,0.0,-593.0,-100.0,concorreu,False,20.0,0.0,-20.0,-100.0,concorreu,False,,
2016-2020,2016,2020,115,1406,,,,,start_only,13,0,0,0,13,0,0,1.0,,,Municipal,Municipal,Municipal -> Municipal,,,,,nao_concorreu_fim,,1900.0,0.0,-1900.0,-100.0,concorreu,False,79.0,0.0,-79.0,-100.0,concorreu,False,,
2016-2020,2016,2020,115,1414,,,,,start_only,7,0,0,0,7,0,0,1.0,,,Municipal,Municipal,Municipal -> Municipal,,,,,nao_concorreu_fim,,801.0,0.0,-801.0,-100.0,concorreu,False,32.0,0.0,-32.0,-100.0,concorreu,False,,
2016-2020,2016,2020,115,1422,,,,,start_only,3,0,0,0,3,0,0,1.0,,,Municipal,Municipal,Municipal -> Municipal,,,,,nao_concorreu_fim,,201.0,0.0,-201.0,-100.0,concorreu,False,11.0,0.0,-11.0,-100.0,concorreu,False,,
2016-2020,2016,2020,115,1457,,,,,start_only,11,0,0,0,11,0,0,1.0,,,Municipal,Municipal,Municipal -> Municipal,,,,,nao_concorreu_fim,,1115.0,0.0,-1115.0,-100.0,concorreu,False,17.0,0.0,-17.0,-100.0,concorreu,False,,
2016-2020,2016,2020,115,1465,,,,,start_only,9,0,0,0,9,0,0,1.0,,,Municipal,Municipal,Municipal -> Municipal,,,,,nao_concorreu_fim,,824.0,0.0,-824.0,-100.0,concorreu,False,24.0,0.0,-24.0,-100.0,concorreu,False,,
2016-2020,2016,2020,115,1473,,,,,start_only,11,0,0,0,11,0,0,1.0,,,Municipal,Municipal,Municipal -> Municipal,,,,,nao_concorreu_fim,,1029.0,0.0,-1029.0,-100.0,concorreu,False,14.0,0.0,-14.0,-100.0,concorreu,False,,
2016-2020,2016,2020,115,1481,,,,,start_only,9,0,0,0,9,0,0,1.0,,,Municipal,Municipal,Municipal -> Municipal,,,,,nao_concorreu_fim,,891.0,0.0,-891.0,-100.0,concorreu,False,10.0,0.0,-10.0,-100.0,concorreu,False,,
2016-2020,2016,2020,115,1490,,,,,start_only,3,0,0,0,3,0,0,1.0,,,Municipal,Municipal,Municipal -> Municipal,,,,,nao_concorreu_fim,,362.0,0.0,-362.0,-100.0,concorreu,False,10.0,0.0,-10.0,-100.0,concorreu,False,,
2016-2020,2016,2020,115,1503,,,,,start_only,5,0,0,0,5,0,0,1.0,,,Municipal,Municipal,Municipal -> Municipal,,,,,nao_concorreu_fim,,713.0,0.0,-713.0,-100.0,concorreu,False,26.0,0.0,-26.0,-100.0,concorreu,False,,
2016-2020,2016,2020,115,1538,,,,,start_only,4,0,0,0,4,0,0,1.0,,,Municipal,Municipal,Municipal -> Municipal,,,,,nao_concorreu_fim,,555.0,0.0,-555.0,-100.0,concorreu,False,20.0,0.0,-20.0,-100.0,concorreu,False,,
2016-2020,2016,2020,115,1554,,,,,start_only,9,0,0,0,9,0,0,1.0,,,Municipal,Municipal,Municipal -> Municipal,,,,,nao_concorreu_fim,,914.0,0.0,-914.0,-100.0,concorreu,False,61.0,0.0,-61.0,-100.0,concorreu,False,,
2016-2020,2016,2020,115,1589,,,,,start_only,5,0,0,0,5,0,0,1.0,,,Municipal,Municipal,Municipal -> Municipal,,,,,nao_concorreu_fim,,780.0,0.0,-780.0,-100.0,concorreu,False,11.0,0.0,-11.0,-100.0,concorreu,False,,
2016-2020,2016,2020,115,1597,,,,,start_only,7,0,0,0,7,0,0,1.0,,,Municipal,Municipal,Municipal -> Municipal,,,,,nao_concorreu_fim,,953.0,0.0,-953.0,-100.0,concorreu,False,17.0,0.0,-17.0,-100.0,concorreu,False,,
2016-2020,2016,2020,140,1015,,,,,start_only,4,0,0,0,4,0,0,1.0,,,Municipal,Municipal,Municipal -> Municipal,,,,,nao_concorreu_fim,,386.0,0.0,-386.0,-100.0,concorreu,False,4.0,0.0,-4.0,-100.0,concorreu,False,,
2016-2020,2016,2020,140,1031,,,,,start_only,3,0,0,0,3,0,0,1.0,,,Municipal,Municipal,Municipal -> Municipal,,,,,nao_concorreu_fim,,295.0,0.0,-295.0,-100.0,concorreu,False,4.0,0.0,-4.0,-100.0,concorreu,False,,
2016-2020,2016,2020,140,1040,,,,,start_only,3,0,0,0,3,0,0,1.0,,,Municipal,Municipal,Municipal -> Municipal,,,,,nao_concorreu_fim,,451.0,0.0,-451.0,-100.0,concorreu,False,3.0,0.0,-3.0,-100.0,concorreu,False,,
2016-2020,2016,2020,140,1074,,,,,start_only,6,0,0,0,6,0,0,1.0,,,Municipal,Municipal,Municipal -> Municipal,,,,,nao_concorreu_fim,,891.0,0.0,-891.0,-100.0,concorreu,False,6.0,0.0,-6.0,-100.0,concorreu,False,,
2016-2020,2016,2020,140,1082,,,,,start_only,8,0,0,0,8,0,0,1.0,,,Municipal,Municipal,Municipal -> Municipal,,,,,nao_concorreu_fim,,1310.0,0.0,-1310.0,-100.0,concorreu,False,4.0,0.0,-4.0,-100.0,concorreu,False,,
2016-2020,2016,2020,140,1090,,,,,start_only,8,0,0,0,8,0,0,1.0,,,Municipal,Municipal,Municipal -> Municipal,,,,,nao_concorreu_fim,,1276.0,0.0,-1276.0,-100.0,concorreu,False,11.0,0.0,-11.0,-100.0,concorreu,False,,
2016-2020,2016,2020,140,1120,,,,,start_only,17,0,0,0,17,0,0,1.0,,,Municipal,Municipal,Municipal -> Municipal,,,,,nao_concorreu_fim,,2962.0,0.0,-2962.0,-100.0,concorreu,False,17.0,0.0,-17.0,-100.0,concorreu,False,,
2016-2020,2016,2020,140,1139,,,,,start_only,15,0,0,0,15,0,0,1.0,,,Municipal,Municipal,Municipal -> Municipal,,,,,nao_concorreu_fim,,1367.0,0.0,-1367.0,-100.0,concorreu,False,8.0,0.0,-8.0,-100.0,concorreu,False,,
2016-2020,2016,2020,140,1155,,,,,start_only,21,0,0,0,21,0,0,1.0,,,Municipal,Municipal,Municipal -> Municipal,,,,,nao_concorreu_fim,,1533.0,0.0,-1533.0,-100.0,concorreu,False,15.0,0.0,-15.0,-100.0,concorreu,False,,
2016-2020,2016,2020,140,1163,,,,,start_only,4,0,0,0,4,0,0,1.0,,,Municipal,Municipal,Municipal -> Municipal,,,,,nao_concorreu_fim,,717.0,0.0,-717.0,-100.0,concorreu,False,3.0,0.0,-3.0,-100.0,concorreu,False,,
2016-2020,2016,2020,140,1180,,,,,start_only,3,0,0,0,3,0,0,1.0,,,Municipal,Municipal,Municipal -> Municipal,,,,,nao_concorreu_fim,,444.0,0.0,-444.0,-100.0,concorreu,False,4.0,0.0,-4.0,-100.0,concorreu,False,,
2016-2020,2016,2020,142,1015,,,,,start_only,4,0,0,0,4,0,0,1.0,,,Municipal,Municipal,Municipal -> Municipal,,,,,nao_concorreu_fim,,556.0,0.0,-556.0,-100.0,concorreu,False,6.0,0.0,-6.0,-100.0,concorreu,False,,
2016-2020,2016,2020,142,1031,,,,,start_only,4,0,0,0,4,0,0,1.0,,,Municipal,Municipal,Municipal -> Municipal,,,,,nao_concorreu_fim,,544.0,0.0,-544.0,-100.0,concorreu,False,8.0,0.0,-8.0,-100.0,concorreu,False,,
2016-2020,2016,2020,142,1058,,,,,start_only,18,0,0,0,18,0,0,1.0,,,Municipal,Municipal,Municipal -> Municipal,,,,,nao_concorreu_fim,,2537.0,0.0,-2537.0,-100.0,concorreu,False,21.0,0.0,-21.0,-100.0,concorreu,False,,
2016-2020,2016,2020,142,1090,,,,,start_only,10,0,0,0,10,0,0,1.0,,,Municipal,Municipal,Municipal -> Municipal,,,,,nao_concorreu_fim,,1640.0,0.0,-1640.0,-100.0,concorreu,False,11.0,0.0,-11.0,-100.0,concorreu,False,,
2016-2020,2016,2020,142,1112,,,,,start_only,9,0,0,0,9,0,0,1.0,,,Municipal,Municipal,Municipal -> Municipal,,,,,nao_concorreu_fim,,1644.0,0.0,-1644.0,-100.0,concorreu,False,13.0,0.0,-13.0,-100.0,concorreu,False,,
2016-2020,2016,2020,142,1180,,,,,start_only,10,0,0,0,10,0,0,1.0,,,Municipal,Municipal,Municipal -> Municipal,,,,,nao_concorreu_fim,,1496.0,0.0,-1496.0,-100.0,concorreu,False,31.0,0.0,-31.0,-100.0,concorreu,False,,
2016-2020,2016,2020,142,1198,,,,,start_only,7,0,0,0,7,0,0,1.0,,,Municipal,Municipal,Municipal -> Municipal,,,,,nao_concorreu_fim,,951.0,0.0,-951.0,-100.0,concorreu,False,71.0,0.0,-71.0,-100.0,concorreu,False,,
2016-2020,2016,2020,142,1201,,,,,start_only,8,0,0,0,8,0,0,1.0,,,Municipal,Municipal,Municipal -> Municipal,,,,,nao_concorreu_fim,,1122.0,0.0,-1122.0,-100.0,concorreu,False,10.0,0.0,-10.0,-100.0,concorreu,False,,
2016-2020,2016,2020,142,1210,,,,,start_only,9,0,0,0,9,0,0,1.0,,,Municipal,Municipal,Municipal -> Municipal,,,,,nao_concorreu_fim,,1285.0,0.0,-1285.0,-100.0,concorreu,False,13.0,0.0,-13.0,-100.0,concorreu,False,,
2016-2020,2016,2020,142,1244,,,,,start_only,15,0,0,0,15,0,0,1.0,,,Municipal,Municipal,Municipal -> Municipal,,,,,nao_concorreu_fim,,2358.0,0.0,-2358.0,-100.0,concorreu,False,13.0,0.0,-13.0,-100.0,concorreu,False,,
2016-2020,2016,2020,142,1252,,,,,start_only,7,0,0,0,7,0,0,1.0,,,Municipal,Municipal,Municipal -> Municipal,,,,,nao_concorreu_fim,,921.0,0.0,-921.0,-100.0,concorreu,False,51.0,0.0,-51.0,-100.0,concorreu,False,,
2016-2020,2016,2020,142,1260,,,,,start_only,7,0,0,0,7,0,0,1.0,,,Municipal,Municipal,Municipal -> Municipal,,,,,nao_concorreu_fim,,1178.0,0.0,-1178.0,-100.0,concorreu,False,7.0,0.0,-7.0,-100.0,concorreu,False,,
2016-2020,2016,2020,142,1279,,,,,start_only,5,0,0,0,5,0,0,1.0,,,Municipal,Municipal,Municipal -> Municipal,,,,,nao_concorreu_fim,,727.0,0.0,-727.0,-100.0,concorreu,False,3.0,0.0,-3.0,-100.0,concorreu,False,,
2016-2020,2016,2020,143,1058,,,,,start_only,11,0,0,0,11,0,0,1.0,,,Municipal,Municipal,Municipal -> Municipal,,,,,nao_concorreu_fim,,1693.0,0.0,-1693.0,-100.0,concorreu,False,24.0,0.0,-24.0,-100.0,concorreu,False,,
2016-2020,2016,2020,143,1074,,,,,start_only,11,0,0,0,11,0,0,1.0,,,Municipal,Municipal,Municipal -> Municipal,,,,,nao_concorreu_fim,,1816.0,0.0,-1816.0,-100.0,concorreu,False,20.0,0.0,-20.0,-100.0,concorreu,False,,
2016-2020,2016,2020,143,1082,,,,,start_only,13,0,0,0,13,0,0,1.0,,,Municipal,Municipal,Municipal -> Municipal,,,,,nao_concorreu_fim,,1733.0,0.0,-1733.0,-100.0,concorreu,False,24.0,0.0,-24.0,-100.0,concorreu,False,,
2016-2020,2016,2020,143,1112,,,,,start_only,12,0,0,0,12,0,0,1.0,,,Municipal,Municipal,Municipal -> Municipal,,,,,nao_concorreu_fim,,1055.0,0.0,-1055.0,-100.0,concorreu,False,25.0,0.0,-25.0,-100.0,concorreu,False,,
2016-2020,2016,2020,143,1120,,,,,start_only,15,0,0,0,15,0,0,1.0,,,Municipal,Municipal,Municipal -> Municipal,,,,,nao_concorreu_fim,,1837.0,0.0,-1837.0,-100.0,concorreu,False,85.0,0.0,-85.0,-100.0,concorreu,False,,
2016-2020,2016,2020,143,1147,,,,,start_only,15,0,0,0,15,0,0,1.0,,,Municipal,Municipal,Municipal -> Municipal,,,,,nao_concorreu_fim,,1607.0,0.0,-1607.0,-100.0,concorreu,False,24.0,0.0,-24.0,-100.0,concorreu,False,,
2016-2020,2016,2020,143,1163,,,,,start_only,13,0,0,0,13,0,0,1.0,,,Municipal,Municipal,Municipal -> Municipal,,,,,nao_concorreu_fim,,1238.0,0.0,-1238.0,-100.0,concorreu,False,23.0,0.0,-23.0,-100.0,concorreu,False,,
2016-2020,2016,2020,143,1180,,,,,start_only,7,0,0,0,7,0,0,1.0,,,Municipal,Municipal,Municipal -> Municipal,,,,,nao_concorreu_fim,,953.0,0.0,-953.0,-100.0,concorreu,False,5.0,0.0,-5.0,-100.0,concorreu,False,,
2016-2020,2016,2020,143,1198,,,,,start_only,6,0,0,0,6,0,0,1.0,,,Municipal,Municipal,Municipal -> Municipal,,,,,nao_concorreu_fim,,795.0,0.0,-795.0,-100.0,concorreu,False,18.0,0.0,-18.0,-100.0,concorreu,False,,
2016-2020,2016,2020,143,1201,,,,,start_only,1,0,0,0,1,0,0,1.0,,,Municipal,Municipal,Municipal -> Municipal,,,,,nao_concorreu_fim,,13.0,0.0,-13.0,-100.0,concorreu,False,1.0,0.0,-1.0,-100.0,concorreu,False,,
2016-2020,2016,2020,144,1023,,,,,both,4,3,3,0,1,0,0,0.25,,,Municipal,Municipal,Municipal -> Municipal,,,,,nao_concorreu_fim,,419.0,45.0,-374.0,-89.26,concorreu,False,4.0,79.0,75.0,1875.0,concorreu,False,,
2016-2020,2016,2020,144,1031,COLÉGIO PEDRO II CAMPUS NITERÓI,BARRETO,-22.8685685,-43.1037833,both,11,19,11,8,0,8,0,0.4211,"[{""nr_zona"": ""144"", ""nr_local"": ""1236"", ""nm_local"": ""COLÉGIO ESTADUAL MULLULO DA VEIGA"", ""count"": 8, ""secoes"": [""82"", ""96"", ""97"", ""98"", ""100"", ""110"", ""125"", ""128""]}]",,Municipal,Municipal,Municipal -> Municipal,,,,,nao_concorreu_fim,,817.0,264.0,-553.0,-67.69,concorreu,False,22.0,353.0,331.0,1504.55,concorreu,False,,
2016-2020,2016,2020,144,1082,,,,,start_only,3,0,0,0,3,0,2,1.0,,"[{""nr_zona"": ""144"", ""nr_local"": ""1090"", ""nm_local"": ""ESCOLA TÉCNICA ESTADUAL HENRIQUE LAGE"", ""count"": 2, ""secoes"": [""20"", ""22""]}]",Municipal,Municipal,Municipal -> Municipal,,,,,nao_concorreu_fim,,319.0,0.0,-319.0,-100.0,concorreu,False,1.0,0.0,-1.0,-100.0,concorreu,False,,
2016-2020,2016,2020,144,1090,ESCOLA TÉCNICA ESTADUAL HENRIQUE LAGE,BARRETO,-22.8621355,-43.0979546,both,8,7,4,3,4,2,0,0.875,"[{""nr_zona"": ""144"", ""nr_local"": ""1082"", ""nm_local"": """", ""count"": 2, ""secoes"": [""20"", ""22""]}]",,Municipal,Municipal,Municipal -> Municipal,,,,,nao_concorreu_fim,,891.0,120.0,-771.0,-86.53,concorreu,False,6.0,175.0,169.0,2816.67,concorreu,False,,
2016-2020,2016,2020,144,1104,ESCOLA MUNICIPAL ALTIVO CESAR,BARRETO,-22.8645343,-43.0995714,both,11,10,10,0,1,0,0,0.0909,,,Municipal,Municipal,Municipal -> Municipal,,,,,nao_concorreu_fim,,1285.0,159.0,-1126.0,-87.63,concorreu,False,15.0,231.0,216.0,1440.0,concorreu,False,,
2016-2020,2016,2020,144,1112,,,,,both,5,5,5,0,0,0,0,0.0,,,Municipal,Municipal,Municipal -> Municipal,,,,,nao_concorreu_fim,,581.0,82.0,-499.0,-85.89,concorreu,False,2.0,127.0,125.0,6250.0,concorreu,False,,
2016-2020,2016,2020,144,1163,COLÉGIO ESTADUAL CONSELHEIRO MACEDO SOARES,BARRETO,-22.8622231,-43.0924035,both,9,9,9,0,0,0,0,0.0,,,Municipal,Municipal,Municipal -> Municipal,,,,,nao_concorreu_fim,,1108.0,102.0,-1006.0,-90.79,concorreu,False,6.0,135.0,129.0,2150.0,concorreu,False,,
2016-2020,2016,2020,144,1171,ESCOLA ESTADUAL MENEZES VIEIRA,BARRETO,-22.8693286,-43.1032004,both,7,6,6,0,1,0,0,0.1429,,,Municipal,Municipal,Municipal -> Municipal,,,,,nao_concorreu_fim,,606.0,104.0,-502.0,-82.84,concorreu,False,18.0,139.0,121.0,672.22,concorreu,False,,
2016-2020,2016,2020,144,1201,,,,,both,3,2,1,1,2,0,0,1.0,,,Municipal,Municipal,Municipal -> Municipal,,,,,nao_concorreu_fim,,308.0,38.0,-270.0,-87.66,concorreu,False,7.0,59.0,52.0,742.86,concorreu,False,,
2016-2020,2016,2020,144,1210,UMEI THEREZINHA KALIL PETRUS (ANTIGO TIO SAM),BARRETO,-22.8719306,-43.104502,both,12,12,12,0,0,0,0,0.0,,,Municipal,Municipal,Municipal -> Municipal,,,,,nao_concorreu_fim,,1370.0,140.0,-1230.0,-89.78,concorreu,False,26.0,194.0,168.0,646.15,concorreu,False,,
2016-2020,2016,2020,144,1236,COLÉGIO ESTADUAL MULLULO DA VEIGA,ENGENHOCA,-22.8708282,-43.0988892,both,27,9,9,0,18,0,8,0.6667,,"[{""nr_zona"": ""144"", ""nr_local"": ""1031"", ""nm_local"": ""COLÉGIO PEDRO II CAMPUS NITERÓI"", ""count"": 8, ""secoes"": [""82"", ""96"", ""97"", ""98"", ""100"", ""110"", ""125"", ""128""]}]",Municipal,Municipal,Municipal -> Municipal,,,,,nao_concorreu_fim,,2315.0,112.0,-2203.0,-95.16,concorreu,False,14.0,143.0,129.0,921.43,concorreu,False,,
2016-2020,2016,2020,144,1252,,,,,both,13,7,7,0,6,0,0,0.4615,,,Municipal,Municipal,Municipal -> Municipal,,,,,nao_concorreu_fim,,1300.0,118.0,-1182.0,-90.92,concorreu,False,25.0,143.0,118.0,472.0,concorreu,False,,
2016-2020,2016,2020,144,1317,IGREJA BATISTA BETEL DE NITERÓI,ENGENHOCA,-22.8716138,-43.096026,both,5,3,3,0,2,0,0,0.4,,,Municipal,Municipal,Municipal -> Municipal,,,,,nao_concorreu_fim,,592.0,52.0,-540.0,-91.22,concorreu,False,4.0,60.0,56.0,1400.0,concorreu,False,,
2016-2020,2016,2020,144,1350,,,,,both,3,3,3,0,0,0,0,0.0,,,Municipal,Municipal,Municipal -> Municipal,,,,,nao_concorreu_fim,,367.0,26.0,-341.0,-92.92,concorreu,False,4.0,36.0,32.0,800.0,concorreu,False,,
2016-2020,2016,2020,144,1406,COLÉGIO NITERÓI,ENGENHOCA,-22.8706133,-43.1018717,both,6,5,5,0,1,0,0,0.1667,,,Municipal,Municipal,Municipal -> Municipal,,,,,nao_concorreu_fim,,647.0,82.0,-565.0,-87.33,concorreu,False,3.0,105.0,102.0,3400.0,concorreu,False,,
2016-2020,2016,2020,144,1449,INSTITUTO SÃO BENTO DE NITEROI,SANTA ROSA,-22.8968349,-43.1000967,end_only,0,11,0,11,0,0,0,1.0,,,Municipal,Municipal,Municipal -> Municipal,,,,,nao_concorreu_fim,,0.0,165.0,165.0,,concorreu,False,0.0,247.0,247.0,,concorreu,False,,
2016-2020,2016,2020,144,1457,ESCOLA ESTADUAL MACHADO DE ASSIS,FONSECA,-22.8836374,-43.0857092,end_only,0,13,0,13,0,0,0,1.0,,,Municipal,Municipal,Municipal -> Municipal,,,,,nao_concorreu_fim,,0.0,208.0,208.0,,concorreu,False,0.0,278.0,278.0,,concorreu,False,,
2016-2020,2016,2020,144,1473,ESCOLA ESTADUAL JOSE BONIFACIO,FONSECA,-22.8831949,-43.1060172,end_only,0,15,0,15,0,0,0,1.0,,,Municipal,Municipal,Municipal -> Municipal,,,,,nao_concorreu_fim,,0.0,225.0,225.0,,concorreu,False,0.0,282.0,282.0,,concorreu,False,,
2016-2020,2016,2020,144,1481,,,,,end_only,0,6,0,6,0,0,0,1.0,,,Municipal,Municipal,Municipal -> Municipal,,,,,nao_concorreu_fim,,0.0,102.0,102.0,,concorreu,False,0.0,144.0,144.0,,concorreu,False,,
2016-2020,2016,2020,144,1490,IGREJA BATISTA DO FONSECA,FONSECA,-22.8810878,-43.0865383,end_only,0,5,0,5,0,0,0,1.0,,,Municipal,Municipal,Municipal -> Municipal,,,,,nao_concorreu_fim,,0.0,62.0,62.0,,concorreu,False,0.0,91.0,91.0,,concorreu,False,,
2016-2020,2016,2020,144,1503,ESCOLA ESTADUAL SÃO DOMINGOS SÁVIO,SANTA ROSA,-22.8988024,-43.0928214,end_only,0,7,0,7,0,0,0,1.0,,,Municipal,Municipal,Municipal -> Municipal,,,,,nao_concorreu_fim,,0.0,128.0,128.0,,concorreu,False,0.0,185.0,185.0,,concorreu,False,,
2016-2020,2016,2020,144,1511,COP REDE DE ENSINO (ANTIGO COLÉGIO OPÇÃO),FONSECA,-22.8814198,-43.0895121,end_only,0,4,0,4,0,0,0,1.0,,,Municipal,Municipal,Municipal -> Municipal,,,,,nao_concorreu_fim,,0.0,42.0,42.0,,concorreu,False,0.0,72.0,72.0,,concorreu,False,,
2016-2020,2016,2020,144,1520,,,,,end_only,0,2,0,2,0,0,0,1.0,,,Municipal,Municipal,Municipal -> Municipal,,,,,nao_concorreu_fim,,0.0,21.0,21.0,,concorreu,False,0.0,30.0,30.0,,concorreu,False,,
2016-2020,2016,2020,144,1546,,,,,end_only,0,4,0,4,0,0,0,1.0,,,Municipal,Municipal,Municipal -> Municipal,,,,,nao_concorreu_fim,,0.0,88.0,88.0,,concorreu,False,0.0,114.0,114.0,,concorreu,False,,
2016-2020,2016,2020,144,1554,ESCOLA MUNICIPAL PROFESSOR PAULO FREIRE,FONSECA,-22.8828529,-43.0824987,end_only,0,12,0,12,0,0,0,1.0,,,Municipal,Municipal,Municipal -> Municipal,,,,,nao_concorreu_fim,,0.0,186.0,186.0,,concorreu,False,0.0,267.0,267.0,,concorreu,False,,
2016-2020,2016,2020,144,1562,LBV LEGIÃO DA BOA VONTADE,FONSECA,-22.8811009,-43.0979899,end_only,0,5,0,5,0,0,0,1.0,,,Municipal,Municipal,Municipal -> Municipal,,,,,nao_concorreu_fim,,0.0,66.0,66.0,,concorreu,False,0.0,107.0,107.0,,concorreu,False,,
2016-2020,2016,2020,144,1570,HORTO DO FONSECA,FONSECA,-22.8823618,-43.0907682,end_only,0,13,0,13,0,0,0,1.0,,,Municipal,Municipal,Municipal -> Municipal,,,,,nao_concorreu_fim,,0.0,153.0,153.0,,concorreu,False,0.0,213.0,213.0,,concorreu,False,,
2016-2020,2016,2020,144,1589,COLÉGIO NOSSA SENHORA DAS MERCÊS,FONSECA,-22.880345,-43.1023535,end_only,0,13,0,13,0,0,0,1.0,,,Municipal,Municipal,Municipal -> Municipal,,,,,nao_concorreu_fim,,0.0,164.0,164.0,,concorreu,False,0.0,240.0,240.0,,concorreu,False,,
2016-2020,2016,2020,144,1597,ESCOLA ESTADUAL HILARIO RIBEIRO,FONSECA,-22.8813893,-43.0901745,end_only,0,4,0,4,0,0,0,1.0,,,Municipal,Municipal,Municipal -> Municipal,,,,,nao_concorreu_fim,,0.0,60.0,60.0,,concorreu,False,0.0,94.0,94.0,,concorreu,False,,
2016-2020,2016,2020,144,1600,CIEP 251 - DONA MARIA PORTUGAL,BALDEADOR,-22.877013,-43.0557658,end_only,0,7,0,7,0,0,0,1.0,,,Municipal,Municipal,Municipal -> Municipal,,,,,nao_concorreu_fim,,0.0,74.0,74.0,,concorreu,False,0.0,89.0,89.0,,concorreu,False,,
2016-2020,2016,2020,144,1627,ESCOLA ESTADUAL DOUTOR JAYME MEMORIA,CUBANGO,-22.88949,-43.0937712,end_only,0,11,0,11,0,0,0,1.0,,,Municipal,Municipal,Municipal -> Municipal,,,,,nao_concorreu_fim,,0.0,203.0,203.0,,concorreu,False,0.0,282.0,282.0,,concorreu,False,,
2016-2020,2016,2020,144,1635,,,,,end_only,0,5,0,5,0,0,0,1.0,,,Municipal,Municipal,Municipal -> Municipal,,,,,nao_concorreu_fim,,0.0,117.0,117.0,,concorreu,False,0.0,137.0,137.0,,concorreu,False,,
2016-2020,2016,2020,144,1643,,,,,end_only,0,2,0,2,0,0,0,1.0,,,Municipal,Municipal,Municipal -> Municipal,,,,,nao_concorreu_fim,,0.0,44.0,44.0,,concorreu,False,0.0,68.0,68.0,,concorreu,False,,
2016-2020,2016,2020,144,1651,PARÓQUIA SÃO LOURENÇO,FONSECA,-22.881317,-43.1088379,end_only,0,5,0,5,0,0,0,1.0,,,Municipal,Municipal,Municipal -> Municipal,,,,,nao_concorreu_fim,,0.0,87.0,87.0,,concorreu,False,0.0,114.0,114.0,,concorreu,False,,
2016-2020,2016,2020,144,1660,,,,,end_only,0,9,0,9,0,0,0,1.0,,,Municipal,Municipal,Municipal -> Municipal,,,,,nao_concorreu_fim,,0.0,105.0,105.0,,concorreu,False,0.0,128.0,128.0,,concorreu,False,,
2016-2020,2016,2020,144,1678,,,,,end_only,0,5,0,5,0,0,0,1.0,,,Municipal,Municipal,Municipal -> Municipal,,,,,nao_concorreu_fim,,0.0,94.0,94.0,,concorreu,False,0.0,108.0,108.0,,concorreu,False,,
2016-2020,2016,2020,144,1686,COLÉGIO DA POLÍCIA MILITAR,FONSECA,-22.8818063,-43.0820149,end_only,0,5,0,5,0,0,0,1.0,,,Municipal,Municipal,Municipal -> Municipal,,,,,nao_concorreu_fim,,0.0,71.0,71.0,,concorreu,False,0.0,124.0,124.0,,concorreu,False,,
2016-2020,2016,2020,199,1015,COUNTRY CLUB DE NITEROI,VILA PROGRESSO,-22.8970192,-43.0347113,both,8,8,8,0,0,0,0,0.0,,,Municipal,Municipal,Municipal -> Municipal,,,,,nao_concorreu_fim,,1426.0,176.0,-1250.0,-87.66,concorreu,False,15.0,243.0,228.0,1520.0,concorreu,False,,
2016-2020,2016,2020,199,1023,ESCOLA MUNICIPAL FELISBERTO DE CARVALHO,VILA PROGRESSO,-22.8970371,-43.0392212,both,6,5,5,0,1,0,0,0.1667,,,Municipal,Municipal,Municipal -> Municipal,,,,,nao_concorreu_fim,,680.0,84.0,-596.0,-87.65,concorreu,False,9.0,127.0,118.0,1311.11,concorreu,False,,
2016-2020,2016,2020,199,1031,ESCOLA MUNICIPAL HONORINA DE CARVALHO,MARIA PAULA,-22.882289,-43.0265693,both,12,11,11,0,1,0,0,0.0833,,,Municipal,Municipal,Municipal -> Municipal,,,,,nao_concorreu_fim,,1716.0,219.0,-1497.0,-87.24,concorreu,False,14.0,320.0,306.0,2185.71,concorreu,False,,
2016-2020,2016,2020,199,1066,COLÉGIO CENECISTA JULIO CESAR SOUZA BALTHAREJO,ITAIPU,-22.9646939,-43.0332117,both,7,7,7,0,0,0,0,0.0,,,Municipal,Municipal,Municipal -> Municipal,,,,,nao_concorreu_fim,,1370.0,178.0,-1192.0,-87.01,concorreu,False,32.0,256.0,224.0,700.0,concorreu,False,,
2016-2020,2016,2020,199,1074,COLÉGIO CURSO ZEROHUM ( ANT GAUSS),ITAIPU,-22.9427133,-43.0519956,both,9,9,9,0,0,0,0,0.0,,,Municipal,Municipal,Municipal -> Municipal,,,,,nao_concorreu_fim,,1402.0,144.0,-1258.0,-89.73,concorreu,False,29.0,209.0,180.0,620.69,concorreu,False,,
2016-2020,2016,2020,199,1082,UMEI DR PAULO CESAR DE ALMEIDA PIMENTEL,ITAIPU,-22.9614459,-43.0327165,both,13,6,6,0,7,0,0,0.5385,,,Municipal,Municipal,Municipal -> Municipal,,,,,nao_concorreu_fim,,1389.0,165.0,-1224.0,-88.12,concorreu,False,40.0,242.0,202.0,505.0,concorreu,False,,
2016-2020,2016,2020,199,1090,COLÉGIO ESTADUAL PROFESSORA ALCINA RODRIGUES LIMA,ITAIPU,-22.9528491,-43.0285072,both,14,8,8,0,6,0,0,0.4286,,,Municipal,Municipal,Municipal -> Municipal,,,,,nao_concorreu_fim,,1782.0,176.0,-1606.0,-90.12,concorreu,False,69.0,265.0,196.0,284.06,concorreu,False,,
2016-2020,2016,2020,199,1104,CURSO CNA- PIRATININGA,PIRATININGA,-22.9441523,-43.0589254,both,4,4,3,1,1,0,0,0.5,,,Municipal,Municipal,Municipal -> Municipal,,,,,nao_concorreu_fim,,503.0,77.0,-426.0,-84.69,concorreu,False,14.0,125.0,111.0,792.86,concorreu,False,,
2016-2020,2016,2020,199,1112,COLÉGIO SALESIANO REGIÃO OCEÂNICA,PIRATININGA,-22.9393022,-43.0618731,both,13,15,13,2,0,0,0,0.1333,,,Municipal,Municipal,Municipal -> Municipal,,,,,nao_concorreu_fim,,1561.0,298.0,-1263.0,-80.91,concorreu,False,66.0,490.0,424.0,642.42,concorreu,False,,
2016-2020,2016,2020,199,1120,COLÉGIO ESTADUAL ALMIRANTE TAMANDARÉ,PIRATININGA,-22.9512083,-43.0916732,both,11,10,10,0,1,0,0,0.0909,,,Municipal,Municipal,Municipal -> Municipal,,,,,nao_concorreu_fim,,1411.0,185.0,-1226.0,-86.89,concorreu,False,26.0,293.0,267.0,1026.92,concorreu,False,,
2016-2020,2016,2020,199,1139,ESCOLA MUNICIPAL FRANCISCO PORTUGAL NEVES,PIRATININGA,-22.942363,-43.056665,both,10,10,10,0,0,0,0,0.0,,,Municipal,Municipal,Municipal -> Municipal,,,,,nao_concorreu_fim,,1153.0,128.0,-1025.0,-88.9,concorreu,False,28.0,203.0,175.0,625.0,concorreu,False,,
2016-2020,2016,2020,199,1155,COLÉGIO ITAPUCA,PIRATININGA,-22.9437854,-43.0593249,both,15,15,15,0,0,0,0,0.0,,,Municipal,Municipal,Municipal -> Municipal,,,,,nao_concorreu_fim,,2031.0,276.0,-1755.0,-86.41,concorreu,False,44.0,425.0,381.0,865.91,concorreu,False,,
2016-2020,2016,2020,199,1163,ANDEF (EX FAETEC),RIO DO OURO,-22.8896379,-42.9978497,both,7,7,6,1,1,0,0,0.2857,,,Municipal,Municipal,Municipal -> Municipal,,,,,nao_concorreu_fim,,725.0,86.0,-639.0,-88.14,concorreu,False,5.0,114.0,109.0,2180.0,concorreu,False,,
2016-2020,2016,2020,199,1171,,,,,both,1,1,1,0,0,0,0,0.0,,,Municipal,Municipal,Municipal -> Municipal,,,,,nao_concorreu_fim,,116.0,7.0,-109.0,-93.97,concorreu,False,0.0,11.0,11.0,,concorreu,False,,
2016-2020,2016,2020,199,1198,CIEP 448 RUY FRAZÃO SOARES,ITAIPU,-22.9356576,-43.0092644,both,13,13,13,0,0,0,0,0.0,,,Municipal,Municipal,Municipal -> Municipal,,,,,nao_concorreu_fim,,1776.0,226.0,-1550.0,-87.27,concorreu,False,56.0,284.0,228.0,407.14,concorreu,False,,
2016-2020,2016,2020,199,1244,COLÉGIO LAPLACE,PIRATININGA,-22.9425434,-43.05605,both,10,9,9,0,1,0,0,0.1,,,Municipal,Municipal,Municipal -> Municipal,,,,,nao_concorreu_fim,,1417.0,159.0,-1258.0,-88.78,concorreu,False,44.0,245.0,201.0,456.82,concorreu,False,,
2016-2020,2016,2020,199,1252,CIEP 307 DJANIRA,VÁRZEA DAS MOÇAS,-22.910323,-42.9852487,both,9,10,9,1,0,0,0,0.1,,,Municipal,Municipal,Municipal -> Municipal,,,,,nao_concorreu_fim,,1406.0,125.0,-1281.0,-91.11,concorreu,False,24.0,145.0,121.0,504.17,concorreu,False,,
2016-2020,2016,2020,199,1260,COLÉGIO PLUZ,SERRA GRANDE,-22.9287514,-43.0124453,both,10,11,10,1,0,0,0,0.0909,,,Municipal,Municipal,Municipal -> Municipal,,,,,nao_concorreu_fim,,1667.0,178.0,-1489.0,-89.32,concorreu,False,73.0,266.0,193.0,264.38,concorreu,False,,
2016-2020,2016,2020,199,1279,,,,,both,4,4,4,0,0,0,0,0.0,,,Municipal,Municipal,Municipal -> Municipal,,,,,nao_concorreu_fim,,720.0,82.0,-638.0,-88.61,concorreu,False,7.0,161.0,154.0,2200.0,concorreu,False,,
2016-2020,2016,2020,199,1287,ESCOLA MUNICIPAL PROF MARCOS WALDEMAR DE FREITAS REIS,ITAIPU,-22.9615628,-43.0330724,both,4,3,3,0,1,0,0,0.25,,,Municipal,Municipal,Municipal -> Municipal,,,,,nao_concorreu_fim,,471.0,72.0,-399.0,-84.71,concorreu,False,13.0,109.0,96.0,738.46,concorreu,False,,
2016-2020,2016,2020,199,1295,UMEI PROFA ODETE ROSA DA MOTA,ITAIPU,-22.9532368,-43.02859,both,5,6,4,2,1,0,0,0.5,,,Municipal,Municipal,Municipal -> Municipal,,,,,nao_concorreu_fim,,862.0,125.0,-737.0,-85.5,concorreu,False,32.0,189.0,157.0,490.62,concorreu,False,,
2016-2020,2016,2020,199,1317,COLÉGIO PAULO FREIRE,ENGENHO DO MATO,-22.9500178,-43.0246246,both,8,10,8,2,0,0,0,0.2,,,Municipal,Municipal,Municipal -> Municipal,,,,,nao_concorreu_fim,,1107.0,149.0,-958.0,-86.54,concorreu,False,47.0,221.0,174.0,370.21,concorreu,False,,
2016-2020,2016,2020,199,1325,ESCOLA MUNICIPAL SÍTIO DO IPÊ,MARIA PAULA,-22.8821134,-43.0267087,both,2,3,2,1,0,0,0,0.3333,,,Municipal,Municipal,Municipal -> Municipal,,,,,nao_concorreu_fim,,231.0,57.0,-174.0,-75.32,concorreu,False,2.0,78.0,76.0,3800.0,concorreu,False,,
2016-2020,2016,2020,199,1333,,,,,both,1,2,1,1,0,0,0,0.5,,,Municipal,Municipal,Municipal -> Municipal,,,,,nao_concorreu_fim,,86.0,34.0,-52.0,-60.47,concorreu,False,6.0,56.0,50.0,833.33,concorreu,False,,
2016-2020,2016,2020,199,1341,COLÉGIO OBJETIVO CAMBOINHAS,CAMBOINHAS,-22.9537053,-43.0584356,both,2,1,1,0,1,0,0,0.5,,,Municipal,Municipal,Municipal -> Municipal,,,,,nao_concorreu_fim,,221.0,27.0,-194.0,-87.78,concorreu,False,0.0,49.0,49.0,,concorreu,False,,
2016-2020,2016,2020,199,1350,ESCOLA MUNICIPAL MARALEGRE,CAFUBÁ,-22.9362723,-43.0724233,both,1,2,1,1,0,0,0,0.5,,,Municipal,Municipal,Municipal -> Municipal,,,,,nao_concorreu_fim,,64.0,42.0,-22.0,-34.38,concorreu,False,3.0,53.0,50.0,1666.67,concorreu,False,,
2016-2020,2016,2020,199,1368,UMEI PROFESSORA NINA RITA TORRES,PIRATININGA,-22.9519115,-43.0861872,both,1,2,0,2,1,0,0,1.5,,,Municipal,Municipal,Municipal -> Municipal,,,,,nao_concorreu_fim,,72.0,33.0,-39.0,-54.17,concorreu,False,0.0,65.0,65.0,,concorreu,False,,
2016-2020,2016,2020,199,1384,UMEI OLGA BENÁRIO PRESTES,ENGENHO DO MATO,-22.9354086,-43.0086653,end_only,0,1,0,1,0,0,0,1.0,,,Municipal,Municipal,Municipal -> Municipal,,,,,nao_concorreu_fim,,0.0,14.0,14.0,,concorreu,False,0.0,19.0,19.0,,concorreu,False,,
2016-2020,2016,2020,199,1392,CULTURA INGLESA EM ITAIPU,ITAIPU,-22.9413685,-43.0533061,end_only,0,4,0,4,0,0,0,1.0,,,Municipal,Municipal,Municipal -> Municipal,,,,,nao_concorreu_fim,,0.0,60.0,60.0,,concorreu,False,0.0,95.0,95.0,,concorreu,False,,
2016-2020,2016,2020,71,1015,CENTRO EDUCACIONAL DE NITEROI - CENTRINHO,SANTA ROSA,-22.8965191,-43.1018339,both,11,11,11,0,0,0,0,0.0,,,Municipal,Municipal,Municipal -> Municipal,,,,,nao_concorreu_fim,,2060.0,337.0,-1723.0,-83.64,concorreu,False,18.0,458.0,440.0,2444.44,concorreu,False,,
2016-2020,2016,2020,71,1104,INSTITUTO MAIA VINAGRE,SANTA ROSA,-22.8976844,-43.1021103,both,9,9,9,0,0,0,0,0.0,,,Municipal,Municipal,Municipal -> Municipal,,,,,nao_concorreu_fim,,1662.0,212.0,-1450.0,-87.24,concorreu,False,19.0,284.0,265.0,1394.74,concorreu,False,,
2016-2020,2016,2020,71,1244,ESCOLA ESTADUAL MANUEL DE ABREU,ICARAÍ,-22.9023086,-43.1071569,both,9,9,9,0,0,0,0,0.0,,,Municipal,Municipal,Municipal -> Municipal,,,,,nao_concorreu_fim,,1628.0,138.0,-1490.0,-91.52,concorreu,False,14.0,197.0,183.0,1307.14,concorreu,False,,
2016-2020,2016,2020,71,1260,INSTITUTO ABEL,ICARAÍ,-22.9004168,-43.1094942,both,16,17,16,1,0,0,0,0.0588,,,Municipal,Municipal,Municipal -> Municipal,,,,,nao_concorreu_fim,,2733.0,270.0,-2463.0,-90.12,concorreu,False,23.0,415.0,392.0,1704.35,concorreu,False,,
2016-2020,2016,2020,71,1295,COLEGIO SALESIANO SANTA ROSA,SANTA ROSA,-22.9016745,-43.0996973,both,17,17,17,0,0,0,0,0.0,,,Municipal,Municipal,Municipal -> Municipal,,,,,nao_concorreu_fim,,2701.0,276.0,-2425.0,-89.78,concorreu,False,27.0,401.0,374.0,1385.19,concorreu,False,,
2016-2020,2016,2020,71,1309,CURSO MARLY CURY,SANTA ROSA,-22.9054777,-43.1019227,both,11,11,11,0,0,0,0,0.0,,,Municipal,Municipal,Municipal -> Municipal,,,,,nao_concorreu_fim,,2002.0,181.0,-1821.0,-90.96,concorreu,False,7.0,289.0,282.0,4028.57,concorreu,False,,
2016-2020,2016,2020,71,1317,ESCOLA ESTADUAL BALTAZAR BERNARDINO,SANTA ROSA,-22.9032359,-43.1012931,both,9,9,9,0,0,0,0,0.0,,,Municipal,Municipal,Municipal -> Municipal,,,,,nao_concorreu_fim,,1434.0,136.0,-1298.0,-90.52,concorreu,False,7.0,227.0,220.0,3142.86,concorreu,False,,
2016-2020,2016,2020,71,1325,ESCOLA ESTADUAL GUILHERME BRIGGS,SANTA ROSA,-22.9053667,-43.0895767,both,15,15,15,0,0,0,0,0.0,,,Municipal,Municipal,Municipal -> Municipal,,,,,nao_concorreu_fim,,2535.0,393.0,-2142.0,-84.5,concorreu,False,43.0,496.0,453.0,1053.49,concorreu,False,,
2016-2020,2016,2020,71,1333,PARÓQUIA NOSSA SENHORA AUXILIADORA - CENTRO COMUNITÁRIO,SANTA ROSA,-22.9020239,-43.0994239,both,10,10,10,0,0,0,0,0.0,,,Municipal,Municipal,Municipal -> Municipal,,,,,nao_concorreu_fim,,1376.0,140.0,-1236.0,-89.83,concorreu,False,8.0,204.0,196.0,2450.0,concorreu,False,,
2016-2020,2016,2020,71,1368,,,,,both,10,10,10,0,0,0,0,0.0,,,Municipal,Municipal,Municipal -> Municipal,,,,,nao_concorreu_fim,,1602.0,173.0,-1429.0,-89.2,concorreu,False,8.0,244.0,236.0,2950.0,concorreu,False,,
2016-2020,2016,2020,71,1392,FACULDADE DE VETERINARIA DA UFF,VITAL BRASIL,-22.904908,-43.098407,both,14,14,14,0,0,0,0,0.0,,,Municipal,Municipal,Municipal -> Municipal,,,,,nao_concorreu_fim,,2519.0,275.0,-2244.0,-89.08,concorreu,False,22.0,404.0,382.0,1736.36,concorreu,False,,
2016-2020,2016,2020,71,1414,UNIVERSIDADE SALGADO DE OLIVEIRA - BL B (PRÓXIMO AO GUANABARA),CENTRO,-22.8893447,-43.1172001,end_only,0,4,0,4,0,0,0,1.0,,,Municipal,Municipal,Municipal -> Municipal,,,,,nao_concorreu_fim,,0.0,73.0,73.0,,concorreu,False,0.0,93.0,93.0,,concorreu,False,,
2016-2020,2016,2020,71,1422,CLUBE PORTUGUES DE NITEROI,SÃO DOMINGOS,-22.9021482,-43.1274594,end_only,0,6,0,6,0,0,0,1.0,,,Municipal,Municipal,Municipal -> Municipal,,,,,nao_concorreu_fim,,0.0,78.0,78.0,,concorreu,False,0.0,117.0,117.0,,concorreu,False,,
2016-2020,2016,2020,71,1430,COLEGIO ESTADUAL AURELINO LEAL,INGÁ,-22.9033321,-43.1254512,end_only,0,8,0,8,0,0,0,1.0,,,Municipal,Municipal,Municipal -> Municipal,,,,,nao_concorreu_fim,,0.0,82.0,82.0,,concorreu,False,0.0,130.0,130.0,,concorreu,False,,
2016-2020,2016,2020,71,1449,COLÉGIO ESTADUAL ZULEIKA RAPÔSO VALLADARES (''COLÉGIO VELHO''),ILHA DA CONCEIÇÃO,-22.8729269,-43.1147506,end_only,0,7,0,7,0,0,0,1.0,,,Municipal,Municipal,Municipal -> Municipal,,,,,nao_concorreu_fim,,0.0,106.0,106.0,,concorreu,False,0.0,119.0,119.0,,concorreu,False,,
2016-2020,2016,2020,71,1457,,,,,end_only,0,4,0,4,0,0,0,1.0,,,Municipal,Municipal,Municipal -> Municipal,,,,,nao_concorreu_fim,,0.0,56.0,56.0,,concorreu,False,0.0,71.0,71.0,,concorreu,False,,
2016-2020,2016,2020,71,1465,CENTRO UNIVERSITÁRIO ANHANGUERA (ANTIGO PLÍNIO LEITE),CENTRO,-22.8869267,-43.1245632,end_only,0,9,0,9,0,0,0,1.0,,,Municipal,Municipal,Municipal -> Municipal,,,,,nao_concorreu_fim,,0.0,129.0,129.0,,concorreu,False,0.0,201.0,201.0,,concorreu,False,,
2016-2020,2016,2020,71,1481,ESCOLA MUNICIPAL MAESTRO HEITOR VILLA-LOBOS (''COLÉGIO NOVO''),ILHA DA CONCEIÇÃO,-22.8731482,-43.1156463,end_only,0,8,0,8,0,0,0,1.0,,,Municipal,Municipal,Municipal -> Municipal,,,,,nao_concorreu_fim,,0.0,104.0,104.0,,concorreu,False,0.0,111.0,111.0,,concorreu,False,,
2016-2020,2016,2020,71,1511,FACULDADE DE ADMINISTRAÇÃO E CIÊNCIAS CONTÁBEIS (VALONGUINHO),CENTRO,-22.8967413,-43.1252439,end_only,0,7,0,7,0,0,0,1.0,,,Municipal,Municipal,Municipal -> Municipal,,,,,nao_concorreu_fim,,0.0,111.0,111.0,,concorreu,False,0.0,172.0,172.0,,concorreu,False,,
2016-2020,2016,2020,71,1520,LOJA MAÇÔNICA EVOLUÇÃO 2,PONTA D'AREIA,-22.8825872,-43.122934,end_only,0,4,0,4,0,0,0,1.0,,,Municipal,Municipal,Municipal -> Municipal,,,,,nao_concorreu_fim,,0.0,38.0,38.0,,concorreu,False,0.0,55.0,55.0,,concorreu,False,,
2016-2020,2016,2020,71,1538,,,,,end_only,0,4,0,4,0,0,0,1.0,,,Municipal,Municipal,Municipal -> Municipal,,,,,nao_concorreu_fim,,0.0,65.0,65.0,,concorreu,False,0.0,91.0,91.0,,concorreu,False,,
2016-2020,2016,2020,71,1546,UNIVERSIDADE SALGADO DE OLIVEIRA - BL A,CENTRO,-22.8894749,-43.1186087,end_only,0,8,0,8,0,0,0,1.0,,,Municipal,Municipal,Municipal -> Municipal,,,,,nao_concorreu_fim,,0.0,158.0,158.0,,concorreu,False,0.0,207.0,207.0,,concorreu,False,,
2016-2020,2016,2020,71,1554,FACULDADE DE ENGENHARIA DA UFF,SÃO DOMINGOS,-22.903848,-43.1302712,end_only,0,6,0,6,0,0,0,1.0,,,Municipal,Municipal,Municipal -> Municipal,,,,,nao_concorreu_fim,,0.0,67.0,67.0,,concorreu,False,0.0,95.0,95.0,,concorreu,False,,
2016-2020,2016,2020,71,1562,COLEGIO ESTADUAL RAUL VIDAL,CENTRO,-22.8862372,-43.1242688,end_only,0,6,0,6,0,0,0,1.0,,,Municipal,Municipal,Municipal -> Municipal,,,,,nao_concorreu_fim,,0.0,118.0,118.0,,concorreu,False,0.0,159.0,159.0,,concorreu,False,,
2016-2020,2016,2020,71,1570,COLÉGIO UNIVERSÍTÁRIO DA UFF (CIEP GRAGOATÁ),SÃO DOMINGOS,-22.900281,-43.1316649,end_only,0,3,0,3,0,0,0,1.0,,,Municipal,Municipal,Municipal -> Municipal,,,,,nao_concorreu_fim,,0.0,41.0,41.0,,concorreu,False,0.0,55.0,55.0,,concorreu,False,,
2016-2020,2016,2020,71,1597,ESCOLA MUNICIPAL SANTOS DUMONT,FÁTIMA,-22.8954125,-43.1094692,end_only,0,4,0,4,0,0,0,1.0,,,Municipal,Municipal,Municipal -> Municipal,,,,,nao_concorreu_fim,,0.0,78.0,78.0,,concorreu,False,0.0,91.0,91.0,,concorreu,False,,
2016-2020,2016,2020,71,1600,INSTITUTO DE EDUCAÇÃO PROFESSOR ISMAEL COUTINHO - IEPIC,SÃO DOMINGOS,-22.8989767,-43.1271052,end_only,0,12,0,12,0,0,0,1.0,,,Municipal,Municipal,Municipal -> Municipal,,,,,nao_concorreu_fim,,0.0,148.0,148.0,,concorreu,False,0.0,240.0,240.0,,concorreu,False,,
2016-2020,2016,2020,71,1619,COLEGIO SAO VICENTE DE PAULO,ICARAÍ,-22.902041,-43.1146235,end_only,0,9,0,9,0,0,0,1.0,,,Municipal,Municipal,Municipal -> Municipal,,,,,nao_concorreu_fim,,0.0,177.0,177.0,,concorreu,False,0.0,243.0,243.0,,concorreu,False,,
2016-2020,2016,2020,71,1627,REITORIA DA UFF,ICARAÍ,-22.9031771,-43.1164314,end_only,0,3,0,3,0,0,0,1.0,,,Municipal,Municipal,Municipal -> Municipal,,,,,nao_concorreu_fim,,0.0,54.0,54.0,,concorreu,False,0.0,79.0,79.0,,concorreu,False,,
2016-2020,2016,2020,71,1643,JARDIM DE INFÂNCIA ALBERTO DE OLIVEIRA,CENTRO,-22.8927568,-43.11592,end_only,0,2,0,2,0,0,0,1.0,,,Municipal,Municipal,Municipal -> Municipal,,,,,nao_concorreu_fim,,0.0,29.0,29.0,,concorreu,False,0.0,39.0,39.0,,concorreu,False,,
2016-2020,2016,2020,71,1651,FACULDADE DE ENFERMAGEM DA UFF,CENTRO,-22.895302,-43.1167706,end_only,0,3,0,3,0,0,0,1.0,,,Municipal,Municipal,Municipal -> Municipal,,,,,nao_concorreu_fim,,0.0,47.0,47.0,,concorreu,False,0.0,67.0,67.0,,concorreu,False,,
2016-2020,2016,2020,71,1660,FACULDADE DE DIREITO DA UFF - UFF - DIREITO 1,INGÁ,-22.9035832,-43.1258853,end_only,0,12,0,12,0,0,0,1.0,,,Municipal,Municipal,Municipal -> Municipal,,,,,nao_concorreu_fim,,0.0,166.0,166.0,,concorreu,False,0.0,238.0,238.0,,concorreu,False,,
2016-2020,2016,2020,71,1678,LICEU NILO PEÇANHA,CENTRO,-22.8935707,-43.1165611,end_only,0,8,0,8,0,0,0,1.0,,,Municipal,Municipal,Municipal -> Municipal,,,,,nao_concorreu_fim,,0.0,155.0,155.0,,concorreu,False,0.0,200.0,200.0,,concorreu,False,,
2016-2020,2016,2020,71,1694,RIO CRICKET,INGÁ,-22.8997052,-43.1133665,end_only,0,5,0,5,0,0,0,1.0,,,Municipal,Municipal,Municipal -> Municipal,,,,,nao_concorreu_fim,,0.0,86.0,86.0,,concorreu,False,0.0,121.0,121.0,,concorreu,False,,
2016-2020,2016,2020,72,1015,INSTITUTO JCA,SANTA BARBARA,-22.882301,-43.0585179,both,15,8,8,0,7,0,0,0.4667,,,Municipal,Municipal,Municipal -> Municipal,,,,,nao_concorreu_fim,,1320.0,98.0,-1222.0,-92.58,concorreu,False,22.0,121.0,99.0,450.0,concorreu,False,,
2016-2020,2016,2020,72,1040,COLÉGIO ESTADUAL DAVID CAPISTRANO,SANTA BARBARA,-22.8768468,-43.0480155,both,17,8,8,0,9,0,0,0.5294,,,Municipal,Municipal,Municipal -> Municipal,,,,,nao_concorreu_fim,,1673.0,131.0,-1542.0,-92.17,concorreu,False,28.0,167.0,139.0,496.43,concorreu,False,,
2016-2020,2016,2020,72,1074,COLEGIO ESTADUAL PAULO ASSIS RIBEIRO,BADU,-22.9068537,-43.0573891,both,18,18,18,0,0,0,0,0.0,,,Municipal,Municipal,Municipal -> Municipal,,,,,nao_concorreu_fim,,3034.0,387.0,-2647.0,-87.24,concorreu,False,26.0,696.0,670.0,2576.92,concorreu,False,,
2016-2020,2016,2020,72,1112,ESCOLA ESTADUAL LEOPOLDO FROES,LARGO DA BATALHA,-22.9100474,-43.0677553,both,18,18,18,0,0,0,0,0.0,,,Municipal,Municipal,Municipal -> Municipal,,,,,nao_concorreu_fim,,3054.0,368.0,-2686.0,-87.95,concorreu,False,19.0,670.0,651.0,3426.32,concorreu,False,,
2016-2020,2016,2020,72,1147,ESCOLA MUNICIPAL VERA LUCIA MACHADO,BADU,-22.9045,-43.0500355,both,8,8,8,0,0,0,0,0.0,,,Municipal,Municipal,Municipal -> Municipal,,,,,nao_concorreu_fim,,1362.0,165.0,-1197.0,-87.89,concorreu,False,14.0,295.0,281.0,2007.14,concorreu,False,,
2016-2020,2016,2020,72,1171,ESCOLA MUNICIPAL ANTONIO COUTINHO DE AZEVEDO,SANTA BARBARA,-22.8756043,-43.04869,both,9,9,9,0,0,0,0,0.0,,,Municipal,Municipal,Municipal -> Municipal,,,,,nao_concorreu_fim,,1389.0,154.0,-1235.0,-88.91,concorreu,False,12.0,192.0,180.0,1500.0,concorreu,False,,
2016-2020,2016,2020,72,1180,ESCOLA MUNICIPAL RACHIDE DA GLORIA SALIM SAKER,SANTA BARBARA,-22.8766134,-43.0488967,both,8,8,8,0,0,0,0,0.0,,,Municipal,Municipal,Municipal -> Municipal,,,,,nao_concorreu_fim,,1467.0,122.0,-1345.0,-91.68,concorreu,False,14.0,149.0,135.0,964.29,concorreu,False,,
2016-2020,2016,2020,72,1368,ESCOLA MUNICIPAL VILA COSTA MONTEIRO,ITITIOCA,-22.8963335,-43.077802,both,11,11,11,0,0,0,0,0.0,,,Municipal,Municipal,Municipal -> Municipal,,,,,nao_concorreu_fim,,1698.0,205.0,-1493.0,-87.93,concorreu,False,47.0,320.0,273.0,580.85,concorreu,False,,
2016-2020,2016,2020,72,1449,CIEP 450 - BADU,BADU,-22.9071974,-43.0566124,both,19,19,19,0,0,0,0,0.0,,,Municipal,Municipal,Municipal -> Municipal,,,,,nao_concorreu_fim,,3051.0,368.0,-2683.0,-87.94,concorreu,False,27.0,633.0,606.0,2244.44,concorreu,False,,
2016-2020,2016,2020,72,1473,COLÉGIO FORUM CULTURAL,CANTAGALO,-22.9163184,-43.0490094,both,10,10,10,0,0,0,0,0.0,,,Municipal,Municipal,Municipal -> Municipal,,,,,nao_concorreu_fim,,1655.0,136.0,-1519.0,-91.78,concorreu,False,15.0,228.0,213.0,1420.0,concorreu,False,,
2016-2020,2016,2020,72,1520,ESCOLA MUNICIPAL LEVI CARNEIRO,SAPÊ,-22.8961721,-43.0583864,both,15,15,15,0,0,0,0,0.0,,,Municipal,Municipal,Municipal -> Municipal,,,,,nao_concorreu_fim,,2552.0,293.0,-2259.0,-88.52,concorreu,False,20.0,535.0,515.0,2575.0,concorreu,False,,
2016-2020,2016,2020,72,1538,ESCOLA CATAVENTO ESPAÇO DE EDUCAÇÃO,SAPÊ,-22.9024713,-43.0635188,both,4,3,3,0,1,0,0,0.25,,,Municipal,Municipal,Municipal -> Municipal,,,,,nao_concorreu_fim,,572.0,88.0,-484.0,-84.62,concorreu,False,7.0,153.0,146.0,2085.71,concorreu,False,,
2016-2020,2016,2020,72,1546,COLÉGIO GOMES PEREIRA,LARGO DA BATALHA,-22.9081863,-43.0665152,both,4,3,3,0,1,0,0,0.25,,,Municipal,Municipal,Municipal -> Municipal,,,,,nao_concorreu_fim,,599.0,55.0,-544.0,-90.82,concorreu,False,4.0,102.0,98.0,2450.0,concorreu,False,,
2016-2020,2016,2020,72,1554,CENTRO EDUCACIONAL GIRASSÓIS,LARGO DA BATALHA,-22.9077414,-43.0652722,both,4,6,4,2,0,0,0,0.3333,,,Municipal,Municipal,Municipal -> Municipal,,,,,nao_concorreu_fim,,598.0,125.0,-473.0,-79.1,concorreu,False,1.0,232.0,231.0,23100.0,concorreu,False,,
2016-2020,2016,2020,72,1562,ESCOLA MUNICIPAL HELENA ANTIPOFF,SÃO FRANCISCO,-22.9129237,-43.0786396,end_only,0,4,0,4,0,0,0,1.0,,,Municipal,Municipal,Municipal -> Municipal,,,,,nao_concorreu_fim,,0.0,85.0,85.0,,concorreu,False,0.0,114.0,114.0,,concorreu,False,,
2016-2020,2016,2020,72,1570,IGREJA DO SANTUARIO NACIONAL DAS ALMAS,ICARAÍ,-22.9004522,-43.1107182,end_only,0,7,0,7,0,0,0,1.0,,,Municipal,Municipal,Municipal -> Municipal,,,,,nao_concorreu_fim,,0.0,104.0,104.0,,concorreu,False,0.0,154.0,154.0,,concorreu,False,,
2016-2020,2016,2020,72,1589,INSTITUTO GAY-LUSSAC,SÃO FRANCISCO,-22.9168331,-43.0892838,end_only,0,8,0,8,0,0,0,1.0,,,Municipal,Municipal,Municipal -> Municipal,,,,,nao_concorreu_fim,,0.0,117.0,117.0,,concorreu,False,0.0,162.0,162.0,,concorreu,False,,
2016-2020,2016,2020,72,1597,COLÉGIO PONTO DE ENSINO,ICARAÍ,-22.9092421,-43.1095209,end_only,0,10,0,10,0,0,0,1.0,,,Municipal,Municipal,Municipal -> Municipal,,,,,nao_concorreu_fim,,0.0,134.0,134.0,,concorreu,False,0.0,216.0,216.0,,concorreu,False,,
2016-2020,2016,2020,72,1600,,,,,end_only,0,3,0,3,0,0,0,1.0,,,Municipal,Municipal,Municipal -> Municipal,,,,,nao_concorreu_fim,,0.0,46.0,46.0,,concorreu,False,0.0,69.0,69.0,,concorreu,False,,
2016-2020,2016,2020,72,1619,COLEGIO ESTADUAL JOAQUIM TAVORA,ICARAÍ,-22.9048788,-43.1081976,end_only,0,8,0,8,0,0,0,1.0,,,Municipal,Municipal,Municipal -> Municipal,,,,,nao_concorreu_fim,,0.0,129.0,129.0,,concorreu,False,0.0,196.0,196.0,,concorreu,False,,
2016-2020,2016,2020,72,1627,ESCOLA MUNICIPAL PROFESSORA LUCIA MARIA SILVEIRA ROCHA,JURUJUBA,-22.9317575,-43.1166302,end_only,0,8,0,8,0,0,0,1.0,,,Municipal,Municipal,Municipal -> Municipal,,,,,nao_concorreu_fim,,0.0,96.0,96.0,,concorreu,False,0.0,145.0,145.0,,concorreu,False,,
2016-2020,2016,2020,72,1635,BANCO BRADESCO,ICARAÍ,-22.9031207,-43.1110165,end_only,0,2,0,2,0,0,0,1.0,,,Municipal,Municipal,Municipal -> Municipal,,,,,nao_concorreu_fim,,0.0,35.0,35.0,,concorreu,False,0.0,49.0,49.0,,concorreu,False,,
2016-2020,2016,2020,72,1643,CENTRO MODERNO ALZIRA BITTENCOURT,ICARAÍ,-22.9012326,-43.110746,end_only,0,3,0,3,0,0,0,1.0,,,Municipal,Municipal,Municipal -> Municipal,,,,,nao_concorreu_fim,,0.0,49.0,49.0,,concorreu,False,0.0,81.0,81.0,,concorreu,False,,
2016-2020,2016,2020,72,1651,PH COLÉGIO,ICARAÍ,-22.9006508,-43.1110377,end_only,0,4,0,4,0,0,0,1.0,,,Municipal,Municipal,Municipal -> Municipal,,,,,nao_concorreu_fim,,0.0,65.0,65.0,,concorreu,False,0.0,103.0,103.0,,concorreu,False,,
2016-2020,2016,2020,72,1660,CLUBE CENTRAL,ICARAÍ,-22.9075784,-43.111789,end_only,0,17,0,17,0,0,0,1.0,,,Municipal,Municipal,Municipal -> Municipal,,,,,nao_concorreu_fim,,0.0,227.0,227.0,,concorreu,False,0.0,327.0,327.0,,concorreu,False,,
2016-2020,2016,2020,72,1678,ÁGUAS DE NITERÓI,ICARAÍ,-22.908792,-43.1031066,end_only,0,4,0,4,0,0,0,1.0,,,Municipal,Municipal,Municipal -> Municipal,,,,,nao_concorreu_fim,,0.0,47.0,47.0,,concorreu,False,0.0,65.0,65.0,,concorreu,False,,
2016-2020,2016,2020,72,1686,,,,,end_only,0,8,0,8,0,0,0,1.0,,,Municipal,Municipal,Municipal -> Municipal,,,,,nao_concorreu_fim,,0.0,116.0,116.0,,concorreu,False,0.0,167.0,167.0,,concorreu,False,,
2016-2020,2016,2020,72,1694,ESCOLA MUNICIPAL PROFESSOR PAULO DE ALMEIDA CAMPOS,ICARAÍ,-22.9047439,-43.1131555,end_only,0,4,0,4,0,0,0,1.0,,,Municipal,Municipal,Municipal -> Municipal,,,,,nao_concorreu_fim,,0.0,70.0,70.0,,concorreu,False,0.0,98.0,98.0,,concorreu,False,,
2016-2020,2016,2020,72,1708,ESCOLA MUNICIPAL JÚLIA CORTINES,ICARAÍ,-22.9043592,-43.1086717,end_only,0,6,0,6,0,0,0,1.0,,,Municipal,Municipal,Municipal -> Municipal,,,,,nao_concorreu_fim,,0.0,150.0,150.0,,concorreu,False,0.0,214.0,214.0,,concorreu,False,,
2016-2020,2016,2020,72,1716,QUINTAL TRAVESSIAS (ANTIGA ESCOLA VIVINFÂNCIA),ICARAÍ,-22.9079727,-43.1056898,end_only,0,3,0,3,0,0,0,1.0,,,Municipal,Municipal,Municipal -> Municipal,,,,,nao_concorreu_fim,,0.0,49.0,49.0,,concorreu,False,0.0,74.0,74.0,,concorreu,False,,
2016-2020,2016,2020,72,1724,AABB,SÃO FRANCISCO,-22.9172823,-43.0826083,end_only,0,8,0,8,0,0,0,1.0,,,Municipal,Municipal,Municipal -> Municipal,,,,,nao_concorreu_fim,,0.0,135.0,135.0,,concorreu,False,0.0,175.0,175.0,,concorreu,False,,
2016-2020,2016,2020,72,1732,CLUBE NAVAL,JURUJUBA,-22.935737,-43.1068139,end_only,0,20,0,20,0,0,0,1.0,,,Municipal,Municipal,Municipal -> Municipal,,,,,nao_concorreu_fim,,0.0,203.0,203.0,,concorreu,False,0.0,288.0,288.0,,concorreu,False,,
2016-2020,2016,2020,72,1740,COLÉGIO ZEROHUM,ICARAÍ,-22.9111671,-43.1073245,end_only,0,9,0,9,0,0,0,1.0,,,Municipal,Municipal,Municipal -> Municipal,,,,,nao_concorreu_fim,,0.0,120.0,120.0,,concorreu,False,0.0,174.0,174.0,,concorreu,False,,
2016-2020,2016,2020,72,1759,COLÉGIO MV1,ICARAÍ,-22.9079111,-43.1058651,end_only,0,17,0,17,0,0,0,1.0,,,Municipal,Municipal,Municipal -> Municipal,,,,,nao_concorreu_fim,,0.0,213.0,213.0,,concorreu,False,0.0,312.0,312.0,,concorreu,False,,
2016-2020,2016,2020,72,1767,COLÉGIO ASSUNÇÃO,SÃO FRANCISCO,-22.9208239,-43.0926525,end_only,0,15,0,15,0,0,0,1.0,,,Municipal,Municipal,Municipal -> Municipal,,,,,nao_concorreu_fim,,0.0,211.0,211.0,,concorreu,False,0.0,317.0,317.0,,concorreu,False,,
2016-2020,2016,2020,72,1775,COLÉGIO ESTADUAL CIZÍNIO SOARES PINTO,SÃO FRANCISCO,-22.9147594,-43.093934,end_only,0,7,0,7,0,0,0,1.0,,,Municipal,Municipal,Municipal -> Municipal,,,,,nao_concorreu_fim,,0.0,128.0,128.0,,concorreu,False,0.0,177.0,177.0,,concorreu,False,,
2016-2020,2016,2020,72,1783,SOCIEDADE BRASILEIRA DE CULTURA INGLESA,ICARAÍ,-22.9075527,-43.1111859,end_only,0,4,0,4,0,0,0,1.0,,,Municipal,Municipal,Municipal -> Municipal,,,,,nao_concorreu_fim,,0.0,57.0,57.0,,concorreu,False,0.0,87.0,87.0,,concorreu,False,,
2018-2022,2018,2022,144,1023,,,,,both,4,4,4,0,0,0,0,0.0,,,Geral,Geral,Geral -> Geral,1.0,1.0,0.0,0.0,concorreu,False,8.0,2.0,-6.0,-75.0,concorreu,True,327.0,64.0,-263.0,-80.43,concorreu,False,0.0,0.0
2018-2022,2018,2022,144,1031,COLÉGIO PEDRO II CAMPUS NITERÓI,BARRETO,-22.8685685,-43.1037833,both,11,27,11,16,0,16,0,0.5926,"[{""nr_zona"": ""144"", ""nr_local"": ""1430"", ""nm_local"": """", ""count"": 16, ""secoes"": [""81"", ""82"", ""94"", ""96"", ""97"", ""98"", ""99"", ""100"", ""101"", ""102"", ""103"", ""104"", ""108"", ""110"", ""125"", ""128""]}]",,Geral,Geral,Geral -> Geral,18.0,6.0,-12.0,-66.67,concorreu,False,45.0,72.0,27.0,60.0,concorreu,True,970.0,578.0,-392.0,-40.41,concorreu,False,-12.0,12.0
2018-2022,2018,2022,144,1090,ESCOLA TÉCNICA ESTADUAL HENRIQUE LAGE,BARRETO,-22.8621355,-43.0979546,both,14,7,7,0,7,0,0,0.5,,,Geral,Geral,Geral -> Geral,11.0,8.0,-3.0,-27.27,concorreu,False,41.0,29.0,-12.0,-29.27,concorreu,True,992.0,278.0,-714.0,-71.98,concorreu,False,-3.0,3.0
2018-2022,2018,2022,144,1104,ESCOLA MUNICIPAL ALTIVO CESAR,BARRETO,-22.8645343,-43.0995714,both,11,11,11,0,0,0,0,0.0,,,Geral,Geral,Geral -> Geral,11.0,5.0,-6.0,-54.55,concorreu,False,53.0,44.0,-9.0,-16.98,concorreu,True,1005.0,317.0,-688.0,-68.46,concorreu,False,-6.0,6.0
2018-2022,2018,2022,144,1112,,,,,both,5,5,5,0,0,0,0,0.0,,,Geral,Geral,Geral -> Geral,1.0,3.0,2.0,200.0,concorreu,False,22.0,9.0,-13.0,-59.09,concorreu,True,469.0,93.0,-376.0,-80.17,concorreu,False,2.0,2.0
2018-2022,2018,2022,144,1163,COLÉGIO ESTADUAL CONSELHEIRO MACEDO SOARES,BARRETO,-22.8622231,-43.0924035,both,9,9,9,0,0,0,0,0.0,,,Geral,Geral,Geral -> Geral,8.0,4.0,-4.0,-50.0,concorreu,False,20.0,24.0,4.0,20.0,concorreu,True,999.0,247.0,-752.0,-75.28,concorreu,False,-4.0,4.0
2018-2022,2018,2022,144,1171,ESCOLA ESTADUAL MENEZES VIEIRA,BARRETO,-22.8693286,-43.1032004,both,7,7,7,0,0,0,0,0.0,,,Geral,Geral,Geral -> Geral,3.0,2.0,-1.0,-33.33,concorreu,False,35.0,43.0,8.0,22.86,concorreu,True,697.0,157.0,-540.0,-77.47,concorreu,False,-1.0,1.0
2018-2022,2018,2022,144,1201,,,,,both,3,2,1,1,2,0,0,1.0,,,Geral,Geral,Geral -> Geral,1.0,2.0,1.0,100.0,concorreu,False,6.0,8.0,2.0,33.33,concorreu,True,225.0,67.0,-158.0,-70.22,concorreu,False,1.0,1.0
2018-2022,2018,2022,144,1210,UMEI THEREZINHA KALIL PETRUS (ANTIGO TIO SAM),BARRETO,-22.8719306,-43.104502,both,12,12,12,0,0,0,0,0.0,,,Geral,Geral,Geral -> Geral,11.0,14.0,3.0,27.27,concorreu,False,48.0,54.0,6.0,12.5,concorreu,True,1194.0,326.0,-868.0,-72.7,concorreu,False,3.0,3.0
2018-2022,2018,2022,144,1236,COLÉGIO ESTADUAL MULLULO DA VEIGA,ENGENHOCA,-22.8708282,-43.0988892,both,11,11,11,0,0,0,0,0.0,,,Geral,Geral,Geral -> Geral,16.0,4.0,-12.0,-75.0,concorreu,False,48.0,23.0,-25.0,-52.08,concorreu,True,951.0,214.0,-737.0,-77.5,concorreu,False,-12.0,12.0
2018-2022,2018,2022,144,1252,,,,,both,13,7,7,0,6,0,0,0.4615,,,Geral,Geral,Geral -> Geral,10.0,8.0,-2.0,-20.0,concorreu,False,39.0,35.0,-4.0,-10.26,concorreu,True,983.0,191.0,-792.0,-80.57,concorreu,False,-2.0,2.0
2018-2022,2018,2022,144,1317,IGREJA BATISTA BETEL DE NITERÓI,ENGENHOCA,-22.8716138,-43.096026,both,5,5,5,0,0,0,0,0.0,,,Geral,Geral,Geral -> Geral,4.0,1.0,-3.0,-75.0,concorreu,False,27.0,17.0,-10.0,-37.04,concorreu,True,500.0,128.0,-372.0,-74.4,concorreu,False,-3.0,3.0
2018-2022,2018,2022,144,1350,,,,,both,3,3,3,0,0,0,0,0.0,,,Geral,Geral,Geral -> Geral,3.0,1.0,-2.0,-66.67,concorreu,False,12.0,6.0,-6.0,-50.0,concorreu,True,250.0,58.0,-192.0,-76.8,concorreu,False,-2.0,2.0
2018-2022,2018,2022,144,1406,COLÉGIO NITERÓI,ENGENHOCA,-22.8706133,-43.1018717,both,6,6,6,0,0,0,0,0.0,,,Geral,Geral,Geral -> Geral,2.0,4.0,2.0,100.0,concorreu,False,29.0,13.0,-16.0,-55.17,concorreu,True,605.0,132.0,-473.0,-78.18,concorreu,False,2.0,2.0
2018-2022,2018,2022,144,1430,,,,,start_only,16,0,0,0,16,0,16,1.0,,"[{""nr_zona"": ""144"", ""nr_local"": ""1031"", ""nm_local"": ""COLÉGIO PEDRO II CAMPUS NITERÓI"", ""count"": 16, ""secoes"": [""81"", ""82"", ""94"", ""96"", ""97"", ""98"", ""99"", ""100"", ""101"", ""102"", ""103"", ""104"", ""108"", ""110"", ""125"", ""128""]}]",Geral,Geral,Geral -> Geral,23.0,0.0,-23.0,-100.0,concorreu,False,67.0,0.0,-67.0,-100.0,concorreu,True,1285.0,0.0,-1285.0,-100.0,concorreu,False,-23.0,23.0
2018-2022,2018,2022,144,1449,INSTITUTO SÃO BENTO DE NITEROI,SANTA ROSA,-22.8968349,-43.1000967,both,11,11,11,0,0,0,0,0.0,,,Geral,Geral,Geral -> Geral,14.0,12.0,-2.0,-14.29,concorreu,False,83.0,72.0,-11.0,-13.25,concorreu,True,1016.0,451.0,-565.0,-55.61,concorreu,False,-2.0,2.0
2018-2022,2018,2022,144,1457,ESCOLA ESTADUAL MACHADO DE ASSIS,FONSECA,-22.8836374,-43.0857092,both,13,13,13,0,0,0,0,0.0,,,Geral,Geral,Geral -> Geral,1.0,10.0,9.0,900.0,concorreu,False,63.0,44.0,-19.0,-30.16,concorreu,True,1343.0,442.0,-901.0,-67.09,concorreu,False,9.0,9.0
2018-2022,2018,2022,144,1465,,,,,start_only,1,0,0,0,1,0,1,1.0,,"[{""nr_zona"": ""144"", ""nr_local"": ""1627"", ""nm_local"": ""ESCOLA ESTADUAL DOUTOR JAYME MEMORIA"", ""count"": 1, ""secoes"": [""162""]}]",Geral,Geral,Geral -> Geral,0.0,0.0,0.0,,concorreu,False,2.0,0.0,-2.0,-100.0,concorreu,True,70.0,0.0,-70.0,-100.0,concorreu,False,0.0,0.0
2018-2022,2018,2022,144,1473,ESCOLA ESTADUAL JOSE BONIFACIO,FONSECA,-22.8831949,-43.1060172,both,15,15,15,0,0,0,0,0.0,,,Geral,Geral,Geral -> Geral,17.0,9.0,-8.0,-47.06,concorreu,False,72.0,61.0,-11.0,-15.28,concorreu,True,1411.0,484.0,-927.0,-65.7,concorreu,False,-8.0,8.0
2018-2022,2018,2022,144,1481,,,,,both,11,11,11,0,0,0,0,0.0,,,Geral,Geral,Geral -> Geral,5.0,13.0,8.0,160.0,concorreu,False,37.0,23.0,-14.0,-37.84,concorreu,True,869.0,285.0,-584.0,-67.2,concorreu,False,8.0,8.0
2018-2022,2018,2022,144,1490,IGREJA BATISTA DO FONSECA,FONSECA,-22.8810878,-43.0865383,both,5,5,5,0,0,0,0,0.0,,,Geral,Geral,Geral -> Geral,3.0,4.0,1.0,33.33,concorreu,False,21.0,18.0,-3.0,-14.29,concorreu,True,526.0,166.0,-360.0,-68.44,concorreu,False,1.0,1.0
2018-2022,2018,2022,144,1503,ESCOLA ESTADUAL SÃO DOMINGOS SÁVIO,SANTA ROSA,-22.8988024,-43.0928214,both,7,7,7,0,0,0,0,0.0,,,Geral,Geral,Geral -> Geral,11.0,11.0,0.0,0.0,concorreu,False,76.0,51.0,-25.0,-32.89,concorreu,True,616.0,249.0,-367.0,-59.58,concorreu,False,0.0,0.0
2018-2022,2018,2022,144,1511,COP REDE DE ENSINO (ANTIGO COLÉGIO OPÇÃO),FONSECA,-22.8814198,-43.0895121,both,4,4,4,0,0,0,0,0.0,,,Geral,Geral,Geral -> Geral,4.0,5.0,1.0,25.0,concorreu,False,16.0,10.0,-6.0,-37.5,concorreu,True,385.0,111.0,-274.0,-71.17,concorreu,False,1.0,1.0
2018-2022,2018,2022,144,1520,,,,,both,3,2,1,1,2,0,0,1.0,,,Geral,Geral,Geral -> Geral,0.0,2.0,2.0,,concorreu,False,11.0,6.0,-5.0,-45.45,concorreu,True,206.0,54.0,-152.0,-73.79,concorreu,False,2.0,2.0
2018-2022,2018,2022,144,1546,,,,,both,4,4,4,0,0,0,0,0.0,,,Geral,Geral,Geral -> Geral,5.0,3.0,-2.0,-40.0,concorreu,False,26.0,9.0,-17.0,-65.38,concorreu,True,393.0,168.0,-225.0,-57.25,concorreu,False,-2.0,2.0
2018-2022,2018,2022,144,1554,ESCOLA MUNICIPAL PROFESSOR PAULO FREIRE,FONSECA,-22.8828529,-43.0824987,both,22,14,14,0,8,0,0,0.3636,,,Geral,Geral,Geral -> Geral,13.0,9.0,-4.0,-30.77,concorreu,False,89.0,64.0,-25.0,-28.09,concorreu,True,1847.0,538.0,-1309.0,-70.87,concorreu,False,-4.0,4.0
2018-2022,2018,2022,144,1562,LBV LEGIÃO DA BOA VONTADE,FONSECA,-22.8811009,-43.0979899,both,6,6,6,0,0,0,0,0.0,,,Geral,Geral,Geral -> Geral,6.0,5.0,-1.0,-16.67,concorreu,False,22.0,21.0,-1.0,-4.55,concorreu,True,507.0,243.0,-264.0,-52.07,concorreu,False,-1.0,1.0
2018-2022,2018,2022,144,1570,HORTO DO FONSECA,FONSECA,-22.8823618,-43.0907682,both,13,13,13,0,0,0,0,0.0,,,Geral,Geral,Geral -> Geral,8.0,10.0,2.0,25.0,concorreu,False,40.0,40.0,0.0,0.0,concorreu,True,806.0,376.0,-430.0,-53.35,concorreu,False,2.0,2.0
2018-2022,2018,2022,144,1589,COLÉGIO NOSSA SENHORA DAS MERCÊS,FONSECA,-22.880345,-43.1023535,both,13,13,13,0,0,0,0,0.0,,,Geral,Geral,Geral -> Geral,19.0,14.0,-5.0,-26.32,concorreu,False,83.0,61.0,-22.0,-26.51,concorreu,True,1289.0,521.0,-768.0,-59.58,concorreu,False,-5.0,5.0
2018-2022,2018,2022,144,1597,ESCOLA ESTADUAL HILARIO RIBEIRO,FONSECA,-22.8813893,-43.0901745,both,9,8,8,0,1,0,0,0.1111,,,Geral,Geral,Geral -> Geral,8.0,1.0,-7.0,-87.5,concorreu,False,39.0,30.0,-9.0,-23.08,concorreu,True,866.0,256.0,-610.0,-70.44,concorreu,False,-7.0,7.0
2018-2022,2018,2022,144,1600,CIEP 251 - DONA MARIA PORTUGAL,BALDEADOR,-22.877013,-43.0557658,both,7,7,7,0,0,0,0,0.0,,,Geral,Geral,Geral -> Geral,3.0,5.0,2.0,66.67,concorreu,False,17.0,16.0,-1.0,-5.88,concorreu,True,779.0,154.0,-625.0,-80.23,concorreu,False,2.0,2.0
2018-2022,2018,2022,144,1627,ESCOLA ESTADUAL DOUTOR JAYME MEMORIA,CUBANGO,-22.88949,-43.0937712,both,11,13,11,2,0,1,0,0.1538,"[{""nr_zona"": ""144"", ""nr_local"": ""1465"", ""nm_local"": """", ""count"": 1, ""secoes"": [""162""]}]",,Geral,Geral,Geral -> Geral,8.0,19.0,11.0,137.5,concorreu,False,61.0,60.0,-1.0,-1.64,concorreu,True,1066.0,531.0,-535.0,-50.19,concorreu,False,11.0,11.0
2018-2022,2018,2022,144,1635,,,,,both,11,6,6,0,5,0,0,0.4545,,,Geral,Geral,Geral -> Geral,3.0,2.0,-1.0,-33.33,concorreu,False,32.0,18.0,-14.0,-43.75,concorreu,True,799.0,176.0,-623.0,-77.97,concorreu,False,-1.0,1.0
2018-2022,2018,2022,144,1643,,,,,both,3,3,3,0,0,0,0,0.0,,,Geral,Geral,Geral -> Geral,7.0,4.0,-3.0,-42.86,concorreu,False,16.0,14.0,-2.0,-12.5,concorreu,True,329.0,75.0,-254.0,-77.2,concorreu,False,-3.0,3.0
2018-2022,2018,2022,144,1651,PARÓQUIA SÃO LOURENÇO,FONSECA,-22.881317,-43.1088379,both,10,6,5,1,5,0,0,0.6,,,Geral,Geral,Geral -> Geral,14.0,4.0,-10.0,-71.43,concorreu,False,22.0,38.0,16.0,72.73,concorreu,True,822.0,221.0,-601.0,-73.11,concorreu,False,-10.0,10.0
2018-2022,2018,2022,144,1660,,,,,both,9,9,9,0,0,0,0,0.0,,,Geral,Geral,Geral -> Geral,2.0,5.0,3.0,150.0,concorreu,False,9.0,13.0,4.0,44.44,concorreu,True,988.0,294.0,-694.0,-70.24,concorreu,False,3.0,3.0
2018-2022,2018,2022,144,1678,,,,,both,5,5,5,0,0,0,0,0.0,,,Geral,Geral,Geral -> Geral,0.0,5.0,5.0,,concorreu,False,18.0,21.0,3.0,16.67,concorreu,True,617.0,106.0,-511.0,-82.82,concorreu,False,5.0,5.0
2018-2022,2018,2022,144,1686,COLÉGIO DA POLÍCIA MILITAR,FONSECA,-22.8818063,-43.0820149,both,9,5,5,0,4,0,0,0.4444,,,Geral,Geral,Geral -> Geral,2.0,5.0,3.0,150.0,concorreu,False,11.0,12.0,1.0,9.09,concorreu,True,671.0,192.0,-479.0,-71.39,concorreu,False,3.0,3.0
2018-2022,2018,2022,199,1015,COUNTRY CLUB DE NITEROI,VILA PROGRESSO,-22.8970192,-43.0347113,both,8,8,8,0,0,0,0,0.0,,,Geral,Geral,Geral -> Geral,9.0,8.0,-1.0,-11.11,concorreu,False,85.0,70.0,-15.0,-17.65,concorreu,True,660.0,358.0,-302.0,-45.76,concorreu,False,-1.0,1.0
2018-2022,2018,2022,199,1023,ESCOLA MUNICIPAL FELISBERTO DE CARVALHO,VILA PROGRESSO,-22.8970371,-43.0392212,both,6,6,6,0,0,0,0,0.0,,,Geral,Geral,Geral -> Geral,2.0,5.0,3.0,150.0,concorreu,False,46.0,34.0,-12.0,-26.09,concorreu,True,519.0,221.0,-298.0,-57.42,concorreu,False,3.0,3.0
2018-2022,2018,2022,199,1031,ESCOLA MUNICIPAL HONORINA DE CARVALHO,MARIA PAULA,-22.882289,-43.0265693,both,12,12,12,0,0,0,0,0.0,,,Geral,Geral,Geral -> Geral,8.0,11.0,3.0,37.5,concorreu,False,73.0,52.0,-21.0,-28.77,concorreu,True,1437.0,361.0,-1076.0,-74.88,concorreu,False,3.0,3.0
2018-2022,2018,2022,199,1066,COLÉGIO CENECISTA JULIO CESAR SOUZA BALTHAREJO,ITAIPU,-22.9646939,-43.0332117,both,7,7,7,0,0,0,0,0.0,,,Geral,Geral,Geral -> Geral,7.0,1.0,-6.0,-85.71,concorreu,False,183.0,148.0,-35.0,-19.13,concorreu,True,660.0,390.0,-270.0,-40.91,concorreu,False,-6.0,6.0
2018-2022,2018,2022,199,1074,COLÉGIO CURSO ZEROHUM ( ANT GAUSS),ITAIPU,-22.9427133,-43.0519956,both,9,9,9,0,0,0,0,0.0,,,Geral,Geral,Geral -> Geral,7.0,7.0,0.0,0.0,concorreu,False,133.0,89.0,-44.0,-33.08,concorreu,True,897.0,377.0,-520.0,-57.97,concorreu,False,0.0,0.0
2018-2022,2018,2022,199,1082,UMEI DR PAULO CESAR DE ALMEIDA PIMENTEL,ITAIPU,-22.9614459,-43.0327165,both,13,11,11,0,2,0,0,0.1538,,,Geral,Geral,Geral -> Geral,8.0,6.0,-2.0,-25.0,concorreu,False,127.0,83.0,-44.0,-34.65,concorreu,True,1017.0,311.0,-706.0,-69.42,concorreu,False,-2.0,2.0
2018-2022,2018,2022,199,1090,COLÉGIO ESTADUAL PROFESSORA ALCINA RODRIGUES LIMA,ITAIPU,-22.9528491,-43.0285072,both,14,14,14,0,0,0,0,0.0,,,Geral,Geral,Geral -> Geral,17.0,11.0,-6.0,-35.29,concorreu,False,164.0,98.0,-66.0,-40.24,concorreu,True,1364.0,403.0,-961.0,-70.45,concorreu,False,-6.0,6.0
2018-2022,2018,2022,199,1104,CURSO CNA- PIRATININGA,PIRATININGA,-22.9441523,-43.0589254,both,5,6,5,1,0,0,0,0.1667,,,Geral,Geral,Geral -> Geral,4.0,9.0,5.0,125.0,concorreu,False,68.0,56.0,-12.0,-17.65,concorreu,True,496.0,227.0,-269.0,-54.23,concorreu,False,5.0,5.0
2018-2022,2018,2022,199,1112,COLÉGIO SALESIANO REGIÃO OCEÂNICA,PIRATININGA,-22.9393022,-43.0618731,both,15,15,15,0,0,0,0,0.0,,,Geral,Geral,Geral -> Geral,10.0,13.0,3.0,30.0,concorreu,False,276.0,191.0,-85.0,-30.8,concorreu,True,2076.0,623.0,-1453.0,-69.99,concorreu,False,3.0,3.0
2018-2022,2018,2022,199,1120,COLÉGIO ESTADUAL ALMIRANTE TAMANDARÉ,PIRATININGA,-22.9512083,-43.0916732,both,11,11,11,0,0,0,0,0.0,,,Geral,Geral,Geral -> Geral,11.0,11.0,0.0,0.0,concorreu,False,162.0,83.0,-79.0,-48.77,concorreu,True,1226.0,303.0,-923.0,-75.29,concorreu,False,0.0,0.0
2018-2022,2018,2022,199,1139,ESCOLA MUNICIPAL FRANCISCO PORTUGAL NEVES,PIRATININGA,-22.942363,-43.056665,both,10,10,10,0,0,0,0,0.0,,,Geral,Geral,Geral -> Geral,13.0,16.0,3.0,23.08,concorreu,False,140.0,82.0,-58.0,-41.43,concorreu,True,1367.0,315.0,-1052.0,-76.96,concorreu,False,3.0,3.0
2018-2022,2018,2022,199,1155,COLÉGIO ITAPUCA,PIRATININGA,-22.9437854,-43.0593249,both,15,15,15,0,0,0,0,0.0,,,Geral,Geral,Geral -> Geral,13.0,15.0,2.0,15.38,concorreu,False,202.0,166.0,-36.0,-17.82,concorreu,True,1607.0,580.0,-1027.0,-63.91,concorreu,False,2.0,2.0
2018-2022,2018,2022,199,1163,ANDEF (EX FAETEC),RIO DO OURO,-22.8896379,-42.9978497,both,8,8,8,0,0,0,0,0.0,,,Geral,Geral,Geral -> Geral,0.0,2.0,2.0,,concorreu,False,13.0,25.0,12.0,92.31,concorreu,True,902.0,199.0,-703.0,-77.94,concorreu,False,2.0,2.0
2018-2022,2018,2022,199,1171,,,,,both,1,1,1,0,0,0,0,0.0,,,Geral,Geral,Geral -> Geral,0.0,2.0,2.0,,concorreu,False,13.0,1.0,-12.0,-92.31,concorreu,True,142.0,24.0,-118.0,-83.1,concorreu,False,2.0,2.0
2018-2022,2018,2022,199,1198,CIEP 448 RUY FRAZÃO SOARES,ITAIPU,-22.9356576,-43.0092644,both,13,13,13,0,0,0,0,0.0,,,Geral,Geral,Geral -> Geral,11.0,4.0,-7.0,-63.64,concorreu,False,129.0,69.0,-60.0,-46.51,concorreu,True,1704.0,424.0,-1280.0,-75.12,concorreu,False,-7.0,7.0
2018-2022,2018,2022,199,1244,COLÉGIO LAPLACE,PIRATININGA,-22.9425434,-43.05605,both,10,9,9,0,1,0,0,0.1,,,Geral,Geral,Geral -> Geral,3.0,17.0,14.0,466.67,concorreu,False,148.0,101.0,-47.0,-31.76,concorreu,True,1317.0,368.0,-949.0,-72.06,concorreu,False,14.0,14.0
2018-2022,2018,2022,199,1252,CIEP 307 DJANIRA,VÁRZEA DAS MOÇAS,-22.910323,-42.9852487,both,10,10,10,0,0,0,0,0.0,,,Geral,Geral,Geral -> Geral,16.0,5.0,-11.0,-68.75,concorreu,False,51.0,47.0,-4.0,-7.84,concorreu,True,1260.0,234.0,-1026.0,-81.43,concorreu,False,-11.0,11.0
2018-2022,2018,2022,199,1260,COLÉGIO PLUZ,SERRA GRANDE,-22.9287514,-43.0124453,both,10,13,10,3,0,0,0,0.2308,,,Geral,Geral,Geral -> Geral,9.0,10.0,1.0,11.11,concorreu,False,180.0,87.0,-93.0,-51.67,concorreu,True,1256.0,509.0,-747.0,-59.47,concorreu,False,1.0,1.0
2018-2022,2018,2022,199,1279,,,,,both,4,4,4,0,0,0,0,0.0,,,Geral,Geral,Geral -> Geral,5.0,6.0,1.0,20.0,concorreu,False,66.0,38.0,-28.0,-42.42,concorreu,True,363.0,156.0,-207.0,-57.02,concorreu,False,1.0,1.0
2018-2022,2018,2022,199,1287,ESCOLA MUNICIPAL PROF MARCOS WALDEMAR DE FREITAS REIS,ITAIPU,-22.9615628,-43.0330724,both,4,4,4,0,0,0,0,0.0,,,Geral,Geral,Geral -> Geral,3.0,1.0,-2.0,-66.67,concorreu,False,44.0,44.0,0.0,0.0,concorreu,True,305.0,161.0,-144.0,-47.21,concorreu,False,-2.0,2.0
2018-2022,2018,2022,199,1295,UMEI PROFA ODETE ROSA DA MOTA,ITAIPU,-22.9532368,-43.02859,both,7,7,7,0,0,0,0,0.0,,,Geral,Geral,Geral -> Geral,8.0,6.0,-2.0,-25.0,concorreu,False,101.0,54.0,-47.0,-46.53,concorreu,True,676.0,317.0,-359.0,-53.11,concorreu,False,-2.0,2.0
2018-2022,2018,2022,199,1317,COLÉGIO PAULO FREIRE,ENGENHO DO MATO,-22.9500178,-43.0246246,both,10,12,10,2,0,0,0,0.1667,,,Geral,Geral,Geral -> Geral,9.0,21.0,12.0,133.33,concorreu,False,127.0,105.0,-22.0,-17.32,concorreu,True,994.0,515.0,-479.0,-48.19,concorreu,False,12.0,12.0
2018-2022,2018,2022,199,1325,ESCOLA MUNICIPAL SÍTIO DO IPÊ,MARIA PAULA,-22.8821134,-43.0267087,both,3,4,3,1,0,0,0,0.25,,,Geral,Geral,Geral -> Geral,0.0,4.0,4.0,,concorreu,False,11.0,10.0,-1.0,-9.09,concorreu,True,315.0,144.0,-171.0,-54.29,concorreu,False,4.0,4.0
2018-2022,2018,2022,199,1333,,,,,both,2,3,2,1,0,0,0,0.3333,,,Geral,Geral,Geral -> Geral,0.0,6.0,6.0,,concorreu,False,23.0,24.0,1.0,4.35,concorreu,True,142.0,159.0,17.0,11.97,concorreu,False,6.0,6.0
2018-2022,2018,2022,199,1341,COLÉGIO OBJETIVO CAMBOINHAS,CAMBOINHAS,-22.9537053,-43.0584356,both,2,1,1,0,1,0,0,0.5,,,Geral,Geral,Geral -> Geral,2.0,5.0,3.0,150.0,concorreu,False,29.0,14.0,-15.0,-51.72,concorreu,True,128.0,63.0,-65.0,-50.78,concorreu,False,3.0,3.0
2018-2022,2018,2022,199,1350,ESCOLA MUNICIPAL MARALEGRE,CAFUBÁ,-22.9362723,-43.0724233,both,2,3,2,1,0,0,0,0.3333,,,Geral,Geral,Geral -> Geral,0.0,10.0,10.0,,concorreu,False,11.0,35.0,24.0,218.18,concorreu,True,126.0,118.0,-8.0,-6.35,concorreu,False,10.0,10.0
2018-2022,2018,2022,199,1368,UMEI PROFESSORA NINA RITA TORRES,PIRATININGA,-22.9519115,-43.0861872,both,2,4,2,2,0,0,0,0.5,,,Geral,Geral,Geral -> Geral,0.0,3.0,3.0,,concorreu,False,14.0,37.0,23.0,164.29,concorreu,True,163.0,137.0,-26.0,-15.95,concorreu,False,3.0,3.0
2018-2022,2018,2022,199,1384,UMEI OLGA BENÁRIO PRESTES,ENGENHO DO MATO,-22.9354086,-43.0086653,end_only,0,1,0,1,0,0,0,1.0,,,Geral,Geral,Geral -> Geral,0.0,0.0,0.0,,concorreu,False,0.0,0.0,0.0,,concorreu,True,0.0,32.0,32.0,,concorreu,False,0.0,0.0
2018-2022,2018,2022,199,1392,CULTURA INGLESA EM ITAIPU,ITAIPU,-22.9413685,-43.0533061,end_only,0,6,0,6,0,0,0,1.0,,,Geral,Geral,Geral -> Geral,0.0,14.0,14.0,,concorreu,False,0.0,38.0,38.0,,concorreu,True,0.0,241.0,241.0,,concorreu,False,14.0,14.0
2018-2022,2018,2022,71,1015,CENTRO EDUCACIONAL DE NITEROI - CENTRINHO,SANTA ROSA,-22.8965191,-43.1018339,both,11,11,11,0,0,0,0,0.0,,,Geral,Geral,Geral -> Geral,39.0,7.0,-32.0,-82.05,concorreu,False,340.0,228.0,-112.0,-32.94,concorreu,True,1007.0,690.0,-317.0,-31.48,concorreu,False,-32.0,32.0
2018-2022,2018,2022,71,1104,INSTITUTO MAIA VINAGRE,SANTA ROSA,-22.8976844,-43.1021103,both,9,9,9,0,0,0,0,0.0,,,Geral,Geral,Geral -> Geral,11.0,6.0,-5.0,-45.45,concorreu,False,124.0,111.0,-13.0,-10.48,concorreu,True,704.0,441.0,-263.0,-37.36,concorreu,False,-5.0,5.0
2018-2022,2018,2022,71,1244,ESCOLA ESTADUAL MANUEL DE ABREU,ICARAÍ,-22.9023086,-43.1071569,both,9,9,9,0,0,0,0,0.0,,,Geral,Geral,Geral -> Geral,7.0,7.0,0.0,0.0,concorreu,False,87.0,87.0,0.0,0.0,concorreu,True,640.0,426.0,-214.0,-33.44,concorreu,False,0.0,0.0
2018-2022,2018,2022,71,1260,INSTITUTO ABEL,ICARAÍ,-22.9004168,-43.1094942,both,16,17,16,1,0,0,0,0.0588,,,Geral,Geral,Geral -> Geral,20.0,16.0,-4.0,-20.0,concorreu,False,159.0,185.0,26.0,16.35,concorreu,True,1142.0,909.0,-233.0,-20.4,concorreu,False,-4.0,4.0
2018-2022,2018,2022,71,1295,COLEGIO SALESIANO SANTA ROSA,SANTA ROSA,-22.9016745,-43.0996973,both,17,17,17,0,0,0,0,0.0,,,Geral,Geral,Geral -> Geral,22.0,21.0,-1.0,-4.55,concorreu,False,161.0,141.0,-20.0,-12.42,concorreu,True,1483.0,776.0,-707.0,-47.67,concorreu,False,-1.0,1.0
2018-2022,2018,2022,71,1309,CURSO MARLY CURY,SANTA ROSA,-22.9054777,-43.1019227,both,11,11,11,0,0,0,0,0.0,,,Geral,Geral,Geral -> Geral,10.0,11.0,1.0,10.0,concorreu,False,102.0,103.0,1.0,0.98,concorreu,True,649.0,571.0,-78.0,-12.02,concorreu,False,1.0,1.0
2018-2022,2018,2022,71,1317,ESCOLA ESTADUAL BALTAZAR BERNARDINO,SANTA ROSA,-22.9032359,-43.1012931,both,9,9,9,0,0,0,0,0.0,,,Geral,Geral,Geral -> Geral,9.0,9.0,0.0,0.0,concorreu,False,73.0,50.0,-23.0,-31.51,concorreu,True,568.0,408.0,-160.0,-28.17,concorreu,False,0.0,0.0
2018-2022,2018,2022,71,1325,ESCOLA ESTADUAL GUILHERME BRIGGS,SANTA ROSA,-22.9053667,-43.0895767,both,15,15,15,0,0,0,0,0.0,,,Geral,Geral,Geral -> Geral,13.0,10.0,-3.0,-23.08,concorreu,False,134.0,103.0,-31.0,-23.13,concorreu,True,1497.0,914.0,-583.0,-38.94,concorreu,False,-3.0,3.0
2018-2022,2018,2022,71,1333,PARÓQUIA NOSSA SENHORA AUXILIADORA - CENTRO COMUNITÁRIO,SANTA ROSA,-22.9020239,-43.0994239,both,10,10,10,0,0,0,0,0.0,,,Geral,Geral,Geral -> Geral,8.0,5.0,-3.0,-37.5,concorreu,False,93.0,57.0,-36.0,-38.71,concorreu,True,694.0,373.0,-321.0,-46.25,concorreu,False,-3.0,3.0
2018-2022,2018,2022,71,1368,,,,,both,10,10,10,0,0,0,0,0.0,,,Geral,Geral,Geral -> Geral,16.0,11.0,-5.0,-31.25,concorreu,False,114.0,84.0,-30.0,-26.32,concorreu,True,632.0,484.0,-148.0,-23.42,concorreu,False,-5.0,5.0
2018-2022,2018,2022,71,1392,FACULDADE DE VETERINARIA DA UFF,VITAL BRASIL,-22.904908,-43.098407,both,14,14,14,0,0,0,0,0.0,,,Geral,Geral,Geral -> Geral,4.0,8.0,4.0,100.0,concorreu,False,130.0,112.0,-18.0,-13.85,concorreu,True,1078.0,678.0,-400.0,-37.11,concorreu,False,4.0,4.0
2018-2022,2018,2022,71,1414,UNIVERSIDADE SALGADO DE OLIVEIRA - BL B (PRÓXIMO AO GUANABARA),CENTRO,-22.8893447,-43.1172001,both,8,8,8,0,0,0,0,0.0,,,Geral,Geral,Geral -> Geral,5.0,6.0,1.0,20.0,concorreu,False,21.0,17.0,-4.0,-19.05,concorreu,True,572.0,149.0,-423.0,-73.95,concorreu,False,1.0,1.0
2018-2022,2018,2022,71,1422,CLUBE PORTUGUES DE NITEROI,SÃO DOMINGOS,-22.9021482,-43.1274594,both,6,6,6,0,0,0,0,0.0,,,Geral,Geral,Geral -> Geral,7.0,2.0,-5.0,-71.43,concorreu,False,72.0,36.0,-36.0,-50.0,concorreu,True,396.0,253.0,-143.0,-36.11,concorreu,False,-5.0,5.0
2018-2022,2018,2022,71,1430,COLEGIO ESTADUAL AURELINO LEAL,INGÁ,-22.9033321,-43.1254512,both,8,8,8,0,0,0,0,0.0,,,Geral,Geral,Geral -> Geral,5.0,5.0,0.0,0.0,concorreu,False,41.0,55.0,14.0,34.15,concorreu,True,496.0,293.0,-203.0,-40.93,concorreu,False,0.0,0.0
2018-2022,2018,2022,71,1449,COLÉGIO ESTADUAL ZULEIKA RAPÔSO VALLADARES (''COLÉGIO VELHO''),ILHA DA CONCEIÇÃO,-22.8729269,-43.1147506,both,7,7,7,0,0,0,0,0.0,,,Geral,Geral,Geral -> Geral,9.0,3.0,-6.0,-66.67,concorreu,False,39.0,26.0,-13.0,-33.33,concorreu,True,796.0,197.0,-599.0,-75.25,concorreu,False,-6.0,6.0
2018-2022,2018,2022,71,1457,,,,,both,4,4,4,0,0,0,0,0.0,,,Geral,Geral,Geral -> Geral,1.0,3.0,2.0,200.0,concorreu,False,31.0,11.0,-20.0,-64.52,concorreu,True,385.0,127.0,-258.0,-67.01,concorreu,False,2.0,2.0
2018-2022,2018,2022,71,1465,CENTRO UNIVERSITÁRIO ANHANGUERA (ANTIGO PLÍNIO LEITE),CENTRO,-22.8869267,-43.1245632,both,13,13,13,0,0,0,0,0.0,,,Geral,Geral,Geral -> Geral,11.0,7.0,-4.0,-36.36,concorreu,False,48.0,48.0,0.0,0.0,concorreu,True,1014.0,357.0,-657.0,-64.79,concorreu,False,-4.0,4.0
2018-2022,2018,2022,71,1473,,,,,start_only,6,0,0,0,6,0,6,1.0,,"[{""nr_zona"": ""71"", ""nr_local"": ""1600"", ""nm_local"": ""INSTITUTO DE EDUCAÇÃO PROFESSOR ISMAEL COUTINHO - IEPIC"", ""count"": 6, ""secoes"": [""263"", ""264"", ""265"", ""266"", ""267"", ""268""]}]",Geral,Geral,Geral -> Geral,10.0,0.0,-10.0,-100.0,concorreu,False,30.0,0.0,-30.0,-100.0,concorreu,True,350.0,0.0,-350.0,-100.0,concorreu,False,-10.0,10.0
2018-2022,2018,2022,71,1481,ESCOLA MUNICIPAL MAESTRO HEITOR VILLA-LOBOS (''COLÉGIO NOVO''),ILHA DA CONCEIÇÃO,-22.8731482,-43.1156463,both,9,9,9,0,0,0,0,0.0,,,Geral,Geral,Geral -> Geral,10.0,2.0,-8.0,-80.0,concorreu,False,54.0,30.0,-24.0,-44.44,concorreu,True,832.0,241.0,-591.0,-71.03,concorreu,False,-8.0,8.0
2018-2022,2018,2022,71,1503,,,,,start_only,2,0,0,0,2,0,1,1.0,,"[{""nr_zona"": ""71"", ""nr_local"": ""1600"", ""nm_local"": ""INSTITUTO DE EDUCAÇÃO PROFESSOR ISMAEL COUTINHO - IEPIC"", ""count"": 1, ""secoes"": [""445""]}]",Geral,Geral,Geral -> Geral,7.0,0.0,-7.0,-100.0,concorreu,False,5.0,0.0,-5.0,-100.0,concorreu,True,122.0,0.0,-122.0,-100.0,concorreu,False,-7.0,7.0
2018-2022,2018,2022,71,1511,FACULDADE DE ADMINISTRAÇÃO E CIÊNCIAS CONTÁBEIS (VALONGUINHO),CENTRO,-22.8967413,-43.1252439,both,14,7,7,0,7,0,0,0.5,,,Geral,Geral,Geral -> Geral,6.0,11.0,5.0,83.33,concorreu,False,60.0,48.0,-12.0,-20.0,concorreu,True,855.0,360.0,-495.0,-57.89,concorreu,False,5.0,5.0
2018-2022,2018,2022,71,1520,LOJA MAÇÔNICA EVOLUÇÃO 2,PONTA D'AREIA,-22.8825872,-43.122934,both,4,4,4,0,0,0,0,0.0,,,Geral,Geral,Geral -> Geral,1.0,3.0,2.0,200.0,concorreu,False,22.0,20.0,-2.0,-9.09,concorreu,True,394.0,134.0,-260.0,-65.99,concorreu,False,2.0,2.0
2018-2022,2018,2022,71,1538,,,,,start_only,11,0,0,0,11,0,3,1.0,,"[{""nr_zona"": ""71"", ""nr_local"": ""1678"", ""nm_local"": ""LICEU NILO PEÇANHA"", ""count"": 3, ""secoes"": [""309"", ""310"", ""313""]}]",Geral,Geral,Geral -> Geral,6.0,0.0,-6.0,-100.0,concorreu,False,32.0,0.0,-32.0,-100.0,concorreu,True,429.0,0.0,-429.0,-100.0,concorreu,False,-6.0,6.0
2018-2022,2018,2022,71,1546,UNIVERSIDADE SALGADO DE OLIVEIRA - BL A,CENTRO,-22.8894749,-43.1186087,both,17,9,7,2,10,0,0,0.7059,,,Geral,Geral,Geral -> Geral,9.0,15.0,6.0,66.67,concorreu,False,77.0,42.0,-35.0,-45.45,concorreu,True,1000.0,308.0,-692.0,-69.2,concorreu,False,6.0,6.0
2018-2022,2018,2022,71,1554,FACULDADE DE ENGENHARIA DA UFF,SÃO DOMINGOS,-22.903848,-43.1302712,both,6,6,6,0,0,0,0,0.0,,,Geral,Geral,Geral -> Geral,14.0,1.0,-13.0,-92.86,concorreu,False,55.0,37.0,-18.0,-32.73,concorreu,True,385.0,223.0,-162.0,-42.08,concorreu,False,-13.0,13.0
2018-2022,2018,2022,71,1562,COLEGIO ESTADUAL RAUL VIDAL,CENTRO,-22.8862372,-43.1242688,both,12,12,12,0,0,0,0,0.0,,,Geral,Geral,Geral -> Geral,20.0,10.0,-10.0,-50.0,concorreu,False,42.0,33.0,-9.0,-21.43,concorreu,True,835.0,215.0,-620.0,-74.25,concorreu,False,-10.0,10.0
2018-2022,2018,2022,71,1570,COLÉGIO UNIVERSÍTÁRIO DA UFF (CIEP GRAGOATÁ),SÃO DOMINGOS,-22.900281,-43.1316649,both,4,4,4,0,0,0,0,0.0,,,Geral,Geral,Geral -> Geral,1.0,0.0,-1.0,-100.0,concorreu,False,15.0,15.0,0.0,0.0,concorreu,True,221.0,86.0,-135.0,-61.09,concorreu,False,-1.0,1.0
2018-2022,2018,2022,71,1589,,,,,start_only,5,0,0,0,5,0,5,1.0,,"[{""nr_zona"": ""71"", ""nr_local"": ""1619"", ""nm_local"": ""COLEGIO SAO VICENTE DE PAULO"", ""count"": 5, ""secoes"": [""355"", ""356"", ""357"", ""358"", ""359""]}]",Geral,Geral,Geral -> Geral,12.0,0.0,-12.0,-100.0,concorreu,False,40.0,0.0,-40.0,-100.0,concorreu,True,304.0,0.0,-304.0,-100.0,concorreu,False,-12.0,12.0
2018-2022,2018,2022,71,1597,ESCOLA MUNICIPAL SANTOS DUMONT,FÁTIMA,-22.8954125,-43.1094692,both,6,6,6,0,0,0,0,0.0,,,Geral,Geral,Geral -> Geral,4.0,1.0,-3.0,-75.0,concorreu,False,33.0,19.0,-14.0,-42.42,concorreu,True,448.0,124.0,-324.0,-72.32,concorreu,False,-3.0,3.0
2018-2022,2018,2022,71,1600,INSTITUTO DE EDUCAÇÃO PROFESSOR ISMAEL COUTINHO - IEPIC,SÃO DOMINGOS,-22.8989767,-43.1271052,both,11,16,4,12,7,11,0,1.1875,"[{""nr_zona"": ""71"", ""nr_local"": ""1473"", ""nm_local"": """", ""count"": 6, ""secoes"": [""263"", ""264"", ""265"", ""266"", ""267"", ""268""]}, {""nr_zona"": ""71"", ""nr_local"": ""1686"", ""nm_local"": """", ""count"": 4, ""secoes"": [""436"", ""437"", ""438"", ""439""]}, {""nr_zona"": ""71"", ""nr_local"": ""1503"", ""nm_local"": """", ""count"": 1, ""secoes"": [""445""]}]",,Geral,Geral,Geral -> Geral,2.0,19.0,17.0,850.0,concorreu,False,20.0,49.0,29.0,145.0,concorreu,True,361.0,455.0,94.0,26.04,concorreu,False,17.0,17.0
2018-2022,2018,2022,71,1619,COLEGIO SAO VICENTE DE PAULO,ICARAÍ,-22.902041,-43.1146235,both,15,12,7,5,8,5,0,0.8667,"[{""nr_zona"": ""71"", ""nr_local"": ""1589"", ""nm_local"": """", ""count"": 5, ""secoes"": [""355"", ""356"", ""357"", ""358"", ""359""]}]",,Geral,Geral,Geral -> Geral,12.0,12.0,0.0,0.0,concorreu,False,75.0,99.0,24.0,32.0,concorreu,True,446.0,536.0,90.0,20.18,concorreu,False,0.0,0.0
2018-2022,2018,2022,71,1627,REITORIA DA UFF,ICARAÍ,-22.9031771,-43.1164314,both,3,3,3,0,0,0,0,0.0,,,Geral,Geral,Geral -> Geral,5.0,1.0,-4.0,-80.0,concorreu,False,32.0,35.0,3.0,9.38,concorreu,True,158.0,172.0,14.0,8.86,concorreu,False,-4.0,4.0
2018-2022,2018,2022,71,1643,JARDIM DE INFÂNCIA ALBERTO DE OLIVEIRA,CENTRO,-22.8927568,-43.11592,both,4,2,2,0,2,0,0,0.5,,,Geral,Geral,Geral -> Geral,0.0,1.0,1.0,,concorreu,False,11.0,4.0,-7.0,-63.64,concorreu,True,155.0,42.0,-113.0,-72.9,concorreu,False,1.0,1.0
2018-2022,2018,2022,71,1651,FACULDADE DE ENFERMAGEM DA UFF,CENTRO,-22.895302,-43.1167706,both,6,3,2,1,4,0,0,0.8333,,,Geral,Geral,Geral -> Geral,4.0,3.0,-1.0,-25.0,concorreu,False,16.0,25.0,9.0,56.25,concorreu,True,263.0,128.0,-135.0,-51.33,concorreu,False,-1.0,1.0
2018-2022,2018,2022,71,1660,FACULDADE DE DIREITO DA UFF - UFF - DIREITO 1,INGÁ,-22.9035832,-43.1258853,both,12,12,12,0,0,0,0,0.0,,,Geral,Geral,Geral -> Geral,21.0,13.0,-8.0,-38.1,concorreu,False,78.0,72.0,-6.0,-7.69,concorreu,True,746.0,452.0,-294.0,-39.41,concorreu,False,-8.0,8.0
2018-2022,2018,2022,71,1678,LICEU NILO PEÇANHA,CENTRO,-22.8935707,-43.1165611,both,15,14,9,5,6,3,0,0.7333,"[{""nr_zona"": ""71"", ""nr_local"": ""1538"", ""nm_local"": """", ""count"": 3, ""secoes"": [""309"", ""310"", ""313""]}]",,Geral,Geral,Geral -> Geral,13.0,10.0,-3.0,-23.08,concorreu,False,69.0,58.0,-11.0,-15.94,concorreu,True,866.0,470.0,-396.0,-45.73,concorreu,False,-3.0,3.0
2018-2022,2018,2022,71,1686,,,,,start_only,4,0,0,0,4,0,4,1.0,,"[{""nr_zona"": ""71"", ""nr_local"": ""1600"", ""nm_local"": ""INSTITUTO DE EDUCAÇÃO PROFESSOR ISMAEL COUTINHO - IEPIC"", ""count"": 4, ""secoes"": [""436"", ""437"", ""438"", ""439""]}]",Geral,Geral,Geral -> Geral,2.0,0.0,-2.0,-100.0,concorreu,False,12.0,0.0,-12.0,-100.0,concorreu,True,80.0,0.0,-80.0,-100.0,concorreu,False,-2.0,2.0
2018-2022,2018,2022,71,1694,RIO CRICKET,INGÁ,-22.8997052,-43.1133665,both,5,5,5,0,0,0,0,0.0,,,Geral,Geral,Geral -> Geral,8.0,8.0,0.0,0.0,concorreu,False,51.0,42.0,-9.0,-17.65,concorreu,True,454.0,237.0,-217.0,-47.8,concorreu,False,0.0,0.0
2018-2022,2018,2022,72,1015,INSTITUTO JCA,SANTA BARBARA,-22.882301,-43.0585179,both,15,8,8,0,7,0,0,0.4667,,,Geral,Geral,Geral -> Geral,3.0,2.0,-1.0,-33.33,concorreu,False,36.0,19.0,-17.0,-47.22,concorreu,True,1623.0,304.0,-1319.0,-81.27,concorreu,False,-1.0,1.0
2018-2022,2018,2022,72,1040,COLÉGIO ESTADUAL DAVID CAPISTRANO,SANTA BARBARA,-22.8768468,-43.0480155,both,17,17,17,0,0,0,0,0.0,,,Geral,Geral,Geral -> Geral,3.0,4.0,1.0,33.33,concorreu,False,51.0,27.0,-24.0,-47.06,concorreu,True,2222.0,400.0,-1822.0,-82.0,concorreu,False,1.0,1.0
2018-2022,2018,2022,72,1074,COLEGIO ESTADUAL PAULO ASSIS RIBEIRO,BADU,-22.9068537,-43.0573891,both,18,18,18,0,0,0,0,0.0,,,Geral,Geral,Geral -> Geral,9.0,13.0,4.0,44.44,concorreu,False,117.0,93.0,-24.0,-20.51,concorreu,True,2593.0,636.0,-1957.0,-75.47,concorreu,False,4.0,4.0
2018-2022,2018,2022,72,1112,ESCOLA ESTADUAL LEOPOLDO FROES,LARGO DA BATALHA,-22.9100474,-43.0677553,both,18,18,18,0,0,0,0,0.0,,,Geral,Geral,Geral -> Geral,12.0,6.0,-6.0,-50.0,concorreu,False,123.0,73.0,-50.0,-40.65,concorreu,True,2337.0,436.0,-1901.0,-81.34,concorreu,False,-6.0,6.0
2018-2022,2018,2022,72,1147,ESCOLA MUNICIPAL VERA LUCIA MACHADO,BADU,-22.9045,-43.0500355,both,8,8,8,0,0,0,0,0.0,,,Geral,Geral,Geral -> Geral,1.0,8.0,7.0,700.0,concorreu,False,42.0,13.0,-29.0,-69.05,concorreu,True,1117.0,258.0,-859.0,-76.9,concorreu,False,7.0,7.0
2018-2022,2018,2022,72,1171,ESCOLA MUNICIPAL ANTONIO COUTINHO DE AZEVEDO,SANTA BARBARA,-22.8756043,-43.04869,both,9,9,9,0,0,0,0,0.0,,,Geral,Geral,Geral -> Geral,10.0,6.0,-4.0,-40.0,concorreu,False,28.0,11.0,-17.0,-60.71,concorreu,True,1094.0,188.0,-906.0,-82.82,concorreu,False,-4.0,4.0
2018-2022,2018,2022,72,1180,ESCOLA MUNICIPAL RACHIDE DA GLORIA SALIM SAKER,SANTA BARBARA,-22.8766134,-43.0488967,both,8,8,8,0,0,0,0,0.0,,,Geral,Geral,Geral -> Geral,9.0,3.0,-6.0,-66.67,concorreu,False,34.0,10.0,-24.0,-70.59,concorreu,True,1098.0,149.0,-949.0,-86.43,concorreu,False,-6.0,6.0
2018-2022,2018,2022,72,1368,ESCOLA MUNICIPAL VILA COSTA MONTEIRO,ITITIOCA,-22.8963335,-43.077802,both,11,11,11,0,0,0,0,0.0,,,Geral,Geral,Geral -> Geral,14.0,15.0,1.0,7.14,concorreu,False,85.0,42.0,-43.0,-50.59,concorreu,True,1383.0,219.0,-1164.0,-84.16,concorreu,False,1.0,1.0
2018-2022,2018,2022,72,1449,CIEP 450 - BADU,BADU,-22.9071974,-43.0566124,both,19,19,19,0,0,0,0,0.0,,,Geral,Geral,Geral -> Geral,2.0,26.0,24.0,1200.0,concorreu,False,106.0,95.0,-11.0,-10.38,concorreu,True,2380.0,694.0,-1686.0,-70.84,concorreu,False,24.0,24.0
2018-2022,2018,2022,72,1473,COLÉGIO FORUM CULTURAL,CANTAGALO,-22.9163184,-43.0490094,both,10,10,10,0,0,0,0,0.0,,,Geral,Geral,Geral -> Geral,5.0,3.0,-2.0,-40.0,concorreu,False,68.0,49.0,-19.0,-27.94,concorreu,True,1411.0,235.0,-1176.0,-83.35,concorreu,False,-2.0,2.0
2018-2022,2018,2022,72,1520,ESCOLA MUNICIPAL LEVI CARNEIRO,SAPÊ,-22.8961721,-43.0583864,both,15,15,15,0,0,0,0,0.0,,,Geral,Geral,Geral -> Geral,11.0,9.0,-2.0,-18.18,concorreu,False,99.0,92.0,-7.0,-7.07,concorreu,True,2471.0,520.0,-1951.0,-78.96,concorreu,False,-2.0,2.0
2018-2022,2018,2022,72,1538,ESCOLA CATAVENTO ESPAÇO DE EDUCAÇÃO,SAPÊ,-22.9024713,-43.0635188,both,4,4,4,0,0,0,0,0.0,,,Geral,Geral,Geral -> Geral,1.0,2.0,1.0,100.0,concorreu,False,24.0,22.0,-2.0,-8.33,concorreu,True,525.0,158.0,-367.0,-69.9,concorreu,False,1.0,1.0
2018-2022,2018,2022,72,1546,COLÉGIO GOMES PEREIRA,LARGO DA BATALHA,-22.9081863,-43.0665152,both,4,4,4,0,0,0,0,0.0,,,Geral,Geral,Geral -> Geral,0.0,4.0,4.0,,concorreu,False,30.0,22.0,-8.0,-26.67,concorreu,True,487.0,111.0,-376.0,-77.21,concorreu,False,4.0,4.0
2018-2022,2018,2022,72,1554,CENTRO EDUCACIONAL GIRASSÓIS,LARGO DA BATALHA,-22.9077414,-43.0652722,both,6,6,6,0,0,0,0,0.0,,,Geral,Geral,Geral -> Geral,1.0,3.0,2.0,200.0,concorreu,False,37.0,42.0,5.0,13.51,concorreu,True,766.0,223.0,-543.0,-70.89,concorreu,False,2.0,2.0
2018-2022,2018,2022,72,1562,ESCOLA MUNICIPAL HELENA ANTIPOFF,SÃO FRANCISCO,-22.9129237,-43.0786396,both,5,5,5,0,0,0,0,0.0,,,Geral,Geral,Geral -> Geral,1.0,3.0,2.0,200.0,concorreu,False,14.0,29.0,15.0,107.14,concorreu,True,607.0,177.0,-430.0,-70.84,concorreu,False,2.0,2.0
2018-2022,2018,2022,72,1570,IGREJA DO SANTUARIO NACIONAL DAS ALMAS,ICARAÍ,-22.9004522,-43.1107182,both,8,8,8,0,0,0,0,0.0,,,Geral,Geral,Geral -> Geral,7.0,7.0,0.0,0.0,concorreu,False,76.0,46.0,-30.0,-39.47,concorreu,True,485.0,277.0,-208.0,-42.89,concorreu,False,0.0,0.0
2018-2022,2018,2022,72,1589,INSTITUTO GAY-LUSSAC,SÃO FRANCISCO,-22.9168331,-43.0892838,both,8,8,8,0,0,0,0,0.0,,,Geral,Geral,Geral -> Geral,16.0,4.0,-12.0,-75.0,concorreu,False,100.0,73.0,-27.0,-27.0,concorreu,True,489.0,414.0,-75.0,-15.34,concorreu,False,-12.0,12.0
2018-2022,2018,2022,72,1597,COLÉGIO PONTO DE ENSINO,ICARAÍ,-22.9092421,-43.1095209,both,10,10,10,0,0,0,0,0.0,,,Geral,Geral,Geral -> Geral,19.0,5.0,-14.0,-73.68,concorreu,False,105.0,71.0,-34.0,-32.38,concorreu,True,673.0,433.0,-240.0,-35.66,concorreu,False,-14.0,14.0
2018-2022,2018,2022,72,1600,,,,,both,3,3,3,0,0,0,0,0.0,,,Geral,Geral,Geral -> Geral,4.0,3.0,-1.0,-25.0,concorreu,False,15.0,16.0,1.0,6.67,concorreu,True,153.0,118.0,-35.0,-22.88,concorreu,False,-1.0,1.0
2018-2022,2018,2022,72,1619,COLEGIO ESTADUAL JOAQUIM TAVORA,ICARAÍ,-22.9048788,-43.1081976,both,15,8,8,0,7,0,0,0.4667,,,Geral,Geral,Geral -> Geral,12.0,4.0,-8.0,-66.67,concorreu,False,76.0,75.0,-1.0,-1.32,concorreu,True,608.0,373.0,-235.0,-38.65,concorreu,False,-8.0,8.0
2018-2022,2018,2022,72,1627,ESCOLA MUNICIPAL PROFESSORA LUCIA MARIA SILVEIRA ROCHA,JURUJUBA,-22.9317575,-43.1166302,both,8,8,8,0,0,0,0,0.0,,,Geral,Geral,Geral -> Geral,2.0,8.0,6.0,300.0,concorreu,False,43.0,32.0,-11.0,-25.58,concorreu,True,1024.0,179.0,-845.0,-82.52,concorreu,False,6.0,6.0
2018-2022,2018,2022,72,1635,BANCO BRADESCO,ICARAÍ,-22.9031207,-43.1110165,both,3,3,3,0,0,0,0,0.0,,,Geral,Geral,Geral -> Geral,2.0,5.0,3.0,150.0,concorreu,False,16.0,14.0,-2.0,-12.5,concorreu,True,135.0,114.0,-21.0,-15.56,concorreu,False,3.0,3.0
2018-2022,2018,2022,72,1643,CENTRO MODERNO ALZIRA BITTENCOURT,ICARAÍ,-22.9012326,-43.110746,both,4,4,4,0,0,0,0,0.0,,,Geral,Geral,Geral -> Geral,3.0,3.0,0.0,0.0,concorreu,False,28.0,24.0,-4.0,-14.29,concorreu,True,181.0,142.0,-39.0,-21.55,concorreu,False,0.0,0.0
2018-2022,2018,2022,72,1651,PH COLÉGIO,ICARAÍ,-22.9006508,-43.1110377,both,7,7,7,0,0,0,0,0.0,,,Geral,Geral,Geral -> Geral,5.0,5.0,0.0,0.0,concorreu,False,54.0,32.0,-22.0,-40.74,concorreu,True,342.0,208.0,-134.0,-39.18,concorreu,False,0.0,0.0
2018-2022,2018,2022,72,1660,CLUBE CENTRAL,ICARAÍ,-22.9075784,-43.111789,both,17,17,17,0,0,0,0,0.0,,,Geral,Geral,Geral -> Geral,30.0,18.0,-12.0,-40.0,concorreu,False,171.0,136.0,-35.0,-20.47,concorreu,True,1030.0,759.0,-271.0,-26.31,concorreu,False,-12.0,12.0
2018-2022,2018,2022,72,1678,ÁGUAS DE NITERÓI,ICARAÍ,-22.908792,-43.1031066,both,4,4,4,0,0,0,0,0.0,,,Geral,Geral,Geral -> Geral,2.0,2.0,0.0,0.0,concorreu,False,21.0,21.0,0.0,0.0,concorreu,True,303.0,116.0,-187.0,-61.72,concorreu,False,0.0,0.0
2018-2022,2018,2022,72,1686,,,,,both,8,8,8,0,0,0,0,0.0,,,Geral,Geral,Geral -> Geral,11.0,2.0,-9.0,-81.82,concorreu,False,83.0,55.0,-28.0,-33.73,concorreu,True,480.0,295.0,-185.0,-38.54,concorreu,False,-9.0,9.0
2018-2022,2018,2022,72,1694,ESCOLA MUNICIPAL PROFESSOR PAULO DE ALMEIDA CAMPOS,ICARAÍ,-22.9047439,-43.1131555,both,4,4,4,0,0,0,0,0.0,,,Geral,Geral,Geral -> Geral,3.0,4.0,1.0,33.33,concorreu,False,33.0,31.0,-2.0,-6.06,concorreu,True,218.0,203.0,-15.0,-6.88,concorreu,False,1.0,1.0
2018-2022,2018,2022,72,1708,ESCOLA MUNICIPAL JÚLIA CORTINES,ICARAÍ,-22.9043592,-43.1086717,both,21,8,8,0,13,0,0,0.619,,,Geral,Geral,Geral -> Geral,14.0,5.0,-9.0,-64.29,concorreu,False,114.0,73.0,-41.0,-35.96,concorreu,True,600.0,380.0,-220.0,-36.67,concorreu,False,-9.0,9.0
2018-2022,2018,2022,72,1716,QUINTAL TRAVESSIAS (ANTIGA ESCOLA VIVINFÂNCIA),ICARAÍ,-22.9079727,-43.1056898,both,4,4,4,0,0,0,0,0.0,,,Geral,Geral,Geral -> Geral,3.0,4.0,1.0,33.33,concorreu,False,31.0,17.0,-14.0,-45.16,concorreu,True,237.0,128.0,-109.0,-45.99,concorreu,False,1.0,1.0
2018-2022,2018,2022,72,1724,AABB,SÃO FRANCISCO,-22.9172823,-43.0826083,both,8,8,8,0,0,0,0,0.0,,,Geral,Geral,Geral -> Geral,1.0,10.0,9.0,900.0,concorreu,False,71.0,65.0,-6.0,-8.45,concorreu,True,696.0,373.0,-323.0,-46.41,concorreu,False,9.0,9.0
2018-2022,2018,2022,72,1732,CLUBE NAVAL,JURUJUBA,-22.935737,-43.1068139,both,20,20,20,0,0,0,0,0.0,,,Geral,Geral,Geral -> Geral,7.0,30.0,23.0,328.57,concorreu,False,94.0,75.0,-19.0,-20.21,concorreu,True,2573.0,476.0,-2097.0,-81.5,concorreu,False,23.0,23.0
2018-2022,2018,2022,72,1740,COLÉGIO ZEROHUM,ICARAÍ,-22.9111671,-43.1073245,both,9,9,9,0,0,0,0,0.0,,,Geral,Geral,Geral -> Geral,7.0,9.0,2.0,28.57,concorreu,False,90.0,61.0,-29.0,-32.22,concorreu,True,622.0,313.0,-309.0,-49.68,concorreu,False,2.0,2.0
2018-2022,2018,2022,72,1759,COLÉGIO MV1,ICARAÍ,-22.9079111,-43.1058651,both,18,18,18,0,0,0,0,0.0,,,Geral,Geral,Geral -> Geral,10.0,14.0,4.0,40.0,concorreu,False,137.0,89.0,-48.0,-35.04,concorreu,True,1071.0,643.0,-428.0,-39.96,concorreu,False,4.0,4.0
2018-2022,2018,2022,72,1767,COLÉGIO ASSUNÇÃO,SÃO FRANCISCO,-22.9208239,-43.0926525,both,15,15,15,0,0,0,0,0.0,,,Geral,Geral,Geral -> Geral,18.0,10.0,-8.0,-44.44,concorreu,False,144.0,154.0,10.0,6.94,concorreu,True,1026.0,699.0,-327.0,-31.87,concorreu,False,-8.0,8.0
2018-2022,2018,2022,72,1775,COLÉGIO ESTADUAL CIZÍNIO SOARES PINTO,SÃO FRANCISCO,-22.9147594,-43.093934,both,7,7,7,0,0,0,0,0.0,,,Geral,Geral,Geral -> Geral,4.0,7.0,3.0,75.0,concorreu,False,55.0,45.0,-10.0,-18.18,concorreu,True,735.0,212.0,-523.0,-71.16,concorreu,False,3.0,3.0
2018-2022,2018,2022,72,1783,SOCIEDADE BRASILEIRA DE CULTURA INGLESA,ICARAÍ,-22.9075527,-43.1111859,both,4,4,4,0,0,0,0,0.0,,,Geral,Geral,Geral -> Geral,2.0,2.0,0.0,0.0,concorreu,False,43.0,31.0,-12.0,-27.91,concorreu,True,188.0,184.0,-4.0,-2.13,concorreu,False,0.0,0.0
2020-2024,2020,2024,144,1023,,,,,both,3,4,3,1,0,0,0,0.25,,,Municipal,Municipal,Municipal -> Municipal,,,,,nao_concorreu,,,,,,nao_concorreu_fim,,79.0,52.0,-27.0,-34.18,concorreu,False,,
2020-2024,2020,2024,144,1031,COLÉGIO PEDRO II CAMPUS NITERÓI,BARRETO,-22.8685685,-43.1037833,both,19,27,19,8,0,0,0,0.2963,,,Municipal,Municipal,Municipal -> Municipal,,,,,nao_concorreu,,,,,,nao_concorreu_fim,,353.0,194.0,-159.0,-45.04,concorreu,False,,
2020-2024,2020,2024,144,1090,ESCOLA TÉCNICA ESTADUAL HENRIQUE LAGE,BARRETO,-22.8621355,-43.0979546,both,7,14,7,7,0,0,0,0.5,,,Municipal,Municipal,Municipal -> Municipal,,,,,nao_concorreu,,,,,,nao_concorreu_fim,,175.0,59.0,-116.0,-66.29,concorreu,False,,
2020-2024,2020,2024,144,1104,ESCOLA MUNICIPAL ALTIVO CESAR,BARRETO,-22.8645343,-43.0995714,both,10,11,10,1,0,0,0,0.0909,,,Municipal,Municipal,Municipal -> Municipal,,,,,nao_concorreu,,,,,,nao_concorreu_fim,,231.0,82.0,-149.0,-64.5,concorreu,False,,
2020-2024,2020,2024,144,1112,,,,,both,5,5,5,0,0,0,0,0.0,,,Municipal,Municipal,Municipal -> Municipal,,,,,nao_concorreu,,,,,,nao_concorreu_fim,,127.0,75.0,-52.0,-40.94,concorreu,False,,
2020-2024,2020,2024,144,1163,COLÉGIO ESTADUAL CONSELHEIRO MACEDO SOARES,BARRETO,-22.8622231,-43.0924035,both,9,9,9,0,0,0,0,0.0,,,Municipal,Municipal,Municipal -> Municipal,,,,,nao_concorreu,,,,,,nao_concorreu_fim,,135.0,60.0,-75.0,-55.56,concorreu,False,,
2020-2024,2020,2024,144,1171,ESCOLA ESTADUAL MENEZES VIEIRA,BARRETO,-22.8693286,-43.1032004,both,6,7,6,1,0,0,0,0.1429,,,Municipal,Municipal,Municipal -> Municipal,,,,,nao_concorreu,,,,,,nao_concorreu_fim,,139.0,75.0,-64.0,-46.04,concorreu,False,,
2020-2024,2020,2024,144,1201,,,,,both,2,3,1,2,1,0,0,1.0,,,Municipal,Municipal,Municipal -> Municipal,,,,,nao_concorreu,,,,,,nao_concorreu_fim,,59.0,21.0,-38.0,-64.41,concorreu,False,,
2020-2024,2020,2024,144,1210,UMEI THEREZINHA KALIL PETRUS (ANTIGO TIO SAM),BARRETO,-22.8719306,-43.104502,both,12,12,12,0,0,0,0,0.0,,,Municipal,Municipal,Municipal -> Municipal,,,,,nao_concorreu,,,,,,nao_concorreu_fim,,194.0,150.0,-44.0,-22.68,concorreu,False,,
2020-2024,2020,2024,144,1236,COLÉGIO ESTADUAL MULLULO DA VEIGA,ENGENHOCA,-22.8708282,-43.0988892,both,9,14,9,5,0,3,0,0.3571,"[{""nr_zona"": ""144"", ""nr_local"": ""1350"", ""nm_local"": """", ""count"": 3, ""secoes"": [""107"", ""111"", ""112""]}]",,Municipal,Municipal,Municipal -> Municipal,,,,,nao_concorreu,,,,,,nao_concorreu_fim,,143.0,155.0,12.0,8.39,concorreu,False,,
2020-2024,2020,2024,144,1252,,,,,both,7,13,7,6,0,0,0,0.4615,,,Municipal,Municipal,Municipal -> Municipal,,,,,nao_concorreu,,,,,,nao_concorreu_fim,,143.0,88.0,-55.0,-38.46,concorreu,False,,
2020-2024,2020,2024,144,1317,IGREJA BATISTA BETEL DE NITERÓI,ENGENHOCA,-22.8716138,-43.096026,both,3,5,3,2,0,0,0,0.4,,,Municipal,Municipal,Municipal -> Municipal,,,,,nao_concorreu,,,,,,nao_concorreu_fim,,60.0,48.0,-12.0,-20.0,concorreu,False,,
2020-2024,2020,2024,144,1350,,,,,start_only,3,0,0,0,3,0,3,1.0,,"[{""nr_zona"": ""144"", ""nr_local"": ""1236"", ""nm_local"": ""COLÉGIO ESTADUAL MULLULO DA VEIGA"", ""count"": 3, ""secoes"": [""107"", ""111"", ""112""]}]",Municipal,Municipal,Municipal -> Municipal,,,,,nao_concorreu,,,,,,nao_concorreu_fim,,36.0,0.0,-36.0,-100.0,concorreu,False,,
2020-2024,2020,2024,144,1406,COLÉGIO NITERÓI,ENGENHOCA,-22.8706133,-43.1018717,both,5,6,5,1,0,0,0,0.1667,,,Municipal,Municipal,Municipal -> Municipal,,,,,nao_concorreu,,,,,,nao_concorreu_fim,,105.0,71.0,-34.0,-32.38,concorreu,False,,
2020-2024,2020,2024,144,1449,INSTITUTO SÃO BENTO DE NITEROI,SANTA ROSA,-22.8968349,-43.1000967,both,11,11,11,0,0,0,0,0.0,,,Municipal,Municipal,Municipal -> Municipal,,,,,nao_concorreu,,,,,,nao_concorreu_fim,,247.0,128.0,-119.0,-48.18,concorreu,False,,
2020-2024,2020,2024,144,1457,ESCOLA ESTADUAL MACHADO DE ASSIS,FONSECA,-22.8836374,-43.0857092,both,13,13,13,0,0,0,0,0.0,,,Municipal,Municipal,Municipal -> Municipal,,,,,nao_concorreu,,,,,,nao_concorreu_fim,,278.0,152.0,-126.0,-45.32,concorreu,False,,
2020-2024,2020,2024,144,1473,ESCOLA ESTADUAL JOSE BONIFACIO,FONSECA,-22.8831949,-43.1060172,both,15,15,15,0,0,0,0,0.0,,,Municipal,Municipal,Municipal -> Municipal,,,,,nao_concorreu,,,,,,nao_concorreu_fim,,282.0,245.0,-37.0,-13.12,concorreu,False,,
2020-2024,2020,2024,144,1481,,,,,both,6,11,6,5,0,0,0,0.4545,,,Municipal,Municipal,Municipal -> Municipal,,,,,nao_concorreu,,,,,,nao_concorreu_fim,,144.0,300.0,156.0,108.33,concorreu,False,,
2020-2024,2020,2024,144,1490,IGREJA BATISTA DO FONSECA,FONSECA,-22.8810878,-43.0865383,both,5,5,5,0,0,0,0,0.0,,,Municipal,Municipal,Municipal -> Municipal,,,,,nao_concorreu,,,,,,nao_concorreu_fim,,91.0,59.0,-32.0,-35.16,concorreu,False,,
2020-2024,2020,2024,144,1503,ESCOLA ESTADUAL SÃO DOMINGOS SÁVIO,SANTA ROSA,-22.8988024,-43.0928214,both,7,7,7,0,0,0,0,0.0,,,Municipal,Municipal,Municipal -> Municipal,,,,,nao_concorreu,,,,,,nao_concorreu_fim,,185.0,86.0,-99.0,-53.51,concorreu,False,,
2020-2024,2020,2024,144,1511,COP REDE DE ENSINO (ANTIGO COLÉGIO OPÇÃO),FONSECA,-22.8814198,-43.0895121,both,4,4,4,0,0,0,0,0.0,,,Municipal,Municipal,Municipal -> Municipal,,,,,nao_concorreu,,,,,,nao_concorreu_fim,,72.0,52.0,-20.0,-27.78,concorreu,False,,
2020-2024,2020,2024,144,1520,,,,,start_only,2,0,0,0,2,0,0,1.0,,,Municipal,Municipal,Municipal -> Municipal,,,,,nao_concorreu,,,,,,nao_concorreu_fim,,30.0,0.0,-30.0,-100.0,concorreu,False,,
2020-2024,2020,2024,144,1546,,,,,start_only,4,0,0,0,4,0,4,1.0,,"[{""nr_zona"": ""144"", ""nr_local"": ""1597"", ""nm_local"": ""ESCOLA ESTADUAL HILARIO RIBEIRO"", ""count"": 4, ""secoes"": [""211"", ""212"", ""213"", ""214""]}]",Municipal,Municipal,Municipal -> Municipal,,,,,nao_concorreu,,,,,,nao_concorreu_fim,,114.0,0.0,-114.0,-100.0,concorreu,False,,
2020-2024,2020,2024,144,1554,ESCOLA MUNICIPAL PROFESSOR PAULO FREIRE,FONSECA,-22.8828529,-43.0824987,both,12,22,12,10,0,0,0,0.4545,,,Municipal,Municipal,Municipal -> Municipal,,,,,nao_concorreu,,,,,,nao_concorreu_fim,,267.0,314.0,47.0,17.6,concorreu,False,,
2020-2024,2020,2024,144,1562,LBV LEGIÃO DA BOA VONTADE,FONSECA,-22.8811009,-43.0979899,both,5,6,5,1,0,0,0,0.1667,,,Municipal,Municipal,Municipal -> Municipal,,,,,nao_concorreu,,,,,,nao_concorreu_fim,,107.0,67.0,-40.0,-37.38,concorreu,False,,
2020-2024,2020,2024,144,1570,HORTO DO FONSECA,FONSECA,-22.8823618,-43.0907682,both,13,13,13,0,0,0,0,0.0,,,Municipal,Municipal,Municipal -> Municipal,,,,,nao_concorreu,,,,,,nao_concorreu_fim,,213.0,111.0,-102.0,-47.89,concorreu,False,,
2020-2024,2020,2024,144,1589,COLÉGIO NOSSA SENHORA DAS MERCÊS,FONSECA,-22.880345,-43.1023535,both,13,13,13,0,0,0,0,0.0,,,Municipal,Municipal,Municipal -> Municipal,,,,,nao_concorreu,,,,,,nao_concorreu_fim,,240.0,125.0,-115.0,-47.92,concorreu,False,,
2020-2024,2020,2024,144,1597,ESCOLA ESTADUAL HILARIO RIBEIRO,FONSECA,-22.8813893,-43.0901745,both,4,13,2,11,2,4,0,1.0,"[{""nr_zona"": ""144"", ""nr_local"": ""1546"", ""nm_local"": """", ""count"": 4, ""secoes"": [""211"", ""212"", ""213"", ""214""]}]",,Municipal,Municipal,Municipal -> Municipal,,,,,nao_concorreu,,,,,,nao_concorreu_fim,,94.0,143.0,49.0,52.13,concorreu,False,,
2020-2024,2020,2024,144,1600,CIEP 251 - DONA MARIA PORTUGAL,BALDEADOR,-22.877013,-43.0557658,both,7,7,7,0,0,0,0,0.0,,,Municipal,Municipal,Municipal -> Municipal,,,,,nao_concorreu,,,,,,nao_concorreu_fim,,89.0,71.0,-18.0,-20.22,concorreu,False,,
2020-2024,2020,2024,144,1627,ESCOLA ESTADUAL DOUTOR JAYME MEMORIA,CUBANGO,-22.88949,-43.0937712,both,11,13,11,2,0,0,0,0.1538,,,Municipal,Municipal,Municipal -> Municipal,,,,,nao_concorreu,,,,,,nao_concorreu_fim,,282.0,193.0,-89.0,-31.56,concorreu,False,,
2020-2024,2020,2024,144,1635,,,,,both,5,11,5,6,0,0,0,0.5455,,,Municipal,Municipal,Municipal -> Municipal,,,,,nao_concorreu,,,,,,nao_concorreu_fim,,137.0,111.0,-26.0,-18.98,concorreu,False,,
2020-2024,2020,2024,144,1643,,,,,start_only,2,0,0,0,2,0,2,1.0,,"[{""nr_zona"": ""144"", ""nr_local"": ""1694"", ""nm_local"": ""ESPAÇO DO SABER"", ""count"": 2, ""secoes"": [""314"", ""315""]}]",Municipal,Municipal,Municipal -> Municipal,,,,,nao_concorreu,,,,,,nao_concorreu_fim,,68.0,0.0,-68.0,-100.0,concorreu,False,,
2020-2024,2020,2024,144,1651,PARÓQUIA SÃO LOURENÇO,FONSECA,-22.881317,-43.1088379,both,5,11,5,6,0,0,0,0.5455,,,Municipal,Municipal,Municipal -> Municipal,,,,,nao_concorreu,,,,,,nao_concorreu_fim,,114.0,111.0,-3.0,-2.63,concorreu,False,,
2020-2024,2020,2024,144,1660,,,,,both,9,9,9,0,0,0,0,0.0,,,Municipal,Municipal,Municipal -> Municipal,,,,,nao_concorreu,,,,,,nao_concorreu_fim,,128.0,232.0,104.0,81.25,concorreu,False,,
2020-2024,2020,2024,144,1678,,,,,both,5,5,5,0,0,0,0,0.0,,,Municipal,Municipal,Municipal -> Municipal,,,,,nao_concorreu,,,,,,nao_concorreu_fim,,108.0,105.0,-3.0,-2.78,concorreu,False,,
2020-2024,2020,2024,144,1686,COLÉGIO DA POLÍCIA MILITAR,FONSECA,-22.8818063,-43.0820149,both,5,9,5,4,0,0,0,0.4444,,,Municipal,Municipal,Municipal -> Municipal,,,,,nao_concorreu,,,,,,nao_concorreu_fim,,124.0,78.0,-46.0,-37.1,concorreu,False,,
2020-2024,2020,2024,144,1694,ESPAÇO DO SABER,FONSECA,-22.8810443,-43.087791,end_only,0,5,0,5,0,2,0,1.0,"[{""nr_zona"": ""144"", ""nr_local"": ""1643"", ""nm_local"": """", ""count"": 2, ""secoes"": [""314"", ""315""]}]",,Municipal,Municipal,Municipal -> Municipal,,,,,nao_concorreu,,,,,,nao_concorreu_fim,,0.0,67.0,67.0,,concorreu,False,,
2020-2024,2020,2024,199,1015,COUNTRY CLUB DE NITEROI,VILA PROGRESSO,-22.8970192,-43.0347113,both,8,9,8,1,0,0,0,0.1111,,,Municipal,Municipal,Municipal -> Municipal,,,,,nao_concorreu,,,,,,nao_concorreu_fim,,243.0,87.0,-156.0,-64.2,concorreu,False,,
2020-2024,2020,2024,199,1023,ESCOLA MUNICIPAL FELISBERTO DE CARVALHO,VILA PROGRESSO,-22.8970371,-43.0392212,both,5,6,5,1,0,0,0,0.1667,,,Municipal,Municipal,Municipal -> Municipal,,,,,nao_concorreu,,,,,,nao_concorreu_fim,,127.0,36.0,-91.0,-71.65,concorreu,False,,
2020-2024,2020,2024,199,1031,ESCOLA MUNICIPAL HONORINA DE CARVALHO,MARIA PAULA,-22.882289,-43.0265693,both,11,12,11,1,0,0,0,0.0833,,,Municipal,Municipal,Municipal -> Municipal,,,,,nao_concorreu,,,,,,nao_concorreu_fim,,320.0,134.0,-186.0,-58.13,concorreu,False,,
2020-2024,2020,2024,199,1066,COLÉGIO CENECISTA JULIO CESAR SOUZA BALTHAREJO,ITAIPU,-22.9646939,-43.0332117,both,7,7,7,0,0,0,0,0.0,,,Municipal,Municipal,Municipal -> Municipal,,,,,nao_concorreu,,,,,,nao_concorreu_fim,,256.0,106.0,-150.0,-58.59,concorreu,False,,
2020-2024,2020,2024,199,1074,COLÉGIO CURSO ZEROHUM ( ANT GAUSS),ITAIPU,-22.9427133,-43.0519956,both,9,9,9,0,0,0,0,0.0,,,Municipal,Municipal,Municipal -> Municipal,,,,,nao_concorreu,,,,,,nao_concorreu_fim,,209.0,117.0,-92.0,-44.02,concorreu,False,,
2020-2024,2020,2024,199,1082,UMEI DR PAULO CESAR DE ALMEIDA PIMENTEL,ITAIPU,-22.9614459,-43.0327165,both,6,10,6,4,0,0,0,0.4,,,Municipal,Municipal,Municipal -> Municipal,,,,,nao_concorreu,,,,,,nao_concorreu_fim,,242.0,77.0,-165.0,-68.18,concorreu,False,,
2020-2024,2020,2024,199,1090,COLÉGIO ESTADUAL PROFESSORA ALCINA RODRIGUES LIMA,ITAIPU,-22.9528491,-43.0285072,both,8,14,8,6,0,0,0,0.4286,,,Municipal,Municipal,Municipal -> Municipal,,,,,nao_concorreu,,,,,,nao_concorreu_fim,,265.0,174.0,-91.0,-34.34,concorreu,False,,
2020-2024,2020,2024,199,1104,CURSO CNA- PIRATININGA,PIRATININGA,-22.9441523,-43.0589254,both,4,6,4,2,0,0,0,0.3333,,,Municipal,Municipal,Municipal -> Municipal,,,,,nao_concorreu,,,,,,nao_concorreu_fim,,125.0,73.0,-52.0,-41.6,concorreu,False,,
2020-2024,2020,2024,199,1112,COLÉGIO SALESIANO REGIÃO OCEÂNICA,PIRATININGA,-22.9393022,-43.0618731,both,15,15,15,0,0,0,0,0.0,,,Municipal,Municipal,Municipal -> Municipal,,,,,nao_concorreu,,,,,,nao_concorreu_fim,,490.0,264.0,-226.0,-46.12,concorreu,False,,
2020-2024,2020,2024,199,1120,COLÉGIO ESTADUAL ALMIRANTE TAMANDARÉ,PIRATININGA,-22.9512083,-43.0916732,both,10,11,10,1,0,0,0,0.0909,,,Municipal,Municipal,Municipal -> Municipal,,,,,nao_concorreu,,,,,,nao_concorreu_fim,,293.0,139.0,-154.0,-52.56,concorreu,False,,
2020-2024,2020,2024,199,1139,ESCOLA MUNICIPAL FRANCISCO PORTUGAL NEVES,PIRATININGA,-22.942363,-43.056665,both,10,10,10,0,0,0,0,0.0,,,Municipal,Municipal,Municipal -> Municipal,,,,,nao_concorreu,,,,,,nao_concorreu_fim,,203.0,170.0,-33.0,-16.26,concorreu,False,,
2020-2024,2020,2024,199,1155,COLÉGIO ITAPUCA,PIRATININGA,-22.9437854,-43.0593249,both,15,15,15,0,0,0,0,0.0,,,Municipal,Municipal,Municipal -> Municipal,,,,,nao_concorreu,,,,,,nao_concorreu_fim,,425.0,158.0,-267.0,-62.82,concorreu,False,,
2020-2024,2020,2024,199,1163,ANDEF (EX FAETEC),RIO DO OURO,-22.8896379,-42.9978497,both,7,8,7,1,0,0,0,0.125,,,Municipal,Municipal,Municipal -> Municipal,,,,,nao_concorreu,,,,,,nao_concorreu_fim,,114.0,57.0,-57.0,-50.0,concorreu,False,,
2020-2024,2020,2024,199,1171,,,,,start_only,1,0,0,0,1,0,1,1.0,,"[{""nr_zona"": ""199"", ""nr_local"": ""1473"", ""nm_local"": ""COLÉGIO COLABORE"", ""count"": 1, ""secoes"": [""71""]}]",Municipal,Municipal,Municipal -> Municipal,,,,,nao_concorreu,,,,,,nao_concorreu_fim,,11.0,0.0,-11.0,-100.0,concorreu,False,,
2020-2024,2020,2024,199,1198,CIEP 448 RUY FRAZÃO SOARES,ITAIPU,-22.9356576,-43.0092644,both,13,13,13,0,0,0,0,0.0,,,Municipal,Municipal,Municipal -> Municipal,,,,,nao_concorreu,,,,,,nao_concorreu_fim,,284.0,203.0,-81.0,-28.52,concorreu,False,,
2020-2024,2020,2024,199,1244,COLÉGIO LAPLACE,PIRATININGA,-22.9425434,-43.05605,both,9,10,9,1,0,0,0,0.1,,,Municipal,Municipal,Municipal -> Municipal,,,,,nao_concorreu,,,,,,nao_concorreu_fim,,245.0,131.0,-114.0,-46.53,concorreu,False,,
2020-2024,2020,2024,199,1252,CIEP 307 DJANIRA,VÁRZEA DAS MOÇAS,-22.910323,-42.9852487,both,10,7,7,0,3,0,3,0.3,,"[{""nr_zona"": ""199"", ""nr_local"": ""1473"", ""nm_local"": ""COLÉGIO COLABORE"", ""count"": 3, ""secoes"": [""183"", ""201"", ""222""]}]",Municipal,Municipal,Municipal -> Municipal,,,,,nao_concorreu,,,,,,nao_concorreu_fim,,145.0,66.0,-79.0,-54.48,concorreu,False,,
2020-2024,2020,2024,199,1260,COLÉGIO PLUZ,SERRA GRANDE,-22.9287514,-43.0124453,both,11,13,11,2,0,0,0,0.1538,,,Municipal,Municipal,Municipal -> Municipal,,,,,nao_concorreu,,,,,,nao_concorreu_fim,,266.0,173.0,-93.0,-34.96,concorreu,False,,
2020-2024,2020,2024,199,1279,,,,,start_only,4,0,0,0,4,0,4,1.0,,"[{""nr_zona"": ""199"", ""nr_local"": ""1341"", ""nm_local"": ""COLÉGIO OBJETIVO CAMBOINHAS"", ""count"": 4, ""secoes"": [""154"", ""170"", ""190"", ""200""]}]",Municipal,Municipal,Municipal -> Municipal,,,,,nao_concorreu,,,,,,nao_concorreu_fim,,161.0,0.0,-161.0,-100.0,concorreu,False,,
2020-2024,2020,2024,199,1287,ESCOLA MUNICIPAL PROF MARCOS WALDEMAR DE FREITAS REIS,ITAIPU,-22.9615628,-43.0330724,both,3,4,3,1,0,0,0,0.25,,,Municipal,Municipal,Municipal -> Municipal,,,,,nao_concorreu,,,,,,nao_concorreu_fim,,109.0,63.0,-46.0,-42.2,concorreu,False,,
2020-2024,2020,2024,199,1295,UMEI PROFA ODETE ROSA DA MOTA,ITAIPU,-22.9532368,-43.02859,both,6,7,6,1,0,0,0,0.1429,,,Municipal,Municipal,Municipal -> Municipal,,,,,nao_concorreu,,,,,,nao_concorreu_fim,,189.0,104.0,-85.0,-44.97,concorreu,False,,
2020-2024,2020,2024,199,1317,COLÉGIO PAULO FREIRE,ENGENHO DO MATO,-22.9500178,-43.0246246,both,10,12,10,2,0,0,0,0.1667,,,Municipal,Municipal,Municipal -> Municipal,,,,,nao_concorreu,,,,,,nao_concorreu_fim,,221.0,156.0,-65.0,-29.41,concorreu,False,,
2020-2024,2020,2024,199,1325,ESCOLA MUNICIPAL SÍTIO DO IPÊ,MARIA PAULA,-22.8821134,-43.0267087,both,3,5,3,2,0,0,0,0.4,,,Municipal,Municipal,Municipal -> Municipal,,,,,nao_concorreu,,,,,,nao_concorreu_fim,,78.0,73.0,-5.0,-6.41,concorreu,False,,
2020-2024,2020,2024,199,1333,,,,,start_only,2,0,0,0,2,0,2,1.0,,"[{""nr_zona"": ""199"", ""nr_local"": ""1465"", ""nm_local"": ""COLÉGIO CURSO PENSI - ITAIPU"", ""count"": 2, ""secoes"": [""214"", ""225""]}]",Municipal,Municipal,Municipal -> Municipal,,,,,nao_concorreu,,,,,,nao_concorreu_fim,,56.0,0.0,-56.0,-100.0,concorreu,False,,
2020-2024,2020,2024,199,1341,COLÉGIO OBJETIVO CAMBOINHAS,CAMBOINHAS,-22.9537053,-43.0584356,both,1,6,1,5,0,4,0,0.8333,"[{""nr_zona"": ""199"", ""nr_local"": ""1279"", ""nm_local"": """", ""count"": 4, ""secoes"": [""154"", ""170"", ""190"", ""200""]}]",,Municipal,Municipal,Municipal -> Municipal,,,,,nao_concorreu,,,,,,nao_concorreu_fim,,49.0,53.0,4.0,8.16,concorreu,False,,
2020-2024,2020,2024,199,1350,ESCOLA MUNICIPAL MARALEGRE,CAFUBÁ,-22.9362723,-43.0724233,both,2,4,2,2,0,0,0,0.5,,,Municipal,Municipal,Municipal -> Municipal,,,,,nao_concorreu,,,,,,nao_concorreu_fim,,53.0,56.0,3.0,5.66,concorreu,False,,
2020-2024,2020,2024,199,1368,UMEI PROFESSORA NINA RITA TORRES,PIRATININGA,-22.9519115,-43.0861872,both,2,4,2,2,0,0,0,0.5,,,Municipal,Municipal,Municipal -> Municipal,,,,,nao_concorreu,,,,,,nao_concorreu_fim,,65.0,41.0,-24.0,-36.92,concorreu,False,,
2020-2024,2020,2024,199,1384,UMEI OLGA BENÁRIO PRESTES,ENGENHO DO MATO,-22.9354086,-43.0086653,both,1,2,1,1,0,0,0,0.5,,,Municipal,Municipal,Municipal -> Municipal,,,,,nao_concorreu,,,,,,nao_concorreu_fim,,19.0,39.0,20.0,105.26,concorreu,False,,
2020-2024,2020,2024,199,1392,CULTURA INGLESA EM ITAIPU,ITAIPU,-22.9413685,-43.0533061,both,4,6,4,2,0,0,0,0.3333,,,Municipal,Municipal,Municipal -> Municipal,,,,,nao_concorreu,,,,,,nao_concorreu_fim,,95.0,93.0,-2.0,-2.11,concorreu,False,,
2020-2024,2020,2024,199,1406,CANADIAN SCHOOL OF NITERÓI - EXPANSÃO ITACOATIARA,ITACOATIARA,-22.9619895,-43.0348161,end_only,0,4,0,4,0,0,0,1.0,,,Municipal,Municipal,Municipal -> Municipal,,,,,nao_concorreu,,,,,,nao_concorreu_fim,,0.0,25.0,25.0,,concorreu,False,,
2020-2024,2020,2024,199,1422,CANADIAN SCHOOL OF NITERÓI - PIRATININGA,PIRATININGA,-22.9385068,-43.0658055,end_only,0,1,0,1,0,0,0,1.0,,,Municipal,Municipal,Municipal -> Municipal,,,,,nao_concorreu,,,,,,nao_concorreu_fim,,0.0,13.0,13.0,,concorreu,False,,
2020-2024,2020,2024,199,1430,ACANTO ESPAÇO ESCOLA,ITAIPU,-22.9530379,-43.0261348,end_only,0,1,0,1,0,0,0,1.0,,,Municipal,Municipal,Municipal -> Municipal,,,,,nao_concorreu,,,,,,nao_concorreu_fim,,0.0,13.0,13.0,,concorreu,False,,
2020-2024,2020,2024,199,1457,COLÉGIO CURSO INTELLECTUS - REGIÃO OCEÂNICA,PIRATININGA,-22.9356743,-43.0621595,end_only,0,2,0,2,0,0,0,1.0,,,Municipal,Municipal,Municipal -> Municipal,,,,,nao_concorreu,,,,,,nao_concorreu_fim,,0.0,16.0,16.0,,concorreu,False,,
2020-2024,2020,2024,199,1465,COLÉGIO CURSO PENSI - ITAIPU,ITAIPU,-22.9421824,-43.03776,end_only,0,5,0,5,0,2,0,1.0,"[{""nr_zona"": ""199"", ""nr_local"": ""1333"", ""nm_local"": """", ""count"": 2, ""secoes"": [""214"", ""225""]}]",,Municipal,Municipal,Municipal -> Municipal,,,,,nao_concorreu,,,,,,nao_concorreu_fim,,0.0,67.0,67.0,,concorreu,False,,
2020-2024,2020,2024,199,1473,COLÉGIO COLABORE,VÁRZEA DAS MOÇAS,-22.9131583,-42.9846125,end_only,0,5,0,5,0,4,0,1.0,"[{""nr_zona"": ""199"", ""nr_local"": ""1252"", ""nm_local"": ""CIEP 307 DJANIRA"", ""count"": 3, ""secoes"": [""183"", ""201"", ""222""]}, {""nr_zona"": ""199"", ""nr_local"": ""1171"", ""nm_local"": """", ""count"": 1, ""secoes"": [""71""]}]",,Municipal,Municipal,Municipal -> Municipal,,,,,nao_concorreu,,,,,,nao_concorreu_fim,,0.0,32.0,32.0,,concorreu,False,,
2020-2024,2020,2024,71,1015,CENTRO EDUCACIONAL DE NITEROI - CENTRINHO,SANTA ROSA,-22.8965191,-43.1018339,both,11,11,11,0,0,0,0,0.0,,,Municipal,Municipal,Municipal -> Municipal,,,,,nao_concorreu,,,,,,nao_concorreu_fim,,458.0,110.0,-348.0,-75.98,concorreu,False,,
2020-2024,2020,2024,71,1104,INSTITUTO MAIA VINAGRE,SANTA ROSA,-22.8976844,-43.1021103,both,9,10,9,1,0,0,0,0.1,,,Municipal,Municipal,Municipal -> Municipal,,,,,nao_concorreu,,,,,,nao_concorreu_fim,,284.0,114.0,-170.0,-59.86,concorreu,False,,
2020-2024,2020,2024,71,1244,ESCOLA ESTADUAL MANUEL DE ABREU,ICARAÍ,-22.9023086,-43.1071569,both,9,9,9,0,0,0,0,0.0,,,Municipal,Municipal,Municipal -> Municipal,,,,,nao_concorreu,,,,,,nao_concorreu_fim,,197.0,91.0,-106.0,-53.81,concorreu,False,,
2020-2024,2020,2024,71,1260,INSTITUTO ABEL,ICARAÍ,-22.9004168,-43.1094942,both,17,18,17,1,0,0,0,0.0556,,,Municipal,Municipal,Municipal -> Municipal,,,,,nao_concorreu,,,,,,nao_concorreu_fim,,415.0,192.0,-223.0,-53.73,concorreu,False,,
2020-2024,2020,2024,71,1295,COLEGIO SALESIANO SANTA ROSA,SANTA ROSA,-22.9016745,-43.0996973,both,17,18,17,1,0,0,0,0.0556,,,Municipal,Municipal,Municipal -> Municipal,,,,,nao_concorreu,,,,,,nao_concorreu_fim,,401.0,219.0,-182.0,-45.39,concorreu,False,,
2020-2024,2020,2024,71,1309,CURSO MARLY CURY,SANTA ROSA,-22.9054777,-43.1019227,both,11,11,11,0,0,0,0,0.0,,,Municipal,Municipal,Municipal -> Municipal,,,,,nao_concorreu,,,,,,nao_concorreu_fim,,289.0,147.0,-142.0,-49.13,concorreu,False,,
2020-2024,2020,2024,71,1317,ESCOLA ESTADUAL BALTAZAR BERNARDINO,SANTA ROSA,-22.9032359,-43.1012931,both,9,9,9,0,0,0,0,0.0,,,Municipal,Municipal,Municipal -> Municipal,,,,,nao_concorreu,,,,,,nao_concorreu_fim,,227.0,115.0,-112.0,-49.34,concorreu,False,,
2020-2024,2020,2024,71,1325,ESCOLA ESTADUAL GUILHERME BRIGGS,SANTA ROSA,-22.9053667,-43.0895767,both,15,15,15,0,0,0,0,0.0,,,Municipal,Municipal,Municipal -> Municipal,,,,,nao_concorreu,,,,,,nao_concorreu_fim,,496.0,293.0,-203.0,-40.93,concorreu,False,,
2020-2024,2020,2024,71,1333,PARÓQUIA NOSSA SENHORA AUXILIADORA - CENTRO COMUNITÁRIO,SANTA ROSA,-22.9020239,-43.0994239,both,10,10,10,0,0,0,0,0.0,,,Municipal,Municipal,Municipal -> Municipal,,,,,nao_concorreu,,,,,,nao_concorreu_fim,,204.0,104.0,-100.0,-49.02,concorreu,False,,
2020-2024,2020,2024,71,1368,,,,,both,10,10,10,0,0,0,0,0.0,,,Municipal,Municipal,Municipal -> Municipal,,,,,nao_concorreu,,,,,,nao_concorreu_fim,,244.0,96.0,-148.0,-60.66,concorreu,False,,
2020-2024,2020,2024,71,1392,FACULDADE DE VETERINARIA DA UFF,VITAL BRASIL,-22.904908,-43.098407,both,14,14,14,0,0,0,0,0.0,,,Municipal,Municipal,Municipal -> Municipal,,,,,nao_concorreu,,,,,,nao_concorreu_fim,,404.0,210.0,-194.0,-48.02,concorreu,False,,
2020-2024,2020,2024,71,1414,UNIVERSIDADE SALGADO DE OLIVEIRA - BL B (PRÓXIMO AO GUANABARA),CENTRO,-22.8893447,-43.1172001,both,4,8,4,4,0,0,0,0.5,,,Municipal,Municipal,Municipal -> Municipal,,,,,nao_concorreu,,,,,,nao_concorreu_fim,,93.0,70.0,-23.0,-24.73,concorreu,False,,
2020-2024,2020,2024,71,1422,CLUBE PORTUGUES DE NITEROI,SÃO DOMINGOS,-22.9021482,-43.1274594,both,6,7,6,1,0,0,0,0.1429,,,Municipal,Municipal,Municipal -> Municipal,,,,,nao_concorreu,,,,,,nao_concorreu_fim,,117.0,81.0,-36.0,-30.77,concorreu,False,,
2020-2024,2020,2024,71,1430,COLEGIO ESTADUAL AURELINO LEAL,INGÁ,-22.9033321,-43.1254512,both,8,8,8,0,0,0,0,0.0,,,Municipal,Municipal,Municipal -> Municipal,,,,,nao_concorreu,,,,,,nao_concorreu_fim,,130.0,77.0,-53.0,-40.77,concorreu,False,,
2020-2024,2020,2024,71,1449,COLÉGIO ESTADUAL ZULEIKA RAPÔSO VALLADARES (''COLÉGIO VELHO''),ILHA DA CONCEIÇÃO,-22.8729269,-43.1147506,both,7,7,7,0,0,0,0,0.0,,,Municipal,Municipal,Municipal -> Municipal,,,,,nao_concorreu,,,,,,nao_concorreu_fim,,119.0,33.0,-86.0,-72.27,concorreu,False,,
2020-2024,2020,2024,71,1457,,,,,both,4,4,4,0,0,0,0,0.0,,,Municipal,Municipal,Municipal -> Municipal,,,,,nao_concorreu,,,,,,nao_concorreu_fim,,71.0,44.0,-27.0,-38.03,concorreu,False,,
2020-2024,2020,2024,71,1465,CENTRO UNIVERSITÁRIO ANHANGUERA (ANTIGO PLÍNIO LEITE),CENTRO,-22.8869267,-43.1245632,both,9,13,9,4,0,0,0,0.3077,,,Municipal,Municipal,Municipal -> Municipal,,,,,nao_concorreu,,,,,,nao_concorreu_fim,,201.0,86.0,-115.0,-57.21,concorreu,False,,
2020-2024,2020,2024,71,1481,ESCOLA MUNICIPAL MAESTRO HEITOR VILLA-LOBOS (''COLÉGIO NOVO''),ILHA DA CONCEIÇÃO,-22.8731482,-43.1156463,both,8,9,8,1,0,0,0,0.1111,,,Municipal,Municipal,Municipal -> Municipal,,,,,nao_concorreu,,,,,,nao_concorreu_fim,,111.0,39.0,-72.0,-64.86,concorreu,False,,
2020-2024,2020,2024,71,1511,FACULDADE DE ADMINISTRAÇÃO E CIÊNCIAS CONTÁBEIS (VALONGUINHO),CENTRO,-22.8967413,-43.1252439,both,7,14,7,7,0,0,0,0.5,,,Municipal,Municipal,Municipal -> Municipal,,,,,nao_concorreu,,,,,,nao_concorreu_fim,,172.0,127.0,-45.0,-26.16,concorreu,False,,
2020-2024,2020,2024,71,1520,LOJA MAÇÔNICA EVOLUÇÃO 2,PONTA D'AREIA,-22.8825872,-43.122934,both,4,4,4,0,0,0,0,0.0,,,Municipal,Municipal,Municipal -> Municipal,,,,,nao_concorreu,,,,,,nao_concorreu_fim,,55.0,27.0,-28.0,-50.91,concorreu,False,,
2020-2024,2020,2024,71,1538,,,,,start_only,4,0,0,0,4,0,4,1.0,,"[{""nr_zona"": ""71"", ""nr_local"": ""1678"", ""nm_local"": ""LICEU NILO PEÇANHA"", ""count"": 4, ""secoes"": [""309"", ""313"", ""317"", ""321""]}]",Municipal,Municipal,Municipal -> Municipal,,,,,nao_concorreu,,,,,,nao_concorreu_fim,,91.0,0.0,-91.0,-100.0,concorreu,False,,
2020-2024,2020,2024,71,1546,UNIVERSIDADE SALGADO DE OLIVEIRA - BL A,CENTRO,-22.8894749,-43.1186087,both,8,21,8,13,0,0,0,0.619,,,Municipal,Municipal,Municipal -> Municipal,,,,,nao_concorreu,,,,,,nao_concorreu_fim,,207.0,102.0,-105.0,-50.72,concorreu,False,,
2020-2024,2020,2024,71,1554,FACULDADE DE ENGENHARIA DA UFF,SÃO DOMINGOS,-22.903848,-43.1302712,both,6,6,6,0,0,0,0,0.0,,,Municipal,Municipal,Municipal -> Municipal,,,,,nao_concorreu,,,,,,nao_concorreu_fim,,95.0,63.0,-32.0,-33.68,concorreu,False,,
2020-2024,2020,2024,71,1562,COLEGIO ESTADUAL RAUL VIDAL,CENTRO,-22.8862372,-43.1242688,both,6,12,6,6,0,0,0,0.5,,,Municipal,Municipal,Municipal -> Municipal,,,,,nao_concorreu,,,,,,nao_concorreu_fim,,159.0,98.0,-61.0,-38.36,concorreu,False,,
2020-2024,2020,2024,71,1570,COLÉGIO UNIVERSÍTÁRIO DA UFF (CIEP GRAGOATÁ),SÃO DOMINGOS,-22.900281,-43.1316649,both,3,4,3,1,0,0,0,0.25,,,Municipal,Municipal,Municipal -> Municipal,,,,,nao_concorreu,,,,,,nao_concorreu_fim,,55.0,47.0,-8.0,-14.55,concorreu,False,,
2020-2024,2020,2024,71,1597,ESCOLA MUNICIPAL SANTOS DUMONT,FÁTIMA,-22.8954125,-43.1094692,both,4,6,4,2,0,0,0,0.3333,,,Municipal,Municipal,Municipal -> Municipal,,,,,nao_concorreu,,,,,,nao_concorreu_fim,,91.0,47.0,-44.0,-48.35,concorreu,False,,
2020-2024,2020,2024,71,1600,INSTITUTO DE EDUCAÇÃO PROFESSOR ISMAEL COUTINHO - IEPIC,SÃO DOMINGOS,-22.8989767,-43.1271052,both,12,24,12,12,0,0,0,0.5,,,Municipal,Municipal,Municipal -> Municipal,,,,,nao_concorreu,,,,,,nao_concorreu_fim,,240.0,151.0,-89.0,-37.08,concorreu,False,,
2020-2024,2020,2024,71,1619,COLEGIO SAO VICENTE DE PAULO,ICARAÍ,-22.902041,-43.1146235,both,9,20,9,11,0,0,0,0.55,,,Municipal,Municipal,Municipal -> Municipal,,,,,nao_concorreu,,,,,,nao_concorreu_fim,,243.0,129.0,-114.0,-46.91,concorreu,False,,
2020-2024,2020,2024,71,1627,REITORIA DA UFF,ICARAÍ,-22.9031771,-43.1164314,both,3,3,3,0,0,0,0,0.0,,,Municipal,Municipal,Municipal -> Municipal,,,,,nao_concorreu,,,,,,nao_concorreu_fim,,79.0,22.0,-57.0,-72.15,concorreu,False,,
2020-2024,2020,2024,71,1643,JARDIM DE INFÂNCIA ALBERTO DE OLIVEIRA,CENTRO,-22.8927568,-43.11592,both,2,4,2,2,0,0,0,0.5,,,Municipal,Municipal,Municipal -> Municipal,,,,,nao_concorreu,,,,,,nao_concorreu_fim,,39.0,21.0,-18.0,-46.15,concorreu,False,,
2020-2024,2020,2024,71,1651,FACULDADE DE ENFERMAGEM DA UFF,CENTRO,-22.895302,-43.1167706,both,3,8,3,5,0,0,0,0.625,,,Municipal,Municipal,Municipal -> Municipal,,,,,nao_concorreu,,,,,,nao_concorreu_fim,,67.0,34.0,-33.0,-49.25,concorreu,False,,
2020-2024,2020,2024,71,1660,FACULDADE DE DIREITO DA UFF - UFF - DIREITO 1,INGÁ,-22.9035832,-43.1258853,both,12,12,12,0,0,0,0,0.0,,,Municipal,Municipal,Municipal -> Municipal,,,,,nao_concorreu,,,,,,nao_concorreu_fim,,238.0,101.0,-137.0,-57.56,concorreu,False,,
2020-2024,2020,2024,71,1678,LICEU NILO PEÇANHA,CENTRO,-22.8935707,-43.1165611,both,8,29,8,21,0,4,0,0.7241,"[{""nr_zona"": ""71"", ""nr_local"": ""1538"", ""nm_local"": """", ""count"": 4, ""secoes"": [""309"", ""313"", ""317"", ""321""]}]",,Municipal,Municipal,Municipal -> Municipal,,,,,nao_concorreu,,,,,,nao_concorreu_fim,,200.0,159.0,-41.0,-20.5,concorreu,False,,
2020-2024,2020,2024,71,1694,RIO CRICKET,INGÁ,-22.8997052,-43.1133665,both,5,5,5,0,0,0,0,0.0,,,Municipal,Municipal,Municipal -> Municipal,,,,,nao_concorreu,,,,,,nao_concorreu_fim,,121.0,56.0,-65.0,-53.72,concorreu,False,,
2020-2024,2020,2024,72,1015,INSTITUTO JCA,SANTA BARBARA,-22.882301,-43.0585179,both,8,15,8,7,0,0,0,0.4667,,,Municipal,Municipal,Municipal -> Municipal,,,,,nao_concorreu,,,,,,nao_concorreu_fim,,121.0,73.0,-48.0,-39.67,concorreu,False,,
2020-2024,2020,2024,72,1040,COLÉGIO ESTADUAL DAVID CAPISTRANO,SANTA BARBARA,-22.8768468,-43.0480155,both,8,17,8,9,0,0,0,0.5294,,,Municipal,Municipal,Municipal -> Municipal,,,,,nao_concorreu,,,,,,nao_concorreu_fim,,167.0,178.0,11.0,6.59,concorreu,False,,
2020-2024,2020,2024,72,1074,COLEGIO ESTADUAL PAULO ASSIS RIBEIRO,BADU,-22.9068537,-43.0573891,both,18,18,18,0,0,0,0,0.0,,,Municipal,Municipal,Municipal -> Municipal,,,,,nao_concorreu,,,,,,nao_concorreu_fim,,696.0,315.0,-381.0,-54.74,concorreu,False,,
2020-2024,2020,2024,72,1112,ESCOLA ESTADUAL LEOPOLDO FROES,LARGO DA BATALHA,-22.9100474,-43.0677553,both,18,18,18,0,0,0,0,0.0,,,Municipal,Municipal,Municipal -> Municipal,,,,,nao_concorreu,,,,,,nao_concorreu_fim,,670.0,289.0,-381.0,-56.87,concorreu,False,,
2020-2024,2020,2024,72,1147,ESCOLA MUNICIPAL VERA LUCIA MACHADO,BADU,-22.9045,-43.0500355,both,8,8,8,0,0,0,0,0.0,,,Municipal,Municipal,Municipal -> Municipal,,,,,nao_concorreu,,,,,,nao_concorreu_fim,,295.0,129.0,-166.0,-56.27,concorreu,False,,
2020-2024,2020,2024,72,1171,ESCOLA MUNICIPAL ANTONIO COUTINHO DE AZEVEDO,SANTA BARBARA,-22.8756043,-43.04869,both,9,9,9,0,0,0,0,0.0,,,Municipal,Municipal,Municipal -> Municipal,,,,,nao_concorreu,,,,,,nao_concorreu_fim,,192.0,58.0,-134.0,-69.79,concorreu,False,,
2020-2024,2020,2024,72,1180,ESCOLA MUNICIPAL RACHIDE DA GLORIA SALIM SAKER,SANTA BARBARA,-22.8766134,-43.0488967,both,8,8,8,0,0,0,0,0.0,,,Municipal,Municipal,Municipal -> Municipal,,,,,nao_concorreu,,,,,,nao_concorreu_fim,,149.0,65.0,-84.0,-56.38,concorreu,False,,
2020-2024,2020,2024,72,1368,ESCOLA MUNICIPAL VILA COSTA MONTEIRO,ITITIOCA,-22.8963335,-43.077802,both,11,11,11,0,0,0,0,0.0,,,Municipal,Municipal,Municipal -> Municipal,,,,,nao_concorreu,,,,,,nao_concorreu_fim,,320.0,170.0,-150.0,-46.88,concorreu,False,,
2020-2024,2020,2024,72,1449,CIEP 450 - BADU,BADU,-22.9071974,-43.0566124,both,19,20,19,1,0,0,0,0.05,,,Municipal,Municipal,Municipal -> Municipal,,,,,nao_concorreu,,,,,,nao_concorreu_fim,,633.0,317.0,-316.0,-49.92,concorreu,False,,
2020-2024,2020,2024,72,1473,COLÉGIO FORUM CULTURAL,CANTAGALO,-22.9163184,-43.0490094,both,10,10,10,0,0,0,0,0.0,,,Municipal,Municipal,Municipal -> Municipal,,,,,nao_concorreu,,,,,,nao_concorreu_fim,,228.0,146.0,-82.0,-35.96,concorreu,False,,
2020-2024,2020,2024,72,1520,ESCOLA MUNICIPAL LEVI CARNEIRO,SAPÊ,-22.8961721,-43.0583864,both,15,15,15,0,0,0,0,0.0,,,Municipal,Municipal,Municipal -> Municipal,,,,,nao_concorreu,,,,,,nao_concorreu_fim,,535.0,351.0,-184.0,-34.39,concorreu,False,,
2020-2024,2020,2024,72,1538,ESCOLA CATAVENTO ESPAÇO DE EDUCAÇÃO,SAPÊ,-22.9024713,-43.0635188,both,3,5,3,2,0,0,0,0.4,,,Municipal,Municipal,Municipal -> Municipal,,,,,nao_concorreu,,,,,,nao_concorreu_fim,,153.0,117.0,-36.0,-23.53,concorreu,False,,
2020-2024,2020,2024,72,1546,COLÉGIO GOMES PEREIRA,LARGO DA BATALHA,-22.9081863,-43.0665152,both,3,6,3,3,0,0,0,0.5,,,Municipal,Municipal,Municipal -> Municipal,,,,,nao_concorreu,,,,,,nao_concorreu_fim,,102.0,112.0,10.0,9.8,concorreu,False,,
2020-2024,2020,2024,72,1554,CENTRO EDUCACIONAL GIRASSÓIS,LARGO DA BATALHA,-22.9077414,-43.0652722,both,6,6,6,0,0,0,0,0.0,,,Municipal,Municipal,Municipal -> Municipal,,,,,nao_concorreu,,,,,,nao_concorreu_fim,,232.0,110.0,-122.0,-52.59,concorreu,False,,
2020-2024,2020,2024,72,1562,ESCOLA MUNICIPAL HELENA ANTIPOFF,SÃO FRANCISCO,-22.9129237,-43.0786396,both,4,5,4,1,0,0,0,0.2,,,Municipal,Municipal,Municipal -> Municipal,,,,,nao_concorreu,,,,,,nao_concorreu_fim,,114.0,298.0,184.0,161.4,concorreu,False,,
2020-2024,2020,2024,72,1570,IGREJA DO SANTUARIO NACIONAL DAS ALMAS,ICARAÍ,-22.9004522,-43.1107182,both,7,8,7,1,0,0,0,0.125,,,Municipal,Municipal,Municipal -> Municipal,,,,,nao_concorreu,,,,,,nao_concorreu_fim,,154.0,58.0,-96.0,-62.34,concorreu,False,,
2020-2024,2020,2024,72,1589,INSTITUTO GAY-LUSSAC,SÃO FRANCISCO,-22.9168331,-43.0892838,both,8,8,8,0,0,0,0,0.0,,,Municipal,Municipal,Municipal -> Municipal,,,,,nao_concorreu,,,,,,nao_concorreu_fim,,162.0,104.0,-58.0,-35.8,concorreu,False,,
2020-2024,2020,2024,72,1597,COLÉGIO PONTO DE ENSINO,ICARAÍ,-22.9092421,-43.1095209,both,10,10,10,0,0,0,0,0.0,,,Municipal,Municipal,Municipal -> Municipal,,,,,nao_concorreu,,,,,,nao_concorreu_fim,,216.0,81.0,-135.0,-62.5,concorreu,False,,
2020-2024,2020,2024,72,1600,,,,,start_only,3,0,0,0,3,0,3,1.0,,"[{""nr_zona"": ""72"", ""nr_local"": ""1635"", ""nm_local"": ""BANCO BRADESCO"", ""count"": 3, ""secoes"": [""284"", ""285"", ""286""]}]",Municipal,Municipal,Municipal -> Municipal,,,,,nao_concorreu,,,,,,nao_concorreu_fim,,69.0,0.0,-69.0,-100.0,concorreu,False,,
2020-2024,2020,2024,72,1619,COLEGIO ESTADUAL JOAQUIM TAVORA,ICARAÍ,-22.9048788,-43.1081976,both,8,15,8,7,0,0,0,0.4667,,,Municipal,Municipal,Municipal -> Municipal,,,,,nao_concorreu,,,,,,nao_concorreu_fim,,196.0,107.0,-89.0,-45.41,concorreu,False,,
2020-2024,2020,2024,72,1627,ESCOLA MUNICIPAL PROFESSORA LUCIA MARIA SILVEIRA ROCHA,JURUJUBA,-22.9317575,-43.1166302,both,8,8,8,0,0,0,0,0.0,,,Municipal,Municipal,Municipal -> Municipal,,,,,nao_concorreu,,,,,,nao_concorreu_fim,,145.0,162.0,17.0,11.72,concorreu,False,,
2020-2024,2020,2024,72,1635,BANCO BRADESCO,ICARAÍ,-22.9031207,-43.1110165,both,2,6,2,4,0,3,0,0.6667,"[{""nr_zona"": ""72"", ""nr_local"": ""1600"", ""nm_local"": """", ""count"": 3, ""secoes"": [""284"", ""285"", ""286""]}]",,Municipal,Municipal,Municipal -> Municipal,,,,,nao_concorreu,,,,,,nao_concorreu_fim,,49.0,45.0,-4.0,-8.16,concorreu,False,,
2020-2024,2020,2024,72,1643,CENTRO MODERNO ALZIRA BITTENCOURT,ICARAÍ,-22.9012326,-43.110746,both,3,4,3,1,0,0,0,0.25,,,Municipal,Municipal,Municipal -> Municipal,,,,,nao_concorreu,,,,,,nao_concorreu_fim,,81.0,35.0,-46.0,-56.79,concorreu,False,,
2020-2024,2020,2024,72,1651,PH COLÉGIO,ICARAÍ,-22.9006508,-43.1110377,both,4,7,4,3,0,0,0,0.4286,,,Municipal,Municipal,Municipal -> Municipal,,,,,nao_concorreu,,,,,,nao_concorreu_fim,,103.0,51.0,-52.0,-50.49,concorreu,False,,
2020-2024,2020,2024,72,1660,CLUBE CENTRAL,ICARAÍ,-22.9075784,-43.111789,both,17,17,17,0,0,0,0,0.0,,,Municipal,Municipal,Municipal -> Municipal,,,,,nao_concorreu,,,,,,nao_concorreu_fim,,327.0,146.0,-181.0,-55.35,concorreu,False,,
2020-2024,2020,2024,72,1678,ÁGUAS DE NITERÓI,ICARAÍ,-22.908792,-43.1031066,both,4,4,4,0,0,0,0,0.0,,,Municipal,Municipal,Municipal -> Municipal,,,,,nao_concorreu,,,,,,nao_concorreu_fim,,65.0,49.0,-16.0,-24.62,concorreu,False,,
2020-2024,2020,2024,72,1686,,,,,both,8,8,8,0,0,0,0,0.0,,,Municipal,Municipal,Municipal -> Municipal,,,,,nao_concorreu,,,,,,nao_concorreu_fim,,167.0,60.0,-107.0,-64.07,concorreu,False,,
2020-2024,2020,2024,72,1694,ESCOLA MUNICIPAL PROFESSOR PAULO DE ALMEIDA CAMPOS,ICARAÍ,-22.9047439,-43.1131555,both,4,4,4,0,0,0,0,0.0,,,Municipal,Municipal,Municipal -> Municipal,,,,,nao_concorreu,,,,,,nao_concorreu_fim,,98.0,42.0,-56.0,-57.14,concorreu,False,,
2020-2024,2020,2024,72,1708,ESCOLA MUNICIPAL JÚLIA CORTINES,ICARAÍ,-22.9043592,-43.1086717,both,6,11,4,7,2,0,0,0.8182,,,Municipal,Municipal,Municipal -> Municipal,,,,,nao_concorreu,,,,,,nao_concorreu_fim,,214.0,84.0,-130.0,-60.75,concorreu,False,,
2020-2024,2020,2024,72,1716,QUINTAL TRAVESSIAS (ANTIGA ESCOLA VIVINFÂNCIA),ICARAÍ,-22.9079727,-43.1056898,both,3,4,3,1,0,0,0,0.25,,,Municipal,Municipal,Municipal -> Municipal,,,,,nao_concorreu,,,,,,nao_concorreu_fim,,74.0,22.0,-52.0,-70.27,concorreu,False,,
2020-2024,2020,2024,72,1724,AABB,SÃO FRANCISCO,-22.9172823,-43.0826083,both,8,8,8,0,0,0,0,0.0,,,Municipal,Municipal,Municipal -> Municipal,,,,,nao_concorreu,,,,,,nao_concorreu_fim,,175.0,187.0,12.0,6.86,concorreu,False,,
2020-2024,2020,2024,72,1732,CLUBE NAVAL,JURUJUBA,-22.935737,-43.1068139,both,20,20,20,0,0,0,0,0.0,,,Municipal,Municipal,Municipal -> Municipal,,,,,nao_concorreu,,,,,,nao_concorreu_fim,,288.0,377.0,89.0,30.9,concorreu,False,,
2020-2024,2020,2024,72,1740,COLÉGIO ZEROHUM,ICARAÍ,-22.9111671,-43.1073245,both,9,9,9,0,0,0,0,0.0,,,Municipal,Municipal,Municipal -> Municipal,,,,,nao_concorreu,,,,,,nao_concorreu_fim,,174.0,71.0,-103.0,-59.2,concorreu,False,,
2020-2024,2020,2024,72,1759,COLÉGIO MV1,ICARAÍ,-22.9079111,-43.1058651,both,17,18,17,1,0,0,0,0.0556,,,Municipal,Municipal,Municipal -> Municipal,,,,,nao_concorreu,,,,,,nao_concorreu_fim,,312.0,135.0,-177.0,-56.73,concorreu,False,,
2020-2024,2020,2024,72,1767,COLÉGIO ASSUNÇÃO,SÃO FRANCISCO,-22.9208239,-43.0926525,both,15,15,15,0,0,0,0,0.0,,,Municipal,Municipal,Municipal -> Municipal,,,,,nao_concorreu,,,,,,nao_concorreu_fim,,317.0,237.0,-80.0,-25.24,concorreu,False,,
2020-2024,2020,2024,72,1775,COLÉGIO ESTADUAL CIZÍNIO SOARES PINTO,SÃO FRANCISCO,-22.9147594,-43.093934,both,7,7,7,0,0,0,0,0.0,,,Municipal,Municipal,Municipal -> Municipal,,,,,nao_concorreu,,,,,,nao_concorreu_fim,,177.0,145.0,-32.0,-18.08,concorreu,False,,
2020-2024,2020,2024,72,1783,SOCIEDADE BRASILEIRA DE CULTURA INGLESA,ICARAÍ,-22.9075527,-43.1111859,both,4,4,4,0,0,0,0,0.0,,,Municipal,Municipal,Municipal -> Municipal,,,,,nao_concorreu,,,,,,nao_concorreu_fim,,87.0,36.0,-51.0,-58.62,concorreu,False,,
2022-2026,2022,2026,144,1023,,,,,start_only,4,0,0,0,4,0,4,1.0,,"[{""nr_zona"": ""144"", ""nr_local"": ""1090"", ""nm_local"": ""ESCOLA TÉCNICA ESTADUAL HENRIQUE LAGE"", ""count"": 4, ""secoes"": [""2"", ""3"", ""4"", ""122""]}]",Geral,Geral,Geral -> Geral,1.0,0.0,-1.0,-100.0,concorreu,False,,,,,nao_concorreu_fim,,64.0,0.0,-64.0,-100.0,concorreu,False,-1.0,1.0
2022-2026,2022,2026,144,1031,COLÉGIO PEDRO II CAMPUS NITERÓI,BARRETO,-22.8685685,-43.1037833,both,27,27,27,0,0,0,0,0.0,,,Geral,Geral,Geral -> Geral,6.0,27.0,21.0,350.0,concorreu,False,,,,,nao_concorreu_fim,,578.0,4955.0,4377.0,757.27,concorreu,False,21.0,21.0
2022-2026,2022,2026,144,1090,ESCOLA TÉCNICA ESTADUAL HENRIQUE LAGE,BARRETO,-22.8621355,-43.0979546,both,7,26,7,19,0,10,0,0.7308,"[{""nr_zona"": ""144"", ""nr_local"": ""1112"", ""nm_local"": """", ""count"": 5, ""secoes"": [""16"", ""17"", ""34"", ""35"", ""36""]}, {""nr_zona"": ""144"", ""nr_local"": ""1023"", ""nm_local"": """", ""count"": 4, ""secoes"": [""2"", ""3"", ""4"", ""122""]}, {""nr_zona"": ""144"", ""nr_local"": ""1201"", ""nm_local"": """", ""count"": 1, ""secoes"": [""12""]}]",,Geral,Geral,Geral -> Geral,8.0,37.0,29.0,362.5,concorreu,False,,,,,nao_concorreu_fim,,278.0,4989.0,4711.0,1694.6,concorreu,False,29.0,29.0
2022-2026,2022,2026,144,1104,ESCOLA MUNICIPAL ALTIVO CESAR,BARRETO,-22.8645343,-43.0995714,both,11,11,11,0,0,0,0,0.0,,,Geral,Geral,Geral -> Geral,5.0,7.0,2.0,40.0,concorreu,False,,,,,nao_concorreu_fim,,317.0,2301.0,1984.0,625.87,concorreu,False,2.0,2.0
2022-2026,2022,2026,144,1112,,,,,start_only,5,0,0,0,5,0,5,1.0,,"[{""nr_zona"": ""144"", ""nr_local"": ""1090"", ""nm_local"": ""ESCOLA TÉCNICA ESTADUAL HENRIQUE LAGE"", ""count"": 5, ""secoes"": [""16"", ""17"", ""34"", ""35"", ""36""]}]",Geral,Geral,Geral -> Geral,3.0,0.0,-3.0,-100.0,concorreu,False,,,,,nao_concorreu_fim,,93.0,0.0,-93.0,-100.0,concorreu,False,-3.0,3.0
2022-2026,2022,2026,144,1163,COLÉGIO ESTADUAL CONSELHEIRO MACEDO SOARES,BARRETO,-22.8622231,-43.0924035,both,9,9,9,0,0,0,0,0.0,,,Geral,Geral,Geral -> Geral,4.0,10.0,6.0,150.0,concorreu,False,,,,,nao_concorreu_fim,,247.0,1863.0,1616.0,654.25,concorreu,False,6.0,6.0
2022-2026,2022,2026,144,1171,ESCOLA ESTADUAL MENEZES VIEIRA,BARRETO,-22.8693286,-43.1032004,both,7,7,7,0,0,0,0,0.0,,,Geral,Geral,Geral -> Geral,2.0,11.0,9.0,450.0,concorreu,False,,,,,nao_concorreu_fim,,157.0,1639.0,1482.0,943.95,concorreu,False,9.0,9.0
2022-2026,2022,2026,144,1201,,,,,start_only,2,0,0,0,2,0,1,1.0,,"[{""nr_zona"": ""144"", ""nr_local"": ""1090"", ""nm_local"": ""ESCOLA TÉCNICA ESTADUAL HENRIQUE LAGE"", ""count"": 1, ""secoes"": [""12""]}]",Geral,Geral,Geral -> Geral,2.0,0.0,-2.0,-100.0,concorreu,False,,,,,nao_concorreu_fim,,67.0,0.0,-67.0,-100.0,concorreu,False,-2.0,2.0
2022-2026,2022,2026,144,1210,UMEI THEREZINHA KALIL PETRUS (ANTIGO TIO SAM),BARRETO,-22.8719306,-43.104502,both,12,12,12,0,0,0,0,0.0,,,Geral,Geral,Geral -> Geral,14.0,11.0,-3.0,-21.43,concorreu,False,,,,,nao_concorreu_fim,,326.0,2227.0,1901.0,583.13,concorreu,False,-3.0,3.0
2022-2026,2022,2026,144,1236,COLÉGIO ESTADUAL MULLULO DA VEIGA,ENGENHOCA,-22.8708282,-43.0988892,both,11,27,11,16,0,10,0,0.5926,"[{""nr_zona"": ""144"", ""nr_local"": ""1252"", ""nm_local"": """", ""count"": 7, ""secoes"": [""83"", ""85"", ""87"", ""92"", ""113"", ""115"", ""135""]}, {""nr_zona"": ""144"", ""nr_local"": ""1350"", ""nm_local"": """", ""count"": 3, ""secoes"": [""107"", ""111"", ""112""]}]",,Geral,Geral,Geral -> Geral,4.0,27.0,23.0,575.0,concorreu,False,,,,,nao_concorreu_fim,,214.0,5662.0,5448.0,2545.79,concorreu,False,23.0,23.0
2022-2026,2022,2026,144,1252,,,,,start_only,7,0,0,0,7,0,7,1.0,,"[{""nr_zona"": ""144"", ""nr_local"": ""1236"", ""nm_local"": ""COLÉGIO ESTADUAL MULLULO DA VEIGA"", ""count"": 7, ""secoes"": [""83"", ""85"", ""87"", ""92"", ""113"", ""115"", ""135""]}]",Geral,Geral,Geral -> Geral,8.0,0.0,-8.0,-100.0,concorreu,False,,,,,nao_concorreu_fim,,191.0,0.0,-191.0,-100.0,concorreu,False,-8.0,8.0
2022-2026,2022,2026,144,1317,IGREJA BATISTA BETEL DE NITERÓI,ENGENHOCA,-22.8716138,-43.096026,both,5,5,5,0,0,0,0,0.0,,,Geral,Geral,Geral -> Geral,1.0,5.0,4.0,400.0,concorreu,False,,,,,nao_concorreu_fim,,128.0,885.0,757.0,591.41,concorreu,False,4.0,4.0
2022-2026,2022,2026,144,1350,,,,,start_only,3,0,0,0,3,0,3,1.0,,"[{""nr_zona"": ""144"", ""nr_local"": ""1236"", ""nm_local"": ""COLÉGIO ESTADUAL MULLULO DA VEIGA"", ""count"": 3, ""secoes"": [""107"", ""111"", ""112""]}]",Geral,Geral,Geral -> Geral,1.0,0.0,-1.0,-100.0,concorreu,False,,,,,nao_concorreu_fim,,58.0,0.0,-58.0,-100.0,concorreu,False,-1.0,1.0
2022-2026,2022,2026,144,1406,COLÉGIO NITERÓI,ENGENHOCA,-22.8706133,-43.1018717,both,6,6,6,0,0,0,0,0.0,,,Geral,Geral,Geral -> Geral,4.0,21.0,17.0,425.0,concorreu,False,,,,,nao_concorreu_fim,,132.0,1514.0,1382.0,1046.97,concorreu,False,17.0,17.0
2022-2026,2022,2026,144,1449,INSTITUTO SÃO BENTO DE NITEROI,SANTA ROSA,-22.8968349,-43.1000967,both,11,6,6,0,5,0,5,0.4545,,"[{""nr_zona"": ""144"", ""nr_local"": ""1708"", ""nm_local"": ""CENTRO EDUCACIONAL ESTAÇÃO DO APRENDER"", ""count"": 5, ""secoes"": [""138"", ""139"", ""140"", ""141"", ""142""]}]",Geral,Geral,Geral -> Geral,12.0,4.0,-8.0,-66.67,concorreu,False,,,,,nao_concorreu_fim,,451.0,1295.0,844.0,187.14,concorreu,False,-8.0,8.0
2022-2026,2022,2026,144,1457,ESCOLA ESTADUAL MACHADO DE ASSIS,FONSECA,-22.8836374,-43.0857092,both,13,13,13,0,0,0,0,0.0,,,Geral,Geral,Geral -> Geral,10.0,11.0,1.0,10.0,concorreu,False,,,,,nao_concorreu_fim,,442.0,2546.0,2104.0,476.02,concorreu,False,1.0,1.0
2022-2026,2022,2026,144,1473,ESCOLA ESTADUAL JOSE BONIFACIO,FONSECA,-22.8831949,-43.1060172,both,15,15,15,0,0,0,0,0.0,,,Geral,Geral,Geral -> Geral,9.0,8.0,-1.0,-11.11,concorreu,False,,,,,nao_concorreu_fim,,484.0,3242.0,2758.0,569.83,concorreu,False,-1.0,1.0
2022-2026,2022,2026,144,1481,,,,,start_only,11,0,0,0,11,0,11,1.0,,"[{""nr_zona"": ""144"", ""nr_local"": ""1716"", ""nm_local"": ""ASSOCIAÇÃO FLUMINENSE DE AMPARO AOS CEGOS (AFAC)"", ""count"": 11, ""secoes"": [""178"", ""179"", ""180"", ""181"", ""182"", ""183"", ""184"", ""185"", ""186"", ""187"", ""188""]}]",Geral,Geral,Geral -> Geral,13.0,0.0,-13.0,-100.0,concorreu,False,,,,,nao_concorreu_fim,,285.0,0.0,-285.0,-100.0,concorreu,False,-13.0,13.0
2022-2026,2022,2026,144,1490,IGREJA BATISTA DO FONSECA,FONSECA,-22.8810878,-43.0865383,both,5,5,5,0,0,0,0,0.0,,,Geral,Geral,Geral -> Geral,4.0,6.0,2.0,50.0,concorreu,False,,,,,nao_concorreu_fim,,166.0,929.0,763.0,459.64,concorreu,False,2.0,2.0
2022-2026,2022,2026,144,1503,ESCOLA ESTADUAL SÃO DOMINGOS SÁVIO,SANTA ROSA,-22.8988024,-43.0928214,both,7,7,7,0,0,0,0,0.0,,,Geral,Geral,Geral -> Geral,11.0,5.0,-6.0,-54.55,concorreu,False,,,,,nao_concorreu_fim,,249.0,1360.0,1111.0,446.18,concorreu,False,-6.0,6.0
2022-2026,2022,2026,144,1511,COP REDE DE ENSINO (ANTIGO COLÉGIO OPÇÃO),FONSECA,-22.8814198,-43.0895121,both,4,4,4,0,0,0,0,0.0,,,Geral,Geral,Geral -> Geral,5.0,6.0,1.0,20.0,concorreu,False,,,,,nao_concorreu_fim,,111.0,821.0,710.0,639.64,concorreu,False,1.0,1.0
2022-2026,2022,2026,144,1520,,,,,start_only,2,0,0,0,2,0,1,1.0,,"[{""nr_zona"": ""144"", ""nr_local"": ""1694"", ""nm_local"": ""ESPAÇO DO SABER"", ""count"": 1, ""secoes"": [""205""]}]",Geral,Geral,Geral -> Geral,2.0,0.0,-2.0,-100.0,concorreu,False,,,,,nao_concorreu_fim,,54.0,0.0,-54.0,-100.0,concorreu,False,-2.0,2.0
2022-2026,2022,2026,144,1546,,,,,start_only,4,0,0,0,4,0,4,1.0,,"[{""nr_zona"": ""144"", ""nr_local"": ""1597"", ""nm_local"": ""ESCOLA ESTADUAL HILARIO RIBEIRO"", ""count"": 4, ""secoes"": [""211"", ""212"", ""213"", ""214""]}]",Geral,Geral,Geral -> Geral,3.0,0.0,-3.0,-100.0,concorreu,False,,,,,nao_concorreu_fim,,168.0,0.0,-168.0,-100.0,concorreu,False,-3.0,3.0
2022-2026,2022,2026,144,1554,ESCOLA MUNICIPAL PROFESSOR PAULO FREIRE,FONSECA,-22.8828529,-43.0824987,both,14,17,9,8,5,0,5,0.7647,,"[{""nr_zona"": ""144"", ""nr_local"": ""1686"", ""nm_local"": ""COLÉGIO DA POLÍCIA MILITAR"", ""count"": 5, ""secoes"": [""286"", ""287"", ""288"", ""289"", ""290""]}]",Geral,Geral,Geral -> Geral,9.0,4.0,-5.0,-55.56,concorreu,False,,,,,nao_concorreu_fim,,538.0,2553.0,2015.0,374.54,concorreu,False,-5.0,5.0
2022-2026,2022,2026,144,1562,LBV LEGIÃO DA BOA VONTADE,FONSECA,-22.8811009,-43.0979899,both,6,6,6,0,0,0,0,0.0,,,Geral,Geral,Geral -> Geral,5.0,4.0,-1.0,-20.0,concorreu,False,,,,,nao_concorreu_fim,,243.0,1235.0,992.0,408.23,concorreu,False,-1.0,1.0
2022-2026,2022,2026,144,1570,HORTO DO FONSECA,FONSECA,-22.8823618,-43.0907682,both,13,13,13,0,0,0,0,0.0,,,Geral,Geral,Geral -> Geral,10.0,16.0,6.0,60.0,concorreu,False,,,,,nao_concorreu_fim,,376.0,2419.0,2043.0,543.35,concorreu,False,6.0,6.0
2022-2026,2022,2026,144,1589,COLÉGIO NOSSA SENHORA DAS MERCÊS,FONSECA,-22.880345,-43.1023535,both,13,13,13,0,0,0,0,0.0,,,Geral,Geral,Geral -> Geral,14.0,11.0,-3.0,-21.43,concorreu,False,,,,,nao_concorreu_fim,,521.0,2496.0,1975.0,379.08,concorreu,False,-3.0,3.0
2022-2026,2022,2026,144,1597,ESCOLA ESTADUAL HILARIO RIBEIRO,FONSECA,-22.8813893,-43.0901745,both,8,13,6,7,2,4,0,0.6923,"[{""nr_zona"": ""144"", ""nr_local"": ""1546"", ""nm_local"": """", ""count"": 4, ""secoes"": [""211"", ""212"", ""213"", ""214""]}]",,Geral,Geral,Geral -> Geral,1.0,13.0,12.0,1200.0,concorreu,False,,,,,nao_concorreu_fim,,256.0,2284.0,2028.0,792.19,concorreu,False,12.0,12.0
2022-2026,2022,2026,144,1600,CIEP 251 - DONA MARIA PORTUGAL,BALDEADOR,-22.877013,-43.0557658,both,7,8,7,1,0,0,0,0.125,,,Geral,Geral,Geral -> Geral,5.0,1.0,-4.0,-80.0,concorreu,False,,,,,nao_concorreu_fim,,154.0,1933.0,1779.0,1155.19,concorreu,False,-4.0,4.0
2022-2026,2022,2026,144,1627,ESCOLA ESTADUAL DOUTOR JAYME MEMORIA,CUBANGO,-22.88949,-43.0937712,both,13,13,13,0,0,0,0,0.0,,,Geral,Geral,Geral -> Geral,19.0,10.0,-9.0,-47.37,concorreu,False,,,,,nao_concorreu_fim,,531.0,2820.0,2289.0,431.07,concorreu,False,-9.0,9.0
2022-2026,2022,2026,144,1635,,,,,start_only,6,0,0,0,6,0,6,1.0,,"[{""nr_zona"": ""144"", ""nr_local"": ""1732"", ""nm_local"": ""COLÉGIO ATUAÇÃO"", ""count"": 6, ""secoes"": [""303"", ""305"", ""307"", ""309"", ""311"", ""312""]}]",Geral,Geral,Geral -> Geral,2.0,0.0,-2.0,-100.0,concorreu,False,,,,,nao_concorreu_fim,,176.0,0.0,-176.0,-100.0,concorreu,False,-2.0,2.0
2022-2026,2022,2026,144,1643,,,,,start_only,3,0,0,0,3,0,3,1.0,,"[{""nr_zona"": ""144"", ""nr_local"": ""1694"", ""nm_local"": ""ESPAÇO DO SABER"", ""count"": 3, ""secoes"": [""314"", ""315"", ""316""]}]",Geral,Geral,Geral -> Geral,4.0,0.0,-4.0,-100.0,concorreu,False,,,,,nao_concorreu_fim,,75.0,0.0,-75.0,-100.0,concorreu,False,-4.0,4.0
2022-2026,2022,2026,144,1651,PARÓQUIA SÃO LOURENÇO,FONSECA,-22.881317,-43.1088379,both,6,16,6,10,0,5,0,0.625,"[{""nr_zona"": ""144"", ""nr_local"": ""1678"", ""nm_local"": """", ""count"": 5, ""secoes"": [""337"", ""338"", ""339"", ""340"", ""341""]}]",,Geral,Geral,Geral -> Geral,4.0,17.0,13.0,325.0,concorreu,False,,,,,nao_concorreu_fim,,221.0,2318.0,2097.0,948.87,concorreu,False,13.0,13.0
2022-2026,2022,2026,144,1660,,,,,start_only,9,0,0,0,9,0,9,1.0,,"[{""nr_zona"": ""144"", ""nr_local"": ""1724"", ""nm_local"": ""CENTRO CULTURAL CAUBY PEIXOTO"", ""count"": 9, ""secoes"": [""328"", ""329"", ""330"", ""331"", ""332"", ""333"", ""334"", ""335"", ""336""]}]",Geral,Geral,Geral -> Geral,5.0,0.0,-5.0,-100.0,concorreu,False,,,,,nao_concorreu_fim,,294.0,0.0,-294.0,-100.0,concorreu,False,-5.0,5.0
2022-2026,2022,2026,144,1678,,,,,start_only,5,0,0,0,5,0,5,1.0,,"[{""nr_zona"": ""144"", ""nr_local"": ""1651"", ""nm_local"": ""PARÓQUIA SÃO LOURENÇO"", ""count"": 5, ""secoes"": [""337"", ""338"", ""339"", ""340"", ""341""]}]",Geral,Geral,Geral -> Geral,5.0,0.0,-5.0,-100.0,concorreu,False,,,,,nao_concorreu_fim,,106.0,0.0,-106.0,-100.0,concorreu,False,-5.0,5.0
2022-2026,2022,2026,144,1686,COLÉGIO DA POLÍCIA MILITAR,FONSECA,-22.8818063,-43.0820149,both,5,14,5,9,0,5,0,0.6429,"[{""nr_zona"": ""144"", ""nr_local"": ""1554"", ""nm_local"": ""ESCOLA MUNICIPAL PROFESSOR PAULO FREIRE"", ""count"": 5, ""secoes"": [""286"", ""287"", ""288"", ""289"", ""290""]}]",,Geral,Geral,Geral -> Geral,5.0,12.0,7.0,140.0,concorreu,False,,,,,nao_concorreu_fim,,192.0,3171.0,2979.0,1551.56,concorreu,False,7.0,7.0
2022-2026,2022,2026,144,1694,ESPAÇO DO SABER,FONSECA,-22.8810443,-43.087791,end_only,0,5,0,5,0,4,0,1.0,"[{""nr_zona"": ""144"", ""nr_local"": ""1643"", ""nm_local"": """", ""count"": 3, ""secoes"": [""314"", ""315"", ""316""]}, {""nr_zona"": ""144"", ""nr_local"": ""1520"", ""nm_local"": """", ""count"": 1, ""secoes"": [""205""]}]",,Geral,Geral,Geral -> Geral,0.0,8.0,8.0,,concorreu,False,,,,,nao_concorreu_fim,,0.0,890.0,890.0,,concorreu,False,8.0,8.0
2022-2026,2022,2026,144,1708,CENTRO EDUCACIONAL ESTAÇÃO DO APRENDER,SANTA ROSA,-22.8991833,-43.0991905,end_only,0,6,0,6,0,5,0,1.0,"[{""nr_zona"": ""144"", ""nr_local"": ""1449"", ""nm_local"": ""INSTITUTO SÃO BENTO DE NITEROI"", ""count"": 5, ""secoes"": [""138"", ""139"", ""140"", ""141"", ""142""]}]",,Geral,Geral,Geral -> Geral,0.0,2.0,2.0,,concorreu,False,,,,,nao_concorreu_fim,,0.0,1302.0,1302.0,,concorreu,False,2.0,2.0
2022-2026,2022,2026,144,1716,ASSOCIAÇÃO FLUMINENSE DE AMPARO AOS CEGOS (AFAC),FONSECA,-22.8821138,-43.1089716,end_only,0,11,0,11,0,11,0,1.0,"[{""nr_zona"": ""144"", ""nr_local"": ""1481"", ""nm_local"": """", ""count"": 11, ""secoes"": [""178"", ""179"", ""180"", ""181"", ""182"", ""183"", ""184"", ""185"", ""186"", ""187"", ""188""]}]",,Geral,Geral,Geral -> Geral,0.0,8.0,8.0,,concorreu,False,,,,,nao_concorreu_fim,,0.0,1742.0,1742.0,,concorreu,False,8.0,8.0
2022-2026,2022,2026,144,1724,CENTRO CULTURAL CAUBY PEIXOTO,FONSECA,-22.8803376,-43.1032062,end_only,0,9,0,9,0,9,0,1.0,"[{""nr_zona"": ""144"", ""nr_local"": ""1660"", ""nm_local"": """", ""count"": 9, ""secoes"": [""328"", ""329"", ""330"", ""331"", ""332"", ""333"", ""334"", ""335"", ""336""]}]",,Geral,Geral,Geral -> Geral,0.0,15.0,15.0,,concorreu,False,,,,,nao_concorreu_fim,,0.0,1773.0,1773.0,,concorreu,False,15.0,15.0
2022-2026,2022,2026,144,1732,COLÉGIO ATUAÇÃO,FONSECA,-22.8795726,-43.100866,end_only,0,11,0,11,0,6,0,1.0,"[{""nr_zona"": ""144"", ""nr_local"": ""1635"", ""nm_local"": """", ""count"": 6, ""secoes"": [""303"", ""305"", ""307"", ""309"", ""311"", ""312""]}]",,Geral,Geral,Geral -> Geral,0.0,5.0,5.0,,concorreu,False,,,,,nao_concorreu_fim,,0.0,1691.0,1691.0,,concorreu,False,5.0,5.0
2022-2026,2022,2026,199,1015,COUNTRY CLUB DE NITEROI,VILA PROGRESSO,-22.8970192,-43.0347113,both,8,9,8,1,0,0,0,0.1111,,,Geral,Geral,Geral -> Geral,8.0,9.0,1.0,12.5,concorreu,False,,,,,nao_concorreu_fim,,358.0,1609.0,1251.0,349.44,concorreu,False,1.0,1.0
2022-2026,2022,2026,199,1023,ESCOLA MUNICIPAL FELISBERTO DE CARVALHO,VILA PROGRESSO,-22.8970371,-43.0392212,both,6,6,6,0,0,0,0,0.0,,,Geral,Geral,Geral -> Geral,5.0,4.0,-1.0,-20.0,concorreu,False,,,,,nao_concorreu_fim,,221.0,1031.0,810.0,366.52,concorreu,False,-1.0,1.0
2022-2026,2022,2026,199,1031,ESCOLA MUNICIPAL HONORINA DE CARVALHO,MARIA PAULA,-22.882289,-43.0265693,both,12,12,12,0,0,0,0,0.0,,,Geral,Geral,Geral -> Geral,11.0,13.0,2.0,18.18,concorreu,False,,,,,nao_concorreu_fim,,361.0,1723.0,1362.0,377.29,concorreu,False,2.0,2.0
2022-2026,2022,2026,199,1066,COLÉGIO CENECISTA JULIO CESAR SOUZA BALTHAREJO,ITAIPU,-22.9646939,-43.0332117,both,7,4,3,1,4,0,4,0.7143,,"[{""nr_zona"": ""199"", ""nr_local"": ""1503"", ""nm_local"": ""ITACOATIARA PAMPO CLUBE"", ""count"": 4, ""secoes"": [""21"", ""22"", ""23"", ""24""]}]",Geral,Geral,Geral -> Geral,1.0,8.0,7.0,700.0,concorreu,False,,,,,nao_concorreu_fim,,390.0,677.0,287.0,73.59,concorreu,False,7.0,7.0
2022-2026,2022,2026,199,1074,COLÉGIO CURSO ZEROHUM ( ANT GAUSS),ITAIPU,-22.9427133,-43.0519956,both,9,9,9,0,0,0,0,0.0,,,Geral,Geral,Geral -> Geral,7.0,19.0,12.0,171.43,concorreu,False,,,,,nao_concorreu_fim,,377.0,1390.0,1013.0,268.7,concorreu,False,12.0,12.0
2022-2026,2022,2026,199,1082,UMEI DR PAULO CESAR DE ALMEIDA PIMENTEL,ITAIPU,-22.9614459,-43.0327165,both,11,10,9,1,2,0,2,0.2727,,"[{""nr_zona"": ""199"", ""nr_local"": ""1406"", ""nm_local"": ""CANADIAN SCHOOL OF NITERÓI - EXPANSÃO ITACOATIARA"", ""count"": 2, ""secoes"": [""124"", ""141""]}]",Geral,Geral,Geral -> Geral,6.0,7.0,1.0,16.67,concorreu,False,,,,,nao_concorreu_fim,,311.0,993.0,682.0,219.29,concorreu,False,1.0,1.0
2022-2026,2022,2026,199,1090,COLÉGIO ESTADUAL PROFESSORA ALCINA RODRIGUES LIMA,ITAIPU,-22.9528491,-43.0285072,both,14,14,14,0,0,0,0,0.0,,,Geral,Geral,Geral -> Geral,11.0,19.0,8.0,72.73,concorreu,False,,,,,nao_concorreu_fim,,403.0,2050.0,1647.0,408.68,concorreu,False,8.0,8.0
2022-2026,2022,2026,199,1104,CURSO CNA- PIRATININGA,PIRATININGA,-22.9441523,-43.0589254,both,6,6,6,0,0,0,0,0.0,,,Geral,Geral,Geral -> Geral,9.0,7.0,-2.0,-22.22,concorreu,False,,,,,nao_concorreu_fim,,227.0,986.0,759.0,334.36,concorreu,False,-2.0,2.0
2022-2026,2022,2026,199,1112,COLÉGIO SALESIANO REGIÃO OCEÂNICA,PIRATININGA,-22.9393022,-43.0618731,both,15,15,15,0,0,0,0,0.0,,,Geral,Geral,Geral -> Geral,13.0,15.0,2.0,15.38,concorreu,False,,,,,nao_concorreu_fim,,623.0,2368.0,1745.0,280.1,concorreu,False,2.0,2.0
2022-2026,2022,2026,199,1120,COLÉGIO ESTADUAL ALMIRANTE TAMANDARÉ,PIRATININGA,-22.9512083,-43.0916732,both,11,11,11,0,0,0,0,0.0,,,Geral,Geral,Geral -> Geral,11.0,11.0,0.0,0.0,concorreu,False,,,,,nao_concorreu_fim,,303.0,1820.0,1517.0,500.66,concorreu,False,0.0,0.0
2022-2026,2022,2026,199,1139,ESCOLA MUNICIPAL FRANCISCO PORTUGAL NEVES,PIRATININGA,-22.942363,-43.056665,both,10,11,10,1,0,0,0,0.0909,,,Geral,Geral,Geral -> Geral,16.0,13.0,-3.0,-18.75,concorreu,False,,,,,nao_concorreu_fim,,315.0,2073.0,1758.0,558.1,concorreu,False,-3.0,3.0
2022-2026,2022,2026,199,1155,COLÉGIO ITAPUCA,PIRATININGA,-22.9437854,-43.0593249,both,15,15,15,0,0,0,0,0.0,,,Geral,Geral,Geral -> Geral,15.0,14.0,-1.0,-6.67,concorreu,False,,,,,nao_concorreu_fim,,580.0,2493.0,1913.0,329.83,concorreu,False,-1.0,1.0
2022-2026,2022,2026,199,1163,ANDEF (EX FAETEC),RIO DO OURO,-22.8896379,-42.9978497,both,8,8,8,0,0,0,0,0.0,,,Geral,Geral,Geral -> Geral,2.0,7.0,5.0,250.0,concorreu,False,,,,,nao_concorreu_fim,,199.0,1153.0,954.0,479.4,concorreu,False,5.0,5.0
2022-2026,2022,2026,199,1171,,,,,start_only,1,0,0,0,1,0,1,1.0,,"[{""nr_zona"": ""199"", ""nr_local"": ""1481"", ""nm_local"": ""ESCOLA ESTADUAL SOUZA SOARES"", ""count"": 1, ""secoes"": [""71""]}]",Geral,Geral,Geral -> Geral,2.0,0.0,-2.0,-100.0,concorreu,False,,,,,nao_concorreu_fim,,24.0,0.0,-24.0,-100.0,concorreu,False,-2.0,2.0
2022-2026,2022,2026,199,1198,CIEP 448 RUY FRAZÃO SOARES,ITAIPU,-22.9356576,-43.0092644,both,13,13,13,0,0,0,0,0.0,,,Geral,Geral,Geral -> Geral,4.0,15.0,11.0,275.0,concorreu,False,,,,,nao_concorreu_fim,,424.0,1779.0,1355.0,319.58,concorreu,False,11.0,11.0
2022-2026,2022,2026,199,1244,COLÉGIO LAPLACE,PIRATININGA,-22.9425434,-43.05605,both,9,10,9,1,0,0,0,0.1,,,Geral,Geral,Geral -> Geral,17.0,13.0,-4.0,-23.53,concorreu,False,,,,,nao_concorreu_fim,,368.0,1599.0,1231.0,334.51,concorreu,False,-4.0,4.0
2022-2026,2022,2026,199,1252,CIEP 307 DJANIRA,VÁRZEA DAS MOÇAS,-22.910323,-42.9852487,both,10,7,7,0,3,0,3,0.3,,"[{""nr_zona"": ""199"", ""nr_local"": ""1473"", ""nm_local"": ""COLÉGIO COLABORE"", ""count"": 3, ""secoes"": [""183"", ""201"", ""222""]}]",Geral,Geral,Geral -> Geral,5.0,3.0,-2.0,-40.0,concorreu,False,,,,,nao_concorreu_fim,,234.0,1117.0,883.0,377.35,concorreu,False,-2.0,2.0
2022-2026,2022,2026,199,1260,COLÉGIO PLUZ,SERRA GRANDE,-22.9287514,-43.0124453,both,13,13,13,0,0,0,0,0.0,,,Geral,Geral,Geral -> Geral,10.0,24.0,14.0,140.0,concorreu,False,,,,,nao_concorreu_fim,,509.0,2412.0,1903.0,373.87,concorreu,False,14.0,14.0
2022-2026,2022,2026,199,1279,,,,,start_only,4,0,0,0,4,0,4,1.0,,"[{""nr_zona"": ""199"", ""nr_local"": ""1341"", ""nm_local"": ""COLÉGIO OBJETIVO CAMBOINHAS"", ""count"": 4, ""secoes"": [""154"", ""170"", ""190"", ""200""]}]",Geral,Geral,Geral -> Geral,6.0,0.0,-6.0,-100.0,concorreu,False,,,,,nao_concorreu_fim,,156.0,0.0,-156.0,-100.0,concorreu,False,-6.0,6.0
2022-2026,2022,2026,199,1287,ESCOLA MUNICIPAL PROF MARCOS WALDEMAR DE FREITAS REIS,ITAIPU,-22.9615628,-43.0330724,both,4,4,4,0,0,0,0,0.0,,,Geral,Geral,Geral -> Geral,1.0,4.0,3.0,300.0,concorreu,False,,,,,nao_concorreu_fim,,161.0,660.0,499.0,309.94,concorreu,False,3.0,3.0
2022-2026,2022,2026,199,1295,UMEI PROFA ODETE ROSA DA MOTA,ITAIPU,-22.9532368,-43.02859,both,7,7,7,0,0,0,0,0.0,,,Geral,Geral,Geral -> Geral,6.0,5.0,-1.0,-16.67,concorreu,False,,,,,nao_concorreu_fim,,317.0,1045.0,728.0,229.65,concorreu,False,-1.0,1.0
2022-2026,2022,2026,199,1317,COLÉGIO PAULO FREIRE,ENGENHO DO MATO,-22.9500178,-43.0246246,both,12,12,12,0,0,0,0,0.0,,,Geral,Geral,Geral -> Geral,21.0,15.0,-6.0,-28.57,concorreu,False,,,,,nao_concorreu_fim,,515.0,2291.0,1776.0,344.85,concorreu,False,-6.0,6.0
2022-2026,2022,2026,199,1325,ESCOLA MUNICIPAL SÍTIO DO IPÊ,MARIA PAULA,-22.8821134,-43.0267087,both,4,5,4,1,0,0,0,0.2,,,Geral,Geral,Geral -> Geral,4.0,5.0,1.0,25.0,concorreu,False,,,,,nao_concorreu_fim,,144.0,743.0,599.0,415.97,concorreu,False,1.0,1.0
2022-2026,2022,2026,199,1333,,,,,start_only,3,0,0,0,3,0,3,1.0,,"[{""nr_zona"": ""199"", ""nr_local"": ""1465"", ""nm_local"": ""COLÉGIO CURSO PENSI - ITAIPU"", ""count"": 3, ""secoes"": [""214"", ""225"", ""243""]}]",Geral,Geral,Geral -> Geral,6.0,0.0,-6.0,-100.0,concorreu,False,,,,,nao_concorreu_fim,,159.0,0.0,-159.0,-100.0,concorreu,False,-6.0,6.0
2022-2026,2022,2026,199,1341,COLÉGIO OBJETIVO CAMBOINHAS,CAMBOINHAS,-22.9537053,-43.0584356,both,1,7,1,6,0,4,0,0.8571,"[{""nr_zona"": ""199"", ""nr_local"": ""1279"", ""nm_local"": """", ""count"": 4, ""secoes"": [""154"", ""170"", ""190"", ""200""]}]",,Geral,Geral,Geral -> Geral,5.0,10.0,5.0,100.0,concorreu,False,,,,,nao_concorreu_fim,,63.0,1162.0,1099.0,1744.44,concorreu,False,5.0,5.0
2022-2026,2022,2026,199,1350,ESCOLA MUNICIPAL MARALEGRE,CAFUBÁ,-22.9362723,-43.0724233,both,3,4,3,1,0,0,0,0.25,,,Geral,Geral,Geral -> Geral,10.0,6.0,-4.0,-40.0,concorreu,False,,,,,nao_concorreu_fim,,118.0,845.0,727.0,616.1,concorreu,False,-4.0,4.0
2022-2026,2022,2026,199,1368,UMEI PROFESSORA NINA RITA TORRES,PIRATININGA,-22.9519115,-43.0861872,both,4,5,4,1,0,0,0,0.2,,,Geral,Geral,Geral -> Geral,3.0,6.0,3.0,100.0,concorreu,False,,,,,nao_concorreu_fim,,137.0,836.0,699.0,510.22,concorreu,False,3.0,3.0
2022-2026,2022,2026,199,1384,UMEI OLGA BENÁRIO PRESTES,ENGENHO DO MATO,-22.9354086,-43.0086653,both,1,3,1,2,0,0,0,0.6667,,,Geral,Geral,Geral -> Geral,0.0,3.0,3.0,,concorreu,False,,,,,nao_concorreu_fim,,32.0,392.0,360.0,1125.0,concorreu,False,3.0,3.0
2022-2026,2022,2026,199,1392,CULTURA INGLESA EM ITAIPU,ITAIPU,-22.9413685,-43.0533061,both,6,6,6,0,0,0,0,0.0,,,Geral,Geral,Geral -> Geral,14.0,16.0,2.0,14.29,concorreu,False,,,,,nao_concorreu_fim,,241.0,1146.0,905.0,375.52,concorreu,False,2.0,2.0
2022-2026,2022,2026,199,1406,CANADIAN SCHOOL OF NITERÓI - EXPANSÃO ITACOATIARA,ITACOATIARA,-22.9619895,-43.0348161,end_only,0,4,0,4,0,2,0,1.0,"[{""nr_zona"": ""199"", ""nr_local"": ""1082"", ""nm_local"": ""UMEI DR PAULO CESAR DE ALMEIDA PIMENTEL"", ""count"": 2, ""secoes"": [""124"", ""141""]}]",,Geral,Geral,Geral -> Geral,0.0,3.0,3.0,,concorreu,False,,,,,nao_concorreu_fim,,0.0,438.0,438.0,,concorreu,False,3.0,3.0
2022-2026,2022,2026,199,1422,CANADIAN SCHOOL OF NITERÓI - PIRATININGA,PIRATININGA,-22.9385068,-43.0658055,end_only,0,2,0,2,0,0,0,1.0,,,Geral,Geral,Geral -> Geral,0.0,1.0,1.0,,concorreu,False,,,,,nao_concorreu_fim,,0.0,263.0,263.0,,concorreu,False,1.0,1.0
2022-2026,2022,2026,199,1430,ACANTO ESPAÇO ESCOLA,ITAIPU,-22.9530379,-43.0261348,end_only,0,3,0,3,0,0,0,1.0,,,Geral,Geral,Geral -> Geral,0.0,10.0,10.0,,concorreu,False,,,,,nao_concorreu_fim,,0.0,491.0,491.0,,concorreu,False,10.0,10.0
2022-2026,2022,2026,199,1457,COLÉGIO CURSO INTELLECTUS - REGIÃO OCEÂNICA,PIRATININGA,-22.9356743,-43.0621595,end_only,0,2,0,2,0,0,0,1.0,,,Geral,Geral,Geral -> Geral,0.0,1.0,1.0,,concorreu,False,,,,,nao_concorreu_fim,,0.0,267.0,267.0,,concorreu,False,1.0,1.0
2022-2026,2022,2026,199,1465,COLÉGIO CURSO PENSI - ITAIPU,ITAIPU,-22.9421824,-43.03776,end_only,0,5,0,5,0,3,0,1.0,"[{""nr_zona"": ""199"", ""nr_local"": ""1333"", ""nm_local"": """", ""count"": 3, ""secoes"": [""214"", ""225"", ""243""]}]",,Geral,Geral,Geral -> Geral,0.0,1.0,1.0,,concorreu,False,,,,,nao_concorreu_fim,,0.0,847.0,847.0,,concorreu,False,1.0,1.0
2022-2026,2022,2026,199,1473,COLÉGIO COLABORE,VÁRZEA DAS MOÇAS,-22.9131583,-42.9846125,end_only,0,3,0,3,0,3,0,1.0,"[{""nr_zona"": ""199"", ""nr_local"": ""1252"", ""nm_local"": ""CIEP 307 DJANIRA"", ""count"": 3, ""secoes"": [""183"", ""201"", ""222""]}]",,Geral,Geral,Geral -> Geral,0.0,1.0,1.0,,concorreu,False,,,,,nao_concorreu_fim,,0.0,521.0,521.0,,concorreu,False,1.0,1.0
2022-2026,2022,2026,199,1481,ESCOLA ESTADUAL SOUZA SOARES,RIO DO OURO,-22.9073849,-42.9712931,end_only,0,2,0,2,0,1,0,1.0,"[{""nr_zona"": ""199"", ""nr_local"": ""1171"", ""nm_local"": """", ""count"": 1, ""secoes"": [""71""]}]",,Geral,Geral,Geral -> Geral,0.0,0.0,0.0,,concorreu,False,,,,,nao_concorreu_fim,,0.0,216.0,216.0,,concorreu,False,0.0,0.0
2022-2026,2022,2026,199,1490,ME NINAR CRECHE ESCOLA,ITAIPU,-22.9412281,-43.043798,end_only,0,1,0,1,0,0,0,1.0,,,Geral,Geral,Geral -> Geral,0.0,0.0,0.0,,concorreu,False,,,,,nao_concorreu_fim,,0.0,104.0,104.0,,concorreu,False,0.0,0.0
2022-2026,2022,2026,199,1503,ITACOATIARA PAMPO CLUBE,ITACOATIARA,-22.9738752,-43.0376998,end_only,0,4,0,4,0,4,0,1.0,"[{""nr_zona"": ""199"", ""nr_local"": ""1066"", ""nm_local"": ""COLÉGIO CENECISTA JULIO CESAR SOUZA BALTHAREJO"", ""count"": 4, ""secoes"": [""21"", ""22"", ""23"", ""24""]}]",,Geral,Geral,Geral -> Geral,0.0,3.0,3.0,,concorreu,False,,,,,nao_concorreu_fim,,0.0,732.0,732.0,,concorreu,False,3.0,3.0
2022-2026,2022,2026,199,1511,UMEI VALE FELIZ,ENGENHO DO MATO,-22.9425777,-43.0178824,end_only,0,1,0,1,0,0,0,1.0,,,Geral,Geral,Geral -> Geral,0.0,1.0,1.0,,concorreu,False,,,,,nao_concorreu_fim,,0.0,224.0,224.0,,concorreu,False,1.0,1.0
2022-2026,2022,2026,71,1015,CENTRO EDUCACIONAL DE NITEROI - CENTRINHO,SANTA ROSA,-22.8965191,-43.1018339,both,11,11,11,0,0,0,0,0.0,,,Geral,Geral,Geral -> Geral,7.0,27.0,20.0,285.71,concorreu,False,,,,,nao_concorreu_fim,,690.0,2469.0,1779.0,257.83,concorreu,False,20.0,20.0
2022-2026,2022,2026,71,1104,INSTITUTO MAIA VINAGRE,SANTA ROSA,-22.8976844,-43.1021103,both,9,11,9,2,0,0,0,0.1818,,,Geral,Geral,Geral -> Geral,6.0,12.0,6.0,100.0,concorreu,False,,,,,nao_concorreu_fim,,441.0,2434.0,1993.0,451.93,concorreu,False,6.0,6.0
2022-2026,2022,2026,71,1244,ESCOLA ESTADUAL MANUEL DE ABREU,ICARAÍ,-22.9023086,-43.1071569,both,9,9,9,0,0,0,0,0.0,,,Geral,Geral,Geral -> Geral,7.0,18.0,11.0,157.14,concorreu,False,,,,,nao_concorreu_fim,,426.0,1993.0,1567.0,367.84,concorreu,False,11.0,11.0
2022-2026,2022,2026,71,1260,INSTITUTO ABEL,ICARAÍ,-22.9004168,-43.1094942,both,17,19,17,2,0,0,0,0.1053,,,Geral,Geral,Geral -> Geral,16.0,21.0,5.0,31.25,concorreu,False,,,,,nao_concorreu_fim,,909.0,4395.0,3486.0,383.5,concorreu,False,5.0,5.0
2022-2026,2022,2026,71,1295,COLEGIO SALESIANO SANTA ROSA,SANTA ROSA,-22.9016745,-43.0996973,both,17,32,17,15,0,10,0,0.4688,"[{""nr_zona"": ""71"", ""nr_local"": ""1368"", ""nm_local"": """", ""count"": 10, ""secoes"": [""75"", ""76"", ""123"", ""124"", ""125"", ""146"", ""167"", ""195"", ""209"", ""216""]}]",,Geral,Geral,Geral -> Geral,21.0,41.0,20.0,95.24,concorreu,False,,,,,nao_concorreu_fim,,776.0,7033.0,6257.0,806.31,concorreu,False,20.0,20.0
2022-2026,2022,2026,71,1309,CURSO MARLY CURY,SANTA ROSA,-22.9054777,-43.1019227,both,11,11,11,0,0,0,0,0.0,,,Geral,Geral,Geral -> Geral,11.0,17.0,6.0,54.55,concorreu,False,,,,,nao_concorreu_fim,,571.0,2693.0,2122.0,371.63,concorreu,False,6.0,6.0
2022-2026,2022,2026,71,1317,ESCOLA ESTADUAL BALTAZAR BERNARDINO,SANTA ROSA,-22.9032359,-43.1012931,both,9,11,9,2,0,0,0,0.1818,,,Geral,Geral,Geral -> Geral,9.0,16.0,7.0,77.78,concorreu,False,,,,,nao_concorreu_fim,,408.0,2629.0,2221.0,544.36,concorreu,False,7.0,7.0
2022-2026,2022,2026,71,1325,ESCOLA ESTADUAL GUILHERME BRIGGS,SANTA ROSA,-22.9053667,-43.0895767,both,15,15,15,0,0,0,0,0.0,,,Geral,Geral,Geral -> Geral,10.0,28.0,18.0,180.0,concorreu,False,,,,,nao_concorreu_fim,,914.0,3238.0,2324.0,254.27,concorreu,False,18.0,18.0
2022-2026,2022,2026,71,1333,PARÓQUIA NOSSA SENHORA AUXILIADORA - CENTRO COMUNITÁRIO,SANTA ROSA,-22.9020239,-43.0994239,both,10,10,10,0,0,0,0,0.0,,,Geral,Geral,Geral -> Geral,5.0,9.0,4.0,80.0,concorreu,False,,,,,nao_concorreu_fim,,373.0,2330.0,1957.0,524.66,concorreu,False,4.0,4.0
2022-2026,2022,2026,71,1368,,,,,start_only,10,0,0,0,10,0,10,1.0,,"[{""nr_zona"": ""71"", ""nr_local"": ""1295"", ""nm_local"": ""COLEGIO SALESIANO SANTA ROSA"", ""count"": 10, ""secoes"": [""75"", ""76"", ""123"", ""124"", ""125"", ""146"", ""167"", ""195"", ""209"", ""216""]}]",Geral,Geral,Geral -> Geral,11.0,0.0,-11.0,-100.0,concorreu,False,,,,,nao_concorreu_fim,,484.0,0.0,-484.0,-100.0,concorreu,False,-11.0,11.0
2022-2026,2022,2026,71,1392,FACULDADE DE VETERINARIA DA UFF,VITAL BRASIL,-22.904908,-43.098407,both,14,14,14,0,0,0,0,0.0,,,Geral,Geral,Geral -> Geral,8.0,22.0,14.0,175.0,concorreu,False,,,,,nao_concorreu_fim,,678.0,3179.0,2501.0,368.88,concorreu,False,14.0,14.0
2022-2026,2022,2026,71,1414,UNIVERSIDADE SALGADO DE OLIVEIRA - BL B (PRÓXIMO AO GUANABARA),CENTRO,-22.8893447,-43.1172001,both,8,12,8,4,0,4,0,0.3333,"[{""nr_zona"": ""71"", ""nr_local"": ""1457"", ""nm_local"": """", ""count"": 4, ""secoes"": [""246"", ""247"", ""248"", ""249""]}]",,Geral,Geral,Geral -> Geral,6.0,22.0,16.0,266.67,concorreu,False,,,,,nao_concorreu_fim,,149.0,2025.0,1876.0,1259.06,concorreu,False,16.0,16.0
2022-2026,2022,2026,71,1422,CLUBE PORTUGUES DE NITEROI,SÃO DOMINGOS,-22.9021482,-43.1274594,both,6,7,6,1,0,0,0,0.1429,,,Geral,Geral,Geral -> Geral,2.0,6.0,4.0,200.0,concorreu,False,,,,,nao_concorreu_fim,,253.0,1486.0,1233.0,487.35,concorreu,False,4.0,4.0
2022-2026,2022,2026,71,1430,COLEGIO ESTADUAL AURELINO LEAL,INGÁ,-22.9033321,-43.1254512,both,8,8,8,0,0,0,0,0.0,,,Geral,Geral,Geral -> Geral,5.0,9.0,4.0,80.0,concorreu,False,,,,,nao_concorreu_fim,,293.0,1720.0,1427.0,487.03,concorreu,False,4.0,4.0
2022-2026,2022,2026,71,1449,COLÉGIO ESTADUAL ZULEIKA RAPÔSO VALLADARES (''COLÉGIO VELHO''),ILHA DA CONCEIÇÃO,-22.8729269,-43.1147506,both,7,7,7,0,0,0,0,0.0,,,Geral,Geral,Geral -> Geral,3.0,3.0,0.0,0.0,concorreu,False,,,,,nao_concorreu_fim,,197.0,1408.0,1211.0,614.72,concorreu,False,0.0,0.0
2022-2026,2022,2026,71,1457,,,,,start_only,4,0,0,0,4,0,4,1.0,,"[{""nr_zona"": ""71"", ""nr_local"": ""1414"", ""nm_local"": ""UNIVERSIDADE SALGADO DE OLIVEIRA - BL B (PRÓXIMO AO GUANABARA)"", ""count"": 4, ""secoes"": [""246"", ""247"", ""248"", ""249""]}]",Geral,Geral,Geral -> Geral,3.0,0.0,-3.0,-100.0,concorreu,False,,,,,nao_concorreu_fim,,127.0,0.0,-127.0,-100.0,concorreu,False,-3.0,3.0
2022-2026,2022,2026,71,1465,CENTRO UNIVERSITÁRIO ANHANGUERA (ANTIGO PLÍNIO LEITE),CENTRO,-22.8869267,-43.1245632,both,13,13,13,0,0,0,0,0.0,,,Geral,Geral,Geral -> Geral,7.0,14.0,7.0,100.0,concorreu,False,,,,,nao_concorreu_fim,,357.0,2356.0,1999.0,559.94,concorreu,False,7.0,7.0
2022-2026,2022,2026,71,1481,ESCOLA MUNICIPAL MAESTRO HEITOR VILLA-LOBOS (''COLÉGIO NOVO''),ILHA DA CONCEIÇÃO,-22.8731482,-43.1156463,both,9,9,9,0,0,0,0,0.0,,,Geral,Geral,Geral -> Geral,2.0,5.0,3.0,150.0,concorreu,False,,,,,nao_concorreu_fim,,241.0,1865.0,1624.0,673.86,concorreu,False,3.0,3.0
2022-2026,2022,2026,71,1511,FACULDADE DE ADMINISTRAÇÃO E CIÊNCIAS CONTÁBEIS (VALONGUINHO),CENTRO,-22.8967413,-43.1252439,both,7,14,7,7,0,0,0,0.5,,,Geral,Geral,Geral -> Geral,11.0,64.0,53.0,481.82,concorreu,False,,,,,nao_concorreu_fim,,360.0,2448.0,2088.0,580.0,concorreu,False,53.0,53.0
2022-2026,2022,2026,71,1520,LOJA MAÇÔNICA EVOLUÇÃO 2,PONTA D'AREIA,-22.8825872,-43.122934,both,4,4,4,0,0,0,0,0.0,,,Geral,Geral,Geral -> Geral,3.0,7.0,4.0,133.33,concorreu,False,,,,,nao_concorreu_fim,,134.0,775.0,641.0,478.36,concorreu,False,4.0,4.0
2022-2026,2022,2026,71,1546,UNIVERSIDADE SALGADO DE OLIVEIRA - BL A,CENTRO,-22.8894749,-43.1186087,both,9,21,9,12,0,0,0,0.5714,,,Geral,Geral,Geral -> Geral,15.0,28.0,13.0,86.67,concorreu,False,,,,,nao_concorreu_fim,,308.0,2029.0,1721.0,558.77,concorreu,False,13.0,13.0
2022-2026,2022,2026,71,1554,FACULDADE DE ENGENHARIA DA UFF,SÃO DOMINGOS,-22.903848,-43.1302712,both,6,7,6,1,0,0,0,0.1429,,,Geral,Geral,Geral -> Geral,1.0,2.0,1.0,100.0,concorreu,False,,,,,nao_concorreu_fim,,223.0,1440.0,1217.0,545.74,concorreu,False,1.0,1.0
2022-2026,2022,2026,71,1562,COLEGIO ESTADUAL RAUL VIDAL,CENTRO,-22.8862372,-43.1242688,both,12,12,12,0,0,0,0,0.0,,,Geral,Geral,Geral -> Geral,10.0,15.0,5.0,50.0,concorreu,False,,,,,nao_concorreu_fim,,215.0,2326.0,2111.0,981.86,concorreu,False,5.0,5.0
2022-2026,2022,2026,71,1570,COLÉGIO UNIVERSÍTÁRIO DA UFF (CIEP GRAGOATÁ),SÃO DOMINGOS,-22.900281,-43.1316649,both,4,4,4,0,0,0,0,0.0,,,Geral,Geral,Geral -> Geral,0.0,6.0,6.0,,concorreu,False,,,,,nao_concorreu_fim,,86.0,848.0,762.0,886.05,concorreu,False,6.0,6.0
2022-2026,2022,2026,71,1597,ESCOLA MUNICIPAL SANTOS DUMONT,FÁTIMA,-22.8954125,-43.1094692,both,6,6,6,0,0,0,0,0.0,,,Geral,Geral,Geral -> Geral,1.0,6.0,5.0,500.0,concorreu,False,,,,,nao_concorreu_fim,,124.0,1068.0,944.0,761.29,concorreu,False,5.0,5.0
2022-2026,2022,2026,71,1600,INSTITUTO DE EDUCAÇÃO PROFESSOR ISMAEL COUTINHO - IEPIC,SÃO DOMINGOS,-22.8989767,-43.1271052,both,16,24,16,8,0,0,0,0.3333,,,Geral,Geral,Geral -> Geral,19.0,39.0,20.0,105.26,concorreu,False,,,,,nao_concorreu_fim,,455.0,3045.0,2590.0,569.23,concorreu,False,20.0,20.0
2022-2026,2022,2026,71,1619,COLEGIO SAO VICENTE DE PAULO,ICARAÍ,-22.902041,-43.1146235,both,12,20,12,8,0,0,0,0.4,,,Geral,Geral,Geral -> Geral,12.0,21.0,9.0,75.0,concorreu,False,,,,,nao_concorreu_fim,,536.0,3593.0,3057.0,570.34,concorreu,False,9.0,9.0
2022-2026,2022,2026,71,1627,REITORIA DA UFF,ICARAÍ,-22.9031771,-43.1164314,both,3,3,3,0,0,0,0,0.0,,,Geral,Geral,Geral -> Geral,1.0,5.0,4.0,400.0,concorreu,False,,,,,nao_concorreu_fim,,172.0,657.0,485.0,281.98,concorreu,False,4.0,4.0
2022-2026,2022,2026,71,1643,JARDIM DE INFÂNCIA ALBERTO DE OLIVEIRA,CENTRO,-22.8927568,-43.11592,both,2,4,2,2,0,0,0,0.5,,,Geral,Geral,Geral -> Geral,1.0,2.0,1.0,100.0,concorreu,False,,,,,nao_concorreu_fim,,42.0,328.0,286.0,680.95,concorreu,False,1.0,1.0
2022-2026,2022,2026,71,1651,FACULDADE DE ENFERMAGEM DA UFF,CENTRO,-22.895302,-43.1167706,both,3,8,3,5,0,0,0,0.625,,,Geral,Geral,Geral -> Geral,3.0,3.0,0.0,0.0,concorreu,False,,,,,nao_concorreu_fim,,128.0,752.0,624.0,487.5,concorreu,False,0.0,0.0
2022-2026,2022,2026,71,1660,FACULDADE DE DIREITO DA UFF - UFF - DIREITO 1,INGÁ,-22.9035832,-43.1258853,both,12,12,12,0,0,0,0,0.0,,,Geral,Geral,Geral -> Geral,13.0,18.0,5.0,38.46,concorreu,False,,,,,nao_concorreu_fim,,452.0,2744.0,2292.0,507.08,concorreu,False,5.0,5.0
2022-2026,2022,2026,71,1678,LICEU NILO PEÇANHA,CENTRO,-22.8935707,-43.1165611,both,14,29,14,15,0,0,0,0.5172,,,Geral,Geral,Geral -> Geral,10.0,31.0,21.0,210.0,concorreu,False,,,,,nao_concorreu_fim,,470.0,3062.0,2592.0,551.49,concorreu,False,21.0,21.0
2022-2026,2022,2026,71,1694,RIO CRICKET,INGÁ,-22.8997052,-43.1133665,both,5,5,5,0,0,0,0,0.0,,,Geral,Geral,Geral -> Geral,8.0,10.0,2.0,25.0,concorreu,False,,,,,nao_concorreu_fim,,237.0,1014.0,777.0,327.85,concorreu,False,2.0,2.0
2022-2026,2022,2026,72,1015,INSTITUTO JCA,SANTA BARBARA,-22.882301,-43.0585179,both,8,15,8,7,0,0,0,0.4667,,,Geral,Geral,Geral -> Geral,2.0,11.0,9.0,450.0,concorreu,False,,,,,nao_concorreu_fim,,304.0,2320.0,2016.0,663.16,concorreu,False,9.0,9.0
2022-2026,2022,2026,72,1040,COLÉGIO ESTADUAL DAVID CAPISTRANO,SANTA BARBARA,-22.8768468,-43.0480155,both,17,17,17,0,0,0,0,0.0,,,Geral,Geral,Geral -> Geral,4.0,20.0,16.0,400.0,concorreu,False,,,,,nao_concorreu_fim,,400.0,3058.0,2658.0,664.5,concorreu,False,16.0,16.0
2022-2026,2022,2026,72,1074,COLEGIO ESTADUAL PAULO ASSIS RIBEIRO,BADU,-22.9068537,-43.0573891,both,18,18,18,0,0,0,0,0.0,,,Geral,Geral,Geral -> Geral,13.0,29.0,16.0,123.08,concorreu,False,,,,,nao_concorreu_fim,,636.0,3185.0,2549.0,400.79,concorreu,False,16.0,16.0
2022-2026,2022,2026,72,1112,ESCOLA ESTADUAL LEOPOLDO FROES,LARGO DA BATALHA,-22.9100474,-43.0677553,both,18,18,18,0,0,0,0,0.0,,,Geral,Geral,Geral -> Geral,6.0,15.0,9.0,150.0,concorreu,False,,,,,nao_concorreu_fim,,436.0,3593.0,3157.0,724.08,concorreu,False,9.0,9.0
2022-2026,2022,2026,72,1147,ESCOLA MUNICIPAL VERA LUCIA MACHADO,BADU,-22.9045,-43.0500355,both,8,8,8,0,0,0,0,0.0,,,Geral,Geral,Geral -> Geral,8.0,4.0,-4.0,-50.0,concorreu,False,,,,,nao_concorreu_fim,,258.0,1450.0,1192.0,462.02,concorreu,False,-4.0,4.0
2022-2026,2022,2026,72,1171,ESCOLA MUNICIPAL ANTONIO COUTINHO DE AZEVEDO,SANTA BARBARA,-22.8756043,-43.04869,both,9,9,9,0,0,0,0,0.0,,,Geral,Geral,Geral -> Geral,6.0,8.0,2.0,33.33,concorreu,False,,,,,nao_concorreu_fim,,188.0,1774.0,1586.0,843.62,concorreu,False,2.0,2.0
2022-2026,2022,2026,72,1180,ESCOLA MUNICIPAL RACHIDE DA GLORIA SALIM SAKER,SANTA BARBARA,-22.8766134,-43.0488967,both,8,8,8,0,0,0,0,0.0,,,Geral,Geral,Geral -> Geral,3.0,5.0,2.0,66.67,concorreu,False,,,,,nao_concorreu_fim,,149.0,1441.0,1292.0,867.11,concorreu,False,2.0,2.0
2022-2026,2022,2026,72,1368,ESCOLA MUNICIPAL VILA COSTA MONTEIRO,ITITIOCA,-22.8963335,-43.077802,both,11,11,11,0,0,0,0,0.0,,,Geral,Geral,Geral -> Geral,15.0,10.0,-5.0,-33.33,concorreu,False,,,,,nao_concorreu_fim,,219.0,3182.0,2963.0,1352.97,concorreu,False,-5.0,5.0
2022-2026,2022,2026,72,1449,CIEP 450 - BADU,BADU,-22.9071974,-43.0566124,both,19,20,19,1,0,0,0,0.05,,,Geral,Geral,Geral -> Geral,26.0,18.0,-8.0,-30.77,concorreu,False,,,,,nao_concorreu_fim,,694.0,3829.0,3135.0,451.73,concorreu,False,-8.0,8.0
2022-2026,2022,2026,72,1473,COLÉGIO FORUM CULTURAL,CANTAGALO,-22.9163184,-43.0490094,both,10,10,10,0,0,0,0,0.0,,,Geral,Geral,Geral -> Geral,3.0,36.0,33.0,1100.0,concorreu,False,,,,,nao_concorreu_fim,,235.0,2018.0,1783.0,758.72,concorreu,False,33.0,33.0
2022-2026,2022,2026,72,1520,ESCOLA MUNICIPAL LEVI CARNEIRO,SAPÊ,-22.8961721,-43.0583864,both,15,15,15,0,0,0,0,0.0,,,Geral,Geral,Geral -> Geral,9.0,21.0,12.0,133.33,concorreu,False,,,,,nao_concorreu_fim,,520.0,2934.0,2414.0,464.23,concorreu,False,12.0,12.0
2022-2026,2022,2026,72,1538,ESCOLA CATAVENTO ESPAÇO DE EDUCAÇÃO,SAPÊ,-22.9024713,-43.0635188,both,4,5,4,1,0,0,0,0.2,,,Geral,Geral,Geral -> Geral,2.0,3.0,1.0,50.0,concorreu,False,,,,,nao_concorreu_fim,,158.0,930.0,772.0,488.61,concorreu,False,1.0,1.0
2022-2026,2022,2026,72,1546,COLÉGIO GOMES PEREIRA,LARGO DA BATALHA,-22.9081863,-43.0665152,both,4,7,4,3,0,0,0,0.4286,,,Geral,Geral,Geral -> Geral,4.0,8.0,4.0,100.0,concorreu,False,,,,,nao_concorreu_fim,,111.0,1517.0,1406.0,1266.67,concorreu,False,4.0,4.0
2022-2026,2022,2026,72,1554,CENTRO EDUCACIONAL GIRASSÓIS,LARGO DA BATALHA,-22.9077414,-43.0652722,both,6,6,6,0,0,0,0,0.0,,,Geral,Geral,Geral -> Geral,3.0,5.0,2.0,66.67,concorreu,False,,,,,nao_concorreu_fim,,223.0,1199.0,976.0,437.67,concorreu,False,2.0,2.0
2022-2026,2022,2026,72,1562,ESCOLA MUNICIPAL HELENA ANTIPOFF,SÃO FRANCISCO,-22.9129237,-43.0786396,both,5,5,5,0,0,0,0,0.0,,,Geral,Geral,Geral -> Geral,3.0,176.0,173.0,5766.67,concorreu,False,,,,,nao_concorreu_fim,,177.0,1397.0,1220.0,689.27,concorreu,False,173.0,173.0
2022-2026,2022,2026,72,1570,IGREJA DO SANTUARIO NACIONAL DAS ALMAS,ICARAÍ,-22.9004522,-43.1107182,both,8,8,8,0,0,0,0,0.0,,,Geral,Geral,Geral -> Geral,7.0,7.0,0.0,0.0,concorreu,False,,,,,nao_concorreu_fim,,277.0,1345.0,1068.0,385.56,concorreu,False,0.0,0.0
2022-2026,2022,2026,72,1589,INSTITUTO GAY-LUSSAC,SÃO FRANCISCO,-22.9168331,-43.0892838,both,8,8,8,0,0,0,0,0.0,,,Geral,Geral,Geral -> Geral,4.0,21.0,17.0,425.0,concorreu,False,,,,,nao_concorreu_fim,,414.0,1767.0,1353.0,326.81,concorreu,False,17.0,17.0
2022-2026,2022,2026,72,1597,COLÉGIO PONTO DE ENSINO,ICARAÍ,-22.9092421,-43.1095209,both,10,10,10,0,0,0,0,0.0,,,Geral,Geral,Geral -> Geral,5.0,14.0,9.0,180.0,concorreu,False,,,,,nao_concorreu_fim,,433.0,2156.0,1723.0,397.92,concorreu,False,9.0,9.0
2022-2026,2022,2026,72,1600,,,,,start_only,3,0,0,0,3,0,3,1.0,,"[{""nr_zona"": ""72"", ""nr_local"": ""1635"", ""nm_local"": ""BANCO BRADESCO"", ""count"": 3, ""secoes"": [""284"", ""285"", ""286""]}]",Geral,Geral,Geral -> Geral,3.0,0.0,-3.0,-100.0,concorreu,False,,,,,nao_concorreu_fim,,118.0,0.0,-118.0,-100.0,concorreu,False,-3.0,3.0
2022-2026,2022,2026,72,1619,COLEGIO ESTADUAL JOAQUIM TAVORA,ICARAÍ,-22.9048788,-43.1081976,both,8,15,8,7,0,0,0,0.4667,,,Geral,Geral,Geral -> Geral,4.0,8.0,4.0,100.0,concorreu,False,,,,,nao_concorreu_fim,,373.0,2518.0,2145.0,575.07,concorreu,False,4.0,4.0
2022-2026,2022,2026,72,1627,ESCOLA MUNICIPAL PROFESSORA LUCIA MARIA SILVEIRA ROCHA,JURUJUBA,-22.9317575,-43.1166302,both,8,8,8,0,0,0,0,0.0,,,Geral,Geral,Geral -> Geral,8.0,9.0,1.0,12.5,concorreu,False,,,,,nao_concorreu_fim,,179.0,1806.0,1627.0,908.94,concorreu,False,1.0,1.0
2022-2026,2022,2026,72,1635,BANCO BRADESCO,ICARAÍ,-22.9031207,-43.1110165,both,3,6,3,3,0,3,0,0.5,"[{""nr_zona"": ""72"", ""nr_local"": ""1600"", ""nm_local"": """", ""count"": 3, ""secoes"": [""284"", ""285"", ""286""]}]",,Geral,Geral,Geral -> Geral,5.0,3.0,-2.0,-40.0,concorreu,False,,,,,nao_concorreu_fim,,114.0,1196.0,1082.0,949.12,concorreu,False,-2.0,2.0
2022-2026,2022,2026,72,1643,CENTRO MODERNO ALZIRA BITTENCOURT,ICARAÍ,-22.9012326,-43.110746,both,4,4,4,0,0,0,0,0.0,,,Geral,Geral,Geral -> Geral,3.0,4.0,1.0,33.33,concorreu,False,,,,,nao_concorreu_fim,,142.0,930.0,788.0,554.93,concorreu,False,1.0,1.0
2022-2026,2022,2026,72,1651,PH COLÉGIO,ICARAÍ,-22.9006508,-43.1110377,both,7,7,7,0,0,0,0,0.0,,,Geral,Geral,Geral -> Geral,5.0,5.0,0.0,0.0,concorreu,False,,,,,nao_concorreu_fim,,208.0,1298.0,1090.0,524.04,concorreu,False,0.0,0.0
2022-2026,2022,2026,72,1660,CLUBE CENTRAL,ICARAÍ,-22.9075784,-43.111789,both,17,17,17,0,0,0,0,0.0,,,Geral,Geral,Geral -> Geral,18.0,18.0,0.0,0.0,concorreu,False,,,,,nao_concorreu_fim,,759.0,3348.0,2589.0,341.11,concorreu,False,0.0,0.0
2022-2026,2022,2026,72,1678,ÁGUAS DE NITERÓI,ICARAÍ,-22.908792,-43.1031066,both,4,4,4,0,0,0,0,0.0,,,Geral,Geral,Geral -> Geral,2.0,6.0,4.0,200.0,concorreu,False,,,,,nao_concorreu_fim,,116.0,852.0,736.0,634.48,concorreu,False,4.0,4.0
2022-2026,2022,2026,72,1686,,,,,start_only,8,0,0,0,8,0,8,1.0,,"[{""nr_zona"": ""72"", ""nr_local"": ""1708"", ""nm_local"": ""ESCOLA MUNICIPAL JÚLIA CORTINES"", ""count"": 8, ""secoes"": [""345"", ""346"", ""347"", ""348"", ""349"", ""350"", ""351"", ""352""]}]",Geral,Geral,Geral -> Geral,2.0,0.0,-2.0,-100.0,concorreu,False,,,,,nao_concorreu_fim,,295.0,0.0,-295.0,-100.0,concorreu,False,-2.0,2.0
2022-2026,2022,2026,72,1694,ESCOLA MUNICIPAL PROFESSOR PAULO DE ALMEIDA CAMPOS,ICARAÍ,-22.9047439,-43.1131555,both,4,4,4,0,0,0,0,0.0,,,Geral,Geral,Geral -> Geral,4.0,3.0,-1.0,-25.0,concorreu,False,,,,,nao_concorreu_fim,,203.0,870.0,667.0,328.57,concorreu,False,-1.0,1.0
2022-2026,2022,2026,72,1708,ESCOLA MUNICIPAL JÚLIA CORTINES,ICARAÍ,-22.9043592,-43.1086717,both,8,19,4,15,4,8,0,1.0,"[{""nr_zona"": ""72"", ""nr_local"": ""1686"", ""nm_local"": """", ""count"": 8, ""secoes"": [""345"", ""346"", ""347"", ""348"", ""349"", ""350"", ""351"", ""352""]}]",,Geral,Geral,Geral -> Geral,5.0,17.0,12.0,240.0,concorreu,False,,,,,nao_concorreu_fim,,380.0,3317.0,2937.0,772.89,concorreu,False,12.0,12.0
2022-2026,2022,2026,72,1716,QUINTAL TRAVESSIAS (ANTIGA ESCOLA VIVINFÂNCIA),ICARAÍ,-22.9079727,-43.1056898,both,4,4,4,0,0,0,0,0.0,,,Geral,Geral,Geral -> Geral,4.0,7.0,3.0,75.0,concorreu,False,,,,,nao_concorreu_fim,,128.0,589.0,461.0,360.16,concorreu,False,3.0,3.0
2022-2026,2022,2026,72,1724,AABB,SÃO FRANCISCO,-22.9172823,-43.0826083,both,8,8,8,0,0,0,0,0.0,,,Geral,Geral,Geral -> Geral,10.0,69.0,59.0,590.0,concorreu,False,,,,,nao_concorreu_fim,,373.0,1605.0,1232.0,330.29,concorreu,False,59.0,59.0
2022-2026,2022,2026,72,1732,CLUBE NAVAL,JURUJUBA,-22.935737,-43.1068139,both,20,20,20,0,0,0,0,0.0,,,Geral,Geral,Geral -> Geral,30.0,28.0,-2.0,-6.67,concorreu,False,,,,,nao_concorreu_fim,,476.0,4321.0,3845.0,807.77,concorreu,False,-2.0,2.0
2022-2026,2022,2026,72,1740,COLÉGIO ZEROHUM,ICARAÍ,-22.9111671,-43.1073245,both,9,9,9,0,0,0,0,0.0,,,Geral,Geral,Geral -> Geral,9.0,17.0,8.0,88.89,concorreu,False,,,,,nao_concorreu_fim,,313.0,1789.0,1476.0,471.57,concorreu,False,8.0,8.0
2022-2026,2022,2026,72,1759,COLÉGIO MV1,ICARAÍ,-22.9079111,-43.1058651,both,18,18,18,0,0,0,0,0.0,,,Geral,Geral,Geral -> Geral,14.0,31.0,17.0,121.43,concorreu,False,,,,,nao_concorreu_fim,,643.0,3429.0,2786.0,433.28,concorreu,False,17.0,17.0
2022-2026,2022,2026,72,1767,COLÉGIO ASSUNÇÃO,SÃO FRANCISCO,-22.9208239,-43.0926525,both,15,15,15,0,0,0,0,0.0,,,Geral,Geral,Geral -> Geral,10.0,41.0,31.0,310.0,concorreu,False,,,,,nao_concorreu_fim,,699.0,3179.0,2480.0,354.79,concorreu,False,31.0,31.0
2022-2026,2022,2026,72,1775,COLÉGIO ESTADUAL CIZÍNIO SOARES PINTO,SÃO FRANCISCO,-22.9147594,-43.093934,both,7,7,7,0,0,0,0,0.0,,,Geral,Geral,Geral -> Geral,7.0,79.0,72.0,1028.57,concorreu,False,,,,,nao_concorreu_fim,,212.0,1703.0,1491.0,703.3,concorreu,False,72.0,72.0
2022-2026,2022,2026,72,1783,SOCIEDADE BRASILEIRA DE CULTURA INGLESA,ICARAÍ,-22.9075527,-43.1111859,both,4,4,4,0,0,0,0,0.0,,,Geral,Geral,Geral -> Geral,2.0,5.0,3.0,150.0,concorreu,False,,,,,nao_concorreu_fim,,184.0,888.0,704.0,382.61,concorreu,False,3.0,3.0
